{"type":"FeatureCollection", "features": [
{"type":"Feature","geometry":{"type":"Polygon","coordinates":[[[-1.94356,50.7654],[-1.94129,50.76736],[-1.94237,50.76826],[-1.94506,50.76663],[-1.94356,50.7654]]]},"properties":{"grade":"2"}},
{"type":"Feature","geometry":{"type":"MultiPolygon","coordinates":[[[[-2.17956,51.01426],[-2.18013,51.01433],[-2.18044,51.01441],[-2.18159,51.01472],[-2.18158,51.01477],[-2.18199,51.0149],[-2.18266,51.01513],[-2.183,51.01526],[-2.18364,51.01534],[-2.18408,51.01548],[-2.18518,51.01578],[-2.18512,51.01587],[-2.18446,51.01651],[-2.18422,51.01684],[-2.18617,51.01479],[-2.18146,51.01235],[-2.17956,51.01426]]],[[[-2.18421,51.01685],[-2.18411,51.01699],[-2.18397,51.01721],[-2.18421,51.01685]]],[[[-2.18598,51.01813],[-2.18599,51.01815],[-2.1861,51.01817],[-2.1861,51.01815],[-2.18598,51.01813]]]]},"properties":{"grade":"2"}},
{"type":"Feature","geometry":{"type":"Polygon","coordinates":[[[-2.18027,51.0059],[-2.17862,51.00622],[-2.17688,51.00704],[-2.17814,51.00829],[-2.17798,51.00857],[-2.17777,51.00897],[-2.17721,51.00993],[-2.17692,51.01048],[-2.17633,51.0115],[-2.17647,51.01286],[-2.17676,51.01301],[-2.17741,51.01338],[-2.17876,51.01413],[-2.17887,51.01416],[-2.17973,51.0137],[-2.18109,51.01244],[-2.17975,51.01228],[-2.17884,51.01266],[-2.17827,51.01202],[-2.17978,51.01167],[-2.18103,51.01234],[-2.18231,51.01196],[-2.18242,51.01102],[-2.17962,51.00856],[-2.17796,51.00775],[-2.17822,51.00675],[-2.1795,51.00669],[-2.18024,51.00629],[-2.18027,51.0059]]]},"properties":{"grade":"2"}},
{"type":"Feature","geometry":{"type":"Polygon","coordinates":[[[-2.18242,51.01102],[-2.18294,51.01077],[-2.18279,51.00947],[-2.1839,51.008],[-2.18498,51.00767],[-2.18389,51.00663],[-2.1824,51.00559],[-2.18115,51.00577],[-2.18024,51.00629],[-2.1795,51.00669],[-2.17822,51.00675],[-2.17796,51.00775],[-2.17962,51.00856],[-2.18242,51.01102]]]},"properties":{"grade":"4"}},
{"type":"Feature","geometry":{"type":"Polygon","coordinates":[[[-2.18294,51.01077],[-2.18425,51.0103],[-2.18496,51.01091],[-2.18599,51.01048],[-2.18378,51.00881],[-2.18555,51.00823],[-2.18498,51.00767],[-2.1839,51.008],[-2.18279,51.00947],[-2.18294,51.01077]]]},"properties":{"grade":"3a"}},
{"type":"Feature","geometry":{"type":"Polygon","coordinates":[[[-2.18151,51.00388],[-2.18069,51.00378],[-2.17965,51.00176],[-2.17863,51.00169],[-2.17926,51.00317],[-2.17849,51.00326],[-2.17806,51.00155],[-2.17267,51.00113],[-2.17293,51.00201],[-2.17431,51.00338],[-2.17438,51.00344],[-2.17446,51.00353],[-2.17556,51.00463],[-2.17625,51.00551],[-2.17636,51.00635],[-2.17756,51.00651],[-2.18018,51.00579],[-2.18009,51.0046],[-2.18151,51.00388]]]},"properties":{"grade":"2"}},
{"type":"Feature","geometry":{"type":"Polygon","coordinates":[[[-2.18024,51.00629],[-2.18115,51.00577],[-2.1824,51.00559],[-2.18027,51.0059],[-2.18024,51.00629]]]},"properties":{"grade":"3a"}},
{"type":"Feature","geometry":{"type":"Polygon","coordinates":[[[-2.18018,51.00579],[-2.18232,51.00534],[-2.18151,51.00388],[-2.18009,51.0046],[-2.18018,51.00579]]]},"properties":{"grade":"3a"}},
{"type":"Feature","geometry":{"type":"Polygon","coordinates":[[[-2.17378,51.00075],[-2.17432,51.00114],[-2.17569,51.00121],[-2.17531,51.00004],[-2.17677,51.00006],[-2.1774,51.00132],[-2.17945,51.00074],[-2.17988,51.00155],[-2.18136,51.00154],[-2.18084,51.00021],[-2.17821,50.99822],[-2.1765,50.99731],[-2.1759,50.9976],[-2.17588,50.9986],[-2.17423,50.99911],[-2.17369,50.99988],[-2.17378,51.00075]]]},"properties":{"grade":"2"}},
{"type":"Feature","geometry":{"type":"Polygon","coordinates":[[[-2.3723,50.96161],[-2.3703,50.96175],[-2.3714,50.96334],[-2.37353,50.96282],[-2.3723,50.96161]]]},"properties":{"grade":"4"}},
{"type":"Feature","geometry":{"type":"Polygon","coordinates":[[[-2.37124,50.96092],[-2.36964,50.96083],[-2.36931,50.96141],[-2.36965,50.96168],[-2.37173,50.96156],[-2.37124,50.96092]]]},"properties":{"grade":"4"}},
{"type":"Feature","geometry":{"type":"Polygon","coordinates":[[[-2.37124,50.96092],[-2.3694,50.95945],[-2.36756,50.96017],[-2.36931,50.96141],[-2.36964,50.96083],[-2.37124,50.96092]]]},"properties":{"grade":"3b"}},
{"type":"Feature","geometry":{"type":"Polygon","coordinates":[[[-2.29531,50.95964],[-2.29434,50.95972],[-2.29466,50.96065],[-2.2956,50.96052],[-2.29531,50.95964]]]},"properties":{"grade":"3b"}},
{"type":"Feature","geometry":{"type":"Polygon","coordinates":[[[-2.38283,50.95676],[-2.38022,50.95233],[-2.37633,50.9536],[-2.37803,50.95541],[-2.37955,50.95747],[-2.38086,50.9583],[-2.38212,50.95732],[-2.38247,50.95704],[-2.38283,50.95676]]]},"properties":{"grade":"3b"}},
{"type":"Feature","geometry":{"type":"Polygon","coordinates":[[[-2.36969,50.95587],[-2.36844,50.95636],[-2.36939,50.95761],[-2.37217,50.95649],[-2.37114,50.95567],[-2.36969,50.95587]]]},"properties":{"grade":"3b"}},
{"type":"Feature","geometry":{"type":"Polygon","coordinates":[[[-2.37233,50.95545],[-2.3729,50.95562],[-2.37353,50.9553],[-2.37316,50.95505],[-2.37233,50.95545]]]},"properties":{"grade":"3b"}},
{"type":"Feature","geometry":{"type":"Polygon","coordinates":[[[-2.37225,50.95537],[-2.37468,50.95398],[-2.37388,50.95296],[-2.37067,50.95414],[-2.36869,50.95528],[-2.37188,50.95561],[-2.37225,50.95537]]]},"properties":{"grade":"3b"}},
{"type":"Feature","geometry":{"type":"Polygon","coordinates":[[[-2.56132,50.92011],[-2.55989,50.92137],[-2.5616,50.92187],[-2.56324,50.92069],[-2.56158,50.92045],[-2.56132,50.92011]]]},"properties":{"grade":"4"}},
{"type":"Feature","geometry":{"type":"Polygon","coordinates":[[[-2.49742,50.91741],[-2.49783,50.91865],[-2.50042,50.91853],[-2.50136,50.91624],[-2.50095,50.9154],[-2.49928,50.91569],[-2.49803,50.91626],[-2.49742,50.91741]]]},"properties":{"grade":"3b"}},
{"type":"Feature","geometry":{"type":"Polygon","coordinates":[[[-2.50214,50.91183],[-2.50192,50.91259],[-2.5038,50.91258],[-2.50366,50.91312],[-2.50238,50.91322],[-2.50202,50.91408],[-2.50378,50.91411],[-2.50541,50.91444],[-2.50508,50.91299],[-2.50401,50.91188],[-2.50214,50.91183]]]},"properties":{"grade":"3b"}},
{"type":"Feature","geometry":{"type":"Polygon","coordinates":[[[-2.49954,50.91145],[-2.49705,50.91202],[-2.49794,50.91279],[-2.50129,50.91247],[-2.50123,50.91182],[-2.49969,50.91186],[-2.49954,50.91145]]]},"properties":{"grade":"3a"}},
{"type":"Feature","geometry":{"type":"Polygon","coordinates":[[[-2.16983,50.87304],[-2.16997,50.87166],[-2.16971,50.87061],[-2.17034,50.8704],[-2.16999,50.8684],[-2.16798,50.86975],[-2.16729,50.86958],[-2.16559,50.87066],[-2.16371,50.86987],[-2.16178,50.87109],[-2.16039,50.87149],[-2.16056,50.87214],[-2.15971,50.87282],[-2.16085,50.87347],[-2.16273,50.8735],[-2.16983,50.87304]]]},"properties":{"grade":"3a"}},
{"type":"Feature","geometry":{"type":"Polygon","coordinates":[[[-2.16983,50.87304],[-2.1702,50.87304],[-2.17077,50.87155],[-2.17034,50.8704],[-2.16971,50.87061],[-2.16997,50.87166],[-2.16983,50.87304]]]},"properties":{"grade":"4"}},
{"type":"Feature","geometry":{"type":"Polygon","coordinates":[[[-2.1702,50.87304],[-2.17145,50.87243],[-2.17077,50.87155],[-2.1702,50.87304]]]},"properties":{"grade":"3b"}},
{"type":"Feature","geometry":{"type":"Polygon","coordinates":[[[-2.16999,50.8684],[-2.16973,50.86779],[-2.16729,50.86958],[-2.16798,50.86975],[-2.16999,50.8684]]]},"properties":{"grade":"3b"}},
{"type":"Feature","geometry":{"type":"Polygon","coordinates":[[[-2.17289,50.84529],[-2.16982,50.84691],[-2.16858,50.84819],[-2.16739,50.85056],[-2.16779,50.85073],[-2.16995,50.84963],[-2.17403,50.84849],[-2.17727,50.84778],[-2.17289,50.84529]]]},"properties":{"grade":"3a"}},
{"type":"Feature","geometry":{"type":"Polygon","coordinates":[[[-2.16841,50.84817],[-2.16764,50.84711],[-2.16684,50.84717],[-2.16423,50.84787],[-2.1652,50.84918],[-2.16623,50.84961],[-2.16716,50.84941],[-2.1675,50.84866],[-2.16841,50.84817]]]},"properties":{"grade":"2"}},
{"type":"Feature","geometry":{"type":"Polygon","coordinates":[[[-2.16841,50.84817],[-2.16897,50.84745],[-2.17067,50.84615],[-2.16684,50.84717],[-2.16764,50.84711],[-2.16841,50.84817]]]},"properties":{"grade":"3a"}},
{"type":"Feature","geometry":{"type":"Polygon","coordinates":[[[-2.75148,50.81281],[-2.74847,50.81242],[-2.74801,50.81426],[-2.75174,50.81457],[-2.75321,50.81413],[-2.75138,50.81319],[-2.75148,50.81281]]]},"properties":{"grade":"4"}},
{"type":"Feature","geometry":{"type":"Polygon","coordinates":[[[-2.57299,50.78113],[-2.5722,50.78153],[-2.57399,50.78208],[-2.57364,50.78114],[-2.57299,50.78113]]]},"properties":{"grade":"3b"}},
{"type":"Feature","geometry":{"type":"Polygon","coordinates":[[[-2.57742,50.78132],[-2.57727,50.78066],[-2.57624,50.78036],[-2.57444,50.78123],[-2.57481,50.78198],[-2.57572,50.78193],[-2.57742,50.78132]]]},"properties":{"grade":"4"}},
{"type":"Feature","geometry":{"type":"Polygon","coordinates":[[[-2.57742,50.78132],[-2.57876,50.77993],[-2.57813,50.77961],[-2.57734,50.78003],[-2.57727,50.78066],[-2.57742,50.78132]]]},"properties":{"grade":"3a"}},
{"type":"Feature","geometry":{"type":"Polygon","coordinates":[[[-2.57401,50.78103],[-2.5745,50.77967],[-2.57331,50.7798],[-2.57329,50.78053],[-2.57417,50.78044],[-2.57401,50.78103]]]},"properties":{"grade":"3b"}},
{"type":"Feature","geometry":{"type":"Polygon","coordinates":[[[-2.57329,50.78053],[-2.57401,50.78103],[-2.57417,50.78044],[-2.57329,50.78053]]]},"properties":{"grade":"3a"}},
{"type":"Feature","geometry":{"type":"Polygon","coordinates":[[[-2.57727,50.78066],[-2.57734,50.78003],[-2.57813,50.77961],[-2.57594,50.77858],[-2.57541,50.77925],[-2.57624,50.78036],[-2.57727,50.78066]]]},"properties":{"grade":"3b"}},
{"type":"Feature","geometry":{"type":"Polygon","coordinates":[[[-2.57753,50.77659],[-2.57759,50.77726],[-2.57924,50.77693],[-2.57965,50.77624],[-2.57753,50.77659]]]},"properties":{"grade":"3b"}},
{"type":"Feature","geometry":{"type":"Polygon","coordinates":[[[-2.57413,50.77693],[-2.57521,50.7772],[-2.57656,50.77656],[-2.57815,50.77623],[-2.57488,50.77545],[-2.57371,50.77528],[-2.57335,50.7762],[-2.57406,50.77632],[-2.57413,50.77693]]]},"properties":{"grade":"3a"}},
{"type":"Feature","geometry":{"type":"Polygon","coordinates":[[[-2.57335,50.7762],[-2.57413,50.77693],[-2.57406,50.77632],[-2.57335,50.7762]]]},"properties":{"grade":"3b"}},
{"type":"Feature","geometry":{"type":"Polygon","coordinates":[[[-2.56885,50.77455],[-2.56746,50.7742],[-2.56707,50.77299],[-2.56495,50.77354],[-2.56779,50.77556],[-2.56917,50.77545],[-2.56885,50.77455]]]},"properties":{"grade":"3a"}},
{"type":"Feature","geometry":{"type":"Polygon","coordinates":[[[-2.57705,50.77444],[-2.5764,50.7746],[-2.5752,50.77414],[-2.57359,50.77266],[-2.57247,50.77324],[-2.57487,50.77529],[-2.57849,50.77619],[-2.57979,50.77575],[-2.57969,50.77478],[-2.57705,50.77444]]]},"properties":{"grade":"3a"}},
{"type":"Feature","geometry":{"type":"Polygon","coordinates":[[[-2.56945,50.77509],[-2.57148,50.77572],[-2.57209,50.77509],[-2.57109,50.77443],[-2.56905,50.77455],[-2.56945,50.77509]]]},"properties":{"grade":"3a"}},
{"type":"Feature","geometry":{"type":"Polygon","coordinates":[[[-2.57488,50.77545],[-2.57413,50.77495],[-2.57371,50.77528],[-2.57488,50.77545]]]},"properties":{"grade":"3b"}},
{"type":"Feature","geometry":{"type":"Polygon","coordinates":[[[-2.56367,50.77328],[-2.56374,50.77434],[-2.56469,50.77556],[-2.56627,50.7748],[-2.56453,50.77335],[-2.56367,50.77328]]]},"properties":{"grade":"3a"}},
{"type":"Feature","geometry":{"type":"Polygon","coordinates":[[[-2.57705,50.77444],[-2.57578,50.77295],[-2.57467,50.77215],[-2.57359,50.77266],[-2.5752,50.77414],[-2.5764,50.7746],[-2.57705,50.77444]]]},"properties":{"grade":"3b"}},
{"type":"Feature","geometry":{"type":"Polygon","coordinates":[[[-2.34126,50.75657],[-2.34075,50.75639],[-2.33996,50.75668],[-2.3407,50.75686],[-2.34126,50.75657]]]},"properties":{"grade":"3a"}},
{"type":"Feature","geometry":{"type":"Polygon","coordinates":[[[-2.21843,50.756],[-2.21871,50.75534],[-2.2165,50.75514],[-2.215,50.75619],[-2.21296,50.75553],[-2.21217,50.75677],[-2.21282,50.75704],[-2.21458,50.75659],[-2.21843,50.756]]]},"properties":{"grade":"2"}},
{"type":"Feature","geometry":{"type":"Polygon","coordinates":[[[-2.34307,50.75545],[-2.34399,50.75403],[-2.34451,50.75449],[-2.34522,50.75431],[-2.34453,50.75316],[-2.34399,50.7532],[-2.34134,50.75547],[-2.34126,50.75657],[-2.34307,50.75545]]]},"properties":{"grade":"3a"}},
{"type":"Feature","geometry":{"type":"Polygon","coordinates":[[[-2.25562,50.75303],[-2.25524,50.7523],[-2.2532,50.75275],[-2.25023,50.75364],[-2.24998,50.75416],[-2.24876,50.75411],[-2.24273,50.75556],[-2.24282,50.75642],[-2.25168,50.75412],[-2.25562,50.75303]]]},"properties":{"grade":"2"}},
{"type":"Feature","geometry":{"type":"Polygon","coordinates":[[[-2.34468,50.7555],[-2.34497,50.75613],[-2.34631,50.75589],[-2.34547,50.75469],[-2.34465,50.75483],[-2.34443,50.75496],[-2.34468,50.7555]]]},"properties":{"grade":"3a"}},
{"type":"Feature","geometry":{"type":"Polygon","coordinates":[[[-2.3473,50.75571],[-2.34606,50.75388],[-2.34719,50.7533],[-2.34484,50.75338],[-2.3465,50.75584],[-2.3473,50.75571]]]},"properties":{"grade":"3a"}},
{"type":"Feature","geometry":{"type":"Polygon","coordinates":[[[-2.22223,50.75564],[-2.2201,50.75548],[-2.22053,50.75612],[-2.22203,50.75603],[-2.22223,50.75564]]]},"properties":{"grade":"2"}},
{"type":"Feature","geometry":{"type":"Polygon","coordinates":[[[-2.21937,50.75609],[-2.21982,50.75611],[-2.21988,50.75571],[-2.21951,50.75595],[-2.21937,50.75609]]]},"properties":{"grade":"2"}},
{"type":"Feature","geometry":{"type":"Polygon","coordinates":[[[-2.34443,50.75496],[-2.34307,50.75545],[-2.34304,50.75579],[-2.34468,50.7555],[-2.34443,50.75496]]]},"properties":{"grade":"3b"}},
{"type":"Feature","geometry":{"type":"Polygon","coordinates":[[[-2.34307,50.75545],[-2.34262,50.75574],[-2.34304,50.75579],[-2.34307,50.75545]]]},"properties":{"grade":"3a"}},
{"type":"Feature","geometry":{"type":"Polygon","coordinates":[[[-2.21843,50.756],[-2.21937,50.75609],[-2.21951,50.75595],[-2.21871,50.75534],[-2.21843,50.756]]]},"properties":{"grade":"4"}},
{"type":"Feature","geometry":{"type":"Polygon","coordinates":[[[-2.3473,50.75571],[-2.34726,50.75458],[-2.34758,50.75453],[-2.34984,50.75403],[-2.35159,50.75411],[-2.35829,50.75496],[-2.35428,50.75371],[-2.35025,50.7528],[-2.34756,50.75321],[-2.34719,50.7533],[-2.34606,50.75388],[-2.3473,50.75571]]]},"properties":{"grade":"3b"}},
{"type":"Feature","geometry":{"type":"Polygon","coordinates":[[[-2.2131,50.75542],[-2.215,50.75597],[-2.2167,50.75486],[-2.21531,50.75426],[-2.21414,50.75448],[-2.2131,50.75542]]]},"properties":{"grade":"2"}},
{"type":"Feature","geometry":{"type":"Polygon","coordinates":[[[-2.34726,50.75458],[-2.34766,50.75546],[-2.34846,50.75527],[-2.34758,50.75453],[-2.34726,50.75458]]]},"properties":{"grade":"3b"}},
{"type":"Feature","geometry":{"type":"Polygon","coordinates":[[[-2.34307,50.75545],[-2.34443,50.75496],[-2.34465,50.75483],[-2.34451,50.75449],[-2.34399,50.75403],[-2.34307,50.75545]]]},"properties":{"grade":"3b"}},
{"type":"Feature","geometry":{"type":"Polygon","coordinates":[[[-2.292,50.75442],[-2.29322,50.75444],[-2.29307,50.75323],[-2.29074,50.75315],[-2.29069,50.75439],[-2.29129,50.75399],[-2.292,50.75442]]]},"properties":{"grade":"1"}},
{"type":"Feature","geometry":{"type":"Polygon","coordinates":[[[-2.28928,50.75428],[-2.2906,50.75313],[-2.28981,50.75308],[-2.28791,50.75296],[-2.28672,50.75336],[-2.28799,50.75335],[-2.28899,50.75371],[-2.28928,50.75428]]]},"properties":{"grade":"1"}},
{"type":"Feature","geometry":{"type":"Polygon","coordinates":[[[-2.24519,50.75381],[-2.24165,50.75484],[-2.24205,50.75542],[-2.24802,50.75411],[-2.24519,50.75381]]]},"properties":{"grade":"2"}},
{"type":"Feature","geometry":{"type":"Polygon","coordinates":[[[-2.3413,50.75317],[-2.33384,50.75318],[-2.33353,50.75345],[-2.33439,50.75467],[-2.33411,50.75499],[-2.34009,50.75503],[-2.34122,50.75398],[-2.34165,50.75488],[-2.34376,50.75318],[-2.34451,50.75202],[-2.3433,50.75236],[-2.3413,50.75317]]]},"properties":{"grade":"3a"}},
{"type":"Feature","geometry":{"type":"Polygon","coordinates":[[[-2.33326,50.75501],[-2.33376,50.75413],[-2.33214,50.75385],[-2.33189,50.75494],[-2.33326,50.75501]]]},"properties":{"grade":"3a"}},
{"type":"Feature","geometry":{"type":"Polygon","coordinates":[[[-2.33144,50.75495],[-2.33183,50.75316],[-2.3278,50.75287],[-2.3273,50.75474],[-2.33144,50.75495]]]},"properties":{"grade":"3a"}},
{"type":"Feature","geometry":{"type":"Polygon","coordinates":[[[-2.32719,50.75474],[-2.32741,50.75345],[-2.32689,50.75284],[-2.32326,50.75256],[-2.32273,50.75443],[-2.32719,50.75474]]]},"properties":{"grade":"3a"}},
{"type":"Feature","geometry":{"type":"Polygon","coordinates":[[[-2.30025,50.75454],[-2.30146,50.75317],[-2.30146,50.75244],[-2.29862,50.7527],[-2.29835,50.75457],[-2.30025,50.75454]]]},"properties":{"grade":"1"}},
{"type":"Feature","geometry":{"type":"Polygon","coordinates":[[[-2.30025,50.75454],[-2.30623,50.75442],[-2.30586,50.75365],[-2.30141,50.75445],[-2.30025,50.75454]]]},"properties":{"grade":"2"}},
{"type":"Feature","geometry":{"type":"Polygon","coordinates":[[[-2.2977,50.75455],[-2.29818,50.75457],[-2.29837,50.7527],[-2.29667,50.75394],[-2.2977,50.75455]]]},"properties":{"grade":"1"}},
{"type":"Feature","geometry":{"type":"Polygon","coordinates":[[[-2.30025,50.75454],[-2.30141,50.75445],[-2.30586,50.75365],[-2.306,50.75361],[-2.30626,50.75354],[-2.30484,50.75318],[-2.30316,50.75238],[-2.3025,50.75233],[-2.30146,50.75317],[-2.30025,50.75454]]]},"properties":{"grade":"2"}},
{"type":"Feature","geometry":{"type":"Polygon","coordinates":[[[-2.29667,50.75394],[-2.29495,50.75405],[-2.29333,50.75388],[-2.29333,50.75404],[-2.29447,50.75447],[-2.2977,50.75455],[-2.29667,50.75394]]]},"properties":{"grade":"3b"}},
{"type":"Feature","geometry":{"type":"Polygon","coordinates":[[[-2.29333,50.75404],[-2.29339,50.75444],[-2.29447,50.75447],[-2.29333,50.75404]]]},"properties":{"grade":"1"}},
{"type":"Feature","geometry":{"type":"Polygon","coordinates":[[[-2.32089,50.75433],[-2.322,50.75438],[-2.32255,50.75254],[-2.3211,50.75249],[-2.32072,50.75379],[-2.32089,50.75433]]]},"properties":{"grade":"3b"}},
{"type":"Feature","geometry":{"type":"Polygon","coordinates":[[[-2.306,50.75361],[-2.30722,50.75435],[-2.30778,50.75316],[-2.30696,50.75347],[-2.30626,50.75354],[-2.306,50.75361]]]},"properties":{"grade":"2"}},
{"type":"Feature","geometry":{"type":"Polygon","coordinates":[[[-2.29069,50.75439],[-2.292,50.75442],[-2.29129,50.75399],[-2.29069,50.75439]]]},"properties":{"grade":"3b"}},
{"type":"Feature","geometry":{"type":"Polygon","coordinates":[[[-2.3211,50.75249],[-2.31952,50.75242],[-2.31975,50.75347],[-2.31922,50.75433],[-2.32089,50.75433],[-2.32072,50.75379],[-2.3211,50.75249]]]},"properties":{"grade":"2"}},
{"type":"Feature","geometry":{"type":"Polygon","coordinates":[[[-2.31952,50.75242],[-2.31907,50.75307],[-2.31922,50.75433],[-2.31975,50.75347],[-2.31952,50.75242]]]},"properties":{"grade":"3b"}},
{"type":"Feature","geometry":{"type":"Polygon","coordinates":[[[-2.31695,50.75427],[-2.31845,50.7543],[-2.31898,50.75347],[-2.31898,50.75243],[-2.31453,50.75231],[-2.31248,50.75235],[-2.31169,50.75304],[-2.31125,50.75423],[-2.31533,50.75425],[-2.31651,50.75268],[-2.31745,50.75263],[-2.31776,50.75342],[-2.31695,50.75427]]]},"properties":{"grade":"3b"}},
{"type":"Feature","geometry":{"type":"Polygon","coordinates":[[[-2.31248,50.75235],[-2.30919,50.75243],[-2.30897,50.75254],[-2.30833,50.75407],[-2.30912,50.75429],[-2.30991,50.75378],[-2.31029,50.75427],[-2.31125,50.75423],[-2.31169,50.75304],[-2.31248,50.75235]]]},"properties":{"grade":"3a"}},
{"type":"Feature","geometry":{"type":"Polygon","coordinates":[[[-2.31533,50.75425],[-2.31695,50.75427],[-2.31776,50.75342],[-2.31745,50.75263],[-2.31651,50.75268],[-2.31533,50.75425]]]},"properties":{"grade":"3a"}},
{"type":"Feature","geometry":{"type":"Polygon","coordinates":[[[-2.30912,50.75429],[-2.31029,50.75427],[-2.30991,50.75378],[-2.30912,50.75429]]]},"properties":{"grade":"3b"}},
{"type":"Feature","geometry":{"type":"Polygon","coordinates":[[[-2.28672,50.75336],[-2.2836,50.75408],[-2.28928,50.75428],[-2.28899,50.75371],[-2.28799,50.75335],[-2.28672,50.75336]]]},"properties":{"grade":"3b"}},
{"type":"Feature","geometry":{"type":"Polygon","coordinates":[[[-2.29837,50.7527],[-2.29335,50.75264],[-2.29321,50.75321],[-2.29423,50.75339],[-2.29495,50.75405],[-2.29667,50.75394],[-2.29837,50.7527]]]},"properties":{"grade":"2"}},
{"type":"Feature","geometry":{"type":"Polygon","coordinates":[[[-2.29495,50.75405],[-2.29423,50.75339],[-2.29321,50.75321],[-2.29333,50.75388],[-2.29495,50.75405]]]},"properties":{"grade":"1"}},
{"type":"Feature","geometry":{"type":"Polygon","coordinates":[[[-2.2688,50.75376],[-2.26818,50.75313],[-2.26517,50.75285],[-2.26599,50.75231],[-2.26894,50.75235],[-2.26514,50.752],[-2.26293,50.75213],[-2.26481,50.75411],[-2.26625,50.75353],[-2.2688,50.75376]]]},"properties":{"grade":"3b"}},
{"type":"Feature","geometry":{"type":"Polygon","coordinates":[[[-2.27867,50.75404],[-2.28329,50.75403],[-2.28508,50.75361],[-2.28546,50.75232],[-2.27537,50.75214],[-2.27713,50.75264],[-2.27841,50.75246],[-2.27971,50.75271],[-2.28088,50.75333],[-2.27867,50.75404]]]},"properties":{"grade":"2"}},
{"type":"Feature","geometry":{"type":"Polygon","coordinates":[[[-2.27537,50.75214],[-2.27347,50.75238],[-2.27487,50.75344],[-2.2749,50.75392],[-2.27867,50.75404],[-2.28088,50.75333],[-2.27971,50.75271],[-2.27841,50.75246],[-2.27713,50.75264],[-2.27537,50.75214]]]},"properties":{"grade":"3b"}},
{"type":"Feature","geometry":{"type":"Polygon","coordinates":[[[-2.24802,50.75411],[-2.25131,50.75304],[-2.25688,50.75177],[-2.25473,50.75133],[-2.24867,50.75298],[-2.24519,50.75381],[-2.24802,50.75411]]]},"properties":{"grade":"3a"}},
{"type":"Feature","geometry":{"type":"Polygon","coordinates":[[[-2.27347,50.75238],[-2.27285,50.75251],[-2.27339,50.7531],[-2.27334,50.75387],[-2.2749,50.75392],[-2.27487,50.75344],[-2.27347,50.75238]]]},"properties":{"grade":"2"}},
{"type":"Feature","geometry":{"type":"Polygon","coordinates":[[[-2.27285,50.75251],[-2.27214,50.75258],[-2.27269,50.75387],[-2.27334,50.75387],[-2.27339,50.7531],[-2.27285,50.75251]]]},"properties":{"grade":"3b"}},
{"type":"Feature","geometry":{"type":"Polygon","coordinates":[[[-2.2688,50.75376],[-2.27031,50.75383],[-2.26973,50.75302],[-2.27104,50.75296],[-2.27116,50.75386],[-2.27269,50.75387],[-2.27214,50.75258],[-2.27089,50.75226],[-2.2697,50.75264],[-2.26894,50.75235],[-2.26599,50.75231],[-2.26517,50.75285],[-2.26818,50.75313],[-2.2688,50.75376]]]},"properties":{"grade":"2"}},
{"type":"Feature","geometry":{"type":"Polygon","coordinates":[[[-2.27031,50.75383],[-2.27116,50.75386],[-2.27104,50.75296],[-2.26973,50.75302],[-2.27031,50.75383]]]},"properties":{"grade":"3b"}},
{"type":"Feature","geometry":{"type":"Polygon","coordinates":[[[-2.28508,50.75361],[-2.28771,50.75296],[-2.28725,50.75238],[-2.28546,50.75232],[-2.28508,50.75361]]]},"properties":{"grade":"1"}},
{"type":"Feature","geometry":{"type":"Polygon","coordinates":[[[-2.30696,50.75347],[-2.30659,50.75341],[-2.30626,50.75354],[-2.30696,50.75347]]]},"properties":{"grade":"3b"}},
{"type":"Feature","geometry":{"type":"Polygon","coordinates":[[[-2.30626,50.75354],[-2.30659,50.75341],[-2.30529,50.75284],[-2.30525,50.75196],[-2.30772,50.75255],[-2.30798,50.75251],[-2.30553,50.75156],[-2.3025,50.75233],[-2.30316,50.75238],[-2.30484,50.75318],[-2.30626,50.75354]]]},"properties":{"grade":"3b"}},
{"type":"Feature","geometry":{"type":"Polygon","coordinates":[[[-2.30778,50.75316],[-2.30778,50.75298],[-2.30659,50.75341],[-2.30696,50.75347],[-2.30778,50.75316]]]},"properties":{"grade":"4"}},
{"type":"Feature","geometry":{"type":"Polygon","coordinates":[[[-2.30659,50.75341],[-2.30778,50.75298],[-2.30772,50.75255],[-2.30525,50.75196],[-2.30529,50.75284],[-2.30659,50.75341]]]},"properties":{"grade":"4"}},
{"type":"Feature","geometry":{"type":"Polygon","coordinates":[[[-2.35025,50.7528],[-2.35005,50.75257],[-2.34738,50.75191],[-2.34707,50.75217],[-2.34792,50.75236],[-2.34756,50.75321],[-2.35025,50.7528]]]},"properties":{"grade":"3a"}},
{"type":"Feature","geometry":{"type":"Polygon","coordinates":[[[-2.34453,50.75316],[-2.34427,50.75297],[-2.34399,50.7532],[-2.34453,50.75316]]]},"properties":{"grade":"3a"}},
{"type":"Feature","geometry":{"type":"Polygon","coordinates":[[[-2.3433,50.75236],[-2.34179,50.75126],[-2.34139,50.7513],[-2.3413,50.75317],[-2.3433,50.75236]]]},"properties":{"grade":"3a"}},
{"type":"Feature","geometry":{"type":"Polygon","coordinates":[[[-2.29307,50.75323],[-2.29318,50.75262],[-2.29094,50.75255],[-2.29074,50.75315],[-2.29307,50.75323]]]},"properties":{"grade":"2"}},
{"type":"Feature","geometry":{"type":"Polygon","coordinates":[[[-2.2906,50.75313],[-2.2906,50.75254],[-2.28981,50.75308],[-2.2906,50.75313]]]},"properties":{"grade":"2"}},
{"type":"Feature","geometry":{"type":"Polygon","coordinates":[[[-2.28981,50.75308],[-2.2906,50.75254],[-2.28921,50.75249],[-2.28791,50.75296],[-2.28981,50.75308]]]},"properties":{"grade":"3b"}},
{"type":"Feature","geometry":{"type":"Polygon","coordinates":[[[-2.26321,50.75305],[-2.2627,50.75215],[-2.26154,50.75214],[-2.26321,50.75305]]]},"properties":{"grade":"3b"}},
{"type":"Feature","geometry":{"type":"Polygon","coordinates":[[[-2.34928,50.75219],[-2.3528,50.75281],[-2.35379,50.75227],[-2.35441,50.75099],[-2.35236,50.75067],[-2.35103,50.75142],[-2.35019,50.75178],[-2.34928,50.75219]]]},"properties":{"grade":"3b"}},
{"type":"Feature","geometry":{"type":"Polygon","coordinates":[[[-2.2627,50.75215],[-2.26193,50.75163],[-2.25932,50.75153],[-2.2574,50.75184],[-2.25728,50.75217],[-2.25774,50.75274],[-2.25896,50.75263],[-2.26321,50.75305],[-2.26154,50.75214],[-2.2627,50.75215]]]},"properties":{"grade":"3a"}},
{"type":"Feature","geometry":{"type":"Polygon","coordinates":[[[-2.28771,50.75296],[-2.28901,50.75247],[-2.28725,50.75238],[-2.28771,50.75296]]]},"properties":{"grade":"3b"}},
{"type":"Feature","geometry":{"type":"Polygon","coordinates":[[[-2.25728,50.75217],[-2.2555,50.75226],[-2.25584,50.75298],[-2.25774,50.75274],[-2.25728,50.75217]]]},"properties":{"grade":"2"}},
{"type":"Feature","geometry":{"type":"Polygon","coordinates":[[[-2.34707,50.75217],[-2.34582,50.75197],[-2.34523,50.75251],[-2.34693,50.75236],[-2.34707,50.75217]]]},"properties":{"grade":"3b"}},
{"type":"Feature","geometry":{"type":"Polygon","coordinates":[[[-2.30919,50.75243],[-2.30959,50.75224],[-2.30903,50.75236],[-2.30897,50.75254],[-2.30919,50.75243]]]},"properties":{"grade":"3a"}},
{"type":"Feature","geometry":{"type":"Polygon","coordinates":[[[-2.30798,50.75251],[-2.30903,50.75236],[-2.30959,50.75224],[-2.31163,50.75112],[-2.31275,50.75027],[-2.3144,50.74988],[-2.3157,50.74922],[-2.3158,50.7481],[-2.31411,50.74902],[-2.3111,50.74955],[-2.30804,50.74987],[-2.30782,50.75064],[-2.30553,50.75156],[-2.30798,50.75251]]]},"properties":{"grade":"2"}},
{"type":"Feature","geometry":{"type":"Polygon","coordinates":[[[-2.34451,50.75202],[-2.34434,50.75147],[-2.3427,50.75166],[-2.34179,50.75126],[-2.3433,50.75236],[-2.34451,50.75202]]]},"properties":{"grade":"3b"}},
{"type":"Feature","geometry":{"type":"Polygon","coordinates":[[[-2.35548,50.75122],[-2.35512,50.75115],[-2.35452,50.75101],[-2.35402,50.7522],[-2.35548,50.75122]]]},"properties":{"grade":"3b"}},
{"type":"Feature","geometry":{"type":"Polygon","coordinates":[[[-2.35019,50.75178],[-2.35064,50.75158],[-2.35004,50.75047],[-2.34762,50.74993],[-2.34794,50.75054],[-2.34761,50.75177],[-2.34928,50.75219],[-2.35019,50.75178]]]},"properties":{"grade":"3b"}},
{"type":"Feature","geometry":{"type":"Polygon","coordinates":[[[-2.26514,50.752],[-2.2627,50.75185],[-2.26293,50.75213],[-2.26514,50.752]]]},"properties":{"grade":"3a"}},
{"type":"Feature","geometry":{"type":"Polygon","coordinates":[[[-2.26564,50.75053],[-2.2655,50.75186],[-2.26755,50.75202],[-2.26862,50.75189],[-2.27035,50.75129],[-2.26564,50.75053]]]},"properties":{"grade":"3a"}},
{"type":"Feature","geometry":{"type":"Polygon","coordinates":[[[-2.25688,50.75177],[-2.25941,50.75137],[-2.26057,50.7509],[-2.25694,50.751],[-2.25473,50.75133],[-2.25688,50.75177]]]},"properties":{"grade":"3b"}},
{"type":"Feature","geometry":{"type":"Polygon","coordinates":[[[-2.2621,50.751],[-2.26338,50.75165],[-2.26525,50.7517],[-2.26547,50.75049],[-2.2621,50.751]]]},"properties":{"grade":"3a"}},
{"type":"Feature","geometry":{"type":"Polygon","coordinates":[[[-2.35548,50.75122],[-2.35511,50.75056],[-2.35324,50.7501],[-2.3525,50.7506],[-2.35432,50.75088],[-2.35512,50.75115],[-2.35548,50.75122]]]},"properties":{"grade":"2"}},
{"type":"Feature","geometry":{"type":"Polygon","coordinates":[[[-2.25941,50.75137],[-2.26207,50.7514],[-2.26159,50.75095],[-2.26057,50.7509],[-2.25941,50.75137]]]},"properties":{"grade":"3a"}},
{"type":"Feature","geometry":{"type":"Polygon","coordinates":[[[-2.27035,50.75129],[-2.27202,50.75066],[-2.26584,50.75035],[-2.26564,50.75053],[-2.27035,50.75129]]]},"properties":{"grade":"3a"}},
{"type":"Feature","geometry":{"type":"Polygon","coordinates":[[[-2.35329,50.75004],[-2.35517,50.75049],[-2.35611,50.75084],[-2.3576,50.74958],[-2.35411,50.74948],[-2.35329,50.75004]]]},"properties":{"grade":"2"}},
{"type":"Feature","geometry":{"type":"Polygon","coordinates":[[[-2.26547,50.75049],[-2.26561,50.75026],[-2.26337,50.75057],[-2.2621,50.751],[-2.26547,50.75049]]]},"properties":{"grade":"3a"}},
{"type":"Feature","geometry":{"type":"Polygon","coordinates":[[[-2.26057,50.7509],[-2.26102,50.75061],[-2.25694,50.751],[-2.26057,50.7509]]]},"properties":{"grade":"3b"}},
{"type":"Feature","geometry":{"type":"Polygon","coordinates":[[[-2.26159,50.75095],[-2.26102,50.75061],[-2.26057,50.7509],[-2.26159,50.75095]]]},"properties":{"grade":"3a"}},
{"type":"Feature","geometry":{"type":"Polygon","coordinates":[[[-2.35006,50.75038],[-2.35108,50.75046],[-2.35139,50.74958],[-2.34929,50.74894],[-2.34881,50.75018],[-2.35006,50.75038]]]},"properties":{"grade":"3a"}},
{"type":"Feature","geometry":{"type":"Polygon","coordinates":[[[-2.27202,50.75066],[-2.27414,50.75017],[-2.27678,50.74993],[-2.28209,50.74776],[-2.2803,50.74699],[-2.27894,50.74686],[-2.27614,50.74806],[-2.27235,50.74931],[-2.26858,50.75025],[-2.26787,50.74953],[-2.26697,50.75004],[-2.26584,50.75035],[-2.27202,50.75066]]]},"properties":{"grade":"2"}},
{"type":"Feature","geometry":{"type":"Polygon","coordinates":[[[-2.27624,50.75018],[-2.27496,50.75024],[-2.27494,50.75056],[-2.27624,50.75018]]]},"properties":{"grade":"2"}},
{"type":"Feature","geometry":{"type":"Polygon","coordinates":[[[-2.26561,50.75026],[-2.26691,50.74995],[-2.26696,50.74928],[-2.26651,50.74972],[-2.26614,50.74929],[-2.26337,50.75057],[-2.26561,50.75026]]]},"properties":{"grade":"2"}},
{"type":"Feature","geometry":{"type":"Polygon","coordinates":[[[-2.31262,50.74701],[-2.31098,50.74854],[-2.30895,50.74878],[-2.30804,50.74976],[-2.31026,50.74957],[-2.31391,50.74891],[-2.31574,50.74797],[-2.31647,50.74697],[-2.31463,50.74728],[-2.31262,50.74701]]]},"properties":{"grade":"2"}},
{"type":"Feature","geometry":{"type":"Polygon","coordinates":[[[-2.35581,50.74944],[-2.35774,50.74949],[-2.35884,50.74877],[-2.35609,50.74906],[-2.35581,50.74944]]]},"properties":{"grade":"3b"}},
{"type":"Feature","geometry":{"type":"Polygon","coordinates":[[[-2.26696,50.74928],[-2.26614,50.74929],[-2.26651,50.74972],[-2.26696,50.74928]]]},"properties":{"grade":"3b"}},
{"type":"Feature","geometry":{"type":"Polygon","coordinates":[[[-2.35884,50.74877],[-2.36161,50.74723],[-2.36059,50.74725],[-2.3579,50.74796],[-2.35668,50.7484],[-2.35627,50.7479],[-2.35422,50.74941],[-2.35581,50.74944],[-2.35609,50.74906],[-2.35884,50.74877]]]},"properties":{"grade":"2"}},
{"type":"Feature","geometry":{"type":"Polygon","coordinates":[[[-2.3579,50.74796],[-2.35801,50.74774],[-2.35925,50.74711],[-2.35948,50.74706],[-2.36194,50.74631],[-2.36341,50.74595],[-2.36321,50.74573],[-2.35925,50.7467],[-2.35627,50.7479],[-2.35668,50.7484],[-2.3579,50.74796]]]},"properties":{"grade":"2"}},
{"type":"Feature","geometry":{"type":"Polygon","coordinates":[[[-2.36161,50.74723],[-2.36361,50.74634],[-2.36194,50.74631],[-2.36138,50.74678],[-2.35948,50.74706],[-2.35925,50.74711],[-2.3579,50.74796],[-2.36059,50.74725],[-2.36161,50.74723]]]},"properties":{"grade":"3b"}},
{"type":"Feature","geometry":{"type":"Polygon","coordinates":[[[-2.3579,50.74796],[-2.35925,50.74711],[-2.35801,50.74774],[-2.3579,50.74796]]]},"properties":{"grade":"3b"}},
{"type":"Feature","geometry":{"type":"Polygon","coordinates":[[[-2.28209,50.74776],[-2.28452,50.74663],[-2.28231,50.74675],[-2.28101,50.74627],[-2.27894,50.74686],[-2.2803,50.74699],[-2.28209,50.74776]]]},"properties":{"grade":"3b"}},
{"type":"Feature","geometry":{"type":"Polygon","coordinates":[[[-2.35387,50.74331],[-2.35222,50.74294],[-2.35066,50.7434],[-2.34979,50.74426],[-2.353,50.7453],[-2.35652,50.74606],[-2.35531,50.74675],[-2.35597,50.7475],[-2.35905,50.74652],[-2.36312,50.74546],[-2.36306,50.74498],[-2.36196,50.74548],[-2.36043,50.74574],[-2.35969,50.74544],[-2.36138,50.74428],[-2.36008,50.74434],[-2.35906,50.74373],[-2.35472,50.74412],[-2.3539,50.74473],[-2.35283,50.74429],[-2.35307,50.74364],[-2.35387,50.74331]]]},"properties":{"grade":"2"}},
{"type":"Feature","geometry":{"type":"Polygon","coordinates":[[[-2.31647,50.74697],[-2.318,50.74597],[-2.32012,50.74521],[-2.31898,50.74437],[-2.31731,50.74471],[-2.31626,50.74438],[-2.31375,50.74604],[-2.31262,50.74701],[-2.31463,50.74728],[-2.31647,50.74697]]]},"properties":{"grade":"3b"}},
{"type":"Feature","geometry":{"type":"Polygon","coordinates":[[[-2.35948,50.74706],[-2.36138,50.74678],[-2.36194,50.74631],[-2.35948,50.74706]]]},"properties":{"grade":"3b"}},
{"type":"Feature","geometry":{"type":"Polygon","coordinates":[[[-2.28346,50.74482],[-2.28126,50.74583],[-2.28118,50.74626],[-2.28265,50.74666],[-2.28427,50.74619],[-2.28466,50.74658],[-2.28636,50.74584],[-2.28755,50.74623],[-2.28851,50.74574],[-2.28576,50.74498],[-2.28346,50.74482]]]},"properties":{"grade":"3b"}},
{"type":"Feature","geometry":{"type":"Polygon","coordinates":[[[-2.36194,50.74631],[-2.36361,50.74634],[-2.36341,50.74595],[-2.36194,50.74631]]]},"properties":{"grade":"2"}},
{"type":"Feature","geometry":{"type":"Polygon","coordinates":[[[-2.36367,50.74591],[-2.36384,50.74623],[-2.36599,50.74545],[-2.36367,50.74591]]]},"properties":{"grade":"2"}},
{"type":"Feature","geometry":{"type":"Polygon","coordinates":[[[-2.36599,50.74545],[-2.36567,50.74495],[-2.36349,50.74557],[-2.36367,50.74591],[-2.36599,50.74545]]]},"properties":{"grade":"2"}},
{"type":"Feature","geometry":{"type":"Polygon","coordinates":[[[-2.36306,50.74498],[-2.3628,50.74406],[-2.36138,50.74428],[-2.35969,50.74544],[-2.36043,50.74574],[-2.36196,50.74548],[-2.36306,50.74498]]]},"properties":{"grade":"3b"}},
{"type":"Feature","geometry":{"type":"Polygon","coordinates":[[[-2.36599,50.74545],[-2.36796,50.74455],[-2.36567,50.74495],[-2.36599,50.74545]]]},"properties":{"grade":"2"}},
{"type":"Feature","geometry":{"type":"Polygon","coordinates":[[[-2.36473,50.74368],[-2.36337,50.74397],[-2.36343,50.74544],[-2.36558,50.74481],[-2.36473,50.74368]]]},"properties":{"grade":"2"}},
{"type":"Feature","geometry":{"type":"Polygon","coordinates":[[[-2.29694,50.74265],[-2.29682,50.74067],[-2.29223,50.7412],[-2.28824,50.74236],[-2.28513,50.74395],[-2.28545,50.74458],[-2.28794,50.74495],[-2.29001,50.74396],[-2.29451,50.74269],[-2.29694,50.74265]]]},"properties":{"grade":"2"}},
{"type":"Feature","geometry":{"type":"Polygon","coordinates":[[[-2.31898,50.74437],[-2.32151,50.74497],[-2.32641,50.74492],[-2.32626,50.74411],[-2.32742,50.74388],[-2.32416,50.74351],[-2.32246,50.74294],[-2.32016,50.74311],[-2.31773,50.74376],[-2.31626,50.74438],[-2.31731,50.74471],[-2.31898,50.74437]]]},"properties":{"grade":"1"}},
{"type":"Feature","geometry":{"type":"Polygon","coordinates":[[[-2.36558,50.74481],[-2.36887,50.74436],[-2.36847,50.74359],[-2.3667,50.74311],[-2.36473,50.74368],[-2.36558,50.74481]]]},"properties":{"grade":"2"}},
{"type":"Feature","geometry":{"type":"Polygon","coordinates":[[[-2.3308,50.74477],[-2.33111,50.74372],[-2.32904,50.74332],[-2.32782,50.74328],[-2.32712,50.7449],[-2.3308,50.74477]]]},"properties":{"grade":"2"}},
{"type":"Feature","geometry":{"type":"Polygon","coordinates":[[[-2.32641,50.74492],[-2.32742,50.74388],[-2.32626,50.74411],[-2.32641,50.74492]]]},"properties":{"grade":"2"}},
{"type":"Feature","geometry":{"type":"Polygon","coordinates":[[[-2.28576,50.74498],[-2.28448,50.7443],[-2.28346,50.74482],[-2.28576,50.74498]]]},"properties":{"grade":"2"}},
{"type":"Feature","geometry":{"type":"Polygon","coordinates":[[[-2.33204,50.74356],[-2.33225,50.74464],[-2.3374,50.74426],[-2.33668,50.74245],[-2.33283,50.74273],[-2.33204,50.74356]]]},"properties":{"grade":"2"}},
{"type":"Feature","geometry":{"type":"Polygon","coordinates":[[[-2.35283,50.74429],[-2.35387,50.74331],[-2.35307,50.74364],[-2.35283,50.74429]]]},"properties":{"grade":"3a"}},
{"type":"Feature","geometry":{"type":"Polygon","coordinates":[[[-2.34816,50.74209],[-2.34283,50.7422],[-2.34256,50.74382],[-2.34687,50.74386],[-2.348,50.74403],[-2.35027,50.74342],[-2.35128,50.74221],[-2.34929,50.74218],[-2.34808,50.7431],[-2.34816,50.74209]]]},"properties":{"grade":"2"}},
{"type":"Feature","geometry":{"type":"Polygon","coordinates":[[[-2.32246,50.74294],[-2.31746,50.74252],[-2.31619,50.74326],[-2.31626,50.74438],[-2.31773,50.74376],[-2.32016,50.74311],[-2.32246,50.74294]]]},"properties":{"grade":"1"}},
{"type":"Feature","geometry":{"type":"Polygon","coordinates":[[[-2.31746,50.74252],[-2.31244,50.74208],[-2.3126,50.74352],[-2.31308,50.74408],[-2.3143,50.74366],[-2.31626,50.74438],[-2.31619,50.74326],[-2.31746,50.74252]]]},"properties":{"grade":"2"}},
{"type":"Feature","geometry":{"type":"Polygon","coordinates":[[[-2.33816,50.74235],[-2.33691,50.74243],[-2.33763,50.74423],[-2.34239,50.74409],[-2.34269,50.74218],[-2.33926,50.74231],[-2.33893,50.74334],[-2.33813,50.74327],[-2.33816,50.74235]]]},"properties":{"grade":"2"}},
{"type":"Feature","geometry":{"type":"Polygon","coordinates":[[[-2.31232,50.74399],[-2.3123,50.74205],[-2.30598,50.74126],[-2.30263,50.74096],[-2.30224,50.74287],[-2.30449,50.743],[-2.31232,50.74399]]]},"properties":{"grade":"2"}},
{"type":"Feature","geometry":{"type":"Polygon","coordinates":[[[-2.33283,50.74273],[-2.33175,50.74282],[-2.33204,50.74356],[-2.33283,50.74273]]]},"properties":{"grade":"3b"}},
{"type":"Feature","geometry":{"type":"Polygon","coordinates":[[[-2.33926,50.74231],[-2.33816,50.74235],[-2.33813,50.74327],[-2.33893,50.74334],[-2.33926,50.74231]]]},"properties":{"grade":"3b"}},
{"type":"Feature","geometry":{"type":"Polygon","coordinates":[[[-2.35142,50.74222],[-2.3516,50.74303],[-2.35253,50.74258],[-2.35142,50.74222]]]},"properties":{"grade":"2"}},
{"type":"Feature","geometry":{"type":"Polygon","coordinates":[[[-2.34929,50.74218],[-2.34816,50.74209],[-2.34808,50.7431],[-2.34929,50.74218]]]},"properties":{"grade":"3b"}},
{"type":"Feature","geometry":{"type":"Polygon","coordinates":[[[-2.3021,50.74287],[-2.30249,50.74096],[-2.30022,50.74084],[-2.29945,50.7405],[-2.29907,50.74304],[-2.29998,50.74282],[-2.3021,50.74287]]]},"properties":{"grade":"2"}},
{"type":"Feature","geometry":{"type":"Polygon","coordinates":[[[-2.29694,50.74265],[-2.29893,50.74304],[-2.29937,50.74048],[-2.29747,50.74067],[-2.29694,50.74265]]]},"properties":{"grade":"2"}},
{"type":"Feature","geometry":{"type":"Polygon","coordinates":[[[-2.81971,50.73412],[-2.81827,50.73402],[-2.81822,50.73477],[-2.81692,50.73507],[-2.8169,50.73361],[-2.81491,50.73307],[-2.81149,50.73399],[-2.81058,50.73506],[-2.81184,50.73431],[-2.81243,50.73411],[-2.8135,50.73529],[-2.8164,50.73606],[-2.81699,50.73554],[-2.81791,50.73629],[-2.81699,50.73714],[-2.81879,50.73724],[-2.81971,50.73412]]]},"properties":{"grade":"3a"}},
{"type":"Feature","geometry":{"type":"Polygon","coordinates":[[[-2.81184,50.73431],[-2.8124,50.73587],[-2.81699,50.73714],[-2.81791,50.73629],[-2.81699,50.73554],[-2.8164,50.73606],[-2.8135,50.73529],[-2.81243,50.73411],[-2.81184,50.73431]]]},"properties":{"grade":"3b"}},
{"type":"Feature","geometry":{"type":"Polygon","coordinates":[[[-2.78129,50.73605],[-2.78081,50.7348],[-2.77954,50.73484],[-2.78024,50.73626],[-2.78129,50.73605]]]},"properties":{"grade":"4"}},
{"type":"Feature","geometry":{"type":"Polygon","coordinates":[[[-2.81058,50.73506],[-2.8124,50.73587],[-2.81184,50.73431],[-2.81058,50.73506]]]},"properties":{"grade":"4"}},
{"type":"Feature","geometry":{"type":"Polygon","coordinates":[[[-2.78513,50.73514],[-2.78422,50.73493],[-2.7828,50.73514],[-2.78121,50.73494],[-2.78177,50.73581],[-2.78513,50.73514]]]},"properties":{"grade":"3b"}},
{"type":"Feature","geometry":{"type":"Polygon","coordinates":[[[-2.81827,50.73402],[-2.8169,50.73361],[-2.81692,50.73507],[-2.81822,50.73477],[-2.81827,50.73402]]]},"properties":{"grade":"5"}},
{"type":"Feature","geometry":{"type":"Polygon","coordinates":[[[-2.81107,50.73396],[-2.81244,50.73291],[-2.81365,50.7325],[-2.81168,50.73163],[-2.80924,50.73162],[-2.80816,50.73139],[-2.80851,50.73178],[-2.80947,50.73199],[-2.8102,50.73281],[-2.8114,50.73329],[-2.81107,50.73396]]]},"properties":{"grade":"3a"}},
{"type":"Feature","geometry":{"type":"Polygon","coordinates":[[[-2.78513,50.73514],[-2.78739,50.73472],[-2.78692,50.73393],[-2.78489,50.73426],[-2.78422,50.73493],[-2.78513,50.73514]]]},"properties":{"grade":"2"}},
{"type":"Feature","geometry":{"type":"Polygon","coordinates":[[[-2.8102,50.73281],[-2.80792,50.73373],[-2.80992,50.73476],[-2.81107,50.73396],[-2.8114,50.73329],[-2.8102,50.73281]]]},"properties":{"grade":"4"}},
{"type":"Feature","geometry":{"type":"Polygon","coordinates":[[[-2.78758,50.73466],[-2.78776,50.73491],[-2.79158,50.73435],[-2.78843,50.7344],[-2.78758,50.73466]]]},"properties":{"grade":"3a"}},
{"type":"Feature","geometry":{"type":"Polygon","coordinates":[[[-2.78843,50.7344],[-2.78709,50.73387],[-2.78758,50.73466],[-2.78843,50.7344]]]},"properties":{"grade":"2"}},
{"type":"Feature","geometry":{"type":"Polygon","coordinates":[[[-2.77909,50.73335],[-2.77945,50.73466],[-2.7824,50.73457],[-2.78468,50.73407],[-2.78402,50.73351],[-2.78168,50.73263],[-2.78041,50.73287],[-2.77909,50.73335]]]},"properties":{"grade":"3a"}},
{"type":"Feature","geometry":{"type":"Polygon","coordinates":[[[-2.79158,50.73435],[-2.79641,50.73377],[-2.79939,50.73363],[-2.79907,50.73329],[-2.7999,50.73247],[-2.7991,50.73215],[-2.79621,50.73216],[-2.79311,50.73282],[-2.79335,50.7336],[-2.79177,50.73397],[-2.79107,50.73316],[-2.78949,50.73366],[-2.78709,50.73387],[-2.78843,50.7344],[-2.79158,50.73435]]]},"properties":{"grade":"3b"}},
{"type":"Feature","geometry":{"type":"Polygon","coordinates":[[[-2.80851,50.73178],[-2.8083,50.73263],[-2.80752,50.73362],[-2.80792,50.73373],[-2.8102,50.73281],[-2.80947,50.73199],[-2.80851,50.73178]]]},"properties":{"grade":"3b"}},
{"type":"Feature","geometry":{"type":"Polygon","coordinates":[[[-2.80816,50.73139],[-2.80666,50.73172],[-2.80518,50.7311],[-2.80424,50.73111],[-2.80435,50.7321],[-2.80426,50.73226],[-2.8041,50.73278],[-2.80652,50.73306],[-2.80752,50.73362],[-2.8083,50.73263],[-2.80851,50.73178],[-2.80816,50.73139]],[[-2.80562,50.73204],[-2.80665,50.73234],[-2.8064,50.73261],[-2.8056,50.73243],[-2.80562,50.73204]]]},"properties":{"grade":"4"}},
{"type":"Feature","geometry":{"type":"Polygon","coordinates":[[[-2.80435,50.7321],[-2.80358,50.73225],[-2.80359,50.7311],[-2.80173,50.73129],[-2.80303,50.73135],[-2.80332,50.73176],[-2.80166,50.73242],[-2.80022,50.73269],[-2.80066,50.73355],[-2.80285,50.73249],[-2.80426,50.73226],[-2.80435,50.7321]]]},"properties":{"grade":"3b"}},
{"type":"Feature","geometry":{"type":"Polygon","coordinates":[[[-2.80066,50.73355],[-2.80304,50.73346],[-2.80334,50.73275],[-2.80285,50.73249],[-2.80066,50.73355]]]},"properties":{"grade":"4"}},
{"type":"Feature","geometry":{"type":"Polygon","coordinates":[[[-2.78397,50.73206],[-2.78307,50.73224],[-2.78365,50.733],[-2.78668,50.73339],[-2.7901,50.73286],[-2.78967,50.73229],[-2.7863,50.73222],[-2.78693,50.73127],[-2.78397,50.73206]]]},"properties":{"grade":"3a"}},
{"type":"Feature","geometry":{"type":"Polygon","coordinates":[[[-2.78041,50.73287],[-2.77913,50.73267],[-2.77909,50.73335],[-2.78041,50.73287]]]},"properties":{"grade":"3b"}},
{"type":"Feature","geometry":{"type":"Polygon","coordinates":[[[-2.80426,50.73226],[-2.80285,50.73249],[-2.80334,50.73275],[-2.8041,50.73278],[-2.80426,50.73226]]]},"properties":{"grade":"5"}},
{"type":"Feature","geometry":{"type":"Polygon","coordinates":[[[-2.79253,50.73216],[-2.79092,50.7325],[-2.79121,50.73278],[-2.79307,50.73243],[-2.79253,50.73216]]]},"properties":{"grade":"3a"}},
{"type":"Feature","geometry":{"type":"Polygon","coordinates":[[[-2.80166,50.73242],[-2.80173,50.73129],[-2.79987,50.73186],[-2.80022,50.73269],[-2.80166,50.73242]]]},"properties":{"grade":"2"}},
{"type":"Feature","geometry":{"type":"Polygon","coordinates":[[[-2.78967,50.73229],[-2.79026,50.73171],[-2.79025,50.73137],[-2.78908,50.73109],[-2.78753,50.73117],[-2.78219,50.73081],[-2.78284,50.73217],[-2.78397,50.73206],[-2.78693,50.73127],[-2.7863,50.73222],[-2.78967,50.73229]]]},"properties":{"grade":"3b"}},
{"type":"Feature","geometry":{"type":"Polygon","coordinates":[[[-2.80562,50.73204],[-2.8056,50.73243],[-2.8064,50.73261],[-2.80665,50.73234],[-2.80562,50.73204]]]},"properties":{"grade":"5"}},
{"type":"Feature","geometry":{"type":"Polygon","coordinates":[[[-2.80173,50.73129],[-2.80166,50.73242],[-2.80332,50.73176],[-2.80303,50.73135],[-2.80173,50.73129]]]},"properties":{"grade":"3a"}},
{"type":"Feature","geometry":{"type":"Polygon","coordinates":[[[-2.79307,50.73243],[-2.79474,50.73218],[-2.79312,50.73169],[-2.79241,50.73182],[-2.79253,50.73216],[-2.79307,50.73243]]]},"properties":{"grade":"3b"}},
{"type":"Feature","geometry":{"type":"Polygon","coordinates":[[[-2.78081,50.73118],[-2.78232,50.73193],[-2.78197,50.73114],[-2.78081,50.73118]]]},"properties":{"grade":"3a"}},
{"type":"Feature","geometry":{"type":"Polygon","coordinates":[[[-2.80424,50.73111],[-2.80359,50.7311],[-2.80358,50.73225],[-2.80435,50.7321],[-2.80424,50.73111]]]},"properties":{"grade":"2"}},
{"type":"Feature","geometry":{"type":"Polygon","coordinates":[[[-2.79026,50.73171],[-2.79058,50.73225],[-2.79241,50.73182],[-2.79312,50.73169],[-2.79518,50.73132],[-2.7952,50.73056],[-2.7937,50.73072],[-2.7909,50.73151],[-2.79025,50.73137],[-2.79026,50.73171]]]},"properties":{"grade":"4"}},
{"type":"Feature","geometry":{"type":"Polygon","coordinates":[[[-2.79474,50.73218],[-2.79584,50.73196],[-2.79518,50.73132],[-2.79312,50.73169],[-2.79474,50.73218]]]},"properties":{"grade":"3a"}},
{"type":"Feature","geometry":{"type":"Polygon","coordinates":[[[-2.80816,50.73139],[-2.80518,50.7311],[-2.80666,50.73172],[-2.80816,50.73139]]]},"properties":{"grade":"3b"}},
{"type":"Feature","geometry":{"type":"Polygon","coordinates":[[[-2.7993,50.73053],[-2.79958,50.7315],[-2.80127,50.73128],[-2.8014,50.73037],[-2.7993,50.73053]]]},"properties":{"grade":"3b"}},
{"type":"Feature","geometry":{"type":"Polygon","coordinates":[[[-2.80901,50.7314],[-2.80957,50.73079],[-2.80644,50.73011],[-2.80901,50.7314]]]},"properties":{"grade":"3a"}},
{"type":"Feature","geometry":{"type":"Polygon","coordinates":[[[-2.80644,50.73011],[-2.80474,50.73006],[-2.80433,50.73095],[-2.80682,50.73104],[-2.80901,50.7314],[-2.80644,50.73011]]]},"properties":{"grade":"3b"}},
{"type":"Feature","geometry":{"type":"Polygon","coordinates":[[[-2.80239,50.7303],[-2.80165,50.73036],[-2.80169,50.73115],[-2.80265,50.73094],[-2.80239,50.7303]]]},"properties":{"grade":"4"}},
{"type":"Feature","geometry":{"type":"Polygon","coordinates":[[[-2.78197,50.73114],[-2.78088,50.73044],[-2.78081,50.73118],[-2.78197,50.73114]]]},"properties":{"grade":"3b"}},
{"type":"Feature","geometry":{"type":"Polygon","coordinates":[[[-2.80265,50.73094],[-2.80418,50.7309],[-2.8046,50.73007],[-2.80239,50.7303],[-2.80265,50.73094]]]},"properties":{"grade":"3b"}},
{"type":"Feature","geometry":{"type":"Polygon","coordinates":[[[-2.46419,50.72091],[-2.46473,50.72028],[-2.46876,50.71854],[-2.4696,50.71787],[-2.47237,50.71698],[-2.4727,50.71581],[-2.47076,50.71709],[-2.46952,50.71764],[-2.46832,50.71748],[-2.46717,50.71795],[-2.46681,50.71876],[-2.46458,50.71976],[-2.46285,50.71975],[-2.46226,50.72036],[-2.46093,50.72082],[-2.46187,50.7208],[-2.46289,50.72139],[-2.46419,50.72091]]]},"properties":{"grade":"3b"}},
{"type":"Feature","geometry":{"type":"Polygon","coordinates":[[[-2.46419,50.72091],[-2.46662,50.72011],[-2.47071,50.71815],[-2.46876,50.71854],[-2.46473,50.72028],[-2.46419,50.72091]]]},"properties":{"grade":"4"}},
{"type":"Feature","geometry":{"type":"Polygon","coordinates":[[[-2.4727,50.71581],[-2.47249,50.71529],[-2.47288,50.71437],[-2.46949,50.71479],[-2.468,50.71566],[-2.46801,50.71683],[-2.46642,50.71729],[-2.46504,50.71818],[-2.46275,50.71835],[-2.46118,50.7194],[-2.46101,50.72003],[-2.46008,50.7207],[-2.46093,50.72082],[-2.46226,50.72036],[-2.46285,50.71975],[-2.46458,50.71976],[-2.46681,50.71876],[-2.46717,50.71795],[-2.46832,50.71748],[-2.46952,50.71764],[-2.47076,50.71709],[-2.4727,50.71581]]]},"properties":{"grade":"3a"}},
{"type":"Feature","geometry":{"type":"Polygon","coordinates":[[[-2.47288,50.71437],[-2.47332,50.71332],[-2.47286,50.71226],[-2.4638,50.71235],[-2.46394,50.71286],[-2.46505,50.71345],[-2.46695,50.71351],[-2.46682,50.71418],[-2.46591,50.71432],[-2.4659,50.71547],[-2.46465,50.71541],[-2.46435,50.71422],[-2.46468,50.71332],[-2.46383,50.71291],[-2.4632,50.71236],[-2.45839,50.71243],[-2.45768,50.71277],[-2.45671,50.71429],[-2.45544,50.71478],[-2.45558,50.71537],[-2.45408,50.71802],[-2.4559,50.71855],[-2.46008,50.7207],[-2.46101,50.72003],[-2.46118,50.7194],[-2.46275,50.71835],[-2.46504,50.71818],[-2.46642,50.71729],[-2.46801,50.71683],[-2.468,50.71566],[-2.46949,50.71479],[-2.47288,50.71437]],[[-2.46002,50.71458],[-2.46263,50.71457],[-2.46258,50.71524],[-2.45955,50.71568],[-2.45865,50.71628],[-2.45788,50.71606],[-2.45946,50.71469],[-2.46002,50.71458]]]},"properties":{"grade":"2"}},
{"type":"Feature","geometry":{"type":"Polygon","coordinates":[[[-2.46876,50.71854],[-2.47071,50.71815],[-2.47237,50.71698],[-2.4696,50.71787],[-2.46876,50.71854]]]},"properties":{"grade":"5"}},
{"type":"Feature","geometry":{"type":"Polygon","coordinates":[[[-2.54044,50.71679],[-2.53927,50.71555],[-2.53839,50.71588],[-2.53946,50.71731],[-2.54044,50.71679]]]},"properties":{"grade":"5"}},
{"type":"Feature","geometry":{"type":"Polygon","coordinates":[[[-2.55026,50.71552],[-2.54759,50.7148],[-2.54447,50.71429],[-2.54345,50.71429],[-2.54345,50.71476],[-2.54658,50.71586],[-2.54909,50.71698],[-2.55026,50.71552]]]},"properties":{"grade":"3a"}},
{"type":"Feature","geometry":{"type":"Polygon","coordinates":[[[-2.54044,50.71679],[-2.54075,50.71663],[-2.53955,50.71571],[-2.53968,50.71408],[-2.53833,50.71297],[-2.53791,50.71326],[-2.53829,50.71389],[-2.5381,50.71509],[-2.53839,50.71588],[-2.53927,50.71555],[-2.54044,50.71679]]]},"properties":{"grade":"4"}},
{"type":"Feature","geometry":{"type":"Polygon","coordinates":[[[-2.54075,50.71663],[-2.54183,50.71612],[-2.54047,50.71418],[-2.53968,50.71408],[-2.53955,50.71571],[-2.54075,50.71663]]]},"properties":{"grade":"3b"}},
{"type":"Feature","geometry":{"type":"Polygon","coordinates":[[[-2.54183,50.71612],[-2.54217,50.71433],[-2.54047,50.71418],[-2.54183,50.71612]]]},"properties":{"grade":"3a"}},
{"type":"Feature","geometry":{"type":"Polygon","coordinates":[[[-2.46002,50.71458],[-2.45946,50.71469],[-2.45788,50.71606],[-2.45865,50.71628],[-2.45955,50.71568],[-2.46258,50.71524],[-2.46263,50.71457],[-2.46002,50.71458]]]},"properties":{"grade":"3a"}},
{"type":"Feature","geometry":{"type":"Polygon","coordinates":[[[-2.311,50.71238],[-2.31084,50.71385],[-2.31297,50.71422],[-2.31444,50.71483],[-2.31492,50.71368],[-2.31579,50.71335],[-2.31795,50.71322],[-2.31894,50.71358],[-2.31903,50.71419],[-2.31736,50.71509],[-2.31991,50.71525],[-2.32053,50.71442],[-2.32158,50.71488],[-2.32218,50.71441],[-2.32331,50.71454],[-2.32258,50.71567],[-2.32303,50.71587],[-2.32718,50.71659],[-2.32662,50.71381],[-2.3272,50.71135],[-2.3209,50.71189],[-2.31946,50.71191],[-2.31925,50.7127],[-2.31779,50.71201],[-2.311,50.71238]]]},"properties":{"grade":"2"}},
{"type":"Feature","geometry":{"type":"Polygon","coordinates":[[[-2.55026,50.71552],[-2.55014,50.71489],[-2.54908,50.71344],[-2.54647,50.71352],[-2.54616,50.7141],[-2.54345,50.71429],[-2.54447,50.71429],[-2.54759,50.7148],[-2.55026,50.71552]]]},"properties":{"grade":"3b"}},
{"type":"Feature","geometry":{"type":"Polygon","coordinates":[[[-2.53791,50.71326],[-2.53534,50.71143],[-2.53323,50.71249],[-2.53478,50.71234],[-2.53595,50.71267],[-2.53695,50.71382],[-2.53517,50.71408],[-2.53679,50.71418],[-2.5381,50.71509],[-2.53829,50.71389],[-2.53791,50.71326]]]},"properties":{"grade":"3b"}},
{"type":"Feature","geometry":{"type":"Polygon","coordinates":[[[-2.47249,50.71529],[-2.47283,50.71532],[-2.47332,50.71332],[-2.47288,50.71437],[-2.47249,50.71529]]]},"properties":{"grade":"3b"}},
{"type":"Feature","geometry":{"type":"Polygon","coordinates":[[[-2.31444,50.71483],[-2.31487,50.71505],[-2.31736,50.71509],[-2.31903,50.71419],[-2.31894,50.71358],[-2.31795,50.71322],[-2.31579,50.71335],[-2.31492,50.71368],[-2.31444,50.71483]]]},"properties":{"grade":"3b"}},
{"type":"Feature","geometry":{"type":"Polygon","coordinates":[[[-2.30187,50.71289],[-2.30129,50.71391],[-2.30345,50.71392],[-2.30291,50.7147],[-2.30447,50.71509],[-2.30688,50.71478],[-2.30816,50.71497],[-2.30948,50.71396],[-2.3107,50.71392],[-2.31085,50.71239],[-2.30187,50.71289]]]},"properties":{"grade":"2"}},
{"type":"Feature","geometry":{"type":"Polygon","coordinates":[[[-2.53323,50.71249],[-2.53241,50.7131],[-2.53517,50.71408],[-2.53695,50.71382],[-2.53595,50.71267],[-2.53478,50.71234],[-2.53323,50.71249]]]},"properties":{"grade":"3a"}},
{"type":"Feature","geometry":{"type":"Polygon","coordinates":[[[-2.465,50.71407],[-2.46594,50.71398],[-2.46537,50.71359],[-2.465,50.71407]]]},"properties":{"grade":"2"}},
{"type":"Feature","geometry":{"type":"Polygon","coordinates":[[[-2.29676,50.71322],[-2.29659,50.71378],[-2.29863,50.71422],[-2.30047,50.714],[-2.29984,50.713],[-2.29676,50.71322]]]},"properties":{"grade":"3a"}},
{"type":"Feature","geometry":{"type":"Polygon","coordinates":[[[-2.30187,50.71289],[-2.29999,50.71299],[-2.30129,50.71391],[-2.30187,50.71289]]]},"properties":{"grade":"3a"}},
{"type":"Feature","geometry":{"type":"Polygon","coordinates":[[[-2.29676,50.71322],[-2.29511,50.71352],[-2.29659,50.71378],[-2.29676,50.71322]]]},"properties":{"grade":"2"}},
{"type":"Feature","geometry":{"type":"Polygon","coordinates":[[[-2.33361,50.71079],[-2.33365,50.71125],[-2.33471,50.71202],[-2.33352,50.71273],[-2.33401,50.71298],[-2.33751,50.71232],[-2.34255,50.71169],[-2.34464,50.71108],[-2.34424,50.71034],[-2.34168,50.71004],[-2.33361,50.71079]]]},"properties":{"grade":"1"}},
{"type":"Feature","geometry":{"type":"Polygon","coordinates":[[[-2.4587,50.7123],[-2.46026,50.71228],[-2.46022,50.7112],[-2.4587,50.7123]]]},"properties":{"grade":"2"}},
{"type":"Feature","geometry":{"type":"Polygon","coordinates":[[[-2.33361,50.71079],[-2.33214,50.71092],[-2.33212,50.71093],[-2.3315,50.71158],[-2.33352,50.71273],[-2.33471,50.71202],[-2.33365,50.71125],[-2.33361,50.71079]]]},"properties":{"grade":"2"}},
{"type":"Feature","geometry":{"type":"Polygon","coordinates":[[[-2.46194,50.7108],[-2.46164,50.712],[-2.46235,50.71225],[-2.47227,50.71218],[-2.47112,50.7113],[-2.46862,50.71061],[-2.46566,50.70905],[-2.46389,50.70759],[-2.46317,50.70887],[-2.4631,50.71108],[-2.46194,50.7108]]]},"properties":{"grade":"2"}},
{"type":"Feature","geometry":{"type":"Polygon","coordinates":[[[-2.46033,50.71116],[-2.46045,50.71199],[-2.4615,50.71198],[-2.4618,50.7108],[-2.46033,50.71116]]]},"properties":{"grade":"2"}},
{"type":"Feature","geometry":{"type":"Polygon","coordinates":[[[-2.31808,50.71199],[-2.3187,50.71214],[-2.31893,50.71194],[-2.31808,50.71199]]]},"properties":{"grade":"3b"}},
{"type":"Feature","geometry":{"type":"Polygon","coordinates":[[[-2.33044,50.71107],[-2.33051,50.71133],[-2.33114,50.71101],[-2.33044,50.71107]]]},"properties":{"grade":"1"}},
{"type":"Feature","geometry":{"type":"Polygon","coordinates":[[[-2.33044,50.71107],[-2.3291,50.71118],[-2.33051,50.71133],[-2.33044,50.71107]]]},"properties":{"grade":"2"}},
{"type":"Feature","geometry":{"type":"Polygon","coordinates":[[[-2.33214,50.71092],[-2.33144,50.71098],[-2.33212,50.71093],[-2.33214,50.71092]]]},"properties":{"grade":"1"}},
{"type":"Feature","geometry":{"type":"MultiPolygon","coordinates":[[[[-2.34434,50.71035],[-2.34473,50.71108],[-2.34896,50.7109],[-2.34434,50.71035]]],[[[-2.35093,50.71001],[-2.35298,50.70895],[-2.3527,50.70828],[-2.35203,50.70797],[-2.35093,50.71001]]]]},"properties":{"grade":"1"}},
{"type":"Feature","geometry":{"type":"Polygon","coordinates":[[[-2.46275,50.70984],[-2.463,50.70898],[-2.4607,50.70895],[-2.46069,50.7101],[-2.46275,50.70984]]]},"properties":{"grade":"2"}},
{"type":"Feature","geometry":{"type":"Polygon","coordinates":[[[-2.45538,50.70634],[-2.45496,50.70908],[-2.4564,50.70906],[-2.45672,50.70659],[-2.45932,50.70656],[-2.45884,50.70901],[-2.46189,50.70887],[-2.4633,50.70822],[-2.46326,50.707],[-2.46146,50.70556],[-2.45821,50.70576],[-2.457,50.70623],[-2.45538,50.70634]]]},"properties":{"grade":"3a"}},
{"type":"Feature","geometry":{"type":"Polygon","coordinates":[[[-2.46189,50.70887],[-2.463,50.70889],[-2.4633,50.70822],[-2.46189,50.70887]]]},"properties":{"grade":"2"}},
{"type":"Feature","geometry":{"type":"Polygon","coordinates":[[[-2.3527,50.70828],[-2.35417,50.70865],[-2.35427,50.70734],[-2.35407,50.70496],[-2.35297,50.70614],[-2.35203,50.70797],[-2.3527,50.70828]]]},"properties":{"grade":"2"}},
{"type":"Feature","geometry":{"type":"Polygon","coordinates":[[[-2.46146,50.70556],[-2.4581,50.70329],[-2.45722,50.70348],[-2.4569,50.70515],[-2.45554,50.70507],[-2.45538,50.70634],[-2.457,50.70623],[-2.45821,50.70576],[-2.46146,50.70556]]]},"properties":{"grade":"2"}},
{"type":"Feature","geometry":{"type":"Polygon","coordinates":[[[-2.38205,50.70263],[-2.38279,50.70245],[-2.38386,50.70216],[-2.38343,50.70128],[-2.38179,50.70157],[-2.38075,50.70229],[-2.37967,50.70257],[-2.37678,50.70209],[-2.377,50.70101],[-2.37668,50.70051],[-2.37473,50.70062],[-2.37338,50.70248],[-2.37407,50.70291],[-2.37617,50.70341],[-2.37942,50.70345],[-2.38271,50.70329],[-2.38205,50.70263]]]},"properties":{"grade":"3b"}},
{"type":"Feature","geometry":{"type":"Polygon","coordinates":[[[-2.38271,50.70329],[-2.38667,50.70305],[-2.38601,50.70168],[-2.38682,50.70053],[-2.38599,50.69935],[-2.38127,50.70033],[-2.37668,50.70051],[-2.377,50.70101],[-2.37678,50.70209],[-2.37967,50.70257],[-2.38075,50.70229],[-2.38179,50.70157],[-2.38343,50.70128],[-2.38386,50.70216],[-2.38279,50.70245],[-2.38205,50.70263],[-2.38271,50.70329]]]},"properties":{"grade":"1"}},
{"type":"Feature","geometry":{"type":"Polygon","coordinates":[[[-2.37645,50.7002],[-2.37501,50.70001],[-2.3749,50.70046],[-2.37677,50.70042],[-2.37645,50.7002]]]},"properties":{"grade":"3b"}},
{"type":"Feature","geometry":{"type":"Polygon","coordinates":[[[-2.37677,50.70042],[-2.38081,50.70028],[-2.38607,50.69917],[-2.38725,50.69749],[-2.38743,50.69603],[-2.38585,50.69659],[-2.38404,50.69698],[-2.38079,50.69704],[-2.3791,50.69791],[-2.37707,50.69927],[-2.37645,50.7002],[-2.37677,50.70042]]]},"properties":{"grade":"1"}},
{"type":"Feature","geometry":{"type":"Polygon","coordinates":[[[-2.37645,50.7002],[-2.37707,50.69927],[-2.3791,50.69791],[-2.38079,50.69704],[-2.37654,50.69709],[-2.37551,50.69879],[-2.37501,50.70001],[-2.37645,50.7002]]]},"properties":{"grade":"2"}},
{"type":"Feature","geometry":{"type":"Polygon","coordinates":[[[-2.3658,50.69603],[-2.36491,50.69848],[-2.36851,50.69899],[-2.36937,50.69652],[-2.3658,50.69603]]]},"properties":{"grade":"2"}},
{"type":"Feature","geometry":{"type":"Polygon","coordinates":[[[-2.50232,50.62748],[-2.50407,50.62749],[-2.50381,50.62618],[-2.50214,50.6261],[-2.50232,50.62748]]]},"properties":{"grade":"3b"}},
{"type":"Feature","geometry":{"type":"Polygon","coordinates":[[[-2.50438,50.62718],[-2.50455,50.62743],[-2.50783,50.62695],[-2.50745,50.62546],[-2.50603,50.62561],[-2.50547,50.62612],[-2.50403,50.62647],[-2.50438,50.62718]]]},"properties":{"grade":"3b"}},
{"type":"Feature","geometry":{"type":"Polygon","coordinates":[[[-2.50234,50.61894],[-2.50221,50.61996],[-2.50301,50.62088],[-2.50544,50.62279],[-2.506,50.62295],[-2.50747,50.6221],[-2.50583,50.61987],[-2.50698,50.61946],[-2.50516,50.61759],[-2.50431,50.61819],[-2.50343,50.61787],[-2.50152,50.61831],[-2.50234,50.61894]]]},"properties":{"grade":"3b"}},
{"type":"Feature","geometry":{"type":"Polygon","coordinates":[[[-1.81835,50.90881],[-1.81852,50.90912],[-1.81938,50.91013],[-1.81954,50.91034],[-1.81956,50.91033],[-1.81837,50.90881],[-1.81835,50.90881]]]},"properties":{"grade":"3a"}},
{"type":"Feature","geometry":{"type":"MultiPolygon","coordinates":[[[[-1.81954,50.91034],[-1.81961,50.91044],[-1.81956,50.91033],[-1.81954,50.91034]]],[[[-1.82038,50.91212],[-1.82009,50.91221],[-1.82038,50.91213],[-1.82038,50.91212]]]]},"properties":{"grade":"3b"}},
{"type":"Feature","geometry":{"type":"Polygon","coordinates":[[[-1.81837,50.90881],[-1.81754,50.90735],[-1.81757,50.90747],[-1.81814,50.90844],[-1.81835,50.90881],[-1.81837,50.90881]]]},"properties":{"grade":"3b"}},
{"type":"Feature","geometry":{"type":"MultiPolygon","coordinates":[[[[-1.81666,50.90434],[-1.81669,50.90445],[-1.81672,50.90471],[-1.81688,50.9047],[-1.81666,50.90434]]],[[[-1.81693,50.90477],[-1.81724,50.90536],[-1.81722,50.90525],[-1.81693,50.90477]]],[[[-1.81742,50.90661],[-1.81748,50.90709],[-1.81751,50.9072],[-1.81742,50.90661]]]]},"properties":{"grade":"3a"}},
{"type":"Feature","geometry":{"type":"Polygon","coordinates":[[[-1.80741,50.78736],[-1.80764,50.78626],[-1.80603,50.78403],[-1.80305,50.78359],[-1.80143,50.7842],[-1.80078,50.78505],[-1.802,50.78575],[-1.80265,50.78546],[-1.80452,50.7866],[-1.80741,50.78736]]]},"properties":{"grade":"3b"}},
{"type":"Feature","geometry":{"type":"Polygon","coordinates":[[[-1.91127,50.77765],[-1.91146,50.77842],[-1.90996,50.77865],[-1.91041,50.78299],[-1.91094,50.78356],[-1.91049,50.78425],[-1.91463,50.7852],[-1.91659,50.78384],[-1.91648,50.78265],[-1.91713,50.78134],[-1.91801,50.78035],[-1.9181,50.77943],[-1.92,50.77794],[-1.91952,50.77737],[-1.91788,50.7776],[-1.91651,50.77816],[-1.91515,50.77835],[-1.91376,50.77769],[-1.91127,50.77765]]]},"properties":{"grade":"2"}},
{"type":"Feature","geometry":{"type":"Polygon","coordinates":[[[-1.80217,50.7835],[-1.80241,50.78214],[-1.80215,50.78172],[-1.79773,50.78224],[-1.79872,50.78317],[-1.80073,50.78357],[-1.80217,50.7835]]]},"properties":{"grade":"3b"}},
{"type":"Feature","geometry":{"type":"Polygon","coordinates":[[[-1.80396,50.78329],[-1.80493,50.78279],[-1.80468,50.7825],[-1.80396,50.78329]]]},"properties":{"grade":"3b"}},
{"type":"Feature","geometry":{"type":"Polygon","coordinates":[[[-1.80673,50.77937],[-1.80563,50.77926],[-1.8057,50.78155],[-1.80723,50.78126],[-1.80724,50.78022],[-1.80673,50.77937]]]},"properties":{"grade":"3b"}},
{"type":"Feature","geometry":{"type":"Polygon","coordinates":[[[-1.86559,50.77939],[-1.86108,50.77956],[-1.86091,50.78071],[-1.86199,50.78104],[-1.86499,50.78111],[-1.86508,50.77976],[-1.86559,50.77939]]]},"properties":{"grade":"3b"}},
{"type":"Feature","geometry":{"type":"Polygon","coordinates":[[[-1.8556,50.78069],[-1.85603,50.78022],[-1.85924,50.78038],[-1.86026,50.78058],[-1.86085,50.7797],[-1.85972,50.77923],[-1.85626,50.77901],[-1.85532,50.7795],[-1.8556,50.78069]]]},"properties":{"grade":"3b"}},
{"type":"Feature","geometry":{"type":"Polygon","coordinates":[[[-1.82923,50.7784],[-1.82827,50.77791],[-1.82748,50.77586],[-1.8255,50.77471],[-1.82437,50.77442],[-1.82301,50.77319],[-1.82275,50.77413],[-1.82343,50.77481],[-1.82422,50.77464],[-1.8251,50.77586],[-1.82419,50.77606],[-1.82506,50.77739],[-1.82665,50.77924],[-1.82858,50.77894],[-1.82923,50.7784]]]},"properties":{"grade":"3b"}},
{"type":"Feature","geometry":{"type":"Polygon","coordinates":[[[-1.85936,50.77677],[-1.85972,50.779],[-1.86233,50.77922],[-1.86559,50.77913],[-1.86529,50.776],[-1.86535,50.77388],[-1.8632,50.7746],[-1.86005,50.77499],[-1.86129,50.77546],[-1.86106,50.77632],[-1.85936,50.77677]]]},"properties":{"grade":"3b"}},
{"type":"Feature","geometry":{"type":"Polygon","coordinates":[[[-1.91952,50.77737],[-1.91887,50.77576],[-1.91825,50.77504],[-1.91677,50.77481],[-1.91527,50.77398],[-1.9138,50.77479],[-1.9155,50.77621],[-1.91464,50.77659],[-1.91192,50.77652],[-1.91093,50.77693],[-1.91127,50.77765],[-1.91376,50.77769],[-1.91515,50.77835],[-1.91651,50.77816],[-1.91788,50.7776],[-1.91952,50.77737]]]},"properties":{"grade":"3a"}},
{"type":"Feature","geometry":{"type":"Polygon","coordinates":[[[-1.82417,50.77246],[-1.82448,50.77307],[-1.82355,50.77363],[-1.82437,50.77431],[-1.82646,50.77502],[-1.8274,50.77561],[-1.82878,50.77592],[-1.82887,50.77637],[-1.8315,50.77693],[-1.832,50.77456],[-1.83183,50.77436],[-1.8261,50.77277],[-1.82417,50.77246]]]},"properties":{"grade":"3b"}},
{"type":"Feature","geometry":{"type":"Polygon","coordinates":[[[-1.84629,50.77566],[-1.84583,50.77646],[-1.84864,50.77692],[-1.84901,50.77588],[-1.84796,50.77596],[-1.84629,50.77566]]]},"properties":{"grade":"3a"}},
{"type":"Feature","geometry":{"type":"Polygon","coordinates":[[[-1.86005,50.77499],[-1.85857,50.77544],[-1.858,50.77522],[-1.85604,50.77547],[-1.85851,50.77625],[-1.85936,50.77677],[-1.86106,50.77632],[-1.86129,50.77546],[-1.86005,50.77499]]]},"properties":{"grade":"3a"}},
{"type":"Feature","geometry":{"type":"Polygon","coordinates":[[[-1.9138,50.77479],[-1.91221,50.77587],[-1.91192,50.77652],[-1.91464,50.77659],[-1.9155,50.77621],[-1.9138,50.77479]]]},"properties":{"grade":"2"}},
{"type":"Feature","geometry":{"type":"Polygon","coordinates":[[[-1.83911,50.7753],[-1.84107,50.77554],[-1.84362,50.77614],[-1.84402,50.7752],[-1.84198,50.77484],[-1.84224,50.77432],[-1.84065,50.77362],[-1.83912,50.77329],[-1.83886,50.77318],[-1.83713,50.77331],[-1.83685,50.77392],[-1.83911,50.7753]]]},"properties":{"grade":"3a"}},
{"type":"Feature","geometry":{"type":"Polygon","coordinates":[[[-1.84901,50.77588],[-1.84921,50.77514],[-1.85035,50.7739],[-1.84993,50.77295],[-1.84761,50.77154],[-1.84741,50.7699],[-1.8467,50.76938],[-1.84441,50.769],[-1.84287,50.77223],[-1.84542,50.77323],[-1.84573,50.77296],[-1.84454,50.772],[-1.84514,50.77155],[-1.84672,50.77208],[-1.84681,50.77211],[-1.84868,50.77325],[-1.84774,50.77391],[-1.84581,50.77299],[-1.84686,50.77476],[-1.84629,50.77566],[-1.84796,50.77596],[-1.84901,50.77588]]]},"properties":{"grade":"3b"}},
{"type":"Feature","geometry":{"type":"Polygon","coordinates":[[[-1.83886,50.77318],[-1.8387,50.77253],[-1.83734,50.77181],[-1.836,50.77172],[-1.83518,50.77316],[-1.83384,50.77474],[-1.83554,50.77507],[-1.83911,50.7753],[-1.83685,50.77392],[-1.83713,50.77331],[-1.83886,50.77318]]]},"properties":{"grade":"3b"}},
{"type":"Feature","geometry":{"type":"Polygon","coordinates":[[[-1.76877,50.76983],[-1.76524,50.77129],[-1.76402,50.77104],[-1.76165,50.76958],[-1.76068,50.77031],[-1.76305,50.77285],[-1.76276,50.77498],[-1.76323,50.77496],[-1.76345,50.77485],[-1.76384,50.77469],[-1.76748,50.77297],[-1.76758,50.77291],[-1.76759,50.77292],[-1.76975,50.7719],[-1.76972,50.77119],[-1.76877,50.76983]]]},"properties":{"grade":"2"}},
{"type":"Feature","geometry":{"type":"Polygon","coordinates":[[[-1.86034,50.77267],[-1.8615,50.7724],[-1.8613,50.77188],[-1.86159,50.77165],[-1.86309,50.77181],[-1.86425,50.77161],[-1.86485,50.771],[-1.8646,50.76942],[-1.86386,50.76942],[-1.86098,50.7676],[-1.85913,50.76902],[-1.85759,50.76965],[-1.85714,50.77035],[-1.85742,50.77125],[-1.85631,50.7729],[-1.85534,50.77317],[-1.8563,50.77445],[-1.8582,50.77486],[-1.86172,50.77425],[-1.86206,50.77346],[-1.86045,50.77375],[-1.85775,50.77389],[-1.85761,50.77333],[-1.86034,50.77267]]]},"properties":{"grade":"3b"}},
{"type":"Feature","geometry":{"type":"Polygon","coordinates":[[[-1.83171,50.77409],[-1.83353,50.77465],[-1.83575,50.77188],[-1.83365,50.77116],[-1.83295,50.77033],[-1.8323,50.76882],[-1.83213,50.76765],[-1.82751,50.7675],[-1.82712,50.76671],[-1.82289,50.76713],[-1.82249,50.76798],[-1.82288,50.7685],[-1.82419,50.7687],[-1.82503,50.76985],[-1.82648,50.77002],[-1.82787,50.77031],[-1.82883,50.77099],[-1.82965,50.77259],[-1.83104,50.77234],[-1.83268,50.77235],[-1.83305,50.77269],[-1.83177,50.77364],[-1.83171,50.77409]]]},"properties":{"grade":"2"}},
{"type":"Feature","geometry":{"type":"Polygon","coordinates":[[[-1.84224,50.77432],[-1.84249,50.77367],[-1.83949,50.77299],[-1.83912,50.77329],[-1.84065,50.77362],[-1.84224,50.77432]]]},"properties":{"grade":"3b"}},
{"type":"Feature","geometry":{"type":"Polygon","coordinates":[[[-1.84252,50.77339],[-1.84436,50.77429],[-1.8449,50.77371],[-1.84252,50.77339]]]},"properties":{"grade":"3b"}},
{"type":"Feature","geometry":{"type":"Polygon","coordinates":[[[-1.82648,50.77002],[-1.82656,50.77059],[-1.82523,50.77072],[-1.82614,50.77106],[-1.8271,50.77189],[-1.82712,50.77284],[-1.83171,50.77409],[-1.83177,50.77364],[-1.83305,50.77269],[-1.83268,50.77235],[-1.83104,50.77234],[-1.82965,50.77259],[-1.82883,50.77099],[-1.82787,50.77031],[-1.82648,50.77002]]]},"properties":{"grade":"3a"}},
{"type":"Feature","geometry":{"type":"Polygon","coordinates":[[[-1.86564,50.77144],[-1.86264,50.77199],[-1.86144,50.77184],[-1.86229,50.77332],[-1.8634,50.773],[-1.86416,50.77411],[-1.86567,50.7737],[-1.86683,50.773],[-1.86564,50.77144]]]},"properties":{"grade":"3b"}},
{"type":"Feature","geometry":{"type":"Polygon","coordinates":[[[-1.84681,50.77211],[-1.84581,50.77299],[-1.84774,50.77391],[-1.84868,50.77325],[-1.84681,50.77211]]]},"properties":{"grade":"3a"}},
{"type":"Feature","geometry":{"type":"Polygon","coordinates":[[[-1.86045,50.77375],[-1.86034,50.77267],[-1.85761,50.77333],[-1.85775,50.77389],[-1.86045,50.77375]]]},"properties":{"grade":"3a"}},
{"type":"Feature","geometry":{"type":"Polygon","coordinates":[[[-1.83683,50.77117],[-1.83949,50.77286],[-1.84201,50.77335],[-1.84252,50.7725],[-1.84054,50.77214],[-1.83958,50.77173],[-1.83819,50.7707],[-1.83697,50.77012],[-1.83539,50.77037],[-1.83683,50.77117]]]},"properties":{"grade":"4"}},
{"type":"Feature","geometry":{"type":"Polygon","coordinates":[[[-1.84573,50.77296],[-1.84672,50.77208],[-1.84514,50.77155],[-1.84454,50.772],[-1.84573,50.77296]]]},"properties":{"grade":"3a"}},
{"type":"Feature","geometry":{"type":"Polygon","coordinates":[[[-1.82523,50.77072],[-1.82313,50.77087],[-1.82352,50.77221],[-1.82712,50.77284],[-1.8271,50.77189],[-1.82614,50.77106],[-1.82523,50.77072]]]},"properties":{"grade":"2"}},
{"type":"Feature","geometry":{"type":"Polygon","coordinates":[[[-1.84252,50.7725],[-1.84341,50.77044],[-1.838,50.76904],[-1.83697,50.77012],[-1.83819,50.7707],[-1.83958,50.77173],[-1.84054,50.77214],[-1.84252,50.7725]]]},"properties":{"grade":"3b"}},
{"type":"Feature","geometry":{"type":"Polygon","coordinates":[[[-1.76465,50.7648],[-1.75973,50.7668],[-1.75388,50.76872],[-1.7567,50.77169],[-1.75983,50.7706],[-1.76256,50.76839],[-1.76501,50.76705],[-1.76535,50.76635],[-1.76465,50.7648]]]},"properties":{"grade":"2"}},
{"type":"Feature","geometry":{"type":"Polygon","coordinates":[[[-1.76173,50.76949],[-1.76411,50.77097],[-1.76521,50.77119],[-1.76868,50.76972],[-1.76767,50.76874],[-1.76636,50.76791],[-1.7656,50.76701],[-1.76461,50.76789],[-1.76276,50.76866],[-1.76173,50.76949]]]},"properties":{"grade":"2"}},
{"type":"Feature","geometry":{"type":"Polygon","coordinates":[[[-1.83539,50.77037],[-1.83598,50.77107],[-1.83683,50.77117],[-1.83539,50.77037]]]},"properties":{"grade":"3b"}},
{"type":"Feature","geometry":{"type":"Polygon","coordinates":[[[-1.83459,50.76974],[-1.83621,50.77023],[-1.83689,50.77007],[-1.83386,50.76821],[-1.83324,50.7687],[-1.8338,50.76933],[-1.83459,50.76974]]]},"properties":{"grade":"4"}},
{"type":"Feature","geometry":{"type":"Polygon","coordinates":[[[-1.83689,50.77007],[-1.83789,50.76901],[-1.83398,50.76801],[-1.83386,50.76821],[-1.83689,50.77007]]]},"properties":{"grade":"3b"}},
{"type":"Feature","geometry":{"type":"Polygon","coordinates":[[[-1.82288,50.7685],[-1.82299,50.77001],[-1.82503,50.76985],[-1.82419,50.7687],[-1.82288,50.7685]]]},"properties":{"grade":"3a"}},
{"type":"Feature","geometry":{"type":"Polygon","coordinates":[[[-1.8338,50.76933],[-1.83354,50.76951],[-1.83434,50.76992],[-1.83459,50.76974],[-1.8338,50.76933]]]},"properties":{"grade":"3b"}},
{"type":"Feature","geometry":{"type":"Polygon","coordinates":[[[-1.83213,50.76765],[-1.83245,50.76675],[-1.82905,50.76662],[-1.82712,50.76671],[-1.82751,50.7675],[-1.83213,50.76765]]]},"properties":{"grade":"3a"}},
{"type":"Feature","geometry":{"type":"Polygon","coordinates":[[[-1.78572,50.76444],[-1.78694,50.76452],[-1.78974,50.76578],[-1.79093,50.76686],[-1.79263,50.76689],[-1.7923,50.76573],[-1.79088,50.76508],[-1.78984,50.7642],[-1.78862,50.76413],[-1.78743,50.76281],[-1.78687,50.76259],[-1.78525,50.76297],[-1.78572,50.76444]]]},"properties":{"grade":"3a"}},
{"type":"Feature","geometry":{"type":"Polygon","coordinates":[[[-1.78525,50.76297],[-1.78431,50.7634],[-1.78459,50.76415],[-1.78572,50.76444],[-1.78525,50.76297]]]},"properties":{"grade":"3b"}},
{"type":"Feature","geometry":{"type":"Polygon","coordinates":[[[-1.79007,50.76273],[-1.78904,50.76341],[-1.78924,50.76371],[-1.79009,50.7633],[-1.79007,50.76273]]]},"properties":{"grade":"3a"}},
{"type":"Feature","geometry":{"type":"Polygon","coordinates":[[[-1.78724,50.76195],[-1.78791,50.76292],[-1.79004,50.76264],[-1.78917,50.76183],[-1.78724,50.76195]]]},"properties":{"grade":"3b"}},
{"type":"Feature","geometry":{"type":"Polygon","coordinates":[[[-1.76088,50.75362],[-1.76085,50.75294],[-1.75896,50.75279],[-1.75859,50.75286],[-1.75819,50.75266],[-1.75776,50.753],[-1.75802,50.75342],[-1.75665,50.75428],[-1.75633,50.75539],[-1.75472,50.75571],[-1.75454,50.75728],[-1.76198,50.75469],[-1.76088,50.75362]]]},"properties":{"grade":"2"}},
{"type":"Feature","geometry":{"type":"Polygon","coordinates":[[[-1.75776,50.753],[-1.75515,50.75428],[-1.75472,50.75571],[-1.75633,50.75539],[-1.75665,50.75428],[-1.75802,50.75342],[-1.75776,50.753]]]},"properties":{"grade":"3a"}},
{"type":"Feature","geometry":{"type":"Polygon","coordinates":[[[-1.75564,50.75313],[-1.75526,50.75408],[-1.75757,50.75299],[-1.75564,50.75313]]]},"properties":{"grade":"3a"}},
{"type":"Feature","geometry":{"type":"Polygon","coordinates":[[[-1.76088,50.75362],[-1.76142,50.75355],[-1.7619,50.75274],[-1.76085,50.75294],[-1.76088,50.75362]]]},"properties":{"grade":"3a"}},
{"type":"Feature","geometry":{"type":"Polygon","coordinates":[[[-1.76142,50.75355],[-1.76301,50.75329],[-1.7619,50.75274],[-1.76142,50.75355]]]},"properties":{"grade":"3b"}},
{"type":"Feature","geometry":{"type":"Polygon","coordinates":[[[-1.75757,50.75299],[-1.75816,50.7525],[-1.75675,50.75115],[-1.75564,50.75313],[-1.75757,50.75299]]]},"properties":{"grade":"2"}},
{"type":"Feature","geometry":{"type":"Polygon","coordinates":[[[-1.75907,50.75272],[-1.76085,50.75285],[-1.76151,50.75141],[-1.7635,50.75104],[-1.76294,50.74953],[-1.76204,50.74927],[-1.75944,50.75189],[-1.75907,50.75272]]]},"properties":{"grade":"2"}},
{"type":"Feature","geometry":{"type":"Polygon","coordinates":[[[-1.75896,50.75279],[-1.75819,50.75266],[-1.75859,50.75286],[-1.75896,50.75279]]]},"properties":{"grade":"3a"}},
{"type":"Feature","geometry":{"type":"Polygon","coordinates":[[[-1.76085,50.75285],[-1.76196,50.75264],[-1.76285,50.75163],[-1.76373,50.75145],[-1.7635,50.75104],[-1.76151,50.75141],[-1.76085,50.75285]]]},"properties":{"grade":"3a"}},
{"type":"Feature","geometry":{"type":"Polygon","coordinates":[[[-1.75816,50.7525],[-1.75907,50.75272],[-1.75944,50.75189],[-1.76204,50.74927],[-1.76045,50.74909],[-1.75792,50.74991],[-1.75675,50.75115],[-1.75816,50.7525]]]},"properties":{"grade":"3a"}},
{"type":"Feature","geometry":{"type":"Polygon","coordinates":[[[-1.76196,50.75264],[-1.76338,50.75233],[-1.76373,50.75145],[-1.76285,50.75163],[-1.76196,50.75264]]]},"properties":{"grade":"3b"}},
{"type":"Feature","geometry":{"type":"Polygon","coordinates":[[[-1.76019,50.74905],[-1.75923,50.7488],[-1.75707,50.74912],[-1.75758,50.74984],[-1.76019,50.74905]]]},"properties":{"grade":"3a"}},
{"type":"Feature","geometry":{"type":"Polygon","coordinates":[[[-1.76019,50.74905],[-1.76215,50.74839],[-1.76255,50.74787],[-1.76066,50.74646],[-1.75891,50.74459],[-1.75661,50.74507],[-1.75624,50.74599],[-1.75707,50.74912],[-1.75923,50.7488],[-1.76019,50.74905]]]},"properties":{"grade":"2"}},
{"type":"Feature","geometry":{"type":"MultiPolygon","coordinates":[[[[-2.59737,50.96531],[-2.59747,50.96515],[-2.59748,50.96496],[-2.59746,50.96494],[-2.59737,50.96531]]],[[[-2.59729,50.96479],[-2.59719,50.96474],[-2.59695,50.96467],[-2.59668,50.96463],[-2.59658,50.96464],[-2.59729,50.96479]]]]},"properties":{"grade":"3a"}},
{"type":"Feature","geometry":{"type":"MultiPolygon","coordinates":[[[[-2.59524,50.963],[-2.59523,50.96294],[-2.59511,50.96262],[-2.59509,50.96258],[-2.59524,50.963]]],[[[-2.59527,50.96148],[-2.59529,50.96146],[-2.59533,50.96137],[-2.59534,50.96131],[-2.59527,50.96148]]],[[[-2.59611,50.96109],[-2.59623,50.96116],[-2.59645,50.96119],[-2.59611,50.96109]]],[[[-2.59699,50.96118],[-2.5972,50.96112],[-2.59746,50.96101],[-2.5975,50.96099],[-2.59699,50.96118]]]]},"properties":{"grade":"1"}},
{"type":"Feature","geometry":{"type":"Polygon","coordinates":[[[-2.59786,50.96081],[-2.59805,50.96067],[-2.59812,50.96057],[-2.59823,50.96028],[-2.59833,50.96014],[-2.59835,50.96004],[-2.59833,50.95977],[-2.59786,50.96081]]]},"properties":{"grade":"3b"}},
{"type":"Feature","geometry":{"type":"MultiPolygon","coordinates":[[[[-2.59905,50.95521],[-2.59919,50.95506],[-2.59946,50.95465],[-2.59955,50.95435],[-2.59905,50.95521]]],[[[-2.59954,50.95416],[-2.59953,50.95409],[-2.59945,50.95383],[-2.59929,50.95365],[-2.59921,50.95361],[-2.59954,50.95416]]],[[[-2.59881,50.95277],[-2.59921,50.9527],[-2.59936,50.95256],[-2.59936,50.95231],[-2.59881,50.95277]]]]},"properties":{"grade":"1"}},
{"type":"Feature","geometry":{"type":"Polygon","coordinates":[[[-2.86979,50.74324],[-2.87131,50.74248],[-2.8731,50.74301],[-2.87479,50.74235],[-2.87464,50.74168],[-2.87114,50.7421],[-2.86979,50.74324]]]},"properties":{"grade":"3b"}},
{"type":"Feature","geometry":{"type":"Polygon","coordinates":[[[-2.86979,50.74324],[-2.8684,50.74429],[-2.86916,50.74415],[-2.86968,50.74346],[-2.87187,50.74365],[-2.87807,50.74329],[-2.87851,50.74254],[-2.87711,50.7417],[-2.87612,50.74221],[-2.8754,50.74159],[-2.87464,50.74168],[-2.87479,50.74235],[-2.8731,50.74301],[-2.87131,50.74248],[-2.86979,50.74324]]]},"properties":{"grade":"3a"}},
{"type":"Feature","geometry":{"type":"Polygon","coordinates":[[[-2.86916,50.74415],[-2.87187,50.74365],[-2.86968,50.74346],[-2.86916,50.74415]]]},"properties":{"grade":"3b"}},
{"type":"Feature","geometry":{"type":"Polygon","coordinates":[[[-2.88783,50.74097],[-2.88661,50.74093],[-2.88541,50.74038],[-2.88276,50.74117],[-2.88201,50.74168],[-2.88268,50.74276],[-2.88667,50.74211],[-2.88783,50.74097]]]},"properties":{"grade":"3b"}},
{"type":"Feature","geometry":{"type":"Polygon","coordinates":[[[-2.87807,50.74329],[-2.88063,50.74248],[-2.88068,50.74173],[-2.88143,50.74088],[-2.8754,50.74159],[-2.87612,50.74221],[-2.87711,50.7417],[-2.87851,50.74254],[-2.87807,50.74329]]]},"properties":{"grade":"3b"}},
{"type":"Feature","geometry":{"type":"Polygon","coordinates":[[[-2.87135,50.74188],[-2.87206,50.74179],[-2.87167,50.74157],[-2.87135,50.74188]]]},"properties":{"grade":"3b"}},
{"type":"Feature","geometry":{"type":"Polygon","coordinates":[[[-2.874,50.74064],[-2.87293,50.74099],[-2.87257,50.74175],[-2.87512,50.74143],[-2.874,50.74064]]]},"properties":{"grade":"3b"}},
{"type":"Feature","geometry":{"type":"Polygon","coordinates":[[[-2.88012,50.73943],[-2.87713,50.74014],[-2.87797,50.74114],[-2.87995,50.74087],[-2.87985,50.74002],[-2.88042,50.73986],[-2.88012,50.73943]]]},"properties":{"grade":"3b"}},
{"type":"Feature","geometry":{"type":"Polygon","coordinates":[[[-2.88009,50.74042],[-2.88015,50.74085],[-2.88103,50.74074],[-2.88097,50.74052],[-2.88009,50.74042]]]},"properties":{"grade":"3b"}},
{"type":"Feature","geometry":{"type":"Polygon","coordinates":[[[-2.88042,50.73986],[-2.88159,50.74064],[-2.8823,50.74042],[-2.88403,50.73895],[-2.88012,50.73943],[-2.88042,50.73986]]]},"properties":{"grade":"4"}},
{"type":"Feature","geometry":{"type":"Polygon","coordinates":[[[-2.8823,50.74042],[-2.88583,50.74014],[-2.88809,50.73967],[-2.88718,50.7392],[-2.88624,50.73929],[-2.88646,50.73875],[-2.88403,50.73895],[-2.8823,50.74042]]]},"properties":{"grade":"3b"}},
{"type":"Feature","geometry":{"type":"Polygon","coordinates":[[[-2.88718,50.7392],[-2.88646,50.73875],[-2.88624,50.73929],[-2.88718,50.7392]]]},"properties":{"grade":"4"}},
{"type":"Feature","geometry":{"type":"MultiPolygon","coordinates":[[[[-2.35801,50.97745],[-2.35826,50.97742],[-2.3589,50.97729],[-2.35954,50.97715],[-2.35801,50.97745]]],[[[-2.36036,50.97699],[-2.36068,50.97696],[-2.3612,50.97685],[-2.36166,50.97673],[-2.36036,50.97699]]]]},"properties":{"grade":"4"}},
{"type":"Feature","geometry":{"type":"Polygon","coordinates":[[[-2.38482,50.97189],[-2.38504,50.97181],[-2.38566,50.97156],[-2.38482,50.97189]]]},"properties":{"grade":"4"}},
{"type":"Feature","geometry":{"type":"Polygon","coordinates":[[[-2.59932,50.95221],[-2.59925,50.9521],[-2.59906,50.95203],[-2.59932,50.95221]]]},"properties":{"grade":"1"}},
{"type":"Feature","geometry":{"type":"Polygon","coordinates":[[[-2.38086,50.9583],[-2.38255,50.95781],[-2.38212,50.95732],[-2.38086,50.9583]]]},"properties":{"grade":"3b"}},
{"type":"Feature","geometry":{"type":"Polygon","coordinates":[[[-2.86117,50.74475],[-2.86098,50.74351],[-2.8605,50.7435],[-2.86049,50.74477],[-2.86117,50.74475]]]},"properties":{"grade":"4"}},
{"type":"Feature","geometry":{"type":"Polygon","coordinates":[[[-2.8605,50.7435],[-2.85834,50.74319],[-2.85855,50.74396],[-2.85976,50.74471],[-2.86049,50.74477],[-2.8605,50.7435]]]},"properties":{"grade":"3b"}},
{"type":"Feature","geometry":{"type":"Polygon","coordinates":[[[-2.86117,50.74475],[-2.86605,50.74455],[-2.86545,50.74288],[-2.86202,50.74305],[-2.86098,50.74351],[-2.86117,50.74475]]]},"properties":{"grade":"3b"}},
{"type":"Feature","geometry":{"type":"Polygon","coordinates":[[[-2.85834,50.74319],[-2.8572,50.74311],[-2.85696,50.74401],[-2.85614,50.74383],[-2.85783,50.74463],[-2.85976,50.74471],[-2.85855,50.74396],[-2.85834,50.74319]]]},"properties":{"grade":"4"}},
{"type":"Feature","geometry":{"type":"Polygon","coordinates":[[[-2.85614,50.74383],[-2.85486,50.74348],[-2.85367,50.74382],[-2.85489,50.74388],[-2.85652,50.74461],[-2.85783,50.74463],[-2.85614,50.74383]]]},"properties":{"grade":"3b"}},
{"type":"Feature","geometry":{"type":"Polygon","coordinates":[[[-2.87114,50.7421],[-2.86994,50.74228],[-2.86883,50.74317],[-2.86768,50.74269],[-2.86573,50.74286],[-2.86622,50.74453],[-2.86774,50.74441],[-2.86833,50.74382],[-2.86979,50.74324],[-2.87114,50.7421]]]},"properties":{"grade":"3b"}},
{"type":"Feature","geometry":{"type":"Polygon","coordinates":[[[-2.85367,50.74382],[-2.85271,50.74393],[-2.85331,50.74409],[-2.85348,50.7443],[-2.85652,50.74461],[-2.85489,50.74388],[-2.85367,50.74382]]]},"properties":{"grade":"4"}},
{"type":"Feature","geometry":{"type":"Polygon","coordinates":[[[-2.86979,50.74324],[-2.86833,50.74382],[-2.86774,50.74441],[-2.8684,50.74429],[-2.86979,50.74324]]]},"properties":{"grade":"3a"}},
{"type":"Feature","geometry":{"type":"Polygon","coordinates":[[[-2.85271,50.74393],[-2.85348,50.7443],[-2.85331,50.74409],[-2.85271,50.74393]]]},"properties":{"grade":"3b"}},
{"type":"Feature","geometry":{"type":"Polygon","coordinates":[[[-2.85257,50.74228],[-2.85198,50.74293],[-2.85302,50.74353],[-2.85449,50.74345],[-2.85319,50.74242],[-2.85257,50.74228]]]},"properties":{"grade":"3a"}},
{"type":"Feature","geometry":{"type":"Polygon","coordinates":[[[-2.85449,50.74345],[-2.85635,50.74299],[-2.8578,50.74291],[-2.85793,50.74242],[-2.85864,50.74252],[-2.8585,50.7429],[-2.85964,50.74314],[-2.8651,50.74262],[-2.86572,50.74229],[-2.86557,50.74166],[-2.86468,50.74133],[-2.86321,50.7415],[-2.86257,50.74188],[-2.86099,50.74265],[-2.86036,50.74204],[-2.86083,50.74155],[-2.85663,50.74142],[-2.85486,50.74188],[-2.85324,50.74195],[-2.85257,50.74228],[-2.85319,50.74242],[-2.85449,50.74345]]]},"properties":{"grade":"4"}},
{"type":"Feature","geometry":{"type":"Polygon","coordinates":[[[-2.86994,50.74228],[-2.86768,50.74269],[-2.86883,50.74317],[-2.86994,50.74228]]]},"properties":{"grade":"4"}},
{"type":"Feature","geometry":{"type":"Polygon","coordinates":[[[-2.84968,50.74241],[-2.85085,50.74294],[-2.84966,50.74156],[-2.84941,50.74153],[-2.84968,50.74241]]]},"properties":{"grade":"3a"}},
{"type":"Feature","geometry":{"type":"Polygon","coordinates":[[[-2.84898,50.74302],[-2.84948,50.74259],[-2.84877,50.74223],[-2.84807,50.7426],[-2.84898,50.74302]]]},"properties":{"grade":"3b"}},
{"type":"Feature","geometry":{"type":"Polygon","coordinates":[[[-2.8578,50.74291],[-2.8585,50.7429],[-2.85864,50.74252],[-2.85793,50.74242],[-2.8578,50.74291]]]},"properties":{"grade":"5"}},
{"type":"Feature","geometry":{"type":"Polygon","coordinates":[[[-2.85085,50.74294],[-2.85129,50.74238],[-2.84966,50.74156],[-2.85085,50.74294]]]},"properties":{"grade":"4"}},
{"type":"Feature","geometry":{"type":"Polygon","coordinates":[[[-2.8651,50.74262],[-2.86918,50.74228],[-2.87,50.74201],[-2.86874,50.7418],[-2.86705,50.74215],[-2.86572,50.74229],[-2.8651,50.74262]]]},"properties":{"grade":"3a"}},
{"type":"Feature","geometry":{"type":"Polygon","coordinates":[[[-2.86257,50.74188],[-2.86083,50.74155],[-2.86036,50.74204],[-2.86099,50.74265],[-2.86257,50.74188]]]},"properties":{"grade":"3b"}},
{"type":"Feature","geometry":{"type":"Polygon","coordinates":[[[-2.86572,50.74229],[-2.86705,50.74215],[-2.86699,50.7417],[-2.86557,50.74166],[-2.86572,50.74229]]]},"properties":{"grade":"3b"}},
{"type":"Feature","geometry":{"type":"Polygon","coordinates":[[[-2.84941,50.74153],[-2.84854,50.74081],[-2.84813,50.73977],[-2.84726,50.74014],[-2.84781,50.74114],[-2.84968,50.74241],[-2.84941,50.74153]]]},"properties":{"grade":"4"}},
{"type":"Feature","geometry":{"type":"Polygon","coordinates":[[[-2.84966,50.74156],[-2.85129,50.74238],[-2.85225,50.74188],[-2.85148,50.74182],[-2.85042,50.74096],[-2.84873,50.74017],[-2.84917,50.73948],[-2.84645,50.7379],[-2.84533,50.73855],[-2.84531,50.73897],[-2.84599,50.7393],[-2.84727,50.73913],[-2.84813,50.73977],[-2.84854,50.74081],[-2.84941,50.74153],[-2.84966,50.74156]]]},"properties":{"grade":"3b"}},
{"type":"Feature","geometry":{"type":"Polygon","coordinates":[[[-2.86874,50.7418],[-2.86891,50.7416],[-2.86862,50.74112],[-2.86878,50.74086],[-2.86699,50.7417],[-2.86705,50.74215],[-2.86874,50.7418]]]},"properties":{"grade":"4"}},
{"type":"Feature","geometry":{"type":"Polygon","coordinates":[[[-2.84749,50.74187],[-2.84744,50.74223],[-2.84809,50.74217],[-2.84814,50.74186],[-2.84749,50.74187]]]},"properties":{"grade":"3b"}},
{"type":"Feature","geometry":{"type":"Polygon","coordinates":[[[-2.87167,50.74157],[-2.87045,50.74069],[-2.86878,50.74086],[-2.86862,50.74112],[-2.86891,50.7416],[-2.86874,50.7418],[-2.87,50.74201],[-2.87135,50.74188],[-2.87167,50.74157]]]},"properties":{"grade":"3b"}},
{"type":"Feature","geometry":{"type":"Polygon","coordinates":[[[-2.85287,50.74165],[-2.85422,50.7414],[-2.85402,50.74092],[-2.85328,50.74065],[-2.85287,50.74165]]]},"properties":{"grade":"3b"}},
{"type":"Feature","geometry":{"type":"Polygon","coordinates":[[[-2.85225,50.74188],[-2.85228,50.74023],[-2.85148,50.73993],[-2.84627,50.73716],[-2.84645,50.7379],[-2.84917,50.73948],[-2.84873,50.74017],[-2.85042,50.74096],[-2.85148,50.74182],[-2.85225,50.74188]],[[-2.8498,50.73991],[-2.85052,50.74021],[-2.84958,50.74032],[-2.8498,50.73991]]]},"properties":{"grade":"4"}},
{"type":"Feature","geometry":{"type":"Polygon","coordinates":[[[-2.84814,50.74186],[-2.84759,50.74145],[-2.84749,50.74187],[-2.84814,50.74186]]]},"properties":{"grade":"4"}},
{"type":"Feature","geometry":{"type":"Polygon","coordinates":[[[-2.85328,50.74065],[-2.85229,50.74118],[-2.85287,50.74165],[-2.85328,50.74065]]]},"properties":{"grade":"4"}},
{"type":"Feature","geometry":{"type":"Polygon","coordinates":[[[-2.84481,50.74147],[-2.84575,50.7417],[-2.84581,50.7415],[-2.84481,50.74147]]]},"properties":{"grade":"4"}},
{"type":"Feature","geometry":{"type":"Polygon","coordinates":[[[-2.85422,50.7414],[-2.85592,50.74137],[-2.85402,50.74092],[-2.85422,50.7414]]]},"properties":{"grade":"4"}},
{"type":"Feature","geometry":{"type":"Polygon","coordinates":[[[-2.84481,50.74147],[-2.84444,50.74111],[-2.84376,50.74121],[-2.84481,50.74147]]]},"properties":{"grade":"4"}},
{"type":"Feature","geometry":{"type":"Polygon","coordinates":[[[-2.84359,50.74119],[-2.84359,50.74105],[-2.8426,50.74106],[-2.84359,50.74119]]]},"properties":{"grade":"3b"}},
{"type":"Feature","geometry":{"type":"Polygon","coordinates":[[[-2.84813,50.73977],[-2.84722,50.73948],[-2.84532,50.73988],[-2.84542,50.74071],[-2.84667,50.74072],[-2.84781,50.74114],[-2.84726,50.74014],[-2.84813,50.73977]]]},"properties":{"grade":"3b"}},
{"type":"Feature","geometry":{"type":"Polygon","coordinates":[[[-2.8398,50.73996],[-2.83935,50.74038],[-2.84081,50.74092],[-2.84171,50.74038],[-2.84259,50.73902],[-2.84152,50.73768],[-2.84175,50.73658],[-2.8415,50.73657],[-2.84127,50.73682],[-2.84044,50.73767],[-2.83995,50.73717],[-2.83916,50.73766],[-2.83875,50.73704],[-2.83945,50.73633],[-2.8386,50.73614],[-2.83609,50.73693],[-2.83522,50.73758],[-2.838,50.73931],[-2.83831,50.73938],[-2.83915,50.73844],[-2.84005,50.738],[-2.84107,50.73824],[-2.84142,50.73891],[-2.84129,50.73954],[-2.8398,50.73996]],[[-2.83624,50.73722],[-2.83841,50.7383],[-2.83762,50.73884],[-2.83619,50.73792],[-2.83624,50.73722]]]},"properties":{"grade":"3b"}},
{"type":"Feature","geometry":{"type":"Polygon","coordinates":[[[-2.84171,50.74038],[-2.84431,50.74013],[-2.84434,50.73878],[-2.84259,50.73902],[-2.84171,50.74038]]]},"properties":{"grade":"2"}},
{"type":"Feature","geometry":{"type":"Polygon","coordinates":[[[-2.83305,50.73981],[-2.83558,50.74039],[-2.83806,50.74073],[-2.83836,50.74035],[-2.83701,50.7394],[-2.83305,50.73981]]]},"properties":{"grade":"2"}},
{"type":"Feature","geometry":{"type":"Polygon","coordinates":[[[-2.8498,50.73991],[-2.84958,50.74032],[-2.85052,50.74021],[-2.8498,50.73991]]]},"properties":{"grade":"3b"}},
{"type":"Feature","geometry":{"type":"Polygon","coordinates":[[[-2.84142,50.73891],[-2.83958,50.73876],[-2.83915,50.73844],[-2.83831,50.73938],[-2.8398,50.73996],[-2.84129,50.73954],[-2.84142,50.73891]]]},"properties":{"grade":"2"}},
{"type":"Feature","geometry":{"type":"Polygon","coordinates":[[[-2.84531,50.73897],[-2.84505,50.73893],[-2.84532,50.73988],[-2.84722,50.73948],[-2.84813,50.73977],[-2.84727,50.73913],[-2.84599,50.7393],[-2.84531,50.73897]]]},"properties":{"grade":"2"}},
{"type":"Feature","geometry":{"type":"Polygon","coordinates":[[[-2.83701,50.7394],[-2.83592,50.73869],[-2.8348,50.73933],[-2.83336,50.73972],[-2.83368,50.73862],[-2.83252,50.7371],[-2.83024,50.73629],[-2.82718,50.73635],[-2.82927,50.73576],[-2.82786,50.73461],[-2.82272,50.73422],[-2.82365,50.73556],[-2.82415,50.73644],[-2.82646,50.73727],[-2.8261,50.7377],[-2.8286,50.7384],[-2.82836,50.73736],[-2.83009,50.73737],[-2.82929,50.73847],[-2.83129,50.73781],[-2.83231,50.73804],[-2.8323,50.73928],[-2.83305,50.73981],[-2.83701,50.7394]],[[-2.82528,50.73492],[-2.82575,50.73574],[-2.82388,50.73552],[-2.82528,50.73492]]]},"properties":{"grade":"3b"}},
{"type":"Feature","geometry":{"type":"Polygon","coordinates":[[[-2.83592,50.73869],[-2.83386,50.73727],[-2.83252,50.7371],[-2.83368,50.73862],[-2.83336,50.73972],[-2.8348,50.73933],[-2.83592,50.73869]]]},"properties":{"grade":"4"}},
{"type":"Feature","geometry":{"type":"Polygon","coordinates":[[[-2.83522,50.73758],[-2.83491,50.73775],[-2.83724,50.73939],[-2.838,50.73931],[-2.83522,50.73758]]]},"properties":{"grade":"2"}},
{"type":"Feature","geometry":{"type":"Polygon","coordinates":[[[-2.84259,50.73902],[-2.84434,50.73878],[-2.8455,50.73837],[-2.84313,50.73769],[-2.84354,50.73679],[-2.84175,50.73658],[-2.84152,50.73768],[-2.84259,50.73902]]]},"properties":{"grade":"3a"}},
{"type":"Feature","geometry":{"type":"Polygon","coordinates":[[[-2.84533,50.73855],[-2.84505,50.73893],[-2.84531,50.73897],[-2.84533,50.73855]]]},"properties":{"grade":"3a"}},
{"type":"Feature","geometry":{"type":"Polygon","coordinates":[[[-2.83915,50.73844],[-2.83958,50.73876],[-2.84142,50.73891],[-2.84107,50.73824],[-2.84005,50.738],[-2.83915,50.73844]]]},"properties":{"grade":"3a"}},
{"type":"Feature","geometry":{"type":"Polygon","coordinates":[[[-2.83624,50.73722],[-2.83619,50.73792],[-2.83762,50.73884],[-2.83841,50.7383],[-2.83624,50.73722]]]},"properties":{"grade":"4"}},
{"type":"Feature","geometry":{"type":"Polygon","coordinates":[[[-2.8286,50.7384],[-2.82929,50.73847],[-2.83009,50.73737],[-2.82836,50.73736],[-2.8286,50.7384]]]},"properties":{"grade":"3a"}},
{"type":"Feature","geometry":{"type":"Polygon","coordinates":[[[-2.8455,50.73837],[-2.84614,50.73795],[-2.8452,50.7374],[-2.84354,50.73679],[-2.84313,50.73769],[-2.8455,50.73837]]]},"properties":{"grade":"3b"}},
{"type":"Feature","geometry":{"type":"Polygon","coordinates":[[[-2.84614,50.73795],[-2.84622,50.7377],[-2.8452,50.7374],[-2.84614,50.73795]]]},"properties":{"grade":"4"}},
{"type":"Feature","geometry":{"type":"Polygon","coordinates":[[[-2.83875,50.73704],[-2.83995,50.73717],[-2.84044,50.73767],[-2.84127,50.73682],[-2.8415,50.73657],[-2.83945,50.73633],[-2.83875,50.73704]]]},"properties":{"grade":"4"}},
{"type":"Feature","geometry":{"type":"Polygon","coordinates":[[[-2.83995,50.73717],[-2.83875,50.73704],[-2.83916,50.73766],[-2.83995,50.73717]]]},"properties":{"grade":"2"}},
{"type":"Feature","geometry":{"type":"Polygon","coordinates":[[[-2.82365,50.73556],[-2.8225,50.73595],[-2.8233,50.73688],[-2.8261,50.7377],[-2.82646,50.73727],[-2.82415,50.73644],[-2.82365,50.73556]]]},"properties":{"grade":"3a"}},
{"type":"Feature","geometry":{"type":"Polygon","coordinates":[[[-2.83211,50.73653],[-2.83422,50.73691],[-2.83312,50.73591],[-2.83211,50.73653]]]},"properties":{"grade":"3b"}},
{"type":"Feature","geometry":{"type":"Polygon","coordinates":[[[-2.82156,50.73743],[-2.8224,50.73715],[-2.82211,50.73651],[-2.82137,50.73669],[-2.82156,50.73743]]]},"properties":{"grade":"3a"}},
{"type":"Feature","geometry":{"type":"Polygon","coordinates":[[[-2.81879,50.73724],[-2.82065,50.73736],[-2.82058,50.73654],[-2.82164,50.73567],[-2.82143,50.73491],[-2.82007,50.73505],[-2.81971,50.73412],[-2.81879,50.73724]]]},"properties":{"grade":"3a"}},
{"type":"Feature","geometry":{"type":"Polygon","coordinates":[[[-2.83579,50.73605],[-2.83398,50.73646],[-2.83427,50.73685],[-2.83741,50.73647],[-2.83786,50.736],[-2.83639,50.73659],[-2.83579,50.73605]]]},"properties":{"grade":"3b"}},
{"type":"Feature","geometry":{"type":"Polygon","coordinates":[[[-2.83786,50.736],[-2.83579,50.73605],[-2.83639,50.73659],[-2.83786,50.736]]]},"properties":{"grade":"4"}},
{"type":"Feature","geometry":{"type":"Polygon","coordinates":[[[-2.83312,50.73591],[-2.83102,50.73547],[-2.83166,50.73653],[-2.83211,50.73653],[-2.83312,50.73591]]]},"properties":{"grade":"3a"}},
{"type":"Feature","geometry":{"type":"Polygon","coordinates":[[[-2.83102,50.73547],[-2.82951,50.73496],[-2.82894,50.73525],[-2.83069,50.73625],[-2.83166,50.73653],[-2.83102,50.73547]]]},"properties":{"grade":"3b"}},
{"type":"Feature","geometry":{"type":"Polygon","coordinates":[[[-2.83024,50.73629],[-2.82927,50.73576],[-2.82718,50.73635],[-2.83024,50.73629]]]},"properties":{"grade":"4"}},
{"type":"Feature","geometry":{"type":"Polygon","coordinates":[[[-2.82272,50.73422],[-2.82147,50.73426],[-2.82228,50.7351],[-2.8225,50.73595],[-2.82365,50.73556],[-2.82272,50.73422]]]},"properties":{"grade":"2"}},
{"type":"Feature","geometry":{"type":"Polygon","coordinates":[[[-2.18808,50.72338],[-2.18797,50.72462],[-2.19784,50.72825],[-2.19906,50.72832],[-2.20022,50.72632],[-2.19809,50.72501],[-2.19672,50.72457],[-2.19426,50.72484],[-2.1902,50.72348],[-2.18887,50.72278],[-2.18808,50.72338]]]},"properties":{"grade":"1"}},
{"type":"Feature","geometry":{"type":"Polygon","coordinates":[[[-2.20003,50.72323],[-2.19861,50.72266],[-2.19649,50.72225],[-2.19507,50.7214],[-2.19447,50.72045],[-2.19433,50.7202],[-2.19353,50.71925],[-2.19185,50.71866],[-2.19135,50.71911],[-2.19228,50.71945],[-2.19316,50.72035],[-2.19232,50.72098],[-2.19025,50.72161],[-2.18858,50.7219],[-2.18904,50.72273],[-2.19096,50.72242],[-2.19226,50.72179],[-2.19331,50.72205],[-2.19388,50.72322],[-2.19474,50.72396],[-2.19655,50.72387],[-2.19664,50.72446],[-2.19854,50.72507],[-2.20022,50.72613],[-2.20092,50.7256],[-2.20003,50.72323]]]},"properties":{"grade":"2"}},
{"type":"Feature","geometry":{"type":"Polygon","coordinates":[[[-2.18904,50.72273],[-2.19083,50.72359],[-2.19349,50.72454],[-2.19389,50.72376],[-2.19474,50.72396],[-2.19388,50.72322],[-2.19331,50.72205],[-2.19226,50.72179],[-2.19096,50.72242],[-2.18904,50.72273]]]},"properties":{"grade":"1"}},
{"type":"Feature","geometry":{"type":"Polygon","coordinates":[[[-2.18887,50.72278],[-2.18847,50.72231],[-2.18808,50.72338],[-2.18887,50.72278]]]},"properties":{"grade":"2"}},
{"type":"Feature","geometry":{"type":"Polygon","coordinates":[[[-2.20003,50.72323],[-2.19994,50.72238],[-2.19807,50.71996],[-2.19679,50.71928],[-2.19607,50.71845],[-2.19485,50.71774],[-2.19355,50.71765],[-2.19185,50.71866],[-2.19353,50.71925],[-2.19433,50.7202],[-2.19447,50.72045],[-2.19507,50.7214],[-2.19649,50.72225],[-2.19861,50.72266],[-2.20003,50.72323]]]},"properties":{"grade":"3a"}},
{"type":"Feature","geometry":{"type":"Polygon","coordinates":[[[-2.19135,50.71911],[-2.18976,50.71924],[-2.18858,50.7219],[-2.19025,50.72161],[-2.19232,50.72098],[-2.19316,50.72035],[-2.19228,50.71945],[-2.19135,50.71911]]]},"properties":{"grade":"1"}},
{"type":"Feature","geometry":{"type":"Polygon","coordinates":[[[-2.18931,50.71893],[-2.18715,50.7189],[-2.1858,50.7193],[-2.18793,50.72152],[-2.18931,50.71893]]]},"properties":{"grade":"1"}},
{"type":"Feature","geometry":{"type":"Polygon","coordinates":[[[-2.18931,50.71893],[-2.1899,50.71776],[-2.1891,50.71726],[-2.18802,50.71721],[-2.18652,50.71757],[-2.18528,50.71829],[-2.1858,50.7193],[-2.18715,50.7189],[-2.18931,50.71893]]]},"properties":{"grade":"2"}},
{"type":"Feature","geometry":{"type":"Polygon","coordinates":[[[-2.1891,50.71726],[-2.18771,50.71636],[-2.1866,50.7164],[-2.18581,50.71565],[-2.18416,50.71489],[-2.18283,50.71605],[-2.18414,50.71746],[-2.18528,50.71829],[-2.18652,50.71757],[-2.18802,50.71721],[-2.1891,50.71726]]]},"properties":{"grade":"3a"}},
{"type":"Feature","geometry":{"type":"MultiPolygon","coordinates":[[[[-2.31779,50.71201],[-2.31723,50.71148],[-2.31765,50.71083],[-2.31696,50.70997],[-2.31509,50.70985],[-2.31361,50.7092],[-2.3125,50.70813],[-2.31033,50.70894],[-2.31093,50.7104],[-2.311,50.71238],[-2.31779,50.71201]]],[[[-2.3272,50.71135],[-2.32498,50.71086],[-2.32431,50.71146],[-2.31927,50.71181],[-2.31946,50.71191],[-2.3209,50.71189],[-2.3272,50.71135]]]]},"properties":{"grade":"2"}},
{"type":"Feature","geometry":{"type":"Polygon","coordinates":[[[-2.31085,50.71239],[-2.31091,50.71096],[-2.30821,50.7106],[-2.30758,50.70956],[-2.30154,50.70862],[-2.29968,50.70955],[-2.29829,50.70939],[-2.29747,50.70988],[-2.29867,50.71135],[-2.2998,50.71127],[-2.3002,50.71174],[-2.30094,50.71163],[-2.30208,50.71233],[-2.30187,50.71289],[-2.31085,50.71239]]]},"properties":{"grade":"2"}},
{"type":"Feature","geometry":{"type":"Polygon","coordinates":[[[-2.29984,50.713],[-2.29916,50.71221],[-2.29808,50.71236],[-2.29676,50.71322],[-2.29984,50.713]]]},"properties":{"grade":"3a"}},
{"type":"Feature","geometry":{"type":"Polygon","coordinates":[[[-2.15294,50.71312],[-2.15259,50.71051],[-2.15052,50.71046],[-2.14976,50.71133],[-2.15005,50.71419],[-2.1511,50.71429],[-2.15297,50.71357],[-2.15294,50.71312]]]},"properties":{"grade":"3b"}},
{"type":"Feature","geometry":{"type":"Polygon","coordinates":[[[-2.30187,50.71289],[-2.30208,50.71233],[-2.30094,50.71163],[-2.3002,50.71174],[-2.29939,50.71228],[-2.29999,50.71299],[-2.30187,50.71289]]]},"properties":{"grade":"3a"}},
{"type":"Feature","geometry":{"type":"Polygon","coordinates":[[[-2.29676,50.71322],[-2.29808,50.71236],[-2.29873,50.71163],[-2.29722,50.70989],[-2.29264,50.71239],[-2.29296,50.71289],[-2.29511,50.71352],[-2.29676,50.71322]]]},"properties":{"grade":"2"}},
{"type":"Feature","geometry":{"type":"Polygon","coordinates":[[[-2.34424,50.71034],[-2.34238,50.70707],[-2.34095,50.70553],[-2.33603,50.70648],[-2.33731,50.70703],[-2.33737,50.70761],[-2.33737,50.70835],[-2.33361,50.71079],[-2.34168,50.71004],[-2.34424,50.71034]]]},"properties":{"grade":"1"}},
{"type":"Feature","geometry":{"type":"Polygon","coordinates":[[[-2.33361,50.71079],[-2.33737,50.70835],[-2.33737,50.70761],[-2.33502,50.70823],[-2.33438,50.70959],[-2.3337,50.70985],[-2.33214,50.71092],[-2.33361,50.71079]]]},"properties":{"grade":"2"}},
{"type":"Feature","geometry":{"type":"Polygon","coordinates":[[[-2.31893,50.71194],[-2.31961,50.71142],[-2.32122,50.71096],[-2.31974,50.70989],[-2.31508,50.70852],[-2.31432,50.70908],[-2.31509,50.70985],[-2.31696,50.70997],[-2.31765,50.71083],[-2.31723,50.71148],[-2.31808,50.71199],[-2.31893,50.71194]]]},"properties":{"grade":"3b"}},
{"type":"Feature","geometry":{"type":"Polygon","coordinates":[[[-2.15463,50.71089],[-2.15449,50.7113],[-2.15631,50.71247],[-2.15727,50.7118],[-2.15871,50.71025],[-2.15924,50.70937],[-2.15649,50.70893],[-2.15675,50.70956],[-2.15769,50.71009],[-2.15763,50.71072],[-2.15642,50.7111],[-2.15463,50.71089]]]},"properties":{"grade":"4"}},
{"type":"Feature","geometry":{"type":"Polygon","coordinates":[[[-2.32498,50.71086],[-2.32368,50.71074],[-2.32028,50.71127],[-2.31927,50.71181],[-2.32431,50.71146],[-2.32498,50.71086]]]},"properties":{"grade":"3b"}},
{"type":"Feature","geometry":{"type":"Polygon","coordinates":[[[-2.33114,50.71101],[-2.33131,50.70842],[-2.33102,50.70701],[-2.33171,50.70529],[-2.32469,50.70554],[-2.3235,50.7052],[-2.32328,50.7066],[-2.32366,50.70736],[-2.32465,50.70824],[-2.3248,50.70923],[-2.32605,50.70956],[-2.32709,50.70899],[-2.32834,50.70898],[-2.32976,50.70977],[-2.33044,50.71107],[-2.33114,50.71101]]]},"properties":{"grade":"1"}},
{"type":"Feature","geometry":{"type":"Polygon","coordinates":[[[-2.33044,50.71107],[-2.32976,50.70977],[-2.32834,50.70898],[-2.32709,50.70899],[-2.32605,50.70956],[-2.3248,50.70923],[-2.32465,50.70824],[-2.32366,50.70736],[-2.32328,50.7066],[-2.3235,50.7052],[-2.31749,50.70513],[-2.31749,50.70482],[-2.31687,50.70558],[-2.31785,50.70696],[-2.31772,50.70885],[-2.32083,50.70879],[-2.32256,50.70799],[-2.32361,50.70846],[-2.32367,50.70979],[-2.32493,50.71074],[-2.3291,50.71118],[-2.33044,50.71107]]]},"properties":{"grade":"2"}},
{"type":"Feature","geometry":{"type":"Polygon","coordinates":[[[-2.33214,50.71092],[-2.3337,50.70985],[-2.33308,50.70953],[-2.33237,50.70953],[-2.33176,50.70851],[-2.33221,50.70672],[-2.33119,50.70687],[-2.33154,50.70879],[-2.33144,50.71098],[-2.33214,50.71092]]]},"properties":{"grade":"1"}},
{"type":"Feature","geometry":{"type":"Polygon","coordinates":[[[-2.34896,50.7109],[-2.35093,50.71001],[-2.35203,50.70797],[-2.35133,50.70767],[-2.35031,50.70741],[-2.349,50.70651],[-2.35002,50.70588],[-2.35197,50.70591],[-2.35276,50.70549],[-2.3534,50.70454],[-2.35269,50.70339],[-2.3494,50.70297],[-2.34931,50.70255],[-2.35146,50.70188],[-2.35182,50.70156],[-2.35143,50.70138],[-2.34582,50.70114],[-2.34574,50.70226],[-2.34693,50.70231],[-2.34728,50.70312],[-2.34553,50.70388],[-2.34547,50.70465],[-2.34106,50.70551],[-2.34252,50.70704],[-2.34434,50.71035],[-2.34896,50.7109]]]},"properties":{"grade":"1"}},
{"type":"Feature","geometry":{"type":"Polygon","coordinates":[[[-2.31772,50.70885],[-2.3165,50.70849],[-2.31476,50.70724],[-2.31366,50.70708],[-2.31386,50.70764],[-2.31488,50.70832],[-2.32002,50.70987],[-2.32158,50.71091],[-2.32382,50.71061],[-2.32493,50.71074],[-2.32367,50.70979],[-2.32361,50.70846],[-2.32256,50.70799],[-2.32083,50.70879],[-2.31772,50.70885]]]},"properties":{"grade":"3b"}},
{"type":"Feature","geometry":{"type":"Polygon","coordinates":[[[-2.15649,50.70893],[-2.15556,50.70873],[-2.15463,50.71089],[-2.15642,50.7111],[-2.15763,50.71072],[-2.15769,50.71009],[-2.15675,50.70956],[-2.15649,50.70893]]]},"properties":{"grade":"3a"}},
{"type":"Feature","geometry":{"type":"Polygon","coordinates":[[[-2.33603,50.70648],[-2.33501,50.70659],[-2.33301,50.70877],[-2.33308,50.70953],[-2.3337,50.70985],[-2.33438,50.70959],[-2.33502,50.70823],[-2.33737,50.70761],[-2.33731,50.70703],[-2.33603,50.70648]]]},"properties":{"grade":"3b"}},
{"type":"Feature","geometry":{"type":"Polygon","coordinates":[[[-2.33308,50.70953],[-2.33301,50.70877],[-2.33501,50.70659],[-2.33221,50.70672],[-2.33176,50.70851],[-2.33237,50.70953],[-2.33308,50.70953]]]},"properties":{"grade":"2"}},
{"type":"Feature","geometry":{"type":"Polygon","coordinates":[[[-2.31749,50.70482],[-2.31749,50.70444],[-2.31553,50.7042],[-2.31339,50.70517],[-2.31366,50.70708],[-2.31476,50.70724],[-2.3165,50.70849],[-2.31772,50.70885],[-2.31785,50.70696],[-2.31687,50.70558],[-2.31749,50.70482]]]},"properties":{"grade":"1"}},
{"type":"Feature","geometry":{"type":"Polygon","coordinates":[[[-2.35407,50.70496],[-2.35381,50.70193],[-2.35182,50.70156],[-2.35146,50.70188],[-2.34931,50.70255],[-2.3494,50.70297],[-2.35269,50.70339],[-2.3534,50.70454],[-2.35276,50.70549],[-2.35197,50.70591],[-2.35201,50.70722],[-2.35133,50.70767],[-2.35203,50.70797],[-2.35297,50.70614],[-2.35407,50.70496]]]},"properties":{"grade":"2"}},
{"type":"Feature","geometry":{"type":"Polygon","coordinates":[[[-2.15779,50.70581],[-2.16017,50.70626],[-2.15974,50.70678],[-2.15796,50.70727],[-2.15836,50.70838],[-2.15947,50.70896],[-2.1613,50.70514],[-2.15943,50.70545],[-2.15835,50.70536],[-2.15779,50.70581]]]},"properties":{"grade":"4"}},
{"type":"Feature","geometry":{"type":"Polygon","coordinates":[[[-2.35133,50.70767],[-2.35201,50.70722],[-2.35197,50.70591],[-2.35002,50.70588],[-2.349,50.70651],[-2.35031,50.70741],[-2.35133,50.70767]]]},"properties":{"grade":"3b"}},
{"type":"Feature","geometry":{"type":"Polygon","coordinates":[[[-2.14651,50.70604],[-2.14787,50.70556],[-2.14699,50.70439],[-2.14653,50.70281],[-2.14698,50.7012],[-2.14669,50.70056],[-2.14562,50.70054],[-2.14514,50.70259],[-2.14651,50.70604]]]},"properties":{"grade":"3a"}},
{"type":"Feature","geometry":{"type":"Polygon","coordinates":[[[-2.34352,50.70428],[-2.3433,50.705],[-2.34536,50.70456],[-2.34538,50.70395],[-2.34352,50.70428]]]},"properties":{"grade":"1"}},
{"type":"Feature","geometry":{"type":"Polygon","coordinates":[[[-2.15797,50.70534],[-2.15962,50.70293],[-2.15962,50.70257],[-2.15553,50.70179],[-2.15449,50.70321],[-2.15797,50.70534]]]},"properties":{"grade":"3a"}},
{"type":"Feature","geometry":{"type":"Polygon","coordinates":[[[-2.34538,50.70395],[-2.34563,50.7023],[-2.34441,50.70252],[-2.34352,50.70428],[-2.34538,50.70395]]]},"properties":{"grade":"2"}},
{"type":"Feature","geometry":{"type":"Polygon","coordinates":[[[-2.14566,50.70419],[-2.14503,50.70265],[-2.13852,50.70292],[-2.13869,50.70434],[-2.14566,50.70419]]]},"properties":{"grade":"3a"}},
{"type":"Feature","geometry":{"type":"Polygon","coordinates":[[[-2.34574,50.70226],[-2.34553,50.70388],[-2.34728,50.70312],[-2.34693,50.70231],[-2.34574,50.70226]]]},"properties":{"grade":"2"}},
{"type":"Feature","geometry":{"type":"Polygon","coordinates":[[[-2.34563,50.7023],[-2.34446,50.7021],[-2.34441,50.70252],[-2.34563,50.7023]]]},"properties":{"grade":"1"}},
{"type":"Feature","geometry":{"type":"Polygon","coordinates":[[[-2.13945,50.70179],[-2.13951,50.70242],[-2.14126,50.70233],[-2.14149,50.7027],[-2.145,50.70256],[-2.14548,50.70054],[-2.14143,50.70004],[-2.1418,50.70098],[-2.14095,50.70161],[-2.13945,50.70179]]]},"properties":{"grade":"3a"}},
{"type":"Feature","geometry":{"type":"Polygon","coordinates":[[[-2.34452,50.70203],[-2.34562,50.70203],[-2.34565,50.70132],[-2.34491,50.70152],[-2.34452,50.70203]]]},"properties":{"grade":"1"}},
{"type":"Feature","geometry":{"type":"Polygon","coordinates":[[[-2.32984,50.69991],[-2.32904,50.69999],[-2.32974,50.69835],[-2.33067,50.69808],[-2.33056,50.69774],[-2.32722,50.69791],[-2.3268,50.699],[-2.32796,50.69947],[-2.32746,50.69992],[-2.32544,50.69942],[-2.32524,50.6982],[-2.32283,50.69821],[-2.32178,50.7017],[-2.32987,50.70133],[-2.32984,50.69991]]]},"properties":{"grade":"2"}},
{"type":"Feature","geometry":{"type":"Polygon","coordinates":[[[-2.32987,50.70133],[-2.33081,50.7013],[-2.33105,50.70007],[-2.32984,50.69991],[-2.32987,50.70133]]]},"properties":{"grade":"3a"}},
{"type":"Feature","geometry":{"type":"Polygon","coordinates":[[[-2.33081,50.7013],[-2.33191,50.70124],[-2.33205,50.70064],[-2.33389,50.70046],[-2.33363,50.69988],[-2.33105,50.70007],[-2.33081,50.7013]]]},"properties":{"grade":"2"}},
{"type":"Feature","geometry":{"type":"Polygon","coordinates":[[[-2.32984,50.69991],[-2.33105,50.70007],[-2.33363,50.69988],[-2.33244,50.69974],[-2.33224,50.69913],[-2.33068,50.6991],[-2.33067,50.69808],[-2.32974,50.69835],[-2.32904,50.69999],[-2.32984,50.69991]]]},"properties":{"grade":"3b"}},
{"type":"Feature","geometry":{"type":"Polygon","coordinates":[[[-2.33479,50.69956],[-2.33374,50.69951],[-2.33445,50.69992],[-2.33479,50.69956]]]},"properties":{"grade":"3b"}},
{"type":"Feature","geometry":{"type":"Polygon","coordinates":[[[-2.32722,50.69791],[-2.32524,50.6982],[-2.32544,50.69942],[-2.32746,50.69992],[-2.32796,50.69947],[-2.3268,50.699],[-2.32722,50.69791]]]},"properties":{"grade":"3b"}},
{"type":"Feature","geometry":{"type":"Polygon","coordinates":[[[-2.33479,50.69956],[-2.33571,50.69837],[-2.33376,50.69767],[-2.33317,50.69848],[-2.3341,50.69832],[-2.33427,50.69871],[-2.3334,50.69879],[-2.33374,50.69951],[-2.33479,50.69956]]]},"properties":{"grade":"2"}},
{"type":"Feature","geometry":{"type":"Polygon","coordinates":[[[-2.33317,50.69848],[-2.3334,50.69879],[-2.33427,50.69871],[-2.3341,50.69832],[-2.33317,50.69848]]]},"properties":{"grade":"3b"}},
{"type":"Feature","geometry":{"type":"Polygon","coordinates":[[[-2.32646,50.69145],[-2.32357,50.69099],[-2.32458,50.6932],[-2.32181,50.69378],[-2.32053,50.69359],[-2.32151,50.69515],[-2.32188,50.69623],[-2.32281,50.69553],[-2.32476,50.69466],[-2.32492,50.69403],[-2.32637,50.69435],[-2.32761,50.69386],[-2.32646,50.69145]]]},"properties":{"grade":"2"}},
{"type":"Feature","geometry":{"type":"Polygon","coordinates":[[[-2.2483,50.69328],[-2.2519,50.69444],[-2.25366,50.6948],[-2.25456,50.69463],[-2.25573,50.69519],[-2.25757,50.6954],[-2.25876,50.69509],[-2.25665,50.69262],[-2.25554,50.69192],[-2.25375,50.69187],[-2.25135,50.69137],[-2.25021,50.69078],[-2.24857,50.69031],[-2.24647,50.68945],[-2.24548,50.68992],[-2.24455,50.69158],[-2.24625,50.69224],[-2.24781,50.69208],[-2.2483,50.69328]]]},"properties":{"grade":"3b"}},
{"type":"Feature","geometry":{"type":"Polygon","coordinates":[[[-2.3344,50.69258],[-2.33347,50.69354],[-2.3337,50.69445],[-2.33487,50.69432],[-2.3344,50.69258]]]},"properties":{"grade":"2"}},
{"type":"Feature","geometry":{"type":"Polygon","coordinates":[[[-2.3296,50.6902],[-2.32804,50.6904],[-2.32922,50.69321],[-2.33052,50.69268],[-2.3296,50.6902]]]},"properties":{"grade":"2"}},
{"type":"Feature","geometry":{"type":"Polygon","coordinates":[[[-2.24548,50.68992],[-2.2412,50.68932],[-2.24078,50.69062],[-2.24194,50.69013],[-2.24217,50.69106],[-2.24107,50.69157],[-2.24331,50.69218],[-2.2483,50.69328],[-2.24781,50.69208],[-2.24625,50.69224],[-2.24455,50.69158],[-2.24548,50.68992]]]},"properties":{"grade":"3a"}},
{"type":"Feature","geometry":{"type":"Polygon","coordinates":[[[-2.32985,50.69013],[-2.33066,50.69229],[-2.33157,50.69226],[-2.33388,50.69132],[-2.33093,50.68986],[-2.32985,50.69013]]]},"properties":{"grade":"4"}},
{"type":"Feature","geometry":{"type":"Polygon","coordinates":[[[-2.24078,50.69062],[-2.24024,50.69073],[-2.23948,50.6912],[-2.24107,50.69157],[-2.24217,50.69106],[-2.24194,50.69013],[-2.24078,50.69062]]]},"properties":{"grade":"3b"}},
{"type":"Feature","geometry":{"type":"Polygon","coordinates":[[[-2.24024,50.69073],[-2.24038,50.68934],[-2.23848,50.68933],[-2.23689,50.6891],[-2.23854,50.69077],[-2.23866,50.69114],[-2.23948,50.6912],[-2.24024,50.69073]]]},"properties":{"grade":"3a"}},
{"type":"Feature","geometry":{"type":"Polygon","coordinates":[[[-2.23689,50.6891],[-2.23417,50.68876],[-2.23373,50.69013],[-2.23566,50.69086],[-2.23866,50.69114],[-2.23854,50.69077],[-2.23689,50.6891]]]},"properties":{"grade":"3b"}},
{"type":"Feature","geometry":{"type":"Polygon","coordinates":[[[-2.23648,50.68064],[-2.23615,50.68144],[-2.23663,50.68203],[-2.23802,50.68224],[-2.2381,50.68078],[-2.23648,50.68064]]]},"properties":{"grade":"3b"}},
{"type":"Feature","geometry":{"type":"Polygon","coordinates":[[[-2.21672,50.67953],[-2.21524,50.67912],[-2.21525,50.68131],[-2.218,50.6812],[-2.21786,50.68048],[-2.21675,50.6802],[-2.21672,50.67953]]]},"properties":{"grade":"3b"}},
{"type":"Feature","geometry":{"type":"Polygon","coordinates":[[[-2.23793,50.68057],[-2.23917,50.68067],[-2.23908,50.67918],[-2.23797,50.67848],[-2.23811,50.67746],[-2.23698,50.67746],[-2.23455,50.67845],[-2.23294,50.68022],[-2.23555,50.68036],[-2.23557,50.67973],[-2.23662,50.67933],[-2.23793,50.68057]]]},"properties":{"grade":"2"}},
{"type":"Feature","geometry":{"type":"Polygon","coordinates":[[[-2.23555,50.68036],[-2.23793,50.68057],[-2.23662,50.67933],[-2.23557,50.67973],[-2.23555,50.68036]]]},"properties":{"grade":"3b"}},
{"type":"Feature","geometry":{"type":"Polygon","coordinates":[[[-2.23811,50.67746],[-2.2393,50.67706],[-2.23833,50.67611],[-2.23725,50.6762],[-2.23217,50.67751],[-2.2322,50.67839],[-2.23455,50.67845],[-2.23698,50.67746],[-2.23811,50.67746]]]},"properties":{"grade":"3b"}},
{"type":"Feature","geometry":{"type":"Polygon","coordinates":[[[-2.23843,50.67467],[-2.23815,50.67379],[-2.23039,50.67386],[-2.23134,50.67752],[-2.23745,50.67595],[-2.23606,50.6755],[-2.23617,50.67489],[-2.23843,50.67467]]]},"properties":{"grade":"2"}},
{"type":"Feature","geometry":{"type":"Polygon","coordinates":[[[-2.23745,50.67595],[-2.23864,50.67571],[-2.23843,50.67467],[-2.23617,50.67489],[-2.23606,50.6755],[-2.23745,50.67595]]]},"properties":{"grade":"3a"}},
{"type":"Feature","geometry":{"type":"Polygon","coordinates":[[[-2.14088,50.66889],[-2.14631,50.66941],[-2.14801,50.66924],[-2.14761,50.66824],[-2.14648,50.66856],[-2.14399,50.66842],[-2.14207,50.66851],[-2.14088,50.66889]]]},"properties":{"grade":"2"}},
{"type":"Feature","geometry":{"type":"Polygon","coordinates":[[[-2.14761,50.66824],[-2.14719,50.66736],[-2.14619,50.66683],[-2.14506,50.66707],[-2.14368,50.66761],[-2.14257,50.66671],[-2.14124,50.66713],[-2.14059,50.66774],[-2.13904,50.66798],[-2.13841,50.66852],[-2.14043,50.66911],[-2.14088,50.66889],[-2.14207,50.66851],[-2.14399,50.66842],[-2.14648,50.66856],[-2.14761,50.66824]]]},"properties":{"grade":"3b"}},
{"type":"Feature","geometry":{"type":"Polygon","coordinates":[[[-2.12412,50.66837],[-2.12475,50.66891],[-2.12633,50.66875],[-2.12582,50.66765],[-2.12412,50.66837]]]},"properties":{"grade":"3b"}},
{"type":"Feature","geometry":{"type":"Polygon","coordinates":[[[-2.1259,50.66761],[-2.12647,50.6688],[-2.12774,50.66702],[-2.12785,50.66644],[-2.1259,50.66761]]]},"properties":{"grade":"3b"}},
{"type":"Feature","geometry":{"type":"Polygon","coordinates":[[[-2.12582,50.66765],[-2.12647,50.6663],[-2.1248,50.66587],[-2.12497,50.66645],[-2.12384,50.66677],[-2.12344,50.6662],[-2.12268,50.66713],[-2.12412,50.66837],[-2.12582,50.66765]]]},"properties":{"grade":"3a"}},
{"type":"Feature","geometry":{"type":"Polygon","coordinates":[[[-2.14124,50.66713],[-2.14033,50.66677],[-2.13904,50.66798],[-2.14059,50.66774],[-2.14124,50.66713]]]},"properties":{"grade":"3a"}},
{"type":"Feature","geometry":{"type":"Polygon","coordinates":[[[-2.14506,50.66707],[-2.14616,50.66673],[-2.14557,50.66583],[-2.14274,50.66587],[-2.14257,50.66671],[-2.14368,50.66761],[-2.14506,50.66707]]]},"properties":{"grade":"3a"}},
{"type":"Feature","geometry":{"type":"Polygon","coordinates":[[[-2.12785,50.66644],[-2.12666,50.6663],[-2.1259,50.66761],[-2.12785,50.66644]]]},"properties":{"grade":"3a"}},
{"type":"Feature","geometry":{"type":"Polygon","coordinates":[[[-2.1248,50.66587],[-2.12344,50.6662],[-2.12384,50.66677],[-2.12497,50.66645],[-2.1248,50.66587]]]},"properties":{"grade":"3b"}},
{"type":"Feature","geometry":{"type":"Polygon","coordinates":[[[-2.13125,50.66525],[-2.13515,50.66606],[-2.13395,50.66176],[-2.13164,50.66268],[-2.12974,50.6632],[-2.12816,50.66452],[-2.12904,50.66471],[-2.12949,50.6643],[-2.13113,50.66415],[-2.13271,50.66324],[-2.13348,50.66352],[-2.13125,50.66525]]]},"properties":{"grade":"3a"}},
{"type":"Feature","geometry":{"type":"Polygon","coordinates":[[[-2.11944,50.66426],[-2.12061,50.66532],[-2.12213,50.66425],[-2.12284,50.66479],[-2.12394,50.664],[-2.12148,50.66404],[-2.11944,50.66426]]]},"properties":{"grade":"3b"}},
{"type":"Feature","geometry":{"type":"Polygon","coordinates":[[[-2.12904,50.66471],[-2.13125,50.66525],[-2.13348,50.66352],[-2.13271,50.66324],[-2.13113,50.66415],[-2.12949,50.6643],[-2.12904,50.66471]]]},"properties":{"grade":"2"}},
{"type":"Feature","geometry":{"type":"Polygon","coordinates":[[[-2.12974,50.6632],[-2.1283,50.6636],[-2.12816,50.66452],[-2.12974,50.6632]]]},"properties":{"grade":"3b"}},
{"type":"Feature","geometry":{"type":"Polygon","coordinates":[[[-2.12394,50.664],[-2.12388,50.6633],[-2.12083,50.66363],[-2.12091,50.66325],[-2.12233,50.66269],[-2.12419,50.66244],[-2.12357,50.66147],[-2.12266,50.66208],[-2.12201,50.66086],[-2.12091,50.66104],[-2.12187,50.66168],[-2.12179,50.66222],[-2.12032,50.66327],[-2.11944,50.66329],[-2.11944,50.6617],[-2.11892,50.66059],[-2.11765,50.66037],[-2.11788,50.66154],[-2.11732,50.66277],[-2.11808,50.66327],[-2.11992,50.66352],[-2.11944,50.66426],[-2.12148,50.66404],[-2.12394,50.664]]]},"properties":{"grade":"3a"}},
{"type":"Feature","geometry":{"type":"Polygon","coordinates":[[[-2.1247,50.66317],[-2.12544,50.66362],[-2.12637,50.66304],[-2.12711,50.662],[-2.12566,50.66082],[-2.12501,50.66123],[-2.12479,50.66218],[-2.1251,50.66283],[-2.1247,50.66317]]]},"properties":{"grade":"3b"}},
{"type":"Feature","geometry":{"type":"Polygon","coordinates":[[[-2.12388,50.6633],[-2.12419,50.66244],[-2.12233,50.66269],[-2.12091,50.66325],[-2.12083,50.66363],[-2.12388,50.6633]]]},"properties":{"grade":"2"}},
{"type":"Feature","geometry":{"type":"Polygon","coordinates":[[[-2.12091,50.66104],[-2.11946,50.66026],[-2.11841,50.65926],[-2.11765,50.66037],[-2.11892,50.66059],[-2.11944,50.6617],[-2.11944,50.66329],[-2.12032,50.66327],[-2.12179,50.66222],[-2.12187,50.66168],[-2.12091,50.66104]]]},"properties":{"grade":"3b"}},
{"type":"Feature","geometry":{"type":"Polygon","coordinates":[[[-2.1251,50.66283],[-2.12439,50.66245],[-2.1247,50.66317],[-2.1251,50.66283]]]},"properties":{"grade":"2"}},
{"type":"Feature","geometry":{"type":"Polygon","coordinates":[[[-2.12479,50.66218],[-2.12439,50.66245],[-2.1251,50.66283],[-2.12479,50.66218]]]},"properties":{"grade":"3a"}},
{"type":"Feature","geometry":{"type":"Polygon","coordinates":[[[-2.38738,50.64511],[-2.38586,50.64532],[-2.38606,50.64625],[-2.38818,50.64614],[-2.38738,50.64511]]]},"properties":{"grade":"4"}},
{"type":"Feature","geometry":{"type":"Polygon","coordinates":[[[-2.15096,50.64579],[-2.15062,50.64526],[-2.14969,50.64534],[-2.14978,50.64595],[-2.15096,50.64579]]]},"properties":{"grade":"3a"}},
{"type":"Feature","geometry":{"type":"Polygon","coordinates":[[[-2.38743,50.64439],[-2.38729,50.64378],[-2.38593,50.64417],[-2.38421,50.64426],[-2.38535,50.64521],[-2.38743,50.64439]]]},"properties":{"grade":"3a"}},
{"type":"Feature","geometry":{"type":"Polygon","coordinates":[[[-2.144,50.64491],[-2.14562,50.64498],[-2.14624,50.64442],[-2.14493,50.64399],[-2.144,50.64491]]]},"properties":{"grade":"3b"}},
{"type":"Feature","geometry":{"type":"Polygon","coordinates":[[[-2.39851,50.64292],[-2.39658,50.64283],[-2.39501,50.64358],[-2.39404,50.64329],[-2.39378,50.64193],[-2.39219,50.64184],[-2.39215,50.64384],[-2.39363,50.64432],[-2.39847,50.64454],[-2.39851,50.64292]]]},"properties":{"grade":"4"}},
{"type":"Feature","geometry":{"type":"Polygon","coordinates":[[[-2.14624,50.64442],[-2.14669,50.64387],[-2.14544,50.6436],[-2.14558,50.64308],[-2.14719,50.64259],[-2.14677,50.64153],[-2.14614,50.64153],[-2.14546,50.64063],[-2.14495,50.64088],[-2.1451,50.64185],[-2.14434,50.64261],[-2.1434,50.64288],[-2.14292,50.64288],[-2.14428,50.64349],[-2.1425,50.64319],[-2.14244,50.64297],[-2.14216,50.64378],[-2.14267,50.64452],[-2.144,50.64491],[-2.14493,50.64399],[-2.14624,50.64442]]]},"properties":{"grade":"2"}},
{"type":"Feature","geometry":{"type":"Polygon","coordinates":[[[-2.38937,50.64291],[-2.38844,50.64297],[-2.38864,50.64356],[-2.39077,50.64402],[-2.39087,50.64284],[-2.39178,50.64287],[-2.39124,50.64247],[-2.38937,50.64291]]]},"properties":{"grade":"3b"}},
{"type":"Feature","geometry":{"type":"Polygon","coordinates":[[[-2.38844,50.64297],[-2.38697,50.64287],[-2.38737,50.64371],[-2.38864,50.64356],[-2.38844,50.64297]]]},"properties":{"grade":"3b"}},
{"type":"Feature","geometry":{"type":"Polygon","coordinates":[[[-2.39851,50.64292],[-2.39853,50.64229],[-2.39378,50.64193],[-2.39404,50.64329],[-2.39501,50.64358],[-2.39658,50.64283],[-2.39851,50.64292]]]},"properties":{"grade":"3b"}},
{"type":"Feature","geometry":{"type":"Polygon","coordinates":[[[-2.14669,50.64387],[-2.14787,50.64313],[-2.1481,50.64187],[-2.14677,50.64153],[-2.14719,50.64259],[-2.14558,50.64308],[-2.14544,50.6436],[-2.14669,50.64387]]]},"properties":{"grade":"3b"}},
{"type":"Feature","geometry":{"type":"Polygon","coordinates":[[[-2.14292,50.64288],[-2.14244,50.64297],[-2.1425,50.64319],[-2.14428,50.64349],[-2.14292,50.64288]]]},"properties":{"grade":"3b"}},
{"type":"Feature","geometry":{"type":"Polygon","coordinates":[[[-2.39178,50.64287],[-2.39208,50.64182],[-2.3908,50.64165],[-2.38933,50.6418],[-2.38856,50.64106],[-2.38766,50.64112],[-2.38665,50.64199],[-2.38697,50.64287],[-2.38844,50.64297],[-2.38937,50.64291],[-2.39124,50.64247],[-2.39178,50.64287]]]},"properties":{"grade":"4"}},
{"type":"Feature","geometry":{"type":"Polygon","coordinates":[[[-2.14495,50.64088],[-2.14399,50.64135],[-2.14278,50.64128],[-2.14077,50.64184],[-2.14196,50.64278],[-2.1434,50.64288],[-2.14434,50.64261],[-2.1451,50.64185],[-2.14495,50.64088]]]},"properties":{"grade":"3a"}},
{"type":"Feature","geometry":{"type":"Polygon","coordinates":[[[-2.14677,50.64153],[-2.1481,50.64187],[-2.14781,50.64122],[-2.14614,50.64153],[-2.14677,50.64153]]]},"properties":{"grade":"4"}},
{"type":"Feature","geometry":{"type":"Polygon","coordinates":[[[-2.14614,50.64153],[-2.14781,50.64122],[-2.1488,50.64068],[-2.14826,50.64007],[-2.14699,50.64003],[-2.14546,50.64063],[-2.14614,50.64153]]]},"properties":{"grade":"3b"}},
{"type":"Feature","geometry":{"type":"Polygon","coordinates":[[[-2.1488,50.64068],[-2.15067,50.64053],[-2.14925,50.63982],[-2.1482,50.63993],[-2.14826,50.64007],[-2.1488,50.64068]]]},"properties":{"grade":"2"}},
{"type":"Feature","geometry":{"type":"Polygon","coordinates":[[[-2.15067,50.64053],[-2.15205,50.64053],[-2.15145,50.63872],[-2.151,50.6382],[-2.14908,50.63874],[-2.14749,50.63888],[-2.1482,50.63993],[-2.14925,50.63982],[-2.15067,50.64053]]]},"properties":{"grade":"3b"}},
{"type":"Feature","geometry":{"type":"Polygon","coordinates":[[[-2.01876,50.60178],[-2.01899,50.60237],[-2.01839,50.60299],[-2.01848,50.60369],[-2.02032,50.6041],[-2.01989,50.60324],[-2.01989,50.60124],[-2.01876,50.60178]]]},"properties":{"grade":"4"}},
{"type":"Feature","geometry":{"type":"Polygon","coordinates":[[[-2.01989,50.60124],[-2.01825,50.59951],[-2.01803,50.59664],[-2.01543,50.59712],[-2.01478,50.5979],[-2.01455,50.5989],[-2.01356,50.59986],[-2.01461,50.60068],[-2.01444,50.60148],[-2.01503,50.60139],[-2.01528,50.59908],[-2.01622,50.59901],[-2.01594,50.60156],[-2.01803,50.60205],[-2.01876,50.60178],[-2.01989,50.60124]]]},"properties":{"grade":"3b"}},
{"type":"Feature","geometry":{"type":"Polygon","coordinates":[[[-2.01543,50.59712],[-2.01418,50.59725],[-2.01311,50.59781],[-2.01144,50.59928],[-2.013,50.60022],[-2.01444,50.60148],[-2.01461,50.60068],[-2.01356,50.59986],[-2.01455,50.5989],[-2.01478,50.5979],[-2.01543,50.59712]]]},"properties":{"grade":"4"}},
{"type":"Feature","geometry":{"type":"Polygon","coordinates":[[[-1.97869,50.5962],[-1.97894,50.5977],[-1.98129,50.59766],[-1.98132,50.59665],[-1.9803,50.59658],[-1.98019,50.59581],[-1.97895,50.59532],[-1.97671,50.59529],[-1.97587,50.59557],[-1.97555,50.59656],[-1.97869,50.5962]]]},"properties":{"grade":"3b"}}
]}