{"type":"FeatureCollection", "features": [
{"type":"Feature","geometry":{"type":"Polygon","coordinates":[[[-1.90633,50.72008],[-1.90756,50.71588],[-1.90054,50.70902],[-1.89617,50.7104],[-1.90633,50.72008]]]},"properties":{"g":0}},
{"type":"Feature","geometry":{"type":"Polygon","coordinates":[[[-1.95297,50.79341],[-1.95012,50.79464],[-1.95399,50.79761],[-1.95297,50.79341]]]},"properties":{"g":3}},
{"type":"Feature","geometry":{"type":"Polygon","coordinates":[[[-1.95297,50.79341],[-1.95314,50.79049],[-1.95299,50.79048],[-1.95078,50.79066],[-1.94908,50.79186],[-1.95012,50.79464],[-1.95297,50.79341]]]},"properties":{"g":4}},
{"type":"Feature","geometry":{"type":"Polygon","coordinates":[[[-1.95299,50.79048],[-1.95314,50.79048],[-1.95077,50.77547],[-1.94549,50.77031],[-1.94435,50.7695],[-1.94068,50.76938],[-1.94501,50.7775],[-1.94886,50.79109],[-1.95078,50.79066],[-1.95299,50.79048]]]},"properties":{"g":3}},
{"type":"Feature","geometry":{"type":"MultiPolygon","coordinates":[[[[-1.95314,50.79049],[-1.95314,50.79048],[-1.95299,50.79048],[-1.95314,50.79049]]],[[[-1.95078,50.79066],[-1.94886,50.79109],[-1.94908,50.79186],[-1.95078,50.79066]]],[[[-1.94435,50.7695],[-1.93971,50.76628],[-1.94068,50.76938],[-1.94435,50.7695]]],[[[-1.95077,50.77547],[-1.94895,50.76856],[-1.94549,50.77031],[-1.95077,50.77547]]]]},"properties":{"g":4}},
{"type":"Feature","geometry":{"type":"Polygon","coordinates":[[[-1.94549,50.77031],[-1.94895,50.76856],[-1.94243,50.75321],[-1.93639,50.75716],[-1.93971,50.76628],[-1.94435,50.7695],[-1.94549,50.77031]]]},"properties":{"g":5}},
{"type":"Feature","geometry":{"type":"Polygon","coordinates":[[[-1.90633,50.72008],[-1.91972,50.73283],[-1.92411,50.74534],[-1.93344,50.75435],[-1.93606,50.75685],[-1.93639,50.75716],[-1.94243,50.75321],[-1.93612,50.74085],[-1.92446,50.7269],[-1.91798,50.71692],[-1.91673,50.70935],[-1.91394,50.70354],[-1.90054,50.70902],[-1.90756,50.71588],[-1.90633,50.72008]]]},"properties":{"g":0}},
{"type":"Feature","geometry":{"type":"Polygon","coordinates":[[[-1.99488,50.86973],[-1.99098,50.87253],[-1.99198,50.87545],[-1.98843,50.87869],[-1.98118,50.88093],[-1.98132,50.88732],[-1.98402,50.88894],[-1.99098,50.88813],[-2.00364,50.89559],[-2.02042,50.90189],[-2.02853,50.91214],[-2.02512,50.91205],[-2.01743,50.90369],[-2.00023,50.89685],[-1.99098,50.89209],[-1.98459,50.89074],[-1.96468,50.8973],[-1.95927,50.90107],[-1.95627,50.91051],[-1.95244,50.9053],[-1.96141,50.89631],[-1.97549,50.89208],[-1.9779,50.88921],[-1.97623,50.88304],[-1.96296,50.88909],[-1.94571,50.89461],[-1.9508,50.90903],[-1.95316,50.92162],[-1.94766,50.94584],[-1.94726,50.95538],[-1.94141,50.95727],[-1.93238,50.96835],[-1.93241,50.96835],[-1.93285,50.9684],[-1.93329,50.9685],[-1.93343,50.96854],[-1.93912,50.96961],[-1.93922,50.96966],[-1.93939,50.96983],[-1.93952,50.97003],[-1.93992,50.97045],[-1.94016,50.97067],[-1.94036,50.9709],[-1.94078,50.97136],[-1.94085,50.97143],[-1.94126,50.97183],[-1.94132,50.97193],[-1.94504,50.97584],[-1.94508,50.97585],[-1.94636,50.97607],[-1.94724,50.97624],[-1.94749,50.97632],[-1.94813,50.97648],[-1.94838,50.97658],[-1.94846,50.97663],[-1.95481,50.97811],[-1.95511,50.97809],[-1.95546,50.97827],[-1.95547,50.97827],[-1.95547,50.97829],[-1.95639,50.98105],[-1.95649,50.98121],[-1.95675,50.98156],[-1.95673,50.98165],[-1.95687,50.98196],[-1.95701,50.98234],[-1.95722,50.9832],[-1.95727,50.98372],[-1.95727,50.98373],[-1.95711,50.98585],[-1.95717,50.98618],[-1.95718,50.98661],[-1.95723,50.98716],[-1.95724,50.98744],[-1.95721,50.98771],[-1.95712,50.98821],[-1.9571,50.98844],[-1.95699,50.98899],[-1.95697,50.98923],[-1.95691,50.98954],[-1.95682,50.98983],[-1.96334,50.99202],[-1.96771,50.99076],[-1.96777,50.99071],[-1.96806,50.99057],[-1.96856,50.99041],[-1.96921,50.99015],[-1.96951,50.99007],[-1.97063,50.98984],[-1.97199,50.98952],[-1.972,50.9895],[-1.97206,50.9894],[-1.97223,50.98897],[-1.9723,50.9887],[-1.97242,50.98847],[-1.97257,50.98801],[-1.97268,50.98791],[-1.97286,50.98765],[-1.97298,50.98753],[-1.97315,50.98743],[-1.97316,50.98743],[-1.97321,50.98741],[-1.97339,50.98735],[-1.97345,50.98734],[-1.97555,50.98674],[-1.9758,50.98659],[-1.97622,50.98639],[-1.97639,50.98628],[-1.97688,50.98609],[-1.97706,50.98598],[-1.97729,50.98581],[-1.97748,50.98574],[-1.97809,50.98566],[-1.97846,50.98553],[-1.97869,50.9855],[-1.97906,50.98556],[-1.97938,50.98558],[-1.97966,50.98553],[-1.97984,50.98547],[-1.9801,50.9853],[-1.98025,50.98502],[-1.98042,50.98492],[-1.98073,50.98485],[-1.98098,50.98488],[-1.98156,50.98488],[-1.98169,50.98487],[-1.982,50.98473],[-1.98233,50.98462],[-1.98267,50.9846],[-1.98294,50.98456],[-1.98327,50.98446],[-1.98351,50.98443],[-1.98354,50.98443],[-1.9859,50.98334],[-1.98588,50.98327],[-1.98626,50.98301],[-1.98654,50.98288],[-1.98677,50.9826],[-1.9869,50.98238],[-1.98715,50.98228],[-1.98762,50.98225],[-1.98794,50.9822],[-1.98811,50.98213],[-1.98837,50.98197],[-1.98857,50.98193],[-1.98894,50.98195],[-1.98923,50.98182],[-1.98938,50.98173],[-1.98979,50.98156],[-1.99,50.98109],[-1.9901,50.98092],[-1.99008,50.98088],[-1.98962,50.98051],[-1.98957,50.98031],[-1.98957,50.98006],[-1.98952,50.97976],[-1.98938,50.97947],[-1.98926,50.97931],[-1.98915,50.97898],[-1.98923,50.97886],[-1.9894,50.97877],[-1.99008,50.97865],[-1.99028,50.9785],[-1.99057,50.97809],[-1.99084,50.97772],[-1.99101,50.97739],[-1.99113,50.97722],[-1.99133,50.97709],[-1.99173,50.97697],[-1.99211,50.97691],[-1.99225,50.97686],[-1.9927,50.97651],[-1.99279,50.97627],[-1.99285,50.97616],[-1.99299,50.97606],[-1.993,50.97606],[-1.9935,50.97587],[-1.99404,50.97573],[-1.99435,50.97568],[-1.99514,50.97568],[-1.99553,50.97564],[-1.99603,50.97543],[-1.99616,50.9754],[-1.99661,50.97546],[-1.99695,50.97544],[-1.99782,50.97533],[-1.99805,50.97528],[-1.99861,50.9753],[-1.99931,50.9752],[-1.99958,50.97513],[-1.99995,50.97499],[-2.00019,50.97488],[-2.00044,50.97481],[-2.00137,50.97472],[-2.002,50.97484],[-2.00368,50.97461],[-2.00381,50.97451],[-2.00434,50.97452],[-2.00437,50.97452],[-2.00454,50.97454],[-2.00459,50.97454],[-2.0046,50.97454],[-2.01012,50.97518],[-2.01017,50.97516],[-2.01035,50.97507],[-2.0105,50.97497],[-2.01065,50.97479],[-2.01075,50.97473],[-2.01116,50.97461],[-2.01179,50.97447],[-2.01226,50.97418],[-2.01234,50.97415],[-2.0128,50.97407],[-2.01476,50.97326],[-2.01487,50.97315],[-2.01538,50.97292],[-2.01581,50.97283],[-2.01625,50.97265],[-2.01361,50.97122],[-2.02031,50.96627],[-2.03099,50.96933],[-2.03412,50.96411],[-2.02998,50.95746],[-2.03311,50.95449],[-2.04949,50.9624],[-2.04936,50.96608],[-2.05846,50.96167],[-2.0549,50.95772],[-2.0576,50.95169],[-2.06614,50.95285],[-2.06618,50.95281],[-2.06645,50.95252],[-2.06699,50.952],[-2.06709,50.95199],[-2.06728,50.95182],[-2.06742,50.95187],[-2.06827,50.95122],[-2.06831,50.95119],[-2.06893,50.9512],[-2.06933,50.9512],[-2.06962,50.95118],[-2.07015,50.95119],[-2.07035,50.9512],[-2.08328,50.95125],[-2.08356,50.95116],[-2.08388,50.95097],[-2.08396,50.95088],[-2.08419,50.95052],[-2.08437,50.95022],[-2.08501,50.94949],[-2.08527,50.94925],[-2.08543,50.94922],[-2.08619,50.94956],[-2.08653,50.94965],[-2.08686,50.94976],[-2.08718,50.9499],[-2.08737,50.94995],[-2.08801,50.95006],[-2.08861,50.95019],[-2.08887,50.9502],[-2.08904,50.95018],[-2.08939,50.95012],[-2.08701,50.94383],[-2.05612,50.91467],[-2.04425,50.90967],[-2.03988,50.90608],[-2.03201,50.90276],[-2.01371,50.88474],[-2.0059,50.8793],[-1.99754,50.87085],[-1.99488,50.86973]]]},"properties":{"g":3}},
{"type":"Feature","geometry":{"type":"MultiPolygon","coordinates":[[[[-1.94766,50.94584],[-1.94141,50.95727],[-1.94726,50.95538],[-1.94766,50.94584]]],[[[-1.99098,50.87253],[-1.98708,50.87535],[-1.98573,50.87631],[-1.97623,50.88304],[-1.9779,50.88921],[-1.97549,50.89208],[-1.96141,50.89631],[-1.95244,50.9053],[-1.95627,50.91051],[-1.95927,50.90107],[-1.96468,50.8973],[-1.98459,50.89074],[-1.99098,50.89209],[-2.00023,50.89685],[-2.01743,50.90369],[-2.02512,50.91205],[-2.02853,50.91214],[-2.02042,50.90189],[-2.00364,50.89559],[-1.99098,50.88813],[-1.98402,50.88894],[-1.98132,50.88732],[-1.98118,50.88093],[-1.98843,50.87869],[-1.99198,50.87545],[-1.99098,50.87253]]]]},"properties":{"g":4}},
{"type":"Feature","geometry":{"type":"Polygon","coordinates":[[[-2.01625,50.97265],[-2.01654,50.97248],[-2.01731,50.97217],[-2.01747,50.97216],[-2.01801,50.97224],[-2.01861,50.97229],[-2.01887,50.97227],[-2.01925,50.97228],[-2.01987,50.97222],[-2.02022,50.97222],[-2.02072,50.97232],[-2.02112,50.97243],[-2.0213,50.97244],[-2.02133,50.97244],[-2.02296,50.97251],[-2.02709,50.97159],[-2.0277,50.97133],[-2.02789,50.97132],[-2.02805,50.97127],[-2.02857,50.97126],[-2.02889,50.9712],[-2.02897,50.97118],[-2.02898,50.97118],[-2.02921,50.97122],[-2.02936,50.97127],[-2.03031,50.97148],[-2.0307,50.97157],[-2.03187,50.97169],[-2.03208,50.97175],[-2.03285,50.97185],[-2.03296,50.97188],[-2.03325,50.97205],[-2.03403,50.97232],[-2.03428,50.97239],[-2.03445,50.97243],[-2.04055,50.96845],[-2.04082,50.96828],[-2.04122,50.96807],[-2.04163,50.96796],[-2.04208,50.96786],[-2.04253,50.96787],[-2.0428,50.96784],[-2.04394,50.96749],[-2.04471,50.96731],[-2.04516,50.96722],[-2.04555,50.96717],[-2.04633,50.96711],[-2.04733,50.96693],[-2.04762,50.96687],[-2.04822,50.96682],[-2.04886,50.96673],[-2.04917,50.96663],[-2.04961,50.96654],[-2.05026,50.96643],[-2.05085,50.96621],[-2.05108,50.96615],[-2.05126,50.96615],[-2.05146,50.96626],[-2.05156,50.96636],[-2.05219,50.96622],[-2.05236,50.96621],[-2.05246,50.96621],[-2.05453,50.96583],[-2.05464,50.96576],[-2.05468,50.96564],[-2.05483,50.96556],[-2.05527,50.96525],[-2.05543,50.96509],[-2.05574,50.96485],[-2.05668,50.96427],[-2.05721,50.96404],[-2.0577,50.96387],[-2.05939,50.96282],[-2.0594,50.96281],[-2.0592,50.96259],[-2.0589,50.96209],[-2.0587,50.96184],[-2.05843,50.96134],[-2.05838,50.96115],[-2.05853,50.96074],[-2.05873,50.96048],[-2.05904,50.96023],[-2.05932,50.95979],[-2.05963,50.95986],[-2.06002,50.9599],[-2.0604,50.95983],[-2.06075,50.95971],[-2.06091,50.95971],[-2.06142,50.95983],[-2.06428,50.9556],[-2.06435,50.95529],[-2.06446,50.95492],[-2.06456,50.95472],[-2.06486,50.95396],[-2.06522,50.95373],[-2.06575,50.95323],[-2.06614,50.95285],[-2.0576,50.95169],[-2.0549,50.95772],[-2.05846,50.96167],[-2.04936,50.96608],[-2.04949,50.9624],[-2.03311,50.95449],[-2.02998,50.95746],[-2.03412,50.96411],[-2.03099,50.96933],[-2.02031,50.96627],[-2.01361,50.97122],[-2.01625,50.97265]]]},"properties":{"g":0}},
{"type":"Feature","geometry":{"type":"MultiPolygon","coordinates":[[[[-1.95727,50.98373],[-1.95715,50.98423],[-1.95707,50.98466],[-1.95701,50.98526],[-1.95711,50.98585],[-1.95727,50.98373]]],[[[-1.95547,50.97829],[-1.95551,50.97855],[-1.95571,50.9794],[-1.95576,50.97976],[-1.9559,50.98029],[-1.95604,50.98052],[-1.95639,50.98105],[-1.95547,50.97829]]],[[[-1.94846,50.97663],[-1.94902,50.97703],[-1.94962,50.97743],[-1.95059,50.97803],[-1.95097,50.9782],[-1.95135,50.9783],[-1.95252,50.97858],[-1.9529,50.9786],[-1.95311,50.97858],[-1.95365,50.97844],[-1.95403,50.97836],[-1.95473,50.97812],[-1.95481,50.97811],[-1.94846,50.97663]]],[[[-1.94132,50.97193],[-1.94145,50.97212],[-1.94158,50.9724],[-1.9416,50.97263],[-1.94168,50.97291],[-1.94208,50.97336],[-1.94229,50.97358],[-1.94294,50.97397],[-1.94311,50.97407],[-1.94338,50.97428],[-1.9435,50.97443],[-1.94369,50.9747],[-1.94392,50.97495],[-1.94424,50.97537],[-1.94439,50.97549],[-1.94483,50.97575],[-1.94504,50.97584],[-1.94508,50.97585],[-1.94504,50.97584],[-1.94132,50.97193]]],[[[-1.94078,50.97136],[-1.94083,50.97141],[-1.94085,50.97143],[-1.94078,50.97136]]],[[[-1.93952,50.97003],[-1.93961,50.97017],[-1.93992,50.97045],[-1.93952,50.97003]]],[[[-1.93343,50.96854],[-1.93349,50.96856],[-1.93402,50.96882],[-1.93432,50.96895],[-1.93486,50.96909],[-1.93554,50.96918],[-1.93582,50.96919],[-1.93616,50.96918],[-1.93656,50.96919],[-1.93706,50.96926],[-1.93722,50.9693],[-1.93762,50.96947],[-1.93821,50.96951],[-1.93912,50.96961],[-1.93343,50.96854]]]]},"properties":{"g":3}},
{"type":"Feature","geometry":{"type":"MultiPolygon","coordinates":[[[[-2.08904,50.95018],[-2.08922,50.95016],[-2.08939,50.95012],[-2.08904,50.95018]]],[[[-2.07035,50.9512],[-2.07254,50.95133],[-2.07349,50.95135],[-2.07398,50.95133],[-2.07432,50.95136],[-2.07512,50.95129],[-2.07682,50.95129],[-2.07748,50.95132],[-2.07835,50.95135],[-2.07878,50.95138],[-2.07995,50.95143],[-2.08115,50.95133],[-2.08217,50.95137],[-2.08276,50.95135],[-2.08328,50.95125],[-2.07035,50.9512]]],[[[-2.06742,50.95187],[-2.06751,50.9519],[-2.06827,50.95122],[-2.06742,50.95187]]],[[[-2.01581,50.97283],[-2.01602,50.97279],[-2.01625,50.97265],[-2.01581,50.97283]]],[[[-2.0128,50.97407],[-2.01336,50.97398],[-2.01395,50.97391],[-2.01416,50.97379],[-2.0144,50.97353],[-2.01471,50.97332],[-2.01476,50.97326],[-2.0128,50.97407]]],[[[-2.0046,50.97454],[-2.00498,50.97463],[-2.00544,50.97481],[-2.00619,50.97518],[-2.00649,50.97531],[-2.00677,50.9754],[-2.00716,50.97545],[-2.00778,50.97538],[-2.00946,50.97529],[-2.00972,50.97526],[-2.01012,50.97518],[-2.01017,50.97516],[-2.01012,50.97518],[-2.0046,50.97454]]],[[[-2.002,50.97484],[-2.00202,50.97484],[-2.00259,50.97485],[-2.00285,50.97482],[-2.00365,50.97463],[-2.00368,50.97461],[-2.002,50.97484]]],[[[-1.99861,50.9753],[-1.99874,50.9753],[-1.99905,50.97527],[-1.99931,50.9752],[-1.99861,50.9753]]],[[[-1.98894,50.98195],[-1.98907,50.98191],[-1.98923,50.98182],[-1.98894,50.98195]]],[[[-1.98351,50.98443],[-1.98354,50.98443],[-1.98369,50.98452],[-1.98395,50.98462],[-1.98415,50.98463],[-1.98463,50.98477],[-1.98495,50.98479],[-1.98521,50.98476],[-1.9853,50.9847],[-1.98551,50.98451],[-1.98595,50.98418],[-1.98608,50.98397],[-1.98608,50.98376],[-1.98591,50.98338],[-1.9859,50.98334],[-1.98354,50.98443],[-1.98351,50.98443]]],[[[-1.97345,50.98734],[-1.97382,50.9873],[-1.97429,50.98719],[-1.97466,50.98714],[-1.97525,50.98691],[-1.97555,50.98674],[-1.97345,50.98734]]],[[[-1.972,50.9895],[-1.97205,50.98942],[-1.97206,50.9894],[-1.972,50.9895]]],[[[-1.95682,50.98983],[-1.95712,50.98995],[-1.9579,50.99033],[-1.95803,50.9904],[-1.95862,50.99064],[-1.95896,50.99072],[-1.95962,50.99091],[-1.96023,50.99107],[-1.96135,50.9914],[-1.96232,50.99175],[-1.96264,50.99185],[-1.96318,50.99199],[-1.96334,50.99202],[-1.96438,50.99203],[-1.96521,50.99205],[-1.96536,50.99204],[-1.96651,50.99145],[-1.96704,50.99114],[-1.9675,50.99091],[-1.96771,50.99076],[-1.96334,50.99202],[-1.95682,50.98983]]],[[[-2.0213,50.97244],[-2.0214,50.97245],[-2.02182,50.97261],[-2.02201,50.97262],[-2.02253,50.97259],[-2.02296,50.97251],[-2.02133,50.97244],[-2.0213,50.97244]]]]},"properties":{"g":3}},
{"type":"Feature","geometry":{"type":"MultiPolygon","coordinates":[[[[-2.06142,50.95983],[-2.06161,50.95987],[-2.06211,50.96004],[-2.06232,50.95993],[-2.06247,50.95975],[-2.06248,50.95964],[-2.06246,50.9592],[-2.06261,50.95895],[-2.0628,50.95871],[-2.06304,50.95847],[-2.0636,50.95787],[-2.0642,50.95728],[-2.06427,50.95719],[-2.0643,50.95704],[-2.06424,50.95642],[-2.06426,50.95623],[-2.06427,50.95565],[-2.06428,50.9556],[-2.06142,50.95983]]],[[[-2.0577,50.96387],[-2.05783,50.96382],[-2.05814,50.96374],[-2.05833,50.96364],[-2.05906,50.96307],[-2.05934,50.9629],[-2.05939,50.96282],[-2.0577,50.96387]]],[[[-2.05246,50.96621],[-2.0532,50.96625],[-2.05335,50.96622],[-2.05369,50.96601],[-2.05379,50.96598],[-2.05453,50.96583],[-2.05464,50.96576],[-2.05453,50.96583],[-2.05246,50.96621]]],[[[-2.03428,50.97239],[-2.03445,50.97243],[-2.03483,50.97237],[-2.03506,50.97229],[-2.03522,50.97229],[-2.0364,50.9722],[-2.03656,50.97218],[-2.03721,50.97197],[-2.0375,50.97184],[-2.03794,50.97157],[-2.03827,50.97145],[-2.03841,50.97131],[-2.03849,50.97084],[-2.03868,50.97062],[-2.03887,50.9705],[-2.03907,50.97027],[-2.03931,50.9701],[-2.03949,50.97002],[-2.03984,50.96973],[-2.03992,50.96964],[-2.04005,50.96907],[-2.04011,50.96897],[-2.04041,50.96873],[-2.04055,50.96845],[-2.03445,50.97243],[-2.03428,50.97239]]],[[[-2.02936,50.97127],[-2.0298,50.97141],[-2.03002,50.97142],[-2.03031,50.97148],[-2.02936,50.97127]]],[[[-2.02296,50.97251],[-2.02304,50.97249],[-2.02351,50.97252],[-2.02413,50.97247],[-2.02431,50.97236],[-2.02462,50.97227],[-2.02511,50.97223],[-2.02583,50.97214],[-2.02619,50.97193],[-2.0267,50.97179],[-2.02698,50.97164],[-2.02709,50.97159],[-2.02296,50.97251]]]]},"properties":{"g":0}},
{"type":"Feature","geometry":{"type":"MultiPolygon","coordinates":[[[[-1.97623,50.88304],[-1.97734,50.87815],[-1.98573,50.87631],[-1.98708,50.87535],[-1.98729,50.87104],[-1.99255,50.86403],[-1.9953,50.8624],[-1.98818,50.8354],[-1.98728,50.83321],[-1.98222,50.8244],[-1.97168,50.8144],[-1.96417,50.81681],[-1.9602,50.81528],[-1.95449,50.81778],[-1.95222,50.82573],[-1.95382,50.8293],[-1.95557,50.84133],[-1.96173,50.84235],[-1.96685,50.84496],[-1.96272,50.85125],[-1.9586,50.85377],[-1.95548,50.8499],[-1.95537,50.84616],[-1.95369,50.85408],[-1.95305,50.85708],[-1.95188,50.8627],[-1.95121,50.86573],[-1.94759,50.87509],[-1.9445,50.89241],[-1.94571,50.89461],[-1.96296,50.88909],[-1.97623,50.88304]]],[[[-1.99488,50.86973],[-1.99492,50.86887],[-1.99098,50.87253],[-1.99488,50.86973]]],[[[-1.95471,50.80431],[-1.96034,50.80363],[-1.95399,50.79761],[-1.95471,50.80431]]]]},"properties":{"g":3}},
{"type":"Feature","geometry":{"type":"MultiPolygon","coordinates":[[[[-1.98573,50.87631],[-1.97734,50.87815],[-1.97623,50.88304],[-1.98573,50.87631]]],[[[-1.99098,50.87253],[-1.99492,50.86887],[-1.9953,50.8624],[-1.99255,50.86403],[-1.98729,50.87104],[-1.98708,50.87535],[-1.99098,50.87253]]],[[[-1.95557,50.84133],[-1.95537,50.84616],[-1.95548,50.8499],[-1.9586,50.85377],[-1.96272,50.85125],[-1.96685,50.84496],[-1.96173,50.84235],[-1.95557,50.84133]]],[[[-1.97168,50.8144],[-1.96034,50.80363],[-1.95471,50.80431],[-1.95449,50.81778],[-1.9602,50.81528],[-1.96417,50.81681],[-1.97168,50.8144]]]]},"properties":{"g":4}},
{"type":"Feature","geometry":{"type":"MultiPolygon","coordinates":[[[[-2.20173,50.96637],[-2.20984,50.96447],[-2.21252,50.95997],[-2.21963,50.95716],[-2.21948,50.95474],[-2.21122,50.95457],[-2.2048,50.95243],[-2.20268,50.9545],[-2.20341,50.95926],[-2.20173,50.96637]]],[[[-2.24165,50.91998],[-2.23794,50.91729],[-2.22391,50.92829],[-2.22122,50.93306],[-2.22764,50.93449],[-2.23301,50.92845],[-2.23842,50.92826],[-2.24165,50.91998]]],[[[-2.20781,50.92445],[-2.21377,50.9213],[-2.20819,50.91501],[-2.20036,50.9117],[-2.20166,50.91727],[-2.19541,50.92034],[-2.20411,50.92491],[-2.20781,50.92445]]],[[[-2.77553,50.78051],[-2.77764,50.77933],[-2.77448,50.77683],[-2.77491,50.76892],[-2.77759,50.75064],[-2.77539,50.74634],[-2.77673,50.74139],[-2.76849,50.74027],[-2.76796,50.74235],[-2.75661,50.7417],[-2.75624,50.74512],[-2.76153,50.74814],[-2.75744,50.74952],[-2.75764,50.75311],[-2.75125,50.75226],[-2.74709,50.75813],[-2.74897,50.76054],[-2.75823,50.76291],[-2.76851,50.76752],[-2.76944,50.77237],[-2.76722,50.77553],[-2.76956,50.77992],[-2.77553,50.78051]]],[[[-2.73594,50.77025],[-2.74184,50.76689],[-2.7422,50.76248],[-2.73925,50.75539],[-2.73541,50.75488],[-2.73774,50.74965],[-2.74111,50.74738],[-2.73489,50.74831],[-2.73244,50.7459],[-2.72913,50.75186],[-2.73089,50.75553],[-2.72781,50.75834],[-2.72845,50.76292],[-2.73371,50.76361],[-2.73277,50.76685],[-2.72543,50.76924],[-2.72889,50.7729],[-2.73594,50.77025]]],[[[-2.75497,50.77193],[-2.75473,50.76617],[-2.74396,50.76624],[-2.74333,50.77164],[-2.74761,50.77305],[-2.75497,50.77193]]]]},"properties":{"g":1}},
{"type":"Feature","geometry":{"type":"MultiPolygon","coordinates":[[[[-2.24165,50.91998],[-2.24434,50.91782],[-2.24975,50.91889],[-2.25073,50.91619],[-2.24672,50.91044],[-2.24527,50.90451],[-2.23147,50.90346],[-2.23221,50.9102],[-2.22682,50.91228],[-2.22955,50.9192],[-2.22544,50.92172],[-2.21861,50.92048],[-2.20819,50.91501],[-2.21377,50.9213],[-2.20781,50.92445],[-2.2094,50.92886],[-2.21324,50.92939],[-2.21635,50.92462],[-2.22175,50.92434],[-2.22391,50.92829],[-2.23794,50.91729],[-2.24165,50.91998]]],[[[-2.76153,50.74814],[-2.75442,50.74648],[-2.75306,50.75036],[-2.75764,50.75311],[-2.75744,50.74952],[-2.76153,50.74814]]],[[[-2.77553,50.78051],[-2.78529,50.78719],[-2.78106,50.78893],[-2.77035,50.78478],[-2.7631,50.78347],[-2.76073,50.77755],[-2.76059,50.76874],[-2.75497,50.77193],[-2.74761,50.77305],[-2.7458,50.77531],[-2.75125,50.77861],[-2.74902,50.78105],[-2.76129,50.78582],[-2.75628,50.79152],[-2.75776,50.79556],[-2.76998,50.78775],[-2.7748,50.78789],[-2.78666,50.79249],[-2.78356,50.79431],[-2.77745,50.79327],[-2.77343,50.79078],[-2.76814,50.79675],[-2.7709,50.80096],[-2.77666,50.79696],[-2.78476,50.79772],[-2.79012,50.79597],[-2.79118,50.80019],[-2.79469,50.80119],[-2.80218,50.79391],[-2.79973,50.79384],[-2.79333,50.79263],[-2.79454,50.78902],[-2.79095,50.78662],[-2.792,50.7813],[-2.79563,50.77777],[-2.78906,50.7753],[-2.78704,50.78152],[-2.7845,50.78252],[-2.77764,50.77933],[-2.77553,50.78051]]],[[[-2.72889,50.7729],[-2.72642,50.77813],[-2.72818,50.7819],[-2.73635,50.77816],[-2.73594,50.77025],[-2.72889,50.7729]]],[[[-2.72845,50.76292],[-2.72543,50.76924],[-2.73277,50.76685],[-2.73371,50.76361],[-2.72845,50.76292]]],[[[-2.72913,50.75186],[-2.72534,50.7544],[-2.72465,50.75557],[-2.72781,50.75834],[-2.73089,50.75553],[-2.72913,50.75186]]],[[[-2.73925,50.75539],[-2.74279,50.7551],[-2.74271,50.74988],[-2.74891,50.74787],[-2.74646,50.74545],[-2.74111,50.74738],[-2.73774,50.74965],[-2.73541,50.75488],[-2.73925,50.75539]]],[[[-2.73529,50.78347],[-2.72994,50.78585],[-2.72622,50.78389],[-2.7227,50.78526],[-2.73099,50.78917],[-2.73653,50.78976],[-2.74066,50.79072],[-2.74745,50.78942],[-2.7417,50.78496],[-2.73529,50.78347]]],[[[-2.18923,50.86909],[-2.19594,50.87547],[-2.20094,50.88184],[-2.20379,50.88256],[-2.19549,50.87088],[-2.18923,50.86909]]],[[[-2.21792,50.89476],[-2.22629,50.89169],[-2.23129,50.89527],[-2.2306,50.89995],[-2.24311,50.90065],[-2.25221,50.89892],[-2.25617,50.89621],[-2.2637,50.89547],[-2.26381,50.88954],[-2.25272,50.88902],[-2.24392,50.89147],[-2.24035,50.8886],[-2.22088,50.88954],[-2.21589,50.88658],[-2.21478,50.89288],[-2.21792,50.89476]]],[[[-2.56236,50.86447],[-2.56445,50.87246],[-2.56677,50.87632],[-2.57203,50.8771],[-2.57441,50.8735],[-2.574,50.8637],[-2.56348,50.86348],[-2.56236,50.86447]]],[[[-2.22719,50.90113],[-2.22718,50.89915],[-2.21822,50.89809],[-2.21097,50.899],[-2.21083,50.90017],[-2.21382,50.90142],[-2.22022,50.90168],[-2.22719,50.90113]]],[[[-2.44962,50.88834],[-2.44296,50.89017],[-2.44684,50.89456],[-2.45394,50.89327],[-2.44962,50.88834]]],[[[-2.51792,50.76522],[-2.5155,50.7646],[-2.51374,50.77189],[-2.51974,50.77609],[-2.51792,50.76522]]],[[[-2.09718,50.81939],[-2.09108,50.81975],[-2.09265,50.82335],[-2.10188,50.82514],[-2.10386,50.82082],[-2.09718,50.81939]]],[[[-2.2544,50.93632],[-2.25439,50.9338],[-2.24569,50.93094],[-2.24028,50.92988],[-2.23545,50.9316],[-2.22751,50.93862],[-2.24074,50.93689],[-2.24474,50.93931],[-2.2544,50.93632]]],[[[-2.45349,50.71603],[-2.4572,50.71844],[-2.46315,50.71851],[-2.4682,50.71363],[-2.46731,50.7095],[-2.46305,50.70826],[-2.454,50.70946],[-2.45349,50.71603]]],[[[-2.33104,50.72588],[-2.32323,50.72419],[-2.31417,50.72413],[-2.31235,50.72836],[-2.33007,50.7293],[-2.33104,50.72588]]],[[[-2.1781,51.00826],[-2.17807,51.0084],[-2.17777,51.00897],[-2.17721,51.00993],[-2.17707,51.0102],[-2.18025,51.00858],[-2.18236,51.00219],[-2.18035,50.9986],[-2.17535,50.99492],[-2.17347,50.98854],[-2.16719,50.98504],[-2.15935,50.98397],[-2.1629,50.97902],[-2.15876,50.97759],[-2.15266,50.98299],[-2.15551,50.98532],[-2.15287,50.9893],[-2.15289,50.9893],[-2.15308,50.98938],[-2.15362,50.98963],[-2.15379,50.98969],[-2.15438,50.98998],[-2.15494,50.99028],[-2.16152,50.99342],[-2.16154,50.99342],[-2.16184,50.99348],[-2.16181,50.99355],[-2.16361,50.99441],[-2.16673,50.99784],[-2.16708,50.99808],[-2.16751,50.99849],[-2.168,50.99898],[-2.1683,50.99926],[-2.16886,51],[-2.16931,51.00066],[-2.16934,51.00067],[-2.17247,51.00106],[-2.17257,51.00107],[-2.17257,51.00108],[-2.17447,51.00354],[-2.17473,51.00385],[-2.17523,51.00439],[-2.17555,51.00468],[-2.17543,51.00476],[-2.17543,51.00479],[-2.17585,51.00534],[-2.17599,51.00533],[-2.17609,51.0054],[-2.17621,51.00559],[-2.17626,51.00584],[-2.17626,51.00587],[-2.1781,51.00826]]],[[[-2.75958,50.72379],[-2.76402,50.72672],[-2.76338,50.72259],[-2.75958,50.72379]]],[[[-2.80802,50.73155],[-2.80833,50.73317],[-2.81272,50.7326],[-2.81356,50.72396],[-2.80877,50.72543],[-2.80738,50.72697],[-2.80802,50.73155]]],[[[-2.76828,50.73587],[-2.77281,50.73602],[-2.78224,50.74054],[-2.7826,50.7364],[-2.79093,50.73473],[-2.7849,50.73027],[-2.76747,50.72967],[-2.76828,50.73587]]],[[[-2.7369,50.74102],[-2.73654,50.73634],[-2.74481,50.73054],[-2.74177,50.72678],[-2.72177,50.73446],[-2.72918,50.73693],[-2.72371,50.74065],[-2.72856,50.74269],[-2.73179,50.74051],[-2.7369,50.74102]]],[[[-2.19078,50.96891],[-2.19134,50.96675],[-2.19003,50.96189],[-2.1963,50.96089],[-2.19742,50.95738],[-2.19428,50.95541],[-2.18632,50.95812],[-2.18491,50.96271],[-2.18107,50.96389],[-2.17254,50.96669],[-2.17526,50.97154],[-2.19078,50.96891]]],[[[-2.3606,50.75673],[-2.35179,50.7537],[-2.34569,50.75336],[-2.34316,50.75552],[-2.3449,50.76181],[-2.35211,50.75846],[-2.3606,50.75673]]],[[[-2.18914,50.95182],[-2.19296,50.94606],[-2.19693,50.94336],[-2.20547,50.94352],[-2.20932,50.9436],[-2.21573,50.94422],[-2.21883,50.93909],[-2.21498,50.93775],[-2.20212,50.9259],[-2.19372,50.92304],[-2.19369,50.91639],[-2.19552,50.91252],[-2.19306,50.90128],[-2.18738,50.9039],[-2.1914,50.91189],[-2.18956,50.91612],[-2.19115,50.92089],[-2.18732,50.92458],[-2.18121,50.92639],[-2.18236,50.92908],[-2.1882,50.93078],[-2.18522,50.93384],[-2.17953,50.93457],[-2.18311,50.93861],[-2.18199,50.94455],[-2.18514,50.94877],[-2.17761,50.95211],[-2.18317,50.95534],[-2.18914,50.95182]]],[[[-2.31457,50.71218],[-2.32333,50.71727],[-2.33649,50.71534],[-2.3369,50.71318],[-2.34305,50.7102],[-2.33651,50.71054],[-2.33623,50.71057],[-2.31457,50.71218]]],[[[-2.56259,50.93276],[-2.56528,50.92992],[-2.57237,50.92737],[-2.57047,50.92369],[-2.55897,50.92546],[-2.55288,50.92774],[-2.55321,50.93223],[-2.56055,50.93296],[-2.56259,50.93276]]],[[[-2.82023,50.72381],[-2.81617,50.72727],[-2.82088,50.73015],[-2.82023,50.72381]]]]},"properties":{"g":2}},
{"type":"Feature","geometry":{"type":"MultiPolygon","coordinates":[[[[-2.08939,50.95012],[-2.0894,50.95011],[-2.08953,50.95008],[-2.08983,50.94999],[-2.09042,50.94968],[-2.09092,50.94951],[-2.09153,50.94941],[-2.09196,50.94932],[-2.09242,50.94921],[-2.09287,50.94912],[-2.09369,50.94902],[-2.09398,50.94906],[-2.09413,50.94914],[-2.09414,50.94914],[-2.09416,50.94913],[-2.09447,50.94892],[-2.09543,50.94833],[-2.09604,50.94792],[-2.096,50.94787],[-2.0963,50.94768],[-2.09674,50.94746],[-2.09724,50.94716],[-2.09734,50.94718],[-2.09753,50.94705],[-2.09813,50.94666],[-2.09864,50.94632],[-2.0991,50.94602],[-2.10023,50.94527],[-2.10025,50.94507],[-2.10108,50.94511],[-2.10139,50.9451],[-2.10163,50.94498],[-2.10178,50.94499],[-2.10179,50.94499],[-2.1018,50.94499],[-2.10286,50.94561],[-2.10267,50.94631],[-2.10265,50.94653],[-2.104,50.94894],[-2.10401,50.94895],[-2.10517,50.9497],[-2.10556,50.95001],[-2.10567,50.95014],[-2.10603,50.95064],[-2.10653,50.95136],[-2.10678,50.95163],[-2.10697,50.95187],[-2.10738,50.95227],[-2.10748,50.95236],[-2.10755,50.95244],[-2.10775,50.95263],[-2.10836,50.95315],[-2.10865,50.95346],[-2.10876,50.95363],[-2.10931,50.95417],[-2.10955,50.95434],[-2.10969,50.95448],[-2.10987,50.95472],[-2.11118,50.95602],[-2.11141,50.95611],[-2.11209,50.95638],[-2.11233,50.9565],[-2.11256,50.9566],[-2.11262,50.95662],[-2.1132,50.95672],[-2.11369,50.95687],[-2.11458,50.95718],[-2.11496,50.95725],[-2.11517,50.95731],[-2.11564,50.9575],[-2.11607,50.95772],[-2.11647,50.95796],[-2.11703,50.95838],[-2.11722,50.95857],[-2.11721,50.95859],[-2.11849,50.95913],[-2.11894,50.9593],[-2.11929,50.95947],[-2.11946,50.95968],[-2.11983,50.96022],[-2.11998,50.96046],[-2.12067,50.96154],[-2.12077,50.96178],[-2.1209,50.96224],[-2.12103,50.96276],[-2.1212,50.96331],[-2.12146,50.96389],[-2.12152,50.96402],[-2.12152,50.96404],[-2.1215,50.96451],[-2.12151,50.96504],[-2.12135,50.96511],[-2.12086,50.96815],[-2.12086,50.96835],[-2.12085,50.96855],[-2.12066,50.96939],[-2.12065,50.96941],[-2.12084,50.96944],[-2.12172,50.96946],[-2.12316,50.96947],[-2.12311,50.97023],[-2.12302,50.97054],[-2.12297,50.97163],[-2.12297,50.97187],[-2.12288,50.97263],[-2.12282,50.97287],[-2.12259,50.97347],[-2.12245,50.97376],[-2.12233,50.97396],[-2.12913,50.97412],[-2.14122,50.97095],[-2.14451,50.97482],[-2.13425,50.97483],[-2.12062,50.97641],[-2.12052,50.97662],[-2.12045,50.97677],[-2.12017,50.97737],[-2.12009,50.97751],[-2.11976,50.97819],[-2.12035,50.9782],[-2.12083,50.97817],[-2.12197,50.97817],[-2.12198,50.97828],[-2.12209,50.97849],[-2.12212,50.9785],[-2.12281,50.97859],[-2.12398,50.97858],[-2.1246,50.97858],[-2.12539,50.9786],[-2.12646,50.97869],[-2.12685,50.97874],[-2.12813,50.97896],[-2.12974,50.97927],[-2.13123,50.97964],[-2.13169,50.97977],[-2.13246,50.98004],[-2.13353,50.98044],[-2.13534,50.98109],[-2.13592,50.98131],[-2.13825,50.98224],[-2.1384,50.98229],[-2.13946,50.98277],[-2.14005,50.98305],[-2.14338,50.98486],[-2.14346,50.98491],[-2.14347,50.98491],[-2.14485,50.98531],[-2.14626,50.98567],[-2.14713,50.9859],[-2.14745,50.98601],[-2.14815,50.98628],[-2.149,50.98667],[-2.14961,50.98707],[-2.15067,50.98774],[-2.15173,50.98845],[-2.15234,50.98879],[-2.1524,50.98895],[-2.15249,50.98911],[-2.15287,50.9893],[-2.15551,50.98532],[-2.15266,50.98299],[-2.15022,50.97949],[-2.15733,50.97408],[-2.15876,50.97759],[-2.1629,50.97902],[-2.1753,50.98152],[-2.17503,50.98449],[-2.18828,50.98483],[-2.20507,50.98102],[-2.20963,50.98209],[-2.21816,50.97668],[-2.21642,50.97138],[-2.21712,50.96733],[-2.20843,50.96753],[-2.2046,50.97158],[-2.18682,50.97584],[-2.18694,50.97152],[-2.19078,50.96891],[-2.17526,50.97154],[-2.17254,50.96669],[-2.18107,50.96389],[-2.18334,50.96055],[-2.18317,50.95534],[-2.17761,50.95211],[-2.18514,50.94877],[-2.18199,50.94455],[-2.18311,50.93861],[-2.17953,50.93457],[-2.17398,50.93413],[-2.16731,50.93702],[-2.16718,50.94151],[-2.15849,50.93982],[-2.16118,50.9364],[-2.17867,50.93215],[-2.18522,50.93384],[-2.1882,50.93078],[-2.18236,50.92908],[-2.18121,50.92639],[-2.18732,50.92458],[-2.19115,50.92089],[-2.18956,50.91612],[-2.1914,50.91189],[-2.18738,50.9039],[-2.19306,50.90128],[-2.19552,50.91252],[-2.19369,50.91639],[-2.19372,50.92304],[-2.20212,50.9259],[-2.21498,50.93775],[-2.21883,50.93909],[-2.21573,50.94422],[-2.20932,50.9436],[-2.2048,50.95243],[-2.21122,50.95457],[-2.21948,50.95474],[-2.21963,50.95716],[-2.21252,50.95997],[-2.20984,50.96447],[-2.21383,50.96446],[-2.21993,50.96031],[-2.22151,50.96391],[-2.2332,50.96487],[-2.23293,50.96928],[-2.22481,50.96911],[-2.21996,50.9667],[-2.22201,50.97829],[-2.20581,50.98659],[-2.201,50.99542],[-2.20741,50.99361],[-2.21414,51.00115],[-2.21188,51.00682],[-2.2156,51.00996],[-2.22629,51.00805],[-2.23913,51.01117],[-2.23915,51.01576],[-2.24233,51.02429],[-2.24821,51.02994],[-2.25478,51.03236],[-2.26176,51.03099],[-2.26331,51.02748],[-2.25631,51.02498],[-2.2503,51.0205],[-2.24741,51.01376],[-2.24896,51.01043],[-2.23766,51.00263],[-2.23764,50.99912],[-2.2456,50.99533],[-2.24929,50.99173],[-2.25414,50.99207],[-2.26299,50.99556],[-2.25816,50.99764],[-2.25507,51.00673],[-2.25737,51.00996],[-2.25154,51.01321],[-2.25213,51.01681],[-2.25615,51.02103],[-2.26272,51.02389],[-2.28184,51.02627],[-2.28869,51.02625],[-2.29534,51.01877],[-2.30046,51.01714],[-2.29829,51.01256],[-2.29926,51.00743],[-2.2958,51.0016],[-2.29419,50.99531],[-2.3,50.98963],[-2.29611,50.98226],[-2.30819,50.97846],[-2.31574,50.97889],[-2.31975,50.98184],[-2.32529,50.97895],[-2.33283,50.97803],[-2.33523,50.9746],[-2.3278,50.97148],[-2.32848,50.96743],[-2.33299,50.96076],[-2.32967,50.95457],[-2.32025,50.95154],[-2.31581,50.94732],[-2.3175,50.94363],[-2.31404,50.93743],[-2.30563,50.93512],[-2.30474,50.93036],[-2.3084,50.92486],[-2.30625,50.92208],[-2.29773,50.9248],[-2.2916,50.92185],[-2.2862,50.92258],[-2.2905,50.92922],[-2.28467,50.92915],[-2.26436,50.93603],[-2.25585,50.94063],[-2.24919,50.94604],[-2.24807,50.95045],[-2.25123,50.95467],[-2.25809,50.95951],[-2.26608,50.96246],[-2.26466,50.96435],[-2.26873,50.97801],[-2.26343,50.97335],[-2.26141,50.96796],[-2.26224,50.96346],[-2.25682,50.96203],[-2.25095,50.95683],[-2.24368,50.95451],[-2.24238,50.95127],[-2.24664,50.94938],[-2.24648,50.94542],[-2.25285,50.94001],[-2.2544,50.93632],[-2.24474,50.93931],[-2.24074,50.93689],[-2.22751,50.93862],[-2.23545,50.9316],[-2.24028,50.92988],[-2.24569,50.93094],[-2.24975,50.91889],[-2.24434,50.91782],[-2.24165,50.91998],[-2.23842,50.92826],[-2.23301,50.92845],[-2.22764,50.93449],[-2.22122,50.93306],[-2.22391,50.92829],[-2.22175,50.92434],[-2.21635,50.92462],[-2.21324,50.92939],[-2.2094,50.92886],[-2.20781,50.92445],[-2.20411,50.92491],[-2.19541,50.92034],[-2.20166,50.91727],[-2.20036,50.9117],[-2.20819,50.91501],[-2.21861,50.92048],[-2.22544,50.92172],[-2.22955,50.9192],[-2.22682,50.91228],[-2.23221,50.9102],[-2.23147,50.90346],[-2.22719,50.90113],[-2.22022,50.90168],[-2.21954,50.9069],[-2.22495,50.9077],[-2.22298,50.9131],[-2.21958,50.91643],[-2.21558,50.91239],[-2.20448,50.91133],[-2.19904,50.90379],[-2.20287,50.90135],[-2.21083,50.90017],[-2.21097,50.899],[-2.20939,50.89505],[-2.2112,50.88803],[-2.2092,50.88587],[-2.20082,50.88598],[-2.19325,50.87889],[-2.18925,50.87359],[-2.18356,50.87207],[-2.16764,50.87182],[-2.16508,50.8703],[-2.16918,50.86634],[-2.17158,50.86094],[-2.16062,50.8552],[-2.15579,50.85601],[-2.14441,50.85045],[-2.13972,50.84929],[-2.13587,50.84372],[-2.1289,50.84049],[-2.12348,50.83339],[-2.11751,50.82926],[-2.09439,50.8425],[-2.09028,50.84871],[-2.08959,50.85518],[-2.08078,50.85897],[-2.07624,50.86302],[-2.06914,50.86419],[-2.08731,50.85321],[-2.08914,50.84457],[-2.09169,50.84097],[-2.10616,50.83323],[-2.11693,50.82467],[-2.10386,50.82082],[-2.10188,50.82514],[-2.09265,50.82335],[-2.09108,50.81975],[-2.09718,50.81939],[-2.08392,50.81086],[-2.08141,50.81266],[-2.0651,50.83007],[-2.05935,50.83716],[-2.02849,50.84832],[-2.01376,50.8564],[-2.01122,50.85816],[-1.99488,50.86973],[-1.99754,50.87085],[-2.0059,50.8793],[-2.01371,50.88474],[-2.03201,50.90276],[-2.03988,50.90608],[-2.04425,50.90967],[-2.05612,50.91467],[-2.08701,50.94383],[-2.08939,50.95012]]],[[[-2.20268,50.9545],[-2.19868,50.95343],[-2.18759,50.9547],[-2.18632,50.95812],[-2.19428,50.95541],[-2.19742,50.95738],[-2.1963,50.96089],[-2.19003,50.96189],[-2.19134,50.96675],[-2.20173,50.96637],[-2.20341,50.95926],[-2.20268,50.9545]]],[[[-2.75764,50.75311],[-2.75306,50.75036],[-2.75442,50.74648],[-2.76153,50.74814],[-2.75624,50.74512],[-2.75661,50.7417],[-2.74992,50.74012],[-2.74372,50.7425],[-2.74646,50.74545],[-2.74891,50.74787],[-2.74271,50.74988],[-2.74279,50.7551],[-2.73925,50.75539],[-2.7422,50.76248],[-2.74184,50.76689],[-2.73594,50.77025],[-2.73635,50.77816],[-2.72818,50.7819],[-2.72622,50.78389],[-2.72994,50.78585],[-2.73529,50.78347],[-2.7417,50.78496],[-2.74745,50.78942],[-2.74066,50.79072],[-2.73653,50.78976],[-2.73077,50.79366],[-2.72055,50.79328],[-2.71484,50.79124],[-2.71901,50.7851],[-2.71416,50.78361],[-2.70886,50.78939],[-2.70549,50.79211],[-2.7043,50.79733],[-2.71282,50.798],[-2.71491,50.79556],[-2.72344,50.79659],[-2.71853,50.8003],[-2.70831,50.80037],[-2.71163,50.80349],[-2.70328,50.80534],[-2.70464,50.81073],[-2.7091,50.81502],[-2.71528,50.8104],[-2.72017,50.81441],[-2.71835,50.81613],[-2.72537,50.82059],[-2.73021,50.8211],[-2.73578,50.81441],[-2.74036,50.8169],[-2.73221,50.82225],[-2.74031,50.82283],[-2.74411,50.82056],[-2.75277,50.82068],[-2.76652,50.81906],[-2.75991,50.81434],[-2.75958,50.8112],[-2.76278,50.80722],[-2.77076,50.8095],[-2.77835,50.80514],[-2.78935,50.80637],[-2.79469,50.80119],[-2.79118,50.80019],[-2.79012,50.79597],[-2.78476,50.79772],[-2.77666,50.79696],[-2.7709,50.80096],[-2.76814,50.79675],[-2.77343,50.79078],[-2.77745,50.79327],[-2.78356,50.79431],[-2.78666,50.79249],[-2.7748,50.78789],[-2.76998,50.78775],[-2.75776,50.79556],[-2.75628,50.79152],[-2.76129,50.78582],[-2.74902,50.78105],[-2.75125,50.77861],[-2.7458,50.77531],[-2.74761,50.77305],[-2.74333,50.77164],[-2.74396,50.76624],[-2.75473,50.76617],[-2.75497,50.77193],[-2.76059,50.76874],[-2.76073,50.77755],[-2.7631,50.78347],[-2.77035,50.78478],[-2.78106,50.78893],[-2.78529,50.78719],[-2.77553,50.78051],[-2.76956,50.77992],[-2.76722,50.77553],[-2.76944,50.77237],[-2.76851,50.76752],[-2.75823,50.76291],[-2.74897,50.76054],[-2.74709,50.75813],[-2.75125,50.75226],[-2.75764,50.75311]]],[[[-2.77764,50.77933],[-2.7845,50.78252],[-2.78704,50.78152],[-2.78906,50.7753],[-2.79563,50.77777],[-2.80194,50.79005],[-2.79973,50.79384],[-2.80218,50.79391],[-2.80781,50.78844],[-2.81298,50.77449],[-2.81409,50.7715],[-2.81636,50.76538],[-2.81693,50.76383],[-2.81803,50.75381],[-2.81584,50.74721],[-2.81695,50.74346],[-2.81148,50.74322],[-2.80659,50.74703],[-2.80378,50.74048],[-2.79061,50.74102],[-2.79198,50.73832],[-2.7979,50.73612],[-2.79785,50.73333],[-2.80802,50.73155],[-2.80738,50.72697],[-2.80229,50.7279],[-2.79627,50.73208],[-2.78712,50.7272],[-2.79215,50.72303],[-2.79831,50.7273],[-2.79951,50.72244],[-2.80361,50.72196],[-2.80877,50.72543],[-2.81356,50.72396],[-2.81272,50.7326],[-2.80833,50.73317],[-2.80526,50.7358],[-2.80645,50.73885],[-2.81314,50.74051],[-2.81917,50.73594],[-2.82088,50.73015],[-2.81617,50.72727],[-2.82023,50.72381],[-2.81957,50.72093],[-2.81034,50.71787],[-2.80786,50.71811],[-2.80772,50.71816],[-2.80746,50.71829],[-2.80735,50.71841],[-2.80714,50.71849],[-2.80691,50.71849],[-2.80688,50.71856],[-2.80666,50.71861],[-2.80648,50.71862],[-2.80616,50.7186],[-2.8061,50.71865],[-2.8059,50.71862],[-2.80579,50.71865],[-2.80562,50.71855],[-2.80538,50.71871],[-2.80505,50.71874],[-2.80486,50.71865],[-2.80462,50.7186],[-2.80456,50.71854],[-2.80417,50.71851],[-2.80404,50.71852],[-2.80395,50.71849],[-2.80341,50.71854],[-2.79584,50.71767],[-2.7958,50.71771],[-2.79558,50.71778],[-2.79523,50.7178],[-2.79499,50.71794],[-2.79478,50.71794],[-2.79463,50.71804],[-2.79423,50.71803],[-2.79364,50.71796],[-2.79298,50.71784],[-2.79222,50.71771],[-2.7916,50.71755],[-2.79076,50.71737],[-2.78996,50.71717],[-2.78946,50.71707],[-2.78884,50.71688],[-2.78862,50.71683],[-2.7851,50.71642],[-2.77086,50.7122],[-2.7645,50.71314],[-2.76338,50.72259],[-2.76402,50.72672],[-2.76747,50.72967],[-2.7849,50.73027],[-2.79093,50.73473],[-2.7826,50.7364],[-2.78224,50.74054],[-2.77281,50.73602],[-2.76828,50.73587],[-2.76849,50.74027],[-2.77673,50.74139],[-2.77539,50.74634],[-2.77759,50.75064],[-2.77491,50.76892],[-2.77448,50.77683],[-2.77764,50.77933]]],[[[-2.72543,50.76924],[-2.72845,50.76292],[-2.72781,50.75834],[-2.72465,50.75557],[-2.71628,50.7648],[-2.72114,50.76711],[-2.72044,50.77673],[-2.72145,50.77771],[-2.72642,50.77813],[-2.72889,50.7729],[-2.72543,50.76924]]],[[[-2.73244,50.7459],[-2.7369,50.74102],[-2.73179,50.74051],[-2.72856,50.74269],[-2.72371,50.74065],[-2.72918,50.73693],[-2.72177,50.73446],[-2.7158,50.73279],[-2.71305,50.72948],[-2.72361,50.72518],[-2.73059,50.72757],[-2.73788,50.72231],[-2.74659,50.72684],[-2.74581,50.72208],[-2.75058,50.71953],[-2.75616,50.71365],[-2.75777,50.70833],[-2.73784,50.70207],[-2.73001,50.69879],[-2.67707,50.68059],[-2.62513,50.65975],[-2.62072,50.65761],[-2.61633,50.65799],[-2.60894,50.65515],[-2.59721,50.6562],[-2.59321,50.65317],[-2.596,50.64947],[-2.58634,50.6461],[-2.57793,50.64146],[-2.56701,50.63846],[-2.55993,50.63759],[-2.55737,50.63671],[-2.5539,50.63034],[-2.54709,50.62776],[-2.5455,50.62489],[-2.53826,50.62295],[-2.53142,50.61803],[-2.51417,50.61721],[-2.51141,50.61075],[-2.50096,50.6116],[-2.50268,50.61349],[-2.49112,50.61587],[-2.4863,50.6149],[-2.47707,50.6158],[-2.46448,50.62148],[-2.4598,50.62582],[-2.46861,50.6273],[-2.48237,50.63183],[-2.47919,50.63831],[-2.49958,50.6412],[-2.4948,50.64365],[-2.47922,50.64119],[-2.47913,50.64641],[-2.47078,50.64581],[-2.47369,50.65408],[-2.47218,50.65822],[-2.46766,50.65905],[-2.46983,50.6638],[-2.48297,50.6624],[-2.49403,50.66505],[-2.50607,50.66572],[-2.53158,50.66938],[-2.55014,50.67101],[-2.55565,50.67089],[-2.55825,50.67519],[-2.56782,50.67092],[-2.56197,50.67841],[-2.55772,50.67816],[-2.5527,50.67207],[-2.54265,50.67266],[-2.52762,50.67003],[-2.51176,50.66875],[-2.48384,50.66456],[-2.48105,50.66798],[-2.46645,50.66526],[-2.46229,50.66024],[-2.46337,50.65511],[-2.45895,50.6509],[-2.46586,50.64952],[-2.46554,50.64529],[-2.46039,50.63902],[-2.46119,50.63443],[-2.45918,50.63165],[-2.45326,50.63189],[-2.43618,50.64771],[-2.43468,50.65022],[-2.43412,50.65864],[-2.42356,50.65914],[-2.39874,50.66825],[-2.38357,50.67669],[-2.37482,50.68291],[-2.35297,50.70614],[-2.35077,50.71029],[-2.36987,50.70904],[-2.37722,50.70722],[-2.38953,50.70619],[-2.39602,50.70401],[-2.39961,50.70903],[-2.41209,50.71078],[-2.41347,50.70673],[-2.42242,50.70967],[-2.4268,50.70947],[-2.4266,50.70255],[-2.4399,50.70097],[-2.44317,50.70258],[-2.45253,50.7038],[-2.454,50.70946],[-2.46305,50.70826],[-2.46731,50.7095],[-2.4682,50.71363],[-2.46315,50.71851],[-2.4572,50.71844],[-2.45349,50.71603],[-2.45182,50.71846],[-2.45567,50.72096],[-2.46191,50.72211],[-2.46351,50.72678],[-2.47321,50.73267],[-2.49283,50.73934],[-2.50162,50.73966],[-2.50901,50.74134],[-2.51514,50.74437],[-2.52315,50.75099],[-2.53636,50.75317],[-2.54188,50.75279],[-2.54747,50.75798],[-2.56324,50.76051],[-2.56276,50.76807],[-2.57107,50.77477],[-2.57731,50.7751],[-2.58155,50.77337],[-2.58305,50.76914],[-2.59004,50.76137],[-2.59779,50.75737],[-2.59887,50.75287],[-2.61064,50.75353],[-2.61817,50.74396],[-2.62207,50.7496],[-2.6193,50.75411],[-2.59655,50.75981],[-2.5887,50.76731],[-2.58297,50.77426],[-2.58965,50.77522],[-2.59815,50.77392],[-2.59922,50.76914],[-2.60244,50.76571],[-2.61289,50.76251],[-2.61239,50.76782],[-2.60447,50.76948],[-2.60296,50.77317],[-2.61039,50.7779],[-2.61318,50.7742],[-2.6218,50.77208],[-2.6202,50.76868],[-2.62349,50.76038],[-2.62965,50.75469],[-2.63462,50.75493],[-2.63453,50.75916],[-2.62733,50.76099],[-2.62734,50.7725],[-2.62086,50.77551],[-2.63293,50.77688],[-2.64083,50.77387],[-2.64514,50.76719],[-2.64334,50.76001],[-2.6443,50.75775],[-2.64467,50.74372],[-2.65015,50.73992],[-2.6595,50.73977],[-2.66689,50.74108],[-2.67224,50.73889],[-2.67005,50.73423],[-2.66563,50.73236],[-2.66155,50.73481],[-2.65697,50.73142],[-2.64983,50.73722],[-2.64691,50.7313],[-2.63826,50.73108],[-2.63736,50.72677],[-2.64186,50.72431],[-2.65012,50.72742],[-2.65677,50.72738],[-2.66226,50.72474],[-2.66039,50.72232],[-2.66573,50.71959],[-2.67156,50.72118],[-2.66978,50.72506],[-2.65821,50.7289],[-2.6608,50.73167],[-2.66788,50.731],[-2.67704,50.73787],[-2.68529,50.73944],[-2.68866,50.73754],[-2.69505,50.73831],[-2.70138,50.73539],[-2.70901,50.73355],[-2.71144,50.73533],[-2.7043,50.74095],[-2.69991,50.74089],[-2.69251,50.73895],[-2.68701,50.74087],[-2.6748,50.73915],[-2.66609,50.74495],[-2.6638,50.74308],[-2.65486,50.74286],[-2.65079,50.74522],[-2.65778,50.74895],[-2.66514,50.74792],[-2.66789,50.75204],[-2.66539,50.75521],[-2.66601,50.75889],[-2.67028,50.7603],[-2.68414,50.75816],[-2.68615,50.7594],[-2.69056,50.76055],[-2.7091,50.75882],[-2.71246,50.75592],[-2.70847,50.75405],[-2.70396,50.75597],[-2.69895,50.75321],[-2.7131,50.75151],[-2.72137,50.75415],[-2.72408,50.74622],[-2.72735,50.74665],[-2.72534,50.7544],[-2.72913,50.75186],[-2.73244,50.7459]]],[[[-2.20379,50.88256],[-2.20933,50.88318],[-2.21589,50.88658],[-2.22088,50.88954],[-2.24035,50.8886],[-2.24392,50.89147],[-2.25272,50.88902],[-2.26381,50.88954],[-2.2637,50.89547],[-2.25617,50.89621],[-2.25221,50.89892],[-2.24311,50.90065],[-2.25451,50.90458],[-2.25625,50.91105],[-2.25485,50.91375],[-2.257,50.91824],[-2.25307,50.92751],[-2.26063,50.93109],[-2.26632,50.93117],[-2.27527,50.92728],[-2.27646,50.91226],[-2.27343,50.90444],[-2.28262,50.89561],[-2.28145,50.89139],[-2.27504,50.88861],[-2.27231,50.88457],[-2.27215,50.88134],[-2.28365,50.8787],[-2.29031,50.87464],[-2.29693,50.86536],[-2.30114,50.85771],[-2.30949,50.85238],[-2.31065,50.85615],[-2.3047,50.85878],[-2.30386,50.86121],[-2.31111,50.86155],[-2.31838,50.86413],[-2.31954,50.86827],[-2.31671,50.87034],[-2.32004,50.87915],[-2.31664,50.88024],[-2.31752,50.88455],[-2.32405,50.88336],[-2.33708,50.87694],[-2.34075,50.87342],[-2.33746,50.86984],[-2.32405,50.86259],[-2.32442,50.85405],[-2.31986,50.85262],[-2.3167,50.84678],[-2.31255,50.84329],[-2.3168,50.84193],[-2.3201,50.84632],[-2.32609,50.85008],[-2.33304,50.84827],[-2.32792,50.84738],[-2.32504,50.84199],[-2.33142,50.84027],[-2.33768,50.84187],[-2.35306,50.84758],[-2.36117,50.84917],[-2.35969,50.84162],[-2.35369,50.83669],[-2.35709,50.83552],[-2.36068,50.84018],[-2.36782,50.84546],[-2.36616,50.85149],[-2.36193,50.85465],[-2.36624,50.86166],[-2.36713,50.86597],[-2.37355,50.86901],[-2.37777,50.86324],[-2.3809,50.86431],[-2.37585,50.87197],[-2.37831,50.87762],[-2.37749,50.88203],[-2.38673,50.88218],[-2.3907,50.89719],[-2.38465,50.90593],[-2.3777,50.9073],[-2.36995,50.91695],[-2.36397,50.91634],[-2.35859,50.91941],[-2.35862,50.92364],[-2.36702,50.92433],[-2.37714,50.92673],[-2.38054,50.92537],[-2.38965,50.92507],[-2.38987,50.91715],[-2.38542,50.91231],[-2.39709,50.9138],[-2.39341,50.91606],[-2.39548,50.92487],[-2.40754,50.9206],[-2.4099,50.9143],[-2.40674,50.91071],[-2.40311,50.90272],[-2.40834,50.89812],[-2.40773,50.89398],[-2.416,50.8962],[-2.40694,50.90163],[-2.40954,50.90602],[-2.40944,50.91025],[-2.41202,50.91321],[-2.42025,50.91102],[-2.42476,50.90633],[-2.43571,50.90629],[-2.43682,50.90314],[-2.43448,50.89631],[-2.43119,50.89327],[-2.43099,50.88688],[-2.43623,50.88578],[-2.44143,50.89404],[-2.43906,50.89854],[-2.44055,50.90618],[-2.44712,50.90858],[-2.45262,50.90398],[-2.45071,50.8976],[-2.45394,50.89327],[-2.44684,50.89456],[-2.44296,50.89017],[-2.44962,50.88834],[-2.45016,50.88483],[-2.45542,50.88535],[-2.46009,50.88344],[-2.46388,50.87839],[-2.4631,50.8712],[-2.45637,50.86583],[-2.45111,50.8654],[-2.44152,50.87326],[-2.4354,50.87194],[-2.43811,50.85853],[-2.44737,50.86074],[-2.44976,50.85831],[-2.44476,50.85509],[-2.44529,50.8514],[-2.44952,50.8477],[-2.45955,50.84217],[-2.4581,50.83939],[-2.46818,50.83908],[-2.47729,50.84066],[-2.46699,50.83396],[-2.46622,50.82767],[-2.46868,50.81776],[-2.45877,50.82104],[-2.4549,50.81737],[-2.45811,50.81106],[-2.45765,50.80783],[-2.46939,50.80418],[-2.46537,50.79979],[-2.46844,50.79447],[-2.46567,50.78675],[-2.46706,50.7836],[-2.47141,50.76488],[-2.47004,50.75535],[-2.45763,50.74829],[-2.45548,50.74569],[-2.45182,50.73357],[-2.45517,50.7287],[-2.43414,50.72177],[-2.42321,50.71911],[-2.41158,50.71726],[-2.4001,50.71703],[-2.38918,50.71491],[-2.38352,50.71619],[-2.37375,50.71613],[-2.36217,50.7212],[-2.35397,50.7233],[-2.34988,50.72628],[-2.34279,50.72531],[-2.33104,50.72588],[-2.33007,50.7293],[-2.31235,50.72836],[-2.31417,50.72413],[-2.30465,50.72065],[-2.29302,50.7178],[-2.28438,50.71746],[-2.28174,50.71599],[-2.27837,50.71638],[-2.2755,50.72639],[-2.28811,50.72654],[-2.28781,50.72375],[-2.29646,50.72418],[-2.29903,50.72768],[-2.31365,50.73088],[-2.31781,50.73878],[-2.30601,50.73395],[-2.30347,50.73567],[-2.28363,50.7341],[-2.27597,50.7343],[-2.274,50.73646],[-2.26338,50.73667],[-2.24932,50.73184],[-2.23926,50.73132],[-2.2312,50.73395],[-2.23531,50.73439],[-2.24114,50.73833],[-2.25786,50.73884],[-2.26609,50.74026],[-2.28185,50.74445],[-2.29021,50.74559],[-2.3041,50.74511],[-2.31331,50.74365],[-2.32466,50.74676],[-2.34354,50.74959],[-2.35091,50.74965],[-2.36172,50.75466],[-2.3742,50.75507],[-2.37464,50.75731],[-2.3643,50.75807],[-2.3606,50.75673],[-2.35211,50.75846],[-2.3449,50.76181],[-2.34316,50.75552],[-2.34569,50.75336],[-2.33603,50.75024],[-2.32215,50.75145],[-2.32246,50.75639],[-2.32036,50.76008],[-2.32611,50.77104],[-2.32924,50.77283],[-2.31711,50.78195],[-2.31389,50.78879],[-2.31105,50.78817],[-2.31398,50.78087],[-2.323,50.77204],[-2.31712,50.76243],[-2.3161,50.75821],[-2.31875,50.75217],[-2.31787,50.7484],[-2.31389,50.74706],[-2.30527,50.75032],[-2.28499,50.74903],[-2.26285,50.74314],[-2.25136,50.74236],[-2.22952,50.7389],[-2.2261,50.73548],[-2.22143,50.73549],[-2.2166,50.73213],[-2.20541,50.73604],[-2.20869,50.7383],[-2.21384,50.749],[-2.22335,50.75321],[-2.22152,50.75483],[-2.21242,50.75008],[-2.20857,50.74325],[-2.2027,50.73703],[-2.1854,50.74568],[-2.19441,50.74822],[-2.19896,50.75073],[-2.20139,50.75594],[-2.19491,50.76495],[-2.19151,50.76576],[-2.18526,50.76227],[-2.17674,50.76003],[-2.17514,50.75156],[-2.16923,50.75463],[-2.14685,50.77596],[-2.15425,50.77553],[-2.15709,50.77813],[-2.14575,50.77824],[-2.14217,50.77986],[-2.13771,50.78493],[-2.12241,50.78991],[-2.10401,50.79825],[-2.08843,50.80768],[-2.10939,50.81695],[-2.11578,50.81766],[-2.12288,50.82134],[-2.13085,50.82826],[-2.13442,50.83293],[-2.14168,50.83903],[-2.14183,50.84209],[-2.14938,50.84883],[-2.15748,50.85232],[-2.16843,50.85339],[-2.1747,50.85814],[-2.175,50.86435],[-2.17175,50.8675],[-2.17645,50.87019],[-2.18227,50.86856],[-2.18923,50.86909],[-2.19549,50.87088],[-2.20379,50.88256]]],[[[-2.56236,50.86447],[-2.5539,50.85795],[-2.53862,50.85136],[-2.5268,50.84863],[-2.51905,50.84138],[-2.51743,50.8368],[-2.5268,50.83649],[-2.53336,50.83889],[-2.53919,50.83886],[-2.54413,50.83641],[-2.54915,50.84106],[-2.54707,50.84467],[-2.54685,50.85025],[-2.54873,50.85312],[-2.55429,50.85507],[-2.55391,50.84689],[-2.55902,50.84659],[-2.56253,50.84361],[-2.55796,50.84066],[-2.55184,50.84015],[-2.54825,50.83693],[-2.55888,50.83535],[-2.57156,50.83871],[-2.57174,50.84131],[-2.5789,50.84587],[-2.58166,50.84001],[-2.58775,50.83872],[-2.59575,50.842],[-2.59892,50.84567],[-2.5926,50.85092],[-2.5969,50.85387],[-2.59982,50.86015],[-2.60457,50.86525],[-2.60279,50.86993],[-2.6121,50.87546],[-2.61177,50.88311],[-2.6184,50.87966],[-2.62374,50.87477],[-2.62763,50.86801],[-2.62618,50.85497],[-2.62133,50.85401],[-2.62439,50.84932],[-2.62462,50.84482],[-2.61736,50.84342],[-2.62027,50.83792],[-2.62744,50.8431],[-2.63493,50.84063],[-2.63191,50.8482],[-2.63251,50.85053],[-2.62918,50.85622],[-2.6322,50.85944],[-2.62972,50.8653],[-2.63348,50.86995],[-2.62868,50.87196],[-2.62461,50.87943],[-2.6248,50.87946],[-2.62512,50.87948],[-2.6252,50.87952],[-2.62561,50.87955],[-2.62628,50.87967],[-2.62672,50.87968],[-2.62684,50.87973],[-2.6269,50.87982],[-2.62715,50.87986],[-2.63073,50.8858],[-2.6309,50.88581],[-2.63106,50.88585],[-2.63542,50.88651],[-2.6356,50.88652],[-2.63585,50.88655],[-2.6363,50.88665],[-2.63803,50.88691],[-2.63861,50.8869],[-2.63872,50.88691],[-2.63932,50.88692],[-2.63966,50.887],[-2.64077,50.88698],[-2.6411,50.88689],[-2.64162,50.88679],[-2.64201,50.88673],[-2.64251,50.8867],[-2.64256,50.88694],[-2.64263,50.88704],[-2.6428,50.88715],[-2.64313,50.88727],[-2.64332,50.88733],[-2.64431,50.8875],[-2.64473,50.88767],[-2.64477,50.88772],[-2.64538,50.88791],[-2.64574,50.88808],[-2.64576,50.88809],[-2.64638,50.8875],[-2.64616,50.8874],[-2.64615,50.88735],[-2.64635,50.88718],[-2.6464,50.88708],[-2.64622,50.88692],[-2.64648,50.88638],[-2.64661,50.88621],[-2.64696,50.88596],[-2.64718,50.88574],[-2.64734,50.88547],[-2.64737,50.88534],[-2.64736,50.88498],[-2.64731,50.8849],[-2.64732,50.88471],[-2.64686,50.88443],[-2.6468,50.88425],[-2.64686,50.88411],[-2.64694,50.88405],[-2.64725,50.88399],[-2.64742,50.88398],[-2.64764,50.88404],[-2.64792,50.88415],[-2.64812,50.88417],[-2.64835,50.88416],[-2.64858,50.88411],[-2.64883,50.88402],[-2.64905,50.884],[-2.64923,50.88404],[-2.64942,50.88414],[-2.64958,50.88413],[-2.64983,50.88391],[-2.65003,50.88381],[-2.65011,50.88372],[-2.65023,50.88346],[-2.65042,50.88331],[-2.65059,50.88344],[-2.65076,50.88348],[-2.65144,50.88369],[-2.65209,50.88399],[-2.65246,50.88418],[-2.65275,50.8843],[-2.6529,50.88433],[-2.65324,50.88444],[-2.65396,50.8847],[-2.65417,50.88483],[-2.65423,50.88489],[-2.65559,50.88543],[-2.65638,50.88571],[-2.65653,50.8858],[-2.65913,50.88684],[-2.66494,50.88477],[-2.66495,50.88476],[-2.66549,50.88428],[-2.6661,50.88376],[-2.66625,50.88362],[-2.66654,50.88346],[-2.66719,50.8832],[-2.66718,50.88315],[-2.6674,50.88302],[-2.66786,50.88285],[-2.66828,50.88272],[-2.66886,50.88245],[-2.66949,50.88203],[-2.67017,50.88157],[-2.67179,50.88058],[-2.67194,50.88062],[-2.67279,50.88022],[-2.67379,50.87964],[-2.67394,50.87951],[-2.67444,50.87926],[-2.67448,50.87924],[-2.67639,50.87857],[-2.67652,50.87847],[-2.67677,50.87834],[-2.67718,50.87822],[-2.67803,50.87791],[-2.67874,50.87759],[-2.67904,50.87746],[-2.67928,50.87744],[-2.67974,50.87734],[-2.68006,50.87723],[-2.68037,50.87719],[-2.6805,50.87714],[-2.68052,50.87714],[-2.68056,50.87712],[-2.68744,50.87661],[-2.68788,50.87653],[-2.68829,50.87652],[-2.68841,50.87654],[-2.69507,50.87604],[-2.69511,50.87603],[-2.69533,50.876],[-2.69545,50.87601],[-2.69572,50.87599],[-2.69573,50.87599],[-2.69612,50.8758],[-2.69641,50.87555],[-2.69649,50.87545],[-2.69634,50.87532],[-2.69608,50.87493],[-2.69593,50.87481],[-2.69568,50.87468],[-2.69661,50.87388],[-2.69688,50.87369],[-2.69699,50.87364],[-2.6971,50.8735],[-2.6973,50.87343],[-2.69822,50.87334],[-2.69856,50.87327],[-2.69876,50.8732],[-2.69958,50.87282],[-2.69987,50.87289],[-2.7001,50.87285],[-2.70024,50.87291],[-2.70033,50.87288],[-2.70077,50.87302],[-2.70102,50.873],[-2.70135,50.87306],[-2.70172,50.8731],[-2.70578,50.87114],[-2.70614,50.87084],[-2.70642,50.87063],[-2.70666,50.87049],[-2.70682,50.87035],[-2.70714,50.86977],[-2.70777,50.86978],[-2.70782,50.86974],[-2.7085,50.86982],[-2.70851,50.86982],[-2.7123,50.85713],[-2.71409,50.85635],[-2.70884,50.85405],[-2.69301,50.859],[-2.69135,50.86252],[-2.6863,50.86651],[-2.69555,50.86744],[-2.70314,50.862],[-2.70473,50.86415],[-2.69402,50.87015],[-2.6767,50.87088],[-2.68204,50.86698],[-2.68126,50.86222],[-2.68855,50.85516],[-2.68297,50.85286],[-2.68047,50.84703],[-2.68256,50.84432],[-2.67315,50.84158],[-2.67608,50.83806],[-2.67444,50.83294],[-2.68607,50.83189],[-2.68243,50.8355],[-2.68673,50.83818],[-2.67966,50.83984],[-2.68239,50.84243],[-2.68779,50.84249],[-2.69237,50.84507],[-2.69659,50.8418],[-2.7081,50.84237],[-2.7131,50.84413],[-2.72042,50.8493],[-2.72178,50.85303],[-2.72821,50.84681],[-2.73266,50.84276],[-2.73588,50.84022],[-2.72446,50.84415],[-2.72011,50.83842],[-2.71348,50.84152],[-2.71117,50.83893],[-2.72136,50.8368],[-2.72755,50.83253],[-2.73217,50.83736],[-2.73823,50.83813],[-2.7389,50.83738],[-2.74212,50.83474],[-2.75381,50.83019],[-2.75539,50.82471],[-2.74884,50.8235],[-2.74251,50.82677],[-2.73722,50.82483],[-2.73041,50.82505],[-2.72561,50.82706],[-2.71954,50.81972],[-2.71446,50.82173],[-2.70705,50.81998],[-2.70586,50.81639],[-2.69807,50.80771],[-2.70114,50.80437],[-2.69378,50.79596],[-2.68831,50.80094],[-2.67695,50.80037],[-2.67932,50.79694],[-2.68791,50.79258],[-2.69304,50.79416],[-2.69856,50.79359],[-2.70035,50.7898],[-2.69778,50.78856],[-2.68518,50.79034],[-2.6817,50.78551],[-2.68966,50.78627],[-2.69956,50.78432],[-2.6899,50.78339],[-2.69776,50.77777],[-2.70207,50.77217],[-2.69687,50.77535],[-2.68883,50.77818],[-2.68314,50.77723],[-2.6765,50.77843],[-2.67271,50.78133],[-2.66418,50.78012],[-2.66624,50.77526],[-2.66254,50.77474],[-2.66034,50.77934],[-2.65489,50.77541],[-2.64684,50.77752],[-2.63904,50.77739],[-2.63794,50.78],[-2.63112,50.77914],[-2.63003,50.78292],[-2.6321,50.78885],[-2.63964,50.79078],[-2.64145,50.78763],[-2.6464,50.78679],[-2.649,50.78983],[-2.64391,50.79121],[-2.6458,50.79444],[-2.6513,50.79243],[-2.65642,50.79303],[-2.66132,50.78823],[-2.66462,50.791],[-2.6651,50.79523],[-2.65803,50.79662],[-2.66219,50.79983],[-2.67,50.8005],[-2.6817,50.80484],[-2.68303,50.80798],[-2.68844,50.80921],[-2.69391,50.81439],[-2.68726,50.81641],[-2.68249,50.81023],[-2.67588,50.80434],[-2.66592,50.8026],[-2.66156,50.80532],[-2.66508,50.81339],[-2.65958,50.81576],[-2.6595,50.80038],[-2.65664,50.7986],[-2.64313,50.79661],[-2.63327,50.79154],[-2.62886,50.79075],[-2.62524,50.78529],[-2.62065,50.78144],[-2.61072,50.78087],[-2.60571,50.77747],[-2.59817,50.77598],[-2.59354,50.77997],[-2.58797,50.77703],[-2.57634,50.77672],[-2.57494,50.77844],[-2.58062,50.79037],[-2.58849,50.796],[-2.58811,50.79924],[-2.6005,50.80241],[-2.61042,50.81243],[-2.62254,50.81668],[-2.62912,50.80972],[-2.63183,50.81124],[-2.62524,50.81703],[-2.63765,50.83171],[-2.63225,50.83129],[-2.62763,50.83608],[-2.62303,50.83242],[-2.63207,50.82886],[-2.61959,50.81904],[-2.60905,50.82746],[-2.60619,50.8254],[-2.60984,50.82242],[-2.61031,50.81468],[-2.60574,50.81309],[-2.59866,50.81447],[-2.60285,50.80878],[-2.59369,50.80263],[-2.58466,50.80708],[-2.58192,50.81501],[-2.58533,50.82632],[-2.59188,50.82799],[-2.59675,50.83103],[-2.59038,50.83277],[-2.5865,50.82955],[-2.57878,50.83642],[-2.57376,50.83222],[-2.57885,50.83094],[-2.58016,50.82194],[-2.57324,50.82449],[-2.56487,50.82489],[-2.57826,50.81781],[-2.57696,50.81593],[-2.58013,50.80764],[-2.56809,50.81031],[-2.56288,50.81339],[-2.55705,50.8127],[-2.55318,50.80903],[-2.55884,50.80774],[-2.56441,50.81042],[-2.57499,50.80569],[-2.58414,50.79962],[-2.58079,50.7928],[-2.57564,50.78896],[-2.57329,50.7824],[-2.56498,50.77588],[-2.55893,50.768],[-2.55163,50.76255],[-2.53595,50.7547],[-2.53099,50.75491],[-2.51749,50.75227],[-2.51643,50.75893],[-2.51792,50.76522],[-2.51974,50.77609],[-2.51374,50.77189],[-2.5155,50.7646],[-2.5132,50.76182],[-2.51415,50.75804],[-2.5084,50.75033],[-2.50777,50.74467],[-2.49742,50.74426],[-2.4724,50.73681],[-2.45832,50.73183],[-2.45526,50.73751],[-2.45916,50.74496],[-2.47001,50.75238],[-2.4739,50.75875],[-2.47465,50.7627],[-2.4732,50.77368],[-2.4696,50.78269],[-2.47286,50.79643],[-2.4763,50.80002],[-2.47893,50.8072],[-2.47927,50.81286],[-2.48301,50.81753],[-2.47833,50.81826],[-2.47684,50.82501],[-2.47947,50.83256],[-2.48598,50.84404],[-2.49938,50.84866],[-2.50341,50.85287],[-2.50031,50.85594],[-2.5025,50.8607],[-2.49325,50.85966],[-2.48945,50.86336],[-2.49345,50.86559],[-2.49382,50.87288],[-2.49911,50.87618],[-2.49689,50.8815],[-2.4999,50.88355],[-2.50871,50.88315],[-2.51679,50.88141],[-2.51748,50.87943],[-2.5099,50.87478],[-2.50536,50.87552],[-2.49993,50.87294],[-2.50457,50.8686],[-2.51268,50.86938],[-2.52212,50.87482],[-2.52316,50.87886],[-2.5214,50.88633],[-2.51369,50.88376],[-2.50336,50.88785],[-2.50428,50.89441],[-2.49594,50.89886],[-2.4929,50.90714],[-2.50813,50.90807],[-2.50702,50.91077],[-2.50017,50.90918],[-2.49406,50.90974],[-2.49281,50.91254],[-2.48726,50.9122],[-2.48247,50.91672],[-2.47745,50.91233],[-2.47164,50.91442],[-2.47156,50.92099],[-2.46744,50.92127],[-2.46196,50.91365],[-2.45484,50.91323],[-2.45766,50.92491],[-2.46709,50.92919],[-2.45729,50.93085],[-2.45293,50.92169],[-2.45173,50.91468],[-2.4456,50.91372],[-2.4467,50.91029],[-2.43629,50.90728],[-2.42492,50.90813],[-2.42156,50.91417],[-2.41658,50.91346],[-2.41163,50.91735],[-2.40998,50.92311],[-2.40614,50.92312],[-2.39763,50.92684],[-2.39595,50.92936],[-2.38782,50.92714],[-2.38356,50.92904],[-2.37545,50.92907],[-2.36334,50.92686],[-2.35883,50.93254],[-2.36569,50.93665],[-2.36271,50.93792],[-2.35415,50.93417],[-2.34394,50.93996],[-2.33854,50.94033],[-2.34028,50.94554],[-2.34884,50.94813],[-2.34674,50.95209],[-2.33706,50.95311],[-2.33524,50.95644],[-2.34067,50.95912],[-2.36014,50.95448],[-2.36792,50.94888],[-2.36832,50.94456],[-2.3777,50.94264],[-2.39628,50.94605],[-2.40497,50.93841],[-2.41101,50.93657],[-2.43506,50.93986],[-2.45313,50.94144],[-2.47739,50.93829],[-2.50553,50.94032],[-2.53502,50.93704],[-2.56055,50.93296],[-2.55321,50.93223],[-2.55288,50.92774],[-2.55897,50.92546],[-2.57047,50.92369],[-2.57237,50.92737],[-2.56528,50.92992],[-2.56259,50.93276],[-2.60447,50.92774],[-2.60447,50.92773],[-2.60442,50.92764],[-2.60404,50.92673],[-2.60455,50.92665],[-2.6052,50.9266],[-2.6054,50.92637],[-2.60575,50.92618],[-2.60602,50.92607],[-2.6063,50.926],[-2.6066,50.92594],[-2.60659,50.92583],[-2.60759,50.92575],[-2.60805,50.92565],[-2.60821,50.92565],[-2.60815,50.92552],[-2.60937,50.92525],[-2.60951,50.92536],[-2.60978,50.9253],[-2.61,50.92521],[-2.60994,50.92509],[-2.61047,50.92486],[-2.611,50.92455],[-2.61115,50.92461],[-2.61216,50.92416],[-2.61344,50.92369],[-2.61341,50.92355],[-2.61398,50.92353],[-2.61401,50.92354],[-2.61436,50.92339],[-2.61435,50.92337],[-2.61462,50.92328],[-2.61469,50.92325],[-2.61492,50.92228],[-2.61467,50.92221],[-2.61462,50.92216],[-2.61487,50.92197],[-2.61485,50.92184],[-2.61461,50.92172],[-2.61469,50.92152],[-2.61453,50.92131],[-2.61454,50.92112],[-2.61477,50.92105],[-2.61488,50.92095],[-2.61489,50.92074],[-2.61511,50.92038],[-2.61508,50.92016],[-2.61531,50.91999],[-2.61534,50.91994],[-2.61517,50.91959],[-2.61526,50.91941],[-2.61548,50.91935],[-2.61563,50.91935],[-2.61582,50.91857],[-2.61578,50.91851],[-2.61569,50.91817],[-2.61538,50.9181],[-2.61529,50.91798],[-2.61531,50.91765],[-2.61547,50.91758],[-2.61563,50.91762],[-2.61586,50.91762],[-2.61607,50.91753],[-2.61609,50.9175],[-2.61612,50.91737],[-2.61609,50.9173],[-2.61595,50.91724],[-2.61579,50.91724],[-2.61561,50.91717],[-2.61556,50.91708],[-2.61556,50.91683],[-2.61563,50.91665],[-2.61599,50.91626],[-2.61608,50.91606],[-2.61618,50.91596],[-2.61631,50.91592],[-2.61647,50.9159],[-2.61663,50.91524],[-2.61653,50.91516],[-2.61645,50.91504],[-2.61673,50.91486],[-2.61673,50.91485],[-2.61674,50.9146],[-2.6168,50.91455],[-2.61692,50.91407],[-2.61691,50.91405],[-2.61686,50.91385],[-2.61661,50.91342],[-2.61664,50.91333],[-2.61678,50.91329],[-2.6171,50.91334],[-2.61734,50.91236],[-2.62002,50.91063],[-2.61999,50.91058],[-2.62005,50.91036],[-2.62024,50.91031],[-2.62043,50.91002],[-2.621,50.91],[-2.62205,50.90933],[-2.62202,50.90931],[-2.6224,50.90875],[-2.62251,50.9087],[-2.62283,50.90865],[-2.62323,50.90845],[-2.62338,50.90816],[-2.62352,50.90811],[-2.6237,50.90817],[-2.62387,50.90816],[-2.62119,50.90513],[-2.62113,50.90514],[-2.62094,50.90503],[-2.62072,50.90501],[-2.62067,50.90481],[-2.6203,50.90469],[-2.62006,50.9047],[-2.61991,50.90464],[-2.61987,50.9045],[-2.61978,50.90444],[-2.61975,50.90424],[-2.61962,50.90406],[-2.61933,50.90404],[-2.61931,50.90396],[-2.61935,50.90381],[-2.61927,50.90362],[-2.61939,50.90346],[-2.61915,50.90344],[-2.61887,50.90325],[-2.61917,50.90284],[-2.61909,50.90275],[-2.61895,50.90265],[-2.61896,50.90261],[-2.61798,50.9015],[-2.61763,50.90156],[-2.61771,50.90124],[-2.61771,50.90119],[-2.6162,50.89949],[-2.61621,50.89949],[-2.6162,50.89949],[-2.61621,50.89941],[-2.61622,50.89933],[-2.61617,50.89922],[-2.61604,50.8991],[-2.61609,50.89889],[-2.61601,50.89879],[-2.61603,50.89866],[-2.61621,50.89853],[-2.61593,50.89832],[-2.6158,50.89818],[-2.61564,50.89807],[-2.61577,50.89796],[-2.61578,50.89788],[-2.61553,50.89727],[-2.61574,50.89716],[-2.616,50.8969],[-2.61638,50.89675],[-2.61637,50.89673],[-2.61622,50.89655],[-2.61591,50.89642],[-2.61576,50.89642],[-2.61552,50.89646],[-2.61545,50.89628],[-2.61562,50.89606],[-2.61569,50.8959],[-2.61273,50.89224],[-2.61256,50.89219],[-2.61239,50.89221],[-2.61231,50.89232],[-2.61208,50.89221],[-2.6118,50.89227],[-2.61161,50.89234],[-2.61151,50.89233],[-2.61126,50.89216],[-2.61086,50.8923],[-2.61078,50.89239],[-2.6103,50.89236],[-2.61022,50.89222],[-2.61005,50.89202],[-2.60978,50.89192],[-2.60977,50.89185],[-2.6099,50.89174],[-2.60983,50.89166],[-2.60957,50.89155],[-2.60955,50.89121],[-2.60956,50.89106],[-2.60944,50.89091],[-2.60958,50.8907],[-2.60962,50.89058],[-2.60981,50.89051],[-2.60992,50.89041],[-2.6102,50.89035],[-2.61036,50.89016],[-2.61047,50.88993],[-2.61042,50.88964],[-2.61024,50.88961],[-2.61008,50.88947],[-2.6101,50.88932],[-2.61027,50.88924],[-2.61027,50.8892],[-2.61018,50.88909],[-2.61018,50.88908],[-2.61017,50.88908],[-2.61017,50.88902],[-2.60885,50.87701],[-2.60441,50.87442],[-2.59928,50.874],[-2.59742,50.86178],[-2.59479,50.85568],[-2.58904,50.85058],[-2.59479,50.84498],[-2.5892,50.84087],[-2.58312,50.8427],[-2.58284,50.85448],[-2.586,50.85698],[-2.58068,50.86402],[-2.5758,50.86],[-2.57761,50.85639],[-2.57202,50.85282],[-2.57411,50.84904],[-2.57307,50.84526],[-2.5676,50.83945],[-2.56524,50.84395],[-2.55684,50.85452],[-2.5563,50.85659],[-2.56348,50.86348],[-2.574,50.8637],[-2.57441,50.8735],[-2.57203,50.8771],[-2.56677,50.87632],[-2.56445,50.87246],[-2.56236,50.86447]]],[[[-2.22718,50.89915],[-2.22702,50.89501],[-2.22147,50.89466],[-2.21822,50.89809],[-2.22718,50.89915]]],[[[-2.17707,51.0102],[-2.17706,51.01022],[-2.17639,51.01281],[-2.17639,51.01282],[-2.18518,51.01578],[-2.1886,51.01853],[-2.18861,51.01856],[-2.18869,51.01904],[-2.18874,51.01975],[-2.18874,51.02024],[-2.18876,51.02045],[-2.18879,51.02121],[-2.18876,51.02163],[-2.18893,51.02526],[-2.18907,51.02525],[-2.18914,51.02539],[-2.18947,51.02577],[-2.18999,51.02643],[-2.19014,51.02655],[-2.19007,51.02662],[-2.1902,51.02687],[-2.19029,51.02712],[-2.19032,51.0274],[-2.19033,51.028],[-2.19032,51.02836],[-2.19026,51.02857],[-2.1901,51.02884],[-2.18992,51.02906],[-2.18972,51.02921],[-2.18947,51.02937],[-2.18934,51.0295],[-2.18928,51.02964],[-2.18921,51.03004],[-2.18919,51.03041],[-2.18919,51.03043],[-2.19416,51.03014],[-2.19001,51.02493],[-2.1907,51.01881],[-2.19382,51.01665],[-2.19536,51.00837],[-2.20816,51.00242],[-2.20985,50.99945],[-2.20187,50.99802],[-2.19632,51.00082],[-2.19158,50.99201],[-2.1852,50.99796],[-2.18587,50.98726],[-2.18003,50.98862],[-2.18035,50.9986],[-2.18236,51.00219],[-2.18025,51.00858],[-2.17707,51.0102]]],[[[-2.18914,50.95182],[-2.19996,50.95135],[-2.20547,50.94352],[-2.19693,50.94336],[-2.19296,50.94606],[-2.18914,50.95182]]],[[[-2.33649,50.71534],[-2.34883,50.71089],[-2.34305,50.7102],[-2.3369,50.71318],[-2.33649,50.71534]]],[[[-2.31457,50.71218],[-2.29732,50.71314],[-2.29213,50.71407],[-2.30405,50.71498],[-2.31284,50.71703],[-2.32333,50.71727],[-2.31457,50.71218]]],[[[-2.31869,51.08038],[-2.3233,51.08042],[-2.32567,51.07508],[-2.33165,51.07227],[-2.3498,51.06922],[-2.34978,51.06796],[-2.34946,51.06689],[-2.34941,51.06659],[-2.3494,51.06631],[-2.34944,51.06596],[-2.3495,51.0656],[-2.34952,51.06529],[-2.34952,51.06501],[-2.34944,51.06478],[-2.34946,51.06412],[-2.3496,51.06394],[-2.34969,51.06386],[-2.34968,51.06337],[-2.34959,51.06318],[-2.34952,51.06301],[-2.34951,51.06267],[-2.34961,51.06231],[-2.34966,51.06205],[-2.34966,51.06204],[-2.34822,51.06021],[-2.3478,51.05997],[-2.3476,51.05978],[-2.3473,51.05939],[-2.34684,51.05894],[-2.34644,51.05849],[-2.34619,51.05805],[-2.346,51.05776],[-2.34589,51.05777],[-2.3454,51.05704],[-2.34517,51.05673],[-2.34497,51.05636],[-2.34472,51.05588],[-2.34467,51.05574],[-2.34449,51.05549],[-2.34448,51.05548],[-2.34281,51.05593],[-2.34234,51.05604],[-2.34201,51.05608],[-2.34138,51.05608],[-2.34071,51.05609],[-2.34013,51.05606],[-2.34011,51.05606],[-2.33721,51.05413],[-2.33691,51.05399],[-2.33612,51.05359],[-2.33555,51.05311],[-2.33507,51.05277],[-2.33485,51.05258],[-2.33486,51.05257],[-2.3333,51.05153],[-2.33327,51.05153],[-2.33315,51.05143],[-2.33316,51.05105],[-2.33292,51.05099],[-2.33285,51.05092],[-2.33281,51.05076],[-2.33264,51.05059],[-2.33268,51.05029],[-2.3328,51.05013],[-2.33268,51.04974],[-2.33254,51.04953],[-2.33259,51.04928],[-2.33272,51.04887],[-2.33271,51.04872],[-2.33287,51.04816],[-2.33303,51.04798],[-2.33302,51.0479],[-2.33321,51.04771],[-2.33321,51.04756],[-2.33327,51.04749],[-2.33323,51.04735],[-2.33329,51.04715],[-2.33331,51.04674],[-2.33318,51.04657],[-2.33307,51.04643],[-2.33286,51.0463],[-2.3327,51.0461],[-2.33243,51.04602],[-2.33225,51.04563],[-2.33196,51.04519],[-2.33176,51.0448],[-2.33141,51.04436],[-2.33132,51.0443],[-2.33099,51.04419],[-2.3306,51.04388],[-2.33037,51.0438],[-2.33016,51.04338],[-2.33005,51.04299],[-2.32993,51.04287],[-2.32992,51.04251],[-2.32991,51.04247],[-2.32978,51.04231],[-2.32965,51.04224],[-2.32964,51.04215],[-2.32965,51.04215],[-2.32964,51.04215],[-2.33,51.04182],[-2.32996,51.04168],[-2.32996,51.04146],[-2.33001,51.04135],[-2.33015,51.04119],[-2.3304,51.04102],[-2.33077,51.04065],[-2.33097,51.0405],[-2.33134,51.04032],[-2.33171,51.04011],[-2.33174,51.03998],[-2.33183,51.03988],[-2.33209,51.03977],[-2.33231,51.03971],[-2.33699,51.0377],[-2.33717,51.03754],[-2.33773,51.03699],[-2.33792,51.0369],[-2.33842,51.03683],[-2.33885,51.0369],[-2.33906,51.03681],[-2.33921,51.0367],[-2.33928,51.03671],[-2.33947,51.03663],[-2.33969,51.03644],[-2.34004,51.03621],[-2.34058,51.03601],[-2.34121,51.03576],[-2.3416,51.03564],[-2.34154,51.03548],[-2.34221,51.03531],[-2.34275,51.03522],[-2.34287,51.03479],[-2.34293,51.03432],[-2.34317,51.03382],[-2.34341,51.03336],[-2.34353,51.03319],[-2.34378,51.03298],[-2.34409,51.03282],[-2.34425,51.03252],[-2.34984,51.03002],[-2.34989,51.02998],[-2.35008,51.02991],[-2.35035,51.02979],[-2.35046,51.02973],[-2.35061,51.02944],[-2.3507,51.02935],[-2.3511,51.02914],[-2.35169,51.02873],[-2.35194,51.0286],[-2.35276,51.02832],[-2.35307,51.02812],[-2.35347,51.02784],[-2.35373,51.02775],[-2.35433,51.02748],[-2.35473,51.02741],[-2.35527,51.02726],[-2.35615,51.02704],[-2.35671,51.02686],[-2.3571,51.02668],[-2.35755,51.0264],[-2.35784,51.02628],[-2.35809,51.02623],[-2.35817,51.02608],[-2.35877,51.02583],[-2.35905,51.02571],[-2.35939,51.02565],[-2.3596,51.02555],[-2.3602,51.02539],[-2.3605,51.02525],[-2.34135,51.01759],[-2.335,51.0228],[-2.33888,51.02639],[-2.33533,51.02865],[-2.33158,51.0229],[-2.33327,51.01957],[-2.33894,51.0168],[-2.33385,51.01514],[-2.34115,51.00561],[-2.3461,50.99599],[-2.33876,50.98997],[-2.33883,50.98116],[-2.32531,50.98183],[-2.32206,50.98606],[-2.31651,50.9868],[-2.30723,50.98367],[-2.30196,50.98423],[-2.30541,50.98907],[-2.29989,50.99502],[-2.30036,51.00177],[-2.3054,51.00895],[-2.30243,51.01282],[-2.31143,51.01541],[-2.30034,51.02056],[-2.29609,51.02462],[-2.30026,51.02946],[-2.28613,51.02707],[-2.27959,51.03131],[-2.27821,51.03941],[-2.27423,51.04104],[-2.27325,51.04455],[-2.27914,51.05164],[-2.27888,51.0546],[-2.2839,51.06053],[-2.29965,51.06885],[-2.29499,51.07738],[-2.29532,51.07747],[-2.29977,51.0785],[-2.30021,51.07855],[-2.30055,51.07862],[-2.30072,51.07868],[-2.30105,51.07874],[-2.30137,51.07883],[-2.30144,51.0788],[-2.30231,51.07908],[-2.30265,51.07916],[-2.3027,51.07917],[-2.30271,51.07917],[-2.30722,51.07942],[-2.30732,51.0794],[-2.30799,51.07922],[-2.30826,51.07918],[-2.3086,51.07916],[-2.30899,51.07917],[-2.30941,51.07914],[-2.30965,51.0792],[-2.30993,51.07942],[-2.31006,51.07954],[-2.31008,51.07958],[-2.31529,51.07987],[-2.31533,51.07987],[-2.31565,51.07988],[-2.31566,51.07992],[-2.31583,51.07995],[-2.31605,51.07979],[-2.31646,51.07982],[-2.31681,51.07984],[-2.31726,51.07992],[-2.31753,51.07999],[-2.31802,51.08014],[-2.31867,51.08038],[-2.31869,51.08038]]],[[[-2.66544,50.76906],[-2.67233,50.76497],[-2.66832,50.76202],[-2.65814,50.76388],[-2.66188,50.76809],[-2.66544,50.76906]]],[[[-2.70455,50.786],[-2.70622,50.78356],[-2.71637,50.77954],[-2.71686,50.77442],[-2.705,50.77809],[-2.70223,50.78251],[-2.70455,50.786]]],[[[-2.47104,50.64401],[-2.47524,50.63914],[-2.4746,50.63186],[-2.47049,50.63125],[-2.46826,50.63449],[-2.47104,50.64401]]],[[[-2.66674,50.77085],[-2.66908,50.77587],[-2.67774,50.77627],[-2.68422,50.77335],[-2.68743,50.76965],[-2.69519,50.76672],[-2.6899,50.76406],[-2.68612,50.76723],[-2.67898,50.76367],[-2.66674,50.77085]]],[[[-2.34685,51.07283],[-2.33466,51.07361],[-2.32964,51.07688],[-2.32965,51.07688],[-2.32996,51.07671],[-2.3304,51.07652],[-2.33095,51.07636],[-2.33186,51.07604],[-2.33285,51.07571],[-2.33364,51.0755],[-2.33437,51.07526],[-2.33486,51.07515],[-2.33517,51.0751],[-2.33595,51.07488],[-2.33655,51.07474],[-2.33661,51.07473],[-2.33664,51.07473],[-2.33754,51.07462],[-2.33802,51.0746],[-2.33913,51.07465],[-2.34016,51.07483],[-2.34088,51.07493],[-2.34252,51.07501],[-2.34255,51.07501],[-2.34685,51.07283]]],[[[-2.21795,51.02443],[-2.22139,51.02712],[-2.23779,51.02745],[-2.23905,51.0243],[-2.23486,51.01253],[-2.23058,51.01236],[-2.22261,51.01489],[-2.2186,51.0113],[-2.20763,51.01285],[-2.20936,51.01698],[-2.21795,51.02443]]],[[[-2.22284,51.0317],[-2.22941,51.03403],[-2.24224,51.03364],[-2.24594,51.03148],[-2.2311,51.03007],[-2.22767,51.029],[-2.21498,51.02839],[-2.21224,51.02111],[-2.20211,51.02158],[-2.20185,51.02725],[-2.20943,51.0311],[-2.22284,51.0317]]],[[[-2.31829,50.93464],[-2.32165,50.94668],[-2.32593,50.94882],[-2.33304,50.94745],[-2.33497,50.93953],[-2.35327,50.93121],[-2.35567,50.92841],[-2.3465,50.92071],[-2.34987,50.91458],[-2.35237,50.90621],[-2.34324,50.90183],[-2.34689,50.89625],[-2.35297,50.89191],[-2.36222,50.89224],[-2.36405,50.89026],[-2.35288,50.87896],[-2.363,50.88271],[-2.36601,50.88612],[-2.36691,50.89259],[-2.37201,50.89023],[-2.38528,50.89559],[-2.38597,50.89352],[-2.38221,50.88525],[-2.37151,50.88124],[-2.37374,50.87467],[-2.36872,50.86884],[-2.35849,50.87031],[-2.34863,50.86279],[-2.34619,50.85902],[-2.34138,50.862],[-2.34528,50.87044],[-2.34206,50.87702],[-2.32733,50.88407],[-2.32623,50.89001],[-2.32979,50.89081],[-2.33673,50.88755],[-2.33846,50.88998],[-2.32614,50.89676],[-2.32588,50.90116],[-2.32795,50.91159],[-2.32968,50.91491],[-2.32062,50.9215],[-2.32266,50.92824],[-2.32794,50.93137],[-2.31829,50.93464]]],[[[-2.32396,50.91034],[-2.32334,50.90351],[-2.32104,50.89965],[-2.30935,50.89617],[-2.30867,50.90067],[-2.30403,50.90833],[-2.30989,50.91236],[-2.30723,50.91866],[-2.31138,50.92269],[-2.31155,50.92656],[-2.3086,50.93268],[-2.31671,50.93257],[-2.31736,50.92322],[-2.32327,50.91403],[-2.32396,50.91034]]],[[[-2.2841,50.88302],[-2.28541,50.88796],[-2.29085,50.89298],[-2.27656,50.90462],[-2.27658,50.90947],[-2.28059,50.91261],[-2.27819,50.91594],[-2.28206,50.92052],[-2.28902,50.91924],[-2.30098,50.92092],[-2.3062,50.9139],[-2.30089,50.90707],[-2.30654,50.90068],[-2.30708,50.896],[-2.3099,50.89365],[-2.32116,50.89695],[-2.31914,50.89183],[-2.3201,50.88742],[-2.31397,50.88501],[-2.31406,50.87665],[-2.30922,50.87567],[-2.30493,50.87163],[-2.30961,50.87054],[-2.30162,50.86553],[-2.29852,50.86931],[-2.29147,50.87814],[-2.2841,50.88302]]],[[[-2.36787,50.90589],[-2.35539,50.91016],[-2.35768,50.91276],[-2.36722,50.913],[-2.3703,50.90696],[-2.36787,50.90589]]],[[[-2.21802,51.05519],[-2.21852,51.05536],[-2.21957,51.05566],[-2.22033,51.05585],[-2.22125,51.05611],[-2.22199,51.05626],[-2.22258,51.0564],[-2.22299,51.05648],[-2.22327,51.05656],[-2.22365,51.05672],[-2.22429,51.05704],[-2.22451,51.05712],[-2.2253,51.05734],[-2.22556,51.05745],[-2.22581,51.05758],[-2.22615,51.05782],[-2.22649,51.05816],[-2.22672,51.05843],[-2.22689,51.05869],[-2.2271,51.05897],[-2.22724,51.05924],[-2.22734,51.05958],[-2.22837,51.05444],[-2.23664,51.05299],[-2.23933,51.04993],[-2.23119,51.04832],[-2.2286,51.04482],[-2.2199,51.04358],[-2.21018,51.03964],[-2.20319,51.0392],[-2.19652,51.04037],[-2.20086,51.04257],[-2.20153,51.04277],[-2.20145,51.04287],[-2.20207,51.04319],[-2.20219,51.04318],[-2.20294,51.04301],[-2.20347,51.04293],[-2.20466,51.04269],[-2.20488,51.04267],[-2.20507,51.04269],[-2.20532,51.04279],[-2.20559,51.0431],[-2.20579,51.0434],[-2.20596,51.04372],[-2.20604,51.04383],[-2.20616,51.0439],[-2.20623,51.044],[-2.20624,51.04431],[-2.20637,51.0447],[-2.20656,51.04503],[-2.20703,51.0455],[-2.20714,51.04573],[-2.20721,51.0458],[-2.20732,51.04585],[-2.20738,51.04588],[-2.21249,51.04692],[-2.21328,51.0508],[-2.21335,51.05085],[-2.2138,51.05094],[-2.21406,51.05114],[-2.21446,51.05133],[-2.21511,51.05174],[-2.21537,51.05199],[-2.21557,51.05237],[-2.21596,51.05273],[-2.21633,51.053],[-2.21671,51.0534],[-2.21697,51.05352],[-2.21765,51.05435],[-2.21783,51.05468],[-2.21797,51.05504],[-2.21799,51.05517],[-2.21799,51.05518],[-2.21802,51.05519]]],[[[-2.25375,51.07061],[-2.25296,51.06446],[-2.25493,51.05924],[-2.26732,51.0549],[-2.26959,51.05274],[-2.26853,51.04159],[-2.27463,51.03717],[-2.27474,51.0315],[-2.27814,51.02781],[-2.26916,51.02837],[-2.26862,51.03323],[-2.26396,51.04124],[-2.25955,51.04305],[-2.25732,51.05169],[-2.25277,51.05466],[-2.24781,51.0625],[-2.24092,51.07031],[-2.24347,51.07166],[-2.24352,51.07164],[-2.2439,51.07189],[-2.24414,51.07202],[-2.24433,51.07211],[-2.24451,51.07213],[-2.24469,51.07231],[-2.24989,51.07133],[-2.25034,51.07107],[-2.25059,51.07098],[-2.25131,51.07084],[-2.25208,51.07086],[-2.25281,51.07078],[-2.25291,51.07077],[-2.25351,51.07065],[-2.25354,51.07064],[-2.25364,51.07063],[-2.25375,51.07061]]],[[[-2.26669,51.069],[-2.26921,51.06137],[-2.2652,51.05832],[-2.26037,51.06157],[-2.25704,51.07017],[-2.25706,51.07016],[-2.25775,51.07006],[-2.25849,51.06997],[-2.25989,51.06976],[-2.2625,51.06939],[-2.2632,51.06932],[-2.26383,51.06924],[-2.26399,51.06928],[-2.26473,51.06919],[-2.26519,51.06918],[-2.26669,51.069]]],[[[-2.45795,50.91142],[-2.46747,50.91021],[-2.48483,50.91059],[-2.48749,50.90698],[-2.47976,50.9018],[-2.45489,50.90334],[-2.45341,50.91198],[-2.45795,50.91142]]],[[[-2.28188,51.07457],[-2.28106,51.06278],[-2.27593,51.06351],[-2.27013,51.06943],[-2.27051,51.06959],[-2.2707,51.06967],[-2.27073,51.06968],[-2.27179,51.07015],[-2.27219,51.07027],[-2.27245,51.07038],[-2.27249,51.07046],[-2.27261,51.07051],[-2.27349,51.07088],[-2.27414,51.07115],[-2.27565,51.07183],[-2.27666,51.07226],[-2.27759,51.07265],[-2.27795,51.07283],[-2.27887,51.07325],[-2.27907,51.07334],[-2.28188,51.07457]]],[[[-2.36812,50.90104],[-2.37951,50.90325],[-2.38418,50.90054],[-2.38487,50.8973],[-2.36921,50.8951],[-2.36812,50.90104]]],[[[-2.23898,51.06865],[-2.24608,51.05845],[-2.23979,51.05568],[-2.23295,51.05749],[-2.22974,51.06139],[-2.22998,51.06156],[-2.23041,51.06183],[-2.23072,51.06206],[-2.23102,51.06232],[-2.23143,51.0626],[-2.23199,51.06302],[-2.2322,51.0632],[-2.23249,51.06341],[-2.23295,51.06371],[-2.23402,51.06443],[-2.23481,51.06503],[-2.23522,51.06533],[-2.23529,51.0653],[-2.23549,51.06545],[-2.23575,51.06568],[-2.23616,51.06596],[-2.23629,51.06614],[-2.23652,51.06637],[-2.23684,51.06673],[-2.23724,51.06696],[-2.23776,51.06715],[-2.2379,51.06722],[-2.23811,51.06742],[-2.23852,51.06766],[-2.23883,51.06787],[-2.23877,51.06804],[-2.23887,51.0682],[-2.23897,51.06828],[-2.23901,51.06856],[-2.23898,51.06865]]],[[[-2.19323,51.03773],[-2.2066,51.03614],[-2.2176,51.04089],[-2.2323,51.04284],[-2.23675,51.04705],[-2.24846,51.05],[-2.25415,51.04648],[-2.25227,51.04288],[-2.25796,51.03955],[-2.25623,51.03541],[-2.25181,51.03641],[-2.24254,51.03544],[-2.22742,51.03547],[-2.22085,51.0336],[-2.20916,51.03398],[-2.20345,51.03309],[-2.19846,51.03526],[-2.19158,51.03488],[-2.19159,51.0349],[-2.19323,51.03773]]],[[[-2.47321,50.80318],[-2.46432,50.80771],[-2.46238,50.81257],[-2.45815,50.81601],[-2.46173,50.81878],[-2.46851,50.81579],[-2.47433,50.81594],[-2.46835,50.82748],[-2.47227,50.83645],[-2.48269,50.84136],[-2.47722,50.83473],[-2.47745,50.82879],[-2.47429,50.82512],[-2.47659,50.81449],[-2.47567,50.80784],[-2.47321,50.80318]]],[[[-2.33385,50.8613],[-2.33897,50.8621],[-2.3442,50.85876],[-2.34955,50.85226],[-2.3461,50.84679],[-2.33755,50.84313],[-2.33459,50.84655],[-2.34072,50.84932],[-2.33808,50.8576],[-2.33385,50.8613]]],[[[-2.35926,50.85871],[-2.35159,50.85972],[-2.3589,50.86752],[-2.36529,50.86678],[-2.36183,50.85996],[-2.35926,50.85871]]],[[[-2.46598,50.84637],[-2.46228,50.8454],[-2.45379,50.84876],[-2.45453,50.85163],[-2.44959,50.85516],[-2.45571,50.85612],[-2.45717,50.86097],[-2.46624,50.8577],[-2.46363,50.85277],[-2.46598,50.84637]]],[[[-2.7116,50.84873],[-2.71041,50.84505],[-2.70192,50.8469],[-2.69211,50.85631],[-2.70527,50.85245],[-2.70338,50.84959],[-2.70704,50.8475],[-2.7116,50.84873]]],[[[-2.49675,50.85497],[-2.49657,50.85146],[-2.49,50.84762],[-2.4835,50.85134],[-2.48022,50.84955],[-2.47455,50.85083],[-2.46855,50.84789],[-2.4669,50.85302],[-2.47061,50.8549],[-2.47513,50.85218],[-2.48181,50.85251],[-2.49675,50.85497]]],[[[-2.70031,50.84385],[-2.6968,50.84648],[-2.69071,50.84778],[-2.68621,50.85068],[-2.68951,50.85318],[-2.70007,50.84682],[-2.70031,50.84385]]],[[[-2.54413,50.84828],[-2.54265,50.84361],[-2.52953,50.83873],[-2.52261,50.84199],[-2.52734,50.84611],[-2.54316,50.85071],[-2.54413,50.84828]]],[[[-2.49013,50.60911],[-2.49262,50.61128],[-2.49797,50.60955],[-2.49813,50.60577],[-2.49013,50.60911]]],[[[-2.77994,50.81551],[-2.77482,50.81496],[-2.76995,50.81221],[-2.76299,50.81198],[-2.77005,50.81805],[-2.77107,50.82146],[-2.77994,50.81551]]],[[[-2.78492,50.81067],[-2.77515,50.80858],[-2.77605,50.81172],[-2.78196,50.81354],[-2.78492,50.81067]]],[[[-2.76676,50.82374],[-2.76233,50.82332],[-2.75831,50.82811],[-2.76676,50.82374]]],[[[-2.39566,50.94677],[-2.3887,50.94809],[-2.38913,50.95185],[-2.39566,50.94677]]],[[[-2.38563,50.95458],[-2.38385,50.94712],[-2.38014,50.94542],[-2.37359,50.9458],[-2.36937,50.95157],[-2.36186,50.95609],[-2.3522,50.95882],[-2.34324,50.9601],[-2.3387,50.96299],[-2.3386,50.96812],[-2.35197,50.97288],[-2.36273,50.96896],[-2.37801,50.96052],[-2.38563,50.95458]]],[[[-2.35178,50.97363],[-2.3458,50.97903],[-2.34611,50.979],[-2.34629,50.97896],[-2.34805,50.97876],[-2.34878,50.9787],[-2.34914,50.97868],[-2.3513,50.97845],[-2.35178,50.97363]]]]},"properties":{"g":3}},
{"type":"Feature","geometry":{"type":"MultiPolygon","coordinates":[[[[-2.2048,50.95243],[-2.20932,50.9436],[-2.20547,50.94352],[-2.19996,50.95135],[-2.18914,50.95182],[-2.18317,50.95534],[-2.18334,50.96055],[-2.18107,50.96389],[-2.18491,50.96271],[-2.18632,50.95812],[-2.18759,50.9547],[-2.19868,50.95343],[-2.20268,50.9545],[-2.2048,50.95243]]],[[[-2.20173,50.96637],[-2.19134,50.96675],[-2.19078,50.96891],[-2.18694,50.97152],[-2.18682,50.97584],[-2.2046,50.97158],[-2.20843,50.96753],[-2.21712,50.96733],[-2.21642,50.97138],[-2.21816,50.97668],[-2.20963,50.98209],[-2.20507,50.98102],[-2.18828,50.98483],[-2.17503,50.98449],[-2.1753,50.98152],[-2.1629,50.97902],[-2.15935,50.98397],[-2.16719,50.98504],[-2.17347,50.98854],[-2.17535,50.99492],[-2.18035,50.9986],[-2.18003,50.98862],[-2.18587,50.98726],[-2.1852,50.99796],[-2.19158,50.99201],[-2.19632,51.00082],[-2.20187,50.99802],[-2.20985,50.99945],[-2.20816,51.00242],[-2.19536,51.00837],[-2.19382,51.01665],[-2.1907,51.01881],[-2.19001,51.02493],[-2.19416,51.03014],[-2.18919,51.03043],[-2.18948,51.03097],[-2.18958,51.03108],[-2.18991,51.03155],[-2.19001,51.03164],[-2.19017,51.0317],[-2.1902,51.03177],[-2.19037,51.03191],[-2.19055,51.03212],[-2.19062,51.03225],[-2.19066,51.03245],[-2.19074,51.03299],[-2.19082,51.03326],[-2.19122,51.03383],[-2.19134,51.0342],[-2.19158,51.03488],[-2.19846,51.03526],[-2.20345,51.03309],[-2.20916,51.03398],[-2.22085,51.0336],[-2.22742,51.03547],[-2.24254,51.03544],[-2.25181,51.03641],[-2.25623,51.03541],[-2.25796,51.03955],[-2.25227,51.04288],[-2.25415,51.04648],[-2.24846,51.05],[-2.23675,51.04705],[-2.2323,51.04284],[-2.2176,51.04089],[-2.2066,51.03614],[-2.19323,51.03773],[-2.19326,51.03775],[-2.19394,51.0383],[-2.19409,51.03839],[-2.19442,51.03865],[-2.19472,51.03885],[-2.19498,51.03913],[-2.19616,51.04008],[-2.19625,51.04012],[-2.19638,51.04026],[-2.19652,51.04037],[-2.20319,51.0392],[-2.21018,51.03964],[-2.2199,51.04358],[-2.2286,51.04482],[-2.23119,51.04832],[-2.23933,51.04993],[-2.23664,51.05299],[-2.22837,51.05444],[-2.22734,51.05958],[-2.22734,51.05959],[-2.22969,51.06136],[-2.22974,51.06139],[-2.23295,51.05749],[-2.23979,51.05568],[-2.24608,51.05845],[-2.23898,51.06865],[-2.24092,51.07031],[-2.24781,51.0625],[-2.25277,51.05466],[-2.25732,51.05169],[-2.25955,51.04305],[-2.26396,51.04124],[-2.26862,51.03323],[-2.26916,51.02837],[-2.27814,51.02781],[-2.27474,51.0315],[-2.27463,51.03717],[-2.26853,51.04159],[-2.26959,51.05274],[-2.26732,51.0549],[-2.25493,51.05924],[-2.25296,51.06446],[-2.25375,51.07061],[-2.25704,51.07017],[-2.26037,51.06157],[-2.2652,51.05832],[-2.26921,51.06137],[-2.26669,51.069],[-2.26674,51.06901],[-2.26677,51.069],[-2.26689,51.06903],[-2.26731,51.06908],[-2.26748,51.06902],[-2.2676,51.06879],[-2.26807,51.06873],[-2.26838,51.06875],[-2.26862,51.06874],[-2.26893,51.06886],[-2.26909,51.06889],[-2.26957,51.06916],[-2.27003,51.06939],[-2.27011,51.06942],[-2.27013,51.06943],[-2.27593,51.06351],[-2.28106,51.06278],[-2.28188,51.07457],[-2.28613,51.07588],[-2.28838,51.07638],[-2.2896,51.07662],[-2.28995,51.07667],[-2.29081,51.07694],[-2.29136,51.07707],[-2.29139,51.07707],[-2.29172,51.07705],[-2.2927,51.07697],[-2.29326,51.07694],[-2.29417,51.07716],[-2.29451,51.07726],[-2.29499,51.07738],[-2.29965,51.06885],[-2.2839,51.06053],[-2.27888,51.0546],[-2.27914,51.05164],[-2.27325,51.04455],[-2.27423,51.04104],[-2.27821,51.03941],[-2.27959,51.03131],[-2.28613,51.02707],[-2.30026,51.02946],[-2.29609,51.02462],[-2.30034,51.02056],[-2.31143,51.01541],[-2.30243,51.01282],[-2.3054,51.00895],[-2.30036,51.00177],[-2.29989,50.99502],[-2.30541,50.98907],[-2.30196,50.98423],[-2.30723,50.98367],[-2.31651,50.9868],[-2.32206,50.98606],[-2.32531,50.98183],[-2.33883,50.98116],[-2.33876,50.98997],[-2.3461,50.99599],[-2.34906,50.98685],[-2.34807,50.98598],[-2.34763,50.98568],[-2.34698,50.98526],[-2.34663,50.98507],[-2.34595,50.98476],[-2.34562,50.98473],[-2.34518,50.98484],[-2.34493,50.98488],[-2.34442,50.9849],[-2.34402,50.98484],[-2.34389,50.98474],[-2.3438,50.98443],[-2.3439,50.98424],[-2.34386,50.98393],[-2.34396,50.98378],[-2.34451,50.98361],[-2.34462,50.98353],[-2.34462,50.98341],[-2.34456,50.98333],[-2.34434,50.98321],[-2.34425,50.98309],[-2.3442,50.98293],[-2.34388,50.9823],[-2.34448,50.98127],[-2.34459,50.98104],[-2.34484,50.98065],[-2.34493,50.98035],[-2.34492,50.98028],[-2.34477,50.98018],[-2.34453,50.98017],[-2.34434,50.98008],[-2.34424,50.97999],[-2.34414,50.97979],[-2.34413,50.97961],[-2.34422,50.97933],[-2.3444,50.97895],[-2.34456,50.97883],[-2.34468,50.97898],[-2.3455,50.97901],[-2.3458,50.97903],[-2.35178,50.97363],[-2.35197,50.97288],[-2.3386,50.96812],[-2.3387,50.96299],[-2.34324,50.9601],[-2.3522,50.95882],[-2.36186,50.95609],[-2.36937,50.95157],[-2.37359,50.9458],[-2.38014,50.94542],[-2.38385,50.94712],[-2.38563,50.95458],[-2.38913,50.95185],[-2.3887,50.94809],[-2.39566,50.94677],[-2.39628,50.94605],[-2.3777,50.94264],[-2.36832,50.94456],[-2.36792,50.94888],[-2.36014,50.95448],[-2.34067,50.95912],[-2.33524,50.95644],[-2.33706,50.95311],[-2.34674,50.95209],[-2.34884,50.94813],[-2.34028,50.94554],[-2.33854,50.94033],[-2.34394,50.93996],[-2.35415,50.93417],[-2.36271,50.93792],[-2.36569,50.93665],[-2.35883,50.93254],[-2.36334,50.92686],[-2.37545,50.92907],[-2.38356,50.92904],[-2.38782,50.92714],[-2.39595,50.92936],[-2.39763,50.92684],[-2.40614,50.92312],[-2.40998,50.92311],[-2.41163,50.91735],[-2.41658,50.91346],[-2.42156,50.91417],[-2.42492,50.90813],[-2.43629,50.90728],[-2.4467,50.91029],[-2.4456,50.91372],[-2.45173,50.91468],[-2.45293,50.92169],[-2.45729,50.93085],[-2.46709,50.92919],[-2.45766,50.92491],[-2.45484,50.91323],[-2.46196,50.91365],[-2.46744,50.92127],[-2.47156,50.92099],[-2.47164,50.91442],[-2.47745,50.91233],[-2.48247,50.91672],[-2.48726,50.9122],[-2.49281,50.91254],[-2.49406,50.90974],[-2.50017,50.90918],[-2.50702,50.91077],[-2.50813,50.90807],[-2.4929,50.90714],[-2.49594,50.89886],[-2.50428,50.89441],[-2.50336,50.88785],[-2.51369,50.88376],[-2.5214,50.88633],[-2.52316,50.87886],[-2.52212,50.87482],[-2.51268,50.86938],[-2.50457,50.8686],[-2.49993,50.87294],[-2.50536,50.87552],[-2.5099,50.87478],[-2.51748,50.87943],[-2.51679,50.88141],[-2.50871,50.88315],[-2.4999,50.88355],[-2.49689,50.8815],[-2.49911,50.87618],[-2.49382,50.87288],[-2.49345,50.86559],[-2.48945,50.86336],[-2.49325,50.85966],[-2.5025,50.8607],[-2.50031,50.85594],[-2.50341,50.85287],[-2.49938,50.84866],[-2.48598,50.84404],[-2.47947,50.83256],[-2.47684,50.82501],[-2.47833,50.81826],[-2.48301,50.81753],[-2.47927,50.81286],[-2.47893,50.8072],[-2.4763,50.80002],[-2.47286,50.79643],[-2.4696,50.78269],[-2.4732,50.77368],[-2.47465,50.7627],[-2.4739,50.75875],[-2.47001,50.75238],[-2.45916,50.74496],[-2.45526,50.73751],[-2.45832,50.73183],[-2.4724,50.73681],[-2.49742,50.74426],[-2.50777,50.74467],[-2.5084,50.75033],[-2.51415,50.75804],[-2.5132,50.76182],[-2.5155,50.7646],[-2.51792,50.76522],[-2.51643,50.75893],[-2.51749,50.75227],[-2.53099,50.75491],[-2.53595,50.7547],[-2.55163,50.76255],[-2.55893,50.768],[-2.56498,50.77588],[-2.57329,50.7824],[-2.57564,50.78896],[-2.58079,50.7928],[-2.58414,50.79962],[-2.57499,50.80569],[-2.56441,50.81042],[-2.55884,50.80774],[-2.55318,50.80903],[-2.55705,50.8127],[-2.56288,50.81339],[-2.56809,50.81031],[-2.58013,50.80764],[-2.57696,50.81593],[-2.57826,50.81781],[-2.56487,50.82489],[-2.57324,50.82449],[-2.58016,50.82194],[-2.57885,50.83094],[-2.57376,50.83222],[-2.57878,50.83642],[-2.5865,50.82955],[-2.59038,50.83277],[-2.59675,50.83103],[-2.59188,50.82799],[-2.58533,50.82632],[-2.58192,50.81501],[-2.58466,50.80708],[-2.59369,50.80263],[-2.60285,50.80878],[-2.59866,50.81447],[-2.60574,50.81309],[-2.61031,50.81468],[-2.60984,50.82242],[-2.60619,50.8254],[-2.60905,50.82746],[-2.61959,50.81904],[-2.63207,50.82886],[-2.62303,50.83242],[-2.62763,50.83608],[-2.63225,50.83129],[-2.63765,50.83171],[-2.62524,50.81703],[-2.63183,50.81124],[-2.62912,50.80972],[-2.62254,50.81668],[-2.61042,50.81243],[-2.6005,50.80241],[-2.58811,50.79924],[-2.58849,50.796],[-2.58062,50.79037],[-2.57494,50.77844],[-2.57634,50.77672],[-2.58797,50.77703],[-2.59354,50.77997],[-2.59817,50.77598],[-2.60571,50.77747],[-2.61072,50.78087],[-2.62065,50.78144],[-2.62524,50.78529],[-2.62886,50.79075],[-2.63327,50.79154],[-2.64313,50.79661],[-2.65664,50.7986],[-2.6595,50.80038],[-2.65958,50.81576],[-2.66508,50.81339],[-2.66156,50.80532],[-2.66592,50.8026],[-2.67588,50.80434],[-2.68249,50.81023],[-2.68726,50.81641],[-2.69391,50.81439],[-2.68844,50.80921],[-2.68303,50.80798],[-2.6817,50.80484],[-2.67,50.8005],[-2.66219,50.79983],[-2.65803,50.79662],[-2.6651,50.79523],[-2.66462,50.791],[-2.66132,50.78823],[-2.65642,50.79303],[-2.6513,50.79243],[-2.6458,50.79444],[-2.64391,50.79121],[-2.649,50.78983],[-2.6464,50.78679],[-2.64145,50.78763],[-2.63964,50.79078],[-2.6321,50.78885],[-2.63003,50.78292],[-2.63112,50.77914],[-2.63794,50.78],[-2.63904,50.77739],[-2.64684,50.77752],[-2.65489,50.77541],[-2.66034,50.77934],[-2.66254,50.77474],[-2.66624,50.77526],[-2.66418,50.78012],[-2.67271,50.78133],[-2.6765,50.77843],[-2.68314,50.77723],[-2.69712,50.77265],[-2.6979,50.76815],[-2.69519,50.76672],[-2.68743,50.76965],[-2.68422,50.77335],[-2.67774,50.77627],[-2.66908,50.77587],[-2.66674,50.77085],[-2.66544,50.76906],[-2.66188,50.76809],[-2.65814,50.76388],[-2.66832,50.76202],[-2.67028,50.7603],[-2.66601,50.75889],[-2.66539,50.75521],[-2.66789,50.75204],[-2.66514,50.74792],[-2.65778,50.74895],[-2.65079,50.74522],[-2.65486,50.74286],[-2.6638,50.74308],[-2.66609,50.74495],[-2.6748,50.73915],[-2.68701,50.74087],[-2.69251,50.73895],[-2.69991,50.74089],[-2.69505,50.73831],[-2.68866,50.73754],[-2.68529,50.73944],[-2.67704,50.73787],[-2.66788,50.731],[-2.6608,50.73167],[-2.65821,50.7289],[-2.65677,50.72738],[-2.65012,50.72742],[-2.64186,50.72431],[-2.63736,50.72677],[-2.63826,50.73108],[-2.64691,50.7313],[-2.64983,50.73722],[-2.65697,50.73142],[-2.66155,50.73481],[-2.66563,50.73236],[-2.67005,50.73423],[-2.67224,50.73889],[-2.66689,50.74108],[-2.6595,50.73977],[-2.65131,50.74225],[-2.64766,50.7447],[-2.64954,50.74738],[-2.65537,50.74861],[-2.65914,50.75479],[-2.64961,50.75197],[-2.6443,50.75775],[-2.64334,50.76001],[-2.64514,50.76719],[-2.64083,50.77387],[-2.63293,50.77688],[-2.62086,50.77551],[-2.62734,50.7725],[-2.62733,50.76099],[-2.63453,50.75916],[-2.63462,50.75493],[-2.62965,50.75469],[-2.62349,50.76038],[-2.6202,50.76868],[-2.6218,50.77208],[-2.61318,50.7742],[-2.61039,50.7779],[-2.60296,50.77317],[-2.60447,50.76948],[-2.61239,50.76782],[-2.61289,50.76251],[-2.60244,50.76571],[-2.59922,50.76914],[-2.59815,50.77392],[-2.58965,50.77522],[-2.58297,50.77426],[-2.5887,50.76731],[-2.59655,50.75981],[-2.6193,50.75411],[-2.62207,50.7496],[-2.61817,50.74396],[-2.61064,50.75353],[-2.59887,50.75287],[-2.59779,50.75737],[-2.59004,50.76137],[-2.58305,50.76914],[-2.58155,50.77337],[-2.57731,50.7751],[-2.57107,50.77477],[-2.56276,50.76807],[-2.56324,50.76051],[-2.54747,50.75798],[-2.54188,50.75279],[-2.53636,50.75317],[-2.52315,50.75099],[-2.51514,50.74437],[-2.50901,50.74134],[-2.50162,50.73966],[-2.49283,50.73934],[-2.47321,50.73267],[-2.46351,50.72678],[-2.46191,50.72211],[-2.45567,50.72096],[-2.45182,50.71846],[-2.44758,50.71992],[-2.43965,50.71977],[-2.43197,50.71656],[-2.42432,50.7165],[-2.42302,50.71389],[-2.41209,50.71078],[-2.39961,50.70903],[-2.39602,50.70401],[-2.38953,50.70619],[-2.37722,50.70722],[-2.36987,50.70904],[-2.35077,50.71029],[-2.34883,50.71089],[-2.33649,50.71534],[-2.32333,50.71727],[-2.31284,50.71703],[-2.30405,50.71498],[-2.29213,50.71407],[-2.28174,50.71599],[-2.28438,50.71746],[-2.29302,50.7178],[-2.30465,50.72065],[-2.31417,50.72413],[-2.32323,50.72419],[-2.33104,50.72588],[-2.34279,50.72531],[-2.34988,50.72628],[-2.35397,50.7233],[-2.36217,50.7212],[-2.37375,50.71613],[-2.38352,50.71619],[-2.38918,50.71491],[-2.4001,50.71703],[-2.41158,50.71726],[-2.42321,50.71911],[-2.43414,50.72177],[-2.45517,50.7287],[-2.45182,50.73357],[-2.45548,50.74569],[-2.45763,50.74829],[-2.47004,50.75535],[-2.47141,50.76488],[-2.46706,50.7836],[-2.46567,50.78675],[-2.46844,50.79447],[-2.47321,50.80318],[-2.47567,50.80784],[-2.47659,50.81449],[-2.47429,50.82512],[-2.47745,50.82879],[-2.47722,50.83473],[-2.48269,50.84136],[-2.47729,50.84066],[-2.46818,50.83908],[-2.4581,50.83939],[-2.45955,50.84217],[-2.44952,50.8477],[-2.44529,50.8514],[-2.44476,50.85509],[-2.44976,50.85831],[-2.44737,50.86074],[-2.43811,50.85853],[-2.4354,50.87194],[-2.44152,50.87326],[-2.45111,50.8654],[-2.45637,50.86583],[-2.4631,50.8712],[-2.46388,50.87839],[-2.46009,50.88344],[-2.45542,50.88535],[-2.45016,50.88483],[-2.44962,50.88834],[-2.45394,50.89327],[-2.45071,50.8976],[-2.45262,50.90398],[-2.44712,50.90858],[-2.44055,50.90618],[-2.43906,50.89854],[-2.44143,50.89404],[-2.43623,50.88578],[-2.43099,50.88688],[-2.43119,50.89327],[-2.43448,50.89631],[-2.43682,50.90314],[-2.43571,50.90629],[-2.42476,50.90633],[-2.42025,50.91102],[-2.41202,50.91321],[-2.40944,50.91025],[-2.40954,50.90602],[-2.40694,50.90163],[-2.416,50.8962],[-2.40773,50.89398],[-2.40834,50.89812],[-2.40311,50.90272],[-2.40674,50.91071],[-2.4099,50.9143],[-2.40754,50.9206],[-2.39548,50.92487],[-2.39341,50.91606],[-2.39709,50.9138],[-2.38542,50.91231],[-2.38987,50.91715],[-2.38965,50.92507],[-2.38054,50.92537],[-2.37714,50.92673],[-2.36702,50.92433],[-2.35862,50.92364],[-2.35859,50.91941],[-2.36397,50.91634],[-2.36995,50.91695],[-2.3777,50.9073],[-2.38465,50.90593],[-2.3907,50.89719],[-2.38673,50.88218],[-2.37749,50.88203],[-2.37831,50.87762],[-2.37585,50.87197],[-2.3809,50.86431],[-2.37777,50.86324],[-2.37355,50.86901],[-2.36713,50.86597],[-2.36624,50.86166],[-2.36193,50.85465],[-2.36616,50.85149],[-2.36782,50.84546],[-2.36068,50.84018],[-2.35709,50.83552],[-2.35369,50.83669],[-2.35969,50.84162],[-2.36117,50.84917],[-2.35306,50.84758],[-2.33768,50.84187],[-2.33142,50.84027],[-2.32504,50.84199],[-2.32792,50.84738],[-2.33304,50.84827],[-2.33463,50.85231],[-2.32312,50.85144],[-2.3201,50.84632],[-2.3168,50.84193],[-2.31255,50.84329],[-2.3167,50.84678],[-2.31986,50.85262],[-2.32442,50.85405],[-2.32405,50.86259],[-2.33746,50.86984],[-2.34075,50.87342],[-2.33708,50.87694],[-2.32405,50.88336],[-2.31752,50.88455],[-2.31664,50.88024],[-2.32004,50.87915],[-2.31671,50.87034],[-2.31954,50.86827],[-2.31838,50.86413],[-2.31111,50.86155],[-2.30386,50.86121],[-2.29822,50.86725],[-2.29852,50.86931],[-2.30162,50.86553],[-2.30961,50.87054],[-2.30493,50.87163],[-2.30922,50.87567],[-2.31406,50.87665],[-2.31397,50.88501],[-2.3201,50.88742],[-2.31914,50.89183],[-2.32116,50.89695],[-2.3099,50.89365],[-2.30708,50.896],[-2.30654,50.90068],[-2.30089,50.90707],[-2.3062,50.9139],[-2.30098,50.92092],[-2.28902,50.91924],[-2.28206,50.92052],[-2.27819,50.91594],[-2.28059,50.91261],[-2.27658,50.90947],[-2.27656,50.90462],[-2.29085,50.89298],[-2.28541,50.88796],[-2.2841,50.88302],[-2.27714,50.88249],[-2.27231,50.88457],[-2.27504,50.88861],[-2.28145,50.89139],[-2.28262,50.89561],[-2.27343,50.90444],[-2.27646,50.91226],[-2.27527,50.92728],[-2.26632,50.93117],[-2.26063,50.93109],[-2.25307,50.92751],[-2.257,50.91824],[-2.25485,50.91375],[-2.25625,50.91105],[-2.25451,50.90458],[-2.24311,50.90065],[-2.2306,50.89995],[-2.23129,50.89527],[-2.22629,50.89169],[-2.21792,50.89476],[-2.21478,50.89288],[-2.21589,50.88658],[-2.20933,50.88318],[-2.20379,50.88256],[-2.20094,50.88184],[-2.19594,50.87547],[-2.18923,50.86909],[-2.18227,50.86856],[-2.17645,50.87019],[-2.17175,50.8675],[-2.175,50.86435],[-2.1747,50.85814],[-2.16843,50.85339],[-2.15748,50.85232],[-2.14938,50.84883],[-2.14183,50.84209],[-2.14168,50.83903],[-2.13442,50.83293],[-2.13085,50.82826],[-2.12288,50.82134],[-2.11578,50.81766],[-2.10939,50.81695],[-2.08843,50.80768],[-2.08392,50.81086],[-2.09718,50.81939],[-2.10386,50.82082],[-2.11693,50.82467],[-2.10616,50.83323],[-2.09169,50.84097],[-2.08914,50.84457],[-2.08731,50.85321],[-2.06914,50.86419],[-2.07624,50.86302],[-2.08078,50.85897],[-2.08959,50.85518],[-2.09028,50.84871],[-2.09439,50.8425],[-2.11751,50.82926],[-2.12348,50.83339],[-2.1289,50.84049],[-2.13587,50.84372],[-2.13972,50.84929],[-2.14441,50.85045],[-2.15579,50.85601],[-2.16062,50.8552],[-2.17158,50.86094],[-2.16918,50.86634],[-2.16508,50.8703],[-2.16764,50.87182],[-2.18356,50.87207],[-2.18925,50.87359],[-2.19325,50.87889],[-2.20082,50.88598],[-2.2092,50.88587],[-2.2112,50.88803],[-2.20939,50.89505],[-2.21097,50.899],[-2.21822,50.89809],[-2.22147,50.89466],[-2.22702,50.89501],[-2.22718,50.89915],[-2.22719,50.90113],[-2.23147,50.90346],[-2.24527,50.90451],[-2.24672,50.91044],[-2.25073,50.91619],[-2.24975,50.91889],[-2.24569,50.93094],[-2.25439,50.9338],[-2.2544,50.93632],[-2.25285,50.94001],[-2.24648,50.94542],[-2.24664,50.94938],[-2.24238,50.95127],[-2.24368,50.95451],[-2.25095,50.95683],[-2.25682,50.96203],[-2.26224,50.96346],[-2.26141,50.96796],[-2.26343,50.97335],[-2.26873,50.97801],[-2.26466,50.96435],[-2.26608,50.96246],[-2.25809,50.95951],[-2.25123,50.95467],[-2.24807,50.95045],[-2.24919,50.94604],[-2.25585,50.94063],[-2.26436,50.93603],[-2.28467,50.92915],[-2.2905,50.92922],[-2.2862,50.92258],[-2.2916,50.92185],[-2.29773,50.9248],[-2.30625,50.92208],[-2.3084,50.92486],[-2.30474,50.93036],[-2.30563,50.93512],[-2.31404,50.93743],[-2.3175,50.94363],[-2.31581,50.94732],[-2.32025,50.95154],[-2.32967,50.95457],[-2.33299,50.96076],[-2.32848,50.96743],[-2.3278,50.97148],[-2.33523,50.9746],[-2.33283,50.97803],[-2.32529,50.97895],[-2.31975,50.98184],[-2.31574,50.97889],[-2.30819,50.97846],[-2.29611,50.98226],[-2.3,50.98963],[-2.29419,50.99531],[-2.2958,51.0016],[-2.29926,51.00743],[-2.29829,51.01256],[-2.30046,51.01714],[-2.29534,51.01877],[-2.28869,51.02625],[-2.28184,51.02627],[-2.26272,51.02389],[-2.25615,51.02103],[-2.25213,51.01681],[-2.25154,51.01321],[-2.25737,51.00996],[-2.25507,51.00673],[-2.25816,50.99764],[-2.26299,50.99556],[-2.25414,50.99207],[-2.24929,50.99173],[-2.2456,50.99533],[-2.23764,50.99912],[-2.23766,51.00263],[-2.24896,51.01043],[-2.24741,51.01376],[-2.2503,51.0205],[-2.25631,51.02498],[-2.26331,51.02748],[-2.26176,51.03099],[-2.25478,51.03236],[-2.24821,51.02994],[-2.24233,51.02429],[-2.23915,51.01576],[-2.23913,51.01117],[-2.22629,51.00805],[-2.2156,51.00996],[-2.21188,51.00682],[-2.21414,51.00115],[-2.20741,50.99361],[-2.201,50.99542],[-2.20581,50.98659],[-2.22201,50.97829],[-2.21996,50.9667],[-2.22481,50.96911],[-2.23293,50.96928],[-2.2332,50.96487],[-2.22151,50.96391],[-2.21993,50.96031],[-2.21383,50.96446],[-2.20984,50.96447],[-2.20173,50.96637]],[[-2.21795,51.02443],[-2.20936,51.01698],[-2.20763,51.01285],[-2.2186,51.0113],[-2.22261,51.01489],[-2.23058,51.01236],[-2.23486,51.01253],[-2.23905,51.0243],[-2.23779,51.02745],[-2.22139,51.02712],[-2.21795,51.02443]],[[-2.22284,51.0317],[-2.20943,51.0311],[-2.20185,51.02725],[-2.20211,51.02158],[-2.21224,51.02111],[-2.21498,51.02839],[-2.22767,51.029],[-2.2311,51.03007],[-2.24594,51.03148],[-2.24224,51.03364],[-2.22941,51.03403],[-2.22284,51.0317]],[[-2.31829,50.93464],[-2.32794,50.93137],[-2.32266,50.92824],[-2.32062,50.9215],[-2.32968,50.91491],[-2.32795,50.91159],[-2.32588,50.90116],[-2.32614,50.89676],[-2.33846,50.88998],[-2.33673,50.88755],[-2.32979,50.89081],[-2.32623,50.89001],[-2.32733,50.88407],[-2.34206,50.87702],[-2.34528,50.87044],[-2.34138,50.862],[-2.34619,50.85902],[-2.34863,50.86279],[-2.35849,50.87031],[-2.36872,50.86884],[-2.37374,50.87467],[-2.37151,50.88124],[-2.38221,50.88525],[-2.38597,50.89352],[-2.38528,50.89559],[-2.37201,50.89023],[-2.36691,50.89259],[-2.36601,50.88612],[-2.363,50.88271],[-2.35288,50.87896],[-2.36405,50.89026],[-2.36222,50.89224],[-2.35297,50.89191],[-2.34689,50.89625],[-2.34324,50.90183],[-2.35237,50.90621],[-2.34987,50.91458],[-2.3465,50.92071],[-2.35567,50.92841],[-2.35327,50.93121],[-2.33497,50.93953],[-2.33304,50.94745],[-2.32593,50.94882],[-2.32165,50.94668],[-2.31829,50.93464]],[[-2.32396,50.91034],[-2.32327,50.91403],[-2.31736,50.92322],[-2.31671,50.93257],[-2.3086,50.93268],[-2.31155,50.92656],[-2.31138,50.92269],[-2.30723,50.91866],[-2.30989,50.91236],[-2.30403,50.90833],[-2.30867,50.90067],[-2.30935,50.89617],[-2.32104,50.89965],[-2.32334,50.90351],[-2.32396,50.91034]],[[-2.36787,50.90589],[-2.3703,50.90696],[-2.36722,50.913],[-2.35768,50.91276],[-2.35539,50.91016],[-2.36787,50.90589]],[[-2.45795,50.91142],[-2.45341,50.91198],[-2.45489,50.90334],[-2.47976,50.9018],[-2.48749,50.90698],[-2.48483,50.91059],[-2.46747,50.91021],[-2.45795,50.91142]],[[-2.36812,50.90104],[-2.36921,50.8951],[-2.38487,50.8973],[-2.38418,50.90054],[-2.37951,50.90325],[-2.36812,50.90104]],[[-2.33385,50.8613],[-2.33808,50.8576],[-2.34072,50.84932],[-2.33459,50.84655],[-2.33755,50.84313],[-2.3461,50.84679],[-2.34955,50.85226],[-2.3442,50.85876],[-2.33897,50.8621],[-2.33385,50.8613]],[[-2.35926,50.85871],[-2.36183,50.85996],[-2.36529,50.86678],[-2.3589,50.86752],[-2.35159,50.85972],[-2.35926,50.85871]],[[-2.46598,50.84637],[-2.46363,50.85277],[-2.46624,50.8577],[-2.45717,50.86097],[-2.45571,50.85612],[-2.44959,50.85516],[-2.45453,50.85163],[-2.45379,50.84876],[-2.46228,50.8454],[-2.46598,50.84637]],[[-2.49675,50.85497],[-2.48181,50.85251],[-2.47513,50.85218],[-2.47061,50.8549],[-2.4669,50.85302],[-2.46855,50.84789],[-2.47455,50.85083],[-2.48022,50.84955],[-2.4835,50.85134],[-2.49,50.84762],[-2.49657,50.85146],[-2.49675,50.85497]]],[[[-2.79973,50.79384],[-2.80194,50.79005],[-2.79563,50.77777],[-2.792,50.7813],[-2.79095,50.78662],[-2.79454,50.78902],[-2.79333,50.79263],[-2.79973,50.79384]]],[[[-2.72642,50.77813],[-2.72145,50.77771],[-2.72322,50.78238],[-2.71901,50.7851],[-2.71484,50.79124],[-2.72055,50.79328],[-2.73077,50.79366],[-2.73653,50.78976],[-2.73099,50.78917],[-2.7227,50.78526],[-2.72622,50.78389],[-2.72818,50.7819],[-2.72642,50.77813]]],[[[-2.72534,50.7544],[-2.72735,50.74665],[-2.72408,50.74622],[-2.72137,50.75415],[-2.7131,50.75151],[-2.69895,50.75321],[-2.70396,50.75597],[-2.70847,50.75405],[-2.71246,50.75592],[-2.7091,50.75882],[-2.69056,50.76055],[-2.68615,50.7594],[-2.68902,50.76226],[-2.69711,50.76293],[-2.70227,50.76623],[-2.70207,50.77217],[-2.69776,50.77777],[-2.6899,50.78339],[-2.69956,50.78432],[-2.70035,50.7898],[-2.69856,50.79359],[-2.69304,50.79416],[-2.68791,50.79258],[-2.67932,50.79694],[-2.67695,50.80037],[-2.68831,50.80094],[-2.69378,50.79596],[-2.70114,50.80437],[-2.69807,50.80771],[-2.70586,50.81639],[-2.70705,50.81998],[-2.71446,50.82173],[-2.71954,50.81972],[-2.72561,50.82706],[-2.73041,50.82505],[-2.73722,50.82483],[-2.74251,50.82677],[-2.74884,50.8235],[-2.75539,50.82471],[-2.75381,50.83019],[-2.75831,50.82811],[-2.76233,50.82332],[-2.76676,50.82374],[-2.77107,50.82146],[-2.77005,50.81805],[-2.76299,50.81198],[-2.75958,50.8112],[-2.75991,50.81434],[-2.76652,50.81906],[-2.75277,50.82068],[-2.74411,50.82056],[-2.74031,50.82283],[-2.73221,50.82225],[-2.74036,50.8169],[-2.73578,50.81441],[-2.73021,50.8211],[-2.72537,50.82059],[-2.71835,50.81613],[-2.72017,50.81441],[-2.71528,50.8104],[-2.7091,50.81502],[-2.70464,50.81073],[-2.70328,50.80534],[-2.71163,50.80349],[-2.70831,50.80037],[-2.71853,50.8003],[-2.72344,50.79659],[-2.71491,50.79556],[-2.71282,50.798],[-2.7043,50.79733],[-2.70549,50.79211],[-2.70886,50.78939],[-2.70455,50.786],[-2.70223,50.78251],[-2.705,50.77809],[-2.71686,50.77442],[-2.72044,50.77673],[-2.72114,50.76711],[-2.71628,50.7648],[-2.72465,50.75557],[-2.72534,50.7544]]],[[[-2.56348,50.86348],[-2.5563,50.85659],[-2.55684,50.85452],[-2.56524,50.84395],[-2.5676,50.83945],[-2.57307,50.84526],[-2.57411,50.84904],[-2.57202,50.85282],[-2.57761,50.85639],[-2.5758,50.86],[-2.58068,50.86402],[-2.586,50.85698],[-2.58284,50.85448],[-2.58312,50.8427],[-2.5892,50.84087],[-2.59479,50.84498],[-2.58904,50.85058],[-2.59479,50.85568],[-2.59742,50.86178],[-2.59928,50.874],[-2.60441,50.87442],[-2.60885,50.87701],[-2.61017,50.88902],[-2.61017,50.88891],[-2.61032,50.88882],[-2.61036,50.88873],[-2.61046,50.88866],[-2.6105,50.8886],[-2.61051,50.88855],[-2.61036,50.88835],[-2.61043,50.88826],[-2.61078,50.88812],[-2.61094,50.88783],[-2.61094,50.88782],[-2.61108,50.88757],[-2.61097,50.88749],[-2.611,50.88734],[-2.61121,50.88704],[-2.61141,50.88624],[-2.61125,50.88617],[-2.61127,50.88608],[-2.61143,50.88604],[-2.61147,50.886],[-2.6116,50.88548],[-2.61129,50.88523],[-2.61122,50.8851],[-2.61124,50.88502],[-2.61154,50.88509],[-2.61165,50.88504],[-2.61165,50.88492],[-2.61174,50.88491],[-2.61511,50.88268],[-2.61518,50.88253],[-2.61539,50.88217],[-2.61555,50.88193],[-2.6161,50.88163],[-2.61678,50.88139],[-2.61755,50.88108],[-2.61756,50.88107],[-2.61763,50.88105],[-2.61774,50.88102],[-2.61776,50.88102],[-2.6233,50.87974],[-2.62328,50.87966],[-2.62333,50.87957],[-2.62356,50.87943],[-2.62401,50.87941],[-2.62413,50.87934],[-2.62413,50.87926],[-2.62449,50.87941],[-2.62461,50.87943],[-2.62868,50.87196],[-2.63348,50.86995],[-2.62972,50.8653],[-2.6322,50.85944],[-2.62918,50.85622],[-2.63251,50.85053],[-2.63191,50.8482],[-2.63493,50.84063],[-2.62744,50.8431],[-2.62027,50.83792],[-2.61736,50.84342],[-2.62462,50.84482],[-2.62439,50.84932],[-2.62133,50.85401],[-2.62618,50.85497],[-2.62763,50.86801],[-2.62374,50.87477],[-2.6184,50.87966],[-2.61177,50.88311],[-2.6121,50.87546],[-2.60279,50.86993],[-2.60457,50.86525],[-2.59982,50.86015],[-2.5969,50.85387],[-2.5926,50.85092],[-2.59892,50.84567],[-2.59575,50.842],[-2.58775,50.83872],[-2.58166,50.84001],[-2.5789,50.84587],[-2.57174,50.84131],[-2.57156,50.83871],[-2.55888,50.83535],[-2.54825,50.83693],[-2.55184,50.84015],[-2.55796,50.84066],[-2.56253,50.84361],[-2.55902,50.84659],[-2.55391,50.84689],[-2.55429,50.85507],[-2.54873,50.85312],[-2.54685,50.85025],[-2.54707,50.84467],[-2.54915,50.84106],[-2.54413,50.83641],[-2.53919,50.83886],[-2.53336,50.83889],[-2.5268,50.83649],[-2.51743,50.8368],[-2.51905,50.84138],[-2.5268,50.84863],[-2.53862,50.85136],[-2.5539,50.85795],[-2.56236,50.86447],[-2.56348,50.86348]],[[-2.54413,50.84828],[-2.54316,50.85071],[-2.52734,50.84611],[-2.52261,50.84199],[-2.52953,50.83873],[-2.54265,50.84361],[-2.54413,50.84828]]],[[[-2.21083,50.90017],[-2.20287,50.90135],[-2.19904,50.90379],[-2.20448,50.91133],[-2.21486,50.90978],[-2.21612,50.90591],[-2.21382,50.90142],[-2.21083,50.90017]]],[[[-2.76338,50.72259],[-2.7645,50.71314],[-2.75815,50.71435],[-2.75755,50.72137],[-2.75958,50.72379],[-2.76338,50.72259]]],[[[-2.80877,50.72543],[-2.80361,50.72196],[-2.79951,50.72244],[-2.79831,50.7273],[-2.79215,50.72303],[-2.78712,50.7272],[-2.79627,50.73208],[-2.80229,50.7279],[-2.80738,50.72697],[-2.80877,50.72543]]],[[[-2.3606,50.75673],[-2.3643,50.75807],[-2.37464,50.75731],[-2.3742,50.75507],[-2.36172,50.75466],[-2.35091,50.74965],[-2.34354,50.74959],[-2.32466,50.74676],[-2.31331,50.74365],[-2.3041,50.74511],[-2.29021,50.74559],[-2.28185,50.74445],[-2.26609,50.74026],[-2.25786,50.73884],[-2.24114,50.73833],[-2.23531,50.73439],[-2.2312,50.73395],[-2.21972,50.7311],[-2.2166,50.73213],[-2.22143,50.73549],[-2.2261,50.73548],[-2.22952,50.7389],[-2.25136,50.74236],[-2.26285,50.74314],[-2.28499,50.74903],[-2.30527,50.75032],[-2.31389,50.74706],[-2.31787,50.7484],[-2.31875,50.75217],[-2.3161,50.75821],[-2.31712,50.76243],[-2.323,50.77204],[-2.31398,50.78087],[-2.31105,50.78817],[-2.31389,50.78879],[-2.31711,50.78195],[-2.32924,50.77283],[-2.32611,50.77104],[-2.32036,50.76008],[-2.32246,50.75639],[-2.32215,50.75145],[-2.33603,50.75024],[-2.34569,50.75336],[-2.35179,50.7537],[-2.3606,50.75673]]],[[[-2.18522,50.93384],[-2.17867,50.93215],[-2.16118,50.9364],[-2.15849,50.93982],[-2.16718,50.94151],[-2.16731,50.93702],[-2.17398,50.93413],[-2.17953,50.93457],[-2.18522,50.93384]]],[[[-2.80645,50.73885],[-2.80378,50.74048],[-2.80659,50.74703],[-2.81148,50.74322],[-2.81695,50.74346],[-2.81917,50.73594],[-2.81314,50.74051],[-2.80645,50.73885]]],[[[-2.46861,50.6273],[-2.47049,50.63125],[-2.4746,50.63186],[-2.47524,50.63914],[-2.47104,50.64401],[-2.47078,50.64581],[-2.47913,50.64641],[-2.47922,50.64119],[-2.4948,50.64365],[-2.49958,50.6412],[-2.47919,50.63831],[-2.48237,50.63183],[-2.46861,50.6273]]],[[[-2.14685,50.77596],[-2.14217,50.77986],[-2.14575,50.77824],[-2.15709,50.77813],[-2.15425,50.77553],[-2.14685,50.77596]]],[[[-2.20541,50.73604],[-2.2027,50.73703],[-2.20857,50.74325],[-2.21242,50.75008],[-2.22152,50.75483],[-2.22335,50.75321],[-2.21384,50.749],[-2.20869,50.7383],[-2.20541,50.73604]]],[[[-2.73588,50.84022],[-2.73823,50.83813],[-2.73217,50.83736],[-2.72755,50.83253],[-2.72136,50.8368],[-2.71117,50.83893],[-2.71348,50.84152],[-2.72011,50.83842],[-2.72446,50.84415],[-2.73588,50.84022]]],[[[-2.71409,50.85635],[-2.71677,50.85519],[-2.71851,50.85444],[-2.72178,50.85303],[-2.72042,50.8493],[-2.7131,50.84413],[-2.7081,50.84237],[-2.69659,50.8418],[-2.69237,50.84507],[-2.68779,50.84249],[-2.68239,50.84243],[-2.67966,50.83984],[-2.68673,50.83818],[-2.68243,50.8355],[-2.68607,50.83189],[-2.67444,50.83294],[-2.67608,50.83806],[-2.67315,50.84158],[-2.68256,50.84432],[-2.68047,50.84703],[-2.68297,50.85286],[-2.68855,50.85516],[-2.68126,50.86222],[-2.68204,50.86698],[-2.6767,50.87088],[-2.69402,50.87015],[-2.70473,50.86415],[-2.70314,50.862],[-2.69555,50.86744],[-2.6863,50.86651],[-2.69135,50.86252],[-2.69301,50.859],[-2.70884,50.85405],[-2.71409,50.85635]],[[-2.7116,50.84873],[-2.70704,50.8475],[-2.70338,50.84959],[-2.70527,50.85245],[-2.69211,50.85631],[-2.70192,50.8469],[-2.71041,50.84505],[-2.7116,50.84873]],[[-2.70031,50.84385],[-2.70007,50.84682],[-2.68951,50.85318],[-2.68621,50.85068],[-2.69071,50.84778],[-2.6968,50.84648],[-2.70031,50.84385]]],[[[-2.34135,51.01759],[-2.33894,51.0168],[-2.33327,51.01957],[-2.33158,51.0229],[-2.33533,51.02865],[-2.33888,51.02639],[-2.335,51.0228],[-2.34135,51.01759]]],[[[-2.3233,51.08042],[-2.32342,51.08038],[-2.32364,51.0803],[-2.3238,51.08026],[-2.32384,51.08026],[-2.32455,51.08005],[-2.32466,51.07996],[-2.32492,51.07983],[-2.32514,51.07979],[-2.32553,51.07977],[-2.32585,51.07968],[-2.32586,51.07967],[-2.3261,51.07943],[-2.32623,51.07924],[-2.32647,51.07897],[-2.32667,51.07882],[-2.32761,51.07827],[-2.32775,51.07821],[-2.32787,51.07819],[-2.32875,51.07754],[-2.32878,51.07749],[-2.32896,51.07731],[-2.32919,51.07713],[-2.32962,51.0769],[-2.32964,51.07688],[-2.33466,51.07361],[-2.34685,51.07283],[-2.34766,51.07184],[-2.34764,51.0718],[-2.34775,51.07173],[-2.3498,51.06922],[-2.33165,51.07227],[-2.32567,51.07508],[-2.3233,51.08042]]],[[[-2.20738,51.04588],[-2.20744,51.04591],[-2.20781,51.04619],[-2.20823,51.04642],[-2.20852,51.04652],[-2.20896,51.04672],[-2.20927,51.0468],[-2.2097,51.04683],[-2.21013,51.04689],[-2.21029,51.04703],[-2.2105,51.04711],[-2.21075,51.04733],[-2.21108,51.04772],[-2.21124,51.04798],[-2.21155,51.04838],[-2.2118,51.04875],[-2.21199,51.04907],[-2.21215,51.04956],[-2.21224,51.04972],[-2.21245,51.04999],[-2.21244,51.05011],[-2.21286,51.05039],[-2.21315,51.05071],[-2.21318,51.05074],[-2.21328,51.0508],[-2.21249,51.04692],[-2.20738,51.04588]]]]},"properties":{"g":4}},
{"type":"Feature","geometry":{"type":"MultiPolygon","coordinates":[[[[-2.21382,50.90142],[-2.21612,50.90591],[-2.21486,50.90978],[-2.20448,50.91133],[-2.21558,50.91239],[-2.21958,50.91643],[-2.22298,50.9131],[-2.22495,50.9077],[-2.21954,50.9069],[-2.22022,50.90168],[-2.21382,50.90142]]],[[[-2.15876,50.97759],[-2.15733,50.97408],[-2.15022,50.97949],[-2.15266,50.98299],[-2.15876,50.97759]]],[[[-2.80802,50.73155],[-2.79785,50.73333],[-2.7979,50.73612],[-2.79198,50.73832],[-2.79061,50.74102],[-2.80378,50.74048],[-2.80645,50.73885],[-2.80526,50.7358],[-2.80833,50.73317],[-2.80802,50.73155]]],[[[-2.74481,50.73054],[-2.74659,50.72684],[-2.73788,50.72231],[-2.73059,50.72757],[-2.72361,50.72518],[-2.71305,50.72948],[-2.7158,50.73279],[-2.72177,50.73446],[-2.74177,50.72678],[-2.74481,50.73054]]],[[[-2.12233,50.97396],[-2.12225,50.97408],[-2.12185,50.97466],[-2.12172,50.97483],[-2.12063,50.9764],[-2.12062,50.97641],[-2.13425,50.97483],[-2.14451,50.97482],[-2.14122,50.97095],[-2.12913,50.97412],[-2.12233,50.97396]]],[[[-2.75958,50.8112],[-2.76299,50.81198],[-2.76995,50.81221],[-2.77482,50.81496],[-2.77994,50.81551],[-2.78196,50.81354],[-2.77605,50.81172],[-2.77515,50.80858],[-2.78492,50.81067],[-2.78935,50.80637],[-2.77835,50.80514],[-2.77076,50.8095],[-2.76278,50.80722],[-2.75958,50.8112]]],[[[-2.71901,50.7851],[-2.72322,50.78238],[-2.72145,50.77771],[-2.72044,50.77673],[-2.71686,50.77442],[-2.71637,50.77954],[-2.70622,50.78356],[-2.70455,50.786],[-2.70886,50.78939],[-2.71416,50.78361],[-2.71901,50.7851]]],[[[-2.67028,50.7603],[-2.66832,50.76202],[-2.67233,50.76497],[-2.66544,50.76906],[-2.66674,50.77085],[-2.67898,50.76367],[-2.68612,50.76723],[-2.6899,50.76406],[-2.69519,50.76672],[-2.6979,50.76815],[-2.69712,50.77265],[-2.68314,50.77723],[-2.68883,50.77818],[-2.69687,50.77535],[-2.70207,50.77217],[-2.70227,50.76623],[-2.69711,50.76293],[-2.68902,50.76226],[-2.68615,50.7594],[-2.68414,50.75816],[-2.67028,50.7603]]],[[[-2.69505,50.73831],[-2.69991,50.74089],[-2.7043,50.74095],[-2.71144,50.73533],[-2.70901,50.73355],[-2.70138,50.73539],[-2.69505,50.73831]]],[[[-2.65677,50.72738],[-2.65821,50.7289],[-2.66978,50.72506],[-2.67156,50.72118],[-2.66573,50.71959],[-2.66039,50.72232],[-2.66226,50.72474],[-2.65677,50.72738]]],[[[-2.6443,50.75775],[-2.64961,50.75197],[-2.65914,50.75479],[-2.65537,50.74861],[-2.64954,50.74738],[-2.64766,50.7447],[-2.65131,50.74225],[-2.6595,50.73977],[-2.65015,50.73992],[-2.64467,50.74372],[-2.6443,50.75775]]],[[[-2.43468,50.65022],[-2.43109,50.65677],[-2.42356,50.65914],[-2.43412,50.65864],[-2.43468,50.65022]]],[[[-2.46983,50.6638],[-2.46645,50.66526],[-2.48105,50.66798],[-2.48384,50.66456],[-2.51176,50.66875],[-2.52762,50.67003],[-2.54265,50.67266],[-2.5527,50.67207],[-2.55772,50.67816],[-2.56197,50.67841],[-2.56782,50.67092],[-2.55825,50.67519],[-2.55565,50.67089],[-2.55014,50.67101],[-2.53158,50.66938],[-2.50607,50.66572],[-2.49403,50.66505],[-2.48297,50.6624],[-2.46983,50.6638]]],[[[-2.47729,50.84066],[-2.48269,50.84136],[-2.47227,50.83645],[-2.46835,50.82748],[-2.47433,50.81594],[-2.46851,50.81579],[-2.46173,50.81878],[-2.45815,50.81601],[-2.46238,50.81257],[-2.46432,50.80771],[-2.47321,50.80318],[-2.46844,50.79447],[-2.46537,50.79979],[-2.46939,50.80418],[-2.45765,50.80783],[-2.45811,50.81106],[-2.4549,50.81737],[-2.45877,50.82104],[-2.46868,50.81776],[-2.46622,50.82767],[-2.46699,50.83396],[-2.47729,50.84066]]],[[[-2.3201,50.84632],[-2.32312,50.85144],[-2.33463,50.85231],[-2.33304,50.84827],[-2.32609,50.85008],[-2.3201,50.84632]]],[[[-2.27231,50.88457],[-2.27714,50.88249],[-2.2841,50.88302],[-2.29147,50.87814],[-2.29852,50.86931],[-2.29822,50.86725],[-2.30386,50.86121],[-2.3047,50.85878],[-2.31065,50.85615],[-2.30949,50.85238],[-2.30114,50.85771],[-2.29693,50.86536],[-2.29031,50.87464],[-2.28365,50.8787],[-2.27215,50.88134],[-2.27231,50.88457]]],[[[-2.70035,50.7898],[-2.69956,50.78432],[-2.68966,50.78627],[-2.6817,50.78551],[-2.68518,50.79034],[-2.69778,50.78856],[-2.70035,50.7898]]]]},"properties":{"g":5}},
{"type":"Feature","geometry":{"type":"MultiPolygon","coordinates":[[[[-2.62072,50.65761],[-2.57817,50.63796],[-2.56423,50.63092],[-2.52682,50.61104],[-2.50979,50.6013],[-2.49813,50.60577],[-2.49797,50.60955],[-2.50096,50.6116],[-2.51141,50.61075],[-2.51417,50.61721],[-2.53142,50.61803],[-2.53826,50.62295],[-2.5455,50.62489],[-2.54709,50.62776],[-2.5539,50.63034],[-2.55737,50.63671],[-2.55993,50.63759],[-2.56701,50.63846],[-2.57793,50.64146],[-2.58634,50.6461],[-2.596,50.64947],[-2.59321,50.65317],[-2.59721,50.6562],[-2.60894,50.65515],[-2.61633,50.65799],[-2.62072,50.65761]]],[[[-2.1854,50.74568],[-2.17514,50.75156],[-2.17674,50.76003],[-2.18526,50.76227],[-2.19151,50.76576],[-2.19491,50.76495],[-2.20139,50.75594],[-2.19896,50.75073],[-2.19441,50.74822],[-2.1854,50.74568]]],[[[-2.27837,50.71638],[-2.27729,50.71649],[-2.27304,50.71734],[-2.24895,50.7239],[-2.22781,50.72844],[-2.21972,50.7311],[-2.2312,50.73395],[-2.23926,50.73132],[-2.24932,50.73184],[-2.26338,50.73667],[-2.274,50.73646],[-2.27597,50.7343],[-2.28363,50.7341],[-2.30347,50.73567],[-2.30601,50.73395],[-2.31781,50.73878],[-2.31365,50.73088],[-2.29903,50.72768],[-2.29646,50.72418],[-2.28781,50.72375],[-2.28811,50.72654],[-2.2755,50.72639],[-2.27837,50.71638]]]]},"properties":{"g":0}},
{"type":"Feature","geometry":{"type":"MultiPolygon","coordinates":[[[[-2.76849,50.74027],[-2.76828,50.73587],[-2.76747,50.72967],[-2.76402,50.72672],[-2.75958,50.72379],[-2.75755,50.72137],[-2.75815,50.71435],[-2.7645,50.71314],[-2.77086,50.7122],[-2.76434,50.71027],[-2.76393,50.71035],[-2.76383,50.71012],[-2.76368,50.71017],[-2.76365,50.71032],[-2.76351,50.71049],[-2.76351,50.71059],[-2.76363,50.71064],[-2.76379,50.71089],[-2.76386,50.71109],[-2.76403,50.71125],[-2.76383,50.71153],[-2.76316,50.71152],[-2.76306,50.71147],[-2.76293,50.71148],[-2.7624,50.71139],[-2.76217,50.71134],[-2.76171,50.71127],[-2.76155,50.7112],[-2.76167,50.71098],[-2.76177,50.7109],[-2.76248,50.71103],[-2.76279,50.71108],[-2.76292,50.71106],[-2.76304,50.71092],[-2.76307,50.7108],[-2.76318,50.71062],[-2.76319,50.71052],[-2.76346,50.71011],[-2.7635,50.71002],[-2.75777,50.70833],[-2.75616,50.71365],[-2.75058,50.71953],[-2.74581,50.72208],[-2.74659,50.72684],[-2.74481,50.73054],[-2.73654,50.73634],[-2.7369,50.74102],[-2.73244,50.7459],[-2.73489,50.74831],[-2.74111,50.74738],[-2.74646,50.74545],[-2.74372,50.7425],[-2.74992,50.74012],[-2.75661,50.7417],[-2.76796,50.74235],[-2.76849,50.74027]]],[[[-2.454,50.70946],[-2.45253,50.7038],[-2.44317,50.70258],[-2.4399,50.70097],[-2.4266,50.70255],[-2.4268,50.70947],[-2.42242,50.70967],[-2.41347,50.70673],[-2.41209,50.71078],[-2.42302,50.71389],[-2.42432,50.7165],[-2.43197,50.71656],[-2.43965,50.71977],[-2.44758,50.71992],[-2.45182,50.71846],[-2.45349,50.71603],[-2.454,50.70946]]],[[[-2.46645,50.66526],[-2.46983,50.6638],[-2.46766,50.65905],[-2.47218,50.65822],[-2.47369,50.65408],[-2.47078,50.64581],[-2.47104,50.64401],[-2.46826,50.63449],[-2.47049,50.63125],[-2.46861,50.6273],[-2.4598,50.62582],[-2.45326,50.63189],[-2.45918,50.63165],[-2.46119,50.63443],[-2.46039,50.63902],[-2.46554,50.64529],[-2.46586,50.64952],[-2.45895,50.6509],[-2.46337,50.65511],[-2.46229,50.66024],[-2.46645,50.66526]]],[[[-2.50096,50.6116],[-2.49797,50.60955],[-2.49262,50.61128],[-2.49013,50.60911],[-2.47707,50.6158],[-2.4863,50.6149],[-2.49112,50.61587],[-2.50268,50.61349],[-2.50096,50.6116]]]]},"properties":{"g":0}},
{"type":"Feature","geometry":{"type":"MultiPolygon","coordinates":[[[[-2.61027,50.8892],[-2.61027,50.88915],[-2.61018,50.88909],[-2.61027,50.8892]]],[[[-2.61569,50.8959],[-2.61571,50.89586],[-2.61556,50.89555],[-2.61537,50.89534],[-2.61538,50.89516],[-2.61506,50.89502],[-2.61505,50.89492],[-2.61522,50.89481],[-2.61527,50.89473],[-2.61522,50.89462],[-2.61499,50.89445],[-2.61528,50.89441],[-2.61541,50.89433],[-2.61537,50.89424],[-2.6151,50.89418],[-2.61483,50.89409],[-2.61467,50.89398],[-2.61453,50.89373],[-2.61472,50.89355],[-2.61486,50.8933],[-2.6147,50.89312],[-2.61447,50.89311],[-2.61438,50.89307],[-2.61428,50.89295],[-2.61428,50.89281],[-2.61392,50.89269],[-2.61381,50.89257],[-2.61354,50.89264],[-2.61333,50.89266],[-2.61306,50.8926],[-2.61296,50.89238],[-2.61279,50.89226],[-2.61273,50.89224],[-2.61569,50.8959]]],[[[-2.61637,50.89673],[-2.61629,50.89658],[-2.61622,50.89655],[-2.61637,50.89673]]],[[[-2.61621,50.89941],[-2.61622,50.89934],[-2.61622,50.89933],[-2.61621,50.89941]]],[[[-2.61771,50.90119],[-2.61769,50.90094],[-2.61779,50.90088],[-2.61773,50.90081],[-2.61757,50.90079],[-2.61753,50.90068],[-2.61768,50.90056],[-2.6177,50.90042],[-2.61756,50.9003],[-2.61751,50.90018],[-2.61752,50.90008],[-2.61743,50.90001],[-2.61721,50.89998],[-2.61704,50.89962],[-2.61696,50.89959],[-2.61652,50.89956],[-2.61621,50.89949],[-2.6162,50.89949],[-2.61771,50.90119]]],[[[-2.61896,50.90261],[-2.61898,50.90253],[-2.61907,50.90247],[-2.61926,50.90244],[-2.61951,50.90248],[-2.61963,50.90245],[-2.61966,50.90234],[-2.61951,50.90221],[-2.61913,50.90214],[-2.619,50.90175],[-2.6187,50.90136],[-2.61798,50.9015],[-2.61896,50.90261]]],[[[-2.61917,50.90284],[-2.61918,50.90282],[-2.61909,50.90275],[-2.61917,50.90284]]],[[[-2.62387,50.90816],[-2.62403,50.90799],[-2.62407,50.90777],[-2.62379,50.90761],[-2.62376,50.90755],[-2.62376,50.90733],[-2.62381,50.90726],[-2.6237,50.90713],[-2.62324,50.90704],[-2.62307,50.90682],[-2.62292,50.90671],[-2.62287,50.90657],[-2.62272,50.90639],[-2.62269,50.90623],[-2.62241,50.90614],[-2.62233,50.90607],[-2.62239,50.90591],[-2.62226,50.90571],[-2.62229,50.90559],[-2.62221,50.90543],[-2.62179,50.90512],[-2.62159,50.9051],[-2.62142,50.90515],[-2.62129,50.90512],[-2.62119,50.90513],[-2.62387,50.90816]]],[[[-2.621,50.91],[-2.62157,50.90999],[-2.62173,50.91012],[-2.62199,50.91015],[-2.6221,50.91011],[-2.62215,50.91002],[-2.62213,50.90987],[-2.62242,50.90959],[-2.62243,50.90951],[-2.6223,50.90939],[-2.62212,50.90938],[-2.62205,50.90933],[-2.621,50.91]]],[[[-2.6171,50.91334],[-2.61713,50.91335],[-2.61724,50.91334],[-2.61735,50.91324],[-2.61723,50.91296],[-2.61724,50.91288],[-2.61756,50.91265],[-2.61758,50.91259],[-2.61734,50.91236],[-2.61785,50.9121],[-2.61821,50.91205],[-2.6186,50.91182],[-2.61878,50.91167],[-2.61896,50.91161],[-2.61942,50.91175],[-2.61979,50.91165],[-2.62002,50.91149],[-2.62025,50.91115],[-2.62027,50.91103],[-2.62002,50.91063],[-2.61734,50.91236],[-2.6171,50.91334]]],[[[-2.6168,50.91455],[-2.617,50.91441],[-2.61704,50.91428],[-2.61692,50.91407],[-2.6168,50.91455]]],[[[-2.61647,50.9159],[-2.61666,50.91588],[-2.61684,50.91582],[-2.61699,50.91567],[-2.61693,50.91547],[-2.61663,50.91524],[-2.61647,50.9159]]],[[[-2.61609,50.9175],[-2.61613,50.9174],[-2.61612,50.91737],[-2.61609,50.9175]]],[[[-2.61563,50.91935],[-2.61588,50.91935],[-2.61605,50.91924],[-2.61601,50.91915],[-2.61603,50.91877],[-2.61586,50.91863],[-2.61582,50.91857],[-2.61563,50.91935]]],[[[-2.61462,50.92328],[-2.61469,50.92325],[-2.6148,50.92326],[-2.61489,50.92305],[-2.61506,50.92293],[-2.61519,50.92244],[-2.61508,50.92233],[-2.61492,50.92228],[-2.61469,50.92325],[-2.61462,50.92328]]],[[[-2.61401,50.92354],[-2.61416,50.92362],[-2.61439,50.92347],[-2.61436,50.92339],[-2.61401,50.92354]]],[[[-2.70172,50.8731],[-2.70174,50.8731],[-2.70261,50.87329],[-2.70275,50.8733],[-2.70297,50.87324],[-2.7039,50.87264],[-2.7042,50.87252],[-2.70433,50.87229],[-2.70461,50.87202],[-2.70489,50.87178],[-2.7051,50.87154],[-2.70568,50.87122],[-2.70578,50.87114],[-2.70172,50.8731]]],[[[-2.69573,50.87599],[-2.69611,50.87581],[-2.69612,50.8758],[-2.69573,50.87599]]],[[[-2.69545,50.87601],[-2.69554,50.87602],[-2.69572,50.87599],[-2.69545,50.87601]]],[[[-2.68841,50.87654],[-2.68864,50.87657],[-2.68897,50.87658],[-2.68922,50.87655],[-2.68997,50.87654],[-2.69032,50.87652],[-2.69089,50.87643],[-2.69128,50.87647],[-2.692,50.87636],[-2.6926,50.87629],[-2.69297,50.8762],[-2.69367,50.87618],[-2.69418,50.87611],[-2.69469,50.87607],[-2.69487,50.87609],[-2.69507,50.87604],[-2.68841,50.87654]]],[[[-2.68052,50.87714],[-2.68157,50.87708],[-2.68203,50.87709],[-2.6824,50.87704],[-2.68335,50.87701],[-2.68418,50.87698],[-2.68463,50.877],[-2.68504,50.87694],[-2.68544,50.8769],[-2.68595,50.87689],[-2.68663,50.87673],[-2.68716,50.87666],[-2.68744,50.87661],[-2.68056,50.87712],[-2.68052,50.87714]]],[[[-2.67444,50.87926],[-2.67448,50.87924],[-2.67485,50.87914],[-2.67513,50.87911],[-2.67553,50.87903],[-2.67599,50.87884],[-2.67628,50.87866],[-2.67639,50.87857],[-2.67448,50.87924],[-2.67444,50.87926]]],[[[-2.67279,50.88022],[-2.6735,50.87988],[-2.67379,50.87964],[-2.67279,50.88022]]],[[[-2.65653,50.8858],[-2.65668,50.8859],[-2.65743,50.88621],[-2.65843,50.8866],[-2.65913,50.88684],[-2.65935,50.8869],[-2.65975,50.88698],[-2.66033,50.88703],[-2.66061,50.88711],[-2.66077,50.88698],[-2.66114,50.88662],[-2.66109,50.88658],[-2.66133,50.88642],[-2.66178,50.88618],[-2.66281,50.88574],[-2.66408,50.88521],[-2.66435,50.88508],[-2.66443,50.88511],[-2.66467,50.88497],[-2.66494,50.88477],[-2.65913,50.88684],[-2.65653,50.8858]]],[[[-2.65423,50.88489],[-2.65438,50.88504],[-2.65449,50.88511],[-2.65489,50.88527],[-2.6551,50.88534],[-2.65559,50.88543],[-2.65423,50.88489]]],[[[-2.65246,50.88418],[-2.65264,50.88428],[-2.65275,50.8843],[-2.65246,50.88418]]],[[[-2.64574,50.88808],[-2.64576,50.88809],[-2.64615,50.88819],[-2.64671,50.88831],[-2.6471,50.88835],[-2.64702,50.88814],[-2.64699,50.88782],[-2.64667,50.88769],[-2.6465,50.88755],[-2.64638,50.8875],[-2.64576,50.88809],[-2.64574,50.88808]]],[[[-2.6363,50.88665],[-2.63635,50.88666],[-2.63712,50.88678],[-2.63709,50.88684],[-2.63734,50.88686],[-2.6376,50.88696],[-2.63803,50.88691],[-2.6363,50.88665]]],[[[-2.63106,50.88585],[-2.63112,50.88587],[-2.632,50.88603],[-2.63268,50.88614],[-2.63307,50.88626],[-2.63361,50.88636],[-2.6339,50.88644],[-2.63437,50.88653],[-2.63458,50.88649],[-2.63481,50.88656],[-2.63492,50.8865],[-2.63542,50.88651],[-2.63106,50.88585]]],[[[-2.6269,50.87982],[-2.62691,50.87983],[-2.62715,50.87986],[-2.62728,50.88013],[-2.62735,50.88058],[-2.62742,50.88156],[-2.62743,50.88209],[-2.62745,50.88229],[-2.62739,50.88245],[-2.6273,50.88245],[-2.62731,50.88266],[-2.62728,50.88282],[-2.62741,50.88304],[-2.62757,50.88345],[-2.62778,50.8838],[-2.62791,50.88407],[-2.62803,50.88455],[-2.62803,50.88496],[-2.62796,50.88521],[-2.62783,50.88535],[-2.62788,50.88563],[-2.62786,50.88605],[-2.6279,50.88621],[-2.62796,50.88631],[-2.62867,50.88624],[-2.6289,50.8862],[-2.62932,50.88608],[-2.62978,50.88599],[-2.63024,50.88587],[-2.63073,50.8858],[-2.62715,50.87986],[-2.6269,50.87982]]],[[[-2.62461,50.87943],[-2.62478,50.87946],[-2.6248,50.87946],[-2.62461,50.87943]]],[[[-2.35008,51.02991],[-2.35024,51.02986],[-2.35035,51.02979],[-2.35008,51.02991]]],[[[-2.34425,51.03252],[-2.34453,51.03244],[-2.34492,51.03235],[-2.34575,51.03221],[-2.34605,51.03216],[-2.34705,51.03189],[-2.34729,51.03181],[-2.34736,51.03154],[-2.34755,51.03133],[-2.34753,51.03125],[-2.3484,51.03085],[-2.34907,51.03062],[-2.34935,51.03051],[-2.34947,51.0304],[-2.34959,51.03015],[-2.34977,51.03008],[-2.34984,51.03002],[-2.34425,51.03252]]],[[[-2.34409,51.03282],[-2.34432,51.0327],[-2.34425,51.03252],[-2.34409,51.03282]]],[[[-2.33928,51.03671],[-2.33936,51.03673],[-2.33947,51.03663],[-2.33928,51.03671]]],[[[-2.33885,51.0369],[-2.33892,51.03691],[-2.33906,51.03681],[-2.33885,51.0369]]],[[[-2.33231,51.03971],[-2.3326,51.03971],[-2.3329,51.03968],[-2.33428,51.03964],[-2.33478,51.03961],[-2.33542,51.03961],[-2.33553,51.0398],[-2.33566,51.0399],[-2.33588,51.03994],[-2.33608,51.03993],[-2.33623,51.03957],[-2.3364,51.03929],[-2.33647,51.03902],[-2.33648,51.03855],[-2.33653,51.03823],[-2.33663,51.03805],[-2.33683,51.03784],[-2.33699,51.0377],[-2.33231,51.03971]]],[[[-2.32965,51.04215],[-2.33008,51.04205],[-2.33,51.04182],[-2.32964,51.04215],[-2.32965,51.04215]]],[[[-2.32991,51.04247],[-2.32986,51.04236],[-2.32978,51.04231],[-2.32991,51.04247]]],[[[-2.33176,51.0448],[-2.33171,51.04469],[-2.33145,51.04438],[-2.33141,51.04436],[-2.33176,51.0448]]],[[[-2.33318,51.04657],[-2.33308,51.04644],[-2.33307,51.04643],[-2.33318,51.04657]]],[[[-2.33315,51.05143],[-2.33327,51.05123],[-2.33325,51.0511],[-2.33317,51.05105],[-2.33316,51.05105],[-2.33315,51.05143]]],[[[-2.33486,51.05257],[-2.33493,51.05243],[-2.3345,51.05211],[-2.33395,51.0518],[-2.33358,51.05156],[-2.33344,51.05152],[-2.3333,51.05153],[-2.33486,51.05257]]],[[[-2.34013,51.05606],[-2.34011,51.05606],[-2.3399,51.0559],[-2.33893,51.05519],[-2.33803,51.05452],[-2.33721,51.05413],[-2.34011,51.05606],[-2.34013,51.05606]]],[[[-2.34966,51.06205],[-2.34966,51.06204],[-2.34962,51.06181],[-2.34955,51.06167],[-2.34926,51.06124],[-2.34909,51.06106],[-2.34875,51.06073],[-2.34851,51.06042],[-2.34831,51.06027],[-2.34822,51.06021],[-2.34966,51.06204],[-2.34966,51.06205]]],[[[-2.34969,51.06386],[-2.34994,51.06366],[-2.34975,51.06351],[-2.34968,51.06337],[-2.34969,51.06386]]],[[[-2.3498,51.06922],[-2.34983,51.06917],[-2.3499,51.06901],[-2.34996,51.06858],[-2.34978,51.06796],[-2.3498,51.06922]]],[[[-2.34255,51.07501],[-2.34272,51.07498],[-2.34318,51.07483],[-2.34367,51.07464],[-2.34428,51.07432],[-2.34436,51.07432],[-2.34462,51.07419],[-2.34512,51.07382],[-2.34577,51.0734],[-2.3462,51.07319],[-2.34685,51.07283],[-2.34255,51.07501]]],[[[-2.34088,51.07493],[-2.34115,51.07497],[-2.34172,51.075],[-2.34218,51.07502],[-2.34252,51.07501],[-2.34088,51.07493]]],[[[-2.34914,50.97868],[-2.34915,50.97868],[-2.35118,50.97858],[-2.35121,50.97849],[-2.3513,50.97846],[-2.3513,50.97845],[-2.34914,50.97868]]],[[[-2.3458,50.97903],[-2.34592,50.97904],[-2.34611,50.979],[-2.3458,50.97903]]],[[[-2.61078,50.88812],[-2.6109,50.88807],[-2.611,50.88799],[-2.61104,50.88788],[-2.61094,50.88783],[-2.61117,50.8877],[-2.61118,50.88763],[-2.61108,50.88757],[-2.61094,50.88782],[-2.61094,50.88783],[-2.61078,50.88812]]],[[[-2.61046,50.88866],[-2.61049,50.88864],[-2.6105,50.8886],[-2.61046,50.88866]]]]},"properties":{"g":3}},
{"type":"Feature","geometry":{"type":"MultiPolygon","coordinates":[[[[-2.34388,50.9823],[-2.34399,50.98219],[-2.3444,50.98205],[-2.34454,50.98199],[-2.34476,50.98183],[-2.34475,50.98176],[-2.34453,50.98146],[-2.34448,50.98127],[-2.34388,50.9823]]],[[[-2.34906,50.98685],[-2.34888,50.98665],[-2.34857,50.98637],[-2.34827,50.98612],[-2.34807,50.98598],[-2.34906,50.98685]]],[[[-2.61776,50.88102],[-2.61814,50.88101],[-2.61935,50.88103],[-2.61983,50.8811],[-2.62052,50.88126],[-2.62072,50.88118],[-2.62084,50.88106],[-2.62091,50.88092],[-2.62102,50.88089],[-2.62121,50.88101],[-2.62154,50.8809],[-2.62172,50.88088],[-2.6218,50.8808],[-2.62219,50.88076],[-2.6223,50.88063],[-2.62252,50.88057],[-2.62263,50.88043],[-2.62261,50.88028],[-2.62275,50.88025],[-2.62283,50.88034],[-2.62302,50.88031],[-2.62307,50.88023],[-2.62329,50.88013],[-2.62333,50.87991],[-2.6233,50.87974],[-2.61776,50.88102]]],[[[-2.61174,50.88491],[-2.6119,50.88498],[-2.61198,50.88485],[-2.61232,50.88479],[-2.61226,50.88493],[-2.6123,50.88497],[-2.61262,50.88505],[-2.61291,50.88504],[-2.61298,50.8849],[-2.61313,50.88474],[-2.61315,50.88459],[-2.6131,50.88445],[-2.61341,50.88442],[-2.6135,50.88434],[-2.6137,50.88429],[-2.61386,50.88421],[-2.61396,50.88406],[-2.61395,50.88396],[-2.61416,50.88391],[-2.61432,50.88395],[-2.61436,50.88381],[-2.6145,50.88371],[-2.61483,50.88391],[-2.61497,50.88382],[-2.61492,50.88368],[-2.61489,50.8834],[-2.61495,50.88304],[-2.61511,50.88268],[-2.61174,50.88491]]],[[[-2.61147,50.886],[-2.61159,50.88589],[-2.61157,50.88569],[-2.61176,50.88561],[-2.6116,50.88548],[-2.61147,50.886]]],[[[-2.61121,50.88704],[-2.61122,50.88703],[-2.61137,50.88674],[-2.61137,50.88667],[-2.61157,50.88657],[-2.61161,50.88646],[-2.61151,50.88637],[-2.61148,50.88627],[-2.61141,50.88624],[-2.61121,50.88704]]],[[[-2.32787,51.07819],[-2.3281,51.07814],[-2.3284,51.07805],[-2.3285,51.07796],[-2.32843,51.0778],[-2.32868,51.07764],[-2.32875,51.07754],[-2.32787,51.07819]]],[[[-2.34775,51.07173],[-2.34791,51.07163],[-2.34817,51.07143],[-2.34846,51.07114],[-2.34889,51.07089],[-2.34912,51.07073],[-2.34913,51.07035],[-2.34925,51.07033],[-2.34934,51.07004],[-2.34958,51.06958],[-2.3498,51.06922],[-2.34775,51.07173]]],[[[-2.34685,51.07283],[-2.347,51.07275],[-2.34709,51.07269],[-2.34766,51.07185],[-2.34766,51.07184],[-2.34685,51.07283]]]]},"properties":{"g":4}},
{"type":"Feature","geometry":{"type":"MultiPolygon","coordinates":[[[[-2.17626,51.00587],[-2.17626,51.00612],[-2.17633,51.00631],[-2.17629,51.00643],[-2.17641,51.00666],[-2.17707,51.0073],[-2.17734,51.00761],[-2.17749,51.00776],[-2.17794,51.00811],[-2.1781,51.00826],[-2.17626,51.00587]]],[[[-2.17543,51.00479],[-2.17542,51.00487],[-2.17569,51.00515],[-2.17581,51.00534],[-2.17585,51.00534],[-2.17543,51.00479]]],[[[-2.17257,51.00108],[-2.17265,51.0015],[-2.17272,51.00178],[-2.17282,51.00197],[-2.17306,51.00226],[-2.1734,51.00262],[-2.17382,51.00299],[-2.17438,51.00344],[-2.17447,51.00354],[-2.17257,51.00108]]],[[[-2.16934,51.00067],[-2.17011,51.0008],[-2.17077,51.00088],[-2.1718,51.001],[-2.17247,51.00106],[-2.16934,51.00067]]],[[[-2.16361,50.99441],[-2.16355,50.99449],[-2.16351,50.99491],[-2.16352,50.99529],[-2.1636,50.9959],[-2.16358,50.99617],[-2.16444,50.99609],[-2.16494,50.99654],[-2.16581,50.99716],[-2.16614,50.99744],[-2.16671,50.99782],[-2.16673,50.99784],[-2.16361,50.99441]]],[[[-2.16181,50.99355],[-2.16167,50.99385],[-2.16153,50.99413],[-2.16204,50.99418],[-2.16254,50.99424],[-2.1628,50.99429],[-2.16361,50.99441],[-2.16181,50.99355]]],[[[-2.15494,50.99028],[-2.15503,50.99033],[-2.1552,50.99041],[-2.15628,50.99096],[-2.1563,50.99102],[-2.15655,50.99114],[-2.15742,50.99165],[-2.15787,50.9919],[-2.15904,50.9925],[-2.15964,50.99278],[-2.16014,50.99298],[-2.16079,50.99321],[-2.1612,50.99334],[-2.16152,50.99342],[-2.15494,50.99028]]],[[[-2.31867,51.08038],[-2.3187,51.08039],[-2.31869,51.08038],[-2.31867,51.08038]]],[[[-2.31566,51.07992],[-2.3157,51.08004],[-2.31583,51.07995],[-2.31566,51.07992]]],[[[-2.3103,51.08007],[-2.31051,51.08018],[-2.31088,51.08026],[-2.31124,51.08025],[-2.31165,51.08016],[-2.31197,51.08012],[-2.31228,51.0801],[-2.31267,51.08],[-2.31286,51.07996],[-2.3103,51.08007]]]]},"properties":{"g":2}},
{"type":"Feature","geometry":{"type":"MultiPolygon","coordinates":[[[[-2.15249,50.98911],[-2.15252,50.98916],[-2.15285,50.98929],[-2.15287,50.9893],[-2.15249,50.98911]]],[[[-2.12212,50.9785],[-2.12234,50.9786],[-2.12281,50.97859],[-2.12212,50.9785]]],[[[-2.12009,50.97751],[-2.12003,50.97762],[-2.11976,50.97819],[-2.12009,50.97751]]],[[[-2.12052,50.97662],[-2.12047,50.97672],[-2.12045,50.97677],[-2.12052,50.97662]]],[[[-2.12135,50.96511],[-2.12126,50.96515],[-2.12121,50.96527],[-2.12119,50.96553],[-2.12114,50.96569],[-2.12088,50.96572],[-2.12084,50.96685],[-2.12091,50.96761],[-2.12085,50.96793],[-2.12086,50.96815],[-2.12135,50.96511]]],[[[-2.11721,50.95859],[-2.11719,50.95862],[-2.11785,50.95887],[-2.11822,50.95903],[-2.11849,50.95913],[-2.11721,50.95859]]],[[[-2.11233,50.9565],[-2.11246,50.95657],[-2.11256,50.9566],[-2.11233,50.9565]]],[[[-2.10987,50.95472],[-2.10992,50.95479],[-2.11014,50.95504],[-2.11052,50.95549],[-2.11104,50.95592],[-2.11118,50.95602],[-2.11141,50.95611],[-2.11118,50.95602],[-2.10987,50.95472]]],[[[-2.10876,50.95363],[-2.10889,50.95383],[-2.10921,50.9541],[-2.10931,50.95417],[-2.10876,50.95363]]],[[[-2.10755,50.95244],[-2.10765,50.95255],[-2.10775,50.95263],[-2.10755,50.95244]]],[[[-2.10697,50.95187],[-2.10698,50.95188],[-2.10721,50.95212],[-2.10738,50.95227],[-2.10697,50.95187]]],[[[-2.10265,50.94653],[-2.10265,50.94657],[-2.10287,50.94695],[-2.10306,50.94739],[-2.1032,50.94765],[-2.10313,50.94768],[-2.10345,50.9482],[-2.10366,50.94848],[-2.10379,50.94869],[-2.104,50.94894],[-2.10265,50.94653]]],[[[-2.18876,51.02163],[-2.18873,51.02194],[-2.1887,51.02224],[-2.18863,51.02328],[-2.18871,51.02396],[-2.18871,51.02416],[-2.18866,51.02441],[-2.18866,51.02482],[-2.18871,51.02498],[-2.18884,51.02527],[-2.18893,51.02526],[-2.18876,51.02163]]],[[[-2.17639,51.01282],[-2.17676,51.01301],[-2.17741,51.01338],[-2.17876,51.01413],[-2.17895,51.01419],[-2.18013,51.01433],[-2.18044,51.01441],[-2.18159,51.01472],[-2.18158,51.01477],[-2.18199,51.0149],[-2.18266,51.01513],[-2.183,51.01526],[-2.18364,51.01534],[-2.18408,51.01548],[-2.18518,51.01578],[-2.18512,51.01587],[-2.18446,51.01651],[-2.18411,51.01699],[-2.18395,51.01724],[-2.18373,51.01766],[-2.18598,51.01813],[-2.18599,51.01815],[-2.18707,51.01837],[-2.1878,51.01849],[-2.18819,51.01853],[-2.1886,51.01853],[-2.18861,51.01856],[-2.1886,51.01853],[-2.18518,51.01578],[-2.17639,51.01282]]],[[[-2.17706,51.01022],[-2.17692,51.01048],[-2.17632,51.01152],[-2.17628,51.01169],[-2.17632,51.01225],[-2.17639,51.01281],[-2.17706,51.01022]]],[[[-2.31008,51.07958],[-2.31025,51.07989],[-2.31035,51.08002],[-2.3103,51.08007],[-2.31286,51.07996],[-2.3133,51.07988],[-2.31365,51.07988],[-2.31451,51.07985],[-2.31521,51.07987],[-2.31529,51.07987],[-2.31008,51.07958]]],[[[-2.30271,51.07917],[-2.30335,51.07926],[-2.30387,51.07932],[-2.30441,51.07936],[-2.30505,51.07937],[-2.30559,51.0794],[-2.3062,51.07953],[-2.30643,51.07956],[-2.30666,51.07953],[-2.30722,51.07942],[-2.30271,51.07917]]],[[[-2.30231,51.07908],[-2.30237,51.0791],[-2.30265,51.07916],[-2.30231,51.07908]]],[[[-2.29532,51.07747],[-2.29544,51.0775],[-2.29656,51.07781],[-2.2977,51.07814],[-2.29822,51.07829],[-2.29826,51.07838],[-2.29868,51.07849],[-2.29874,51.07844],[-2.29904,51.07846],[-2.29956,51.07847],[-2.29977,51.0785],[-2.29532,51.07747]]],[[[-2.31869,51.08038],[-2.3187,51.08039],[-2.31898,51.08049],[-2.31928,51.08057],[-2.31962,51.08063],[-2.31996,51.08085],[-2.32022,51.08095],[-2.32055,51.08099],[-2.32076,51.08098],[-2.32186,51.08081],[-2.32286,51.08059],[-2.3233,51.08042],[-2.31869,51.08038]]],[[[-2.20721,51.0458],[-2.20722,51.04581],[-2.20732,51.04585],[-2.20721,51.0458]]],[[[-2.20145,51.04287],[-2.20141,51.04292],[-2.20139,51.04306],[-2.20146,51.0431],[-2.20143,51.04325],[-2.20207,51.04319],[-2.20145,51.04287]]],[[[-2.19652,51.04037],[-2.19638,51.04026],[-2.19642,51.0403],[-2.19672,51.04052],[-2.19704,51.04069],[-2.19723,51.04087],[-2.1975,51.04105],[-2.19787,51.04132],[-2.19812,51.04165],[-2.19844,51.04176],[-2.199,51.04197],[-2.19933,51.04217],[-2.19953,51.04221],[-2.20007,51.04237],[-2.2006,51.04252],[-2.20081,51.04256],[-2.20086,51.04257],[-2.19652,51.04037]]],[[[-2.25364,51.07063],[-2.25439,51.07054],[-2.25506,51.07044],[-2.25648,51.07025],[-2.25706,51.07016],[-2.25704,51.07017],[-2.25375,51.07061],[-2.25364,51.07063]]],[[[-2.25291,51.07077],[-2.25343,51.07069],[-2.25351,51.07065],[-2.25291,51.07077]]],[[[-2.24469,51.07231],[-2.24504,51.0723],[-2.2453,51.07221],[-2.24619,51.07224],[-2.24675,51.07225],[-2.24754,51.07223],[-2.24775,51.07218],[-2.24827,51.07203],[-2.24886,51.07178],[-2.24933,51.07157],[-2.24969,51.07145],[-2.24989,51.07133],[-2.24469,51.07231]]],[[[-2.2439,51.07189],[-2.24396,51.07193],[-2.24414,51.07202],[-2.2439,51.07189]]],[[[-2.24092,51.07031],[-2.23898,51.06865],[-2.23953,51.06919],[-2.23955,51.06936],[-2.23965,51.06951],[-2.23992,51.0697],[-2.24017,51.06991],[-2.24102,51.07036],[-2.24128,51.07052],[-2.24158,51.07072],[-2.24168,51.07082],[-2.24194,51.07095],[-2.24227,51.07118],[-2.24257,51.07129],[-2.24309,51.07155],[-2.24337,51.07171],[-2.24347,51.07166],[-2.24092,51.07031]]],[[[-2.26519,51.06918],[-2.26557,51.06918],[-2.26571,51.06917],[-2.26599,51.06909],[-2.26659,51.06906],[-2.2667,51.06902],[-2.26669,51.069],[-2.26519,51.06918]]],[[[-2.27907,51.07334],[-2.28036,51.07392],[-2.28098,51.0742],[-2.2819,51.07458],[-2.2824,51.07483],[-2.28311,51.07515],[-2.2836,51.07531],[-2.28391,51.07537],[-2.2849,51.07562],[-2.2854,51.07571],[-2.28613,51.07588],[-2.28188,51.07457],[-2.27907,51.07334]]],[[[-2.27073,51.06968],[-2.27099,51.06984],[-2.27162,51.07015],[-2.27175,51.07014],[-2.27179,51.07015],[-2.27073,51.06968]]],[[[-2.27013,51.06943],[-2.27014,51.06944],[-2.27051,51.06959],[-2.27013,51.06943]]],[[[-2.19159,51.0349],[-2.19161,51.03496],[-2.19163,51.03513],[-2.19181,51.03565],[-2.19199,51.03596],[-2.192,51.03625],[-2.19219,51.03652],[-2.19241,51.03687],[-2.19265,51.03709],[-2.19284,51.03733],[-2.19321,51.03771],[-2.19323,51.03773],[-2.19159,51.0349]]],[[[-2.29081,51.07694],[-2.29105,51.07702],[-2.29127,51.07708],[-2.29139,51.07707],[-2.29136,51.07707],[-2.29081,51.07694]]],[[[-2.19498,51.03913],[-2.19502,51.03918],[-2.19497,51.03927],[-2.19513,51.03962],[-2.19534,51.03976],[-2.19587,51.03997],[-2.19605,51.04003],[-2.19616,51.04008],[-2.19498,51.03913]]],[[[-2.19326,51.03775],[-2.1937,51.03816],[-2.19394,51.0383],[-2.19326,51.03775]]],[[[-2.12172,50.97483],[-2.12165,50.97492],[-2.12141,50.97519],[-2.12123,50.97535],[-2.12104,50.9756],[-2.12093,50.97587],[-2.12074,50.97617],[-2.12063,50.9764],[-2.12172,50.97483]]]]},"properties":{"g":3}},
{"type":"Feature","geometry":{"type":"MultiPolygon","coordinates":[[[[-2.27011,51.06942],[-2.27014,51.06944],[-2.27013,51.06943],[-2.27011,51.06942]]],[[[-2.26689,51.06903],[-2.26695,51.06904],[-2.26731,51.06908],[-2.26689,51.06903]]],[[[-2.26669,51.069],[-2.2667,51.06902],[-2.26674,51.06901],[-2.26669,51.069]]],[[[-2.22734,51.05959],[-2.22736,51.05965],[-2.22746,51.05991],[-2.22766,51.0602],[-2.22791,51.06039],[-2.22889,51.06079],[-2.22946,51.0612],[-2.22969,51.06136],[-2.22734,51.05959]]],[[[-2.18919,51.03043],[-2.18918,51.03052],[-2.18923,51.03066],[-2.18938,51.03087],[-2.18948,51.03097],[-2.18919,51.03043]]],[[[-2.32553,51.07977],[-2.32554,51.07977],[-2.32585,51.07968],[-2.32553,51.07977]]],[[[-2.32384,51.08026],[-2.32424,51.08026],[-2.32435,51.08023],[-2.32455,51.08005],[-2.32384,51.08026]]]]},"properties":{"g":4}},
{"type":"Feature","geometry":{"type":"Polygon","coordinates":[[[-2.14347,50.98491],[-2.14346,50.98491],[-2.14358,50.98497],[-2.14467,50.98527],[-2.14485,50.98531],[-2.14347,50.98491]]]},"properties":{"g":5}},
{"type":"Feature","geometry":{"type":"MultiPolygon","coordinates":[[[[-1.94141,50.95727],[-1.93716,50.9534],[-1.92919,50.94962],[-1.93361,50.94836],[-1.9393,50.95061],[-1.94414,50.94657],[-1.94073,50.94027],[-1.94856,50.9409],[-1.94766,50.94584],[-1.95316,50.92162],[-1.9508,50.90903],[-1.94571,50.89461],[-1.93544,50.89922],[-1.93335,50.90026],[-1.91637,50.90872],[-1.91448,50.91051],[-1.90239,50.9141],[-1.8976,50.91556],[-1.89266,50.91701],[-1.87676,50.91026],[-1.8718,50.90964],[-1.86965,50.9136],[-1.87253,50.91748],[-1.87364,50.91723],[-1.87379,50.91751],[-1.87367,50.91755],[-1.87373,50.91789],[-1.87398,50.91797],[-1.8743,50.9182],[-1.87441,50.91839],[-1.87458,50.9191],[-1.87479,50.91946],[-1.87501,50.9198],[-1.87521,50.91999],[-1.87565,50.92021],[-1.87578,50.92029],[-1.87612,50.92059],[-1.87644,50.92102],[-1.87664,50.92125],[-1.87695,50.92156],[-1.87721,50.92193],[-1.87748,50.92217],[-1.8776,50.92238],[-1.87766,50.92254],[-1.8792,50.92404],[-1.87923,50.92406],[-1.87922,50.92406],[-1.87988,50.92471],[-1.88018,50.92483],[-1.88038,50.92494],[-1.88046,50.92503],[-1.88064,50.92545],[-1.88158,50.92638],[-1.88262,50.92688],[-1.88318,50.92702],[-1.88369,50.9272],[-1.88406,50.92744],[-1.88472,50.92778],[-1.88536,50.92801],[-1.88585,50.92823],[-1.88609,50.92837],[-1.88649,50.92856],[-1.88689,50.92877],[-1.8875,50.92902],[-1.88803,50.92927],[-1.88842,50.92948],[-1.88897,50.92991],[-1.89237,50.93153],[-1.89255,50.93162],[-1.89273,50.93172],[-1.89278,50.93179],[-1.89372,50.93245],[-1.89378,50.93247],[-1.8943,50.93278],[-1.89469,50.93294],[-1.89486,50.93316],[-1.89507,50.93335],[-1.8954,50.93358],[-1.89595,50.9339],[-1.89614,50.93405],[-1.8969,50.9344],[-1.89713,50.93472],[-1.89756,50.93501],[-1.89774,50.93511],[-1.89805,50.93547],[-1.89848,50.93579],[-1.89851,50.93581],[-1.89878,50.9364],[-1.89877,50.93651],[-1.89871,50.93671],[-1.89895,50.93777],[-1.89904,50.93794],[-1.89901,50.93803],[-1.89908,50.93838],[-1.89909,50.93839],[-1.89921,50.93847],[-1.90204,50.94042],[-1.90227,50.94052],[-1.9026,50.94073],[-1.90315,50.94117],[-1.90345,50.94137],[-1.90368,50.94154],[-1.90918,50.94533],[-1.90957,50.946],[-1.90967,50.94615],[-1.90981,50.94643],[-1.91239,50.95093],[-1.91239,50.95094],[-1.91638,50.95168],[-1.92508,50.9629],[-1.92509,50.9629],[-1.92526,50.96293],[-1.92675,50.96342],[-1.92718,50.9636],[-1.92753,50.964],[-1.92796,50.96443],[-1.92834,50.9649],[-1.92851,50.96523],[-1.92858,50.9655],[-1.93238,50.96835],[-1.94141,50.95727]]],[[[-1.83129,50.92828],[-1.83958,50.92983],[-1.84883,50.92823],[-1.85639,50.92095],[-1.85016,50.91429],[-1.84914,50.9204],[-1.84586,50.92292],[-1.83561,50.92407],[-1.83263,50.92119],[-1.82624,50.91902],[-1.82097,50.91983],[-1.81869,50.91673],[-1.81458,50.92289],[-1.81473,50.9229],[-1.8148,50.92303],[-1.81477,50.92313],[-1.81456,50.92332],[-1.81434,50.92363],[-1.81401,50.92393],[-1.81394,50.92397],[-1.82903,50.92749],[-1.82911,50.92751],[-1.82916,50.92752],[-1.82926,50.92757],[-1.82937,50.92761],[-1.82946,50.92762],[-1.82974,50.92757],[-1.82986,50.92761],[-1.83001,50.92778],[-1.83019,50.92789],[-1.831,50.92806],[-1.83118,50.92816],[-1.83122,50.92825],[-1.83129,50.92828]]],[[[-1.8166,50.90406],[-1.81982,50.91057],[-1.81979,50.91068],[-1.81992,50.91085],[-1.82013,50.91127],[-1.82026,50.91184],[-1.82041,50.91211],[-1.81947,50.91239],[-1.81883,50.91574],[-1.82385,50.91237],[-1.83766,50.9078],[-1.83607,50.9051],[-1.81965,50.90368],[-1.8194,50.90372],[-1.8166,50.90406]]]]},"properties":{"g":3}},
{"type":"Feature","geometry":{"type":"MultiPolygon","coordinates":[[[[-1.94766,50.94584],[-1.94856,50.9409],[-1.94073,50.94027],[-1.94414,50.94657],[-1.9393,50.95061],[-1.93361,50.94836],[-1.92919,50.94962],[-1.93716,50.9534],[-1.94141,50.95727],[-1.94766,50.94584]]],[[[-1.91239,50.95094],[-1.91448,50.95272],[-1.9151,50.95279],[-1.91526,50.95283],[-1.91558,50.95298],[-1.91588,50.953],[-1.91611,50.95313],[-1.91635,50.95346],[-1.91689,50.95414],[-1.9174,50.95481],[-1.91769,50.95526],[-1.91784,50.95544],[-1.91813,50.95573],[-1.91853,50.9561],[-1.91873,50.95636],[-1.91874,50.95637],[-1.91877,50.95643],[-1.91912,50.95715],[-1.91944,50.95765],[-1.91967,50.95809],[-1.91976,50.95841],[-1.91976,50.95871],[-1.92055,50.96051],[-1.92075,50.9608],[-1.92077,50.9609],[-1.92075,50.96097],[-1.92099,50.9615],[-1.92508,50.9629],[-1.91638,50.95168],[-1.91239,50.95094]]],[[[-1.8718,50.90964],[-1.85624,50.90766],[-1.85273,50.90854],[-1.84973,50.91294],[-1.84078,50.91167],[-1.84861,50.90745],[-1.84843,50.90667],[-1.84202,50.90585],[-1.83766,50.9078],[-1.82385,50.91237],[-1.81883,50.91574],[-1.81883,50.91575],[-1.81883,50.91576],[-1.81888,50.91613],[-1.81887,50.91645],[-1.81874,50.91667],[-1.81869,50.91672],[-1.81869,50.91673],[-1.82097,50.91983],[-1.82624,50.91902],[-1.83263,50.92119],[-1.83561,50.92407],[-1.84586,50.92292],[-1.84914,50.9204],[-1.85016,50.91429],[-1.85639,50.92095],[-1.84883,50.92823],[-1.83958,50.92983],[-1.83129,50.92828],[-1.83399,50.92933],[-1.83445,50.92935],[-1.83495,50.92949],[-1.83534,50.92955],[-1.83545,50.92971],[-1.8353,50.92984],[-1.83603,50.93012],[-1.83606,50.93013],[-1.8365,50.93029],[-1.83715,50.93047],[-1.83774,50.93054],[-1.83804,50.93073],[-1.8382,50.93076],[-1.83843,50.93073],[-1.83875,50.9308],[-1.83898,50.93091],[-1.83939,50.93131],[-1.83959,50.93148],[-1.83969,50.93152],[-1.83994,50.93153],[-1.84,50.93167],[-1.84042,50.93183],[-1.84049,50.93181],[-1.84072,50.93158],[-1.84087,50.93168],[-1.84092,50.93168],[-1.84231,50.93126],[-1.84232,50.93122],[-1.84266,50.93096],[-1.84294,50.931],[-1.84307,50.93096],[-1.84333,50.93094],[-1.84373,50.93077],[-1.84395,50.93077],[-1.84414,50.93071],[-1.84411,50.93059],[-1.84441,50.93048],[-1.84457,50.93034],[-1.84497,50.93019],[-1.84535,50.93011],[-1.84555,50.93018],[-1.84566,50.93026],[-1.84636,50.93004],[-1.84655,50.92989],[-1.84648,50.92975],[-1.84661,50.9297],[-1.84659,50.92956],[-1.84696,50.92959],[-1.8471,50.92966],[-1.8472,50.92965],[-1.84728,50.92953],[-1.84744,50.92952],[-1.84786,50.92955],[-1.84807,50.92933],[-1.84816,50.92929],[-1.84868,50.92924],[-1.8488,50.92925],[-1.84881,50.92925],[-1.85165,50.92836],[-1.85172,50.92831],[-1.85203,50.92819],[-1.85213,50.92823],[-1.85264,50.92809],[-1.85265,50.92809],[-1.85266,50.92806],[-1.85277,50.92802],[-1.85283,50.92804],[-1.8531,50.92796],[-1.85313,50.92793],[-1.85323,50.92781],[-1.85324,50.92781],[-1.85578,50.92501],[-1.85575,50.92498],[-1.8558,50.92492],[-1.85589,50.92489],[-1.85621,50.92453],[-1.85625,50.92445],[-1.85631,50.92442],[-1.85643,50.92429],[-1.85644,50.92426],[-1.85654,50.92417],[-1.85655,50.92417],[-1.85695,50.92372],[-1.85695,50.92368],[-1.85699,50.92368],[-1.85726,50.92338],[-1.85728,50.92337],[-1.85745,50.92327],[-1.85745,50.92317],[-1.85762,50.92311],[-1.85781,50.92286],[-1.85802,50.92284],[-1.85812,50.92287],[-1.85845,50.92268],[-1.85857,50.9226],[-1.85875,50.92245],[-1.85888,50.92242],[-1.85923,50.92221],[-1.85922,50.92214],[-1.85927,50.92195],[-1.85943,50.92179],[-1.85979,50.92155],[-1.85985,50.92136],[-1.86006,50.92126],[-1.86025,50.92127],[-1.86041,50.92134],[-1.86055,50.92121],[-1.86094,50.92113],[-1.86105,50.92091],[-1.86099,50.92072],[-1.86116,50.9206],[-1.86129,50.92059],[-1.86147,50.92065],[-1.86161,50.92058],[-1.86168,50.92047],[-1.862,50.92035],[-1.8625,50.9199],[-1.86272,50.91979],[-1.86331,50.91953],[-1.86349,50.91939],[-1.8638,50.9193],[-1.86449,50.91899],[-1.86463,50.91892],[-1.86751,50.91841],[-1.86944,50.91809],[-1.87033,50.91794],[-1.87066,50.91788],[-1.87189,50.91762],[-1.87253,50.91748],[-1.86965,50.9136],[-1.8718,50.90964]]],[[[-1.81394,50.92397],[-1.81359,50.92419],[-1.81351,50.92426],[-1.81322,50.9246],[-1.81297,50.92484],[-1.81284,50.92511],[-1.8126,50.92538],[-1.81237,50.92552],[-1.81201,50.92568],[-1.81144,50.92605],[-1.81132,50.92611],[-1.81773,50.9269],[-1.81776,50.92682],[-1.818,50.92674],[-1.81817,50.92675],[-1.81853,50.92686],[-1.81877,50.92671],[-1.81905,50.92672],[-1.81928,50.9266],[-1.81984,50.92656],[-1.81995,50.92651],[-1.82007,50.92659],[-1.82019,50.92649],[-1.8205,50.92632],[-1.82075,50.9263],[-1.82088,50.92632],[-1.82113,50.92642],[-1.82134,50.92646],[-1.82202,50.92651],[-1.82239,50.92659],[-1.82251,50.9269],[-1.82265,50.92693],[-1.82276,50.92688],[-1.82278,50.92673],[-1.82291,50.92664],[-1.82302,50.92663],[-1.82314,50.92672],[-1.82304,50.92686],[-1.82311,50.92694],[-1.82331,50.92696],[-1.82344,50.92678],[-1.8236,50.92676],[-1.82375,50.9268],[-1.82402,50.92704],[-1.82414,50.9271],[-1.82439,50.92712],[-1.8246,50.92705],[-1.82461,50.92694],[-1.8248,50.92683],[-1.82529,50.92679],[-1.82543,50.92681],[-1.82571,50.92694],[-1.8259,50.92686],[-1.8263,50.92687],[-1.82666,50.92706],[-1.82677,50.9271],[-1.8273,50.92711],[-1.82735,50.92717],[-1.82712,50.92738],[-1.82712,50.92739],[-1.82903,50.92749],[-1.81394,50.92397]]]]},"properties":{"g":4}},
{"type":"Feature","geometry":{"type":"MultiPolygon","coordinates":[[[[-1.83766,50.9078],[-1.84202,50.90585],[-1.83607,50.9051],[-1.83766,50.9078]]],[[[-1.85624,50.90766],[-1.85001,50.90687],[-1.84861,50.90745],[-1.84078,50.91167],[-1.84973,50.91294],[-1.85273,50.90854],[-1.85624,50.90766]]]]},"properties":{"g":5}},
{"type":"Feature","geometry":{"type":"Polygon","coordinates":[[[-1.84861,50.90745],[-1.85001,50.90687],[-1.84843,50.90667],[-1.84861,50.90745]]]},"properties":{"g":0}},
{"type":"Feature","geometry":{"type":"MultiPolygon","coordinates":[[[[-1.93238,50.96835],[-1.92858,50.9655],[-1.9286,50.96561],[-1.92865,50.96618],[-1.92872,50.96636],[-1.92913,50.967],[-1.92965,50.96764],[-1.92989,50.9678],[-1.9312,50.96814],[-1.93171,50.96825],[-1.93204,50.96831],[-1.93238,50.96835]]],[[[-1.90981,50.94643],[-1.90982,50.94644],[-1.90989,50.94685],[-1.90995,50.94739],[-1.91009,50.9479],[-1.91027,50.9484],[-1.91032,50.94863],[-1.91058,50.94922],[-1.91102,50.94964],[-1.91129,50.94986],[-1.91186,50.9504],[-1.91195,50.95056],[-1.91215,50.95071],[-1.91239,50.95093],[-1.90981,50.94643]]],[[[-1.90368,50.94154],[-1.90384,50.94167],[-1.90412,50.94187],[-1.90441,50.94212],[-1.90473,50.94247],[-1.90524,50.94298],[-1.90538,50.94308],[-1.90582,50.94335],[-1.90653,50.94371],[-1.90682,50.94393],[-1.90742,50.94428],[-1.90791,50.94461],[-1.90831,50.94481],[-1.90907,50.94529],[-1.90918,50.94533],[-1.90931,50.9457],[-1.90946,50.94584],[-1.90957,50.946],[-1.90918,50.94533],[-1.90368,50.94154]]],[[[-1.89921,50.93847],[-1.8997,50.93883],[-1.9,50.93906],[-1.90085,50.93962],[-1.90127,50.93998],[-1.90159,50.9402],[-1.90188,50.94035],[-1.90204,50.94042],[-1.89921,50.93847]]],[[[-1.89901,50.93803],[-1.89897,50.93814],[-1.89908,50.93838],[-1.89901,50.93803]]],[[[-1.89871,50.93671],[-1.89868,50.93681],[-1.8987,50.93715],[-1.89877,50.93744],[-1.89895,50.93777],[-1.89871,50.93671]]],[[[-1.89278,50.93179],[-1.89306,50.93212],[-1.89341,50.93231],[-1.89372,50.93245],[-1.89278,50.93179]]],[[[-1.88897,50.92991],[-1.88906,50.92998],[-1.88927,50.93009],[-1.88967,50.93027],[-1.89045,50.93064],[-1.89237,50.93153],[-1.88897,50.92991]]],[[[-1.88064,50.92545],[-1.88066,50.92551],[-1.88088,50.92575],[-1.88107,50.92597],[-1.88129,50.92617],[-1.88158,50.92638],[-1.88202,50.92662],[-1.8826,50.92687],[-1.88262,50.92688],[-1.88158,50.92638],[-1.88064,50.92545]]],[[[-1.87922,50.92406],[-1.8788,50.92433],[-1.87924,50.92446],[-1.87959,50.92459],[-1.87988,50.92471],[-1.87922,50.92406]]],[[[-1.87766,50.92254],[-1.87771,50.92265],[-1.87777,50.92296],[-1.87796,50.92318],[-1.87825,50.92339],[-1.87862,50.92368],[-1.87891,50.92388],[-1.8792,50.92404],[-1.87766,50.92254]]],[[[-1.81869,50.91673],[-1.81869,50.91672],[-1.81855,50.91687],[-1.81827,50.91707],[-1.81786,50.91728],[-1.81775,50.91741],[-1.81748,50.91761],[-1.81725,50.91792],[-1.81705,50.91814],[-1.81657,50.91858],[-1.81618,50.91908],[-1.81609,50.9193],[-1.81567,50.91986],[-1.81541,50.9201],[-1.81503,50.92058],[-1.81515,50.92069],[-1.81494,50.921],[-1.8148,50.92127],[-1.8149,50.9218],[-1.8149,50.92191],[-1.8148,50.92218],[-1.81475,50.92238],[-1.81447,50.92288],[-1.81458,50.92289],[-1.81869,50.91673]]],[[[-1.81947,50.91239],[-1.81925,50.91246],[-1.81916,50.9127],[-1.81902,50.91319],[-1.8188,50.91378],[-1.81866,50.91429],[-1.81861,50.91455],[-1.81865,50.91486],[-1.81876,50.91542],[-1.81883,50.91575],[-1.81883,50.91574],[-1.81947,50.91239]]],[[[-1.8166,50.90406],[-1.81669,50.90445],[-1.81672,50.90471],[-1.81689,50.9047],[-1.81727,50.90543],[-1.81748,50.90709],[-1.81757,50.90747],[-1.81814,50.90844],[-1.81852,50.90912],[-1.81938,50.91013],[-1.81979,50.91068],[-1.81982,50.91057],[-1.8166,50.90406]]],[[[-1.84566,50.93026],[-1.84567,50.93027],[-1.84605,50.93028],[-1.84636,50.93004],[-1.84566,50.93026]]],[[[-1.85283,50.92804],[-1.85292,50.92806],[-1.85309,50.92798],[-1.8531,50.92796],[-1.85283,50.92804]]],[[[-1.85213,50.92823],[-1.85225,50.92828],[-1.85236,50.92821],[-1.85258,50.92822],[-1.85265,50.92809],[-1.85264,50.92809],[-1.85213,50.92823]]],[[[-1.8488,50.92925],[-1.8489,50.92926],[-1.84919,50.92915],[-1.84933,50.92914],[-1.84963,50.92918],[-1.84983,50.92911],[-1.85009,50.92905],[-1.85024,50.92893],[-1.85049,50.92892],[-1.85072,50.92885],[-1.85092,50.92886],[-1.85122,50.92876],[-1.8514,50.92855],[-1.85165,50.92836],[-1.84881,50.92925],[-1.8488,50.92925]]],[[[-1.81132,50.92611],[-1.81129,50.92613],[-1.81079,50.92653],[-1.81055,50.92681],[-1.81055,50.92687],[-1.81106,50.92704],[-1.81066,50.9272],[-1.81131,50.92727],[-1.81159,50.92737],[-1.81158,50.92744],[-1.81131,50.92762],[-1.81131,50.92776],[-1.81144,50.9278],[-1.81171,50.92772],[-1.81197,50.92778],[-1.81248,50.92755],[-1.81278,50.92752],[-1.81296,50.92756],[-1.81301,50.92762],[-1.81294,50.92778],[-1.8131,50.92784],[-1.81325,50.92782],[-1.81333,50.92767],[-1.8136,50.92757],[-1.81368,50.92747],[-1.81355,50.92735],[-1.81356,50.92725],[-1.81368,50.92715],[-1.81393,50.92705],[-1.81409,50.9272],[-1.81431,50.92723],[-1.81437,50.92712],[-1.81457,50.927],[-1.815,50.92689],[-1.81511,50.92693],[-1.81528,50.9271],[-1.81541,50.92712],[-1.8157,50.92699],[-1.81591,50.92712],[-1.816,50.92709],[-1.81624,50.9271],[-1.81642,50.92719],[-1.81663,50.92713],[-1.81689,50.92701],[-1.81702,50.92703],[-1.81712,50.92712],[-1.81727,50.92717],[-1.8176,50.92712],[-1.81768,50.92701],[-1.81773,50.9269],[-1.81132,50.92611]]],[[[-1.81359,50.92419],[-1.81354,50.92422],[-1.81351,50.92426],[-1.81359,50.92419]]],[[[-1.91245,50.95104],[-1.91252,50.95138],[-1.91251,50.95164],[-1.91245,50.952],[-1.91246,50.95214],[-1.91262,50.95229],[-1.91289,50.95239],[-1.91315,50.95246],[-1.91245,50.95104]]]]},"properties":{"g":3}},
{"type":"Feature","geometry":{"type":"MultiPolygon","coordinates":[[[[-1.83122,50.92825],[-1.83123,50.92829],[-1.83119,50.92839],[-1.83131,50.92847],[-1.83156,50.92857],[-1.83161,50.92876],[-1.83183,50.92884],[-1.83228,50.92894],[-1.83262,50.9292],[-1.83296,50.92926],[-1.83362,50.92931],[-1.83399,50.92933],[-1.83129,50.92828],[-1.83122,50.92825]]],[[[-1.82926,50.92757],[-1.82933,50.9276],[-1.82937,50.92761],[-1.82926,50.92757]]],[[[-1.82903,50.92749],[-1.82712,50.92739],[-1.82711,50.92744],[-1.82734,50.92753],[-1.82767,50.9275],[-1.82827,50.92777],[-1.82849,50.92761],[-1.82873,50.92753],[-1.82899,50.9275],[-1.82911,50.92751],[-1.82903,50.92749]]],[[[-1.92075,50.96097],[-1.92071,50.96116],[-1.92072,50.96125],[-1.92084,50.96141],[-1.92099,50.9615],[-1.92151,50.96171],[-1.92239,50.96199],[-1.9229,50.96218],[-1.9231,50.96227],[-1.92374,50.96266],[-1.92426,50.96281],[-1.92479,50.96286],[-1.92505,50.9629],[-1.92508,50.9629],[-1.92099,50.9615],[-1.92075,50.96097]]],[[[-1.91976,50.95871],[-1.91977,50.95904],[-1.91982,50.95921],[-1.92003,50.9595],[-1.9203,50.96013],[-1.92055,50.96051],[-1.91976,50.95871]]],[[[-1.91239,50.95094],[-1.91244,50.95102],[-1.91245,50.95104],[-1.91315,50.95246],[-1.91343,50.95253],[-1.91403,50.95267],[-1.91448,50.95272],[-1.91239,50.95094]]],[[[-1.84395,50.93077],[-1.84414,50.93073],[-1.84414,50.93071],[-1.84395,50.93077]]],[[[-1.84092,50.93168],[-1.8411,50.93167],[-1.84134,50.9316],[-1.8415,50.93162],[-1.84171,50.93169],[-1.84201,50.93162],[-1.84229,50.93142],[-1.84231,50.93126],[-1.84092,50.93168]]],[[[-1.84,50.93167],[-1.84004,50.93175],[-1.84018,50.93187],[-1.84044,50.93186],[-1.84049,50.93181],[-1.84042,50.93183],[-1.84,50.93167]]],[[[-1.8353,50.92984],[-1.83529,50.92985],[-1.83528,50.92999],[-1.83539,50.93006],[-1.83575,50.93006],[-1.83603,50.93012],[-1.8353,50.92984]]],[[[-1.87033,50.91794],[-1.87058,50.9179],[-1.87066,50.91788],[-1.87033,50.91794]]],[[[-1.85888,50.92242],[-1.85909,50.92237],[-1.85924,50.92225],[-1.85923,50.92221],[-1.85888,50.92242]]],[[[-1.85812,50.92287],[-1.85816,50.92289],[-1.8583,50.92277],[-1.85845,50.92268],[-1.85812,50.92287]]],[[[-1.85728,50.92337],[-1.85745,50.92328],[-1.85745,50.92327],[-1.85728,50.92337]]],[[[-1.85699,50.92368],[-1.85713,50.92366],[-1.85726,50.92338],[-1.85699,50.92368]]],[[[-1.85655,50.92417],[-1.85696,50.92395],[-1.8569,50.92388],[-1.85696,50.92381],[-1.85695,50.92372],[-1.85655,50.92417]]],[[[-1.85631,50.92442],[-1.85642,50.92438],[-1.85643,50.92429],[-1.85631,50.92442]]],[[[-1.85589,50.92489],[-1.85615,50.9248],[-1.85619,50.92459],[-1.85621,50.92453],[-1.85589,50.92489]]],[[[-1.85324,50.92781],[-1.85364,50.92775],[-1.85378,50.92767],[-1.85382,50.92754],[-1.85415,50.92753],[-1.85428,50.92744],[-1.85433,50.92728],[-1.85463,50.9272],[-1.85472,50.92707],[-1.85492,50.92708],[-1.85516,50.92691],[-1.85533,50.92686],[-1.85549,50.9267],[-1.85574,50.9266],[-1.85596,50.92646],[-1.85581,50.92638],[-1.85586,50.92631],[-1.85581,50.92612],[-1.85604,50.92611],[-1.85602,50.92592],[-1.85614,50.92586],[-1.85639,50.92583],[-1.85648,50.92568],[-1.85615,50.92565],[-1.85593,50.92549],[-1.85601,50.9254],[-1.85594,50.92533],[-1.85589,50.92514],[-1.85578,50.92501],[-1.85324,50.92781]]]]},"properties":{"g":4}},
{"type":"Feature","geometry":{"type":"Polygon","coordinates":[[[-1.84363,50.76309],[-1.85587,50.76709],[-1.86411,50.76314],[-1.86143,50.75765],[-1.85675,50.75864],[-1.84741,50.75206],[-1.83139,50.75267],[-1.8246,50.74888],[-1.82204,50.75149],[-1.82373,50.755],[-1.83038,50.75768],[-1.84213,50.76147],[-1.84363,50.76309]]]},"properties":{"g":2}},
{"type":"Feature","geometry":{"type":"MultiPolygon","coordinates":[[[[-1.91303,50.77428],[-1.91088,50.77452],[-1.90453,50.77764],[-1.91303,50.77428]]],[[[-1.92459,50.76996],[-1.92421,50.76994],[-1.92454,50.77043],[-1.92459,50.76996]]]]},"properties":{"g":3}},
{"type":"Feature","geometry":{"type":"MultiPolygon","coordinates":[[[[-1.8246,50.74888],[-1.83227,50.74521],[-1.84773,50.74253],[-1.84703,50.73803],[-1.84108,50.73784],[-1.83427,50.74134],[-1.8279,50.73827],[-1.81503,50.74313],[-1.81501,50.74847],[-1.81734,50.75722],[-1.83038,50.75768],[-1.82373,50.755],[-1.82204,50.75149],[-1.8246,50.74888]]],[[[-1.84363,50.76309],[-1.84282,50.76447],[-1.8515,50.77362],[-1.86677,50.76351],[-1.86411,50.76314],[-1.85587,50.76709],[-1.84363,50.76309]]],[[[-1.91303,50.77428],[-1.91922,50.77469],[-1.92368,50.77204],[-1.91429,50.77056],[-1.88723,50.77347],[-1.88664,50.7756],[-1.8958,50.78038],[-1.90453,50.77764],[-1.91088,50.77452],[-1.91303,50.77428]]],[[[-1.92459,50.76996],[-1.92775,50.76346],[-1.92421,50.76994],[-1.92459,50.76996]]],[[[-1.88181,50.77161],[-1.87342,50.76333],[-1.87826,50.77],[-1.88181,50.77161]]],[[[-1.90151,50.73242],[-1.88613,50.74509],[-1.88782,50.74788],[-1.90171,50.74924],[-1.90512,50.74543],[-1.89335,50.74322],[-1.90151,50.73242]]]]},"properties":{"g":4}},
{"type":"Feature","geometry":{"type":"Polygon","coordinates":[[[-1.93524,50.75746],[-1.93274,50.75871],[-1.93052,50.76096],[-1.93524,50.75746]]]},"properties":{"g":5}},
{"type":"Feature","geometry":{"type":"MultiPolygon","coordinates":[[[[-1.80216,50.73916],[-1.79253,50.73195],[-1.7961,50.73924],[-1.80216,50.73916]]],[[[-1.77684,50.71751],[-1.76693,50.7165],[-1.75024,50.71313],[-1.74545,50.7141],[-1.74496,50.71488],[-1.74497,50.71505],[-1.74471,50.71528],[-1.7447,50.71528],[-1.74453,50.71556],[-1.74455,50.71559],[-1.74453,50.71568],[-1.74438,50.7158],[-1.74074,50.72154],[-1.74092,50.72154],[-1.7444,50.71879],[-1.75871,50.71873],[-1.76381,50.72197],[-1.76846,50.72722],[-1.7758,50.73027],[-1.77808,50.72987],[-1.78143,50.72968],[-1.78572,50.72978],[-1.78985,50.72985],[-1.78671,50.72822],[-1.77778,50.72866],[-1.77427,50.72227],[-1.77684,50.71751]]]]},"properties":{"g":0}},
{"type":"Feature","geometry":{"type":"Polygon","coordinates":[[[-1.89617,50.7104],[-1.89411,50.71097],[-1.89212,50.71161],[-1.89112,50.71188],[-1.8902,50.7122],[-1.88952,50.71239],[-1.88665,50.71311],[-1.88534,50.7134],[-1.87969,50.71496],[-1.8597,50.71844],[-1.84681,50.71987],[-1.82357,50.721],[-1.80459,50.72052],[-1.77684,50.71751],[-1.77427,50.72227],[-1.77778,50.72866],[-1.78671,50.72822],[-1.78985,50.72985],[-1.79253,50.73195],[-1.80216,50.73916],[-1.80377,50.73995],[-1.80932,50.7416],[-1.81503,50.74313],[-1.8279,50.73827],[-1.83427,50.74134],[-1.84108,50.73784],[-1.84703,50.73803],[-1.84773,50.74253],[-1.83227,50.74521],[-1.8246,50.74888],[-1.83139,50.75267],[-1.84741,50.75206],[-1.85675,50.75864],[-1.86143,50.75765],[-1.86411,50.76314],[-1.86677,50.76351],[-1.87051,50.76356],[-1.87237,50.76341],[-1.87342,50.76333],[-1.88181,50.77161],[-1.88723,50.77347],[-1.91429,50.77056],[-1.92368,50.77204],[-1.92454,50.77043],[-1.92421,50.76994],[-1.92775,50.76346],[-1.92952,50.76186],[-1.93023,50.76121],[-1.93052,50.76096],[-1.93274,50.75871],[-1.93524,50.75746],[-1.93606,50.75685],[-1.93344,50.75435],[-1.91821,50.74794],[-1.90512,50.74543],[-1.90171,50.74924],[-1.88782,50.74788],[-1.88613,50.74509],[-1.90151,50.73242],[-1.90568,50.72535],[-1.90633,50.72008],[-1.89617,50.7104]]]},"properties":{"g":0}},
{"type":"Feature","geometry":{"type":"MultiPolygon","coordinates":[[[[-1.83038,50.75768],[-1.84363,50.76309],[-1.84213,50.76147],[-1.83038,50.75768]]],[[[-1.93255,50.79405],[-1.93397,50.78928],[-1.92774,50.78568],[-1.91837,50.78711],[-1.91398,50.78279],[-1.90944,50.7827],[-1.90489,50.78647],[-1.91141,50.78954],[-1.91992,50.79611],[-1.92843,50.7962],[-1.93255,50.79405]]],[[[-1.77403,50.7676],[-1.7704,50.75994],[-1.76477,50.753],[-1.7589,50.73644],[-1.75617,50.74345],[-1.74737,50.74487],[-1.73817,50.7435],[-1.73209,50.74142],[-1.72427,50.74455],[-1.72666,50.74887],[-1.7319,50.74924],[-1.73317,50.74973],[-1.73341,50.74968],[-1.73349,50.74962],[-1.73372,50.74957],[-1.73397,50.74955],[-1.73411,50.74948],[-1.73447,50.74945],[-1.73546,50.74924],[-1.73654,50.74903],[-1.73704,50.74893],[-1.73699,50.74885],[-1.73739,50.74878],[-1.73745,50.74884],[-1.73967,50.74838],[-1.74071,50.74816],[-1.74297,50.7477],[-1.74417,50.74746],[-1.74422,50.75346],[-1.74435,50.75361],[-1.74447,50.75412],[-1.7445,50.75522],[-1.74461,50.75561],[-1.74461,50.75577],[-1.74466,50.756],[-1.74463,50.75613],[-1.74449,50.75617],[-1.74425,50.75621],[-1.74544,50.76141],[-1.73997,50.76251],[-1.7412,50.76715],[-1.74124,50.76721],[-1.7413,50.76741],[-1.74149,50.76773],[-1.74159,50.76786],[-1.74176,50.76814],[-1.74207,50.76874],[-1.74233,50.76906],[-1.74244,50.76926],[-1.74261,50.76951],[-1.74278,50.76968],[-1.74281,50.76986],[-1.74294,50.77009],[-1.74298,50.77022],[-1.74313,50.7705],[-1.74324,50.77062],[-1.74336,50.77084],[-1.74352,50.77101],[-1.74353,50.77116],[-1.74355,50.77119],[-1.74364,50.77122],[-1.74375,50.77134],[-1.7439,50.77176],[-1.74397,50.77186],[-1.74407,50.77195],[-1.74408,50.77204],[-1.7441,50.77208],[-1.74448,50.77254],[-1.7447,50.77287],[-1.74479,50.77312],[-1.74542,50.77314],[-1.74579,50.77312],[-1.74605,50.77323],[-1.74639,50.7734],[-1.74652,50.77355],[-1.74696,50.77412],[-1.74732,50.77446],[-1.74763,50.7747],[-1.74829,50.77514],[-1.74827,50.77526],[-1.74785,50.77525],[-1.74727,50.77542],[-1.74643,50.77578],[-1.74621,50.77592],[-1.74723,50.77784],[-1.75088,50.7777],[-1.75488,50.77312],[-1.7601,50.77661],[-1.76012,50.7766],[-1.76026,50.77651],[-1.76148,50.7759],[-1.76268,50.77524],[-1.76345,50.77485],[-1.76424,50.77452],[-1.76483,50.77424],[-1.7656,50.77388],[-1.76709,50.77317],[-1.76725,50.7731],[-1.76892,50.76983],[-1.76888,50.76978],[-1.7691,50.7697],[-1.77403,50.7676]]],[[[-1.87654,50.78204],[-1.8808,50.77854],[-1.88123,50.77548],[-1.86962,50.76872],[-1.85897,50.77339],[-1.84365,50.77463],[-1.83515,50.77228],[-1.82963,50.76921],[-1.82596,50.76624],[-1.82127,50.76902],[-1.82423,50.7737],[-1.82876,50.77614],[-1.83471,50.77578],[-1.85499,50.77869],[-1.8669,50.77951],[-1.87654,50.78204]]],[[[-1.69046,50.75158],[-1.68426,50.75101],[-1.68433,50.75173],[-1.68515,50.75171],[-1.68554,50.75168],[-1.68668,50.75162],[-1.68799,50.75159],[-1.68971,50.75159],[-1.68994,50.7516],[-1.69046,50.75158]]],[[[-1.69879,50.75212],[-1.69871,50.75204],[-1.69804,50.75206],[-1.69879,50.75212]]]]},"properties":{"g":2}},
{"type":"Feature","geometry":{"type":"MultiPolygon","coordinates":[[[[-1.95012,50.79464],[-1.94166,50.79806],[-1.93733,50.79803],[-1.93255,50.79405],[-1.92843,50.7962],[-1.91992,50.79611],[-1.91141,50.78954],[-1.90489,50.78647],[-1.90944,50.7827],[-1.91398,50.78279],[-1.91725,50.77623],[-1.91303,50.77428],[-1.90453,50.77764],[-1.90079,50.7826],[-1.89101,50.77963],[-1.88123,50.77548],[-1.8808,50.77854],[-1.88448,50.78115],[-1.89653,50.78494],[-1.89638,50.78629],[-1.90843,50.79043],[-1.90772,50.79313],[-1.91183,50.79691],[-1.92204,50.79881],[-1.92672,50.80205],[-1.93466,50.80277],[-1.94133,50.80574],[-1.95471,50.80431],[-1.95399,50.79761],[-1.95012,50.79464]]],[[[-1.95121,50.86573],[-1.92663,50.85699],[-1.92493,50.85267],[-1.91713,50.84862],[-1.9157,50.85186],[-1.92634,50.86239],[-1.93301,50.86401],[-1.93911,50.87364],[-1.94622,50.87544],[-1.93782,50.88029],[-1.934,50.87075],[-1.92662,50.86428],[-1.92065,50.86679],[-1.92007,50.87353],[-1.90798,50.87478],[-1.91409,50.88],[-1.91081,50.88306],[-1.91379,50.88729],[-1.92473,50.88855],[-1.93581,50.8971],[-1.93544,50.89922],[-1.94571,50.89461],[-1.9445,50.89241],[-1.94759,50.87509],[-1.95121,50.86573]]],[[[-1.95305,50.85708],[-1.94411,50.85349],[-1.94724,50.84828],[-1.94724,50.84486],[-1.94028,50.84459],[-1.92934,50.84845],[-1.92763,50.85043],[-1.93047,50.85484],[-1.93572,50.85781],[-1.95188,50.8627],[-1.95305,50.85708]]],[[[-1.95537,50.84616],[-1.95022,50.84963],[-1.95369,50.85408],[-1.95537,50.84616]]],[[[-1.95449,50.81778],[-1.94714,50.81429],[-1.93734,50.81716],[-1.94386,50.82472],[-1.94101,50.82948],[-1.94427,50.83686],[-1.95557,50.84133],[-1.95382,50.8293],[-1.95222,50.82573],[-1.95449,50.81778]]],[[[-1.8976,50.91556],[-1.88147,50.9048],[-1.87763,50.90479],[-1.8718,50.90964],[-1.87676,50.91026],[-1.89266,50.91701],[-1.8976,50.91556]]],[[[-1.93335,50.90026],[-1.92514,50.89863],[-1.9216,50.89251],[-1.9118,50.88891],[-1.90369,50.89223],[-1.9041,50.89654],[-1.88946,50.89689],[-1.89188,50.89329],[-1.88705,50.89113],[-1.88309,50.8842],[-1.87498,50.88824],[-1.8808,50.89212],[-1.88278,50.8958],[-1.87921,50.90102],[-1.88901,50.90381],[-1.8927,50.9084],[-1.90239,50.9141],[-1.91448,50.91051],[-1.91637,50.90872],[-1.93335,50.90026]]],[[[-1.8194,50.90372],[-1.81728,50.90347],[-1.8166,50.90406],[-1.8194,50.90372]]],[[[-1.83607,50.9051],[-1.83967,50.90376],[-1.83727,50.89881],[-1.82318,50.90023],[-1.81965,50.90368],[-1.83607,50.9051]]],[[[-1.74723,50.77784],[-1.74921,50.77952],[-1.7601,50.77661],[-1.75488,50.77312],[-1.75088,50.7777],[-1.74723,50.77784]]],[[[-1.74425,50.75621],[-1.74423,50.75622],[-1.74163,50.76006],[-1.74169,50.76021],[-1.74168,50.76034],[-1.7415,50.76048],[-1.74127,50.76058],[-1.73997,50.76251],[-1.74544,50.76141],[-1.74425,50.75621]]],[[[-1.7319,50.74924],[-1.72954,50.75051],[-1.7316,50.75007],[-1.73166,50.75005],[-1.73227,50.74992],[-1.73232,50.74991],[-1.73317,50.74973],[-1.7319,50.74924]]],[[[-1.68426,50.75101],[-1.68187,50.75095],[-1.68433,50.75173],[-1.68426,50.75101]]],[[[-1.69879,50.75212],[-1.71491,50.75207],[-1.71498,50.75203],[-1.71531,50.75205],[-1.7157,50.75207],[-1.71867,50.75206],[-1.72838,50.7508],[-1.71573,50.7519],[-1.69871,50.75204],[-1.69879,50.75212]]]]},"properties":{"g":3}},
{"type":"Feature","geometry":{"type":"MultiPolygon","coordinates":[[[[-1.94908,50.79186],[-1.94166,50.79806],[-1.95012,50.79464],[-1.94908,50.79186]]],[[[-1.95188,50.8627],[-1.93572,50.85781],[-1.93047,50.85484],[-1.92763,50.85043],[-1.92934,50.84845],[-1.94028,50.84459],[-1.94724,50.84486],[-1.94724,50.84828],[-1.94411,50.85349],[-1.95305,50.85708],[-1.95369,50.85408],[-1.95022,50.84963],[-1.95537,50.84616],[-1.95557,50.84133],[-1.94427,50.83686],[-1.94101,50.82948],[-1.94386,50.82472],[-1.93734,50.81716],[-1.94714,50.81429],[-1.95449,50.81778],[-1.95471,50.80431],[-1.94133,50.80574],[-1.93466,50.80277],[-1.92672,50.80205],[-1.92204,50.79881],[-1.91183,50.79691],[-1.90772,50.79313],[-1.90843,50.79043],[-1.89638,50.78629],[-1.89297,50.7888],[-1.89637,50.79231],[-1.90176,50.79088],[-1.90389,50.79376],[-1.90799,50.79727],[-1.90628,50.80203],[-1.9155,50.80285],[-1.91252,50.80671],[-1.91236,50.8158],[-1.90227,50.82046],[-1.8885,50.81892],[-1.88411,50.8146],[-1.88044,50.80794],[-1.8749,50.81082],[-1.87078,50.81009],[-1.86569,50.80595],[-1.86584,50.80361],[-1.86158,50.80424],[-1.8545,50.79892],[-1.85098,50.78867],[-1.84741,50.79514],[-1.85123,50.80054],[-1.85206,50.80584],[-1.85943,50.80999],[-1.85728,50.81745],[-1.85386,50.82059],[-1.85242,50.82725],[-1.85553,50.83184],[-1.85395,50.83687],[-1.84841,50.83848],[-1.8511,50.84226],[-1.84824,50.84801],[-1.85264,50.8482],[-1.85446,50.8554],[-1.85043,50.85868],[-1.85048,50.85869],[-1.85094,50.85873],[-1.85082,50.85896],[-1.85069,50.85915],[-1.85068,50.8592],[-1.85188,50.86166],[-1.85217,50.86188],[-1.85252,50.86212],[-1.85285,50.86242],[-1.85321,50.86267],[-1.85337,50.86309],[-1.85352,50.86338],[-1.85352,50.86351],[-1.85289,50.86375],[-1.85289,50.86376],[-1.85854,50.87114],[-1.8571,50.87491],[-1.87073,50.88176],[-1.87314,50.88446],[-1.87014,50.8886],[-1.87552,50.89921],[-1.87451,50.90398],[-1.86526,50.90496],[-1.85624,50.90766],[-1.8718,50.90964],[-1.87763,50.90479],[-1.88147,50.9048],[-1.8976,50.91556],[-1.90239,50.9141],[-1.8927,50.9084],[-1.88901,50.90381],[-1.87921,50.90102],[-1.88278,50.8958],[-1.8808,50.89212],[-1.87498,50.88824],[-1.88309,50.8842],[-1.88705,50.89113],[-1.89188,50.89329],[-1.88946,50.89689],[-1.9041,50.89654],[-1.90369,50.89223],[-1.9118,50.88891],[-1.9216,50.89251],[-1.92514,50.89863],[-1.93335,50.90026],[-1.93544,50.89922],[-1.93581,50.8971],[-1.92473,50.88855],[-1.91379,50.88729],[-1.91081,50.88306],[-1.91409,50.88],[-1.90798,50.87478],[-1.92007,50.87353],[-1.92065,50.86679],[-1.92662,50.86428],[-1.934,50.87075],[-1.93782,50.88029],[-1.94622,50.87544],[-1.93911,50.87364],[-1.93301,50.86401],[-1.92634,50.86239],[-1.9157,50.85186],[-1.91713,50.84862],[-1.92493,50.85267],[-1.92663,50.85699],[-1.95121,50.86573],[-1.95188,50.8627]]],[[[-1.84843,50.90667],[-1.84791,50.9044],[-1.84202,50.90585],[-1.84843,50.90667]]],[[[-1.81503,50.74313],[-1.81328,50.74365],[-1.8093,50.74652],[-1.80617,50.74939],[-1.80402,50.75622],[-1.80599,50.76045],[-1.81207,50.76433],[-1.81888,50.76371],[-1.82654,50.76057],[-1.83249,50.76355],[-1.82963,50.76921],[-1.83515,50.77228],[-1.84365,50.77463],[-1.85897,50.77339],[-1.86962,50.76872],[-1.88123,50.77548],[-1.89101,50.77963],[-1.90079,50.7826],[-1.90453,50.77764],[-1.8958,50.78038],[-1.88664,50.7756],[-1.88723,50.77347],[-1.88181,50.77161],[-1.87826,50.77],[-1.87342,50.76333],[-1.87237,50.76341],[-1.87051,50.76356],[-1.86677,50.76351],[-1.8515,50.77362],[-1.84282,50.76447],[-1.84363,50.76309],[-1.83038,50.75768],[-1.81734,50.75722],[-1.81501,50.74847],[-1.81503,50.74313]]],[[[-1.91303,50.77428],[-1.91725,50.77623],[-1.91398,50.78279],[-1.91837,50.78711],[-1.92774,50.78568],[-1.93397,50.78928],[-1.93255,50.79405],[-1.93733,50.79803],[-1.93521,50.79416],[-1.93835,50.78708],[-1.93777,50.78554],[-1.93725,50.78423],[-1.93618,50.78229],[-1.93283,50.78001],[-1.92612,50.78113],[-1.92045,50.78408],[-1.91861,50.78062],[-1.92159,50.77623],[-1.91922,50.77469],[-1.91303,50.77428]]],[[[-1.77403,50.7676],[-1.77425,50.76753],[-1.77442,50.76743],[-1.77447,50.76746],[-1.77482,50.76735],[-1.77547,50.76692],[-1.7756,50.76699],[-1.77586,50.76679],[-1.77595,50.76668],[-1.77606,50.76635],[-1.77642,50.76641],[-1.77696,50.76652],[-1.77721,50.76658],[-1.78241,50.76492],[-1.78284,50.76472],[-1.78322,50.76465],[-1.78342,50.76465],[-1.78369,50.7647],[-1.78388,50.76485],[-1.78389,50.76494],[-1.78381,50.76527],[-1.78379,50.76543],[-1.78504,50.76589],[-1.78519,50.76584],[-1.78525,50.76575],[-1.78525,50.76562],[-1.78518,50.76546],[-1.78501,50.76519],[-1.78501,50.76495],[-1.78506,50.76485],[-1.78523,50.76477],[-1.7855,50.76475],[-1.78557,50.76487],[-1.78563,50.76507],[-1.78573,50.76527],[-1.78599,50.76549],[-1.7862,50.76561],[-1.78697,50.76596],[-1.78795,50.76657],[-1.78828,50.76687],[-1.78858,50.7672],[-1.78884,50.7673],[-1.79022,50.77102],[-1.79045,50.77124],[-1.79049,50.77134],[-1.7905,50.77166],[-1.79047,50.77169],[-1.7905,50.77176],[-1.78901,50.7733],[-1.78888,50.77348],[-1.7888,50.77353],[-1.78878,50.77353],[-1.78797,50.77437],[-1.78797,50.77439],[-1.78817,50.77449],[-1.78832,50.77449],[-1.78885,50.77441],[-1.78939,50.77437],[-1.78981,50.77449],[-1.78996,50.77456],[-1.79021,50.7748],[-1.7903,50.77498],[-1.79074,50.77604],[-1.79075,50.77621],[-1.79068,50.77637],[-1.7905,50.77653],[-1.79007,50.77662],[-1.7896,50.77665],[-1.78906,50.77675],[-1.78877,50.77691],[-1.78867,50.77705],[-1.78865,50.77725],[-1.78866,50.77769],[-1.78857,50.77799],[-1.78848,50.77815],[-1.78834,50.77829],[-1.78791,50.77859],[-1.78791,50.77891],[-1.78791,50.77892],[-1.78824,50.77909],[-1.78833,50.77911],[-1.78874,50.77918],[-1.78901,50.77927],[-1.78985,50.77959],[-1.79027,50.77981],[-1.79073,50.78012],[-1.79098,50.78033],[-1.79119,50.7806],[-1.7943,50.78221],[-1.79434,50.78221],[-1.79457,50.7823],[-1.79479,50.78241],[-1.79487,50.7825],[-1.79717,50.78368],[-1.79743,50.78376],[-1.79752,50.78384],[-1.79755,50.784],[-1.79945,50.78635],[-1.79978,50.78659],[-1.80018,50.78686],[-1.80047,50.7871],[-1.8008,50.78742],[-1.80106,50.78776],[-1.80119,50.78809],[-1.80134,50.78868],[-1.80135,50.78871],[-1.8035,50.79138],[-1.80427,50.79137],[-1.80456,50.79144],[-1.80478,50.79154],[-1.80542,50.7917],[-1.80575,50.79184],[-1.80597,50.79202],[-1.80606,50.79217],[-1.80607,50.79228],[-1.80592,50.79244],[-1.80573,50.79251],[-1.80543,50.7925],[-1.80386,50.79196],[-1.80367,50.79195],[-1.80464,50.79546],[-1.80475,50.79561],[-1.80799,50.79013],[-1.80348,50.78329],[-1.80407,50.77744],[-1.80012,50.77294],[-1.79474,50.77131],[-1.79249,50.76735],[-1.78627,50.76141],[-1.78844,50.75269],[-1.79001,50.75161],[-1.78406,50.75079],[-1.77674,50.73846],[-1.77194,50.7344],[-1.7589,50.73644],[-1.76477,50.753],[-1.7704,50.75994],[-1.77403,50.7676]]],[[[-1.80137,50.84241],[-1.80187,50.84242],[-1.80216,50.84261],[-1.80232,50.84275],[-1.80247,50.84296],[-1.80259,50.84345],[-1.80271,50.84366],[-1.80293,50.84391],[-1.80239,50.8412],[-1.79545,50.83633],[-1.80013,50.83154],[-1.79628,50.83253],[-1.79636,50.83266],[-1.79647,50.83266],[-1.79655,50.83278],[-1.79665,50.83306],[-1.79665,50.83322],[-1.79644,50.8335],[-1.79612,50.83373],[-1.79582,50.83383],[-1.7955,50.83388],[-1.79494,50.83387],[-1.79428,50.83374],[-1.79355,50.83366],[-1.793,50.83363],[-1.79256,50.83353],[-1.79243,50.83352],[-1.79221,50.83358],[-1.79703,50.83823],[-1.7971,50.83825],[-1.79744,50.83839],[-1.79777,50.83856],[-1.79807,50.83868],[-1.79856,50.83885],[-1.79895,50.83918],[-1.79922,50.83939],[-1.79956,50.83963],[-1.79981,50.83976],[-1.80001,50.83999],[-1.80015,50.84021],[-1.80018,50.84047],[-1.80048,50.84071],[-1.80032,50.84104],[-1.8001,50.84119],[-1.80137,50.84241]]],[[[-1.83042,50.82497],[-1.83552,50.82911],[-1.84206,50.82606],[-1.8408,50.82228],[-1.84634,50.81959],[-1.83445,50.81023],[-1.82735,50.81237],[-1.82763,50.81363],[-1.83201,50.81724],[-1.83398,50.82281],[-1.82957,50.82452],[-1.83042,50.82497]]],[[[-1.85496,50.78543],[-1.85454,50.7866],[-1.86291,50.78616],[-1.86658,50.79093],[-1.87042,50.78716],[-1.87043,50.78365],[-1.86433,50.78284],[-1.85496,50.78543]]],[[[-1.80514,50.857],[-1.8076,50.85119],[-1.80332,50.8444],[-1.80331,50.8444],[-1.80339,50.84459],[-1.80355,50.84479],[-1.80364,50.84495],[-1.80364,50.84521],[-1.80361,50.84528],[-1.80339,50.8455],[-1.80274,50.84542],[-1.80245,50.84583],[-1.80202,50.84603],[-1.80197,50.84606],[-1.80006,50.84842],[-1.80041,50.84862],[-1.80072,50.84873],[-1.80097,50.84894],[-1.80166,50.84934],[-1.80199,50.84937],[-1.80218,50.84943],[-1.80237,50.84954],[-1.80253,50.84974],[-1.80258,50.84987],[-1.80479,50.85115],[-1.8048,50.85115],[-1.80481,50.85116],[-1.80517,50.85136],[-1.80517,50.8515],[-1.80527,50.85165],[-1.8055,50.85199],[-1.80551,50.85218],[-1.80576,50.85258],[-1.80587,50.85293],[-1.80586,50.85305],[-1.80571,50.85314],[-1.80516,50.85325],[-1.80514,50.857]]],[[[-1.80796,50.80384],[-1.80799,50.80386],[-1.81036,50.80093],[-1.80476,50.79578],[-1.80458,50.79591],[-1.80429,50.79597],[-1.80229,50.79711],[-1.80236,50.79717],[-1.80266,50.79726],[-1.8031,50.79735],[-1.8033,50.79743],[-1.80344,50.79756],[-1.80358,50.79788],[-1.80362,50.79808],[-1.80361,50.79827],[-1.80349,50.79853],[-1.80346,50.79855],[-1.80796,50.80384]]]]},"properties":{"g":4}},
{"type":"Feature","geometry":{"type":"MultiPolygon","coordinates":[[[[-1.84202,50.90585],[-1.84791,50.9044],[-1.85731,50.90189],[-1.86131,50.89434],[-1.84952,50.89064],[-1.84562,50.89257],[-1.84489,50.89317],[-1.84349,50.89489],[-1.84171,50.89702],[-1.84029,50.89769],[-1.83987,50.89789],[-1.83951,50.89776],[-1.83863,50.89747],[-1.83727,50.89881],[-1.83967,50.90376],[-1.83607,50.9051],[-1.84202,50.90585]]],[[[-1.85624,50.90766],[-1.86526,50.90496],[-1.87451,50.90398],[-1.87552,50.89921],[-1.87025,50.90092],[-1.86357,50.90073],[-1.86057,50.90306],[-1.85001,50.90687],[-1.85624,50.90766]]],[[[-1.85499,50.77869],[-1.85496,50.78543],[-1.86433,50.78284],[-1.87043,50.78365],[-1.87042,50.78716],[-1.86658,50.79093],[-1.86291,50.78616],[-1.85454,50.7866],[-1.85098,50.78867],[-1.8545,50.79892],[-1.86158,50.80424],[-1.86584,50.80361],[-1.87264,50.80479],[-1.87917,50.80435],[-1.8806,50.8021],[-1.87877,50.79526],[-1.8765,50.79409],[-1.87654,50.78204],[-1.8669,50.77951],[-1.85499,50.77869]]],[[[-1.85289,50.86376],[-1.85341,50.86633],[-1.85353,50.86645],[-1.85346,50.86657],[-1.85346,50.86658],[-1.84829,50.86944],[-1.848,50.86962],[-1.84783,50.86969],[-1.84811,50.87113],[-1.84818,50.87113],[-1.84831,50.87212],[-1.85553,50.87743],[-1.86178,50.87986],[-1.86717,50.88383],[-1.87014,50.8886],[-1.87314,50.88446],[-1.87073,50.88176],[-1.8571,50.87491],[-1.85854,50.87114],[-1.85289,50.86376]]],[[[-1.84824,50.84801],[-1.84566,50.85484],[-1.84636,50.85817],[-1.84649,50.85819],[-1.84677,50.85822],[-1.84891,50.85849],[-1.85043,50.85868],[-1.85446,50.8554],[-1.85264,50.8482],[-1.84824,50.84801]]],[[[-1.90389,50.79376],[-1.89465,50.79923],[-1.89507,50.80283],[-1.90003,50.80661],[-1.90812,50.80527],[-1.90512,50.81336],[-1.89972,50.81731],[-1.89618,50.81416],[-1.88411,50.8146],[-1.8885,50.81892],[-1.90227,50.82046],[-1.91236,50.8158],[-1.91252,50.80671],[-1.9155,50.80285],[-1.90628,50.80203],[-1.90799,50.79727],[-1.90389,50.79376]]]]},"properties":{"g":5}},
{"type":"Feature","geometry":{"type":"MultiPolygon","coordinates":[[[[-1.81965,50.90368],[-1.82318,50.90023],[-1.83727,50.89881],[-1.83863,50.89747],[-1.83862,50.89746],[-1.83651,50.89725],[-1.83583,50.89727],[-1.8349,50.89729],[-1.8337,50.89735],[-1.8335,50.89733],[-1.83323,50.89737],[-1.83308,50.89736],[-1.83249,50.8974],[-1.83226,50.89736],[-1.8319,50.89735],[-1.83162,50.8974],[-1.83142,50.89738],[-1.83127,50.89733],[-1.83107,50.89731],[-1.83084,50.89726],[-1.83041,50.89711],[-1.83011,50.89706],[-1.82975,50.89693],[-1.82931,50.89682],[-1.82906,50.89673],[-1.8288,50.8967],[-1.82861,50.89662],[-1.82853,50.89666],[-1.82823,50.89659],[-1.82805,50.8966],[-1.82778,50.89657],[-1.82737,50.89647],[-1.82712,50.89643],[-1.8268,50.89645],[-1.82664,50.89636],[-1.8264,50.8963],[-1.82558,50.89617],[-1.82432,50.89727],[-1.82435,50.89734],[-1.82436,50.89749],[-1.8242,50.89786],[-1.8239,50.89823],[-1.82373,50.89837],[-1.82297,50.89891],[-1.82233,50.89935],[-1.82203,50.89954],[-1.82175,50.8998],[-1.82124,50.90024],[-1.82034,50.90089],[-1.81975,50.90131],[-1.81933,50.90166],[-1.81894,50.90201],[-1.81843,50.90247],[-1.81803,50.90281],[-1.81728,50.90347],[-1.8194,50.90372],[-1.81965,50.90368]]],[[[-1.85001,50.90687],[-1.86057,50.90306],[-1.86357,50.90073],[-1.87025,50.90092],[-1.87552,50.89921],[-1.87014,50.8886],[-1.86717,50.88383],[-1.86178,50.87986],[-1.85553,50.87743],[-1.84831,50.87212],[-1.84847,50.87337],[-1.84848,50.87378],[-1.84669,50.87618],[-1.84593,50.87717],[-1.84527,50.878],[-1.84528,50.87802],[-1.84569,50.87876],[-1.84603,50.8793],[-1.84622,50.87954],[-1.84647,50.87977],[-1.84729,50.88044],[-1.84768,50.88084],[-1.84777,50.88098],[-1.84783,50.8812],[-1.84791,50.88171],[-1.84798,50.88234],[-1.8479,50.88259],[-1.84756,50.88331],[-1.84749,50.88341],[-1.84405,50.88691],[-1.84856,50.88989],[-1.84829,50.89017],[-1.84788,50.89053],[-1.84728,50.8911],[-1.84683,50.89147],[-1.84579,50.89243],[-1.84562,50.89257],[-1.84952,50.89064],[-1.86131,50.89434],[-1.85731,50.90189],[-1.84791,50.9044],[-1.84843,50.90667],[-1.85001,50.90687]]],[[[-1.79253,50.73195],[-1.78985,50.72985],[-1.78572,50.72978],[-1.77961,50.73136],[-1.79093,50.73525],[-1.79474,50.73876],[-1.80394,50.74246],[-1.8093,50.74652],[-1.81328,50.74365],[-1.80932,50.7416],[-1.80377,50.73995],[-1.80216,50.73916],[-1.7961,50.73924],[-1.79253,50.73195]]],[[[-1.76381,50.72197],[-1.76744,50.7281],[-1.7758,50.73027],[-1.76846,50.72722],[-1.76381,50.72197]]],[[[-1.82963,50.76921],[-1.83249,50.76355],[-1.82654,50.76057],[-1.81888,50.76371],[-1.81207,50.76433],[-1.80599,50.76045],[-1.80414,50.7609],[-1.79355,50.75234],[-1.79001,50.75161],[-1.78844,50.75269],[-1.78627,50.76141],[-1.79249,50.76735],[-1.79474,50.77131],[-1.80012,50.77294],[-1.80407,50.77744],[-1.80348,50.78329],[-1.80799,50.79013],[-1.80475,50.79561],[-1.8048,50.79568],[-1.80478,50.79577],[-1.80476,50.79578],[-1.81036,50.80093],[-1.80799,50.80386],[-1.80815,50.80397],[-1.80922,50.80465],[-1.80959,50.80486],[-1.80979,50.805],[-1.80993,50.80493],[-1.81032,50.80532],[-1.81033,50.80535],[-1.81146,50.80607],[-1.81166,50.80608],[-1.81175,50.80613],[-1.81185,50.80631],[-1.81186,50.80632],[-1.81213,50.80649],[-1.81207,50.80658],[-1.81206,50.80668],[-1.81214,50.80676],[-1.81211,50.80694],[-1.81201,50.80705],[-1.8119,50.80709],[-1.81167,50.80712],[-1.81129,50.80764],[-1.81144,50.80779],[-1.81181,50.80802],[-1.8119,50.80829],[-1.81187,50.80842],[-1.81189,50.80864],[-1.81183,50.80873],[-1.811,50.80876],[-1.81061,50.80885],[-1.8105,50.80893],[-1.81038,50.80909],[-1.81036,50.80921],[-1.81026,50.8094],[-1.81002,50.80972],[-1.80994,50.80977],[-1.80969,50.80984],[-1.80968,50.80984],[-1.80967,50.80985],[-1.80589,50.81466],[-1.80587,50.81473],[-1.80613,50.81483],[-1.80642,50.81501],[-1.80659,50.81517],[-1.80686,50.81564],[-1.80723,50.81615],[-1.80727,50.8163],[-1.80714,50.81682],[-1.80698,50.81712],[-1.80676,50.81761],[-1.80659,50.81783],[-1.80619,50.81812],[-1.80578,50.81824],[-1.80564,50.81826],[-1.80533,50.81821],[-1.80519,50.81827],[-1.80497,50.81848],[-1.80475,50.81894],[-1.80468,50.81915],[-1.80467,50.81917],[-1.80391,50.82185],[-1.80392,50.82192],[-1.80404,50.82196],[-1.80432,50.82215],[-1.80453,50.82236],[-1.80427,50.82248],[-1.80432,50.82284],[-1.80444,50.82312],[-1.80471,50.82358],[-1.80484,50.82371],[-1.80488,50.8241],[-1.80484,50.82425],[-1.80474,50.82436],[-1.80465,50.82463],[-1.80458,50.82471],[-1.80435,50.82479],[-1.8047,50.82708],[-1.80461,50.82717],[-1.8046,50.82727],[-1.80452,50.82743],[-1.80439,50.82757],[-1.8043,50.82775],[-1.80408,50.82897],[-1.80383,50.82962],[-1.80363,50.83002],[-1.8034,50.83034],[-1.80324,50.83051],[-1.80305,50.83067],[-1.80268,50.83085],[-1.80215,50.83098],[-1.80186,50.83102],[-1.80174,50.83091],[-1.80153,50.83091],[-1.80137,50.83095],[-1.80114,50.83116],[-1.80101,50.83132],[-1.8009,50.83133],[-1.80073,50.83143],[-1.80056,50.8315],[-1.80015,50.83154],[-1.80013,50.83154],[-1.79545,50.83633],[-1.80239,50.8412],[-1.80293,50.84391],[-1.80303,50.84403],[-1.80316,50.84423],[-1.80328,50.84436],[-1.80329,50.84437],[-1.8033,50.84437],[-1.8033,50.84438],[-1.80332,50.8444],[-1.8076,50.85119],[-1.80514,50.857],[-1.80532,50.85747],[-1.80543,50.85764],[-1.80544,50.85777],[-1.80623,50.85981],[-1.80645,50.85995],[-1.80679,50.86006],[-1.80717,50.86014],[-1.80696,50.8605],[-1.80713,50.86058],[-1.80668,50.86098],[-1.80788,50.86407],[-1.80792,50.86411],[-1.80803,50.86446],[-1.80937,50.86449],[-1.8094,50.86449],[-1.80996,50.86442],[-1.81096,50.86434],[-1.81102,50.86453],[-1.81272,50.86457],[-1.81279,50.86457],[-1.81337,50.8629],[-1.81292,50.86233],[-1.81328,50.86225],[-1.81362,50.8622],[-1.81483,50.85871],[-1.81483,50.8587],[-1.81522,50.85858],[-1.81619,50.85832],[-1.81717,50.85809],[-1.81853,50.85774],[-1.81908,50.85762],[-1.82124,50.85677],[-1.82565,50.85602],[-1.82757,50.85566],[-1.82805,50.85557],[-1.82862,50.85548],[-1.82952,50.85532],[-1.83001,50.85527],[-1.83123,50.85556],[-1.83153,50.85564],[-1.83333,50.85607],[-1.83383,50.85617],[-1.83514,50.85647],[-1.83577,50.85663],[-1.83717,50.85697],[-1.83944,50.85751],[-1.8398,50.85758],[-1.84163,50.85804],[-1.84248,50.85805],[-1.84295,50.85808],[-1.84297,50.85808],[-1.84362,50.85808],[-1.84454,50.8581],[-1.84505,50.85809],[-1.84602,50.85814],[-1.84633,50.85817],[-1.84636,50.85817],[-1.84566,50.85484],[-1.84824,50.84801],[-1.8511,50.84226],[-1.84841,50.83848],[-1.85395,50.83687],[-1.85553,50.83184],[-1.85242,50.82725],[-1.85386,50.82059],[-1.85728,50.81745],[-1.85943,50.80999],[-1.85206,50.80584],[-1.85123,50.80054],[-1.84741,50.79514],[-1.85098,50.78867],[-1.85454,50.7866],[-1.85496,50.78543],[-1.85499,50.77869],[-1.83471,50.77578],[-1.82876,50.77614],[-1.82423,50.7737],[-1.82127,50.76902],[-1.82596,50.76624],[-1.82963,50.76921]],[[-1.83042,50.82497],[-1.82957,50.82452],[-1.83398,50.82281],[-1.83201,50.81724],[-1.82763,50.81363],[-1.82735,50.81237],[-1.83445,50.81023],[-1.84634,50.81959],[-1.8408,50.82228],[-1.84206,50.82606],[-1.83552,50.82911],[-1.83042,50.82497]]],[[[-1.77194,50.7344],[-1.77097,50.73134],[-1.76389,50.72917],[-1.76293,50.72458],[-1.7564,50.72556],[-1.7544,50.72942],[-1.7589,50.73644],[-1.77194,50.7344]]]]},"properties":{"g":0}},
{"type":"Feature","geometry":{"type":"MultiPolygon","coordinates":[[[[-1.80932,50.7416],[-1.81328,50.74365],[-1.81503,50.74313],[-1.80932,50.7416]]],[[[-1.7589,50.73644],[-1.7544,50.72942],[-1.74988,50.72599],[-1.73548,50.72715],[-1.73544,50.72719],[-1.73548,50.72727],[-1.73537,50.72742],[-1.73489,50.72777],[-1.73481,50.72797],[-1.73465,50.72814],[-1.73425,50.72842],[-1.73386,50.72862],[-1.73404,50.72869],[-1.73403,50.72884],[-1.7339,50.72897],[-1.73345,50.72927],[-1.73326,50.72937],[-1.73309,50.72953],[-1.73278,50.7297],[-1.73265,50.72985],[-1.73235,50.73003],[-1.73227,50.73021],[-1.73213,50.73034],[-1.73176,50.7306],[-1.73153,50.73073],[-1.73133,50.73083],[-1.73109,50.731],[-1.73063,50.73121],[-1.73036,50.7314],[-1.73018,50.73151],[-1.7299,50.73175],[-1.72947,50.73193],[-1.72934,50.73202],[-1.72899,50.73221],[-1.72878,50.73227],[-1.72832,50.73251],[-1.72746,50.73284],[-1.72684,50.73306],[-1.72673,50.73309],[-1.72306,50.73466],[-1.71809,50.73517],[-1.71806,50.73517],[-1.71798,50.73518],[-1.71758,50.73522],[-1.71734,50.73526],[-1.71494,50.73557],[-1.71402,50.73568],[-1.71308,50.73576],[-1.71222,50.73585],[-1.71158,50.7359],[-1.71118,50.73597],[-1.7105,50.73611],[-1.71017,50.73614],[-1.70908,50.7362],[-1.70791,50.73631],[-1.70721,50.73636],[-1.70643,50.73636],[-1.70335,50.73668],[-1.69754,50.73665],[-1.69745,50.73668],[-1.69725,50.7367],[-1.69691,50.7367],[-1.69654,50.73667],[-1.69616,50.73665],[-1.69409,50.73664],[-1.69409,50.73665],[-1.69389,50.73677],[-1.69346,50.73686],[-1.69275,50.73694],[-1.69264,50.73694],[-1.69239,50.73678],[-1.69228,50.73687],[-1.69213,50.73693],[-1.69249,50.73724],[-1.69255,50.73735],[-1.69198,50.73941],[-1.69176,50.73961],[-1.69177,50.73968],[-1.69151,50.73978],[-1.69139,50.7399],[-1.69128,50.73992],[-1.69109,50.74027],[-1.69088,50.74042],[-1.69082,50.7406],[-1.69076,50.74064],[-1.69033,50.74089],[-1.69032,50.74097],[-1.69006,50.741],[-1.6896,50.74124],[-1.68956,50.74128],[-1.68951,50.74129],[-1.68914,50.74148],[-1.68908,50.74155],[-1.68897,50.74157],[-1.68896,50.74157],[-1.68792,50.74211],[-1.68792,50.74212],[-1.68787,50.74214],[-1.68578,50.74322],[-1.68562,50.74345],[-1.68551,50.74336],[-1.68543,50.7434],[-1.68518,50.7437],[-1.68509,50.74374],[-1.68459,50.74384],[-1.68187,50.75095],[-1.68426,50.75101],[-1.69046,50.75158],[-1.69127,50.75163],[-1.69172,50.75165],[-1.69218,50.75168],[-1.69244,50.75171],[-1.69505,50.75187],[-1.69557,50.75189],[-1.69598,50.75192],[-1.6964,50.75196],[-1.69804,50.75206],[-1.69871,50.75204],[-1.71573,50.7519],[-1.72838,50.7508],[-1.72954,50.75051],[-1.7319,50.74924],[-1.72666,50.74887],[-1.72427,50.74455],[-1.73209,50.74142],[-1.73817,50.7435],[-1.74737,50.74487],[-1.75617,50.74345],[-1.7589,50.73644]]],[[[-1.87654,50.78204],[-1.8765,50.79409],[-1.87877,50.79526],[-1.8806,50.8021],[-1.87917,50.80435],[-1.87264,50.80479],[-1.86584,50.80361],[-1.86569,50.80595],[-1.87078,50.81009],[-1.8749,50.81082],[-1.88044,50.80794],[-1.88411,50.8146],[-1.89618,50.81416],[-1.89972,50.81731],[-1.90512,50.81336],[-1.90812,50.80527],[-1.90003,50.80661],[-1.89507,50.80283],[-1.89465,50.79923],[-1.90389,50.79376],[-1.90176,50.79088],[-1.89637,50.79231],[-1.89297,50.7888],[-1.89638,50.78629],[-1.89653,50.78494],[-1.88448,50.78115],[-1.8808,50.77854],[-1.87654,50.78204]]],[[[-1.8093,50.74652],[-1.80394,50.74246],[-1.79474,50.73876],[-1.79093,50.73525],[-1.77961,50.73136],[-1.77097,50.73134],[-1.77194,50.7344],[-1.77674,50.73846],[-1.78406,50.75079],[-1.79001,50.75161],[-1.79355,50.75234],[-1.80414,50.7609],[-1.80599,50.76045],[-1.80402,50.75622],[-1.80617,50.74939],[-1.8093,50.74652]]]]},"properties":{"g":0}},
{"type":"Feature","geometry":{"type":"MultiPolygon","coordinates":[[[[-1.7691,50.7697],[-1.77022,50.76928],[-1.77207,50.76857],[-1.77316,50.76819],[-1.77408,50.76764],[-1.77403,50.7676],[-1.7691,50.7697]]],[[[-1.76709,50.77317],[-1.76725,50.7731],[-1.76758,50.77291],[-1.76799,50.7733],[-1.76802,50.77331],[-1.77014,50.77253],[-1.76995,50.77189],[-1.76994,50.77132],[-1.76961,50.77077],[-1.76892,50.76983],[-1.76725,50.7731],[-1.76709,50.77317]]],[[[-1.7601,50.77661],[-1.7601,50.77662],[-1.76012,50.7766],[-1.7601,50.77661]]],[[[-1.73997,50.76251],[-1.73991,50.76257],[-1.73988,50.76277],[-1.73965,50.76284],[-1.73902,50.76349],[-1.73903,50.76352],[-1.73909,50.76367],[-1.73922,50.76381],[-1.73945,50.76428],[-1.73964,50.76459],[-1.73967,50.76469],[-1.73962,50.76518],[-1.73968,50.76535],[-1.74006,50.76573],[-1.74027,50.76601],[-1.74039,50.76624],[-1.74052,50.76642],[-1.74116,50.7671],[-1.7412,50.76715],[-1.73997,50.76251]]],[[[-1.74417,50.74746],[-1.74326,50.74829],[-1.74313,50.7485],[-1.74289,50.74873],[-1.74272,50.74882],[-1.74258,50.74904],[-1.74233,50.74925],[-1.74262,50.74963],[-1.74285,50.74973],[-1.74314,50.74977],[-1.74347,50.74993],[-1.74357,50.75001],[-1.74362,50.75027],[-1.74369,50.75075],[-1.74357,50.75132],[-1.74364,50.75163],[-1.74351,50.75182],[-1.74369,50.7523],[-1.74368,50.75254],[-1.7436,50.75272],[-1.74365,50.75295],[-1.74402,50.75322],[-1.74422,50.75346],[-1.74417,50.74746]]],[[[-1.73745,50.74884],[-1.73747,50.74886],[-1.73967,50.74838],[-1.73745,50.74884]]],[[[-1.73654,50.74903],[-1.73691,50.74896],[-1.73704,50.74893],[-1.73654,50.74903]]],[[[-1.73317,50.74973],[-1.73318,50.74974],[-1.73338,50.7497],[-1.73341,50.74968],[-1.73317,50.74973]]],[[[-1.68994,50.7516],[-1.69061,50.75161],[-1.69127,50.75163],[-1.69046,50.75158],[-1.68994,50.7516]]],[[[-1.68433,50.75173],[-1.68434,50.75177],[-1.68515,50.75171],[-1.68433,50.75173]]],[[[-1.69804,50.75206],[-1.6964,50.75196],[-1.69764,50.75206],[-1.6988,50.75215],[-1.69879,50.75212],[-1.69804,50.75206]]],[[[-1.69244,50.75171],[-1.69333,50.7518],[-1.69476,50.75186],[-1.69505,50.75187],[-1.69244,50.75171]]]]},"properties":{"g":2}},
{"type":"Feature","geometry":{"type":"MultiPolygon","coordinates":[[[[-1.8166,50.90406],[-1.81728,50.90347],[-1.8168,50.90388],[-1.81654,50.90395],[-1.81659,50.90404],[-1.8166,50.90406]]],[[[-1.74621,50.77592],[-1.74603,50.77603],[-1.74569,50.77626],[-1.746,50.77644],[-1.74631,50.77687],[-1.74728,50.77801],[-1.74757,50.77829],[-1.74828,50.77902],[-1.74865,50.77938],[-1.74885,50.77949],[-1.74897,50.77952],[-1.74921,50.77952],[-1.74957,50.77944],[-1.7506,50.77917],[-1.75145,50.77896],[-1.75186,50.77888],[-1.75258,50.77879],[-1.75303,50.77878],[-1.75394,50.77871],[-1.75455,50.77862],[-1.75532,50.77855],[-1.756,50.77851],[-1.75634,50.77848],[-1.75675,50.77836],[-1.75709,50.77822],[-1.75779,50.77799],[-1.75777,50.77784],[-1.75815,50.77771],[-1.75869,50.77738],[-1.75996,50.77671],[-1.7601,50.77662],[-1.7601,50.77661],[-1.74921,50.77952],[-1.74723,50.77784],[-1.74621,50.77592]]],[[[-1.74408,50.77204],[-1.74408,50.77205],[-1.7441,50.77208],[-1.74408,50.77204]]],[[[-1.7439,50.77176],[-1.74393,50.77183],[-1.74397,50.77186],[-1.7439,50.77176]]],[[[-1.74353,50.77116],[-1.74353,50.77118],[-1.74355,50.77119],[-1.74353,50.77116]]],[[[-1.74127,50.76058],[-1.74082,50.76079],[-1.74047,50.76088],[-1.74018,50.76092],[-1.7401,50.76103],[-1.74015,50.76123],[-1.74002,50.76169],[-1.73991,50.76257],[-1.73997,50.76251],[-1.74127,50.76058]]],[[[-1.74423,50.75622],[-1.74374,50.75631],[-1.7434,50.75634],[-1.74317,50.75641],[-1.74261,50.75652],[-1.74235,50.75655],[-1.74202,50.75667],[-1.74195,50.75679],[-1.74191,50.75706],[-1.74178,50.75737],[-1.74187,50.75793],[-1.74185,50.75816],[-1.7418,50.75832],[-1.74147,50.75851],[-1.74141,50.75869],[-1.74152,50.75903],[-1.74156,50.75932],[-1.74158,50.75995],[-1.74163,50.76006],[-1.74423,50.75622]]],[[[-1.73232,50.74991],[-1.73318,50.74974],[-1.73317,50.74973],[-1.73232,50.74991]]],[[[-1.72954,50.75051],[-1.72838,50.7508],[-1.71867,50.75206],[-1.7157,50.75207],[-1.71756,50.75216],[-1.71797,50.75217],[-1.71912,50.75204],[-1.72065,50.75183],[-1.72148,50.75173],[-1.72322,50.7515],[-1.72479,50.75132],[-1.72588,50.75116],[-1.72763,50.75094],[-1.72813,50.75091],[-1.72887,50.7507],[-1.72964,50.75051],[-1.73086,50.75024],[-1.7316,50.75007],[-1.72954,50.75051]]],[[[-1.68187,50.75095],[-1.68166,50.75153],[-1.68182,50.75185],[-1.68228,50.75188],[-1.68253,50.75188],[-1.6833,50.75182],[-1.68404,50.75179],[-1.68434,50.75177],[-1.68433,50.75173],[-1.68187,50.75095]]],[[[-1.69879,50.75212],[-1.6988,50.75215],[-1.69983,50.75223],[-1.69996,50.75227],[-1.70059,50.75228],[-1.7018,50.75236],[-1.70188,50.75241],[-1.7031,50.75252],[-1.70392,50.75256],[-1.70465,50.75256],[-1.70524,50.75253],[-1.70716,50.75249],[-1.70863,50.75247],[-1.70918,50.75244],[-1.70946,50.75245],[-1.70992,50.7525],[-1.7108,50.7525],[-1.7127,50.7525],[-1.7127,50.75225],[-1.71332,50.75225],[-1.71465,50.75223],[-1.71491,50.75207],[-1.69879,50.75212]]],[[[-1.73965,50.76284],[-1.7395,50.76288],[-1.73895,50.76315],[-1.73902,50.76349],[-1.73965,50.76284]]]]},"properties":{"g":3}},
{"type":"Feature","geometry":{"type":"MultiPolygon","coordinates":[[[[-1.80367,50.79195],[-1.80351,50.79195],[-1.80342,50.79199],[-1.80334,50.79216],[-1.80342,50.7923],[-1.8037,50.79262],[-1.80373,50.79274],[-1.80368,50.79287],[-1.80356,50.79296],[-1.80301,50.79317],[-1.80262,50.79329],[-1.80238,50.79341],[-1.80192,50.79375],[-1.80137,50.79384],[-1.80105,50.79397],[-1.80087,50.79412],[-1.80084,50.79422],[-1.80098,50.79441],[-1.80117,50.79452],[-1.8015,50.79463],[-1.80202,50.79468],[-1.80241,50.79469],[-1.80297,50.79463],[-1.80338,50.79464],[-1.80367,50.7947],[-1.80396,50.79482],[-1.80415,50.79497],[-1.80458,50.79537],[-1.80464,50.79546],[-1.80367,50.79195]]],[[[-1.80135,50.78871],[-1.80145,50.78899],[-1.80189,50.78975],[-1.80233,50.79043],[-1.80249,50.79061],[-1.80261,50.7907],[-1.80262,50.79081],[-1.80242,50.79095],[-1.80192,50.7909],[-1.8017,50.79093],[-1.80147,50.791],[-1.80117,50.79118],[-1.80093,50.79155],[-1.8009,50.79175],[-1.80094,50.79186],[-1.80109,50.79194],[-1.80136,50.79193],[-1.80159,50.79189],[-1.80205,50.79177],[-1.80281,50.79153],[-1.80342,50.79138],[-1.8035,50.79138],[-1.80135,50.78871]]],[[[-1.79755,50.784],[-1.79757,50.78408],[-1.79745,50.78435],[-1.79732,50.78452],[-1.79719,50.78463],[-1.79595,50.78538],[-1.79574,50.78555],[-1.79567,50.78568],[-1.79568,50.7859],[-1.79586,50.78615],[-1.79602,50.78627],[-1.79633,50.78626],[-1.79659,50.78617],[-1.79687,50.78599],[-1.79734,50.78583],[-1.79767,50.78575],[-1.79801,50.7857],[-1.79848,50.78575],[-1.79874,50.78584],[-1.7991,50.78606],[-1.79939,50.78631],[-1.79945,50.78635],[-1.79755,50.784]]],[[[-1.79487,50.7825],[-1.79547,50.78318],[-1.79572,50.78336],[-1.796,50.78346],[-1.79713,50.78367],[-1.79717,50.78368],[-1.79487,50.7825]]],[[[-1.79119,50.7806],[-1.79124,50.78067],[-1.79147,50.78111],[-1.79155,50.78142],[-1.79174,50.78201],[-1.79179,50.78225],[-1.79188,50.78244],[-1.79212,50.78267],[-1.79248,50.78273],[-1.79269,50.7827],[-1.79346,50.78225],[-1.79389,50.78216],[-1.7943,50.78221],[-1.79119,50.7806]]],[[[-1.78791,50.77892],[-1.78818,50.77907],[-1.78824,50.77909],[-1.78791,50.77892]]],[[[-1.78791,50.77859],[-1.78786,50.77863],[-1.78783,50.77872],[-1.78791,50.77891],[-1.78791,50.77859]]],[[[-1.78878,50.77353],[-1.7884,50.77362],[-1.78812,50.77376],[-1.78787,50.77415],[-1.78791,50.77436],[-1.78797,50.77439],[-1.78797,50.77437],[-1.78878,50.77353]]],[[[-1.79047,50.77169],[-1.7903,50.77183],[-1.78992,50.77197],[-1.78971,50.77209],[-1.78949,50.77228],[-1.78939,50.77244],[-1.78929,50.77266],[-1.78921,50.77296],[-1.78904,50.77325],[-1.78901,50.7733],[-1.7905,50.77176],[-1.79047,50.77169]]],[[[-1.78858,50.7672],[-1.78869,50.76733],[-1.78876,50.76753],[-1.78883,50.76783],[-1.78879,50.76797],[-1.78863,50.76826],[-1.7881,50.76881],[-1.78773,50.76929],[-1.78752,50.76977],[-1.78722,50.7704],[-1.78733,50.77058],[-1.78747,50.77062],[-1.78778,50.77057],[-1.78812,50.77033],[-1.78851,50.77014],[-1.78865,50.77011],[-1.78892,50.76999],[-1.78917,50.76992],[-1.78949,50.76993],[-1.78971,50.77004],[-1.78974,50.77017],[-1.78969,50.77029],[-1.78956,50.77041],[-1.78903,50.77068],[-1.78873,50.77077],[-1.78851,50.771],[-1.7885,50.77115],[-1.7886,50.7712],[-1.78901,50.77118],[-1.78972,50.77097],[-1.78988,50.77094],[-1.79017,50.77097],[-1.79022,50.77102],[-1.78884,50.7673],[-1.78858,50.7672]]],[[[-1.78379,50.76543],[-1.78377,50.76563],[-1.7838,50.76573],[-1.78391,50.76581],[-1.78424,50.76596],[-1.78451,50.76598],[-1.78488,50.76595],[-1.78504,50.76589],[-1.78379,50.76543]]],[[[-1.77721,50.76658],[-1.77749,50.76666],[-1.77794,50.76685],[-1.77905,50.76737],[-1.77938,50.76742],[-1.77984,50.76737],[-1.78013,50.7673],[-1.78042,50.76721],[-1.78077,50.76705],[-1.78099,50.76691],[-1.78128,50.76667],[-1.78165,50.76624],[-1.78177,50.76607],[-1.78182,50.76571],[-1.78187,50.76545],[-1.782,50.76525],[-1.78225,50.76502],[-1.78241,50.76492],[-1.77721,50.76658]]],[[[-1.77447,50.76746],[-1.77456,50.76752],[-1.77482,50.76735],[-1.77447,50.76746]]],[[[-1.77403,50.7676],[-1.77408,50.76764],[-1.77425,50.76753],[-1.77403,50.7676]]],[[[-1.8001,50.84119],[-1.80002,50.84124],[-1.79964,50.84131],[-1.79943,50.84131],[-1.79895,50.84127],[-1.79884,50.84102],[-1.79867,50.84082],[-1.79832,50.8408],[-1.79796,50.84086],[-1.79774,50.8408],[-1.79735,50.84079],[-1.79698,50.84085],[-1.79691,50.84096],[-1.797,50.84109],[-1.79788,50.84187],[-1.79808,50.84199],[-1.79821,50.84202],[-1.79841,50.84196],[-1.79866,50.84175],[-1.7989,50.84163],[-1.7991,50.84157],[-1.79934,50.84153],[-1.79962,50.84154],[-1.79984,50.84166],[-1.79984,50.84177],[-1.79973,50.84198],[-1.79978,50.84214],[-1.79985,50.8422],[-1.80059,50.84237],[-1.80092,50.8424],[-1.80137,50.84241],[-1.8001,50.84119]]],[[[-1.79243,50.83352],[-1.7923,50.83352],[-1.79207,50.83359],[-1.79182,50.83372],[-1.79164,50.83389],[-1.79153,50.8341],[-1.79151,50.8343],[-1.7916,50.83479],[-1.79163,50.83534],[-1.79133,50.83564],[-1.79094,50.83595],[-1.79069,50.83616],[-1.79061,50.83631],[-1.79067,50.83654],[-1.79089,50.83675],[-1.79118,50.83689],[-1.79139,50.83696],[-1.79176,50.83691],[-1.79244,50.83668],[-1.79294,50.83659],[-1.79336,50.83658],[-1.79417,50.83678],[-1.79441,50.8368],[-1.79452,50.83688],[-1.79454,50.83698],[-1.79446,50.83707],[-1.79433,50.8371],[-1.79427,50.83722],[-1.79431,50.83745],[-1.79437,50.8376],[-1.79454,50.83772],[-1.7949,50.83785],[-1.79579,50.83797],[-1.79623,50.83804],[-1.79679,50.83816],[-1.79703,50.83823],[-1.79221,50.83358],[-1.79243,50.83352]]],[[[-1.80013,50.83154],[-1.7997,50.83155],[-1.79952,50.83153],[-1.79927,50.83146],[-1.79895,50.83139],[-1.79879,50.83119],[-1.79864,50.83107],[-1.79833,50.83094],[-1.79802,50.83071],[-1.79816,50.83063],[-1.79815,50.83057],[-1.79798,50.83036],[-1.79778,50.83022],[-1.79743,50.83009],[-1.79714,50.83002],[-1.79663,50.83012],[-1.79644,50.83019],[-1.79566,50.83079],[-1.79526,50.83086],[-1.79498,50.83095],[-1.79475,50.83097],[-1.79444,50.83103],[-1.79433,50.83113],[-1.79411,50.83143],[-1.79412,50.83152],[-1.79435,50.83158],[-1.79478,50.83161],[-1.79505,50.83158],[-1.79543,50.83165],[-1.79577,50.83182],[-1.796,50.83205],[-1.79628,50.83253],[-1.80013,50.83154]]],[[[-1.80516,50.85325],[-1.80484,50.85332],[-1.80468,50.85334],[-1.8041,50.85324],[-1.80391,50.85325],[-1.80362,50.85334],[-1.80342,50.8535],[-1.80325,50.85376],[-1.8033,50.85402],[-1.80354,50.85411],[-1.80384,50.85412],[-1.80417,50.85416],[-1.80448,50.85435],[-1.80461,50.85461],[-1.80476,50.85478],[-1.80477,50.85498],[-1.80434,50.85527],[-1.80417,50.85542],[-1.80409,50.85554],[-1.804,50.85628],[-1.804,50.85648],[-1.80409,50.85656],[-1.80428,50.85662],[-1.80468,50.8567],[-1.80484,50.85679],[-1.80506,50.857],[-1.80513,50.85715],[-1.80514,50.857],[-1.80516,50.85325]]],[[[-1.80481,50.85116],[-1.80505,50.85134],[-1.80517,50.8515],[-1.80517,50.85136],[-1.80481,50.85116]]],[[[-1.80258,50.84987],[-1.80258,50.84988],[-1.80259,50.85033],[-1.80268,50.85049],[-1.80288,50.85066],[-1.80315,50.8508],[-1.80352,50.85089],[-1.80451,50.85107],[-1.80479,50.85115],[-1.80258,50.84987]]],[[[-1.80097,50.84894],[-1.80099,50.84896],[-1.80109,50.84918],[-1.80127,50.84928],[-1.80146,50.84932],[-1.80166,50.84934],[-1.80097,50.84894]]],[[[-1.80197,50.84606],[-1.80125,50.84651],[-1.80049,50.84704],[-1.80022,50.84724],[-1.80012,50.8474],[-1.80013,50.84757],[-1.80041,50.84786],[-1.80035,50.84801],[-1.79995,50.84822],[-1.79994,50.84845],[-1.80008,50.84854],[-1.80033,50.84859],[-1.80041,50.84862],[-1.80006,50.84842],[-1.80197,50.84606]]],[[[-1.80332,50.8444],[-1.8033,50.84438],[-1.80331,50.8444],[-1.80332,50.8444]]],[[[-1.80346,50.79855],[-1.80318,50.79874],[-1.80289,50.7988],[-1.80257,50.79883],[-1.80224,50.79885],[-1.80193,50.79895],[-1.80165,50.79913],[-1.80143,50.79933],[-1.80133,50.79951],[-1.80137,50.79972],[-1.80164,50.80004],[-1.80197,50.80023],[-1.80235,50.80032],[-1.80265,50.80033],[-1.80303,50.80026],[-1.80331,50.80016],[-1.80381,50.8],[-1.80396,50.79999],[-1.80421,50.80002],[-1.80438,50.80014],[-1.80471,50.80054],[-1.80479,50.80074],[-1.80479,50.80099],[-1.80464,50.80136],[-1.80444,50.80178],[-1.80412,50.80231],[-1.80401,50.80259],[-1.80398,50.80292],[-1.80403,50.80318],[-1.80411,50.8034],[-1.80428,50.80358],[-1.80446,50.80364],[-1.80469,50.80368],[-1.80493,50.80363],[-1.80519,50.80355],[-1.80541,50.80344],[-1.80577,50.80337],[-1.80606,50.80336],[-1.80656,50.80343],[-1.80696,50.80351],[-1.80765,50.80369],[-1.80793,50.80382],[-1.80796,50.80384],[-1.80346,50.79855]]],[[[-1.80429,50.79597],[-1.80424,50.79598],[-1.80355,50.79596],[-1.80325,50.79601],[-1.80302,50.79608],[-1.80273,50.79627],[-1.80233,50.79657],[-1.80219,50.79674],[-1.80216,50.7969],[-1.80223,50.79706],[-1.80229,50.79711],[-1.80429,50.79597]]],[[[-1.80316,50.84423],[-1.80324,50.84434],[-1.80329,50.84437],[-1.80328,50.84436],[-1.80316,50.84423]]],[[[-1.80467,50.81917],[-1.80459,50.81933],[-1.80438,50.8196],[-1.80403,50.81998],[-1.80372,50.82014],[-1.80349,50.8202],[-1.80317,50.82024],[-1.80289,50.8202],[-1.8025,50.82031],[-1.80225,50.82043],[-1.80183,50.82077],[-1.80176,50.82098],[-1.80171,50.82126],[-1.80172,50.82166],[-1.80166,50.82168],[-1.80159,50.82209],[-1.80167,50.82224],[-1.80192,50.8224],[-1.80214,50.82244],[-1.80284,50.82207],[-1.80322,50.82193],[-1.80375,50.82186],[-1.80389,50.82191],[-1.80391,50.82185],[-1.80467,50.81917]]],[[[-1.80967,50.80985],[-1.80967,50.80984],[-1.80925,50.8099],[-1.80863,50.80995],[-1.80828,50.81004],[-1.80774,50.81013],[-1.80747,50.81019],[-1.80681,50.81044],[-1.8067,50.81051],[-1.8064,50.81077],[-1.806,50.81139],[-1.80573,50.81163],[-1.8051,50.81205],[-1.80493,50.81222],[-1.80478,50.81234],[-1.80449,50.81246],[-1.80397,50.81262],[-1.80372,50.81273],[-1.80327,50.81304],[-1.80293,50.81335],[-1.80286,50.8136],[-1.80293,50.81369],[-1.8031,50.81375],[-1.80336,50.81398],[-1.80413,50.81431],[-1.80581,50.81471],[-1.80587,50.81473],[-1.80589,50.81466],[-1.80967,50.80985]]]]},"properties":{"g":4}},
{"type":"Feature","geometry":{"type":"MultiPolygon","coordinates":[[[[-1.85289,50.86375],[-1.8527,50.86383],[-1.85191,50.86409],[-1.85166,50.86419],[-1.8517,50.86429],[-1.85195,50.86458],[-1.85251,50.8651],[-1.85259,50.86525],[-1.85303,50.86584],[-1.85321,50.86611],[-1.85341,50.86633],[-1.85289,50.86376],[-1.85289,50.86375]]],[[[-1.85068,50.8592],[-1.85065,50.85933],[-1.85049,50.85981],[-1.85045,50.86005],[-1.85056,50.8603],[-1.85094,50.86084],[-1.85108,50.86101],[-1.85159,50.86145],[-1.85188,50.86166],[-1.85068,50.8592]]],[[[-1.84783,50.86969],[-1.84802,50.87112],[-1.84811,50.87113],[-1.84783,50.86969]]],[[[-1.85346,50.86657],[-1.85346,50.86658],[-1.85269,50.86697],[-1.85156,50.86747],[-1.8507,50.8679],[-1.85041,50.86808],[-1.84928,50.86881],[-1.84831,50.86942],[-1.84829,50.86944],[-1.85346,50.86658],[-1.85346,50.86657]]],[[[-1.84636,50.85817],[-1.84636,50.85818],[-1.84649,50.85819],[-1.84636,50.85817]]]]},"properties":{"g":5}},
{"type":"Feature","geometry":{"type":"MultiPolygon","coordinates":[[[[-1.81803,50.90281],[-1.81777,50.90303],[-1.81737,50.90339],[-1.81728,50.90347],[-1.81803,50.90281]]],[[[-1.81933,50.90166],[-1.81917,50.9018],[-1.81894,50.90201],[-1.81933,50.90166]]],[[[-1.82558,50.89617],[-1.82546,50.89606],[-1.82519,50.89594],[-1.82495,50.89577],[-1.82477,50.89601],[-1.82442,50.89673],[-1.82428,50.89698],[-1.82428,50.89717],[-1.82432,50.89727],[-1.82558,50.89617]]],[[[-1.83862,50.89746],[-1.83843,50.8974],[-1.83796,50.89728],[-1.83765,50.89723],[-1.83709,50.89719],[-1.83671,50.89725],[-1.83651,50.89725],[-1.83862,50.89746]]],[[[-1.84749,50.88341],[-1.84662,50.88404],[-1.84629,50.88424],[-1.84592,50.88444],[-1.84507,50.88484],[-1.84489,50.88494],[-1.84449,50.8853],[-1.84432,50.88555],[-1.84418,50.88612],[-1.84404,50.88683],[-1.84405,50.88691],[-1.84467,50.88778],[-1.84483,50.88798],[-1.8451,50.88825],[-1.84543,50.88843],[-1.8469,50.88914],[-1.84856,50.88989],[-1.84405,50.88691],[-1.84749,50.88341]]],[[[-1.84633,50.85817],[-1.84636,50.85818],[-1.84636,50.85817],[-1.84633,50.85817]]],[[[-1.81362,50.8622],[-1.8139,50.86215],[-1.81453,50.86202],[-1.81474,50.86205],[-1.81477,50.86148],[-1.81475,50.86109],[-1.81475,50.86024],[-1.81478,50.85908],[-1.81483,50.85871],[-1.81362,50.8622]]],[[[-1.81279,50.86457],[-1.81321,50.86403],[-1.81375,50.86338],[-1.81337,50.8629],[-1.81279,50.86457]]],[[[-1.81102,50.86453],[-1.81104,50.8646],[-1.81272,50.86457],[-1.81102,50.86453]]],[[[-1.80803,50.86446],[-1.80853,50.86452],[-1.80889,50.86452],[-1.80937,50.86449],[-1.80803,50.86446]]],[[[-1.80668,50.86098],[-1.80662,50.86104],[-1.80643,50.8613],[-1.80641,50.8615],[-1.8068,50.8623],[-1.8071,50.86302],[-1.80715,50.86322],[-1.80711,50.86332],[-1.80729,50.86355],[-1.80788,50.86407],[-1.80668,50.86098]]],[[[-1.80544,50.85777],[-1.80547,50.8582],[-1.80519,50.85865],[-1.80509,50.85901],[-1.80533,50.85904],[-1.80557,50.85922],[-1.80608,50.85972],[-1.80623,50.85981],[-1.80544,50.85777]]],[[[-1.80514,50.857],[-1.80513,50.85715],[-1.80518,50.85724],[-1.80532,50.85747],[-1.80514,50.857]]],[[[-1.80435,50.82479],[-1.8043,50.82481],[-1.80425,50.82489],[-1.80383,50.82502],[-1.80336,50.82508],[-1.80324,50.82525],[-1.80328,50.82551],[-1.80373,50.82583],[-1.80437,50.82638],[-1.80451,50.82662],[-1.80462,50.82703],[-1.80461,50.82717],[-1.8047,50.82708],[-1.80435,50.82479]]],[[[-1.80391,50.82185],[-1.80389,50.82191],[-1.80392,50.82192],[-1.80391,50.82185]]],[[[-1.80968,50.80984],[-1.80967,50.80984],[-1.80967,50.80985],[-1.80968,50.80984]]],[[[-1.81167,50.80712],[-1.81165,50.80712],[-1.81138,50.80707],[-1.81112,50.80698],[-1.8107,50.80703],[-1.81059,50.80718],[-1.8107,50.80728],[-1.8112,50.80756],[-1.81129,50.80764],[-1.81167,50.80712]]],[[[-1.81186,50.80632],[-1.81207,50.80655],[-1.81207,50.80658],[-1.81213,50.80649],[-1.81186,50.80632]]],[[[-1.81033,50.80535],[-1.81043,50.80561],[-1.81045,50.80581],[-1.81058,50.8059],[-1.81102,50.80603],[-1.81116,50.80605],[-1.81146,50.80607],[-1.81033,50.80535]]],[[[-1.80815,50.80397],[-1.80871,50.80436],[-1.80922,50.80465],[-1.80815,50.80397]]]]},"properties":{"g":0}},
{"type":"Feature","geometry":{"type":"MultiPolygon","coordinates":[[[[-1.68459,50.74384],[-1.68437,50.74404],[-1.68423,50.74431],[-1.68397,50.74451],[-1.68388,50.74468],[-1.68396,50.74483],[-1.68378,50.74498],[-1.68371,50.74523],[-1.68336,50.74549],[-1.6832,50.74576],[-1.68301,50.74626],[-1.6828,50.74661],[-1.68275,50.74694],[-1.6826,50.74731],[-1.68253,50.74754],[-1.68248,50.74784],[-1.68234,50.74797],[-1.68239,50.74816],[-1.6823,50.74835],[-1.68213,50.74906],[-1.68211,50.74921],[-1.68188,50.74978],[-1.68168,50.75012],[-1.68176,50.75033],[-1.68191,50.75079],[-1.68189,50.75089],[-1.68187,50.75095],[-1.68459,50.74384]]],[[[-1.68551,50.74336],[-1.68548,50.74334],[-1.68543,50.7434],[-1.68551,50.74336]]],[[[-1.68787,50.74214],[-1.6877,50.74219],[-1.68722,50.74244],[-1.68696,50.74259],[-1.68679,50.74266],[-1.68645,50.74285],[-1.68604,50.74301],[-1.68584,50.74314],[-1.68578,50.74322],[-1.68787,50.74214]]],[[[-1.68896,50.74157],[-1.68858,50.74141],[-1.68839,50.74172],[-1.68815,50.74186],[-1.68813,50.74194],[-1.68797,50.74195],[-1.68792,50.74211],[-1.68896,50.74157]]],[[[-1.68951,50.74129],[-1.68928,50.74131],[-1.68914,50.74148],[-1.68951,50.74129]]],[[[-1.69006,50.741],[-1.68998,50.74101],[-1.68972,50.74112],[-1.6896,50.74124],[-1.69006,50.741]]],[[[-1.69088,50.74042],[-1.69076,50.74051],[-1.69082,50.7406],[-1.69076,50.74064],[-1.69082,50.7406],[-1.69088,50.74042]]]]},"properties":{"g":0}},
{"type":"Feature","geometry":{"type":"Polygon","coordinates":[[[-1.94068,50.76938],[-1.92459,50.76996],[-1.92454,50.77043],[-1.92478,50.77219],[-1.92066,50.7783],[-1.92122,50.78127],[-1.92973,50.77912],[-1.93455,50.78038],[-1.93618,50.78229],[-1.93725,50.78423],[-1.93777,50.78554],[-1.93835,50.78708],[-1.94078,50.79324],[-1.94886,50.79109],[-1.94501,50.7775],[-1.94068,50.76938]]]},"properties":{"g":3}},
{"type":"Feature","geometry":{"type":"MultiPolygon","coordinates":[[[[-1.94886,50.79109],[-1.94078,50.79324],[-1.93835,50.78708],[-1.93521,50.79416],[-1.93733,50.79803],[-1.94166,50.79806],[-1.94908,50.79186],[-1.94886,50.79109]]],[[[-1.93971,50.76628],[-1.93003,50.76599],[-1.93047,50.76104],[-1.93023,50.76121],[-1.92952,50.76186],[-1.92775,50.76346],[-1.92459,50.76996],[-1.94068,50.76938],[-1.93971,50.76628]]],[[[-1.91922,50.77469],[-1.92159,50.77623],[-1.91861,50.78062],[-1.92045,50.78408],[-1.92612,50.78113],[-1.93283,50.78001],[-1.93618,50.78229],[-1.93455,50.78038],[-1.92973,50.77912],[-1.92122,50.78127],[-1.92066,50.7783],[-1.92478,50.77219],[-1.92368,50.77204],[-1.91922,50.77469]]],[[[-1.90512,50.74543],[-1.91051,50.74016],[-1.904,50.73755],[-1.90769,50.7336],[-1.90151,50.73242],[-1.89335,50.74322],[-1.90512,50.74543]]]]},"properties":{"g":4}},
{"type":"Feature","geometry":{"type":"Polygon","coordinates":[[[-1.93639,50.75716],[-1.93524,50.75746],[-1.93052,50.76096],[-1.93047,50.76104],[-1.93003,50.76599],[-1.93971,50.76628],[-1.93639,50.75716]]]},"properties":{"g":5}},
{"type":"Feature","geometry":{"type":"MultiPolygon","coordinates":[[[[-1.93606,50.75685],[-1.93524,50.75746],[-1.93639,50.75716],[-1.93606,50.75685]]],[[[-1.90633,50.72008],[-1.90568,50.72535],[-1.90151,50.73242],[-1.90769,50.7336],[-1.904,50.73755],[-1.91051,50.74016],[-1.90512,50.74543],[-1.91821,50.74794],[-1.93344,50.75435],[-1.92411,50.74534],[-1.91972,50.73283],[-1.90633,50.72008]]],[[[-1.93023,50.76121],[-1.93047,50.76104],[-1.93052,50.76096],[-1.93023,50.76121]]],[[[-1.92368,50.77204],[-1.92478,50.77219],[-1.92454,50.77043],[-1.92368,50.77204]]]]},"properties":{"g":0}},
{"type":"Feature","geometry":{"type":"MultiPolygon","coordinates":[[[[-2.57267,50.98207],[-2.58276,50.97933],[-2.58318,50.97886],[-2.58384,50.97887],[-2.58398,50.97888],[-2.58608,50.97811],[-2.58648,50.97793],[-2.58673,50.97781],[-2.58618,50.97693],[-2.58602,50.97687],[-2.58623,50.97682],[-2.58662,50.97676],[-2.58742,50.97674],[-2.58784,50.97679],[-2.58792,50.97684],[-2.58891,50.97696],[-2.58929,50.97692],[-2.5893,50.97693],[-2.58962,50.97711],[-2.59018,50.9775],[-2.59035,50.97763],[-2.59584,50.98134],[-2.59585,50.98134],[-2.59586,50.98133],[-2.59593,50.98125],[-2.59696,50.98061],[-2.59727,50.98043],[-2.59838,50.97969],[-2.59948,50.97882],[-2.6,50.97849],[-2.6002,50.9784],[-2.60026,50.97844],[-2.60073,50.97822],[-2.60111,50.97803],[-2.60117,50.97799],[-2.60118,50.97798],[-2.59344,50.97295],[-2.57659,50.97523],[-2.57267,50.98207]]],[[[-2.5807,50.96998],[-2.58795,50.96731],[-2.58631,50.96304],[-2.5807,50.96998]]]]},"properties":{"g":2}},
{"type":"Feature","geometry":{"type":"MultiPolygon","coordinates":[[[[-2.60118,50.97798],[-2.59883,50.9745],[-2.59881,50.97449],[-2.59867,50.9744],[-2.59856,50.97428],[-2.59845,50.97406],[-2.59832,50.97389],[-2.59806,50.97361],[-2.59802,50.97341],[-2.59804,50.97333],[-2.59971,50.96709],[-2.5997,50.96708],[-2.59863,50.96637],[-2.59836,50.96621],[-2.59806,50.96608],[-2.59738,50.96584],[-2.59726,50.96575],[-2.59722,50.96561],[-2.59728,50.96547],[-2.596,50.96462],[-2.59584,50.96417],[-2.5957,50.96393],[-2.59544,50.96365],[-2.59533,50.96344],[-2.59523,50.96294],[-2.59511,50.96262],[-2.59497,50.96239],[-2.59491,50.96223],[-2.59495,50.96191],[-2.59503,50.96173],[-2.59529,50.96146],[-2.59533,50.96137],[-2.59538,50.96094],[-2.59549,50.96086],[-2.59564,50.96087],[-2.59582,50.96093],[-2.59623,50.96116],[-2.59663,50.96121],[-2.59694,50.96119],[-2.5972,50.96112],[-2.59746,50.96101],[-2.59782,50.96083],[-2.59803,50.96068],[-2.59847,50.95815],[-2.59817,50.95793],[-2.59815,50.95775],[-2.5982,50.95759],[-2.59835,50.95728],[-2.59845,50.95694],[-2.59855,50.95672],[-2.59879,50.95636],[-2.59883,50.95616],[-2.59875,50.95576],[-2.5988,50.95553],[-2.5989,50.95538],[-2.59919,50.95506],[-2.59939,50.95476],[-2.59954,50.9542],[-2.59954,50.95418],[-2.59747,50.95386],[-2.5931,50.95746],[-2.58979,50.96018],[-2.58631,50.96304],[-2.58795,50.96731],[-2.5807,50.96998],[-2.57659,50.97523],[-2.59344,50.97295],[-2.60118,50.97798]]],[[[-2.57267,50.98207],[-2.57147,50.98604],[-2.57148,50.98604],[-2.57446,50.98426],[-2.57447,50.98422],[-2.57457,50.98385],[-2.57468,50.98362],[-2.57494,50.98332],[-2.57542,50.98305],[-2.57569,50.98296],[-2.57599,50.98279],[-2.57634,50.98266],[-2.57674,50.98236],[-2.57693,50.98229],[-2.57732,50.98225],[-2.57787,50.98215],[-2.57802,50.98215],[-2.58276,50.97933],[-2.57267,50.98207]]]]},"properties":{"g":3}},
{"type":"Feature","geometry":{"type":"Polygon","coordinates":[[[-2.59954,50.95418],[-2.59954,50.95417],[-2.59901,50.95352],[-2.59875,50.9534],[-2.59859,50.95319],[-2.59856,50.95301],[-2.59857,50.95297],[-2.59856,50.95297],[-2.59747,50.95386],[-2.59954,50.95418]]]},"properties":{"g":0}},
{"type":"Feature","geometry":{"type":"MultiPolygon","coordinates":[[[[-2.59035,50.97763],[-2.5907,50.97791],[-2.59087,50.97817],[-2.59115,50.97841],[-2.5913,50.97858],[-2.59155,50.97876],[-2.59183,50.97891],[-2.59258,50.97938],[-2.59363,50.9801],[-2.59408,50.98038],[-2.59429,50.98057],[-2.59452,50.98073],[-2.59473,50.98086],[-2.59536,50.98115],[-2.59584,50.98134],[-2.59035,50.97763]]],[[[-2.58398,50.97888],[-2.58426,50.97889],[-2.58608,50.97811],[-2.58398,50.97888]]],[[[-2.59803,50.96068],[-2.59805,50.96067],[-2.59812,50.96057],[-2.59823,50.96028],[-2.59833,50.96014],[-2.59835,50.96004],[-2.59833,50.95971],[-2.59838,50.95951],[-2.59865,50.95909],[-2.5987,50.95894],[-2.59873,50.95857],[-2.59869,50.95841],[-2.59853,50.95819],[-2.59847,50.95815],[-2.59803,50.96068]]]]},"properties":{"g":2}},
{"type":"Feature","geometry":{"type":"MultiPolygon","coordinates":[[[[-2.59728,50.96547],[-2.59731,50.9654],[-2.59747,50.96515],[-2.59748,50.96496],[-2.5974,50.96485],[-2.59719,50.96474],[-2.59695,50.96467],[-2.59668,50.96463],[-2.59615,50.96466],[-2.596,50.96462],[-2.59728,50.96547]]],[[[-2.5997,50.96708],[-2.59945,50.96688],[-2.59908,50.96664],[-2.59863,50.96637],[-2.5997,50.96708]]],[[[-2.59804,50.97333],[-2.59829,50.9731],[-2.59876,50.97285],[-2.59889,50.97275],[-2.59896,50.97258],[-2.59891,50.97242],[-2.59858,50.97194],[-2.59853,50.97182],[-2.59851,50.97165],[-2.59856,50.97152],[-2.59877,50.97132],[-2.59945,50.97095],[-2.59955,50.97084],[-2.59959,50.97071],[-2.59952,50.97053],[-2.59924,50.97018],[-2.59927,50.96995],[-2.59961,50.96965],[-2.59965,50.9695],[-2.59945,50.96925],[-2.59942,50.96915],[-2.59954,50.96866],[-2.59955,50.96828],[-2.5996,50.96813],[-2.59986,50.96757],[-2.59988,50.9674],[-2.59982,50.96725],[-2.59971,50.96709],[-2.59804,50.97333]]],[[[-2.60118,50.97798],[-2.60135,50.97785],[-2.60187,50.97751],[-2.60237,50.97712],[-2.60257,50.97691],[-2.60294,50.97667],[-2.60339,50.97634],[-2.60342,50.97628],[-2.60282,50.97611],[-2.6027,50.97604],[-2.60266,50.97596],[-2.60276,50.9757],[-2.60275,50.9756],[-2.60263,50.97543],[-2.60246,50.97525],[-2.60198,50.97494],[-2.60155,50.97476],[-2.60124,50.97466],[-2.60095,50.97463],[-2.60026,50.97472],[-2.59994,50.97474],[-2.59965,50.97472],[-2.59925,50.97463],[-2.59883,50.9745],[-2.60118,50.97798]]],[[[-2.59939,50.95476],[-2.59946,50.95465],[-2.59955,50.95435],[-2.59954,50.9542],[-2.59939,50.95476]]],[[[-2.57802,50.98215],[-2.57834,50.98215],[-2.5783,50.98201],[-2.57848,50.98189],[-2.57871,50.9818],[-2.57919,50.98164],[-2.57948,50.98153],[-2.58027,50.98144],[-2.58082,50.98135],[-2.58145,50.9807],[-2.5817,50.9804],[-2.58212,50.98001],[-2.58249,50.97963],[-2.58276,50.97933],[-2.57802,50.98215]]],[[[-2.57148,50.98604],[-2.5715,50.98605],[-2.57228,50.98621],[-2.57279,50.98634],[-2.57356,50.98651],[-2.5739,50.98655],[-2.57408,50.98663],[-2.57454,50.98669],[-2.57474,50.98666],[-2.57462,50.98612],[-2.57461,50.98572],[-2.57435,50.98509],[-2.57445,50.98479],[-2.57443,50.98451],[-2.57446,50.98426],[-2.57148,50.98604]]],[[[-2.61395,50.94098],[-2.61393,50.94099],[-2.61396,50.94104],[-2.61394,50.94118],[-2.614,50.94134],[-2.61413,50.94138],[-2.61433,50.9414],[-2.61534,50.94127],[-2.61565,50.9412],[-2.61586,50.94126],[-2.61603,50.94145],[-2.61609,50.94094],[-2.61609,50.94058],[-2.61604,50.94015],[-2.61592,50.93975],[-2.61571,50.93931],[-2.6157,50.9393],[-2.61395,50.94098]]]]},"properties":{"g":3}},
{"type":"Feature","geometry":{"type":"MultiPolygon","coordinates":[[[[-2.59857,50.95297],[-2.59857,50.95296],[-2.59856,50.95297],[-2.59857,50.95297]]],[[[-2.59954,50.95417],[-2.59953,50.95409],[-2.59945,50.95383],[-2.59929,50.95365],[-2.59901,50.95352],[-2.59954,50.95417]]],[[[-2.5988,50.95277],[-2.59921,50.9527],[-2.59936,50.95256],[-2.59936,50.95231],[-2.5988,50.95277]]]]},"properties":{"g":0}},
{"type":"Feature","geometry":{"type":"MultiPolygon","coordinates":[[[[-2.94976,50.73217],[-2.95016,50.73159],[-2.95054,50.73111],[-2.95064,50.73106],[-2.95092,50.73101],[-2.95109,50.73065],[-2.95148,50.73035],[-2.95173,50.73008],[-2.95211,50.72972],[-2.95231,50.72951],[-2.9528,50.72892],[-2.95298,50.72872],[-2.95307,50.7285],[-2.9531,50.72814],[-2.9531,50.72787],[-2.95308,50.72762],[-2.9529,50.72671],[-2.95304,50.72777],[-2.94969,50.73217],[-2.94976,50.73217]]],[[[-2.9526,50.72459],[-2.95244,50.72438],[-2.9522,50.72412],[-2.95162,50.72357],[-2.95139,50.72347],[-2.95103,50.72328],[-2.9526,50.72459]]],[[[-2.95027,50.72265],[-2.95025,50.72263],[-2.95023,50.72262],[-2.95027,50.72265]]],[[[-2.95397,50.81548],[-2.9539,50.81545],[-2.95379,50.81537],[-2.95347,50.81521],[-2.95303,50.8151],[-2.95258,50.81506],[-2.9525,50.81512],[-2.95213,50.81516],[-2.95194,50.81521],[-2.95193,50.81522],[-2.95397,50.81548]]],[[[-2.95132,50.81514],[-2.9513,50.81501],[-2.95092,50.81499],[-2.95037,50.81502],[-2.95132,50.81514]]],[[[-2.94692,50.81456],[-2.94722,50.81436],[-2.94717,50.81429],[-2.94693,50.81421],[-2.94657,50.81416],[-2.94692,50.81456]]],[[[-2.88729,50.79446],[-2.88742,50.7944],[-2.88795,50.79423],[-2.88848,50.79413],[-2.88889,50.79409],[-2.8892,50.7941],[-2.88929,50.794],[-2.8893,50.79387],[-2.88916,50.79392],[-2.88866,50.79374],[-2.88813,50.79357],[-2.88776,50.79344],[-2.88787,50.79319],[-2.88782,50.79292],[-2.88754,50.79269],[-2.88708,50.79253],[-2.88729,50.79446]]],[[[-2.8914,50.79042],[-2.8916,50.7904],[-2.89219,50.79032],[-2.89269,50.79027],[-2.89311,50.79016],[-2.89346,50.79002],[-2.89374,50.78986],[-2.89396,50.78969],[-2.89427,50.78941],[-2.89448,50.78919],[-2.89466,50.78894],[-2.89474,50.78879],[-2.8914,50.79042]]],[[[-2.9042,50.78529],[-2.9052,50.78523],[-2.90633,50.78515],[-2.90734,50.78505],[-2.9083,50.78498],[-2.90958,50.78486],[-2.91053,50.78479],[-2.91265,50.78459],[-2.91356,50.78449],[-2.91459,50.78432],[-2.91631,50.78399],[-2.91664,50.78395],[-2.91873,50.78373],[-2.91873,50.78368],[-2.9042,50.78529]]],[[[-2.92989,50.78237],[-2.93005,50.78233],[-2.93079,50.78215],[-2.93162,50.78193],[-2.93192,50.78183],[-2.93302,50.78134],[-2.93411,50.78087],[-2.93548,50.78024],[-2.93683,50.77959],[-2.93815,50.77892],[-2.93917,50.77841],[-2.94077,50.77755],[-2.94111,50.77737],[-2.94135,50.77723],[-2.92989,50.78237]]],[[[-2.94194,50.77688],[-2.94229,50.77668],[-2.94265,50.77643],[-2.94355,50.77587],[-2.94467,50.77507],[-2.9455,50.77445],[-2.94582,50.77423],[-2.9466,50.77363],[-2.94774,50.77283],[-2.9483,50.77243],[-2.9489,50.77203],[-2.9503,50.77097],[-2.95025,50.77093],[-2.95105,50.77037],[-2.95146,50.77008],[-2.95235,50.76934],[-2.95289,50.76891],[-2.95314,50.76868],[-2.95387,50.76812],[-2.95414,50.76788],[-2.94194,50.77688]]],[[[-2.95448,50.76746],[-2.95474,50.76701],[-2.95488,50.76673],[-2.95495,50.76653],[-2.95517,50.7661],[-2.95528,50.76594],[-2.95552,50.76566],[-2.95587,50.76513],[-2.95598,50.76485],[-2.95581,50.76452],[-2.95575,50.76435],[-2.95448,50.76746]]],[[[-2.95604,50.76364],[-2.95567,50.76343],[-2.95499,50.76306],[-2.95431,50.76276],[-2.95386,50.76259],[-2.95316,50.76224],[-2.9528,50.76198],[-2.95267,50.76184],[-2.95263,50.7617],[-2.95259,50.76138],[-2.95209,50.76136],[-2.9516,50.76132],[-2.95124,50.76127],[-2.95024,50.76108],[-2.94961,50.76092],[-2.94897,50.7607],[-2.94858,50.76054],[-2.94819,50.76035],[-2.94759,50.76009],[-2.94712,50.75991],[-2.9464,50.75964],[-2.94564,50.75935],[-2.94491,50.75905],[-2.94429,50.75881],[-2.94353,50.75856],[-2.94193,50.75797],[-2.9413,50.75771],[-2.94043,50.75747],[-2.93979,50.75726],[-2.93907,50.75696],[-2.93868,50.75678],[-2.93815,50.75635],[-2.93868,50.75687],[-2.95604,50.76364]]],[[[-2.95435,50.82101],[-2.95438,50.82095],[-2.95435,50.82096],[-2.95435,50.82101]]],[[[-2.95574,50.82023],[-2.95579,50.82035],[-2.95601,50.82047],[-2.95616,50.82045],[-2.95642,50.82031],[-2.9566,50.82036],[-2.95672,50.82048],[-2.95691,50.82048],[-2.957,50.82037],[-2.95734,50.82039],[-2.958,50.82009],[-2.95817,50.81999],[-2.95846,50.81963],[-2.95848,50.81948],[-2.95844,50.81921],[-2.95851,50.81905],[-2.95878,50.81881],[-2.95882,50.81862],[-2.95872,50.81839],[-2.9587,50.81836],[-2.95863,50.81839],[-2.95574,50.82023]]]]},"properties":{"g":3}},
{"type":"Feature","geometry":{"type":"MultiPolygon","coordinates":[[[[-2.94657,50.81416],[-2.94649,50.81415],[-2.94631,50.8141],[-2.94615,50.814],[-2.94598,50.81405],[-2.94691,50.81457],[-2.94692,50.81456],[-2.94657,50.81416]]],[[[-2.9587,50.81836],[-2.95866,50.81831],[-2.95839,50.81817],[-2.95828,50.81817],[-2.95863,50.81839],[-2.9587,50.81836]]],[[[-2.95768,50.81779],[-2.95772,50.81776],[-2.95809,50.81801],[-2.95862,50.81776],[-2.95893,50.81781],[-2.95916,50.81794],[-2.95935,50.81794],[-2.95947,50.81782],[-2.95934,50.81767],[-2.95915,50.81753],[-2.95912,50.81744],[-2.95918,50.81725],[-2.95948,50.81711],[-2.95962,50.8168],[-2.95989,50.81681],[-2.96072,50.81674],[-2.96109,50.81666],[-2.96123,50.81657],[-2.96132,50.81642],[-2.96131,50.81632],[-2.9614,50.81622],[-2.9616,50.81614],[-2.9616,50.81607],[-2.96133,50.81578],[-2.96137,50.81561],[-2.96127,50.81554],[-2.96107,50.81557],[-2.96092,50.81547],[-2.96081,50.81554],[-2.96079,50.81569],[-2.96061,50.81578],[-2.96059,50.81597],[-2.96046,50.81607],[-2.96048,50.81619],[-2.95999,50.8164],[-2.95906,50.81604],[-2.95891,50.8162],[-2.95872,50.81636],[-2.95843,50.81634],[-2.95829,50.81623],[-2.95828,50.81604],[-2.95841,50.81593],[-2.95832,50.81581],[-2.95817,50.81581],[-2.95801,50.81589],[-2.95776,50.81588],[-2.95742,50.81583],[-2.95675,50.81586],[-2.95647,50.81584],[-2.956,50.81571],[-2.95576,50.8156],[-2.95547,50.81554],[-2.95507,50.81556],[-2.95482,50.81538],[-2.95456,50.81539],[-2.95434,50.81553],[-2.95411,50.81553],[-2.95399,50.81548],[-2.95768,50.81779]]],[[[-2.94502,50.81352],[-2.94501,50.81349],[-2.94481,50.81337],[-2.94474,50.81337],[-2.94502,50.81352]]],[[[-2.94323,50.81254],[-2.94325,50.81244],[-2.94312,50.81236],[-2.94296,50.81239],[-2.94323,50.81254]]],[[[-2.9427,50.81225],[-2.94277,50.81216],[-2.9426,50.81205],[-2.94259,50.81194],[-2.94234,50.81189],[-2.94214,50.81189],[-2.94215,50.81175],[-2.94178,50.81169],[-2.94171,50.8117],[-2.9427,50.81225]]],[[[-2.94151,50.81159],[-2.94158,50.81147],[-2.94165,50.81115],[-2.94158,50.8111],[-2.94134,50.8111],[-2.94099,50.811],[-2.94082,50.8111],[-2.94071,50.81108],[-2.94076,50.81094],[-2.94049,50.81085],[-2.9403,50.81069],[-2.93995,50.81063],[-2.93979,50.81048],[-2.93949,50.81048],[-2.94151,50.81159]]],[[[-2.9391,50.81027],[-2.93911,50.81025],[-2.93904,50.81008],[-2.93893,50.81003],[-2.93869,50.80999],[-2.93851,50.80988],[-2.93824,50.80979],[-2.9391,50.81027]]],[[[-2.9346,50.80936],[-2.93459,50.80935],[-2.93462,50.80924],[-2.93446,50.80918],[-2.93432,50.80918],[-2.93388,50.80924],[-2.93366,50.80918],[-2.93343,50.80908],[-2.93327,50.80911],[-2.93316,50.8092],[-2.9346,50.80936]]],[[[-2.93275,50.80915],[-2.93268,50.80909],[-2.93248,50.80906],[-2.9324,50.80911],[-2.93275,50.80915]]],[[[-2.93154,50.80901],[-2.93154,50.809],[-2.93155,50.8087],[-2.93128,50.80864],[-2.93099,50.80871],[-2.93088,50.80889],[-2.93084,50.80893],[-2.93154,50.80901]]],[[[-2.9295,50.80877],[-2.92937,50.80863],[-2.92909,50.80852],[-2.92896,50.80842],[-2.92859,50.80834],[-2.92812,50.80837],[-2.92777,50.80835],[-2.92758,50.8084],[-2.92746,50.80832],[-2.92699,50.80825],[-2.92712,50.80809],[-2.92687,50.80794],[-2.92652,50.80787],[-2.92641,50.80796],[-2.92629,50.80815],[-2.92631,50.80824],[-2.92592,50.80828],[-2.92578,50.80826],[-2.92544,50.80818],[-2.92531,50.80799],[-2.92519,50.80802],[-2.92515,50.8082],[-2.92507,50.80825],[-2.9295,50.80877]]],[[[-2.92452,50.80819],[-2.92449,50.80818],[-2.92425,50.80798],[-2.9242,50.80789],[-2.92407,50.80784],[-2.92387,50.80785],[-2.92367,50.80782],[-2.92449,50.80818],[-2.92452,50.80819]]],[[[-2.92235,50.80723],[-2.92238,50.80715],[-2.92205,50.80706],[-2.92191,50.80691],[-2.92169,50.80693],[-2.92235,50.80723]]],[[[-2.91881,50.80573],[-2.91856,50.80563],[-2.91842,50.80567],[-2.91881,50.80573]]],[[[-2.91131,50.80465],[-2.91072,50.80462],[-2.91067,50.80465],[-2.91131,50.80465]]],[[[-2.90269,50.80467],[-2.90261,50.80462],[-2.90247,50.80467],[-2.90269,50.80467]]],[[[-2.90175,50.80467],[-2.90174,50.80467],[-2.90137,50.80463],[-2.90128,50.80467],[-2.90175,50.80467]]],[[[-2.89779,50.80468],[-2.89773,50.80466],[-2.89766,50.80468],[-2.89779,50.80468]]],[[[-2.89754,50.80468],[-2.8975,50.80459],[-2.89719,50.80452],[-2.89699,50.80454],[-2.89674,50.80467],[-2.8967,50.80469],[-2.89754,50.80468]]],[[[-2.89517,50.80469],[-2.89512,50.80466],[-2.89491,50.80465],[-2.89479,50.80469],[-2.89517,50.80469]]],[[[-2.8931,50.8047],[-2.89307,50.80468],[-2.89296,50.80469],[-2.89295,50.8047],[-2.8931,50.8047]]],[[[-2.89269,50.8047],[-2.89254,50.80462],[-2.89236,50.80451],[-2.89198,50.80429],[-2.89201,50.80409],[-2.89182,50.80401],[-2.89172,50.80389],[-2.89156,50.80383],[-2.89156,50.80378],[-2.8912,50.80364],[-2.89106,50.80353],[-2.89093,50.80348],[-2.89061,50.80346],[-2.89035,50.80348],[-2.89023,50.80345],[-2.8926,50.8047],[-2.89269,50.8047]]],[[[-2.89023,50.80345],[-2.89022,50.8033],[-2.89038,50.80311],[-2.89034,50.80294],[-2.8904,50.80282],[-2.8904,50.80255],[-2.89022,50.80251],[-2.88995,50.80234],[-2.88988,50.80219],[-2.88997,50.80206],[-2.89018,50.80187],[-2.89014,50.80175],[-2.8902,50.80161],[-2.89007,50.80149],[-2.88998,50.80148],[-2.89001,50.80133],[-2.8899,50.80123],[-2.88969,50.80113],[-2.88966,50.801],[-2.88982,50.8007],[-2.88952,50.80065],[-2.88935,50.80047],[-2.88928,50.80034],[-2.88919,50.80028],[-2.89023,50.80345]]],[[[-2.88885,50.79924],[-2.88888,50.79922],[-2.8889,50.79887],[-2.8889,50.79867],[-2.88881,50.79841],[-2.88871,50.79819],[-2.88854,50.79813],[-2.88853,50.79788],[-2.88848,50.79772],[-2.8883,50.79748],[-2.88827,50.79745],[-2.88885,50.79924]]],[[[-2.89937,50.78589],[-2.89971,50.78595],[-2.89974,50.78591],[-2.89997,50.78592],[-2.90023,50.78591],[-2.9006,50.78585],[-2.90109,50.78572],[-2.90177,50.78559],[-2.90236,50.78551],[-2.89937,50.78589]]],[[[-2.93569,50.75367],[-2.93594,50.75351],[-2.93611,50.75337],[-2.93633,50.75312],[-2.93651,50.75299],[-2.93664,50.75294],[-2.93703,50.7529],[-2.9372,50.75286],[-2.9377,50.75257],[-2.93789,50.75243],[-2.93828,50.75238],[-2.93855,50.75233],[-2.93872,50.75232],[-2.9389,50.75226],[-2.93917,50.75213],[-2.93955,50.75189],[-2.93968,50.75184],[-2.93977,50.75172],[-2.93992,50.75162],[-2.93982,50.75145],[-2.93996,50.75102],[-2.94001,50.75091],[-2.94002,50.75076],[-2.94012,50.75057],[-2.94027,50.75043],[-2.94022,50.75032],[-2.94042,50.75016],[-2.94049,50.74995],[-2.94057,50.74989],[-2.9405,50.74954],[-2.94058,50.74935],[-2.94068,50.74931],[-2.94069,50.74887],[-2.9406,50.74877],[-2.94059,50.74864],[-2.94058,50.74863],[-2.94058,50.74864],[-2.93569,50.75367]]],[[[-2.93802,50.74444],[-2.93801,50.74435],[-2.93786,50.7441],[-2.93807,50.74414],[-2.93829,50.74399],[-2.93842,50.74395],[-2.93836,50.74383],[-2.93845,50.74377],[-2.93845,50.74366],[-2.93883,50.74351],[-2.93886,50.74336],[-2.93894,50.74333],[-2.93908,50.74341],[-2.93934,50.74328],[-2.9395,50.74325],[-2.93955,50.74318],[-2.93987,50.74297],[-2.94013,50.74296],[-2.94023,50.74284],[-2.94044,50.74284],[-2.94063,50.7427],[-2.94071,50.74261],[-2.9406,50.74253],[-2.94077,50.74248],[-2.94078,50.74236],[-2.941,50.7423],[-2.94101,50.74213],[-2.94124,50.74203],[-2.94127,50.74181],[-2.94151,50.74168],[-2.94172,50.74152],[-2.94179,50.74143],[-2.94197,50.74138],[-2.94206,50.74128],[-2.94224,50.74123],[-2.94248,50.74108],[-2.94273,50.74081],[-2.94295,50.74063],[-2.94304,50.74048],[-2.94309,50.7402],[-2.94325,50.74014],[-2.94332,50.74004],[-2.9437,50.73995],[-2.94403,50.73956],[-2.94402,50.73945],[-2.94417,50.73939],[-2.94434,50.73919],[-2.94473,50.73895],[-2.9448,50.73882],[-2.94488,50.73878],[-2.94494,50.73862],[-2.94518,50.73849],[-2.94527,50.73832],[-2.94541,50.73822],[-2.94563,50.73798],[-2.94565,50.73782],[-2.94615,50.73762],[-2.94629,50.73754],[-2.94658,50.73729],[-2.94667,50.73705],[-2.94679,50.73691],[-2.94673,50.73685],[-2.9467,50.73692],[-2.93778,50.74405],[-2.93802,50.74444]]],[[[-2.94753,50.73417],[-2.94759,50.73409],[-2.94761,50.73389],[-2.94753,50.73417]]]]},"properties":{"g":4}},
{"type":"Feature","geometry":{"type":"Polygon","coordinates":[[[-2.94872,50.721],[-2.94881,50.72046],[-2.94878,50.71999],[-2.94865,50.71968],[-2.94834,50.71918],[-2.94822,50.71901],[-2.94818,50.71888],[-2.94793,50.71842],[-2.94781,50.7183],[-2.94727,50.71798],[-2.94726,50.71798],[-2.94872,50.721]]]},"properties":{"g":0}},
{"type":"Feature","geometry":{"type":"MultiPolygon","coordinates":[[[[-2.94969,50.73217],[-2.94761,50.73389],[-2.94759,50.73409],[-2.9476,50.73408],[-2.94766,50.73393],[-2.94778,50.73378],[-2.94805,50.73357],[-2.94837,50.73326],[-2.9493,50.73263],[-2.94972,50.73223],[-2.94976,50.73217],[-2.94969,50.73217]]],[[[-2.94992,50.72234],[-2.9498,50.72219],[-2.94962,50.72207],[-2.94992,50.72234]]],[[[-2.94962,50.72207],[-2.94947,50.7219],[-2.94906,50.72157],[-2.94962,50.72207]]]]},"properties":{"g":0}},
{"type":"Feature","geometry":{"type":"MultiPolygon","coordinates":[[[[-2.85588,50.83841],[-2.85145,50.83664],[-2.84265,50.83724],[-2.83925,50.83745],[-2.84292,50.84399],[-2.84416,50.84982],[-2.85478,50.84822],[-2.8528,50.84095],[-2.85588,50.83841]]],[[[-2.83751,50.81993],[-2.83063,50.81611],[-2.82924,50.81792],[-2.83338,50.82715],[-2.83816,50.83224],[-2.84139,50.83042],[-2.84527,50.82482],[-2.83751,50.81993]]],[[[-2.81464,50.84785],[-2.82513,50.85023],[-2.82876,50.84931],[-2.82881,50.8493],[-2.82875,50.84917],[-2.82865,50.84903],[-2.82855,50.84881],[-2.82862,50.84878],[-2.8296,50.84862],[-2.82968,50.84873],[-2.82978,50.8487],[-2.82998,50.84893],[-2.83019,50.84911],[-2.8404,50.84775],[-2.83744,50.8398],[-2.83721,50.83486],[-2.83217,50.83066],[-2.82905,50.82322],[-2.82313,50.81724],[-2.82192,50.81731],[-2.81758,50.8347],[-2.81684,50.83711],[-2.81604,50.84104],[-2.81527,50.84292],[-2.81464,50.84785]]]]},"properties":{"g":2}},
{"type":"Feature","geometry":{"type":"MultiPolygon","coordinates":[[[[-2.9529,50.72671],[-2.95286,50.72653],[-2.95267,50.72517],[-2.95254,50.72479],[-2.9526,50.72459],[-2.95103,50.72328],[-2.95075,50.72314],[-2.95064,50.72305],[-2.95027,50.72265],[-2.95023,50.72262],[-2.95172,50.72534],[-2.94823,50.72798],[-2.94969,50.73217],[-2.95304,50.72777],[-2.9529,50.72671]]],[[[-2.95193,50.81522],[-2.95175,50.81545],[-2.95147,50.81544],[-2.95145,50.81532],[-2.95133,50.81524],[-2.95132,50.81514],[-2.95037,50.81502],[-2.95024,50.81503],[-2.9502,50.81507],[-2.94992,50.81499],[-2.94977,50.8151],[-2.94954,50.81522],[-2.94949,50.81529],[-2.94954,50.81538],[-2.94945,50.81542],[-2.94912,50.81542],[-2.94921,50.81523],[-2.94904,50.81515],[-2.94877,50.81528],[-2.94853,50.81536],[-2.94825,50.81538],[-2.94796,50.81543],[-2.94784,50.81537],[-2.94756,50.81508],[-2.94732,50.81475],[-2.94714,50.81466],[-2.94684,50.81461],[-2.9469,50.81457],[-2.93971,50.81195],[-2.91062,50.80526],[-2.90142,50.8065],[-2.89785,50.80509],[-2.89337,50.80836],[-2.88785,50.8093],[-2.88438,50.806],[-2.88444,50.80141],[-2.88695,50.7953],[-2.88666,50.79489],[-2.88666,50.79473],[-2.88672,50.79468],[-2.88703,50.79458],[-2.88729,50.79446],[-2.88708,50.79253],[-2.88704,50.79252],[-2.88766,50.79202],[-2.88797,50.79178],[-2.88857,50.79146],[-2.88893,50.79132],[-2.88949,50.79116],[-2.88995,50.79098],[-2.89058,50.79052],[-2.89095,50.79045],[-2.8914,50.79042],[-2.89474,50.78879],[-2.89193,50.78472],[-2.89211,50.77923],[-2.88757,50.77171],[-2.89377,50.76996],[-2.90017,50.77818],[-2.90451,50.77527],[-2.89993,50.77306],[-2.89534,50.7632],[-2.8994,50.76011],[-2.90128,50.76972],[-2.9039,50.77321],[-2.90831,50.77362],[-2.90845,50.76634],[-2.91468,50.76575],[-2.92081,50.76741],[-2.92486,50.76405],[-2.91946,50.75663],[-2.90436,50.75279],[-2.89194,50.75567],[-2.88423,50.75267],[-2.88082,50.76016],[-2.87663,50.76352],[-2.87615,50.76793],[-2.86715,50.76449],[-2.86007,50.76499],[-2.86428,50.77],[-2.8786,50.77007],[-2.87385,50.77406],[-2.87392,50.77748],[-2.87959,50.77735],[-2.88163,50.78039],[-2.87898,50.78284],[-2.8792,50.78706],[-2.88504,50.78792],[-2.88145,50.79316],[-2.86893,50.79164],[-2.86442,50.79302],[-2.86508,50.79814],[-2.85879,50.8034],[-2.87196,50.81706],[-2.87467,50.82559],[-2.88871,50.83214],[-2.88508,50.83549],[-2.8856,50.84799],[-2.89735,50.84583],[-2.90197,50.84211],[-2.90767,50.84296],[-2.91685,50.84064],[-2.91648,50.83606],[-2.90779,50.8274],[-2.89863,50.82343],[-2.90197,50.81998],[-2.91276,50.82736],[-2.91617,50.8277],[-2.91902,50.83523],[-2.93266,50.83856],[-2.93246,50.83829],[-2.93244,50.83822],[-2.93297,50.83805],[-2.9333,50.83796],[-2.93331,50.83794],[-2.9319,50.83333],[-2.93943,50.83336],[-2.94254,50.8256],[-2.95398,50.81548],[-2.95397,50.81548],[-2.95193,50.81522]]],[[[-2.91873,50.78368],[-2.91873,50.78362],[-2.91944,50.78355],[-2.92049,50.78342],[-2.92113,50.78335],[-2.92161,50.78328],[-2.9232,50.78312],[-2.92424,50.783],[-2.92753,50.78266],[-2.92847,50.78258],[-2.92927,50.7825],[-2.92965,50.78243],[-2.92989,50.78237],[-2.94135,50.77723],[-2.94194,50.77688],[-2.95414,50.76788],[-2.95433,50.76771],[-2.95448,50.76746],[-2.95575,50.76435],[-2.9557,50.76422],[-2.95571,50.76411],[-2.95596,50.76381],[-2.95604,50.76364],[-2.93868,50.75687],[-2.93815,50.75635],[-2.93759,50.75588],[-2.93717,50.75553],[-2.93691,50.75532],[-2.93663,50.75515],[-2.93552,50.75457],[-2.9353,50.75444],[-2.93506,50.75427],[-2.93553,50.75377],[-2.93554,50.75376],[-2.93309,50.75022],[-2.93225,50.74393],[-2.93871,50.74091],[-2.94285,50.73495],[-2.93895,50.73147],[-2.93405,50.73421],[-2.92766,50.72845],[-2.92762,50.72847],[-2.9275,50.7286],[-2.9272,50.72885],[-2.92694,50.72896],[-2.92655,50.72917],[-2.92619,50.72927],[-2.92597,50.72931],[-2.92569,50.72933],[-2.92562,50.72934],[-2.92214,50.73087],[-2.91924,50.73144],[-2.9191,50.73155],[-2.91881,50.73166],[-2.91865,50.73169],[-2.9181,50.73166],[-2.91588,50.73209],[-2.91572,50.73217],[-2.91543,50.73222],[-2.91534,50.7322],[-2.91478,50.73231],[-2.91475,50.73231],[-2.91369,50.73252],[-2.91362,50.73257],[-2.91337,50.73266],[-2.91311,50.73271],[-2.91309,50.73264],[-2.91293,50.73267],[-2.91288,50.73277],[-2.91264,50.73303],[-2.91254,50.7331],[-2.91227,50.73309],[-2.91152,50.73314],[-2.91107,50.73309],[-2.911,50.73304],[-2.90909,50.73342],[-2.90623,50.73321],[-2.90614,50.73323],[-2.90603,50.7332],[-2.90547,50.73316],[-2.90531,50.73316],[-2.90529,50.73315],[-2.90472,50.73311],[-2.90466,50.73312],[-2.90405,50.73311],[-2.90355,50.73306],[-2.90317,50.733],[-2.90316,50.733],[-2.89873,50.73269],[-2.89544,50.73847],[-2.90189,50.74228],[-2.90545,50.75026],[-2.91095,50.74896],[-2.9202,50.75086],[-2.92699,50.75009],[-2.93116,50.75285],[-2.93212,50.75832],[-2.93756,50.76143],[-2.92738,50.76259],[-2.92904,50.76752],[-2.94079,50.76662],[-2.94359,50.77208],[-2.93702,50.77663],[-2.93049,50.7765],[-2.91907,50.78001],[-2.91154,50.77935],[-2.90893,50.77649],[-2.90514,50.77823],[-2.90278,50.78545],[-2.90411,50.7853],[-2.9042,50.78529],[-2.91873,50.78368]]],[[[-2.95435,50.82096],[-2.95418,50.82105],[-2.95429,50.82113],[-2.95435,50.82101],[-2.95435,50.82096]]],[[[-2.85588,50.83841],[-2.85936,50.83469],[-2.86421,50.83565],[-2.85821,50.84136],[-2.85745,50.84658],[-2.86629,50.84831],[-2.87919,50.84667],[-2.8792,50.84667],[-2.87929,50.8466],[-2.87923,50.84651],[-2.87903,50.84642],[-2.87908,50.84637],[-2.87928,50.84638],[-2.87957,50.84646],[-2.87984,50.84657],[-2.88173,50.84586],[-2.88116,50.8384],[-2.87929,50.83697],[-2.86937,50.83804],[-2.87028,50.8338],[-2.87782,50.83447],[-2.86925,50.82392],[-2.86943,50.81834],[-2.86245,50.81723],[-2.86189,50.80986],[-2.85226,50.80309],[-2.84005,50.80291],[-2.83926,50.7986],[-2.84693,50.79881],[-2.85308,50.80183],[-2.85272,50.78978],[-2.84956,50.78764],[-2.84889,50.78207],[-2.84491,50.78156],[-2.84532,50.7747],[-2.84178,50.78173],[-2.84002,50.78449],[-2.8296,50.80144],[-2.83697,50.80518],[-2.84101,50.80911],[-2.85214,50.81218],[-2.8559,50.81592],[-2.84962,50.82218],[-2.84241,50.83149],[-2.84265,50.83724],[-2.85145,50.83664],[-2.85588,50.83841]]],[[[-2.83751,50.81993],[-2.844,50.81772],[-2.83401,50.81455],[-2.82979,50.80856],[-2.82648,50.8078],[-2.82192,50.81731],[-2.82313,50.81724],[-2.83063,50.81611],[-2.83751,50.81993]]],[[[-2.81464,50.84785],[-2.81414,50.85884],[-2.81444,50.85852],[-2.81453,50.85853],[-2.81468,50.85835],[-2.8149,50.85801],[-2.81501,50.85788],[-2.81539,50.85752],[-2.81558,50.85742],[-2.8158,50.85715],[-2.8161,50.85685],[-2.81626,50.85675],[-2.81656,50.85665],[-2.81677,50.85655],[-2.81732,50.85601],[-2.81754,50.85577],[-2.81773,50.85562],[-2.8181,50.85542],[-2.81844,50.85516],[-2.81891,50.85494],[-2.81949,50.85456],[-2.81991,50.8544],[-2.82025,50.85419],[-2.82036,50.85401],[-2.82054,50.85391],[-2.82125,50.85368],[-2.82159,50.85364],[-2.82192,50.85356],[-2.82242,50.85322],[-2.82247,50.85314],[-2.8227,50.85294],[-2.82273,50.85285],[-2.82287,50.85277],[-2.82313,50.85256],[-2.82314,50.85249],[-2.82331,50.85242],[-2.82368,50.85234],[-2.82375,50.85231],[-2.82536,50.85122],[-2.82513,50.85023],[-2.81464,50.84785]]],[[[-2.89291,50.73975],[-2.88079,50.74326],[-2.87224,50.74818],[-2.87432,50.75347],[-2.88027,50.75306],[-2.88163,50.75008],[-2.8949,50.74755],[-2.89667,50.75087],[-2.90189,50.74966],[-2.90149,50.74373],[-2.89291,50.73975]]],[[[-2.85491,50.77744],[-2.85134,50.78376],[-2.85639,50.78849],[-2.86681,50.79228],[-2.86888,50.78876],[-2.87573,50.79105],[-2.87492,50.78584],[-2.87638,50.78034],[-2.86732,50.78149],[-2.85491,50.77744]]],[[[-2.86766,50.75352],[-2.86277,50.75778],[-2.87166,50.76311],[-2.87795,50.75812],[-2.86766,50.75352]]],[[[-2.85331,50.7612],[-2.85869,50.75934],[-2.85806,50.75552],[-2.85331,50.7612]]],[[[-2.85951,50.75405],[-2.86539,50.75335],[-2.86334,50.74941],[-2.85951,50.75405]]],[[[-2.86455,50.74792],[-2.86938,50.74721],[-2.87949,50.74201],[-2.88541,50.74007],[-2.8955,50.73415],[-2.89561,50.73247],[-2.89525,50.73244],[-2.89497,50.73239],[-2.89434,50.7323],[-2.89408,50.7323],[-2.89385,50.73232],[-2.89361,50.73229],[-2.89344,50.73237],[-2.89322,50.73238],[-2.89276,50.73234],[-2.89272,50.73217],[-2.89209,50.73212],[-2.89141,50.73199],[-2.89151,50.73211],[-2.89188,50.73215],[-2.89172,50.73221],[-2.89149,50.73222],[-2.89089,50.73213],[-2.88959,50.73199],[-2.88858,50.73181],[-2.88838,50.73175],[-2.88813,50.73175],[-2.88751,50.73165],[-2.8874,50.73162],[-2.88736,50.73148],[-2.88724,50.73145],[-2.88679,50.7314],[-2.88631,50.73139],[-2.88607,50.73136],[-2.88575,50.73128],[-2.88545,50.7313],[-2.8855,50.73124],[-2.88521,50.73121],[-2.88514,50.73123],[-2.88502,50.73123],[-2.87351,50.73983],[-2.86455,50.74792]]]]},"properties":{"g":3}},
{"type":"Feature","geometry":{"type":"MultiPolygon","coordinates":[[[[-2.95438,50.82095],[-2.95438,50.82094],[-2.9546,50.82073],[-2.95493,50.82058],[-2.95551,50.82018],[-2.9557,50.82014],[-2.95574,50.82023],[-2.95863,50.81839],[-2.95828,50.81817],[-2.9581,50.81817],[-2.95792,50.81828],[-2.95763,50.8183],[-2.95735,50.81824],[-2.95731,50.81814],[-2.95748,50.81794],[-2.95768,50.81779],[-2.95399,50.81548],[-2.95398,50.81548],[-2.94254,50.8256],[-2.93943,50.83336],[-2.9319,50.83333],[-2.93331,50.83794],[-2.93443,50.83728],[-2.93437,50.83709],[-2.93428,50.83663],[-2.93436,50.83648],[-2.93475,50.83643],[-2.93526,50.83629],[-2.93554,50.83619],[-2.93607,50.83596],[-2.93622,50.83593],[-2.93655,50.83577],[-2.93675,50.83571],[-2.93753,50.8354],[-2.93761,50.83532],[-2.938,50.83509],[-2.93804,50.83513],[-2.94165,50.83589],[-2.94171,50.83585],[-2.94194,50.83546],[-2.94209,50.835],[-2.9422,50.83502],[-2.9422,50.83501],[-2.94224,50.83488],[-2.94228,50.83488],[-2.94454,50.83102],[-2.94442,50.83085],[-2.94399,50.83045],[-2.94389,50.83029],[-2.94388,50.83016],[-2.94395,50.83],[-2.94412,50.82987],[-2.94467,50.82968],[-2.94462,50.82958],[-2.94443,50.82957],[-2.94411,50.82929],[-2.94414,50.82913],[-2.94455,50.82882],[-2.94481,50.82871],[-2.94497,50.82872],[-2.94501,50.82878],[-2.94493,50.8289],[-2.94533,50.82885],[-2.94531,50.8288],[-2.9451,50.82875],[-2.94498,50.82863],[-2.94502,50.82856],[-2.94523,50.8285],[-2.94541,50.82852],[-2.94553,50.82858],[-2.94555,50.8288],[-2.94561,50.8289],[-2.94577,50.82889],[-2.94604,50.82771],[-2.9459,50.82756],[-2.94584,50.82734],[-2.94596,50.82723],[-2.94599,50.82697],[-2.94607,50.82685],[-2.94625,50.82671],[-2.94607,50.82628],[-2.94619,50.82611],[-2.94643,50.82601],[-2.94657,50.82611],[-2.94732,50.82383],[-2.94732,50.82382],[-2.94734,50.82374],[-2.94736,50.82373],[-2.94737,50.82369],[-2.94745,50.82367],[-2.94752,50.82363],[-2.94769,50.82344],[-2.94797,50.82339],[-2.94827,50.82329],[-2.94855,50.82326],[-2.94865,50.82334],[-2.94867,50.82339],[-2.94958,50.82318],[-2.94949,50.82305],[-2.94944,50.82285],[-2.94936,50.82275],[-2.94959,50.82248],[-2.94982,50.82241],[-2.94994,50.82246],[-2.9501,50.82272],[-2.95028,50.82277],[-2.95054,50.82272],[-2.951,50.82285],[-2.95106,50.82284],[-2.95352,50.8214],[-2.95357,50.82135],[-2.95371,50.82117],[-2.95388,50.82085],[-2.95418,50.82105],[-2.95435,50.82096],[-2.95438,50.82095]]],[[[-2.94598,50.81405],[-2.94596,50.81406],[-2.94567,50.81407],[-2.9455,50.81397],[-2.94535,50.81375],[-2.94504,50.81368],[-2.94502,50.81352],[-2.94474,50.81337],[-2.9446,50.81337],[-2.94436,50.81344],[-2.94416,50.81342],[-2.9441,50.81331],[-2.94396,50.81324],[-2.94395,50.81308],[-2.94378,50.8129],[-2.94344,50.81296],[-2.94335,50.81289],[-2.94337,50.81271],[-2.94323,50.81254],[-2.94296,50.81239],[-2.94285,50.81242],[-2.94272,50.8124],[-2.94269,50.81226],[-2.9427,50.81225],[-2.94171,50.8117],[-2.94151,50.81173],[-2.94149,50.81163],[-2.94151,50.81159],[-2.93949,50.81048],[-2.93946,50.81048],[-2.93927,50.81042],[-2.93901,50.81044],[-2.93899,50.8104],[-2.9391,50.81027],[-2.93824,50.80979],[-2.93823,50.80979],[-2.9381,50.80991],[-2.93787,50.80986],[-2.93759,50.80986],[-2.93728,50.80993],[-2.93705,50.81008],[-2.93688,50.81009],[-2.93661,50.81006],[-2.93651,50.81002],[-2.93639,50.80987],[-2.93638,50.80976],[-2.93613,50.80971],[-2.93577,50.80968],[-2.93552,50.80983],[-2.93527,50.80964],[-2.93497,50.80943],[-2.93465,50.80943],[-2.9346,50.80936],[-2.93316,50.8092],[-2.9331,50.80924],[-2.93285,50.80923],[-2.93275,50.80915],[-2.9324,50.80911],[-2.93223,50.8092],[-2.93182,50.80918],[-2.93159,50.80914],[-2.93154,50.80901],[-2.93084,50.80893],[-2.93075,50.80901],[-2.93055,50.80894],[-2.93035,50.80905],[-2.93017,50.80909],[-2.92989,50.80909],[-2.92966,50.80902],[-2.92957,50.80884],[-2.9295,50.80877],[-2.92507,50.80825],[-2.925,50.8083],[-2.92452,50.80819],[-2.92449,50.80818],[-2.92367,50.80782],[-2.92352,50.80779],[-2.92338,50.8078],[-2.92311,50.80774],[-2.9229,50.80764],[-2.92272,50.80759],[-2.9224,50.80741],[-2.92232,50.80733],[-2.92235,50.80723],[-2.92169,50.80693],[-2.92141,50.80695],[-2.92102,50.80692],[-2.92076,50.80681],[-2.92063,50.80679],[-2.92054,50.80666],[-2.92017,50.80668],[-2.92024,50.80653],[-2.92013,50.80647],[-2.91982,50.80648],[-2.9196,50.80632],[-2.91927,50.80618],[-2.91906,50.80599],[-2.91918,50.80586],[-2.91912,50.80578],[-2.91884,50.80574],[-2.91881,50.80573],[-2.91842,50.80567],[-2.91837,50.80569],[-2.91825,50.80586],[-2.91797,50.80583],[-2.91765,50.80592],[-2.91744,50.80588],[-2.91703,50.80584],[-2.91673,50.80561],[-2.9165,50.80551],[-2.91635,50.80562],[-2.9161,50.80556],[-2.9158,50.80561],[-2.91569,50.80557],[-2.91571,50.80545],[-2.91559,50.80536],[-2.91543,50.80535],[-2.91528,50.80529],[-2.91514,50.80531],[-2.91489,50.80524],[-2.91455,50.80523],[-2.91438,50.80525],[-2.91405,50.80534],[-2.91381,50.80524],[-2.9137,50.80531],[-2.91359,50.8053],[-2.91339,50.80506],[-2.9133,50.80501],[-2.91309,50.80502],[-2.91299,50.80507],[-2.91278,50.80502],[-2.91258,50.80514],[-2.91237,50.8051],[-2.91213,50.80524],[-2.91202,50.80523],[-2.91182,50.80508],[-2.91159,50.805],[-2.91155,50.80478],[-2.91139,50.80465],[-2.91131,50.80465],[-2.91067,50.80465],[-2.91048,50.80476],[-2.91016,50.80477],[-2.91003,50.80469],[-2.90987,50.80471],[-2.90964,50.80467],[-2.90934,50.80473],[-2.90902,50.80475],[-2.90881,50.80472],[-2.90862,50.80476],[-2.90849,50.80472],[-2.90833,50.80479],[-2.90821,50.80478],[-2.90809,50.80468],[-2.90778,50.80476],[-2.90745,50.80468],[-2.9072,50.80471],[-2.90716,50.8048],[-2.90699,50.80481],[-2.90676,50.80488],[-2.90647,50.80488],[-2.90637,50.80499],[-2.90608,50.80496],[-2.90584,50.80503],[-2.90562,50.80523],[-2.90543,50.80527],[-2.90524,50.80526],[-2.90509,50.80519],[-2.90473,50.80516],[-2.90461,50.80507],[-2.90448,50.80503],[-2.90427,50.80503],[-2.90417,50.80496],[-2.90394,50.80496],[-2.90384,50.80488],[-2.90357,50.8049],[-2.90354,50.80486],[-2.90282,50.80475],[-2.90269,50.80467],[-2.90247,50.80467],[-2.90212,50.80479],[-2.90204,50.80479],[-2.90175,50.80467],[-2.90128,50.80467],[-2.90111,50.80476],[-2.90075,50.80473],[-2.90021,50.80492],[-2.90024,50.80499],[-2.90012,50.80509],[-2.89991,50.80509],[-2.89957,50.80514],[-2.89931,50.80509],[-2.89925,50.80493],[-2.899,50.80482],[-2.89867,50.80475],[-2.89844,50.80474],[-2.89826,50.80469],[-2.89787,50.80471],[-2.89779,50.80468],[-2.89766,50.80468],[-2.89755,50.80472],[-2.89754,50.80468],[-2.8967,50.80469],[-2.89645,50.80479],[-2.89602,50.80486],[-2.89587,50.80492],[-2.89564,50.80494],[-2.89536,50.80482],[-2.89517,50.80469],[-2.89479,50.80469],[-2.89471,50.80472],[-2.89436,50.80492],[-2.89423,50.80495],[-2.89392,50.80494],[-2.89373,50.80488],[-2.89367,50.80472],[-2.89325,50.80478],[-2.8931,50.8047],[-2.89295,50.8047],[-2.89287,50.80479],[-2.89269,50.8047],[-2.8926,50.8047],[-2.89023,50.80345],[-2.88919,50.80028],[-2.88909,50.80021],[-2.88897,50.80008],[-2.88894,50.79996],[-2.88875,50.79972],[-2.88872,50.79962],[-2.88876,50.79941],[-2.88872,50.79931],[-2.88885,50.79924],[-2.88827,50.79745],[-2.88819,50.79738],[-2.88769,50.79712],[-2.88753,50.79699],[-2.88734,50.79689],[-2.88723,50.79677],[-2.8872,50.79654],[-2.887,50.79608],[-2.88706,50.79584],[-2.88705,50.7955],[-2.887,50.79538],[-2.88695,50.7953],[-2.88444,50.80141],[-2.88438,50.806],[-2.88785,50.8093],[-2.89337,50.80836],[-2.89785,50.80509],[-2.90142,50.8065],[-2.91062,50.80526],[-2.93971,50.81195],[-2.9469,50.81457],[-2.94691,50.81457],[-2.94598,50.81405]]],[[[-2.89474,50.78879],[-2.89479,50.78871],[-2.89512,50.7882],[-2.89522,50.788],[-2.89564,50.78754],[-2.89592,50.78731],[-2.89677,50.78655],[-2.89703,50.7864],[-2.89727,50.78623],[-2.89745,50.78614],[-2.89746,50.78614],[-2.89779,50.78603],[-2.89812,50.78596],[-2.89844,50.78595],[-2.89864,50.78588],[-2.89917,50.78586],[-2.89937,50.78589],[-2.90236,50.78551],[-2.90276,50.78545],[-2.90278,50.78545],[-2.90514,50.77823],[-2.90893,50.77649],[-2.90831,50.77362],[-2.9039,50.77321],[-2.90128,50.76972],[-2.8994,50.76011],[-2.89534,50.7632],[-2.89993,50.77306],[-2.90451,50.77527],[-2.90017,50.77818],[-2.89377,50.76996],[-2.88757,50.77171],[-2.89211,50.77923],[-2.89193,50.78472],[-2.89474,50.78879]]],[[[-2.94058,50.74863],[-2.94043,50.74849],[-2.94026,50.7484],[-2.9402,50.74825],[-2.9401,50.74817],[-2.93996,50.74787],[-2.93986,50.74784],[-2.93967,50.74771],[-2.93952,50.74746],[-2.93934,50.74727],[-2.93914,50.74711],[-2.93898,50.74684],[-2.93884,50.7467],[-2.93888,50.74652],[-2.93862,50.74637],[-2.9385,50.74607],[-2.93838,50.74607],[-2.93825,50.74597],[-2.93825,50.74578],[-2.93831,50.74562],[-2.93822,50.74556],[-2.93824,50.74545],[-2.93823,50.74511],[-2.93828,50.74506],[-2.93802,50.74493],[-2.93803,50.74483],[-2.93792,50.74478],[-2.93803,50.74458],[-2.93802,50.74444],[-2.93778,50.74405],[-2.9467,50.73692],[-2.94673,50.73685],[-2.94666,50.73679],[-2.94663,50.73648],[-2.94658,50.73637],[-2.94662,50.73616],[-2.94647,50.73619],[-2.94645,50.73608],[-2.94656,50.73599],[-2.94662,50.73585],[-2.94651,50.73574],[-2.9465,50.7356],[-2.94633,50.73548],[-2.94631,50.73526],[-2.94603,50.73526],[-2.94584,50.73518],[-2.94606,50.73506],[-2.94631,50.73502],[-2.94673,50.73509],[-2.94678,50.73493],[-2.94702,50.73499],[-2.94712,50.73488],[-2.94729,50.73453],[-2.94744,50.73428],[-2.94753,50.73417],[-2.94761,50.73389],[-2.93895,50.73147],[-2.94285,50.73495],[-2.93871,50.74091],[-2.93225,50.74393],[-2.93309,50.75022],[-2.93554,50.75376],[-2.93569,50.75367],[-2.94058,50.74864],[-2.94058,50.74863]]],[[[-2.84265,50.83724],[-2.84241,50.83149],[-2.84962,50.82218],[-2.8559,50.81592],[-2.85214,50.81218],[-2.84101,50.80911],[-2.83697,50.80518],[-2.8296,50.80144],[-2.82648,50.8078],[-2.82979,50.80856],[-2.83401,50.81455],[-2.844,50.81772],[-2.83751,50.81993],[-2.84527,50.82482],[-2.84139,50.83042],[-2.83816,50.83224],[-2.83338,50.82715],[-2.82924,50.81792],[-2.83063,50.81611],[-2.82313,50.81724],[-2.82905,50.82322],[-2.83217,50.83066],[-2.83721,50.83486],[-2.83744,50.8398],[-2.8404,50.84775],[-2.84044,50.84778],[-2.84077,50.84772],[-2.84126,50.84758],[-2.8417,50.84743],[-2.84198,50.84736],[-2.84239,50.8473],[-2.84293,50.8474],[-2.84313,50.84752],[-2.84313,50.84759],[-2.84282,50.84773],[-2.84293,50.8479],[-2.84297,50.84811],[-2.8432,50.84818],[-2.84323,50.84825],[-2.84309,50.84832],[-2.84305,50.84844],[-2.84318,50.8486],[-2.84319,50.84881],[-2.84328,50.84888],[-2.8435,50.84893],[-2.84364,50.849],[-2.84376,50.84916],[-2.84378,50.84928],[-2.8437,50.84931],[-2.84344,50.8493],[-2.84354,50.8496],[-2.84379,50.84976],[-2.84393,50.84995],[-2.84388,50.85015],[-2.844,50.85027],[-2.84443,50.85022],[-2.84457,50.85012],[-2.84477,50.85017],[-2.84481,50.85028],[-2.84461,50.85034],[-2.84454,50.85045],[-2.84483,50.85059],[-2.84499,50.85071],[-2.8449,50.8508],[-2.84496,50.851],[-2.84492,50.85114],[-2.84504,50.85122],[-2.84524,50.85119],[-2.84537,50.85125],[-2.84524,50.85141],[-2.84507,50.85149],[-2.8452,50.85159],[-2.84644,50.85127],[-2.84652,50.85118],[-2.8465,50.85103],[-2.8464,50.85088],[-2.84653,50.85079],[-2.84696,50.85074],[-2.84717,50.85075],[-2.84743,50.85093],[-2.84744,50.85101],[-2.84888,50.85064],[-2.8489,50.85063],[-2.84891,50.85063],[-2.85159,50.84994],[-2.85176,50.84987],[-2.85219,50.84976],[-2.85239,50.84948],[-2.85247,50.84943],[-2.85272,50.84941],[-2.85311,50.84948],[-2.85321,50.84952],[-2.85401,50.84932],[-2.8541,50.84926],[-2.85422,50.84927],[-2.85428,50.84929],[-2.86182,50.84908],[-2.86188,50.84892],[-2.86197,50.84887],[-2.86221,50.84885],[-2.86246,50.84888],[-2.86289,50.84903],[-2.86308,50.84897],[-2.86315,50.84889],[-2.86314,50.84874],[-2.86321,50.84867],[-2.86349,50.84856],[-2.86375,50.84854],[-2.86391,50.84869],[-2.86412,50.84877],[-2.86426,50.84871],[-2.86433,50.84851],[-2.86442,50.84844],[-2.86457,50.84843],[-2.86468,50.84849],[-2.86482,50.84863],[-2.86497,50.8487],[-2.86523,50.84865],[-2.86533,50.84841],[-2.86545,50.84836],[-2.86573,50.84841],[-2.86584,50.84849],[-2.8659,50.84881],[-2.86601,50.84897],[-2.86731,50.84893],[-2.86748,50.84885],[-2.86763,50.84883],[-2.86772,50.84892],[-2.8694,50.84887],[-2.86961,50.84882],[-2.86971,50.84874],[-2.86962,50.84865],[-2.86942,50.84859],[-2.86926,50.84845],[-2.86925,50.84837],[-2.86934,50.84824],[-2.86955,50.84811],[-2.86973,50.84807],[-2.87005,50.84811],[-2.87035,50.84812],[-2.8705,50.84815],[-2.87073,50.84834],[-2.87088,50.84831],[-2.87108,50.84821],[-2.87123,50.84828],[-2.87121,50.8485],[-2.87131,50.84871],[-2.87134,50.84882],[-2.87723,50.84865],[-2.87744,50.84858],[-2.87749,50.84858],[-2.87813,50.84786],[-2.87805,50.84779],[-2.87785,50.84772],[-2.87783,50.84755],[-2.87792,50.84735],[-2.87815,50.84732],[-2.87845,50.84721],[-2.87874,50.84718],[-2.8789,50.847],[-2.87881,50.84687],[-2.87892,50.84671],[-2.87919,50.84667],[-2.86629,50.84831],[-2.85745,50.84658],[-2.85821,50.84136],[-2.86421,50.83565],[-2.85936,50.83469],[-2.85588,50.83841],[-2.8528,50.84095],[-2.85478,50.84822],[-2.84416,50.84982],[-2.84292,50.84399],[-2.83925,50.83745],[-2.84265,50.83724]]],[[[-2.82513,50.85023],[-2.82536,50.85122],[-2.82538,50.85122],[-2.82568,50.85102],[-2.82578,50.85088],[-2.826,50.85082],[-2.82636,50.85066],[-2.82671,50.85068],[-2.82706,50.85062],[-2.82719,50.85065],[-2.82732,50.85085],[-2.82935,50.85047],[-2.82934,50.85045],[-2.82933,50.85044],[-2.82924,50.8504],[-2.82919,50.85016],[-2.82876,50.84931],[-2.82513,50.85023]]],[[[-2.92081,50.76741],[-2.91398,50.77367],[-2.91389,50.77601],[-2.92144,50.77774],[-2.92151,50.77397],[-2.92823,50.7696],[-2.93049,50.7765],[-2.93702,50.77663],[-2.94359,50.77208],[-2.94079,50.76662],[-2.92904,50.76752],[-2.92738,50.76259],[-2.93756,50.76143],[-2.93212,50.75832],[-2.93116,50.75285],[-2.92699,50.75009],[-2.9202,50.75086],[-2.91095,50.74896],[-2.90545,50.75026],[-2.90189,50.74228],[-2.89544,50.73847],[-2.89873,50.73269],[-2.89736,50.73258],[-2.89727,50.73264],[-2.89729,50.7328],[-2.89719,50.73283],[-2.89678,50.73279],[-2.89624,50.73272],[-2.89603,50.73266],[-2.89584,50.73247],[-2.89579,50.73245],[-2.89571,50.73245],[-2.89561,50.73247],[-2.8955,50.73415],[-2.88541,50.74007],[-2.87949,50.74201],[-2.86938,50.74721],[-2.86455,50.74792],[-2.86334,50.74941],[-2.86539,50.75335],[-2.85951,50.75405],[-2.85806,50.75552],[-2.85869,50.75934],[-2.85331,50.7612],[-2.84993,50.76509],[-2.84532,50.7747],[-2.84491,50.78156],[-2.84889,50.78207],[-2.84956,50.78764],[-2.85272,50.78978],[-2.85308,50.80183],[-2.84693,50.79881],[-2.83926,50.7986],[-2.84005,50.80291],[-2.85226,50.80309],[-2.86189,50.80986],[-2.86245,50.81723],[-2.86943,50.81834],[-2.86925,50.82392],[-2.87782,50.83447],[-2.87028,50.8338],[-2.86937,50.83804],[-2.87929,50.83697],[-2.88116,50.8384],[-2.88173,50.84586],[-2.87984,50.84657],[-2.87992,50.8466],[-2.88023,50.84671],[-2.88045,50.84661],[-2.88056,50.8466],[-2.88084,50.84673],[-2.88091,50.84682],[-2.88091,50.84691],[-2.88097,50.84709],[-2.88097,50.84719],[-2.88068,50.84741],[-2.88072,50.84752],[-2.88104,50.84757],[-2.88116,50.84768],[-2.88125,50.84796],[-2.88134,50.84799],[-2.88185,50.84804],[-2.88209,50.84814],[-2.88213,50.84826],[-2.88203,50.84842],[-2.8821,50.84854],[-2.88223,50.84852],[-2.8829,50.84827],[-2.88305,50.84837],[-2.88308,50.84868],[-2.88304,50.84881],[-2.8828,50.84898],[-2.8826,50.84922],[-2.88281,50.8493],[-2.88347,50.84938],[-2.88339,50.84933],[-2.8834,50.84916],[-2.88367,50.84918],[-2.88384,50.84931],[-2.88387,50.84943],[-2.88832,50.85001],[-2.88839,50.84994],[-2.88857,50.84984],[-2.8887,50.84984],[-2.88881,50.84999],[-2.88903,50.85005],[-2.89023,50.84937],[-2.89024,50.84934],[-2.89026,50.84904],[-2.89037,50.84895],[-2.89066,50.84899],[-2.89085,50.84894],[-2.89098,50.84885],[-2.8912,50.84881],[-2.89129,50.84876],[-2.89134,50.84873],[-2.8914,50.84856],[-2.8916,50.84843],[-2.89177,50.84842],[-2.89182,50.84846],[-2.89255,50.84805],[-2.89256,50.84787],[-2.89253,50.84769],[-2.89261,50.84764],[-2.89297,50.84764],[-2.89311,50.84758],[-2.89336,50.8474],[-2.89316,50.84725],[-2.89315,50.84715],[-2.89341,50.84679],[-2.89369,50.84673],[-2.89378,50.84676],[-2.89388,50.84688],[-2.89389,50.84709],[-2.894,50.84719],[-2.89404,50.8472],[-2.89443,50.84698],[-2.89443,50.84697],[-2.89446,50.84691],[-2.89486,50.84669],[-2.89508,50.84666],[-2.89515,50.84668],[-2.90059,50.84605],[-2.90058,50.84597],[-2.90074,50.84586],[-2.90107,50.84585],[-2.90136,50.84594],[-2.90159,50.84591],[-2.90171,50.84577],[-2.90175,50.84567],[-2.90198,50.84541],[-2.90223,50.84502],[-2.90227,50.84499],[-2.90248,50.84468],[-2.9024,50.84463],[-2.90219,50.84468],[-2.90191,50.84477],[-2.90172,50.84477],[-2.90145,50.84471],[-2.90128,50.8446],[-2.90127,50.84449],[-2.90158,50.84421],[-2.90174,50.84412],[-2.90191,50.84408],[-2.90246,50.84405],[-2.90273,50.84407],[-2.90291,50.84403],[-2.90297,50.84395],[-2.90299,50.84379],[-2.90318,50.84374],[-2.9041,50.84386],[-2.90423,50.84385],[-2.90464,50.84365],[-2.90494,50.84364],[-2.90548,50.84372],[-2.90581,50.84369],[-2.90652,50.84369],[-2.90663,50.84375],[-2.90665,50.84405],[-2.90668,50.84418],[-2.90684,50.84422],[-2.90714,50.84406],[-2.90753,50.84402],[-2.90785,50.84401],[-2.90834,50.84405],[-2.90855,50.84411],[-2.90865,50.84425],[-2.90874,50.84446],[-2.90887,50.84453],[-2.90904,50.84456],[-2.90916,50.84456],[-2.90947,50.84447],[-2.90962,50.8445],[-2.90998,50.84468],[-2.91035,50.84472],[-2.91041,50.84469],[-2.91046,50.8445],[-2.91039,50.84414],[-2.91046,50.844],[-2.91061,50.84394],[-2.91084,50.84389],[-2.91106,50.84388],[-2.9111,50.84402],[-2.91091,50.84431],[-2.91092,50.84435],[-2.91258,50.84321],[-2.9126,50.84313],[-2.91268,50.84306],[-2.91287,50.84302],[-2.91314,50.84283],[-2.91307,50.84271],[-2.91305,50.84259],[-2.91339,50.84238],[-2.91355,50.84235],[-2.91378,50.8424],[-2.91416,50.84213],[-2.9142,50.84202],[-2.91441,50.84201],[-2.91444,50.84201],[-2.9215,50.84039],[-2.92169,50.84029],[-2.92187,50.84025],[-2.92195,50.84028],[-2.92231,50.8402],[-2.92235,50.84008],[-2.92273,50.84001],[-2.92321,50.83994],[-2.92362,50.8399],[-2.92498,50.83958],[-2.925,50.83952],[-2.92515,50.83945],[-2.92543,50.83947],[-2.92553,50.83952],[-2.92657,50.83985],[-2.92695,50.8397],[-2.92714,50.83968],[-2.92731,50.83972],[-2.92739,50.83981],[-2.92756,50.83989],[-2.92766,50.83998],[-2.92778,50.84002],[-2.9282,50.83995],[-2.92837,50.83996],[-2.92849,50.84003],[-2.92852,50.84015],[-2.92838,50.84024],[-2.92806,50.84032],[-2.92872,50.84053],[-2.92886,50.84044],[-2.92915,50.84045],[-2.92957,50.84079],[-2.93033,50.84072],[-2.93034,50.84049],[-2.92988,50.8405],[-2.92985,50.8404],[-2.92992,50.84034],[-2.92988,50.84022],[-2.93004,50.84005],[-2.93012,50.83981],[-2.93016,50.83952],[-2.93027,50.83907],[-2.93047,50.83895],[-2.93068,50.83866],[-2.93114,50.83884],[-2.93144,50.83889],[-2.93189,50.83893],[-2.93226,50.8389],[-2.93231,50.83889],[-2.93266,50.83856],[-2.91902,50.83523],[-2.91617,50.8277],[-2.91276,50.82736],[-2.90197,50.81998],[-2.89863,50.82343],[-2.90779,50.8274],[-2.91648,50.83606],[-2.91685,50.84064],[-2.90767,50.84296],[-2.90197,50.84211],[-2.89735,50.84583],[-2.8856,50.84799],[-2.88508,50.83549],[-2.88871,50.83214],[-2.87467,50.82559],[-2.87196,50.81706],[-2.85879,50.8034],[-2.86508,50.79814],[-2.86442,50.79302],[-2.86893,50.79164],[-2.88145,50.79316],[-2.88504,50.78792],[-2.8792,50.78706],[-2.87898,50.78284],[-2.88163,50.78039],[-2.87959,50.77735],[-2.87392,50.77748],[-2.87385,50.77406],[-2.8786,50.77007],[-2.86428,50.77],[-2.86007,50.76499],[-2.86715,50.76449],[-2.87615,50.76793],[-2.87663,50.76352],[-2.88082,50.76016],[-2.88423,50.75267],[-2.89194,50.75567],[-2.90436,50.75279],[-2.91946,50.75663],[-2.92486,50.76405],[-2.92081,50.76741]],[[-2.89291,50.73975],[-2.90149,50.74373],[-2.90189,50.74966],[-2.89667,50.75087],[-2.8949,50.74755],[-2.88163,50.75008],[-2.88027,50.75306],[-2.87432,50.75347],[-2.87224,50.74818],[-2.88079,50.74326],[-2.89291,50.73975]],[[-2.85491,50.77744],[-2.86732,50.78149],[-2.87638,50.78034],[-2.87492,50.78584],[-2.87573,50.79105],[-2.86888,50.78876],[-2.86681,50.79228],[-2.85639,50.78849],[-2.85134,50.78376],[-2.85491,50.77744]],[[-2.86766,50.75352],[-2.87795,50.75812],[-2.87166,50.76311],[-2.86277,50.75778],[-2.86766,50.75352]]]]},"properties":{"g":4}},
{"type":"Feature","geometry":{"type":"MultiPolygon","coordinates":[[[[-2.94726,50.71798],[-2.94662,50.71813],[-2.94647,50.71819],[-2.94572,50.7184],[-2.94525,50.71847],[-2.94514,50.71848],[-2.94268,50.71906],[-2.94893,50.72146],[-2.94873,50.72126],[-2.94871,50.72107],[-2.94872,50.721],[-2.94726,50.71798]]],[[[-2.90831,50.77362],[-2.90893,50.77649],[-2.91154,50.77935],[-2.91907,50.78001],[-2.93049,50.7765],[-2.92823,50.7696],[-2.92151,50.77397],[-2.92144,50.77774],[-2.91389,50.77601],[-2.91398,50.77367],[-2.92081,50.76741],[-2.91468,50.76575],[-2.90845,50.76634],[-2.90831,50.77362]]]]},"properties":{"g":0}},
{"type":"Feature","geometry":{"type":"Polygon","coordinates":[[[-2.94969,50.73217],[-2.94823,50.72798],[-2.95172,50.72534],[-2.95023,50.72262],[-2.95022,50.72261],[-2.95005,50.7225],[-2.94992,50.72234],[-2.94962,50.72207],[-2.94906,50.72157],[-2.94893,50.72146],[-2.94268,50.71906],[-2.94129,50.71914],[-2.94064,50.71928],[-2.93967,50.7194],[-2.93943,50.7194],[-2.93868,50.71934],[-2.93863,50.7193],[-2.93663,50.71942],[-2.93659,50.71972],[-2.93666,50.71977],[-2.93658,50.71979],[-2.93656,50.71994],[-2.93674,50.71991],[-2.93695,50.71984],[-2.93711,50.71966],[-2.93744,50.71972],[-2.93756,50.71983],[-2.93763,50.72012],[-2.93744,50.72023],[-2.93741,50.72036],[-2.93745,50.7205],[-2.93717,50.72056],[-2.93676,50.7201],[-2.93666,50.72011],[-2.93706,50.72058],[-2.93723,50.7208],[-2.93735,50.72102],[-2.93702,50.72114],[-2.93682,50.72148],[-2.93684,50.72171],[-2.93669,50.72199],[-2.93655,50.72212],[-2.93633,50.7224],[-2.93622,50.72249],[-2.93617,50.72291],[-2.93521,50.72313],[-2.93514,50.72321],[-2.93491,50.72336],[-2.9345,50.72347],[-2.93427,50.72355],[-2.93372,50.7237],[-2.93327,50.72379],[-2.93305,50.72379],[-2.93269,50.72399],[-2.93252,50.72411],[-2.93234,50.7242],[-2.93226,50.72433],[-2.93264,50.72441],[-2.93275,50.72461],[-2.93245,50.72442],[-2.93189,50.72435],[-2.93138,50.72455],[-2.931,50.72462],[-2.93081,50.72456],[-2.93072,50.72442],[-2.93053,50.72447],[-2.93029,50.72482],[-2.93017,50.7248],[-2.92997,50.72485],[-2.9296,50.72482],[-2.92962,50.72467],[-2.92955,50.72462],[-2.92966,50.72441],[-2.92958,50.72438],[-2.92932,50.72444],[-2.92867,50.72535],[-2.92869,50.72542],[-2.92876,50.72557],[-2.92864,50.72561],[-2.92868,50.72568],[-2.92872,50.72589],[-2.92883,50.72601],[-2.92886,50.72615],[-2.92881,50.72628],[-2.92861,50.7263],[-2.92855,50.72643],[-2.92859,50.7265],[-2.9286,50.72678],[-2.92854,50.72692],[-2.92843,50.72704],[-2.92833,50.72707],[-2.9282,50.72718],[-2.92801,50.72725],[-2.928,50.72742],[-2.92779,50.72745],[-2.92769,50.72739],[-2.92735,50.7276],[-2.92748,50.72769],[-2.92769,50.72769],[-2.92789,50.72763],[-2.92826,50.72741],[-2.92848,50.7274],[-2.92848,50.72748],[-2.92818,50.7277],[-2.92799,50.72778],[-2.92815,50.72783],[-2.92789,50.72798],[-2.92784,50.72811],[-2.92785,50.72826],[-2.92765,50.72833],[-2.92769,50.72839],[-2.92765,50.72844],[-2.92766,50.72845],[-2.93405,50.73421],[-2.93895,50.73147],[-2.94761,50.73389],[-2.94969,50.73217]]]},"properties":{"g":0}},
{"type":"Feature","geometry":{"type":"MultiPolygon","coordinates":[[[[-2.83019,50.84911],[-2.83071,50.84956],[-2.83091,50.84975],[-2.83103,50.84993],[-2.83166,50.84979],[-2.83143,50.84947],[-2.83196,50.84937],[-2.83273,50.84928],[-2.83298,50.84923],[-2.83333,50.8492],[-2.83429,50.84915],[-2.8343,50.84925],[-2.83478,50.8492],[-2.83572,50.84904],[-2.83712,50.84883],[-2.83727,50.84881],[-2.83726,50.84871],[-2.83845,50.84826],[-2.83897,50.84808],[-2.84036,50.84779],[-2.8404,50.84778],[-2.8404,50.84775],[-2.83019,50.84911]]],[[[-2.82876,50.84931],[-2.82919,50.85016],[-2.82916,50.84999],[-2.82898,50.84969],[-2.82881,50.8493],[-2.82876,50.84931]]],[[[-2.82935,50.85047],[-2.82941,50.85051],[-2.82942,50.85047],[-2.82933,50.85044],[-2.82934,50.85045],[-2.82935,50.85047]]]]},"properties":{"g":2}},
{"type":"Feature","geometry":{"type":"MultiPolygon","coordinates":[[[[-2.82375,50.85231],[-2.82446,50.85203],[-2.82529,50.85127],[-2.82537,50.85122],[-2.82536,50.85122],[-2.82375,50.85231]]],[[[-2.82192,50.85356],[-2.82202,50.85353],[-2.82217,50.85346],[-2.82234,50.85334],[-2.82242,50.85322],[-2.82192,50.85356]]],[[[-2.95106,50.82284],[-2.95104,50.82286],[-2.9511,50.82288],[-2.95127,50.8229],[-2.95154,50.82287],[-2.95171,50.82274],[-2.95194,50.82264],[-2.95219,50.82246],[-2.95245,50.82238],[-2.95284,50.82237],[-2.95295,50.82234],[-2.95306,50.82224],[-2.95322,50.82196],[-2.95329,50.82163],[-2.95352,50.8214],[-2.95106,50.82284]]],[[[-2.94577,50.82889],[-2.94591,50.82888],[-2.94602,50.82883],[-2.9461,50.82859],[-2.94605,50.82852],[-2.94611,50.82836],[-2.94628,50.82811],[-2.94616,50.82784],[-2.94604,50.82771],[-2.94577,50.82889]]],[[[-2.92957,50.84079],[-2.92962,50.84083],[-2.92977,50.84089],[-2.93003,50.84094],[-2.93025,50.84086],[-2.93032,50.8408],[-2.93033,50.84072],[-2.92957,50.84079]]],[[[-2.88951,50.84994],[-2.88972,50.84989],[-2.88989,50.84977],[-2.88951,50.84994]]],[[[-2.92792,50.84077],[-2.92796,50.84081],[-2.9281,50.84081],[-2.92821,50.84077],[-2.92792,50.84077]]]]},"properties":{"g":3}},
{"type":"Feature","geometry":{"type":"MultiPolygon","coordinates":[[[[-2.9333,50.83796],[-2.93374,50.83783],[-2.93454,50.83765],[-2.93443,50.83728],[-2.93331,50.83794],[-2.9333,50.83796]]],[[[-2.951,50.82285],[-2.95104,50.82286],[-2.95106,50.82284],[-2.951,50.82285]]],[[[-2.94867,50.82339],[-2.94871,50.82354],[-2.94878,50.82364],[-2.94896,50.82371],[-2.94919,50.82375],[-2.94942,50.82375],[-2.94954,50.8237],[-2.94969,50.82355],[-2.94968,50.82331],[-2.94958,50.82318],[-2.94867,50.82339]]],[[[-2.94736,50.82373],[-2.94745,50.82367],[-2.94737,50.82369],[-2.94736,50.82373]]],[[[-2.94657,50.82611],[-2.94681,50.82615],[-2.94702,50.82607],[-2.94724,50.82607],[-2.94751,50.82592],[-2.94746,50.82584],[-2.94717,50.8257],[-2.9471,50.82559],[-2.94708,50.82531],[-2.9474,50.82528],[-2.94787,50.82532],[-2.94802,50.82526],[-2.94783,50.82505],[-2.94759,50.82485],[-2.94775,50.8246],[-2.94774,50.82453],[-2.94751,50.82429],[-2.94744,50.82429],[-2.9474,50.82397],[-2.94732,50.82383],[-2.94657,50.82611]]],[[[-2.94228,50.83488],[-2.94264,50.83487],[-2.94287,50.83478],[-2.94298,50.83479],[-2.94328,50.83447],[-2.94375,50.83386],[-2.94426,50.83323],[-2.94411,50.83304],[-2.94417,50.83278],[-2.94393,50.83274],[-2.94385,50.83264],[-2.94391,50.83248],[-2.94433,50.83239],[-2.94443,50.83228],[-2.94406,50.83219],[-2.94397,50.83207],[-2.94403,50.83193],[-2.94417,50.83187],[-2.94431,50.83188],[-2.94455,50.832],[-2.94466,50.83198],[-2.94456,50.8318],[-2.94459,50.83156],[-2.9446,50.83125],[-2.94455,50.83103],[-2.94454,50.83102],[-2.94228,50.83488]]],[[[-2.94171,50.83585],[-2.94176,50.83582],[-2.94186,50.8357],[-2.94194,50.83546],[-2.94171,50.83585]]],[[[-2.93804,50.83513],[-2.93826,50.83536],[-2.93848,50.83554],[-2.93872,50.83585],[-2.93882,50.83591],[-2.93913,50.83599],[-2.93952,50.83617],[-2.93975,50.83635],[-2.93995,50.83635],[-2.94008,50.83643],[-2.94033,50.83634],[-2.94096,50.83619],[-2.94122,50.83607],[-2.94137,50.83591],[-2.94162,50.83591],[-2.94165,50.83589],[-2.93804,50.83513]]],[[[-2.87874,50.84718],[-2.87882,50.84717],[-2.87891,50.84701],[-2.8789,50.847],[-2.87874,50.84718]]],[[[-2.87749,50.84858],[-2.87767,50.84856],[-2.87788,50.84859],[-2.87804,50.84866],[-2.87793,50.84891],[-2.87802,50.84895],[-2.87832,50.84893],[-2.87855,50.84879],[-2.87862,50.84853],[-2.87892,50.84829],[-2.87897,50.84818],[-2.87861,50.84777],[-2.87837,50.84792],[-2.87821,50.84793],[-2.87813,50.84786],[-2.87749,50.84858]]],[[[-2.87134,50.84882],[-2.87137,50.84891],[-2.87158,50.84905],[-2.87196,50.84891],[-2.87224,50.84886],[-2.87256,50.84887],[-2.87264,50.84901],[-2.87258,50.84927],[-2.87267,50.84936],[-2.87296,50.84943],[-2.8733,50.84942],[-2.87345,50.84937],[-2.87367,50.84913],[-2.87381,50.84892],[-2.8739,50.84885],[-2.87423,50.84881],[-2.87441,50.84882],[-2.87473,50.84903],[-2.87488,50.84903],[-2.87508,50.84895],[-2.87543,50.84888],[-2.87571,50.8489],[-2.87605,50.84915],[-2.8763,50.84921],[-2.87663,50.84916],[-2.87679,50.84907],[-2.87694,50.84931],[-2.87712,50.84927],[-2.87711,50.8491],[-2.87694,50.84898],[-2.87713,50.84873],[-2.87721,50.84866],[-2.87723,50.84865],[-2.87134,50.84882]]],[[[-2.86772,50.84892],[-2.86787,50.84908],[-2.86819,50.84906],[-2.86839,50.84901],[-2.86856,50.84899],[-2.86912,50.849],[-2.8694,50.84887],[-2.86772,50.84892]]],[[[-2.86601,50.84897],[-2.86603,50.849],[-2.86619,50.84905],[-2.86641,50.84906],[-2.86656,50.84911],[-2.86683,50.84929],[-2.86705,50.84929],[-2.86712,50.84906],[-2.86719,50.84899],[-2.86731,50.84893],[-2.86601,50.84897]]],[[[-2.85428,50.84929],[-2.85448,50.84937],[-2.85474,50.84952],[-2.85504,50.84962],[-2.85509,50.84976],[-2.85522,50.85],[-2.85519,50.85021],[-2.85535,50.8503],[-2.85559,50.85031],[-2.85575,50.85021],[-2.85586,50.85006],[-2.85597,50.85],[-2.85621,50.85002],[-2.85678,50.85024],[-2.85698,50.85022],[-2.85713,50.85006],[-2.8574,50.85013],[-2.85764,50.85027],[-2.85782,50.85035],[-2.85805,50.85037],[-2.85816,50.85032],[-2.85823,50.85008],[-2.85841,50.85002],[-2.85895,50.85008],[-2.85916,50.85006],[-2.85928,50.84991],[-2.85939,50.84985],[-2.8596,50.84981],[-2.85987,50.84964],[-2.85997,50.84962],[-2.86032,50.84977],[-2.86041,50.84976],[-2.86045,50.84964],[-2.86063,50.84946],[-2.86075,50.84943],[-2.8613,50.84935],[-2.86151,50.84927],[-2.86181,50.84911],[-2.86182,50.84908],[-2.85428,50.84929]]],[[[-2.85321,50.84952],[-2.85338,50.8496],[-2.85367,50.84964],[-2.8539,50.84958],[-2.85397,50.84951],[-2.85397,50.84934],[-2.85401,50.84932],[-2.85321,50.84952]]],[[[-2.84891,50.85063],[-2.84905,50.85066],[-2.8491,50.85089],[-2.84935,50.85087],[-2.84967,50.85068],[-2.84989,50.85082],[-2.85011,50.85085],[-2.85025,50.85068],[-2.85048,50.85066],[-2.85061,50.85075],[-2.85074,50.85075],[-2.85114,50.85052],[-2.85125,50.8504],[-2.85128,50.85027],[-2.85159,50.84994],[-2.84891,50.85063]]],[[[-2.84744,50.85101],[-2.84745,50.85115],[-2.84752,50.85133],[-2.84765,50.85136],[-2.84785,50.85129],[-2.84794,50.85114],[-2.84805,50.85112],[-2.84851,50.85125],[-2.84863,50.85117],[-2.84847,50.85097],[-2.84849,50.85088],[-2.84888,50.85064],[-2.84744,50.85101]]],[[[-2.84507,50.85149],[-2.84506,50.8515],[-2.8452,50.85161],[-2.84568,50.85153],[-2.84635,50.85138],[-2.84644,50.85127],[-2.8452,50.85159],[-2.84507,50.85149]]],[[[-2.8404,50.84775],[-2.8404,50.84778],[-2.84044,50.84778],[-2.8404,50.84775]]],[[[-2.82732,50.85085],[-2.8274,50.85096],[-2.8274,50.85112],[-2.82748,50.85126],[-2.82756,50.85129],[-2.82778,50.85112],[-2.82794,50.85114],[-2.82809,50.85126],[-2.82833,50.85134],[-2.82833,50.85146],[-2.82822,50.85172],[-2.82835,50.85191],[-2.82868,50.85204],[-2.8287,50.85191],[-2.82855,50.85176],[-2.82869,50.85173],[-2.82898,50.85177],[-2.82916,50.85168],[-2.829,50.85158],[-2.82902,50.8515],[-2.82919,50.85132],[-2.82914,50.85118],[-2.82919,50.85096],[-2.82932,50.85096],[-2.82946,50.85075],[-2.8294,50.85056],[-2.82941,50.85051],[-2.82935,50.85047],[-2.82732,50.85085]]],[[[-2.92806,50.84032],[-2.92799,50.84034],[-2.92785,50.84045],[-2.92786,50.84069],[-2.92792,50.84077],[-2.92821,50.84077],[-2.92852,50.84066],[-2.92872,50.84053],[-2.92806,50.84032]]],[[[-2.92553,50.83952],[-2.92579,50.83965],[-2.92617,50.83977],[-2.92631,50.83987],[-2.92649,50.83988],[-2.92657,50.83985],[-2.92553,50.83952]]],[[[-2.92362,50.8399],[-2.92379,50.83988],[-2.92401,50.83983],[-2.9242,50.83984],[-2.92438,50.83995],[-2.92451,50.83997],[-2.92484,50.83997],[-2.92502,50.83993],[-2.92509,50.83976],[-2.92497,50.83961],[-2.92498,50.83958],[-2.92362,50.8399]]],[[[-2.92195,50.84028],[-2.92214,50.84037],[-2.92227,50.84032],[-2.92231,50.8402],[-2.92195,50.84028]]],[[[-2.91444,50.84201],[-2.91478,50.84203],[-2.91507,50.84208],[-2.91523,50.84204],[-2.91552,50.84191],[-2.91595,50.84181],[-2.91656,50.84177],[-2.91697,50.8418],[-2.91731,50.84178],[-2.91732,50.84171],[-2.91705,50.84164],[-2.91714,50.84156],[-2.91739,50.84156],[-2.91754,50.84158],[-2.91756,50.84181],[-2.91796,50.84181],[-2.91827,50.84176],[-2.91855,50.84167],[-2.91869,50.84165],[-2.91895,50.84168],[-2.91924,50.84179],[-2.91939,50.84174],[-2.9192,50.84166],[-2.9191,50.84152],[-2.91928,50.84145],[-2.91952,50.8415],[-2.91991,50.84144],[-2.92008,50.84139],[-2.92031,50.84125],[-2.92049,50.84099],[-2.92072,50.84086],[-2.92082,50.84064],[-2.92096,50.84056],[-2.92137,50.84045],[-2.9215,50.84039],[-2.91444,50.84201]]],[[[-2.91378,50.8424],[-2.91385,50.84241],[-2.91402,50.84238],[-2.91413,50.84222],[-2.91416,50.84213],[-2.91378,50.8424]]],[[[-2.91287,50.84302],[-2.91307,50.84297],[-2.91319,50.8429],[-2.91314,50.84283],[-2.91287,50.84302]]],[[[-2.91092,50.84435],[-2.91094,50.84441],[-2.9111,50.84438],[-2.91148,50.84417],[-2.91163,50.8441],[-2.912,50.84412],[-2.91224,50.84404],[-2.91236,50.84394],[-2.91242,50.84382],[-2.91255,50.84337],[-2.91258,50.84321],[-2.91092,50.84435]]],[[[-2.90998,50.84468],[-2.91013,50.84475],[-2.91031,50.84474],[-2.91035,50.84472],[-2.90998,50.84468]]],[[[-2.90887,50.84453],[-2.9089,50.84455],[-2.90904,50.84456],[-2.90887,50.84453]]],[[[-2.90227,50.84499],[-2.9025,50.84481],[-2.90256,50.84472],[-2.90248,50.84468],[-2.90227,50.84499]]],[[[-2.89515,50.84668],[-2.89526,50.84672],[-2.89531,50.84689],[-2.89571,50.84714],[-2.89591,50.84717],[-2.89624,50.84706],[-2.89642,50.84704],[-2.89659,50.84709],[-2.89671,50.84731],[-2.89696,50.84741],[-2.89726,50.8475],[-2.89747,50.8475],[-2.89796,50.84735],[-2.89804,50.8473],[-2.89817,50.84711],[-2.89835,50.84694],[-2.89843,50.84677],[-2.8986,50.84676],[-2.89885,50.8469],[-2.89898,50.84711],[-2.89912,50.84723],[-2.89928,50.84728],[-2.89944,50.84727],[-2.89957,50.84717],[-2.89954,50.84689],[-2.89971,50.84673],[-2.90006,50.84673],[-2.90038,50.84666],[-2.90077,50.84664],[-2.90098,50.84652],[-2.90105,50.84639],[-2.90082,50.84626],[-2.9006,50.84608],[-2.90059,50.84605],[-2.89515,50.84668]]],[[[-2.89404,50.8472],[-2.89421,50.84725],[-2.89441,50.84727],[-2.89447,50.84722],[-2.89443,50.84698],[-2.89404,50.8472]]],[[[-2.89182,50.84846],[-2.89192,50.84855],[-2.89209,50.84858],[-2.89213,50.84849],[-2.89209,50.84834],[-2.89225,50.84828],[-2.89245,50.84835],[-2.89253,50.84827],[-2.89255,50.84805],[-2.89182,50.84846]]],[[[-2.8912,50.84881],[-2.89122,50.84881],[-2.89129,50.84876],[-2.8912,50.84881]]],[[[-2.88903,50.85005],[-2.88933,50.84999],[-2.88951,50.84994],[-2.88989,50.84977],[-2.89012,50.84961],[-2.89023,50.84937],[-2.88903,50.85005]]],[[[-2.88387,50.84943],[-2.88389,50.84951],[-2.88396,50.84958],[-2.88433,50.84958],[-2.88475,50.84961],[-2.88493,50.84972],[-2.88477,50.84986],[-2.88491,50.85019],[-2.88506,50.85031],[-2.88609,50.85054],[-2.88637,50.85051],[-2.8864,50.85042],[-2.88619,50.85029],[-2.88624,50.85011],[-2.88652,50.85019],[-2.88672,50.85032],[-2.88684,50.85036],[-2.88737,50.85028],[-2.88765,50.85019],[-2.88802,50.85015],[-2.88824,50.85008],[-2.88832,50.85001],[-2.88387,50.84943]]],[[[-2.88281,50.8493],[-2.88334,50.84948],[-2.88353,50.84942],[-2.88347,50.84938],[-2.88281,50.8493]]],[[[-2.93231,50.83889],[-2.93279,50.83877],[-2.93274,50.83866],[-2.93266,50.83856],[-2.93231,50.83889]]]]},"properties":{"g":4}},
{"type":"Feature","geometry":{"type":"MultiPolygon","coordinates":[[[[-2.59437,50.94588],[-2.59525,50.94758],[-2.6056,50.94474],[-2.60699,50.94203],[-2.602,50.94098],[-2.59437,50.94588]]],[[[-2.58898,50.94743],[-2.5916,50.94067],[-2.6035,50.93594],[-2.60504,50.93404],[-2.60084,50.92903],[-2.59745,50.93021],[-2.59694,50.93516],[-2.59397,50.93644],[-2.585,50.93594],[-2.57591,50.93788],[-2.57907,50.94002],[-2.56901,50.94366],[-2.56792,50.94745],[-2.57701,50.94632],[-2.58258,50.948],[-2.58234,50.9516],[-2.58553,50.95554],[-2.58995,50.9566],[-2.59059,50.95102],[-2.58898,50.94743]]],[[[-2.54056,50.95774],[-2.54685,50.96014],[-2.55355,50.96038],[-2.55965,50.95819],[-2.55987,50.95324],[-2.55245,50.95166],[-2.54708,50.95555],[-2.54056,50.95774]]],[[[-2.54927,50.97191],[-2.55457,50.97449],[-2.56207,50.97041],[-2.55788,50.96557],[-2.54881,50.96921],[-2.54927,50.97191]]]]},"properties":{"g":1}},
{"type":"Feature","geometry":{"type":"MultiPolygon","coordinates":[[[[-2.79469,50.80119],[-2.7973,50.80123],[-2.80072,50.80193],[-2.80229,50.79391],[-2.80218,50.79391],[-2.79469,50.80119]]],[[[-2.33623,50.71057],[-2.31446,50.70372],[-2.30825,50.70706],[-2.31457,50.71218],[-2.33623,50.71057]]],[[[-2.82088,50.73015],[-2.82291,50.72389],[-2.82188,50.7221],[-2.82023,50.72381],[-2.82088,50.73015]]],[[[-2.57659,50.97523],[-2.56443,50.97678],[-2.5604,50.97338],[-2.56451,50.97183],[-2.57279,50.97314],[-2.5807,50.96998],[-2.58631,50.96304],[-2.58103,50.96015],[-2.57704,50.96026],[-2.56185,50.96366],[-2.556,50.96324],[-2.55788,50.96557],[-2.56207,50.97041],[-2.55457,50.97449],[-2.54927,50.97191],[-2.54051,50.97788],[-2.54113,50.98175],[-2.53789,50.98509],[-2.54547,50.98575],[-2.54546,50.98551],[-2.54542,50.98508],[-2.54642,50.9851],[-2.54695,50.98507],[-2.54755,50.98498],[-2.54771,50.98495],[-2.54806,50.98486],[-2.54922,50.98437],[-2.54943,50.98426],[-2.54991,50.98395],[-2.55022,50.9838],[-2.5512,50.98353],[-2.55349,50.98275],[-2.55621,50.97954],[-2.55656,50.97943],[-2.55717,50.97924],[-2.55745,50.97917],[-2.56236,50.97771],[-2.56237,50.97771],[-2.5636,50.97914],[-2.56392,50.9794],[-2.56439,50.98],[-2.56457,50.98027],[-2.56622,50.98219],[-2.56645,50.98236],[-2.56674,50.98269],[-2.56697,50.98299],[-2.56715,50.98327],[-2.5673,50.98344],[-2.56749,50.98362],[-2.56769,50.98389],[-2.57267,50.98207],[-2.57659,50.97523]]],[[[-2.5931,50.95746],[-2.59688,50.95252],[-2.59525,50.94758],[-2.59437,50.94588],[-2.58898,50.94743],[-2.59059,50.95102],[-2.58995,50.9566],[-2.58553,50.95554],[-2.58234,50.9516],[-2.58258,50.948],[-2.57701,50.94632],[-2.57438,50.952],[-2.58051,50.95323],[-2.5807,50.95692],[-2.58979,50.96018],[-2.5931,50.95746]]],[[[-2.81527,50.84292],[-2.80825,50.84333],[-2.79313,50.83993],[-2.78779,50.83484],[-2.78636,50.84267],[-2.7929,50.84317],[-2.80761,50.84783],[-2.81464,50.84785],[-2.81527,50.84292]]],[[[-2.82192,50.81731],[-2.81748,50.81917],[-2.80851,50.81752],[-2.8063,50.82122],[-2.80639,50.82617],[-2.81758,50.8347],[-2.82192,50.81731]]],[[[-2.54056,50.95774],[-2.53831,50.96036],[-2.54176,50.96313],[-2.53397,50.96622],[-2.53342,50.96847],[-2.53431,50.97117],[-2.54129,50.97185],[-2.54625,50.96967],[-2.55246,50.96425],[-2.55355,50.96038],[-2.54685,50.96014],[-2.54056,50.95774]]],[[[-1.9341,50.64173],[-1.93439,50.64166],[-1.93497,50.64161],[-1.93543,50.64161],[-1.93585,50.6415],[-1.93665,50.64139],[-1.93698,50.64132],[-1.93732,50.64136],[-1.93749,50.64135],[-1.93783,50.64125],[-1.93836,50.64127],[-1.93859,50.6412],[-1.93895,50.64117],[-1.93918,50.64119],[-1.93939,50.64131],[-1.93958,50.64123],[-1.93969,50.64125],[-1.93985,50.64114],[-1.94014,50.64101],[-1.94046,50.64093],[-1.94061,50.64093],[-1.9409,50.64101],[-1.94116,50.64112],[-1.94139,50.64125],[-1.95455,50.63857],[-1.95511,50.63623],[-1.94507,50.63641],[-1.93447,50.63937],[-1.93291,50.6418],[-1.9341,50.64173]]],[[[-2.19327,50.67781],[-2.19227,50.67484],[-2.18788,50.6735],[-2.18081,50.67504],[-2.17898,50.67837],[-2.19327,50.67781]]],[[[-2.28021,50.70713],[-2.28774,50.71125],[-2.29354,50.71141],[-2.29253,50.70746],[-2.28103,50.70326],[-2.28021,50.70713]]],[[[-2.80213,50.81811],[-2.80105,50.81317],[-2.79704,50.81104],[-2.78873,50.81451],[-2.79135,50.81872],[-2.80213,50.81811]]],[[[-2.07701,50.8096],[-2.07417,50.80807],[-2.06295,50.80619],[-2.06935,50.8123],[-2.07488,50.81311],[-2.07701,50.8096]]],[[[-2.50884,50.98648],[-2.51484,50.98771],[-2.52052,50.98625],[-2.52085,50.97752],[-2.5225,50.97248],[-2.5199,50.96943],[-2.52411,50.96357],[-2.50791,50.96616],[-2.50049,50.96484],[-2.49937,50.96745],[-2.4927,50.96937],[-2.49845,50.97465],[-2.4995,50.97914],[-2.50884,50.98648]]]]},"properties":{"g":2}},
{"type":"Feature","geometry":{"type":"MultiPolygon","coordinates":[[[[-1.95399,50.79761],[-1.96034,50.80363],[-1.96461,50.80278],[-1.9683,50.79802],[-1.98249,50.79865],[-1.98859,50.80423],[-1.99597,50.80809],[-2.00576,50.81493],[-2.01087,50.81691],[-2.00505,50.81979],[-2.00817,50.82572],[-1.9988,50.82221],[-1.99156,50.82563],[-1.99753,50.83022],[-2.00732,50.83534],[-2.01031,50.8393],[-2.01741,50.84316],[-2.01755,50.8482],[-2.01457,50.85153],[-2.01376,50.8564],[-2.02849,50.84832],[-2.05935,50.83716],[-2.0651,50.83007],[-2.08141,50.81266],[-2.08392,50.81086],[-2.07701,50.8096],[-2.07488,50.81311],[-2.06935,50.8123],[-2.06295,50.80619],[-2.04577,50.79451],[-2.03527,50.79118],[-2.03187,50.79622],[-2.02151,50.79586],[-2.00718,50.79955],[-2.00689,50.80585],[-1.99909,50.80072],[-1.98518,50.79568],[-1.9822,50.79631],[-1.97355,50.7928],[-1.95582,50.79235],[-1.95297,50.79341],[-1.95399,50.79761]]],[[[-1.98728,50.83321],[-1.98872,50.82986],[-1.98858,50.82239],[-1.99597,50.81799],[-1.99724,50.81394],[-1.99142,50.81304],[-1.99043,50.80827],[-1.97936,50.80674],[-1.97168,50.8144],[-1.98222,50.8244],[-1.98728,50.83321]]],[[[-1.9953,50.8624],[-2.00946,50.85692],[-2.01201,50.84496],[-2.00605,50.83957],[-1.99639,50.83408],[-1.98818,50.8354],[-1.9953,50.8624]]],[[[-1.99488,50.86973],[-2.01122,50.85816],[-2.00278,50.86214],[-1.99492,50.86887],[-1.99488,50.86973]]],[[[-2.34305,50.7102],[-2.34883,50.71089],[-2.35077,50.71029],[-2.35297,50.70614],[-2.37482,50.68291],[-2.38357,50.67669],[-2.39874,50.66825],[-2.42356,50.65914],[-2.41279,50.66168],[-2.40513,50.65946],[-2.3972,50.65913],[-2.38997,50.65654],[-2.37523,50.65416],[-2.37719,50.65074],[-2.36531,50.65177],[-2.35936,50.65062],[-2.34423,50.65066],[-2.33943,50.65194],[-2.33278,50.65124],[-2.33685,50.64745],[-2.35367,50.64641],[-2.36598,50.64664],[-2.37006,50.64429],[-2.37125,50.6334],[-2.36247,50.63136],[-2.36044,50.63135],[-2.36043,50.63135],[-2.35991,50.63139],[-2.35888,50.6314],[-2.35808,50.63138],[-2.35774,50.63134],[-2.35769,50.63133],[-2.34716,50.63126],[-2.34637,50.63147],[-2.34552,50.63166],[-2.34487,50.63179],[-2.34423,50.63189],[-2.34335,50.632],[-2.34232,50.63205],[-2.34144,50.63206],[-2.34072,50.63203],[-2.3399,50.63198],[-2.33894,50.63189],[-2.33793,50.63176],[-2.33377,50.63199],[-2.32851,50.62769],[-2.32199,50.62537],[-2.32011,50.62543],[-2.32007,50.62552],[-2.31979,50.62553],[-2.31929,50.62549],[-2.31908,50.62546],[-2.30757,50.62585],[-2.28918,50.62271],[-2.28889,50.62271],[-2.28871,50.62274],[-2.28815,50.62275],[-2.28782,50.62274],[-2.28225,50.62286],[-2.26528,50.62146],[-2.25862,50.61869],[-2.2496,50.61803],[-2.24954,50.61804],[-2.24956,50.61805],[-2.24963,50.61812],[-2.24958,50.6184],[-2.24949,50.61852],[-2.2495,50.6186],[-2.24918,50.61888],[-2.24896,50.61901],[-2.24865,50.61914],[-2.24834,50.61922],[-2.24798,50.61928],[-2.24749,50.61934],[-2.24692,50.61939],[-2.24666,50.6194],[-2.24611,50.61934],[-2.24569,50.61924],[-2.24508,50.61905],[-2.24479,50.61893],[-2.24251,50.61935],[-2.24083,50.62358],[-2.23292,50.62441],[-2.23534,50.62845],[-2.22687,50.62946],[-2.22745,50.63269],[-2.22279,50.6345],[-2.21007,50.6365],[-2.19734,50.63518],[-2.18677,50.64347],[-2.18876,50.6476],[-2.1995,50.64408],[-2.20458,50.64047],[-2.2077,50.64298],[-2.20446,50.64703],[-2.195,50.64984],[-2.1885,50.653],[-2.19107,50.65767],[-2.19744,50.65928],[-2.20479,50.6581],[-2.20664,50.65998],[-2.19731,50.66198],[-2.19067,50.66468],[-2.18997,50.66639],[-2.1965,50.67106],[-2.19227,50.67484],[-2.19327,50.67781],[-2.20629,50.67716],[-2.22231,50.6827],[-2.23137,50.68269],[-2.25475,50.68812],[-2.25801,50.68812],[-2.26766,50.69178],[-2.27712,50.68843],[-2.27964,50.68384],[-2.28698,50.68067],[-2.28637,50.67285],[-2.29527,50.67085],[-2.29516,50.67481],[-2.3062,50.67568],[-2.30891,50.67864],[-2.31907,50.67466],[-2.32488,50.67509],[-2.33565,50.67794],[-2.34089,50.67792],[-2.34063,50.68161],[-2.33427,50.68253],[-2.33528,50.68567],[-2.33048,50.68712],[-2.3234,50.68651],[-2.32689,50.67931],[-2.32193,50.6786],[-2.31741,50.68033],[-2.31518,50.6851],[-2.30966,50.68565],[-2.30811,50.68683],[-2.30432,50.6916],[-2.30009,50.69395],[-2.28789,50.68931],[-2.27772,50.6932],[-2.2688,50.69304],[-2.26428,50.69521],[-2.26784,50.69979],[-2.28021,50.70713],[-2.28103,50.70326],[-2.29253,50.70746],[-2.29354,50.71141],[-2.28774,50.71125],[-2.29213,50.71407],[-2.29732,50.71314],[-2.31457,50.71218],[-2.30825,50.70706],[-2.31446,50.70372],[-2.33623,50.71057],[-2.33651,50.71054],[-2.34305,50.7102]]],[[[-2.56055,50.93296],[-2.53502,50.93704],[-2.50553,50.94032],[-2.47739,50.93829],[-2.45313,50.94144],[-2.43506,50.93986],[-2.41101,50.93657],[-2.40497,50.93841],[-2.39628,50.94605],[-2.39566,50.94677],[-2.38913,50.95185],[-2.39414,50.95185],[-2.39718,50.95688],[-2.40702,50.96373],[-2.40704,50.96373],[-2.40744,50.96357],[-2.40837,50.96317],[-2.40924,50.96279],[-2.40975,50.96253],[-2.41109,50.96187],[-2.41159,50.9617],[-2.41225,50.96159],[-2.41251,50.96153],[-2.41289,50.96139],[-2.41306,50.9613],[-2.41353,50.96113],[-2.41401,50.96088],[-2.41426,50.96079],[-2.41493,50.96058],[-2.41511,50.96072],[-2.41546,50.96102],[-2.41592,50.96148],[-2.4161,50.9616],[-2.41686,50.96192],[-2.41791,50.96227],[-2.41835,50.96233],[-2.41915,50.9632],[-2.41927,50.9633],[-2.41931,50.96345],[-2.41944,50.96365],[-2.4195,50.9638],[-2.41964,50.96449],[-2.41957,50.96507],[-2.42344,50.96881],[-2.4237,50.96897],[-2.42374,50.96903],[-2.42426,50.96946],[-2.42441,50.9696],[-2.42463,50.96991],[-2.42495,50.97027],[-2.42518,50.97025],[-2.42545,50.9703],[-2.42614,50.97058],[-2.42694,50.971],[-2.42747,50.9712],[-2.42753,50.97121],[-2.42786,50.97134],[-2.42799,50.97139],[-2.42803,50.97138],[-2.42933,50.97104],[-2.43004,50.97089],[-2.43056,50.97076],[-2.43114,50.97068],[-2.43121,50.97079],[-2.43371,50.97033],[-2.43389,50.97023],[-2.43586,50.96963],[-2.4367,50.96942],[-2.43666,50.96933],[-2.43835,50.96907],[-2.43895,50.96896],[-2.43976,50.96877],[-2.44031,50.96863],[-2.44136,50.9684],[-2.44145,50.96864],[-2.44197,50.96853],[-2.44292,50.96838],[-2.44408,50.96817],[-2.44539,50.968],[-2.44599,50.96797],[-2.44718,50.96785],[-2.4433,50.96297],[-2.44321,50.96297],[-2.44303,50.96299],[-2.44288,50.96297],[-2.44272,50.96289],[-2.44248,50.9627],[-2.4424,50.9627],[-2.44227,50.96252],[-2.44231,50.96245],[-2.4426,50.96233],[-2.44271,50.96222],[-2.44274,50.96094],[-2.44238,50.9608],[-2.44269,50.96012],[-2.44275,50.95995],[-2.44276,50.95995],[-2.44287,50.95966],[-2.44308,50.95927],[-2.44348,50.95846],[-2.44365,50.95837],[-2.44474,50.95808],[-2.44479,50.958],[-2.44501,50.95754],[-2.44508,50.95727],[-2.44519,50.95695],[-2.44533,50.95663],[-2.4455,50.95634],[-2.44573,50.95585],[-2.44586,50.95571],[-2.44615,50.95551],[-2.44616,50.9555],[-2.44617,50.95549],[-2.44723,50.95436],[-2.44796,50.95356],[-2.4486,50.95291],[-2.44936,50.95231],[-2.4501,50.95179],[-2.45069,50.95134],[-2.45102,50.95113],[-2.45147,50.95087],[-2.45185,50.95067],[-2.45243,50.95046],[-2.45249,50.95027],[-2.4529,50.95027],[-2.45323,50.9502],[-2.4537,50.95002],[-2.45411,50.94981],[-2.45434,50.94964],[-2.45464,50.9495],[-2.45536,50.94927],[-2.45537,50.94927],[-2.4562,50.94934],[-2.45684,50.94945],[-2.45741,50.94958],[-2.45777,50.94975],[-2.45799,50.94996],[-2.45866,50.94975],[-2.45888,50.94995],[-2.45901,50.94995],[-2.46042,50.95113],[-2.45993,50.95141],[-2.45941,50.95176],[-2.45887,50.95223],[-2.45856,50.95247],[-2.45875,50.95338],[-2.45881,50.95344],[-2.45899,50.95347],[-2.45903,50.95355],[-2.45898,50.95369],[-2.45885,50.95384],[-2.45898,50.95443],[-2.45901,50.95445],[-2.46381,50.95535],[-2.46382,50.95536],[-2.46428,50.956],[-2.465,50.95687],[-2.46605,50.95838],[-2.46652,50.95918],[-2.46682,50.95981],[-2.46683,50.95981],[-2.47127,50.95877],[-2.47212,50.95839],[-2.47303,50.95803],[-2.47364,50.95802],[-2.47474,50.95795],[-2.47488,50.9583],[-2.47516,50.95886],[-2.47544,50.95997],[-2.47551,50.96009],[-2.4757,50.96022],[-2.47585,50.96027],[-2.47624,50.9605],[-2.47638,50.96065],[-2.47642,50.96076],[-2.47636,50.96099],[-2.47622,50.96121],[-2.47563,50.96161],[-2.47493,50.96205],[-2.47458,50.96251],[-2.47479,50.96263],[-2.47487,50.9626],[-2.47546,50.96286],[-2.47556,50.96309],[-2.4802,50.96587],[-2.48027,50.96594],[-2.48044,50.96609],[-2.48051,50.96618],[-2.48596,50.97163],[-2.48847,50.97293],[-2.48848,50.97291],[-2.49034,50.97277],[-2.49035,50.97309],[-2.49032,50.97348],[-2.49024,50.97376],[-2.49048,50.97416],[-2.48997,50.97425],[-2.48977,50.9743],[-2.48986,50.97701],[-2.48987,50.97701],[-2.49113,50.9778],[-2.49191,50.97837],[-2.49214,50.97852],[-2.49222,50.97863],[-2.49211,50.97871],[-2.49244,50.9791],[-2.49272,50.97952],[-2.493,50.98017],[-2.49333,50.98089],[-2.49371,50.98162],[-2.49395,50.98193],[-2.49447,50.98246],[-2.4946,50.98264],[-2.49493,50.98326],[-2.4954,50.98399],[-2.49567,50.9845],[-2.49607,50.9854],[-2.49646,50.98609],[-2.50029,50.98669],[-2.4995,50.97914],[-2.49845,50.97465],[-2.4927,50.96937],[-2.49937,50.96745],[-2.50049,50.96484],[-2.50791,50.96616],[-2.52411,50.96357],[-2.52474,50.96905],[-2.53342,50.96847],[-2.53397,50.96622],[-2.54176,50.96313],[-2.53831,50.96036],[-2.54056,50.95774],[-2.54708,50.95555],[-2.55245,50.95166],[-2.55987,50.95324],[-2.56671,50.95402],[-2.56676,50.95743],[-2.556,50.96324],[-2.56185,50.96366],[-2.57704,50.96026],[-2.58103,50.96015],[-2.58631,50.96304],[-2.58979,50.96018],[-2.5807,50.95692],[-2.58051,50.95323],[-2.57438,50.952],[-2.57701,50.94632],[-2.56792,50.94745],[-2.56901,50.94366],[-2.57907,50.94002],[-2.57591,50.93788],[-2.585,50.93594],[-2.59397,50.93644],[-2.59694,50.93516],[-2.59745,50.93021],[-2.60084,50.92903],[-2.60504,50.93404],[-2.6035,50.93594],[-2.5916,50.94067],[-2.58898,50.94743],[-2.59437,50.94588],[-2.602,50.94098],[-2.60699,50.94203],[-2.60924,50.94177],[-2.60924,50.94176],[-2.60981,50.9414],[-2.61014,50.94104],[-2.61048,50.94087],[-2.61076,50.94065],[-2.61106,50.94047],[-2.61134,50.94034],[-2.6115,50.94024],[-2.61171,50.94015],[-2.61209,50.94007],[-2.61241,50.94009],[-2.61343,50.94024],[-2.61383,50.94026],[-2.61397,50.94031],[-2.61401,50.94042],[-2.61385,50.94063],[-2.61384,50.9408],[-2.61393,50.94098],[-2.61395,50.94098],[-2.6157,50.9393],[-2.60906,50.93609],[-2.60867,50.93594],[-2.60786,50.93563],[-2.60757,50.93548],[-2.60716,50.93532],[-2.60671,50.93502],[-2.6064,50.9348],[-2.60639,50.93479],[-2.6062,50.93459],[-2.60588,50.93398],[-2.60474,50.93271],[-2.60453,50.93236],[-2.60445,50.93212],[-2.60443,50.93182],[-2.60448,50.93172],[-2.60442,50.93153],[-2.60403,50.93098],[-2.60416,50.93068],[-2.60417,50.93058],[-2.60415,50.92997],[-2.60418,50.92927],[-2.60428,50.92915],[-2.60434,50.92884],[-2.60429,50.92864],[-2.60436,50.92821],[-2.60447,50.92774],[-2.56259,50.93276],[-2.56055,50.93296]]],[[[-2.78935,50.80637],[-2.7973,50.80123],[-2.79469,50.80119],[-2.78935,50.80637]]],[[[-2.82023,50.72381],[-2.82188,50.7221],[-2.82216,50.72165],[-2.81957,50.72093],[-2.82023,50.72381]]],[[[-2.81917,50.73594],[-2.8209,50.73857],[-2.82855,50.73842],[-2.82504,50.73224],[-2.82682,50.72899],[-2.82291,50.72389],[-2.82088,50.73015],[-2.81917,50.73594]]],[[[-2.81693,50.76383],[-2.82658,50.75534],[-2.83297,50.75593],[-2.83989,50.75444],[-2.84053,50.75857],[-2.84567,50.7606],[-2.85331,50.7612],[-2.85806,50.75552],[-2.85013,50.75625],[-2.85036,50.75346],[-2.84433,50.74937],[-2.84114,50.74499],[-2.84702,50.74108],[-2.84028,50.73681],[-2.8444,50.72932],[-2.83691,50.73036],[-2.83785,50.73566],[-2.83241,50.74055],[-2.82292,50.74089],[-2.81695,50.74346],[-2.81584,50.74721],[-2.81803,50.75381],[-2.81693,50.76383]]],[[[-2.81409,50.7715],[-2.81707,50.77106],[-2.81636,50.76538],[-2.81409,50.7715]]],[[[-2.80218,50.79391],[-2.80229,50.79391],[-2.80906,50.7998],[-2.80641,50.80279],[-2.81875,50.81035],[-2.82152,50.80673],[-2.8296,50.80144],[-2.84002,50.78449],[-2.83657,50.78288],[-2.83829,50.77612],[-2.82973,50.7734],[-2.82698,50.778],[-2.81298,50.77449],[-2.80781,50.78844],[-2.80218,50.79391]]],[[[-2.45326,50.63189],[-2.44759,50.6317],[-2.44726,50.62729],[-2.44299,50.62482],[-2.4401,50.62675],[-2.43978,50.62698],[-2.43923,50.62741],[-2.43845,50.62797],[-2.43678,50.62915],[-2.43597,50.62967],[-2.43498,50.63027],[-2.43436,50.63067],[-2.43341,50.63122],[-2.42981,50.63363],[-2.42821,50.634],[-2.42817,50.63402],[-2.4275,50.63432],[-2.42627,50.63485],[-2.42573,50.63508],[-2.42496,50.63533],[-2.42389,50.63564],[-2.42332,50.63579],[-2.42222,50.63602],[-2.42174,50.63608],[-2.42154,50.63597],[-2.42126,50.63594],[-2.42102,50.63599],[-2.42101,50.63614],[-2.42089,50.63627],[-2.42087,50.63639],[-2.42063,50.63628],[-2.41997,50.63622],[-2.41974,50.63617],[-2.41961,50.636],[-2.41752,50.63648],[-2.40802,50.63373],[-2.40772,50.63381],[-2.40767,50.63385],[-2.40717,50.63409],[-2.40664,50.63425],[-2.4061,50.63439],[-2.40505,50.63465],[-2.40376,50.63503],[-2.40321,50.63515],[-2.40254,50.63529],[-2.40151,50.63551],[-2.40082,50.63565],[-2.40053,50.63571],[-2.3928,50.64062],[-2.38756,50.63929],[-2.376,50.64328],[-2.36853,50.64744],[-2.35072,50.64893],[-2.3537,50.64956],[-2.37406,50.64922],[-2.38084,50.6474],[-2.38326,50.64919],[-2.38004,50.65334],[-2.3952,50.65599],[-2.40765,50.65702],[-2.41262,50.65871],[-2.42872,50.65587],[-2.42629,50.65327],[-2.43177,50.64902],[-2.43468,50.65022],[-2.43618,50.64771],[-2.45326,50.63189]]],[[[-2.47707,50.6158],[-2.46625,50.61741],[-2.46245,50.61914],[-2.45593,50.61727],[-2.4598,50.62582],[-2.46448,50.62148],[-2.47707,50.6158]]],[[[-2.14217,50.77986],[-2.13327,50.78041],[-2.12265,50.78735],[-2.10848,50.7924],[-2.08564,50.797],[-2.07813,50.80069],[-2.08197,50.80582],[-2.08843,50.80768],[-2.10401,50.79825],[-2.12241,50.78991],[-2.13771,50.78493],[-2.14217,50.77986]]],[[[-2.17514,50.75156],[-2.17571,50.75005],[-2.16167,50.74656],[-2.15487,50.7481],[-2.1563,50.75206],[-2.14155,50.75171],[-2.13503,50.75082],[-2.1302,50.74705],[-2.12227,50.74949],[-2.12141,50.74481],[-2.11843,50.74356],[-2.11671,50.73789],[-2.12252,50.73627],[-2.12067,50.73339],[-2.10891,50.73592],[-2.09459,50.73252],[-2.08269,50.73289],[-2.07929,50.72938],[-2.07008,50.73245],[-2.07618,50.73487],[-2.07349,50.73712],[-2.06414,50.73766],[-2.06243,50.73317],[-2.04939,50.73246],[-2.04316,50.7339],[-2.03905,50.73741],[-2.03877,50.74253],[-2.04615,50.74478],[-2.04898,50.7481],[-2.05947,50.74864],[-2.06712,50.74531],[-2.07025,50.75106],[-2.07026,50.75547],[-2.06445,50.76024],[-2.0636,50.76347],[-2.06871,50.76671],[-2.06092,50.7686],[-2.06064,50.77121],[-2.05,50.77014],[-2.04674,50.77131],[-2.03753,50.78075],[-2.02958,50.77815],[-2.03639,50.77311],[-2.03015,50.76906],[-2.02632,50.77041],[-2.02462,50.77563],[-2.01895,50.77572],[-2.01441,50.77914],[-2.01413,50.78282],[-2.01725,50.78606],[-2.0103,50.78759],[-1.99983,50.7869],[-1.9954,50.79274],[-2.00136,50.79326],[-2.00703,50.79083],[-2.02448,50.7866],[-2.03385,50.78678],[-2.0425,50.7857],[-2.05286,50.7892],[-2.05513,50.79333],[-2.06194,50.7909],[-2.06577,50.79333],[-2.06252,50.7981],[-2.06962,50.80295],[-2.07855,50.79674],[-2.0899,50.79466],[-2.1079,50.78997],[-2.11371,50.78673],[-2.12519,50.78294],[-2.13156,50.77834],[-2.14291,50.77779],[-2.14685,50.77596],[-2.16923,50.75463],[-2.17514,50.75156]]],[[[-2.2027,50.73703],[-2.19704,50.73158],[-2.19606,50.73626],[-2.19267,50.73806],[-2.18091,50.73817],[-2.17994,50.74366],[-2.1854,50.74568],[-2.2027,50.73703]]],[[[-2.2166,50.73213],[-2.20822,50.72895],[-2.20622,50.7259],[-2.20112,50.72555],[-2.20185,50.73094],[-2.20541,50.73604],[-2.2166,50.73213]]],[[[-2.28174,50.71599],[-2.27799,50.71622],[-2.27837,50.71638],[-2.28174,50.71599]]],[[[-2.74212,50.83474],[-2.74782,50.83915],[-2.75346,50.83687],[-2.75381,50.83019],[-2.74212,50.83474]]],[[[-2.73266,50.84276],[-2.74334,50.84332],[-2.74259,50.85006],[-2.74407,50.85383],[-2.75628,50.86167],[-2.7548,50.866],[-2.75482,50.86601],[-2.75992,50.86598],[-2.76034,50.86475],[-2.76034,50.86474],[-2.76034,50.86473],[-2.76101,50.86279],[-2.76103,50.86262],[-2.76108,50.86236],[-2.76092,50.86233],[-2.76092,50.86204],[-2.76096,50.86172],[-2.76093,50.86146],[-2.76097,50.86129],[-2.76111,50.8611],[-2.76141,50.8609],[-2.76169,50.8608],[-2.76208,50.86079],[-2.76211,50.86073],[-2.76259,50.86065],[-2.76388,50.86059],[-2.76438,50.86061],[-2.76509,50.86072],[-2.76547,50.86072],[-2.76619,50.86068],[-2.76686,50.8607],[-2.7674,50.8607],[-2.76775,50.86068],[-2.76803,50.86062],[-2.76831,50.86063],[-2.76862,50.86054],[-2.76896,50.86051],[-2.76971,50.86033],[-2.76996,50.86031],[-2.77017,50.86035],[-2.77046,50.86032],[-2.77096,50.86041],[-2.77155,50.86041],[-2.7717,50.86027],[-2.7721,50.86039],[-2.77236,50.86044],[-2.7733,50.86051],[-2.77363,50.8606],[-2.77852,50.86051],[-2.77855,50.86051],[-2.77856,50.86051],[-2.78229,50.8597],[-2.78257,50.85932],[-2.78278,50.859],[-2.78307,50.85851],[-2.78331,50.85811],[-2.78391,50.8571],[-2.78408,50.85684],[-2.78421,50.85671],[-2.78479,50.85624],[-2.78518,50.85582],[-2.78552,50.85522],[-2.78597,50.85473],[-2.7862,50.85451],[-2.78683,50.85421],[-2.7871,50.85398],[-2.78754,50.85375],[-2.7878,50.85365],[-2.7892,50.85341],[-2.78969,50.85326],[-2.79044,50.85321],[-2.79075,50.85316],[-2.79165,50.85291],[-2.79178,50.85287],[-2.79201,50.85283],[-2.79229,50.85282],[-2.79263,50.85289],[-2.79344,50.85322],[-2.7938,50.85347],[-2.79391,50.85365],[-2.79874,50.85542],[-2.79905,50.85545],[-2.79941,50.8556],[-2.79964,50.85574],[-2.80065,50.85611],[-2.80075,50.8561],[-2.80102,50.85612],[-2.80114,50.85617],[-2.80138,50.85638],[-2.80752,50.85863],[-2.80784,50.85868],[-2.80755,50.85884],[-2.80832,50.86335],[-2.80868,50.86316],[-2.80907,50.863],[-2.80942,50.86288],[-2.80984,50.86272],[-2.81015,50.86257],[-2.81043,50.86277],[-2.81294,50.86209],[-2.8127,50.86183],[-2.81258,50.86164],[-2.81252,50.86142],[-2.81237,50.86123],[-2.81264,50.86089],[-2.81309,50.86048],[-2.81324,50.8603],[-2.81357,50.85977],[-2.81379,50.85927],[-2.8139,50.8591],[-2.81414,50.85884],[-2.81464,50.84785],[-2.80761,50.84783],[-2.7929,50.84317],[-2.78636,50.84267],[-2.78234,50.83982],[-2.7818,50.83317],[-2.77365,50.82981],[-2.77986,50.82761],[-2.77896,50.82447],[-2.78623,50.81767],[-2.78638,50.81003],[-2.78492,50.81067],[-2.78196,50.81354],[-2.77994,50.81551],[-2.77107,50.82146],[-2.76676,50.82374],[-2.75831,50.82811],[-2.75915,50.83773],[-2.7693,50.84144],[-2.76864,50.84441],[-2.75934,50.84042],[-2.75028,50.8421],[-2.73588,50.84022],[-2.73266,50.84276]]],[[[-2.72178,50.85303],[-2.71851,50.85444],[-2.71677,50.85519],[-2.71409,50.85635],[-2.7123,50.85713],[-2.70851,50.86982],[-2.70852,50.86983],[-2.7093,50.86992],[-2.71121,50.87006],[-2.71129,50.87031],[-2.71138,50.87047],[-2.71437,50.87114],[-2.71439,50.87114],[-2.71437,50.87086],[-2.71428,50.8706],[-2.71417,50.87042],[-2.71415,50.87007],[-2.71419,50.86985],[-2.71426,50.86933],[-2.71425,50.86878],[-2.71426,50.86827],[-2.7142,50.86801],[-2.71394,50.86722],[-2.7138,50.867],[-2.71378,50.86665],[-2.71381,50.86633],[-2.71386,50.86609],[-2.71408,50.86583],[-2.71442,50.86547],[-2.71453,50.86507],[-2.71455,50.8641],[-2.71455,50.86409],[-2.71455,50.86403],[-2.71456,50.86389],[-2.7154,50.86389],[-2.71642,50.86392],[-2.7167,50.86395],[-2.71751,50.86398],[-2.718,50.86403],[-2.71836,50.86413],[-2.71876,50.86426],[-2.7192,50.86445],[-2.71954,50.86458],[-2.72018,50.86476],[-2.72122,50.86492],[-2.72138,50.86493],[-2.72139,50.86495],[-2.72479,50.86547],[-2.72499,50.86541],[-2.7253,50.86535],[-2.7261,50.8653],[-2.72647,50.86526],[-2.72705,50.86512],[-2.72752,50.865],[-2.72793,50.86491],[-2.72842,50.86486],[-2.72848,50.86491],[-2.72991,50.8647],[-2.73119,50.86481],[-2.73203,50.86492],[-2.73262,50.86496],[-2.73315,50.86496],[-2.73367,50.86493],[-2.73416,50.86485],[-2.73534,50.86458],[-2.73634,50.86437],[-2.73707,50.86423],[-2.73732,50.86424],[-2.73746,50.86446],[-2.73747,50.86458],[-2.73824,50.86467],[-2.73915,50.86462],[-2.7392,50.86462],[-2.7395,50.8646],[-2.73978,50.86453],[-2.74019,50.86447],[-2.74065,50.86446],[-2.74211,50.86426],[-2.74269,50.86421],[-2.74306,50.86429],[-2.74335,50.86429],[-2.74421,50.86423],[-2.74478,50.86421],[-2.7455,50.86414],[-2.74624,50.86404],[-2.74768,50.86394],[-2.74872,50.86385],[-2.74954,50.86381],[-2.75045,50.86381],[-2.75094,50.86384],[-2.75149,50.86389],[-2.75151,50.86389],[-2.74857,50.85938],[-2.74139,50.85466],[-2.72649,50.85583],[-2.72602,50.85287],[-2.73153,50.85094],[-2.72821,50.84681],[-2.72178,50.85303]]],[[[-2.33894,51.0168],[-2.34265,51.01532],[-2.34573,51.00848],[-2.35041,51.00522],[-2.35138,51.00162],[-2.3461,50.99599],[-2.34115,51.00561],[-2.33385,51.01514],[-2.33894,51.0168]]],[[[-2.3605,51.02525],[-2.36051,51.02525],[-2.3606,51.02508],[-2.36054,51.02498],[-2.36054,51.02486],[-2.36039,51.02451],[-2.36038,51.02411],[-2.36029,51.02393],[-2.3603,51.02381],[-2.36043,51.02346],[-2.36058,51.02329],[-2.36085,51.02318],[-2.36111,51.02315],[-2.36147,51.02307],[-2.36159,51.02299],[-2.36159,51.02284],[-2.36171,51.02255],[-2.36175,51.02233],[-2.36213,51.02165],[-2.36259,51.02107],[-2.36275,51.02082],[-2.36314,51.02041],[-2.36326,51.02031],[-2.36346,51.02002],[-2.36348,51.01999],[-2.3635,51.01997],[-2.36414,51.01945],[-2.36482,51.01916],[-2.36499,51.0191],[-2.36539,51.01886],[-2.36568,51.01865],[-2.36589,51.01851],[-2.36625,51.01832],[-2.36653,51.01819],[-2.36727,51.01776],[-2.36399,51.01049],[-2.35725,51.00547],[-2.35214,51.00819],[-2.34821,51.01539],[-2.34135,51.01759],[-2.3605,51.02525]]],[[[-2.49813,50.60577],[-2.49353,50.60318],[-2.48848,50.60698],[-2.49013,50.60911],[-2.49813,50.60577]]],[[[-2.35197,50.97288],[-2.35178,50.97363],[-2.3513,50.97845],[-2.35131,50.97845],[-2.35192,50.97822],[-2.35251,50.97802],[-2.35321,50.97788],[-2.35402,50.97776],[-2.35485,50.97771],[-2.35639,50.97761],[-2.35646,50.97767],[-2.35707,50.97756],[-2.35747,50.97753],[-2.35808,50.97745],[-2.35826,50.97742],[-2.36295,50.97628],[-2.36309,50.97622],[-2.36354,50.97607],[-2.36454,50.97581],[-2.36556,50.9755],[-2.36613,50.97535],[-2.36679,50.97521],[-2.36817,50.97489],[-2.36958,50.97458],[-2.37048,50.97431],[-2.37132,50.97414],[-2.37145,50.97402],[-2.37162,50.97398],[-2.37183,50.97398],[-2.3722,50.97394],[-2.37306,50.97373],[-2.3738,50.97348],[-2.37446,50.9733],[-2.37511,50.97317],[-2.37577,50.97311],[-2.37622,50.97305],[-2.37627,50.97305],[-2.38354,50.97236],[-2.38355,50.97236],[-2.38379,50.97227],[-2.38415,50.97212],[-2.38504,50.97181],[-2.3863,50.9713],[-2.38699,50.97103],[-2.38808,50.97064],[-2.38866,50.97044],[-2.39157,50.96959],[-2.39274,50.96924],[-2.39329,50.96912],[-2.39466,50.96884],[-2.39533,50.96873],[-2.39593,50.96864],[-2.39809,50.96799],[-2.39813,50.96797],[-2.40134,50.96615],[-2.40314,50.96517],[-2.40349,50.96509],[-2.40383,50.96497],[-2.40436,50.96473],[-2.40527,50.96435],[-2.38849,50.95654],[-2.38563,50.95458],[-2.37801,50.96052],[-2.36273,50.96896],[-2.35197,50.97288]]],[[[-2.5807,50.96998],[-2.57279,50.97314],[-2.56451,50.97183],[-2.5604,50.97338],[-2.56443,50.97678],[-2.57659,50.97523],[-2.5807,50.96998]]],[[[-2.59747,50.95386],[-2.59688,50.95252],[-2.5931,50.95746],[-2.59747,50.95386]]],[[[-2.57267,50.98207],[-2.56769,50.98389],[-2.5677,50.9839],[-2.57147,50.98604],[-2.57267,50.98207]]],[[[-2.81758,50.8347],[-2.80639,50.82617],[-2.8063,50.82122],[-2.80851,50.81752],[-2.81748,50.81917],[-2.82192,50.81731],[-2.82648,50.8078],[-2.82287,50.81068],[-2.81609,50.8127],[-2.80499,50.81089],[-2.80213,50.81811],[-2.79135,50.81872],[-2.78277,50.82318],[-2.78409,50.82569],[-2.79235,50.82717],[-2.80022,50.82244],[-2.80409,50.82484],[-2.79974,50.82783],[-2.79785,50.83333],[-2.78553,50.82694],[-2.78274,50.82984],[-2.78365,50.83334],[-2.78779,50.83484],[-2.79313,50.83993],[-2.80825,50.84333],[-2.81527,50.84292],[-2.81604,50.84104],[-2.81684,50.83711],[-2.81758,50.8347]]],[[[-2.86334,50.74941],[-2.85448,50.74597],[-2.85898,50.74414],[-2.86455,50.74792],[-2.87351,50.73983],[-2.88502,50.73123],[-2.88489,50.73123],[-2.88467,50.73117],[-2.88458,50.73111],[-2.8836,50.73095],[-2.88333,50.73097],[-2.88323,50.73094],[-2.88322,50.73088],[-2.88304,50.73086],[-2.88298,50.73093],[-2.88287,50.73094],[-2.88242,50.7309],[-2.88173,50.73075],[-2.88111,50.73069],[-2.88026,50.73057],[-2.87898,50.73037],[-2.87772,50.73014],[-2.87682,50.72998],[-2.8765,50.72991],[-2.87595,50.72984],[-2.87546,50.72975],[-2.87463,50.72963],[-2.8743,50.72957],[-2.87379,50.72944],[-2.87369,50.72939],[-2.87361,50.72929],[-2.87202,50.72902],[-2.87028,50.73452],[-2.85854,50.73551],[-2.86342,50.73151],[-2.86435,50.72791],[-2.86079,50.72709],[-2.86044,50.72703],[-2.85942,50.72681],[-2.85873,50.72663],[-2.85856,50.72658],[-2.8572,50.72627],[-2.85665,50.72619],[-2.85607,50.72606],[-2.85525,50.72584],[-2.85412,50.72557],[-2.85366,50.72545],[-2.85297,50.7253],[-2.85404,50.72951],[-2.84865,50.72964],[-2.84915,50.7336],[-2.84351,50.73526],[-2.84899,50.74061],[-2.85179,50.74608],[-2.85171,50.74977],[-2.85951,50.75405],[-2.86334,50.74941]]],[[[-2.54881,50.96921],[-2.54259,50.9732],[-2.52481,50.97544],[-2.52171,50.97797],[-2.52365,50.98596],[-2.52011,50.98823],[-2.51617,50.99449],[-2.51621,50.99449],[-2.51675,50.99433],[-2.51716,50.99399],[-2.51752,50.99382],[-2.51799,50.99355],[-2.51818,50.99337],[-2.51837,50.99346],[-2.5185,50.99367],[-2.5184,50.99382],[-2.52332,50.99232],[-2.52333,50.99232],[-2.52376,50.99219],[-2.52398,50.99216],[-2.52523,50.99204],[-2.52552,50.99202],[-2.52579,50.99196],[-2.52589,50.99202],[-2.52626,50.99191],[-2.52642,50.99191],[-2.52662,50.99196],[-2.52686,50.99211],[-2.52647,50.9926],[-2.52706,50.99264],[-2.52783,50.99273],[-2.52813,50.99259],[-2.52826,50.99263],[-2.52887,50.9926],[-2.52912,50.99261],[-2.52957,50.99269],[-2.53099,50.99313],[-2.53158,50.99328],[-2.53228,50.99342],[-2.53275,50.99345],[-2.53337,50.99353],[-2.53389,50.99362],[-2.53556,50.99402],[-2.53556,50.99404],[-2.53564,50.99445],[-2.53572,50.99507],[-2.53572,50.99594],[-2.53575,50.99623],[-2.53585,50.99669],[-2.53586,50.99686],[-2.53582,50.99708],[-2.53547,50.99814],[-2.5353,50.99882],[-2.5353,50.99883],[-2.54741,50.99954],[-2.54743,50.99954],[-2.54735,50.99885],[-2.54722,50.99859],[-2.54719,50.99842],[-2.547,50.99792],[-2.54692,50.99725],[-2.54693,50.99707],[-2.54698,50.99686],[-2.54715,50.99655],[-2.5474,50.99635],[-2.54767,50.99623],[-2.54791,50.99615],[-2.54854,50.99599],[-2.5495,50.99617],[-2.54986,50.99625],[-2.55171,50.99374],[-2.54713,50.99231],[-2.54698,50.99237],[-2.54677,50.99223],[-2.54652,50.99221],[-2.54622,50.99206],[-2.54605,50.99214],[-2.54579,50.9921],[-2.54562,50.99212],[-2.54535,50.99201],[-2.54533,50.9919],[-2.54516,50.99185],[-2.54489,50.99169],[-2.54474,50.99168],[-2.54478,50.99157],[-2.54547,50.98577],[-2.54547,50.98575],[-2.53789,50.98509],[-2.53543,50.98204],[-2.54051,50.97788],[-2.54927,50.97191],[-2.54881,50.96921]]],[[[-1.95455,50.63857],[-1.95554,50.63902],[-1.97166,50.63399],[-1.98127,50.6339],[-1.99103,50.63561],[-2.00135,50.63696],[-2.01111,50.64236],[-2.00998,50.64793],[-2.01635,50.64829],[-2.0162,50.6438],[-2.02271,50.64343],[-2.03629,50.6464],[-2.04577,50.65098],[-2.04959,50.64882],[-2.05213,50.6428],[-2.04279,50.64235],[-2.03445,50.64082],[-2.01535,50.63858],[-1.99032,50.63283],[-1.98057,50.63192],[-1.97166,50.6321],[-1.95003,50.63335],[-1.93188,50.63276],[-1.93185,50.63279],[-1.93173,50.63301],[-1.93168,50.63324],[-1.93154,50.6335],[-1.93144,50.63353],[-1.93149,50.63368],[-1.93138,50.6338],[-1.93127,50.63376],[-1.9312,50.63397],[-1.93121,50.63413],[-1.93111,50.63428],[-1.93091,50.63438],[-1.93077,50.6345],[-1.93076,50.63466],[-1.9306,50.63485],[-1.93025,50.63518],[-1.92996,50.63556],[-1.92977,50.63576],[-1.92961,50.63609],[-1.92947,50.63625],[-1.92929,50.63653],[-1.92923,50.63658],[-1.92878,50.63667],[-1.92861,50.63675],[-1.92828,50.63698],[-1.92802,50.63714],[-1.92755,50.63769],[-1.92756,50.63772],[-1.92748,50.63787],[-1.92734,50.63793],[-1.9273,50.63799],[-1.92732,50.63812],[-1.92729,50.6382],[-1.92712,50.63838],[-1.92682,50.63857],[-1.92664,50.63881],[-1.92655,50.63886],[-1.92612,50.63938],[-1.92611,50.6394],[-1.92599,50.63961],[-1.92588,50.63966],[-1.92577,50.63978],[-1.92585,50.63982],[-1.92559,50.64008],[-1.9255,50.6401],[-1.92537,50.64025],[-1.92551,50.64044],[-1.92541,50.64063],[-1.92485,50.64099],[-1.92472,50.64101],[-1.92449,50.64128],[-1.93076,50.64167],[-1.93077,50.64166],[-1.93089,50.64165],[-1.93103,50.64168],[-1.93291,50.6418],[-1.93447,50.63937],[-1.94507,50.63641],[-1.95511,50.63623],[-1.95455,50.63857]]],[[[-2.79704,50.81104],[-2.79486,50.80808],[-2.78948,50.80857],[-2.78873,50.81451],[-2.79704,50.81104]]],[[[-2.50884,50.98648],[-2.50402,50.98893],[-2.51433,50.9932],[-2.51484,50.98771],[-2.50884,50.98648]]],[[[-2.13378,50.61242],[-2.12685,50.61018],[-2.12868,50.60757],[-2.12415,50.60443],[-2.11368,50.59995],[-2.10478,50.59762],[-2.10074,50.59779],[-2.10058,50.59784],[-2.10007,50.59796],[-2.09937,50.59809],[-2.09881,50.59814],[-2.09838,50.59813],[-2.09789,50.59808],[-2.09765,50.59801],[-2.09754,50.59793],[-2.09644,50.59798],[-2.08881,50.59691],[-2.09009,50.59889],[-2.09928,50.60383],[-2.1041,50.60967],[-2.11131,50.61362],[-2.11769,50.61883],[-2.1331,50.61953],[-2.13378,50.61242]]],[[[-2.83357,50.75799],[-2.83562,50.7613],[-2.8243,50.76291],[-2.81977,50.77131],[-2.82997,50.7707],[-2.8371,50.77289],[-2.84259,50.77052],[-2.84293,50.76602],[-2.84957,50.76462],[-2.83357,50.75799]]],[[[-2.36856,50.99172],[-2.35387,50.99199],[-2.35747,50.99684],[-2.36904,50.99986],[-2.37843,50.99812],[-2.37468,50.99229],[-2.37091,50.9914],[-2.37074,50.9917],[-2.37061,50.99175],[-2.37031,50.9917],[-2.37014,50.99158],[-2.3698,50.99151],[-2.36933,50.99153],[-2.36921,50.99156],[-2.36894,50.9917],[-2.36868,50.99176],[-2.36859,50.99171],[-2.36856,50.99172]]],[[[-2.51175,50.99427],[-2.51177,50.99426],[-2.50691,50.9926],[-2.50604,50.99431],[-2.51175,50.99427]]],[[[-2.43081,50.53473],[-2.43044,50.53509],[-2.43274,50.53885],[-2.44265,50.5425],[-2.44466,50.54591],[-2.45337,50.54165],[-2.45137,50.53914],[-2.45315,50.53383],[-2.4535,50.5261],[-2.45725,50.51988],[-2.45582,50.51352],[-2.45552,50.51371],[-2.45557,50.51384],[-2.45534,50.514],[-2.45526,50.51388],[-2.45516,50.514],[-2.45501,50.51408],[-2.45513,50.5142],[-2.45495,50.51435],[-2.45485,50.51448],[-2.45471,50.51459],[-2.45402,50.5149],[-2.45382,50.51486],[-2.45357,50.51501],[-2.4535,50.51515],[-2.45353,50.51521],[-2.45346,50.51533],[-2.45318,50.5152],[-2.4525,50.51563],[-2.45249,50.51572],[-2.45225,50.51588],[-2.45241,50.51596],[-2.4524,50.51611],[-2.45222,50.51613],[-2.45211,50.51633],[-2.45171,50.51646],[-2.4515,50.5165],[-2.45125,50.5165],[-2.45117,50.51647],[-2.44739,50.51888],[-2.44734,50.51889],[-2.44725,50.51907],[-2.44692,50.51909],[-2.44681,50.51907],[-2.44677,50.51905],[-2.44566,50.51935],[-2.44536,50.51968],[-2.44509,50.51974],[-2.44487,50.51974],[-2.44465,50.5197],[-2.44447,50.51978],[-2.44422,50.5198],[-2.44411,50.51977],[-2.44402,50.5198],[-2.4439,50.51994],[-2.4437,50.52003],[-2.44344,50.52007],[-2.44331,50.52013],[-2.44323,50.52022],[-2.44321,50.5203],[-2.44309,50.52038],[-2.44245,50.5211],[-2.44249,50.5212],[-2.44254,50.5215],[-2.4425,50.52177],[-2.44215,50.52238],[-2.4419,50.52266],[-2.44165,50.52286],[-2.44156,50.52299],[-2.4415,50.52322],[-2.4414,50.52343],[-2.44124,50.52368],[-2.44109,50.52384],[-2.44091,50.52396],[-2.44045,50.52411],[-2.43978,50.52449],[-2.43955,50.52449],[-2.43949,50.52469],[-2.43923,50.52488],[-2.43897,50.5251],[-2.43883,50.52526],[-2.43865,50.52553],[-2.43841,50.52567],[-2.43806,50.52607],[-2.43768,50.52674],[-2.43761,50.52708],[-2.43759,50.52787],[-2.43752,50.52876],[-2.43747,50.52919],[-2.43718,50.53012],[-2.43714,50.53018],[-2.43681,50.53041],[-2.4367,50.53047],[-2.43081,50.53473]]],[[[-2.10002,50.68737],[-2.08474,50.69026],[-2.08673,50.69385],[-2.09834,50.69421],[-2.10343,50.68934],[-2.10002,50.68737]]],[[[-2.21272,50.69046],[-2.22221,50.69026],[-2.21921,50.68595],[-2.21072,50.68614],[-2.19571,50.68464],[-2.18791,50.68267],[-2.17872,50.68323],[-2.17148,50.67883],[-2.16228,50.67696],[-2.15068,50.68084],[-2.15649,50.6829],[-2.17562,50.68944],[-2.19006,50.68852],[-2.20153,50.68931],[-2.20623,50.69496],[-2.21272,50.69046]]],[[[-2.12364,50.67781],[-2.11374,50.68178],[-2.11446,50.68655],[-2.12649,50.6851],[-2.13865,50.67996],[-2.13057,50.67682],[-2.12364,50.67781]]],[[[-2.27403,50.71614],[-2.27685,50.71397],[-2.27413,50.70939],[-2.26816,50.70581],[-2.26062,50.69908],[-2.25469,50.70251],[-2.25626,50.70566],[-2.26181,50.7096],[-2.26733,50.70959],[-2.27403,50.71614]]],[[[-2.18495,50.72144],[-2.19801,50.72645],[-2.19444,50.71962],[-2.18621,50.7164],[-2.1804,50.71659],[-2.18495,50.72144]]],[[[-1.94481,50.62877],[-1.95611,50.62877],[-1.96742,50.6277],[-1.97195,50.62923],[-1.9769,50.6268],[-1.98891,50.62527],[-1.99711,50.62329],[-1.99697,50.61844],[-1.98369,50.61583],[-1.97393,50.61601],[-1.967,50.61978],[-1.96219,50.62392],[-1.95215,50.62374],[-1.95172,50.62419],[-1.95138,50.62448],[-1.95066,50.62505],[-1.94965,50.62587],[-1.94907,50.62632],[-1.9486,50.62666],[-1.94771,50.62723],[-1.94722,50.62752],[-1.94611,50.62808],[-1.94534,50.62842],[-1.94524,50.62847],[-1.94481,50.62877]]],[[[-2.07913,50.59522],[-2.079,50.59522],[-2.07907,50.60267],[-2.08515,50.60519],[-2.08755,50.60186],[-2.08796,50.59673],[-2.07913,50.59522]]],[[[-2.49477,50.60066],[-2.49529,50.59634],[-2.4879,50.59196],[-2.48281,50.59181],[-2.47385,50.58609],[-2.48158,50.59532],[-2.48809,50.597],[-2.48572,50.59989],[-2.47598,50.60083],[-2.47799,50.6037],[-2.48361,50.60116],[-2.49477,50.60066]]],[[[-2.16863,50.67443],[-2.16805,50.6702],[-2.15758,50.66932],[-2.15305,50.67032],[-2.14794,50.66556],[-2.14115,50.66574],[-2.13409,50.66863],[-2.13155,50.67106],[-2.15095,50.67715],[-2.16297,50.67381],[-2.16863,50.67443]]],[[[-2.09773,50.67217],[-2.10948,50.67693],[-2.11457,50.67369],[-2.11995,50.67278],[-2.1246,50.66549],[-2.11666,50.66181],[-2.11298,50.65804],[-2.10802,50.65751],[-2.10747,50.66209],[-2.10974,50.66407],[-2.10706,50.67136],[-2.09843,50.66822],[-2.09773,50.67217]]],[[[-1.95078,50.59529],[-1.95103,50.59548],[-1.95095,50.59561],[-1.95116,50.59565],[-1.9519,50.5961],[-1.9521,50.59637],[-1.95221,50.59659],[-1.95223,50.59688],[-1.95245,50.59706],[-1.95252,50.59735],[-1.95248,50.59772],[-1.95266,50.59807],[-1.95287,50.59834],[-1.95293,50.59856],[-1.95291,50.59863],[-1.95299,50.59878],[-1.95301,50.59892],[-1.95311,50.59913],[-1.95312,50.59934],[-1.95316,50.59947],[-1.95313,50.5997],[-1.95995,50.60179],[-1.96207,50.6053],[-1.97888,50.60674],[-1.98397,50.60827],[-1.98171,50.61232],[-2.00178,50.61655],[-2.00347,50.6188],[-2.01224,50.62176],[-2.00814,50.62581],[-2.00432,50.62329],[-2.00036,50.62716],[-2.01592,50.6304],[-2.02497,50.63444],[-2.03869,50.63651],[-2.04406,50.6374],[-2.04349,50.62994],[-2.03655,50.62041],[-2.04815,50.62355],[-2.06214,50.62543],[-2.06992,50.62669],[-2.07487,50.62947],[-2.06654,50.63218],[-2.06244,50.63461],[-2.06612,50.63901],[-2.07885,50.63936],[-2.09808,50.63701],[-2.10839,50.63412],[-2.11956,50.63294],[-2.13186,50.63293],[-2.13058,50.6288],[-2.13325,50.62304],[-2.09366,50.62155],[-2.08745,50.62335],[-2.05167,50.61771],[-2.04616,50.61771],[-2.03669,50.61573],[-2.0128,50.61259],[-2.00743,50.6089],[-2.0333,50.61286],[-2.048,50.61456],[-2.06255,50.61509],[-2.06609,50.61644],[-2.08688,50.62029],[-2.09125,50.61822],[-2.0962,50.61984],[-2.10596,50.61947],[-2.09463,50.61201],[-2.08573,50.61022],[-2.07032,50.61005],[-2.07003,50.60223],[-2.06353,50.60727],[-2.06028,50.60628],[-2.06282,50.60187],[-2.05109,50.60089],[-2.04855,50.59855],[-2.05476,50.59603],[-2.0573,50.59279],[-2.05489,50.58515],[-2.04966,50.58012],[-2.04118,50.58282],[-2.03497,50.58902],[-2.03413,50.5946],[-2.02778,50.59865],[-2.02198,50.5982],[-2.01972,50.59236],[-2.00813,50.59362],[-1.99457,50.59353],[-1.98313,50.59469],[-1.96236,50.59505],[-1.95414,50.59387],[-1.95385,50.59403],[-1.95377,50.59416],[-1.95357,50.59425],[-1.95337,50.5942],[-1.95257,50.59435],[-1.95247,50.59431],[-1.95229,50.59434],[-1.95101,50.5947],[-1.95099,50.59473],[-1.9508,50.59492],[-1.95071,50.59514],[-1.95078,50.59529]]]]},"properties":{"g":3}},
{"type":"Feature","geometry":{"type":"MultiPolygon","coordinates":[[[[-1.95297,50.79341],[-1.95582,50.79235],[-1.97355,50.7928],[-1.9822,50.79631],[-1.98518,50.79568],[-1.99909,50.80072],[-2.00689,50.80585],[-2.00718,50.79955],[-2.02151,50.79586],[-2.03187,50.79622],[-2.03527,50.79118],[-2.04577,50.79451],[-2.06295,50.80619],[-2.07417,50.80807],[-2.07701,50.8096],[-2.08392,50.81086],[-2.08843,50.80768],[-2.08197,50.80582],[-2.07813,50.80069],[-2.08564,50.797],[-2.10848,50.7924],[-2.12265,50.78735],[-2.13327,50.78041],[-2.14217,50.77986],[-2.14685,50.77596],[-2.14291,50.77779],[-2.13156,50.77834],[-2.12519,50.78294],[-2.11371,50.78673],[-2.1079,50.78997],[-2.0899,50.79466],[-2.07855,50.79674],[-2.06962,50.80295],[-2.06252,50.7981],[-2.06577,50.79333],[-2.06194,50.7909],[-2.05513,50.79333],[-2.05286,50.7892],[-2.0425,50.7857],[-2.03385,50.78678],[-2.02448,50.7866],[-2.00703,50.79083],[-2.00136,50.79326],[-1.9954,50.79274],[-1.9905,50.79122],[-1.98721,50.791],[-1.97875,50.79238],[-1.96879,50.79234],[-1.96047,50.78988],[-1.95605,50.79007],[-1.95314,50.79049],[-1.95297,50.79341]]],[[[-1.98818,50.8354],[-1.99639,50.83408],[-2.00605,50.83957],[-2.01201,50.84496],[-2.00946,50.85692],[-1.9953,50.8624],[-1.99492,50.86887],[-2.00278,50.86214],[-2.01122,50.85816],[-2.01376,50.8564],[-2.01457,50.85153],[-2.01755,50.8482],[-2.01741,50.84316],[-2.01031,50.8393],[-2.00732,50.83534],[-1.99753,50.83022],[-1.99156,50.82563],[-1.9988,50.82221],[-2.00817,50.82572],[-2.00505,50.81979],[-2.01087,50.81691],[-2.00576,50.81493],[-1.99597,50.80809],[-1.98859,50.80423],[-1.98249,50.79865],[-1.9683,50.79802],[-1.96461,50.80278],[-1.96034,50.80363],[-1.97168,50.8144],[-1.97936,50.80674],[-1.99043,50.80827],[-1.99142,50.81304],[-1.99724,50.81394],[-1.99597,50.81799],[-1.98858,50.82239],[-1.98872,50.82986],[-1.98728,50.83321],[-1.98818,50.8354]]],[[[-2.81636,50.76538],[-2.81707,50.77106],[-2.81409,50.7715],[-2.81298,50.77449],[-2.82698,50.778],[-2.82973,50.7734],[-2.83829,50.77612],[-2.83657,50.78288],[-2.84002,50.78449],[-2.84178,50.78173],[-2.84532,50.7747],[-2.84993,50.76509],[-2.85331,50.7612],[-2.84567,50.7606],[-2.84053,50.75857],[-2.83989,50.75444],[-2.83297,50.75593],[-2.82658,50.75534],[-2.81693,50.76383],[-2.81636,50.76538]],[[-2.83357,50.75799],[-2.84957,50.76462],[-2.84293,50.76602],[-2.84259,50.77052],[-2.8371,50.77289],[-2.82997,50.7707],[-2.81977,50.77131],[-2.8243,50.76291],[-2.83562,50.7613],[-2.83357,50.75799]]],[[[-2.73823,50.83813],[-2.73588,50.84022],[-2.75028,50.8421],[-2.75934,50.84042],[-2.76864,50.84441],[-2.7693,50.84144],[-2.75915,50.83773],[-2.75831,50.82811],[-2.75381,50.83019],[-2.75346,50.83687],[-2.74782,50.83915],[-2.74212,50.83474],[-2.7389,50.83738],[-2.73823,50.83813]]],[[[-2.72821,50.84681],[-2.73153,50.85094],[-2.72602,50.85287],[-2.72649,50.85583],[-2.74139,50.85466],[-2.74857,50.85938],[-2.75151,50.86389],[-2.75152,50.8639],[-2.75184,50.86393],[-2.75281,50.86408],[-2.75336,50.86414],[-2.75383,50.86433],[-2.75433,50.86468],[-2.75448,50.86489],[-2.75456,50.86525],[-2.75478,50.86544],[-2.75481,50.86564],[-2.75467,50.8659],[-2.7548,50.866],[-2.75628,50.86167],[-2.74407,50.85383],[-2.74259,50.85006],[-2.74334,50.84332],[-2.73266,50.84276],[-2.72821,50.84681]]],[[[-2.29213,50.71407],[-2.28774,50.71125],[-2.28021,50.70713],[-2.26784,50.69979],[-2.26428,50.69521],[-2.2688,50.69304],[-2.27772,50.6932],[-2.28789,50.68931],[-2.30009,50.69395],[-2.30432,50.6916],[-2.30811,50.68683],[-2.30131,50.68585],[-2.29438,50.68713],[-2.29126,50.6848],[-2.30185,50.68199],[-2.30894,50.68314],[-2.30966,50.68565],[-2.31518,50.6851],[-2.31741,50.68033],[-2.32193,50.6786],[-2.32689,50.67931],[-2.3234,50.68651],[-2.33048,50.68712],[-2.33528,50.68567],[-2.33427,50.68253],[-2.34063,50.68161],[-2.34089,50.67792],[-2.33565,50.67794],[-2.32488,50.67509],[-2.31907,50.67466],[-2.30891,50.67864],[-2.3062,50.67568],[-2.29516,50.67481],[-2.29527,50.67085],[-2.28637,50.67285],[-2.28698,50.68067],[-2.27964,50.68384],[-2.27712,50.68843],[-2.26766,50.69178],[-2.25801,50.68812],[-2.25475,50.68812],[-2.23137,50.68269],[-2.22231,50.6827],[-2.20629,50.67716],[-2.19327,50.67781],[-2.17898,50.67837],[-2.17586,50.67586],[-2.16863,50.67443],[-2.16297,50.67381],[-2.15095,50.67715],[-2.13155,50.67106],[-2.13057,50.67682],[-2.13865,50.67996],[-2.12649,50.6851],[-2.11446,50.68655],[-2.11374,50.68178],[-2.12364,50.67781],[-2.10948,50.67693],[-2.09773,50.67217],[-2.08556,50.67173],[-2.07991,50.67857],[-2.07879,50.68703],[-2.07653,50.6926],[-2.07923,50.69404],[-2.08716,50.697],[-2.07882,50.70411],[-2.07755,50.70717],[-2.0852,50.7095],[-2.09086,50.70581],[-2.10006,50.70517],[-2.10289,50.70265],[-2.11578,50.70291],[-2.11974,50.70165],[-2.1271,50.70281],[-2.12553,50.69598],[-2.13459,50.69669],[-2.13517,50.69947],[-2.14352,50.69812],[-2.14466,50.70306],[-2.14991,50.70683],[-2.1488,50.71133],[-2.14455,50.71295],[-2.1434,50.70594],[-2.14112,50.70216],[-2.13545,50.70127],[-2.13703,50.70748],[-2.13436,50.71647],[-2.14032,50.71709],[-2.14457,50.72033],[-2.14982,50.72104],[-2.15519,50.7177],[-2.16326,50.71608],[-2.16536,50.71014],[-2.17642,50.71309],[-2.1804,50.71659],[-2.18621,50.7164],[-2.19444,50.71962],[-2.19801,50.72645],[-2.18495,50.72144],[-2.18525,50.7245],[-2.19604,50.72942],[-2.19704,50.73158],[-2.2027,50.73703],[-2.20541,50.73604],[-2.20185,50.73094],[-2.20112,50.72555],[-2.20622,50.7259],[-2.20822,50.72895],[-2.2166,50.73213],[-2.21972,50.7311],[-2.217,50.72894],[-2.22138,50.72515],[-2.22136,50.72057],[-2.21484,50.71977],[-2.21581,50.71707],[-2.20929,50.71456],[-2.20445,50.70945],[-2.19794,50.71009],[-2.19339,50.70695],[-2.17807,50.69897],[-2.17312,50.70194],[-2.1683,50.70024],[-2.16616,50.69593],[-2.16021,50.69441],[-2.15497,50.69504],[-2.14732,50.69182],[-2.14857,50.68597],[-2.16331,50.69081],[-2.16259,50.68757],[-2.15649,50.6829],[-2.15068,50.68084],[-2.16228,50.67696],[-2.17148,50.67883],[-2.17872,50.68323],[-2.18791,50.68267],[-2.19571,50.68464],[-2.21072,50.68614],[-2.21921,50.68595],[-2.22221,50.69026],[-2.2409,50.69184],[-2.25707,50.69702],[-2.26062,50.69908],[-2.26816,50.70581],[-2.27413,50.70939],[-2.27685,50.71397],[-2.27403,50.71614],[-2.27304,50.71734],[-2.27729,50.71649],[-2.27799,50.71622],[-2.28174,50.71599],[-2.29213,50.71407]],[[-2.10002,50.68737],[-2.10343,50.68934],[-2.09834,50.69421],[-2.08673,50.69385],[-2.08474,50.69026],[-2.10002,50.68737]]],[[[-2.38563,50.95458],[-2.38849,50.95654],[-2.40527,50.96435],[-2.40581,50.96412],[-2.40645,50.96383],[-2.40686,50.96378],[-2.40702,50.96373],[-2.39718,50.95688],[-2.39414,50.95185],[-2.38913,50.95185],[-2.38563,50.95458]]],[[[-2.3461,50.99599],[-2.35138,51.00162],[-2.35041,51.00522],[-2.34573,51.00848],[-2.34265,51.01532],[-2.33894,51.0168],[-2.34135,51.01759],[-2.34821,51.01539],[-2.35214,51.00819],[-2.35725,51.00547],[-2.36399,51.01049],[-2.36727,51.01776],[-2.36778,51.01719],[-2.36793,51.01692],[-2.3683,51.0166],[-2.36849,51.01638],[-2.36924,51.01461],[-2.36912,51.0145],[-2.36909,51.01433],[-2.36925,51.01425],[-2.36927,51.01425],[-2.37025,51.01392],[-2.37041,51.01383],[-2.37104,51.01351],[-2.37146,51.01339],[-2.37235,51.01318],[-2.37318,51.01295],[-2.37325,51.01293],[-2.37591,51.0103],[-2.37592,51.01019],[-2.37603,51.01003],[-2.37625,51.00979],[-2.37625,51.00963],[-2.37604,51.00949],[-2.3757,51.00936],[-2.37567,51.00925],[-2.37585,51.00916],[-2.37606,51.00916],[-2.37637,51.00921],[-2.3765,51.00919],[-2.37665,51.00887],[-2.37677,51.00877],[-2.37699,51.00869],[-2.37707,51.00862],[-2.37708,51.00844],[-2.37717,51.00834],[-2.37763,51.00826],[-2.37776,51.00819],[-2.37785,51.00806],[-2.37767,51.00785],[-2.37764,51.00762],[-2.37758,51.00743],[-2.37765,51.0073],[-2.37781,51.00723],[-2.37804,51.00723],[-2.37844,51.00729],[-2.37862,51.0072],[-2.37868,51.00712],[-2.37893,51.00689],[-2.37913,51.00677],[-2.37932,51.0067],[-2.37959,51.00648],[-2.37965,51.00632],[-2.37957,51.00619],[-2.3792,51.00606],[-2.37902,51.00594],[-2.37936,51.00575],[-2.37944,51.00566],[-2.37958,51.00534],[-2.37973,51.00519],[-2.37994,51.00515],[-2.38006,51.00519],[-2.38022,51.00516],[-2.38046,51.00496],[-2.38088,51.00491],[-2.38135,51.00492],[-2.38135,51.00491],[-2.38129,51.00448],[-2.38124,51.00422],[-2.38128,51.0036],[-2.38128,51.00358],[-2.38117,51.00136],[-2.3811,51.00129],[-2.38094,51.00124],[-2.38093,51.00114],[-2.38105,51.00099],[-2.38115,51.00078],[-2.38111,51.00003],[-2.38102,50.99997],[-2.38103,50.99986],[-2.3811,50.9998],[-2.38107,50.99924],[-2.38098,50.99905],[-2.38104,50.9989],[-2.38105,50.99878],[-2.38097,50.99724],[-2.38096,50.99721],[-2.38097,50.99714],[-2.38095,50.99671],[-2.38093,50.99669],[-2.38078,50.99653],[-2.38037,50.99635],[-2.38031,50.99629],[-2.38021,50.99602],[-2.38004,50.99592],[-2.37975,50.99586],[-2.37967,50.99581],[-2.37967,50.99563],[-2.37959,50.99534],[-2.37934,50.99502],[-2.37906,50.99484],[-2.37889,50.99479],[-2.37891,50.9947],[-2.37924,50.99458],[-2.37941,50.99443],[-2.37934,50.99433],[-2.37927,50.99426],[-2.37882,50.99423],[-2.37859,50.99419],[-2.37847,50.9941],[-2.37848,50.994],[-2.37835,50.9938],[-2.37834,50.99352],[-2.37813,50.99341],[-2.37785,50.99352],[-2.37771,50.99365],[-2.37748,50.99364],[-2.3774,50.9934],[-2.37742,50.99328],[-2.37752,50.99309],[-2.37783,50.99287],[-2.37784,50.99267],[-2.37772,50.99255],[-2.37753,50.99253],[-2.3773,50.99246],[-2.37721,50.99234],[-2.37723,50.99217],[-2.37719,50.99202],[-2.37707,50.99192],[-2.37703,50.9918],[-2.37712,50.99171],[-2.37727,50.99167],[-2.37753,50.99166],[-2.37722,50.9912],[-2.377,50.99124],[-2.3769,50.9912],[-2.37691,50.99104],[-2.37696,50.99087],[-2.37694,50.99082],[-2.37642,50.99087],[-2.37639,50.99089],[-2.37627,50.9909],[-2.37625,50.99089],[-2.37162,50.99133],[-2.37162,50.99134],[-2.37151,50.99135],[-2.3715,50.99134],[-2.37092,50.9914],[-2.37091,50.9914],[-2.37468,50.99229],[-2.37843,50.99812],[-2.36904,50.99986],[-2.35747,50.99684],[-2.35387,50.99199],[-2.36856,50.99172],[-2.36727,50.9913],[-2.36694,50.99141],[-2.36669,50.99147],[-2.36624,50.99147],[-2.366,50.99143],[-2.36581,50.99128],[-2.36563,50.99119],[-2.3655,50.99101],[-2.36525,50.99082],[-2.3652,50.99074],[-2.36523,50.99065],[-2.36464,50.99047],[-2.3646,50.99048],[-2.36437,50.99061],[-2.36367,50.99086],[-2.36319,50.991],[-2.36275,50.99109],[-2.36124,50.99127],[-2.36023,50.99128],[-2.35923,50.99125],[-2.35757,50.99116],[-2.35618,50.99104],[-2.35586,50.99102],[-2.35557,50.99095],[-2.35491,50.99088],[-2.3549,50.99088],[-2.35395,50.99023],[-2.35389,50.99023],[-2.35301,50.99015],[-2.35281,50.99003],[-2.35269,50.98993],[-2.35263,50.98979],[-2.35268,50.98948],[-2.35261,50.98933],[-2.35243,50.98919],[-2.35238,50.98914],[-2.35093,50.98814],[-2.35088,50.98818],[-2.35078,50.9882],[-2.3505,50.98816],[-2.35033,50.98809],[-2.35004,50.98779],[-2.34984,50.9876],[-2.34911,50.9869],[-2.34908,50.98687],[-2.34906,50.98685],[-2.3461,50.99599]]],[[[-2.81695,50.74346],[-2.82292,50.74089],[-2.83241,50.74055],[-2.83785,50.73566],[-2.83691,50.73036],[-2.8444,50.72932],[-2.84028,50.73681],[-2.84702,50.74108],[-2.84114,50.74499],[-2.84433,50.74937],[-2.85036,50.75346],[-2.85013,50.75625],[-2.85806,50.75552],[-2.85951,50.75405],[-2.85171,50.74977],[-2.85179,50.74608],[-2.84899,50.74061],[-2.84351,50.73526],[-2.84915,50.7336],[-2.84865,50.72964],[-2.85404,50.72951],[-2.85297,50.7253],[-2.8423,50.72304],[-2.83795,50.72315],[-2.83792,50.7232],[-2.83773,50.72328],[-2.83732,50.72341],[-2.83683,50.72364],[-2.83662,50.72369],[-2.83636,50.72368],[-2.83611,50.72362],[-2.83566,50.7236],[-2.8353,50.72361],[-2.83483,50.72358],[-2.83385,50.72348],[-2.83345,50.72344],[-2.83233,50.72327],[-2.83161,50.72319],[-2.83067,50.72305],[-2.82983,50.72294],[-2.82885,50.72278],[-2.82792,50.7226],[-2.82746,50.72252],[-2.82671,50.72236],[-2.82216,50.72165],[-2.82188,50.7221],[-2.82291,50.72389],[-2.82682,50.72899],[-2.82504,50.73224],[-2.82855,50.73842],[-2.8209,50.73857],[-2.81917,50.73594],[-2.81695,50.74346]]],[[[-2.8296,50.80144],[-2.82152,50.80673],[-2.81875,50.81035],[-2.80641,50.80279],[-2.80906,50.7998],[-2.80229,50.79391],[-2.80072,50.80193],[-2.80091,50.80489],[-2.79486,50.80808],[-2.79704,50.81104],[-2.80105,50.81317],[-2.80213,50.81811],[-2.80499,50.81089],[-2.81609,50.8127],[-2.82287,50.81068],[-2.82648,50.8078],[-2.8296,50.80144]]],[[[-2.86455,50.74792],[-2.85898,50.74414],[-2.85448,50.74597],[-2.86334,50.74941],[-2.86455,50.74792]]],[[[-2.55355,50.96038],[-2.55246,50.96425],[-2.54625,50.96967],[-2.54129,50.97185],[-2.53431,50.97117],[-2.53342,50.96847],[-2.52474,50.96905],[-2.52411,50.96357],[-2.5199,50.96943],[-2.5225,50.97248],[-2.52085,50.97752],[-2.52171,50.97797],[-2.52481,50.97544],[-2.54259,50.9732],[-2.54881,50.96921],[-2.55788,50.96557],[-2.556,50.96324],[-2.56676,50.95743],[-2.56671,50.95402],[-2.55987,50.95324],[-2.55965,50.95819],[-2.55355,50.96038]]],[[[-2.54051,50.97788],[-2.53543,50.98204],[-2.53789,50.98509],[-2.54113,50.98175],[-2.54051,50.97788]]],[[[-2.78779,50.83484],[-2.78365,50.83334],[-2.78274,50.82984],[-2.78553,50.82694],[-2.79785,50.83333],[-2.79974,50.82783],[-2.80409,50.82484],[-2.80022,50.82244],[-2.79235,50.82717],[-2.78409,50.82569],[-2.78277,50.82318],[-2.79135,50.81872],[-2.78873,50.81451],[-2.78948,50.80857],[-2.78638,50.81003],[-2.78623,50.81767],[-2.77896,50.82447],[-2.77986,50.82761],[-2.77365,50.82981],[-2.7818,50.83317],[-2.78234,50.83982],[-2.78636,50.84267],[-2.78779,50.83484]]],[[[-1.94139,50.64125],[-1.94179,50.64147],[-1.94194,50.64157],[-1.94213,50.64176],[-1.94228,50.64204],[-1.94293,50.64222],[-1.94332,50.64235],[-1.94376,50.6426],[-1.94429,50.64296],[-1.94462,50.64322],[-1.94513,50.64374],[-1.94537,50.64404],[-1.94819,50.64573],[-1.94825,50.64573],[-1.94849,50.6458],[-1.94857,50.64588],[-1.94863,50.64598],[-1.94935,50.64642],[-1.95009,50.64867],[-1.95023,50.64881],[-1.95093,50.64969],[-1.95103,50.64963],[-1.95108,50.64944],[-1.95091,50.64907],[-1.95116,50.64926],[-1.95127,50.64941],[-1.95127,50.64959],[-1.95146,50.64991],[-1.95157,50.64991],[-1.95177,50.65],[-1.95184,50.65007],[-1.952,50.65034],[-1.95224,50.65081],[-1.95236,50.65111],[-1.95241,50.6513],[-1.95247,50.65167],[-1.95249,50.65199],[-1.95247,50.6521],[-1.95225,50.65258],[-1.95217,50.65285],[-1.95223,50.65341],[-1.95228,50.65357],[-1.95227,50.65376],[-1.95201,50.65421],[-1.95196,50.65438],[-1.95196,50.65443],[-1.95225,50.65534],[-1.95708,50.65377],[-1.96062,50.64667],[-1.95709,50.64451],[-1.95554,50.63902],[-1.95455,50.63857],[-1.94139,50.64125]]],[[[-2.19227,50.67484],[-2.1965,50.67106],[-2.18997,50.66639],[-2.18545,50.66829],[-2.18788,50.6735],[-2.19227,50.67484]]],[[[-2.4995,50.97914],[-2.50029,50.98669],[-2.50066,50.99173],[-2.50067,50.99174],[-2.50604,50.99431],[-2.50691,50.9926],[-2.50402,50.98893],[-2.50884,50.98648],[-2.4995,50.97914]]],[[[-2.19107,50.65767],[-2.19067,50.66468],[-2.19731,50.66198],[-2.20664,50.65998],[-2.20479,50.6581],[-2.19744,50.65928],[-2.19107,50.65767]]],[[[-2.33943,50.65194],[-2.34436,50.64877],[-2.35072,50.64893],[-2.36853,50.64744],[-2.376,50.64328],[-2.38756,50.63929],[-2.3928,50.64062],[-2.40053,50.63571],[-2.40014,50.6358],[-2.39781,50.63619],[-2.39695,50.63632],[-2.39624,50.63647],[-2.39556,50.63658],[-2.39516,50.6366],[-2.39474,50.6366],[-2.39453,50.63659],[-2.39221,50.63693],[-2.37608,50.63546],[-2.37125,50.6334],[-2.37006,50.64429],[-2.36598,50.64664],[-2.35367,50.64641],[-2.33685,50.64745],[-2.33278,50.65124],[-2.33943,50.65194]]],[[[-2.0103,50.78759],[-2.00286,50.78415],[-1.99983,50.7869],[-2.0103,50.78759]]],[[[-2.03877,50.74253],[-2.03297,50.74766],[-2.04077,50.75044],[-2.04119,50.75404],[-2.03382,50.7544],[-2.02546,50.76079],[-2.02476,50.7687],[-2.01568,50.7679],[-2.01067,50.76908],[-2.00945,50.78156],[-2.01413,50.78282],[-2.01441,50.77914],[-2.01895,50.77572],[-2.02462,50.77563],[-2.02632,50.77041],[-2.03015,50.76906],[-2.03639,50.77311],[-2.02958,50.77815],[-2.03753,50.78075],[-2.04674,50.77131],[-2.05,50.77014],[-2.06064,50.77121],[-2.06092,50.7686],[-2.06871,50.76671],[-2.0636,50.76347],[-2.06445,50.76024],[-2.07026,50.75547],[-2.07025,50.75106],[-2.06712,50.74531],[-2.05947,50.74864],[-2.04898,50.7481],[-2.04615,50.74478],[-2.03877,50.74253]]],[[[-2.16167,50.74656],[-2.1567,50.7445],[-2.15639,50.73794],[-2.1459,50.7375],[-2.14011,50.74164],[-2.13175,50.74372],[-2.12154,50.74238],[-2.12408,50.7378],[-2.12875,50.73383],[-2.12506,50.7324],[-2.11443,50.73223],[-2.10862,50.73403],[-2.09572,50.73135],[-2.09925,50.72541],[-2.09797,50.71975],[-2.10079,50.71516],[-2.09625,50.70958],[-2.07842,50.72147],[-2.07786,50.72713],[-2.07376,50.72912],[-2.06653,50.72795],[-2.05534,50.72967],[-2.04613,50.72859],[-2.04217,50.73156],[-2.04316,50.7339],[-2.04939,50.73246],[-2.06243,50.73317],[-2.06414,50.73766],[-2.07349,50.73712],[-2.07618,50.73487],[-2.07008,50.73245],[-2.07929,50.72938],[-2.08269,50.73289],[-2.09459,50.73252],[-2.10891,50.73592],[-2.12067,50.73339],[-2.12252,50.73627],[-2.11671,50.73789],[-2.11843,50.74356],[-2.12141,50.74481],[-2.12227,50.74949],[-2.1302,50.74705],[-2.13503,50.75082],[-2.14155,50.75171],[-2.1563,50.75206],[-2.15487,50.7481],[-2.16167,50.74656]]],[[[-2.87202,50.72902],[-2.86435,50.72791],[-2.86342,50.73151],[-2.85854,50.73551],[-2.87028,50.73452],[-2.87202,50.72902]]],[[[-1.97166,50.6321],[-1.96247,50.62976],[-1.9448,50.63092],[-1.93952,50.62989],[-1.93933,50.62991],[-1.93912,50.6299],[-1.93198,50.63267],[-1.93188,50.63276],[-1.95003,50.63335],[-1.97166,50.6321]]],[[[-2.04279,50.64235],[-2.03869,50.63651],[-2.02497,50.63444],[-2.01592,50.6304],[-2.00036,50.62716],[-2.00432,50.62329],[-2.00814,50.62581],[-2.01224,50.62176],[-2.00347,50.6188],[-2.00178,50.61655],[-1.98171,50.61232],[-1.97719,50.61133],[-1.96871,50.61286],[-1.967,50.61978],[-1.97393,50.61601],[-1.98369,50.61583],[-1.99697,50.61844],[-1.99711,50.62329],[-1.98891,50.62527],[-1.9769,50.6268],[-1.97195,50.62923],[-1.97689,50.63004],[-1.98608,50.62734],[-1.99202,50.62761],[-2.01776,50.63336],[-2.01337,50.63471],[-1.99174,50.62923],[-1.98566,50.62905],[-1.98057,50.63192],[-1.99032,50.63283],[-2.01535,50.63858],[-2.03445,50.64082],[-2.04279,50.64235]]],[[[-1.99103,50.63561],[-1.99244,50.63867],[-1.99937,50.64488],[-2.00532,50.65279],[-2.01281,50.65234],[-2.02682,50.65584],[-2.02979,50.65458],[-2.04309,50.65737],[-2.03914,50.6678],[-2.03022,50.66673],[-2.02753,50.6634],[-2.02272,50.6643],[-2.02286,50.66853],[-2.01154,50.66997],[-2.00603,50.66925],[-2.00319,50.66673],[-1.99428,50.66538],[-1.99187,50.66808],[-1.99881,50.67132],[-1.99499,50.67581],[-2.00277,50.67545],[-2.0073,50.67689],[-2.00829,50.68256],[-2.0124,50.68301],[-2.01976,50.68076],[-2.02882,50.68264],[-2.03179,50.67994],[-2.04367,50.67832],[-2.04495,50.67994],[-2.04779,50.68354],[-2.05401,50.682],[-2.05896,50.67777],[-2.0591,50.67382],[-2.04848,50.66978],[-2.05144,50.6651],[-2.04691,50.66285],[-2.05158,50.65952],[-2.06332,50.65997],[-2.06743,50.66104],[-2.08072,50.65906],[-2.08299,50.66157],[-2.08003,50.66697],[-2.07551,50.67084],[-2.08046,50.673],[-2.0823,50.66877],[-2.08682,50.66607],[-2.09147,50.65923],[-2.09161,50.65599],[-2.08227,50.65285],[-2.07591,50.65474],[-2.06882,50.64935],[-2.08268,50.64557],[-2.08961,50.64529],[-2.09132,50.65338],[-2.09599,50.65383],[-2.10008,50.6496],[-2.11112,50.65004],[-2.1172,50.65165],[-2.12498,50.6502],[-2.13219,50.64732],[-2.12764,50.64067],[-2.13315,50.63886],[-2.13173,50.63581],[-2.12423,50.63555],[-2.10628,50.637],[-2.0896,50.64169],[-2.07787,50.64287],[-2.05213,50.6428],[-2.04959,50.64882],[-2.04577,50.65098],[-2.03629,50.6464],[-2.02271,50.64343],[-2.0162,50.6438],[-2.01635,50.64829],[-2.00998,50.64793],[-2.01111,50.64236],[-2.00135,50.63696],[-1.99103,50.63561]]],[[[-2.08881,50.59691],[-2.08796,50.59673],[-2.08755,50.60186],[-2.08515,50.60519],[-2.07907,50.60267],[-2.079,50.59522],[-2.07898,50.59522],[-2.07877,50.59531],[-2.0785,50.59533],[-2.07823,50.59538],[-2.07779,50.59538],[-2.07737,50.59541],[-2.07702,50.59536],[-2.07665,50.59528],[-2.07654,50.59524],[-2.07369,50.5953],[-2.07357,50.60861],[-2.08728,50.60743],[-2.08896,50.60239],[-2.09674,50.60509],[-2.10042,50.61021],[-2.11203,50.61658],[-2.10524,50.6165],[-2.09859,50.613],[-2.09279,50.60725],[-2.08573,50.61022],[-2.09463,50.61201],[-2.10596,50.61947],[-2.0962,50.61984],[-2.09125,50.61822],[-2.08688,50.62029],[-2.06609,50.61644],[-2.06255,50.61509],[-2.048,50.61456],[-2.0333,50.61286],[-2.00743,50.6089],[-2.0128,50.61259],[-2.03669,50.61573],[-2.04616,50.61771],[-2.05167,50.61771],[-2.08745,50.62335],[-2.09366,50.62155],[-2.13325,50.62304],[-2.1331,50.61953],[-2.11769,50.61883],[-2.11131,50.61362],[-2.1041,50.60967],[-2.09928,50.60383],[-2.09009,50.59889],[-2.08881,50.59691]]],[[[-2.17562,50.68944],[-2.17918,50.69339],[-2.18951,50.69319],[-2.19006,50.68852],[-2.17562,50.68944]]],[[[-2.21272,50.69046],[-2.21502,50.69693],[-2.20699,50.70746],[-2.21154,50.71114],[-2.22061,50.71319],[-2.21931,50.70762],[-2.22099,50.70186],[-2.21758,50.69971],[-2.21642,50.69387],[-2.22221,50.69026],[-2.21272,50.69046]]],[[[-2.0573,50.59279],[-2.06224,50.59099],[-2.05969,50.58182],[-2.05393,50.57688],[-2.0538,50.5769],[-2.05377,50.57693],[-2.05343,50.57717],[-2.05333,50.5772],[-2.05322,50.57735],[-2.05275,50.57748],[-2.05248,50.57758],[-2.05225,50.57757],[-2.05197,50.57763],[-2.05161,50.57756],[-2.05134,50.57763],[-2.05118,50.57772],[-2.05086,50.57776],[-2.05058,50.57775],[-2.05033,50.57784],[-2.05008,50.57784],[-2.04974,50.57775],[-2.04963,50.57777],[-2.0495,50.57786],[-2.04927,50.57798],[-2.04911,50.57802],[-2.04889,50.57813],[-2.04852,50.57823],[-2.04825,50.57832],[-2.04715,50.57862],[-2.04703,50.57862],[-2.04681,50.57857],[-2.04619,50.57855],[-2.04594,50.57857],[-2.04568,50.57867],[-2.04534,50.57872],[-2.04506,50.57873],[-2.04464,50.57882],[-2.04455,50.57886],[-2.04429,50.57889],[-2.04425,50.57888],[-2.04211,50.57933],[-2.04159,50.57959],[-2.04156,50.57962],[-2.04151,50.57963],[-2.03881,50.58098],[-2.04118,50.58282],[-2.04966,50.58012],[-2.05489,50.58515],[-2.0573,50.59279]]],[[[-2.06244,50.63461],[-2.04575,50.62661],[-2.04815,50.62355],[-2.03655,50.62041],[-2.04349,50.62994],[-2.04406,50.6374],[-2.05014,50.63884],[-2.06612,50.63901],[-2.06244,50.63461]]],[[[-2.06214,50.62543],[-2.06653,50.62885],[-2.06654,50.63218],[-2.07487,50.62947],[-2.06992,50.62669],[-2.06214,50.62543]]],[[[-1.97914,50.66709],[-1.98155,50.66115],[-1.97773,50.65621],[-1.97108,50.65971],[-1.96344,50.65953],[-1.96726,50.66439],[-1.97589,50.6679],[-1.97914,50.66709]]],[[[-2.0421,50.71902],[-2.04074,50.72122],[-2.04768,50.72113],[-2.05208,50.72346],[-2.05901,50.72085],[-2.06113,50.71662],[-2.04909,50.71762],[-2.03988,50.71375],[-2.03757,50.71527],[-2.03832,50.71542],[-2.04262,50.71793],[-2.0421,50.71902]]]]},"properties":{"g":4}},
{"type":"Feature","geometry":{"type":"MultiPolygon","coordinates":[[[[-2.78492,50.81067],[-2.78638,50.81003],[-2.78948,50.80857],[-2.79486,50.80808],[-2.80091,50.80489],[-2.80072,50.80193],[-2.7973,50.80123],[-2.78935,50.80637],[-2.78492,50.81067]]],[[[-2.43468,50.65022],[-2.43177,50.64902],[-2.42629,50.65327],[-2.42872,50.65587],[-2.41262,50.65871],[-2.40765,50.65702],[-2.3952,50.65599],[-2.38004,50.65334],[-2.38326,50.64919],[-2.38084,50.6474],[-2.37406,50.64922],[-2.3537,50.64956],[-2.35072,50.64893],[-2.34436,50.64877],[-2.33943,50.65194],[-2.34423,50.65066],[-2.35936,50.65062],[-2.36531,50.65177],[-2.37719,50.65074],[-2.37523,50.65416],[-2.38997,50.65654],[-2.3972,50.65913],[-2.40513,50.65946],[-2.41279,50.66168],[-2.42356,50.65914],[-2.43109,50.65677],[-2.43468,50.65022]]],[[[-2.51484,50.98771],[-2.51433,50.9932],[-2.50402,50.98893],[-2.50691,50.9926],[-2.51177,50.99426],[-2.51194,50.99422],[-2.51259,50.99401],[-2.51281,50.99398],[-2.51301,50.99401],[-2.51359,50.99414],[-2.51427,50.99428],[-2.51492,50.99435],[-2.51589,50.99449],[-2.516,50.9945],[-2.51617,50.99449],[-2.52011,50.98823],[-2.52365,50.98596],[-2.52171,50.97797],[-2.52085,50.97752],[-2.52052,50.98625],[-2.51484,50.98771]]],[[[-2.30966,50.68565],[-2.30894,50.68314],[-2.30185,50.68199],[-2.29126,50.6848],[-2.29438,50.68713],[-2.30131,50.68585],[-2.30811,50.68683],[-2.30966,50.68565]]],[[[-2.49646,50.98609],[-2.49647,50.98611],[-2.50055,50.9916],[-2.50066,50.99173],[-2.50029,50.98669],[-2.49646,50.98609]]],[[[-2.01413,50.78282],[-2.00945,50.78156],[-2.00286,50.78415],[-2.0103,50.78759],[-2.01725,50.78606],[-2.01413,50.78282]]],[[[-2.04316,50.7339],[-2.04217,50.73156],[-2.03692,50.73327],[-2.0304,50.72941],[-2.02601,50.72947],[-2.02215,50.73502],[-2.01774,50.73637],[-2.01344,50.74002],[-2.01205,50.75522],[-2.02135,50.75827],[-2.02546,50.76079],[-2.03382,50.7544],[-2.04119,50.75404],[-2.04077,50.75044],[-2.03297,50.74766],[-2.03877,50.74253],[-2.03905,50.73741],[-2.04316,50.7339]]],[[[-1.98057,50.63192],[-1.98566,50.62905],[-1.99174,50.62923],[-2.01337,50.63471],[-2.01776,50.63336],[-1.99202,50.62761],[-1.98608,50.62734],[-1.97689,50.63004],[-1.97195,50.62923],[-1.96742,50.6277],[-1.95611,50.62877],[-1.94481,50.62877],[-1.94406,50.62891],[-1.94322,50.62914],[-1.94282,50.62921],[-1.94268,50.62927],[-1.94217,50.62941],[-1.94188,50.62947],[-1.94165,50.62957],[-1.94055,50.62974],[-1.94036,50.62979],[-1.93997,50.62982],[-1.93976,50.62986],[-1.93952,50.62989],[-1.9448,50.63092],[-1.96247,50.62976],[-1.97166,50.6321],[-1.98057,50.63192]]],[[[-2.05213,50.6428],[-2.07787,50.64287],[-2.0896,50.64169],[-2.10628,50.637],[-2.12423,50.63555],[-2.13173,50.63581],[-2.13186,50.63293],[-2.11956,50.63294],[-2.10839,50.63412],[-2.09808,50.63701],[-2.07885,50.63936],[-2.06612,50.63901],[-2.05014,50.63884],[-2.04406,50.6374],[-2.03869,50.63651],[-2.04279,50.64235],[-2.05213,50.6428]]],[[[-1.95554,50.63902],[-1.95709,50.64451],[-1.96062,50.64667],[-1.95708,50.65377],[-1.95225,50.65534],[-1.95124,50.65827],[-1.94939,50.66071],[-1.94911,50.6612],[-1.94885,50.66153],[-1.94852,50.66186],[-1.94104,50.67173],[-1.94675,50.67552],[-1.94885,50.67882],[-1.94913,50.67911],[-1.94929,50.67931],[-1.95565,50.67311],[-1.96343,50.67221],[-1.96853,50.6696],[-1.96726,50.66439],[-1.96344,50.65953],[-1.97108,50.65971],[-1.97773,50.65621],[-1.98212,50.65099],[-1.98919,50.65234],[-1.99174,50.64973],[-1.99329,50.64389],[-1.99937,50.64488],[-1.99244,50.63867],[-1.99103,50.63561],[-1.98127,50.6339],[-1.97166,50.63399],[-1.95554,50.63902]]],[[[-2.13057,50.67682],[-2.13155,50.67106],[-2.13409,50.66863],[-2.13152,50.66036],[-2.13475,50.65208],[-2.13219,50.64732],[-2.12498,50.6502],[-2.1172,50.65165],[-2.11112,50.65004],[-2.10008,50.6496],[-2.09599,50.65383],[-2.09132,50.65338],[-2.08961,50.64529],[-2.08268,50.64557],[-2.06882,50.64935],[-2.07591,50.65474],[-2.08227,50.65285],[-2.09161,50.65599],[-2.09147,50.65923],[-2.08682,50.66607],[-2.0823,50.66877],[-2.08046,50.673],[-2.07551,50.67084],[-2.08003,50.66697],[-2.08299,50.66157],[-2.08072,50.65906],[-2.06743,50.66104],[-2.06332,50.65997],[-2.05158,50.65952],[-2.04691,50.66285],[-2.05144,50.6651],[-2.04848,50.66978],[-2.0591,50.67382],[-2.05896,50.67777],[-2.05401,50.682],[-2.04779,50.68354],[-2.04495,50.67994],[-2.03448,50.6812],[-2.02287,50.68759],[-2.02203,50.69065],[-2.02373,50.69829],[-2.02741,50.69919],[-2.02685,50.70351],[-2.01892,50.7009],[-2.01623,50.70261],[-2.02302,50.70728],[-2.03152,50.70809],[-2.03804,50.70737],[-2.04172,50.70332],[-2.05205,50.69972],[-2.057,50.69216],[-2.06308,50.68731],[-2.07879,50.68703],[-2.07991,50.67857],[-2.08556,50.67173],[-2.09773,50.67217],[-2.09843,50.66822],[-2.10706,50.67136],[-2.10974,50.66407],[-2.10747,50.66209],[-2.10802,50.65751],[-2.11298,50.65804],[-2.11666,50.66181],[-2.1246,50.66549],[-2.11995,50.67278],[-2.11457,50.67369],[-2.10948,50.67693],[-2.12364,50.67781],[-2.13057,50.67682]]],[[[-2.04118,50.58282],[-2.03881,50.58098],[-2.03867,50.58105],[-2.03864,50.58119],[-2.0387,50.58126],[-2.03862,50.58149],[-2.03825,50.58148],[-2.0381,50.58139],[-2.03804,50.58138],[-2.03729,50.58176],[-2.03726,50.58181],[-2.03714,50.58184],[-2.03698,50.58192],[-2.03692,50.58198],[-2.03677,50.58204],[-2.0367,50.58212],[-2.03635,50.58233],[-2.03615,50.58241],[-2.03587,50.58254],[-2.03573,50.58256],[-2.03571,50.58263],[-2.03547,50.5827],[-2.03499,50.58308],[-2.03495,50.58314],[-2.03462,50.58328],[-2.03408,50.58354],[-2.03387,50.5836],[-2.03377,50.58367],[-2.03356,50.58388],[-2.03345,50.58386],[-2.03343,50.58402],[-2.03349,50.58408],[-2.03322,50.58411],[-2.0331,50.58425],[-2.033,50.58414],[-2.03301,50.58404],[-2.03287,50.58403],[-2.03247,50.58423],[-2.03244,50.58426],[-2.03224,50.58435],[-2.03185,50.58455],[-2.03178,50.58465],[-2.03172,50.58481],[-2.03144,50.58496],[-2.03132,50.58504],[-2.03091,50.58543],[-2.03087,50.58554],[-2.03074,50.58565],[-2.03041,50.586],[-2.0303,50.58624],[-2.03003,50.58646],[-2.02979,50.58658],[-2.02962,50.58681],[-2.02939,50.58699],[-2.02929,50.58701],[-2.02833,50.58795],[-2.02825,50.58797],[-2.02824,50.588],[-2.02791,50.58815],[-2.0276,50.5884],[-2.02732,50.58844],[-2.02709,50.58861],[-2.02676,50.5887],[-2.02672,50.58878],[-2.02675,50.58891],[-2.02635,50.589],[-2.02608,50.58899],[-2.02596,50.58893],[-2.02573,50.58899],[-2.02548,50.58898],[-2.02545,50.58874],[-2.02507,50.5887],[-2.02483,50.58882],[-2.02458,50.58879],[-2.02437,50.58884],[-2.02434,50.58883],[-2.02369,50.58897],[-2.02357,50.58913],[-2.02337,50.58904],[-2.02305,50.58911],[-2.023,50.58919],[-2.02274,50.58921],[-2.02261,50.58936],[-2.02254,50.5893],[-2.02256,50.58922],[-2.02099,50.58957],[-2.01367,50.59052],[-2.01354,50.59064],[-2.01331,50.59067],[-2.01293,50.59063],[-2.01271,50.59079],[-2.01254,50.59069],[-2.01253,50.59067],[-2.01094,50.59088],[-2.0107,50.59097],[-2.01057,50.59098],[-2.01041,50.59095],[-2.00693,50.5914],[-2.0069,50.59144],[-2.00669,50.59148],[-2.00653,50.59161],[-2.0063,50.59168],[-2.00618,50.59164],[-2.00609,50.59151],[-2.00587,50.59154],[-2.00588,50.59161],[-2.00571,50.59171],[-2.00535,50.59162],[-2.00534,50.59161],[-2.00446,50.59173],[-2.00338,50.5917],[-2.00327,50.59174],[-2.00299,50.59174],[-2.00284,50.59171],[-2.00279,50.59168],[-1.9803,50.5911],[-1.97018,50.59131],[-1.96997,50.59138],[-1.96961,50.59138],[-1.9691,50.59141],[-1.96882,50.59153],[-1.96846,50.59153],[-1.96833,50.59142],[-1.96823,50.59146],[-1.96764,50.59144],[-1.96733,50.59152],[-1.96698,50.59153],[-1.96677,50.59148],[-1.96667,50.59151],[-1.96626,50.59149],[-1.96604,50.59147],[-1.96582,50.59153],[-1.96522,50.59152],[-1.96489,50.59147],[-1.96479,50.59149],[-1.96422,50.59144],[-1.96416,50.59143],[-1.95902,50.59154],[-1.95894,50.59161],[-1.9587,50.59176],[-1.95859,50.59194],[-1.95829,50.59208],[-1.95799,50.592],[-1.95689,50.59252],[-1.95682,50.5926],[-1.95664,50.59267],[-1.95617,50.59296],[-1.95605,50.59299],[-1.95585,50.59323],[-1.95575,50.59326],[-1.95553,50.59341],[-1.95528,50.59346],[-1.95518,50.59352],[-1.95497,50.59357],[-1.95491,50.59364],[-1.95469,50.59365],[-1.95468,50.59373],[-1.95436,50.59371],[-1.95422,50.59378],[-1.95423,50.59383],[-1.95414,50.59387],[-1.96236,50.59505],[-1.98313,50.59469],[-1.99457,50.59353],[-2.00813,50.59362],[-2.01972,50.59236],[-2.02198,50.5982],[-2.02778,50.59865],[-2.03413,50.5946],[-2.03497,50.58902],[-2.04118,50.58282]]],[[[-2.08573,50.61022],[-2.09279,50.60725],[-2.09859,50.613],[-2.10524,50.6165],[-2.11203,50.61658],[-2.10042,50.61021],[-2.09674,50.60509],[-2.08896,50.60239],[-2.08728,50.60743],[-2.07357,50.60861],[-2.07369,50.5953],[-2.07101,50.59269],[-2.07082,50.59266],[-2.06617,50.59321],[-2.06615,50.59324],[-2.06636,50.59333],[-2.06621,50.5935],[-2.06633,50.59362],[-2.06595,50.59368],[-2.06572,50.59374],[-2.06545,50.59376],[-2.06507,50.59376],[-2.06463,50.59371],[-2.06436,50.59365],[-2.06397,50.59347],[-2.0621,50.59369],[-2.06224,50.59099],[-2.0573,50.59279],[-2.05476,50.59603],[-2.04855,50.59855],[-2.05109,50.60089],[-2.06282,50.60187],[-2.06028,50.60628],[-2.06353,50.60727],[-2.07003,50.60223],[-2.07032,50.61005],[-2.08573,50.61022]]],[[[-2.06654,50.63218],[-2.06653,50.62885],[-2.06214,50.62543],[-2.04815,50.62355],[-2.04575,50.62661],[-2.06244,50.63461],[-2.06654,50.63218]]],[[[-2.14982,50.72104],[-2.15379,50.72364],[-2.16469,50.71985],[-2.17642,50.71309],[-2.16536,50.71014],[-2.16326,50.71608],[-2.15519,50.7177],[-2.14982,50.72104]]],[[[-2.13517,50.69947],[-2.13545,50.70127],[-2.14112,50.70216],[-2.1434,50.70594],[-2.14455,50.71295],[-2.1488,50.71133],[-2.14991,50.70683],[-2.14466,50.70306],[-2.14352,50.69812],[-2.13517,50.69947]]],[[[-2.07923,50.69404],[-2.07215,50.69827],[-2.07075,50.70547],[-2.06607,50.70439],[-2.06041,50.70619],[-2.06821,50.70987],[-2.06113,50.71662],[-2.05901,50.72085],[-2.05208,50.72346],[-2.04768,50.72113],[-2.04074,50.72122],[-2.04047,50.72163],[-2.03996,50.72259],[-2.03991,50.72278],[-2.03975,50.72425],[-2.04613,50.72859],[-2.05534,50.72967],[-2.06653,50.72795],[-2.07376,50.72912],[-2.07786,50.72713],[-2.07842,50.72147],[-2.09625,50.70958],[-2.10079,50.71516],[-2.11269,50.71649],[-2.11212,50.71263],[-2.10799,50.70562],[-2.10006,50.70517],[-2.09086,50.70581],[-2.0852,50.7095],[-2.07755,50.70717],[-2.07882,50.70411],[-2.08716,50.697],[-2.07923,50.69404]]],[[[-2.12506,50.7324],[-2.12376,50.72467],[-2.11512,50.7245],[-2.11443,50.73223],[-2.12506,50.7324]]]]},"properties":{"g":5}},
{"type":"Feature","geometry":{"type":"MultiPolygon","coordinates":[[[[-2.50979,50.6013],[-2.48857,50.58899],[-2.46256,50.57201],[-2.45345,50.56485],[-2.44961,50.56038],[-2.44952,50.56028],[-2.44944,50.56018],[-2.44645,50.5567],[-2.44948,50.5485],[-2.45337,50.54165],[-2.44466,50.54591],[-2.44265,50.5425],[-2.43274,50.53885],[-2.43044,50.53509],[-2.43034,50.53518],[-2.43012,50.53537],[-2.42982,50.53556],[-2.42955,50.53583],[-2.42946,50.53596],[-2.42927,50.53615],[-2.42918,50.53639],[-2.42898,50.5366],[-2.42893,50.53669],[-2.42862,50.5371],[-2.42855,50.53736],[-2.42838,50.5377],[-2.42826,50.53782],[-2.42809,50.53792],[-2.42716,50.53824],[-2.42679,50.53822],[-2.42651,50.53813],[-2.42627,50.53815],[-2.42524,50.53847],[-2.4247,50.53889],[-2.42453,50.539],[-2.42393,50.53932],[-2.42328,50.53972],[-2.42248,50.54009],[-2.42211,50.54029],[-2.42163,50.54049],[-2.4182,50.54263],[-2.41805,50.54282],[-2.41786,50.54316],[-2.41783,50.54335],[-2.4179,50.54379],[-2.4179,50.54397],[-2.4178,50.54412],[-2.41796,50.54419],[-2.41795,50.54427],[-2.41781,50.54462],[-2.41773,50.54489],[-2.41759,50.54551],[-2.41758,50.54567],[-2.41752,50.54582],[-2.4175,50.54597],[-2.41753,50.54614],[-2.41744,50.54656],[-2.41732,50.54677],[-2.41736,50.54692],[-2.41732,50.54706],[-2.41708,50.54725],[-2.41704,50.5474],[-2.4171,50.5477],[-2.41706,50.54784],[-2.41715,50.54806],[-2.4171,50.54813],[-2.41684,50.54829],[-2.41671,50.5484],[-2.41642,50.54856],[-2.41613,50.54868],[-2.41592,50.54865],[-2.41575,50.5487],[-2.41536,50.54976],[-2.41537,50.54986],[-2.41522,50.55015],[-2.41532,50.55029],[-2.41533,50.5503],[-2.41534,50.55032],[-2.41833,50.5546],[-2.41836,50.55462],[-2.41878,50.55489],[-2.41892,50.55505],[-2.41899,50.55521],[-2.4192,50.55554],[-2.41937,50.55575],[-2.41937,50.5559],[-2.41964,50.55614],[-2.4198,50.55637],[-2.41992,50.55662],[-2.42015,50.55699],[-2.42033,50.55724],[-2.42062,50.5576],[-2.42122,50.55821],[-2.42133,50.55837],[-2.42143,50.55863],[-2.42146,50.5588],[-2.42145,50.55901],[-2.42143,50.55902],[-2.4237,50.56227],[-2.42402,50.56254],[-2.42442,50.56289],[-2.42473,50.56318],[-2.42719,50.5652],[-2.4277,50.56542],[-2.42792,50.56552],[-2.42809,50.56567],[-2.42834,50.56598],[-2.42841,50.56617],[-2.42841,50.5662],[-2.42842,50.56621],[-2.43558,50.56826],[-2.43574,50.56827],[-2.43621,50.56834],[-2.43643,50.56833],[-2.43665,50.56815],[-2.43684,50.5682],[-2.43711,50.56824],[-2.4372,50.5683],[-2.4374,50.5683],[-2.43733,50.56876],[-2.43895,50.56923],[-2.44113,50.569],[-2.44117,50.56878],[-2.44123,50.56872],[-2.44144,50.56869],[-2.44171,50.5687],[-2.44179,50.56857],[-2.4419,50.56853],[-2.44245,50.56855],[-2.44262,50.56859],[-2.44261,50.56884],[-2.44368,50.56873],[-2.44377,50.56869],[-2.4441,50.5686],[-2.44431,50.56861],[-2.44445,50.56864],[-2.44584,50.5685],[-2.44588,50.56846],[-2.44623,50.56841],[-2.44646,50.56843],[-2.44651,50.56842],[-2.44658,50.56844],[-2.4466,50.56844],[-2.44679,50.56848],[-2.46064,50.57152],[-2.46053,50.57138],[-2.46047,50.57107],[-2.4606,50.57106],[-2.46063,50.57118],[-2.46057,50.57124],[-2.46057,50.57137],[-2.46072,50.57154],[-2.46094,50.57155],[-2.46127,50.57172],[-2.46172,50.57201],[-2.46222,50.57236],[-2.4626,50.57268],[-2.46293,50.57299],[-2.46337,50.57343],[-2.46349,50.57358],[-2.46414,50.57421],[-2.46436,50.57451],[-2.46449,50.57472],[-2.4646,50.57497],[-2.46487,50.57537],[-2.46509,50.57578],[-2.46533,50.5761],[-2.4655,50.57644],[-2.46576,50.57694],[-2.46592,50.5772],[-2.46634,50.57779],[-2.46692,50.57846],[-2.46712,50.57874],[-2.4675,50.57918],[-2.46796,50.57966],[-2.46811,50.57984],[-2.46849,50.58042],[-2.46873,50.58086],[-2.46909,50.58157],[-2.46941,50.5822],[-2.46947,50.58241],[-2.46956,50.58246],[-2.47006,50.58329],[-2.47004,50.58345],[-2.47012,50.58365],[-2.47012,50.58385],[-2.4702,50.58397],[-2.47015,50.58436],[-2.47015,50.58479],[-2.46997,50.58486],[-2.46994,50.58492],[-2.47385,50.58609],[-2.48281,50.59181],[-2.4879,50.59196],[-2.49529,50.59634],[-2.49477,50.60066],[-2.49353,50.60318],[-2.49813,50.60577],[-2.50979,50.6013]]],[[[-2.1854,50.74568],[-2.17994,50.74366],[-2.18091,50.73817],[-2.19267,50.73806],[-2.19606,50.73626],[-2.19704,50.73158],[-2.19604,50.72942],[-2.18525,50.7245],[-2.18495,50.72144],[-2.1804,50.71659],[-2.17642,50.71309],[-2.16469,50.71985],[-2.15379,50.72364],[-2.14982,50.72104],[-2.14457,50.72033],[-2.14032,50.71709],[-2.13436,50.71647],[-2.13703,50.70748],[-2.13545,50.70127],[-2.13517,50.69947],[-2.13459,50.69669],[-2.12553,50.69598],[-2.1271,50.70281],[-2.11974,50.70165],[-2.11578,50.70291],[-2.10289,50.70265],[-2.10006,50.70517],[-2.10799,50.70562],[-2.11212,50.71263],[-2.11269,50.71649],[-2.10079,50.71516],[-2.09797,50.71975],[-2.09925,50.72541],[-2.09572,50.73135],[-2.10862,50.73403],[-2.11443,50.73223],[-2.11512,50.7245],[-2.12376,50.72467],[-2.12506,50.7324],[-2.12875,50.73383],[-2.12408,50.7378],[-2.12154,50.74238],[-2.13175,50.74372],[-2.14011,50.74164],[-2.1459,50.7375],[-2.15639,50.73794],[-2.1567,50.7445],[-2.16167,50.74656],[-2.17571,50.75005],[-2.17514,50.75156],[-2.1854,50.74568]]],[[[-2.27304,50.71734],[-2.27403,50.71614],[-2.26733,50.70959],[-2.26181,50.7096],[-2.25626,50.70566],[-2.25469,50.70251],[-2.26062,50.69908],[-2.25707,50.69702],[-2.2409,50.69184],[-2.22221,50.69026],[-2.21642,50.69387],[-2.21758,50.69971],[-2.22099,50.70186],[-2.21931,50.70762],[-2.22061,50.71319],[-2.21154,50.71114],[-2.20699,50.70746],[-2.21502,50.69693],[-2.21272,50.69046],[-2.20623,50.69496],[-2.20153,50.68931],[-2.19006,50.68852],[-2.18951,50.69319],[-2.17918,50.69339],[-2.17562,50.68944],[-2.15649,50.6829],[-2.16259,50.68757],[-2.16331,50.69081],[-2.14857,50.68597],[-2.14732,50.69182],[-2.15497,50.69504],[-2.16021,50.69441],[-2.16616,50.69593],[-2.1683,50.70024],[-2.17312,50.70194],[-2.17807,50.69897],[-2.19339,50.70695],[-2.19794,50.71009],[-2.20445,50.70945],[-2.20929,50.71456],[-2.21581,50.71707],[-2.21484,50.71977],[-2.22136,50.72057],[-2.22138,50.72515],[-2.217,50.72894],[-2.21972,50.7311],[-2.22781,50.72844],[-2.24895,50.7239],[-2.27304,50.71734]]],[[[-2.27837,50.71638],[-2.27799,50.71622],[-2.27729,50.71649],[-2.27837,50.71638]]],[[[-2.18788,50.6735],[-2.18545,50.66829],[-2.18997,50.66639],[-2.19067,50.66468],[-2.19107,50.65767],[-2.1885,50.653],[-2.195,50.64984],[-2.20446,50.64703],[-2.2077,50.64298],[-2.20458,50.64047],[-2.1995,50.64408],[-2.18876,50.6476],[-2.18677,50.64347],[-2.19734,50.63518],[-2.21007,50.6365],[-2.22279,50.6345],[-2.22745,50.63269],[-2.22687,50.62946],[-2.23534,50.62845],[-2.23292,50.62441],[-2.24083,50.62358],[-2.24251,50.61935],[-2.24207,50.61666],[-2.22804,50.61625],[-2.22803,50.61625],[-2.22812,50.61639],[-2.22815,50.61666],[-2.22809,50.6168],[-2.2278,50.61696],[-2.22727,50.61702],[-2.22717,50.617],[-2.22691,50.61704],[-2.22662,50.61694],[-2.22624,50.61669],[-2.22601,50.61663],[-2.22603,50.6166],[-2.22299,50.61714],[-2.22274,50.61742],[-2.22302,50.61748],[-2.22324,50.61757],[-2.22334,50.6177],[-2.22336,50.61785],[-2.22333,50.61802],[-2.22324,50.61826],[-2.22311,50.61846],[-2.22288,50.6187],[-2.22225,50.61921],[-2.22172,50.61954],[-2.22122,50.61971],[-2.22076,50.61994],[-2.22037,50.62005],[-2.22015,50.62007],[-2.21929,50.62017],[-2.21894,50.62025],[-2.21837,50.6203],[-2.21811,50.62037],[-2.21797,50.62037],[-2.21795,50.62032],[-2.21725,50.6204],[-2.21719,50.62045],[-2.2165,50.62059],[-2.21624,50.62056],[-2.21587,50.62064],[-2.21559,50.62061],[-2.21534,50.62062],[-2.21533,50.62062],[-2.20913,50.62133],[-2.20912,50.62133],[-2.20908,50.6214],[-2.20892,50.62154],[-2.20872,50.62184],[-2.20848,50.62197],[-2.20774,50.62216],[-2.20731,50.62219],[-2.2069,50.62225],[-2.20638,50.62225],[-2.20607,50.62222],[-2.20525,50.6221],[-2.20492,50.62201],[-2.20468,50.62192],[-2.20474,50.62182],[-2.20175,50.62216],[-2.20152,50.62223],[-2.20115,50.62231],[-2.20092,50.62244],[-2.20084,50.62242],[-2.20057,50.62247],[-2.20063,50.62238],[-2.2003,50.62244],[-2.19991,50.6226],[-2.1997,50.62264],[-2.19948,50.62264],[-2.19915,50.62276],[-2.19854,50.62277],[-2.19811,50.62275],[-2.19752,50.62268],[-2.1974,50.62266],[-2.19404,50.62304],[-2.18356,50.61955],[-2.18276,50.61539],[-2.18263,50.61538],[-2.18253,50.61539],[-2.18224,50.61536],[-2.16737,50.61442],[-2.16648,50.6145],[-2.16648,50.61451],[-2.16643,50.61451],[-2.16619,50.61453],[-2.16595,50.61468],[-2.16567,50.61474],[-2.16545,50.61468],[-2.16536,50.61461],[-2.16457,50.61468],[-2.16416,50.61475],[-2.16411,50.61473],[-2.16211,50.61492],[-2.1621,50.61492],[-2.162,50.61494],[-2.16195,50.61493],[-2.15953,50.61516],[-2.15943,50.6152],[-2.1593,50.61521],[-2.15924,50.61519],[-2.15641,50.61545],[-2.14692,50.61115],[-2.14345,50.61046],[-2.14346,50.61054],[-2.1433,50.61065],[-2.14302,50.61066],[-2.14277,50.61058],[-2.14284,50.61048],[-2.14257,50.61049],[-2.14245,50.6103],[-2.14234,50.61024],[-2.14198,50.61017],[-2.13811,50.61123],[-2.13808,50.61128],[-2.13792,50.61134],[-2.13792,50.61149],[-2.13776,50.61158],[-2.13783,50.61171],[-2.13775,50.61177],[-2.13739,50.61182],[-2.13718,50.61175],[-2.13656,50.6118],[-2.13632,50.61185],[-2.13546,50.61207],[-2.13517,50.61219],[-2.13494,50.61225],[-2.13487,50.61233],[-2.13438,50.61251],[-2.13449,50.61229],[-2.13422,50.61246],[-2.13411,50.61244],[-2.13418,50.61232],[-2.13405,50.61235],[-2.13396,50.61241],[-2.13389,50.61239],[-2.13378,50.61242],[-2.1331,50.61953],[-2.13325,50.62304],[-2.13058,50.6288],[-2.13186,50.63293],[-2.13173,50.63581],[-2.13315,50.63886],[-2.12764,50.64067],[-2.13219,50.64732],[-2.13475,50.65208],[-2.13152,50.66036],[-2.13409,50.66863],[-2.14115,50.66574],[-2.14794,50.66556],[-2.15305,50.67032],[-2.15758,50.66932],[-2.16805,50.6702],[-2.16863,50.67443],[-2.17586,50.67586],[-2.17898,50.67837],[-2.18081,50.67504],[-2.18788,50.6735]]],[[[-1.99937,50.64488],[-1.99329,50.64389],[-1.99174,50.64973],[-1.98919,50.65234],[-1.98212,50.65099],[-1.97773,50.65621],[-1.98155,50.66115],[-1.97914,50.66709],[-1.98183,50.67131],[-1.9773,50.67545],[-1.97998,50.67689],[-1.98933,50.67356],[-1.99187,50.66808],[-1.99428,50.66538],[-2.00319,50.66673],[-2.00603,50.66925],[-2.01154,50.66997],[-2.02286,50.66853],[-2.02272,50.6643],[-2.02753,50.6634],[-2.03022,50.66673],[-2.03914,50.6678],[-2.04309,50.65737],[-2.02979,50.65458],[-2.02682,50.65584],[-2.01281,50.65234],[-2.00532,50.65279],[-1.99937,50.64488]]],[[[-1.96498,50.68624],[-1.95818,50.68687],[-1.95393,50.68902],[-1.95662,50.69541],[-1.96355,50.69523],[-1.97573,50.69739],[-1.98338,50.69515],[-1.98592,50.6929],[-1.98168,50.68759],[-1.97248,50.68759],[-1.96498,50.68624]]],[[[-1.98607,50.68211],[-1.97927,50.68255],[-1.97998,50.68534],[-1.98805,50.68498],[-1.98607,50.68211]]],[[[-2.01537,50.68516],[-2.00943,50.6884],[-2.01622,50.69479],[-2.01905,50.69263],[-2.01537,50.68516]]]]},"properties":{"g":0}},
{"type":"Feature","geometry":{"type":"MultiPolygon","coordinates":[[[[-2.4598,50.62582],[-2.45593,50.61727],[-2.46245,50.61914],[-2.46625,50.61741],[-2.47707,50.6158],[-2.49013,50.60911],[-2.48848,50.60698],[-2.49353,50.60318],[-2.49477,50.60066],[-2.48361,50.60116],[-2.47799,50.6037],[-2.47598,50.60083],[-2.48572,50.59989],[-2.48809,50.597],[-2.48158,50.59532],[-2.47385,50.58609],[-2.46994,50.58492],[-2.46986,50.58507],[-2.46962,50.58559],[-2.46945,50.58602],[-2.46935,50.58615],[-2.46912,50.58632],[-2.46898,50.58654],[-2.46896,50.58656],[-2.46626,50.59133],[-2.46614,50.59159],[-2.46588,50.59192],[-2.4657,50.59228],[-2.46559,50.59242],[-2.46534,50.59264],[-2.46515,50.5927],[-2.46498,50.59261],[-2.46472,50.59263],[-2.46483,50.59276],[-2.46441,50.59279],[-2.46442,50.5929],[-2.46435,50.59295],[-2.4643,50.59309],[-2.46409,50.59312],[-2.464,50.59317],[-2.46421,50.59325],[-2.46412,50.5933],[-2.46395,50.59325],[-2.46377,50.59349],[-2.46343,50.59371],[-2.46306,50.59384],[-2.46282,50.59384],[-2.4628,50.59391],[-2.46263,50.59402],[-2.46243,50.59387],[-2.4622,50.59392],[-2.46224,50.59403],[-2.46193,50.59411],[-2.46188,50.59418],[-2.46155,50.59425],[-2.46146,50.5943],[-2.4613,50.59431],[-2.461,50.59441],[-2.46072,50.59445],[-2.46052,50.5948],[-2.46061,50.59488],[-2.46041,50.59498],[-2.45977,50.59609],[-2.45988,50.59615],[-2.45985,50.59633],[-2.45976,50.59637],[-2.45965,50.5963],[-2.45926,50.59698],[-2.45929,50.59702],[-2.45916,50.59714],[-2.45917,50.59728],[-2.45894,50.59752],[-2.45873,50.59757],[-2.45106,50.60067],[-2.45089,50.60077],[-2.45085,50.60076],[-2.45048,50.60091],[-2.45039,50.60102],[-2.45021,50.60111],[-2.44995,50.60117],[-2.44982,50.60117],[-2.44907,50.60147],[-2.44944,50.60185],[-2.44973,50.60229],[-2.44991,50.60251],[-2.44973,50.60262],[-2.44983,50.60267],[-2.44978,50.60281],[-2.45003,50.60286],[-2.45017,50.60307],[-2.45058,50.6034],[-2.45069,50.60345],[-2.45093,50.60381],[-2.45088,50.60411],[-2.45081,50.60421],[-2.45046,50.60453],[-2.45037,50.60457],[-2.44998,50.60464],[-2.44894,50.60482],[-2.44895,50.6049],[-2.44792,50.60502],[-2.44791,50.60502],[-2.4468,50.6085],[-2.44806,50.60952],[-2.44835,50.60939],[-2.44861,50.6095],[-2.44904,50.60971],[-2.44937,50.60993],[-2.44973,50.61022],[-2.45,50.61047],[-2.45021,50.6107],[-2.45037,50.61093],[-2.45074,50.61156],[-2.4509,50.61194],[-2.45104,50.61243],[-2.45111,50.61293],[-2.45118,50.6131],[-2.45121,50.61332],[-2.45113,50.61384],[-2.4512,50.61441],[-2.45117,50.61464],[-2.45103,50.61493],[-2.45092,50.61543],[-2.45069,50.61571],[-2.45068,50.61588],[-2.45061,50.61609],[-2.4505,50.6163],[-2.45025,50.61663],[-2.45,50.61678],[-2.44985,50.61676],[-2.44986,50.61698],[-2.44975,50.61702],[-2.4494,50.61762],[-2.44933,50.6178],[-2.44926,50.61822],[-2.44895,50.6187],[-2.44816,50.61971],[-2.44761,50.62039],[-2.44708,50.62102],[-2.44665,50.6215],[-2.44551,50.62265],[-2.44461,50.62352],[-2.44434,50.62376],[-2.44404,50.62391],[-2.44388,50.6239],[-2.44299,50.62482],[-2.44726,50.62729],[-2.44759,50.6317],[-2.45326,50.63189],[-2.4598,50.62582]]],[[[-2.59856,50.95297],[-2.59857,50.95296],[-2.59858,50.9529],[-2.59876,50.95278],[-2.5988,50.95277],[-2.59936,50.95231],[-2.59935,50.95226],[-2.59925,50.9521],[-2.59897,50.952],[-2.59859,50.95195],[-2.59848,50.95188],[-2.59838,50.95169],[-2.59836,50.95157],[-2.5984,50.95141],[-2.59867,50.95096],[-2.59869,50.95088],[-2.59866,50.9506],[-2.59854,50.95046],[-2.59804,50.95022],[-2.59799,50.95016],[-2.59865,50.94973],[-2.59864,50.94968],[-2.59901,50.9494],[-2.59897,50.94905],[-2.59891,50.94901],[-2.59857,50.94895],[-2.59816,50.94898],[-2.5982,50.94857],[-2.59829,50.94845],[-2.59863,50.94826],[-2.59872,50.94817],[-2.59875,50.94793],[-2.59883,50.94785],[-2.59885,50.94784],[-2.59926,50.94766],[-2.59979,50.94755],[-2.60166,50.94696],[-2.60175,50.9468],[-2.60189,50.94673],[-2.60274,50.94649],[-2.60304,50.94639],[-2.60354,50.94616],[-2.60394,50.94605],[-2.60438,50.946],[-2.60457,50.94592],[-2.60464,50.94579],[-2.60461,50.9456],[-2.60473,50.94547],[-2.60496,50.94538],[-2.60544,50.94532],[-2.60563,50.94537],[-2.60588,50.94559],[-2.60595,50.94562],[-2.60749,50.94514],[-2.60746,50.94495],[-2.60729,50.94464],[-2.60724,50.94442],[-2.60724,50.94426],[-2.60731,50.94403],[-2.60746,50.94389],[-2.6077,50.94387],[-2.60782,50.94391],[-2.60797,50.94401],[-2.60808,50.94402],[-2.60859,50.94301],[-2.60853,50.94286],[-2.60851,50.9427],[-2.60852,50.94246],[-2.60861,50.94221],[-2.60881,50.94203],[-2.60898,50.94193],[-2.60923,50.94177],[-2.60924,50.94177],[-2.60699,50.94203],[-2.6056,50.94474],[-2.59525,50.94758],[-2.59688,50.95252],[-2.59747,50.95386],[-2.59856,50.95297]]],[[[-1.967,50.61978],[-1.96871,50.61286],[-1.97719,50.61133],[-1.98171,50.61232],[-1.98397,50.60827],[-1.97888,50.60674],[-1.96207,50.6053],[-1.95995,50.60179],[-1.95313,50.5997],[-1.95312,50.59977],[-1.95297,50.60006],[-1.9528,50.60025],[-1.9528,50.60047],[-1.95259,50.60074],[-1.95259,50.60088],[-1.95244,50.60102],[-1.95197,50.60139],[-1.95186,50.60152],[-1.95174,50.60181],[-1.95155,50.60205],[-1.95121,50.60265],[-1.9512,50.60281],[-1.95129,50.60302],[-1.95116,50.60313],[-1.9509,50.60347],[-1.95089,50.6037],[-1.9506,50.60399],[-1.95041,50.60429],[-1.9504,50.6043],[-1.9548,50.60818],[-1.95496,50.6082],[-1.95523,50.6082],[-1.95557,50.6083],[-1.95573,50.60842],[-1.95586,50.60861],[-1.95597,50.60863],[-1.9561,50.60873],[-1.95648,50.60925],[-1.95645,50.60932],[-1.95663,50.60977],[-1.95683,50.61029],[-1.95699,50.61069],[-1.9571,50.611],[-1.95722,50.61141],[-1.95733,50.61192],[-1.95746,50.61234],[-1.95752,50.61282],[-1.95754,50.61329],[-1.95749,50.61344],[-1.95752,50.61375],[-1.95747,50.61435],[-1.95733,50.61501],[-1.95723,50.61563],[-1.95719,50.61599],[-1.95709,50.61625],[-1.95673,50.617],[-1.95634,50.61759],[-1.95577,50.61833],[-1.95558,50.61862],[-1.9553,50.61899],[-1.95506,50.61921],[-1.95493,50.61954],[-1.95471,50.61991],[-1.95467,50.62006],[-1.95439,50.62044],[-1.95421,50.62078],[-1.95401,50.62103],[-1.95394,50.62121],[-1.95374,50.62151],[-1.95365,50.62169],[-1.95329,50.62219],[-1.95304,50.62248],[-1.95278,50.6228],[-1.95256,50.62301],[-1.95254,50.62315],[-1.9524,50.62335],[-1.95224,50.62352],[-1.95219,50.6237],[-1.95215,50.62374],[-1.96219,50.62392],[-1.967,50.61978]]],[[[-2.02546,50.76079],[-2.02135,50.75827],[-2.01205,50.75522],[-2.01067,50.76908],[-2.01568,50.7679],[-2.02476,50.7687],[-2.02546,50.76079]]]]},"properties":{"g":0}},
{"type":"Feature","geometry":{"type":"MultiPolygon","coordinates":[[[[-1.95314,50.79048],[-1.95605,50.79007],[-1.96047,50.78988],[-1.97256,50.79002],[-1.97653,50.78768],[-1.98721,50.791],[-1.9905,50.79122],[-1.99115,50.78103],[-1.98547,50.77725],[-1.97767,50.77833],[-1.96888,50.77788],[-1.96164,50.78291],[-1.95077,50.77547],[-1.95314,50.79048]]],[[[-1.99983,50.7869],[-1.99313,50.78328],[-1.9954,50.79274],[-1.99983,50.7869]]]]},"properties":{"g":3}},
{"type":"Feature","geometry":{"type":"MultiPolygon","coordinates":[[[[-1.95314,50.79049],[-1.95605,50.79007],[-1.95314,50.79048],[-1.95314,50.79049]]],[[[-1.95077,50.77547],[-1.96164,50.78291],[-1.96888,50.77788],[-1.9703,50.77473],[-1.96108,50.77113],[-1.96066,50.76771],[-1.94895,50.76856],[-1.95077,50.77547]]],[[[-1.98721,50.791],[-1.97653,50.78768],[-1.97256,50.79002],[-1.96047,50.78988],[-1.96879,50.79234],[-1.97875,50.79238],[-1.98721,50.791]]],[[[-1.9954,50.79274],[-1.99313,50.78328],[-1.99983,50.7869],[-2.00286,50.78415],[-2.00207,50.7804],[-2.00945,50.78156],[-2.01067,50.76908],[-2.00873,50.76934],[-2.00647,50.77536],[-2.00037,50.77599],[-1.99115,50.78103],[-1.9905,50.79122],[-1.9954,50.79274]]],[[[-2.01774,50.73637],[-2.01624,50.7295],[-2.00873,50.72959],[-2.00943,50.73238],[-2.00561,50.73579],[-1.99498,50.73714],[-2.00008,50.74173],[-1.99909,50.7447],[-2.00136,50.75432],[-2.00136,50.75099],[-2.00958,50.74829],[-2.01114,50.74137],[-2.01344,50.74002],[-2.01774,50.73637]]]]},"properties":{"g":4}},
{"type":"Feature","geometry":{"type":"MultiPolygon","coordinates":[[[[-1.94895,50.76856],[-1.96066,50.76771],[-1.96108,50.77113],[-1.9703,50.77473],[-1.96888,50.77788],[-1.97767,50.77833],[-1.98547,50.77725],[-1.99115,50.78103],[-2.00037,50.77599],[-2.00647,50.77536],[-2.00873,50.76934],[-1.99186,50.76871],[-1.98831,50.77095],[-1.98406,50.76934],[-1.97725,50.7634],[-1.97867,50.75917],[-1.97471,50.75342],[-1.98095,50.74649],[-1.98095,50.7446],[-1.97216,50.74361],[-1.97032,50.74658],[-1.96195,50.74739],[-1.95516,50.74064],[-1.94594,50.74639],[-1.94636,50.74954],[-1.94243,50.75321],[-1.94895,50.76856]]],[[[-2.00945,50.78156],[-2.00207,50.7804],[-2.00286,50.78415],[-2.00945,50.78156]]],[[[-2.01344,50.74002],[-2.01114,50.74137],[-2.00958,50.74829],[-2.00136,50.75099],[-2.00136,50.75432],[-2.00505,50.75603],[-2.01205,50.75522],[-2.01344,50.74002]]],[[[-2.02601,50.72947],[-2.03423,50.72635],[-2.03337,50.72266],[-2.03776,50.7196],[-2.0321,50.71654],[-2.02175,50.71376],[-2.02176,50.71772],[-2.02771,50.72203],[-2.02601,50.72446],[-2.01624,50.7295],[-2.01774,50.73637],[-2.02215,50.73502],[-2.02601,50.72947]]]]},"properties":{"g":5}},
{"type":"Feature","geometry":{"type":"MultiPolygon","coordinates":[[[[-1.94243,50.75321],[-1.94636,50.74954],[-1.94594,50.74639],[-1.95516,50.74064],[-1.96195,50.74739],[-1.97032,50.74658],[-1.97216,50.74361],[-1.98095,50.7446],[-1.98095,50.74649],[-1.97471,50.75342],[-1.97867,50.75917],[-1.97725,50.7634],[-1.98406,50.76934],[-1.98831,50.77095],[-1.99186,50.76871],[-2.00873,50.76934],[-2.01067,50.76908],[-2.01205,50.75522],[-2.00505,50.75603],[-2.00136,50.75432],[-1.99909,50.7447],[-2.00008,50.74173],[-1.99498,50.73714],[-1.9879,50.73858],[-1.98393,50.7232],[-1.98875,50.71484],[-1.98479,50.7134],[-1.9719,50.7134],[-1.97062,50.71583],[-1.95334,50.71672],[-1.95476,50.71402],[-1.94612,50.71006],[-1.95094,50.7053],[-1.94032,50.70475],[-1.93353,50.70169],[-1.93141,50.69548],[-1.93878,50.69081],[-1.94827,50.68677],[-1.94582,50.68319],[-1.93749,50.68765],[-1.93727,50.6878],[-1.93719,50.68784],[-1.93697,50.68801],[-1.93698,50.68802],[-1.937,50.68814],[-1.9369,50.68834],[-1.93618,50.68878],[-1.93596,50.68885],[-1.93575,50.68901],[-1.93565,50.68903],[-1.93564,50.68904],[-1.93555,50.68922],[-1.93545,50.68934],[-1.93517,50.68957],[-1.93479,50.68993],[-1.93458,50.68998],[-1.93465,50.69012],[-1.93454,50.69029],[-1.93415,50.69055],[-1.9337,50.69089],[-1.93349,50.69094],[-1.9336,50.69114],[-1.93357,50.69121],[-1.93333,50.6914],[-1.93304,50.69159],[-1.93261,50.69192],[-1.93252,50.69196],[-1.9324,50.69209],[-1.93227,50.69216],[-1.93202,50.69241],[-1.93117,50.69293],[-1.9307,50.69324],[-1.93028,50.69355],[-1.92972,50.69387],[-1.92926,50.69423],[-1.92905,50.69435],[-1.92821,50.69496],[-1.928,50.69509],[-1.92724,50.69563],[-1.92694,50.69588],[-1.9263,50.69634],[-1.92582,50.69665],[-1.92392,50.69812],[-1.91394,50.70354],[-1.91673,50.70935],[-1.91798,50.71692],[-1.92446,50.7269],[-1.93612,50.74085],[-1.94243,50.75321]]],[[[-2.01624,50.7295],[-2.02601,50.72446],[-2.02771,50.72203],[-2.02176,50.71772],[-2.02175,50.71376],[-2.01453,50.71196],[-1.98847,50.70989],[-1.9947,50.71799],[-2.00065,50.71844],[-2.00873,50.72959],[-2.01624,50.7295]]]]},"properties":{"g":0}},
{"type":"Feature","geometry":{"type":"MultiPolygon","coordinates":[[[[-2.56715,50.98327],[-2.56721,50.98336],[-2.5673,50.98344],[-2.56715,50.98327]]],[[[-2.56457,50.98027],[-2.5647,50.98046],[-2.56527,50.98134],[-2.56558,50.98172],[-2.56588,50.98198],[-2.56597,50.982],[-2.56622,50.98219],[-2.56457,50.98027]]],[[[-2.56237,50.97771],[-2.56303,50.97854],[-2.56348,50.97904],[-2.5636,50.97914],[-2.56237,50.97771]]],[[[-2.55745,50.97917],[-2.55767,50.97911],[-2.55965,50.9788],[-2.56,50.97872],[-2.56031,50.97863],[-2.56102,50.97832],[-2.56166,50.97805],[-2.56236,50.97771],[-2.55745,50.97917]]],[[[-2.55349,50.98275],[-2.5535,50.98274],[-2.55373,50.98258],[-2.55468,50.98165],[-2.55493,50.9815],[-2.55513,50.98142],[-2.55572,50.98063],[-2.55602,50.98025],[-2.55613,50.97999],[-2.55619,50.97977],[-2.55621,50.97954],[-2.55656,50.97943],[-2.55621,50.97954],[-2.55349,50.98275]]]]},"properties":{"g":2}},
{"type":"Feature","geometry":{"type":"MultiPolygon","coordinates":[[[[-2.7085,50.86982],[-2.70852,50.86983],[-2.70851,50.86982],[-2.7085,50.86982]]],[[[-2.3513,50.97846],[-2.35131,50.97845],[-2.3513,50.97845],[-2.3513,50.97846]]],[[[-2.61395,50.94098],[-2.61393,50.94098],[-2.61393,50.94099],[-2.61395,50.94098]]],[[[-2.5512,50.98353],[-2.55144,50.98347],[-2.55333,50.98283],[-2.55349,50.98275],[-2.5512,50.98353]]],[[[-2.54806,50.98486],[-2.54809,50.98485],[-2.54838,50.98476],[-2.54881,50.98458],[-2.54922,50.98437],[-2.54806,50.98486]]],[[[-2.54755,50.98498],[-2.54757,50.98498],[-2.54771,50.98495],[-2.54755,50.98498]]],[[[-2.6157,50.9393],[-2.61553,50.93904],[-2.61524,50.9387],[-2.6149,50.93838],[-2.6146,50.93815],[-2.61429,50.93796],[-2.61375,50.93768],[-2.61332,50.93746],[-2.61302,50.93734],[-2.61252,50.93717],[-2.61203,50.93705],[-2.61093,50.93681],[-2.61036,50.9367],[-2.61052,50.93651],[-2.60967,50.93629],[-2.6094,50.93621],[-2.60906,50.93609],[-2.6157,50.9393]]],[[[-2.48051,50.96618],[-2.4808,50.96655],[-2.48146,50.96731],[-2.48179,50.96778],[-2.48213,50.96815],[-2.48237,50.96833],[-2.48402,50.96975],[-2.48418,50.96994],[-2.48431,50.97019],[-2.48442,50.97026],[-2.48456,50.97051],[-2.48484,50.97089],[-2.48509,50.97114],[-2.48567,50.97162],[-2.4859,50.97159],[-2.48596,50.97163],[-2.48051,50.96618]]],[[[-2.47556,50.96309],[-2.47569,50.9634],[-2.47592,50.96359],[-2.4764,50.96386],[-2.4772,50.96425],[-2.47792,50.96463],[-2.47886,50.9652],[-2.47972,50.96565],[-2.47995,50.96573],[-2.48019,50.96587],[-2.48027,50.96594],[-2.4802,50.96587],[-2.47556,50.96309]]],[[[-2.47458,50.96251],[-2.47474,50.96265],[-2.47479,50.96263],[-2.47458,50.96251]]],[[[-2.46683,50.95981],[-2.46763,50.95964],[-2.46946,50.95935],[-2.46998,50.95923],[-2.4705,50.95907],[-2.47101,50.95888],[-2.47127,50.95877],[-2.46683,50.95981]]],[[[-2.45901,50.95445],[-2.45907,50.9545],[-2.45921,50.95456],[-2.45936,50.95473],[-2.45987,50.9551],[-2.46072,50.95577],[-2.46145,50.95631],[-2.46279,50.95575],[-2.46381,50.95535],[-2.46382,50.95536],[-2.46381,50.95535],[-2.45901,50.95445]]],[[[-2.44718,50.96785],[-2.44694,50.96744],[-2.44678,50.96724],[-2.44646,50.96673],[-2.44616,50.96638],[-2.4461,50.96616],[-2.44599,50.96596],[-2.44586,50.96562],[-2.44582,50.96524],[-2.44561,50.96497],[-2.44552,50.96477],[-2.44533,50.96456],[-2.4451,50.96441],[-2.44485,50.96399],[-2.44489,50.96384],[-2.44481,50.96337],[-2.44479,50.96311],[-2.44467,50.96302],[-2.44406,50.96293],[-2.4433,50.96297],[-2.44718,50.96785]]],[[[-2.43121,50.97079],[-2.43125,50.97085],[-2.43165,50.9711],[-2.43177,50.97134],[-2.43311,50.97067],[-2.43371,50.97033],[-2.43121,50.97079]]],[[[-2.42694,50.971],[-2.42709,50.97108],[-2.42727,50.97115],[-2.42747,50.9712],[-2.42694,50.971]]],[[[-2.41957,50.96507],[-2.41957,50.96511],[-2.41968,50.96525],[-2.41988,50.9654],[-2.42003,50.96561],[-2.42064,50.96622],[-2.42082,50.96637],[-2.42096,50.96657],[-2.42112,50.96689],[-2.42134,50.96717],[-2.42193,50.96751],[-2.4224,50.96794],[-2.42271,50.96828],[-2.42291,50.96846],[-2.42314,50.96863],[-2.42344,50.96881],[-2.41957,50.96507]]],[[[-2.40704,50.96373],[-2.40713,50.9637],[-2.40744,50.96357],[-2.40704,50.96373]]],[[[-2.81043,50.86277],[-2.81075,50.863],[-2.81107,50.86322],[-2.81142,50.86341],[-2.81181,50.86313],[-2.81192,50.86297],[-2.81243,50.86266],[-2.81288,50.86219],[-2.81294,50.86209],[-2.81043,50.86277]]],[[[-2.80755,50.85884],[-2.80747,50.85889],[-2.80705,50.85894],[-2.80697,50.85932],[-2.80681,50.8597],[-2.80658,50.86008],[-2.80609,50.86067],[-2.80575,50.86115],[-2.80563,50.86138],[-2.80561,50.86151],[-2.80559,50.86189],[-2.80584,50.8619],[-2.80631,50.86202],[-2.8065,50.86205],[-2.80682,50.86221],[-2.80766,50.86277],[-2.80781,50.86288],[-2.80731,50.86325],[-2.8078,50.86346],[-2.80807,50.86363],[-2.80832,50.86335],[-2.80755,50.85884]]],[[[-2.80138,50.85638],[-2.80159,50.85671],[-2.80169,50.85679],[-2.80198,50.85688],[-2.80212,50.85694],[-2.80252,50.85708],[-2.8029,50.85724],[-2.80338,50.85737],[-2.80387,50.85755],[-2.80418,50.85765],[-2.80474,50.85779],[-2.80537,50.85799],[-2.80609,50.85817],[-2.80718,50.85852],[-2.80752,50.85863],[-2.80138,50.85638]]],[[[-2.79964,50.85574],[-2.79987,50.85589],[-2.80002,50.85594],[-2.80027,50.85617],[-2.80065,50.85611],[-2.79964,50.85574]]],[[[-2.79391,50.85365],[-2.79397,50.85375],[-2.79426,50.85414],[-2.79466,50.85443],[-2.79492,50.85458],[-2.79525,50.85472],[-2.79588,50.85488],[-2.79668,50.85509],[-2.79708,50.85517],[-2.79745,50.85521],[-2.7978,50.85528],[-2.79815,50.8554],[-2.7986,50.8554],[-2.79874,50.85542],[-2.79391,50.85365]]],[[[-2.77856,50.86051],[-2.77912,50.86045],[-2.78006,50.86032],[-2.78078,50.86015],[-2.78203,50.85978],[-2.78229,50.8597],[-2.7824,50.85958],[-2.78257,50.85932],[-2.78229,50.8597],[-2.77856,50.86051]]],[[[-2.77363,50.8606],[-2.77384,50.86065],[-2.77431,50.86069],[-2.77541,50.86068],[-2.77548,50.86063],[-2.77606,50.8606],[-2.77726,50.86055],[-2.77781,50.86055],[-2.77852,50.86051],[-2.77363,50.8606]]],[[[-2.76169,50.8608],[-2.76205,50.86088],[-2.76208,50.86079],[-2.76169,50.8608]]],[[[-2.76034,50.86473],[-2.76042,50.86458],[-2.76063,50.86413],[-2.76089,50.86343],[-2.76096,50.86318],[-2.76101,50.86279],[-2.76034,50.86473]]],[[[-2.75992,50.86598],[-2.76007,50.8658],[-2.76019,50.86537],[-2.76034,50.86475],[-2.75992,50.86598]]],[[[-2.75482,50.86601],[-2.75501,50.86615],[-2.75515,50.86636],[-2.75513,50.86655],[-2.75499,50.86678],[-2.75516,50.86684],[-2.75558,50.8668],[-2.75648,50.86665],[-2.75688,50.8666],[-2.75703,50.86662],[-2.75719,50.86669],[-2.7575,50.8669],[-2.75772,50.86684],[-2.75913,50.86625],[-2.75966,50.86605],[-2.75992,50.86598],[-2.75482,50.86601]]],[[[-2.75149,50.86389],[-2.75152,50.8639],[-2.75151,50.86389],[-2.75149,50.86389]]],[[[-2.7392,50.86462],[-2.73943,50.86462],[-2.7395,50.8646],[-2.7392,50.86462]]],[[[-2.72139,50.86495],[-2.72161,50.86521],[-2.72185,50.8654],[-2.72237,50.86568],[-2.72269,50.86592],[-2.72309,50.86619],[-2.72319,50.86613],[-2.72338,50.8661],[-2.72403,50.86608],[-2.72427,50.86578],[-2.72446,50.86563],[-2.72479,50.86547],[-2.72139,50.86495]]],[[[-2.72018,50.86476],[-2.72032,50.8648],[-2.72065,50.86487],[-2.72102,50.86491],[-2.72122,50.86492],[-2.72018,50.86476]]],[[[-2.71453,50.86507],[-2.71456,50.86496],[-2.71464,50.8646],[-2.71455,50.8641],[-2.71453,50.86507]]],[[[-2.71138,50.87047],[-2.7114,50.87051],[-2.71158,50.87073],[-2.71176,50.8709],[-2.71194,50.87087],[-2.71404,50.87112],[-2.71437,50.87114],[-2.71138,50.87047]]],[[[-2.36653,51.01819],[-2.36667,51.01813],[-2.36725,51.01778],[-2.36764,51.01743],[-2.36778,51.01719],[-2.36727,51.01776],[-2.36653,51.01819]]],[[[-2.36499,51.0191],[-2.36515,51.01904],[-2.36539,51.01886],[-2.36499,51.0191]]],[[[-2.36051,51.02525],[-2.36067,51.02518],[-2.3606,51.02508],[-2.36051,51.02525]]],[[[-2.39593,50.96864],[-2.39642,50.96856],[-2.39674,50.96849],[-2.39704,50.9684],[-2.39809,50.96799],[-2.39813,50.96797],[-2.39809,50.96799],[-2.39593,50.96864]]],[[[-2.37627,50.97305],[-2.377,50.97302],[-2.37795,50.97299],[-2.37866,50.97295],[-2.3795,50.9729],[-2.38038,50.97282],[-2.3808,50.97283],[-2.38142,50.97277],[-2.38231,50.97263],[-2.38354,50.97236],[-2.38355,50.97236],[-2.38354,50.97236],[-2.37627,50.97305]]],[[[-2.35808,50.97745],[-2.35826,50.97742],[-2.3589,50.97729],[-2.36024,50.977],[-2.36068,50.97696],[-2.3612,50.97685],[-2.36197,50.97665],[-2.36256,50.97656],[-2.36271,50.9765],[-2.36268,50.97639],[-2.36295,50.97628],[-2.35826,50.97742],[-2.35808,50.97745]]],[[[-2.5677,50.9839],[-2.56794,50.98422],[-2.5691,50.98537],[-2.56939,50.98551],[-2.5703,50.9858],[-2.57124,50.98598],[-2.57147,50.98604],[-2.5677,50.9839]]],[[[-2.54478,50.99157],[-2.5451,50.99061],[-2.54534,50.99012],[-2.54543,50.98981],[-2.54548,50.98897],[-2.54554,50.98766],[-2.54547,50.98577],[-2.54478,50.99157]]],[[[-2.55171,50.99374],[-2.55128,50.99355],[-2.55088,50.9934],[-2.55026,50.99322],[-2.55001,50.99311],[-2.54981,50.99309],[-2.54964,50.99299],[-2.54935,50.99297],[-2.54914,50.99286],[-2.5489,50.99284],[-2.54845,50.99265],[-2.54801,50.99255],[-2.54774,50.99245],[-2.54738,50.99221],[-2.54713,50.99231],[-2.55171,50.99374]]],[[[-2.54986,50.99625],[-2.55038,50.99636],[-2.55149,50.99635],[-2.55138,50.99545],[-2.55139,50.99519],[-2.55145,50.99494],[-2.55152,50.99474],[-2.55186,50.99403],[-2.55192,50.9937],[-2.55171,50.99374],[-2.54986,50.99625]]],[[[-2.5353,50.99883],[-2.5353,50.99884],[-2.53517,50.99937],[-2.53698,50.99942],[-2.5377,50.99952],[-2.53806,50.99954],[-2.53857,50.9995],[-2.53996,50.99948],[-2.54013,50.99951],[-2.54069,50.99953],[-2.54151,50.99957],[-2.54201,50.99948],[-2.54272,50.99953],[-2.54316,50.99954],[-2.54345,50.99958],[-2.54395,50.99958],[-2.54424,50.99956],[-2.54514,50.99964],[-2.54554,50.99961],[-2.54625,50.9996],[-2.54741,50.99954],[-2.5353,50.99883]]],[[[-2.5184,50.99382],[-2.51839,50.99384],[-2.5174,50.99427],[-2.51741,50.99441],[-2.5173,50.99443],[-2.51731,50.99461],[-2.51805,50.9945],[-2.51886,50.99437],[-2.51959,50.99418],[-2.5201,50.99401],[-2.5208,50.99372],[-2.52096,50.99363],[-2.52141,50.99333],[-2.52184,50.99307],[-2.52264,50.99269],[-2.52332,50.99232],[-2.52333,50.99232],[-2.52332,50.99232],[-2.5184,50.99382]]],[[[-2.51621,50.99449],[-2.51638,50.99449],[-2.51669,50.99438],[-2.51675,50.99433],[-2.51621,50.99449]]],[[[-2.50604,50.99431],[-2.50605,50.99431],[-2.50705,50.99446],[-2.50853,50.99466],[-2.50977,50.99458],[-2.51086,50.99443],[-2.5114,50.99435],[-2.51175,50.99427],[-2.50604,50.99431]]],[[[-2.37318,51.01295],[-2.37325,51.01294],[-2.37325,51.01293],[-2.37318,51.01295]]],[[[-2.36927,51.01425],[-2.36971,51.0142],[-2.36983,51.01417],[-2.37025,51.01392],[-2.36927,51.01425]]],[[[-2.3683,51.0166],[-2.36853,51.01635],[-2.36898,51.01604],[-2.36915,51.01584],[-2.36927,51.01558],[-2.3693,51.01543],[-2.36928,51.01526],[-2.36931,51.015],[-2.3693,51.01471],[-2.36927,51.01463],[-2.36924,51.01461],[-2.36849,51.01638],[-2.3683,51.0166]]]]},"properties":{"g":3}},
{"type":"Feature","geometry":{"type":"MultiPolygon","coordinates":[[[[-2.45885,50.95384],[-2.45878,50.95392],[-2.45861,50.95398],[-2.45854,50.95408],[-2.45863,50.95427],[-2.45888,50.95435],[-2.45898,50.95443],[-2.45885,50.95384]]],[[[-2.45856,50.95247],[-2.45845,50.95255],[-2.45823,50.95268],[-2.45791,50.95279],[-2.45806,50.95296],[-2.45854,50.95323],[-2.45863,50.95325],[-2.45875,50.95338],[-2.45856,50.95247]]],[[[-2.44474,50.95808],[-2.44475,50.95808],[-2.44479,50.958],[-2.44474,50.95808]]],[[[-2.44271,50.96222],[-2.44274,50.96219],[-2.4431,50.96194],[-2.44366,50.96161],[-2.44371,50.96152],[-2.44401,50.96136],[-2.44434,50.96106],[-2.4443,50.96102],[-2.44367,50.96125],[-2.44358,50.96102],[-2.44332,50.96116],[-2.4432,50.96112],[-2.44274,50.96094],[-2.44271,50.96222]]],[[[-2.36859,50.99171],[-2.36851,50.99167],[-2.36837,50.9915],[-2.36825,50.99143],[-2.36803,50.99138],[-2.36777,50.99129],[-2.36744,50.99125],[-2.36727,50.9913],[-2.36856,50.99172],[-2.36859,50.99171]]],[[[-2.36933,50.99153],[-2.36926,50.99153],[-2.36921,50.99156],[-2.36933,50.99153]]],[[[-2.35238,50.98914],[-2.35197,50.98877],[-2.35197,50.98864],[-2.35211,50.98857],[-2.35233,50.98857],[-2.35248,50.98847],[-2.35245,50.9883],[-2.35229,50.98814],[-2.35197,50.98813],[-2.35165,50.98792],[-2.35136,50.98789],[-2.3512,50.98796],[-2.35093,50.98814],[-2.35238,50.98914]]],[[[-2.35491,50.99088],[-2.3549,50.99088],[-2.35482,50.99078],[-2.35485,50.99065],[-2.35501,50.99033],[-2.35476,50.9902],[-2.35456,50.99018],[-2.35419,50.99022],[-2.35395,50.99023],[-2.3549,50.99088],[-2.35491,50.99088]]],[[[-2.36523,50.99065],[-2.36526,50.99056],[-2.3652,50.99049],[-2.36493,50.99043],[-2.36478,50.99042],[-2.36464,50.99047],[-2.36523,50.99065]]],[[[-2.3715,50.99134],[-2.37124,50.99123],[-2.37107,50.99125],[-2.37097,50.99131],[-2.37092,50.9914],[-2.3715,50.99134]]],[[[-2.37625,50.99089],[-2.376,50.99076],[-2.37574,50.99071],[-2.37545,50.99054],[-2.37521,50.99056],[-2.37508,50.99062],[-2.37496,50.99061],[-2.37463,50.99046],[-2.37451,50.99047],[-2.37406,50.99068],[-2.37391,50.99063],[-2.37369,50.99043],[-2.37348,50.9904],[-2.3733,50.99047],[-2.37309,50.99067],[-2.37293,50.99074],[-2.37282,50.99071],[-2.37268,50.99047],[-2.37259,50.99044],[-2.37235,50.99046],[-2.37223,50.99052],[-2.37211,50.99064],[-2.37203,50.99089],[-2.37191,50.9909],[-2.37179,50.99096],[-2.37162,50.99133],[-2.37625,50.99089]]],[[[-2.37694,50.99082],[-2.37692,50.99077],[-2.37669,50.99073],[-2.37642,50.99087],[-2.37694,50.99082]]],[[[-2.37753,50.99166],[-2.37766,50.99166],[-2.37779,50.9916],[-2.37783,50.99152],[-2.37776,50.99141],[-2.37755,50.99128],[-2.37725,50.99119],[-2.37722,50.9912],[-2.37753,50.99166]]],[[[-2.37941,50.99443],[-2.37942,50.99442],[-2.37934,50.99433],[-2.37941,50.99443]]],[[[-2.38097,50.99714],[-2.38099,50.99691],[-2.38095,50.99671],[-2.38093,50.99669],[-2.38095,50.99671],[-2.38097,50.99714]]],[[[-2.38105,50.99878],[-2.38105,50.99874],[-2.38119,50.9986],[-2.38121,50.99838],[-2.38105,50.99819],[-2.38104,50.99795],[-2.38109,50.99781],[-2.38104,50.99762],[-2.38107,50.99747],[-2.38097,50.99724],[-2.38105,50.99878]]],[[[-2.3811,50.9998],[-2.38115,50.99975],[-2.38119,50.99956],[-2.38111,50.99944],[-2.38107,50.99924],[-2.3811,50.9998]]],[[[-2.38115,51.00078],[-2.38125,51.00056],[-2.38146,51.00037],[-2.38149,51.00024],[-2.38139,51.00013],[-2.38118,51.00008],[-2.38111,51.00003],[-2.38115,51.00078]]],[[[-2.38128,51.00358],[-2.38135,51.00309],[-2.38141,51.00244],[-2.38145,51.0023],[-2.38156,51.00214],[-2.38174,51.00202],[-2.38175,51.00192],[-2.38168,51.00185],[-2.38146,51.00175],[-2.38154,51.00157],[-2.38127,51.00145],[-2.38117,51.00136],[-2.38128,51.00358]]],[[[-2.37325,51.01293],[-2.37325,51.01294],[-2.37327,51.01293],[-2.37557,51.01236],[-2.37805,51.01171],[-2.37807,51.01141],[-2.37825,51.01121],[-2.37816,51.01112],[-2.378,51.01107],[-2.37767,51.01093],[-2.37753,51.01094],[-2.3773,51.01111],[-2.37684,51.01112],[-2.37653,51.01108],[-2.37619,51.01099],[-2.37598,51.0109],[-2.3759,51.01081],[-2.37594,51.01064],[-2.3759,51.01048],[-2.37591,51.0103],[-2.37325,51.01293]]],[[[-2.50067,50.99174],[-2.50129,50.99252],[-2.50125,50.9926],[-2.50112,50.99265],[-2.50183,50.99335],[-2.50201,50.9935],[-2.50219,50.99372],[-2.50241,50.99387],[-2.50268,50.99392],[-2.50336,50.9939],[-2.50413,50.99394],[-2.50448,50.99401],[-2.50604,50.99431],[-2.50067,50.99174]]]]},"properties":{"g":4}},
{"type":"Feature","geometry":{"type":"MultiPolygon","coordinates":[[[[-2.48977,50.9743],[-2.48934,50.9744],[-2.48897,50.97444],[-2.48822,50.97445],[-2.48816,50.97492],[-2.48818,50.97525],[-2.48824,50.97551],[-2.48833,50.97576],[-2.48841,50.97589],[-2.48861,50.97612],[-2.48899,50.97645],[-2.48921,50.9766],[-2.48987,50.97701],[-2.48986,50.97701],[-2.48977,50.9743]]],[[[-2.48596,50.97163],[-2.48679,50.97224],[-2.4872,50.9725],[-2.48741,50.97271],[-2.48755,50.97288],[-2.48778,50.97311],[-2.4884,50.97303],[-2.48847,50.97293],[-2.48596,50.97163]]],[[[-2.51589,50.99449],[-2.51594,50.9945],[-2.516,50.9945],[-2.51589,50.99449]]],[[[-2.49647,50.98611],[-2.4966,50.98634],[-2.49718,50.98735],[-2.49756,50.98785],[-2.49827,50.98872],[-2.49865,50.98931],[-2.49868,50.98947],[-2.4988,50.98961],[-2.49895,50.98953],[-2.50006,50.99098],[-2.50055,50.9916],[-2.49647,50.98611]]]]},"properties":{"g":5}},
{"type":"Feature","geometry":{"type":"MultiPolygon","coordinates":[[[[-2.60808,50.94402],[-2.60814,50.94402],[-2.60841,50.94388],[-2.60862,50.94365],[-2.60866,50.94351],[-2.60867,50.94328],[-2.60865,50.94315],[-2.60859,50.94301],[-2.60808,50.94402]]],[[[-2.60595,50.94562],[-2.60609,50.9457],[-2.60675,50.94589],[-2.60694,50.94587],[-2.60717,50.94576],[-2.60728,50.94565],[-2.60749,50.94518],[-2.60749,50.94514],[-2.60595,50.94562]]],[[[-2.59979,50.94755],[-2.59987,50.94753],[-2.60153,50.94745],[-2.60172,50.94738],[-2.60175,50.9473],[-2.60165,50.94698],[-2.60166,50.94696],[-2.59979,50.94755]]],[[[-2.59901,50.9494],[-2.5992,50.94926],[-2.59907,50.9491],[-2.59897,50.94905],[-2.59901,50.9494]]],[[[-2.59936,50.95231],[-2.59936,50.95227],[-2.59935,50.95226],[-2.59936,50.95231]]]]},"properties":{"g":0}}
]}