{"type":"FeatureCollection","features":[{"type":"Feature","properties":{},"geometry":{"type":"LineString","coordinates":[[-1.41243,50.70592],[-1.41373,50.70728],[-1.41396,50.70916],[-1.41445,50.71011],[-1.41417,50.71197],[-1.41613,50.71267],[-1.41656,50.71054],[-1.41775,50.71204],[-1.42085,50.71148],[-1.42509,50.70919],[-1.42481,50.70794],[-1.42667,50.70667],[-1.42724,50.70692],[-1.42642,50.70836],[-1.42726,50.70883],[-1.42572,50.71026],[-1.42257,50.71236],[-1.4197,50.71273],[-1.41738,50.7139],[-1.41573,50.71693],[-1.41411,50.71752],[-1.41355,50.71899],[-1.41544,50.71958],[-1.41842,50.719],[-1.41776,50.72009],[-1.41542,50.72039],[-1.41385,50.72096],[-1.41498,50.72254],[-1.41566,50.72277]]}},{"type":"Feature","properties":{},"geometry":{"type":"LineString","coordinates":[[-1.53231,50.66671],[-1.52489,50.66775],[-1.51695,50.66814],[-1.51504,50.6681],[-1.5114,50.67001]]}},{"type":"Feature","properties":{},"geometry":{"type":"LineString","coordinates":[[-2.00076,50.71084],[-1.99728,50.70996],[-1.99729,50.70848],[-1.9964,50.7074]]}},{"type":"Feature","properties":{},"geometry":{"type":"LineString","coordinates":[[-1.9881,50.682],[-1.98269,50.6819],[-1.98083,50.68295],[-1.98207,50.68431],[-1.98455,50.68417],[-1.98619,50.68443],[-1.98939,50.68403],[-1.98968,50.68225],[-1.9881,50.682]]}},{"type":"Feature","properties":{},"geometry":{"type":"LineString","coordinates":[[-1.99363,50.67771],[-1.99114,50.67781],[-1.98998,50.67854],[-1.99029,50.68034],[-1.99167,50.68089],[-1.99302,50.68058],[-1.99597,50.68047],[-1.99528,50.6789],[-1.99363,50.67771]]}},{"type":"Feature","properties":{},"geometry":{"type":"LineString","coordinates":[[-1.51572,50.70698],[-1.52212,50.70712],[-1.52603,50.70488],[-1.52676,50.70425],[-1.52983,50.70331],[-1.53341,50.70067],[-1.53478,50.70041]]}},{"type":"Feature","properties":{},"geometry":{"type":"LineString","coordinates":[[-1.99494,50.66722],[-1.99668,50.66767],[-1.99677,50.6695],[-1.99977,50.6697],[-2.0016,50.67098],[-2.00169,50.67193],[-2.0011,50.67311],[-1.99847,50.67293],[-1.99582,50.67337],[-1.99729,50.67438],[-1.99876,50.67617],[-2.00057,50.6765],[-2.00348,50.67548],[-2.00705,50.67549],[-2.00964,50.67403],[-2.00944,50.67616],[-2.00831,50.67739],[-2.00625,50.67769],[-2.00757,50.67911],[-2.007,50.67979],[-2.00961,50.6816],[-2.01006,50.68243],[-2.01202,50.68282],[-2.01659,50.6823],[-2.01819,50.68166],[-2.01933,50.6821],[-2.0212,50.68203],[-2.02162,50.6807],[-2.02174,50.67861],[-2.02328,50.67762],[-2.02554,50.67536]]}},{"type":"Feature","properties":{},"geometry":{"type":"LineString","coordinates":[[-1.98099,50.59068],[-1.97956,50.59102],[-1.9758,50.59084],[-1.97281,50.59116]]}},{"type":"Feature","properties":{},"geometry":{"type":"LineString","coordinates":[[-2.00054,50.59144],[-1.99832,50.59117],[-1.99303,50.59087],[-1.99087,50.59057],[-1.98702,50.59104],[-1.9845,50.59049],[-1.98099,50.59068]]}},{"type":"Feature","properties":{},"geometry":{"type":"LineString","coordinates":[[-1.11432,50.8266],[-1.11299,50.82517],[-1.11188,50.82547],[-1.11432,50.8266]]}},{"type":"Feature","properties":{},"geometry":{"type":"LineString","coordinates":[[-1.09262,50.81531],[-1.09407,50.81888],[-1.09572,50.82041],[-1.09713,50.82054],[-1.09854,50.81996],[-1.09966,50.81806],[-1.10013,50.81564],[-1.10158,50.81382],[-1.10097,50.81354],[-1.09841,50.81373],[-1.09508,50.81443],[-1.09262,50.81531]]}},{"type":"Feature","properties":{},"geometry":{"type":"LineString","coordinates":[[-1.13354,50.81301],[-1.13484,50.81342],[-1.13909,50.81562],[-1.14046,50.81579],[-1.14201,50.81706],[-1.14201,50.8181],[-1.14264,50.82077],[-1.14479,50.82396],[-1.14561,50.82586],[-1.14874,50.82672],[-1.15064,50.82657]]}},{"type":"Feature","properties":{},"geometry":{"type":"LineString","coordinates":[[-1.13929,50.77332],[-1.13706,50.77406],[-1.1341,50.77555],[-1.13375,50.77604]]}},{"type":"Feature","properties":{},"geometry":{"type":"LineString","coordinates":[[-1.45933,50.76145],[-1.45616,50.76216],[-1.44898,50.76248]]}},{"type":"Feature","properties":{},"geometry":{"type":"LineString","coordinates":[[-1.52605,50.7496],[-1.52707,50.74959],[-1.52897,50.75038],[-1.52961,50.75108],[-1.52746,50.7531],[-1.5283,50.75428],[-1.53377,50.75795],[-1.53509,50.75817],[-1.53647,50.75905],[-1.53607,50.75997]]}},{"type":"Feature","properties":{},"geometry":{"type":"LineString","coordinates":[[-4.19687,51.06906],[-4.19534,51.06767],[-4.19331,51.06674],[-4.19019,51.06589],[-4.18858,51.06672],[-4.18873,51.06758]]}},{"type":"Feature","properties":{},"geometry":{"type":"LineString","coordinates":[[-4.16693,51.08057],[-4.16765,51.08229],[-4.1671,51.08387],[-4.1705,51.08675],[-4.17095,51.08783],[-4.1698,51.08916],[-4.16915,51.09054],[-4.16714,51.09065],[-4.1686,51.08841],[-4.16876,51.08737],[-4.16442,51.08397],[-4.16214,51.08401],[-4.1601,51.08487],[-4.15816,51.08532],[-4.15251,51.08549],[-4.1484,51.08427],[-4.14619,51.08398],[-4.13854,51.085]]}},{"type":"Feature","properties":{},"geometry":{"type":"LineString","coordinates":[[-4.13854,51.085],[-4.13341,51.08588],[-4.1301,51.08741],[-4.12922,51.08811],[-4.12856,51.09347],[-4.12511,51.09399],[-4.1208,51.09441],[-4.11445,51.09453],[-4.10825,51.09388],[-4.10575,51.09293],[-4.10312,51.09088],[-4.09803,51.08812],[-4.09604,51.08735],[-4.09336,51.08694],[-4.09088,51.08612],[-4.08935,51.08612],[-4.08784,51.08565]]}},{"type":"Feature","properties":{},"geometry":{"type":"LineString","coordinates":[[-4.34293,50.98898],[-4.34567,50.98885],[-4.34824,50.98906],[-4.35528,50.99016],[-4.36479,50.99018],[-4.3663,50.98982],[-4.37504,50.99014],[-4.37947,50.99143],[-4.38274,50.99282],[-4.38462,50.99319],[-4.3877,50.99417],[-4.38964,50.99431],[-4.39254,50.9953],[-4.39289,50.99579],[-4.39544,50.99662],[-4.39746,50.99836],[-4.39802,50.99944]]}},{"type":"Feature","properties":{},"geometry":{"type":"LineString","coordinates":[[-4.70515,50.68654],[-4.70532,50.68592],[-4.71005,50.68571],[-4.71017,50.68514],[-4.71317,50.68499],[-4.7143,50.6838],[-4.71601,50.68304],[-4.71945,50.68407],[-4.72034,50.68476],[-4.72246,50.68524],[-4.72374,50.68477],[-4.72403,50.68394],[-4.72613,50.68406],[-4.7262,50.6824],[-4.72785,50.68168],[-4.72709,50.6812],[-4.72793,50.68042],[-4.72832,50.67928]]}},{"type":"Feature","properties":{},"geometry":{"type":"LineString","coordinates":[[-4.91396,50.59631],[-4.9139,50.59735],[-4.91529,50.59754],[-4.91536,50.5963],[-4.91396,50.59631]]}},{"type":"Feature","properties":{},"geometry":{"type":"LineString","coordinates":[[-4.75183,50.67135],[-4.75372,50.67108],[-4.75507,50.67125],[-4.7559,50.67217],[-4.75721,50.67191],[-4.75781,50.67077],[-4.75717,50.66991],[-4.75859,50.66936],[-4.75827,50.66881],[-4.76009,50.66693],[-4.76054,50.66505],[-4.7626,50.66349],[-4.76343,50.662],[-4.76585,50.65973],[-4.7644,50.65746]]}},{"type":"Feature","properties":{},"geometry":{"type":"LineString","coordinates":[[-4.7644,50.65746],[-4.76669,50.65667],[-4.76607,50.65474],[-4.76222,50.65506],[-4.76191,50.65399],[-4.76017,50.65417],[-4.75861,50.65308],[-4.76088,50.64993],[-4.76084,50.64833],[-4.7604,50.64789],[-4.76117,50.64653],[-4.76248,50.64555],[-4.7618,50.64448],[-4.76536,50.64306],[-4.76648,50.64331]]}},{"type":"Feature","properties":{},"geometry":{"type":"LineString","coordinates":[[-4.76965,50.63381],[-4.76938,50.63344],[-4.77147,50.63132],[-4.77119,50.62927],[-4.77337,50.62821],[-4.77173,50.62747],[-4.77171,50.62696],[-4.77018,50.62595],[-4.77114,50.62469],[-4.77059,50.6239],[-4.77094,50.62248],[-4.77271,50.62156],[-4.77445,50.61948],[-4.77719,50.61739],[-4.77695,50.61637],[-4.77835,50.61609],[-4.77986,50.61325],[-4.78146,50.61291],[-4.78313,50.61187],[-4.78252,50.6111]]}},{"type":"Feature","properties":{},"geometry":{"type":"LineString","coordinates":[[-4.78252,50.6111],[-4.78209,50.60962],[-4.78357,50.60916],[-4.78508,50.6094],[-4.78466,50.60818],[-4.78587,50.60599],[-4.78882,50.60542],[-4.7887,50.60476],[-4.79009,50.60417],[-4.78866,50.60312],[-4.78914,50.60262],[-4.79164,50.60247]]}},{"type":"Feature","properties":{},"geometry":{"type":"LineString","coordinates":[[-4.81024,50.5966],[-4.81131,50.59659],[-4.81338,50.59564],[-4.81446,50.59698],[-4.81554,50.59578],[-4.81753,50.59575],[-4.82048,50.59467],[-4.82107,50.59556],[-4.82322,50.59521],[-4.8244,50.59536]]}},{"type":"Feature","properties":{},"geometry":{"type":"LineString","coordinates":[[-4.91012,50.58797],[-4.91275,50.58816],[-4.91438,50.58856],[-4.91606,50.58837],[-4.91605,50.58966],[-4.91682,50.59054],[-4.91926,50.59165],[-4.91862,50.59451],[-4.92055,50.5944],[-4.92142,50.59398],[-4.92254,50.59444],[-4.92378,50.59426],[-4.92367,50.5933],[-4.92115,50.59253],[-4.92225,50.59145],[-4.92449,50.59091]]}},{"type":"Feature","properties":{},"geometry":{"type":"LineString","coordinates":[[-4.94749,50.56162],[-4.94673,50.56447]]}},{"type":"Feature","properties":{},"geometry":{"type":"LineString","coordinates":[[-4.15458,50.3656],[-4.15318,50.36612],[-4.15102,50.36301],[-4.15252,50.36246]]}},{"type":"Feature","properties":{},"geometry":{"type":"LineString","coordinates":[[-4.10705,50.30654],[-4.10585,50.3068],[-4.10497,50.30796],[-4.10609,50.30819],[-4.10816,50.3077],[-4.10848,50.30671],[-4.10705,50.30654]]}},{"type":"Feature","properties":{},"geometry":{"type":"LineString","coordinates":[[-4.05263,50.31005],[-4.05352,50.30964]]}},{"type":"Feature","properties":{},"geometry":{"type":"LineString","coordinates":[[-4.77796,50.27902],[-4.781,50.28098],[-4.78258,50.28146],[-4.7819,50.2828],[-4.78351,50.28303],[-4.78313,50.28399],[-4.78115,50.28659],[-4.78004,50.28755],[-4.77878,50.28933],[-4.77617,50.29149],[-4.77384,50.29202],[-4.77312,50.29409],[-4.77196,50.29513],[-4.76703,50.29713],[-4.76709,50.29866],[-4.76548,50.29976],[-4.76416,50.30026]]}},{"type":"Feature","properties":{},"geometry":{"type":"LineString","coordinates":[[-4.8045,50.21862],[-4.79934,50.21935],[-4.79774,50.22032],[-4.79721,50.2217],[-4.79809,50.22289],[-4.79763,50.22426],[-4.798,50.22596],[-4.79912,50.22675],[-4.7982,50.23017],[-4.79649,50.23165],[-4.79246,50.23365],[-4.7868,50.23505],[-4.78474,50.23474],[-4.7831,50.23529],[-4.78337,50.23638],[-4.78097,50.23745],[-4.78305,50.23812]]}},{"type":"Feature","properties":{},"geometry":{"type":"LineString","coordinates":[[-4.78305,50.23812],[-4.78432,50.23878],[-4.7848,50.23988],[-4.78667,50.24037]]}},{"type":"Feature","properties":{},"geometry":{"type":"LineString","coordinates":[[-4.78426,50.27415],[-4.78394,50.27505],[-4.78056,50.27732],[-4.77977,50.27837],[-4.77796,50.27902]]}},{"type":"Feature","properties":{},"geometry":{"type":"LineString","coordinates":[[-4.95914,50.20022],[-4.95741,50.20192],[-4.95347,50.20327],[-4.95212,50.20409],[-4.94944,50.20486],[-4.94757,50.20586],[-4.94401,50.20609],[-4.94219,50.20645],[-4.93784,50.20684],[-4.93372,50.20685],[-4.93183,50.20612],[-4.93174,50.2053],[-4.92882,50.20426],[-4.92582,50.20272],[-4.92507,50.202],[-4.92353,50.20216],[-4.92284,50.20021],[-4.92203,50.199],[-4.9223,50.1983],[-4.92147,50.19716],[-4.92181,50.19579],[-4.92121,50.19556],[-4.91609,50.19717]]}},{"type":"Feature","properties":{},"geometry":{"type":"LineString","coordinates":[[-4.83682,50.23221],[-4.83541,50.23293],[-4.83253,50.23299]]}},{"type":"Feature","properties":{},"geometry":{"type":"LineString","coordinates":[[-4.98491,50.14965],[-4.98157,50.15162],[-4.98135,50.15209],[-4.98243,50.15339],[-4.98361,50.15348],[-4.98409,50.15449],[-4.98379,50.15531],[-4.98471,50.15589],[-4.9845,50.15695],[-4.98284,50.15862],[-4.98047,50.16016],[-4.97873,50.16016],[-4.97765,50.16065],[-4.97745,50.16144],[-4.97633,50.1625],[-4.97244,50.16437],[-4.97342,50.16696],[-4.97344,50.16922],[-4.97405,50.17129],[-4.97312,50.17536],[-4.97254,50.17557]]}},{"type":"Feature","properties":{},"geometry":{"type":"LineString","coordinates":[[-4.97254,50.17557],[-4.97252,50.17647],[-4.97123,50.17796],[-4.97149,50.1788],[-4.97297,50.17903],[-4.9739,50.18081],[-4.97386,50.18228],[-4.97273,50.18355],[-4.97352,50.18574],[-4.97177,50.18642],[-4.97027,50.1855]]}},{"type":"Feature","properties":{},"geometry":{"type":"LineString","coordinates":[[-3.39064,50.60937],[-3.38803,50.60904],[-3.38708,50.6076],[-3.38478,50.60697],[-3.38137,50.60754],[-3.37643,50.6079]]}},{"type":"Feature","properties":{},"geometry":{"type":"LineString","coordinates":[[-3.35955,50.61396],[-3.35906,50.61561],[-3.35582,50.6176],[-3.35185,50.61932]]}},{"type":"Feature","properties":{},"geometry":{"type":"LineString","coordinates":[[-3.44476,50.60539],[-3.4444,50.60737],[-3.44488,50.60928],[-3.44522,50.6124],[-3.4456,50.61384],[-3.44682,50.61644],[-3.44896,50.61695],[-3.44907,50.61829],[-3.44726,50.61897],[-3.44694,50.62106],[-3.44618,50.62319],[-3.44623,50.6252],[-3.44901,50.63087],[-3.44943,50.6324],[-3.44959,50.63472],[-3.45046,50.63775],[-3.45249,50.64208],[-3.45273,50.64382],[-3.45244,50.64506],[-3.45138,50.64647],[-3.45184,50.64819],[-3.4531,50.64998],[-3.45564,50.65284],[-3.45654,50.65617]]}},{"type":"Feature","properties":{},"geometry":{"type":"LineString","coordinates":[[-3.45654,50.65617],[-3.45739,50.65689],[-3.45991,50.65795],[-3.46082,50.65794],[-3.46211,50.65887],[-3.46546,50.66031],[-3.46738,50.66343],[-3.46763,50.66462]]}},{"type":"Feature","properties":{},"geometry":{"type":"LineString","coordinates":[[-3.46721,50.68273],[-3.46659,50.68273],[-3.46479,50.68036],[-3.46395,50.68032],[-3.46336,50.67794],[-3.46245,50.67706],[-3.46087,50.67684],[-3.4594,50.67566],[-3.45642,50.6749],[-3.45373,50.67722],[-3.4524,50.67958],[-3.45155,50.68192],[-3.45269,50.68343],[-3.45441,50.68361],[-3.4551,50.68249],[-3.45702,50.68231],[-3.45769,50.68397],[-3.45917,50.68497]]}},{"type":"Feature","properties":{},"geometry":{"type":"LineString","coordinates":[[-3.44478,50.669],[-3.44094,50.66213],[-3.43918,50.65963],[-3.4366,50.65704],[-3.43553,50.65499],[-3.43495,50.65294],[-3.43404,50.6512],[-3.43312,50.65017],[-3.43402,50.64905],[-3.43222,50.64793],[-3.43277,50.64612],[-3.42994,50.64379],[-3.42845,50.64306],[-3.42467,50.64052],[-3.42359,50.63949]]}},{"type":"Feature","properties":{},"geometry":{"type":"LineString","coordinates":[[-3.42359,50.63949],[-3.42221,50.63718],[-3.42222,50.63595],[-3.42159,50.63488],[-3.41762,50.63211],[-3.41619,50.63037],[-3.41567,50.62905],[-3.41614,50.62811],[-3.41607,50.62572],[-3.4156,50.62403],[-3.41648,50.6216],[-3.41809,50.62101],[-3.41969,50.62158],[-3.42146,50.62149]]}},{"type":"Feature","properties":{},"geometry":{"type":"LineString","coordinates":[[-3.42146,50.62149],[-3.42223,50.62037],[-3.42635,50.61824]]}},{"type":"Feature","properties":{},"geometry":{"type":"LineString","coordinates":[[-3.44457,50.60395],[-3.44476,50.60539]]}},{"type":"Feature","properties":{},"geometry":{"type":"LineString","coordinates":[[-3.42834,50.61267],[-3.4298,50.61191],[-3.42771,50.61075],[-3.42742,50.60955],[-3.42811,50.6082],[-3.43017,50.60719],[-3.43124,50.60785],[-3.43343,50.60703],[-3.43563,50.60659],[-3.43865,50.60513],[-3.43985,50.60423],[-3.44206,50.60333],[-3.44337,50.60318],[-3.44457,50.60395]]}},{"type":"Feature","properties":{},"geometry":{"type":"LineString","coordinates":[[-3.51373,50.45441],[-3.51305,50.45538],[-3.5101,50.45565],[-3.51024,50.45646],[-3.5087,50.45752],[-3.50573,50.45869],[-3.50443,50.45951],[-3.50065,50.45989],[-3.49966,50.45921],[-3.4963,50.45902],[-3.49485,50.45923],[-3.4937,50.45862],[-3.49104,50.45816],[-3.49064,50.45887],[-3.48868,50.45946],[-3.4881,50.4604],[-3.48573,50.46086],[-3.48465,50.45997],[-3.48355,50.46023],[-3.4826,50.46191],[-3.48057,50.46358],[-3.48122,50.46409],[-3.48266,50.46332]]}},{"type":"Feature","properties":{},"geometry":{"type":"LineString","coordinates":[[-3.48266,50.46332],[-3.48529,50.4634],[-3.48695,50.46315],[-3.48904,50.46377],[-3.49006,50.46445],[-3.49112,50.46665],[-3.49031,50.46786],[-3.49058,50.46938],[-3.4919,50.46998],[-3.49385,50.46994],[-3.49604,50.47099],[-3.49952,50.47111],[-3.50191,50.47281],[-3.50174,50.4742],[-3.49771,50.47606],[-3.49962,50.47651],[-3.50237,50.47762],[-3.5043,50.47805],[-3.50458,50.4787],[-3.50588,50.47915],[-3.50831,50.47946],[-3.50979,50.47912]]}},{"type":"Feature","properties":{},"geometry":{"type":"LineString","coordinates":[[-3.50979,50.47912],[-3.51205,50.47967],[-3.51477,50.48167],[-3.51489,50.48353],[-3.51464,50.48523],[-3.51299,50.48565],[-3.51338,50.48736],[-3.5144,50.48738],[-3.51461,50.48845],[-3.5135,50.49231],[-3.51359,50.49528],[-3.515,50.49556],[-3.51529,50.4962],[-3.5137,50.49673],[-3.51431,50.49757],[-3.51275,50.49865],[-3.51246,50.5011],[-3.51295,50.5014],[-3.5122,50.50275]]}},{"type":"Feature","properties":{},"geometry":{"type":"LineString","coordinates":[[-3.52949,50.40491],[-3.53191,50.40464],[-3.53294,50.40484],[-3.53503,50.40427],[-3.53629,50.40458],[-3.53735,50.40382],[-3.54019,50.40346],[-3.54216,50.40265]]}},{"type":"Feature","properties":{},"geometry":{"type":"LineString","coordinates":[[-3.5595,50.42427],[-3.55948,50.42645],[-3.55892,50.42796],[-3.55765,50.42818],[-3.55494,50.42814],[-3.55311,50.42932],[-3.55383,50.43073],[-3.55532,50.43146],[-3.55579,50.43258]]}},{"type":"Feature","properties":{},"geometry":{"type":"LineString","coordinates":[[-3.54019,50.46051],[-3.53916,50.46114],[-3.53525,50.46278],[-3.53301,50.46292],[-3.5306,50.46101],[-3.53087,50.45882],[-3.52878,50.45766]]}},{"type":"Feature","properties":{},"geometry":{"type":"LineString","coordinates":[[-3.87631,50.28155],[-3.87754,50.28174]]}},{"type":"Feature","properties":{},"geometry":{"type":"LineString","coordinates":[[-3.73048,50.2068],[-3.73005,50.20825]]}},{"type":"Feature","properties":{},"geometry":{"type":"LineString","coordinates":[[-2.07176,50.69],[-2.073,50.69229],[-2.07428,50.69178],[-2.07176,50.69]]}},{"type":"Feature","properties":{},"geometry":{"type":"LineString","coordinates":[[-2.08159,50.68706],[-2.08075,50.68783],[-2.07933,50.68821],[-2.07823,50.68924],[-2.0789,50.69238],[-2.079,50.69413],[-2.07997,50.69431],[-2.08237,50.69349]]}},{"type":"Feature","properties":{},"geometry":{"type":"LineString","coordinates":[[-2.07027,50.70458],[-2.06787,50.70426],[-2.06673,50.70527],[-2.0645,50.70565],[-2.06343,50.70671],[-2.06349,50.70767],[-2.06617,50.708],[-2.0678,50.70766],[-2.06932,50.70845],[-2.07114,50.70826],[-2.07096,50.70917],[-2.06947,50.70978],[-2.06671,50.71309],[-2.06352,50.7156],[-2.06266,50.71659],[-2.05497,50.71785]]}},{"type":"Feature","properties":{},"geometry":{"type":"LineString","coordinates":[[-2.0174,50.68455],[-2.01446,50.68537],[-2.014,50.68734],[-2.01425,50.68809],[-2.01695,50.68904],[-2.0152,50.69055],[-2.01557,50.69145],[-2.01675,50.69164],[-2.01844,50.69288],[-2.01855,50.69388],[-2.01995,50.6941],[-2.02113,50.69336],[-2.01906,50.69084],[-2.01946,50.68903],[-2.0202,50.6879],[-2.01822,50.68474],[-2.0174,50.68455]]}},{"type":"Feature","properties":{},"geometry":{"type":"LineString","coordinates":[[-2.02554,50.67536],[-2.02609,50.67457],[-2.02488,50.67305],[-2.02769,50.67346],[-2.02905,50.67447],[-2.03425,50.67168],[-2.03574,50.67151],[-2.03745,50.67184],[-2.04154,50.6713],[-2.04124,50.67218],[-2.0394,50.67236],[-2.03476,50.67187],[-2.03212,50.67336],[-2.02975,50.67569],[-2.02876,50.67619],[-2.02659,50.67814],[-2.02624,50.67953],[-2.0269,50.68035],[-2.02686,50.68222],[-2.02479,50.68461],[-2.02593,50.68449],[-2.02777,50.6834],[-2.03134,50.68218],[-2.03213,50.68112],[-2.03389,50.67963]]}},{"type":"Feature","properties":{},"geometry":{"type":"LineString","coordinates":[[-2.03389,50.67963],[-2.03761,50.67875],[-2.04177,50.67889],[-2.04282,50.67861],[-2.04578,50.67843],[-2.04631,50.67939],[-2.04471,50.68022],[-2.04111,50.68019],[-2.03998,50.67976],[-2.03686,50.6806],[-2.03444,50.68298],[-2.03229,50.68345],[-2.02924,50.68573],[-2.02564,50.68698],[-2.02472,50.68756],[-2.02465,50.68844],[-2.02666,50.6895],[-2.02453,50.69004],[-2.0246,50.69162]]}},{"type":"Feature","properties":{},"geometry":{"type":"LineString","coordinates":[[-2.0246,50.69162],[-2.0261,50.69213],[-2.02573,50.69341],[-2.02474,50.69417],[-2.02479,50.69574],[-2.02611,50.69678],[-2.02741,50.6984],[-2.02887,50.69769],[-2.02967,50.69938],[-2.02964,50.70124],[-2.03172,50.70099],[-2.03156,50.70252],[-2.02978,50.70339],[-2.02738,50.70351],[-2.02471,50.7028],[-2.02453,50.70192],[-2.02217,50.70075],[-2.01888,50.70066],[-2.01855,50.7018],[-2.02061,50.70318],[-2.02258,50.70388],[-2.0243,50.70524],[-2.02467,50.706]]}},{"type":"Feature","properties":{},"geometry":{"type":"LineString","coordinates":[[-2.02467,50.706],[-2.02623,50.70749],[-2.02745,50.70721],[-2.02915,50.70751],[-2.03135,50.70744],[-2.0328,50.70804],[-2.0345,50.70794],[-2.03741,50.70733]]}},{"type":"Feature","properties":{},"geometry":{"type":"LineString","coordinates":[[-2.07747,50.68708],[-2.08042,50.68729],[-2.08159,50.68706]]}},{"type":"Feature","properties":{},"geometry":{"type":"LineString","coordinates":[[-2.44998,50.60872],[-2.45214,50.61069],[-2.45245,50.61352],[-2.45114,50.61641],[-2.44951,50.61853],[-2.44654,50.62182],[-2.44441,50.62383],[-2.4437,50.62408],[-2.43974,50.62742],[-2.43613,50.62982],[-2.43222,50.63221],[-2.42844,50.63411]]}},{"type":"Feature","properties":{},"geometry":{"type":"LineString","coordinates":[[-2.36654,50.63151],[-2.36554,50.63115],[-2.36194,50.6312],[-2.36017,50.63152],[-2.35778,50.63152],[-2.35484,50.6309],[-2.35185,50.63124],[-2.35019,50.6309],[-2.34433,50.63205],[-2.34113,50.63219],[-2.33684,50.6317],[-2.33446,50.63093],[-2.33422,50.63011],[-2.33086,50.62783],[-2.32998,50.62676],[-2.32707,50.62634],[-2.32481,50.6252]]}},{"type":"Feature","properties":{},"geometry":{"type":"LineString","coordinates":[[-2.32481,50.6252],[-2.32337,50.62466],[-2.31959,50.62572],[-2.3176,50.62521],[-2.31237,50.62565]]}},{"type":"Feature","properties":{},"geometry":{"type":"LineString","coordinates":[[-2.19933,50.62268],[-2.19725,50.62273],[-2.18834,50.62017],[-2.18528,50.61832],[-2.18457,50.61681],[-2.18671,50.61588],[-2.18695,50.61479],[-2.18299,50.6154],[-2.17904,50.61463],[-2.17441,50.6146],[-2.17072,50.61377],[-2.16831,50.61375],[-2.16669,50.61425],[-2.16266,50.61422],[-2.15821,50.61522],[-2.15461,50.61391],[-2.15105,50.61178]]}},{"type":"Feature","properties":{},"geometry":{"type":"LineString","coordinates":[[-2.15105,50.61178],[-2.14883,50.61124],[-2.14702,50.61039],[-2.14673,50.60841],[-2.14585,50.60834]]}},{"type":"Feature","properties":{},"geometry":{"type":"LineString","coordinates":[[-2.50976,50.60157],[-2.51244,50.60276],[-2.5222,50.60888],[-2.52645,50.61127],[-2.52885,50.61231],[-2.53166,50.61411],[-2.53687,50.61631],[-2.54419,50.62088],[-2.54463,50.62085],[-2.5499,50.62341],[-2.55731,50.62728],[-2.55803,50.62796],[-2.56132,50.62935],[-2.56413,50.63115],[-2.56774,50.63296],[-2.57536,50.63632],[-2.57857,50.63813],[-2.58218,50.63994],[-2.58941,50.64329],[-2.59148,50.64452],[-2.60065,50.64859],[-2.6083,50.65259],[-2.61167,50.65414],[-2.61008,50.65424],[-2.60693,50.65499],[-2.6062,50.65438],[-2.60356,50.65366],[-2.60006,50.65382],[-2.59923,50.65416],[-2.59784,50.65378],[-2.5977,50.65189],[-2.60094,50.65083],[-2.59838,50.64904],[-2.5952,50.64772],[-2.59194,50.64663],[-2.58858,50.64604],[-2.588,50.64527],[-2.58654,50.64497],[-2.58642,50.64436],[-2.58215,50.64179],[-2.57824,50.64103],[-2.5764,50.64021],[-2.57464,50.63896],[-2.57148,50.6384],[-2.57022,50.63753],[-2.56552,50.63811],[-2.56319,50.63784],[-2.56122,50.63817],[-2.56057,50.63752],[-2.55987,50.63436],[-2.55902,50.63348],[-2.55841,50.63166]]}},{"type":"Feature","properties":{},"geometry":{"type":"LineString","coordinates":[[-2.69291,50.68539],[-2.6883,50.68345],[-2.67725,50.67946],[-2.66617,50.67519],[-2.66255,50.67364],[-2.6529,50.66977]]}},{"type":"Feature","properties":{},"geometry":{"type":"LineString","coordinates":[[-2.6529,50.66977],[-2.64244,50.66577],[-2.63521,50.66254],[-2.62456,50.65802],[-2.61521,50.65385]]}},{"type":"Feature","properties":{},"geometry":{"type":"LineString","coordinates":[[-2.61521,50.65385],[-2.61259,50.65308],[-2.60506,50.64963],[-2.59427,50.64459],[-2.5867,50.64086],[-2.57576,50.63536],[-2.56495,50.62976],[-2.56174,50.62817],[-2.55324,50.62364],[-2.54346,50.61872],[-2.52844,50.61068]]}},{"type":"Feature","properties":{},"geometry":{"type":"LineString","coordinates":[[-2.41768,50.58603],[-2.42459,50.59022],[-2.4312,50.59436],[-2.43153,50.59415],[-2.41797,50.58583],[-2.41768,50.58603]]}},{"type":"Feature","properties":{},"geometry":{"type":"LineString","coordinates":[[-2.14585,50.60834],[-2.14437,50.60939],[-2.14306,50.6108],[-2.14098,50.61022],[-2.13937,50.61021],[-2.13773,50.61173],[-2.13403,50.61259],[-2.13137,50.61143],[-2.12958,50.61011],[-2.12944,50.60929],[-2.13141,50.60824],[-2.13022,50.60635],[-2.12836,50.60489],[-2.12624,50.60385],[-2.12223,50.60302],[-2.11877,50.60149],[-2.11739,50.60051]]}},{"type":"Feature","properties":{},"geometry":{"type":"LineString","coordinates":[[-2.11739,50.60051],[-2.11522,50.5994],[-2.11303,50.5993],[-2.10915,50.5982],[-2.10678,50.59725],[-2.10485,50.59691],[-2.10211,50.59741],[-2.1002,50.59809],[-2.09817,50.5982],[-2.08992,50.59688],[-2.08361,50.59499],[-2.08065,50.59504],[-2.07758,50.59567],[-2.0756,50.59511],[-2.07517,50.59341],[-2.073,50.5923],[-2.0705,50.59304],[-2.06825,50.59254],[-2.06645,50.59311],[-2.06564,50.59394],[-2.0634,50.59351]]}},{"type":"Feature","properties":{},"geometry":{"type":"LineString","coordinates":[[-2.0634,50.59351],[-2.06264,50.59259],[-2.06265,50.59166],[-2.06362,50.5913],[-2.06417,50.59039],[-2.06429,50.58772],[-2.06345,50.58588],[-2.06195,50.58378],[-2.06115,50.5831],[-2.06178,50.58192],[-2.06068,50.58034],[-2.05837,50.57771],[-2.05706,50.57689],[-2.0546,50.5766],[-2.05234,50.5777],[-2.04972,50.57793],[-2.04733,50.57868],[-2.04592,50.57864],[-2.0426,50.57912],[-2.03955,50.58012],[-2.03796,50.58146],[-2.03397,50.5837],[-2.03351,50.58419]]}},{"type":"Feature","properties":{},"geometry":{"type":"LineString","coordinates":[[-2.03351,50.58419],[-2.0324,50.58433],[-2.03075,50.58533],[-2.0302,50.58621],[-2.02668,50.58893],[-2.02448,50.58881],[-2.02363,50.5892],[-2.0212,50.58911],[-2.01672,50.59009],[-2.015,50.5901],[-2.0134,50.59066],[-2.01066,50.59096],[-2.00909,50.59081],[-2.00643,50.59161],[-2.00487,50.59147],[-2.00351,50.5918],[-2.00054,50.59144]]}},{"type":"Feature","properties":{},"geometry":{"type":"LineString","coordinates":[[-2.414,50.58474],[-2.41453,50.5845],[-2.41613,50.57301],[-2.41562,50.57293],[-2.414,50.58474]]}},{"type":"Feature","properties":{},"geometry":{"type":"LineString","coordinates":[[-2.42917,50.53681],[-2.42863,50.53779],[-2.4275,50.53834],[-2.42542,50.53836],[-2.42268,50.53994],[-2.41935,50.5416],[-2.41823,50.54245],[-2.4179,50.54365],[-2.41775,50.54621],[-2.41732,50.54821],[-2.41559,50.54909],[-2.41628,50.54992],[-2.41569,50.55106],[-2.41729,50.55308],[-2.41799,50.55446],[-2.41901,50.55489],[-2.42133,50.55838],[-2.42288,50.56113],[-2.42667,50.56491],[-2.42845,50.56607],[-2.42826,50.5675],[-2.42251,50.56905],[-2.4226,50.56922],[-2.42839,50.56776],[-2.43073,50.56766],[-2.43623,50.56835],[-2.4374,50.56901],[-2.4411,50.5699],[-2.44122,50.5687],[-2.44488,50.56868],[-2.44602,50.56831],[-2.45114,50.5699],[-2.45125,50.57045],[-2.45296,50.57135],[-2.45352,50.57055],[-2.45534,50.57108],[-2.45585,50.57176],[-2.45762,50.57111],[-2.46107,50.57143],[-2.46366,50.5736]]}},{"type":"Feature","properties":{},"geometry":{"type":"LineString","coordinates":[[-2.46366,50.5736],[-2.46494,50.5752],[-2.46611,50.57722],[-2.46876,50.57988],[-2.46951,50.58247]]}},{"type":"Feature","properties":{},"geometry":{"type":"LineString","coordinates":[[-2.47103,50.57893],[-2.47368,50.58029],[-2.47732,50.58266],[-2.4796,50.5839],[-2.48144,50.58522],[-2.48466,50.58697],[-2.48571,50.5878],[-2.49159,50.59143],[-2.49394,50.59305],[-2.49642,50.59415],[-2.4999,50.59636],[-2.50323,50.59785],[-2.50674,50.59974],[-2.50976,50.60157]]}},{"type":"Feature","properties":{},"geometry":{"type":"LineString","coordinates":[[-2.52844,50.61068],[-2.51578,50.60336],[-2.50413,50.59647]]}},{"type":"Feature","properties":{},"geometry":{"type":"LineString","coordinates":[[-2.47204,50.57646],[-2.47166,50.57579],[-2.46507,50.57154],[-2.45199,50.5625]]}},{"type":"Feature","properties":{},"geometry":{"type":"LineString","coordinates":[[-2.45199,50.5625],[-2.4501,50.56098],[-2.44846,50.55881],[-2.44823,50.5571]]}},{"type":"Feature","properties":{},"geometry":{"type":"LineString","coordinates":[[-2.45922,50.52139],[-2.46006,50.51923],[-2.46011,50.51651],[-2.45942,50.51604],[-2.45933,50.51419],[-2.45672,50.51295],[-2.45421,50.51494],[-2.45275,50.51522],[-2.45229,50.51646]]}},{"type":"Feature","properties":{},"geometry":{"type":"LineString","coordinates":[[-0.9561,50.83021],[-0.95728,50.83132],[-0.95899,50.83146],[-0.95966,50.83041],[-0.96129,50.83089],[-0.96384,50.83072],[-0.96466,50.83124],[-0.9685,50.83067],[-0.97022,50.83113],[-0.96946,50.83205],[-0.96806,50.83231],[-0.96704,50.83475],[-0.97004,50.83465],[-0.97116,50.83391],[-0.97136,50.83269],[-0.97364,50.83211],[-0.97721,50.83184],[-0.97786,50.83311]]}},{"type":"Feature","properties":{},"geometry":{"type":"LineString","coordinates":[[-0.92135,50.83072],[-0.92454,50.83172],[-0.92664,50.83141],[-0.92889,50.83048]]}},{"type":"Feature","properties":{},"geometry":{"type":"LineString","coordinates":[[-0.37737,50.80785],[-0.36687,50.80948],[-0.36392,50.81001],[-0.3571,50.81169],[-0.35211,50.81234],[-0.3474,50.81338],[-0.34126,50.81453],[-0.33797,50.81548],[-0.33347,50.8164],[-0.33192,50.81706]]}},{"type":"Feature","properties":{},"geometry":{"type":"LineString","coordinates":[[-1.00086,50.84492],[-1.00069,50.8436],[-0.99855,50.84233],[-0.99733,50.84062],[-0.99476,50.83961],[-0.99361,50.83884],[-0.98955,50.83767],[-0.98748,50.83744],[-0.98567,50.83813],[-0.98351,50.83828],[-0.98226,50.83762],[-0.98152,50.83631],[-0.9792,50.83546]]}},{"type":"Feature","properties":{},"geometry":{"type":"LineString","coordinates":[[-0.96724,50.84113],[-0.96587,50.8405],[-0.9632,50.84072],[-0.96157,50.84002],[-0.95888,50.83927],[-0.95787,50.83972],[-0.95597,50.83978],[-0.95585,50.84109],[-0.95193,50.84258],[-0.95026,50.84286],[-0.94601,50.84279],[-0.94345,50.8423],[-0.93904,50.84214],[-0.93772,50.84271],[-0.93725,50.84373],[-0.93781,50.84422]]}},{"type":"Feature","properties":{},"geometry":{"type":"LineString","coordinates":[[-0.9408,50.82168],[-0.94168,50.82128],[-0.93897,50.81879],[-0.93869,50.81772],[-0.93978,50.81688],[-0.94218,50.81639],[-0.94247,50.81524],[-0.93909,50.81467],[-0.93662,50.81458],[-0.93369,50.81401],[-0.92822,50.81192],[-0.92572,50.81056],[-0.92439,50.80938],[-0.92263,50.80833],[-0.92084,50.806],[-0.91755,50.80481],[-0.91685,50.80422]]}},{"type":"Feature","properties":{},"geometry":{"type":"LineString","coordinates":[[-0.98242,50.83093],[-0.9844,50.8297],[-0.98768,50.82878],[-0.98925,50.8278],[-0.99056,50.8265],[-0.99084,50.82483],[-0.98979,50.82429],[-0.98615,50.82376],[-0.98457,50.82282],[-0.98335,50.82123],[-0.98365,50.81988],[-0.98538,50.81867],[-0.98607,50.81695],[-0.98608,50.81322],[-0.9888,50.81118],[-0.98927,50.80774],[-0.98934,50.80377],[-0.99107,50.80157],[-0.99295,50.80041],[-0.99415,50.79872],[-0.99628,50.79711],[-0.99979,50.79527]]}},{"type":"Feature","properties":{},"geometry":{"type":"LineString","coordinates":[[-0.96316,50.80796],[-0.96392,50.80954],[-0.96651,50.80943],[-0.96786,50.80992],[-0.96755,50.81065],[-0.96618,50.81104],[-0.96159,50.81118]]}},{"type":"Feature","properties":{},"geometry":{"type":"LineString","coordinates":[[-0.96223,50.80335],[-0.96444,50.80339],[-0.9657,50.80263],[-0.96926,50.80299],[-0.9693,50.80451],[-0.97159,50.80598],[-0.97225,50.80672],[-0.97325,50.80905],[-0.97176,50.80852],[-0.97101,50.80722],[-0.96889,50.80643],[-0.96606,50.8063],[-0.96333,50.80722],[-0.96316,50.80796]]}},{"type":"Feature","properties":{},"geometry":{"type":"LineString","coordinates":[[-0.95897,50.78135],[-0.95909,50.78202],[-0.95594,50.78285],[-0.95498,50.78375],[-0.95116,50.78423],[-0.95169,50.78586],[-0.95138,50.78693],[-0.9522,50.78751],[-0.95446,50.78824],[-0.95758,50.78983],[-0.95895,50.78929],[-0.9604,50.78938],[-0.96198,50.78845],[-0.96516,50.78848],[-0.9665,50.78813],[-0.96713,50.78921],[-0.9629,50.78945],[-0.96102,50.79059],[-0.95978,50.79084],[-0.95863,50.79304],[-0.95728,50.79363],[-0.95578,50.79365],[-0.9553,50.79453],[-0.95654,50.7953],[-0.95646,50.79717],[-0.95711,50.79896],[-0.95614,50.79978],[-0.95462,50.7997],[-0.9536,50.8002]]}},{"type":"Feature","properties":{},"geometry":{"type":"LineString","coordinates":[[-0.99979,50.79527],[-1.00131,50.79458],[-1.0038,50.79407],[-1.00721,50.79396],[-1.00906,50.79347],[-1.01044,50.79384],[-1.01396,50.79415]]}},{"type":"Feature","properties":{},"geometry":{"type":"LineString","coordinates":[[-0.57428,50.79685],[-0.57117,50.7975],[-0.56955,50.79814],[-0.56504,50.79865],[-0.56404,50.79894],[-0.55852,50.79954],[-0.55353,50.79986],[-0.54322,50.80008],[-0.54197,50.80027],[-0.54424,50.80575],[-0.54559,50.8066],[-0.54858,50.80767],[-0.54873,50.8086],[-0.55031,50.80985],[-0.55188,50.81053],[-0.55374,50.81083],[-0.55602,50.81045],[-0.55808,50.81087],[-0.55776,50.81172],[-0.55619,50.81137],[-0.55285,50.81149],[-0.54972,50.81048],[-0.54884,50.80973]]}},{"type":"Feature","properties":{},"geometry":{"type":"LineString","coordinates":[[-0.54884,50.80973],[-0.54783,50.80895],[-0.54535,50.80783],[-0.54379,50.80672],[-0.54297,50.80415],[-0.54181,50.80155],[-0.53673,50.80207],[-0.52829,50.8017],[-0.5152,50.80187],[-0.50667,50.80232],[-0.4884,50.80215],[-0.48144,50.80248],[-0.47977,50.80245]]}},{"type":"Feature","properties":{},"geometry":{"type":"LineString","coordinates":[[-0.47977,50.80245],[-0.47129,50.80218],[-0.46326,50.80155],[-0.46023,50.80172],[-0.45339,50.8017],[-0.44963,50.80197],[-0.4444,50.80182],[-0.4385,50.80224],[-0.43584,50.80282]]}},{"type":"Feature","properties":{},"geometry":{"type":"LineString","coordinates":[[-5.03684,50.54922],[-5.03516,50.54779],[-5.03871,50.54652],[-5.03999,50.54568],[-5.03958,50.54491],[-5.03778,50.54462],[-5.03583,50.54543],[-5.03438,50.54349],[-5.03321,50.54279],[-5.03075,50.5425],[-5.03026,50.54183],[-5.02807,50.54174],[-5.02549,50.54104],[-5.02566,50.5404],[-5.02426,50.53864],[-5.02495,50.53745],[-5.02372,50.53649],[-5.02295,50.53534],[-5.02263,50.5329],[-5.02345,50.53142],[-5.02604,50.53005],[-5.02655,50.52944],[-5.02268,50.52633],[-5.02424,50.52522],[-5.0264,50.52621],[-5.02771,50.52539]]}},{"type":"Feature","properties":{},"geometry":{"type":"LineString","coordinates":[[-5.03822,50.49494],[-5.03636,50.494],[-5.03517,50.49414],[-5.0345,50.49295],[-5.03608,50.49178],[-5.03519,50.49017],[-5.03313,50.4891],[-5.03302,50.48821],[-5.03449,50.48709],[-5.03337,50.48627],[-5.03426,50.48555],[-5.03405,50.48465]]}},{"type":"Feature","properties":{},"geometry":{"type":"LineString","coordinates":[[-5.05011,50.43421],[-5.05174,50.43371],[-5.05381,50.43136],[-5.05321,50.4304],[-5.05544,50.42974],[-5.05512,50.42805],[-5.05765,50.42745],[-5.05954,50.42762],[-5.06064,50.42697],[-5.05998,50.42611],[-5.05752,50.42576],[-5.05517,50.42603],[-5.05427,50.42535],[-5.05697,50.42363],[-5.05803,50.42411],[-5.06081,50.4242],[-5.06376,50.42486],[-5.06624,50.42489],[-5.06549,50.42343],[-5.06436,50.42229],[-5.06527,50.42149],[-5.06718,50.42136]]}},{"type":"Feature","properties":{},"geometry":{"type":"LineString","coordinates":[[-5.06718,50.42136],[-5.06758,50.42065],[-5.0706,50.42054],[-5.07103,50.41937],[-5.07272,50.41873],[-5.07258,50.418],[-5.07473,50.41676],[-5.07681,50.41708],[-5.07639,50.4161],[-5.07878,50.41522],[-5.08091,50.41597],[-5.08242,50.41572]]}},{"type":"Feature","properties":{},"geometry":{"type":"LineString","coordinates":[[-5.08809,50.42086],[-5.08995,50.42098],[-5.09185,50.42015],[-5.09402,50.42078],[-5.09747,50.42414],[-5.0981,50.42586],[-5.0997,50.42596],[-5.10097,50.42501]]}},{"type":"Feature","properties":{},"geometry":{"type":"LineString","coordinates":[[-5.10188,50.41398],[-5.10301,50.41339],[-5.10532,50.41318],[-5.10828,50.41335],[-5.11074,50.41387],[-5.11271,50.41386],[-5.11432,50.41313],[-5.11502,50.41216],[-5.11693,50.41202],[-5.12327,50.41309]]}},{"type":"Feature","properties":{},"geometry":{"type":"LineString","coordinates":[[-5.08056,50.40544],[-5.08044,50.40462],[-5.08241,50.40382],[-5.08577,50.40397],[-5.0874,50.4036],[-5.0905,50.40485],[-5.09318,50.40525],[-5.09472,50.40598],[-5.09748,50.40634],[-5.0993,50.40617],[-5.10039,50.40542],[-5.10097,50.4071],[-5.10177,50.40774],[-5.10646,50.40809],[-5.10894,50.40885],[-5.11109,50.40829],[-5.11541,50.40806],[-5.1187,50.40706],[-5.12275,50.40486],[-5.12611,50.40456],[-5.12732,50.40478]]}},{"type":"Feature","properties":{},"geometry":{"type":"LineString","coordinates":[[-5.12732,50.40478],[-5.13047,50.4053],[-5.13189,50.40674]]}},{"type":"Feature","properties":{},"geometry":{"type":"LineString","coordinates":[[-5.14748,50.39924],[-5.14752,50.39883],[-5.14477,50.39816],[-5.14405,50.39645],[-5.14275,50.39554],[-5.14484,50.39257],[-5.14656,50.39083],[-5.15026,50.38941],[-5.15121,50.38965],[-5.15296,50.38905],[-5.15481,50.38936]]}},{"type":"Feature","properties":{},"geometry":{"type":"LineString","coordinates":[[-5.1511,50.38187],[-5.15241,50.3806],[-5.15437,50.38056],[-5.15564,50.37969],[-5.15544,50.37893],[-5.15412,50.37874],[-5.15248,50.37777],[-5.15042,50.37741]]}},{"type":"Feature","properties":{},"geometry":{"type":"LineString","coordinates":[[-5.1653,50.34456],[-5.16853,50.34426],[-5.16817,50.34341],[-5.16992,50.34178],[-5.17102,50.34117]]}},{"type":"Feature","properties":{},"geometry":{"type":"LineString","coordinates":[[-5.17102,50.34117],[-5.17299,50.3408],[-5.17476,50.34111],[-5.1759,50.34069],[-5.17752,50.34094],[-5.18082,50.34056],[-5.18179,50.33973],[-5.18021,50.33718],[-5.18009,50.33572],[-5.18045,50.33426],[-5.18331,50.33299],[-5.18473,50.33266],[-5.18613,50.33329],[-5.18785,50.33297],[-5.18968,50.33193],[-5.18816,50.3305],[-5.18814,50.32989],[-5.18974,50.32972],[-5.19063,50.32816],[-5.19171,50.32778],[-5.19156,50.32662],[-5.19374,50.32663],[-5.19597,50.32576],[-5.19662,50.32464]]}},{"type":"Feature","properties":{},"geometry":{"type":"LineString","coordinates":[[-5.19662,50.32464],[-5.19609,50.32354],[-5.19687,50.32274],[-5.1984,50.32237],[-5.20009,50.32072],[-5.20225,50.32014],[-5.20321,50.32026],[-5.20377,50.32149],[-5.20461,50.32216],[-5.20678,50.32121],[-5.21094,50.32135],[-5.21203,50.32114],[-5.21825,50.32125],[-5.22056,50.32248],[-5.22508,50.32092],[-5.22557,50.32032],[-5.22842,50.31954],[-5.22974,50.31956],[-5.23116,50.31901],[-5.23311,50.31938],[-5.23531,50.31834],[-5.23412,50.31683],[-5.23405,50.31562],[-5.23507,50.31519]]}},{"type":"Feature","properties":{},"geometry":{"type":"LineString","coordinates":[[-5.23507,50.31519],[-5.23424,50.31354],[-5.23454,50.31241],[-5.23353,50.31191],[-5.23404,50.31108],[-5.23398,50.30644],[-5.23376,50.30483],[-5.23448,50.30343],[-5.23531,50.30284],[-5.23545,50.30158],[-5.23473,50.30035],[-5.23669,50.30045],[-5.23881,50.29715],[-5.23759,50.29678],[-5.23897,50.29531],[-5.24025,50.29466],[-5.2401,50.29388],[-5.24177,50.29317],[-5.24104,50.29164],[-5.24316,50.29022],[-5.2432,50.28978],[-5.24176,50.28821],[-5.24269,50.28703],[-5.24516,50.28688],[-5.24532,50.28569],[-5.24636,50.28444],[-5.24876,50.28344],[-5.25071,50.28329]]}},{"type":"Feature","properties":{},"geometry":{"type":"LineString","coordinates":[[-5.25071,50.28329],[-5.24956,50.28275],[-5.25071,50.28177],[-5.25328,50.28142],[-5.25446,50.28183],[-5.25617,50.28176],[-5.25687,50.28074],[-5.25901,50.28051],[-5.26027,50.27987],[-5.25984,50.27815],[-5.26037,50.27649],[-5.26312,50.27645],[-5.26257,50.27565],[-5.26344,50.27481],[-5.26499,50.27547],[-5.26821,50.27489],[-5.27096,50.2751],[-5.27298,50.27441],[-5.27349,50.27501],[-5.27815,50.27385],[-5.27947,50.2725],[-5.27913,50.27187],[-5.28035,50.27122]]}},{"type":"Feature","properties":{},"geometry":{"type":"LineString","coordinates":[[-5.28035,50.27122],[-5.28247,50.27003],[-5.28303,50.26892],[-5.28793,50.26769],[-5.28701,50.26713],[-5.28528,50.26704],[-5.28464,50.26584],[-5.28572,50.26471],[-5.28683,50.26481],[-5.28868,50.26393],[-5.29111,50.26459],[-5.29212,50.26417],[-5.29131,50.26315],[-5.29119,50.26183],[-5.29583,50.26089],[-5.29703,50.26176],[-5.29933,50.262],[-5.30047,50.2629],[-5.30316,50.26159],[-5.30206,50.261],[-5.30368,50.25916],[-5.30522,50.25972],[-5.30653,50.25938],[-5.30844,50.25835],[-5.31004,50.25705],[-5.31043,50.256]]}},{"type":"Feature","properties":{},"geometry":{"type":"LineString","coordinates":[[-5.31043,50.256],[-5.3095,50.25579],[-5.31054,50.25443],[-5.31198,50.25498],[-5.3123,50.25314],[-5.31427,50.25125],[-5.3138,50.25077],[-5.31525,50.24941],[-5.32,50.2489],[-5.31987,50.24768],[-5.32287,50.24659],[-5.32298,50.24552],[-5.32448,50.24441],[-5.3277,50.24385],[-5.32786,50.24289],[-5.33216,50.24157],[-5.33351,50.24174],[-5.33482,50.24083],[-5.33563,50.23976],[-5.33655,50.24002],[-5.33997,50.2392],[-5.34036,50.23835],[-5.34521,50.23788],[-5.34814,50.23914],[-5.35022,50.23874],[-5.3515,50.24022],[-5.35266,50.24042],[-5.3555,50.24024],[-5.35653,50.24042],[-5.35794,50.23976],[-5.35859,50.23835],[-5.36008,50.23882],[-5.36157,50.23834],[-5.36215,50.23705],[-5.36358,50.23766],[-5.36593,50.23809],[-5.36707,50.23705],[-5.36898,50.23632]]}},{"type":"Feature","properties":{},"geometry":{"type":"LineString","coordinates":[[-5.42563,50.18811],[-5.42655,50.18906],[-5.42861,50.18977],[-5.42942,50.18957],[-5.42563,50.18811]]}},{"type":"Feature","properties":{},"geometry":{"type":"LineString","coordinates":[[-5.49657,50.21957],[-5.49883,50.21977],[-5.50161,50.2183],[-5.50784,50.21754],[-5.50951,50.21785],[-5.51021,50.21618],[-5.51205,50.21549],[-5.51566,50.21561],[-5.51614,50.21643],[-5.51822,50.21723],[-5.52026,50.21695],[-5.5207,50.21639],[-5.52021,50.21501],[-5.52384,50.21463],[-5.52879,50.21381],[-5.53021,50.21344],[-5.53156,50.21382]]}},{"type":"Feature","properties":{},"geometry":{"type":"LineString","coordinates":[[-5.53156,50.21382],[-5.5336,50.21423],[-5.53439,50.21517],[-5.53694,50.21534],[-5.53866,50.2162],[-5.53956,50.21485],[-5.54162,50.2138],[-5.54224,50.21205],[-5.54314,50.21158],[-5.54473,50.21229],[-5.54555,50.21175],[-5.54884,50.21191],[-5.55004,50.21098],[-5.5498,50.21045],[-5.55113,50.20951],[-5.55379,50.20968],[-5.55486,50.20938],[-5.5552,50.20748],[-5.55491,50.20459],[-5.55573,50.20388],[-5.55822,50.20386],[-5.5598,50.20436],[-5.5614,50.2029]]}},{"type":"Feature","properties":{},"geometry":{"type":"LineString","coordinates":[[-5.61997,50.1739],[-5.62199,50.17427],[-5.62217,50.17331],[-5.6244,50.17291],[-5.62538,50.17141],[-5.62474,50.17076],[-5.62607,50.16912],[-5.62768,50.16897],[-5.62883,50.16783],[-5.63097,50.16769],[-5.6355,50.16822],[-5.63639,50.16746],[-5.64099,50.16751],[-5.64231,50.16806],[-5.64381,50.16792],[-5.64543,50.16891]]}},{"type":"Feature","properties":{},"geometry":{"type":"LineString","coordinates":[[-5.36898,50.23632],[-5.37037,50.23716],[-5.37249,50.23686],[-5.37388,50.2375],[-5.37349,50.23851],[-5.37499,50.23907],[-5.37496,50.23992],[-5.37598,50.24021],[-5.3773,50.24323],[-5.37808,50.24419],[-5.37975,50.24396],[-5.3811,50.24327],[-5.38257,50.24177]]}},{"type":"Feature","properties":{},"geometry":{"type":"LineString","coordinates":[[-5.39488,50.2369],[-5.3937,50.23673],[-5.39277,50.23406],[-5.39126,50.23324],[-5.39179,50.23062],[-5.39082,50.23003],[-5.39242,50.22654],[-5.39379,50.22543],[-5.39547,50.22457],[-5.39688,50.22448],[-5.39641,50.22269],[-5.39927,50.21822],[-5.40044,50.2168],[-5.40289,50.21449],[-5.40836,50.21023],[-5.40887,50.20923],[-5.41025,50.20866],[-5.41484,50.20557],[-5.41779,50.20388]]}},{"type":"Feature","properties":{},"geometry":{"type":"LineString","coordinates":[[-5.41779,50.20388],[-5.42206,50.20163],[-5.42351,50.2007],[-5.42649,50.20014],[-5.42853,50.19878],[-5.42884,50.19802],[-5.4301,50.19753],[-5.43053,50.19579],[-5.43293,50.19347],[-5.43336,50.19219],[-5.43156,50.19156],[-5.4298,50.19041],[-5.42562,50.18943],[-5.42354,50.1892],[-5.42388,50.18775]]}},{"type":"Feature","properties":{},"geometry":{"type":"LineString","coordinates":[[-5.07343,50.16129],[-5.07604,50.16227],[-5.07704,50.16311],[-5.07918,50.16399],[-5.08072,50.16502],[-5.08288,50.16425],[-5.0839,50.16288],[-5.08528,50.16282],[-5.08799,50.16499],[-5.08973,50.16537],[-5.09132,50.16617],[-5.09477,50.16662],[-5.09754,50.16643],[-5.09723,50.16749],[-5.10035,50.16928],[-5.09812,50.16932],[-5.09618,50.16814],[-5.09366,50.16754],[-5.09171,50.1688],[-5.09208,50.16954],[-5.09062,50.17004],[-5.08995,50.16895],[-5.08672,50.16806],[-5.08451,50.16695],[-5.08253,50.16712],[-5.07991,50.168],[-5.07992,50.16705],[-5.07885,50.16675],[-5.07613,50.1674],[-5.07481,50.16568],[-5.07187,50.16508],[-5.06965,50.16288],[-5.06933,50.16172]]}},{"type":"Feature","properties":{},"geometry":{"type":"LineString","coordinates":[[-5.54342,50.11081],[-5.53744,50.11389],[-5.53542,50.11461],[-5.53262,50.11522],[-5.53187,50.11462]]}},{"type":"Feature","properties":{},"geometry":{"type":"LineString","coordinates":[[-5.41154,50.10394],[-5.409,50.10416],[-5.40456,50.10336],[-5.40353,50.10275],[-5.39889,50.10122],[-5.39813,50.10036],[-5.39565,50.10116],[-5.39452,50.10259],[-5.39164,50.1025],[-5.38712,50.10122],[-5.37814,50.09837],[-5.37519,50.09735],[-5.37486,50.09694]]}},{"type":"Feature","properties":{},"geometry":{"type":"LineString","coordinates":[[-5.37486,50.09694],[-5.37248,50.09528],[-5.37276,50.09389],[-5.37206,50.0933],[-5.3687,50.09329],[-5.36782,50.09386],[-5.36605,50.09357],[-5.3654,50.09236],[-5.3636,50.0906],[-5.36404,50.09023],[-5.36232,50.08875],[-5.36119,50.0894],[-5.35797,50.0892],[-5.35697,50.09031],[-5.35378,50.09054],[-5.35267,50.09115],[-5.35108,50.09089],[-5.34874,50.09207],[-5.34781,50.09174],[-5.34597,50.09241],[-5.34307,50.09165],[-5.33868,50.09198],[-5.33679,50.09103],[-5.33467,50.09133],[-5.33196,50.09019],[-5.3315,50.08911],[-5.32888,50.08811],[-5.32728,50.08644]]}},{"type":"Feature","properties":{},"geometry":{"type":"LineString","coordinates":[[-5.19176,50.09046],[-5.19037,50.0899],[-5.18692,50.08949],[-5.18568,50.08979],[-5.18342,50.08959],[-5.18054,50.09015],[-5.17862,50.09089],[-5.17594,50.09082],[-5.17433,50.0905],[-5.17198,50.0916],[-5.16588,50.09351],[-5.16365,50.09352],[-5.16199,50.09387],[-5.15942,50.09368]]}},{"type":"Feature","properties":{},"geometry":{"type":"LineString","coordinates":[[-5.16663,50.10013],[-5.16495,50.10142],[-5.16798,50.10243],[-5.16672,50.10288],[-5.16534,50.10231],[-5.16289,50.10385],[-5.16273,50.10571],[-5.16153,50.10742],[-5.16129,50.10885],[-5.16413,50.11221],[-5.16345,50.11259],[-5.15986,50.1095],[-5.1594,50.10801],[-5.16136,50.10502],[-5.16115,50.10393],[-5.16316,50.1019],[-5.16304,50.10125],[-5.16451,50.10002],[-5.16445,50.09768],[-5.16318,50.09675],[-5.15937,50.09652],[-5.15577,50.09697],[-5.15387,50.09834]]}},{"type":"Feature","properties":{},"geometry":{"type":"LineString","coordinates":[[-5.69734,50.10116],[-5.69697,50.09804],[-5.69491,50.09693],[-5.69405,50.09603],[-5.69411,50.09474],[-5.69187,50.09431],[-5.69038,50.09359],[-5.68897,50.0922],[-5.68853,50.09053],[-5.68931,50.08787],[-5.69082,50.08699],[-5.69236,50.08336],[-5.69378,50.08157],[-5.6968,50.07925],[-5.69888,50.07826],[-5.70162,50.07789],[-5.7047,50.07811]]}},{"type":"Feature","properties":{},"geometry":{"type":"LineString","coordinates":[[-5.17876,50.08958],[-5.18177,50.08893],[-5.18528,50.08783],[-5.18735,50.08575],[-5.18921,50.08506],[-5.19071,50.08387],[-5.19292,50.08319],[-5.19665,50.0814],[-5.19415,50.0837]]}},{"type":"Feature","properties":{},"geometry":{"type":"LineString","coordinates":[[-5.19415,50.0837],[-5.19216,50.08449],[-5.19112,50.08556],[-5.18891,50.08688],[-5.18896,50.08757],[-5.19177,50.08818],[-5.19476,50.08927],[-5.19914,50.08886],[-5.20047,50.0897],[-5.20366,50.08957],[-5.20633,50.08984],[-5.20798,50.08878]]}},{"type":"Feature","properties":{},"geometry":{"type":"LineString","coordinates":[[-5.70928,50.07562],[-5.70947,50.07476],[-5.70812,50.07365],[-5.70895,50.07309],[-5.70941,50.07136],[-5.71044,50.07031],[-5.7116,50.07002]]}},{"type":"Feature","properties":{},"geometry":{"type":"LineString","coordinates":[[-5.69673,50.05494],[-5.69445,50.05452]]}},{"type":"Feature","properties":{},"geometry":{"type":"LineString","coordinates":[[-5.68021,50.03555],[-5.67738,50.0351],[-5.67686,50.03552],[-5.67281,50.03475],[-5.67213,50.03583],[-5.67241,50.03721],[-5.67028,50.03649],[-5.66886,50.03766],[-5.66639,50.0376],[-5.66462,50.03821],[-5.6618,50.03761],[-5.66072,50.0386],[-5.65761,50.03949],[-5.65616,50.03861],[-5.65379,50.03772],[-5.65261,50.0386],[-5.65296,50.03941],[-5.65035,50.04042],[-5.65097,50.04256],[-5.64847,50.04384],[-5.64647,50.04331],[-5.64537,50.04397],[-5.64386,50.04386],[-5.64192,50.04439],[-5.64083,50.04354],[-5.63877,50.04275],[-5.63763,50.04288],[-5.6375,50.04057],[-5.63538,50.04088],[-5.63579,50.04184],[-5.63439,50.04224],[-5.63383,50.04413],[-5.6326,50.04393],[-5.63105,50.0431],[-5.62989,50.04403],[-5.62865,50.04408],[-5.62776,50.04534],[-5.62949,50.04745]]}},{"type":"Feature","properties":{},"geometry":{"type":"LineString","coordinates":[[-5.30066,50.07232],[-5.29691,50.07001]]}},{"type":"Feature","properties":{},"geometry":{"type":"LineString","coordinates":[[-5.27924,50.05308],[-5.27814,50.0511],[-5.27704,50.05023],[-5.27586,50.05005],[-5.27607,50.04808],[-5.27865,50.04636],[-5.27956,50.04518],[-5.28148,50.04391],[-5.2793,50.04314],[-5.28087,50.04162],[-5.27688,50.04125],[-5.27345,50.04162],[-5.27095,50.04086],[-5.27002,50.04017],[-5.27114,50.03862]]}},{"type":"Feature","properties":{},"geometry":{"type":"LineString","coordinates":[[-5.27114,50.03862],[-5.26994,50.03802],[-5.26889,50.03811],[-5.26821,50.03889],[-5.26654,50.03852],[-5.26715,50.03668],[-5.26697,50.03492],[-5.26529,50.0343],[-5.26097,50.03421]]}},{"type":"Feature","properties":{},"geometry":{"type":"LineString","coordinates":[[-5.25774,50.02013],[-5.2585,50.01957],[-5.25928,50.01796],[-5.25923,50.01693],[-5.26137,50.01676],[-5.26062,50.01598],[-5.25922,50.01546],[-5.25767,50.01427],[-5.25842,50.01301],[-5.26064,50.01302],[-5.26087,50.01168],[-5.2645,50.00822],[-5.2643,50.00708],[-5.26782,50.00654],[-5.26849,50.00592],[-5.26841,50.00462],[-5.26757,50.00306],[-5.26663,50.00259],[-5.26646,50.0004]]}},{"type":"Feature","properties":{},"geometry":{"type":"LineString","coordinates":[[-5.26646,50.0004],[-5.26489,49.99867],[-5.25973,49.9965],[-5.25738,49.99709],[-5.25528,49.99728],[-5.2546,49.99648],[-5.2548,49.99519],[-5.25235,49.99342],[-5.25259,49.99175],[-5.25148,49.99149],[-5.25328,49.99045],[-5.25466,49.99044],[-5.2552,49.98844],[-5.25384,49.98789],[-5.2534,49.98708],[-5.2515,49.98719],[-5.24941,49.98586],[-5.24819,49.98608],[-5.24634,49.98587],[-5.24512,49.98536]]}},{"type":"Feature","properties":{},"geometry":{"type":"LineString","coordinates":[[-1.99301,50.71344],[-1.99166,50.71248],[-1.99,50.71214],[-1.98201,50.71167],[-1.9815,50.71194]]}},{"type":"Feature","properties":{},"geometry":{"type":"LineString","coordinates":[[-1.93187,50.69556],[-1.93201,50.69412],[-1.93298,50.69299],[-1.93868,50.69012],[-1.94055,50.68878],[-1.94519,50.68825],[-1.94604,50.68856]]}},{"type":"Feature","properties":{},"geometry":{"type":"LineString","coordinates":[[-1.94604,50.68856],[-1.94867,50.68791],[-1.95081,50.68683],[-1.95176,50.68522],[-1.9492,50.68359],[-1.94891,50.68308]]}},{"type":"Feature","properties":{},"geometry":{"type":"LineString","coordinates":[[-4.22317,51.09409],[-4.22304,51.09071],[-4.22195,51.08514],[-4.22165,51.08442],[-4.2181,51.07818],[-4.21703,51.0768],[-4.21502,51.07517],[-4.21179,51.07432],[-4.20732,51.07233],[-4.20567,51.07136],[-4.20254,51.07046],[-4.19874,51.06981],[-4.19687,51.06906]]}},{"type":"Feature","properties":{},"geometry":{"type":"LineString","coordinates":[[-4.08784,51.08565],[-4.08538,51.08417],[-4.08248,51.08354],[-4.07835,51.08124],[-4.07645,51.07997],[-4.0755,51.07993],[-4.06916,51.08129],[-4.06708,51.08118],[-4.06439,51.07989],[-4.061,51.07868]]}},{"type":"Feature","properties":{},"geometry":{"type":"LineString","coordinates":[[-4.06627,51.07931],[-4.06821,51.07919],[-4.071,51.07795],[-4.0747,51.07685],[-4.07652,51.07686],[-4.08304,51.07805],[-4.08559,51.07891],[-4.08752,51.08053],[-4.08887,51.08115],[-4.09192,51.08201],[-4.09911,51.08297],[-4.1028,51.08332],[-4.10634,51.08447],[-4.10778,51.08532],[-4.10978,51.08698],[-4.11046,51.08792],[-4.11196,51.0889],[-4.11722,51.08951],[-4.1178,51.08983]]}},{"type":"Feature","properties":{},"geometry":{"type":"LineString","coordinates":[[-4.1178,51.08983],[-4.11833,51.08941],[-4.11876,51.08706],[-4.11797,51.08418],[-4.11803,51.08149],[-4.11931,51.08102],[-4.12159,51.07914]]}},{"type":"Feature","properties":{},"geometry":{"type":"LineString","coordinates":[[-4.12159,51.07914],[-4.12275,51.0786],[-4.12347,51.07926],[-4.12592,51.07824],[-4.12895,51.07756],[-4.12994,51.07758],[-4.1326,51.07845],[-4.13631,51.07851],[-4.13914,51.07963],[-4.14268,51.07918],[-4.14616,51.07995],[-4.14908,51.08013],[-4.15354,51.08001]]}},{"type":"Feature","properties":{},"geometry":{"type":"LineString","coordinates":[[-4.15354,51.08001],[-4.15498,51.07941],[-4.15423,51.07844],[-4.15403,51.07701],[-4.15541,51.07632],[-4.15377,51.07553],[-4.15192,51.07356],[-4.15358,51.07324],[-4.15594,51.07348],[-4.15794,51.0733],[-4.15856,51.07284]]}},{"type":"Feature","properties":{},"geometry":{"type":"LineString","coordinates":[[-4.17403,51.06909],[-4.17675,51.0686],[-4.17928,51.06722],[-4.17968,51.0663],[-4.17792,51.06414],[-4.1782,51.06301],[-4.17981,51.06139],[-4.17867,51.06046],[-4.17904,51.05889],[-4.18104,51.05614],[-4.1815,51.05261],[-4.18201,51.05184],[-4.18137,51.05111],[-4.17956,51.05016],[-4.17978,51.04863],[-4.18079,51.04806],[-4.18089,51.04688],[-4.18286,51.04437],[-4.18561,51.04213],[-4.18751,51.03888],[-4.18897,51.03773],[-4.1914,51.03637],[-4.19473,51.03528],[-4.196,51.03452],[-4.1985,51.03206],[-4.19927,51.02886],[-4.19857,51.0235],[-4.19864,51.02162]]}},{"type":"Feature","properties":{},"geometry":{"type":"LineString","coordinates":[[-4.2007,51.00316],[-4.20529,51.00499],[-4.2065,51.0084],[-4.20588,51.01101],[-4.20564,51.01377],[-4.20497,51.01513],[-4.20327,51.02085]]}},{"type":"Feature","properties":{},"geometry":{"type":"LineString","coordinates":[[-4.1967,51.03877],[-4.19569,51.03965],[-4.19341,51.04293],[-4.19247,51.04332],[-4.19197,51.0445],[-4.19113,51.04501],[-4.19043,51.04702],[-4.19123,51.04873],[-4.19123,51.05195],[-4.19058,51.05216],[-4.1906,51.05361]]}},{"type":"Feature","properties":{},"geometry":{"type":"LineString","coordinates":[[-4.21149,51.05443],[-4.21411,51.05686],[-4.21288,51.05752],[-4.21208,51.05887],[-4.2125,51.06113],[-4.21024,51.06072],[-4.20855,51.06124],[-4.20974,51.06255],[-4.21649,51.0648],[-4.21909,51.06509],[-4.22198,51.06479],[-4.22472,51.06312],[-4.22598,51.06187],[-4.22922,51.05697],[-4.23049,51.05427],[-4.23237,51.04965],[-4.23425,51.04625],[-4.23546,51.04441]]}},{"type":"Feature","properties":{},"geometry":{"type":"LineString","coordinates":[[-4.237,51.04285],[-4.23879,51.04123],[-4.24399,51.04062]]}},{"type":"Feature","properties":{},"geometry":{"type":"LineString","coordinates":[[-2.77434,50.71323],[-2.77244,50.71275],[-2.77063,50.71182],[-2.76787,50.7113],[-2.76519,50.71044],[-2.76493,50.70997]]}},{"type":"Feature","properties":{},"geometry":{"type":"LineString","coordinates":[[-2.76493,50.70997],[-2.76353,50.70945]]}},{"type":"Feature","properties":{},"geometry":{"type":"LineString","coordinates":[[-1.26902,50.5795],[-1.26803,50.57944],[-1.26312,50.58013],[-1.25983,50.57934],[-1.25538,50.57993],[-1.25153,50.58109],[-1.24997,50.58083],[-1.24597,50.58242],[-1.24448,50.58218],[-1.2424,50.58265],[-1.24,50.58434],[-1.23612,50.5855],[-1.23557,50.58609],[-1.23363,50.58615]]}},{"type":"Feature","properties":{},"geometry":{"type":"LineString","coordinates":[[-1.47042,50.70942],[-1.47233,50.70982],[-1.47462,50.70888],[-1.47936,50.70849],[-1.48684,50.7067],[-1.4934,50.70662]]}},{"type":"Feature","properties":{},"geometry":{"type":"LineString","coordinates":[[-1.94145,50.67329],[-1.94162,50.67384],[-1.94424,50.6742],[-1.94682,50.67598],[-1.94959,50.67948],[-1.9498,50.68015]]}},{"type":"Feature","properties":{},"geometry":{"type":"LineString","coordinates":[[-4.20827,50.49629],[-4.20617,50.49529],[-4.20398,50.4929],[-4.20056,50.49245],[-4.19563,50.49347],[-4.1947,50.49414],[-4.19416,50.49539],[-4.19432,50.49629],[-4.19542,50.49777],[-4.19481,50.49883],[-4.19321,50.49917],[-4.18946,50.49866],[-4.18783,50.49937],[-4.1857,50.4999],[-4.18232,50.50027],[-4.18103,50.50117],[-4.18064,50.50268],[-4.18112,50.50389],[-4.18287,50.50574],[-4.18393,50.50753],[-4.18534,50.50816],[-4.18658,50.50813],[-4.18987,50.50733],[-4.19161,50.50633],[-4.19338,50.50294],[-4.19591,50.50241],[-4.19965,50.50235],[-4.20183,50.50254],[-4.20332,50.5035],[-4.20368,50.50507],[-4.20285,50.50738],[-4.20275,50.50917],[-4.20196,50.5131],[-4.20349,50.51352],[-4.20769,50.51307]]}},{"type":"Feature","properties":{},"geometry":{"type":"LineString","coordinates":[[-4.92638,50.5694],[-4.92733,50.56894],[-4.9266,50.56796],[-4.92945,50.56521],[-4.93107,50.56443],[-4.9307,50.56355],[-4.92868,50.56223],[-4.92678,50.56191],[-4.92635,50.56099],[-4.92737,50.55849],[-4.92898,50.55701],[-4.92829,50.55552],[-4.9292,50.55355],[-4.92817,50.5514]]}},{"type":"Feature","properties":{},"geometry":{"type":"LineString","coordinates":[[-4.92817,50.5514],[-4.92728,50.54952],[-4.92736,50.54814],[-4.92649,50.54773],[-4.92706,50.54604],[-4.92632,50.54503],[-4.92359,50.54406],[-4.92234,50.54421],[-4.91722,50.54336],[-4.91487,50.54337],[-4.91348,50.54233],[-4.91402,50.54146],[-4.91618,50.5408],[-4.91671,50.54026],[-4.91547,50.53807],[-4.91355,50.53682],[-4.90614,50.53509],[-4.90525,50.53358]]}},{"type":"Feature","properties":{},"geometry":{"type":"LineString","coordinates":[[-4.90447,50.52723],[-4.90594,50.5275],[-4.90848,50.52848],[-4.91051,50.52857],[-4.90948,50.53003],[-4.91077,50.53065],[-4.91282,50.53065],[-4.91548,50.53111],[-4.91962,50.53145],[-4.92322,50.5311],[-4.9244,50.53118],[-4.92624,50.53029],[-4.92778,50.52721],[-4.92928,50.52631],[-4.9289,50.52448],[-4.93305,50.52564],[-4.93636,50.52588],[-4.93736,50.52541],[-4.93792,50.52218]]}},{"type":"Feature","properties":{},"geometry":{"type":"LineString","coordinates":[[-4.90525,50.53358],[-4.90477,50.53302],[-4.89995,50.53091],[-4.89863,50.5308],[-4.89551,50.5311],[-4.89186,50.53231],[-4.89007,50.53348],[-4.88979,50.53411],[-4.8905,50.53576],[-4.88939,50.5358]]}},{"type":"Feature","properties":{},"geometry":{"type":"LineString","coordinates":[[-4.88939,50.5358],[-4.88633,50.53447],[-4.88358,50.53456],[-4.88083,50.53417],[-4.87893,50.5346],[-4.87301,50.53457],[-4.87064,50.53366],[-4.86728,50.53399],[-4.8651,50.53394],[-4.86272,50.53565],[-4.85952,50.53664],[-4.85884,50.53464],[-4.85637,50.53444],[-4.85519,50.53382],[-4.85175,50.53296],[-4.85374,50.53234],[-4.85298,50.53174],[-4.85035,50.53082],[-4.84939,50.53239],[-4.85049,50.53333]]}},{"type":"Feature","properties":{},"geometry":{"type":"LineString","coordinates":[[-4.86007,50.52926],[-4.86263,50.52977],[-4.8636,50.52921],[-4.86839,50.52949],[-4.87047,50.52995],[-4.87307,50.52934],[-4.87576,50.52962],[-4.87761,50.53025],[-4.88004,50.53011],[-4.88542,50.53016],[-4.89102,50.52894],[-4.89319,50.52787],[-4.89398,50.52717],[-4.89666,50.52638],[-4.89939,50.52609]]}},{"type":"Feature","properties":{},"geometry":{"type":"LineString","coordinates":[[-4.93792,50.52218],[-4.93879,50.52141],[-4.93854,50.51881],[-4.939,50.51809],[-4.93833,50.51577],[-4.93915,50.51529],[-4.93993,50.51676],[-4.94008,50.52041],[-4.94059,50.52138],[-4.93858,50.5252],[-4.93779,50.52602],[-4.93566,50.52704],[-4.93588,50.528],[-4.93386,50.52799],[-4.93215,50.52831],[-4.93132,50.53023],[-4.93281,50.53137]]}},{"type":"Feature","properties":{},"geometry":{"type":"LineString","coordinates":[[-1.22504,50.72469],[-1.2265,50.72532],[-1.22683,50.72694],[-1.22625,50.72776],[-1.22368,50.7295],[-1.22226,50.73113],[-1.22041,50.73186],[-1.21972,50.73321],[-1.21934,50.73499]]}},{"type":"Feature","properties":{},"geometry":{"type":"LineString","coordinates":[[-1.10196,50.70821],[-1.10307,50.71164],[-1.10365,50.71258],[-1.10544,50.7132],[-1.10625,50.71412],[-1.10708,50.71701],[-1.10799,50.71812],[-1.10823,50.71997],[-1.10974,50.7216],[-1.11143,50.72195],[-1.11384,50.72195],[-1.11563,50.72223]]}},{"type":"Feature","properties":{},"geometry":{"type":"LineString","coordinates":[[-1.17367,50.614],[-1.17245,50.61554],[-1.17328,50.61868],[-1.17475,50.6214],[-1.17414,50.62521],[-1.17256,50.62778],[-1.17149,50.6306],[-1.16916,50.63337],[-1.17,50.63418],[-1.16924,50.63609],[-1.16899,50.63842],[-1.16799,50.64157],[-1.16693,50.64311],[-1.16362,50.64658]]}},{"type":"Feature","properties":{},"geometry":{"type":"LineString","coordinates":[[-1.95293,50.62291],[-1.95106,50.625],[-1.94799,50.62732],[-1.94447,50.62924],[-1.93853,50.63014],[-1.93702,50.63053],[-1.93341,50.63089],[-1.93254,50.63215]]}},{"type":"Feature","properties":{},"geometry":{"type":"LineString","coordinates":[[-1.15064,50.82657],[-1.15008,50.82715],[-1.15117,50.82888],[-1.1521,50.82939],[-1.15047,50.83079],[-1.15038,50.8326],[-1.15126,50.83481]]}},{"type":"Feature","properties":{},"geometry":{"type":"LineString","coordinates":[[-1.17517,50.84978],[-1.1716,50.84949],[-1.16961,50.84989],[-1.16932,50.85088],[-1.16768,50.85269],[-1.16645,50.85244],[-1.16632,50.85024],[-1.16926,50.84832],[-1.17143,50.84761],[-1.17394,50.84788],[-1.17607,50.84852],[-1.17672,50.84745],[-1.1748,50.84576],[-1.1738,50.84425]]}},{"type":"Feature","properties":{},"geometry":{"type":"LineString","coordinates":[[-1.1738,50.84425],[-1.17329,50.84157],[-1.17272,50.84066],[-1.17074,50.83999],[-1.16814,50.84022],[-1.16291,50.84162],[-1.16334,50.84333],[-1.16026,50.84487],[-1.15715,50.84442],[-1.15432,50.84491],[-1.15317,50.84347],[-1.15458,50.84296],[-1.1538,50.84209]]}},{"type":"Feature","properties":{},"geometry":{"type":"LineString","coordinates":[[-1.1538,50.84209],[-1.15206,50.84108],[-1.14894,50.84194],[-1.14764,50.84175],[-1.14437,50.83915],[-1.14142,50.83858],[-1.13901,50.83868],[-1.13692,50.83928],[-1.13435,50.839],[-1.13196,50.8382],[-1.1303,50.83814],[-1.12493,50.83627],[-1.12207,50.83565],[-1.11819,50.83575]]}},{"type":"Feature","properties":{},"geometry":{"type":"LineString","coordinates":[[-1.11819,50.83575],[-1.1138,50.83617],[-1.11294,50.83609],[-1.11224,50.83793],[-1.11568,50.84191],[-1.11701,50.84296],[-1.11655,50.84388],[-1.11453,50.84391],[-1.11296,50.84314],[-1.11219,50.84387],[-1.1125,50.84468],[-1.11466,50.84539],[-1.11559,50.84539]]}},{"type":"Feature","properties":{},"geometry":{"type":"LineString","coordinates":[[-1.10273,50.8461],[-1.10264,50.84543],[-1.10592,50.83969],[-1.1062,50.83793],[-1.10361,50.83637],[-1.09899,50.83431],[-1.09684,50.83254],[-1.09474,50.83133],[-1.08944,50.83081],[-1.08786,50.8313],[-1.08974,50.82889],[-1.08794,50.8287],[-1.08787,50.82984],[-1.08668,50.83124],[-1.08342,50.83426]]}},{"type":"Feature","properties":{},"geometry":{"type":"LineString","coordinates":[[-1.08342,50.83426],[-1.08167,50.83584],[-1.07894,50.83717],[-1.07641,50.83736],[-1.07436,50.83696]]}},{"type":"Feature","properties":{},"geometry":{"type":"LineString","coordinates":[[-1.11448,50.79085],[-1.11609,50.78888],[-1.11627,50.78798],[-1.12086,50.78829],[-1.12407,50.78959],[-1.12608,50.78817],[-1.12882,50.788],[-1.13125,50.78596],[-1.13325,50.78506],[-1.13585,50.7849],[-1.13825,50.78425],[-1.14071,50.78448]]}},{"type":"Feature","properties":{},"geometry":{"type":"LineString","coordinates":[[-1.14071,50.78448],[-1.14558,50.78466],[-1.14544,50.78527],[-1.14258,50.7854],[-1.14155,50.78513],[-1.13851,50.78524],[-1.13584,50.78603],[-1.13357,50.78613],[-1.132,50.78783],[-1.13322,50.78911],[-1.13567,50.78961]]}},{"type":"Feature","properties":{},"geometry":{"type":"LineString","coordinates":[[-1.13567,50.78961],[-1.13648,50.78987],[-1.13906,50.78952],[-1.13929,50.79007],[-1.13711,50.79047],[-1.13485,50.7904],[-1.13269,50.78995],[-1.13113,50.78895],[-1.12976,50.78945],[-1.12693,50.78941],[-1.12848,50.79166],[-1.12308,50.7923],[-1.12194,50.79062],[-1.12104,50.79006],[-1.11867,50.79126],[-1.11775,50.79223],[-1.11671,50.79442],[-1.11655,50.79569],[-1.11882,50.79725],[-1.12001,50.79694],[-1.12421,50.79919],[-1.12238,50.79986],[-1.12314,50.80092],[-1.12408,50.80083],[-1.12368,50.80407],[-1.12661,50.80386],[-1.1272,50.80349],[-1.13078,50.80291],[-1.13338,50.8029],[-1.13477,50.80208],[-1.13689,50.80205]]}},{"type":"Feature","properties":{},"geometry":{"type":"LineString","coordinates":[[-1.13689,50.80205],[-1.13707,50.80241],[-1.1347,50.80378],[-1.13585,50.80509],[-1.13459,50.80558],[-1.13345,50.80458],[-1.13159,50.80445],[-1.12927,50.80516],[-1.12557,50.80551],[-1.12384,50.80624],[-1.12559,50.80763],[-1.1282,50.80886],[-1.13059,50.81081],[-1.13326,50.81248],[-1.13354,50.81301]]}},{"type":"Feature","properties":{},"geometry":{"type":"LineString","coordinates":[[-1.22681,50.81386],[-1.22341,50.81303],[-1.22055,50.81166],[-1.21506,50.80986],[-1.21339,50.8088],[-1.20986,50.80612]]}},{"type":"Feature","properties":{},"geometry":{"type":"LineString","coordinates":[[-1.20531,50.80203],[-1.20392,50.80061]]}},{"type":"Feature","properties":{},"geometry":{"type":"LineString","coordinates":[[-1.18106,50.78712],[-1.1735,50.7862],[-1.17015,50.78566]]}},{"type":"Feature","properties":{},"geometry":{"type":"LineString","coordinates":[[-1.22856,50.74202],[-1.23139,50.74295],[-1.23418,50.74319],[-1.23753,50.74304],[-1.23843,50.74237]]}},{"type":"Feature","properties":{},"geometry":{"type":"LineString","coordinates":[[-1.24646,50.74983],[-1.24708,50.75121],[-1.24836,50.75222],[-1.25536,50.75396],[-1.25633,50.75467],[-1.25845,50.75712],[-1.26024,50.75988],[-1.26203,50.76093],[-1.26432,50.76165],[-1.26669,50.76329]]}},{"type":"Feature","properties":{},"geometry":{"type":"LineString","coordinates":[[-1.38063,50.88815],[-1.37877,50.88747],[-1.37476,50.88649]]}},{"type":"Feature","properties":{},"geometry":{"type":"LineString","coordinates":[[-1.5152,50.75364],[-1.51397,50.75311],[-1.51252,50.75307],[-1.50805,50.75378],[-1.50078,50.75369],[-1.49752,50.75441],[-1.49605,50.75513],[-1.49251,50.75535],[-1.48996,50.75523],[-1.4895,50.75553],[-1.4869,50.75539],[-1.48362,50.75584],[-1.4829,50.75622]]}},{"type":"Feature","properties":{},"geometry":{"type":"LineString","coordinates":[[-4.13266,50.36637],[-4.13168,50.36649],[-4.12971,50.36591],[-4.12978,50.36426],[-4.1261,50.36468],[-4.12405,50.3639],[-4.12306,50.3622],[-4.1206,50.36135],[-4.11571,50.36178],[-4.11491,50.36275],[-4.1132,50.36291],[-4.11193,50.36535],[-4.11001,50.36801],[-4.10962,50.36964],[-4.11064,50.37112],[-4.1107,50.37264],[-4.10906,50.37308],[-4.10796,50.37471],[-4.10705,50.37687],[-4.10554,50.37881],[-4.10204,50.38214],[-4.09997,50.38364],[-4.09724,50.38445],[-4.09174,50.3857],[-4.08841,50.38734],[-4.08596,50.38669],[-4.08312,50.38677]]}},{"type":"Feature","properties":{},"geometry":{"type":"LineString","coordinates":[[-3.87942,50.28053],[-3.87868,50.27811],[-3.87955,50.27689],[-3.88113,50.27691],[-3.88152,50.27622],[-3.88022,50.27461],[-3.87891,50.27245],[-3.87711,50.27176],[-3.87688,50.27093],[-3.87529,50.27046],[-3.8739,50.26834]]}},{"type":"Feature","properties":{},"geometry":{"type":"LineString","coordinates":[[-0.27842,50.83201],[-0.27609,50.83139],[-0.26949,50.83189],[-0.26434,50.83186],[-0.25795,50.83169],[-0.25313,50.8313],[-0.25019,50.83055]]}},{"type":"Feature","properties":{},"geometry":{"type":"LineString","coordinates":[[-0.81268,50.83265],[-0.81099,50.8327],[-0.80872,50.8306],[-0.81082,50.82971],[-0.80984,50.82647],[-0.8108,50.82543],[-0.81069,50.82437],[-0.81215,50.82225],[-0.81351,50.82123],[-0.81531,50.82049],[-0.8156,50.81943],[-0.81483,50.81852],[-0.81404,50.81543],[-0.81461,50.81395],[-0.8167,50.81302],[-0.818,50.81176],[-0.81979,50.81125],[-0.8217,50.81028],[-0.82476,50.80996],[-0.8253,50.8082],[-0.82491,50.80554],[-0.82525,50.80448],[-0.82816,50.8044],[-0.83058,50.80376],[-0.83159,50.80457],[-0.83345,50.80489]]}},{"type":"Feature","properties":{},"geometry":{"type":"LineString","coordinates":[[-0.91403,50.8026],[-0.91191,50.80125],[-0.91132,50.80043],[-0.90782,50.79874],[-0.9072,50.79948],[-0.90669,50.80115],[-0.90806,50.80075],[-0.90943,50.7996],[-0.91142,50.80094],[-0.91148,50.80319],[-0.913,50.8024],[-0.9136,50.80273]]}},{"type":"Feature","properties":{},"geometry":{"type":"LineString","coordinates":[[-0.91189,50.82713],[-0.9142,50.82779],[-0.91579,50.82764],[-0.91832,50.82803],[-0.91977,50.82876],[-0.92041,50.82985]]}},{"type":"Feature","properties":{},"geometry":{"type":"LineString","coordinates":[[-0.91241,50.82809],[-0.91431,50.83188],[-0.91294,50.83204],[-0.91381,50.83415],[-0.91563,50.83534],[-0.91669,50.83648],[-0.91605,50.83831],[-0.91361,50.83936],[-0.91296,50.83993],[-0.90977,50.83951],[-0.90892,50.83775],[-0.90744,50.83818],[-0.90477,50.83834],[-0.90104,50.83788],[-0.89886,50.83779],[-0.898,50.83899],[-0.89654,50.83891],[-0.8938,50.83829],[-0.89245,50.83523],[-0.89287,50.83266],[-0.89486,50.83243],[-0.8961,50.83174],[-0.89435,50.82892],[-0.89498,50.82856],[-0.89433,50.82589],[-0.89235,50.8243],[-0.89188,50.82308],[-0.89186,50.8212],[-0.89244,50.81891],[-0.89059,50.81661],[-0.88728,50.81477],[-0.88405,50.81339],[-0.8767,50.81148]]}},{"type":"Feature","properties":{},"geometry":{"type":"LineString","coordinates":[[-0.8767,50.81148],[-0.87843,50.81196],[-0.8781,50.81258],[-0.87584,50.81292],[-0.87511,50.81458],[-0.87442,50.81461],[-0.87506,50.81708],[-0.8739,50.81892],[-0.87161,50.82105],[-0.8699,50.82322],[-0.87038,50.82392],[-0.86982,50.82508],[-0.86848,50.8254],[-0.8664,50.82668],[-0.86622,50.82738],[-0.86738,50.8291],[-0.86739,50.8303],[-0.86984,50.83134],[-0.87266,50.83121],[-0.87424,50.83266],[-0.87327,50.83311],[-0.87022,50.83365],[-0.87086,50.83634],[-0.86995,50.83823],[-0.86941,50.84025],[-0.86815,50.84083]]}},{"type":"Feature","properties":{},"geometry":{"type":"LineString","coordinates":[[-0.86815,50.84083],[-0.86754,50.84076],[-0.86641,50.83851],[-0.86282,50.83834],[-0.86214,50.83893],[-0.85958,50.83999],[-0.85781,50.83936],[-0.85944,50.83697],[-0.85913,50.83601],[-0.8597,50.835],[-0.86064,50.83461],[-0.86077,50.83215],[-0.86132,50.82977],[-0.86074,50.82827],[-0.8612,50.82796]]}},{"type":"Feature","properties":{},"geometry":{"type":"LineString","coordinates":[[-0.85993,50.82788],[-0.85543,50.82909],[-0.85335,50.8294],[-0.85109,50.82823],[-0.85115,50.8275],[-0.85357,50.82728],[-0.8566,50.82588],[-0.85784,50.82362],[-0.86201,50.82349],[-0.86501,50.82169],[-0.86561,50.82042],[-0.86741,50.81954],[-0.86974,50.81791],[-0.8699,50.8167],[-0.86847,50.81448],[-0.86857,50.81327],[-0.86498,50.8119],[-0.86325,50.81241],[-0.86153,50.8122],[-0.85834,50.81092]]}},{"type":"Feature","properties":{},"geometry":{"type":"LineString","coordinates":[[-0.85834,50.81092],[-0.85573,50.81182],[-0.85344,50.81184],[-0.85157,50.81111],[-0.85101,50.8101],[-0.85452,50.8101],[-0.85599,50.80957],[-0.857,50.80798],[-0.85654,50.80729]]}},{"type":"Feature","properties":{},"geometry":{"type":"LineString","coordinates":[[-0.85654,50.80729],[-0.85236,50.80674],[-0.84943,50.80549],[-0.84304,50.80476],[-0.8418,50.80617],[-0.83958,50.80744],[-0.83655,50.80946],[-0.83437,50.81048],[-0.83104,50.81095],[-0.83061,50.81244],[-0.8264,50.81376],[-0.82297,50.8143],[-0.81964,50.81747],[-0.82164,50.82012],[-0.8195,50.82306],[-0.81881,50.82371],[-0.8195,50.82467],[-0.81742,50.82555],[-0.81824,50.82746],[-0.81708,50.82957],[-0.81476,50.83089],[-0.81268,50.83265]]}},{"type":"Feature","properties":{},"geometry":{"type":"LineString","coordinates":[[-0.84452,50.79931],[-0.84514,50.80011],[-0.84964,50.80096],[-0.85026,50.80139],[-0.85356,50.80243]]}},{"type":"Feature","properties":{},"geometry":{"type":"LineString","coordinates":[[-2.95367,50.7142],[-2.95059,50.71679],[-2.94843,50.71803],[-2.94613,50.71868],[-2.93973,50.71963],[-2.93871,50.71963]]}},{"type":"Feature","properties":{},"geometry":{"type":"LineString","coordinates":[[-1.11563,50.72223],[-1.11783,50.72292],[-1.1204,50.72328],[-1.12719,50.72535],[-1.13041,50.7268],[-1.13258,50.72685],[-1.13423,50.72651],[-1.13688,50.72672]]}},{"type":"Feature","properties":{},"geometry":{"type":"LineString","coordinates":[[-0.83345,50.80489],[-0.83613,50.80406],[-0.83867,50.80141],[-0.84049,50.80058],[-0.8444,50.79962],[-0.84452,50.79931]]}},{"type":"Feature","properties":{},"geometry":{"type":"LineString","coordinates":[[-4.05386,51.06117],[-4.05433,51.06495],[-4.05498,51.06599],[-4.05626,51.06695],[-4.05709,51.06817],[-4.05696,51.06956]]}},{"type":"Feature","properties":{},"geometry":{"type":"LineString","coordinates":[[-1.1119,50.7896],[-1.11322,50.7913],[-1.11448,50.79085]]}},{"type":"Feature","properties":{},"geometry":{"type":"LineString","coordinates":[[-0.9397,50.7846],[-0.94106,50.78506],[-0.94122,50.78577],[-0.94314,50.78669]]}},{"type":"Feature","properties":{},"geometry":{"type":"LineString","coordinates":[[-0.94314,50.78669],[-0.94208,50.78499],[-0.94314,50.78461],[-0.94719,50.78417],[-0.95006,50.78297],[-0.95135,50.78324],[-0.95386,50.78302],[-0.95499,50.7821],[-0.95897,50.78135]]}},{"type":"Feature","properties":{},"geometry":{"type":"LineString","coordinates":[[0.60734,49.85631],[0.60535,49.8551],[0.60265,49.85385],[0.6007,49.85335],[0.59772,49.85302],[0.59456,49.85328],[0.59025,49.85342],[0.58512,49.85284],[0.58009,49.85171],[0.5747,49.85018],[0.5722,49.84931],[0.56552,49.84656],[0.56212,49.8453]]}},{"type":"Feature","properties":{},"geometry":{"type":"LineString","coordinates":[[-1.41165,50.72394],[-1.41191,50.72437]]}},{"type":"Feature","properties":{},"geometry":{"type":"LineString","coordinates":[[-0.43584,50.80282],[-0.4225,50.80391],[-0.42146,50.80466],[-0.41705,50.80495],[-0.41206,50.80502],[-0.40044,50.80535],[-0.39064,50.80608],[-0.38622,50.80657],[-0.38145,50.80734],[-0.37737,50.80785]]}},{"type":"Feature","properties":{},"geometry":{"type":"LineString","coordinates":[[-1.40772,50.71795],[-1.40935,50.71785],[-1.40897,50.7171],[-1.40976,50.71672],[-1.40985,50.71653]]}},{"type":"Feature","properties":{},"geometry":{"type":"LineString","coordinates":[[-1.28807,50.83349],[-1.28534,50.83264]]}},{"type":"Feature","properties":{},"geometry":{"type":"LineString","coordinates":[[-5.71234,50.06132],[-5.71184,50.06097]]}},{"type":"Feature","properties":{},"geometry":{"type":"LineString","coordinates":[[-1.36518,50.88005],[-1.36193,50.87819],[-1.35921,50.87636],[-1.35467,50.87269],[-1.35328,50.87109],[-1.35196,50.8702]]}},{"type":"Feature","properties":{},"geometry":{"type":"LineString","coordinates":[[-5.04178,50.45519],[-5.04085,50.45495],[-5.03971,50.4538],[-5.03931,50.45206],[-5.04132,50.4475],[-5.04193,50.44695],[-5.04196,50.44445],[-5.04347,50.44219],[-5.04452,50.44156]]}},{"type":"Feature","properties":{},"geometry":{"type":"LineString","coordinates":[[-4.05696,51.06956],[-4.05571,51.07065]]}},{"type":"Feature","properties":{},"geometry":{"type":"LineString","coordinates":[[-4.05506,51.07131],[-4.05552,51.07291]]}},{"type":"Feature","properties":{},"geometry":{"type":"LineString","coordinates":[[-4.05552,51.07291],[-4.05612,51.07454],[-4.05682,51.07522],[-4.06068,51.07689],[-4.06426,51.07875],[-4.06627,51.07931]]}},{"type":"Feature","properties":{},"geometry":{"type":"LineString","coordinates":[[-4.05571,51.07065],[-4.05506,51.07131]]}},{"type":"Feature","properties":{},"geometry":{"type":"LineString","coordinates":[[-2.43874,50.56966],[-2.43755,50.57],[-2.43381,50.57006],[-2.43311,50.57115],[-2.43706,50.57032],[-2.43874,50.56966]]}},{"type":"Feature","properties":{},"geometry":{"type":"LineString","coordinates":[[-1.53032,50.75855],[-1.52936,50.75749]]}},{"type":"Feature","properties":{},"geometry":{"type":"LineString","coordinates":[[-1.53607,50.75997],[-1.53508,50.7617],[-1.53584,50.76229],[-1.53762,50.76265],[-1.53544,50.76382],[-1.53377,50.763],[-1.53349,50.76152],[-1.53445,50.76019],[-1.53433,50.75915],[-1.53086,50.75912],[-1.53032,50.75855]]}},{"type":"Feature","properties":{},"geometry":{"type":"LineString","coordinates":[[-1.52591,50.7445],[-1.5265,50.74505],[-1.52705,50.74715],[-1.52522,50.7488],[-1.52605,50.7496]]}},{"type":"Feature","properties":{},"geometry":{"type":"LineString","coordinates":[[-4.061,51.07868],[-4.05804,51.07701],[-4.05641,51.07585]]}},{"type":"Feature","properties":{},"geometry":{"type":"LineString","coordinates":[[-4.05641,51.07585],[-4.05508,51.07477],[-4.05464,51.07297],[-4.05403,51.07217],[-4.05427,51.07098],[-4.05649,51.06899],[-4.05619,51.06785],[-4.05422,51.06603],[-4.05338,51.06491],[-4.05337,51.06257],[-4.05386,51.06117]]}},{"type":"Feature","properties":{},"geometry":{"type":"LineString","coordinates":[[-3.30942,50.6336],[-3.31094,50.63173],[-3.30878,50.63066],[-3.30822,50.63143],[-3.30942,50.6336]]}},{"type":"Feature","properties":{},"geometry":{"type":"LineString","coordinates":[[-5.39963,50.24277],[-5.40138,50.24188]]}},{"type":"Feature","properties":{},"geometry":{"type":"LineString","coordinates":[[-1.54175,50.68887],[-1.54323,50.6875],[-1.54299,50.68684],[-1.54415,50.68338],[-1.54481,50.68204],[-1.54693,50.67928],[-1.54799,50.67835],[-1.54985,50.67741],[-1.55363,50.67718],[-1.55659,50.67657],[-1.55741,50.67614],[-1.55998,50.6763],[-1.56368,50.67552],[-1.56649,50.67453],[-1.56746,50.67387],[-1.56947,50.67358],[-1.57018,50.67259],[-1.56981,50.67177],[-1.56936,50.66901],[-1.56875,50.66761],[-1.56906,50.66576],[-1.57235,50.66463],[-1.57658,50.66379],[-1.57726,50.664],[-1.58588,50.66314],[-1.57906,50.6611]]}},{"type":"Feature","properties":{},"geometry":{"type":"LineString","coordinates":[[-1.4934,50.70662],[-1.49544,50.70681],[-1.50042,50.70687]]}},{"type":"Feature","properties":{},"geometry":{"type":"LineString","coordinates":[[-1.45482,50.71691],[-1.45734,50.71589]]}},{"type":"Feature","properties":{},"geometry":{"type":"LineString","coordinates":[[-1.45734,50.71589],[-1.45966,50.71428],[-1.463,50.71283],[-1.4684,50.71006],[-1.47042,50.70942]]}},{"type":"Feature","properties":{},"geometry":{"type":"LineString","coordinates":[[-1.2778,50.76626],[-1.27835,50.76618],[-1.28674,50.76339],[-1.28829,50.76296]]}},{"type":"Feature","properties":{},"geometry":{"type":"LineString","coordinates":[[-1.26669,50.76329],[-1.27024,50.76506],[-1.273,50.76589],[-1.27608,50.76631]]}},{"type":"Feature","properties":{},"geometry":{"type":"LineString","coordinates":[[-1.17568,50.60856],[-1.17697,50.60997],[-1.17702,50.61091],[-1.1755,50.61255],[-1.17367,50.614]]}},{"type":"Feature","properties":{},"geometry":{"type":"LineString","coordinates":[[-1.17523,50.6069],[-1.17568,50.60856]]}},{"type":"Feature","properties":{},"geometry":{"type":"LineString","coordinates":[[-1.32603,50.59377],[-1.32265,50.59171],[-1.31857,50.58963],[-1.31667,50.58805],[-1.31447,50.58581],[-1.31316,50.58489],[-1.30878,50.58028],[-1.30849,50.57866],[-1.30784,50.57734],[-1.30594,50.5769]]}},{"type":"Feature","properties":{},"geometry":{"type":"LineString","coordinates":[[-5.31708,50.08214],[-5.31657,50.08133],[-5.31442,50.08081],[-5.31273,50.0801],[-5.3085,50.07776],[-5.30766,50.07705],[-5.30397,50.07494],[-5.30354,50.07431],[-5.3015,50.0732],[-5.30066,50.07232]]}},{"type":"Feature","properties":{},"geometry":{"type":"LineString","coordinates":[[-5.31698,50.08223],[-5.31708,50.08214]]}},{"type":"Feature","properties":{},"geometry":{"type":"LineString","coordinates":[[-1.94415,50.60754],[-1.94644,50.6074],[-1.94824,50.60766],[-1.95013,50.60751],[-1.95089,50.60804],[-1.95303,50.6075],[-1.95595,50.60853],[-1.95669,50.60957],[-1.95779,50.61269],[-1.95728,50.61631],[-1.95416,50.62121],[-1.95293,50.62291]]}},{"type":"Feature","properties":{},"geometry":{"type":"LineString","coordinates":[[-5.03741,50.47235],[-5.03468,50.47122],[-5.03429,50.47051],[-5.03276,50.46938],[-5.03507,50.46672],[-5.0386,50.4657],[-5.03879,50.46515],[-5.04113,50.46554],[-5.04248,50.46381],[-5.04224,50.46195],[-5.03942,50.46057],[-5.03811,50.46032],[-5.03892,50.45901],[-5.04201,50.45937],[-5.04334,50.45877],[-5.04305,50.45809],[-5.04081,50.45732],[-5.04224,50.45618],[-5.04178,50.45519]]}},{"type":"Feature","properties":{},"geometry":{"type":"LineString","coordinates":[[-5.06079,50.4264],[-5.06227,50.42742],[-5.06431,50.42782],[-5.06589,50.42745],[-5.06517,50.42635],[-5.06168,50.42596],[-5.06079,50.4264]]}},{"type":"Feature","properties":{},"geometry":{"type":"LineString","coordinates":[[-4.97224,50.55762],[-4.97365,50.55439],[-4.97531,50.5536],[-4.97406,50.55238],[-4.97606,50.55217],[-4.97654,50.54998],[-4.97796,50.54927],[-4.98084,50.54864],[-4.98141,50.54777],[-4.97725,50.54627],[-4.97774,50.54527],[-4.97995,50.54473],[-4.98104,50.54386],[-4.98341,50.54358],[-4.98369,50.54268],[-4.98539,50.54232],[-4.98773,50.54244],[-4.98929,50.54376],[-4.99161,50.54321]]}},{"type":"Feature","properties":{},"geometry":{"type":"LineString","coordinates":[[-3.30674,50.62962],[-3.30903,50.63031],[-3.31132,50.63041],[-3.31115,50.63141]]}},{"type":"Feature","properties":{},"geometry":{"type":"LineString","coordinates":[[-5.7047,50.07811],[-5.7046,50.07847]]}},{"type":"Feature","properties":{},"geometry":{"type":"LineString","coordinates":[[-5.7046,50.07847],[-5.70477,50.07817],[-5.7082,50.07785],[-5.70888,50.07755],[-5.70928,50.07562]]}},{"type":"Feature","properties":{},"geometry":{"type":"LineString","coordinates":[[-1.01396,50.79415],[-1.01722,50.79496],[-1.01794,50.79438],[-1.01667,50.79311],[-1.01775,50.79242],[-1.02138,50.79324],[-1.02198,50.794],[-1.02107,50.79509],[-1.02452,50.79589]]}},{"type":"Feature","properties":{},"geometry":{"type":"LineString","coordinates":[[-1.02452,50.79589],[-1.02556,50.79566],[-1.02545,50.79355],[-1.02417,50.79113]]}},{"type":"Feature","properties":{},"geometry":{"type":"LineString","coordinates":[[-3.50026,50.54094],[-3.4961,50.54255],[-3.48967,50.54936],[-3.48837,50.55031],[-3.48673,50.55208]]}},{"type":"Feature","properties":{},"geometry":{"type":"LineString","coordinates":[[-3.51119,50.51176],[-3.50987,50.51214]]}},{"type":"Feature","properties":{},"geometry":{"type":"LineString","coordinates":[[-4.54594,50.92842],[-4.54604,50.92837]]}},{"type":"Feature","properties":{},"geometry":{"type":"LineString","coordinates":[[-1.37476,50.88649],[-1.37104,50.88511],[-1.36811,50.88302]]}},{"type":"Feature","properties":{},"geometry":{"type":"LineString","coordinates":[[-1.96041,50.69528],[-1.96486,50.69485],[-1.96806,50.69539],[-1.97185,50.69655],[-1.97388,50.69746],[-1.97776,50.6969],[-1.98028,50.6962],[-1.98232,50.69518],[-1.98458,50.69462],[-1.98658,50.69375],[-1.98778,50.69188],[-1.98552,50.68881],[-1.98388,50.68732],[-1.98107,50.68701],[-1.97524,50.68724],[-1.97377,50.68713],[-1.97007,50.68634],[-1.96691,50.68611],[-1.96156,50.68629],[-1.96039,50.68655],[-1.95822,50.68785],[-1.95685,50.68832],[-1.95587,50.691],[-1.95625,50.69222],[-1.95822,50.69505],[-1.96041,50.69528]]}},{"type":"Feature","properties":{},"geometry":{"type":"LineString","coordinates":[[-5.66831,50.16529],[-5.66918,50.16612],[-5.6703,50.16604],[-5.6715,50.16679],[-5.67315,50.16621],[-5.67296,50.16443],[-5.67237,50.1633],[-5.671,50.16271],[-5.67314,50.16221],[-5.67381,50.16141],[-5.67538,50.16121],[-5.67613,50.16045],[-5.67919,50.15911],[-5.67917,50.15816],[-5.68076,50.15708],[-5.68077,50.15595],[-5.68235,50.15591],[-5.68372,50.15535],[-5.68398,50.15464],[-5.68555,50.1537],[-5.68601,50.15277],[-5.68697,50.15235],[-5.68945,50.15226],[-5.69149,50.15055],[-5.69169,50.14945],[-5.69254,50.14903],[-5.69206,50.14747],[-5.69423,50.14701],[-5.69458,50.14588],[-5.69399,50.14483],[-5.69421,50.14301]]}},{"type":"Feature","properties":{},"geometry":{"type":"LineString","coordinates":[[-5.70236,50.12056],[-5.70063,50.11966],[-5.70034,50.11833],[-5.70067,50.11618],[-5.69947,50.11523],[-5.69966,50.11428],[-5.70082,50.11276],[-5.70054,50.11235],[-5.69796,50.11152],[-5.69718,50.1106],[-5.69868,50.10851],[-5.69819,50.10661],[-5.69689,50.10507],[-5.69662,50.10235],[-5.69734,50.10116]]}},{"type":"Feature","properties":{},"geometry":{"type":"LineString","coordinates":[[-4.06443,50.31066],[-4.06408,50.30982],[-4.06532,50.30931],[-4.06775,50.30911],[-4.07164,50.30923]]}},{"type":"Feature","properties":{},"geometry":{"type":"LineString","coordinates":[[-0.92889,50.83048],[-0.92943,50.83101]]}},{"type":"Feature","properties":{},"geometry":{"type":"LineString","coordinates":[[-0.92943,50.83101],[-0.92798,50.83169],[-0.92517,50.83218],[-0.923,50.8321],[-0.92262,50.83159],[-0.92006,50.83045],[-0.919,50.82892],[-0.9165,50.82818],[-0.91377,50.82836],[-0.91241,50.82809]]}},{"type":"Feature","properties":{},"geometry":{"type":"LineString","coordinates":[[-1.95113,50.71198],[-1.95006,50.71137]]}},{"type":"Feature","properties":{},"geometry":{"type":"LineString","coordinates":[[-1.95006,50.71137],[-1.94922,50.71116],[-1.94795,50.70877],[-1.94967,50.70638],[-1.94821,50.70656]]}},{"type":"Feature","properties":{},"geometry":{"type":"LineString","coordinates":[[-1.94821,50.70656],[-1.94687,50.70634],[-1.94648,50.70563],[-1.94395,50.70337],[-1.94077,50.70113],[-1.93636,50.70059],[-1.93493,50.70001],[-1.93309,50.6978],[-1.93328,50.6966],[-1.93187,50.69556]]}},{"type":"Feature","properties":{},"geometry":{"type":"LineString","coordinates":[[-1.41,50.72448],[-1.4096,50.72456],[-1.40896,50.72527],[-1.40723,50.72567],[-1.40498,50.72646],[-1.40347,50.72678],[-1.40272,50.72714],[-1.40119,50.72743],[-1.39943,50.72662],[-1.39544,50.72651],[-1.39597,50.72563],[-1.39341,50.7234],[-1.38966,50.72368],[-1.38785,50.72265],[-1.38973,50.72145],[-1.38928,50.7199],[-1.39205,50.71888],[-1.3924,50.71783],[-1.39052,50.71772],[-1.38804,50.71708],[-1.38595,50.71702],[-1.38103,50.71721],[-1.37841,50.71862],[-1.37357,50.71882],[-1.37677,50.71795],[-1.37763,50.7181],[-1.37925,50.71745],[-1.37755,50.7145],[-1.3804,50.716],[-1.3816,50.716],[-1.38419,50.71515],[-1.38656,50.71532],[-1.3873,50.71488],[-1.38909,50.71564],[-1.39069,50.7158],[-1.39219,50.71545],[-1.39484,50.71647],[-1.39663,50.71674]]}},{"type":"Feature","properties":{},"geometry":{"type":"LineString","coordinates":[[-1.39155,50.73058],[-1.39436,50.72981],[-1.39772,50.72864],[-1.40249,50.72792],[-1.4043,50.72662],[-1.40531,50.7265],[-1.40862,50.72549],[-1.40923,50.72519],[-1.4093,50.72491],[-1.41,50.72448]]}},{"type":"Feature","properties":{},"geometry":{"type":"LineString","coordinates":[[-1.40245,50.71194],[-1.40168,50.71138],[-1.40255,50.70974]]}},{"type":"Feature","properties":{},"geometry":{"type":"LineString","coordinates":[[-2.43237,50.59632],[-2.44202,50.59926],[-2.44221,50.59918]]}},{"type":"Feature","properties":{},"geometry":{"type":"LineString","coordinates":[[-1.92412,50.64187],[-1.92416,50.64197]]}},{"type":"Feature","properties":{},"geometry":{"type":"LineString","coordinates":[[-1.03041,50.78738],[-1.02879,50.78859],[-1.02947,50.79166],[-1.02919,50.79338],[-1.02956,50.79534],[-1.03041,50.79571],[-1.0304,50.79354],[-1.03097,50.79253],[-1.03573,50.79039],[-1.03709,50.7911],[-1.04104,50.7897],[-1.04382,50.78974],[-1.0443,50.79054],[-1.04278,50.79074],[-1.04252,50.79164],[-1.03953,50.79416],[-1.03826,50.79454],[-1.0384,50.79645],[-1.03985,50.79989],[-1.04188,50.80423],[-1.04212,50.80714],[-1.04049,50.81022],[-1.0405,50.81102],[-1.04229,50.81385],[-1.04227,50.81714],[-1.04288,50.81915],[-1.04166,50.82113],[-1.04146,50.82251],[-1.04199,50.8238],[-1.04121,50.8243],[-1.04213,50.82583],[-1.04462,50.82627],[-1.04461,50.82912],[-1.04409,50.83037],[-1.04421,50.83172]]}},{"type":"Feature","properties":{},"geometry":{"type":"LineString","coordinates":[[-4.65565,50.72322],[-4.654,50.72276],[-4.65324,50.72092],[-4.65461,50.72],[-4.65472,50.71634],[-4.65594,50.71498],[-4.65759,50.71513],[-4.65872,50.71398],[-4.66115,50.71234],[-4.66646,50.71154],[-4.66746,50.71017],[-4.66616,50.70968],[-4.66572,50.70882],[-4.66764,50.70798],[-4.6672,50.70719],[-4.66947,50.70563],[-4.67052,50.70585],[-4.67079,50.70714],[-4.67335,50.70733],[-4.67568,50.70661],[-4.67779,50.70647],[-4.67978,50.70517],[-4.68073,50.7049],[-4.68206,50.70224],[-4.68416,50.70139],[-4.68381,50.70033],[-4.68489,50.69944],[-4.68462,50.69731],[-4.68128,50.69706],[-4.68013,50.69646],[-4.68429,50.69507],[-4.68572,50.69582],[-4.68784,50.69573],[-4.69183,50.69501],[-4.69301,50.6945],[-4.69397,50.69491],[-4.69521,50.69342],[-4.69639,50.69442],[-4.69772,50.69456],[-4.70153,50.69258]]}},{"type":"Feature","properties":{},"geometry":{"type":"LineString","coordinates":[[-1.43367,50.80849],[-1.43591,50.80875],[-1.43985,50.81133],[-1.43941,50.81399],[-1.44036,50.8144],[-1.4425,50.81427],[-1.44481,50.8145],[-1.44665,50.81543],[-1.44643,50.81769],[-1.44732,50.8187],[-1.45101,50.81919],[-1.44858,50.82013],[-1.44548,50.8194],[-1.44451,50.81876],[-1.44449,50.81793]]}},{"type":"Feature","properties":{},"geometry":{"type":"LineString","coordinates":[[-1.41012,50.76937],[-1.40623,50.77088],[-1.40666,50.77119]]}},{"type":"Feature","properties":{},"geometry":{"type":"LineString","coordinates":[[-1.44449,50.81793],[-1.44471,50.81639],[-1.44303,50.81561],[-1.44076,50.81568],[-1.438,50.8154],[-1.43817,50.81479],[-1.43737,50.81349],[-1.43795,50.81276],[-1.43762,50.81177],[-1.43575,50.81045],[-1.43413,50.81099],[-1.4321,50.81078],[-1.42932,50.81123],[-1.42786,50.81038],[-1.42695,50.80881],[-1.42453,50.80841],[-1.42321,50.80792],[-1.41947,50.8072],[-1.41737,50.80545],[-1.41768,50.80347],[-1.41489,50.80344],[-1.4138,50.80414],[-1.41362,50.80512],[-1.41214,50.80482],[-1.41341,50.80328],[-1.41188,50.80263],[-1.41102,50.80147],[-1.40923,50.8005],[-1.40836,50.79811],[-1.40864,50.79628],[-1.40802,50.7951],[-1.40634,50.79462],[-1.40728,50.79385],[-1.4053,50.7918],[-1.40592,50.78995],[-1.40723,50.78725],[-1.40831,50.78628],[-1.40793,50.78585],[-1.40459,50.78497],[-1.40124,50.78453],[-1.39776,50.78458],[-1.39449,50.78525],[-1.3928,50.7858],[-1.38846,50.78594],[-1.3847,50.78534],[-1.38159,50.78508],[-1.38065,50.78549],[-1.37794,50.7853],[-1.37473,50.78548],[-1.36883,50.78531]]}},{"type":"Feature","properties":{},"geometry":{"type":"LineString","coordinates":[[-1.52831,50.75866],[-1.52716,50.75829],[-1.52673,50.75713],[-1.52301,50.75602],[-1.51577,50.75352],[-1.5152,50.75364]]}},{"type":"Feature","properties":{},"geometry":{"type":"LineString","coordinates":[[-1.52936,50.75749],[-1.52905,50.75712]]}},{"type":"Feature","properties":{},"geometry":{"type":"LineString","coordinates":[[-1.52905,50.75712],[-1.52898,50.75711]]}},{"type":"Feature","properties":{},"geometry":{"type":"LineString","coordinates":[[-1.52898,50.75711],[-1.52831,50.75866]]}},{"type":"Feature","properties":{},"geometry":{"type":"LineString","coordinates":[[-1.40666,50.77119],[-1.40737,50.77201],[-1.40659,50.77274],[-1.40011,50.77527],[-1.39756,50.77598],[-1.3926,50.77691]]}},{"type":"Feature","properties":{},"geometry":{"type":"LineString","coordinates":[[-4.15531,50.35554],[-4.15374,50.35468],[-4.15164,50.35479],[-4.15156,50.3555],[-4.15412,50.35608],[-4.15531,50.35554]]}},{"type":"Feature","properties":{},"geometry":{"type":"LineString","coordinates":[[-2.41141,50.63417],[-2.4109,50.63361]]}},{"type":"Feature","properties":{},"geometry":{"type":"LineString","coordinates":[[-2.47013,50.58324],[-2.47017,50.58389]]}},{"type":"Feature","properties":{},"geometry":{"type":"LineString","coordinates":[[-2.50413,50.59647],[-2.50316,50.59608],[-2.49768,50.59304],[-2.49136,50.58905],[-2.47935,50.58131],[-2.47462,50.57813],[-2.4727,50.57654],[-2.47204,50.57646]]}},{"type":"Feature","properties":{},"geometry":{"type":"LineString","coordinates":[[-1.93947,50.64117],[-1.9409,50.64088],[-1.94363,50.64247],[-1.94713,50.64549],[-1.94967,50.64595],[-1.95165,50.64927],[-1.9526,50.6505],[-1.95296,50.65201],[-1.95258,50.65541],[-1.95202,50.65698],[-1.94947,50.66172],[-1.94569,50.66654],[-1.94242,50.66994],[-1.94159,50.67162],[-1.94145,50.67329]]}},{"type":"Feature","properties":{},"geometry":{"type":"LineString","coordinates":[[-4.76648,50.64331],[-4.76803,50.64201],[-4.76692,50.64068],[-4.76776,50.64004],[-4.76808,50.63813],[-4.76737,50.63549],[-4.76913,50.63463],[-4.76965,50.63381]]}},{"type":"Feature","properties":{},"geometry":{"type":"LineString","coordinates":[[-5.01631,50.14109],[-5.01562,50.1405],[-5.01314,50.14099],[-5.01069,50.14034],[-5.01103,50.13955],[-5.00891,50.13931],[-5.00612,50.14111],[-5.00516,50.14203],[-5.00486,50.143],[-5.00133,50.14381],[-4.99929,50.14519],[-4.99722,50.14716],[-4.99536,50.14824],[-4.99244,50.14943],[-4.99055,50.14993],[-4.98853,50.15013],[-4.98767,50.1495],[-4.98552,50.15046],[-4.98491,50.14965]]}},{"type":"Feature","properties":{},"geometry":{"type":"LineString","coordinates":[[-3.78092,50.22457],[-3.78236,50.22498],[-3.78402,50.22484],[-3.78436,50.22571],[-3.78361,50.22654],[-3.78243,50.2266],[-3.78065,50.2283],[-3.78194,50.22957],[-3.78082,50.23014],[-3.77929,50.22988],[-3.77871,50.22921],[-3.7761,50.22936],[-3.77428,50.23148],[-3.77222,50.23217],[-3.76967,50.2339],[-3.7659,50.23255],[-3.76709,50.23122],[-3.76685,50.22966],[-3.76867,50.22972],[-3.77091,50.22877],[-3.77046,50.22824],[-3.7707,50.22675],[-3.77281,50.22586],[-3.77345,50.22415]]}},{"type":"Feature","properties":{},"geometry":{"type":"LineString","coordinates":[[-4.93281,50.53137],[-4.93462,50.53274],[-4.93481,50.53376],[-4.93383,50.53546],[-4.93423,50.53789],[-4.93596,50.53943],[-4.93695,50.54181],[-4.9375,50.54214],[-4.9356,50.54357],[-4.9351,50.54549],[-4.93418,50.54607],[-4.93462,50.54796],[-4.93569,50.54953],[-4.93773,50.55094],[-4.9386,50.55326],[-4.94056,50.55431],[-4.94326,50.5544],[-4.94875,50.55559],[-4.94943,50.55636],[-4.94864,50.55774],[-4.94829,50.5593],[-4.94892,50.56046],[-4.94752,50.5607],[-4.94749,50.56162]]}},{"type":"Feature","properties":{},"geometry":{"type":"LineString","coordinates":[[-5.47692,50.11873],[-5.4787,50.1185],[-5.48011,50.11651],[-5.47961,50.11591],[-5.47774,50.11569],[-5.47619,50.11629],[-5.47565,50.11798],[-5.47692,50.11873]]}},{"type":"Feature","properties":{},"geometry":{"type":"LineString","coordinates":[[-2.44221,50.59918],[-2.44866,50.60115],[-2.451,50.60387],[-2.45039,50.60473],[-2.44666,50.60599],[-2.4448,50.6062],[-2.44315,50.60715],[-2.4428,50.60858]]}},{"type":"Feature","properties":{},"geometry":{"type":"LineString","coordinates":[[-2.4428,50.60858],[-2.44372,50.60808],[-2.45027,50.60734],[-2.45185,50.60646],[-2.45284,50.6064],[-2.45536,50.60731]]}},{"type":"Feature","properties":{},"geometry":{"type":"LineString","coordinates":[[-2.45536,50.60731],[-2.45349,50.60708],[-2.44992,50.60822],[-2.44623,50.60867],[-2.44472,50.6092],[-2.44631,50.6103],[-2.44774,50.60967]]}},{"type":"Feature","properties":{},"geometry":{"type":"LineString","coordinates":[[-2.44774,50.60967],[-2.44998,50.60872]]}},{"type":"Feature","properties":{},"geometry":{"type":"LineString","coordinates":[[-2.42844,50.63411],[-2.42267,50.63608],[-2.41972,50.63646],[-2.41823,50.63527],[-2.41429,50.63496],[-2.41141,50.63417]]}},{"type":"Feature","properties":{},"geometry":{"type":"LineString","coordinates":[[-2.55841,50.63166],[-2.55806,50.63082],[-2.55553,50.63033],[-2.55296,50.63034],[-2.55223,50.63064],[-2.54896,50.62986],[-2.54579,50.6304],[-2.54601,50.62856],[-2.54721,50.62765],[-2.54995,50.62819],[-2.55193,50.62728],[-2.5501,50.62563],[-2.5477,50.62465],[-2.54577,50.62585],[-2.54461,50.62512],[-2.54431,50.62337],[-2.54223,50.62292],[-2.54019,50.62207],[-2.53931,50.62038],[-2.53742,50.61938],[-2.53335,50.61812],[-2.53154,50.61738],[-2.52498,50.61681],[-2.52341,50.61787],[-2.52118,50.61808],[-2.5174,50.6177],[-2.51633,50.61657],[-2.51648,50.61549],[-2.51508,50.6148],[-2.51459,50.61405],[-2.51461,50.61123],[-2.51309,50.61004],[-2.51045,50.61158],[-2.50828,50.61117],[-2.50566,50.60978],[-2.50533,50.60862],[-2.5072,50.60819],[-2.50788,50.60729],[-2.50706,50.60624],[-2.50481,50.60514],[-2.503,50.60577],[-2.50182,50.60678],[-2.50064,50.60401],[-2.49936,50.60341],[-2.49676,50.6033],[-2.49564,50.60285],[-2.49603,50.60152],[-2.49824,50.60062],[-2.49906,50.59986],[-2.49944,50.59858],[-2.49865,50.59701],[-2.49751,50.59565],[-2.49434,50.59384],[-2.49305,50.59355],[-2.4903,50.59189],[-2.4879,50.59107],[-2.48502,50.59168],[-2.48406,50.59113],[-2.48421,50.59031],[-2.48356,50.58888],[-2.4815,50.58877],[-2.4803,50.58824],[-2.47813,50.5863],[-2.47674,50.58565],[-2.47414,50.58527],[-2.47233,50.5845],[-2.47176,50.58344],[-2.47013,50.58324]]}},{"type":"Feature","properties":{},"geometry":{"type":"LineString","coordinates":[[-2.76353,50.70945],[-2.76213,50.70942],[-2.75626,50.70747],[-2.74659,50.70454],[-2.73943,50.70224]]}},{"type":"Feature","properties":{},"geometry":{"type":"LineString","coordinates":[[-2.72821,50.69776],[-2.71551,50.69343],[-2.70455,50.6895],[-2.69959,50.68787],[-2.69291,50.68539]]}},{"type":"Feature","properties":{},"geometry":{"type":"LineString","coordinates":[[-5.42388,50.18775],[-5.4252,50.18678],[-5.42647,50.18773],[-5.42917,50.18872],[-5.42892,50.18651],[-5.42951,50.18581],[-5.43259,50.18428],[-5.43316,50.18307],[-5.43118,50.18234],[-5.43048,50.18033],[-5.43095,50.17923],[-5.43292,50.17759],[-5.43468,50.17683],[-5.4372,50.17618],[-5.43978,50.17681],[-5.44154,50.17662],[-5.44152,50.17777],[-5.44025,50.17926],[-5.43751,50.18096],[-5.43687,50.18192],[-5.43635,50.18442],[-5.43576,50.1853],[-5.43424,50.18602],[-5.43095,50.18657],[-5.43141,50.18782],[-5.43502,50.19055],[-5.43619,50.19187],[-5.43679,50.19315],[-5.43804,50.19325],[-5.43944,50.19391],[-5.44334,50.19445],[-5.44952,50.1947],[-5.45367,50.19538],[-5.45504,50.19622],[-5.45555,50.1981],[-5.45778,50.19798],[-5.46108,50.19754],[-5.46772,50.19912],[-5.46917,50.19972],[-5.46978,50.20163],[-5.46891,50.20365],[-5.46923,50.20602],[-5.47111,50.20711],[-5.47321,50.20755],[-5.4767,50.2096],[-5.47744,50.2114]]}},{"type":"Feature","properties":{},"geometry":{"type":"LineString","coordinates":[[-1.9964,50.7074],[-1.98861,50.70729],[-1.98915,50.70839],[-1.98813,50.70892],[-1.98637,50.70909],[-1.98652,50.71052],[-1.98718,50.71123],[-1.99234,50.7119],[-1.99326,50.7123],[-1.99506,50.71419],[-1.99375,50.71589]]}},{"type":"Feature","properties":{},"geometry":{"type":"LineString","coordinates":[[-5.32728,50.08644],[-5.32713,50.08544],[-5.32479,50.08452],[-5.32354,50.08444],[-5.32231,50.08284],[-5.3188,50.08263],[-5.31706,50.08324]]}},{"type":"Feature","properties":{},"geometry":{"type":"LineString","coordinates":[[-5.15924,50.39182],[-5.16053,50.392],[-5.16168,50.39158],[-5.1603,50.39077],[-5.15924,50.39182]]}},{"type":"Feature","properties":{},"geometry":{"type":"LineString","coordinates":[[-0.93097,50.84392],[-0.93306,50.84278],[-0.93142,50.84087],[-0.93832,50.8313],[-0.93876,50.83057]]}},{"type":"Feature","properties":{},"geometry":{"type":"LineString","coordinates":[[-0.93876,50.83057],[-0.93952,50.83021],[-0.94087,50.82785],[-0.9415,50.82734],[-0.94108,50.82642],[-0.94184,50.82389],[-0.93988,50.8229],[-0.9408,50.82168]]}},{"type":"Feature","properties":{},"geometry":{"type":"LineString","coordinates":[[-5.15726,50.38973],[-5.15697,50.38856],[-5.15345,50.3857],[-5.15446,50.38482],[-5.15268,50.38464],[-5.15185,50.38364],[-5.15271,50.38279],[-5.1511,50.38187]]}},{"type":"Feature","properties":{},"geometry":{"type":"LineString","coordinates":[[-3.45917,50.68497],[-3.45685,50.68364],[-3.45612,50.68266],[-3.45491,50.68392],[-3.45335,50.684],[-3.45192,50.6836],[-3.45083,50.68252],[-3.45101,50.68029],[-3.4515,50.67882],[-3.44987,50.67598],[-3.45018,50.67433],[-3.44915,50.67252],[-3.44682,50.67108],[-3.44478,50.669]]}},{"type":"Feature","properties":{},"geometry":{"type":"LineString","coordinates":[[-3.4698,50.68229],[-3.47358,50.68339],[-3.47551,50.68462],[-3.47731,50.68635],[-3.47714,50.68763],[-3.47777,50.68863],[-3.47908,50.68931],[-3.48039,50.68926]]}},{"type":"Feature","properties":{},"geometry":{"type":"LineString","coordinates":[[-5.15042,50.37741],[-5.14836,50.37656],[-5.14653,50.37537],[-5.14735,50.37303],[-5.15047,50.36195],[-5.15186,50.35779],[-5.1532,50.35605],[-5.15413,50.35296],[-5.15355,50.3519],[-5.15453,50.3503],[-5.15567,50.34755],[-5.15405,50.34645],[-5.15504,50.34607],[-5.15744,50.34769],[-5.16078,50.34646],[-5.16211,50.34657],[-5.16336,50.3449],[-5.1653,50.34456]]}},{"type":"Feature","properties":{},"geometry":{"type":"LineString","coordinates":[[-1.15937,50.83811],[-1.16128,50.83734],[-1.16334,50.8372],[-1.16534,50.83646],[-1.16761,50.83791],[-1.17063,50.83738],[-1.1751,50.83868],[-1.1767,50.83945],[-1.17585,50.84074],[-1.17591,50.84363],[-1.17619,50.84489],[-1.17796,50.8459],[-1.17843,50.84759],[-1.1794,50.84839],[-1.17739,50.8499],[-1.17517,50.84978]]}},{"type":"Feature","properties":{},"geometry":{"type":"LineString","coordinates":[[-4.85497,50.53013],[-4.85271,50.52943],[-4.84881,50.5271],[-4.84797,50.52718],[-4.84875,50.53021],[-4.84986,50.5301],[-4.85207,50.53044],[-4.85468,50.53053],[-4.85497,50.53013]]}},{"type":"Feature","properties":{},"geometry":{"type":"LineString","coordinates":[[-4.19864,51.02162],[-4.19976,51.02086],[-4.20189,51.01656],[-4.2031,51.01276],[-4.20277,51.01236],[-4.20292,51.00986],[-4.20366,51.00866],[-4.20244,51.00629],[-4.19909,51.00459],[-4.19639,51.00362],[-4.19484,51.00281],[-4.19314,51.00138],[-4.19048,51.0003],[-4.18806,51.00031],[-4.18449,51.0009],[-4.18171,51.00086],[-4.17941,51.0004],[-4.17796,50.99933],[-4.17693,50.99758],[-4.17732,50.99551],[-4.17895,50.99345],[-4.18161,50.99168],[-4.18287,50.99173],[-4.17982,50.99391],[-4.17856,50.99537],[-4.17775,50.99685],[-4.17778,50.99761],[-4.1798,50.99963],[-4.18159,51.00007],[-4.18458,50.99983],[-4.18537,50.99945],[-4.18822,50.99911],[-4.192,50.99935],[-4.19524,51.0004],[-4.19663,51.00152],[-4.2007,51.00316]]}},{"type":"Feature","properties":{},"geometry":{"type":"LineString","coordinates":[[-4.91609,50.19717],[-4.91417,50.19858],[-4.91392,50.19916],[-4.91084,50.20045],[-4.90964,50.20266],[-4.91027,50.20497],[-4.9081,50.20586],[-4.90588,50.20509],[-4.90416,50.20525],[-4.90311,50.20632],[-4.90234,50.20809],[-4.90401,50.20986],[-4.9027,50.21185],[-4.89929,50.21385],[-4.89695,50.21293]]}},{"type":"Feature","properties":{},"geometry":{"type":"LineString","coordinates":[[-5.05434,50.18029],[-5.05414,50.18229],[-5.05467,50.1831],[-5.05487,50.18481],[-5.05446,50.18652],[-5.05476,50.18751],[-5.05599,50.18879],[-5.05644,50.19025]]}},{"type":"Feature","properties":{},"geometry":{"type":"LineString","coordinates":[[-5.05385,50.17821],[-5.05736,50.17795],[-5.05846,50.17729],[-5.06053,50.17752],[-5.06238,50.17815],[-5.0649,50.17837],[-5.06916,50.17912],[-5.07162,50.18041],[-5.07213,50.18109],[-5.07537,50.18263],[-5.07482,50.1837],[-5.0717,50.1825],[-5.06937,50.18215],[-5.06916,50.18153],[-5.06563,50.17955],[-5.06237,50.17891],[-5.06072,50.17833],[-5.05843,50.17869],[-5.05629,50.17933],[-5.05434,50.18029]]}},{"type":"Feature","properties":{},"geometry":{"type":"LineString","coordinates":[[-5.05624,50.15687],[-5.05671,50.15666],[-5.05647,50.15375],[-5.06002,50.15348],[-5.05885,50.1518],[-5.06226,50.15155],[-5.06377,50.15241],[-5.06528,50.15237],[-5.06741,50.15392],[-5.06754,50.15471],[-5.06887,50.15578],[-5.07042,50.15626],[-5.07345,50.15882],[-5.07395,50.16086],[-5.07343,50.16129]]}},{"type":"Feature","properties":{},"geometry":{"type":"LineString","coordinates":[[-4.97027,50.1855],[-4.96809,50.1853],[-4.96685,50.18601],[-4.96736,50.1883],[-4.96705,50.18934],[-4.96805,50.19031],[-4.96837,50.19161],[-4.96704,50.19317],[-4.96503,50.19341],[-4.96393,50.19484],[-4.96143,50.19611],[-4.96154,50.19743],[-4.96062,50.19777],[-4.95914,50.20022]]}},{"type":"Feature","properties":{},"geometry":{"type":"LineString","coordinates":[[-3.54216,50.40265],[-3.54464,50.40212]]}},{"type":"Feature","properties":{},"geometry":{"type":"LineString","coordinates":[[-3.54613,50.40308],[-3.54657,50.40412],[-3.54829,50.40616],[-3.54924,50.4065],[-3.55117,50.40647],[-3.5519,50.40563]]}},{"type":"Feature","properties":{},"geometry":{"type":"LineString","coordinates":[[-3.53363,50.33989],[-3.53356,50.34044],[-3.5307,50.34331],[-3.52933,50.34393],[-3.52652,50.344],[-3.5208,50.3449],[-3.52015,50.34534],[-3.52036,50.3465],[-3.51842,50.34617],[-3.51857,50.34724],[-3.51713,50.34843],[-3.51809,50.34906],[-3.51481,50.35151],[-3.51497,50.35291],[-3.5157,50.35525]]}},{"type":"Feature","properties":{},"geometry":{"type":"LineString","coordinates":[[-3.48039,50.68926],[-3.48157,50.69001],[-3.48537,50.68978],[-3.48705,50.69011],[-3.48883,50.6921],[-3.48749,50.69195],[-3.4871,50.69103],[-3.48486,50.69031],[-3.48248,50.69121],[-3.47995,50.69071],[-3.47418,50.68764],[-3.47281,50.68709],[-3.47194,50.68491],[-3.46871,50.68358],[-3.46721,50.68273]]}},{"type":"Feature","properties":{},"geometry":{"type":"LineString","coordinates":[[-5.01832,50.18409],[-5.01703,50.18434],[-5.01568,50.1877],[-5.0152,50.18965],[-5.01396,50.18761],[-5.01483,50.18626],[-5.01527,50.1843],[-5.0142,50.18228],[-5.01537,50.1823],[-5.01667,50.18315],[-5.01864,50.18261],[-5.02072,50.18143]]}},{"type":"Feature","properties":{},"geometry":{"type":"LineString","coordinates":[[-5.02337,50.15469],[-5.02196,50.15513],[-5.02076,50.15668],[-5.01934,50.15721],[-5.01727,50.15691],[-5.0151,50.15774],[-5.01386,50.15887],[-5.01217,50.15883],[-5.01071,50.15836],[-5.00854,50.15658],[-5.00666,50.15617],[-5.00459,50.15716],[-5.00402,50.15841],[-5.00595,50.16115],[-5.00583,50.16171],[-5.00398,50.16235],[-5.00271,50.16333],[-5.00271,50.16417],[-5.00082,50.16537],[-5.00434,50.16779],[-5.00486,50.16922],[-5.00362,50.17074],[-5.00255,50.171],[-4.99971,50.17093],[-4.99884,50.17129],[-4.99678,50.17385],[-4.99789,50.17435],[-4.99843,50.17578],[-4.99682,50.17929],[-4.99711,50.18082],[-4.99635,50.18182],[-4.99833,50.18374],[-4.99664,50.18349],[-4.99547,50.1822],[-4.99615,50.1808],[-4.99513,50.17937],[-4.9952,50.17845],[-4.99658,50.17667],[-4.99635,50.17533]]}},{"type":"Feature","properties":{},"geometry":{"type":"LineString","coordinates":[[-1.29074,50.76247],[-1.29423,50.76201]]}},{"type":"Feature","properties":{},"geometry":{"type":"LineString","coordinates":[[-4.75938,50.668],[-4.7596,50.66941],[-4.76183,50.67085],[-4.76338,50.66968],[-4.76488,50.66905],[-4.76416,50.66775],[-4.76318,50.66727],[-4.76151,50.66738],[-4.75938,50.668]]}},{"type":"Feature","properties":{},"geometry":{"type":"LineString","coordinates":[[-2.89291,50.73255],[-2.88255,50.73095],[-2.87531,50.72992],[-2.8721,50.72909],[-2.86758,50.7285],[-2.86021,50.72717],[-2.85192,50.72527],[-2.84596,50.72371],[-2.84011,50.72286],[-2.8365,50.72375]]}},{"type":"Feature","properties":{},"geometry":{"type":"LineString","coordinates":[[-0.5825,50.79499],[-0.57826,50.7954],[-0.57428,50.79685]]}},{"type":"Feature","properties":{},"geometry":{"type":"LineString","coordinates":[[-2.47001,50.58488],[-2.46906,50.58694],[-2.46766,50.58828],[-2.46643,50.59186],[-2.46339,50.59433],[-2.46051,50.59493],[-2.46001,50.59657],[-2.45893,50.59739],[-2.45408,50.59904],[-2.45193,50.59958],[-2.45136,50.60047],[-2.4498,50.60122],[-2.43302,50.59622],[-2.43237,50.59632]]}},{"type":"Feature","properties":{},"geometry":{"type":"LineString","coordinates":[[-2.47017,50.58389],[-2.47001,50.58488]]}},{"type":"Feature","properties":{},"geometry":{"type":"LineString","coordinates":[[-2.4109,50.63361],[-2.40857,50.63299],[-2.40801,50.63377],[-2.40476,50.63487],[-2.39585,50.6366],[-2.39354,50.63663],[-2.38616,50.63568],[-2.38342,50.63568],[-2.37861,50.63532],[-2.37585,50.63382],[-2.37354,50.63352],[-2.37123,50.63251],[-2.36654,50.63151]]}},{"type":"Feature","properties":{},"geometry":{"type":"LineString","coordinates":[[-5.38257,50.24177],[-5.38459,50.2409],[-5.38451,50.23979],[-5.38584,50.23982],[-5.38642,50.2405],[-5.39042,50.23967],[-5.39031,50.24035],[-5.39341,50.24067],[-5.39412,50.24109],[-5.3962,50.23983],[-5.39459,50.23889],[-5.39512,50.23661]]}},{"type":"Feature","properties":{},"geometry":{"type":"LineString","coordinates":[[-3.44329,50.59415],[-3.44313,50.59553],[-3.44205,50.59663],[-3.43939,50.59801],[-3.43965,50.59902],[-3.43894,50.59973],[-3.43473,50.60215],[-3.43067,50.60477],[-3.42912,50.606],[-3.42751,50.60785],[-3.42514,50.61165]]}},{"type":"Feature","properties":{},"geometry":{"type":"LineString","coordinates":[[-3.42635,50.61824],[-3.42454,50.61688]]}},{"type":"Feature","properties":{},"geometry":{"type":"LineString","coordinates":[[-4.45147,50.3505],[-4.45381,50.35119],[-4.45586,50.35308],[-4.45654,50.35572],[-4.45654,50.35757],[-4.45774,50.35844],[-4.45948,50.35871],[-4.46368,50.35777],[-4.46506,50.35812],[-4.46834,50.36002],[-4.46933,50.36264],[-4.47334,50.36238],[-4.47578,50.36256],[-4.47926,50.36238],[-4.4803,50.36273],[-4.48215,50.36453],[-4.48406,50.36419]]}},{"type":"Feature","properties":{},"geometry":{"type":"LineString","coordinates":[[-4.15252,50.36246],[-4.15059,50.36287],[-4.14948,50.36233]]}},{"type":"Feature","properties":{},"geometry":{"type":"LineString","coordinates":[[-4.16724,50.35973],[-4.16405,50.35892],[-4.1629,50.36049],[-4.16116,50.36135],[-4.15721,50.36113],[-4.15528,50.36283],[-4.15727,50.36457],[-4.15559,50.36521],[-4.15649,50.36606],[-4.15637,50.36701],[-4.15438,50.36755],[-4.15351,50.36661],[-4.15458,50.3656]]}},{"type":"Feature","properties":{},"geometry":{"type":"LineString","coordinates":[[-4.9228,50.58067],[-4.92086,50.58095],[-4.92027,50.5799],[-4.91859,50.57952],[-4.919,50.57838],[-4.91692,50.57735],[-4.91539,50.576],[-4.91679,50.574],[-4.91807,50.57451],[-4.91947,50.5745],[-4.9221,50.57395],[-4.92169,50.57325],[-4.92343,50.57302],[-4.92384,50.57187],[-4.92536,50.5708],[-4.92532,50.56986],[-4.92638,50.5694]]}},{"type":"Feature","properties":{},"geometry":{"type":"LineString","coordinates":[[-5.12445,50.41066],[-5.12182,50.40985],[-5.1196,50.40946],[-5.11626,50.40925],[-5.11464,50.40879],[-5.11209,50.40908],[-5.1094,50.40971],[-5.10525,50.40943],[-5.10336,50.40871],[-5.10129,50.40869],[-5.09814,50.40813],[-5.0959,50.40815],[-5.09352,50.40781],[-5.09024,50.40656],[-5.08658,50.40627],[-5.08573,50.40554],[-5.08569,50.40465],[-5.08222,50.40418],[-5.08083,50.40464],[-5.08056,50.40544]]}},{"type":"Feature","properties":{},"geometry":{"type":"LineString","coordinates":[[-5.13189,50.40674],[-5.13363,50.40836],[-5.13525,50.40883],[-5.1374,50.40684],[-5.13777,50.40497],[-5.13736,50.4036],[-5.13591,50.40254],[-5.13908,50.40265],[-5.14104,50.40403],[-5.14364,50.40498],[-5.14409,50.40549],[-5.14688,50.40525],[-5.14782,50.40475],[-5.14759,50.40363],[-5.14788,50.4021],[-5.14884,50.40067]]}},{"type":"Feature","properties":{},"geometry":{"type":"LineString","coordinates":[[-5.39512,50.23661],[-5.39488,50.2369]]}},{"type":"Feature","properties":{},"geometry":{"type":"LineString","coordinates":[[-5.47744,50.2114],[-5.47893,50.21164],[-5.47957,50.2133],[-5.47855,50.21413],[-5.47731,50.21424]]}},{"type":"Feature","properties":{},"geometry":{"type":"LineString","coordinates":[[-5.47681,50.2134],[-5.47614,50.21572],[-5.47507,50.21635],[-5.47645,50.21745],[-5.47535,50.21814],[-5.47562,50.21872],[-5.47791,50.21913],[-5.48002,50.21815],[-5.47954,50.21682],[-5.48149,50.21579],[-5.48421,50.21495],[-5.48664,50.21496],[-5.48917,50.21692],[-5.49017,50.21624],[-5.49299,50.21666]]}},{"type":"Feature","properties":{},"geometry":{"type":"LineString","coordinates":[[-5.47731,50.21424],[-5.47681,50.2134]]}},{"type":"Feature","properties":{},"geometry":{"type":"LineString","coordinates":[[-5.15942,50.09368],[-5.15889,50.09477],[-5.1604,50.09502],[-5.16418,50.09518],[-5.16612,50.0964],[-5.16663,50.10013]]}},{"type":"Feature","properties":{},"geometry":{"type":"LineString","coordinates":[[-5.15525,50.0931],[-5.15629,50.0922],[-5.15734,50.09216]]}},{"type":"Feature","properties":{},"geometry":{"type":"LineString","coordinates":[[-5.15099,50.09398],[-5.1505,50.09201],[-5.1497,50.09141],[-5.14949,50.09025],[-5.14852,50.08897],[-5.14954,50.08876],[-5.15072,50.09084],[-5.15242,50.0927],[-5.15525,50.0931]]}},{"type":"Feature","properties":{},"geometry":{"type":"LineString","coordinates":[[-5.15734,50.09216],[-5.16135,50.09153],[-5.16332,50.09183]]}},{"type":"Feature","properties":{},"geometry":{"type":"LineString","coordinates":[[-3.42454,50.61688],[-3.42341,50.6165]]}},{"type":"Feature","properties":{},"geometry":{"type":"LineString","coordinates":[[-3.42341,50.6165],[-3.41748,50.61606],[-3.41547,50.61573],[-3.41311,50.61472],[-3.41064,50.61294],[-3.40712,50.6116],[-3.40468,50.61137],[-3.40219,50.61142],[-3.39992,50.61109],[-3.39837,50.61006],[-3.39304,50.60984],[-3.39064,50.60937]]}},{"type":"Feature","properties":{},"geometry":{"type":"LineString","coordinates":[[-3.37643,50.6079],[-3.37301,50.60877],[-3.36894,50.60953],[-3.36398,50.60978],[-3.36296,50.60792],[-3.3596,50.60752],[-3.35795,50.60856],[-3.35774,50.61234],[-3.35955,50.61396]]}},{"type":"Feature","properties":{},"geometry":{"type":"LineString","coordinates":[[-2.97009,50.70998],[-2.96856,50.71115],[-2.9672,50.71267],[-2.96545,50.71317],[-2.96187,50.71328],[-2.95788,50.7131],[-2.95367,50.7142]]}},{"type":"Feature","properties":{},"geometry":{"type":"LineString","coordinates":[[-3.00118,50.70238],[-2.99785,50.70454],[-2.99526,50.70543],[-2.99249,50.7056],[-2.9853,50.70492],[-2.98465,50.70467],[-2.98184,50.70513],[-2.97936,50.70623],[-2.97803,50.70723],[-2.97562,50.70836],[-2.97323,50.7087],[-2.97009,50.70998]]}},{"type":"Feature","properties":{},"geometry":{"type":"LineString","coordinates":[[-3.09286,50.69098],[-3.09303,50.69287],[-3.09234,50.69453],[-3.09254,50.69532],[-3.0911,50.69622],[-3.08764,50.69671],[-3.08452,50.69912],[-3.08444,50.70073],[-3.0822,50.70171],[-3.07914,50.70244],[-3.07437,50.70295],[-3.06858,50.7032],[-3.06309,50.70311],[-3.05854,50.70286],[-3.05629,50.70258],[-3.05375,50.70192],[-3.05191,50.7017],[-3.04731,50.70151],[-3.03876,50.70013],[-3.03177,50.69935],[-3.03069,50.69897],[-3.02792,50.69864],[-3.02491,50.69864],[-3.02274,50.69841],[-3.01618,50.69905],[-3.01062,50.69997],[-3.00667,50.70042],[-3.00118,50.70238]]}},{"type":"Feature","properties":{},"geometry":{"type":"LineString","coordinates":[[-3.09317,50.69033],[-3.09282,50.69045]]}},{"type":"Feature","properties":{},"geometry":{"type":"LineString","coordinates":[[-3.09282,50.69045],[-3.09286,50.69098]]}},{"type":"Feature","properties":{},"geometry":{"type":"LineString","coordinates":[[-3.09331,50.6902],[-3.09317,50.69033]]}},{"type":"Feature","properties":{},"geometry":{"type":"LineString","coordinates":[[-3.09459,50.68745],[-3.09464,50.68989],[-3.09331,50.6902]]}},{"type":"Feature","properties":{},"geometry":{"type":"LineString","coordinates":[[-3.24416,50.67572],[-3.24051,50.67723],[-3.23557,50.67827],[-3.23395,50.67883],[-3.23111,50.67936],[-3.21262,50.68163],[-3.20689,50.68216],[-3.20425,50.68214],[-3.19912,50.68242],[-3.1977,50.68311],[-3.19366,50.68429],[-3.19161,50.68457],[-3.1847,50.68496],[-3.18044,50.68504],[-3.17799,50.68485],[-3.17272,50.6848],[-3.16639,50.68499],[-3.16551,50.68533],[-3.15919,50.68608],[-3.15646,50.68601],[-3.15095,50.6854],[-3.14705,50.68541],[-3.14114,50.68592],[-3.13778,50.68656],[-3.1343,50.68657]]}},{"type":"Feature","properties":{},"geometry":{"type":"LineString","coordinates":[[-3.1343,50.68657],[-3.12765,50.68689],[-3.11987,50.68679],[-3.10908,50.68599],[-3.10626,50.6855],[-3.10365,50.68535],[-3.10021,50.68569],[-3.09593,50.68525],[-3.09572,50.6862],[-3.09459,50.68745]]}},{"type":"Feature","properties":{},"geometry":{"type":"LineString","coordinates":[[-3.28005,50.65819],[-3.27746,50.65975],[-3.27766,50.66022],[-3.27546,50.66256],[-3.27426,50.66251],[-3.27222,50.66343],[-3.27053,50.66475],[-3.26888,50.66518],[-3.26714,50.66674],[-3.26752,50.6674],[-3.26727,50.669],[-3.26667,50.66997],[-3.26432,50.67118],[-3.25912,50.67287],[-3.25464,50.67404],[-3.24818,50.6752],[-3.24553,50.67531],[-3.24424,50.67567]]}},{"type":"Feature","properties":{},"geometry":{"type":"LineString","coordinates":[[-3.24424,50.67567],[-3.24416,50.67572]]}},{"type":"Feature","properties":{},"geometry":{"type":"LineString","coordinates":[[-3.30635,50.62975],[-3.30379,50.62979],[-3.30263,50.63088],[-3.30057,50.63154],[-3.3006,50.63218],[-3.29637,50.63533],[-3.29445,50.6359],[-3.29296,50.63886],[-3.28943,50.64102],[-3.28875,50.64326],[-3.28723,50.64576],[-3.28598,50.64669],[-3.28506,50.64856],[-3.28539,50.65129],[-3.28527,50.65244],[-3.2846,50.65344],[-3.283,50.6546],[-3.28009,50.65579],[-3.28093,50.65697],[-3.28005,50.65819]]}},{"type":"Feature","properties":{},"geometry":{"type":"LineString","coordinates":[[-3.35185,50.61932],[-3.34931,50.62038],[-3.34474,50.622],[-3.3349,50.62526],[-3.32935,50.6267],[-3.32362,50.62806],[-3.32007,50.62868],[-3.31534,50.62932],[-3.31196,50.62961],[-3.3081,50.62941],[-3.30674,50.62962]]}},{"type":"Feature","properties":{},"geometry":{"type":"LineString","coordinates":[[-3.31115,50.63141],[-3.31105,50.63155]]}},{"type":"Feature","properties":{},"geometry":{"type":"LineString","coordinates":[[-3.31105,50.63155],[-3.31034,50.63375],[-3.30931,50.63395],[-3.30741,50.63138],[-3.30634,50.63125],[-3.30635,50.62975]]}},{"type":"Feature","properties":{},"geometry":{"type":"LineString","coordinates":[[-4.23156,51.11873],[-4.22835,51.11821],[-4.22601,51.11843],[-4.22383,51.11767],[-4.22251,51.11773],[-4.2221,51.11254],[-4.22212,51.11103],[-4.2232,51.1009],[-4.22317,51.09409]]}},{"type":"Feature","properties":{},"geometry":{"type":"LineString","coordinates":[[-4.12583,50.34484],[-4.12658,50.34451]]}},{"type":"Feature","properties":{},"geometry":{"type":"LineString","coordinates":[[-4.05352,50.30964],[-4.05715,50.30944],[-4.05754,50.30989],[-4.06123,50.31167],[-4.06238,50.31166],[-4.06443,50.31066]]}},{"type":"Feature","properties":{},"geometry":{"type":"LineString","coordinates":[[-4.06654,50.31257],[-4.06429,50.3132],[-4.06022,50.31325],[-4.05675,50.31143],[-4.05464,50.31155],[-4.05263,50.31005]]}},{"type":"Feature","properties":{},"geometry":{"type":"LineString","coordinates":[[-3.77345,50.22415],[-3.77291,50.22364]]}},{"type":"Feature","properties":{},"geometry":{"type":"LineString","coordinates":[[-3.78513,50.21523],[-3.78116,50.21554],[-3.78082,50.21822],[-3.78101,50.21965],[-3.78185,50.2206],[-3.7821,50.22223],[-3.78141,50.22301]]}},{"type":"Feature","properties":{},"geometry":{"type":"LineString","coordinates":[[-3.77,50.22167],[-3.76911,50.22125]]}},{"type":"Feature","properties":{},"geometry":{"type":"LineString","coordinates":[[-3.94534,50.29757],[-3.94502,50.29735]]}},{"type":"Feature","properties":{},"geometry":{"type":"LineString","coordinates":[[-3.94502,50.29735],[-3.94394,50.29731],[-3.94283,50.29638],[-3.93849,50.29748],[-3.93788,50.29687],[-3.93524,50.29648],[-3.93359,50.29544],[-3.93089,50.29622],[-3.92834,50.29571]]}},{"type":"Feature","properties":{},"geometry":{"type":"LineString","coordinates":[[-3.91225,50.2944],[-3.91,50.29438],[-3.90919,50.29347],[-3.90925,50.2926],[-3.90726,50.29213],[-3.90691,50.29038],[-3.90559,50.29062],[-3.90326,50.28987],[-3.90186,50.28879],[-3.90058,50.28827]]}},{"type":"Feature","properties":{},"geometry":{"type":"LineString","coordinates":[[-3.92626,50.29657],[-3.9228,50.29708],[-3.91909,50.29582],[-3.91721,50.29597],[-3.91498,50.29447],[-3.91309,50.29481],[-3.91225,50.2944]]}},{"type":"Feature","properties":{},"geometry":{"type":"LineString","coordinates":[[-3.92655,50.2962],[-3.92663,50.29634]]}},{"type":"Feature","properties":{},"geometry":{"type":"LineString","coordinates":[[-3.92642,50.29653],[-3.92626,50.29657]]}},{"type":"Feature","properties":{},"geometry":{"type":"LineString","coordinates":[[-3.92834,50.29571],[-3.92843,50.29597]]}},{"type":"Feature","properties":{},"geometry":{"type":"LineString","coordinates":[[-3.92843,50.29597],[-3.92655,50.2962]]}},{"type":"Feature","properties":{},"geometry":{"type":"LineString","coordinates":[[-3.92663,50.29634],[-3.92642,50.29653]]}},{"type":"Feature","properties":{},"geometry":{"type":"LineString","coordinates":[[-3.89832,50.28535],[-3.89856,50.28475],[-3.89728,50.28419],[-3.89707,50.28351],[-3.89508,50.28178],[-3.89285,50.2823],[-3.88985,50.28189],[-3.88746,50.2821],[-3.88573,50.28356],[-3.88234,50.2842]]}},{"type":"Feature","properties":{},"geometry":{"type":"LineString","coordinates":[[-3.90058,50.28827],[-3.9,50.28863],[-3.8982,50.28821],[-3.89671,50.28703],[-3.89663,50.28633],[-3.89832,50.28535]]}},{"type":"Feature","properties":{},"geometry":{"type":"LineString","coordinates":[[-1.28534,50.83264],[-1.27617,50.83013],[-1.26303,50.82628],[-1.25786,50.8239],[-1.25239,50.8208],[-1.25034,50.81934],[-1.24614,50.81721],[-1.24408,50.8172],[-1.24284,50.81834],[-1.2406,50.81771],[-1.23952,50.8181],[-1.23806,50.81795],[-1.23337,50.81609],[-1.23048,50.81529],[-1.22824,50.81398],[-1.22681,50.81386]]}},{"type":"Feature","properties":{},"geometry":{"type":"LineString","coordinates":[[-1.3306,50.79989],[-1.32928,50.80144]]}},{"type":"Feature","properties":{},"geometry":{"type":"LineString","coordinates":[[-1.02314,50.78769],[-1.02065,50.78467],[-1.01861,50.7842],[-1.01516,50.78477],[-1.01239,50.7849],[-1.00756,50.78554],[-1.00428,50.78555],[-1.00271,50.78534],[-1.00064,50.78454],[-0.99188,50.78383],[-0.9866,50.78353],[-0.97545,50.78229],[-0.96962,50.78131],[-0.96059,50.77924],[-0.95563,50.77823],[-0.94902,50.77713],[-0.94512,50.77673],[-0.93906,50.7769],[-0.9377,50.77749],[-0.93627,50.77864],[-0.93606,50.78015]]}},{"type":"Feature","properties":{},"geometry":{"type":"LineString","coordinates":[[-1.1015,50.78537],[-1.10091,50.78506]]}},{"type":"Feature","properties":{},"geometry":{"type":"LineString","coordinates":[[-1.10091,50.78506],[-1.09971,50.78468],[-1.09583,50.78174],[-1.09342,50.78028],[-1.09233,50.77912],[-1.08897,50.77763],[-1.08535,50.77804],[-1.07946,50.7785],[-1.06616,50.78042],[-1.06207,50.78123],[-1.0561,50.78283],[-1.05098,50.78383],[-1.03645,50.78598],[-1.03195,50.78682],[-1.03041,50.78738]]}},{"type":"Feature","properties":{},"geometry":{"type":"LineString","coordinates":[[-1.44898,50.76248],[-1.44688,50.76237],[-1.4441,50.76293],[-1.44221,50.76384],[-1.43861,50.76455],[-1.43602,50.76476],[-1.43176,50.76537],[-1.42941,50.76545],[-1.42788,50.76614],[-1.42623,50.76643],[-1.42325,50.76638],[-1.42001,50.76656],[-1.41543,50.76746],[-1.41124,50.76885],[-1.41012,50.76937]]}},{"type":"Feature","properties":{},"geometry":{"type":"LineString","coordinates":[[-4.27935,51.016],[-4.28146,51.01575],[-4.28444,51.01391],[-4.28691,51.01069],[-4.28907,51.00869],[-4.29047,51.00687],[-4.29419,51.00437],[-4.29658,51.00198],[-4.29779,51.00133],[-4.30046,50.99935],[-4.30299,50.99774],[-4.30638,50.99595],[-4.30958,50.99485],[-4.31307,50.99457],[-4.31836,50.99267],[-4.32005,50.99255],[-4.3255,50.99157],[-4.32842,50.99139],[-4.33121,50.9915],[-4.33445,50.9909],[-4.33876,50.98964],[-4.34293,50.98898]]}},{"type":"Feature","properties":{},"geometry":{"type":"LineString","coordinates":[[-1.20986,50.80612],[-1.20746,50.80405]]}},{"type":"Feature","properties":{},"geometry":{"type":"LineString","coordinates":[[-1.20746,50.80405],[-1.20531,50.80203]]}},{"type":"Feature","properties":{},"geometry":{"type":"LineString","coordinates":[[-1.20392,50.80061],[-1.2008,50.79829],[-1.1972,50.79447],[-1.19275,50.79147],[-1.18987,50.78981],[-1.18831,50.78939],[-1.18475,50.78788],[-1.18106,50.78712]]}},{"type":"Feature","properties":{},"geometry":{"type":"LineString","coordinates":[[-4.39802,50.99944],[-4.39881,50.99978],[-4.40003,51.00145],[-4.40214,51.00261],[-4.40428,51.00453],[-4.41031,51.00662],[-4.4134,51.00882],[-4.41524,51.00943],[-4.41801,51.01109],[-4.4218,51.01129],[-4.42454,51.01287],[-4.4252,51.01359],[-4.42658,51.01377],[-4.4282,51.01318],[-4.4316,51.01272],[-4.43543,51.01282],[-4.43719,51.01356],[-4.44043,51.01421]]}},{"type":"Feature","properties":{},"geometry":{"type":"LineString","coordinates":[[-1.02367,50.83314],[-1.02211,50.8349],[-1.02241,50.83629],[-1.02085,50.83859],[-1.0206,50.83944],[-1.02226,50.84172]]}},{"type":"Feature","properties":{},"geometry":{"type":"LineString","coordinates":[[-1.02226,50.84172],[-1.02061,50.84302],[-1.01733,50.84339],[-1.01394,50.84436],[-1.0116,50.84437],[-1.00395,50.84281],[-1.00319,50.84284],[-1.00086,50.84492]]}},{"type":"Feature","properties":{},"geometry":{"type":"LineString","coordinates":[[-4.44043,51.01421],[-4.44403,51.01509],[-4.44676,51.01437],[-4.44851,51.01447],[-4.45187,51.01521],[-4.4561,51.01683],[-4.45661,51.01756]]}},{"type":"Feature","properties":{},"geometry":{"type":"LineString","coordinates":[[-4.52603,51.02217],[-4.52463,51.02109],[-4.52438,51.02042],[-4.52531,51.0195],[-4.52709,51.01877],[-4.52773,51.018],[-4.52766,51.01607],[-4.52624,51.01533],[-4.52642,51.01391],[-4.52857,51.01365]]}},{"type":"Feature","properties":{},"geometry":{"type":"LineString","coordinates":[[-4.45661,51.01756],[-4.45733,51.01823],[-4.46016,51.01866],[-4.46056,51.01939],[-4.46229,51.01974],[-4.46413,51.02058],[-4.46807,51.02102],[-4.47043,51.02155],[-4.47274,51.02124],[-4.47863,51.02128],[-4.48079,51.02169],[-4.48508,51.02132],[-4.48881,51.02131],[-4.4905,51.02088],[-4.4946,51.02071],[-4.49621,51.02088],[-4.49685,51.02142],[-4.49889,51.02126],[-4.49864,51.02042],[-4.49955,51.01898],[-4.50162,51.01876],[-4.50531,51.01941],[-4.50654,51.02031],[-4.51109,51.02175],[-4.51534,51.02233],[-4.51663,51.02221]]}},{"type":"Feature","properties":{},"geometry":{"type":"LineString","coordinates":[[-4.52857,51.01365],[-4.52676,51.01252],[-4.52723,51.01158],[-4.53301,51.01029],[-4.53276,51.00888],[-4.5337,51.00846],[-4.53125,51.00705],[-4.53006,51.00487],[-4.53073,51.00306],[-4.53293,51.00249],[-4.53207,51.0015],[-4.5326,51.00062],[-4.53166,51.00019],[-4.53216,50.99923],[-4.53013,50.99748],[-4.53074,50.99583],[-4.53491,50.9951],[-4.53461,50.99392]]}},{"type":"Feature","properties":{},"geometry":{"type":"LineString","coordinates":[[-4.53461,50.99392],[-4.5331,50.99376],[-4.53293,50.99202],[-4.53377,50.9909],[-4.53131,50.9907],[-4.53145,50.98877],[-4.5299,50.98776],[-4.52932,50.98627],[-4.53059,50.98358],[-4.53093,50.98175],[-4.53262,50.98038],[-4.53489,50.97959],[-4.53488,50.97903],[-4.53316,50.97776],[-4.53306,50.9764],[-4.53441,50.97551],[-4.53268,50.97394],[-4.53367,50.97222],[-4.53297,50.97051]]}},{"type":"Feature","properties":{},"geometry":{"type":"LineString","coordinates":[[-4.53297,50.97051],[-4.53282,50.96897],[-4.53292,50.96566],[-4.53391,50.96445],[-4.5352,50.96358],[-4.53799,50.95984],[-4.53814,50.95853],[-4.54068,50.95604],[-4.54247,50.95499],[-4.54387,50.95272],[-4.54322,50.95153],[-4.5446,50.95147]]}},{"type":"Feature","properties":{},"geometry":{"type":"LineString","coordinates":[[-4.5446,50.95147],[-4.54162,50.94987],[-4.5412,50.94836],[-4.54276,50.94603],[-4.54266,50.94435],[-4.54426,50.94282],[-4.54573,50.94221],[-4.54658,50.94128],[-4.5493,50.94109],[-4.54831,50.93971],[-4.54938,50.9393],[-4.54687,50.93705],[-4.54718,50.93553],[-4.54521,50.93363],[-4.54515,50.93258],[-4.54627,50.93121],[-4.54538,50.92964],[-4.54594,50.92842]]}},{"type":"Feature","properties":{},"geometry":{"type":"LineString","coordinates":[[-3.50939,50.37675],[-3.50904,50.37655]]}},{"type":"Feature","properties":{},"geometry":{"type":"LineString","coordinates":[[-3.50904,50.37655],[-3.50763,50.37918]]}},{"type":"Feature","properties":{},"geometry":{"type":"LineString","coordinates":[[-3.51364,50.36926],[-3.51571,50.36935],[-3.51631,50.3707],[-3.51604,50.37178],[-3.51487,50.37363],[-3.51411,50.37428],[-3.51041,50.37649],[-3.50939,50.37675]]}},{"type":"Feature","properties":{},"geometry":{"type":"LineString","coordinates":[[-1.14985,50.73103],[-1.15001,50.73126]]}},{"type":"Feature","properties":{},"geometry":{"type":"LineString","coordinates":[[-1.29423,50.76201],[-1.29611,50.76179]]}},{"type":"Feature","properties":{},"geometry":{"type":"LineString","coordinates":[[-1.27608,50.76631],[-1.27731,50.76627]]}},{"type":"Feature","properties":{},"geometry":{"type":"LineString","coordinates":[[-1.33334,50.75586],[-1.33361,50.75563]]}},{"type":"Feature","properties":{},"geometry":{"type":"LineString","coordinates":[[-1.32061,50.76499],[-1.32224,50.76416],[-1.32366,50.76283],[-1.32457,50.7608],[-1.32632,50.75923],[-1.32836,50.75777],[-1.33336,50.75615]]}},{"type":"Feature","properties":{},"geometry":{"type":"LineString","coordinates":[[-1.3337,50.75632],[-1.33455,50.75558],[-1.33738,50.75536],[-1.34138,50.75287],[-1.34291,50.75229],[-1.34479,50.75087],[-1.34519,50.74767],[-1.34672,50.74481]]}},{"type":"Feature","properties":{},"geometry":{"type":"LineString","coordinates":[[-1.33336,50.75615],[-1.33334,50.75586]]}},{"type":"Feature","properties":{},"geometry":{"type":"LineString","coordinates":[[-1.29768,50.76462],[-1.29871,50.76543],[-1.3015,50.76669],[-1.30389,50.76702],[-1.30721,50.76719],[-1.31379,50.76731],[-1.31741,50.76638],[-1.32061,50.76499]]}},{"type":"Feature","properties":{},"geometry":{"type":"LineString","coordinates":[[-1.42847,50.72613],[-1.43389,50.7241],[-1.44203,50.72203],[-1.44416,50.72049],[-1.447,50.71937],[-1.44941,50.7191],[-1.45062,50.7182],[-1.45331,50.7173]]}},{"type":"Feature","properties":{},"geometry":{"type":"LineString","coordinates":[[-1.57906,50.6611],[-1.57929,50.6601],[-1.57268,50.66066]]}},{"type":"Feature","properties":{},"geometry":{"type":"LineString","coordinates":[[-1.57268,50.66066],[-1.56841,50.66115],[-1.56376,50.66266],[-1.5607,50.66313],[-1.5546,50.66311],[-1.55133,50.66354],[-1.54919,50.66352],[-1.54605,50.6643],[-1.53872,50.66587],[-1.53517,50.66623],[-1.53231,50.66671]]}},{"type":"Feature","properties":{},"geometry":{"type":"LineString","coordinates":[[-1.09795,50.66568],[-1.09524,50.66734],[-1.09753,50.66851],[-1.09708,50.66993],[-1.09586,50.67111],[-1.09344,50.67265],[-1.09072,50.67378],[-1.08772,50.67452],[-1.08616,50.67587],[-1.0857,50.67709],[-1.07847,50.68008],[-1.07337,50.68162],[-1.07049,50.68336]]}},{"type":"Feature","properties":{},"geometry":{"type":"LineString","coordinates":[[-1.07486,50.69058],[-1.08241,50.69445],[-1.08478,50.69457],[-1.08724,50.695]]}},{"type":"Feature","properties":{},"geometry":{"type":"LineString","coordinates":[[-4.147,50.36313],[-4.14606,50.3642],[-4.14373,50.36389]]}},{"type":"Feature","properties":{},"geometry":{"type":"LineString","coordinates":[[-4.13245,50.35961],[-4.13224,50.3594]]}},{"type":"Feature","properties":{},"geometry":{"type":"LineString","coordinates":[[-4.14373,50.36389],[-4.14187,50.36289]]}},{"type":"Feature","properties":{},"geometry":{"type":"LineString","coordinates":[[-4.14187,50.36289],[-4.14144,50.36378],[-4.13988,50.36353]]}},{"type":"Feature","properties":{},"geometry":{"type":"LineString","coordinates":[[-4.16718,50.3521],[-4.16948,50.3536],[-4.17092,50.35393],[-4.17296,50.3558],[-4.17247,50.35699],[-4.1714,50.35809],[-4.17168,50.35884]]}},{"type":"Feature","properties":{},"geometry":{"type":"LineString","coordinates":[[-4.13988,50.36353],[-4.13743,50.36335],[-4.13684,50.36279]]}},{"type":"Feature","properties":{},"geometry":{"type":"LineString","coordinates":[[-4.13684,50.36279],[-4.13591,50.36317],[-4.1336,50.36339],[-4.1343,50.36438],[-4.13403,50.36604],[-4.13266,50.36637]]}},{"type":"Feature","properties":{},"geometry":{"type":"LineString","coordinates":[[-4.13224,50.3594],[-4.12978,50.35853],[-4.12859,50.35867],[-4.12712,50.3581],[-4.12453,50.35551],[-4.12465,50.35525]]}},{"type":"Feature","properties":{},"geometry":{"type":"LineString","coordinates":[[-4.12333,50.34657],[-4.12474,50.34499],[-4.12583,50.34484]]}},{"type":"Feature","properties":{},"geometry":{"type":"LineString","coordinates":[[-4.12745,50.3376],[-4.12865,50.33732]]}},{"type":"Feature","properties":{},"geometry":{"type":"LineString","coordinates":[[-4.12817,50.34308],[-4.12835,50.34252]]}},{"type":"Feature","properties":{},"geometry":{"type":"LineString","coordinates":[[-4.12753,50.33903],[-4.1274,50.33843]]}},{"type":"Feature","properties":{},"geometry":{"type":"LineString","coordinates":[[-4.1283,50.34137],[-4.1287,50.34032]]}},{"type":"Feature","properties":{},"geometry":{"type":"LineString","coordinates":[[-4.12865,50.33732],[-4.12665,50.33604],[-4.12503,50.33604],[-4.12429,50.33653],[-4.12257,50.3367],[-4.11986,50.33615],[-4.11916,50.33543],[-4.12105,50.3347],[-4.12143,50.3335],[-4.11971,50.33335],[-4.11912,50.3319],[-4.1198,50.33109],[-4.11909,50.33049],[-4.11945,50.32895],[-4.12102,50.32872],[-4.122,50.32808],[-4.12178,50.32742]]}},{"type":"Feature","properties":{},"geometry":{"type":"LineString","coordinates":[[-4.1274,50.33843],[-4.12745,50.3376]]}},{"type":"Feature","properties":{},"geometry":{"type":"LineString","coordinates":[[-4.12658,50.34451],[-4.12686,50.34376],[-4.12817,50.34308]]}},{"type":"Feature","properties":{},"geometry":{"type":"LineString","coordinates":[[-4.1287,50.34032],[-4.12753,50.33903]]}},{"type":"Feature","properties":{},"geometry":{"type":"LineString","coordinates":[[-4.12835,50.34252],[-4.1283,50.34137]]}},{"type":"Feature","properties":{},"geometry":{"type":"LineString","coordinates":[[-1.1017,50.6651],[-1.09918,50.66501],[-1.09795,50.66568]]}},{"type":"Feature","properties":{},"geometry":{"type":"LineString","coordinates":[[-1.16057,50.64925],[-1.15644,50.65193],[-1.15329,50.65372],[-1.14813,50.65633],[-1.1432,50.65846]]}},{"type":"Feature","properties":{},"geometry":{"type":"LineString","coordinates":[[-3.48254,50.5549],[-3.48179,50.55635],[-3.47931,50.55886],[-3.47756,50.56029],[-3.47493,50.56188],[-3.47318,50.56235],[-3.4725,50.5619],[-3.47088,50.56215],[-3.46918,50.56316]]}},{"type":"Feature","properties":{},"geometry":{"type":"LineString","coordinates":[[-3.46833,50.57327],[-3.46867,50.57348]]}},{"type":"Feature","properties":{},"geometry":{"type":"LineString","coordinates":[[-3.46918,50.56316],[-3.46962,50.5644],[-3.46855,50.56621]]}},{"type":"Feature","properties":{},"geometry":{"type":"LineString","coordinates":[[-3.46855,50.56621],[-3.46868,50.56738],[-3.46954,50.56938],[-3.46957,50.57034],[-3.4684,50.5717],[-3.46884,50.57223],[-3.46833,50.57327]]}},{"type":"Feature","properties":{},"geometry":{"type":"LineString","coordinates":[[-3.48673,50.55208],[-3.48417,50.55402],[-3.48367,50.55395]]}},{"type":"Feature","properties":{},"geometry":{"type":"LineString","coordinates":[[-3.48367,50.55395],[-3.48254,50.5549]]}},{"type":"Feature","properties":{},"geometry":{"type":"LineString","coordinates":[[-4.12178,50.32742],[-4.12153,50.32722]]}},{"type":"Feature","properties":{},"geometry":{"type":"LineString","coordinates":[[-4.12153,50.32722],[-4.12219,50.32551],[-4.12136,50.32485],[-4.1211,50.32372],[-4.11907,50.32319],[-4.12057,50.3219],[-4.11934,50.32118],[-4.11972,50.32041],[-4.11862,50.31953],[-4.11609,50.31962],[-4.11345,50.31903],[-4.11265,50.31665]]}},{"type":"Feature","properties":{},"geometry":{"type":"LineString","coordinates":[[-0.33192,50.81706],[-0.33154,50.81767]]}},{"type":"Feature","properties":{},"geometry":{"type":"LineString","coordinates":[[-4.11265,50.31665],[-4.1106,50.31578],[-4.10596,50.31539],[-4.10493,50.31502],[-4.10168,50.31705],[-4.10011,50.31729],[-4.09455,50.31698],[-4.0904,50.31701],[-4.08918,50.31636],[-4.08687,50.31746],[-4.08487,50.31793],[-4.0843,50.31763]]}},{"type":"Feature","properties":{},"geometry":{"type":"LineString","coordinates":[[-4.0843,50.31763],[-4.08302,50.31681],[-4.08121,50.31662],[-4.07859,50.31597],[-4.07723,50.31625],[-4.07406,50.31494],[-4.07179,50.31494],[-4.06946,50.3131],[-4.06969,50.31248]]}},{"type":"Feature","properties":{},"geometry":{"type":"LineString","coordinates":[[-3.56519,50.34175],[-3.56218,50.34255],[-3.561,50.34263],[-3.56005,50.34186],[-3.55629,50.34184],[-3.55551,50.34134],[-3.55353,50.34092],[-3.55385,50.33982],[-3.55293,50.33896],[-3.55055,50.33771]]}},{"type":"Feature","properties":{},"geometry":{"type":"LineString","coordinates":[[-1.32928,50.80144],[-1.32604,50.80438],[-1.32088,50.80779],[-1.3142,50.811],[-1.31076,50.81302],[-1.30738,50.81524],[-1.30705,50.81573],[-1.30702,50.81988]]}},{"type":"Feature","properties":{},"geometry":{"type":"LineString","coordinates":[[-1.1251,50.78213],[-1.12228,50.78366],[-1.11422,50.78841],[-1.1119,50.7896]]}},{"type":"Feature","properties":{},"geometry":{"type":"LineString","coordinates":[[-5.40198,50.24212],[-5.40123,50.24263]]}},{"type":"Feature","properties":{},"geometry":{"type":"LineString","coordinates":[[-3.78917,50.20965],[-3.78964,50.21001]]}},{"type":"Feature","properties":{},"geometry":{"type":"LineString","coordinates":[[-3.78776,50.20988],[-3.78699,50.20985]]}},{"type":"Feature","properties":{},"geometry":{"type":"LineString","coordinates":[[-3.78984,50.20998],[-3.78917,50.20965]]}},{"type":"Feature","properties":{},"geometry":{"type":"LineString","coordinates":[[-3.79038,50.2105],[-3.78984,50.20998]]}},{"type":"Feature","properties":{},"geometry":{"type":"LineString","coordinates":[[-3.78964,50.21001],[-3.78776,50.20988]]}},{"type":"Feature","properties":{},"geometry":{"type":"LineString","coordinates":[[-3.78606,50.21243],[-3.78686,50.21315],[-3.78705,50.21414],[-3.78586,50.21427],[-3.78513,50.21523]]}},{"type":"Feature","properties":{},"geometry":{"type":"LineString","coordinates":[[-3.78699,50.20985],[-3.78585,50.21054]]}},{"type":"Feature","properties":{},"geometry":{"type":"LineString","coordinates":[[-3.78585,50.21054],[-3.78475,50.21068],[-3.78507,50.21174],[-3.78606,50.21243]]}},{"type":"Feature","properties":{},"geometry":{"type":"LineString","coordinates":[[-3.62159,50.3094],[-3.61972,50.31092],[-3.61939,50.31183],[-3.61707,50.31304],[-3.61659,50.31425],[-3.61434,50.31552],[-3.61374,50.3154]]}},{"type":"Feature","properties":{},"geometry":{"type":"LineString","coordinates":[[-3.62217,50.30863],[-3.62159,50.3094]]}},{"type":"Feature","properties":{},"geometry":{"type":"LineString","coordinates":[[-3.61374,50.3154],[-3.61252,50.31721]]}},{"type":"Feature","properties":{},"geometry":{"type":"LineString","coordinates":[[-3.58385,50.32568],[-3.58384,50.32474],[-3.58101,50.32548]]}},{"type":"Feature","properties":{},"geometry":{"type":"LineString","coordinates":[[-3.59465,50.32157],[-3.59422,50.3228],[-3.59061,50.32436],[-3.58894,50.32565],[-3.58762,50.32555]]}},{"type":"Feature","properties":{},"geometry":{"type":"LineString","coordinates":[[-3.58,50.32591],[-3.57904,50.32575]]}},{"type":"Feature","properties":{},"geometry":{"type":"LineString","coordinates":[[-3.60424,50.31919],[-3.60058,50.31946],[-3.59934,50.31938],[-3.59668,50.31977],[-3.59517,50.32049],[-3.59465,50.32157]]}},{"type":"Feature","properties":{},"geometry":{"type":"LineString","coordinates":[[-3.585,50.32604],[-3.58385,50.32568]]}},{"type":"Feature","properties":{},"geometry":{"type":"LineString","coordinates":[[-3.58101,50.32548],[-3.58,50.32591]]}},{"type":"Feature","properties":{},"geometry":{"type":"LineString","coordinates":[[-3.58762,50.32555],[-3.58677,50.32613],[-3.585,50.32604]]}},{"type":"Feature","properties":{},"geometry":{"type":"LineString","coordinates":[[-3.61252,50.31721],[-3.61233,50.31842],[-3.60902,50.3197],[-3.60633,50.32032],[-3.60424,50.31919]]}},{"type":"Feature","properties":{},"geometry":{"type":"LineString","coordinates":[[-3.55055,50.33771],[-3.54688,50.33874],[-3.54548,50.33763],[-3.54509,50.33603],[-3.54421,50.33543]]}},{"type":"Feature","properties":{},"geometry":{"type":"LineString","coordinates":[[-3.5157,50.35525],[-3.51617,50.35568]]}},{"type":"Feature","properties":{},"geometry":{"type":"LineString","coordinates":[[-3.51887,50.35619],[-3.52124,50.35708],[-3.52108,50.35876],[-3.52039,50.36057],[-3.51879,50.36338],[-3.51787,50.36416],[-3.51599,50.36459],[-3.51632,50.36707],[-3.51544,50.36796],[-3.51419,50.36804]]}},{"type":"Feature","properties":{},"geometry":{"type":"LineString","coordinates":[[-3.51617,50.35568],[-3.51887,50.35619]]}},{"type":"Feature","properties":{},"geometry":{"type":"LineString","coordinates":[[-3.51419,50.36804],[-3.51312,50.36853],[-3.51364,50.36926]]}},{"type":"Feature","properties":{},"geometry":{"type":"LineString","coordinates":[[-3.68857,50.21698],[-3.68911,50.21723],[-3.68876,50.21859],[-3.6871,50.21887],[-3.68566,50.21991],[-3.68466,50.2197],[-3.68407,50.22076],[-3.68097,50.22241]]}},{"type":"Feature","properties":{},"geometry":{"type":"LineString","coordinates":[[-3.69075,50.21576],[-3.69018,50.21581]]}},{"type":"Feature","properties":{},"geometry":{"type":"LineString","coordinates":[[-3.68878,50.21644],[-3.68857,50.21698]]}},{"type":"Feature","properties":{},"geometry":{"type":"LineString","coordinates":[[-3.69018,50.21581],[-3.68878,50.21644]]}},{"type":"Feature","properties":{},"geometry":{"type":"LineString","coordinates":[[-3.71605,50.20495],[-3.71345,50.20605],[-3.7096,50.20632],[-3.7082,50.20542],[-3.70675,50.20618],[-3.7064,50.2071],[-3.70443,50.20771],[-3.70343,50.20864],[-3.70307,50.20967],[-3.70365,50.21098],[-3.70149,50.2119],[-3.69719,50.21333],[-3.69601,50.21399],[-3.69449,50.21401],[-3.69275,50.21551],[-3.69075,50.21576]]}},{"type":"Feature","properties":{},"geometry":{"type":"LineString","coordinates":[[-3.72207,50.20216],[-3.72043,50.20214],[-3.71943,50.20266],[-3.71935,50.20389]]}},{"type":"Feature","properties":{},"geometry":{"type":"LineString","coordinates":[[-3.72531,50.20473],[-3.72207,50.20216]]}},{"type":"Feature","properties":{},"geometry":{"type":"LineString","coordinates":[[-3.71935,50.20389],[-3.71741,50.20402],[-3.71623,50.20518]]}},{"type":"Feature","properties":{},"geometry":{"type":"LineString","coordinates":[[-3.7292,50.2083],[-3.72582,50.20822],[-3.72647,50.20594],[-3.72531,50.20473]]}},{"type":"Feature","properties":{},"geometry":{"type":"LineString","coordinates":[[-3.71623,50.20518],[-3.71605,50.20495]]}},{"type":"Feature","properties":{},"geometry":{"type":"LineString","coordinates":[[-3.76745,50.22104],[-3.76669,50.2207]]}},{"type":"Feature","properties":{},"geometry":{"type":"LineString","coordinates":[[-3.76669,50.2207],[-3.76568,50.22048]]}},{"type":"Feature","properties":{},"geometry":{"type":"LineString","coordinates":[[-3.76911,50.22125],[-3.76784,50.22119]]}},{"type":"Feature","properties":{},"geometry":{"type":"LineString","coordinates":[[-3.76784,50.22119],[-3.76745,50.22104]]}},{"type":"Feature","properties":{},"geometry":{"type":"LineString","coordinates":[[-3.7547,50.21872],[-3.75434,50.21871]]}},{"type":"Feature","properties":{},"geometry":{"type":"LineString","coordinates":[[-3.75434,50.21871],[-3.75238,50.21868],[-3.75,50.21916],[-3.74887,50.21823],[-3.748,50.21853],[-3.74668,50.21768],[-3.74693,50.21699]]}},{"type":"Feature","properties":{},"geometry":{"type":"LineString","coordinates":[[-3.76568,50.22048],[-3.76389,50.22001],[-3.76092,50.22061],[-3.76023,50.22009],[-3.75622,50.21901]]}},{"type":"Feature","properties":{},"geometry":{"type":"LineString","coordinates":[[-3.75603,50.21889],[-3.7547,50.21872]]}},{"type":"Feature","properties":{},"geometry":{"type":"LineString","coordinates":[[-3.74693,50.21699],[-3.74531,50.21654]]}},{"type":"Feature","properties":{},"geometry":{"type":"LineString","coordinates":[[-3.75622,50.21901],[-3.75603,50.21889]]}},{"type":"Feature","properties":{},"geometry":{"type":"LineString","coordinates":[[-3.73319,50.20968],[-3.73183,50.20715],[-3.73048,50.2068]]}},{"type":"Feature","properties":{},"geometry":{"type":"LineString","coordinates":[[-3.74127,50.21524],[-3.7403,50.21474]]}},{"type":"Feature","properties":{},"geometry":{"type":"LineString","coordinates":[[-3.73628,50.21339],[-3.7362,50.21233]]}},{"type":"Feature","properties":{},"geometry":{"type":"LineString","coordinates":[[-3.7436,50.21535],[-3.74127,50.21524]]}},{"type":"Feature","properties":{},"geometry":{"type":"LineString","coordinates":[[-3.74531,50.21654],[-3.7436,50.21535]]}},{"type":"Feature","properties":{},"geometry":{"type":"LineString","coordinates":[[-3.73777,50.21469],[-3.73602,50.21396],[-3.73628,50.21339]]}},{"type":"Feature","properties":{},"geometry":{"type":"LineString","coordinates":[[-3.7403,50.21474],[-3.73777,50.21469]]}},{"type":"Feature","properties":{},"geometry":{"type":"LineString","coordinates":[[-3.8739,50.26834],[-3.8725,50.26878],[-3.86998,50.26808],[-3.86849,50.26699],[-3.8678,50.26517],[-3.86875,50.26418],[-3.86507,50.26392],[-3.86408,50.26448],[-3.86213,50.26423],[-3.85916,50.26217],[-3.85814,50.26087],[-3.85783,50.25665],[-3.85873,50.2555],[-3.86042,50.2544],[-3.86038,50.25321],[-3.85965,50.25168],[-3.86089,50.25068]]}},{"type":"Feature","properties":{},"geometry":{"type":"LineString","coordinates":[[-3.86153,50.24553],[-3.8617,50.24547]]}},{"type":"Feature","properties":{},"geometry":{"type":"LineString","coordinates":[[-3.86072,50.24573],[-3.86139,50.24554]]}},{"type":"Feature","properties":{},"geometry":{"type":"LineString","coordinates":[[-3.86089,50.25068],[-3.85967,50.24977],[-3.85899,50.24632],[-3.86072,50.24573]]}},{"type":"Feature","properties":{},"geometry":{"type":"LineString","coordinates":[[-3.86156,50.25051],[-3.86142,50.25065]]}},{"type":"Feature","properties":{},"geometry":{"type":"LineString","coordinates":[[-3.86139,50.24554],[-3.85924,50.24483],[-3.85897,50.24297],[-3.85936,50.24222],[-3.86121,50.24274],[-3.86321,50.24273],[-3.86377,50.24236],[-3.86647,50.24345]]}},{"type":"Feature","properties":{},"geometry":{"type":"LineString","coordinates":[[-3.86185,50.24478],[-3.86186,50.24486]]}},{"type":"Feature","properties":{},"geometry":{"type":"LineString","coordinates":[[-3.86647,50.24345],[-3.87065,50.24252],[-3.87112,50.24193],[-3.86935,50.24078],[-3.86865,50.24079]]}},{"type":"Feature","properties":{},"geometry":{"type":"LineString","coordinates":[[-3.86142,50.25065],[-3.86156,50.25051]]}},{"type":"Feature","properties":{},"geometry":{"type":"LineString","coordinates":[[-3.8617,50.24547],[-3.86153,50.24553]]}},{"type":"Feature","properties":{},"geometry":{"type":"LineString","coordinates":[[-3.86186,50.24486],[-3.86185,50.24478]]}},{"type":"Feature","properties":{},"geometry":{"type":"LineString","coordinates":[[-3.86863,50.24068],[-3.86934,50.24054]]}},{"type":"Feature","properties":{},"geometry":{"type":"LineString","coordinates":[[-3.86834,50.24053],[-3.86863,50.24068]]}},{"type":"Feature","properties":{},"geometry":{"type":"LineString","coordinates":[[-3.86763,50.23972],[-3.86824,50.23888],[-3.86593,50.23843],[-3.86476,50.23754]]}},{"type":"Feature","properties":{},"geometry":{"type":"LineString","coordinates":[[-3.86843,50.24047],[-3.86834,50.24053]]}},{"type":"Feature","properties":{},"geometry":{"type":"LineString","coordinates":[[-3.86812,50.24041],[-3.86752,50.24014]]}},{"type":"Feature","properties":{},"geometry":{"type":"LineString","coordinates":[[-3.86865,50.24079],[-3.86812,50.24041]]}},{"type":"Feature","properties":{},"geometry":{"type":"LineString","coordinates":[[-3.86934,50.24054],[-3.86843,50.24047]]}},{"type":"Feature","properties":{},"geometry":{"type":"LineString","coordinates":[[-3.86752,50.24014],[-3.86763,50.23972]]}},{"type":"Feature","properties":{},"geometry":{"type":"LineString","coordinates":[[-3.86476,50.23754],[-3.86327,50.2374],[-3.86312,50.23662],[-3.86169,50.23541],[-3.86029,50.235],[-3.86002,50.23426],[-3.85739,50.23426]]}},{"type":"Feature","properties":{},"geometry":{"type":"LineString","coordinates":[[-4.04927,50.29477],[-4.04814,50.29537]]}},{"type":"Feature","properties":{},"geometry":{"type":"LineString","coordinates":[[-4.06405,50.30138],[-4.06291,50.30072],[-4.06135,50.30037],[-4.06,50.30054],[-4.05764,50.29809]]}},{"type":"Feature","properties":{},"geometry":{"type":"LineString","coordinates":[[-4.05754,50.29805],[-4.05621,50.29742],[-4.05215,50.2974],[-4.05136,50.29522],[-4.05006,50.29449],[-4.04927,50.29477]]}},{"type":"Feature","properties":{},"geometry":{"type":"LineString","coordinates":[[-4.05764,50.29809],[-4.05754,50.29805]]}},{"type":"Feature","properties":{},"geometry":{"type":"LineString","coordinates":[[-4.03531,50.29339],[-4.03474,50.29288],[-4.03233,50.29375],[-4.02939,50.2952],[-4.02626,50.29594],[-4.02484,50.29663],[-4.02328,50.29448],[-4.02225,50.29459]]}},{"type":"Feature","properties":{},"geometry":{"type":"LineString","coordinates":[[-4.02225,50.29459],[-4.0216,50.2949]]}},{"type":"Feature","properties":{},"geometry":{"type":"LineString","coordinates":[[-4.04814,50.29537],[-4.04591,50.29479],[-4.04576,50.2939],[-4.04414,50.29371],[-4.04141,50.2942],[-4.03867,50.29288],[-4.03765,50.29315]]}},{"type":"Feature","properties":{},"geometry":{"type":"LineString","coordinates":[[-4.03765,50.29315],[-4.03606,50.29295],[-4.03531,50.29339]]}},{"type":"Feature","properties":{},"geometry":{"type":"LineString","coordinates":[[-4.0216,50.2949],[-4.02155,50.29486]]}},{"type":"Feature","properties":{},"geometry":{"type":"LineString","coordinates":[[-4.00636,50.302],[-4.00655,50.30167]]}},{"type":"Feature","properties":{},"geometry":{"type":"LineString","coordinates":[[-4.00655,50.30167],[-4.0065,50.30165]]}},{"type":"Feature","properties":{},"geometry":{"type":"LineString","coordinates":[[-4.02155,50.29486],[-4.02038,50.29462]]}},{"type":"Feature","properties":{},"geometry":{"type":"LineString","coordinates":[[-4.0065,50.30165],[-4.00375,50.30166],[-4.00257,50.30202]]}},{"type":"Feature","properties":{},"geometry":{"type":"LineString","coordinates":[[-4.02038,50.29462],[-4.01912,50.2953],[-4.01826,50.29662],[-4.0189,50.29771],[-4.01785,50.29817],[-4.01852,50.29924],[-4.01737,50.29981],[-4.01565,50.30182],[-4.01504,50.3018],[-4.01207,50.30311],[-4.01055,50.30303],[-4.00636,50.302]]}},{"type":"Feature","properties":{},"geometry":{"type":"LineString","coordinates":[[-3.98698,50.30638],[-3.98719,50.30667]]}},{"type":"Feature","properties":{},"geometry":{"type":"LineString","coordinates":[[-3.98719,50.30667],[-3.98698,50.30638]]}},{"type":"Feature","properties":{},"geometry":{"type":"LineString","coordinates":[[-4.00257,50.30202],[-4.00129,50.30321],[-3.99918,50.30344],[-3.99774,50.30437],[-3.99723,50.30521],[-3.99435,50.30627],[-3.99311,50.30717],[-3.99143,50.30755],[-3.98862,50.3076],[-3.98689,50.30728],[-3.98548,50.3066],[-3.98153,50.30713],[-3.98062,50.30691]]}},{"type":"Feature","properties":{},"geometry":{"type":"LineString","coordinates":[[-3.98062,50.30691],[-3.98056,50.30675]]}},{"type":"Feature","properties":{},"geometry":{"type":"LineString","coordinates":[[-3.95531,50.30693],[-3.95544,50.30703]]}},{"type":"Feature","properties":{},"geometry":{"type":"LineString","coordinates":[[-3.96424,50.30436],[-3.96422,50.30417]]}},{"type":"Feature","properties":{},"geometry":{"type":"LineString","coordinates":[[-3.9646,50.30398],[-3.9638,50.30383]]}},{"type":"Feature","properties":{},"geometry":{"type":"LineString","coordinates":[[-3.97082,50.30607],[-3.97001,50.30651],[-3.96853,50.30511]]}},{"type":"Feature","properties":{},"geometry":{"type":"LineString","coordinates":[[-3.9662,50.3051],[-3.96537,50.30525]]}},{"type":"Feature","properties":{},"geometry":{"type":"LineString","coordinates":[[-3.9565,50.30607],[-3.95611,50.30632]]}},{"type":"Feature","properties":{},"geometry":{"type":"LineString","coordinates":[[-3.95611,50.30632],[-3.9565,50.30607]]}},{"type":"Feature","properties":{},"geometry":{"type":"LineString","coordinates":[[-3.96422,50.30417],[-3.9646,50.30398]]}},{"type":"Feature","properties":{},"geometry":{"type":"LineString","coordinates":[[-3.9638,50.30383],[-3.96027,50.30475]]}},{"type":"Feature","properties":{},"geometry":{"type":"LineString","coordinates":[[-3.96271,50.30363],[-3.96019,50.3045]]}},{"type":"Feature","properties":{},"geometry":{"type":"LineString","coordinates":[[-3.98056,50.30675],[-3.97581,50.30745],[-3.97301,50.30706],[-3.97238,50.30598],[-3.97105,50.30601]]}},{"type":"Feature","properties":{},"geometry":{"type":"LineString","coordinates":[[-3.95986,50.30539],[-3.95941,50.30559]]}},{"type":"Feature","properties":{},"geometry":{"type":"LineString","coordinates":[[-3.95771,50.30594],[-3.95531,50.30693]]}},{"type":"Feature","properties":{},"geometry":{"type":"LineString","coordinates":[[-3.96027,50.30475],[-3.95986,50.30539]]}},{"type":"Feature","properties":{},"geometry":{"type":"LineString","coordinates":[[-3.96019,50.3045],[-3.96215,50.30412],[-3.96271,50.30363]]}},{"type":"Feature","properties":{},"geometry":{"type":"LineString","coordinates":[[-3.95941,50.30559],[-3.95771,50.30594]]}},{"type":"Feature","properties":{},"geometry":{"type":"LineString","coordinates":[[-3.97105,50.30601],[-3.97082,50.30607]]}},{"type":"Feature","properties":{},"geometry":{"type":"LineString","coordinates":[[-3.96853,50.30511],[-3.9684,50.30502]]}},{"type":"Feature","properties":{},"geometry":{"type":"LineString","coordinates":[[-3.96537,50.30525],[-3.96424,50.30436]]}},{"type":"Feature","properties":{},"geometry":{"type":"LineString","coordinates":[[-3.9684,50.30502],[-3.9662,50.3051]]}},{"type":"Feature","properties":{},"geometry":{"type":"LineString","coordinates":[[-3.95544,50.30703],[-3.95431,50.30814]]}},{"type":"Feature","properties":{},"geometry":{"type":"LineString","coordinates":[[-3.94671,50.30683],[-3.9475,50.30472],[-3.94713,50.30406],[-3.9476,50.30279],[-3.94653,50.30159],[-3.94428,50.3017],[-3.94351,50.30095],[-3.94411,50.29858],[-3.94534,50.29757]]}},{"type":"Feature","properties":{},"geometry":{"type":"LineString","coordinates":[[-3.8555,50.23436],[-3.85311,50.23437],[-3.85226,50.2329]]}},{"type":"Feature","properties":{},"geometry":{"type":"LineString","coordinates":[[-3.85739,50.23426],[-3.85559,50.23432]]}},{"type":"Feature","properties":{},"geometry":{"type":"LineString","coordinates":[[-3.85226,50.2329],[-3.85101,50.23232]]}},{"type":"Feature","properties":{},"geometry":{"type":"LineString","coordinates":[[-3.85559,50.23432],[-3.8555,50.23436]]}},{"type":"Feature","properties":{},"geometry":{"type":"LineString","coordinates":[[-3.84264,50.23019],[-3.84197,50.23018]]}},{"type":"Feature","properties":{},"geometry":{"type":"LineString","coordinates":[[-3.84197,50.23018],[-3.84174,50.22981]]}},{"type":"Feature","properties":{},"geometry":{"type":"LineString","coordinates":[[-3.84174,50.22981],[-3.83798,50.22872],[-3.83775,50.22793],[-3.83554,50.22757],[-3.8345,50.2268],[-3.83323,50.22521]]}},{"type":"Feature","properties":{},"geometry":{"type":"LineString","coordinates":[[-3.83323,50.22521],[-3.83092,50.22388],[-3.82884,50.22317]]}},{"type":"Feature","properties":{},"geometry":{"type":"LineString","coordinates":[[-3.84384,50.23005],[-3.84264,50.23019]]}},{"type":"Feature","properties":{},"geometry":{"type":"LineString","coordinates":[[-3.84959,50.2312],[-3.84822,50.23061]]}},{"type":"Feature","properties":{},"geometry":{"type":"LineString","coordinates":[[-3.85101,50.23232],[-3.84959,50.2312]]}},{"type":"Feature","properties":{},"geometry":{"type":"LineString","coordinates":[[-3.84822,50.23061],[-3.84384,50.23005]]}},{"type":"Feature","properties":{},"geometry":{"type":"LineString","coordinates":[[-3.82884,50.22317],[-3.82805,50.22328]]}},{"type":"Feature","properties":{},"geometry":{"type":"LineString","coordinates":[[-3.81979,50.21628],[-3.81692,50.21676]]}},{"type":"Feature","properties":{},"geometry":{"type":"LineString","coordinates":[[-3.81463,50.21498],[-3.81318,50.215],[-3.81112,50.21429]]}},{"type":"Feature","properties":{},"geometry":{"type":"LineString","coordinates":[[-3.79843,50.21254],[-3.79628,50.21122],[-3.79441,50.21145]]}},{"type":"Feature","properties":{},"geometry":{"type":"LineString","coordinates":[[-3.8108,50.21427],[-3.80808,50.21469]]}},{"type":"Feature","properties":{},"geometry":{"type":"LineString","coordinates":[[-3.82459,50.21954],[-3.82376,50.21863],[-3.82407,50.21798],[-3.82315,50.21735]]}},{"type":"Feature","properties":{},"geometry":{"type":"LineString","coordinates":[[-3.81518,50.21493],[-3.81489,50.21501]]}},{"type":"Feature","properties":{},"geometry":{"type":"LineString","coordinates":[[-3.81616,50.21511],[-3.81518,50.21493]]}},{"type":"Feature","properties":{},"geometry":{"type":"LineString","coordinates":[[-3.81692,50.21676],[-3.81616,50.21655]]}},{"type":"Feature","properties":{},"geometry":{"type":"LineString","coordinates":[[-3.81112,50.21429],[-3.8108,50.21427]]}},{"type":"Feature","properties":{},"geometry":{"type":"LineString","coordinates":[[-3.80592,50.21484],[-3.80518,50.2146]]}},{"type":"Feature","properties":{},"geometry":{"type":"LineString","coordinates":[[-3.80518,50.2146],[-3.80287,50.21496],[-3.80006,50.21486],[-3.79905,50.21381]]}},{"type":"Feature","properties":{},"geometry":{"type":"LineString","coordinates":[[-3.79905,50.21381],[-3.79928,50.21369]]}},{"type":"Feature","properties":{},"geometry":{"type":"LineString","coordinates":[[-3.81948,50.21683],[-3.81979,50.21628]]}},{"type":"Feature","properties":{},"geometry":{"type":"LineString","coordinates":[[-3.81616,50.21655],[-3.81616,50.21511]]}},{"type":"Feature","properties":{},"geometry":{"type":"LineString","coordinates":[[-3.79843,50.21291],[-3.79843,50.21254]]}},{"type":"Feature","properties":{},"geometry":{"type":"LineString","coordinates":[[-3.79441,50.21145],[-3.79296,50.21131]]}},{"type":"Feature","properties":{},"geometry":{"type":"LineString","coordinates":[[-3.82624,50.22027],[-3.82459,50.21954]]}},{"type":"Feature","properties":{},"geometry":{"type":"LineString","coordinates":[[-3.80789,50.21458],[-3.80592,50.21484]]}},{"type":"Feature","properties":{},"geometry":{"type":"LineString","coordinates":[[-3.79928,50.21369],[-3.79843,50.21291]]}},{"type":"Feature","properties":{},"geometry":{"type":"LineString","coordinates":[[-3.81489,50.21501],[-3.81463,50.21498]]}},{"type":"Feature","properties":{},"geometry":{"type":"LineString","coordinates":[[-3.80808,50.21469],[-3.80789,50.21458]]}},{"type":"Feature","properties":{},"geometry":{"type":"LineString","coordinates":[[-3.79296,50.21131],[-3.79172,50.21118],[-3.79038,50.2105]]}},{"type":"Feature","properties":{},"geometry":{"type":"LineString","coordinates":[[-3.82315,50.21735],[-3.82112,50.21738],[-3.81948,50.21683]]}},{"type":"Feature","properties":{},"geometry":{"type":"LineString","coordinates":[[-3.82704,50.2223],[-3.82616,50.22123],[-3.82624,50.22027]]}},{"type":"Feature","properties":{},"geometry":{"type":"LineString","coordinates":[[-5.03428,50.48193],[-5.03584,50.481],[-5.03547,50.48033],[-5.03709,50.4789],[-5.03717,50.47773],[-5.03557,50.47709],[-5.03637,50.47598],[-5.03798,50.47579],[-5.03955,50.47474],[-5.03961,50.47396],[-5.03741,50.47235]]}},{"type":"Feature","properties":{},"geometry":{"type":"LineString","coordinates":[[-5.49299,50.21666],[-5.49488,50.21804],[-5.49563,50.21943],[-5.49657,50.21957]]}},{"type":"Feature","properties":{},"geometry":{"type":"LineString","coordinates":[[-2.89433,50.73273],[-2.89291,50.73255]]}},{"type":"Feature","properties":{},"geometry":{"type":"LineString","coordinates":[[-1.95858,50.59191],[-1.95743,50.59212],[-1.95532,50.59343],[-1.95344,50.59421],[-1.9512,50.59442],[-1.95105,50.5956],[-1.95214,50.59621],[-1.95327,50.59952],[-1.95269,50.60086],[-1.95159,50.60214]]}},{"type":"Feature","properties":{},"geometry":{"type":"LineString","coordinates":[[-2.08237,50.69349],[-2.08159,50.69502],[-2.08017,50.69618],[-2.07695,50.69525],[-2.07454,50.69796],[-2.07234,50.69755],[-2.07144,50.69834],[-2.07255,50.69979],[-2.07292,50.70184],[-2.07239,50.7029],[-2.07303,50.70485],[-2.07236,50.70508],[-2.07027,50.70458]]}},{"type":"Feature","properties":{},"geometry":{"type":"LineString","coordinates":[[-4.16682,50.35188],[-4.16718,50.3521]]}},{"type":"Feature","properties":{},"geometry":{"type":"LineString","coordinates":[[-4.19599,50.33603],[-4.19502,50.3368]]}},{"type":"Feature","properties":{},"geometry":{"type":"LineString","coordinates":[[-4.19502,50.3368],[-4.19327,50.33782],[-4.19092,50.33967],[-4.18994,50.33985],[-4.18799,50.34092],[-4.18598,50.34124],[-4.18104,50.34154],[-4.17822,50.34285],[-4.17375,50.34352],[-4.17137,50.34312],[-4.17111,50.34377],[-4.16865,50.34479],[-4.16726,50.34572],[-4.16663,50.34662],[-4.16643,50.3488],[-4.16718,50.34948],[-4.16682,50.35188]]}},{"type":"Feature","properties":{},"geometry":{"type":"LineString","coordinates":[[-5.72271,50.12147],[-5.72179,50.12037]]}},{"type":"Feature","properties":{},"geometry":{"type":"LineString","coordinates":[[-5.71526,50.06423],[-5.71444,50.06283],[-5.7124,50.06224],[-5.7118,50.06145],[-5.70909,50.06053],[-5.70987,50.05967]]}},{"type":"Feature","properties":{},"geometry":{"type":"LineString","coordinates":[[-5.71498,50.06463],[-5.71526,50.06423]]}},{"type":"Feature","properties":{},"geometry":{"type":"LineString","coordinates":[[-5.7157,50.06514],[-5.71498,50.06463]]}},{"type":"Feature","properties":{},"geometry":{"type":"LineString","coordinates":[[-5.71611,50.06633],[-5.7157,50.06514]]}},{"type":"Feature","properties":{},"geometry":{"type":"LineString","coordinates":[[-5.70987,50.05967],[-5.71096,50.05805],[-5.7096,50.05769],[-5.70682,50.05752],[-5.70577,50.05665],[-5.70643,50.05571],[-5.70524,50.05482],[-5.70407,50.05517],[-5.70143,50.05514],[-5.70024,50.05616],[-5.69842,50.05519],[-5.69673,50.05494]]}},{"type":"Feature","properties":{},"geometry":{"type":"LineString","coordinates":[[-5.7116,50.07002],[-5.71503,50.06901]]}},{"type":"Feature","properties":{},"geometry":{"type":"LineString","coordinates":[[-5.71184,50.06097],[-5.71234,50.06132]]}},{"type":"Feature","properties":{},"geometry":{"type":"LineString","coordinates":[[-5.71615,50.0692],[-5.71624,50.06779]]}},{"type":"Feature","properties":{},"geometry":{"type":"LineString","coordinates":[[-5.71503,50.06901],[-5.71615,50.0692]]}},{"type":"Feature","properties":{},"geometry":{"type":"LineString","coordinates":[[-5.7156,50.06717],[-5.71611,50.06633]]}},{"type":"Feature","properties":{},"geometry":{"type":"LineString","coordinates":[[-5.71624,50.06779],[-5.7156,50.06717]]}},{"type":"Feature","properties":{},"geometry":{"type":"LineString","coordinates":[[-5.53839,50.07866],[-5.53828,50.07997],[-5.53888,50.08121],[-5.53842,50.08202],[-5.53897,50.08346],[-5.53714,50.08369],[-5.53588,50.08428],[-5.53591,50.08527],[-5.53353,50.08835],[-5.53372,50.08917],[-5.53479,50.09003]]}},{"type":"Feature","properties":{},"geometry":{"type":"LineString","coordinates":[[-5.53479,50.09003],[-5.53748,50.09214],[-5.53873,50.09407],[-5.53844,50.09513],[-5.53979,50.09757],[-5.5432,50.09954],[-5.54385,50.10206],[-5.54544,50.10163],[-5.54915,50.10329]]}},{"type":"Feature","properties":{},"geometry":{"type":"LineString","coordinates":[[-5.53187,50.11462],[-5.53109,50.11418]]}},{"type":"Feature","properties":{},"geometry":{"type":"LineString","coordinates":[[-5.54915,50.10329],[-5.54809,50.10429],[-5.54876,50.10482],[-5.54887,50.10617]]}},{"type":"Feature","properties":{},"geometry":{"type":"LineString","coordinates":[[-5.54887,50.10617],[-5.54774,50.10797],[-5.54562,50.10965],[-5.54342,50.11081]]}},{"type":"Feature","properties":{},"geometry":{"type":"LineString","coordinates":[[-5.52976,50.11889],[-5.53095,50.12071],[-5.53112,50.12194],[-5.53033,50.1235],[-5.5284,50.12485],[-5.52484,50.12597],[-5.52238,50.12628],[-5.517,50.12665],[-5.51105,50.1274],[-5.5077,50.12748],[-5.50383,50.12775],[-5.49684,50.12875],[-5.49456,50.1287],[-5.48465,50.12776],[-5.48302,50.12745],[-5.48019,50.12629],[-5.47722,50.12428],[-5.47512,50.12334],[-5.47365,50.12318]]}},{"type":"Feature","properties":{},"geometry":{"type":"LineString","coordinates":[[-5.53109,50.11418],[-5.53029,50.11603]]}},{"type":"Feature","properties":{},"geometry":{"type":"LineString","coordinates":[[-5.53029,50.11603],[-5.52913,50.11725],[-5.52813,50.11758]]}},{"type":"Feature","properties":{},"geometry":{"type":"LineString","coordinates":[[-5.52813,50.11758],[-5.53045,50.11765],[-5.53175,50.11725],[-5.5332,50.11847],[-5.53327,50.11929],[-5.53052,50.1198]]}},{"type":"Feature","properties":{},"geometry":{"type":"LineString","coordinates":[[-5.53052,50.1198],[-5.52976,50.11889]]}},{"type":"Feature","properties":{},"geometry":{"type":"LineString","coordinates":[[-1.00854,50.83313],[-1.00652,50.83293],[-1.00626,50.83159],[-1.00395,50.83136],[-1.0035,50.83018],[-1.00237,50.82937],[-1.00178,50.83037],[-1.00386,50.83196],[-1.00545,50.83395],[-1.00907,50.83369],[-1.00854,50.83313]]}},{"type":"Feature","properties":{},"geometry":{"type":"LineString","coordinates":[[-1.46368,50.65263],[-1.46067,50.65197],[-1.45873,50.65124],[-1.4567,50.65009],[-1.45439,50.64778],[-1.45091,50.64539],[-1.44812,50.64389],[-1.44255,50.64225],[-1.43448,50.64068],[-1.43117,50.6398],[-1.42724,50.63828],[-1.42304,50.6375],[-1.41956,50.63661],[-1.41527,50.63585],[-1.4096,50.63462],[-1.4073,50.63379],[-1.4039,50.63218],[-1.40063,50.63082],[-1.3975,50.62924],[-1.39144,50.62792],[-1.3889,50.62691],[-1.38194,50.62324],[-1.37836,50.62115],[-1.37544,50.61913],[-1.37346,50.61818],[-1.37022,50.6163],[-1.3667,50.61392]]}},{"type":"Feature","properties":{},"geometry":{"type":"LineString","coordinates":[[-1.47947,50.66433],[-1.47285,50.65991],[-1.47266,50.65949],[-1.46798,50.65588],[-1.46642,50.65414],[-1.4649,50.65309]]}},{"type":"Feature","properties":{},"geometry":{"type":"LineString","coordinates":[[-1.50727,50.66889],[-1.50554,50.66834],[-1.49691,50.66856],[-1.49301,50.66827]]}},{"type":"Feature","properties":{},"geometry":{"type":"LineString","coordinates":[[-4.66745,50.41016],[-4.66626,50.40744],[-4.66885,50.40541],[-4.66802,50.40436],[-4.66843,50.40283],[-4.66785,50.40208],[-4.66865,50.40104],[-4.66771,50.40016],[-4.66592,50.39941],[-4.6648,50.39933],[-4.66314,50.39795],[-4.66396,50.39718],[-4.6621,50.39612],[-4.66169,50.39324],[-4.66199,50.39131],[-4.6607,50.38869],[-4.6594,50.38808],[-4.65618,50.38504],[-4.65389,50.38357],[-4.65341,50.38256]]}},{"type":"Feature","properties":{},"geometry":{"type":"LineString","coordinates":[[-4.61112,50.33773],[-4.61071,50.33767]]}},{"type":"Feature","properties":{},"geometry":{"type":"LineString","coordinates":[[-4.45207,50.33565],[-4.45038,50.33552],[-4.44963,50.33596],[-4.44705,50.33638],[-4.44854,50.33713],[-4.45045,50.33896],[-4.45305,50.33758],[-4.45307,50.33675],[-4.45207,50.33565]]}},{"type":"Feature","properties":{},"geometry":{"type":"LineString","coordinates":[[-1.1156,50.84546],[-1.11436,50.84598],[-1.11377,50.84681],[-1.10864,50.84687],[-1.10571,50.84674],[-1.10273,50.8461]]}},{"type":"Feature","properties":{},"geometry":{"type":"LineString","coordinates":[[-1.11559,50.84539],[-1.1156,50.84546]]}},{"type":"Feature","properties":{},"geometry":{"type":"LineString","coordinates":[[-2.04807,50.72445],[-2.04751,50.72328],[-2.04587,50.72313],[-2.04138,50.72354],[-2.04234,50.72468],[-2.04171,50.72573],[-2.04272,50.72633],[-2.04456,50.72627],[-2.04764,50.72544],[-2.04807,50.72445]]}},{"type":"Feature","properties":{},"geometry":{"type":"LineString","coordinates":[[-3.53568,50.33665],[-3.53434,50.33707],[-3.534,50.33834],[-3.53259,50.33908],[-3.53363,50.33989]]}},{"type":"Feature","properties":{},"geometry":{"type":"LineString","coordinates":[[-4.08312,50.38677],[-4.08438,50.38599],[-4.08599,50.38594],[-4.08709,50.38534],[-4.08856,50.38323],[-4.09295,50.38196],[-4.0991,50.37984],[-4.09979,50.37916],[-4.0998,50.37796],[-4.10363,50.37091],[-4.1075,50.36871],[-4.10789,50.36752],[-4.10716,50.36695],[-4.10904,50.36642],[-4.10889,50.36511],[-4.11021,50.36337],[-4.11011,50.36136],[-4.11109,50.36093],[-4.11214,50.35946],[-4.11233,50.35745],[-4.11076,50.35719],[-4.10912,50.35798],[-4.10683,50.35858],[-4.10611,50.35836],[-4.10533,50.3566],[-4.10935,50.35564],[-4.11364,50.35418],[-4.11382,50.35506],[-4.11274,50.3563],[-4.11317,50.35834],[-4.11385,50.35936],[-4.11534,50.3592],[-4.11614,50.36008],[-4.11807,50.35975],[-4.11764,50.35884],[-4.12014,50.35794],[-4.12376,50.35806],[-4.1255,50.35851],[-4.12631,50.35955],[-4.12815,50.36072],[-4.1303,50.36065],[-4.13245,50.35961]]}},{"type":"Feature","properties":{},"geometry":{"type":"LineString","coordinates":[[-4.18387,50.3758],[-4.1843,50.37489],[-4.18409,50.37355],[-4.18515,50.37049],[-4.18465,50.36979]]}},{"type":"Feature","properties":{},"geometry":{"type":"LineString","coordinates":[[-4.17168,50.35884],[-4.1735,50.35909],[-4.17447,50.35962],[-4.17485,50.3606],[-4.17692,50.36114],[-4.17808,50.36029],[-4.17984,50.36047],[-4.1818,50.35896],[-4.18308,50.35707],[-4.18458,50.3566],[-4.18603,50.35665],[-4.18867,50.35522],[-4.19002,50.35517],[-4.19121,50.35433],[-4.19338,50.35369],[-4.19297,50.35232],[-4.19133,50.35174],[-4.19123,50.35122]]}},{"type":"Feature","properties":{},"geometry":{"type":"LineString","coordinates":[[-4.26841,50.37545],[-4.26944,50.3755],[-4.27285,50.37427],[-4.27554,50.37398],[-4.27779,50.37476],[-4.27893,50.37581],[-4.27949,50.37723],[-4.28406,50.37987],[-4.28514,50.38138],[-4.28631,50.38225],[-4.28865,50.38346],[-4.29199,50.38438],[-4.29566,50.38727],[-4.29952,50.3884],[-4.30084,50.38861],[-4.3027,50.38797],[-4.30312,50.38892],[-4.30212,50.3902],[-4.30359,50.39239],[-4.3029,50.39461],[-4.30139,50.39617],[-4.30236,50.39763],[-4.30613,50.39871],[-4.30685,50.39952],[-4.30688,50.40115],[-4.30643,50.40268],[-4.30522,50.40353],[-4.30236,50.40426]]}},{"type":"Feature","properties":{},"geometry":{"type":"LineString","coordinates":[[-4.24176,50.39015],[-4.24244,50.39096],[-4.24198,50.39169],[-4.23994,50.39253],[-4.23702,50.39333],[-4.23353,50.39359],[-4.23201,50.39442],[-4.23298,50.39546],[-4.2323,50.39606],[-4.23391,50.39762],[-4.23464,50.39787],[-4.23344,50.39991],[-4.23259,50.39797],[-4.23174,50.39701],[-4.23019,50.39693],[-4.23048,50.39587],[-4.22957,50.39536],[-4.22996,50.39377],[-4.22729,50.39331],[-4.22598,50.39394],[-4.22564,50.39611],[-4.2214,50.39754],[-4.21805,50.39747],[-4.21465,50.399],[-4.21234,50.39911],[-4.21197,50.40007],[-4.21089,50.4011],[-4.21,50.40296],[-4.21025,50.40412],[-4.21265,50.40427],[-4.21247,50.40505],[-4.20944,50.40508],[-4.20759,50.40603],[-4.20672,50.40607],[-4.20643,50.40728],[-4.20551,50.4078]]}},{"type":"Feature","properties":{},"geometry":{"type":"LineString","coordinates":[[-4.27185,50.37754],[-4.27148,50.37902],[-4.27064,50.37958],[-4.27033,50.38072],[-4.27074,50.38177],[-4.26996,50.3846],[-4.27164,50.38517],[-4.27071,50.38616],[-4.26928,50.38574],[-4.26725,50.38701],[-4.26418,50.38622],[-4.26162,50.38597],[-4.25754,50.3848],[-4.25505,50.3833],[-4.25272,50.38449],[-4.2507,50.38448],[-4.24723,50.3856],[-4.24515,50.38721],[-4.24604,50.38759],[-4.24571,50.38901],[-4.24701,50.38978],[-4.24857,50.38966],[-4.24734,50.38785],[-4.25012,50.38913],[-4.25155,50.38899],[-4.25309,50.38783],[-4.25431,50.38818],[-4.25743,50.38821],[-4.25706,50.38899],[-4.25537,50.38942],[-4.25392,50.38892],[-4.25161,50.38968],[-4.2492,50.39003],[-4.24911,50.39072],[-4.2505,50.3918],[-4.25201,50.39167],[-4.25074,50.39306],[-4.24841,50.3938],[-4.24887,50.39171],[-4.24495,50.38967],[-4.24384,50.38926],[-4.24205,50.38947],[-4.24176,50.39015]]}},{"type":"Feature","properties":{},"geometry":{"type":"LineString","coordinates":[[-4.23542,50.38741],[-4.23522,50.38555],[-4.2347,50.38434],[-4.23527,50.38378],[-4.23715,50.38334],[-4.23746,50.38185],[-4.23994,50.3799],[-4.24227,50.37943],[-4.24372,50.37867],[-4.24507,50.37726],[-4.24833,50.3774],[-4.24954,50.37638],[-4.24941,50.37438],[-4.25063,50.37471],[-4.25126,50.3759],[-4.25736,50.37644],[-4.25811,50.37678],[-4.26237,50.37635],[-4.26558,50.37527],[-4.26708,50.37371],[-4.26636,50.37286],[-4.26812,50.37222],[-4.27311,50.37198],[-4.27802,50.37135],[-4.27906,50.37193],[-4.27444,50.37277],[-4.27313,50.37315],[-4.26875,50.37375],[-4.26841,50.37545]]}},{"type":"Feature","properties":{},"geometry":{"type":"LineString","coordinates":[[-4.2224,50.42528],[-4.22268,50.42417],[-4.22468,50.42427],[-4.22635,50.42525],[-4.22458,50.42541],[-4.22444,50.427],[-4.22773,50.42793]]}},{"type":"Feature","properties":{},"geometry":{"type":"LineString","coordinates":[[-4.18277,50.43084],[-4.18419,50.42951],[-4.18567,50.42954],[-4.18943,50.42878],[-4.18922,50.42782],[-4.18514,50.42588],[-4.18676,50.4247]]}},{"type":"Feature","properties":{},"geometry":{"type":"LineString","coordinates":[[-4.20551,50.4078],[-4.20758,50.41087],[-4.21064,50.41354],[-4.21164,50.41392],[-4.21177,50.41699],[-4.21099,50.41814],[-4.21069,50.42045],[-4.2116,50.42107],[-4.21054,50.4222],[-4.21126,50.4231],[-4.21127,50.42412],[-4.20996,50.4251],[-4.20998,50.42569],[-4.21136,50.42634],[-4.21271,50.42629],[-4.2143,50.42676],[-4.21802,50.42585],[-4.2188,50.42513],[-4.2224,50.42528]]}},{"type":"Feature","properties":{},"geometry":{"type":"LineString","coordinates":[[-4.201,50.40715],[-4.2006,50.40573],[-4.20244,50.40474],[-4.20175,50.40228],[-4.20117,50.40147],[-4.2031,50.40116],[-4.20467,50.40002],[-4.20479,50.39909],[-4.20409,50.3978],[-4.20257,50.3963],[-4.19847,50.39526],[-4.19622,50.39401],[-4.19455,50.39209],[-4.18773,50.39337],[-4.18788,50.39416],[-4.18647,50.39472],[-4.18476,50.39262],[-4.18539,50.39217],[-4.19186,50.39093],[-4.19288,50.39004],[-4.19017,50.38858],[-4.19028,50.38817],[-4.18826,50.38379],[-4.18755,50.38405]]}},{"type":"Feature","properties":{},"geometry":{"type":"LineString","coordinates":[[-4.15661,50.45835],[-4.15634,50.45907],[-4.15771,50.46155],[-4.15596,50.46337],[-4.15441,50.46403],[-4.15236,50.46422],[-4.15122,50.46547],[-4.15028,50.46516],[-4.15193,50.46379],[-4.15317,50.46376],[-4.15558,50.46286],[-4.15687,50.46208],[-4.15697,50.46121],[-4.15465,50.45991],[-4.15463,50.45663],[-4.15684,50.4535],[-4.15876,50.45261],[-4.16017,50.45121],[-4.16208,50.45049],[-4.1621,50.44927],[-4.16354,50.44811],[-4.16389,50.44664],[-4.16621,50.44569],[-4.16495,50.44324],[-4.16558,50.44238],[-4.16659,50.4423],[-4.16883,50.44137],[-4.17016,50.44038],[-4.17032,50.43933],[-4.17194,50.43787],[-4.17295,50.4361],[-4.17384,50.4353],[-4.17619,50.43449],[-4.17586,50.43358],[-4.17795,50.43343],[-4.18097,50.43157],[-4.18277,50.43084]]}},{"type":"Feature","properties":{},"geometry":{"type":"LineString","coordinates":[[-4.21875,50.42693],[-4.2205,50.42734],[-4.22184,50.42607],[-4.22007,50.42605],[-4.21875,50.42693]]}},{"type":"Feature","properties":{},"geometry":{"type":"LineString","coordinates":[[-4.22773,50.42793],[-4.22832,50.4296],[-4.22715,50.43013],[-4.22675,50.43147],[-4.22717,50.43318],[-4.22856,50.4355],[-4.23025,50.43534],[-4.23428,50.43671],[-4.23345,50.43743],[-4.23429,50.43812],[-4.23303,50.43867],[-4.23265,50.43695],[-4.22989,50.43626],[-4.22879,50.43633],[-4.22633,50.4355],[-4.22516,50.43214],[-4.22562,50.43142],[-4.22504,50.43001],[-4.22598,50.42987],[-4.22502,50.42821],[-4.22251,50.42676],[-4.22218,50.42721],[-4.22018,50.42748],[-4.2183,50.42809],[-4.21703,50.42888],[-4.21592,50.42852],[-4.21503,50.4295],[-4.21391,50.42976],[-4.20532,50.4295],[-4.20372,50.42996],[-4.20372,50.43079],[-4.20256,50.43135],[-4.20313,50.43249],[-4.202,50.43332],[-4.20152,50.43449],[-4.1993,50.43571],[-4.19966,50.43696],[-4.20078,50.43806],[-4.20208,50.43849],[-4.20408,50.43986],[-4.20578,50.44048],[-4.20587,50.44137],[-4.20308,50.44228],[-4.20446,50.44326],[-4.20682,50.44364],[-4.20841,50.44495],[-4.21017,50.44576],[-4.20932,50.44877],[-4.21065,50.45021],[-4.21075,50.45242],[-4.2127,50.45287],[-4.21141,50.45398],[-4.21154,50.45607],[-4.21271,50.45845],[-4.21463,50.4608],[-4.21525,50.46119],[-4.21694,50.46374],[-4.21776,50.46445],[-4.2207,50.46385],[-4.22221,50.46309],[-4.22405,50.46158],[-4.22435,50.46041],[-4.22385,50.45893],[-4.22526,50.45767],[-4.22755,50.45622],[-4.2282,50.45543],[-4.22971,50.45499],[-4.23497,50.45607],[-4.2379,50.45773],[-4.2399,50.46073],[-4.2404,50.4626],[-4.23977,50.46346],[-4.23957,50.46485],[-4.23771,50.4672],[-4.23392,50.46943],[-4.22891,50.47172],[-4.22569,50.47274],[-4.2233,50.47383],[-4.21949,50.47525],[-4.21882,50.47593],[-4.2185,50.48226],[-4.21922,50.48418],[-4.22227,50.48593],[-4.2232,50.48683],[-4.22436,50.48889],[-4.22438,50.48977],[-4.22129,50.49274],[-4.22102,50.49422],[-4.22177,50.49585],[-4.22147,50.49789],[-4.2209,50.49853],[-4.21791,50.49836],[-4.21072,50.49718],[-4.20827,50.49629]]}},{"type":"Feature","properties":{},"geometry":{"type":"LineString","coordinates":[[-4.19081,50.43527],[-4.18848,50.43497],[-4.1867,50.43435],[-4.1852,50.43425]]}},{"type":"Feature","properties":{},"geometry":{"type":"LineString","coordinates":[[-4.17449,50.42236],[-4.1753,50.42199],[-4.17795,50.42219],[-4.18123,50.42331],[-4.18395,50.42318]]}},{"type":"Feature","properties":{},"geometry":{"type":"LineString","coordinates":[[-4.16566,50.42574],[-4.16299,50.42712]]}},{"type":"Feature","properties":{},"geometry":{"type":"LineString","coordinates":[[-4.18676,50.4247],[-4.18531,50.4248],[-4.18495,50.42542],[-4.18247,50.42565],[-4.17837,50.42464],[-4.17705,50.42376],[-4.17624,50.4226],[-4.17432,50.42335],[-4.17439,50.4242],[-4.17295,50.42446],[-4.16986,50.42413],[-4.16843,50.42445],[-4.16747,50.42515],[-4.16566,50.42574]]}},{"type":"Feature","properties":{},"geometry":{"type":"LineString","coordinates":[[-3.58848,50.53893],[-3.58918,50.53788],[-3.58913,50.53667],[-3.58834,50.53614],[-3.58753,50.53653],[-3.58283,50.53759],[-3.58364,50.53863],[-3.58507,50.53902],[-3.58848,50.53893]]}},{"type":"Feature","properties":{},"geometry":{"type":"LineString","coordinates":[[-3.5013,50.53928],[-3.5077,50.54226],[-3.5124,50.54196],[-3.5136,50.54114],[-3.51798,50.54064],[-3.51878,50.54137],[-3.52096,50.54082],[-3.52213,50.54124],[-3.524,50.54062],[-3.52723,50.5403],[-3.52831,50.54061],[-3.53212,50.54035],[-3.53318,50.54006],[-3.53559,50.54046],[-3.53864,50.54048],[-3.53963,50.54026],[-3.54036,50.53806],[-3.54344,50.53972],[-3.54929,50.54022],[-3.55083,50.54107],[-3.55234,50.54003],[-3.554,50.54075],[-3.55903,50.53928],[-3.56069,50.53919],[-3.56394,50.53954],[-3.56634,50.53917],[-3.56732,50.53863],[-3.57096,50.53869],[-3.57422,50.53839],[-3.57679,50.53836],[-3.57788,50.53793],[-3.58304,50.53711],[-3.58685,50.53634],[-3.58832,50.53586],[-3.58959,50.53435],[-3.59022,50.53471],[-3.58885,50.5361],[-3.58951,50.53698],[-3.58955,50.53763],[-3.589,50.53867],[-3.58817,50.53917],[-3.58227,50.53959],[-3.58065,50.53944],[-3.58026,50.54056],[-3.57888,50.54166],[-3.57566,50.54246],[-3.57315,50.54278],[-3.56973,50.54275],[-3.56821,50.54241],[-3.5664,50.54301],[-3.56573,50.54399],[-3.56274,50.54504],[-3.55963,50.54549],[-3.55563,50.54551],[-3.55206,50.54504],[-3.54959,50.54518],[-3.54837,50.5447],[-3.54669,50.54518],[-3.54189,50.54541],[-3.5407,50.545],[-3.53918,50.54531],[-3.53753,50.54493],[-3.53694,50.54622],[-3.53197,50.5471],[-3.52913,50.54729],[-3.52648,50.54716],[-3.52164,50.54632],[-3.51857,50.54597],[-3.51805,50.54552],[-3.51566,50.54541],[-3.50973,50.54662],[-3.50744,50.54624],[-3.50105,50.54593],[-3.49985,50.54504],[-3.49861,50.54467],[-3.4984,50.54329],[-3.49887,50.54225],[-3.50026,50.54094]]}},{"type":"Feature","properties":{},"geometry":{"type":"LineString","coordinates":[[-2.05497,50.71785],[-2.05135,50.71762],[-2.04548,50.71523],[-2.04649,50.71659],[-2.04566,50.71677],[-2.04533,50.71801],[-2.04418,50.71788]]}},{"type":"Feature","properties":{},"geometry":{"type":"LineString","coordinates":[[-2.05116,50.71242],[-2.05175,50.71098],[-2.05012,50.71063],[-2.05022,50.7126],[-2.05116,50.71242]]}},{"type":"Feature","properties":{},"geometry":{"type":"LineString","coordinates":[[-2.04091,50.72026],[-2.04397,50.71951],[-2.042,50.72224],[-2.04304,50.72327],[-2.04627,50.72268],[-2.04846,50.72286],[-2.05071,50.72519],[-2.05035,50.72626],[-2.0483,50.72717],[-2.04803,50.72848],[-2.04616,50.73024],[-2.04356,50.73095],[-2.0425,50.73189],[-2.04105,50.73009],[-2.03911,50.72962],[-2.03622,50.73131],[-2.03474,50.72982],[-2.03584,50.72841],[-2.03516,50.72784],[-2.03387,50.72815],[-2.03297,50.72892],[-2.03067,50.72964],[-2.02855,50.72978],[-2.02696,50.7291],[-2.02791,50.7284],[-2.03029,50.72743],[-2.03244,50.72709],[-2.03425,50.72591],[-2.03667,50.72604],[-2.03652,50.72479],[-2.03495,50.72296],[-2.03628,50.72153],[-2.03928,50.72034],[-2.03885,50.7197],[-2.03912,50.71839],[-2.03734,50.71734],[-2.03446,50.71643],[-2.03231,50.71617],[-2.03085,50.71566]]}},{"type":"Feature","properties":{},"geometry":{"type":"LineString","coordinates":[[-1.95013,50.6802],[-1.95106,50.67856],[-1.95206,50.67822],[-1.9525,50.6772],[-1.95378,50.67658],[-1.95406,50.67555],[-1.95499,50.67453],[-1.95846,50.67251],[-1.95929,50.67365],[-1.9615,50.67462],[-1.96152,50.67247],[-1.96347,50.67052],[-1.96469,50.67028],[-1.96672,50.67113],[-1.96835,50.66939],[-1.96968,50.6695],[-1.96987,50.66867],[-1.96833,50.66743],[-1.96779,50.66628],[-1.96946,50.66393],[-1.96815,50.66082],[-1.96949,50.66146],[-1.97175,50.664],[-1.9727,50.6634],[-1.97381,50.66398],[-1.97508,50.66378],[-1.97682,50.66185],[-1.97783,50.66264],[-1.97616,50.66444],[-1.97772,50.66459],[-1.98075,50.66381],[-1.98189,50.6656],[-1.98359,50.66719],[-1.98299,50.66859],[-1.98316,50.66934],[-1.98461,50.66916],[-1.98526,50.67005]]}},{"type":"Feature","properties":{},"geometry":{"type":"LineString","coordinates":[[-2.93871,50.71963],[-2.9388,50.72041],[-2.93774,50.72131],[-2.93752,50.72228],[-2.93642,50.72307],[-2.93312,50.72397],[-2.93242,50.72454],[-2.9301,50.72512],[-2.93038,50.72589],[-2.9292,50.72687],[-2.92849,50.72874],[-2.92764,50.72927],[-2.92482,50.72992],[-2.92193,50.73139],[-2.91889,50.73215],[-2.914,50.73283],[-2.91271,50.7335],[-2.91045,50.73376]]}},{"type":"Feature","properties":{},"geometry":{"type":"LineString","coordinates":[[-3.46706,50.57666],[-3.46756,50.57726],[-3.4664,50.57866],[-3.46289,50.58158],[-3.45914,50.58441],[-3.45419,50.58744],[-3.45045,50.58944],[-3.44521,50.59182],[-3.44385,50.59267],[-3.44329,50.59415]]}},{"type":"Feature","properties":{},"geometry":{"type":"LineString","coordinates":[[-4.50803,50.33064],[-4.50696,50.33047],[-4.50371,50.33095],[-4.50246,50.33056]]}},{"type":"Feature","properties":{},"geometry":{"type":"LineString","coordinates":[[-4.53014,50.32545],[-4.52769,50.32605],[-4.52739,50.32672],[-4.52604,50.32696],[-4.5253,50.3276],[-4.52354,50.32728],[-4.5219,50.32786],[-4.52004,50.32801],[-4.5169,50.32931],[-4.51649,50.32986],[-4.51722,50.33115],[-4.51677,50.33157],[-4.51331,50.33008],[-4.51177,50.32992],[-4.51062,50.33024]]}},{"type":"Feature","properties":{},"geometry":{"type":"LineString","coordinates":[[-4.50832,50.33053],[-4.50803,50.33064]]}},{"type":"Feature","properties":{},"geometry":{"type":"LineString","coordinates":[[-4.51062,50.33024],[-4.50832,50.33053]]}},{"type":"Feature","properties":{},"geometry":{"type":"LineString","coordinates":[[-4.54604,50.92837],[-4.54956,50.92723],[-4.55154,50.92624],[-4.55391,50.9261],[-4.55202,50.92504],[-4.55269,50.92354],[-4.55495,50.92247],[-4.55577,50.92158],[-4.55747,50.92058],[-4.5566,50.91927],[-4.55807,50.91792],[-4.56016,50.91777],[-4.55994,50.91716],[-4.56216,50.917],[-4.56269,50.91547],[-4.56393,50.91506],[-4.56254,50.91421],[-4.56266,50.91321],[-4.56438,50.91237],[-4.56428,50.91122],[-4.56528,50.91033],[-4.56345,50.90907],[-4.56352,50.90835],[-4.5657,50.90718],[-4.56504,50.9066],[-4.5656,50.90524],[-4.56792,50.90485],[-4.56952,50.90402],[-4.56552,50.90219],[-4.56395,50.9006],[-4.56495,50.89965],[-4.56516,50.89849],[-4.56438,50.89705],[-4.56341,50.89614],[-4.56405,50.89495],[-4.56527,50.89479],[-4.56112,50.89214],[-4.5619,50.88987],[-4.56272,50.88871],[-4.56275,50.88778],[-4.56612,50.88654],[-4.56679,50.88547],[-4.56444,50.88419],[-4.56303,50.88248],[-4.56136,50.88158],[-4.55966,50.87967],[-4.5596,50.87895],[-4.56064,50.87798],[-4.56152,50.87651],[-4.56227,50.87636]]}},{"type":"Feature","properties":{},"geometry":{"type":"LineString","coordinates":[[-1.39659,50.86959],[-1.39702,50.86982]]}},{"type":"Feature","properties":{},"geometry":{"type":"LineString","coordinates":[[-1.39608,50.86933],[-1.39619,50.86939]]}},{"type":"Feature","properties":{},"geometry":{"type":"LineString","coordinates":[[-1.3997,50.87566],[-1.39935,50.87597]]}},{"type":"Feature","properties":{},"geometry":{"type":"LineString","coordinates":[[-1.39702,50.86982],[-1.40056,50.87213],[-1.39746,50.8747],[-1.3997,50.87566]]}},{"type":"Feature","properties":{},"geometry":{"type":"LineString","coordinates":[[-1.39562,50.86905],[-1.39608,50.86933]]}},{"type":"Feature","properties":{},"geometry":{"type":"LineString","coordinates":[[-1.38902,50.86665],[-1.38996,50.86732],[-1.39115,50.86665],[-1.39204,50.86777]]}},{"type":"Feature","properties":{},"geometry":{"type":"LineString","coordinates":[[-1.39437,50.8687],[-1.39562,50.86905]]}},{"type":"Feature","properties":{},"geometry":{"type":"LineString","coordinates":[[-1.39055,50.86561],[-1.38902,50.86665]]}},{"type":"Feature","properties":{},"geometry":{"type":"LineString","coordinates":[[-1.39204,50.86777],[-1.39279,50.86958],[-1.39437,50.8687]]}},{"type":"Feature","properties":{},"geometry":{"type":"LineString","coordinates":[[-1.39619,50.86939],[-1.39659,50.86959]]}},{"type":"Feature","properties":{},"geometry":{"type":"LineString","coordinates":[[-1.3592,50.8429],[-1.36044,50.84287],[-1.3605,50.84402]]}},{"type":"Feature","properties":{},"geometry":{"type":"LineString","coordinates":[[-1.33928,50.82646],[-1.33888,50.82807]]}},{"type":"Feature","properties":{},"geometry":{"type":"LineString","coordinates":[[-1.33514,50.8377],[-1.33523,50.83782]]}},{"type":"Feature","properties":{},"geometry":{"type":"LineString","coordinates":[[-1.33945,50.84086],[-1.33959,50.84106]]}},{"type":"Feature","properties":{},"geometry":{"type":"LineString","coordinates":[[-1.33504,50.83729],[-1.33498,50.83735]]}},{"type":"Feature","properties":{},"geometry":{"type":"LineString","coordinates":[[-1.32346,50.81889],[-1.32362,50.81881]]}},{"type":"Feature","properties":{},"geometry":{"type":"LineString","coordinates":[[-1.33959,50.84106],[-1.33964,50.8418],[-1.34203,50.84369],[-1.34455,50.84479],[-1.34708,50.84554],[-1.34974,50.84606],[-1.3508,50.84596],[-1.35163,50.845],[-1.35227,50.84299],[-1.35402,50.8419]]}},{"type":"Feature","properties":{},"geometry":{"type":"LineString","coordinates":[[-1.35402,50.8419],[-1.3528,50.8432],[-1.35285,50.84553],[-1.35453,50.84529],[-1.35629,50.84557],[-1.35905,50.8449],[-1.35801,50.84416],[-1.3592,50.8429]]}},{"type":"Feature","properties":{},"geometry":{"type":"LineString","coordinates":[[-1.33498,50.83735],[-1.33514,50.8377]]}},{"type":"Feature","properties":{},"geometry":{"type":"LineString","coordinates":[[-1.33597,50.83681],[-1.33504,50.83729]]}},{"type":"Feature","properties":{},"geometry":{"type":"LineString","coordinates":[[-1.32362,50.81881],[-1.32385,50.82021],[-1.3227,50.82089],[-1.32272,50.82369],[-1.32157,50.82402],[-1.32444,50.82615],[-1.32591,50.82583],[-1.32645,50.8268],[-1.32868,50.82736],[-1.3296,50.828],[-1.3312,50.82794],[-1.33262,50.82747],[-1.33449,50.82746],[-1.33687,50.82782]]}},{"type":"Feature","properties":{},"geometry":{"type":"LineString","coordinates":[[-1.38888,50.8642],[-1.38867,50.86497]]}},{"type":"Feature","properties":{},"geometry":{"type":"LineString","coordinates":[[-1.38867,50.86497],[-1.39055,50.86561]]}},{"type":"Feature","properties":{},"geometry":{"type":"LineString","coordinates":[[-1.38852,50.86386],[-1.38888,50.8642]]}},{"type":"Feature","properties":{},"geometry":{"type":"LineString","coordinates":[[-1.3605,50.84402],[-1.35937,50.84543],[-1.35621,50.84613],[-1.35486,50.84691],[-1.35536,50.84811],[-1.35775,50.84826],[-1.35786,50.84919],[-1.36025,50.84996],[-1.36285,50.85037],[-1.36411,50.85138],[-1.36522,50.85136],[-1.3671,50.85259],[-1.36887,50.85267],[-1.37109,50.85375],[-1.37149,50.85444],[-1.37373,50.85514],[-1.37477,50.8572],[-1.3775,50.85738],[-1.37839,50.85858],[-1.38285,50.86067],[-1.38387,50.86183],[-1.38466,50.86195],[-1.38748,50.86396],[-1.38852,50.86386]]}},{"type":"Feature","properties":{},"geometry":{"type":"LineString","coordinates":[[-1.33687,50.82782],[-1.33928,50.82646]]}},{"type":"Feature","properties":{},"geometry":{"type":"LineString","coordinates":[[-1.33523,50.83782],[-1.3371,50.83846],[-1.33798,50.8402],[-1.33945,50.84086]]}},{"type":"Feature","properties":{},"geometry":{"type":"LineString","coordinates":[[-1.32269,50.81825],[-1.32346,50.81889]]}},{"type":"Feature","properties":{},"geometry":{"type":"LineString","coordinates":[[-1.31061,50.81852],[-1.30975,50.8188],[-1.30819,50.8169],[-1.30969,50.81451],[-1.31171,50.81344],[-1.31321,50.81423]]}},{"type":"Feature","properties":{},"geometry":{"type":"LineString","coordinates":[[-4.20047,50.33163],[-4.20059,50.33254]]}},{"type":"Feature","properties":{},"geometry":{"type":"LineString","coordinates":[[-4.20059,50.33254],[-4.20015,50.33412],[-4.19864,50.33467],[-4.19643,50.33615],[-4.19599,50.33603]]}},{"type":"Feature","properties":{},"geometry":{"type":"LineString","coordinates":[[-4.19863,50.32815],[-4.1998,50.32922],[-4.20109,50.3298],[-4.20137,50.33128],[-4.20047,50.33163]]}},{"type":"Feature","properties":{},"geometry":{"type":"LineString","coordinates":[[-5.03185,50.50908],[-5.03314,50.5088],[-5.03542,50.50706],[-5.03424,50.50662],[-5.03491,50.5058],[-5.03445,50.50453]]}},{"type":"Feature","properties":{},"geometry":{"type":"LineString","coordinates":[[-5.02752,50.51755],[-5.0286,50.51734],[-5.02719,50.516],[-5.02843,50.51476],[-5.02787,50.51382],[-5.02949,50.51276],[-5.0291,50.51216]]}},{"type":"Feature","properties":{},"geometry":{"type":"LineString","coordinates":[[-4.18928,50.32054],[-4.18959,50.32122],[-4.18887,50.32243],[-4.18969,50.32373],[-4.19164,50.32489]]}},{"type":"Feature","properties":{},"geometry":{"type":"LineString","coordinates":[[-4.18861,50.31776],[-4.18927,50.31817],[-4.18876,50.3199],[-4.18928,50.32054]]}},{"type":"Feature","properties":{},"geometry":{"type":"LineString","coordinates":[[-5.03445,50.50453],[-5.03648,50.50456],[-5.03805,50.50345],[-5.04043,50.5037],[-5.04042,50.50237],[-5.04194,50.50282],[-5.04265,50.5024],[-5.04186,50.5006],[-5.04456,50.49744],[-5.0443,50.4968],[-5.04081,50.49633],[-5.03998,50.49665],[-5.03864,50.4959],[-5.03822,50.49494]]}},{"type":"Feature","properties":{},"geometry":{"type":"LineString","coordinates":[[-4.19164,50.32489],[-4.19316,50.32565]]}},{"type":"Feature","properties":{},"geometry":{"type":"LineString","coordinates":[[-4.19212,50.31785],[-4.19142,50.31756]]}},{"type":"Feature","properties":{},"geometry":{"type":"LineString","coordinates":[[-4.19316,50.32565],[-4.19721,50.32728],[-4.19863,50.32815]]}},{"type":"Feature","properties":{},"geometry":{"type":"LineString","coordinates":[[-5.02953,50.52329],[-5.0298,50.52229],[-5.02883,50.52122],[-5.03009,50.52022],[-5.02888,50.51999],[-5.02663,50.52056],[-5.02639,50.51988],[-5.02774,50.51939],[-5.02752,50.51755]]}},{"type":"Feature","properties":{},"geometry":{"type":"LineString","coordinates":[[-5.02771,50.52539],[-5.02933,50.52472],[-5.02889,50.524],[-5.02953,50.52329]]}},{"type":"Feature","properties":{},"geometry":{"type":"LineString","coordinates":[[-1.31055,50.84894],[-1.30782,50.8466]]}},{"type":"Feature","properties":{},"geometry":{"type":"LineString","coordinates":[[-1.32484,50.85336],[-1.32203,50.85196]]}},{"type":"Feature","properties":{},"geometry":{"type":"LineString","coordinates":[[-1.30782,50.8466],[-1.30812,50.84302],[-1.30686,50.84067],[-1.30451,50.83895],[-1.30149,50.83735],[-1.29876,50.83641],[-1.28807,50.83349]]}},{"type":"Feature","properties":{},"geometry":{"type":"LineString","coordinates":[[-1.32203,50.85196],[-1.32071,50.85149],[-1.31584,50.85035]]}},{"type":"Feature","properties":{},"geometry":{"type":"LineString","coordinates":[[-5.02134,50.55021],[-5.02441,50.55025],[-5.02471,50.551],[-5.02624,50.55098],[-5.02755,50.5515],[-5.03009,50.55056],[-5.03282,50.55045],[-5.03684,50.54922]]}},{"type":"Feature","properties":{},"geometry":{"type":"LineString","coordinates":[[-4.99161,50.54321],[-4.99229,50.54327],[-4.99525,50.54134],[-4.99522,50.54064],[-4.99826,50.54028],[-5.00212,50.54087],[-5.00358,50.5418],[-5.00476,50.54437],[-5.00343,50.54497],[-5.00349,50.54641],[-5.00605,50.54636],[-5.00938,50.54549],[-5.01255,50.54502],[-5.01364,50.54529],[-5.01515,50.54402],[-5.01589,50.54391],[-5.01697,50.54493],[-5.01928,50.54529],[-5.0218,50.54824],[-5.02213,50.54957],[-5.02134,50.55021]]}},{"type":"Feature","properties":{},"geometry":{"type":"LineString","coordinates":[[-1.36811,50.88302],[-1.36653,50.88178],[-1.36518,50.88005]]}},{"type":"Feature","properties":{},"geometry":{"type":"LineString","coordinates":[[-1.35196,50.8702],[-1.3496,50.86857],[-1.3444,50.86567],[-1.34021,50.86317]]}},{"type":"Feature","properties":{},"geometry":{"type":"LineString","coordinates":[[-1.34021,50.86317],[-1.33874,50.86238],[-1.33501,50.85915],[-1.33222,50.8572],[-1.32967,50.85606],[-1.32484,50.85336]]}},{"type":"Feature","properties":{},"geometry":{"type":"LineString","coordinates":[[-4.95667,50.56293],[-4.95823,50.5619],[-4.96145,50.5604],[-4.9622,50.55938],[-4.96375,50.55919],[-4.96577,50.55835],[-4.96982,50.55873],[-4.97087,50.55765],[-4.97224,50.55762]]}},{"type":"Feature","properties":{},"geometry":{"type":"LineString","coordinates":[[-4.94673,50.56447],[-4.94549,50.5673],[-4.94468,50.56861],[-4.94546,50.56896],[-4.94758,50.56882],[-4.94961,50.56936],[-4.95218,50.56918],[-4.95351,50.56867],[-4.95398,50.56796],[-4.95591,50.56749]]}},{"type":"Feature","properties":{},"geometry":{"type":"LineString","coordinates":[[-4.95591,50.56749],[-4.95622,50.56616]]}},{"type":"Feature","properties":{},"geometry":{"type":"LineString","coordinates":[[-4.95698,50.56445],[-4.95453,50.56306],[-4.95667,50.56293]]}},{"type":"Feature","properties":{},"geometry":{"type":"LineString","coordinates":[[-4.95622,50.56616],[-4.95698,50.56445]]}},{"type":"Feature","properties":{},"geometry":{"type":"LineString","coordinates":[[-4.93507,50.58725],[-4.93544,50.58671]]}},{"type":"Feature","properties":{},"geometry":{"type":"LineString","coordinates":[[-4.87463,50.58762],[-4.87503,50.58739]]}},{"type":"Feature","properties":{},"geometry":{"type":"LineString","coordinates":[[-4.89773,50.58519],[-4.89912,50.5843],[-4.90274,50.58537],[-4.90426,50.58491],[-4.90848,50.58461],[-4.90943,50.58599]]}},{"type":"Feature","properties":{},"geometry":{"type":"LineString","coordinates":[[-4.92546,50.59062],[-4.92676,50.58984],[-4.92924,50.58915],[-4.93075,50.58847],[-4.93305,50.58887],[-4.93454,50.588]]}},{"type":"Feature","properties":{},"geometry":{"type":"LineString","coordinates":[[-4.93298,50.58566],[-4.92767,50.58361],[-4.92624,50.58361],[-4.9228,50.58067]]}},{"type":"Feature","properties":{},"geometry":{"type":"LineString","coordinates":[[-4.86993,50.59056],[-4.87202,50.5894],[-4.87275,50.59044]]}},{"type":"Feature","properties":{},"geometry":{"type":"LineString","coordinates":[[-4.93454,50.588],[-4.93507,50.58725]]}},{"type":"Feature","properties":{},"geometry":{"type":"LineString","coordinates":[[-4.92449,50.59091],[-4.92546,50.59062]]}},{"type":"Feature","properties":{},"geometry":{"type":"LineString","coordinates":[[-4.87461,50.58818],[-4.87463,50.58762]]}},{"type":"Feature","properties":{},"geometry":{"type":"LineString","coordinates":[[-4.93544,50.58671],[-4.93387,50.58576],[-4.93298,50.58566]]}},{"type":"Feature","properties":{},"geometry":{"type":"LineString","coordinates":[[-4.87275,50.59044],[-4.87389,50.58947]]}},{"type":"Feature","properties":{},"geometry":{"type":"LineString","coordinates":[[-4.90943,50.58599],[-4.91012,50.58797]]}},{"type":"Feature","properties":{},"geometry":{"type":"LineString","coordinates":[[-4.87389,50.58947],[-4.87366,50.58868],[-4.87461,50.58818]]}},{"type":"Feature","properties":{},"geometry":{"type":"LineString","coordinates":[[-4.87856,50.58672],[-4.87928,50.5862],[-4.88102,50.58653],[-4.88188,50.58615],[-4.88222,50.58486],[-4.88157,50.5844],[-4.88127,50.58312],[-4.88442,50.58366],[-4.88555,50.58287],[-4.88918,50.58235],[-4.89028,50.58386],[-4.89463,50.58479],[-4.89644,50.58579],[-4.89713,50.58555]]}},{"type":"Feature","properties":{},"geometry":{"type":"LineString","coordinates":[[-4.87551,50.58715],[-4.87772,50.58685]]}},{"type":"Feature","properties":{},"geometry":{"type":"LineString","coordinates":[[-4.89713,50.58555],[-4.89773,50.58519]]}},{"type":"Feature","properties":{},"geometry":{"type":"LineString","coordinates":[[-4.87772,50.58685],[-4.87856,50.58672]]}},{"type":"Feature","properties":{},"geometry":{"type":"LineString","coordinates":[[-4.87503,50.58739],[-4.87551,50.58715]]}},{"type":"Feature","properties":{},"geometry":{"type":"LineString","coordinates":[[-4.56168,50.87631],[-4.56063,50.87569],[-4.55854,50.87577],[-4.55806,50.87481],[-4.55861,50.87427],[-4.55919,50.87161],[-4.55845,50.87128],[-4.55852,50.86873],[-4.5576,50.86795],[-4.55718,50.8659],[-4.5572,50.8633],[-4.55634,50.86012],[-4.55654,50.85936],[-4.55625,50.85667],[-4.5561,50.85282],[-4.55683,50.85122],[-4.55679,50.8504],[-4.55512,50.84867],[-4.5556,50.84666],[-4.55558,50.84468],[-4.55639,50.84429],[-4.55597,50.84038],[-4.55637,50.83919],[-4.5556,50.83857],[-4.55587,50.83678],[-4.55395,50.83618],[-4.55442,50.83454],[-4.55351,50.83231],[-4.55227,50.8319],[-4.5519,50.82994],[-4.55255,50.82941],[-4.55523,50.83],[-4.55721,50.82848],[-4.55668,50.82708],[-4.55831,50.82485],[-4.55658,50.82207],[-4.55727,50.82108],[-4.55619,50.8173],[-4.55713,50.8157],[-4.55645,50.81385],[-4.55709,50.81294],[-4.55689,50.81133],[-4.55768,50.81064],[-4.55677,50.80952],[-4.55731,50.80752],[-4.55917,50.80662],[-4.5599,50.80576],[-4.55824,50.80419],[-4.55887,50.80311],[-4.55825,50.80246],[-4.55839,50.80129],[-4.56031,50.80102],[-4.56087,50.80042]]}},{"type":"Feature","properties":{},"geometry":{"type":"LineString","coordinates":[[-4.56227,50.87636],[-4.56168,50.87631]]}},{"type":"Feature","properties":{},"geometry":{"type":"LineString","coordinates":[[-4.28757,50.38844],[-4.28865,50.38767],[-4.28738,50.38611],[-4.28447,50.38443],[-4.28273,50.3815],[-4.28036,50.38027],[-4.2772,50.37815],[-4.27616,50.37712],[-4.27423,50.3767],[-4.27185,50.37754]]}},{"type":"Feature","properties":{},"geometry":{"type":"LineString","coordinates":[[-4.30236,50.40426],[-4.30576,50.40162],[-4.30496,50.39997],[-4.30259,50.3999],[-4.30048,50.39949],[-4.29959,50.39839],[-4.29936,50.39638],[-4.30121,50.39451],[-4.3017,50.39285],[-4.30141,50.39171],[-4.30059,50.39095],[-4.29668,50.3901],[-4.29358,50.3891],[-4.29172,50.39206],[-4.29191,50.39324],[-4.29151,50.39447],[-4.2887,50.39491],[-4.28485,50.39643],[-4.28391,50.39703],[-4.28331,50.39816],[-4.28245,50.39829],[-4.28088,50.40121],[-4.28145,50.40318],[-4.28112,50.40535],[-4.27902,50.40683],[-4.2786,50.40813],[-4.27904,50.40931],[-4.2784,50.41102],[-4.27778,50.4076],[-4.27987,50.405],[-4.28045,50.40295],[-4.27961,50.40092],[-4.28056,50.39915],[-4.28038,50.39867],[-4.28297,50.39606],[-4.28696,50.39426],[-4.28983,50.39253],[-4.29024,50.3906],[-4.28907,50.38798],[-4.28757,50.38844]]}},{"type":"Feature","properties":{},"geometry":{"type":"LineString","coordinates":[[-1.39324,50.88302],[-1.39029,50.88298],[-1.3809,50.88822]]}},{"type":"Feature","properties":{},"geometry":{"type":"LineString","coordinates":[[-1.3809,50.88822],[-1.38063,50.88815]]}},{"type":"Feature","properties":{},"geometry":{"type":"LineString","coordinates":[[-1.39935,50.87597],[-1.39668,50.87764],[-1.39324,50.88302]]}},{"type":"Feature","properties":{},"geometry":{"type":"LineString","coordinates":[[-1.30702,50.81988],[-1.30776,50.82037],[-1.30984,50.81968],[-1.31061,50.81852]]}},{"type":"Feature","properties":{},"geometry":{"type":"LineString","coordinates":[[-1.34122,50.78683],[-1.34051,50.78761],[-1.33797,50.79205],[-1.33594,50.79453],[-1.33313,50.79669],[-1.3306,50.79989]]}},{"type":"Feature","properties":{},"geometry":{"type":"LineString","coordinates":[[-3.7362,50.21233],[-3.73526,50.21258],[-3.73499,50.2106],[-3.73319,50.20968]]}},{"type":"Feature","properties":{},"geometry":{"type":"LineString","coordinates":[[-4.46532,50.37713],[-4.46558,50.37675]]}},{"type":"Feature","properties":{},"geometry":{"type":"LineString","coordinates":[[-4.46558,50.37675],[-4.46516,50.37552],[-4.4643,50.37454],[-4.46173,50.37373],[-4.46005,50.37191],[-4.45968,50.3704],[-4.45742,50.36699],[-4.45739,50.36447],[-4.45639,50.36228],[-4.45677,50.36068],[-4.45659,50.3595],[-4.45579,50.35863],[-4.45546,50.35615],[-4.45459,50.35272],[-4.45394,50.35215]]}},{"type":"Feature","properties":{},"geometry":{"type":"LineString","coordinates":[[-4.48395,50.36438],[-4.48181,50.36474],[-4.47939,50.36294],[-4.47612,50.36333],[-4.47303,50.36332],[-4.46904,50.3636],[-4.46776,50.36285],[-4.46721,50.36089],[-4.46437,50.35902],[-4.46204,50.35875],[-4.45957,50.35931],[-4.45906,50.36149],[-4.45825,50.36233],[-4.45891,50.36472],[-4.45907,50.36628],[-4.46055,50.36737],[-4.46007,50.36809],[-4.46213,50.37269],[-4.46368,50.37359],[-4.46542,50.3741],[-4.46655,50.37516],[-4.46572,50.37592],[-4.46606,50.37686],[-4.46532,50.37713]]}},{"type":"Feature","properties":{},"geometry":{"type":"LineString","coordinates":[[-4.48406,50.36419],[-4.48395,50.36438]]}},{"type":"Feature","properties":{},"geometry":{"type":"LineString","coordinates":[[-1.31584,50.85035],[-1.31439,50.84997],[-1.31361,50.8491],[-1.31137,50.84883]]}},{"type":"Feature","properties":{},"geometry":{"type":"LineString","coordinates":[[-1.31137,50.84883],[-1.31055,50.84894]]}},{"type":"Feature","properties":{},"geometry":{"type":"LineString","coordinates":[[-4.90417,50.19577],[-4.90383,50.19623]]}},{"type":"Feature","properties":{},"geometry":{"type":"LineString","coordinates":[[-4.90383,50.19623],[-4.90574,50.19579]]}},{"type":"Feature","properties":{},"geometry":{"type":"LineString","coordinates":[[-4.90617,50.19544],[-4.90532,50.1948],[-4.90417,50.19577]]}},{"type":"Feature","properties":{},"geometry":{"type":"LineString","coordinates":[[-4.90574,50.19579],[-4.90617,50.19544]]}},{"type":"Feature","properties":{},"geometry":{"type":"LineString","coordinates":[[-4.85049,50.53333],[-4.84831,50.53224],[-4.84914,50.53099],[-4.84858,50.53076],[-4.84857,50.5301],[-4.84808,50.52883],[-4.84782,50.52713],[-4.84817,50.52678],[-4.84579,50.52503],[-4.84027,50.52195],[-4.83554,50.51796],[-4.83603,50.51759],[-4.8383,50.5192],[-4.84083,50.52132],[-4.84796,50.52503],[-4.84984,50.52648],[-4.85236,50.52793],[-4.85474,50.52877],[-4.86007,50.52926]]}},{"type":"Feature","properties":{},"geometry":{"type":"LineString","coordinates":[[-4.84968,50.23445],[-4.84845,50.23504],[-4.84621,50.23515],[-4.84476,50.23484],[-4.84452,50.23672],[-4.84148,50.23677],[-4.84067,50.23518],[-4.83963,50.2348],[-4.8401,50.23375],[-4.83931,50.23265],[-4.83682,50.23221]]}},{"type":"Feature","properties":{},"geometry":{"type":"LineString","coordinates":[[-4.66318,50.39095],[-4.6633,50.39161],[-4.66225,50.3926],[-4.66223,50.39452],[-4.66256,50.39618],[-4.66437,50.397],[-4.66407,50.39824],[-4.66513,50.39917],[-4.6675,50.39979],[-4.66896,50.40123],[-4.66817,50.40209],[-4.66882,50.40307],[-4.66825,50.40417],[-4.66904,50.40551],[-4.66663,50.40777],[-4.66745,50.41016]]}},{"type":"Feature","properties":{},"geometry":{"type":"LineString","coordinates":[[-4.6631,50.39087],[-4.66318,50.39095]]}},{"type":"Feature","properties":{},"geometry":{"type":"LineString","coordinates":[[-4.64967,50.37707],[-4.65005,50.37748],[-4.65347,50.37855],[-4.65503,50.37943],[-4.65601,50.38041]]}},{"type":"Feature","properties":{},"geometry":{"type":"LineString","coordinates":[[-4.63968,50.3622],[-4.6399,50.36434],[-4.63908,50.36704],[-4.6388,50.37007],[-4.63975,50.37144],[-4.64256,50.37248],[-4.64506,50.37374],[-4.64793,50.3764],[-4.64962,50.37702]]}},{"type":"Feature","properties":{},"geometry":{"type":"LineString","coordinates":[[-4.63961,50.36208],[-4.63968,50.3622]]}},{"type":"Feature","properties":{},"geometry":{"type":"LineString","coordinates":[[-4.64962,50.37702],[-4.64896,50.37632],[-4.65119,50.3755],[-4.65107,50.37635],[-4.64967,50.37707]]}},{"type":"Feature","properties":{},"geometry":{"type":"LineString","coordinates":[[-4.65603,50.38044],[-4.65692,50.38324],[-4.6575,50.38421],[-4.65993,50.38604],[-4.66224,50.38897],[-4.6631,50.39087]]}},{"type":"Feature","properties":{},"geometry":{"type":"LineString","coordinates":[[-4.65601,50.38041],[-4.65603,50.38044]]}},{"type":"Feature","properties":{},"geometry":{"type":"LineString","coordinates":[[-4.639,50.35406],[-4.63903,50.35413]]}},{"type":"Feature","properties":{},"geometry":{"type":"LineString","coordinates":[[-4.63903,50.35413],[-4.63939,50.35701],[-4.63875,50.36009],[-4.63961,50.36208]]}},{"type":"Feature","properties":{},"geometry":{"type":"LineString","coordinates":[[-4.75578,50.33051],[-4.75542,50.33112],[-4.75246,50.3322],[-4.74989,50.33151],[-4.74822,50.33232],[-4.74676,50.3317],[-4.74491,50.33224],[-4.74336,50.33307],[-4.74328,50.33376],[-4.74166,50.33471],[-4.73953,50.33535],[-4.73739,50.33496],[-4.73572,50.33573],[-4.73235,50.33642],[-4.71858,50.33833],[-4.7176,50.33793],[-4.71655,50.33848],[-4.71146,50.33947],[-4.70883,50.34045],[-4.70641,50.34045],[-4.7055,50.34083],[-4.70429,50.34219],[-4.70481,50.34282],[-4.70429,50.34462],[-4.70646,50.34545]]}},{"type":"Feature","properties":{},"geometry":{"type":"LineString","coordinates":[[-2.46951,50.58247],[-2.47137,50.5824],[-2.46968,50.57952],[-2.47103,50.57893]]}},{"type":"Feature","properties":{},"geometry":{"type":"LineString","coordinates":[[-4.19676,50.31807],[-4.19581,50.31838],[-4.19437,50.31797],[-4.19212,50.31785]]}},{"type":"Feature","properties":{},"geometry":{"type":"LineString","coordinates":[[-4.19747,50.31855],[-4.19676,50.31807]]}},{"type":"Feature","properties":{},"geometry":{"type":"LineString","coordinates":[[-4.21605,50.3159],[-4.21251,50.31752],[-4.21,50.31828],[-4.20652,50.31859],[-4.20483,50.31813],[-4.20259,50.31852],[-4.20017,50.3181],[-4.19751,50.31844]]}},{"type":"Feature","properties":{},"geometry":{"type":"LineString","coordinates":[[-4.21837,50.3151],[-4.217,50.31527],[-4.21605,50.3159]]}},{"type":"Feature","properties":{},"geometry":{"type":"LineString","coordinates":[[-4.19751,50.31844],[-4.19747,50.31855]]}},{"type":"Feature","properties":{},"geometry":{"type":"LineString","coordinates":[[-5.04747,50.26252],[-5.04585,50.26098],[-5.04509,50.25822],[-5.04335,50.2564],[-5.04042,50.25487],[-5.0401,50.25447],[-5.04125,50.25305],[-5.0401,50.25145],[-5.03839,50.24996],[-5.03413,50.24959],[-5.03327,50.2489],[-5.03188,50.24656],[-5.03054,50.24522],[-5.0294,50.2446],[-5.02893,50.24344],[-5.02693,50.24326],[-5.02428,50.24474]]}},{"type":"Feature","properties":{},"geometry":{"type":"LineString","coordinates":[[-1.30594,50.5769],[-1.30513,50.57684],[-1.30287,50.5755],[-1.29909,50.57478],[-1.29479,50.57484],[-1.29059,50.57556],[-1.28671,50.57751],[-1.28514,50.57761],[-1.28073,50.57706],[-1.27801,50.57858],[-1.27447,50.57894],[-1.27121,50.57969],[-1.26902,50.5795]]}},{"type":"Feature","properties":{},"geometry":{"type":"LineString","coordinates":[[-1.33947,50.60187],[-1.33525,50.59947],[-1.33158,50.59708],[-1.329,50.59566],[-1.32603,50.59377]]}},{"type":"Feature","properties":{},"geometry":{"type":"LineString","coordinates":[[-1.3667,50.61392],[-1.36518,50.61274],[-1.36375,50.61103],[-1.36198,50.60981],[-1.35895,50.60944],[-1.35485,50.60866],[-1.35463,50.60795],[-1.35258,50.60732],[-1.34556,50.60448],[-1.34006,50.60183],[-1.33947,50.60187]]}},{"type":"Feature","properties":{},"geometry":{"type":"LineString","coordinates":[[-4.41417,50.36309],[-4.41023,50.36415],[-4.40796,50.36411],[-4.40454,50.36368],[-4.39887,50.36358],[-4.39296,50.36322],[-4.39009,50.36386],[-4.3882,50.36461],[-4.38599,50.36419],[-4.37939,50.36238],[-4.37038,50.36091],[-4.36614,50.36014],[-4.36176,50.36018],[-4.35801,50.36139],[-4.35538,50.36178],[-4.35123,50.36124],[-4.34541,50.36087],[-4.34275,50.36049],[-4.3382,50.35949],[-4.33368,50.36127],[-4.33194,50.36232],[-4.32985,50.36181],[-4.32841,50.36194],[-4.32709,50.36156],[-4.32627,50.362],[-4.3247,50.3619],[-4.32308,50.36131],[-4.32145,50.36162],[-4.31984,50.36112],[-4.3173,50.36198],[-4.31573,50.3618],[-4.31469,50.36089],[-4.31358,50.36119],[-4.30776,50.36134],[-4.30574,50.36038],[-4.30384,50.36065],[-4.30144,50.36019],[-4.29999,50.35953],[-4.29893,50.3598]]}},{"type":"Feature","properties":{},"geometry":{"type":"LineString","coordinates":[[-4.22403,50.31651],[-4.22324,50.31623],[-4.22368,50.31514],[-4.22668,50.31411],[-4.22439,50.31159],[-4.22294,50.31131],[-4.22019,50.31254],[-4.22147,50.31399],[-4.21837,50.3151]]}},{"type":"Feature","properties":{},"geometry":{"type":"LineString","coordinates":[[-4.26038,50.34679],[-4.25885,50.3472],[-4.25644,50.34693],[-4.2545,50.34572],[-4.24876,50.34371],[-4.24818,50.34291],[-4.24488,50.34215],[-4.24154,50.34],[-4.23793,50.33814],[-4.2364,50.33764],[-4.23431,50.3365],[-4.23305,50.33534],[-4.22891,50.33331],[-4.22599,50.33121],[-4.22594,50.33048],[-4.22435,50.3298],[-4.22223,50.32825],[-4.2204,50.32612],[-4.22001,50.32231],[-4.22177,50.32185],[-4.22712,50.31914],[-4.2263,50.31806],[-4.22344,50.31711],[-4.22403,50.31651]]}},{"type":"Feature","properties":{},"geometry":{"type":"LineString","coordinates":[[-4.64088,50.33155],[-4.64023,50.33177]]}},{"type":"Feature","properties":{},"geometry":{"type":"LineString","coordinates":[[-4.63193,50.33871],[-4.63245,50.3396],[-4.63364,50.33994],[-4.63312,50.34165],[-4.63112,50.34464],[-4.63316,50.34542],[-4.63578,50.34566],[-4.63727,50.34643],[-4.63794,50.34768],[-4.63714,50.35135],[-4.63773,50.35258],[-4.639,50.35406]]}},{"type":"Feature","properties":{},"geometry":{"type":"LineString","coordinates":[[-4.64023,50.33177],[-4.63767,50.33277],[-4.63652,50.33402]]}},{"type":"Feature","properties":{},"geometry":{"type":"LineString","coordinates":[[-4.64752,50.32687],[-4.64698,50.32678]]}},{"type":"Feature","properties":{},"geometry":{"type":"LineString","coordinates":[[-4.64698,50.32678],[-4.64628,50.32764],[-4.64497,50.32807],[-4.64512,50.32903],[-4.64356,50.32923],[-4.64231,50.33051]]}},{"type":"Feature","properties":{},"geometry":{"type":"LineString","coordinates":[[-4.62235,50.32436],[-4.62003,50.32398],[-4.61563,50.32475]]}},{"type":"Feature","properties":{},"geometry":{"type":"LineString","coordinates":[[-4.63607,50.32561],[-4.63506,50.32503],[-4.63407,50.32537],[-4.63313,50.32434],[-4.63079,50.32424],[-4.62942,50.32464],[-4.62824,50.32433]]}},{"type":"Feature","properties":{},"geometry":{"type":"LineString","coordinates":[[-4.62824,50.32433],[-4.62449,50.32405],[-4.62383,50.32466],[-4.62235,50.32436]]}},{"type":"Feature","properties":{},"geometry":{"type":"LineString","coordinates":[[-4.64119,50.33156],[-4.64088,50.33155]]}},{"type":"Feature","properties":{},"geometry":{"type":"LineString","coordinates":[[-4.64231,50.33051],[-4.64119,50.33156]]}},{"type":"Feature","properties":{},"geometry":{"type":"LineString","coordinates":[[-4.62498,50.33472],[-4.62317,50.33572],[-4.61898,50.33558]]}},{"type":"Feature","properties":{},"geometry":{"type":"LineString","coordinates":[[-4.63652,50.33402],[-4.63405,50.33498],[-4.63193,50.33871]]}},{"type":"Feature","properties":{},"geometry":{"type":"LineString","coordinates":[[-4.63002,50.33908],[-4.6296,50.33787],[-4.62992,50.33699],[-4.62953,50.33599],[-4.62966,50.33454]]}},{"type":"Feature","properties":{},"geometry":{"type":"LineString","coordinates":[[-4.68227,50.32741],[-4.6823,50.32719]]}},{"type":"Feature","properties":{},"geometry":{"type":"LineString","coordinates":[[-4.68243,50.33707],[-4.68222,50.33565],[-4.68273,50.33044],[-4.68218,50.33024],[-4.68227,50.32741]]}},{"type":"Feature","properties":{},"geometry":{"type":"LineString","coordinates":[[-4.6823,50.32719],[-4.68245,50.3266]]}},{"type":"Feature","properties":{},"geometry":{"type":"LineString","coordinates":[[-4.68289,50.32572],[-4.68243,50.32557],[-4.6824,50.32308],[-4.68304,50.32138],[-4.68387,50.32103]]}},{"type":"Feature","properties":{},"geometry":{"type":"LineString","coordinates":[[-4.68245,50.3266],[-4.68289,50.32572]]}},{"type":"Feature","properties":{},"geometry":{"type":"LineString","coordinates":[[-4.6824,50.33744],[-4.68243,50.33707]]}},{"type":"Feature","properties":{},"geometry":{"type":"LineString","coordinates":[[-4.68387,50.32103],[-4.68454,50.32061]]}},{"type":"Feature","properties":{},"geometry":{"type":"LineString","coordinates":[[-4.68454,50.32061],[-4.68479,50.32007],[-4.68129,50.31953],[-4.68113,50.31827],[-4.67863,50.3184],[-4.67659,50.31787],[-4.67589,50.31693],[-4.67543,50.31467]]}},{"type":"Feature","properties":{},"geometry":{"type":"LineString","coordinates":[[-4.67543,50.31467],[-4.67365,50.31447],[-4.67257,50.31387],[-4.67141,50.31475],[-4.67023,50.31507]]}},{"type":"Feature","properties":{},"geometry":{"type":"LineString","coordinates":[[-5.06933,50.16172],[-5.06452,50.16233],[-5.06364,50.16214],[-5.06016,50.16251],[-5.0585,50.16222],[-5.05721,50.1613]]}},{"type":"Feature","properties":{},"geometry":{"type":"LineString","coordinates":[[-5.02415,50.18187],[-5.02123,50.18369],[-5.01832,50.18409]]}},{"type":"Feature","properties":{},"geometry":{"type":"LineString","coordinates":[[-5.07749,50.13292],[-5.07595,50.1335],[-5.07366,50.13391],[-5.0729,50.13436],[-5.07378,50.13541],[-5.07538,50.13577],[-5.07704,50.13771],[-5.07663,50.14042],[-5.07572,50.14084],[-5.07413,50.14066],[-5.07038,50.14207],[-5.06798,50.14437],[-5.06553,50.14524],[-5.06367,50.14546],[-5.06136,50.14621],[-5.05766,50.14776],[-5.05602,50.14819],[-5.05316,50.14845],[-5.05163,50.14801],[-5.04975,50.14575],[-5.0476,50.14447],[-5.04596,50.14464],[-5.04397,50.14351],[-5.04199,50.14382]]}},{"type":"Feature","properties":{},"geometry":{"type":"LineString","coordinates":[[-5.02072,50.18143],[-5.01984,50.1798],[-5.0199,50.17722],[-5.02096,50.17585],[-5.02225,50.1754],[-5.02336,50.17365],[-5.02342,50.17231],[-5.02221,50.17189],[-5.02196,50.17116],[-5.02266,50.16938],[-5.02388,50.1682],[-5.02343,50.1672],[-5.02418,50.16515],[-5.02516,50.16338],[-5.02744,50.16188],[-5.02795,50.16121],[-5.02887,50.15817],[-5.02762,50.15675],[-5.02675,50.15668],[-5.02639,50.15554],[-5.02511,50.15546],[-5.02475,50.15465],[-5.02337,50.15469]]}},{"type":"Feature","properties":{},"geometry":{"type":"LineString","coordinates":[[-5.04199,50.14382],[-5.04178,50.14418],[-5.04374,50.14603],[-5.04414,50.14792],[-5.04492,50.14965],[-5.04739,50.15026],[-5.04721,50.15143],[-5.04996,50.1533],[-5.05226,50.15322],[-5.05232,50.15371],[-5.0559,50.15363],[-5.05609,50.15537],[-5.05496,50.15568],[-5.05437,50.15679],[-5.05624,50.15687]]}},{"type":"Feature","properties":{},"geometry":{"type":"LineString","coordinates":[[-5.05721,50.1613],[-5.055,50.16159],[-5.05364,50.16228],[-5.04684,50.16829],[-5.04576,50.16964],[-5.04545,50.17104],[-5.04573,50.17225],[-5.04465,50.17387],[-5.04482,50.17511],[-5.04563,50.1758],[-5.05098,50.17735],[-5.05352,50.17719],[-5.05385,50.17821]]}},{"type":"Feature","properties":{},"geometry":{"type":"LineString","coordinates":[[-5.01766,50.14921],[-5.0179,50.1486],[-5.0165,50.14784]]}},{"type":"Feature","properties":{},"geometry":{"type":"LineString","coordinates":[[-4.99635,50.17533],[-4.99415,50.17681],[-4.99114,50.17771],[-4.98945,50.1776],[-4.99281,50.17595],[-4.99333,50.175]]}},{"type":"Feature","properties":{},"geometry":{"type":"LineString","coordinates":[[-4.99711,50.16304],[-4.99572,50.16315],[-4.99376,50.1618],[-4.9926,50.16165],[-4.991,50.16221],[-4.98726,50.16166],[-4.98923,50.16104],[-4.99085,50.16139],[-4.99315,50.16065],[-4.99741,50.16174],[-4.99858,50.16177]]}},{"type":"Feature","properties":{},"geometry":{"type":"LineString","coordinates":[[-5.04426,50.20303],[-5.04564,50.20517],[-5.04764,50.20627],[-5.04734,50.20792],[-5.04397,50.20494],[-5.04292,50.20431],[-5.04042,50.20467],[-5.03834,50.20642],[-5.03782,50.20787],[-5.03678,50.20846],[-5.03591,50.21024],[-5.03669,50.21167],[-5.03629,50.21268],[-5.03315,50.21241],[-5.03246,50.21181],[-5.03278,50.21017],[-5.0311,50.20897],[-5.02966,50.20899],[-5.02831,50.20997],[-5.02735,50.21135],[-5.02833,50.2128],[-5.02856,50.2143],[-5.02772,50.21852],[-5.02809,50.22111],[-5.02946,50.22208],[-5.03348,50.22203],[-5.03491,50.22123],[-5.03729,50.2205],[-5.03852,50.22094],[-5.04104,50.22113],[-5.03096,50.22354],[-5.0321,50.22482],[-5.03451,50.22501],[-5.03536,50.22654],[-5.03653,50.22713],[-5.04007,50.22836],[-5.04086,50.22776],[-5.04367,50.22766],[-5.04037,50.22927],[-5.03824,50.22931],[-5.03723,50.22805],[-5.03498,50.22762],[-5.03321,50.22792],[-5.03417,50.22648],[-5.03046,50.22527],[-5.02902,50.22361],[-5.02781,50.22357],[-5.02566,50.2248],[-5.02255,50.22505],[-5.02069,50.22562],[-5.019,50.22549],[-5.01781,50.22619]]}},{"type":"Feature","properties":{},"geometry":{"type":"LineString","coordinates":[[-4.99333,50.175],[-4.99305,50.17435],[-4.99409,50.17277],[-4.99607,50.17173],[-4.9957,50.17096],[-4.99756,50.16961],[-4.99901,50.16935],[-5.00173,50.16961],[-5.00193,50.16854],[-5.00097,50.16723],[-4.99934,50.16687],[-4.99661,50.16673]]}},{"type":"Feature","properties":{},"geometry":{"type":"LineString","coordinates":[[-5.03494,50.20294],[-5.03147,50.20013],[-5.02989,50.19655],[-5.02922,50.19415],[-5.02962,50.19302],[-5.02845,50.19193],[-5.02778,50.18755],[-5.02798,50.18626],[-5.02751,50.18468],[-5.02615,50.18316],[-5.02578,50.18198],[-5.02415,50.18187]]}},{"type":"Feature","properties":{},"geometry":{"type":"LineString","coordinates":[[-4.99858,50.16177],[-5.00001,50.15954],[-4.99921,50.15798],[-5.00027,50.15674],[-5.00041,50.15589],[-5.00273,50.15388],[-5.00393,50.15338],[-5.00443,50.15258],[-5.00446,50.15042],[-5.0061,50.15128],[-5.00711,50.15072],[-5.00894,50.15151],[-5.00792,50.15287],[-5.0088,50.15389],[-5.01081,50.15376],[-5.01294,50.15164],[-5.0148,50.15051],[-5.01766,50.14921]]}},{"type":"Feature","properties":{},"geometry":{"type":"LineString","coordinates":[[-4.99593,50.16551],[-4.99714,50.16387],[-4.99711,50.16304]]}},{"type":"Feature","properties":{},"geometry":{"type":"LineString","coordinates":[[-5.05673,50.19452],[-5.05481,50.19795],[-5.05377,50.19857],[-5.05329,50.19994],[-5.04982,50.20254],[-5.04827,50.20294],[-5.04426,50.20303]]}},{"type":"Feature","properties":{},"geometry":{"type":"LineString","coordinates":[[-5.06492,50.20271],[-5.06307,50.20206],[-5.06111,50.20045],[-5.0588,50.19949],[-5.05792,50.19836],[-5.05805,50.19677],[-5.05911,50.19468],[-5.05995,50.19385],[-5.05877,50.19329],[-5.05673,50.19452]]}},{"type":"Feature","properties":{},"geometry":{"type":"LineString","coordinates":[[-4.99661,50.16673],[-4.99577,50.16694],[-4.99453,50.16806],[-4.99339,50.16731],[-4.99593,50.16551]]}},{"type":"Feature","properties":{},"geometry":{"type":"LineString","coordinates":[[-5.07007,50.20566],[-5.06806,50.20672],[-5.06767,50.20751],[-5.06751,50.20949],[-5.06669,50.21055]]}},{"type":"Feature","properties":{},"geometry":{"type":"LineString","coordinates":[[-5.02428,50.24474],[-5.02313,50.24646],[-5.02134,50.24806],[-5.02023,50.24813],[-5.01772,50.24921],[-5.01572,50.2504],[-5.01281,50.25075],[-5.01149,50.25145],[-5.01223,50.2533],[-5.01409,50.25532],[-5.0152,50.25549],[-5.01368,50.25703],[-5.01345,50.25816],[-5.01193,50.26059],[-5.01053,50.26189],[-5.01038,50.26318],[-5.00942,50.26495],[-5.00808,50.26604],[-5.00713,50.26751],[-5.00443,50.26889],[-5.0036,50.27006],[-5.00443,50.27062],[-5.00334,50.2733],[-5.00197,50.27422],[-5.00021,50.2748],[-4.99651,50.27682],[-4.99677,50.27592],[-5.00089,50.27369],[-5.00235,50.27119],[-5.00173,50.26935],[-5.00218,50.26838],[-5.00504,50.26635],[-5.00594,50.26408],[-5.00826,50.26051],[-5.0089,50.25865],[-5.00973,50.25801],[-5.01045,50.25637],[-5.01035,50.25435],[-5.00909,50.25388],[-5.00862,50.25167],[-5.0105,50.24945],[-5.0133,50.24865],[-5.01407,50.24812],[-5.01803,50.24703],[-5.02117,50.24582],[-5.02153,50.24491]]}},{"type":"Feature","properties":{},"geometry":{"type":"LineString","coordinates":[[-5.03922,50.24916],[-5.04141,50.25231],[-5.0426,50.2526],[-5.04694,50.25873],[-5.04617,50.2607],[-5.04733,50.26171],[-5.04747,50.26252]]}},{"type":"Feature","properties":{},"geometry":{"type":"LineString","coordinates":[[-5.01781,50.22619],[-5.01871,50.22917],[-5.01866,50.23026],[-5.02078,50.23264],[-5.02185,50.23304],[-5.02,50.23644],[-5.01586,50.24041],[-5.01659,50.24153],[-5.0182,50.2421],[-5.0223,50.24305],[-5.02601,50.24179]]}},{"type":"Feature","properties":{},"geometry":{"type":"LineString","coordinates":[[-5.02153,50.24491],[-5.01978,50.24465],[-5.01729,50.24467],[-5.01385,50.24315],[-5.01249,50.24172],[-5.0124,50.23993],[-5.01399,50.23782],[-5.01532,50.23651],[-5.01633,50.23436],[-5.01597,50.23172],[-5.01497,50.23097],[-5.01496,50.23013],[-5.01343,50.2301],[-5.01479,50.22886],[-5.01424,50.22753]]}},{"type":"Feature","properties":{},"geometry":{"type":"LineString","coordinates":[[-5.03566,50.2462],[-5.03715,50.24626],[-5.03998,50.24584],[-5.04284,50.24681],[-5.04662,50.24756],[-5.05111,50.24758],[-5.05103,50.24833],[-5.04904,50.24833],[-5.04673,50.24901],[-5.04359,50.24791],[-5.04029,50.248],[-5.03922,50.24916]]}},{"type":"Feature","properties":{},"geometry":{"type":"LineString","coordinates":[[-5.01424,50.22753],[-5.01119,50.22887],[-5.00891,50.22886],[-5.00608,50.22829],[-5.00439,50.22635],[-5.00186,50.22519],[-4.99961,50.22526],[-4.99909,50.2257],[-4.99541,50.22655],[-4.99296,50.22617],[-4.9905,50.22719],[-4.9884,50.22762],[-4.98677,50.2284],[-4.98509,50.22872],[-4.98594,50.23093],[-4.9858,50.23176],[-4.98431,50.23284],[-4.98323,50.23207],[-4.98201,50.22968],[-4.98359,50.22707],[-4.98597,50.22608],[-4.98875,50.22529],[-4.9951,50.22461],[-4.99843,50.22347],[-5.00403,50.22342],[-5.0054,50.22234],[-5.00636,50.2224],[-5.006,50.22412],[-5.00694,50.22484],[-5.00865,50.22688],[-5.00972,50.22691],[-5.01299,50.2251],[-5.01541,50.22326],[-5.0175,50.22236],[-5.02117,50.22225],[-5.02282,50.22271],[-5.02437,50.22067],[-5.02455,50.21889],[-5.02547,50.21747],[-5.02481,50.21698],[-5.02514,50.21448],[-5.02461,50.21251],[-5.02331,50.21149],[-5.02442,50.21121],[-5.02443,50.20993],[-5.02554,50.20835],[-5.02791,50.20681],[-5.02952,50.20621],[-5.02975,50.20507],[-5.03111,50.20567],[-5.03391,50.20521],[-5.03501,50.20425],[-5.03494,50.20294]]}},{"type":"Feature","properties":{},"geometry":{"type":"LineString","coordinates":[[-5.02601,50.24179],[-5.02756,50.24103],[-5.02898,50.23929],[-5.03069,50.23818],[-5.03145,50.23826],[-5.03188,50.23977],[-5.0304,50.24038],[-5.03013,50.2419]]}},{"type":"Feature","properties":{},"geometry":{"type":"LineString","coordinates":[[-5.03013,50.2419],[-5.03321,50.24308],[-5.03567,50.24375],[-5.03583,50.24455],[-5.03506,50.24579],[-5.03566,50.2462]]}},{"type":"Feature","properties":{},"geometry":{"type":"LineString","coordinates":[[-0.986,50.82039],[-0.98576,50.8207],[-0.98683,50.8229]]}},{"type":"Feature","properties":{},"geometry":{"type":"LineString","coordinates":[[-0.98683,50.8229],[-0.986,50.82039]]}},{"type":"Feature","properties":{},"geometry":{"type":"LineString","coordinates":[[-2.91045,50.73376],[-2.90455,50.73354],[-2.90111,50.73307],[-2.8977,50.73302],[-2.89433,50.73273]]}},{"type":"Feature","properties":{},"geometry":{"type":"LineString","coordinates":[[-4.63508,50.37116],[-4.63548,50.37029],[-4.63362,50.36694],[-4.63352,50.36553],[-4.63395,50.36363],[-4.6359,50.36146],[-4.63598,50.36007],[-4.62967,50.35845],[-4.6277,50.35822],[-4.62373,50.35976],[-4.62252,50.35987],[-4.62029,50.35935],[-4.6168,50.3581],[-4.6131,50.35808],[-4.6085,50.35952],[-4.60827,50.35906],[-4.61165,50.35798],[-4.61462,50.35739],[-4.61759,50.35761],[-4.61991,50.35857],[-4.62238,50.35892],[-4.62453,50.35775],[-4.62802,50.35722],[-4.63254,50.35793],[-4.63398,50.35835],[-4.63575,50.35835],[-4.6365,50.35598],[-4.63605,50.35528],[-4.63567,50.35262],[-4.6348,50.35033],[-4.63475,50.34905],[-4.63606,50.34752],[-4.63564,50.34691],[-4.63227,50.34693],[-4.63108,50.34656],[-4.62834,50.3476],[-4.62794,50.34686],[-4.62978,50.34552],[-4.62904,50.34497],[-4.62904,50.34378],[-4.63151,50.34126],[-4.63003,50.33917]]}},{"type":"Feature","properties":{},"geometry":{"type":"LineString","coordinates":[[-4.45117,50.35044],[-4.45147,50.3505]]}},{"type":"Feature","properties":{},"geometry":{"type":"LineString","coordinates":[[-4.45394,50.35215],[-4.45295,50.35182],[-4.45177,50.35264],[-4.44935,50.353],[-4.44829,50.35425],[-4.44643,50.35484],[-4.44343,50.35742],[-4.43977,50.35937],[-4.43791,50.35961],[-4.43639,50.36107],[-4.43295,50.36082],[-4.43001,50.3615],[-4.42747,50.36182],[-4.42239,50.36176],[-4.41818,50.36213],[-4.41611,50.36284],[-4.41417,50.36309]]}},{"type":"Feature","properties":{},"geometry":{"type":"LineString","coordinates":[[-4.55215,50.32553],[-4.55146,50.32431],[-4.55032,50.32405],[-4.54891,50.32433],[-4.5473,50.32409],[-4.54687,50.32476],[-4.54416,50.32485],[-4.54307,50.32412],[-4.53987,50.32463],[-4.53864,50.32395],[-4.53407,50.32468],[-4.53371,50.325]]}},{"type":"Feature","properties":{},"geometry":{"type":"LineString","coordinates":[[-4.53371,50.325],[-4.53188,50.32485],[-4.53014,50.32545]]}},{"type":"Feature","properties":{},"geometry":{"type":"LineString","coordinates":[[-4.49971,50.33214],[-4.49975,50.33229]]}},{"type":"Feature","properties":{},"geometry":{"type":"LineString","coordinates":[[-4.49975,50.33229],[-4.49913,50.33318],[-4.49973,50.33406],[-4.49919,50.33581],[-4.49764,50.33738],[-4.49631,50.33687],[-4.49405,50.33722],[-4.49267,50.33682],[-4.49159,50.33538],[-4.48836,50.33525],[-4.48559,50.33572],[-4.48475,50.33504],[-4.48233,50.33419],[-4.48172,50.33447],[-4.48007,50.33384]]}},{"type":"Feature","properties":{},"geometry":{"type":"LineString","coordinates":[[-4.50246,50.33056],[-4.49971,50.33214]]}},{"type":"Feature","properties":{},"geometry":{"type":"LineString","coordinates":[[-1.10619,50.80397],[-1.1079,50.80401],[-1.10784,50.80631],[-1.10636,50.80616]]}},{"type":"Feature","properties":{},"geometry":{"type":"LineString","coordinates":[[-1.10636,50.80616],[-1.10773,50.80692],[-1.11152,50.80695],[-1.11161,50.80276],[-1.11099,50.80273]]}},{"type":"Feature","properties":{},"geometry":{"type":"LineString","coordinates":[[-1.10616,50.80519],[-1.10618,50.80416]]}},{"type":"Feature","properties":{},"geometry":{"type":"LineString","coordinates":[[-1.10608,50.80601],[-1.10615,50.80539]]}},{"type":"Feature","properties":{},"geometry":{"type":"LineString","coordinates":[[-1.10615,50.80539],[-1.10616,50.80519]]}},{"type":"Feature","properties":{},"geometry":{"type":"LineString","coordinates":[[-1.10618,50.80416],[-1.10619,50.80397]]}},{"type":"Feature","properties":{},"geometry":{"type":"LineString","coordinates":[[-1.11101,50.80255],[-1.11176,50.80255],[-1.11171,50.80092]]}},{"type":"Feature","properties":{},"geometry":{"type":"LineString","coordinates":[[-1.11099,50.80273],[-1.11101,50.80255]]}},{"type":"Feature","properties":{},"geometry":{"type":"LineString","coordinates":[[-1.11171,50.80092],[-1.1108,50.80113],[-1.10971,50.79996]]}},{"type":"Feature","properties":{},"geometry":{"type":"LineString","coordinates":[[-1.10775,50.79866],[-1.10687,50.79732],[-1.10584,50.79683]]}},{"type":"Feature","properties":{},"geometry":{"type":"LineString","coordinates":[[-1.1116,50.80054],[-1.11125,50.79855],[-1.10898,50.79934]]}},{"type":"Feature","properties":{},"geometry":{"type":"LineString","coordinates":[[-1.10898,50.79934],[-1.10775,50.79866]]}},{"type":"Feature","properties":{},"geometry":{"type":"LineString","coordinates":[[-1.14944,50.77798],[-1.14518,50.77485],[-1.14361,50.7739],[-1.14188,50.77326],[-1.13929,50.77332]]}},{"type":"Feature","properties":{},"geometry":{"type":"LineString","coordinates":[[-1.17015,50.78566],[-1.16778,50.78574],[-1.16395,50.78513],[-1.16009,50.78395],[-1.15806,50.78315],[-1.15396,50.78122],[-1.15167,50.77975],[-1.14944,50.77798]]}},{"type":"Feature","properties":{},"geometry":{"type":"LineString","coordinates":[[-1.10534,50.80841],[-1.10535,50.80793]]}},{"type":"Feature","properties":{},"geometry":{"type":"LineString","coordinates":[[-1.10536,50.80762],[-1.10368,50.80705]]}},{"type":"Feature","properties":{},"geometry":{"type":"LineString","coordinates":[[-1.09368,50.80846],[-1.09409,50.80858]]}},{"type":"Feature","properties":{},"geometry":{"type":"LineString","coordinates":[[-1.10535,50.80793],[-1.10536,50.80762]]}},{"type":"Feature","properties":{},"geometry":{"type":"LineString","coordinates":[[-1.10369,50.8065],[-1.10369,50.80628]]}},{"type":"Feature","properties":{},"geometry":{"type":"LineString","coordinates":[[-1.10533,50.80872],[-1.10534,50.80841]]}},{"type":"Feature","properties":{},"geometry":{"type":"LineString","coordinates":[[-1.10371,50.80595],[-1.10371,50.80573]]}},{"type":"Feature","properties":{},"geometry":{"type":"LineString","coordinates":[[-1.09409,50.80858],[-1.09419,50.80859]]}},{"type":"Feature","properties":{},"geometry":{"type":"LineString","coordinates":[[-1.10368,50.80705],[-1.10369,50.80683]]}},{"type":"Feature","properties":{},"geometry":{"type":"LineString","coordinates":[[-1.09057,50.81134],[-1.09115,50.80908],[-1.09368,50.80846]]}},{"type":"Feature","properties":{},"geometry":{"type":"LineString","coordinates":[[-1.10369,50.80683],[-1.10369,50.8065]]}},{"type":"Feature","properties":{},"geometry":{"type":"LineString","coordinates":[[-1.10369,50.80628],[-1.10371,50.80595]]}},{"type":"Feature","properties":{},"geometry":{"type":"LineString","coordinates":[[-1.09419,50.80859],[-1.09465,50.80884],[-1.104,50.81047],[-1.10625,50.80882],[-1.10533,50.80872]]}},{"type":"Feature","properties":{},"geometry":{"type":"LineString","coordinates":[[-1.10371,50.80573],[-1.10608,50.80601]]}},{"type":"Feature","properties":{},"geometry":{"type":"LineString","coordinates":[[-1.07433,50.83685],[-1.07586,50.83699],[-1.07827,50.83626],[-1.07901,50.83286],[-1.08039,50.8321],[-1.08125,50.83095],[-1.0835,50.83008],[-1.08386,50.82912],[-1.08331,50.82798],[-1.0839,50.82545],[-1.08454,50.8248],[-1.08608,50.82501],[-1.08617,50.826],[-1.08777,50.82669],[-1.09016,50.82655],[-1.09201,50.8278],[-1.09325,50.82807],[-1.09492,50.82702],[-1.0979,50.82668],[-1.09919,50.82705],[-1.10016,50.8266],[-1.0994,50.8247],[-1.09732,50.82302],[-1.0951,50.82324],[-1.09381,50.82306],[-1.09247,50.81967],[-1.09084,50.81675],[-1.09112,50.81474],[-1.09463,50.81224],[-1.09436,50.81115],[-1.09057,50.81134]]}},{"type":"Feature","properties":{},"geometry":{"type":"LineString","coordinates":[[-1.04421,50.83172],[-1.04488,50.83086],[-1.04924,50.83254],[-1.05088,50.83262],[-1.05471,50.83333],[-1.05826,50.83491],[-1.06283,50.8358],[-1.0673,50.83624],[-1.07117,50.8364],[-1.07145,50.8367],[-1.07433,50.83685]]}},{"type":"Feature","properties":{},"geometry":{"type":"LineString","coordinates":[[-1.07436,50.83696],[-1.07104,50.8369],[-1.061,50.83584],[-1.05812,50.83515],[-1.05281,50.83352],[-1.0484,50.83362],[-1.04468,50.83401],[-1.04396,50.83382],[-1.04404,50.83218]]}},{"type":"Feature","properties":{},"geometry":{"type":"LineString","coordinates":[[-1.04404,50.83218],[-1.04345,50.8337],[-1.04142,50.83436],[-1.0386,50.83463],[-1.03616,50.83532],[-1.03615,50.83347],[-1.03492,50.82936],[-1.03166,50.82876],[-1.03058,50.82769],[-1.02838,50.82781],[-1.02767,50.82687],[-1.02478,50.82646],[-1.0229,50.83037],[-1.02445,50.83155],[-1.02367,50.83314]]}},{"type":"Feature","properties":{},"geometry":{"type":"LineString","coordinates":[[-1.10891,50.79031],[-1.1073,50.78973],[-1.10562,50.78843],[-1.10396,50.78777],[-1.1019,50.78649],[-1.1015,50.78537]]}},{"type":"Feature","properties":{},"geometry":{"type":"LineString","coordinates":[[-1.13375,50.77604],[-1.13027,50.77851]]}},{"type":"Feature","properties":{},"geometry":{"type":"LineString","coordinates":[[-1.13027,50.77851],[-1.1275,50.7806],[-1.1251,50.78213]]}},{"type":"Feature","properties":{},"geometry":{"type":"LineString","coordinates":[[-1.15177,50.7312],[-1.15321,50.73198]]}},{"type":"Feature","properties":{},"geometry":{"type":"LineString","coordinates":[[-1.16061,50.73311],[-1.16277,50.73324],[-1.16422,50.73276],[-1.17166,50.73323],[-1.17607,50.73392],[-1.17915,50.7341],[-1.18164,50.73332],[-1.1827,50.73326]]}},{"type":"Feature","properties":{},"geometry":{"type":"LineString","coordinates":[[-4.20863,50.4958],[-4.21041,50.49636],[-4.21386,50.49704],[-4.21974,50.49795],[-4.22095,50.49713],[-4.2199,50.4939],[-4.22116,50.49146],[-4.2226,50.49041],[-4.22337,50.48935],[-4.22212,50.48743],[-4.21789,50.48445],[-4.21731,50.48347],[-4.21685,50.47715],[-4.21837,50.47431],[-4.21973,50.47397],[-4.22441,50.47156],[-4.22646,50.47081],[-4.23178,50.4681],[-4.23431,50.46732],[-4.23641,50.46577],[-4.23762,50.463],[-4.23755,50.46124],[-4.23626,50.45915],[-4.23436,50.45773],[-4.23232,50.45694],[-4.22893,50.45719],[-4.22724,50.45826],[-4.22759,50.45943],[-4.22753,50.46336],[-4.22593,50.46521],[-4.22459,50.46719],[-4.22276,50.46807],[-4.21882,50.46891],[-4.21623,50.46846],[-4.21311,50.46638],[-4.21298,50.46573],[-4.21043,50.46374],[-4.20878,50.46217],[-4.20759,50.46046],[-4.20566,50.45856],[-4.20431,50.45806],[-4.20234,50.45647],[-4.20168,50.45484],[-4.19867,50.4534],[-4.19516,50.45438],[-4.19358,50.45457],[-4.19544,50.45264],[-4.19867,50.45288],[-4.2003,50.45349],[-4.20039,50.45148],[-4.19976,50.44909],[-4.19855,50.44772],[-4.19816,50.44641],[-4.19887,50.44559],[-4.19766,50.44424],[-4.19494,50.44252],[-4.1935,50.44208],[-4.19128,50.44093],[-4.19111,50.4402],[-4.19234,50.43841],[-4.19225,50.43719],[-4.19093,50.4359],[-4.19081,50.43527]]}},{"type":"Feature","properties":{},"geometry":{"type":"LineString","coordinates":[[-4.20769,50.51307],[-4.20903,50.51311],[-4.20989,50.51409],[-4.20923,50.51579],[-4.20728,50.51729],[-4.20652,50.51908],[-4.2059,50.51894]]}},{"type":"Feature","properties":{},"geometry":{"type":"LineString","coordinates":[[-4.20759,50.51332],[-4.20325,50.51377],[-4.2019,50.51358],[-4.20146,50.51214],[-4.20232,50.5089],[-4.20231,50.50687],[-4.20302,50.50499],[-4.2026,50.50326],[-4.2002,50.50272],[-4.19674,50.50306],[-4.19398,50.50312],[-4.19231,50.50619],[-4.1913,50.50711],[-4.18711,50.50841],[-4.18522,50.50851],[-4.18401,50.50806],[-4.18099,50.50452],[-4.18005,50.50268],[-4.18038,50.50096],[-4.18293,50.49957],[-4.18585,50.4994],[-4.18941,50.49832],[-4.19149,50.49836],[-4.19346,50.49872],[-4.19478,50.49837],[-4.19389,50.49702],[-4.19321,50.49506],[-4.19485,50.49318],[-4.19994,50.49199],[-4.20372,50.4922],[-4.20494,50.49276],[-4.20739,50.49526],[-4.20863,50.4958]]}},{"type":"Feature","properties":{},"geometry":{"type":"LineString","coordinates":[[-0.8608,50.80376],[-0.86171,50.80448],[-0.86432,50.80559],[-0.86404,50.80617],[-0.86641,50.8073],[-0.86934,50.80836],[-0.86955,50.80735],[-0.87141,50.80744],[-0.87238,50.80791],[-0.87595,50.80754],[-0.8776,50.80772],[-0.88186,50.80568],[-0.88395,50.80319],[-0.88549,50.80362],[-0.88706,50.80248],[-0.8874,50.80171]]}},{"type":"Feature","properties":{},"geometry":{"type":"LineString","coordinates":[[-0.85356,50.80243],[-0.85574,50.80299],[-0.85937,50.80273],[-0.86054,50.80288],[-0.8608,50.80376]]}},{"type":"Feature","properties":{},"geometry":{"type":"LineString","coordinates":[[-0.8874,50.80171],[-0.89063,50.79992],[-0.8915,50.79828],[-0.89219,50.79476],[-0.89279,50.79265],[-0.89449,50.79018],[-0.89874,50.78909],[-0.90007,50.79],[-0.90113,50.78974],[-0.90333,50.78761],[-0.90423,50.78584],[-0.90383,50.78482],[-0.90402,50.78338],[-0.90521,50.78196],[-0.90636,50.7816],[-0.90747,50.78208],[-0.90918,50.78194]]}},{"type":"Feature","properties":{},"geometry":{"type":"LineString","coordinates":[[-0.91172,50.78631],[-0.90873,50.78723],[-0.91102,50.78864],[-0.91247,50.78876],[-0.91252,50.78966]]}},{"type":"Feature","properties":{},"geometry":{"type":"LineString","coordinates":[[-0.91046,50.8042],[-0.91079,50.80616],[-0.91008,50.80679],[-0.9093,50.80911],[-0.90948,50.81316],[-0.90792,50.81584],[-0.90776,50.81687],[-0.90889,50.82001],[-0.90969,50.82113],[-0.90826,50.82271],[-0.90989,50.82329],[-0.91189,50.82713]]}},{"type":"Feature","properties":{},"geometry":{"type":"LineString","coordinates":[[-0.97786,50.83311],[-0.97797,50.83152],[-0.97976,50.83032],[-0.98134,50.83005],[-0.98242,50.83093]]}},{"type":"Feature","properties":{},"geometry":{"type":"LineString","coordinates":[[-0.9792,50.83546],[-0.97911,50.836],[-0.98034,50.83705],[-0.97997,50.83907],[-0.97863,50.83949],[-0.97709,50.84141],[-0.97465,50.84225],[-0.97235,50.84237],[-0.97045,50.84207],[-0.96724,50.84113]]}},{"type":"Feature","properties":{},"geometry":{"type":"LineString","coordinates":[[-0.93614,50.78499],[-0.9359,50.78594],[-0.9365,50.78684],[-0.93907,50.78755],[-0.94114,50.78674],[-0.93866,50.78606],[-0.93676,50.78467],[-0.93697,50.78263],[-0.93785,50.78288],[-0.9397,50.7846]]}},{"type":"Feature","properties":{},"geometry":{"type":"LineString","coordinates":[[-1.08783,50.69508],[-1.09367,50.69577]]}},{"type":"Feature","properties":{},"geometry":{"type":"LineString","coordinates":[[-1.15126,50.83481],[-1.15133,50.83487]]}},{"type":"Feature","properties":{},"geometry":{"type":"LineString","coordinates":[[-1.15133,50.83487],[-1.15243,50.83574],[-1.15681,50.83756],[-1.15751,50.83834],[-1.15937,50.83811]]}},{"type":"Feature","properties":{},"geometry":{"type":"LineString","coordinates":[[-1.09335,50.69341],[-1.09675,50.69081],[-1.0983,50.69038],[-1.09997,50.69094],[-1.10245,50.69225],[-1.10828,50.6935],[-1.10908,50.69344]]}},{"type":"Feature","properties":{},"geometry":{"type":"LineString","coordinates":[[-1.09914,50.70148],[-1.09819,50.70284],[-1.09808,50.70635],[-1.10083,50.70663],[-1.10196,50.70821]]}},{"type":"Feature","properties":{},"geometry":{"type":"LineString","coordinates":[[-1.21958,50.73884],[-1.22397,50.7402],[-1.22654,50.7414]]}},{"type":"Feature","properties":{},"geometry":{"type":"LineString","coordinates":[[-1.28858,50.76278],[-1.29074,50.76247]]}},{"type":"Feature","properties":{},"geometry":{"type":"LineString","coordinates":[[-1.29611,50.76179],[-1.29628,50.76211]]}},{"type":"Feature","properties":{},"geometry":{"type":"LineString","coordinates":[[-1.50042,50.70687],[-1.50119,50.70706]]}},{"type":"Feature","properties":{},"geometry":{"type":"LineString","coordinates":[[-1.50651,50.70588],[-1.50857,50.70578],[-1.51572,50.70698]]}},{"type":"Feature","properties":{},"geometry":{"type":"LineString","coordinates":[[-1.06992,50.684],[-1.06992,50.68656],[-1.07104,50.68804],[-1.07486,50.69058]]}},{"type":"Feature","properties":{},"geometry":{"type":"LineString","coordinates":[[-1.3926,50.77691],[-1.39275,50.77804],[-1.39365,50.77807],[-1.39728,50.7764],[-1.3975,50.77737],[-1.39918,50.77769],[-1.40681,50.78133],[-1.41191,50.78325],[-1.41268,50.78368],[-1.41318,50.78599],[-1.41401,50.78718],[-1.41212,50.78892],[-1.41208,50.7901],[-1.4111,50.79154],[-1.41248,50.7945],[-1.41318,50.79871],[-1.41486,50.79956],[-1.41711,50.79921],[-1.41995,50.79913],[-1.42201,50.79975],[-1.42337,50.80057],[-1.42437,50.80239],[-1.42116,50.8046],[-1.42058,50.80537],[-1.42355,50.80527],[-1.42736,50.80575],[-1.42936,50.80658],[-1.4306,50.80754],[-1.43159,50.8091],[-1.43367,50.80849]]}},{"type":"Feature","properties":{},"geometry":{"type":"LineString","coordinates":[[-1.53478,50.70041],[-1.53429,50.7],[-1.53403,50.69758],[-1.53338,50.69689],[-1.53394,50.69366],[-1.53479,50.69227],[-1.53768,50.68997],[-1.53902,50.68924],[-1.54175,50.68887]]}},{"type":"Feature","properties":{},"geometry":{"type":"LineString","coordinates":[[-1.36883,50.78531],[-1.36606,50.78524],[-1.35971,50.78444],[-1.35819,50.78454],[-1.35487,50.78397],[-1.35256,50.78402],[-1.35022,50.78505],[-1.34649,50.78505],[-1.34224,50.78588],[-1.34122,50.78683]]}},{"type":"Feature","properties":{},"geometry":{"type":"LineString","coordinates":[[-1.10584,50.79683],[-1.10884,50.79649],[-1.10716,50.79451]]}},{"type":"Feature","properties":{},"geometry":{"type":"LineString","coordinates":[[-1.10716,50.79451],[-1.10837,50.79395],[-1.10779,50.79238],[-1.10932,50.79267],[-1.1098,50.79183],[-1.10891,50.79031]]}},{"type":"Feature","properties":{},"geometry":{"type":"LineString","coordinates":[[-4.1906,51.05361],[-4.19103,51.05485],[-4.19479,51.05692],[-4.19711,51.05792],[-4.19926,51.05761],[-4.2017,51.05601],[-4.20201,51.05511],[-4.20378,51.05468],[-4.2064,51.05326],[-4.20847,51.05294],[-4.21149,51.05443]]}},{"type":"Feature","properties":{},"geometry":{"type":"LineString","coordinates":[[-5.05644,50.19025],[-5.06045,50.1913],[-5.06276,50.19275],[-5.06328,50.1935],[-5.06342,50.19616],[-5.06604,50.19672],[-5.0671,50.19763],[-5.06955,50.19889],[-5.07206,50.19974],[-5.07352,50.19972],[-5.0739,50.20167],[-5.07574,50.2029],[-5.07578,50.20538],[-5.07878,50.2065],[-5.08079,50.2065],[-5.08259,50.20617],[-5.0841,50.20631],[-5.08749,50.20705],[-5.08944,50.20707],[-5.09224,50.20644],[-5.095,50.20709],[-5.09334,50.20818],[-5.09503,50.20848],[-5.09663,50.20921],[-5.09588,50.20971],[-5.09167,50.20932],[-5.08946,50.20939],[-5.08581,50.20898],[-5.08512,50.20955],[-5.08311,50.20971],[-5.08175,50.20943],[-5.08093,50.20838]]}},{"type":"Feature","properties":{},"geometry":{"type":"LineString","coordinates":[[-4.85003,50.59857],[-4.85094,50.59772],[-4.8509,50.59699],[-4.85447,50.59669],[-4.85754,50.5953],[-4.85696,50.59418],[-4.85982,50.5932],[-4.86139,50.59303],[-4.86443,50.59336],[-4.86483,50.59416],[-4.86776,50.5943],[-4.86889,50.59541],[-4.87006,50.59535],[-4.87211,50.59347],[-4.87163,50.59189],[-4.87216,50.59098]]}},{"type":"Feature","properties":{},"geometry":{"type":"LineString","coordinates":[[-4.8244,50.59536],[-4.82535,50.59532],[-4.82286,50.59325],[-4.82598,50.594],[-4.82708,50.59491],[-4.83032,50.59571],[-4.83273,50.595],[-4.83242,50.59216],[-4.83425,50.59276],[-4.83504,50.59391],[-4.83522,50.59578],[-4.83759,50.59596],[-4.84039,50.59462],[-4.84174,50.59346],[-4.84228,50.59475],[-4.84343,50.59436],[-4.84424,50.59574],[-4.84654,50.59578],[-4.84747,50.59833],[-4.84941,50.59882],[-4.85003,50.59857]]}},{"type":"Feature","properties":{},"geometry":{"type":"LineString","coordinates":[[-4.87216,50.59098],[-4.86993,50.59056]]}},{"type":"Feature","properties":{},"geometry":{"type":"LineString","coordinates":[[-4.70561,50.69034],[-4.7061,50.68919],[-4.70367,50.68856],[-4.70315,50.68743],[-4.70515,50.68654]]}},{"type":"Feature","properties":{},"geometry":{"type":"LineString","coordinates":[[-4.70153,50.69258],[-4.69947,50.69186],[-4.70176,50.69027],[-4.70246,50.69063],[-4.70473,50.69079],[-4.70561,50.69034]]}},{"type":"Feature","properties":{},"geometry":{"type":"LineString","coordinates":[[-4.56087,50.80042],[-4.55799,50.7995],[-4.55697,50.79859],[-4.55684,50.79657],[-4.5572,50.79602],[-4.55703,50.79386],[-4.55792,50.7907],[-4.55822,50.78823],[-4.56037,50.78435],[-4.5613,50.78376],[-4.56127,50.78265],[-4.56197,50.78131],[-4.56501,50.78019],[-4.56672,50.77903],[-4.56757,50.77755],[-4.57234,50.77694],[-4.57513,50.77274],[-4.57577,50.77219],[-4.57768,50.77161],[-4.57926,50.77176],[-4.58411,50.77166]]}},{"type":"Feature","properties":{},"geometry":{"type":"LineString","coordinates":[[-4.58411,50.77166],[-4.58369,50.77105],[-4.58456,50.76998],[-4.5871,50.76916],[-4.59019,50.76627],[-4.59294,50.76606],[-4.59685,50.76487],[-4.59885,50.76454],[-4.60418,50.76422],[-4.60675,50.76307],[-4.60955,50.76257],[-4.61386,50.76029],[-4.61498,50.75925],[-4.6149,50.75754],[-4.61545,50.75716],[-4.61795,50.75665],[-4.61729,50.75512],[-4.61859,50.75402],[-4.61785,50.75298],[-4.61981,50.75137],[-4.62134,50.75111],[-4.62443,50.7499],[-4.6287,50.75033],[-4.63193,50.75015],[-4.63473,50.74871],[-4.63435,50.74742],[-4.63679,50.74566],[-4.63851,50.7459],[-4.63975,50.74568]]}},{"type":"Feature","properties":{},"geometry":{"type":"LineString","coordinates":[[-1.93254,50.63215],[-1.9311,50.63431],[-1.92912,50.63664],[-1.92753,50.63745],[-1.92727,50.63847],[-1.92617,50.63908],[-1.92529,50.64099],[-1.92412,50.64187]]}},{"type":"Feature","properties":{},"geometry":{"type":"LineString","coordinates":[[-4.47676,50.33313],[-4.47623,50.33306]]}},{"type":"Feature","properties":{},"geometry":{"type":"LineString","coordinates":[[-4.47623,50.33306],[-4.47432,50.33291],[-4.47238,50.33337],[-4.47127,50.33464]]}},{"type":"Feature","properties":{},"geometry":{"type":"LineString","coordinates":[[-4.48007,50.33384],[-4.47799,50.33371],[-4.47676,50.33313]]}},{"type":"Feature","properties":{},"geometry":{"type":"LineString","coordinates":[[-4.47127,50.33464],[-4.47126,50.3347]]}},{"type":"Feature","properties":{},"geometry":{"type":"LineString","coordinates":[[-4.47126,50.3347],[-4.47287,50.33664],[-4.47317,50.33849],[-4.4694,50.33989],[-4.463,50.34156],[-4.4602,50.34134],[-4.45856,50.34239],[-4.45851,50.34327],[-4.457,50.34408],[-4.45248,50.34485],[-4.45115,50.3471],[-4.45058,50.34896],[-4.45117,50.35044]]}},{"type":"Feature","properties":{},"geometry":{"type":"LineString","coordinates":[[-4.2059,50.51894],[-4.20727,50.51676],[-4.2091,50.5154],[-4.20944,50.51405],[-4.20759,50.51332]]}},{"type":"Feature","properties":{},"geometry":{"type":"LineString","coordinates":[[-2.03085,50.71566],[-2.02776,50.71523],[-2.02498,50.7137],[-2.02331,50.71341],[-2.02191,50.71266],[-2.01931,50.71224],[-2.017,50.71127],[-2.01302,50.7105],[-2.00684,50.71036],[-2.00442,50.70993],[-2.00204,50.71091],[-2.00076,50.71084]]}},{"type":"Feature","properties":{},"geometry":{"type":"LineString","coordinates":[[-2.73943,50.70224],[-2.73276,50.69921],[-2.72821,50.69776]]}},{"type":"Feature","properties":{},"geometry":{"type":"LineString","coordinates":[[-4.63893,50.74448],[-4.63747,50.7437],[-4.63569,50.74332],[-4.634,50.74243],[-4.63461,50.74092],[-4.63731,50.74087],[-4.6382,50.73948],[-4.64153,50.73812],[-4.64408,50.73828],[-4.64669,50.73898],[-4.64705,50.73944],[-4.64931,50.73952],[-4.65155,50.73928],[-4.65266,50.7398],[-4.654,50.73932],[-4.6534,50.73853],[-4.65097,50.73804],[-4.6506,50.73698],[-4.6519,50.73667],[-4.65125,50.73422],[-4.64946,50.73184],[-4.65019,50.73053],[-4.6494,50.72892],[-4.64981,50.727],[-4.6529,50.72417],[-4.65418,50.72341],[-4.65565,50.72322]]}},{"type":"Feature","properties":{},"geometry":{"type":"LineString","coordinates":[[-5.42723,50.10047],[-5.42793,50.09998],[-5.42815,50.09875],[-5.42721,50.09831],[-5.42464,50.09878],[-5.42288,50.09862],[-5.4195,50.09887],[-5.41825,50.10074],[-5.41609,50.09952],[-5.41507,50.0997],[-5.41475,50.10103],[-5.415,50.10207],[-5.41393,50.10296]]}},{"type":"Feature","properties":{},"geometry":{"type":"LineString","coordinates":[[-5.45998,50.12034],[-5.45762,50.11909],[-5.45424,50.11825],[-5.45389,50.11792],[-5.45327,50.11489],[-5.45356,50.11397],[-5.45081,50.11355],[-5.45045,50.1122],[-5.44874,50.11223],[-5.4481,50.11076],[-5.44428,50.11278],[-5.4412,50.11199],[-5.44026,50.11111],[-5.43643,50.10894],[-5.43471,50.10854],[-5.4343,50.1078],[-5.43464,50.10656],[-5.43128,50.10518],[-5.42935,50.10553],[-5.42829,50.10488],[-5.42813,50.10221],[-5.42693,50.10119],[-5.42723,50.10047]]}},{"type":"Feature","properties":{},"geometry":{"type":"LineString","coordinates":[[-5.47365,50.12318],[-5.47191,50.12295],[-5.46822,50.1235]]}},{"type":"Feature","properties":{},"geometry":{"type":"LineString","coordinates":[[-5.46822,50.1235],[-5.46645,50.12355],[-5.46319,50.12324],[-5.46054,50.12204],[-5.45998,50.12034]]}},{"type":"Feature","properties":{},"geometry":{"type":"LineString","coordinates":[[-5.13565,50.09111],[-5.13553,50.0934],[-5.13408,50.09472],[-5.1348,50.09553],[-5.13819,50.0942],[-5.13818,50.09581],[-5.13995,50.09658],[-5.14353,50.0958],[-5.14518,50.09573],[-5.1485,50.09513],[-5.15099,50.09398]]}},{"type":"Feature","properties":{},"geometry":{"type":"LineString","coordinates":[[-5.09935,50.08856],[-5.09827,50.08859],[-5.09481,50.08792],[-5.09302,50.08805],[-5.09252,50.08891],[-5.09267,50.08994],[-5.09373,50.09056],[-5.09576,50.09024],[-5.09731,50.09067],[-5.09893,50.09054],[-5.10034,50.09113],[-5.10093,50.09211],[-5.10278,50.09282],[-5.1053,50.09458],[-5.10705,50.09436],[-5.10902,50.0934],[-5.11067,50.09436],[-5.11273,50.09497],[-5.11422,50.09468],[-5.11584,50.09497],[-5.11745,50.09603],[-5.11947,50.09629],[-5.1258,50.09607],[-5.12855,50.09488],[-5.1306,50.09347],[-5.1322,50.09288],[-5.13401,50.09317],[-5.13515,50.09246],[-5.13565,50.09111]]}},{"type":"Feature","properties":{},"geometry":{"type":"LineString","coordinates":[[-5.12288,50.09942],[-5.12197,50.09986],[-5.1216,50.1011],[-5.12035,50.10208],[-5.11819,50.10241],[-5.11673,50.10335],[-5.11509,50.10379],[-5.11428,50.10304],[-5.1117,50.10397],[-5.10842,50.1031],[-5.10664,50.10238],[-5.10506,50.10246],[-5.10449,50.10195]]}},{"type":"Feature","properties":{},"geometry":{"type":"LineString","coordinates":[[-5.15387,50.09834],[-5.15208,50.09903],[-5.15004,50.09899],[-5.14833,50.09804],[-5.14564,50.09793],[-5.14364,50.09885],[-5.14224,50.10085],[-5.14074,50.10241],[-5.14162,50.10443],[-5.14163,50.10542],[-5.14065,50.10685],[-5.13846,50.10848],[-5.13628,50.10964],[-5.13739,50.11116],[-5.13417,50.10946],[-5.13065,50.11021],[-5.13194,50.10892],[-5.13509,50.10839],[-5.13948,50.10593],[-5.14016,50.10447],[-5.13961,50.10362],[-5.13836,50.10377],[-5.13801,50.10238],[-5.13902,50.10098],[-5.13811,50.10029],[-5.13708,50.10071],[-5.13548,50.1007],[-5.13343,50.1],[-5.1301,50.09957],[-5.12805,50.10022],[-5.12762,50.09984],[-5.12475,50.09905],[-5.12288,50.09942]]}},{"type":"Feature","properties":{},"geometry":{"type":"LineString","coordinates":[[-5.10449,50.10195],[-5.10404,50.10138]]}},{"type":"Feature","properties":{},"geometry":{"type":"LineString","coordinates":[[-5.10404,50.10138],[-5.10311,50.10097],[-5.10239,50.09988],[-5.10147,50.09964],[-5.09869,50.09998],[-5.0961,50.1021],[-5.09386,50.10291],[-5.09179,50.10282],[-5.09065,50.10378],[-5.08712,50.10743],[-5.08662,50.10833],[-5.08483,50.10955],[-5.08321,50.10906],[-5.08166,50.10944],[-5.08138,50.11068],[-5.08478,50.1117],[-5.08622,50.11149],[-5.09033,50.11376],[-5.09136,50.11494],[-5.09126,50.1167],[-5.09015,50.1177]]}},{"type":"Feature","properties":{},"geometry":{"type":"LineString","coordinates":[[-5.09015,50.1177],[-5.09006,50.11815]]}},{"type":"Feature","properties":{},"geometry":{"type":"LineString","coordinates":[[-0.91543,50.77984],[-0.912,50.77771],[-0.90665,50.77474],[-0.90324,50.77334],[-0.89939,50.77206],[-0.88698,50.76889],[-0.88546,50.7684]]}},{"type":"Feature","properties":{},"geometry":{"type":"LineString","coordinates":[[-0.88546,50.7684],[-0.88237,50.76761],[-0.87256,50.76491],[-0.86706,50.76325]]}},{"type":"Feature","properties":{},"geometry":{"type":"LineString","coordinates":[[-4.76713,50.25694],[-4.76937,50.25711],[-4.77066,50.25809],[-4.77336,50.25811],[-4.77398,50.25867],[-4.77551,50.25856],[-4.77794,50.25907],[-4.78047,50.2601],[-4.78215,50.26154],[-4.78471,50.26149],[-4.78571,50.26243],[-4.78368,50.26324],[-4.78453,50.26551],[-4.78293,50.26592],[-4.7819,50.26683],[-4.78276,50.26809],[-4.78199,50.26925]]}},{"type":"Feature","properties":{},"geometry":{"type":"LineString","coordinates":[[-3.90244,50.27952],[-3.90116,50.27772],[-3.9,50.27806],[-3.9001,50.27884],[-3.89742,50.27898],[-3.8972,50.27986],[-3.8982,50.28069],[-3.90058,50.28119],[-3.90191,50.28046],[-3.90244,50.27952]]}},{"type":"Feature","properties":{},"geometry":{"type":"LineString","coordinates":[[-4.78262,50.26942],[-4.78275,50.26976],[-4.78388,50.26992],[-4.7835,50.27057],[-4.78456,50.27337],[-4.78426,50.27415]]}},{"type":"Feature","properties":{},"geometry":{"type":"LineString","coordinates":[[-4.78199,50.26925],[-4.7831,50.26842]]}},{"type":"Feature","properties":{},"geometry":{"type":"LineString","coordinates":[[-4.58636,50.3319],[-4.58517,50.33222],[-4.58165,50.33136],[-4.58006,50.33216],[-4.5788,50.33236],[-4.57623,50.33192],[-4.57445,50.33055],[-4.57007,50.32957],[-4.56909,50.32891],[-4.56276,50.32792],[-4.56094,50.32747],[-4.55867,50.32766],[-4.55799,50.32645],[-4.55696,50.32605]]}},{"type":"Feature","properties":{},"geometry":{"type":"LineString","coordinates":[[-4.55696,50.32605],[-4.55551,50.32559],[-4.55373,50.32577]]}},{"type":"Feature","properties":{},"geometry":{"type":"LineString","coordinates":[[-4.55373,50.32577],[-4.55349,50.32555]]}},{"type":"Feature","properties":{},"geometry":{"type":"LineString","coordinates":[[-4.59358,50.32798],[-4.59246,50.32832],[-4.59096,50.3295],[-4.59067,50.33045],[-4.58913,50.3305],[-4.58757,50.3318],[-4.58636,50.3319]]}},{"type":"Feature","properties":{},"geometry":{"type":"LineString","coordinates":[[-4.55349,50.32555],[-4.55215,50.32553]]}},{"type":"Feature","properties":{},"geometry":{"type":"LineString","coordinates":[[-4.76203,50.32425],[-4.76326,50.32611],[-4.7627,50.32683],[-4.76004,50.32856],[-4.7582,50.32875],[-4.75669,50.32936],[-4.75687,50.33055],[-4.75578,50.33051]]}},{"type":"Feature","properties":{},"geometry":{"type":"LineString","coordinates":[[-4.76416,50.30026],[-4.7622,50.30051],[-4.76134,50.29951],[-4.75952,50.29859],[-4.75826,50.29969],[-4.75609,50.30015],[-4.75575,50.29899],[-4.75334,50.29799],[-4.75255,50.2986]]}},{"type":"Feature","properties":{},"geometry":{"type":"LineString","coordinates":[[-4.75255,50.2986],[-4.75338,50.29992],[-4.75538,50.3011],[-4.75562,50.3021],[-4.75525,50.30379],[-4.75441,50.30404],[-4.75429,50.30571],[-4.75535,50.30678],[-4.75803,50.30724],[-4.76086,50.30817],[-4.76351,50.31034],[-4.76323,50.31161],[-4.76457,50.31306],[-4.76478,50.31422],[-4.76378,50.31568],[-4.76531,50.3161],[-4.76573,50.317],[-4.76558,50.31851],[-4.76658,50.3192],[-4.7669,50.32094],[-4.76607,50.32175],[-4.76683,50.32221],[-4.76507,50.32425],[-4.76203,50.32425]]}},{"type":"Feature","properties":{},"geometry":{"type":"LineString","coordinates":[[-1.10908,50.69344],[-1.10728,50.69393],[-1.10244,50.69725],[-1.10103,50.6966],[-1.10044,50.69532],[-1.09893,50.69468]]}},{"type":"Feature","properties":{},"geometry":{"type":"LineString","coordinates":[[-4.72832,50.67928],[-4.72871,50.6783],[-4.72845,50.67708],[-4.73171,50.67417],[-4.73153,50.67358],[-4.73486,50.67182],[-4.73557,50.67237],[-4.73837,50.67257],[-4.73849,50.67402],[-4.74027,50.67485],[-4.74032,50.67639],[-4.74269,50.67612],[-4.74454,50.67638],[-4.74698,50.67497],[-4.74583,50.67388],[-4.74453,50.67372],[-4.7443,50.67288],[-4.74561,50.67242],[-4.74761,50.67119],[-4.74822,50.67191],[-4.74996,50.67217],[-4.75183,50.67135]]}},{"type":"Feature","properties":{},"geometry":{"type":"LineString","coordinates":[[-4.79164,50.60247],[-4.79372,50.60185],[-4.79379,50.60059],[-4.79707,50.5996],[-4.79744,50.59845],[-4.80109,50.59791],[-4.80183,50.59819],[-4.80456,50.59767],[-4.8088,50.59749],[-4.81024,50.5966]]}},{"type":"Feature","properties":{},"geometry":{"type":"LineString","coordinates":[[-5.54002,50.07514],[-5.53946,50.07602],[-5.53992,50.0768],[-5.53949,50.07825],[-5.53839,50.07866]]}},{"type":"Feature","properties":{},"geometry":{"type":"LineString","coordinates":[[-5.29691,50.07001],[-5.29097,50.06546],[-5.28808,50.06341],[-5.2858,50.06133],[-5.28394,50.05996],[-5.28059,50.05643],[-5.27888,50.05416],[-5.27924,50.05308]]}},{"type":"Feature","properties":{},"geometry":{"type":"LineString","coordinates":[[-5.62949,50.04745],[-5.62876,50.04758]]}},{"type":"Feature","properties":{},"geometry":{"type":"LineString","coordinates":[[-5.69445,50.05452],[-5.69255,50.05363],[-5.69405,50.05268],[-5.69413,50.05168],[-5.69489,50.05101],[-5.69233,50.04959],[-5.69075,50.04948],[-5.68843,50.04858],[-5.6882,50.04763],[-5.68926,50.04536],[-5.69039,50.04522],[-5.69043,50.04392],[-5.68673,50.04274],[-5.68786,50.04206],[-5.68631,50.04064],[-5.68527,50.04013],[-5.68371,50.04015],[-5.68198,50.0393],[-5.68333,50.03825],[-5.68462,50.03787],[-5.6816,50.03655],[-5.68021,50.03555]]}},{"type":"Feature","properties":{},"geometry":{"type":"LineString","coordinates":[[-5.41393,50.10296],[-5.41154,50.10394]]}},{"type":"Feature","properties":{},"geometry":{"type":"LineString","coordinates":[[-5.26334,50.0324],[-5.26585,50.03152],[-5.26499,50.02893],[-5.26323,50.02703],[-5.26124,50.026],[-5.25821,50.02368],[-5.25672,50.02412],[-5.25577,50.02355],[-5.25662,50.02211],[-5.2559,50.02147],[-5.25774,50.02013]]}},{"type":"Feature","properties":{},"geometry":{"type":"LineString","coordinates":[[-5.26097,50.03421],[-5.26153,50.03303],[-5.26334,50.0324]]}},{"type":"Feature","properties":{},"geometry":{"type":"LineString","coordinates":[[-4.88565,50.22051],[-4.88438,50.22246],[-4.88297,50.22405],[-4.88058,50.22365],[-4.87944,50.22411],[-4.8759,50.22489],[-4.87608,50.22595],[-4.87518,50.22748]]}},{"type":"Feature","properties":{},"geometry":{"type":"LineString","coordinates":[[-4.89695,50.21293],[-4.89583,50.21302],[-4.89457,50.21441],[-4.89337,50.21504],[-4.89363,50.21603],[-4.89289,50.21703],[-4.89036,50.21879],[-4.88889,50.21821],[-4.88675,50.22067],[-4.88569,50.22047]]}},{"type":"Feature","properties":{},"geometry":{"type":"LineString","coordinates":[[-4.86165,50.23533],[-4.86141,50.23497],[-4.85796,50.23519],[-4.85679,50.23453],[-4.85557,50.23512],[-4.85385,50.2354],[-4.85224,50.23523],[-4.84968,50.23445]]}},{"type":"Feature","properties":{},"geometry":{"type":"LineString","coordinates":[[-4.63975,50.74568],[-4.63893,50.74448]]}},{"type":"Feature","properties":{},"geometry":{"type":"LineString","coordinates":[[-4.61563,50.32475],[-4.61415,50.32588],[-4.6135,50.32754],[-4.6081,50.32886],[-4.60363,50.32873],[-4.60338,50.3279],[-4.60119,50.32693],[-4.60235,50.32573],[-4.60188,50.32433],[-4.59837,50.32391],[-4.59708,50.32467],[-4.59695,50.32608],[-4.59485,50.32784],[-4.59358,50.32798]]}},{"type":"Feature","properties":{},"geometry":{"type":"LineString","coordinates":[[-1.94891,50.68308],[-1.94691,50.68277]]}},{"type":"Feature","properties":{},"geometry":{"type":"LineString","coordinates":[[-1.9498,50.68015],[-1.95013,50.6802]]}},{"type":"Feature","properties":{},"geometry":{"type":"LineString","coordinates":[[-0.9136,50.80273],[-0.91343,50.80347],[-0.91136,50.80322],[-0.91046,50.8042]]}},{"type":"Feature","properties":{},"geometry":{"type":"LineString","coordinates":[[-1.24493,50.74858],[-1.24646,50.74983]]}},{"type":"Feature","properties":{},"geometry":{"type":"LineString","coordinates":[[-1.24022,50.74356],[-1.24171,50.74592],[-1.24493,50.74858]]}},{"type":"Feature","properties":{},"geometry":{"type":"LineString","coordinates":[[-1.40985,50.71653],[-1.40918,50.71512],[-1.40717,50.71457],[-1.40555,50.7134]]}},{"type":"Feature","properties":{},"geometry":{"type":"LineString","coordinates":[[-1.41177,50.71196],[-1.41022,50.71073],[-1.40843,50.71048],[-1.40697,50.70954]]}},{"type":"Feature","properties":{},"geometry":{"type":"LineString","coordinates":[[-1.40697,50.70954],[-1.40934,50.70977],[-1.41251,50.71061],[-1.41296,50.71044],[-1.41314,50.70807],[-1.41263,50.70767]]}},{"type":"Feature","properties":{},"geometry":{"type":"LineString","coordinates":[[-1.41263,50.70767],[-1.41243,50.70592]]}},{"type":"Feature","properties":{},"geometry":{"type":"LineString","coordinates":[[-3.78141,50.22301],[-3.78067,50.22348]]}},{"type":"Feature","properties":{},"geometry":{"type":"LineString","coordinates":[[-5.21576,49.96046],[-5.21589,49.95953],[-5.21282,49.95922],[-5.21016,49.96001],[-5.20813,49.95956],[-5.20658,49.95879],[-5.20564,49.95907],[-5.20197,49.9591],[-5.19911,49.95992],[-5.19951,49.96056],[-5.19936,49.96203],[-5.19695,49.96297],[-5.19687,49.96392],[-5.19478,49.96342],[-5.19112,49.96172],[-5.19036,49.96161],[-5.18897,49.96268],[-5.18826,49.96242],[-5.1866,49.96289]]}},{"type":"Feature","properties":{},"geometry":{"type":"LineString","coordinates":[[-5.24512,49.98536],[-5.24476,49.98456],[-5.24553,49.98379],[-5.24681,49.98348],[-5.24648,49.98201],[-5.24798,49.98109],[-5.24716,49.98013],[-5.24823,49.97929],[-5.24685,49.97873],[-5.24581,49.97749],[-5.24684,49.9771],[-5.24596,49.97558],[-5.24522,49.97589],[-5.24321,49.97495],[-5.24195,49.97533]]}},{"type":"Feature","properties":{},"geometry":{"type":"LineString","coordinates":[[-5.24195,49.97533],[-5.23892,49.97601],[-5.23721,49.97586],[-5.23607,49.97642],[-5.2345,49.97541],[-5.23169,49.97448],[-5.23008,49.97534],[-5.2291,49.97398],[-5.22804,49.97403],[-5.22593,49.97297],[-5.22588,49.97244],[-5.22246,49.97231],[-5.2206,49.97193],[-5.21868,49.97077],[-5.21726,49.96925],[-5.2175,49.96798],[-5.21594,49.96694],[-5.21632,49.96519],[-5.21587,49.96435],[-5.2169,49.96367],[-5.21598,49.96203],[-5.21576,49.96046]]}},{"type":"Feature","properties":{},"geometry":{"type":"LineString","coordinates":[[-5.1866,49.96289],[-5.18519,49.96393],[-5.18596,49.96467],[-5.18549,49.96605],[-5.18445,49.966],[-5.18371,49.96773],[-5.18515,49.968],[-5.18515,49.96945],[-5.18691,49.96934],[-5.18746,49.97017],[-5.18738,49.97139],[-5.18826,49.97201],[-5.1886,49.9741],[-5.18692,49.97488]]}},{"type":"Feature","properties":{},"geometry":{"type":"LineString","coordinates":[[-5.18692,49.97488],[-5.18629,49.97525],[-5.18599,49.97756],[-5.18549,49.97797],[-5.18617,49.97917],[-5.18517,49.97969],[-5.18475,49.9806],[-5.18246,49.98043],[-5.18066,49.98139],[-5.17983,49.98337],[-5.17979,49.98455],[-5.17904,49.98529],[-5.18014,49.98614],[-5.17936,49.98724],[-5.17784,49.98696],[-5.1764,49.98734],[-5.17536,49.98827],[-5.17291,49.98901],[-5.17258,49.9908],[-5.17033,49.99099],[-5.17019,49.99177],[-5.17152,49.99367],[-5.1716,49.99484]]}},{"type":"Feature","properties":{},"geometry":{"type":"LineString","coordinates":[[-5.1716,49.99484],[-5.17195,49.99727],[-5.1715,49.99841],[-5.16968,49.99898],[-5.169,50.00083],[-5.16753,50.0021],[-5.16656,50.00382],[-5.16322,50.00576],[-5.1621,50.0062],[-5.15984,50.00617],[-5.15751,50.00746],[-5.15557,50.00771]]}},{"type":"Feature","properties":{},"geometry":{"type":"LineString","coordinates":[[-5.15557,50.00771],[-5.15372,50.00703],[-5.1492,50.00672],[-5.14836,50.00727],[-5.14546,50.00797],[-5.142,50.00755],[-5.13834,50.00818],[-5.13547,50.00702],[-5.13466,50.00594],[-5.13249,50.00565],[-5.13328,50.00792],[-5.12806,50.00858],[-5.12592,50.00751],[-5.12256,50.00924],[-5.12132,50.00867]]}},{"type":"Feature","properties":{},"geometry":{"type":"LineString","coordinates":[[-5.12132,50.00867],[-5.12045,50.00834],[-5.11966,50.00697],[-5.1179,50.00638],[-5.11674,50.00676],[-5.11544,50.00654],[-5.11517,50.00503],[-5.11234,50.0028],[-5.11077,50.00301],[-5.10731,50.0048],[-5.10457,50.00497],[-5.10168,50.00414],[-5.10035,50.00508],[-5.10056,50.00564],[-5.09989,50.00742],[-5.09805,50.00843],[-5.09826,50.0091],[-5.09739,50.01094],[-5.0976,50.01251],[-5.09716,50.01399],[-5.09536,50.01596],[-5.09428,50.01599],[-5.09212,50.0152],[-5.0915,50.01637],[-5.09272,50.01646],[-5.0942,50.01721],[-5.09473,50.01807]]}},{"type":"Feature","properties":{},"geometry":{"type":"LineString","coordinates":[[-5.05868,50.05209],[-5.05817,50.0536],[-5.06037,50.05523],[-5.06146,50.05539],[-5.06305,50.05494],[-5.06388,50.05519],[-5.06421,50.05646],[-5.06282,50.05699],[-5.06166,50.05791],[-5.06204,50.05925],[-5.0619,50.0617],[-5.0646,50.06226],[-5.06634,50.06354],[-5.06661,50.06509],[-5.06614,50.06602],[-5.06954,50.06791],[-5.07063,50.06763],[-5.07623,50.06796],[-5.07849,50.06823]]}},{"type":"Feature","properties":{},"geometry":{"type":"LineString","coordinates":[[-5.09473,50.01807],[-5.09605,50.02089],[-5.09444,50.02165],[-5.09344,50.02265],[-5.09538,50.02277],[-5.09735,50.02371],[-5.0974,50.02515],[-5.09673,50.02644],[-5.09395,50.02836],[-5.09172,50.02941],[-5.09149,50.02994],[-5.08949,50.03125],[-5.08557,50.0322],[-5.08345,50.03206],[-5.08177,50.03231],[-5.07828,50.0332],[-5.07775,50.03382],[-5.06978,50.0347],[-5.06881,50.03512],[-5.0681,50.03635],[-5.06941,50.03748],[-5.06965,50.03991],[-5.06891,50.0413],[-5.06697,50.04173],[-5.06745,50.04255],[-5.06596,50.04309],[-5.06562,50.04386],[-5.06644,50.04512],[-5.06687,50.04691],[-5.06619,50.04835],[-5.06489,50.04934],[-5.06471,50.05007],[-5.06111,50.05099],[-5.06006,50.05078],[-5.05868,50.05209]]}},{"type":"Feature","properties":{},"geometry":{"type":"LineString","coordinates":[[-5.07849,50.06823],[-5.07972,50.06909],[-5.07886,50.07027],[-5.07934,50.07299],[-5.07894,50.07408],[-5.07942,50.07629],[-5.07739,50.07725],[-5.077,50.07798],[-5.07767,50.07948]]}},{"type":"Feature","properties":{},"geometry":{"type":"LineString","coordinates":[[-5.09506,50.08609],[-5.099,50.08535],[-5.09997,50.08693],[-5.1014,50.08701],[-5.1045,50.08573],[-5.10703,50.08498],[-5.10924,50.0836],[-5.11186,50.08366],[-5.11397,50.08407],[-5.11702,50.0821],[-5.11729,50.08298],[-5.11491,50.08479],[-5.11291,50.08435],[-5.1105,50.08445],[-5.10867,50.0859],[-5.10716,50.08657],[-5.10399,50.08732]]}},{"type":"Feature","properties":{},"geometry":{"type":"LineString","coordinates":[[-5.07767,50.07948],[-5.07721,50.07933],[-5.07512,50.08216],[-5.07634,50.08286],[-5.07707,50.08411],[-5.07608,50.08561],[-5.07736,50.08572],[-5.07899,50.08459],[-5.07972,50.08345],[-5.08213,50.0832],[-5.08602,50.08441],[-5.08731,50.08572],[-5.09037,50.08617],[-5.09341,50.08592],[-5.09506,50.08609]]}},{"type":"Feature","properties":{},"geometry":{"type":"LineString","coordinates":[[-5.09006,50.11815],[-5.0912,50.11873],[-5.09069,50.11947],[-5.08908,50.1202],[-5.08957,50.12145],[-5.09033,50.12208],[-5.09025,50.12326],[-5.08933,50.12356],[-5.09063,50.12459],[-5.09321,50.12471],[-5.09369,50.12607],[-5.08972,50.12675],[-5.08549,50.12783],[-5.08369,50.12871],[-5.08196,50.1291],[-5.08215,50.13041],[-5.07935,50.13273],[-5.07749,50.13292]]}},{"type":"Feature","properties":{},"geometry":{"type":"LineString","coordinates":[[-1.29628,50.76211],[-1.29768,50.76462]]}},{"type":"Feature","properties":{},"geometry":{"type":"LineString","coordinates":[[-1.22654,50.7414],[-1.22856,50.74202]]}},{"type":"Feature","properties":{},"geometry":{"type":"LineString","coordinates":[[-1.23843,50.74237],[-1.24022,50.74356]]}},{"type":"Feature","properties":{},"geometry":{"type":"LineString","coordinates":[[-1.21544,50.73606],[-1.21503,50.73615]]}},{"type":"Feature","properties":{},"geometry":{"type":"LineString","coordinates":[[-1.21934,50.73499],[-1.2174,50.73593],[-1.21544,50.73606]]}},{"type":"Feature","properties":{},"geometry":{"type":"LineString","coordinates":[[-1.21416,50.73671],[-1.21366,50.73761]]}},{"type":"Feature","properties":{},"geometry":{"type":"LineString","coordinates":[[-1.21503,50.73615],[-1.21484,50.73625]]}},{"type":"Feature","properties":{},"geometry":{"type":"LineString","coordinates":[[-1.21366,50.73761],[-1.21393,50.73803],[-1.21958,50.73884]]}},{"type":"Feature","properties":{},"geometry":{"type":"LineString","coordinates":[[-1.41191,50.72437],[-1.41335,50.72476],[-1.41687,50.72512],[-1.42539,50.72676],[-1.42847,50.72613]]}},{"type":"Feature","properties":{},"geometry":{"type":"LineString","coordinates":[[-1.45331,50.7173],[-1.45482,50.71691]]}},{"type":"Feature","properties":{},"geometry":{"type":"LineString","coordinates":[[-1.50119,50.70706],[-1.50182,50.70668],[-1.50492,50.70672],[-1.50651,50.70588]]}},{"type":"Feature","properties":{},"geometry":{"type":"LineString","coordinates":[[-1.1991,50.73367],[-1.20236,50.73398],[-1.20386,50.73446],[-1.20701,50.73483],[-1.20933,50.73485]]}},{"type":"Feature","properties":{},"geometry":{"type":"LineString","coordinates":[[-1.20933,50.73485],[-1.211,50.73498]]}},{"type":"Feature","properties":{},"geometry":{"type":"LineString","coordinates":[[-1.21949,50.72904],[-1.22057,50.72948],[-1.22169,50.72924],[-1.2233,50.72786]]}},{"type":"Feature","properties":{},"geometry":{"type":"LineString","coordinates":[[-1.211,50.73498],[-1.21261,50.73397]]}},{"type":"Feature","properties":{},"geometry":{"type":"LineString","coordinates":[[-1.22457,50.72655],[-1.22471,50.72501]]}},{"type":"Feature","properties":{},"geometry":{"type":"LineString","coordinates":[[-1.2233,50.72786],[-1.22457,50.72655]]}},{"type":"Feature","properties":{},"geometry":{"type":"LineString","coordinates":[[-1.22471,50.72501],[-1.22504,50.72469]]}},{"type":"Feature","properties":{},"geometry":{"type":"LineString","coordinates":[[-1.37394,50.73509],[-1.37906,50.73416]]}},{"type":"Feature","properties":{},"geometry":{"type":"LineString","coordinates":[[-1.36015,50.73792],[-1.36292,50.73803],[-1.36534,50.7372],[-1.36816,50.73659],[-1.37185,50.73551],[-1.37394,50.73509]]}},{"type":"Feature","properties":{},"geometry":{"type":"LineString","coordinates":[[-1.37906,50.73416],[-1.38117,50.73271],[-1.38631,50.73181],[-1.38944,50.73162],[-1.39155,50.73058]]}},{"type":"Feature","properties":{},"geometry":{"type":"LineString","coordinates":[[-1.09789,50.69644],[-1.09869,50.69911],[-1.09914,50.70148]]}},{"type":"Feature","properties":{},"geometry":{"type":"LineString","coordinates":[[-1.09893,50.69468],[-1.09625,50.69449],[-1.09789,50.69644]]}},{"type":"Feature","properties":{},"geometry":{"type":"LineString","coordinates":[[-1.09409,50.69543],[-1.09462,50.69475],[-1.09348,50.69427],[-1.09335,50.69341]]}},{"type":"Feature","properties":{},"geometry":{"type":"LineString","coordinates":[[-1.09367,50.69577],[-1.09409,50.69543]]}},{"type":"Feature","properties":{},"geometry":{"type":"LineString","coordinates":[[-1.08724,50.695],[-1.08783,50.69508]]}},{"type":"Feature","properties":{},"geometry":{"type":"LineString","coordinates":[[-0.91252,50.78966],[-0.91383,50.78919],[-0.91467,50.78836],[-0.91527,50.78468],[-0.91542,50.78183],[-0.91648,50.78074],[-0.91585,50.78015]]}},{"type":"Feature","properties":{},"geometry":{"type":"LineString","coordinates":[[-0.91585,50.78015],[-0.91543,50.77984]]}},{"type":"Feature","properties":{},"geometry":{"type":"LineString","coordinates":[[-0.93606,50.78015],[-0.93614,50.78499]]}},{"type":"Feature","properties":{},"geometry":{"type":"LineString","coordinates":[[-1.02417,50.79113],[-1.02369,50.78831],[-1.02314,50.78769]]}},{"type":"Feature","properties":{},"geometry":{"type":"LineString","coordinates":[[-1.1505,50.73105],[-1.15177,50.7312]]}},{"type":"Feature","properties":{},"geometry":{"type":"LineString","coordinates":[[-1.15321,50.73198],[-1.15334,50.73254]]}},{"type":"Feature","properties":{},"geometry":{"type":"LineString","coordinates":[[-1.15001,50.73126],[-1.1505,50.73105]]}},{"type":"Feature","properties":{},"geometry":{"type":"LineString","coordinates":[[-1.14849,50.73109],[-1.14985,50.73103]]}},{"type":"Feature","properties":{},"geometry":{"type":"LineString","coordinates":[[-1.1482,50.73073],[-1.14849,50.73109]]}},{"type":"Feature","properties":{},"geometry":{"type":"LineString","coordinates":[[-1.1463,50.7301],[-1.1482,50.73073]]}},{"type":"Feature","properties":{},"geometry":{"type":"LineString","coordinates":[[-1.14624,50.73008],[-1.1463,50.7301]]}},{"type":"Feature","properties":{},"geometry":{"type":"LineString","coordinates":[[-1.14504,50.72956],[-1.14624,50.73008]]}},{"type":"Feature","properties":{},"geometry":{"type":"LineString","coordinates":[[-1.13688,50.72672],[-1.14235,50.72825],[-1.14504,50.72956]]}},{"type":"Feature","properties":{},"geometry":{"type":"LineString","coordinates":[[-1.15334,50.73254],[-1.15347,50.73163],[-1.15518,50.73206],[-1.15556,50.73293],[-1.15767,50.73351],[-1.15795,50.73302],[-1.1601,50.73316]]}},{"type":"Feature","properties":{},"geometry":{"type":"LineString","coordinates":[[-1.16362,50.64658],[-1.16057,50.64925]]}},{"type":"Feature","properties":{},"geometry":{"type":"LineString","coordinates":[[-1.1432,50.65846],[-1.13757,50.66065]]}},{"type":"Feature","properties":{},"geometry":{"type":"LineString","coordinates":[[-1.13757,50.66065],[-1.1343,50.66173]]}},{"type":"Feature","properties":{},"geometry":{"type":"LineString","coordinates":[[-1.12784,50.66337],[-1.12552,50.66392],[-1.12125,50.66465],[-1.1135,50.66561],[-1.11052,50.66575],[-1.10699,50.66529],[-1.103,50.665],[-1.1017,50.6651]]}},{"type":"Feature","properties":{},"geometry":{"type":"LineString","coordinates":[[-1.19691,50.59445],[-1.19628,50.59496],[-1.19181,50.59578],[-1.19033,50.59637],[-1.18727,50.59671],[-1.18547,50.59729],[-1.18381,50.59841],[-1.18191,50.59909]]}},{"type":"Feature","properties":{},"geometry":{"type":"LineString","coordinates":[[-1.18191,50.59909],[-1.17985,50.6004],[-1.17935,50.60146],[-1.17752,50.60313],[-1.17523,50.6069]]}},{"type":"Feature","properties":{},"geometry":{"type":"LineString","coordinates":[[-1.4649,50.65309],[-1.46368,50.65263]]}},{"type":"Feature","properties":{},"geometry":{"type":"LineString","coordinates":[[-1.49301,50.66827],[-1.48802,50.66735],[-1.485,50.66693],[-1.48334,50.66648],[-1.48094,50.66531],[-1.47947,50.66433]]}},{"type":"Feature","properties":{},"geometry":{"type":"LineString","coordinates":[[-1.1601,50.73316],[-1.16061,50.73311]]}},{"type":"Feature","properties":{},"geometry":{"type":"LineString","coordinates":[[-1.10971,50.79996],[-1.11001,50.79985]]}},{"type":"Feature","properties":{},"geometry":{"type":"LineString","coordinates":[[-1.11001,50.79985],[-1.1116,50.80054]]}},{"type":"Feature","properties":{},"geometry":{"type":"LineString","coordinates":[[-1.01035,50.83488],[-1.01162,50.83616],[-1.01327,50.8363],[-1.01486,50.83727],[-1.01523,50.83644],[-1.01269,50.83533],[-1.01035,50.83488]]}},{"type":"Feature","properties":{},"geometry":{"type":"LineString","coordinates":[[-4.63003,50.33917],[-4.63002,50.33908]]}},{"type":"Feature","properties":{},"geometry":{"type":"LineString","coordinates":[[-4.62966,50.33454],[-4.62686,50.33437],[-4.62498,50.33472]]}},{"type":"Feature","properties":{},"geometry":{"type":"LineString","coordinates":[[-4.61898,50.33558],[-4.61709,50.33546],[-4.61611,50.33619],[-4.61342,50.33749],[-4.61112,50.33773]]}},{"type":"Feature","properties":{},"geometry":{"type":"LineString","coordinates":[[-3.55579,50.43258],[-3.55611,50.43262]]}},{"type":"Feature","properties":{},"geometry":{"type":"LineString","coordinates":[[-3.52891,50.45728],[-3.52779,50.45704],[-3.52515,50.45762],[-3.52354,50.4577],[-3.52062,50.45584],[-3.52071,50.45535],[-3.51897,50.45467],[-3.51722,50.45453],[-3.51602,50.45379],[-3.51373,50.45441]]}},{"type":"Feature","properties":{},"geometry":{"type":"LineString","coordinates":[[-3.52275,50.4025],[-3.52365,50.40358],[-3.5257,50.40373],[-3.52827,50.4048],[-3.52949,50.40491]]}},{"type":"Feature","properties":{},"geometry":{"type":"LineString","coordinates":[[-3.55611,50.43262],[-3.55912,50.43319],[-3.5591,50.43547],[-3.55777,50.44023],[-3.55715,50.44108],[-3.55735,50.44194],[-3.55593,50.44492],[-3.55422,50.44712],[-3.55352,50.44755],[-3.55362,50.44854],[-3.55149,50.45153],[-3.54915,50.45233],[-3.54683,50.452],[-3.54498,50.45249],[-3.54388,50.45373],[-3.54495,50.45402],[-3.5452,50.45587],[-3.54426,50.45669]]}},{"type":"Feature","properties":{},"geometry":{"type":"LineString","coordinates":[[-3.52878,50.45766],[-3.53079,50.45885],[-3.53048,50.46094],[-3.52909,50.46085],[-3.52611,50.46014],[-3.52523,50.46128],[-3.52399,50.46093],[-3.52524,50.4592],[-3.52545,50.45766],[-3.52791,50.45717],[-3.52891,50.45728]]}},{"type":"Feature","properties":{},"geometry":{"type":"LineString","coordinates":[[-3.50987,50.51214],[-3.50954,50.51259],[-3.51021,50.5141],[-3.50867,50.51518],[-3.50928,50.51683],[-3.50816,50.51781],[-3.5078,50.51902],[-3.50709,50.51942],[-3.50648,50.5216],[-3.50494,50.52324],[-3.50464,50.52469],[-3.50383,50.52566],[-3.50407,50.52654],[-3.50303,50.52761],[-3.50288,50.52854],[-3.50076,50.53088],[-3.50091,50.53251],[-3.50005,50.53387],[-3.49792,50.53637],[-3.49602,50.5376],[-3.49672,50.53825],[-3.49858,50.53816],[-3.5013,50.53928]]}},{"type":"Feature","properties":{},"geometry":{"type":"LineString","coordinates":[[-1.01491,50.82614],[-1.01386,50.82588],[-1.01253,50.82762],[-1.01499,50.82893],[-1.01656,50.82811]]}},{"type":"Feature","properties":{},"geometry":{"type":"LineString","coordinates":[[-1.00677,50.82347],[-1.00818,50.82331],[-1.00903,50.82394],[-1.00872,50.82486],[-1.00903,50.82628],[-1.01042,50.82564],[-1.01069,50.82387],[-1.00901,50.82235],[-1.00763,50.8219],[-1.00677,50.82347]]}},{"type":"Feature","properties":{},"geometry":{"type":"LineString","coordinates":[[-2.45229,50.51646],[-2.44897,50.51708],[-2.44824,50.51839],[-2.44584,50.51895],[-2.44545,50.5197],[-2.44363,50.52004],[-2.44241,50.5209],[-2.44236,50.52224],[-2.44055,50.52416],[-2.439,50.52505],[-2.43783,50.52707]]}},{"type":"Feature","properties":{},"geometry":{"type":"LineString","coordinates":[[-2.43783,50.52707],[-2.4373,50.53005],[-2.43194,50.53384],[-2.43024,50.53537],[-2.42917,50.53681]]}},{"type":"Feature","properties":{},"geometry":{"type":"LineString","coordinates":[[-1.97281,50.59116],[-1.96856,50.59153],[-1.96597,50.59155],[-1.96126,50.59102],[-1.95976,50.59113],[-1.95858,50.59191]]}},{"type":"Feature","properties":{},"geometry":{"type":"LineString","coordinates":[[-1.95159,50.60214],[-1.95143,50.60293],[-1.94988,50.60495],[-1.94475,50.60686],[-1.94415,50.60754]]}},{"type":"Feature","properties":{},"geometry":{"type":"LineString","coordinates":[[-1.40471,50.71304],[-1.40245,50.71194]]}},{"type":"Feature","properties":{},"geometry":{"type":"LineString","coordinates":[[-1.40255,50.70974],[-1.40294,50.71092],[-1.40432,50.71199],[-1.40814,50.71324],[-1.41085,50.71393]]}},{"type":"Feature","properties":{},"geometry":{"type":"LineString","coordinates":[[-1.41085,50.71393],[-1.41212,50.7136],[-1.41177,50.71196]]}},{"type":"Feature","properties":{},"geometry":{"type":"LineString","coordinates":[[-1.41566,50.72277],[-1.41981,50.7236],[-1.42136,50.72434],[-1.4207,50.72485],[-1.4162,50.72446],[-1.41551,50.7249],[-1.41283,50.72454],[-1.41165,50.72394]]}},{"type":"Feature","properties":{},"geometry":{"type":"LineString","coordinates":[[-1.40555,50.7134],[-1.40471,50.71304]]}},{"type":"Feature","properties":{},"geometry":{"type":"LineString","coordinates":[[-2.03741,50.70733],[-2.03965,50.70717],[-2.04134,50.70647],[-2.04175,50.7044],[-2.04337,50.70287],[-2.04828,50.70103],[-2.05264,50.70057],[-2.0551,50.6995],[-2.05661,50.69714],[-2.05676,50.69603],[-2.058,50.69513],[-2.05822,50.69426],[-2.05949,50.6932],[-2.05934,50.69078],[-2.06272,50.6891],[-2.06324,50.68838]]}},{"type":"Feature","properties":{},"geometry":{"type":"LineString","coordinates":[[-2.06324,50.68838],[-2.06637,50.68736],[-2.0678,50.68736],[-2.07138,50.68679],[-2.07277,50.68753],[-2.07579,50.68789],[-2.07747,50.68708]]}},{"type":"Feature","properties":{},"geometry":{"type":"LineString","coordinates":[[-1.98526,50.67005],[-1.98401,50.67146],[-1.98321,50.67353],[-1.98104,50.67437],[-1.9806,50.67526],[-1.97927,50.67565],[-1.9791,50.67631],[-1.98014,50.67728],[-1.98158,50.6769],[-1.98651,50.67413],[-1.98777,50.67315],[-1.98985,50.67254],[-1.9919,50.67258],[-1.99113,50.67118]]}},{"type":"Feature","properties":{},"geometry":{"type":"LineString","coordinates":[[-1.99113,50.67118],[-1.99315,50.6702],[-1.99353,50.66902],[-1.99325,50.66775],[-1.99494,50.66722]]}},{"type":"Feature","properties":{},"geometry":{"type":"LineString","coordinates":[[-1.34672,50.74481],[-1.34718,50.74341],[-1.34861,50.7421],[-1.35209,50.74043],[-1.3529,50.73941],[-1.35475,50.7386],[-1.35703,50.73836]]}},{"type":"Feature","properties":{},"geometry":{"type":"LineString","coordinates":[[-1.35703,50.73836],[-1.36015,50.73792]]}},{"type":"Feature","properties":{},"geometry":{"type":"LineString","coordinates":[[-2.8365,50.72375],[-2.83062,50.72312],[-2.82562,50.72227],[-2.81947,50.72081],[-2.81697,50.72003],[-2.81438,50.71868],[-2.81247,50.71803],[-2.81056,50.71788],[-2.80715,50.71877],[-2.80482,50.71892],[-2.8016,50.71793],[-2.79866,50.71765],[-2.79513,50.7182],[-2.79195,50.71782],[-2.78029,50.71503],[-2.77434,50.71323]]}},{"type":"Feature","properties":{},"geometry":{"type":"LineString","coordinates":[[-2.44823,50.5571],[-2.44991,50.55571],[-2.45141,50.5527],[-2.45258,50.55117],[-2.4516,50.54968],[-2.45267,50.54699],[-2.45452,50.54564],[-2.45557,50.54449],[-2.45678,50.54228],[-2.45648,50.54158],[-2.455,50.54089],[-2.45385,50.53887],[-2.45462,50.53795],[-2.45515,50.53383],[-2.4563,50.53078],[-2.45618,50.5275],[-2.45567,50.52629],[-2.45603,50.52492],[-2.45822,50.52298],[-2.45922,50.52139]]}},{"type":"Feature","properties":{},"geometry":{"type":"LineString","coordinates":[[-2.31237,50.62565],[-2.3116,50.62575],[-2.30263,50.62499],[-2.29885,50.62426],[-2.29417,50.6231],[-2.29157,50.62274]]}},{"type":"Feature","properties":{},"geometry":{"type":"LineString","coordinates":[[-1.21727,50.73229],[-1.21772,50.73139],[-1.21974,50.72995],[-1.21949,50.72904]]}},{"type":"Feature","properties":{},"geometry":{"type":"LineString","coordinates":[[-0.80109,50.72736],[-0.79546,50.72415],[-0.79379,50.7235],[-0.7891,50.72237],[-0.78561,50.7227],[-0.78541,50.72324],[-0.78284,50.72593],[-0.77656,50.72981],[-0.77404,50.73231],[-0.77221,50.73387],[-0.77026,50.73625],[-0.76677,50.73951],[-0.76641,50.74051],[-0.76349,50.74292],[-0.76268,50.74551],[-0.76245,50.74765],[-0.75811,50.75249],[-0.75552,50.75433],[-0.75119,50.75629],[-0.75016,50.75719],[-0.75263,50.75733],[-0.75445,50.75709]]}},{"type":"Feature","properties":{},"geometry":{"type":"LineString","coordinates":[[-0.72502,50.77213],[-0.71934,50.77373],[-0.714,50.77468],[-0.70737,50.7762],[-0.70269,50.77715],[-0.70153,50.77766],[-0.69387,50.7791],[-0.6883,50.77939],[-0.68321,50.77978],[-0.67664,50.78098],[-0.67417,50.78155],[-0.67024,50.78204],[-0.66357,50.78324],[-0.65668,50.78431],[-0.65426,50.78582],[-0.65323,50.78615],[-0.64813,50.78698],[-0.64365,50.78735],[-0.62856,50.78805],[-0.62595,50.78891],[-0.61868,50.79015],[-0.61796,50.7905],[-0.615,50.7908],[-0.61158,50.79093],[-0.61074,50.79066],[-0.60738,50.79082],[-0.60541,50.7906],[-0.60395,50.79105],[-0.60269,50.79083],[-0.59978,50.79123],[-0.59755,50.79206],[-0.5945,50.79244],[-0.59353,50.79231],[-0.59223,50.79294],[-0.59108,50.79291],[-0.58904,50.7943],[-0.58713,50.79474],[-0.5825,50.79499]]}},{"type":"Feature","properties":{},"geometry":{"type":"LineString","coordinates":[[-0.76757,50.77185],[-0.76699,50.77271],[-0.76511,50.7724],[-0.76275,50.77305],[-0.76066,50.77287],[-0.75545,50.77201]]}},{"type":"Feature","properties":{},"geometry":{"type":"LineString","coordinates":[[-0.75545,50.77201],[-0.75592,50.77055],[-0.75709,50.7698],[-0.75682,50.76777],[-0.75475,50.76569],[-0.7527,50.76512],[-0.75029,50.76363],[-0.75065,50.76216],[-0.75009,50.76148],[-0.75137,50.76013],[-0.75332,50.76038],[-0.75471,50.75918]]}},{"type":"Feature","properties":{},"geometry":{"type":"LineString","coordinates":[[-0.77939,50.76867],[-0.77772,50.76831],[-0.77648,50.76752],[-0.77565,50.76851],[-0.77382,50.76835],[-0.77085,50.76901],[-0.76869,50.7689],[-0.76667,50.76844],[-0.76555,50.76909],[-0.76531,50.7702],[-0.76761,50.77155],[-0.76757,50.77185]]}},{"type":"Feature","properties":{},"geometry":{"type":"LineString","coordinates":[[-0.78683,50.75988],[-0.78542,50.76046],[-0.78193,50.7639],[-0.78069,50.7654],[-0.77805,50.7662],[-0.77806,50.76683],[-0.7807,50.76737],[-0.78158,50.7685],[-0.77939,50.76867]]}},{"type":"Feature","properties":{},"geometry":{"type":"LineString","coordinates":[[-0.75471,50.75918],[-0.75269,50.7581],[-0.75004,50.7586],[-0.74869,50.75939],[-0.74552,50.7621],[-0.74319,50.76384],[-0.73939,50.76617],[-0.73634,50.76784],[-0.72998,50.7706],[-0.72502,50.77213]]}},{"type":"Feature","properties":{},"geometry":{"type":"LineString","coordinates":[[-0.80915,50.74331],[-0.80757,50.74541],[-0.80922,50.74559],[-0.80824,50.74756],[-0.80699,50.74724],[-0.8067,50.74631],[-0.80785,50.74389],[-0.80712,50.74137],[-0.80819,50.74082],[-0.81228,50.74003],[-0.81493,50.74037],[-0.81634,50.74131],[-0.81843,50.74142],[-0.81949,50.7407],[-0.81775,50.73962],[-0.81764,50.73841],[-0.81563,50.73794],[-0.81067,50.7343],[-0.80997,50.73321],[-0.80771,50.73289],[-0.80478,50.73099],[-0.80448,50.73038],[-0.80156,50.72806],[-0.80109,50.72736]]}},{"type":"Feature","properties":{},"geometry":{"type":"LineString","coordinates":[[-0.86706,50.76325],[-0.8617,50.76135],[-0.84987,50.75647],[-0.84007,50.75215],[-0.8362,50.75017],[-0.82957,50.74696],[-0.82584,50.74488],[-0.82354,50.74385],[-0.82188,50.74437],[-0.82555,50.7452],[-0.82463,50.74604],[-0.82271,50.74661],[-0.82399,50.74753],[-0.8238,50.74887],[-0.8259,50.75003],[-0.82706,50.74973],[-0.82858,50.74995],[-0.83121,50.74972],[-0.83304,50.75024],[-0.83384,50.75126],[-0.83278,50.75148],[-0.83219,50.75208],[-0.83153,50.7519],[-0.8306,50.75266],[-0.82904,50.75263],[-0.8286,50.75182],[-0.82636,50.75204],[-0.82468,50.75419],[-0.82339,50.7542],[-0.82207,50.7553],[-0.82176,50.75611],[-0.82248,50.75684],[-0.82472,50.75784],[-0.82577,50.75865],[-0.82454,50.75923],[-0.82693,50.75982],[-0.82814,50.7608]]}},{"type":"Feature","properties":{},"geometry":{"type":"LineString","coordinates":[[-0.82406,50.76412],[-0.82374,50.76367],[-0.82423,50.76141],[-0.82317,50.75991],[-0.82189,50.75967],[-0.82,50.75785],[-0.81688,50.75779],[-0.81768,50.75707],[-0.81971,50.75693],[-0.81903,50.75531],[-0.82155,50.75334],[-0.8237,50.75231],[-0.82408,50.75157],[-0.8207,50.74989],[-0.81951,50.74883],[-0.81934,50.74699],[-0.81859,50.7449],[-0.8165,50.74368],[-0.81353,50.74269],[-0.81254,50.74322],[-0.80915,50.74331]]}},{"type":"Feature","properties":{},"geometry":{"type":"LineString","coordinates":[[-0.82792,50.75144],[-0.83231,50.75184],[-0.83248,50.75103],[-0.83162,50.75062],[-0.82983,50.7506],[-0.82792,50.75144]]}},{"type":"Feature","properties":{},"geometry":{"type":"LineString","coordinates":[[-0.82036,50.74651],[-0.82017,50.74788],[-0.82092,50.74925],[-0.82217,50.75001],[-0.82296,50.74953],[-0.82132,50.74699],[-0.82036,50.74651]]}},{"type":"Feature","properties":{},"geometry":{"type":"LineString","coordinates":[[-0.82814,50.7608],[-0.82517,50.76026],[-0.82509,50.76242],[-0.82406,50.76412]]}},{"type":"Feature","properties":{},"geometry":{"type":"LineString","coordinates":[[-0.8612,50.82796],[-0.85993,50.82788]]}},{"type":"Feature","properties":{},"geometry":{"type":"LineString","coordinates":[[-4.20327,51.02085],[-4.20226,51.02329]]}},{"type":"Feature","properties":{},"geometry":{"type":"LineString","coordinates":[[-4.20226,51.02329],[-4.20206,51.0249],[-4.20281,51.02686],[-4.2028,51.02846],[-4.20349,51.02883],[-4.20331,51.03148],[-4.20393,51.03206],[-4.20214,51.03523],[-4.19945,51.03642],[-4.1967,51.03877]]}},{"type":"Feature","properties":{},"geometry":{"type":"LineString","coordinates":[[-3.46749,50.66464],[-3.46693,50.66588],[-3.46764,50.66748],[-3.46768,50.66937],[-3.46664,50.67402],[-3.46729,50.67546],[-3.46694,50.67689],[-3.46819,50.68154],[-3.4698,50.68229]]}},{"type":"Feature","properties":{},"geometry":{"type":"LineString","coordinates":[[-3.5122,50.50275],[-3.51308,50.50328],[-3.51269,50.5044],[-3.5132,50.50654],[-3.51147,50.50712],[-3.51098,50.5079],[-3.51191,50.50958],[-3.51119,50.51176]]}},{"type":"Feature","properties":{},"geometry":{"type":"LineString","coordinates":[[-3.46763,50.66462],[-3.46749,50.66464]]}},{"type":"Feature","properties":{},"geometry":{"type":"LineString","coordinates":[[-4.87518,50.22748],[-4.87364,50.22944],[-4.87374,50.23112],[-4.87239,50.23179],[-4.8707,50.23161],[-4.86861,50.23298],[-4.86526,50.23395],[-4.86459,50.23499],[-4.86325,50.23579],[-4.86165,50.23533]]}},{"type":"Feature","properties":{},"geometry":{"type":"LineString","coordinates":[[-5.0165,50.14784],[-5.01611,50.14651],[-5.01428,50.14484],[-5.01565,50.14285],[-5.01631,50.14109]]}},{"type":"Feature","properties":{},"geometry":{"type":"LineString","coordinates":[[-4.29421,50.359],[-4.28965,50.35767],[-4.28901,50.35779],[-4.28654,50.35719],[-4.28241,50.35679],[-4.27716,50.35513],[-4.27647,50.35476],[-4.27032,50.35248],[-4.26806,50.35076],[-4.26654,50.34998],[-4.26423,50.34982],[-4.26314,50.34889],[-4.26041,50.34825],[-4.25975,50.34732],[-4.26038,50.34679]]}},{"type":"Feature","properties":{},"geometry":{"type":"LineString","coordinates":[[-4.29893,50.3598],[-4.29738,50.35933],[-4.29741,50.35846],[-4.29421,50.359]]}},{"type":"Feature","properties":{},"geometry":{"type":"LineString","coordinates":[[-4.81817,50.23097],[-4.81348,50.22992],[-4.81296,50.22948],[-4.81219,50.22722],[-4.81263,50.225],[-4.81033,50.22463],[-4.81042,50.22292],[-4.80842,50.2231],[-4.80785,50.22141],[-4.80527,50.22087],[-4.8045,50.21862]]}},{"type":"Feature","properties":{},"geometry":{"type":"LineString","coordinates":[[-4.83253,50.23299],[-4.83168,50.23279],[-4.83046,50.23157],[-4.83094,50.23045],[-4.82636,50.23069],[-4.82584,50.23102],[-4.82193,50.23104],[-4.82102,50.2315],[-4.81924,50.23141],[-4.81817,50.23097]]}},{"type":"Feature","properties":{},"geometry":{"type":"LineString","coordinates":[[-4.52528,51.02235],[-4.52603,51.02217]]}},{"type":"Feature","properties":{},"geometry":{"type":"LineString","coordinates":[[-4.51663,51.02221],[-4.51683,51.0209],[-4.51897,51.02064],[-4.5222,51.02129],[-4.52336,51.02215],[-4.52528,51.02235]]}},{"type":"Feature","properties":{},"geometry":{"type":"LineString","coordinates":[[-0.96159,50.81118],[-0.96006,50.81081],[-0.95868,50.80943],[-0.95756,50.8096],[-0.95707,50.81041],[-0.95635,50.813],[-0.95708,50.81378],[-0.95765,50.81554]]}},{"type":"Feature","properties":{},"geometry":{"type":"LineString","coordinates":[[-0.95765,50.81554],[-0.95711,50.81631],[-0.95472,50.81654],[-0.95542,50.81761],[-0.95451,50.8187],[-0.9544,50.81988],[-0.95359,50.82082],[-0.95182,50.82169],[-0.95099,50.82378],[-0.95203,50.82571],[-0.95206,50.8277],[-0.9529,50.82848],[-0.9561,50.83021]]}},{"type":"Feature","properties":{},"geometry":{"type":"LineString","coordinates":[[-5.21114,50.09391],[-5.20949,50.09445],[-5.20676,50.09426],[-5.20791,50.09557],[-5.20709,50.09576],[-5.20362,50.0915],[-5.19949,50.09178],[-5.19723,50.08986],[-5.19592,50.08979],[-5.19244,50.09062],[-5.19176,50.09046]]}},{"type":"Feature","properties":{},"geometry":{"type":"LineString","coordinates":[[-5.20798,50.08878],[-5.20759,50.08983],[-5.20656,50.09025],[-5.20351,50.09024],[-5.2041,50.09105],[-5.20641,50.09312],[-5.21114,50.09391]]}},{"type":"Feature","properties":{},"geometry":{"type":"LineString","coordinates":[[-1.69775,50.73659],[-1.69586,50.73688],[-1.69413,50.73651]]}},{"type":"Feature","properties":{},"geometry":{"type":"LineString","coordinates":[[-1.69413,50.73651],[-1.69254,50.73741]]}},{"type":"Feature","properties":{},"geometry":{"type":"LineString","coordinates":[[-1.73805,50.7261],[-1.73696,50.72689],[-1.73562,50.72719],[-1.73419,50.72894],[-1.73211,50.73065],[-1.7302,50.7319],[-1.72459,50.7341],[-1.72222,50.73467]]}},{"type":"Feature","properties":{},"geometry":{"type":"LineString","coordinates":[[-1.72222,50.73467],[-1.7156,50.73586],[-1.71142,50.73614],[-1.70994,50.7365],[-1.70446,50.73679],[-1.69797,50.73675],[-1.69775,50.73659]]}},{"type":"Feature","properties":{},"geometry":{"type":"LineString","coordinates":[[-4.18873,51.06758],[-4.19059,51.06795],[-4.19117,51.06963],[-4.19041,51.0714],[-4.18922,51.07183],[-4.18727,51.07338],[-4.18554,51.0762]]}},{"type":"Feature","properties":{},"geometry":{"type":"LineString","coordinates":[[-4.18554,51.0762],[-4.1851,51.07643],[-4.17261,51.07948],[-4.17064,51.07975],[-4.16816,51.08055],[-4.16693,51.08057]]}},{"type":"Feature","properties":{},"geometry":{"type":"LineString","coordinates":[[-4.23546,51.04441],[-4.237,51.04285]]}},{"type":"Feature","properties":{},"geometry":{"type":"LineString","coordinates":[[-4.24399,51.04062],[-4.24582,51.04055]]}},{"type":"Feature","properties":{},"geometry":{"type":"LineString","coordinates":[[-4.24582,51.04055],[-4.25081,51.03971],[-4.25444,51.03929],[-4.25811,51.03759],[-4.26015,51.03582],[-4.26328,51.03369],[-4.26455,51.03201],[-4.26631,51.03027],[-4.26897,51.02691],[-4.27311,51.02346],[-4.27407,51.02156],[-4.27861,51.01649],[-4.27935,51.016]]}},{"type":"Feature","properties":{},"geometry":{"type":"LineString","coordinates":[[-4.6108,50.33728],[-4.61165,50.33724],[-4.61557,50.3356],[-4.61606,50.33466],[-4.61734,50.33412],[-4.62118,50.33439],[-4.62249,50.33429],[-4.6234,50.3334],[-4.62998,50.3324],[-4.63079,50.33153],[-4.63394,50.32928],[-4.63684,50.32927],[-4.63767,50.32984],[-4.63975,50.32829],[-4.63862,50.32618],[-4.63682,50.32622],[-4.63607,50.32561]]}},{"type":"Feature","properties":{},"geometry":{"type":"LineString","coordinates":[[-4.61044,50.33735],[-4.6108,50.33728]]}},{"type":"Feature","properties":{},"geometry":{"type":"LineString","coordinates":[[-4.61045,50.33739],[-4.61044,50.33735]]}},{"type":"Feature","properties":{},"geometry":{"type":"LineString","coordinates":[[-4.61071,50.33767],[-4.61045,50.33739]]}},{"type":"Feature","properties":{},"geometry":{"type":"LineString","coordinates":[[-5.03405,50.48465],[-5.03367,50.48321],[-5.03467,50.48253],[-5.03428,50.48193]]}},{"type":"Feature","properties":{},"geometry":{"type":"LineString","coordinates":[[-1.9814,50.71189],[-1.97662,50.71183],[-1.97326,50.71069],[-1.97245,50.71069],[-1.96959,50.71203],[-1.96866,50.71273],[-1.96719,50.71485],[-1.96649,50.71529],[-1.96322,50.71573],[-1.95837,50.71563],[-1.95642,50.71405],[-1.95764,50.71318],[-1.9594,50.71328],[-1.96053,50.71206],[-1.95747,50.71041],[-1.95562,50.70919],[-1.95419,50.70866],[-1.9536,50.71105],[-1.95233,50.71189],[-1.95113,50.71198]]}},{"type":"Feature","properties":{},"geometry":{"type":"LineString","coordinates":[[-1.9815,50.71194],[-1.9814,50.71189]]}},{"type":"Feature","properties":{},"geometry":{"type":"LineString","coordinates":[[-1.33361,50.75563],[-1.3337,50.75632]]}},{"type":"Feature","properties":{},"geometry":{"type":"LineString","coordinates":[[-1.21261,50.73397],[-1.21411,50.73416],[-1.21756,50.7336],[-1.21727,50.73229]]}},{"type":"Feature","properties":{},"geometry":{"type":"LineString","coordinates":[[-1.21484,50.73625],[-1.21416,50.73671]]}},{"type":"Feature","properties":{},"geometry":{"type":"LineString","coordinates":[[-1.27731,50.76627],[-1.2778,50.76626]]}},{"type":"Feature","properties":{},"geometry":{"type":"LineString","coordinates":[[-1.1827,50.73326],[-1.18379,50.73296],[-1.18709,50.73341],[-1.19017,50.73282],[-1.19226,50.73272],[-1.19481,50.73297],[-1.19748,50.73366],[-1.1991,50.73367]]}},{"type":"Feature","properties":{},"geometry":{"type":"LineString","coordinates":[[-1.07049,50.68336],[-1.06992,50.684]]}},{"type":"Feature","properties":{},"geometry":{"type":"LineString","coordinates":[[-1.1343,50.66173],[-1.13063,50.66281],[-1.12784,50.66337]]}},{"type":"Feature","properties":{},"geometry":{"type":"LineString","coordinates":[[-1.74077,50.72439],[-1.73805,50.7261]]}},{"type":"Feature","properties":{},"geometry":{"type":"LineString","coordinates":[[-1.76359,50.73111],[-1.76498,50.72998],[-1.76585,50.72873],[-1.76642,50.72623],[-1.76626,50.72481],[-1.76402,50.72339],[-1.76181,50.72311],[-1.76132,50.7237],[-1.75894,50.72345],[-1.75955,50.72554],[-1.75831,50.72584],[-1.75649,50.72736],[-1.75731,50.72762],[-1.75793,50.72902],[-1.75668,50.73015],[-1.75554,50.72964],[-1.75369,50.72699],[-1.7515,50.72607],[-1.75059,50.72599],[-1.74749,50.72659],[-1.74579,50.72789],[-1.74347,50.72773],[-1.74154,50.72707],[-1.74084,50.72638],[-1.74185,50.72555],[-1.74266,50.72396],[-1.74077,50.72439]]}},{"type":"Feature","properties":{},"geometry":{"type":"LineString","coordinates":[[-1.78943,50.73006],[-1.78669,50.72967],[-1.78601,50.73036],[-1.78369,50.73035],[-1.78018,50.72987],[-1.77669,50.73047],[-1.77386,50.73025],[-1.77077,50.73033],[-1.77038,50.72996]]}},{"type":"Feature","properties":{},"geometry":{"type":"LineString","coordinates":[[-1.74403,50.71613],[-1.74401,50.71645],[-1.74117,50.72022],[-1.74002,50.72362],[-1.74071,50.72374],[-1.74232,50.72279],[-1.74297,50.72163],[-1.74294,50.72],[-1.74346,50.7189],[-1.74477,50.718],[-1.74642,50.7181],[-1.74785,50.71752],[-1.75118,50.71859],[-1.75358,50.71836],[-1.75729,50.71835],[-1.75919,50.71769],[-1.76139,50.71805],[-1.76266,50.71876],[-1.76233,50.72015],[-1.76606,50.72142],[-1.76827,50.72375],[-1.7687,50.72499],[-1.76776,50.72529],[-1.76814,50.72633],[-1.76946,50.72727],[-1.77191,50.72802],[-1.77408,50.72974],[-1.77626,50.72995],[-1.77915,50.72897],[-1.78056,50.7289],[-1.78169,50.72962],[-1.78468,50.72995],[-1.78688,50.72923],[-1.78835,50.72915],[-1.78943,50.73006]]}},{"type":"Feature","properties":{},"geometry":{"type":"LineString","coordinates":[[-1.77038,50.72996],[-1.77137,50.72987],[-1.77157,50.72887],[-1.77084,50.72804],[-1.76903,50.72775],[-1.76733,50.72859],[-1.76609,50.72847],[-1.76524,50.7298],[-1.76359,50.73111]]}},{"type":"Feature","properties":{},"geometry":{"type":"LineString","coordinates":[[-1.74883,50.71106],[-1.74884,50.71217],[-1.74525,50.71411],[-1.74512,50.71489],[-1.74403,50.71613]]}},{"type":"Feature","properties":{},"geometry":{"type":"LineString","coordinates":[[-1.99545,50.72997],[-1.99706,50.73025],[-2.00036,50.73039],[-2.00302,50.72975],[-2.00319,50.72869],[-2.00277,50.72751],[-2.0013,50.7267],[-1.99976,50.72645],[-1.99965,50.72784],[-2.00016,50.72841],[-2.00198,50.72887],[-2.0019,50.7297],[-1.99904,50.72999],[-1.99545,50.72997]]}},{"type":"Feature","properties":{},"geometry":{"type":"LineString","coordinates":[[-1.99371,50.73493],[-1.9941,50.73461],[-1.99241,50.7335],[-1.99163,50.7315],[-1.99222,50.72981],[-1.995,50.72994]]}},{"type":"Feature","properties":{},"geometry":{"type":"LineString","coordinates":[[-1.99381,50.73501],[-1.99371,50.73493]]}},{"type":"Feature","properties":{},"geometry":{"type":"LineString","coordinates":[[-1.995,50.72994],[-1.99219,50.72936],[-1.99272,50.72613],[-1.99269,50.7245],[-1.99197,50.72317],[-1.98986,50.72242],[-1.98738,50.72215],[-1.9863,50.72174],[-1.98463,50.72044],[-1.98438,50.71924],[-1.98631,50.7195],[-1.98898,50.71915],[-1.99045,50.71666],[-1.99229,50.71507]]}},{"type":"Feature","properties":{},"geometry":{"type":"LineString","coordinates":[[-1.99229,50.71507],[-1.99301,50.71344]]}},{"type":"Feature","properties":{},"geometry":{"type":"LineString","coordinates":[[-1.99375,50.71589],[-1.9941,50.71685],[-1.99508,50.71748],[-1.99878,50.71818],[-1.99942,50.71781],[-2.00117,50.71839],[-2.00262,50.71827],[-2.00518,50.71861],[-2.0061,50.72074],[-2.00553,50.72131],[-2.00359,50.72097],[-2.00314,50.72241],[-2.00588,50.72302],[-2.00827,50.72494]]}},{"type":"Feature","properties":{},"geometry":{"type":"LineString","coordinates":[[-2.00902,50.73229],[-2.00787,50.73358],[-2.00696,50.73381],[-2.00677,50.73492],[-2.00511,50.73464],[-2.00282,50.73476],[-2.00152,50.73521],[-1.99967,50.73497],[-1.99602,50.73527],[-1.99381,50.73501]]}},{"type":"Feature","properties":{},"geometry":{"type":"LineString","coordinates":[[-2.00827,50.72494],[-2.0074,50.72617],[-2.00753,50.72687],[-2.00944,50.72779],[-2.01077,50.72971],[-2.01113,50.73165],[-2.00902,50.73229]]}},{"type":"Feature","properties":{},"geometry":{"type":"LineString","coordinates":[[-2.00232,50.73073],[-1.99915,50.73168],[-1.99817,50.73288],[-1.9982,50.73401],[-1.99885,50.73476],[-2.00148,50.7345],[-2.00252,50.734],[-2.00322,50.73289],[-2.00361,50.73102],[-2.00232,50.73073]]}},{"type":"Feature","properties":{},"geometry":{"type":"LineString","coordinates":[[-4.78667,50.24037],[-4.78741,50.24118],[-4.78723,50.24262],[-4.78541,50.24365],[-4.78487,50.24533],[-4.78295,50.24677],[-4.78093,50.24867],[-4.77825,50.24992],[-4.77747,50.25058],[-4.77408,50.25066],[-4.77173,50.25117],[-4.76849,50.2529],[-4.76808,50.25389],[-4.76897,50.25472],[-4.77069,50.25492],[-4.77076,50.25594],[-4.76622,50.25602],[-4.76713,50.25694]]}},{"type":"Feature","properties":{},"geometry":{"type":"LineString","coordinates":[[-0.13705,50.81846],[-0.13626,50.81886],[-0.13208,50.81813],[-0.12395,50.81638]]}},{"type":"Feature","properties":{},"geometry":{"type":"LineString","coordinates":[[-0.12395,50.81638],[-0.12056,50.81557],[-0.11965,50.81558],[-0.11315,50.81412]]}},{"type":"Feature","properties":{},"geometry":{"type":"LineString","coordinates":[[-0.06867,50.80503],[-0.06823,50.80528],[-0.06168,50.80342],[-0.05918,50.80238],[-0.0572,50.80203],[-0.05514,50.80125],[-0.05272,50.80162],[-0.05007,50.80154],[-0.04821,50.80122]]}},{"type":"Feature","properties":{},"geometry":{"type":"LineString","coordinates":[[0.02969,50.78302],[0.03197,50.78248],[0.03576,50.7812],[0.03949,50.78116],[0.04102,50.78147],[0.0459,50.78112],[0.05304,50.77963],[0.05259,50.78121],[0.05586,50.78164]]}},{"type":"Feature","properties":{},"geometry":{"type":"LineString","coordinates":[[-0.03859,50.79908],[-0.03771,50.79934],[-0.03252,50.7977],[-0.03126,50.79749],[-0.02537,50.79538],[-0.0231,50.79506],[-0.02087,50.79404],[-0.01796,50.79356],[-0.01258,50.79201]]}},{"type":"Feature","properties":{},"geometry":{"type":"LineString","coordinates":[[0.05586,50.78164],[0.05718,50.78159]]}},{"type":"Feature","properties":{},"geometry":{"type":"LineString","coordinates":[[-0.21606,50.82759],[-0.20905,50.8266],[-0.20846,50.82669]]}},{"type":"Feature","properties":{},"geometry":{"type":"LineString","coordinates":[[-0.11315,50.81412],[-0.10757,50.81273],[-0.10784,50.81158],[-0.10644,50.81167],[-0.10452,50.8113],[-0.10325,50.81214],[-0.09357,50.81047],[-0.09262,50.81176],[-0.09,50.81142],[-0.08605,50.8104],[-0.07995,50.80849],[-0.07819,50.80817],[-0.07363,50.80689],[-0.06867,50.80503]]}},{"type":"Feature","properties":{},"geometry":{"type":"LineString","coordinates":[[-0.19177,50.82558],[-0.18754,50.8252],[-0.18288,50.82457],[-0.18128,50.8245]]}},{"type":"Feature","properties":{},"geometry":{"type":"LineString","coordinates":[[0.05718,50.78159],[0.05529,50.78541],[0.05417,50.78513],[0.05245,50.78607],[0.05266,50.78777],[0.05339,50.7891],[0.05258,50.79024],[0.05197,50.79442],[0.05164,50.79481]]}},{"type":"Feature","properties":{},"geometry":{"type":"LineString","coordinates":[[0.05164,50.79481],[0.05249,50.79505]]}},{"type":"Feature","properties":{},"geometry":{"type":"LineString","coordinates":[[0.00339,50.78816],[0.00783,50.78711],[0.01016,50.78696],[0.01675,50.78519],[0.02263,50.78501],[0.02593,50.78385],[0.02969,50.78302]]}},{"type":"Feature","properties":{},"geometry":{"type":"LineString","coordinates":[[-0.157,50.82181],[-0.15084,50.82065],[-0.14388,50.81955],[-0.13934,50.81854],[-0.13705,50.81846]]}},{"type":"Feature","properties":{},"geometry":{"type":"LineString","coordinates":[[-0.18128,50.8245],[-0.17916,50.82415],[-0.17345,50.82388],[-0.16692,50.82314]]}},{"type":"Feature","properties":{},"geometry":{"type":"LineString","coordinates":[[-0.20846,50.82669],[-0.20532,50.82618],[-0.20436,50.82651],[-0.19957,50.82605],[-0.19857,50.82618],[-0.19177,50.82558]]}},{"type":"Feature","properties":{},"geometry":{"type":"LineString","coordinates":[[-0.16692,50.82314],[-0.16464,50.82276],[-0.16151,50.82255],[-0.157,50.82181]]}},{"type":"Feature","properties":{},"geometry":{"type":"LineString","coordinates":[[-0.01258,50.79201],[-0.00318,50.78993],[-0.0002,50.78881],[0.00339,50.78816]]}},{"type":"Feature","properties":{},"geometry":{"type":"LineString","coordinates":[[-0.04821,50.80122],[-0.04514,50.80054],[-0.04377,50.79989],[-0.04249,50.80009],[-0.03859,50.79908]]}},{"type":"Feature","properties":{},"geometry":{"type":"LineString","coordinates":[[0.05249,50.79505],[0.0534,50.79315],[0.05363,50.79174],[0.05507,50.78856],[0.05569,50.78838],[0.05754,50.78387],[0.05846,50.78304],[0.05835,50.78215],[0.06108,50.78261],[0.06323,50.78268],[0.06673,50.78241]]}},{"type":"Feature","properties":{},"geometry":{"type":"LineString","coordinates":[[0.5437,50.8501],[0.54685,50.85024],[0.55248,50.8502],[0.55756,50.85043],[0.56268,50.85148],[0.56997,50.8526],[0.57169,50.85302]]}},{"type":"Feature","properties":{},"geometry":{"type":"LineString","coordinates":[[0.50068,50.84227],[0.50628,50.84337],[0.50965,50.84415],[0.51277,50.8451],[0.51474,50.84638],[0.51966,50.84783],[0.5281,50.84904],[0.53131,50.84936],[0.53445,50.84934],[0.5346,50.8497],[0.54151,50.85011],[0.5437,50.8501]]}},{"type":"Feature","properties":{},"geometry":{"type":"LineString","coordinates":[[0.47616,50.83706],[0.48143,50.83778],[0.48329,50.83865],[0.4862,50.83932],[0.49273,50.84021],[0.49827,50.84125],[0.50068,50.84227]]}},{"type":"Feature","properties":{},"geometry":{"type":"LineString","coordinates":[[0.46319,50.83587],[0.46893,50.8364],[0.47174,50.83654],[0.47616,50.83706]]}},{"type":"Feature","properties":{},"geometry":{"type":"LineString","coordinates":[[0.4632,50.83582],[0.46319,50.83587]]}},{"type":"Feature","properties":{},"geometry":{"type":"LineString","coordinates":[[0.42726,50.83203],[0.43041,50.83243],[0.44179,50.83343],[0.44527,50.83405],[0.44943,50.83448],[0.45473,50.8348],[0.4585,50.83534],[0.4632,50.83582]]}},{"type":"Feature","properties":{},"geometry":{"type":"LineString","coordinates":[[0.37746,50.82036],[0.3787,50.82088],[0.39113,50.82443],[0.39736,50.82586],[0.39902,50.82651],[0.40603,50.82827],[0.40695,50.82865],[0.41403,50.8304],[0.41861,50.83122],[0.4253,50.83198],[0.42726,50.83203]]}},{"type":"Feature","properties":{},"geometry":{"type":"LineString","coordinates":[[0.33928,50.79914],[0.34071,50.80113],[0.34354,50.80434],[0.34766,50.80788],[0.34893,50.80913],[0.35129,50.8106],[0.35716,50.81321],[0.35943,50.8144],[0.36357,50.81613],[0.36841,50.81772],[0.37746,50.82036]]}},{"type":"Feature","properties":{},"geometry":{"type":"LineString","coordinates":[[0.58675,50.8539],[0.59182,50.85349],[0.59199,50.8541],[0.59417,50.85479],[0.59737,50.8547],[0.59722,50.8558],[0.59928,50.85612],[0.59987,50.85714],[0.60248,50.85739],[0.60424,50.85822],[0.60883,50.85993]]}},{"type":"Feature","properties":{},"geometry":{"type":"LineString","coordinates":[[0.57169,50.85302],[0.57427,50.85332],[0.57776,50.85404],[0.58675,50.8539]]}},{"type":"Feature","properties":{},"geometry":{"type":"LineString","coordinates":[[0.3158,50.78097],[0.32122,50.78261],[0.32567,50.78376],[0.32877,50.78498],[0.32954,50.78614],[0.33124,50.78744],[0.32777,50.78861],[0.32725,50.7893],[0.32759,50.79075],[0.32954,50.79275],[0.33169,50.79205],[0.3296,50.78948],[0.33069,50.78932],[0.33167,50.79035],[0.33311,50.79267],[0.33484,50.79431],[0.33762,50.79751],[0.33928,50.79914]]}},{"type":"Feature","properties":{},"geometry":{"type":"LineString","coordinates":[[0.2934,50.76702],[0.29714,50.77097],[0.30133,50.77363],[0.30307,50.77529],[0.30728,50.77703],[0.30985,50.77879],[0.3158,50.78097]]}},{"type":"Feature","properties":{},"geometry":{"type":"LineString","coordinates":[[0.10437,50.76611],[0.10785,50.76388],[0.11029,50.76387],[0.11174,50.76277],[0.11323,50.76257],[0.11496,50.76101],[0.11836,50.75998],[0.12194,50.75831],[0.12393,50.75818]]}},{"type":"Feature","properties":{},"geometry":{"type":"LineString","coordinates":[[0.09167,50.7727],[0.10014,50.76841],[0.10437,50.76611]]}},{"type":"Feature","properties":{},"geometry":{"type":"LineString","coordinates":[[0.17228,50.75169],[0.17627,50.75108],[0.17931,50.74973],[0.18194,50.7496],[0.18382,50.74905],[0.1874,50.74836],[0.19136,50.74711],[0.19975,50.74334],[0.20304,50.74095],[0.20555,50.73959],[0.20994,50.73849]]}},{"type":"Feature","properties":{},"geometry":{"type":"LineString","coordinates":[[0.06673,50.78241],[0.06891,50.78196],[0.07355,50.78054],[0.07772,50.77905],[0.08229,50.7771],[0.08811,50.77446],[0.09167,50.7727]]}},{"type":"Feature","properties":{},"geometry":{"type":"LineString","coordinates":[[0.24097,50.73444],[0.24127,50.73491],[0.24315,50.73515],[0.24841,50.73661],[0.25009,50.73668],[0.25263,50.73734],[0.25385,50.73725],[0.25772,50.73752],[0.26051,50.7387],[0.26213,50.74042],[0.26299,50.74235],[0.26375,50.74309],[0.2656,50.7466],[0.26692,50.74771],[0.26898,50.75001],[0.27107,50.75181],[0.27493,50.75463],[0.27776,50.75632],[0.28018,50.75724],[0.28066,50.75771],[0.2859,50.76015],[0.28703,50.76094],[0.28929,50.76374],[0.29171,50.76592]]}},{"type":"Feature","properties":{},"geometry":{"type":"LineString","coordinates":[[0.12393,50.75818],[0.12523,50.75767],[0.13054,50.75717],[0.13298,50.75647],[0.13786,50.7559],[0.14127,50.75656],[0.14474,50.75832],[0.14697,50.75912],[0.14887,50.75909],[0.15054,50.75845],[0.15411,50.75763],[0.15783,50.75609],[0.16001,50.75544],[0.16339,50.75484],[0.16509,50.75409],[0.16679,50.75391],[0.1687,50.7531],[0.17154,50.75235],[0.17228,50.75169]]}},{"type":"Feature","properties":{},"geometry":{"type":"LineString","coordinates":[[0.20994,50.73849],[0.21547,50.73782],[0.21807,50.73707],[0.22263,50.73701],[0.22703,50.73633],[0.23506,50.73561],[0.24097,50.73444]]}},{"type":"Feature","properties":{},"geometry":{"type":"LineString","coordinates":[[-1.79937,50.7195],[-1.79476,50.71892],[-1.78837,50.71837],[-1.78485,50.71794],[-1.78293,50.71794],[-1.77564,50.71708]]}},{"type":"Feature","properties":{},"geometry":{"type":"LineString","coordinates":[[-1.83089,50.71997],[-1.81931,50.72048],[-1.81538,50.72059],[-1.81273,50.72025],[-1.8099,50.72029],[-1.80211,50.71988],[-1.79937,50.7195]]}},{"type":"Feature","properties":{},"geometry":{"type":"LineString","coordinates":[[-1.87918,50.71483],[-1.87484,50.7155],[-1.87183,50.7162],[-1.86662,50.71716],[-1.86188,50.71752],[-1.85476,50.7182],[-1.84679,50.71927],[-1.84164,50.7196],[-1.83625,50.71967],[-1.83089,50.71997]]}},{"type":"Feature","properties":{},"geometry":{"type":"LineString","coordinates":[[-1.77564,50.71708],[-1.77457,50.71715],[-1.7668,50.71618],[-1.75612,50.71383],[-1.75037,50.71221],[-1.74893,50.71167],[-1.74883,50.71106]]}},{"type":"Feature","properties":{},"geometry":{"type":"LineString","coordinates":[[-1.94691,50.68277],[-1.94527,50.68352],[-1.94299,50.68407],[-1.93876,50.68672],[-1.93856,50.68719],[-1.93601,50.68905],[-1.93359,50.69144],[-1.92811,50.69508],[-1.92306,50.69876],[-1.9213,50.6998],[-1.91277,50.70443],[-1.90231,50.70839],[-1.89969,50.70955],[-1.89541,50.71079],[-1.89478,50.71114],[-1.88642,50.71344],[-1.87918,50.71483]]}},{"type":"Feature","properties":{},"geometry":{"type":"LineString","coordinates":[[-4.88569,50.22047],[-4.88565,50.22051]]}},{"type":"Feature","properties":{},"geometry":{"type":"LineString","coordinates":[[-4.7831,50.26842],[-4.78674,50.269],[-4.78679,50.27019],[-4.78524,50.27016],[-4.7836,50.26985]]}},{"type":"Feature","properties":{},"geometry":{"type":"LineString","coordinates":[[-5.06669,50.21055],[-5.06636,50.20821],[-5.06525,50.2075],[-5.06486,50.20593],[-5.06518,50.204],[-5.06492,50.20271]]}},{"type":"Feature","properties":{},"geometry":{"type":"LineString","coordinates":[[-5.08093,50.20838],[-5.07895,50.20803],[-5.07642,50.20793],[-5.07487,50.20832],[-5.0713,50.20657],[-5.07007,50.20566]]}},{"type":"Feature","properties":{},"geometry":{"type":"LineString","coordinates":[[-4.19283,50.42404],[-4.19224,50.42267],[-4.19333,50.42189],[-4.19734,50.41255],[-4.198,50.41138],[-4.19901,50.41068],[-4.19916,50.40981],[-4.201,50.40715]]}},{"type":"Feature","properties":{},"geometry":{"type":"LineString","coordinates":[[-4.18599,50.42354],[-4.18825,50.42389],[-4.19031,50.42471],[-4.19233,50.42469],[-4.19283,50.42404]]}},{"type":"Feature","properties":{},"geometry":{"type":"LineString","coordinates":[[-4.18395,50.42318],[-4.18599,50.42354]]}},{"type":"Feature","properties":{},"geometry":{"type":"LineString","coordinates":[[-4.17129,50.42254],[-4.17449,50.42236]]}},{"type":"Feature","properties":{},"geometry":{"type":"LineString","coordinates":[[-4.1708,50.42243],[-4.17129,50.42254]]}},{"type":"Feature","properties":{},"geometry":{"type":"LineString","coordinates":[[-4.17026,50.42201],[-4.1708,50.42243]]}},{"type":"Feature","properties":{},"geometry":{"type":"LineString","coordinates":[[-4.16943,50.42249],[-4.17026,50.42201]]}},{"type":"Feature","properties":{},"geometry":{"type":"LineString","coordinates":[[-4.16299,50.42712],[-4.16501,50.42555],[-4.16642,50.42404],[-4.16749,50.42373],[-4.16943,50.42249]]}},{"type":"Feature","properties":{},"geometry":{"type":"LineString","coordinates":[[-4.68962,50.34204],[-4.68834,50.34116],[-4.68637,50.3407],[-4.68538,50.33938],[-4.68393,50.33912],[-4.68196,50.3383],[-4.6824,50.33744]]}},{"type":"Feature","properties":{},"geometry":{"type":"LineString","coordinates":[[-4.6901,50.34556],[-4.69021,50.34433],[-4.68887,50.34329],[-4.68962,50.34204]]}},{"type":"Feature","properties":{},"geometry":{"type":"LineString","coordinates":[[-4.65205,50.38197],[-4.6479,50.38068],[-4.64572,50.37934],[-4.64473,50.37821],[-4.64276,50.37707],[-4.63975,50.37428],[-4.63779,50.37304],[-4.63617,50.3735],[-4.63608,50.3763],[-4.63534,50.37787],[-4.63513,50.37934],[-4.63344,50.38058],[-4.63007,50.38091],[-4.62772,50.38067],[-4.62525,50.38147],[-4.62353,50.38251],[-4.62235,50.38254],[-4.62099,50.38324],[-4.61737,50.38422],[-4.61891,50.38299],[-4.62198,50.38198],[-4.62581,50.38097],[-4.62729,50.38041],[-4.63131,50.38058],[-4.6332,50.37974],[-4.63421,50.37844],[-4.63366,50.37729],[-4.63405,50.37578],[-4.63383,50.37371],[-4.63487,50.3722],[-4.63508,50.37116]]}},{"type":"Feature","properties":{},"geometry":{"type":"LineString","coordinates":[[-4.65341,50.38256],[-4.65205,50.38197]]}},{"type":"Feature","properties":{},"geometry":{"type":"LineString","coordinates":[[-4.67023,50.31507],[-4.66994,50.31606],[-4.66881,50.3163],[-4.66948,50.31994],[-4.6678,50.32203],[-4.66745,50.32314],[-4.66606,50.32361],[-4.66448,50.32259],[-4.66262,50.322],[-4.65778,50.32332],[-4.65489,50.32306],[-4.65265,50.32443],[-4.653,50.32532],[-4.6517,50.32694],[-4.64817,50.32719],[-4.64752,50.32687]]}},{"type":"Feature","properties":{},"geometry":{"type":"LineString","coordinates":[[-4.19123,50.35122],[-4.19266,50.35047],[-4.20013,50.34888],[-4.20406,50.34689],[-4.20508,50.3473]]}},{"type":"Feature","properties":{},"geometry":{"type":"LineString","coordinates":[[-4.20508,50.3473],[-4.20777,50.34692],[-4.20842,50.34748],[-4.20698,50.34801],[-4.20978,50.34947],[-4.21009,50.35048],[-4.20851,50.35106],[-4.20643,50.35047],[-4.20555,50.34889],[-4.20388,50.34885],[-4.20321,50.34927],[-4.20334,50.35042],[-4.20275,50.35138],[-4.20104,50.35269],[-4.19914,50.35243],[-4.19628,50.35402],[-4.19721,50.35622],[-4.19661,50.35814],[-4.19666,50.35925],[-4.19867,50.35984],[-4.20212,50.36004],[-4.20291,50.36081],[-4.20642,50.36173],[-4.20839,50.36154],[-4.20773,50.36048],[-4.20851,50.35955],[-4.2114,50.35937],[-4.21232,50.35905],[-4.21209,50.35728],[-4.21248,50.35612],[-4.21182,50.35496],[-4.2133,50.35429],[-4.21448,50.35541],[-4.21585,50.35808],[-4.21572,50.35873],[-4.2177,50.35964],[-4.2227,50.35929],[-4.22183,50.35992],[-4.21863,50.36072],[-4.21737,50.36195],[-4.21828,50.36246],[-4.22076,50.36279],[-4.22269,50.36348],[-4.2262,50.36315],[-4.22925,50.36325],[-4.23166,50.36379],[-4.23581,50.36382],[-4.23655,50.36363],[-4.2368,50.36218],[-4.23782,50.36238],[-4.23594,50.36467],[-4.23264,50.36599],[-4.2297,50.36542],[-4.22853,50.36611],[-4.22556,50.36663],[-4.22284,50.36791],[-4.22202,50.36908],[-4.22056,50.36892],[-4.2198,50.36823],[-4.22008,50.36734],[-4.21933,50.36679],[-4.21729,50.36819],[-4.21285,50.36957],[-4.21016,50.36985],[-4.20878,50.36975],[-4.20691,50.3703],[-4.20699,50.37081],[-4.2086,50.37157],[-4.20697,50.37202],[-4.20469,50.37151],[-4.20207,50.37029],[-4.19949,50.37018],[-4.19768,50.371],[-4.19476,50.37186],[-4.19412,50.37307],[-4.19473,50.37362],[-4.19267,50.37463],[-4.19281,50.37586],[-4.19723,50.37696],[-4.19762,50.37862],[-4.19984,50.37861],[-4.20226,50.379],[-4.20223,50.38079],[-4.20003,50.38086],[-4.19801,50.38151],[-4.19765,50.38208],[-4.19968,50.38358],[-4.2036,50.38384],[-4.20408,50.38461],[-4.20685,50.38539],[-4.20914,50.3855],[-4.20796,50.38712],[-4.20577,50.38724],[-4.2048,50.38692],[-4.2022,50.38707],[-4.20182,50.38814],[-4.20415,50.38896],[-4.20548,50.38896],[-4.21012,50.39227],[-4.21319,50.39272],[-4.21422,50.39226],[-4.21563,50.39241],[-4.21855,50.39199],[-4.21986,50.39111],[-4.22081,50.39153],[-4.22272,50.3909],[-4.22333,50.39025],[-4.22666,50.38926],[-4.22795,50.3894],[-4.23008,50.39025],[-4.232,50.38986],[-4.23279,50.38873],[-4.23542,50.38741]]}},{"type":"Feature","properties":{},"geometry":{"type":"LineString","coordinates":[[-3.54421,50.33543],[-3.53947,50.33628],[-3.53831,50.33708],[-3.53568,50.33665]]}},{"type":"Feature","properties":{},"geometry":{"type":"LineString","coordinates":[[-3.77291,50.22364],[-3.77109,50.22294],[-3.77,50.22167]]}},{"type":"Feature","properties":{},"geometry":{"type":"LineString","coordinates":[[-3.78067,50.22348],[-3.78092,50.22457]]}},{"type":"Feature","properties":{},"geometry":{"type":"LineString","coordinates":[[-3.82805,50.22328],[-3.827,50.22311]]}},{"type":"Feature","properties":{},"geometry":{"type":"LineString","coordinates":[[-3.827,50.22311],[-3.82704,50.2223]]}},{"type":"Feature","properties":{},"geometry":{"type":"LineString","coordinates":[[-3.87754,50.28174],[-3.87987,50.28183],[-3.87942,50.28053]]}},{"type":"Feature","properties":{},"geometry":{"type":"LineString","coordinates":[[-3.88234,50.2842],[-3.8808,50.2846],[-3.87768,50.28427],[-3.87608,50.28275],[-3.87631,50.28155]]}},{"type":"Feature","properties":{},"geometry":{"type":"LineString","coordinates":[[-3.95431,50.30814],[-3.95371,50.3095],[-3.95268,50.30968],[-3.9507,50.30896],[-3.94863,50.30972],[-3.94847,50.31065],[-3.94655,50.3129],[-3.94536,50.31308],[-3.94123,50.31494],[-3.94012,50.31617],[-3.94026,50.31762],[-3.93826,50.31961],[-3.93831,50.32132],[-3.93886,50.32192],[-3.93828,50.32436],[-3.93948,50.32509],[-3.93957,50.32693],[-3.93881,50.3277],[-3.93869,50.3287],[-3.93787,50.32961],[-3.93517,50.33122],[-3.93356,50.33246],[-3.93152,50.33235],[-3.93354,50.33043],[-3.936,50.32721],[-3.93573,50.3247],[-3.93099,50.32508],[-3.92867,50.32574],[-3.92917,50.32449],[-3.93185,50.32373],[-3.93433,50.32345],[-3.9364,50.3204],[-3.93652,50.31916],[-3.93739,50.31887],[-3.93781,50.31724],[-3.93863,50.31633],[-3.93921,50.31445],[-3.94016,50.31252],[-3.94303,50.30964],[-3.94251,50.30853],[-3.94557,50.30711],[-3.94671,50.30683]]}},{"type":"Feature","properties":{},"geometry":{"type":"LineString","coordinates":[[-4.07164,50.30923],[-4.07246,50.3087],[-4.07368,50.30652],[-4.07355,50.30558],[-4.07486,50.30508],[-4.07526,50.30423],[-4.07439,50.30314],[-4.07211,50.30339],[-4.0717,50.30393],[-4.06911,50.30276],[-4.06658,50.30261],[-4.0651,50.30225],[-4.06405,50.30138]]}},{"type":"Feature","properties":{},"geometry":{"type":"LineString","coordinates":[[-4.06969,50.31248],[-4.06654,50.31257]]}},{"type":"Feature","properties":{},"geometry":{"type":"LineString","coordinates":[[-4.12465,50.35525],[-4.12566,50.35482],[-4.12448,50.3531],[-4.12317,50.35256],[-4.12163,50.35057],[-4.12151,50.34866],[-4.12333,50.34657]]}},{"type":"Feature","properties":{},"geometry":{"type":"LineString","coordinates":[[-3.5519,50.40563],[-3.55348,50.40565],[-3.5554,50.40696],[-3.55611,50.40816],[-3.55545,50.41079],[-3.55401,50.41232],[-3.55475,50.41278],[-3.55435,50.41416],[-3.55619,50.41454],[-3.55677,50.41545],[-3.5568,50.41679],[-3.55571,50.41738],[-3.55622,50.41893],[-3.55751,50.41924],[-3.55896,50.42022],[-3.55948,50.42161],[-3.5595,50.42427]]}},{"type":"Feature","properties":{},"geometry":{"type":"LineString","coordinates":[[-3.54464,50.40212],[-3.54613,50.40308]]}},{"type":"Feature","properties":{},"geometry":{"type":"LineString","coordinates":[[-4.18863,50.3177],[-4.18861,50.31776]]}},{"type":"Feature","properties":{},"geometry":{"type":"LineString","coordinates":[[-4.19142,50.31756],[-4.18863,50.3177]]}},{"type":"Feature","properties":{},"geometry":{"type":"LineString","coordinates":[[-5.0291,50.51216],[-5.02982,50.51059],[-5.03185,50.50908]]}},{"type":"Feature","properties":{},"geometry":{"type":"LineString","coordinates":[[-3.57904,50.32575],[-3.57763,50.32603],[-3.57641,50.32505],[-3.57375,50.32631],[-3.57252,50.32604],[-3.571,50.32716],[-3.57008,50.32721]]}},{"type":"Feature","properties":{},"geometry":{"type":"LineString","coordinates":[[-3.57037,50.32765],[-3.57266,50.32806],[-3.57184,50.32919],[-3.57177,50.3303]]}},{"type":"Feature","properties":{},"geometry":{"type":"LineString","coordinates":[[-3.57177,50.3303],[-3.56934,50.33116],[-3.56857,50.332],[-3.56833,50.33317]]}},{"type":"Feature","properties":{},"geometry":{"type":"LineString","coordinates":[[-3.56833,50.33317],[-3.56814,50.33384]]}},{"type":"Feature","properties":{},"geometry":{"type":"LineString","coordinates":[[-3.56349,50.33542],[-3.56567,50.33675],[-3.56581,50.33775],[-3.56502,50.33841],[-3.56706,50.33974],[-3.56613,50.34122],[-3.56519,50.34175]]}},{"type":"Feature","properties":{},"geometry":{"type":"LineString","coordinates":[[-3.56814,50.33384],[-3.56613,50.3339],[-3.56472,50.33446],[-3.56349,50.33542]]}},{"type":"Feature","properties":{},"geometry":{"type":"LineString","coordinates":[[-3.57008,50.32721],[-3.57037,50.32765]]}},{"type":"Feature","properties":{},"geometry":{"type":"LineString","coordinates":[[-1.5114,50.67001],[-1.50842,50.66968],[-1.50727,50.66889]]}},{"type":"Feature","properties":{},"geometry":{"type":"LineString","coordinates":[[-2.29157,50.62274],[-2.28807,50.62296],[-2.2835,50.62249],[-2.27857,50.62213],[-2.27672,50.6217],[-2.27521,50.62097],[-2.2736,50.62197],[-2.27173,50.62127],[-2.27035,50.62163],[-2.26698,50.62112],[-2.26254,50.61936],[-2.26176,50.61862],[-2.26031,50.61821],[-2.25874,50.61836],[-2.25649,50.61781],[-2.2535,50.61787],[-2.25025,50.61732],[-2.24924,50.619],[-2.24644,50.61949],[-2.24476,50.61906],[-2.24371,50.61802],[-2.24476,50.61751],[-2.24494,50.61637],[-2.24258,50.61618]]}},{"type":"Feature","properties":{},"geometry":{"type":"LineString","coordinates":[[-1.23363,50.58615],[-1.23194,50.58685],[-1.22888,50.58712],[-1.22636,50.58812],[-1.22424,50.58867],[-1.22215,50.58878],[-1.22109,50.5894],[-1.21765,50.59036],[-1.21591,50.5911],[-1.21357,50.59147],[-1.20958,50.59305],[-1.20806,50.59318],[-1.20187,50.59284],[-1.19806,50.59376],[-1.19691,50.59445]]}},{"type":"Feature","properties":{},"geometry":{"type":"LineString","coordinates":[[-5.57614,50.05244],[-5.57542,50.05311],[-5.57344,50.05343],[-5.57164,50.05497],[-5.56913,50.05521],[-5.56809,50.05622],[-5.56409,50.05815],[-5.56359,50.05994],[-5.56439,50.06182],[-5.56275,50.06261],[-5.56012,50.06198],[-5.55819,50.06116],[-5.55621,50.06113],[-5.55465,50.0599],[-5.55266,50.06097],[-5.5518,50.06216],[-5.54923,50.06451],[-5.54816,50.06702],[-5.5465,50.06826],[-5.54542,50.0684],[-5.54508,50.06927],[-5.54231,50.07051],[-5.54161,50.07233],[-5.54177,50.07292],[-5.54053,50.07515],[-5.54002,50.07514]]}},{"type":"Feature","properties":{},"geometry":{"type":"LineString","coordinates":[[-5.61854,50.0508],[-5.61692,50.04951],[-5.61549,50.049],[-5.61427,50.04987],[-5.61226,50.04933],[-5.6113,50.04949],[-5.61006,50.04887],[-5.60779,50.04838],[-5.60579,50.04868],[-5.60312,50.05062],[-5.60066,50.05213],[-5.59726,50.05202],[-5.59574,50.05269],[-5.59308,50.05224],[-5.59157,50.0516],[-5.59113,50.05075],[-5.58742,50.05129],[-5.58458,50.05243],[-5.58396,50.05308],[-5.58185,50.05248],[-5.57885,50.05235],[-5.57746,50.05181],[-5.57614,50.05244]]}},{"type":"Feature","properties":{},"geometry":{"type":"LineString","coordinates":[[-5.62876,50.04758],[-5.6257,50.04716],[-5.62538,50.04927],[-5.62421,50.04991],[-5.62096,50.04949],[-5.62002,50.0499],[-5.61989,50.05093],[-5.61854,50.0508]]}},{"type":"Feature","properties":{},"geometry":{"type":"LineString","coordinates":[[-5.72179,50.12037],[-5.72271,50.12147]]}},{"type":"Feature","properties":{},"geometry":{"type":"LineString","coordinates":[[-5.67469,50.16233],[-5.67374,50.16179]]}},{"type":"Feature","properties":{},"geometry":{"type":"LineString","coordinates":[[-5.64543,50.16891],[-5.64624,50.16794],[-5.64871,50.16798],[-5.64974,50.16767],[-5.65112,50.16826],[-5.65275,50.16743],[-5.65358,50.16753],[-5.65515,50.16644],[-5.65646,50.16609],[-5.65618,50.16488],[-5.65724,50.16415],[-5.66047,50.16399],[-5.66253,50.16521],[-5.66541,50.16577],[-5.6677,50.16576],[-5.66831,50.16529]]}},{"type":"Feature","properties":{},"geometry":{"type":"LineString","coordinates":[[-5.69421,50.14301],[-5.69258,50.14217],[-5.69376,50.14084],[-5.69395,50.13967],[-5.6934,50.13811],[-5.69594,50.13662],[-5.69759,50.13643],[-5.69944,50.13699],[-5.70083,50.13675],[-5.7017,50.13549],[-5.70353,50.1355],[-5.705,50.13498],[-5.70391,50.13395],[-5.70419,50.13316],[-5.70344,50.13255],[-5.70215,50.13004],[-5.70379,50.12816],[-5.7044,50.12809],[-5.70774,50.12896],[-5.70929,50.1281],[-5.71031,50.12709],[-5.70948,50.1266],[-5.7057,50.12604],[-5.7054,50.12263],[-5.70468,50.12184],[-5.70236,50.12056]]}},{"type":"Feature","properties":{},"geometry":{"type":"LineString","coordinates":[[-5.58355,50.19572],[-5.58507,50.19542],[-5.58595,50.19404],[-5.58541,50.19207],[-5.58467,50.19144],[-5.58553,50.19084],[-5.58661,50.19164],[-5.58928,50.1919],[-5.58968,50.19053],[-5.59075,50.18915],[-5.592,50.1888],[-5.59279,50.18952],[-5.59444,50.18859],[-5.5964,50.18924],[-5.59749,50.19006],[-5.59813,50.19255],[-5.59899,50.1934],[-5.60074,50.19287],[-5.59959,50.19109],[-5.60046,50.18941],[-5.60288,50.18869],[-5.60301,50.18716],[-5.60565,50.18563],[-5.60759,50.18635],[-5.60987,50.18467],[-5.6083,50.18388],[-5.60814,50.18247],[-5.60686,50.18181],[-5.60786,50.18081],[-5.60985,50.18119],[-5.61043,50.18167],[-5.61325,50.18169],[-5.61504,50.18102],[-5.61526,50.18022],[-5.6187,50.17845],[-5.61809,50.17703],[-5.62067,50.17764],[-5.62141,50.17662],[-5.61993,50.17463],[-5.61997,50.1739]]}},{"type":"Feature","properties":{},"geometry":{"type":"LineString","coordinates":[[-5.5614,50.2029],[-5.56292,50.20133],[-5.56406,50.2014],[-5.5656,50.1997],[-5.56807,50.19956],[-5.56925,50.19888],[-5.57122,50.19838],[-5.5724,50.1986],[-5.57259,50.19988],[-5.57481,50.20098],[-5.57615,50.20049],[-5.57693,50.19921],[-5.57824,50.19915],[-5.5783,50.1973],[-5.57689,50.19571],[-5.57734,50.19498],[-5.58005,50.19552],[-5.58094,50.19432],[-5.5832,50.19485],[-5.58355,50.19572]]}},{"type":"Feature","properties":{},"geometry":{"type":"LineString","coordinates":[[-5.40138,50.24188],[-5.4,50.24206],[-5.39963,50.24277]]}},{"type":"Feature","properties":{},"geometry":{"type":"LineString","coordinates":[[-5.40123,50.24263],[-5.40198,50.24212]]}},{"type":"Feature","properties":{},"geometry":{"type":"LineString","coordinates":[[-5.67374,50.16179],[-5.67469,50.16233]]}},{"type":"Feature","properties":{},"geometry":{"type":"LineString","coordinates":[[-5.31706,50.08324],[-5.31765,50.0851],[-5.31634,50.08522],[-5.31574,50.08296],[-5.31698,50.08223]]}},{"type":"Feature","properties":{},"geometry":{"type":"LineString","coordinates":[[-4.18465,50.36979],[-4.18456,50.36959]]}},{"type":"Feature","properties":{},"geometry":{"type":"LineString","coordinates":[[-4.18456,50.36959],[-4.18532,50.36846],[-4.18547,50.36721],[-4.1805,50.36498],[-4.17916,50.36483],[-4.17557,50.36527],[-4.17158,50.36554],[-4.1692,50.36482],[-4.16844,50.36413],[-4.16669,50.3648],[-4.16708,50.36624],[-4.16656,50.36791],[-4.16514,50.36939],[-4.16341,50.36941],[-4.1658,50.36768],[-4.16628,50.36675],[-4.16397,50.36587],[-4.1637,50.36482],[-4.16273,50.36462],[-4.16318,50.36339],[-4.16491,50.36244],[-4.16717,50.36178],[-4.16724,50.35973]]}},{"type":"Feature","properties":{},"geometry":{"type":"LineString","coordinates":[[-5.16332,50.09183],[-5.16673,50.09114],[-5.17084,50.09051],[-5.17377,50.08853],[-5.17532,50.08855],[-5.17682,50.08939],[-5.1787,50.08734],[-5.17999,50.08749],[-5.17896,50.08869],[-5.17876,50.08958]]}},{"type":"Feature","properties":{},"geometry":{"type":"LineString","coordinates":[[-3.49489,50.40117],[-3.49577,50.40102],[-3.49785,50.40146],[-3.49931,50.40135],[-3.5007,50.40052],[-3.50535,50.39944],[-3.50804,50.39834],[-3.5086,50.39767],[-3.51079,50.39721],[-3.51178,50.39592],[-3.51304,50.39658],[-3.51227,50.3978],[-3.51348,50.39881]]}},{"type":"Feature","properties":{},"geometry":{"type":"LineString","coordinates":[[-3.51348,50.39881],[-3.51694,50.40157],[-3.51918,50.40298],[-3.52053,50.40313],[-3.52136,50.40211],[-3.52275,50.40225]]}},{"type":"Feature","properties":{},"geometry":{"type":"LineString","coordinates":[[-3.50763,50.37918],[-3.50634,50.37985],[-3.5036,50.37991],[-3.5015,50.38053],[-3.50033,50.38051],[-3.49602,50.38148]]}},{"type":"Feature","properties":{},"geometry":{"type":"LineString","coordinates":[[-3.52275,50.40225],[-3.52275,50.4025]]}},{"type":"Feature","properties":{},"geometry":{"type":"LineString","coordinates":[[-3.49602,50.38148],[-3.49748,50.38232],[-3.49819,50.38408],[-3.5009,50.38407],[-3.50299,50.38445],[-3.5038,50.38681],[-3.5033,50.38882],[-3.50209,50.38957],[-3.49992,50.38964],[-3.49732,50.39101],[-3.49743,50.39155],[-3.49539,50.39181],[-3.49469,50.39152],[-3.4929,50.39184],[-3.49178,50.39334],[-3.49011,50.39427],[-3.48896,50.39426],[-3.48959,50.39582],[-3.48919,50.39689],[-3.48803,50.39797],[-3.48474,50.39798],[-3.48262,50.3988],[-3.48241,50.39998],[-3.48368,50.40044],[-3.48576,50.40053],[-3.48683,50.40091],[-3.48818,50.40038],[-3.49077,50.40103],[-3.49285,50.4013],[-3.49489,50.40117]]}},{"type":"Feature","properties":{},"geometry":{"type":"LineString","coordinates":[[-4.14948,50.36233],[-4.14842,50.36234],[-4.147,50.36313]]}},{"type":"Feature","properties":{},"geometry":{"type":"LineString","coordinates":[[-3.68097,50.22241],[-3.67913,50.22166],[-3.67659,50.2216],[-3.67452,50.22101],[-3.67258,50.22119],[-3.67094,50.22066],[-3.66774,50.22041],[-3.66719,50.2209],[-3.66466,50.22012],[-3.66154,50.22078],[-3.65962,50.22046],[-3.65776,50.21841],[-3.65573,50.21793],[-3.65388,50.21925],[-3.6512,50.22063],[-3.65003,50.22185],[-3.6483,50.22181],[-3.64547,50.2223],[-3.64185,50.2218],[-3.64032,50.22291],[-3.6432,50.22381],[-3.645,50.22388],[-3.65038,50.22506],[-3.6518,50.22667],[-3.65398,50.22757],[-3.65486,50.22919],[-3.65592,50.22955],[-3.65725,50.23093],[-3.65891,50.23515],[-3.65886,50.23707],[-3.65954,50.239],[-3.65909,50.23968],[-3.65882,50.24254],[-3.658,50.24437],[-3.65751,50.24461],[-3.65776,50.24699],[-3.65729,50.24804],[-3.6571,50.25024],[-3.65631,50.25323],[-3.65353,50.26153],[-3.65221,50.2634],[-3.65238,50.26438],[-3.65207,50.26735],[-3.65038,50.27254],[-3.64769,50.27984],[-3.64635,50.28306]]}},{"type":"Feature","properties":{},"geometry":{"type":"LineString","coordinates":[[-3.63843,50.2956],[-3.63366,50.30096],[-3.6292,50.30524],[-3.62716,50.30667],[-3.62329,50.30841],[-3.62217,50.30863]]}},{"type":"Feature","properties":{},"geometry":{"type":"LineString","coordinates":[[-3.64635,50.28306],[-3.64465,50.28668],[-3.64263,50.29015],[-3.63843,50.2956]]}},{"type":"Feature","properties":{},"geometry":{"type":"LineString","coordinates":[[-4.89939,50.52609],[-4.89743,50.52554],[-4.89647,50.52155],[-4.89817,50.52254],[-4.89842,50.52414],[-4.89918,50.52486],[-4.89956,50.52619],[-4.90227,50.52661],[-4.90447,50.52723]]}},{"type":"Feature","properties":{},"geometry":{"type":"LineString","coordinates":[[-0.32391,50.81951],[-0.32042,50.82019],[-0.3135,50.8211],[-0.31144,50.82148]]}},{"type":"Feature","properties":{},"geometry":{"type":"LineString","coordinates":[[-0.29057,50.82508],[-0.2867,50.82544],[-0.28362,50.82607],[-0.27814,50.82673],[-0.27622,50.82684],[-0.25958,50.82634],[-0.25154,50.82589],[-0.24947,50.82588]]}},{"type":"Feature","properties":{},"geometry":{"type":"LineString","coordinates":[[-0.31144,50.82148],[-0.3093,50.82179],[-0.30644,50.8226],[-0.30323,50.82321],[-0.29856,50.82377],[-0.29723,50.82376],[-0.29057,50.82508]]}},{"type":"Feature","properties":{},"geometry":{"type":"LineString","coordinates":[[-0.24947,50.82588],[-0.2494,50.82597]]}},{"type":"Feature","properties":{},"geometry":{"type":"LineString","coordinates":[[-0.25609,50.83075],[-0.2605,50.83099],[-0.26688,50.83104],[-0.26704,50.83059],[-0.27248,50.82989],[-0.2756,50.82925],[-0.27917,50.82896],[-0.28388,50.82909],[-0.28496,50.82945],[-0.28046,50.83152],[-0.2817,50.83243],[-0.28439,50.83368],[-0.28541,50.83566],[-0.28812,50.838],[-0.28932,50.83965],[-0.28936,50.84177],[-0.28822,50.84409],[-0.28808,50.84534],[-0.29244,50.84723],[-0.29303,50.84898],[-0.29111,50.85069],[-0.29287,50.8525],[-0.29237,50.85277],[-0.29039,50.85116],[-0.29041,50.84968],[-0.29209,50.8488],[-0.29111,50.84758],[-0.28942,50.84732],[-0.28737,50.84631],[-0.28702,50.84465],[-0.28729,50.84065],[-0.2861,50.83858],[-0.28447,50.83733],[-0.28246,50.83509],[-0.28223,50.8344],[-0.27985,50.83249],[-0.27842,50.83201]]}},{"type":"Feature","properties":{},"geometry":{"type":"LineString","coordinates":[[-0.2494,50.82597],[-0.24851,50.82657],[-0.24903,50.82792],[-0.24988,50.82801],[-0.25109,50.82924],[-0.25165,50.83036],[-0.25463,50.83014],[-0.25609,50.83075]]}},{"type":"Feature","properties":{},"geometry":{"type":"LineString","coordinates":[[-0.33154,50.81767],[-0.32803,50.81893],[-0.32391,50.81951]]}},{"type":"Feature","properties":{},"geometry":{"type":"LineString","coordinates":[[-0.24589,50.82676],[-0.245,50.82823],[-0.24128,50.82834],[-0.23795,50.82799],[-0.23628,50.82877],[-0.23122,50.82875],[-0.22459,50.82838],[-0.21606,50.82759]]}},{"type":"Feature","properties":{},"geometry":{"type":"LineString","coordinates":[[-0.25019,50.83055],[-0.24889,50.83006],[-0.24726,50.83068],[-0.24149,50.83077],[-0.23815,50.83051],[-0.23793,50.82944],[-0.24374,50.8292],[-0.2456,50.82874],[-0.2465,50.82801]]}},{"type":"Feature","properties":{},"geometry":{"type":"LineString","coordinates":[[-0.2465,50.82801],[-0.24525,50.82805],[-0.24589,50.82676]]}},{"type":"Feature","properties":{},"geometry":{"type":"LineString","coordinates":[[-1.39663,50.71674],[-1.40019,50.71657],[-1.40113,50.71677],[-1.40512,50.71686],[-1.40655,50.71671],[-1.40891,50.71595],[-1.4094,50.71594],[-1.40977,50.71659],[-1.40909,50.71697],[-1.40772,50.71795]]}},{"type":"Feature","properties":{},"geometry":{"type":"LineString","coordinates":[[-1.33888,50.82807],[-1.33873,50.82851]]}},{"type":"Feature","properties":{},"geometry":{"type":"LineString","coordinates":[[-1.31378,50.8146],[-1.31281,50.81523],[-1.3134,50.8162],[-1.31469,50.81564],[-1.31584,50.81601],[-1.31742,50.81729],[-1.31867,50.81661]]}},{"type":"Feature","properties":{},"geometry":{"type":"LineString","coordinates":[[-5.10399,50.08732],[-5.10331,50.08727],[-5.10261,50.08861],[-5.10165,50.08921],[-5.09935,50.08856]]}},{"type":"Feature","properties":{},"geometry":{"type":"LineString","coordinates":[[-3.73005,50.20825],[-3.7292,50.2083]]}},{"type":"Feature","properties":{},"geometry":{"type":"LineString","coordinates":[[-4.1852,50.43425],[-4.18406,50.43496],[-4.18369,50.4359],[-4.18147,50.43742],[-4.18001,50.43811],[-4.17679,50.44078],[-4.17616,50.4415],[-4.17556,50.44376],[-4.17344,50.445],[-4.17325,50.44626],[-4.17128,50.44867],[-4.17171,50.44932],[-4.16952,50.45203],[-4.16539,50.45442],[-4.16403,50.45627],[-4.1618,50.45528],[-4.16035,50.45554],[-4.15841,50.45674],[-4.15661,50.45835]]}},{"type":"Feature","properties":{},"geometry":{"type":"LineString","coordinates":[[-4.7836,50.26985],[-4.78262,50.26942]]}},{"type":"Feature","properties":{},"geometry":{"type":"LineString","coordinates":[[-0.90918,50.78194],[-0.91288,50.78081],[-0.9154,50.78075],[-0.9148,50.78294]]}},{"type":"Feature","properties":{},"geometry":{"type":"LineString","coordinates":[[-0.9148,50.78294],[-0.91323,50.78435],[-0.91172,50.78631]]}},{"type":"Feature","properties":{},"geometry":{"type":"LineString","coordinates":[[-0.75445,50.75709],[-0.75567,50.75533],[-0.75817,50.75352],[-0.75972,50.75296],[-0.76155,50.75126],[-0.7635,50.75343],[-0.76343,50.75475],[-0.76612,50.75802],[-0.76878,50.76012],[-0.77141,50.76085],[-0.77574,50.7614],[-0.77888,50.76213],[-0.78398,50.76024],[-0.78683,50.75988]]}},{"type":"Feature","properties":{},"geometry":{"type":"LineString","coordinates":[[-1.93429,50.64159],[-1.93685,50.6412],[-1.93947,50.64117]]}},{"type":"Feature","properties":{},"geometry":{"type":"LineString","coordinates":[[-1.92424,50.64198],[-1.92585,50.64228],[-1.92728,50.64177],[-1.92999,50.6421],[-1.93078,50.64168],[-1.93252,50.64187],[-1.93429,50.64159]]}},{"type":"Feature","properties":{},"geometry":{"type":"LineString","coordinates":[[-1.92416,50.64197],[-1.92424,50.64198]]}},{"type":"Feature","properties":{},"geometry":{"type":"LineString","coordinates":[[-1.38186,50.7805],[-1.38433,50.78016],[-1.38849,50.77881],[-1.38908,50.77825]]}},{"type":"Feature","properties":{},"geometry":{"type":"LineString","coordinates":[[-1.38908,50.77825],[-1.38983,50.7777]]}},{"type":"Feature","properties":{},"geometry":{"type":"LineString","coordinates":[[-1.38983,50.7777],[-1.3857,50.77841],[-1.38422,50.77911],[-1.38201,50.77957],[-1.38186,50.7805]]}},{"type":"Feature","properties":{},"geometry":{"type":"LineString","coordinates":[[-3.54426,50.45669],[-3.54184,50.45803],[-3.54019,50.46051]]}},{"type":"Feature","properties":{},"geometry":{"type":"LineString","coordinates":[[-2.24258,50.61618],[-2.23845,50.616],[-2.23372,50.61595],[-2.22878,50.61608],[-2.22819,50.61693],[-2.22683,50.61714],[-2.22441,50.61667],[-2.22308,50.61694],[-2.22317,50.61842],[-2.22166,50.61963],[-2.22042,50.62009],[-2.21639,50.62061],[-2.21353,50.62062],[-2.20977,50.6211],[-2.20855,50.62205],[-2.2054,50.62223],[-2.20401,50.62149],[-2.19933,50.62268]]}},{"type":"Feature","properties":{},"geometry":{"type":"LineString","coordinates":[[-5.14884,50.40067],[-5.1474,50.4003],[-5.14748,50.39924]]}},{"type":"Feature","properties":{},"geometry":{"type":"LineString","coordinates":[[-5.15481,50.38936],[-5.15726,50.38973]]}},{"type":"Feature","properties":{},"geometry":{"type":"LineString","coordinates":[[-5.12327,50.41309],[-5.12477,50.41294],[-5.12586,50.41214],[-5.12445,50.41066]]}},{"type":"Feature","properties":{},"geometry":{"type":"LineString","coordinates":[[-5.10097,50.42501],[-5.09969,50.42393],[-5.09807,50.4237],[-5.09828,50.42226],[-5.09899,50.4218],[-5.09917,50.42006],[-5.09815,50.41897],[-5.10188,50.41398]]}},{"type":"Feature","properties":{},"geometry":{"type":"LineString","coordinates":[[-5.08242,50.41572],[-5.08349,50.41494],[-5.08516,50.41507],[-5.08651,50.41588],[-5.08689,50.41667],[-5.08848,50.41763],[-5.08664,50.41852],[-5.08708,50.41969],[-5.08809,50.42086]]}},{"type":"Feature","properties":{},"geometry":{"type":"LineString","coordinates":[[-5.04452,50.44156],[-5.04599,50.44079],[-5.04647,50.44009],[-5.04852,50.43874],[-5.0479,50.4374],[-5.0486,50.43613],[-5.04956,50.43544],[-5.05011,50.43421]]}},{"type":"Feature","properties":{},"geometry":{"type":"LineString","coordinates":[[-1.01656,50.82811],[-1.01494,50.82673]]}},{"type":"Feature","properties":{},"geometry":{"type":"LineString","coordinates":[[-1.01494,50.82673],[-1.01491,50.82614]]}},{"type":"Feature","properties":{},"geometry":{"type":"LineString","coordinates":[[-0.91685,50.80422],[-0.91403,50.8026]]}},{"type":"Feature","properties":{},"geometry":{"type":"LineString","coordinates":[[-0.92041,50.82985],[-0.92135,50.83072]]}},{"type":"Feature","properties":{},"geometry":{"type":"LineString","coordinates":[[-0.9536,50.8002],[-0.95279,50.80121],[-0.95617,50.80298],[-0.95726,50.80427],[-0.95869,50.80471],[-0.96005,50.80448],[-0.9608,50.80364],[-0.96223,50.80335]]}},{"type":"Feature","properties":{},"geometry":{"type":"LineString","coordinates":[[-4.70578,50.34549],[-4.70107,50.34373],[-4.70026,50.34449],[-4.70218,50.34618],[-4.69922,50.3468],[-4.6953,50.34647],[-4.6901,50.34556]]}},{"type":"Feature","properties":{},"geometry":{"type":"LineString","coordinates":[[-4.70646,50.34545],[-4.70578,50.34549]]}},{"type":"Feature","properties":{},"geometry":{"type":"LineString","coordinates":[[-1.31429,50.81691],[-1.31442,50.81786],[-1.31629,50.81761],[-1.316,50.8169],[-1.31429,50.81691]]}},{"type":"Feature","properties":{},"geometry":{"type":"LineString","coordinates":[[-0.93781,50.84422],[-0.93615,50.8445],[-0.93202,50.84371],[-0.93097,50.84392]]}},{"type":"Feature","properties":{},"geometry":{"type":"LineString","coordinates":[[-4.18755,50.38405],[-4.18712,50.38379],[-4.18417,50.38435],[-4.18369,50.38275],[-4.18597,50.38215],[-4.1859,50.38133],[-4.18439,50.37689],[-4.18387,50.3758]]}},{"type":"Feature","properties":{},"geometry":{"type":"LineString","coordinates":[[-1.4829,50.75622],[-1.48112,50.75704],[-1.47984,50.75707],[-1.47849,50.75783],[-1.47566,50.75846],[-1.4733,50.75849],[-1.47077,50.75888],[-1.4693,50.75961]]}},{"type":"Feature","properties":{},"geometry":{"type":"LineString","coordinates":[[-1.4693,50.75961],[-1.4677,50.75963],[-1.46511,50.76032],[-1.4661,50.76201],[-1.46621,50.76284],[-1.46514,50.76365],[-1.4646,50.76473],[-1.46287,50.76271],[-1.4627,50.76135],[-1.46067,50.7608],[-1.45933,50.76145]]}},{"type":"Feature","properties":{},"geometry":{"type":"LineString","coordinates":[[-1.28831,50.76295],[-1.28858,50.76278]]}},{"type":"Feature","properties":{},"geometry":{"type":"LineString","coordinates":[[-1.28829,50.76296],[-1.28831,50.76295]]}},{"type":"Feature","properties":{},"geometry":{"type":"LineString","coordinates":[[-1.31867,50.81661],[-1.32035,50.81707],[-1.32269,50.81825]]}},{"type":"Feature","properties":{},"geometry":{"type":"LineString","coordinates":[[-1.31321,50.81423],[-1.31378,50.8146]]}},{"type":"Feature","properties":{},"geometry":{"type":"LineString","coordinates":[[-1.33873,50.82851],[-1.33823,50.82947],[-1.33961,50.83163],[-1.34051,50.83232],[-1.33991,50.83309],[-1.34046,50.83466],[-1.33984,50.83611],[-1.33653,50.83692],[-1.33597,50.83681]]}},{"type":"Feature","properties":{},"geometry":{"type":"LineString","coordinates":[[-1.69254,50.73741],[-1.6893,50.73749],[-1.68049,50.73659],[-1.67577,50.73599],[-1.67174,50.73529],[-1.66908,50.73528],[-1.66177,50.73444],[-1.65891,50.73445],[-1.65508,50.7337],[-1.65464,50.73383],[-1.65028,50.73304],[-1.64857,50.73297],[-1.64703,50.73333],[-1.64224,50.73209],[-1.64045,50.73212],[-1.63014,50.72944]]}},{"type":"Feature","properties":{},"geometry":{"type":"LineString","coordinates":[[-1.54862,50.70792],[-1.55067,50.70911],[-1.55366,50.71257],[-1.55412,50.71186],[-1.55365,50.70909],[-1.55386,50.70858],[-1.55217,50.70723],[-1.55338,50.70662]]}},{"type":"Feature","properties":{},"geometry":{"type":"LineString","coordinates":[[-1.55338,50.70662],[-1.5544,50.70715],[-1.55528,50.70839],[-1.55667,50.70861],[-1.55672,50.70713],[-1.55933,50.70782],[-1.56043,50.70855],[-1.56402,50.70941],[-1.56803,50.71099],[-1.57207,50.71348],[-1.57303,50.71427],[-1.57623,50.71596],[-1.57496,50.71687],[-1.57107,50.71816],[-1.56492,50.72098],[-1.56651,50.72263],[-1.5646,50.72313],[-1.56292,50.72181]]}},{"type":"Feature","properties":{},"geometry":{"type":"LineString","coordinates":[[-1.56292,50.72181],[-1.56127,50.7212],[-1.55914,50.72136],[-1.55509,50.72254],[-1.55458,50.72385],[-1.55235,50.72765],[-1.5501,50.72847],[-1.54665,50.72811],[-1.54583,50.72689],[-1.54318,50.72795],[-1.54073,50.72969],[-1.53594,50.73362],[-1.53531,50.73436],[-1.5334,50.73487],[-1.53089,50.73708],[-1.53093,50.73839],[-1.53183,50.73934],[-1.5312,50.74023],[-1.53343,50.74142],[-1.53478,50.74098],[-1.53815,50.73876],[-1.53509,50.74188],[-1.53696,50.74226],[-1.53684,50.74303],[-1.53468,50.74481],[-1.53401,50.74393],[-1.53288,50.74426],[-1.53064,50.74241],[-1.52591,50.7445]]}},{"type":"Feature","properties":{},"geometry":{"type":"LineString","coordinates":[[-1.63014,50.72944],[-1.62707,50.72866],[-1.61065,50.72504],[-1.60682,50.72414],[-1.59747,50.72229],[-1.59399,50.72133],[-1.59268,50.72119],[-1.58441,50.71918],[-1.58213,50.71838],[-1.57921,50.71686],[-1.57751,50.71557]]}},{"type":"Feature","properties":{},"geometry":{"type":"LineString","coordinates":[[-1.57751,50.71557],[-1.57643,50.71542],[-1.56981,50.71153],[-1.56833,50.71055],[-1.56431,50.70858],[-1.55514,50.70612],[-1.55099,50.70615],[-1.55017,50.70648],[-1.54862,50.70792]]}},{"type":"Feature","properties":{},"geometry":{"type":"LineString","coordinates":[[-4.15863,51.07287],[-4.15845,51.07331],[-4.16434,51.07461],[-4.16947,51.07291],[-4.17346,51.07067],[-4.17209,51.06939],[-4.17403,51.06909]]}},{"type":"Feature","properties":{},"geometry":{"type":"LineString","coordinates":[[-4.15856,51.07284],[-4.15863,51.07287]]}},{"type":"Feature","properties":{},"geometry":{"type":"LineString","coordinates":[[-3.46867,50.57348],[-3.46903,50.57442],[-3.46769,50.57556],[-3.46706,50.57666]]}},{"type":"Feature","properties":{},"geometry":{"type":"LineString","coordinates":[[-3.42514,50.61165],[-3.42478,50.61333],[-3.42523,50.61386],[-3.42768,50.6132],[-3.42834,50.61267]]}},{"type":"Feature","properties":{},"geometry":{"type":"LineString","coordinates":[[-2.04418,50.71788],[-2.0447,50.71854],[-2.04374,50.71924],[-2.04065,50.72009]]}},{"type":"Feature","properties":{},"geometry":{"type":"LineString","coordinates":[[-2.04071,50.72017],[-2.04091,50.72026]]}},{"type":"Feature","properties":{},"geometry":{"type":"LineString","coordinates":[[-2.04065,50.72009],[-2.04071,50.72017]]}},{"type":"Feature","properties":{},"geometry":{"type":"LineString","coordinates":[[0.29171,50.76592],[0.2934,50.76702]]}}]}