{"type":"FeatureCollection","features":[{"type":"Feature","properties":{"pos":51,"gear":"Other gear","gearPct":65,"gears":4,"nat":"United Kingdom","vmax":3,"months":9},"geometry":{"type":"Polygon","coordinates":[[[-6.1664,49.96324],[-6.15135,49.91954],[-6.21956,49.90968],[-6.23467,49.95337],[-6.1664,49.96324]]]}},{"type":"Feature","properties":{"pos":74,"gear":"Other gear","gearPct":84,"gears":3,"nat":"United Kingdom","vmax":4,"months":11},"geometry":{"type":"Polygon","coordinates":[[[-6.15135,49.91954],[-6.13632,49.87583],[-6.20448,49.86598],[-6.21956,49.90968],[-6.15135,49.91954]]]}},{"type":"Feature","properties":{"pos":390,"gear":"Other gear","gearPct":75,"gears":4,"nat":"United Kingdom","vmax":6,"months":12},"geometry":{"type":"Polygon","coordinates":[[[-6.13632,49.87583],[-6.12133,49.83212],[-6.18943,49.82228],[-6.20448,49.86598],[-6.13632,49.87583]]]}},{"type":"Feature","properties":{"pos":101,"gear":"Other gear","gearPct":50,"gears":4,"nat":"United Kingdom","vmax":5,"months":12},"geometry":{"type":"Polygon","coordinates":[[[-6.17362,50.19159],[-6.15844,50.14789],[-6.22697,50.13802],[-6.2422,50.18171],[-6.17362,50.19159]]]}},{"type":"Feature","properties":{"pos":114,"gear":"Other gear","gearPct":81,"gears":3,"nat":"United Kingdom","vmax":4,"months":12},"geometry":{"type":"Polygon","coordinates":[[[-6.15844,50.14789],[-6.14331,50.10419],[-6.21178,50.09433],[-6.22697,50.13802],[-6.15844,50.14789]]]}},{"type":"Feature","properties":{"pos":185,"gear":"Other gear","gearPct":44,"gears":3,"nat":"United Kingdom","vmax":4,"months":12},"geometry":{"type":"Polygon","coordinates":[[[-6.14331,50.10419],[-6.12821,50.06049],[-6.19662,50.05064],[-6.21178,50.09433],[-6.14331,50.10419]]]}},{"type":"Feature","properties":{"pos":21,"gear":"Other gear","gearPct":52,"gears":3,"nat":"United Kingdom","vmax":1,"months":7},"geometry":{"type":"Polygon","coordinates":[[[-6.12821,50.06049],[-6.11314,50.01678],[-6.18149,50.00694],[-6.19662,50.05064],[-6.12821,50.06049]]]}},{"type":"Feature","properties":{"pos":30,"gear":"Other gear","gearPct":97,"gears":2,"nat":"United Kingdom","vmax":3,"months":9},"geometry":{"type":"Polygon","coordinates":[[[-6.11314,50.01678],[-6.09811,49.97307],[-6.1664,49.96324],[-6.18149,50.00694],[-6.11314,50.01678]]]}},{"type":"Feature","properties":{"pos":67,"gear":"Other gear","gearPct":79,"gears":2,"nat":"United Kingdom","vmax":4,"months":11},"geometry":{"type":"Polygon","coordinates":[[[-6.09811,49.97307],[-6.08311,49.92935],[-6.15135,49.91954],[-6.1664,49.96324],[-6.09811,49.97307]]]}},{"type":"Feature","properties":{"pos":281,"gear":"Other gear","gearPct":77,"gears":5,"nat":"United Kingdom","vmax":5,"months":12},"geometry":{"type":"Polygon","coordinates":[[[-6.08311,49.92935],[-6.06814,49.88564],[-6.13632,49.87583],[-6.15135,49.91954],[-6.08311,49.92935]]]}},{"type":"Feature","properties":{"pos":544,"gear":"Other gear","gearPct":70,"gears":4,"nat":"United Kingdom","vmax":9,"months":12},"geometry":{"type":"Polygon","coordinates":[[[-6.06814,49.88564],[-6.05321,49.84192],[-6.12133,49.83212],[-6.13632,49.87583],[-6.06814,49.88564]]]}},{"type":"Feature","properties":{"pos":271,"gear":"Demersal trawl","gearPct":85,"gears":5,"nat":"France","vmax":14,"months":12},"geometry":{"type":"Polygon","coordinates":[[[-6.1658,50.37623],[-6.15055,50.33253],[-6.21934,50.32266],[-6.23465,50.36635],[-6.1658,50.37623]]]}},{"type":"Feature","properties":{"pos":509,"gear":"Demersal trawl","gearPct":79,"gears":6,"nat":"France","vmax":13,"months":12},"geometry":{"type":"Polygon","coordinates":[[[-6.15055,50.33253],[-6.13533,50.28883],[-6.20406,50.27897],[-6.21934,50.32266],[-6.15055,50.33253]]]}},{"type":"Feature","properties":{"pos":361,"gear":"Demersal trawl","gearPct":65,"gears":5,"nat":"France","vmax":8,"months":12},"geometry":{"type":"Polygon","coordinates":[[[-6.13533,50.28883],[-6.12015,50.24513],[-6.18882,50.23528],[-6.20406,50.27897],[-6.13533,50.28883]]]}},{"type":"Feature","properties":{"pos":250,"gear":"Demersal trawl","gearPct":78,"gears":5,"nat":"France","vmax":7,"months":12},"geometry":{"type":"Polygon","coordinates":[[[-6.12015,50.24513],[-6.105,50.20143],[-6.17362,50.19159],[-6.18882,50.23528],[-6.12015,50.24513]]]}},{"type":"Feature","properties":{"pos":192,"gear":"Demersal trawl","gearPct":50,"gears":4,"nat":"France","vmax":8,"months":12},"geometry":{"type":"Polygon","coordinates":[[[-6.105,50.20143],[-6.08989,50.15772],[-6.15844,50.14789],[-6.17362,50.19159],[-6.105,50.20143]]]}},{"type":"Feature","properties":{"pos":131,"gear":"Demersal trawl","gearPct":58,"gears":3,"nat":"France","vmax":4,"months":12},"geometry":{"type":"Polygon","coordinates":[[[-6.08989,50.15772],[-6.07481,50.11401],[-6.14331,50.10419],[-6.15844,50.14789],[-6.08989,50.15772]]]}},{"type":"Feature","properties":{"pos":144,"gear":"Demersal trawl","gearPct":60,"gears":5,"nat":"France","vmax":5,"months":12},"geometry":{"type":"Polygon","coordinates":[[[-6.07481,50.11401],[-6.05977,50.07029],[-6.12821,50.06049],[-6.14331,50.10419],[-6.07481,50.11401]]]}},{"type":"Feature","properties":{"pos":84,"gear":"Other gear","gearPct":55,"gears":4,"nat":"United Kingdom","vmax":4,"months":12},"geometry":{"type":"Polygon","coordinates":[[[-6.05977,50.07029],[-6.04476,50.02658],[-6.11314,50.01678],[-6.12821,50.06049],[-6.05977,50.07029]]]}},{"type":"Feature","properties":{"pos":106,"gear":"Other gear","gearPct":73,"gears":4,"nat":"United Kingdom","vmax":3,"months":12},"geometry":{"type":"Polygon","coordinates":[[[-6.04476,50.02658],[-6.02979,49.98285],[-6.09811,49.97307],[-6.11314,50.01678],[-6.04476,50.02658]]]}},{"type":"Feature","properties":{"pos":206,"gear":"Other gear","gearPct":67,"gears":6,"nat":"United Kingdom","vmax":7,"months":12},"geometry":{"type":"Polygon","coordinates":[[[-6.02979,49.98285],[-6.01485,49.93913],[-6.08311,49.92935],[-6.09811,49.97307],[-6.02979,49.98285]]]}},{"type":"Feature","properties":{"pos":229,"gear":"Other gear","gearPct":60,"gears":4,"nat":"United Kingdom","vmax":8,"months":11},"geometry":{"type":"Polygon","coordinates":[[[-6.01485,49.93913],[-5.99994,49.8954],[-6.06814,49.88564],[-6.08311,49.92935],[-6.01485,49.93913]]]}},{"type":"Feature","properties":{"pos":526,"gear":"Other gear","gearPct":55,"gears":5,"nat":"United Kingdom","vmax":10,"months":12},"geometry":{"type":"Polygon","coordinates":[[[-5.99994,49.8954],[-5.98507,49.85167],[-6.05321,49.84192],[-6.06814,49.88564],[-5.99994,49.8954]]]}},{"type":"Feature","properties":{"pos":691,"gear":"Demersal trawl","gearPct":46,"gears":6,"nat":"United Kingdom","vmax":15,"months":12},"geometry":{"type":"Polygon","coordinates":[[[-6.17341,50.60454],[-6.15804,50.56085],[-6.22716,50.55097],[-6.24259,50.59465],[-6.17341,50.60454]]]}},{"type":"Feature","properties":{"pos":918,"gear":"Demersal trawl","gearPct":62,"gears":6,"nat":"France","vmax":18,"months":12},"geometry":{"type":"Polygon","coordinates":[[[-6.15804,50.56085],[-6.14271,50.51716],[-6.21176,50.50729],[-6.22716,50.55097],[-6.15804,50.56085]]]}},{"type":"Feature","properties":{"pos":665,"gear":"Demersal trawl","gearPct":56,"gears":4,"nat":"France","vmax":14,"months":12},"geometry":{"type":"Polygon","coordinates":[[[-6.14271,50.51716],[-6.12741,50.47346],[-6.19641,50.4636],[-6.21176,50.50729],[-6.14271,50.51716]]]}},{"type":"Feature","properties":{"pos":729,"gear":"Demersal trawl","gearPct":77,"gears":6,"nat":"France","vmax":20,"months":12},"geometry":{"type":"Polygon","coordinates":[[[-6.12741,50.47346],[-6.11215,50.42977],[-6.18108,50.41992],[-6.19641,50.4636],[-6.12741,50.47346]]]}},{"type":"Feature","properties":{"pos":264,"gear":"Demersal trawl","gearPct":80,"gears":5,"nat":"France","vmax":13,"months":12},"geometry":{"type":"Polygon","coordinates":[[[-6.11215,50.42977],[-6.09692,50.38606],[-6.1658,50.37623],[-6.18108,50.41992],[-6.11215,50.42977]]]}},{"type":"Feature","properties":{"pos":414,"gear":"Demersal trawl","gearPct":70,"gears":4,"nat":"France","vmax":12,"months":12},"geometry":{"type":"Polygon","coordinates":[[[-6.09692,50.38606],[-6.08173,50.34236],[-6.15055,50.33253],[-6.1658,50.37623],[-6.09692,50.38606]]]}},{"type":"Feature","properties":{"pos":741,"gear":"Demersal trawl","gearPct":59,"gears":6,"nat":"France","vmax":13,"months":12},"geometry":{"type":"Polygon","coordinates":[[[-6.08173,50.34236],[-6.06657,50.29865],[-6.13533,50.28883],[-6.15055,50.33253],[-6.08173,50.34236]]]}},{"type":"Feature","properties":{"pos":500,"gear":"Beam trawl","gearPct":54,"gears":3,"nat":"United Kingdom","vmax":17,"months":12},"geometry":{"type":"Polygon","coordinates":[[[-6.06657,50.29865],[-6.05145,50.25494],[-6.12015,50.24513],[-6.13533,50.28883],[-6.06657,50.29865]]]}},{"type":"Feature","properties":{"pos":292,"gear":"Demersal trawl","gearPct":43,"gears":6,"nat":"France","vmax":12,"months":12},"geometry":{"type":"Polygon","coordinates":[[[-6.05145,50.25494],[-6.03636,50.21122],[-6.105,50.20143],[-6.12015,50.24513],[-6.05145,50.25494]]]}},{"type":"Feature","properties":{"pos":109,"gear":"Other gear","gearPct":78,"gears":4,"nat":"United Kingdom","vmax":4,"months":12},"geometry":{"type":"Polygon","coordinates":[[[-6.03636,50.21122],[-6.02131,50.16751],[-6.08989,50.15772],[-6.105,50.20143],[-6.03636,50.21122]]]}},{"type":"Feature","properties":{"pos":79,"gear":"Other gear","gearPct":59,"gears":4,"nat":"United Kingdom","vmax":4,"months":12},"geometry":{"type":"Polygon","coordinates":[[[-6.02131,50.16751],[-6.00629,50.12378],[-6.07481,50.11401],[-6.08989,50.15772],[-6.02131,50.16751]]]}},{"type":"Feature","properties":{"pos":153,"gear":"Demersal trawl","gearPct":71,"gears":6,"nat":"France","vmax":5,"months":12},"geometry":{"type":"Polygon","coordinates":[[[-6.00629,50.12378],[-5.9913,50.08006],[-6.05977,50.07029],[-6.07481,50.11401],[-6.00629,50.12378]]]}},{"type":"Feature","properties":{"pos":110,"gear":"Other gear","gearPct":43,"gears":4,"nat":"United Kingdom","vmax":5,"months":11},"geometry":{"type":"Polygon","coordinates":[[[-5.9913,50.08006],[-5.97635,50.03633],[-6.04476,50.02658],[-6.05977,50.07029],[-5.9913,50.08006]]]}},{"type":"Feature","properties":{"pos":131,"gear":"Other gear","gearPct":40,"gears":4,"nat":"United Kingdom","vmax":5,"months":12},"geometry":{"type":"Polygon","coordinates":[[[-5.97635,50.03633],[-5.96144,49.9926],[-6.02979,49.98285],[-6.04476,50.02658],[-5.97635,50.03633]]]}},{"type":"Feature","properties":{"pos":218,"gear":"Other gear","gearPct":59,"gears":6,"nat":"United Kingdom","vmax":6,"months":12},"geometry":{"type":"Polygon","coordinates":[[[-5.96144,49.9926],[-5.94656,49.94886],[-6.01485,49.93913],[-6.02979,49.98285],[-5.96144,49.9926]]]}},{"type":"Feature","properties":{"pos":215,"gear":"Other gear","gearPct":63,"gears":7,"nat":"United Kingdom","vmax":9,"months":12},"geometry":{"type":"Polygon","coordinates":[[[-5.94656,49.94886],[-5.93171,49.90513],[-5.99994,49.8954],[-6.01485,49.93913],[-5.94656,49.94886]]]}},{"type":"Feature","properties":{"pos":477,"gear":"Beam trawl","gearPct":49,"gears":5,"nat":"United Kingdom","vmax":5,"months":12},"geometry":{"type":"Polygon","coordinates":[[[-5.93171,49.90513],[-5.9169,49.86138],[-5.98507,49.85167],[-5.99994,49.8954],[-5.93171,49.90513]]]}},{"type":"Feature","properties":{"pos":328,"gear":"Demersal trawl","gearPct":52,"gears":5,"nat":"France","vmax":12,"months":12},"geometry":{"type":"Polygon","coordinates":[[[-6.16579,50.78915],[-6.15034,50.74546],[-6.21973,50.73558],[-6.23524,50.77926],[-6.16579,50.78915]]]}},{"type":"Feature","properties":{"pos":451,"gear":"Demersal trawl","gearPct":50,"gears":5,"nat":"France","vmax":13,"months":12},"geometry":{"type":"Polygon","coordinates":[[[-6.15034,50.74546],[-6.13493,50.70177],[-6.20425,50.6919],[-6.21973,50.73558],[-6.15034,50.74546]]]}},{"type":"Feature","properties":{"pos":706,"gear":"Demersal trawl","gearPct":51,"gears":6,"nat":"France","vmax":17,"months":12},"geometry":{"type":"Polygon","coordinates":[[[-6.13493,50.70177],[-6.11955,50.65808],[-6.18881,50.64822],[-6.20425,50.6919],[-6.13493,50.70177]]]}},{"type":"Feature","properties":{"pos":643,"gear":"Demersal trawl","gearPct":40,"gears":7,"nat":"United Kingdom","vmax":17,"months":12},"geometry":{"type":"Polygon","coordinates":[[[-6.11955,50.65808],[-6.1042,50.61439],[-6.17341,50.60454],[-6.18881,50.64822],[-6.11955,50.65808]]]}},{"type":"Feature","properties":{"pos":1084,"gear":"Demersal trawl","gearPct":53,"gears":6,"nat":"France","vmax":17,"months":12},"geometry":{"type":"Polygon","coordinates":[[[-6.1042,50.61439],[-6.0889,50.57069],[-6.15804,50.56085],[-6.17341,50.60454],[-6.1042,50.61439]]]}},{"type":"Feature","properties":{"pos":1083,"gear":"Demersal trawl","gearPct":66,"gears":7,"nat":"France","vmax":18,"months":12},"geometry":{"type":"Polygon","coordinates":[[[-6.0889,50.57069],[-6.07362,50.52699],[-6.14271,50.51716],[-6.15804,50.56085],[-6.0889,50.57069]]]}},{"type":"Feature","properties":{"pos":877,"gear":"Demersal trawl","gearPct":70,"gears":6,"nat":"France","vmax":20,"months":12},"geometry":{"type":"Polygon","coordinates":[[[-6.07362,50.52699],[-6.05838,50.48328],[-6.12741,50.47346],[-6.14271,50.51716],[-6.07362,50.52699]]]}},{"type":"Feature","properties":{"pos":251,"gear":"Demersal trawl","gearPct":57,"gears":5,"nat":"France","vmax":13,"months":12},"geometry":{"type":"Polygon","coordinates":[[[-6.05838,50.48328],[-6.04318,50.43957],[-6.11215,50.42977],[-6.12741,50.47346],[-6.05838,50.48328]]]}},{"type":"Feature","properties":{"pos":352,"gear":"Demersal trawl","gearPct":55,"gears":6,"nat":"France","vmax":13,"months":12},"geometry":{"type":"Polygon","coordinates":[[[-6.04318,50.43957],[-6.02801,50.39586],[-6.09692,50.38606],[-6.11215,50.42977],[-6.04318,50.43957]]]}},{"type":"Feature","properties":{"pos":740,"gear":"Demersal trawl","gearPct":60,"gears":6,"nat":"France","vmax":20,"months":12},"geometry":{"type":"Polygon","coordinates":[[[-6.02801,50.39586],[-6.01288,50.35215],[-6.08173,50.34236],[-6.09692,50.38606],[-6.02801,50.39586]]]}},{"type":"Feature","properties":{"pos":616,"gear":"Demersal trawl","gearPct":46,"gears":5,"nat":"France","vmax":18,"months":12},"geometry":{"type":"Polygon","coordinates":[[[-6.01288,50.35215],[-5.99778,50.30843],[-6.06657,50.29865],[-6.08173,50.34236],[-6.01288,50.35215]]]}},{"type":"Feature","properties":{"pos":598,"gear":"Beam trawl","gearPct":52,"gears":7,"nat":"United Kingdom","vmax":15,"months":12},"geometry":{"type":"Polygon","coordinates":[[[-5.99778,50.30843],[-5.98272,50.26471],[-6.05145,50.25494],[-6.06657,50.29865],[-5.99778,50.30843]]]}},{"type":"Feature","properties":{"pos":312,"gear":"Beam trawl","gearPct":43,"gears":6,"nat":"United Kingdom","vmax":14,"months":12},"geometry":{"type":"Polygon","coordinates":[[[-5.98272,50.26471],[-5.96769,50.22098],[-6.03636,50.21122],[-6.05145,50.25494],[-5.98272,50.26471]]]}},{"type":"Feature","properties":{"pos":129,"gear":"Pots & creels","gearPct":50,"gears":7,"nat":"United Kingdom","vmax":3,"months":12},"geometry":{"type":"Polygon","coordinates":[[[-5.96769,50.22098],[-5.9527,50.17725],[-6.02131,50.16751],[-6.03636,50.21122],[-5.96769,50.22098]]]}},{"type":"Feature","properties":{"pos":150,"gear":"Pots & creels","gearPct":73,"gears":3,"nat":"United Kingdom","vmax":3,"months":12},"geometry":{"type":"Polygon","coordinates":[[[-5.9527,50.17725],[-5.93774,50.13352],[-6.00629,50.12378],[-6.02131,50.16751],[-5.9527,50.17725]]]}},{"type":"Feature","properties":{"pos":223,"gear":"Demersal trawl","gearPct":47,"gears":4,"nat":"United Kingdom","vmax":6,"months":12},"geometry":{"type":"Polygon","coordinates":[[[-5.93774,50.13352],[-5.92281,50.08978],[-5.9913,50.08006],[-6.00629,50.12378],[-5.93774,50.13352]]]}},{"type":"Feature","properties":{"pos":427,"gear":"Pots & creels","gearPct":46,"gears":6,"nat":"United Kingdom","vmax":6,"months":12},"geometry":{"type":"Polygon","coordinates":[[[-5.92281,50.08978],[-5.90792,50.04605],[-5.97635,50.03633],[-5.9913,50.08006],[-5.92281,50.08978]]]}},{"type":"Feature","properties":{"pos":509,"gear":"Pots & creels","gearPct":64,"gears":4,"nat":"United Kingdom","vmax":9,"months":12},"geometry":{"type":"Polygon","coordinates":[[[-5.90792,50.04605],[-5.89307,50.0023],[-5.96144,49.9926],[-5.97635,50.03633],[-5.90792,50.04605]]]}},{"type":"Feature","properties":{"pos":337,"gear":"Other gear","gearPct":85,"gears":4,"nat":"United Kingdom","vmax":7,"months":12},"geometry":{"type":"Polygon","coordinates":[[[-5.89307,50.0023],[-5.87824,49.95856],[-5.94656,49.94886],[-5.96144,49.9926],[-5.89307,50.0023]]]}},{"type":"Feature","properties":{"pos":266,"gear":"Other gear","gearPct":84,"gears":6,"nat":"United Kingdom","vmax":5,"months":12},"geometry":{"type":"Polygon","coordinates":[[[-5.87824,49.95856],[-5.86346,49.91481],[-5.93171,49.90513],[-5.94656,49.94886],[-5.87824,49.95856]]]}},{"type":"Feature","properties":{"pos":647,"gear":"Beam trawl","gearPct":50,"gears":5,"nat":"United Kingdom","vmax":8,"months":12},"geometry":{"type":"Polygon","coordinates":[[[-5.86346,49.91481],[-5.8487,49.87106],[-5.9169,49.86138],[-5.93171,49.90513],[-5.86346,49.91481]]]}},{"type":"Feature","properties":{"pos":527,"gear":"Demersal trawl","gearPct":71,"gears":5,"nat":"France","vmax":15,"months":12},"geometry":{"type":"Polygon","coordinates":[[[-6.17381,51.01743],[-6.15824,50.97375],[-6.22796,50.96385],[-6.24359,51.00752],[-6.17381,51.01743]]]}},{"type":"Feature","properties":{"pos":257,"gear":"Beam trawl","gearPct":67,"gears":3,"nat":"Ireland","vmax":9,"months":12},"geometry":{"type":"Polygon","coordinates":[[[-6.15824,50.97375],[-6.14271,50.93007],[-6.21237,50.92018],[-6.22796,50.96385],[-6.15824,50.97375]]]}},{"type":"Feature","properties":{"pos":346,"gear":"Beam trawl","gearPct":74,"gears":5,"nat":"Ireland","vmax":9,"months":12},"geometry":{"type":"Polygon","coordinates":[[[-6.14271,50.93007],[-6.12721,50.88638],[-6.19681,50.87651],[-6.21237,50.92018],[-6.14271,50.93007]]]}},{"type":"Feature","properties":{"pos":270,"gear":"Beam trawl","gearPct":57,"gears":5,"nat":"Ireland","vmax":9,"months":12},"geometry":{"type":"Polygon","coordinates":[[[-6.12721,50.88638],[-6.11175,50.84269],[-6.18128,50.83283],[-6.19681,50.87651],[-6.12721,50.88638]]]}},{"type":"Feature","properties":{"pos":310,"gear":"Beam trawl","gearPct":45,"gears":6,"nat":"France","vmax":13,"months":12},"geometry":{"type":"Polygon","coordinates":[[[-6.11175,50.84269],[-6.09632,50.799],[-6.16579,50.78915],[-6.18128,50.83283],[-6.11175,50.84269]]]}},{"type":"Feature","properties":{"pos":449,"gear":"Demersal trawl","gearPct":45,"gears":5,"nat":"France","vmax":13,"months":12},"geometry":{"type":"Polygon","coordinates":[[[-6.09632,50.799],[-6.08093,50.7553],[-6.15034,50.74546],[-6.16579,50.78915],[-6.09632,50.799]]]}},{"type":"Feature","properties":{"pos":575,"gear":"Demersal trawl","gearPct":44,"gears":6,"nat":"France","vmax":16,"months":12},"geometry":{"type":"Polygon","coordinates":[[[-6.08093,50.7553],[-6.06558,50.7116],[-6.13493,50.70177],[-6.15034,50.74546],[-6.08093,50.7553]]]}},{"type":"Feature","properties":{"pos":817,"gear":"Demersal trawl","gearPct":51,"gears":6,"nat":"France","vmax":18,"months":12},"geometry":{"type":"Polygon","coordinates":[[[-6.06558,50.7116],[-6.05026,50.6679],[-6.11955,50.65808],[-6.13493,50.70177],[-6.06558,50.7116]]]}},{"type":"Feature","properties":{"pos":1033,"gear":"Demersal trawl","gearPct":56,"gears":7,"nat":"France","vmax":20,"months":12},"geometry":{"type":"Polygon","coordinates":[[[-6.05026,50.6679],[-6.03497,50.6242],[-6.1042,50.61439],[-6.11955,50.65808],[-6.05026,50.6679]]]}},{"type":"Feature","properties":{"pos":1299,"gear":"Demersal trawl","gearPct":60,"gears":7,"nat":"France","vmax":21,"months":12},"geometry":{"type":"Polygon","coordinates":[[[-6.03497,50.6242],[-6.01972,50.58049],[-6.0889,50.57069],[-6.1042,50.61439],[-6.03497,50.6242]]]}},{"type":"Feature","properties":{"pos":1522,"gear":"Demersal trawl","gearPct":73,"gears":9,"nat":"France","vmax":21,"months":12},"geometry":{"type":"Polygon","coordinates":[[[-6.01972,50.58049],[-6.00451,50.53677],[-6.07362,50.52699],[-6.0889,50.57069],[-6.01972,50.58049]]]}},{"type":"Feature","properties":{"pos":588,"gear":"Demersal trawl","gearPct":53,"gears":8,"nat":"France","vmax":15,"months":12},"geometry":{"type":"Polygon","coordinates":[[[-6.00451,50.53677],[-5.98933,50.49306],[-6.05838,50.48328],[-6.07362,50.52699],[-6.00451,50.53677]]]}},{"type":"Feature","properties":{"pos":585,"gear":"Demersal trawl","gearPct":49,"gears":5,"nat":"France","vmax":14,"months":12},"geometry":{"type":"Polygon","coordinates":[[[-5.98933,50.49306],[-5.97419,50.44934],[-6.04318,50.43957],[-6.05838,50.48328],[-5.98933,50.49306]]]}},{"type":"Feature","properties":{"pos":717,"gear":"Demersal trawl","gearPct":44,"gears":7,"nat":"France","vmax":21,"months":12},"geometry":{"type":"Polygon","coordinates":[[[-5.97419,50.44934],[-5.95908,50.40562],[-6.02801,50.39586],[-6.04318,50.43957],[-5.97419,50.44934]]]}},{"type":"Feature","properties":{"pos":1042,"gear":"Demersal trawl","gearPct":55,"gears":6,"nat":"France","vmax":16,"months":12},"geometry":{"type":"Polygon","coordinates":[[[-5.95908,50.40562],[-5.94401,50.36189],[-6.01288,50.35215],[-6.02801,50.39586],[-5.95908,50.40562]]]}},{"type":"Feature","properties":{"pos":416,"gear":"Beam trawl","gearPct":34,"gears":5,"nat":"United Kingdom","vmax":15,"months":12},"geometry":{"type":"Polygon","coordinates":[[[-5.94401,50.36189],[-5.92897,50.31816],[-5.99778,50.30843],[-6.01288,50.35215],[-5.94401,50.36189]]]}},{"type":"Feature","properties":{"pos":659,"gear":"Beam trawl","gearPct":49,"gears":5,"nat":"United Kingdom","vmax":18,"months":12},"geometry":{"type":"Polygon","coordinates":[[[-5.92897,50.31816],[-5.91397,50.27443],[-5.98272,50.26471],[-5.99778,50.30843],[-5.92897,50.31816]]]}},{"type":"Feature","properties":{"pos":224,"gear":"Pots & creels","gearPct":75,"gears":5,"nat":"United Kingdom","vmax":4,"months":12},"geometry":{"type":"Polygon","coordinates":[[[-5.91397,50.27443],[-5.899,50.2307],[-5.96769,50.22098],[-5.98272,50.26471],[-5.91397,50.27443]]]}},{"type":"Feature","properties":{"pos":286,"gear":"Pots & creels","gearPct":87,"gears":5,"nat":"United Kingdom","vmax":3,"months":12},"geometry":{"type":"Polygon","coordinates":[[[-5.899,50.2307],[-5.88407,50.18696],[-5.9527,50.17725],[-5.96769,50.22098],[-5.899,50.2307]]]}},{"type":"Feature","properties":{"pos":220,"gear":"Pots & creels","gearPct":86,"gears":4,"nat":"United Kingdom","vmax":3,"months":12},"geometry":{"type":"Polygon","coordinates":[[[-5.88407,50.18696],[-5.86917,50.14321],[-5.93774,50.13352],[-5.9527,50.17725],[-5.88407,50.18696]]]}},{"type":"Feature","properties":{"pos":265,"gear":"Pots & creels","gearPct":54,"gears":5,"nat":"United Kingdom","vmax":5,"months":12},"geometry":{"type":"Polygon","coordinates":[[[-5.86917,50.14321],[-5.8543,50.09947],[-5.92281,50.08978],[-5.93774,50.13352],[-5.86917,50.14321]]]}},{"type":"Feature","properties":{"pos":339,"gear":"Pots & creels","gearPct":77,"gears":6,"nat":"United Kingdom","vmax":6,"months":12},"geometry":{"type":"Polygon","coordinates":[[[-5.8543,50.09947],[-5.83947,50.05572],[-5.90792,50.04605],[-5.92281,50.08978],[-5.8543,50.09947]]]}},{"type":"Feature","properties":{"pos":401,"gear":"Pots & creels","gearPct":72,"gears":6,"nat":"United Kingdom","vmax":9,"months":12},"geometry":{"type":"Polygon","coordinates":[[[-5.83947,50.05572],[-5.82467,50.01197],[-5.89307,50.0023],[-5.90792,50.04605],[-5.83947,50.05572]]]}},{"type":"Feature","properties":{"pos":276,"gear":"Other gear","gearPct":66,"gears":6,"nat":"United Kingdom","vmax":10,"months":12},"geometry":{"type":"Polygon","coordinates":[[[-5.82467,50.01197],[-5.80991,49.96821],[-5.87824,49.95856],[-5.89307,50.0023],[-5.82467,50.01197]]]}},{"type":"Feature","properties":{"pos":511,"gear":"Other gear","gearPct":94,"gears":4,"nat":"United Kingdom","vmax":6,"months":12},"geometry":{"type":"Polygon","coordinates":[[[-5.80991,49.96821],[-5.79518,49.92445],[-5.86346,49.91481],[-5.87824,49.95856],[-5.80991,49.96821]]]}},{"type":"Feature","properties":{"pos":669,"gear":"Other gear","gearPct":53,"gears":4,"nat":"United Kingdom","vmax":11,"months":12},"geometry":{"type":"Polygon","coordinates":[[[-5.79518,49.92445],[-5.78048,49.88069],[-5.8487,49.87106],[-5.86346,49.91481],[-5.79518,49.92445]]]}},{"type":"Feature","properties":{"pos":883,"gear":"Beam trawl","gearPct":63,"gears":7,"nat":"United Kingdom","vmax":14,"months":12},"geometry":{"type":"Polygon","coordinates":[[[-5.78048,49.88069],[-5.76582,49.83693],[-5.83398,49.8273],[-5.8487,49.87106],[-5.78048,49.88069]]]}},{"type":"Feature","properties":{"pos":501,"gear":"Demersal trawl","gearPct":91,"gears":8,"nat":"France","vmax":16,"months":12},"geometry":{"type":"Polygon","coordinates":[[[-6.13513,51.11466],[-6.11955,51.07097],[-6.18942,51.0611],[-6.20507,51.10477],[-6.13513,51.11466]]]}},{"type":"Feature","properties":{"pos":356,"gear":"Demersal trawl","gearPct":92,"gears":6,"nat":"France","vmax":12,"months":12},"geometry":{"type":"Polygon","coordinates":[[[-6.11955,51.07097],[-6.10401,51.02729],[-6.17381,51.01743],[-6.18942,51.0611],[-6.11955,51.07097]]]}},{"type":"Feature","properties":{"pos":379,"gear":"Demersal trawl","gearPct":86,"gears":5,"nat":"France","vmax":11,"months":12},"geometry":{"type":"Polygon","coordinates":[[[-6.10401,51.02729],[-6.0885,50.9836],[-6.15824,50.97375],[-6.17381,51.01743],[-6.10401,51.02729]]]}},{"type":"Feature","properties":{"pos":186,"gear":"Demersal trawl","gearPct":65,"gears":4,"nat":"France","vmax":13,"months":12},"geometry":{"type":"Polygon","coordinates":[[[-6.0885,50.9836],[-6.07302,50.93991],[-6.14271,50.93007],[-6.15824,50.97375],[-6.0885,50.9836]]]}},{"type":"Feature","properties":{"pos":182,"gear":"Beam trawl","gearPct":55,"gears":4,"nat":"France","vmax":11,"months":12},"geometry":{"type":"Polygon","coordinates":[[[-6.07302,50.93991],[-6.05759,50.89621],[-6.12721,50.88638],[-6.14271,50.93007],[-6.07302,50.93991]]]}},{"type":"Feature","properties":{"pos":278,"gear":"Beam trawl","gearPct":56,"gears":4,"nat":"France","vmax":8,"months":12},"geometry":{"type":"Polygon","coordinates":[[[-6.05759,50.89621],[-6.04218,50.85251],[-6.11175,50.84269],[-6.12721,50.88638],[-6.05759,50.89621]]]}},{"type":"Feature","properties":{"pos":272,"gear":"Beam trawl","gearPct":47,"gears":4,"nat":"France","vmax":10,"months":12},"geometry":{"type":"Polygon","coordinates":[[[-6.04218,50.85251],[-6.02682,50.80881],[-6.09632,50.799],[-6.11175,50.84269],[-6.04218,50.85251]]]}},{"type":"Feature","properties":{"pos":440,"gear":"Demersal trawl","gearPct":48,"gears":5,"nat":"France","vmax":15,"months":12},"geometry":{"type":"Polygon","coordinates":[[[-6.02682,50.80881],[-6.01149,50.7651],[-6.08093,50.7553],[-6.09632,50.799],[-6.02682,50.80881]]]}},{"type":"Feature","properties":{"pos":758,"gear":"Demersal trawl","gearPct":54,"gears":7,"nat":"France","vmax":17,"months":12},"geometry":{"type":"Polygon","coordinates":[[[-6.01149,50.7651],[-5.9962,50.72139],[-6.06558,50.7116],[-6.08093,50.7553],[-6.01149,50.7651]]]}},{"type":"Feature","properties":{"pos":1100,"gear":"Demersal trawl","gearPct":58,"gears":5,"nat":"France","vmax":17,"months":12},"geometry":{"type":"Polygon","coordinates":[[[-5.9962,50.72139],[-5.98094,50.67768],[-6.05026,50.6679],[-6.06558,50.7116],[-5.9962,50.72139]]]}},{"type":"Feature","properties":{"pos":1331,"gear":"Demersal trawl","gearPct":53,"gears":6,"nat":"France","vmax":18,"months":12},"geometry":{"type":"Polygon","coordinates":[[[-5.98094,50.67768],[-5.96571,50.63396],[-6.03497,50.6242],[-6.05026,50.6679],[-5.98094,50.67768]]]}},{"type":"Feature","properties":{"pos":1540,"gear":"Demersal trawl","gearPct":59,"gears":7,"nat":"France","vmax":21,"months":12},"geometry":{"type":"Polygon","coordinates":[[[-5.96571,50.63396],[-5.95053,50.59024],[-6.01972,50.58049],[-6.03497,50.6242],[-5.96571,50.63396]]]}},{"type":"Feature","properties":{"pos":1171,"gear":"Demersal trawl","gearPct":61,"gears":7,"nat":"France","vmax":20,"months":12},"geometry":{"type":"Polygon","coordinates":[[[-5.95053,50.59024],[-5.93537,50.54652],[-6.00451,50.53677],[-6.01972,50.58049],[-5.95053,50.59024]]]}},{"type":"Feature","properties":{"pos":1002,"gear":"Demersal trawl","gearPct":65,"gears":7,"nat":"France","vmax":21,"months":12},"geometry":{"type":"Polygon","coordinates":[[[-5.93537,50.54652],[-5.92026,50.50279],[-5.98933,50.49306],[-6.00451,50.53677],[-5.93537,50.54652]]]}},{"type":"Feature","properties":{"pos":1264,"gear":"Demersal trawl","gearPct":45,"gears":5,"nat":"France","vmax":23,"months":12},"geometry":{"type":"Polygon","coordinates":[[[-5.92026,50.50279],[-5.90517,50.45907],[-5.97419,50.44934],[-5.98933,50.49306],[-5.92026,50.50279]]]}},{"type":"Feature","properties":{"pos":1092,"gear":"Beam trawl","gearPct":57,"gears":7,"nat":"United Kingdom","vmax":23,"months":12},"geometry":{"type":"Polygon","coordinates":[[[-5.90517,50.45907],[-5.89013,50.41533],[-5.95908,50.40562],[-5.97419,50.44934],[-5.90517,50.45907]]]}},{"type":"Feature","properties":{"pos":1425,"gear":"Demersal trawl","gearPct":49,"gears":7,"nat":"France","vmax":24,"months":12},"geometry":{"type":"Polygon","coordinates":[[[-5.89013,50.41533],[-5.87511,50.3716],[-5.94401,50.36189],[-5.95908,50.40562],[-5.89013,50.41533]]]}},{"type":"Feature","properties":{"pos":845,"gear":"Beam trawl","gearPct":45,"gears":9,"nat":"United Kingdom","vmax":22,"months":12},"geometry":{"type":"Polygon","coordinates":[[[-5.87511,50.3716],[-5.86014,50.32786],[-5.92897,50.31816],[-5.94401,50.36189],[-5.87511,50.3716]]]}},{"type":"Feature","properties":{"pos":272,"gear":"Beam trawl","gearPct":47,"gears":7,"nat":"United Kingdom","vmax":14,"months":12},"geometry":{"type":"Polygon","coordinates":[[[-5.86014,50.32786],[-5.84519,50.28411],[-5.91397,50.27443],[-5.92897,50.31816],[-5.86014,50.32786]]]}},{"type":"Feature","properties":{"pos":228,"gear":"Pots & creels","gearPct":82,"gears":5,"nat":"United Kingdom","vmax":4,"months":12},"geometry":{"type":"Polygon","coordinates":[[[-5.84519,50.28411],[-5.83028,50.24037],[-5.899,50.2307],[-5.91397,50.27443],[-5.84519,50.28411]]]}},{"type":"Feature","properties":{"pos":313,"gear":"Pots & creels","gearPct":89,"gears":4,"nat":"United Kingdom","vmax":3,"months":12},"geometry":{"type":"Polygon","coordinates":[[[-5.83028,50.24037],[-5.81541,50.19662],[-5.88407,50.18696],[-5.899,50.2307],[-5.83028,50.24037]]]}},{"type":"Feature","properties":{"pos":432,"gear":"Pots & creels","gearPct":89,"gears":4,"nat":"United Kingdom","vmax":4,"months":12},"geometry":{"type":"Polygon","coordinates":[[[-5.81541,50.19662],[-5.80057,50.15287],[-5.86917,50.14321],[-5.88407,50.18696],[-5.81541,50.19662]]]}},{"type":"Feature","properties":{"pos":750,"gear":"Pots & creels","gearPct":87,"gears":3,"nat":"United Kingdom","vmax":5,"months":12},"geometry":{"type":"Polygon","coordinates":[[[-5.80057,50.15287],[-5.78576,50.10911],[-5.8543,50.09947],[-5.86917,50.14321],[-5.80057,50.15287]]]}},{"type":"Feature","properties":{"pos":925,"gear":"Pots & creels","gearPct":84,"gears":5,"nat":"United Kingdom","vmax":8,"months":12},"geometry":{"type":"Polygon","coordinates":[[[-5.78576,50.10911],[-5.77099,50.06535],[-5.83947,50.05572],[-5.8543,50.09947],[-5.78576,50.10911]]]}},{"type":"Feature","properties":{"pos":984,"gear":"Pots & creels","gearPct":73,"gears":4,"nat":"United Kingdom","vmax":11,"months":12},"geometry":{"type":"Polygon","coordinates":[[[-5.77099,50.06535],[-5.75625,50.02159],[-5.82467,50.01197],[-5.83947,50.05572],[-5.77099,50.06535]]]}},{"type":"Feature","properties":{"pos":588,"gear":"Pots & creels","gearPct":48,"gears":4,"nat":"United Kingdom","vmax":11,"months":12},"geometry":{"type":"Polygon","coordinates":[[[-5.75625,50.02159],[-5.74154,49.97782],[-5.80991,49.96821],[-5.82467,50.01197],[-5.75625,50.02159]]]}},{"type":"Feature","properties":{"pos":456,"gear":"Other gear","gearPct":79,"gears":4,"nat":"United Kingdom","vmax":7,"months":12},"geometry":{"type":"Polygon","coordinates":[[[-5.74154,49.97782],[-5.72687,49.93406],[-5.79518,49.92445],[-5.80991,49.96821],[-5.74154,49.97782]]]}},{"type":"Feature","properties":{"pos":427,"gear":"Beam trawl","gearPct":37,"gears":4,"nat":"United Kingdom","vmax":8,"months":12},"geometry":{"type":"Polygon","coordinates":[[[-5.72687,49.93406],[-5.71223,49.89028],[-5.78048,49.88069],[-5.79518,49.92445],[-5.72687,49.93406]]]}},{"type":"Feature","properties":{"pos":568,"gear":"Beam trawl","gearPct":44,"gears":5,"nat":"United Kingdom","vmax":11,"months":12},"geometry":{"type":"Polygon","coordinates":[[[-5.71223,49.89028],[-5.69763,49.84651],[-5.76582,49.83693],[-5.78048,49.88069],[-5.71223,49.89028]]]}},{"type":"Feature","properties":{"pos":633,"gear":"Demersal trawl","gearPct":90,"gears":6,"nat":"France","vmax":14,"months":12},"geometry":{"type":"Polygon","coordinates":[[[-6.04966,51.08081],[-6.03417,51.03711],[-6.10401,51.02729],[-6.11955,51.07097],[-6.04966,51.08081]]]}},{"type":"Feature","properties":{"pos":495,"gear":"Demersal trawl","gearPct":98,"gears":5,"nat":"France","vmax":12,"months":12},"geometry":{"type":"Polygon","coordinates":[[[-6.03417,51.03711],[-6.01872,50.99341],[-6.0885,50.9836],[-6.10401,51.02729],[-6.03417,51.03711]]]}},{"type":"Feature","properties":{"pos":498,"gear":"Demersal trawl","gearPct":95,"gears":4,"nat":"France","vmax":17,"months":12},"geometry":{"type":"Polygon","coordinates":[[[-6.01872,50.99341],[-6.00331,50.94971],[-6.07302,50.93991],[-6.0885,50.9836],[-6.01872,50.99341]]]}},{"type":"Feature","properties":{"pos":572,"gear":"Demersal trawl","gearPct":88,"gears":5,"nat":"France","vmax":16,"months":12},"geometry":{"type":"Polygon","coordinates":[[[-6.00331,50.94971],[-5.98794,50.906],[-6.05759,50.89621],[-6.07302,50.93991],[-6.00331,50.94971]]]}},{"type":"Feature","properties":{"pos":508,"gear":"Demersal trawl","gearPct":83,"gears":5,"nat":"France","vmax":12,"months":12},"geometry":{"type":"Polygon","coordinates":[[[-5.98794,50.906],[-5.9726,50.86229],[-6.04218,50.85251],[-6.05759,50.89621],[-5.98794,50.906]]]}},{"type":"Feature","properties":{"pos":467,"gear":"Demersal trawl","gearPct":58,"gears":6,"nat":"Belgium","vmax":13,"months":12},"geometry":{"type":"Polygon","coordinates":[[[-5.9726,50.86229],[-5.95729,50.81858],[-6.02682,50.80881],[-6.04218,50.85251],[-5.9726,50.86229]]]}},{"type":"Feature","properties":{"pos":545,"gear":"Beam trawl","gearPct":52,"gears":5,"nat":"Belgium","vmax":14,"months":12},"geometry":{"type":"Polygon","coordinates":[[[-5.95729,50.81858],[-5.94202,50.77486],[-6.01149,50.7651],[-6.02682,50.80881],[-5.95729,50.81858]]]}},{"type":"Feature","properties":{"pos":858,"gear":"Beam trawl","gearPct":54,"gears":7,"nat":"France","vmax":15,"months":12},"geometry":{"type":"Polygon","coordinates":[[[-5.94202,50.77486],[-5.92679,50.73114],[-5.9962,50.72139],[-6.01149,50.7651],[-5.94202,50.77486]]]}},{"type":"Feature","properties":{"pos":1061,"gear":"Beam trawl","gearPct":48,"gears":6,"nat":"France","vmax":18,"months":11},"geometry":{"type":"Polygon","coordinates":[[[-5.92679,50.73114],[-5.91159,50.68741],[-5.98094,50.67768],[-5.9962,50.72139],[-5.92679,50.73114]]]}},{"type":"Feature","properties":{"pos":1368,"gear":"Demersal trawl","gearPct":48,"gears":7,"nat":"France","vmax":19,"months":10},"geometry":{"type":"Polygon","coordinates":[[[-5.91159,50.68741],[-5.89643,50.64369],[-5.96571,50.63396],[-5.98094,50.67768],[-5.91159,50.68741]]]}},{"type":"Feature","properties":{"pos":1487,"gear":"Demersal trawl","gearPct":56,"gears":6,"nat":"France","vmax":20,"months":10},"geometry":{"type":"Polygon","coordinates":[[[-5.89643,50.64369],[-5.8813,50.59996],[-5.95053,50.59024],[-5.96571,50.63396],[-5.89643,50.64369]]]}},{"type":"Feature","properties":{"pos":1306,"gear":"Demersal trawl","gearPct":59,"gears":8,"nat":"France","vmax":23,"months":11},"geometry":{"type":"Polygon","coordinates":[[[-5.8813,50.59996],[-5.86621,50.55623],[-5.93537,50.54652],[-5.95053,50.59024],[-5.8813,50.59996]]]}},{"type":"Feature","properties":{"pos":1113,"gear":"Demersal trawl","gearPct":61,"gears":6,"nat":"France","vmax":21,"months":11},"geometry":{"type":"Polygon","coordinates":[[[-5.86621,50.55623],[-5.85115,50.51249],[-5.92026,50.50279],[-5.93537,50.54652],[-5.86621,50.55623]]]}},{"type":"Feature","properties":{"pos":972,"gear":"Beam trawl","gearPct":50,"gears":5,"nat":"France","vmax":23,"months":12},"geometry":{"type":"Polygon","coordinates":[[[-5.85115,50.51249],[-5.83613,50.46875],[-5.90517,50.45907],[-5.92026,50.50279],[-5.85115,50.51249]]]}},{"type":"Feature","properties":{"pos":698,"gear":"Beam trawl","gearPct":54,"gears":4,"nat":"Belgium","vmax":26,"months":12},"geometry":{"type":"Polygon","coordinates":[[[-5.83613,50.46875],[-5.82115,50.42501],[-5.89013,50.41533],[-5.90517,50.45907],[-5.83613,50.46875]]]}},{"type":"Feature","properties":{"pos":1169,"gear":"Demersal trawl","gearPct":57,"gears":5,"nat":"France","vmax":26,"months":12},"geometry":{"type":"Polygon","coordinates":[[[-5.82115,50.42501],[-5.80619,50.38126],[-5.87511,50.3716],[-5.89013,50.41533],[-5.82115,50.42501]]]}},{"type":"Feature","properties":{"pos":706,"gear":"Demersal trawl","gearPct":54,"gears":4,"nat":"France","vmax":23,"months":12},"geometry":{"type":"Polygon","coordinates":[[[-5.80619,50.38126],[-5.79127,50.33751],[-5.86014,50.32786],[-5.87511,50.3716],[-5.80619,50.38126]]]}},{"type":"Feature","properties":{"pos":320,"gear":"Pots & creels","gearPct":88,"gears":5,"nat":"United Kingdom","vmax":3,"months":12},"geometry":{"type":"Polygon","coordinates":[[[-5.79127,50.33751],[-5.77639,50.29376],[-5.84519,50.28411],[-5.86014,50.32786],[-5.79127,50.33751]]]}},{"type":"Feature","properties":{"pos":299,"gear":"Pots & creels","gearPct":84,"gears":4,"nat":"United Kingdom","vmax":3,"months":12},"geometry":{"type":"Polygon","coordinates":[[[-5.77639,50.29376],[-5.76154,50.25],[-5.83028,50.24037],[-5.84519,50.28411],[-5.77639,50.29376]]]}},{"type":"Feature","properties":{"pos":379,"gear":"Pots & creels","gearPct":88,"gears":4,"nat":"United Kingdom","vmax":4,"months":12},"geometry":{"type":"Polygon","coordinates":[[[-5.76154,50.25],[-5.74672,50.20624],[-5.81541,50.19662],[-5.83028,50.24037],[-5.76154,50.25]]]}},{"type":"Feature","properties":{"pos":504,"gear":"Pots & creels","gearPct":82,"gears":4,"nat":"United Kingdom","vmax":7,"months":12},"geometry":{"type":"Polygon","coordinates":[[[-5.74672,50.20624],[-5.73194,50.16248],[-5.80057,50.15287],[-5.81541,50.19662],[-5.74672,50.20624]]]}},{"type":"Feature","properties":{"pos":440,"gear":"Pots & creels","gearPct":80,"gears":5,"nat":"United Kingdom","vmax":8,"months":12},"geometry":{"type":"Polygon","coordinates":[[[-5.73194,50.16248],[-5.7172,50.11871],[-5.78576,50.10911],[-5.80057,50.15287],[-5.73194,50.16248]]]}},{"type":"Feature","properties":{"pos":159,"gear":"Pots & creels","gearPct":75,"gears":4,"nat":"United Kingdom","vmax":6,"months":12},"geometry":{"type":"Polygon","coordinates":[[[-5.7172,50.11871],[-5.70248,50.07494],[-5.77099,50.06535],[-5.78576,50.10911],[-5.7172,50.11871]]]}},{"type":"Feature","properties":{"pos":235,"gear":"Pots & creels","gearPct":62,"gears":7,"nat":"United Kingdom","vmax":10,"months":12},"geometry":{"type":"Polygon","coordinates":[[[-5.70248,50.07494],[-5.6878,50.03117],[-5.75625,50.02159],[-5.77099,50.06535],[-5.70248,50.07494]]]}},{"type":"Feature","properties":{"pos":389,"gear":"Pots & creels","gearPct":53,"gears":6,"nat":"United Kingdom","vmax":11,"months":12},"geometry":{"type":"Polygon","coordinates":[[[-5.6878,50.03117],[-5.67315,49.9874],[-5.74154,49.97782],[-5.75625,50.02159],[-5.6878,50.03117]]]}},{"type":"Feature","properties":{"pos":290,"gear":"Other gear","gearPct":57,"gears":6,"nat":"United Kingdom","vmax":10,"months":12},"geometry":{"type":"Polygon","coordinates":[[[-5.67315,49.9874],[-5.65854,49.94362],[-5.72687,49.93406],[-5.74154,49.97782],[-5.67315,49.9874]]]}},{"type":"Feature","properties":{"pos":395,"gear":"Beam trawl","gearPct":42,"gears":4,"nat":"United Kingdom","vmax":9,"months":12},"geometry":{"type":"Polygon","coordinates":[[[-5.65854,49.94362],[-5.64396,49.89983],[-5.71223,49.89028],[-5.72687,49.93406],[-5.65854,49.94362]]]}},{"type":"Feature","properties":{"pos":458,"gear":"Demersal trawl","gearPct":51,"gears":5,"nat":"United Kingdom","vmax":9,"months":12},"geometry":{"type":"Polygon","coordinates":[[[-5.64396,49.89983],[-5.62942,49.85605],[-5.69763,49.84651],[-5.71223,49.89028],[-5.64396,49.89983]]]}},{"type":"Feature","properties":{"pos":442,"gear":"Demersal trawl","gearPct":90,"gears":5,"nat":"France","vmax":11,"months":12},"geometry":{"type":"Polygon","coordinates":[[[-5.97973,51.0906],[-5.96431,51.04689],[-6.03417,51.03711],[-6.04966,51.08081],[-5.97973,51.0906]]]}},{"type":"Feature","properties":{"pos":460,"gear":"Demersal trawl","gearPct":95,"gears":4,"nat":"France","vmax":10,"months":12},"geometry":{"type":"Polygon","coordinates":[[[-5.96431,51.04689],[-5.94892,51.00318],[-6.01872,50.99341],[-6.03417,51.03711],[-5.96431,51.04689]]]}},{"type":"Feature","properties":{"pos":413,"gear":"Demersal trawl","gearPct":93,"gears":4,"nat":"France","vmax":12,"months":12},"geometry":{"type":"Polygon","coordinates":[[[-5.94892,51.00318],[-5.93357,50.95946],[-6.00331,50.94971],[-6.01872,50.99341],[-5.94892,51.00318]]]}},{"type":"Feature","properties":{"pos":416,"gear":"Demersal trawl","gearPct":87,"gears":4,"nat":"France","vmax":10,"months":11},"geometry":{"type":"Polygon","coordinates":[[[-5.93357,50.95946],[-5.91826,50.91575],[-5.98794,50.906],[-6.00331,50.94971],[-5.93357,50.95946]]]}},{"type":"Feature","properties":{"pos":573,"gear":"Demersal trawl","gearPct":80,"gears":7,"nat":"France","vmax":14,"months":12},"geometry":{"type":"Polygon","coordinates":[[[-5.91826,50.91575],[-5.90298,50.87202],[-5.9726,50.86229],[-5.98794,50.906],[-5.91826,50.91575]]]}},{"type":"Feature","properties":{"pos":454,"gear":"Beam trawl","gearPct":58,"gears":5,"nat":"Belgium","vmax":16,"months":11},"geometry":{"type":"Polygon","coordinates":[[[-5.90298,50.87202],[-5.88774,50.8283],[-5.95729,50.81858],[-5.9726,50.86229],[-5.90298,50.87202]]]}},{"type":"Feature","properties":{"pos":551,"gear":"Beam trawl","gearPct":74,"gears":6,"nat":"Belgium","vmax":14,"months":11},"geometry":{"type":"Polygon","coordinates":[[[-5.88774,50.8283],[-5.87253,50.78457],[-5.94202,50.77486],[-5.95729,50.81858],[-5.88774,50.8283]]]}},{"type":"Feature","properties":{"pos":880,"gear":"Beam trawl","gearPct":61,"gears":6,"nat":"Belgium","vmax":18,"months":12},"geometry":{"type":"Polygon","coordinates":[[[-5.87253,50.78457],[-5.85736,50.74084],[-5.92679,50.73114],[-5.94202,50.77486],[-5.87253,50.78457]]]}},{"type":"Feature","properties":{"pos":1080,"gear":"Beam trawl","gearPct":53,"gears":6,"nat":"France","vmax":19,"months":11},"geometry":{"type":"Polygon","coordinates":[[[-5.85736,50.74084],[-5.84222,50.69711],[-5.91159,50.68741],[-5.92679,50.73114],[-5.85736,50.74084]]]}},{"type":"Feature","properties":{"pos":1522,"gear":"Demersal trawl","gearPct":44,"gears":5,"nat":"France","vmax":19,"months":12},"geometry":{"type":"Polygon","coordinates":[[[-5.84222,50.69711],[-5.82712,50.65337],[-5.89643,50.64369],[-5.91159,50.68741],[-5.84222,50.69711]]]}},{"type":"Feature","properties":{"pos":1445,"gear":"Demersal trawl","gearPct":49,"gears":6,"nat":"France","vmax":24,"months":11},"geometry":{"type":"Polygon","coordinates":[[[-5.82712,50.65337],[-5.81205,50.60963],[-5.8813,50.59996],[-5.89643,50.64369],[-5.82712,50.65337]]]}},{"type":"Feature","properties":{"pos":1329,"gear":"Demersal trawl","gearPct":74,"gears":5,"nat":"France","vmax":20,"months":11},"geometry":{"type":"Polygon","coordinates":[[[-5.81205,50.60963],[-5.79702,50.56589],[-5.86621,50.55623],[-5.8813,50.59996],[-5.81205,50.60963]]]}},{"type":"Feature","properties":{"pos":478,"gear":"Demersal trawl","gearPct":62,"gears":5,"nat":"France","vmax":14,"months":10},"geometry":{"type":"Polygon","coordinates":[[[-5.79702,50.56589],[-5.78203,50.52214],[-5.85115,50.51249],[-5.86621,50.55623],[-5.79702,50.56589]]]}},{"type":"Feature","properties":{"pos":611,"gear":"Demersal trawl","gearPct":55,"gears":5,"nat":"France","vmax":18,"months":12},"geometry":{"type":"Polygon","coordinates":[[[-5.78203,50.52214],[-5.76706,50.47839],[-5.83613,50.46875],[-5.85115,50.51249],[-5.78203,50.52214]]]}},{"type":"Feature","properties":{"pos":509,"gear":"Beam trawl","gearPct":58,"gears":4,"nat":"Belgium","vmax":23,"months":12},"geometry":{"type":"Polygon","coordinates":[[[-5.76706,50.47839],[-5.75214,50.43464],[-5.82115,50.42501],[-5.83613,50.46875],[-5.76706,50.47839]]]}},{"type":"Feature","properties":{"pos":1502,"gear":"Demersal trawl","gearPct":58,"gears":6,"nat":"France","vmax":25,"months":12},"geometry":{"type":"Polygon","coordinates":[[[-5.75214,50.43464],[-5.73724,50.39088],[-5.80619,50.38126],[-5.82115,50.42501],[-5.75214,50.43464]]]}},{"type":"Feature","properties":{"pos":589,"gear":"Beam trawl","gearPct":41,"gears":6,"nat":"United Kingdom","vmax":18,"months":12},"geometry":{"type":"Polygon","coordinates":[[[-5.73724,50.39088],[-5.72239,50.34712],[-5.79127,50.33751],[-5.80619,50.38126],[-5.73724,50.39088]]]}},{"type":"Feature","properties":{"pos":342,"gear":"Pots & creels","gearPct":94,"gears":2,"nat":"United Kingdom","vmax":3,"months":12},"geometry":{"type":"Polygon","coordinates":[[[-5.72239,50.34712],[-5.70756,50.30336],[-5.77639,50.29376],[-5.79127,50.33751],[-5.72239,50.34712]]]}},{"type":"Feature","properties":{"pos":243,"gear":"Pots & creels","gearPct":89,"gears":4,"nat":"United Kingdom","vmax":4,"months":12},"geometry":{"type":"Polygon","coordinates":[[[-5.70756,50.30336],[-5.69277,50.25959],[-5.76154,50.25],[-5.77639,50.29376],[-5.70756,50.30336]]]}},{"type":"Feature","properties":{"pos":236,"gear":"Pots & creels","gearPct":80,"gears":4,"nat":"United Kingdom","vmax":5,"months":12},"geometry":{"type":"Polygon","coordinates":[[[-5.69277,50.25959],[-5.67802,50.21582],[-5.74672,50.20624],[-5.76154,50.25],[-5.69277,50.25959]]]}},{"type":"Feature","properties":{"pos":120,"gear":"Pots & creels","gearPct":72,"gears":4,"nat":"United Kingdom","vmax":5,"months":12},"geometry":{"type":"Polygon","coordinates":[[[-5.67802,50.21582],[-5.66329,50.17205],[-5.73194,50.16248],[-5.74672,50.20624],[-5.67802,50.21582]]]}},{"type":"Feature","properties":{"pos":17,"gear":"Pots & creels","gearPct":65,"gears":5,"nat":"United Kingdom","vmax":1,"months":8},"geometry":{"type":"Polygon","coordinates":[[[-5.66329,50.17205],[-5.6486,50.12827],[-5.7172,50.11871],[-5.73194,50.16248],[-5.66329,50.17205]]]}},{"type":"Feature","properties":{"pos":1,"gear":"Purse seine","gearPct":100,"gears":1,"nat":"United Kingdom","vmax":1,"months":1},"geometry":{"type":"Polygon","coordinates":[[[-5.6486,50.12827],[-5.63395,50.08449],[-5.70248,50.07494],[-5.7172,50.11871],[-5.6486,50.12827]]]}},{"type":"Feature","properties":{"pos":12,"gear":"Purse seine","gearPct":58,"gears":2,"nat":"United Kingdom","vmax":2,"months":8},"geometry":{"type":"Polygon","coordinates":[[[-5.63395,50.08449],[-5.61933,50.04071],[-5.6878,50.03117],[-5.70248,50.07494],[-5.63395,50.08449]]]}},{"type":"Feature","properties":{"pos":318,"gear":"Other gear","gearPct":48,"gears":6,"nat":"United Kingdom","vmax":19,"months":12},"geometry":{"type":"Polygon","coordinates":[[[-5.61933,50.04071],[-5.60474,49.99693],[-5.67315,49.9874],[-5.6878,50.03117],[-5.61933,50.04071]]]}},{"type":"Feature","properties":{"pos":348,"gear":"Other gear","gearPct":45,"gears":7,"nat":"United Kingdom","vmax":9,"months":12},"geometry":{"type":"Polygon","coordinates":[[[-5.60474,49.99693],[-5.59019,49.95314],[-5.65854,49.94362],[-5.67315,49.9874],[-5.60474,49.99693]]]}},{"type":"Feature","properties":{"pos":468,"gear":"Beam trawl","gearPct":58,"gears":4,"nat":"United Kingdom","vmax":9,"months":12},"geometry":{"type":"Polygon","coordinates":[[[-5.59019,49.95314],[-5.57567,49.90935],[-5.64396,49.89983],[-5.65854,49.94362],[-5.59019,49.95314]]]}},{"type":"Feature","properties":{"pos":501,"gear":"Demersal trawl","gearPct":60,"gears":6,"nat":"United Kingdom","vmax":9,"months":12},"geometry":{"type":"Polygon","coordinates":[[[-5.57567,49.90935],[-5.56118,49.86555],[-5.62942,49.85605],[-5.64396,49.89983],[-5.57567,49.90935]]]}},{"type":"Feature","properties":{"pos":410,"gear":"Demersal trawl","gearPct":85,"gears":4,"nat":"Belgium","vmax":12,"months":11},"geometry":{"type":"Polygon","coordinates":[[[-5.90978,51.10034],[-5.89442,51.05662],[-5.96431,51.04689],[-5.97973,51.0906],[-5.90978,51.10034]]]}},{"type":"Feature","properties":{"pos":373,"gear":"Demersal trawl","gearPct":89,"gears":5,"nat":"Belgium","vmax":8,"months":10},"geometry":{"type":"Polygon","coordinates":[[[-5.89442,51.05662],[-5.8791,51.0129],[-5.94892,51.00318],[-5.96431,51.04689],[-5.89442,51.05662]]]}},{"type":"Feature","properties":{"pos":393,"gear":"Demersal trawl","gearPct":87,"gears":3,"nat":"Belgium","vmax":10,"months":11},"geometry":{"type":"Polygon","coordinates":[[[-5.8791,51.0129],[-5.86381,50.96918],[-5.93357,50.95946],[-5.94892,51.00318],[-5.8791,51.0129]]]}},{"type":"Feature","properties":{"pos":510,"gear":"Demersal trawl","gearPct":82,"gears":4,"nat":"France","vmax":11,"months":11},"geometry":{"type":"Polygon","coordinates":[[[-5.86381,50.96918],[-5.84856,50.92545],[-5.91826,50.91575],[-5.93357,50.95946],[-5.86381,50.96918]]]}},{"type":"Feature","properties":{"pos":402,"gear":"Demersal trawl","gearPct":51,"gears":6,"nat":"Belgium","vmax":12,"months":11},"geometry":{"type":"Polygon","coordinates":[[[-5.84856,50.92545],[-5.83334,50.88172],[-5.90298,50.87202],[-5.91826,50.91575],[-5.84856,50.92545]]]}},{"type":"Feature","properties":{"pos":440,"gear":"Beam trawl","gearPct":69,"gears":7,"nat":"Belgium","vmax":15,"months":12},"geometry":{"type":"Polygon","coordinates":[[[-5.83334,50.88172],[-5.81816,50.83798],[-5.88774,50.8283],[-5.90298,50.87202],[-5.83334,50.88172]]]}},{"type":"Feature","properties":{"pos":627,"gear":"Beam trawl","gearPct":76,"gears":5,"nat":"Belgium","vmax":15,"months":11},"geometry":{"type":"Polygon","coordinates":[[[-5.81816,50.83798],[-5.80301,50.79425],[-5.87253,50.78457],[-5.88774,50.8283],[-5.81816,50.83798]]]}},{"type":"Feature","properties":{"pos":993,"gear":"Beam trawl","gearPct":64,"gears":5,"nat":"Belgium","vmax":19,"months":12},"geometry":{"type":"Polygon","coordinates":[[[-5.80301,50.79425],[-5.7879,50.75051],[-5.85736,50.74084],[-5.87253,50.78457],[-5.80301,50.79425]]]}},{"type":"Feature","properties":{"pos":914,"gear":"Beam trawl","gearPct":56,"gears":5,"nat":"United Kingdom","vmax":21,"months":12},"geometry":{"type":"Polygon","coordinates":[[[-5.7879,50.75051],[-5.77283,50.70676],[-5.84222,50.69711],[-5.85736,50.74084],[-5.7879,50.75051]]]}},{"type":"Feature","properties":{"pos":1418,"gear":"Beam trawl","gearPct":46,"gears":5,"nat":"United Kingdom","vmax":25,"months":11},"geometry":{"type":"Polygon","coordinates":[[[-5.77283,50.70676],[-5.75779,50.66301],[-5.82712,50.65337],[-5.84222,50.69711],[-5.77283,50.70676]]]}},{"type":"Feature","properties":{"pos":1356,"gear":"Demersal trawl","gearPct":57,"gears":4,"nat":"France","vmax":28,"months":11},"geometry":{"type":"Polygon","coordinates":[[[-5.75779,50.66301],[-5.74278,50.61926],[-5.81205,50.60963],[-5.82712,50.65337],[-5.75779,50.66301]]]}},{"type":"Feature","properties":{"pos":1099,"gear":"Demersal trawl","gearPct":71,"gears":5,"nat":"France","vmax":22,"months":10},"geometry":{"type":"Polygon","coordinates":[[[-5.74278,50.61926],[-5.72781,50.57551],[-5.79702,50.56589],[-5.81205,50.60963],[-5.74278,50.61926]]]}},{"type":"Feature","properties":{"pos":660,"gear":"Demersal trawl","gearPct":66,"gears":5,"nat":"France","vmax":19,"months":11},"geometry":{"type":"Polygon","coordinates":[[[-5.72781,50.57551],[-5.71287,50.53175],[-5.78203,50.52214],[-5.79702,50.56589],[-5.72781,50.57551]]]}},{"type":"Feature","properties":{"pos":573,"gear":"Demersal trawl","gearPct":70,"gears":5,"nat":"France","vmax":15,"months":12},"geometry":{"type":"Polygon","coordinates":[[[-5.71287,50.53175],[-5.69797,50.48799],[-5.76706,50.47839],[-5.78203,50.52214],[-5.71287,50.53175]]]}},{"type":"Feature","properties":{"pos":524,"gear":"Beam trawl","gearPct":65,"gears":5,"nat":"Belgium","vmax":21,"months":12},"geometry":{"type":"Polygon","coordinates":[[[-5.69797,50.48799],[-5.6831,50.44423],[-5.75214,50.43464],[-5.76706,50.47839],[-5.69797,50.48799]]]}},{"type":"Feature","properties":{"pos":1376,"gear":"Demersal trawl","gearPct":58,"gears":5,"nat":"France","vmax":25,"months":12},"geometry":{"type":"Polygon","coordinates":[[[-5.6831,50.44423],[-5.66827,50.40046],[-5.73724,50.39088],[-5.75214,50.43464],[-5.6831,50.44423]]]}},{"type":"Feature","properties":{"pos":400,"gear":"Beam trawl","gearPct":41,"gears":5,"nat":"United Kingdom","vmax":14,"months":12},"geometry":{"type":"Polygon","coordinates":[[[-5.66827,50.40046],[-5.65347,50.35669],[-5.72239,50.34712],[-5.73724,50.39088],[-5.66827,50.40046]]]}},{"type":"Feature","properties":{"pos":227,"gear":"Pots & creels","gearPct":85,"gears":4,"nat":"United Kingdom","vmax":4,"months":12},"geometry":{"type":"Polygon","coordinates":[[[-5.65347,50.35669],[-5.63871,50.31292],[-5.70756,50.30336],[-5.72239,50.34712],[-5.65347,50.35669]]]}},{"type":"Feature","properties":{"pos":139,"gear":"Pots & creels","gearPct":85,"gears":4,"nat":"United Kingdom","vmax":4,"months":12},"geometry":{"type":"Polygon","coordinates":[[[-5.63871,50.31292],[-5.62398,50.26914],[-5.69277,50.25959],[-5.70756,50.30336],[-5.63871,50.31292]]]}},{"type":"Feature","properties":{"pos":101,"gear":"Pots & creels","gearPct":74,"gears":4,"nat":"United Kingdom","vmax":3,"months":11},"geometry":{"type":"Polygon","coordinates":[[[-5.62398,50.26914],[-5.60928,50.22536],[-5.67802,50.21582],[-5.69277,50.25959],[-5.62398,50.26914]]]}},{"type":"Feature","properties":{"pos":14,"gear":"Other gear","gearPct":57,"gears":3,"nat":"United Kingdom","vmax":2,"months":8},"geometry":{"type":"Polygon","coordinates":[[[-5.60928,50.22536],[-5.59462,50.18158],[-5.66329,50.17205],[-5.67802,50.21582],[-5.60928,50.22536]]]}},{"type":"Feature","properties":{"pos":7,"gear":"Purse seine","gearPct":57,"gears":3,"nat":"United Kingdom","vmax":1,"months":5},"geometry":{"type":"Polygon","coordinates":[[[-5.56539,50.094],[-5.55083,50.05021],[-5.61933,50.04071],[-5.63395,50.08449],[-5.56539,50.094]]]}},{"type":"Feature","properties":{"pos":389,"gear":"Other gear","gearPct":63,"gears":6,"nat":"United Kingdom","vmax":17,"months":12},"geometry":{"type":"Polygon","coordinates":[[[-5.55083,50.05021],[-5.5363,50.00642],[-5.60474,49.99693],[-5.61933,50.04071],[-5.55083,50.05021]]]}},{"type":"Feature","properties":{"pos":297,"gear":"Other gear","gearPct":58,"gears":6,"nat":"United Kingdom","vmax":9,"months":12},"geometry":{"type":"Polygon","coordinates":[[[-5.5363,50.00642],[-5.52181,49.96262],[-5.59019,49.95314],[-5.60474,49.99693],[-5.5363,50.00642]]]}},{"type":"Feature","properties":{"pos":342,"gear":"Demersal trawl","gearPct":45,"gears":6,"nat":"United Kingdom","vmax":8,"months":12},"geometry":{"type":"Polygon","coordinates":[[[-5.52181,49.96262],[-5.50735,49.91881],[-5.57567,49.90935],[-5.59019,49.95314],[-5.52181,49.96262]]]}},{"type":"Feature","properties":{"pos":512,"gear":"Demersal trawl","gearPct":69,"gears":4,"nat":"United Kingdom","vmax":9,"months":12},"geometry":{"type":"Polygon","coordinates":[[[-5.50735,49.91881],[-5.49292,49.87501],[-5.56118,49.86555],[-5.57567,49.90935],[-5.50735,49.91881]]]}},{"type":"Feature","properties":{"pos":624,"gear":"Demersal trawl","gearPct":53,"gears":5,"nat":"United Kingdom","vmax":15,"months":12},"geometry":{"type":"Polygon","coordinates":[[[-5.49292,49.87501],[-5.47852,49.8312],[-5.54672,49.82175],[-5.56118,49.86555],[-5.49292,49.87501]]]}},{"type":"Feature","properties":{"pos":422,"gear":"Demersal trawl","gearPct":90,"gears":4,"nat":"France","vmax":10,"months":11},"geometry":{"type":"Polygon","coordinates":[[[-5.8398,51.11005],[-5.82451,51.06632],[-5.89442,51.05662],[-5.90978,51.10034],[-5.8398,51.11005]]]}},{"type":"Feature","properties":{"pos":433,"gear":"Demersal trawl","gearPct":93,"gears":4,"nat":"France","vmax":11,"months":11},"geometry":{"type":"Polygon","coordinates":[[[-5.82451,51.06632],[-5.80924,51.02259],[-5.8791,51.0129],[-5.89442,51.05662],[-5.82451,51.06632]]]}},{"type":"Feature","properties":{"pos":391,"gear":"Demersal trawl","gearPct":88,"gears":4,"nat":"France","vmax":11,"months":11},"geometry":{"type":"Polygon","coordinates":[[[-5.80924,51.02259],[-5.79402,50.97885],[-5.86381,50.96918],[-5.8791,51.0129],[-5.80924,51.02259]]]}},{"type":"Feature","properties":{"pos":181,"gear":"Beam trawl","gearPct":65,"gears":5,"nat":"Belgium","vmax":13,"months":11},"geometry":{"type":"Polygon","coordinates":[[[-5.79402,50.97885],[-5.77883,50.93511],[-5.84856,50.92545],[-5.86381,50.96918],[-5.79402,50.97885]]]}},{"type":"Feature","properties":{"pos":299,"gear":"Beam trawl","gearPct":78,"gears":7,"nat":"Belgium","vmax":14,"months":11},"geometry":{"type":"Polygon","coordinates":[[[-5.77883,50.93511],[-5.76367,50.89137],[-5.83334,50.88172],[-5.84856,50.92545],[-5.77883,50.93511]]]}},{"type":"Feature","properties":{"pos":403,"gear":"Beam trawl","gearPct":75,"gears":6,"nat":"Belgium","vmax":16,"months":11},"geometry":{"type":"Polygon","coordinates":[[[-5.76367,50.89137],[-5.74855,50.84763],[-5.81816,50.83798],[-5.83334,50.88172],[-5.76367,50.89137]]]}},{"type":"Feature","properties":{"pos":712,"gear":"Beam trawl","gearPct":72,"gears":5,"nat":"Belgium","vmax":19,"months":11},"geometry":{"type":"Polygon","coordinates":[[[-5.74855,50.84763],[-5.73347,50.80388],[-5.80301,50.79425],[-5.81816,50.83798],[-5.74855,50.84763]]]}},{"type":"Feature","properties":{"pos":780,"gear":"Beam trawl","gearPct":69,"gears":6,"nat":"Belgium","vmax":21,"months":11},"geometry":{"type":"Polygon","coordinates":[[[-5.73347,50.80388],[-5.71842,50.76013],[-5.7879,50.75051],[-5.80301,50.79425],[-5.73347,50.80388]]]}},{"type":"Feature","properties":{"pos":1011,"gear":"Beam trawl","gearPct":55,"gears":6,"nat":"France","vmax":24,"months":12},"geometry":{"type":"Polygon","coordinates":[[[-5.71842,50.76013],[-5.7034,50.71637],[-5.77283,50.70676],[-5.7879,50.75051],[-5.71842,50.76013]]]}},{"type":"Feature","properties":{"pos":1045,"gear":"Beam trawl","gearPct":45,"gears":5,"nat":"France","vmax":24,"months":11},"geometry":{"type":"Polygon","coordinates":[[[-5.7034,50.71637],[-5.68842,50.67262],[-5.75779,50.66301],[-5.77283,50.70676],[-5.7034,50.71637]]]}},{"type":"Feature","properties":{"pos":1348,"gear":"Demersal trawl","gearPct":61,"gears":4,"nat":"France","vmax":25,"months":10},"geometry":{"type":"Polygon","coordinates":[[[-5.68842,50.67262],[-5.67348,50.62885],[-5.74278,50.61926],[-5.75779,50.66301],[-5.68842,50.67262]]]}},{"type":"Feature","properties":{"pos":958,"gear":"Demersal trawl","gearPct":68,"gears":6,"nat":"France","vmax":20,"months":11},"geometry":{"type":"Polygon","coordinates":[[[-5.67348,50.62885],[-5.65857,50.58509],[-5.72781,50.57551],[-5.74278,50.61926],[-5.67348,50.62885]]]}},{"type":"Feature","properties":{"pos":847,"gear":"Demersal trawl","gearPct":70,"gears":7,"nat":"France","vmax":17,"months":10},"geometry":{"type":"Polygon","coordinates":[[[-5.65857,50.58509],[-5.64369,50.54132],[-5.71287,50.53175],[-5.72781,50.57551],[-5.65857,50.58509]]]}},{"type":"Feature","properties":{"pos":476,"gear":"Demersal trawl","gearPct":78,"gears":6,"nat":"France","vmax":13,"months":12},"geometry":{"type":"Polygon","coordinates":[[[-5.64369,50.54132],[-5.62885,50.49755],[-5.69797,50.48799],[-5.71287,50.53175],[-5.64369,50.54132]]]}},{"type":"Feature","properties":{"pos":886,"gear":"Beam trawl","gearPct":51,"gears":5,"nat":"France","vmax":23,"months":12},"geometry":{"type":"Polygon","coordinates":[[[-5.62885,50.49755],[-5.61404,50.45378],[-5.6831,50.44423],[-5.69797,50.48799],[-5.62885,50.49755]]]}},{"type":"Feature","properties":{"pos":1457,"gear":"Beam trawl","gearPct":54,"gears":5,"nat":"France","vmax":27,"months":12},"geometry":{"type":"Polygon","coordinates":[[[-5.61404,50.45378],[-5.59927,50.41],[-5.66827,50.40046],[-5.6831,50.44423],[-5.61404,50.45378]]]}},{"type":"Feature","properties":{"pos":146,"gear":"Beam trawl","gearPct":47,"gears":4,"nat":"France","vmax":6,"months":12},"geometry":{"type":"Polygon","coordinates":[[[-5.59927,50.41],[-5.58453,50.36622],[-5.65347,50.35669],[-5.66827,50.40046],[-5.59927,50.41]]]}},{"type":"Feature","properties":{"pos":19,"gear":"Pots & creels","gearPct":68,"gears":3,"nat":"United Kingdom","vmax":2,"months":9},"geometry":{"type":"Polygon","coordinates":[[[-5.58453,50.36622],[-5.56983,50.32244],[-5.63871,50.31292],[-5.65347,50.35669],[-5.58453,50.36622]]]}},{"type":"Feature","properties":{"pos":94,"gear":"Pots & creels","gearPct":74,"gears":4,"nat":"United Kingdom","vmax":3,"months":9},"geometry":{"type":"Polygon","coordinates":[[[-5.56983,50.32244],[-5.55516,50.27865],[-5.62398,50.26914],[-5.63871,50.31292],[-5.56983,50.32244]]]}},{"type":"Feature","properties":{"pos":22,"gear":"Pots & creels","gearPct":64,"gears":2,"nat":"United Kingdom","vmax":3,"months":7},"geometry":{"type":"Polygon","coordinates":[[[-5.55516,50.27865],[-5.54052,50.23486],[-5.60928,50.22536],[-5.62398,50.26914],[-5.55516,50.27865]]]}},{"type":"Feature","properties":{"pos":1,"gear":"Hooks & lines","gearPct":100,"gears":1,"nat":"United Kingdom","vmax":1,"months":1},"geometry":{"type":"Polygon","coordinates":[[[-5.54052,50.23486],[-5.52592,50.19107],[-5.59462,50.18158],[-5.60928,50.22536],[-5.54052,50.23486]]]}},{"type":"Feature","properties":{"pos":1736,"gear":"Other gear","gearPct":67,"gears":8,"nat":"United Kingdom","vmax":54,"months":12},"geometry":{"type":"Polygon","coordinates":[[[-5.51135,50.14727],[-5.49681,50.10347],[-5.56539,50.094],[-5.57999,50.13779],[-5.51135,50.14727]]]}},{"type":"Feature","properties":{"pos":953,"gear":"Other gear","gearPct":68,"gears":8,"nat":"United Kingdom","vmax":34,"months":12},"geometry":{"type":"Polygon","coordinates":[[[-5.49681,50.10347],[-5.48231,50.05967],[-5.55083,50.05021],[-5.56539,50.094],[-5.49681,50.10347]]]}},{"type":"Feature","properties":{"pos":326,"gear":"Other gear","gearPct":82,"gears":6,"nat":"United Kingdom","vmax":14,"months":12},"geometry":{"type":"Polygon","coordinates":[[[-5.48231,50.05967],[-5.46784,50.01586],[-5.5363,50.00642],[-5.55083,50.05021],[-5.48231,50.05967]]]}},{"type":"Feature","properties":{"pos":398,"gear":"Other gear","gearPct":67,"gears":5,"nat":"United Kingdom","vmax":9,"months":12},"geometry":{"type":"Polygon","coordinates":[[[-5.46784,50.01586],[-5.4534,49.97206],[-5.52181,49.96262],[-5.5363,50.00642],[-5.46784,50.01586]]]}},{"type":"Feature","properties":{"pos":264,"gear":"Demersal trawl","gearPct":70,"gears":6,"nat":"France","vmax":5,"months":12},"geometry":{"type":"Polygon","coordinates":[[[-5.4534,49.97206],[-5.439,49.92824],[-5.50735,49.91881],[-5.52181,49.96262],[-5.4534,49.97206]]]}},{"type":"Feature","properties":{"pos":340,"gear":"Demersal trawl","gearPct":77,"gears":4,"nat":"France","vmax":10,"months":12},"geometry":{"type":"Polygon","coordinates":[[[-5.439,49.92824],[-5.42463,49.88443],[-5.49292,49.87501],[-5.50735,49.91881],[-5.439,49.92824]]]}},{"type":"Feature","properties":{"pos":426,"gear":"Demersal trawl","gearPct":72,"gears":5,"nat":"United Kingdom","vmax":10,"months":12},"geometry":{"type":"Polygon","coordinates":[[[-5.42463,49.88443],[-5.41029,49.84061],[-5.47852,49.8312],[-5.49292,49.87501],[-5.42463,49.88443]]]}},{"type":"Feature","properties":{"pos":347,"gear":"Demersal trawl","gearPct":88,"gears":5,"nat":"France","vmax":12,"months":11},"geometry":{"type":"Polygon","coordinates":[[[-5.7698,51.11971],[-5.75456,51.07597],[-5.82451,51.06632],[-5.8398,51.11005],[-5.7698,51.11971]]]}},{"type":"Feature","properties":{"pos":292,"gear":"Demersal trawl","gearPct":83,"gears":4,"nat":"France","vmax":11,"months":11},"geometry":{"type":"Polygon","coordinates":[[[-5.75456,51.07597],[-5.73936,51.03223],[-5.80924,51.02259],[-5.82451,51.06632],[-5.75456,51.07597]]]}},{"type":"Feature","properties":{"pos":160,"gear":"Beam trawl","gearPct":59,"gears":6,"nat":"Belgium","vmax":11,"months":12},"geometry":{"type":"Polygon","coordinates":[[[-5.73936,51.03223],[-5.7242,50.98848],[-5.79402,50.97885],[-5.80924,51.02259],[-5.73936,51.03223]]]}},{"type":"Feature","properties":{"pos":234,"gear":"Beam trawl","gearPct":73,"gears":7,"nat":"Belgium","vmax":13,"months":11},"geometry":{"type":"Polygon","coordinates":[[[-5.7242,50.98848],[-5.70907,50.94473],[-5.77883,50.93511],[-5.79402,50.97885],[-5.7242,50.98848]]]}},{"type":"Feature","properties":{"pos":378,"gear":"Beam trawl","gearPct":75,"gears":6,"nat":"Belgium","vmax":16,"months":11},"geometry":{"type":"Polygon","coordinates":[[[-5.70907,50.94473],[-5.69398,50.90098],[-5.76367,50.89137],[-5.77883,50.93511],[-5.70907,50.94473]]]}},{"type":"Feature","properties":{"pos":424,"gear":"Beam trawl","gearPct":77,"gears":6,"nat":"Belgium","vmax":13,"months":11},"geometry":{"type":"Polygon","coordinates":[[[-5.69398,50.90098],[-5.67892,50.85723],[-5.74855,50.84763],[-5.76367,50.89137],[-5.69398,50.90098]]]}},{"type":"Feature","properties":{"pos":662,"gear":"Beam trawl","gearPct":78,"gears":6,"nat":"Belgium","vmax":21,"months":11},"geometry":{"type":"Polygon","coordinates":[[[-5.67892,50.85723],[-5.6639,50.81347],[-5.73347,50.80388],[-5.74855,50.84763],[-5.67892,50.85723]]]}},{"type":"Feature","properties":{"pos":634,"gear":"Beam trawl","gearPct":79,"gears":6,"nat":"Belgium","vmax":23,"months":11},"geometry":{"type":"Polygon","coordinates":[[[-5.6639,50.81347],[-5.64891,50.76971],[-5.71842,50.76013],[-5.73347,50.80388],[-5.6639,50.81347]]]}},{"type":"Feature","properties":{"pos":701,"gear":"Beam trawl","gearPct":60,"gears":8,"nat":"Belgium","vmax":21,"months":11},"geometry":{"type":"Polygon","coordinates":[[[-5.64891,50.76971],[-5.63395,50.72594],[-5.7034,50.71637],[-5.71842,50.76013],[-5.64891,50.76971]]]}},{"type":"Feature","properties":{"pos":1169,"gear":"Demersal trawl","gearPct":55,"gears":8,"nat":"France","vmax":24,"months":10},"geometry":{"type":"Polygon","coordinates":[[[-5.63395,50.72594],[-5.61904,50.68217],[-5.68842,50.67262],[-5.7034,50.71637],[-5.63395,50.72594]]]}},{"type":"Feature","properties":{"pos":1061,"gear":"Demersal trawl","gearPct":54,"gears":8,"nat":"France","vmax":25,"months":10},"geometry":{"type":"Polygon","coordinates":[[[-5.61904,50.68217],[-5.60415,50.6384],[-5.67348,50.62885],[-5.68842,50.67262],[-5.61904,50.68217]]]}},{"type":"Feature","properties":{"pos":797,"gear":"Demersal trawl","gearPct":61,"gears":7,"nat":"France","vmax":23,"months":10},"geometry":{"type":"Polygon","coordinates":[[[-5.60415,50.6384],[-5.5893,50.59463],[-5.65857,50.58509],[-5.67348,50.62885],[-5.60415,50.6384]]]}},{"type":"Feature","properties":{"pos":959,"gear":"Demersal trawl","gearPct":81,"gears":6,"nat":"France","vmax":19,"months":11},"geometry":{"type":"Polygon","coordinates":[[[-5.5893,50.59463],[-5.57449,50.55085],[-5.64369,50.54132],[-5.65857,50.58509],[-5.5893,50.59463]]]}},{"type":"Feature","properties":{"pos":224,"gear":"Demersal trawl","gearPct":49,"gears":6,"nat":"France","vmax":10,"months":11},"geometry":{"type":"Polygon","coordinates":[[[-5.57449,50.55085],[-5.55971,50.50707],[-5.62885,50.49755],[-5.64369,50.54132],[-5.57449,50.55085]]]}},{"type":"Feature","properties":{"pos":1442,"gear":"Beam trawl","gearPct":57,"gears":4,"nat":"Belgium","vmax":25,"months":12},"geometry":{"type":"Polygon","coordinates":[[[-5.55971,50.50707],[-5.54496,50.46329],[-5.61404,50.45378],[-5.62885,50.49755],[-5.55971,50.50707]]]}},{"type":"Feature","properties":{"pos":1344,"gear":"Beam trawl","gearPct":59,"gears":4,"nat":"Belgium","vmax":29,"months":12},"geometry":{"type":"Polygon","coordinates":[[[-5.54496,50.46329],[-5.53025,50.4195],[-5.59927,50.41],[-5.61404,50.45378],[-5.54496,50.46329]]]}},{"type":"Feature","properties":{"pos":325,"gear":"Beam trawl","gearPct":84,"gears":3,"nat":"Belgium","vmax":8,"months":11},"geometry":{"type":"Polygon","coordinates":[[[-5.53025,50.4195],[-5.51557,50.37571],[-5.58453,50.36622],[-5.59927,50.41],[-5.53025,50.4195]]]}},{"type":"Feature","properties":{"pos":15,"gear":"Beam trawl","gearPct":40,"gears":3,"nat":"United Kingdom","vmax":2,"months":7},"geometry":{"type":"Polygon","coordinates":[[[-5.51557,50.37571],[-5.50093,50.33191],[-5.56983,50.32244],[-5.58453,50.36622],[-5.51557,50.37571]]]}},{"type":"Feature","properties":{"pos":29,"gear":"Other gear","gearPct":52,"gears":3,"nat":"United Kingdom","vmax":2,"months":7},"geometry":{"type":"Polygon","coordinates":[[[-5.50093,50.33191],[-5.48631,50.28812],[-5.55516,50.27865],[-5.56983,50.32244],[-5.50093,50.33191]]]}},{"type":"Feature","properties":{"pos":11,"gear":"Demersal trawl","gearPct":73,"gears":3,"nat":"France","vmax":1,"months":4},"geometry":{"type":"Polygon","coordinates":[[[-5.48631,50.28812],[-5.47174,50.24432],[-5.54052,50.23486],[-5.55516,50.27865],[-5.48631,50.28812]]]}},{"type":"Feature","properties":{"pos":18,"gear":"Demersal trawl","gearPct":44,"gears":5,"nat":"France","vmax":1,"months":6},"geometry":{"type":"Polygon","coordinates":[[[-5.47174,50.24432],[-5.45719,50.20052],[-5.52592,50.19107],[-5.54052,50.23486],[-5.47174,50.24432]]]}},{"type":"Feature","properties":{"pos":102,"gear":"Purse seine","gearPct":56,"gears":2,"nat":"United Kingdom","vmax":5,"months":10},"geometry":{"type":"Polygon","coordinates":[[[-5.44268,50.15671],[-5.42821,50.1129],[-5.49681,50.10347],[-5.51135,50.14727],[-5.44268,50.15671]]]}},{"type":"Feature","properties":{"pos":185,"gear":"Other gear","gearPct":54,"gears":7,"nat":"United Kingdom","vmax":9,"months":12},"geometry":{"type":"Polygon","coordinates":[[[-5.42821,50.1129],[-5.41376,50.06909],[-5.48231,50.05967],[-5.49681,50.10347],[-5.42821,50.1129]]]}},{"type":"Feature","properties":{"pos":105,"gear":"Other gear","gearPct":64,"gears":5,"nat":"United Kingdom","vmax":8,"months":12},"geometry":{"type":"Polygon","coordinates":[[[-5.41376,50.06909],[-5.39935,50.02527],[-5.46784,50.01586],[-5.48231,50.05967],[-5.41376,50.06909]]]}},{"type":"Feature","properties":{"pos":28,"gear":"Other gear","gearPct":57,"gears":4,"nat":"United Kingdom","vmax":4,"months":11},"geometry":{"type":"Polygon","coordinates":[[[-5.39935,50.02527],[-5.38498,49.98145],[-5.4534,49.97206],[-5.46784,50.01586],[-5.39935,50.02527]]]}},{"type":"Feature","properties":{"pos":67,"gear":"Other gear","gearPct":51,"gears":5,"nat":"United Kingdom","vmax":3,"months":12},"geometry":{"type":"Polygon","coordinates":[[[-5.38498,49.98145],[-5.37063,49.93763],[-5.439,49.92824],[-5.4534,49.97206],[-5.38498,49.98145]]]}},{"type":"Feature","properties":{"pos":238,"gear":"Demersal trawl","gearPct":92,"gears":5,"nat":"France","vmax":7,"months":12},"geometry":{"type":"Polygon","coordinates":[[[-5.37063,49.93763],[-5.35632,49.89381],[-5.42463,49.88443],[-5.439,49.92824],[-5.37063,49.93763]]]}},{"type":"Feature","properties":{"pos":325,"gear":"Demersal trawl","gearPct":90,"gears":3,"nat":"France","vmax":10,"months":12},"geometry":{"type":"Polygon","coordinates":[[[-5.35632,49.89381],[-5.34204,49.84998],[-5.41029,49.84061],[-5.42463,49.88443],[-5.35632,49.89381]]]}},{"type":"Feature","properties":{"pos":105,"gear":"Beam trawl","gearPct":88,"gears":5,"nat":"Belgium","vmax":11,"months":11},"geometry":{"type":"Polygon","coordinates":[[[-5.6846,51.08558],[-5.66946,51.04183],[-5.73936,51.03223],[-5.75456,51.07597],[-5.6846,51.08558]]]}},{"type":"Feature","properties":{"pos":200,"gear":"Beam trawl","gearPct":83,"gears":6,"nat":"Belgium","vmax":18,"months":11},"geometry":{"type":"Polygon","coordinates":[[[-5.66946,51.04183],[-5.65436,50.99807],[-5.7242,50.98848],[-5.73936,51.03223],[-5.66946,51.04183]]]}},{"type":"Feature","properties":{"pos":243,"gear":"Beam trawl","gearPct":61,"gears":6,"nat":"Belgium","vmax":12,"months":11},"geometry":{"type":"Polygon","coordinates":[[[-5.65436,50.99807],[-5.63929,50.95431],[-5.70907,50.94473],[-5.7242,50.98848],[-5.65436,50.99807]]]}},{"type":"Feature","properties":{"pos":262,"gear":"Beam trawl","gearPct":65,"gears":6,"nat":"Belgium","vmax":9,"months":12},"geometry":{"type":"Polygon","coordinates":[[[-5.63929,50.95431],[-5.62426,50.91055],[-5.69398,50.90098],[-5.70907,50.94473],[-5.63929,50.95431]]]}},{"type":"Feature","properties":{"pos":455,"gear":"Beam trawl","gearPct":77,"gears":6,"nat":"Belgium","vmax":16,"months":11},"geometry":{"type":"Polygon","coordinates":[[[-5.62426,50.91055],[-5.60926,50.86679],[-5.67892,50.85723],[-5.69398,50.90098],[-5.62426,50.91055]]]}},{"type":"Feature","properties":{"pos":573,"gear":"Beam trawl","gearPct":76,"gears":6,"nat":"Belgium","vmax":21,"months":11},"geometry":{"type":"Polygon","coordinates":[[[-5.60926,50.86679],[-5.5943,50.82302],[-5.6639,50.81347],[-5.67892,50.85723],[-5.60926,50.86679]]]}},{"type":"Feature","properties":{"pos":621,"gear":"Beam trawl","gearPct":75,"gears":5,"nat":"Belgium","vmax":22,"months":11},"geometry":{"type":"Polygon","coordinates":[[[-5.5943,50.82302],[-5.57937,50.77925],[-5.64891,50.76971],[-5.6639,50.81347],[-5.5943,50.82302]]]}},{"type":"Feature","properties":{"pos":715,"gear":"Beam trawl","gearPct":59,"gears":5,"nat":"Belgium","vmax":19,"months":10},"geometry":{"type":"Polygon","coordinates":[[[-5.57937,50.77925],[-5.56448,50.73547],[-5.63395,50.72594],[-5.64891,50.76971],[-5.57937,50.77925]]]}},{"type":"Feature","properties":{"pos":943,"gear":"Demersal trawl","gearPct":60,"gears":5,"nat":"France","vmax":23,"months":10},"geometry":{"type":"Polygon","coordinates":[[[-5.56448,50.73547],[-5.54962,50.69169],[-5.61904,50.68217],[-5.63395,50.72594],[-5.56448,50.73547]]]}},{"type":"Feature","properties":{"pos":1044,"gear":"Demersal trawl","gearPct":57,"gears":7,"nat":"France","vmax":24,"months":10},"geometry":{"type":"Polygon","coordinates":[[[-5.54962,50.69169],[-5.5348,50.64791],[-5.60415,50.6384],[-5.61904,50.68217],[-5.54962,50.69169]]]}},{"type":"Feature","properties":{"pos":877,"gear":"Demersal trawl","gearPct":60,"gears":8,"nat":"France","vmax":20,"months":11},"geometry":{"type":"Polygon","coordinates":[[[-5.5348,50.64791],[-5.52001,50.60413],[-5.5893,50.59463],[-5.60415,50.6384],[-5.5348,50.64791]]]}},{"type":"Feature","properties":{"pos":698,"gear":"Demersal trawl","gearPct":70,"gears":7,"nat":"France","vmax":21,"months":11},"geometry":{"type":"Polygon","coordinates":[[[-5.52001,50.60413],[-5.50526,50.56034],[-5.57449,50.55085],[-5.5893,50.59463],[-5.52001,50.60413]]]}},{"type":"Feature","properties":{"pos":600,"gear":"Demersal trawl","gearPct":65,"gears":6,"nat":"France","vmax":16,"months":11},"geometry":{"type":"Polygon","coordinates":[[[-5.50526,50.56034],[-5.49054,50.51655],[-5.55971,50.50707],[-5.57449,50.55085],[-5.50526,50.56034]]]}},{"type":"Feature","properties":{"pos":1560,"gear":"Beam trawl","gearPct":59,"gears":6,"nat":"Belgium","vmax":19,"months":12},"geometry":{"type":"Polygon","coordinates":[[[-5.49054,50.51655],[-5.47585,50.47275],[-5.54496,50.46329],[-5.55971,50.50707],[-5.49054,50.51655]]]}},{"type":"Feature","properties":{"pos":1674,"gear":"Beam trawl","gearPct":61,"gears":4,"nat":"Belgium","vmax":30,"months":12},"geometry":{"type":"Polygon","coordinates":[[[-5.47585,50.47275],[-5.4612,50.42896],[-5.53025,50.4195],[-5.54496,50.46329],[-5.47585,50.47275]]]}},{"type":"Feature","properties":{"pos":358,"gear":"Beam trawl","gearPct":83,"gears":3,"nat":"Belgium","vmax":8,"months":9},"geometry":{"type":"Polygon","coordinates":[[[-5.4612,50.42896],[-5.44658,50.38515],[-5.51557,50.37571],[-5.53025,50.4195],[-5.4612,50.42896]]]}},{"type":"Feature","properties":{"pos":72,"gear":"Beam trawl","gearPct":67,"gears":2,"nat":"United Kingdom","vmax":6,"months":6},"geometry":{"type":"Polygon","coordinates":[[[-5.44658,50.38515],[-5.432,50.34135],[-5.50093,50.33191],[-5.51557,50.37571],[-5.44658,50.38515]]]}},{"type":"Feature","properties":{"pos":13,"gear":"Other gear","gearPct":77,"gears":2,"nat":"United Kingdom","vmax":2,"months":3},"geometry":{"type":"Polygon","coordinates":[[[-5.432,50.34135],[-5.41745,50.29754],[-5.48631,50.28812],[-5.50093,50.33191],[-5.432,50.34135]]]}},{"type":"Feature","properties":{"pos":5,"gear":"Demersal trawl","gearPct":80,"gears":2,"nat":"France","vmax":1,"months":3},"geometry":{"type":"Polygon","coordinates":[[[-5.41745,50.29754],[-5.40293,50.25373],[-5.47174,50.24432],[-5.48631,50.28812],[-5.41745,50.29754]]]}},{"type":"Feature","properties":{"pos":29,"gear":"Demersal trawl","gearPct":52,"gears":5,"nat":"France","vmax":1,"months":4},"geometry":{"type":"Polygon","coordinates":[[[-5.40293,50.25373],[-5.38844,50.20992],[-5.45719,50.20052],[-5.47174,50.24432],[-5.40293,50.25373]]]}},{"type":"Feature","properties":{"pos":1,"gear":"Hooks & lines","gearPct":100,"gears":1,"nat":"United Kingdom","vmax":1,"months":1},"geometry":{"type":"Polygon","coordinates":[[[-5.38844,50.20992],[-5.37399,50.1661],[-5.44268,50.15671],[-5.45719,50.20052],[-5.38844,50.20992]]]}},{"type":"Feature","properties":{"pos":14,"gear":"Purse seine","gearPct":57,"gears":2,"nat":"United Kingdom","vmax":3,"months":6},"geometry":{"type":"Polygon","coordinates":[[[-5.35958,50.12229],[-5.34519,50.07846],[-5.41376,50.06909],[-5.42821,50.1129],[-5.35958,50.12229]]]}},{"type":"Feature","properties":{"pos":37,"gear":"Purse seine","gearPct":59,"gears":4,"nat":"United Kingdom","vmax":5,"months":8},"geometry":{"type":"Polygon","coordinates":[[[-5.34519,50.07846],[-5.33084,50.03464],[-5.39935,50.02527],[-5.41376,50.06909],[-5.34519,50.07846]]]}},{"type":"Feature","properties":{"pos":24,"gear":"Other gear","gearPct":88,"gears":3,"nat":"United Kingdom","vmax":5,"months":10},"geometry":{"type":"Polygon","coordinates":[[[-5.33084,50.03464],[-5.31652,49.99081],[-5.38498,49.98145],[-5.39935,50.02527],[-5.33084,50.03464]]]}},{"type":"Feature","properties":{"pos":109,"gear":"Other gear","gearPct":64,"gears":3,"nat":"United Kingdom","vmax":4,"months":12},"geometry":{"type":"Polygon","coordinates":[[[-5.31652,49.99081],[-5.30224,49.94698],[-5.37063,49.93763],[-5.38498,49.98145],[-5.31652,49.99081]]]}},{"type":"Feature","properties":{"pos":13,"gear":"Other gear","gearPct":38,"gears":4,"nat":"Ireland","vmax":2,"months":7},"geometry":{"type":"Polygon","coordinates":[[[-5.30224,49.94698],[-5.28799,49.90314],[-5.35632,49.89381],[-5.37063,49.93763],[-5.30224,49.94698]]]}},{"type":"Feature","properties":{"pos":123,"gear":"Demersal trawl","gearPct":96,"gears":3,"nat":"France","vmax":5,"months":12},"geometry":{"type":"Polygon","coordinates":[[[-5.28799,49.90314],[-5.27377,49.8593],[-5.34204,49.84998],[-5.35632,49.89381],[-5.28799,49.90314]]]}},{"type":"Feature","properties":{"pos":157,"gear":"Beam trawl","gearPct":78,"gears":6,"nat":"Belgium","vmax":10,"months":11},"geometry":{"type":"Polygon","coordinates":[[[-5.6146,51.09515],[-5.59952,51.05139],[-5.66946,51.04183],[-5.6846,51.08558],[-5.6146,51.09515]]]}},{"type":"Feature","properties":{"pos":181,"gear":"Beam trawl","gearPct":72,"gears":6,"nat":"Belgium","vmax":14,"months":11},"geometry":{"type":"Polygon","coordinates":[[[-5.59952,51.05139],[-5.58448,51.00762],[-5.65436,50.99807],[-5.66946,51.04183],[-5.59952,51.05139]]]}},{"type":"Feature","properties":{"pos":229,"gear":"Beam trawl","gearPct":55,"gears":6,"nat":"Belgium","vmax":7,"months":11},"geometry":{"type":"Polygon","coordinates":[[[-5.58448,51.00762],[-5.56948,50.96385],[-5.63929,50.95431],[-5.65436,50.99807],[-5.58448,51.00762]]]}},{"type":"Feature","properties":{"pos":312,"gear":"Beam trawl","gearPct":75,"gears":7,"nat":"Belgium","vmax":11,"months":11},"geometry":{"type":"Polygon","coordinates":[[[-5.56948,50.96385],[-5.55451,50.92008],[-5.62426,50.91055],[-5.63929,50.95431],[-5.56948,50.96385]]]}},{"type":"Feature","properties":{"pos":509,"gear":"Beam trawl","gearPct":86,"gears":5,"nat":"Belgium","vmax":17,"months":11},"geometry":{"type":"Polygon","coordinates":[[[-5.55451,50.92008],[-5.53957,50.8763],[-5.60926,50.86679],[-5.62426,50.91055],[-5.55451,50.92008]]]}},{"type":"Feature","properties":{"pos":708,"gear":"Beam trawl","gearPct":82,"gears":5,"nat":"Belgium","vmax":24,"months":11},"geometry":{"type":"Polygon","coordinates":[[[-5.53957,50.8763],[-5.52467,50.83252],[-5.5943,50.82302],[-5.60926,50.86679],[-5.53957,50.8763]]]}},{"type":"Feature","properties":{"pos":648,"gear":"Beam trawl","gearPct":77,"gears":5,"nat":"Belgium","vmax":25,"months":11},"geometry":{"type":"Polygon","coordinates":[[[-5.52467,50.83252],[-5.50981,50.78874],[-5.57937,50.77925],[-5.5943,50.82302],[-5.52467,50.83252]]]}},{"type":"Feature","properties":{"pos":711,"gear":"Beam trawl","gearPct":59,"gears":6,"nat":"Belgium","vmax":27,"months":11},"geometry":{"type":"Polygon","coordinates":[[[-5.50981,50.78874],[-5.49498,50.74496],[-5.56448,50.73547],[-5.57937,50.77925],[-5.50981,50.78874]]]}},{"type":"Feature","properties":{"pos":837,"gear":"Demersal trawl","gearPct":64,"gears":6,"nat":"France","vmax":23,"months":12},"geometry":{"type":"Polygon","coordinates":[[[-5.49498,50.74496],[-5.48018,50.70117],[-5.54962,50.69169],[-5.56448,50.73547],[-5.49498,50.74496]]]}},{"type":"Feature","properties":{"pos":936,"gear":"Demersal trawl","gearPct":61,"gears":7,"nat":"France","vmax":21,"months":10},"geometry":{"type":"Polygon","coordinates":[[[-5.48018,50.70117],[-5.46542,50.65738],[-5.5348,50.64791],[-5.54962,50.69169],[-5.48018,50.70117]]]}},{"type":"Feature","properties":{"pos":1002,"gear":"Demersal trawl","gearPct":65,"gears":5,"nat":"France","vmax":23,"months":10},"geometry":{"type":"Polygon","coordinates":[[[-5.46542,50.65738],[-5.45069,50.61358],[-5.52001,50.60413],[-5.5348,50.64791],[-5.46542,50.65738]]]}},{"type":"Feature","properties":{"pos":510,"gear":"Demersal trawl","gearPct":59,"gears":6,"nat":"France","vmax":16,"months":10},"geometry":{"type":"Polygon","coordinates":[[[-5.45069,50.61358],[-5.436,50.56978],[-5.50526,50.56034],[-5.52001,50.60413],[-5.45069,50.61358]]]}},{"type":"Feature","properties":{"pos":1008,"gear":"Demersal trawl","gearPct":67,"gears":6,"nat":"France","vmax":17,"months":12},"geometry":{"type":"Polygon","coordinates":[[[-5.436,50.56978],[-5.42134,50.52598],[-5.49054,50.51655],[-5.50526,50.56034],[-5.436,50.56978]]]}},{"type":"Feature","properties":{"pos":1474,"gear":"Beam trawl","gearPct":49,"gears":5,"nat":"France","vmax":29,"months":12},"geometry":{"type":"Polygon","coordinates":[[[-5.42134,50.52598],[-5.40672,50.48218],[-5.47585,50.47275],[-5.49054,50.51655],[-5.42134,50.52598]]]}},{"type":"Feature","properties":{"pos":1113,"gear":"Beam trawl","gearPct":59,"gears":3,"nat":"United Kingdom","vmax":19,"months":12},"geometry":{"type":"Polygon","coordinates":[[[-5.40672,50.48218],[-5.39212,50.43837],[-5.4612,50.42896],[-5.47585,50.47275],[-5.40672,50.48218]]]}},{"type":"Feature","properties":{"pos":444,"gear":"Beam trawl","gearPct":66,"gears":4,"nat":"United Kingdom","vmax":8,"months":8},"geometry":{"type":"Polygon","coordinates":[[[-5.39212,50.43837],[-5.37757,50.39456],[-5.44658,50.38515],[-5.4612,50.42896],[-5.39212,50.43837]]]}},{"type":"Feature","properties":{"pos":27,"gear":"Beam trawl","gearPct":74,"gears":2,"nat":"United Kingdom","vmax":6,"months":7},"geometry":{"type":"Polygon","coordinates":[[[-5.37757,50.39456],[-5.36304,50.35075],[-5.432,50.34135],[-5.44658,50.38515],[-5.37757,50.39456]]]}},{"type":"Feature","properties":{"pos":6,"gear":"Beam trawl","gearPct":83,"gears":2,"nat":"United Kingdom","vmax":1,"months":2},"geometry":{"type":"Polygon","coordinates":[[[-5.36304,50.35075],[-5.34855,50.30693],[-5.41745,50.29754],[-5.432,50.34135],[-5.36304,50.35075]]]}},{"type":"Feature","properties":{"pos":1,"gear":"Beam trawl","gearPct":100,"gears":1,"nat":"United Kingdom","vmax":1,"months":1},"geometry":{"type":"Polygon","coordinates":[[[-5.34855,50.30693],[-5.33409,50.26311],[-5.40293,50.25373],[-5.41745,50.29754],[-5.34855,50.30693]]]}},{"type":"Feature","properties":{"pos":6,"gear":"Other gear","gearPct":50,"gears":2,"nat":"United Kingdom","vmax":2,"months":4},"geometry":{"type":"Polygon","coordinates":[[[-5.29092,50.13163],[-5.2766,50.0878],[-5.34519,50.07846],[-5.35958,50.12229],[-5.29092,50.13163]]]}},{"type":"Feature","properties":{"pos":83,"gear":"Other gear","gearPct":57,"gears":2,"nat":"United Kingdom","vmax":5,"months":10},"geometry":{"type":"Polygon","coordinates":[[[-5.2766,50.0878],[-5.26231,50.04396],[-5.33084,50.03464],[-5.34519,50.07846],[-5.2766,50.0878]]]}},{"type":"Feature","properties":{"pos":3,"gear":"Purse seine","gearPct":100,"gears":1,"nat":"United Kingdom","vmax":1,"months":2},"geometry":{"type":"Polygon","coordinates":[[[-5.26231,50.04396],[-5.24805,50.00012],[-5.31652,49.99081],[-5.33084,50.03464],[-5.26231,50.04396]]]}},{"type":"Feature","properties":{"pos":10,"gear":"Other gear","gearPct":100,"gears":1,"nat":"United Kingdom","vmax":3,"months":6},"geometry":{"type":"Polygon","coordinates":[[[-5.24805,50.00012],[-5.23382,49.95628],[-5.30224,49.94698],[-5.31652,49.99081],[-5.24805,50.00012]]]}},{"type":"Feature","properties":{"pos":57,"gear":"Other gear","gearPct":61,"gears":6,"nat":"United Kingdom","vmax":7,"months":12},"geometry":{"type":"Polygon","coordinates":[[[-5.23382,49.95628],[-5.21963,49.91244],[-5.28799,49.90314],[-5.30224,49.94698],[-5.23382,49.95628]]]}},{"type":"Feature","properties":{"pos":21,"gear":"Other gear","gearPct":76,"gears":3,"nat":"United Kingdom","vmax":3,"months":10},"geometry":{"type":"Polygon","coordinates":[[[-5.21963,49.91244],[-5.20547,49.86859],[-5.27377,49.8593],[-5.28799,49.90314],[-5.21963,49.91244]]]}},{"type":"Feature","properties":{"pos":218,"gear":"Beam trawl","gearPct":78,"gears":6,"nat":"Belgium","vmax":10,"months":11},"geometry":{"type":"Polygon","coordinates":[[[-5.54458,51.10468],[-5.52957,51.0609],[-5.59952,51.05139],[-5.6146,51.09515],[-5.54458,51.10468]]]}},{"type":"Feature","properties":{"pos":233,"gear":"Beam trawl","gearPct":76,"gears":6,"nat":"Belgium","vmax":13,"months":11},"geometry":{"type":"Polygon","coordinates":[[[-5.52957,51.0609],[-5.51459,51.01713],[-5.58448,51.00762],[-5.59952,51.05139],[-5.52957,51.0609]]]}},{"type":"Feature","properties":{"pos":236,"gear":"Beam trawl","gearPct":67,"gears":6,"nat":"Belgium","vmax":8,"months":11},"geometry":{"type":"Polygon","coordinates":[[[-5.51459,51.01713],[-5.49964,50.97335],[-5.56948,50.96385],[-5.58448,51.00762],[-5.51459,51.01713]]]}},{"type":"Feature","properties":{"pos":348,"gear":"Beam trawl","gearPct":69,"gears":6,"nat":"Belgium","vmax":12,"months":11},"geometry":{"type":"Polygon","coordinates":[[[-5.49964,50.97335],[-5.48474,50.92956],[-5.55451,50.92008],[-5.56948,50.96385],[-5.49964,50.97335]]]}},{"type":"Feature","properties":{"pos":481,"gear":"Beam trawl","gearPct":81,"gears":5,"nat":"Belgium","vmax":22,"months":11},"geometry":{"type":"Polygon","coordinates":[[[-5.48474,50.92956],[-5.46986,50.88578],[-5.53957,50.8763],[-5.55451,50.92008],[-5.48474,50.92956]]]}},{"type":"Feature","properties":{"pos":723,"gear":"Beam trawl","gearPct":84,"gears":5,"nat":"Belgium","vmax":25,"months":10},"geometry":{"type":"Polygon","coordinates":[[[-5.46986,50.88578],[-5.45502,50.84199],[-5.52467,50.83252],[-5.53957,50.8763],[-5.46986,50.88578]]]}},{"type":"Feature","properties":{"pos":653,"gear":"Beam trawl","gearPct":80,"gears":5,"nat":"Belgium","vmax":29,"months":11},"geometry":{"type":"Polygon","coordinates":[[[-5.45502,50.84199],[-5.44022,50.7982],[-5.50981,50.78874],[-5.52467,50.83252],[-5.45502,50.84199]]]}},{"type":"Feature","properties":{"pos":812,"gear":"Beam trawl","gearPct":56,"gears":5,"nat":"Belgium","vmax":25,"months":11},"geometry":{"type":"Polygon","coordinates":[[[-5.44022,50.7982],[-5.42545,50.7544],[-5.49498,50.74496],[-5.50981,50.78874],[-5.44022,50.7982]]]}},{"type":"Feature","properties":{"pos":808,"gear":"Demersal trawl","gearPct":53,"gears":6,"nat":"France","vmax":18,"months":11},"geometry":{"type":"Polygon","coordinates":[[[-5.42545,50.7544],[-5.41072,50.7106],[-5.48018,50.70117],[-5.49498,50.74496],[-5.42545,50.7544]]]}},{"type":"Feature","properties":{"pos":950,"gear":"Demersal trawl","gearPct":66,"gears":5,"nat":"France","vmax":23,"months":10},"geometry":{"type":"Polygon","coordinates":[[[-5.41072,50.7106],[-5.39602,50.6668],[-5.46542,50.65738],[-5.48018,50.70117],[-5.41072,50.7106]]]}},{"type":"Feature","properties":{"pos":578,"gear":"Demersal trawl","gearPct":53,"gears":5,"nat":"France","vmax":22,"months":11},"geometry":{"type":"Polygon","coordinates":[[[-5.39602,50.6668],[-5.38135,50.62299],[-5.45069,50.61358],[-5.46542,50.65738],[-5.39602,50.6668]]]}},{"type":"Feature","properties":{"pos":505,"gear":"Beam trawl","gearPct":56,"gears":6,"nat":"Belgium","vmax":17,"months":11},"geometry":{"type":"Polygon","coordinates":[[[-5.38135,50.62299],[-5.36672,50.57919],[-5.436,50.56978],[-5.45069,50.61358],[-5.38135,50.62299]]]}},{"type":"Feature","properties":{"pos":745,"gear":"Beam trawl","gearPct":48,"gears":6,"nat":"France","vmax":20,"months":12},"geometry":{"type":"Polygon","coordinates":[[[-5.36672,50.57919],[-5.35212,50.53538],[-5.42134,50.52598],[-5.436,50.56978],[-5.36672,50.57919]]]}},{"type":"Feature","properties":{"pos":1027,"gear":"Beam trawl","gearPct":56,"gears":3,"nat":"United Kingdom","vmax":13,"months":12},"geometry":{"type":"Polygon","coordinates":[[[-5.35212,50.53538],[-5.33755,50.49156],[-5.40672,50.48218],[-5.42134,50.52598],[-5.35212,50.53538]]]}},{"type":"Feature","properties":{"pos":1098,"gear":"Beam trawl","gearPct":48,"gears":4,"nat":"United Kingdom","vmax":9,"months":11},"geometry":{"type":"Polygon","coordinates":[[[-5.33755,50.49156],[-5.32302,50.44774],[-5.39212,50.43837],[-5.40672,50.48218],[-5.33755,50.49156]]]}},{"type":"Feature","properties":{"pos":446,"gear":"Static nets","gearPct":90,"gears":3,"nat":"Ireland","vmax":4,"months":9},"geometry":{"type":"Polygon","coordinates":[[[-5.32302,50.44774],[-5.30853,50.40392],[-5.37757,50.39456],[-5.39212,50.43837],[-5.32302,50.44774]]]}},{"type":"Feature","properties":{"pos":5,"gear":"Other gear","gearPct":60,"gears":3,"nat":"United Kingdom","vmax":2,"months":3},"geometry":{"type":"Polygon","coordinates":[[[-5.30853,50.40392],[-5.29406,50.3601],[-5.36304,50.35075],[-5.37757,50.39456],[-5.30853,50.40392]]]}},{"type":"Feature","properties":{"pos":10,"gear":"Beam trawl","gearPct":80,"gears":2,"nat":"United Kingdom","vmax":1,"months":3},"geometry":{"type":"Polygon","coordinates":[[[-5.29406,50.3601],[-5.27963,50.31627],[-5.34855,50.30693],[-5.36304,50.35075],[-5.29406,50.3601]]]}},{"type":"Feature","properties":{"pos":2,"gear":"Other gear","gearPct":100,"gears":1,"nat":"United Kingdom","vmax":1,"months":1},"geometry":{"type":"Polygon","coordinates":[[[-5.27963,50.31627],[-5.26524,50.27244],[-5.33409,50.26311],[-5.34855,50.30693],[-5.27963,50.31627]]]}},{"type":"Feature","properties":{"pos":16,"gear":"Other gear","gearPct":100,"gears":1,"nat":"United Kingdom","vmax":1,"months":1},"geometry":{"type":"Polygon","coordinates":[[[-5.17955,50.0094],[-5.16538,49.96555],[-5.23382,49.95628],[-5.24805,50.00012],[-5.17955,50.0094]]]}},{"type":"Feature","properties":{"pos":61,"gear":"Other gear","gearPct":64,"gears":6,"nat":"United Kingdom","vmax":7,"months":12},"geometry":{"type":"Polygon","coordinates":[[[-5.16538,49.96555],[-5.15125,49.92169],[-5.21963,49.91244],[-5.23382,49.95628],[-5.16538,49.96555]]]}},{"type":"Feature","properties":{"pos":33,"gear":"Other gear","gearPct":52,"gears":5,"nat":"United Kingdom","vmax":6,"months":11},"geometry":{"type":"Polygon","coordinates":[[[-5.15125,49.92169],[-5.13714,49.87783],[-5.20547,49.86859],[-5.21963,49.91244],[-5.15125,49.92169]]]}},{"type":"Feature","properties":{"pos":84,"gear":"Demersal trawl","gearPct":93,"gears":3,"nat":"France","vmax":7,"months":11},"geometry":{"type":"Polygon","coordinates":[[[-5.13714,49.87783],[-5.12307,49.83397],[-5.19134,49.82474],[-5.20547,49.86859],[-5.13714,49.87783]]]}},{"type":"Feature","properties":{"pos":259,"gear":"Beam trawl","gearPct":71,"gears":6,"nat":"Belgium","vmax":12,"months":11},"geometry":{"type":"Polygon","coordinates":[[[-5.47453,51.11416],[-5.45958,51.07038],[-5.52957,51.0609],[-5.54458,51.10468],[-5.47453,51.11416]]]}},{"type":"Feature","properties":{"pos":274,"gear":"Beam trawl","gearPct":70,"gears":6,"nat":"Belgium","vmax":13,"months":11},"geometry":{"type":"Polygon","coordinates":[[[-5.45958,51.07038],[-5.44466,51.02659],[-5.51459,51.01713],[-5.52957,51.0609],[-5.45958,51.07038]]]}},{"type":"Feature","properties":{"pos":273,"gear":"Beam trawl","gearPct":72,"gears":5,"nat":"Belgium","vmax":13,"months":11},"geometry":{"type":"Polygon","coordinates":[[[-5.44466,51.02659],[-5.42978,50.9828],[-5.49964,50.97335],[-5.51459,51.01713],[-5.44466,51.02659]]]}},{"type":"Feature","properties":{"pos":389,"gear":"Beam trawl","gearPct":78,"gears":5,"nat":"Belgium","vmax":16,"months":11},"geometry":{"type":"Polygon","coordinates":[[[-5.42978,50.9828],[-5.41494,50.93901],[-5.48474,50.92956],[-5.49964,50.97335],[-5.42978,50.9828]]]}},{"type":"Feature","properties":{"pos":408,"gear":"Beam trawl","gearPct":80,"gears":5,"nat":"Belgium","vmax":18,"months":11},"geometry":{"type":"Polygon","coordinates":[[[-5.41494,50.93901],[-5.40013,50.89521],[-5.46986,50.88578],[-5.48474,50.92956],[-5.41494,50.93901]]]}},{"type":"Feature","properties":{"pos":627,"gear":"Beam trawl","gearPct":83,"gears":5,"nat":"Belgium","vmax":27,"months":10},"geometry":{"type":"Polygon","coordinates":[[[-5.40013,50.89521],[-5.38535,50.85141],[-5.45502,50.84199],[-5.46986,50.88578],[-5.40013,50.89521]]]}},{"type":"Feature","properties":{"pos":572,"gear":"Beam trawl","gearPct":67,"gears":6,"nat":"Belgium","vmax":29,"months":10},"geometry":{"type":"Polygon","coordinates":[[[-5.38535,50.85141],[-5.37061,50.80761],[-5.44022,50.7982],[-5.45502,50.84199],[-5.38535,50.85141]]]}},{"type":"Feature","properties":{"pos":775,"gear":"Beam trawl","gearPct":48,"gears":6,"nat":"Belgium","vmax":26,"months":11},"geometry":{"type":"Polygon","coordinates":[[[-5.37061,50.80761],[-5.3559,50.7638],[-5.42545,50.7544],[-5.44022,50.7982],[-5.37061,50.80761]]]}},{"type":"Feature","properties":{"pos":876,"gear":"Demersal trawl","gearPct":52,"gears":5,"nat":"France","vmax":24,"months":11},"geometry":{"type":"Polygon","coordinates":[[[-5.3559,50.7638],[-5.34123,50.71999],[-5.41072,50.7106],[-5.42545,50.7544],[-5.3559,50.7638]]]}},{"type":"Feature","properties":{"pos":809,"gear":"Beam trawl","gearPct":50,"gears":6,"nat":"Belgium","vmax":24,"months":11},"geometry":{"type":"Polygon","coordinates":[[[-5.34123,50.71999],[-5.32659,50.67618],[-5.39602,50.6668],[-5.41072,50.7106],[-5.34123,50.71999]]]}},{"type":"Feature","properties":{"pos":82,"gear":"Beam trawl","gearPct":66,"gears":5,"nat":"Belgium","vmax":10,"months":11},"geometry":{"type":"Polygon","coordinates":[[[-5.32659,50.67618],[-5.31198,50.63237],[-5.38135,50.62299],[-5.39602,50.6668],[-5.32659,50.67618]]]}},{"type":"Feature","properties":{"pos":67,"gear":"Beam trawl","gearPct":85,"gears":3,"nat":"Belgium","vmax":8,"months":6},"geometry":{"type":"Polygon","coordinates":[[[-5.31198,50.63237],[-5.29741,50.58855],[-5.36672,50.57919],[-5.38135,50.62299],[-5.31198,50.63237]]]}},{"type":"Feature","properties":{"pos":233,"gear":"Beam trawl","gearPct":48,"gears":3,"nat":"United Kingdom","vmax":6,"months":10},"geometry":{"type":"Polygon","coordinates":[[[-5.29741,50.58855],[-5.28287,50.54473],[-5.35212,50.53538],[-5.36672,50.57919],[-5.29741,50.58855]]]}},{"type":"Feature","properties":{"pos":510,"gear":"Beam trawl","gearPct":66,"gears":3,"nat":"United Kingdom","vmax":7,"months":10},"geometry":{"type":"Polygon","coordinates":[[[-5.28287,50.54473],[-5.26837,50.5009],[-5.33755,50.49156],[-5.35212,50.53538],[-5.28287,50.54473]]]}},{"type":"Feature","properties":{"pos":771,"gear":"Static nets","gearPct":67,"gears":3,"nat":"Ireland","vmax":8,"months":8},"geometry":{"type":"Polygon","coordinates":[[[-5.26837,50.5009],[-5.2539,50.45708],[-5.32302,50.44774],[-5.33755,50.49156],[-5.26837,50.5009]]]}},{"type":"Feature","properties":{"pos":843,"gear":"Static nets","gearPct":100,"gears":3,"nat":"Ireland","vmax":1,"months":6},"geometry":{"type":"Polygon","coordinates":[[[-5.2539,50.45708],[-5.23946,50.41324],[-5.30853,50.40392],[-5.32302,50.44774],[-5.2539,50.45708]]]}},{"type":"Feature","properties":{"pos":1,"gear":"Other gear","gearPct":100,"gears":1,"nat":"United Kingdom","vmax":1,"months":1},"geometry":{"type":"Polygon","coordinates":[[[-5.23946,50.41324],[-5.22506,50.36941],[-5.29406,50.3601],[-5.30853,50.40392],[-5.23946,50.41324]]]}},{"type":"Feature","properties":{"pos":18,"gear":"Other gear","gearPct":61,"gears":4,"nat":"United Kingdom","vmax":3,"months":6},"geometry":{"type":"Polygon","coordinates":[[[-5.11102,50.01863],[-5.09691,49.97477],[-5.16538,49.96555],[-5.17955,50.0094],[-5.11102,50.01863]]]}},{"type":"Feature","properties":{"pos":33,"gear":"Other gear","gearPct":70,"gears":4,"nat":"United Kingdom","vmax":3,"months":11},"geometry":{"type":"Polygon","coordinates":[[[-5.09691,49.97477],[-5.08284,49.93091],[-5.15125,49.92169],[-5.16538,49.96555],[-5.09691,49.97477]]]}},{"type":"Feature","properties":{"pos":29,"gear":"Demersal trawl","gearPct":62,"gears":4,"nat":"United Kingdom","vmax":3,"months":11},"geometry":{"type":"Polygon","coordinates":[[[-5.08284,49.93091],[-5.0688,49.88704],[-5.13714,49.87783],[-5.15125,49.92169],[-5.08284,49.93091]]]}},{"type":"Feature","properties":{"pos":99,"gear":"Demersal trawl","gearPct":93,"gears":5,"nat":"France","vmax":9,"months":11},"geometry":{"type":"Polygon","coordinates":[[[-5.0688,49.88704],[-5.05478,49.84317],[-5.12307,49.83397],[-5.13714,49.87783],[-5.0688,49.88704]]]}},{"type":"Feature","properties":{"pos":368,"gear":"Beam trawl","gearPct":71,"gears":6,"nat":"Belgium","vmax":12,"months":10},"geometry":{"type":"Polygon","coordinates":[[[-5.38957,51.07981],[-5.37472,51.03601],[-5.44466,51.02659],[-5.45958,51.07038],[-5.38957,51.07981]]]}},{"type":"Feature","properties":{"pos":343,"gear":"Beam trawl","gearPct":67,"gears":6,"nat":"Belgium","vmax":13,"months":11},"geometry":{"type":"Polygon","coordinates":[[[-5.37472,51.03601],[-5.3599,50.99221],[-5.42978,50.9828],[-5.44466,51.02659],[-5.37472,51.03601]]]}},{"type":"Feature","properties":{"pos":308,"gear":"Beam trawl","gearPct":70,"gears":5,"nat":"Belgium","vmax":9,"months":9},"geometry":{"type":"Polygon","coordinates":[[[-5.3599,50.99221],[-5.34511,50.94841],[-5.41494,50.93901],[-5.42978,50.9828],[-5.3599,50.99221]]]}},{"type":"Feature","properties":{"pos":399,"gear":"Beam trawl","gearPct":84,"gears":6,"nat":"Belgium","vmax":19,"months":10},"geometry":{"type":"Polygon","coordinates":[[[-5.34511,50.94841],[-5.33036,50.9046],[-5.40013,50.89521],[-5.41494,50.93901],[-5.34511,50.94841]]]}},{"type":"Feature","properties":{"pos":584,"gear":"Beam trawl","gearPct":82,"gears":6,"nat":"Belgium","vmax":23,"months":10},"geometry":{"type":"Polygon","coordinates":[[[-5.33036,50.9046],[-5.31565,50.86079],[-5.38535,50.85141],[-5.40013,50.89521],[-5.33036,50.9046]]]}},{"type":"Feature","properties":{"pos":590,"gear":"Beam trawl","gearPct":65,"gears":6,"nat":"Belgium","vmax":26,"months":10},"geometry":{"type":"Polygon","coordinates":[[[-5.31565,50.86079],[-5.30097,50.81698],[-5.37061,50.80761],[-5.38535,50.85141],[-5.31565,50.86079]]]}},{"type":"Feature","properties":{"pos":601,"gear":"Beam trawl","gearPct":51,"gears":5,"nat":"Belgium","vmax":21,"months":11},"geometry":{"type":"Polygon","coordinates":[[[-5.30097,50.81698],[-5.28632,50.77316],[-5.3559,50.7638],[-5.37061,50.80761],[-5.30097,50.81698]]]}},{"type":"Feature","properties":{"pos":929,"gear":"Demersal trawl","gearPct":50,"gears":6,"nat":"France","vmax":23,"months":11},"geometry":{"type":"Polygon","coordinates":[[[-5.28632,50.77316],[-5.27171,50.72934],[-5.34123,50.71999],[-5.3559,50.7638],[-5.28632,50.77316]]]}},{"type":"Feature","properties":{"pos":597,"gear":"Beam trawl","gearPct":59,"gears":7,"nat":"Belgium","vmax":19,"months":11},"geometry":{"type":"Polygon","coordinates":[[[-5.27171,50.72934],[-5.25713,50.68552],[-5.32659,50.67618],[-5.34123,50.71999],[-5.27171,50.72934]]]}},{"type":"Feature","properties":{"pos":78,"gear":"Beam trawl","gearPct":74,"gears":5,"nat":"Belgium","vmax":8,"months":8},"geometry":{"type":"Polygon","coordinates":[[[-5.25713,50.68552],[-5.24259,50.6417],[-5.31198,50.63237],[-5.32659,50.67618],[-5.25713,50.68552]]]}},{"type":"Feature","properties":{"pos":116,"gear":"Demersal trawl","gearPct":47,"gears":4,"nat":"France","vmax":3,"months":10},"geometry":{"type":"Polygon","coordinates":[[[-5.24259,50.6417],[-5.22808,50.59787],[-5.29741,50.58855],[-5.31198,50.63237],[-5.24259,50.6417]]]}},{"type":"Feature","properties":{"pos":79,"gear":"Beam trawl","gearPct":72,"gears":3,"nat":"United Kingdom","vmax":3,"months":5},"geometry":{"type":"Polygon","coordinates":[[[-5.22808,50.59787],[-5.2136,50.55404],[-5.28287,50.54473],[-5.29741,50.58855],[-5.22808,50.59787]]]}},{"type":"Feature","properties":{"pos":514,"gear":"Beam trawl","gearPct":75,"gears":3,"nat":"United Kingdom","vmax":6,"months":7},"geometry":{"type":"Polygon","coordinates":[[[-5.2136,50.55404],[-5.19916,50.5102],[-5.26837,50.5009],[-5.28287,50.54473],[-5.2136,50.55404]]]}},{"type":"Feature","properties":{"pos":183,"gear":"Static nets","gearPct":48,"gears":4,"nat":"United Kingdom","vmax":5,"months":8},"geometry":{"type":"Polygon","coordinates":[[[-5.19916,50.5102],[-5.18475,50.46637],[-5.2539,50.45708],[-5.26837,50.5009],[-5.19916,50.5102]]]}},{"type":"Feature","properties":{"pos":660,"gear":"Static nets","gearPct":100,"gears":2,"nat":"Ireland","vmax":1,"months":4},"geometry":{"type":"Polygon","coordinates":[[[-5.18475,50.46637],[-5.17037,50.42252],[-5.23946,50.41324],[-5.2539,50.45708],[-5.18475,50.46637]]]}},{"type":"Feature","properties":{"pos":136,"gear":"Static nets","gearPct":99,"gears":2,"nat":"Ireland","vmax":1,"months":4},"geometry":{"type":"Polygon","coordinates":[[[-5.17037,50.42252],[-5.15603,50.37868],[-5.22506,50.36941],[-5.23946,50.41324],[-5.17037,50.42252]]]}},{"type":"Feature","properties":{"pos":5,"gear":"Other gear","gearPct":80,"gears":2,"nat":"United Kingdom","vmax":1,"months":3},"geometry":{"type":"Polygon","coordinates":[[[-5.08481,50.15942],[-5.07067,50.11556],[-5.13933,50.10634],[-5.15354,50.1502],[-5.08481,50.15942]]]}},{"type":"Feature","properties":{"pos":13,"gear":"Demersal trawl","gearPct":69,"gears":3,"nat":"France","vmax":2,"months":4},"geometry":{"type":"Polygon","coordinates":[[[-5.07067,50.11556],[-5.05655,50.07169],[-5.12516,50.06249],[-5.13933,50.10634],[-5.07067,50.11556]]]}},{"type":"Feature","properties":{"pos":8,"gear":"Demersal trawl","gearPct":88,"gears":2,"nat":"France","vmax":2,"months":3},"geometry":{"type":"Polygon","coordinates":[[[-5.05655,50.07169],[-5.04247,50.02782],[-5.11102,50.01863],[-5.12516,50.06249],[-5.05655,50.07169]]]}},{"type":"Feature","properties":{"pos":59,"gear":"Other gear","gearPct":86,"gears":2,"nat":"Netherlands","vmax":5,"months":10},"geometry":{"type":"Polygon","coordinates":[[[-5.04247,50.02782],[-5.02842,49.98395],[-5.09691,49.97477],[-5.11102,50.01863],[-5.04247,50.02782]]]}},{"type":"Feature","properties":{"pos":55,"gear":"Other gear","gearPct":62,"gears":4,"nat":"United Kingdom","vmax":4,"months":11},"geometry":{"type":"Polygon","coordinates":[[[-5.02842,49.98395],[-5.01441,49.94008],[-5.08284,49.93091],[-5.09691,49.97477],[-5.02842,49.98395]]]}},{"type":"Feature","properties":{"pos":114,"gear":"Demersal trawl","gearPct":83,"gears":5,"nat":"France","vmax":4,"months":12},"geometry":{"type":"Polygon","coordinates":[[[-5.01441,49.94008],[-5.00042,49.8962],[-5.0688,49.88704],[-5.08284,49.93091],[-5.01441,49.94008]]]}},{"type":"Feature","properties":{"pos":95,"gear":"Demersal trawl","gearPct":69,"gears":4,"nat":"France","vmax":7,"months":12},"geometry":{"type":"Polygon","coordinates":[[[-5.00042,49.8962],[-4.98647,49.85232],[-5.05478,49.84317],[-5.0688,49.88704],[-5.00042,49.8962]]]}},{"type":"Feature","properties":{"pos":398,"gear":"Beam trawl","gearPct":58,"gears":6,"nat":"Belgium","vmax":10,"months":10},"geometry":{"type":"Polygon","coordinates":[[[-5.31953,51.0892],[-5.30474,51.04539],[-5.37472,51.03601],[-5.38957,51.07981],[-5.31953,51.0892]]]}},{"type":"Feature","properties":{"pos":213,"gear":"Beam trawl","gearPct":33,"gears":5,"nat":"United Kingdom","vmax":7,"months":10},"geometry":{"type":"Polygon","coordinates":[[[-5.30474,51.04539],[-5.28998,51.00158],[-5.3599,50.99221],[-5.37472,51.03601],[-5.30474,51.04539]]]}},{"type":"Feature","properties":{"pos":199,"gear":"Other gear","gearPct":44,"gears":6,"nat":"United Kingdom","vmax":8,"months":10},"geometry":{"type":"Polygon","coordinates":[[[-5.28998,51.00158],[-5.27526,50.95777],[-5.34511,50.94841],[-5.3599,50.99221],[-5.28998,51.00158]]]}},{"type":"Feature","properties":{"pos":406,"gear":"Beam trawl","gearPct":81,"gears":5,"nat":"Belgium","vmax":18,"months":10},"geometry":{"type":"Polygon","coordinates":[[[-5.27526,50.95777],[-5.26058,50.91395],[-5.33036,50.9046],[-5.34511,50.94841],[-5.27526,50.95777]]]}},{"type":"Feature","properties":{"pos":606,"gear":"Beam trawl","gearPct":85,"gears":6,"nat":"Belgium","vmax":26,"months":10},"geometry":{"type":"Polygon","coordinates":[[[-5.26058,50.91395],[-5.24592,50.87013],[-5.31565,50.86079],[-5.33036,50.9046],[-5.26058,50.91395]]]}},{"type":"Feature","properties":{"pos":572,"gear":"Beam trawl","gearPct":64,"gears":6,"nat":"Belgium","vmax":23,"months":10},"geometry":{"type":"Polygon","coordinates":[[[-5.24592,50.87013],[-5.2313,50.82631],[-5.30097,50.81698],[-5.31565,50.86079],[-5.24592,50.87013]]]}},{"type":"Feature","properties":{"pos":684,"gear":"Beam trawl","gearPct":61,"gears":6,"nat":"Belgium","vmax":21,"months":11},"geometry":{"type":"Polygon","coordinates":[[[-5.2313,50.82631],[-5.21672,50.78248],[-5.28632,50.77316],[-5.30097,50.81698],[-5.2313,50.82631]]]}},{"type":"Feature","properties":{"pos":930,"gear":"Demersal trawl","gearPct":44,"gears":7,"nat":"France","vmax":23,"months":11},"geometry":{"type":"Polygon","coordinates":[[[-5.21672,50.78248],[-5.20217,50.73865],[-5.27171,50.72934],[-5.28632,50.77316],[-5.21672,50.78248]]]}},{"type":"Feature","properties":{"pos":336,"gear":"Beam trawl","gearPct":44,"gears":4,"nat":"France","vmax":19,"months":10},"geometry":{"type":"Polygon","coordinates":[[[-5.20217,50.73865],[-5.18765,50.69482],[-5.25713,50.68552],[-5.27171,50.72934],[-5.20217,50.73865]]]}},{"type":"Feature","properties":{"pos":43,"gear":"Beam trawl","gearPct":56,"gears":4,"nat":"United Kingdom","vmax":3,"months":4},"geometry":{"type":"Polygon","coordinates":[[[-5.18765,50.69482],[-5.17317,50.65099],[-5.24259,50.6417],[-5.25713,50.68552],[-5.18765,50.69482]]]}},{"type":"Feature","properties":{"pos":403,"gear":"Demersal trawl","gearPct":63,"gears":4,"nat":"France","vmax":5,"months":11},"geometry":{"type":"Polygon","coordinates":[[[-5.17317,50.65099],[-5.15872,50.60715],[-5.22808,50.59787],[-5.24259,50.6417],[-5.17317,50.65099]]]}},{"type":"Feature","properties":{"pos":464,"gear":"Beam trawl","gearPct":78,"gears":3,"nat":"United Kingdom","vmax":6,"months":6},"geometry":{"type":"Polygon","coordinates":[[[-5.15872,50.60715],[-5.14431,50.56331],[-5.2136,50.55404],[-5.22808,50.59787],[-5.15872,50.60715]]]}},{"type":"Feature","properties":{"pos":586,"gear":"Static nets","gearPct":75,"gears":3,"nat":"Ireland","vmax":4,"months":9},"geometry":{"type":"Polygon","coordinates":[[[-5.14431,50.56331],[-5.12992,50.51946],[-5.19916,50.5102],[-5.2136,50.55404],[-5.14431,50.56331]]]}},{"type":"Feature","properties":{"pos":36,"gear":"Static nets","gearPct":94,"gears":2,"nat":"Ireland","vmax":1,"months":5},"geometry":{"type":"Polygon","coordinates":[[[-5.12992,50.51946],[-5.11558,50.47561],[-5.18475,50.46637],[-5.19916,50.5102],[-5.12992,50.51946]]]}},{"type":"Feature","properties":{"pos":150,"gear":"Static nets","gearPct":100,"gears":1,"nat":"Ireland","vmax":1,"months":4},"geometry":{"type":"Polygon","coordinates":[[[-5.11558,50.47561],[-5.10126,50.43176],[-5.17037,50.42252],[-5.18475,50.46637],[-5.11558,50.47561]]]}},{"type":"Feature","properties":{"pos":132,"gear":"Static nets","gearPct":100,"gears":1,"nat":"Ireland","vmax":1,"months":3},"geometry":{"type":"Polygon","coordinates":[[[-5.10126,50.43176],[-5.08698,50.38791],[-5.15603,50.37868],[-5.17037,50.42252],[-5.10126,50.43176]]]}},{"type":"Feature","properties":{"pos":3,"gear":"Other gear","gearPct":67,"gears":2,"nat":"United Kingdom","vmax":1,"months":2},"geometry":{"type":"Polygon","coordinates":[[[-5.03018,50.21247],[-5.01606,50.1686],[-5.08481,50.15942],[-5.09899,50.20328],[-5.03018,50.21247]]]}},{"type":"Feature","properties":{"pos":53,"gear":"Other gear","gearPct":75,"gears":4,"nat":"United Kingdom","vmax":5,"months":12},"geometry":{"type":"Polygon","coordinates":[[[-5.01606,50.1686],[-5.00197,50.12473],[-5.07067,50.11556],[-5.08481,50.15942],[-5.01606,50.1686]]]}},{"type":"Feature","properties":{"pos":132,"gear":"Demersal trawl","gearPct":70,"gears":4,"nat":"France","vmax":12,"months":10},"geometry":{"type":"Polygon","coordinates":[[[-5.00197,50.12473],[-4.98792,50.08085],[-5.05655,50.07169],[-5.07067,50.11556],[-5.00197,50.12473]]]}},{"type":"Feature","properties":{"pos":115,"gear":"Demersal trawl","gearPct":57,"gears":4,"nat":"United Kingdom","vmax":9,"months":11},"geometry":{"type":"Polygon","coordinates":[[[-4.98792,50.08085],[-4.9739,50.03697],[-5.04247,50.02782],[-5.05655,50.07169],[-4.98792,50.08085]]]}},{"type":"Feature","properties":{"pos":134,"gear":"Other gear","gearPct":57,"gears":3,"nat":"United Kingdom","vmax":7,"months":11},"geometry":{"type":"Polygon","coordinates":[[[-4.9739,50.03697],[-4.95991,49.99309],[-5.02842,49.98395],[-5.04247,50.02782],[-4.9739,50.03697]]]}},{"type":"Feature","properties":{"pos":45,"gear":"Other gear","gearPct":67,"gears":5,"nat":"United Kingdom","vmax":4,"months":12},"geometry":{"type":"Polygon","coordinates":[[[-4.95991,49.99309],[-4.94595,49.94921],[-5.01441,49.94008],[-5.02842,49.98395],[-4.95991,49.99309]]]}},{"type":"Feature","properties":{"pos":238,"gear":"Demersal trawl","gearPct":72,"gears":6,"nat":"France","vmax":12,"months":12},"geometry":{"type":"Polygon","coordinates":[[[-4.94595,49.94921],[-4.93203,49.90532],[-5.00042,49.8962],[-5.01441,49.94008],[-4.94595,49.94921]]]}},{"type":"Feature","properties":{"pos":286,"gear":"Demersal trawl","gearPct":62,"gears":4,"nat":"France","vmax":8,"months":12},"geometry":{"type":"Polygon","coordinates":[[[-4.93203,49.90532],[-4.91814,49.86143],[-4.98647,49.85232],[-5.00042,49.8962],[-4.93203,49.90532]]]}},{"type":"Feature","properties":{"pos":395,"gear":"Beam trawl","gearPct":69,"gears":5,"nat":"Belgium","vmax":13,"months":10},"geometry":{"type":"Polygon","coordinates":[[[-5.24947,51.09855],[-5.23474,51.05473],[-5.30474,51.04539],[-5.31953,51.0892],[-5.24947,51.09855]]]}},{"type":"Feature","properties":{"pos":297,"gear":"Beam trawl","gearPct":61,"gears":5,"nat":"Belgium","vmax":13,"months":10},"geometry":{"type":"Polygon","coordinates":[[[-5.23474,51.05473],[-5.22005,51.01091],[-5.28998,51.00158],[-5.30474,51.04539],[-5.23474,51.05473]]]}},{"type":"Feature","properties":{"pos":331,"gear":"Beam trawl","gearPct":67,"gears":5,"nat":"Belgium","vmax":19,"months":10},"geometry":{"type":"Polygon","coordinates":[[[-5.22005,51.01091],[-5.20539,50.96708],[-5.27526,50.95777],[-5.28998,51.00158],[-5.22005,51.01091]]]}},{"type":"Feature","properties":{"pos":542,"gear":"Beam trawl","gearPct":83,"gears":5,"nat":"Belgium","vmax":28,"months":10},"geometry":{"type":"Polygon","coordinates":[[[-5.20539,50.96708],[-5.19076,50.92326],[-5.26058,50.91395],[-5.27526,50.95777],[-5.20539,50.96708]]]}},{"type":"Feature","properties":{"pos":585,"gear":"Beam trawl","gearPct":83,"gears":6,"nat":"Belgium","vmax":28,"months":10},"geometry":{"type":"Polygon","coordinates":[[[-5.19076,50.92326],[-5.17617,50.87943],[-5.24592,50.87013],[-5.26058,50.91395],[-5.19076,50.92326]]]}},{"type":"Feature","properties":{"pos":627,"gear":"Beam trawl","gearPct":55,"gears":6,"nat":"Belgium","vmax":23,"months":11},"geometry":{"type":"Polygon","coordinates":[[[-5.17617,50.87943],[-5.16161,50.83559],[-5.2313,50.82631],[-5.24592,50.87013],[-5.17617,50.87943]]]}},{"type":"Feature","properties":{"pos":667,"gear":"Beam trawl","gearPct":39,"gears":6,"nat":"Belgium","vmax":25,"months":11},"geometry":{"type":"Polygon","coordinates":[[[-5.16161,50.83559],[-5.14709,50.79176],[-5.21672,50.78248],[-5.2313,50.82631],[-5.16161,50.83559]]]}},{"type":"Feature","properties":{"pos":724,"gear":"Beam trawl","gearPct":35,"gears":6,"nat":"France","vmax":19,"months":11},"geometry":{"type":"Polygon","coordinates":[[[-5.14709,50.79176],[-5.1326,50.74792],[-5.20217,50.73865],[-5.21672,50.78248],[-5.14709,50.79176]]]}},{"type":"Feature","properties":{"pos":314,"gear":"Demersal trawl","gearPct":39,"gears":5,"nat":"France","vmax":11,"months":10},"geometry":{"type":"Polygon","coordinates":[[[-5.1326,50.74792],[-5.11815,50.70408],[-5.18765,50.69482],[-5.20217,50.73865],[-5.1326,50.74792]]]}},{"type":"Feature","properties":{"pos":103,"gear":"Other gear","gearPct":86,"gears":4,"nat":"United Kingdom","vmax":3,"months":9},"geometry":{"type":"Polygon","coordinates":[[[-5.11815,50.70408],[-5.10373,50.66023],[-5.17317,50.65099],[-5.18765,50.69482],[-5.11815,50.70408]]]}},{"type":"Feature","properties":{"pos":329,"gear":"Beam trawl","gearPct":77,"gears":5,"nat":"United Kingdom","vmax":6,"months":10},"geometry":{"type":"Polygon","coordinates":[[[-5.10373,50.66023],[-5.08934,50.61638],[-5.15872,50.60715],[-5.17317,50.65099],[-5.10373,50.66023]]]}},{"type":"Feature","properties":{"pos":137,"gear":"Beam trawl","gearPct":71,"gears":2,"nat":"United Kingdom","vmax":7,"months":7},"geometry":{"type":"Polygon","coordinates":[[[-5.08934,50.61638],[-5.07498,50.57253],[-5.14431,50.56331],[-5.15872,50.60715],[-5.08934,50.61638]]]}},{"type":"Feature","properties":{"pos":244,"gear":"Static nets","gearPct":98,"gears":3,"nat":"Ireland","vmax":1,"months":7},"geometry":{"type":"Polygon","coordinates":[[[-5.07498,50.57253],[-5.06066,50.52868],[-5.12992,50.51946],[-5.14431,50.56331],[-5.07498,50.57253]]]}},{"type":"Feature","properties":{"pos":157,"gear":"Static nets","gearPct":100,"gears":1,"nat":"Ireland","vmax":1,"months":4},"geometry":{"type":"Polygon","coordinates":[[[-5.06066,50.52868],[-5.04638,50.48482],[-5.11558,50.47561],[-5.12992,50.51946],[-5.06066,50.52868]]]}},{"type":"Feature","properties":{"pos":12,"gear":"Static nets","gearPct":100,"gears":1,"nat":"Ireland","vmax":1,"months":2},"geometry":{"type":"Polygon","coordinates":[[[-5.04638,50.48482],[-5.03212,50.44096],[-5.10126,50.43176],[-5.11558,50.47561],[-5.04638,50.48482]]]}},{"type":"Feature","properties":{"pos":42553,"gear":"Static nets","gearPct":100,"gears":1,"nat":"Ireland","vmax":1,"months":5},"geometry":{"type":"Polygon","coordinates":[[[-5.03212,50.44096],[-5.0179,50.3971],[-5.08698,50.38791],[-5.10126,50.43176],[-5.03212,50.44096]]]}},{"type":"Feature","properties":{"pos":5,"gear":"Other gear","gearPct":60,"gears":2,"nat":"United Kingdom","vmax":1,"months":5},"geometry":{"type":"Polygon","coordinates":[[[-4.96134,50.22161],[-4.94728,50.17774],[-5.01606,50.1686],[-5.03018,50.21247],[-4.96134,50.22161]]]}},{"type":"Feature","properties":{"pos":14,"gear":"Other gear","gearPct":43,"gears":4,"nat":"United Kingdom","vmax":2,"months":7},"geometry":{"type":"Polygon","coordinates":[[[-4.94728,50.17774],[-4.93326,50.13386],[-5.00197,50.12473],[-5.01606,50.1686],[-4.94728,50.17774]]]}},{"type":"Feature","properties":{"pos":139,"gear":"Demersal trawl","gearPct":80,"gears":5,"nat":"France","vmax":12,"months":12},"geometry":{"type":"Polygon","coordinates":[[[-4.93326,50.13386],[-4.91926,50.08997],[-4.98792,50.08085],[-5.00197,50.12473],[-4.93326,50.13386]]]}},{"type":"Feature","properties":{"pos":348,"gear":"Other gear","gearPct":43,"gears":4,"nat":"United Kingdom","vmax":10,"months":12},"geometry":{"type":"Polygon","coordinates":[[[-4.91926,50.08997],[-4.9053,50.04608],[-4.9739,50.03697],[-4.98792,50.08085],[-4.91926,50.08997]]]}},{"type":"Feature","properties":{"pos":317,"gear":"Other gear","gearPct":39,"gears":5,"nat":"United Kingdom","vmax":9,"months":12},"geometry":{"type":"Polygon","coordinates":[[[-4.9053,50.04608],[-4.89137,50.00219],[-4.95991,49.99309],[-4.9739,50.03697],[-4.9053,50.04608]]]}},{"type":"Feature","properties":{"pos":330,"gear":"Demersal trawl","gearPct":64,"gears":4,"nat":"France","vmax":11,"months":12},"geometry":{"type":"Polygon","coordinates":[[[-4.89137,50.00219],[-4.87748,49.9583],[-4.94595,49.94921],[-4.95991,49.99309],[-4.89137,50.00219]]]}},{"type":"Feature","properties":{"pos":369,"gear":"Demersal trawl","gearPct":58,"gears":3,"nat":"France","vmax":14,"months":12},"geometry":{"type":"Polygon","coordinates":[[[-4.87748,49.9583],[-4.86361,49.9144],[-4.93203,49.90532],[-4.94595,49.94921],[-4.87748,49.9583]]]}},{"type":"Feature","properties":{"pos":733,"gear":"Demersal trawl","gearPct":45,"gears":6,"nat":"United Kingdom","vmax":13,"months":12},"geometry":{"type":"Polygon","coordinates":[[[-4.86361,49.9144],[-4.84978,49.8705],[-4.91814,49.86143],[-4.93203,49.90532],[-4.86361,49.9144]]]}},{"type":"Feature","properties":{"pos":389,"gear":"Beam trawl","gearPct":85,"gears":5,"nat":"Belgium","vmax":16,"months":11},"geometry":{"type":"Polygon","coordinates":[[[-5.17938,51.10785],[-5.16471,51.06403],[-5.23474,51.05473],[-5.24947,51.09855],[-5.17938,51.10785]]]}},{"type":"Feature","properties":{"pos":318,"gear":"Beam trawl","gearPct":79,"gears":5,"nat":"Belgium","vmax":16,"months":11},"geometry":{"type":"Polygon","coordinates":[[[-5.16471,51.06403],[-5.15008,51.02019],[-5.22005,51.01091],[-5.23474,51.05473],[-5.16471,51.06403]]]}},{"type":"Feature","properties":{"pos":457,"gear":"Beam trawl","gearPct":86,"gears":5,"nat":"Belgium","vmax":20,"months":10},"geometry":{"type":"Polygon","coordinates":[[[-5.15008,51.02019],[-5.13548,50.97636],[-5.20539,50.96708],[-5.22005,51.01091],[-5.15008,51.02019]]]}},{"type":"Feature","properties":{"pos":597,"gear":"Beam trawl","gearPct":87,"gears":5,"nat":"Belgium","vmax":23,"months":11},"geometry":{"type":"Polygon","coordinates":[[[-5.13548,50.97636],[-5.12092,50.93252],[-5.19076,50.92326],[-5.20539,50.96708],[-5.13548,50.97636]]]}},{"type":"Feature","properties":{"pos":584,"gear":"Beam trawl","gearPct":67,"gears":6,"nat":"Belgium","vmax":24,"months":10},"geometry":{"type":"Polygon","coordinates":[[[-5.12092,50.93252],[-5.10639,50.88868],[-5.17617,50.87943],[-5.19076,50.92326],[-5.12092,50.93252]]]}},{"type":"Feature","properties":{"pos":585,"gear":"Beam trawl","gearPct":43,"gears":6,"nat":"Belgium","vmax":22,"months":11},"geometry":{"type":"Polygon","coordinates":[[[-5.10639,50.88868],[-5.0919,50.84484],[-5.16161,50.83559],[-5.17617,50.87943],[-5.10639,50.88868]]]}},{"type":"Feature","properties":{"pos":567,"gear":"Beam trawl","gearPct":36,"gears":6,"nat":"United Kingdom","vmax":18,"months":11},"geometry":{"type":"Polygon","coordinates":[[[-5.0919,50.84484],[-5.07744,50.80099],[-5.14709,50.79176],[-5.16161,50.83559],[-5.0919,50.84484]]]}},{"type":"Feature","properties":{"pos":455,"gear":"Scallop dredge","gearPct":35,"gears":6,"nat":"United Kingdom","vmax":14,"months":11},"geometry":{"type":"Polygon","coordinates":[[[-5.07744,50.80099],[-5.06301,50.75714],[-5.1326,50.74792],[-5.14709,50.79176],[-5.07744,50.80099]]]}},{"type":"Feature","properties":{"pos":616,"gear":"Other gear","gearPct":80,"gears":5,"nat":"United Kingdom","vmax":7,"months":11},"geometry":{"type":"Polygon","coordinates":[[[-5.06301,50.75714],[-5.04862,50.71329],[-5.11815,50.70408],[-5.1326,50.74792],[-5.06301,50.75714]]]}},{"type":"Feature","properties":{"pos":435,"gear":"Other gear","gearPct":92,"gears":5,"nat":"United Kingdom","vmax":6,"months":10},"geometry":{"type":"Polygon","coordinates":[[[-5.04862,50.71329],[-5.03426,50.66944],[-5.10373,50.66023],[-5.11815,50.70408],[-5.04862,50.71329]]]}},{"type":"Feature","properties":{"pos":463,"gear":"Beam trawl","gearPct":74,"gears":4,"nat":"United Kingdom","vmax":6,"months":11},"geometry":{"type":"Polygon","coordinates":[[[-5.03426,50.66944],[-5.01993,50.62558],[-5.08934,50.61638],[-5.10373,50.66023],[-5.03426,50.66944]]]}},{"type":"Feature","properties":{"pos":32,"gear":"Beam trawl","gearPct":53,"gears":2,"nat":"United Kingdom","vmax":3,"months":8},"geometry":{"type":"Polygon","coordinates":[[[-5.01993,50.62558],[-5.00564,50.58172],[-5.07498,50.57253],[-5.08934,50.61638],[-5.01993,50.62558]]]}},{"type":"Feature","properties":{"pos":4,"gear":"Beam trawl","gearPct":50,"gears":2,"nat":"United Kingdom","vmax":1,"months":3},"geometry":{"type":"Polygon","coordinates":[[[-5.00564,50.58172],[-4.99138,50.53785],[-5.06066,50.52868],[-5.07498,50.57253],[-5.00564,50.58172]]]}},{"type":"Feature","properties":{"pos":21,"gear":"Purse seine","gearPct":67,"gears":3,"nat":"United Kingdom","vmax":3,"months":5},"geometry":{"type":"Polygon","coordinates":[[[-4.89248,50.23072],[-4.87848,50.18683],[-4.94728,50.17774],[-4.96134,50.22161],[-4.89248,50.23072]]]}},{"type":"Feature","properties":{"pos":67,"gear":"Demersal trawl","gearPct":57,"gears":4,"nat":"France","vmax":6,"months":7},"geometry":{"type":"Polygon","coordinates":[[[-4.87848,50.18683],[-4.86452,50.14294],[-4.93326,50.13386],[-4.94728,50.17774],[-4.87848,50.18683]]]}},{"type":"Feature","properties":{"pos":197,"gear":"Demersal trawl","gearPct":61,"gears":4,"nat":"United Kingdom","vmax":12,"months":12},"geometry":{"type":"Polygon","coordinates":[[[-4.86452,50.14294],[-4.85058,50.09905],[-4.91926,50.08997],[-4.93326,50.13386],[-4.86452,50.14294]]]}},{"type":"Feature","properties":{"pos":883,"gear":"Demersal trawl","gearPct":51,"gears":4,"nat":"United Kingdom","vmax":18,"months":12},"geometry":{"type":"Polygon","coordinates":[[[-4.85058,50.09905],[-4.83668,50.05515],[-4.9053,50.04608],[-4.91926,50.08997],[-4.85058,50.09905]]]}},{"type":"Feature","properties":{"pos":1404,"gear":"Demersal trawl","gearPct":76,"gears":4,"nat":"France","vmax":25,"months":12},"geometry":{"type":"Polygon","coordinates":[[[-4.83668,50.05515],[-4.82281,50.01125],[-4.89137,50.00219],[-4.9053,50.04608],[-4.83668,50.05515]]]}},{"type":"Feature","properties":{"pos":1095,"gear":"Demersal trawl","gearPct":72,"gears":5,"nat":"France","vmax":22,"months":12},"geometry":{"type":"Polygon","coordinates":[[[-4.82281,50.01125],[-4.80897,49.96735],[-4.87748,49.9583],[-4.89137,50.00219],[-4.82281,50.01125]]]}},{"type":"Feature","properties":{"pos":689,"gear":"Demersal trawl","gearPct":66,"gears":4,"nat":"France","vmax":20,"months":12},"geometry":{"type":"Polygon","coordinates":[[[-4.80897,49.96735],[-4.79517,49.92344],[-4.86361,49.9144],[-4.87748,49.9583],[-4.80897,49.96735]]]}},{"type":"Feature","properties":{"pos":1424,"gear":"Demersal trawl","gearPct":58,"gears":4,"nat":"France","vmax":23,"months":12},"geometry":{"type":"Polygon","coordinates":[[[-4.79517,49.92344],[-4.78139,49.87953],[-4.84978,49.8705],[-4.86361,49.9144],[-4.79517,49.92344]]]}},{"type":"Feature","properties":{"pos":1255,"gear":"Demersal trawl","gearPct":46,"gears":6,"nat":"United Kingdom","vmax":20,"months":12},"geometry":{"type":"Polygon","coordinates":[[[-4.78139,49.87953],[-4.76765,49.83562],[-4.83597,49.8266],[-4.84978,49.8705],[-4.78139,49.87953]]]}},{"type":"Feature","properties":{"pos":427,"gear":"Beam trawl","gearPct":89,"gears":5,"nat":"Belgium","vmax":18,"months":10},"geometry":{"type":"Polygon","coordinates":[[[-5.10926,51.11712],[-5.09466,51.07328],[-5.16471,51.06403],[-5.17938,51.10785],[-5.10926,51.11712]]]}},{"type":"Feature","properties":{"pos":399,"gear":"Beam trawl","gearPct":89,"gears":5,"nat":"Belgium","vmax":19,"months":10},"geometry":{"type":"Polygon","coordinates":[[[-5.09466,51.07328],[-5.08009,51.02944],[-5.15008,51.02019],[-5.16471,51.06403],[-5.09466,51.07328]]]}},{"type":"Feature","properties":{"pos":472,"gear":"Beam trawl","gearPct":84,"gears":5,"nat":"Belgium","vmax":21,"months":10},"geometry":{"type":"Polygon","coordinates":[[[-5.08009,51.02944],[-5.06556,50.98559],[-5.13548,50.97636],[-5.15008,51.02019],[-5.08009,51.02944]]]}},{"type":"Feature","properties":{"pos":643,"gear":"Beam trawl","gearPct":84,"gears":6,"nat":"Belgium","vmax":25,"months":10},"geometry":{"type":"Polygon","coordinates":[[[-5.06556,50.98559],[-5.05106,50.94175],[-5.12092,50.93252],[-5.13548,50.97636],[-5.06556,50.98559]]]}},{"type":"Feature","properties":{"pos":568,"gear":"Beam trawl","gearPct":48,"gears":5,"nat":"Belgium","vmax":19,"months":10},"geometry":{"type":"Polygon","coordinates":[[[-5.05106,50.94175],[-5.03659,50.8979],[-5.10639,50.88868],[-5.12092,50.93252],[-5.05106,50.94175]]]}},{"type":"Feature","properties":{"pos":312,"gear":"Beam trawl","gearPct":26,"gears":6,"nat":"United Kingdom","vmax":12,"months":12},"geometry":{"type":"Polygon","coordinates":[[[-5.03659,50.8979],[-5.02216,50.85404],[-5.0919,50.84484],[-5.10639,50.88868],[-5.03659,50.8979]]]}},{"type":"Feature","properties":{"pos":246,"gear":"Scallop dredge","gearPct":29,"gears":6,"nat":"United Kingdom","vmax":9,"months":12},"geometry":{"type":"Polygon","coordinates":[[[-5.02216,50.85404],[-5.00776,50.81019],[-5.07744,50.80099],[-5.0919,50.84484],[-5.02216,50.85404]]]}},{"type":"Feature","properties":{"pos":305,"gear":"Other gear","gearPct":42,"gears":5,"nat":"United Kingdom","vmax":8,"months":11},"geometry":{"type":"Polygon","coordinates":[[[-5.00776,50.81019],[-4.99339,50.76633],[-5.06301,50.75714],[-5.07744,50.80099],[-5.00776,50.81019]]]}},{"type":"Feature","properties":{"pos":377,"gear":"Other gear","gearPct":70,"gears":5,"nat":"United Kingdom","vmax":7,"months":12},"geometry":{"type":"Polygon","coordinates":[[[-4.99339,50.76633],[-4.97906,50.72247],[-5.04862,50.71329],[-5.06301,50.75714],[-4.99339,50.76633]]]}},{"type":"Feature","properties":{"pos":192,"gear":"Other gear","gearPct":70,"gears":5,"nat":"United Kingdom","vmax":7,"months":11},"geometry":{"type":"Polygon","coordinates":[[[-4.97906,50.72247],[-4.96476,50.6786],[-5.03426,50.66944],[-5.04862,50.71329],[-4.97906,50.72247]]]}},{"type":"Feature","properties":{"pos":122,"gear":"Other gear","gearPct":66,"gears":4,"nat":"United Kingdom","vmax":5,"months":12},"geometry":{"type":"Polygon","coordinates":[[[-4.96476,50.6786],[-4.9505,50.63473],[-5.01993,50.62558],[-5.03426,50.66944],[-4.96476,50.6786]]]}},{"type":"Feature","properties":{"pos":120,"gear":"Other gear","gearPct":70,"gears":4,"nat":"United Kingdom","vmax":5,"months":12},"geometry":{"type":"Polygon","coordinates":[[[-4.9505,50.63473],[-4.93627,50.59086],[-5.00564,50.58172],[-5.01993,50.62558],[-4.9505,50.63473]]]}},{"type":"Feature","properties":{"pos":140,"gear":"Other gear","gearPct":71,"gears":4,"nat":"United Kingdom","vmax":8,"months":12},"geometry":{"type":"Polygon","coordinates":[[[-4.93627,50.59086],[-4.92207,50.54699],[-4.99138,50.53785],[-5.00564,50.58172],[-4.93627,50.59086]]]}},{"type":"Feature","properties":{"pos":82,"gear":"Other gear","gearPct":77,"gears":4,"nat":"United Kingdom","vmax":5,"months":12},"geometry":{"type":"Polygon","coordinates":[[[-4.92207,50.54699],[-4.9079,50.50311],[-4.97715,50.49399],[-4.99138,50.53785],[-4.92207,50.54699]]]}},{"type":"Feature","properties":{"pos":14,"gear":"Purse seine","gearPct":57,"gears":2,"nat":"United Kingdom","vmax":2,"months":4},"geometry":{"type":"Polygon","coordinates":[[[-4.8236,50.23979],[-4.80966,50.19589],[-4.87848,50.18683],[-4.89248,50.23072],[-4.8236,50.23979]]]}},{"type":"Feature","properties":{"pos":43,"gear":"Demersal trawl","gearPct":63,"gears":3,"nat":"France","vmax":6,"months":11},"geometry":{"type":"Polygon","coordinates":[[[-4.80966,50.19589],[-4.79575,50.15199],[-4.86452,50.14294],[-4.87848,50.18683],[-4.80966,50.19589]]]}},{"type":"Feature","properties":{"pos":267,"gear":"Demersal trawl","gearPct":47,"gears":4,"nat":"United Kingdom","vmax":11,"months":12},"geometry":{"type":"Polygon","coordinates":[[[-4.79575,50.15199],[-4.78188,50.10809],[-4.85058,50.09905],[-4.86452,50.14294],[-4.79575,50.15199]]]}},{"type":"Feature","properties":{"pos":1715,"gear":"Demersal trawl","gearPct":66,"gears":4,"nat":"France","vmax":25,"months":12},"geometry":{"type":"Polygon","coordinates":[[[-4.78188,50.10809],[-4.76804,50.06418],[-4.83668,50.05515],[-4.85058,50.09905],[-4.78188,50.10809]]]}},{"type":"Feature","properties":{"pos":1622,"gear":"Demersal trawl","gearPct":60,"gears":4,"nat":"France","vmax":24,"months":12},"geometry":{"type":"Polygon","coordinates":[[[-4.76804,50.06418],[-4.75423,50.02027],[-4.82281,50.01125],[-4.83668,50.05515],[-4.76804,50.06418]]]}},{"type":"Feature","properties":{"pos":1390,"gear":"Demersal trawl","gearPct":55,"gears":4,"nat":"France","vmax":19,"months":12},"geometry":{"type":"Polygon","coordinates":[[[-4.75423,50.02027],[-4.74045,49.97636],[-4.80897,49.96735],[-4.82281,50.01125],[-4.75423,50.02027]]]}},{"type":"Feature","properties":{"pos":894,"gear":"Beam trawl","gearPct":32,"gears":4,"nat":"United Kingdom","vmax":20,"months":12},"geometry":{"type":"Polygon","coordinates":[[[-4.74045,49.97636],[-4.7267,49.93244],[-4.79517,49.92344],[-4.80897,49.96735],[-4.74045,49.97636]]]}},{"type":"Feature","properties":{"pos":1500,"gear":"Demersal trawl","gearPct":60,"gears":4,"nat":"France","vmax":27,"months":12},"geometry":{"type":"Polygon","coordinates":[[[-4.7267,49.93244],[-4.71299,49.88852],[-4.78139,49.87953],[-4.79517,49.92344],[-4.7267,49.93244]]]}},{"type":"Feature","properties":{"pos":1089,"gear":"Demersal trawl","gearPct":49,"gears":6,"nat":"France","vmax":19,"months":12},"geometry":{"type":"Polygon","coordinates":[[[-4.71299,49.88852],[-4.6993,49.8446],[-4.76765,49.83562],[-4.78139,49.87953],[-4.71299,49.88852]]]}},{"type":"Feature","properties":{"pos":433,"gear":"Beam trawl","gearPct":88,"gears":5,"nat":"Belgium","vmax":16,"months":10},"geometry":{"type":"Polygon","coordinates":[[[-5.02458,51.08249],[-5.01008,51.03864],[-5.08009,51.02944],[-5.09466,51.07328],[-5.02458,51.08249]]]}},{"type":"Feature","properties":{"pos":382,"gear":"Beam trawl","gearPct":78,"gears":5,"nat":"Belgium","vmax":16,"months":11},"geometry":{"type":"Polygon","coordinates":[[[-5.01008,51.03864],[-4.9956,50.99478],[-5.06556,50.98559],[-5.08009,51.02944],[-5.01008,51.03864]]]}},{"type":"Feature","properties":{"pos":420,"gear":"Beam trawl","gearPct":71,"gears":6,"nat":"Belgium","vmax":19,"months":10},"geometry":{"type":"Polygon","coordinates":[[[-4.9956,50.99478],[-4.98117,50.95093],[-5.05106,50.94175],[-5.06556,50.98559],[-4.9956,50.99478]]]}},{"type":"Feature","properties":{"pos":262,"gear":"Beam trawl","gearPct":32,"gears":5,"nat":"United Kingdom","vmax":12,"months":12},"geometry":{"type":"Polygon","coordinates":[[[-4.98117,50.95093],[-4.96676,50.90707],[-5.03659,50.8979],[-5.05106,50.94175],[-4.98117,50.95093]]]}},{"type":"Feature","properties":{"pos":161,"gear":"Other gear","gearPct":53,"gears":5,"nat":"United Kingdom","vmax":4,"months":12},"geometry":{"type":"Polygon","coordinates":[[[-4.96676,50.90707],[-4.95239,50.8632],[-5.02216,50.85404],[-5.03659,50.8979],[-4.96676,50.90707]]]}},{"type":"Feature","properties":{"pos":163,"gear":"Other gear","gearPct":33,"gears":5,"nat":"United Kingdom","vmax":5,"months":10},"geometry":{"type":"Polygon","coordinates":[[[-4.95239,50.8632],[-4.93806,50.81934],[-5.00776,50.81019],[-5.02216,50.85404],[-4.95239,50.8632]]]}},{"type":"Feature","properties":{"pos":324,"gear":"Scallop dredge","gearPct":56,"gears":5,"nat":"United Kingdom","vmax":5,"months":12},"geometry":{"type":"Polygon","coordinates":[[[-4.93806,50.81934],[-4.92375,50.77547],[-4.99339,50.76633],[-5.00776,50.81019],[-4.93806,50.81934]]]}},{"type":"Feature","properties":{"pos":255,"gear":"Scallop dredge","gearPct":56,"gears":5,"nat":"United Kingdom","vmax":3,"months":11},"geometry":{"type":"Polygon","coordinates":[[[-4.92375,50.77547],[-4.90948,50.7316],[-4.97906,50.72247],[-4.99339,50.76633],[-4.92375,50.77547]]]}},{"type":"Feature","properties":{"pos":64,"gear":"Other gear","gearPct":39,"gears":4,"nat":"United Kingdom","vmax":3,"months":11},"geometry":{"type":"Polygon","coordinates":[[[-4.90948,50.7316],[-4.89525,50.68772],[-4.96476,50.6786],[-4.97906,50.72247],[-4.90948,50.7316]]]}},{"type":"Feature","properties":{"pos":30,"gear":"Other gear","gearPct":67,"gears":2,"nat":"United Kingdom","vmax":3,"months":10},"geometry":{"type":"Polygon","coordinates":[[[-4.89525,50.68772],[-4.88104,50.64384],[-4.9505,50.63473],[-4.96476,50.6786],[-4.89525,50.68772]]]}},{"type":"Feature","properties":{"pos":44,"gear":"Other gear","gearPct":66,"gears":3,"nat":"United Kingdom","vmax":4,"months":12},"geometry":{"type":"Polygon","coordinates":[[[-4.88104,50.64384],[-4.86687,50.59996],[-4.93627,50.59086],[-4.9505,50.63473],[-4.88104,50.64384]]]}},{"type":"Feature","properties":{"pos":4,"gear":"Other gear","gearPct":50,"gears":2,"nat":"United Kingdom","vmax":1,"months":3},"geometry":{"type":"Polygon","coordinates":[[[-4.86687,50.59996],[-4.85274,50.55608],[-4.92207,50.54699],[-4.93627,50.59086],[-4.86687,50.59996]]]}},{"type":"Feature","properties":{"pos":244,"gear":"Other gear","gearPct":44,"gears":4,"nat":"United Kingdom","vmax":5,"months":12},"geometry":{"type":"Polygon","coordinates":[[[-4.7686,50.29272],[-4.75469,50.24881],[-4.8236,50.23979],[-4.83757,50.28368],[-4.7686,50.29272]]]}},{"type":"Feature","properties":{"pos":46,"gear":"Other gear","gearPct":54,"gears":4,"nat":"United Kingdom","vmax":3,"months":11},"geometry":{"type":"Polygon","coordinates":[[[-4.75469,50.24881],[-4.74081,50.2049],[-4.80966,50.19589],[-4.8236,50.23979],[-4.75469,50.24881]]]}},{"type":"Feature","properties":{"pos":89,"gear":"Demersal trawl","gearPct":43,"gears":3,"nat":"United Kingdom","vmax":8,"months":12},"geometry":{"type":"Polygon","coordinates":[[[-4.74081,50.2049],[-4.72697,50.16099],[-4.79575,50.15199],[-4.80966,50.19589],[-4.74081,50.2049]]]}},{"type":"Feature","properties":{"pos":755,"gear":"Demersal trawl","gearPct":51,"gears":4,"nat":"United Kingdom","vmax":18,"months":12},"geometry":{"type":"Polygon","coordinates":[[[-4.72697,50.16099],[-4.71315,50.11708],[-4.78188,50.10809],[-4.79575,50.15199],[-4.72697,50.16099]]]}},{"type":"Feature","properties":{"pos":2395,"gear":"Demersal trawl","gearPct":62,"gears":4,"nat":"France","vmax":25,"months":12},"geometry":{"type":"Polygon","coordinates":[[[-4.71315,50.11708],[-4.69937,50.07316],[-4.76804,50.06418],[-4.78188,50.10809],[-4.71315,50.11708]]]}},{"type":"Feature","properties":{"pos":1630,"gear":"Demersal trawl","gearPct":44,"gears":4,"nat":"United Kingdom","vmax":18,"months":12},"geometry":{"type":"Polygon","coordinates":[[[-4.69937,50.07316],[-4.68562,50.02925],[-4.75423,50.02027],[-4.76804,50.06418],[-4.69937,50.07316]]]}},{"type":"Feature","properties":{"pos":2310,"gear":"Scallop dredge","gearPct":35,"gears":5,"nat":"United Kingdom","vmax":20,"months":12},"geometry":{"type":"Polygon","coordinates":[[[-4.68562,50.02925],[-4.6719,49.98532],[-4.74045,49.97636],[-4.75423,50.02027],[-4.68562,50.02925]]]}},{"type":"Feature","properties":{"pos":1367,"gear":"Beam trawl","gearPct":42,"gears":5,"nat":"United Kingdom","vmax":24,"months":12},"geometry":{"type":"Polygon","coordinates":[[[-4.6719,49.98532],[-4.65821,49.9414],[-4.7267,49.93244],[-4.74045,49.97636],[-4.6719,49.98532]]]}},{"type":"Feature","properties":{"pos":1426,"gear":"Demersal trawl","gearPct":49,"gears":5,"nat":"France","vmax":25,"months":12},"geometry":{"type":"Polygon","coordinates":[[[-4.65821,49.9414],[-4.64456,49.89747],[-4.71299,49.88852],[-4.7267,49.93244],[-4.65821,49.9414]]]}},{"type":"Feature","properties":{"pos":1204,"gear":"Beam trawl","gearPct":46,"gears":6,"nat":"United Kingdom","vmax":18,"months":12},"geometry":{"type":"Polygon","coordinates":[[[-4.64456,49.89747],[-4.63093,49.85354],[-4.6993,49.8446],[-4.71299,49.88852],[-4.64456,49.89747]]]}},{"type":"Feature","properties":{"pos":378,"gear":"Beam trawl","gearPct":89,"gears":4,"nat":"Belgium","vmax":17,"months":11},"geometry":{"type":"Polygon","coordinates":[[[-4.95448,51.09166],[-4.94004,51.0478],[-5.01008,51.03864],[-5.02458,51.08249],[-4.95448,51.09166]]]}},{"type":"Feature","properties":{"pos":370,"gear":"Beam trawl","gearPct":73,"gears":5,"nat":"Belgium","vmax":14,"months":12},"geometry":{"type":"Polygon","coordinates":[[[-4.94004,51.0478],[-4.92563,51.00393],[-4.9956,50.99478],[-5.01008,51.03864],[-4.94004,51.0478]]]}},{"type":"Feature","properties":{"pos":218,"gear":"Other gear","gearPct":39,"gears":5,"nat":"United Kingdom","vmax":8,"months":12},"geometry":{"type":"Polygon","coordinates":[[[-4.92563,51.00393],[-4.91125,50.96007],[-4.98117,50.95093],[-4.9956,50.99478],[-4.92563,51.00393]]]}},{"type":"Feature","properties":{"pos":114,"gear":"Other gear","gearPct":57,"gears":5,"nat":"United Kingdom","vmax":4,"months":11},"geometry":{"type":"Polygon","coordinates":[[[-4.91125,50.96007],[-4.89691,50.9162],[-4.96676,50.90707],[-4.98117,50.95093],[-4.91125,50.96007]]]}},{"type":"Feature","properties":{"pos":165,"gear":"Pots & creels","gearPct":58,"gears":4,"nat":"United Kingdom","vmax":5,"months":11},"geometry":{"type":"Polygon","coordinates":[[[-4.89691,50.9162],[-4.8826,50.87232],[-4.95239,50.8632],[-4.96676,50.90707],[-4.89691,50.9162]]]}},{"type":"Feature","properties":{"pos":177,"gear":"Scallop dredge","gearPct":38,"gears":5,"nat":"United Kingdom","vmax":3,"months":12},"geometry":{"type":"Polygon","coordinates":[[[-4.8826,50.87232],[-4.86833,50.82845],[-4.93806,50.81934],[-4.95239,50.8632],[-4.8826,50.87232]]]}},{"type":"Feature","properties":{"pos":51,"gear":"Pots & creels","gearPct":33,"gears":4,"nat":"United Kingdom","vmax":2,"months":11},"geometry":{"type":"Polygon","coordinates":[[[-4.86833,50.82845],[-4.85409,50.78457],[-4.92375,50.77547],[-4.93806,50.81934],[-4.86833,50.82845]]]}},{"type":"Feature","properties":{"pos":54,"gear":"Pots & creels","gearPct":67,"gears":3,"nat":"United Kingdom","vmax":2,"months":11},"geometry":{"type":"Polygon","coordinates":[[[-4.85409,50.78457],[-4.83988,50.74069],[-4.90948,50.7316],[-4.92375,50.77547],[-4.85409,50.78457]]]}},{"type":"Feature","properties":{"pos":75,"gear":"Pots & creels","gearPct":79,"gears":2,"nat":"United Kingdom","vmax":3,"months":11},"geometry":{"type":"Polygon","coordinates":[[[-4.83988,50.74069],[-4.8257,50.6968],[-4.89525,50.68772],[-4.90948,50.7316],[-4.83988,50.74069]]]}},{"type":"Feature","properties":{"pos":19,"gear":"Pots & creels","gearPct":68,"gears":2,"nat":"United Kingdom","vmax":2,"months":9},"geometry":{"type":"Polygon","coordinates":[[[-4.8257,50.6968],[-4.81156,50.65291],[-4.88104,50.64384],[-4.89525,50.68772],[-4.8257,50.6968]]]}},{"type":"Feature","properties":{"pos":13,"gear":"Other gear","gearPct":62,"gears":2,"nat":"United Kingdom","vmax":2,"months":6},"geometry":{"type":"Polygon","coordinates":[[[-4.81156,50.65291],[-4.79745,50.60902],[-4.86687,50.59996],[-4.88104,50.64384],[-4.81156,50.65291]]]}},{"type":"Feature","properties":{"pos":12,"gear":"Pots & creels","gearPct":83,"gears":2,"nat":"United Kingdom","vmax":1,"months":6},"geometry":{"type":"Polygon","coordinates":[[[-4.79745,50.60902],[-4.78338,50.56513],[-4.85274,50.55608],[-4.86687,50.59996],[-4.79745,50.60902]]]}},{"type":"Feature","properties":{"pos":69,"gear":"Other gear","gearPct":42,"gears":3,"nat":"United Kingdom","vmax":3,"months":6},"geometry":{"type":"Polygon","coordinates":[[[-4.71349,50.34562],[-4.69961,50.30171],[-4.7686,50.29272],[-4.78254,50.33662],[-4.71349,50.34562]]]}},{"type":"Feature","properties":{"pos":375,"gear":"Other gear","gearPct":48,"gears":5,"nat":"United Kingdom","vmax":4,"months":11},"geometry":{"type":"Polygon","coordinates":[[[-4.69961,50.30171],[-4.68576,50.25779],[-4.75469,50.24881],[-4.7686,50.29272],[-4.69961,50.30171]]]}},{"type":"Feature","properties":{"pos":140,"gear":"Other gear","gearPct":52,"gears":4,"nat":"United Kingdom","vmax":7,"months":12},"geometry":{"type":"Polygon","coordinates":[[[-4.68576,50.25779],[-4.67194,50.21388],[-4.74081,50.2049],[-4.75469,50.24881],[-4.68576,50.25779]]]}},{"type":"Feature","properties":{"pos":422,"gear":"Scallop dredge","gearPct":54,"gears":3,"nat":"United Kingdom","vmax":9,"months":12},"geometry":{"type":"Polygon","coordinates":[[[-4.67194,50.21388],[-4.65815,50.16996],[-4.72697,50.16099],[-4.74081,50.2049],[-4.67194,50.21388]]]}},{"type":"Feature","properties":{"pos":2610,"gear":"Demersal trawl","gearPct":58,"gears":4,"nat":"France","vmax":26,"months":12},"geometry":{"type":"Polygon","coordinates":[[[-4.65815,50.16996],[-4.6444,50.12604],[-4.71315,50.11708],[-4.72697,50.16099],[-4.65815,50.16996]]]}},{"type":"Feature","properties":{"pos":2090,"gear":"Demersal trawl","gearPct":43,"gears":4,"nat":"United Kingdom","vmax":21,"months":12},"geometry":{"type":"Polygon","coordinates":[[[-4.6444,50.12604],[-4.63068,50.08211],[-4.69937,50.07316],[-4.71315,50.11708],[-4.6444,50.12604]]]}},{"type":"Feature","properties":{"pos":1802,"gear":"Scallop dredge","gearPct":40,"gears":4,"nat":"United Kingdom","vmax":18,"months":12},"geometry":{"type":"Polygon","coordinates":[[[-4.63068,50.08211],[-4.61699,50.03818],[-4.68562,50.02925],[-4.69937,50.07316],[-4.63068,50.08211]]]}},{"type":"Feature","properties":{"pos":2938,"gear":"Scallop dredge","gearPct":36,"gears":5,"nat":"United Kingdom","vmax":18,"months":12},"geometry":{"type":"Polygon","coordinates":[[[-4.61699,50.03818],[-4.60333,49.99425],[-4.6719,49.98532],[-4.68562,50.02925],[-4.61699,50.03818]]]}},{"type":"Feature","properties":{"pos":1808,"gear":"Beam trawl","gearPct":32,"gears":5,"nat":"United Kingdom","vmax":26,"months":12},"geometry":{"type":"Polygon","coordinates":[[[-4.60333,49.99425],[-4.5897,49.95032],[-4.65821,49.9414],[-4.6719,49.98532],[-4.60333,49.99425]]]}},{"type":"Feature","properties":{"pos":1313,"gear":"Demersal trawl","gearPct":46,"gears":4,"nat":"United Kingdom","vmax":24,"months":12},"geometry":{"type":"Polygon","coordinates":[[[-4.5897,49.95032],[-4.57611,49.90638],[-4.64456,49.89747],[-4.65821,49.9414],[-4.5897,49.95032]]]}},{"type":"Feature","properties":{"pos":1317,"gear":"Beam trawl","gearPct":48,"gears":8,"nat":"United Kingdom","vmax":19,"months":12},"geometry":{"type":"Polygon","coordinates":[[[-4.57611,49.90638],[-4.56254,49.86244],[-4.63093,49.85354],[-4.64456,49.89747],[-4.57611,49.90638]]]}},{"type":"Feature","properties":{"pos":42,"gear":"Other gear","gearPct":60,"gears":3,"nat":"United Kingdom","vmax":2,"months":12},"geometry":{"type":"Polygon","coordinates":[[[-4.88435,51.10079],[-4.86997,51.05691],[-4.94004,51.0478],[-4.95448,51.09166],[-4.88435,51.10079]]]}},{"type":"Feature","properties":{"pos":147,"gear":"Beam trawl","gearPct":57,"gears":4,"nat":"Belgium","vmax":6,"months":12},"geometry":{"type":"Polygon","coordinates":[[[-4.86997,51.05691],[-4.85562,51.01304],[-4.92563,51.00393],[-4.94004,51.0478],[-4.86997,51.05691]]]}},{"type":"Feature","properties":{"pos":152,"gear":"Other gear","gearPct":59,"gears":5,"nat":"United Kingdom","vmax":4,"months":11},"geometry":{"type":"Polygon","coordinates":[[[-4.85562,51.01304],[-4.84131,50.96916],[-4.91125,50.96007],[-4.92563,51.00393],[-4.85562,51.01304]]]}},{"type":"Feature","properties":{"pos":155,"gear":"Other gear","gearPct":60,"gears":5,"nat":"United Kingdom","vmax":4,"months":12},"geometry":{"type":"Polygon","coordinates":[[[-4.84131,50.96916],[-4.82703,50.92528],[-4.89691,50.9162],[-4.91125,50.96007],[-4.84131,50.96916]]]}},{"type":"Feature","properties":{"pos":111,"gear":"Pots & creels","gearPct":66,"gears":2,"nat":"United Kingdom","vmax":4,"months":12},"geometry":{"type":"Polygon","coordinates":[[[-4.82703,50.92528],[-4.81279,50.8814],[-4.8826,50.87232],[-4.89691,50.9162],[-4.82703,50.92528]]]}},{"type":"Feature","properties":{"pos":112,"gear":"Pots & creels","gearPct":72,"gears":3,"nat":"United Kingdom","vmax":3,"months":11},"geometry":{"type":"Polygon","coordinates":[[[-4.81279,50.8814],[-4.79857,50.83751],[-4.86833,50.82845],[-4.8826,50.87232],[-4.81279,50.8814]]]}},{"type":"Feature","properties":{"pos":72,"gear":"Pots & creels","gearPct":75,"gears":2,"nat":"United Kingdom","vmax":2,"months":12},"geometry":{"type":"Polygon","coordinates":[[[-4.79857,50.83751],[-4.78439,50.79363],[-4.85409,50.78457],[-4.86833,50.82845],[-4.79857,50.83751]]]}},{"type":"Feature","properties":{"pos":124,"gear":"Pots & creels","gearPct":66,"gears":2,"nat":"United Kingdom","vmax":3,"months":12},"geometry":{"type":"Polygon","coordinates":[[[-4.78439,50.79363],[-4.77025,50.74973],[-4.83988,50.74069],[-4.85409,50.78457],[-4.78439,50.79363]]]}},{"type":"Feature","properties":{"pos":118,"gear":"Pots & creels","gearPct":81,"gears":2,"nat":"United Kingdom","vmax":3,"months":12},"geometry":{"type":"Polygon","coordinates":[[[-4.77025,50.74973],[-4.75614,50.70584],[-4.8257,50.6968],[-4.83988,50.74069],[-4.77025,50.74973]]]}},{"type":"Feature","properties":{"pos":59,"gear":"Pots & creels","gearPct":86,"gears":2,"nat":"United Kingdom","vmax":3,"months":10},"geometry":{"type":"Polygon","coordinates":[[[-4.75614,50.70584],[-4.74206,50.66194],[-4.81156,50.65291],[-4.8257,50.6968],[-4.75614,50.70584]]]}},{"type":"Feature","properties":{"pos":11,"gear":"Pots & creels","gearPct":100,"gears":1,"nat":"United Kingdom","vmax":1,"months":7},"geometry":{"type":"Polygon","coordinates":[[[-4.74206,50.66194],[-4.72801,50.61804],[-4.79745,50.60902],[-4.81156,50.65291],[-4.74206,50.66194]]]}},{"type":"Feature","properties":{"pos":99,"gear":"Other gear","gearPct":77,"gears":4,"nat":"United Kingdom","vmax":7,"months":11},"geometry":{"type":"Polygon","coordinates":[[[-4.64441,50.35458],[-4.63059,50.31066],[-4.69961,50.30171],[-4.71349,50.34562],[-4.64441,50.35458]]]}},{"type":"Feature","properties":{"pos":146,"gear":"Purse seine","gearPct":47,"gears":3,"nat":"United Kingdom","vmax":6,"months":9},"geometry":{"type":"Polygon","coordinates":[[[-4.63059,50.31066],[-4.6168,50.26674],[-4.68576,50.25779],[-4.69961,50.30171],[-4.63059,50.31066]]]}},{"type":"Feature","properties":{"pos":615,"gear":"Demersal trawl","gearPct":67,"gears":4,"nat":"United Kingdom","vmax":6,"months":12},"geometry":{"type":"Polygon","coordinates":[[[-4.6168,50.26674],[-4.60304,50.22281],[-4.67194,50.21388],[-4.68576,50.25779],[-4.6168,50.26674]]]}},{"type":"Feature","properties":{"pos":1580,"gear":"Demersal trawl","gearPct":44,"gears":4,"nat":"United Kingdom","vmax":24,"months":12},"geometry":{"type":"Polygon","coordinates":[[[-4.60304,50.22281],[-4.58932,50.17888],[-4.65815,50.16996],[-4.67194,50.21388],[-4.60304,50.22281]]]}},{"type":"Feature","properties":{"pos":3092,"gear":"Demersal trawl","gearPct":52,"gears":4,"nat":"United Kingdom","vmax":25,"months":12},"geometry":{"type":"Polygon","coordinates":[[[-4.58932,50.17888],[-4.57563,50.13495],[-4.6444,50.12604],[-4.65815,50.16996],[-4.58932,50.17888]]]}},{"type":"Feature","properties":{"pos":2935,"gear":"Demersal trawl","gearPct":54,"gears":4,"nat":"United Kingdom","vmax":16,"months":12},"geometry":{"type":"Polygon","coordinates":[[[-4.57563,50.13495],[-4.56196,50.09101],[-4.63068,50.08211],[-4.6444,50.12604],[-4.57563,50.13495]]]}},{"type":"Feature","properties":{"pos":2004,"gear":"Scallop dredge","gearPct":43,"gears":6,"nat":"United Kingdom","vmax":19,"months":12},"geometry":{"type":"Polygon","coordinates":[[[-4.56196,50.09101],[-4.54833,50.04708],[-4.61699,50.03818],[-4.63068,50.08211],[-4.56196,50.09101]]]}},{"type":"Feature","properties":{"pos":2489,"gear":"Scallop dredge","gearPct":34,"gears":6,"nat":"United Kingdom","vmax":19,"months":12},"geometry":{"type":"Polygon","coordinates":[[[-4.54833,50.04708],[-4.53473,50.00313],[-4.60333,49.99425],[-4.61699,50.03818],[-4.54833,50.04708]]]}},{"type":"Feature","properties":{"pos":1340,"gear":"Other gear","gearPct":40,"gears":5,"nat":"United Kingdom","vmax":21,"months":12},"geometry":{"type":"Polygon","coordinates":[[[-4.53473,50.00313],[-4.52117,49.95919],[-4.5897,49.95032],[-4.60333,49.99425],[-4.53473,50.00313]]]}},{"type":"Feature","properties":{"pos":1576,"gear":"Demersal trawl","gearPct":48,"gears":6,"nat":"France","vmax":21,"months":12},"geometry":{"type":"Polygon","coordinates":[[[-4.52117,49.95919],[-4.50763,49.91524],[-4.57611,49.90638],[-4.5897,49.95032],[-4.52117,49.95919]]]}},{"type":"Feature","properties":{"pos":1455,"gear":"Beam trawl","gearPct":61,"gears":6,"nat":"United Kingdom","vmax":15,"months":12},"geometry":{"type":"Polygon","coordinates":[[[-4.50763,49.91524],[-4.49412,49.87129],[-4.56254,49.86244],[-4.57611,49.90638],[-4.50763,49.91524]]]}},{"type":"Feature","properties":{"pos":1483,"gear":"Beam trawl","gearPct":49,"gears":6,"nat":"United Kingdom","vmax":20,"months":12},"geometry":{"type":"Polygon","coordinates":[[[-4.49412,49.87129],[-4.48065,49.82734],[-4.54901,49.8185],[-4.56254,49.86244],[-4.49412,49.87129]]]}},{"type":"Feature","properties":{"pos":21,"gear":"Other gear","gearPct":52,"gears":3,"nat":"United Kingdom","vmax":2,"months":9},"geometry":{"type":"Polygon","coordinates":[[[-4.8142,51.10987],[-4.79988,51.06599],[-4.86997,51.05691],[-4.88435,51.10079],[-4.8142,51.10987]]]}},{"type":"Feature","properties":{"pos":54,"gear":"Other gear","gearPct":69,"gears":4,"nat":"United Kingdom","vmax":3,"months":12},"geometry":{"type":"Polygon","coordinates":[[[-4.79988,51.06599],[-4.78559,51.0221],[-4.85562,51.01304],[-4.86997,51.05691],[-4.79988,51.06599]]]}},{"type":"Feature","properties":{"pos":81,"gear":"Other gear","gearPct":69,"gears":2,"nat":"United Kingdom","vmax":4,"months":11},"geometry":{"type":"Polygon","coordinates":[[[-4.78559,51.0221],[-4.77134,50.97822],[-4.84131,50.96916],[-4.85562,51.01304],[-4.78559,51.0221]]]}},{"type":"Feature","properties":{"pos":75,"gear":"Other gear","gearPct":47,"gears":3,"nat":"United Kingdom","vmax":5,"months":8},"geometry":{"type":"Polygon","coordinates":[[[-4.77134,50.97822],[-4.75713,50.93433],[-4.82703,50.92528],[-4.84131,50.96916],[-4.77134,50.97822]]]}},{"type":"Feature","properties":{"pos":89,"gear":"Pots & creels","gearPct":69,"gears":3,"nat":"United Kingdom","vmax":3,"months":12},"geometry":{"type":"Polygon","coordinates":[[[-4.75713,50.93433],[-4.74295,50.89044],[-4.81279,50.8814],[-4.82703,50.92528],[-4.75713,50.93433]]]}},{"type":"Feature","properties":{"pos":111,"gear":"Pots & creels","gearPct":76,"gears":2,"nat":"United Kingdom","vmax":3,"months":12},"geometry":{"type":"Polygon","coordinates":[[[-4.74295,50.89044],[-4.7288,50.84654],[-4.79857,50.83751],[-4.81279,50.8814],[-4.74295,50.89044]]]}},{"type":"Feature","properties":{"pos":105,"gear":"Pots & creels","gearPct":78,"gears":2,"nat":"United Kingdom","vmax":4,"months":12},"geometry":{"type":"Polygon","coordinates":[[[-4.7288,50.84654],[-4.71468,50.80264],[-4.78439,50.79363],[-4.79857,50.83751],[-4.7288,50.84654]]]}},{"type":"Feature","properties":{"pos":119,"gear":"Pots & creels","gearPct":75,"gears":2,"nat":"United Kingdom","vmax":3,"months":12},"geometry":{"type":"Polygon","coordinates":[[[-4.71468,50.80264],[-4.7006,50.75874],[-4.77025,50.74973],[-4.78439,50.79363],[-4.71468,50.80264]]]}},{"type":"Feature","properties":{"pos":131,"gear":"Pots & creels","gearPct":81,"gears":2,"nat":"United Kingdom","vmax":4,"months":11},"geometry":{"type":"Polygon","coordinates":[[[-4.7006,50.75874],[-4.68654,50.71484],[-4.75614,50.70584],[-4.77025,50.74973],[-4.7006,50.75874]]]}},{"type":"Feature","properties":{"pos":121,"gear":"Pots & creels","gearPct":88,"gears":2,"nat":"United Kingdom","vmax":3,"months":10},"geometry":{"type":"Polygon","coordinates":[[[-4.68654,50.71484],[-4.67253,50.67093],[-4.74206,50.66194],[-4.75614,50.70584],[-4.68654,50.71484]]]}},{"type":"Feature","properties":{"pos":87,"gear":"Other gear","gearPct":57,"gears":3,"nat":"United Kingdom","vmax":5,"months":11},"geometry":{"type":"Polygon","coordinates":[[[-4.57531,50.3635],[-4.56155,50.31957],[-4.63059,50.31066],[-4.64441,50.35458],[-4.57531,50.3635]]]}},{"type":"Feature","properties":{"pos":259,"gear":"Demersal trawl","gearPct":41,"gears":5,"nat":"United Kingdom","vmax":8,"months":12},"geometry":{"type":"Polygon","coordinates":[[[-4.56155,50.31957],[-4.54782,50.27564],[-4.6168,50.26674],[-4.63059,50.31066],[-4.56155,50.31957]]]}},{"type":"Feature","properties":{"pos":1371,"gear":"Demersal trawl","gearPct":63,"gears":4,"nat":"United Kingdom","vmax":7,"months":12},"geometry":{"type":"Polygon","coordinates":[[[-4.54782,50.27564],[-4.53412,50.2317],[-4.60304,50.22281],[-4.6168,50.26674],[-4.54782,50.27564]]]}},{"type":"Feature","properties":{"pos":2333,"gear":"Demersal trawl","gearPct":47,"gears":5,"nat":"United Kingdom","vmax":23,"months":12},"geometry":{"type":"Polygon","coordinates":[[[-4.53412,50.2317],[-4.52046,50.18776],[-4.58932,50.17888],[-4.60304,50.22281],[-4.53412,50.2317]]]}},{"type":"Feature","properties":{"pos":2730,"gear":"Demersal trawl","gearPct":56,"gears":4,"nat":"United Kingdom","vmax":21,"months":12},"geometry":{"type":"Polygon","coordinates":[[[-4.52046,50.18776],[-4.50683,50.14382],[-4.57563,50.13495],[-4.58932,50.17888],[-4.52046,50.18776]]]}},{"type":"Feature","properties":{"pos":2910,"gear":"Demersal trawl","gearPct":62,"gears":4,"nat":"United Kingdom","vmax":19,"months":12},"geometry":{"type":"Polygon","coordinates":[[[-4.50683,50.14382],[-4.49323,50.09988],[-4.56196,50.09101],[-4.57563,50.13495],[-4.50683,50.14382]]]}},{"type":"Feature","properties":{"pos":2380,"gear":"Scallop dredge","gearPct":38,"gears":4,"nat":"United Kingdom","vmax":14,"months":12},"geometry":{"type":"Polygon","coordinates":[[[-4.49323,50.09988],[-4.47965,50.05593],[-4.54833,50.04708],[-4.56196,50.09101],[-4.49323,50.09988]]]}},{"type":"Feature","properties":{"pos":2438,"gear":"Demersal trawl","gearPct":33,"gears":5,"nat":"United Kingdom","vmax":16,"months":12},"geometry":{"type":"Polygon","coordinates":[[[-4.47965,50.05593],[-4.46612,50.01198],[-4.53473,50.00313],[-4.54833,50.04708],[-4.47965,50.05593]]]}},{"type":"Feature","properties":{"pos":1332,"gear":"Demersal trawl","gearPct":33,"gears":6,"nat":"United Kingdom","vmax":17,"months":12},"geometry":{"type":"Polygon","coordinates":[[[-4.46612,50.01198],[-4.45261,49.96802],[-4.52117,49.95919],[-4.53473,50.00313],[-4.46612,50.01198]]]}},{"type":"Feature","properties":{"pos":1488,"gear":"Demersal trawl","gearPct":47,"gears":5,"nat":"France","vmax":22,"months":12},"geometry":{"type":"Polygon","coordinates":[[[-4.45261,49.96802],[-4.43913,49.92407],[-4.50763,49.91524],[-4.52117,49.95919],[-4.45261,49.96802]]]}},{"type":"Feature","properties":{"pos":1645,"gear":"Beam trawl","gearPct":63,"gears":5,"nat":"United Kingdom","vmax":15,"months":12},"geometry":{"type":"Polygon","coordinates":[[[-4.43913,49.92407],[-4.42568,49.88011],[-4.49412,49.87129],[-4.50763,49.91524],[-4.43913,49.92407]]]}},{"type":"Feature","properties":{"pos":1821,"gear":"Beam trawl","gearPct":61,"gears":7,"nat":"United Kingdom","vmax":22,"months":12},"geometry":{"type":"Polygon","coordinates":[[[-4.42568,49.88011],[-4.41227,49.83615],[-4.48065,49.82734],[-4.49412,49.87129],[-4.42568,49.88011]]]}},{"type":"Feature","properties":{"pos":43,"gear":"Other gear","gearPct":72,"gears":3,"nat":"United Kingdom","vmax":3,"months":9},"geometry":{"type":"Polygon","coordinates":[[[-4.74402,51.11891],[-4.72976,51.07502],[-4.79988,51.06599],[-4.8142,51.10987],[-4.74402,51.11891]]]}},{"type":"Feature","properties":{"pos":47,"gear":"Other gear","gearPct":87,"gears":2,"nat":"United Kingdom","vmax":3,"months":11},"geometry":{"type":"Polygon","coordinates":[[[-4.72976,51.07502],[-4.71554,51.03113],[-4.78559,51.0221],[-4.79988,51.06599],[-4.72976,51.07502]]]}},{"type":"Feature","properties":{"pos":56,"gear":"Other gear","gearPct":73,"gears":4,"nat":"United Kingdom","vmax":2,"months":12},"geometry":{"type":"Polygon","coordinates":[[[-4.71554,51.03113],[-4.70135,50.98723],[-4.77134,50.97822],[-4.78559,51.0221],[-4.71554,51.03113]]]}},{"type":"Feature","properties":{"pos":680,"gear":"Other gear","gearPct":87,"gears":4,"nat":"United Kingdom","vmax":4,"months":10},"geometry":{"type":"Polygon","coordinates":[[[-4.70135,50.98723],[-4.6872,50.94333],[-4.75713,50.93433],[-4.77134,50.97822],[-4.70135,50.98723]]]}},{"type":"Feature","properties":{"pos":810,"gear":"Other gear","gearPct":83,"gears":4,"nat":"United Kingdom","vmax":4,"months":12},"geometry":{"type":"Polygon","coordinates":[[[-4.6872,50.94333],[-4.67308,50.89943],[-4.74295,50.89044],[-4.75713,50.93433],[-4.6872,50.94333]]]}},{"type":"Feature","properties":{"pos":70,"gear":"Pots & creels","gearPct":67,"gears":4,"nat":"United Kingdom","vmax":4,"months":12},"geometry":{"type":"Polygon","coordinates":[[[-4.67308,50.89943],[-4.65899,50.85552],[-4.7288,50.84654],[-4.74295,50.89044],[-4.67308,50.89943]]]}},{"type":"Feature","properties":{"pos":107,"gear":"Pots & creels","gearPct":87,"gears":2,"nat":"United Kingdom","vmax":3,"months":10},"geometry":{"type":"Polygon","coordinates":[[[-4.65899,50.85552],[-4.64494,50.81162],[-4.71468,50.80264],[-4.7288,50.84654],[-4.65899,50.85552]]]}},{"type":"Feature","properties":{"pos":98,"gear":"Pots & creels","gearPct":81,"gears":2,"nat":"United Kingdom","vmax":3,"months":11},"geometry":{"type":"Polygon","coordinates":[[[-4.64494,50.81162],[-4.63092,50.7677],[-4.7006,50.75874],[-4.71468,50.80264],[-4.64494,50.81162]]]}},{"type":"Feature","properties":{"pos":128,"gear":"Pots & creels","gearPct":95,"gears":2,"nat":"United Kingdom","vmax":4,"months":9},"geometry":{"type":"Polygon","coordinates":[[[-4.63092,50.7677],[-4.61693,50.72379],[-4.68654,50.71484],[-4.7006,50.75874],[-4.63092,50.7677]]]}},{"type":"Feature","properties":{"pos":13,"gear":"Pots & creels","gearPct":100,"gears":1,"nat":"United Kingdom","vmax":2,"months":5},"geometry":{"type":"Polygon","coordinates":[[[-4.61693,50.72379],[-4.60297,50.67987],[-4.67253,50.67093],[-4.68654,50.71484],[-4.61693,50.72379]]]}},{"type":"Feature","properties":{"pos":568,"gear":"Demersal trawl","gearPct":51,"gears":5,"nat":"United Kingdom","vmax":8,"months":12},"geometry":{"type":"Polygon","coordinates":[[[-4.49248,50.32844],[-4.47882,50.28449],[-4.54782,50.27564],[-4.56155,50.31957],[-4.49248,50.32844]]]}},{"type":"Feature","properties":{"pos":1571,"gear":"Demersal trawl","gearPct":52,"gears":3,"nat":"United Kingdom","vmax":10,"months":12},"geometry":{"type":"Polygon","coordinates":[[[-4.47882,50.28449],[-4.46518,50.24055],[-4.53412,50.2317],[-4.54782,50.27564],[-4.47882,50.28449]]]}},{"type":"Feature","properties":{"pos":1824,"gear":"Scallop dredge","gearPct":49,"gears":5,"nat":"United Kingdom","vmax":24,"months":12},"geometry":{"type":"Polygon","coordinates":[[[-4.46518,50.24055],[-4.45158,50.1966],[-4.52046,50.18776],[-4.53412,50.2317],[-4.46518,50.24055]]]}},{"type":"Feature","properties":{"pos":2372,"gear":"Other gear","gearPct":49,"gears":5,"nat":"United Kingdom","vmax":15,"months":12},"geometry":{"type":"Polygon","coordinates":[[[-4.45158,50.1966],[-4.43801,50.15265],[-4.50683,50.14382],[-4.52046,50.18776],[-4.45158,50.1966]]]}},{"type":"Feature","properties":{"pos":2409,"gear":"Demersal trawl","gearPct":67,"gears":4,"nat":"United Kingdom","vmax":12,"months":12},"geometry":{"type":"Polygon","coordinates":[[[-4.43801,50.15265],[-4.42446,50.1087],[-4.49323,50.09988],[-4.50683,50.14382],[-4.43801,50.15265]]]}},{"type":"Feature","properties":{"pos":2656,"gear":"Demersal trawl","gearPct":45,"gears":5,"nat":"United Kingdom","vmax":11,"months":12},"geometry":{"type":"Polygon","coordinates":[[[-4.42446,50.1087],[-4.41095,50.06474],[-4.47965,50.05593],[-4.49323,50.09988],[-4.42446,50.1087]]]}},{"type":"Feature","properties":{"pos":2388,"gear":"Demersal trawl","gearPct":43,"gears":4,"nat":"United Kingdom","vmax":14,"months":12},"geometry":{"type":"Polygon","coordinates":[[[-4.41095,50.06474],[-4.39747,50.02078],[-4.46612,50.01198],[-4.47965,50.05593],[-4.41095,50.06474]]]}},{"type":"Feature","properties":{"pos":2168,"gear":"Other gear","gearPct":46,"gears":4,"nat":"United Kingdom","vmax":18,"months":12},"geometry":{"type":"Polygon","coordinates":[[[-4.39747,50.02078],[-4.38403,49.97682],[-4.45261,49.96802],[-4.46612,50.01198],[-4.39747,50.02078]]]}},{"type":"Feature","properties":{"pos":1316,"gear":"Beam trawl","gearPct":45,"gears":4,"nat":"United Kingdom","vmax":18,"months":12},"geometry":{"type":"Polygon","coordinates":[[[-4.38403,49.97682],[-4.37061,49.93285],[-4.43913,49.92407],[-4.45261,49.96802],[-4.38403,49.97682]]]}},{"type":"Feature","properties":{"pos":2064,"gear":"Beam trawl","gearPct":61,"gears":4,"nat":"United Kingdom","vmax":20,"months":12},"geometry":{"type":"Polygon","coordinates":[[[-4.37061,49.93285],[-4.35722,49.88888],[-4.42568,49.88011],[-4.43913,49.92407],[-4.37061,49.93285]]]}},{"type":"Feature","properties":{"pos":2008,"gear":"Beam trawl","gearPct":65,"gears":6,"nat":"United Kingdom","vmax":25,"months":12},"geometry":{"type":"Polygon","coordinates":[[[-4.35722,49.88888],[-4.34387,49.84491],[-4.41227,49.83615],[-4.42568,49.88011],[-4.35722,49.88888]]]}},{"type":"Feature","properties":{"pos":41,"gear":"Other gear","gearPct":54,"gears":2,"nat":"United Kingdom","vmax":2,"months":11},"geometry":{"type":"Polygon","coordinates":[[[-4.65962,51.08401],[-4.64546,51.04011],[-4.71554,51.03113],[-4.72976,51.07502],[-4.65962,51.08401]]]}},{"type":"Feature","properties":{"pos":84,"gear":"Other gear","gearPct":43,"gears":3,"nat":"United Kingdom","vmax":2,"months":10},"geometry":{"type":"Polygon","coordinates":[[[-4.64546,51.04011],[-4.63134,50.9962],[-4.70135,50.98723],[-4.71554,51.03113],[-4.64546,51.04011]]]}},{"type":"Feature","properties":{"pos":3987,"gear":"Other gear","gearPct":90,"gears":4,"nat":"United Kingdom","vmax":3,"months":12},"geometry":{"type":"Polygon","coordinates":[[[-4.63134,50.9962],[-4.61725,50.95229],[-4.6872,50.94333],[-4.70135,50.98723],[-4.63134,50.9962]]]}},{"type":"Feature","properties":{"pos":640,"gear":"Other gear","gearPct":83,"gears":4,"nat":"United Kingdom","vmax":5,"months":12},"geometry":{"type":"Polygon","coordinates":[[[-4.61725,50.95229],[-4.60319,50.90838],[-4.67308,50.89943],[-4.6872,50.94333],[-4.61725,50.95229]]]}},{"type":"Feature","properties":{"pos":54,"gear":"Pots & creels","gearPct":70,"gears":2,"nat":"United Kingdom","vmax":3,"months":8},"geometry":{"type":"Polygon","coordinates":[[[-4.60319,50.90838],[-4.58917,50.86446],[-4.65899,50.85552],[-4.67308,50.89943],[-4.60319,50.90838]]]}},{"type":"Feature","properties":{"pos":71,"gear":"Pots & creels","gearPct":76,"gears":2,"nat":"United Kingdom","vmax":3,"months":7},"geometry":{"type":"Polygon","coordinates":[[[-4.58917,50.86446],[-4.57517,50.82055],[-4.64494,50.81162],[-4.65899,50.85552],[-4.58917,50.86446]]]}},{"type":"Feature","properties":{"pos":74,"gear":"Pots & creels","gearPct":84,"gears":2,"nat":"United Kingdom","vmax":4,"months":6},"geometry":{"type":"Polygon","coordinates":[[[-4.57517,50.82055],[-4.56121,50.77663],[-4.63092,50.7677],[-4.64494,50.81162],[-4.57517,50.82055]]]}},{"type":"Feature","properties":{"pos":11,"gear":"Pots & creels","gearPct":82,"gears":2,"nat":"United Kingdom","vmax":2,"months":5},"geometry":{"type":"Polygon","coordinates":[[[-4.56121,50.77663],[-4.54729,50.7327],[-4.61693,50.72379],[-4.63092,50.7677],[-4.56121,50.77663]]]}},{"type":"Feature","properties":{"pos":235,"gear":"Demersal trawl","gearPct":91,"gears":3,"nat":"United Kingdom","vmax":3,"months":12},"geometry":{"type":"Polygon","coordinates":[[[-4.43704,50.38121],[-4.4234,50.33726],[-4.49248,50.32844],[-4.50618,50.37238],[-4.43704,50.38121]]]}},{"type":"Feature","properties":{"pos":867,"gear":"Demersal trawl","gearPct":52,"gears":5,"nat":"United Kingdom","vmax":5,"months":12},"geometry":{"type":"Polygon","coordinates":[[[-4.4234,50.33726],[-4.40979,50.29331],[-4.47882,50.28449],[-4.49248,50.32844],[-4.4234,50.33726]]]}},{"type":"Feature","properties":{"pos":2091,"gear":"Demersal trawl","gearPct":45,"gears":4,"nat":"United Kingdom","vmax":11,"months":12},"geometry":{"type":"Polygon","coordinates":[[[-4.40979,50.29331],[-4.39622,50.24936],[-4.46518,50.24055],[-4.47882,50.28449],[-4.40979,50.29331]]]}},{"type":"Feature","properties":{"pos":1744,"gear":"Scallop dredge","gearPct":47,"gears":5,"nat":"United Kingdom","vmax":9,"months":12},"geometry":{"type":"Polygon","coordinates":[[[-4.39622,50.24936],[-4.38267,50.2054],[-4.45158,50.1966],[-4.46518,50.24055],[-4.39622,50.24936]]]}},{"type":"Feature","properties":{"pos":1355,"gear":"Pots & creels","gearPct":30,"gears":5,"nat":"United Kingdom","vmax":9,"months":12},"geometry":{"type":"Polygon","coordinates":[[[-4.38267,50.2054],[-4.36916,50.16144],[-4.43801,50.15265],[-4.45158,50.1966],[-4.38267,50.2054]]]}},{"type":"Feature","properties":{"pos":1642,"gear":"Demersal trawl","gearPct":63,"gears":4,"nat":"United Kingdom","vmax":8,"months":12},"geometry":{"type":"Polygon","coordinates":[[[-4.36916,50.16144],[-4.35568,50.11748],[-4.42446,50.1087],[-4.43801,50.15265],[-4.36916,50.16144]]]}},{"type":"Feature","properties":{"pos":2213,"gear":"Demersal trawl","gearPct":61,"gears":4,"nat":"United Kingdom","vmax":12,"months":12},"geometry":{"type":"Polygon","coordinates":[[[-4.35568,50.11748],[-4.34223,50.07351],[-4.41095,50.06474],[-4.42446,50.1087],[-4.35568,50.11748]]]}},{"type":"Feature","properties":{"pos":2093,"gear":"Demersal trawl","gearPct":48,"gears":4,"nat":"United Kingdom","vmax":15,"months":12},"geometry":{"type":"Polygon","coordinates":[[[-4.34223,50.07351],[-4.32881,50.02954],[-4.39747,50.02078],[-4.41095,50.06474],[-4.34223,50.07351]]]}},{"type":"Feature","properties":{"pos":3132,"gear":"Other gear","gearPct":46,"gears":5,"nat":"United Kingdom","vmax":19,"months":12},"geometry":{"type":"Polygon","coordinates":[[[-4.32881,50.02954],[-4.31542,49.98557],[-4.38403,49.97682],[-4.39747,50.02078],[-4.32881,50.02954]]]}},{"type":"Feature","properties":{"pos":1556,"gear":"Beam trawl","gearPct":47,"gears":5,"nat":"United Kingdom","vmax":15,"months":12},"geometry":{"type":"Polygon","coordinates":[[[-4.31542,49.98557],[-4.30206,49.94159],[-4.37061,49.93285],[-4.38403,49.97682],[-4.31542,49.98557]]]}},{"type":"Feature","properties":{"pos":2557,"gear":"Beam trawl","gearPct":56,"gears":5,"nat":"United Kingdom","vmax":21,"months":12},"geometry":{"type":"Polygon","coordinates":[[[-4.30206,49.94159],[-4.28874,49.89762],[-4.35722,49.88888],[-4.37061,49.93285],[-4.30206,49.94159]]]}},{"type":"Feature","properties":{"pos":1852,"gear":"Beam trawl","gearPct":64,"gears":6,"nat":"United Kingdom","vmax":29,"months":12},"geometry":{"type":"Polygon","coordinates":[[[-4.28874,49.89762],[-4.27544,49.85364],[-4.34387,49.84491],[-4.35722,49.88888],[-4.28874,49.89762]]]}},{"type":"Feature","properties":{"pos":34,"gear":"Pots & creels","gearPct":71,"gears":2,"nat":"United Kingdom","vmax":2,"months":6},"geometry":{"type":"Polygon","coordinates":[[[-4.58945,51.09296],[-4.57536,51.04905],[-4.64546,51.04011],[-4.65962,51.08401],[-4.58945,51.09296]]]}},{"type":"Feature","properties":{"pos":120,"gear":"Other gear","gearPct":81,"gears":4,"nat":"United Kingdom","vmax":3,"months":11},"geometry":{"type":"Polygon","coordinates":[[[-4.57536,51.04905],[-4.5613,51.00513],[-4.63134,50.9962],[-4.64546,51.04011],[-4.57536,51.04905]]]}},{"type":"Feature","properties":{"pos":2508,"gear":"Other gear","gearPct":77,"gears":4,"nat":"United Kingdom","vmax":3,"months":12},"geometry":{"type":"Polygon","coordinates":[[[-4.5613,51.00513],[-4.54727,50.96121],[-4.61725,50.95229],[-4.63134,50.9962],[-4.5613,51.00513]]]}},{"type":"Feature","properties":{"pos":34,"gear":"Pots & creels","gearPct":68,"gears":2,"nat":"United Kingdom","vmax":2,"months":6},"geometry":{"type":"Polygon","coordinates":[[[-4.54727,50.96121],[-4.53328,50.91729],[-4.60319,50.90838],[-4.61725,50.95229],[-4.54727,50.96121]]]}},{"type":"Feature","properties":{"pos":12,"gear":"Pots & creels","gearPct":83,"gears":2,"nat":"United Kingdom","vmax":2,"months":4},"geometry":{"type":"Polygon","coordinates":[[[-4.53328,50.91729],[-4.51931,50.87336],[-4.58917,50.86446],[-4.60319,50.90838],[-4.53328,50.91729]]]}},{"type":"Feature","properties":{"pos":3,"gear":"Other gear","gearPct":67,"gears":2,"nat":"United Kingdom","vmax":1,"months":1},"geometry":{"type":"Polygon","coordinates":[[[-4.51931,50.87336],[-4.50538,50.82944],[-4.57517,50.82055],[-4.58917,50.86446],[-4.51931,50.87336]]]}},{"type":"Feature","properties":{"pos":7,"gear":"Other gear","gearPct":57,"gears":2,"nat":"United Kingdom","vmax":1,"months":3},"geometry":{"type":"Polygon","coordinates":[[[-4.36786,50.39001],[-4.35429,50.34605],[-4.4234,50.33726],[-4.43704,50.38121],[-4.36786,50.39001]]]}},{"type":"Feature","properties":{"pos":906,"gear":"Pots & creels","gearPct":37,"gears":6,"nat":"United Kingdom","vmax":5,"months":12},"geometry":{"type":"Polygon","coordinates":[[[-4.35429,50.34605],[-4.34074,50.30209],[-4.40979,50.29331],[-4.4234,50.33726],[-4.35429,50.34605]]]}},{"type":"Feature","properties":{"pos":2488,"gear":"Other gear","gearPct":48,"gears":6,"nat":"United Kingdom","vmax":9,"months":12},"geometry":{"type":"Polygon","coordinates":[[[-4.34074,50.30209],[-4.32723,50.25812],[-4.39622,50.24936],[-4.40979,50.29331],[-4.34074,50.30209]]]}},{"type":"Feature","properties":{"pos":3256,"gear":"Demersal trawl","gearPct":39,"gears":7,"nat":"United Kingdom","vmax":13,"months":12},"geometry":{"type":"Polygon","coordinates":[[[-4.32723,50.25812],[-4.31374,50.21416],[-4.38267,50.2054],[-4.39622,50.24936],[-4.32723,50.25812]]]}},{"type":"Feature","properties":{"pos":1686,"gear":"Pots & creels","gearPct":42,"gears":6,"nat":"United Kingdom","vmax":10,"months":12},"geometry":{"type":"Polygon","coordinates":[[[-4.31374,50.21416],[-4.30029,50.17019],[-4.36916,50.16144],[-4.38267,50.2054],[-4.31374,50.21416]]]}},{"type":"Feature","properties":{"pos":1397,"gear":"Demersal trawl","gearPct":57,"gears":4,"nat":"United Kingdom","vmax":11,"months":12},"geometry":{"type":"Polygon","coordinates":[[[-4.30029,50.17019],[-4.28687,50.12621],[-4.35568,50.11748],[-4.36916,50.16144],[-4.30029,50.17019]]]}},{"type":"Feature","properties":{"pos":1668,"gear":"Demersal trawl","gearPct":74,"gears":5,"nat":"United Kingdom","vmax":10,"months":12},"geometry":{"type":"Polygon","coordinates":[[[-4.28687,50.12621],[-4.27348,50.08224],[-4.34223,50.07351],[-4.35568,50.11748],[-4.28687,50.12621]]]}},{"type":"Feature","properties":{"pos":2105,"gear":"Demersal trawl","gearPct":40,"gears":5,"nat":"United Kingdom","vmax":11,"months":12},"geometry":{"type":"Polygon","coordinates":[[[-4.27348,50.08224],[-4.26012,50.03826],[-4.32881,50.02954],[-4.34223,50.07351],[-4.27348,50.08224]]]}},{"type":"Feature","properties":{"pos":2991,"gear":"Other gear","gearPct":44,"gears":4,"nat":"United Kingdom","vmax":15,"months":12},"geometry":{"type":"Polygon","coordinates":[[[-4.26012,50.03826],[-4.24679,49.99428],[-4.31542,49.98557],[-4.32881,50.02954],[-4.26012,50.03826]]]}},{"type":"Feature","properties":{"pos":2100,"gear":"Other gear","gearPct":59,"gears":8,"nat":"United Kingdom","vmax":21,"months":12},"geometry":{"type":"Polygon","coordinates":[[[-4.24679,49.99428],[-4.2335,49.9503],[-4.30206,49.94159],[-4.31542,49.98557],[-4.24679,49.99428]]]}},{"type":"Feature","properties":{"pos":2436,"gear":"Beam trawl","gearPct":53,"gears":6,"nat":"United Kingdom","vmax":28,"months":12},"geometry":{"type":"Polygon","coordinates":[[[-4.2335,49.9503],[-4.22023,49.90631],[-4.28874,49.89762],[-4.30206,49.94159],[-4.2335,49.9503]]]}},{"type":"Feature","properties":{"pos":2121,"gear":"Beam trawl","gearPct":60,"gears":5,"nat":"United Kingdom","vmax":35,"months":12},"geometry":{"type":"Polygon","coordinates":[[[-4.22023,49.90631],[-4.20699,49.86232],[-4.27544,49.85364],[-4.28874,49.89762],[-4.22023,49.90631]]]}},{"type":"Feature","properties":{"pos":23,"gear":"Other gear","gearPct":83,"gears":3,"nat":"United Kingdom","vmax":2,"months":8},"geometry":{"type":"Polygon","coordinates":[[[-4.51926,51.10186],[-4.50523,51.05794],[-4.57536,51.04905],[-4.58945,51.09296],[-4.51926,51.10186]]]}},{"type":"Feature","properties":{"pos":108,"gear":"Other gear","gearPct":81,"gears":3,"nat":"United Kingdom","vmax":3,"months":10},"geometry":{"type":"Polygon","coordinates":[[[-4.50523,51.05794],[-4.49123,51.01402],[-4.5613,51.00513],[-4.57536,51.04905],[-4.50523,51.05794]]]}},{"type":"Feature","properties":{"pos":6,"gear":"Pots & creels","gearPct":83,"gears":2,"nat":"United Kingdom","vmax":1,"months":3},"geometry":{"type":"Polygon","coordinates":[[[-4.49123,51.01402],[-4.47727,50.97009],[-4.54727,50.96121],[-4.5613,51.00513],[-4.49123,51.01402]]]}},{"type":"Feature","properties":{"pos":12,"gear":"Other gear","gearPct":58,"gears":3,"nat":"United Kingdom","vmax":2,"months":6},"geometry":{"type":"Polygon","coordinates":[[[-4.29867,50.39876],[-4.28515,50.35479],[-4.35429,50.34605],[-4.36786,50.39001],[-4.29867,50.39876]]]}},{"type":"Feature","properties":{"pos":260,"gear":"Pots & creels","gearPct":46,"gears":5,"nat":"United Kingdom","vmax":4,"months":12},"geometry":{"type":"Polygon","coordinates":[[[-4.28515,50.35479],[-4.27167,50.31082],[-4.34074,50.30209],[-4.35429,50.34605],[-4.28515,50.35479]]]}},{"type":"Feature","properties":{"pos":2509,"gear":"Other gear","gearPct":56,"gears":7,"nat":"United Kingdom","vmax":9,"months":12},"geometry":{"type":"Polygon","coordinates":[[[-4.27167,50.31082],[-4.25821,50.26685],[-4.32723,50.25812],[-4.34074,50.30209],[-4.27167,50.31082]]]}},{"type":"Feature","properties":{"pos":3158,"gear":"Demersal trawl","gearPct":52,"gears":7,"nat":"United Kingdom","vmax":10,"months":12},"geometry":{"type":"Polygon","coordinates":[[[-4.25821,50.26685],[-4.24479,50.22287],[-4.31374,50.21416],[-4.32723,50.25812],[-4.25821,50.26685]]]}},{"type":"Feature","properties":{"pos":3821,"gear":"Pots & creels","gearPct":41,"gears":6,"nat":"United Kingdom","vmax":11,"months":12},"geometry":{"type":"Polygon","coordinates":[[[-4.24479,50.22287],[-4.2314,50.17889],[-4.30029,50.17019],[-4.31374,50.21416],[-4.24479,50.22287]]]}},{"type":"Feature","properties":{"pos":2470,"gear":"Pots & creels","gearPct":43,"gears":6,"nat":"United Kingdom","vmax":7,"months":12},"geometry":{"type":"Polygon","coordinates":[[[-4.2314,50.17889],[-4.21804,50.13491],[-4.28687,50.12621],[-4.30029,50.17019],[-4.2314,50.17889]]]}},{"type":"Feature","properties":{"pos":1554,"gear":"Demersal trawl","gearPct":69,"gears":4,"nat":"United Kingdom","vmax":10,"months":12},"geometry":{"type":"Polygon","coordinates":[[[-4.21804,50.13491],[-4.20471,50.09093],[-4.27348,50.08224],[-4.28687,50.12621],[-4.21804,50.13491]]]}},{"type":"Feature","properties":{"pos":2061,"gear":"Demersal trawl","gearPct":44,"gears":4,"nat":"United Kingdom","vmax":14,"months":12},"geometry":{"type":"Polygon","coordinates":[[[-4.20471,50.09093],[-4.19141,50.04694],[-4.26012,50.03826],[-4.27348,50.08224],[-4.20471,50.09093]]]}},{"type":"Feature","properties":{"pos":2080,"gear":"Other gear","gearPct":40,"gears":5,"nat":"United Kingdom","vmax":14,"months":12},"geometry":{"type":"Polygon","coordinates":[[[-4.19141,50.04694],[-4.17814,50.00295],[-4.24679,49.99428],[-4.26012,50.03826],[-4.19141,50.04694]]]}},{"type":"Feature","properties":{"pos":1663,"gear":"Other gear","gearPct":52,"gears":5,"nat":"United Kingdom","vmax":23,"months":12},"geometry":{"type":"Polygon","coordinates":[[[-4.17814,50.00295],[-4.16491,49.95896],[-4.2335,49.9503],[-4.24679,49.99428],[-4.17814,50.00295]]]}},{"type":"Feature","properties":{"pos":2360,"gear":"Beam trawl","gearPct":56,"gears":4,"nat":"United Kingdom","vmax":30,"months":12},"geometry":{"type":"Polygon","coordinates":[[[-4.16491,49.95896],[-4.1517,49.91496],[-4.22023,49.90631],[-4.2335,49.9503],[-4.16491,49.95896]]]}},{"type":"Feature","properties":{"pos":2271,"gear":"Beam trawl","gearPct":58,"gears":5,"nat":"United Kingdom","vmax":34,"months":12},"geometry":{"type":"Polygon","coordinates":[[[-4.1517,49.91496],[-4.13852,49.87096],[-4.20699,49.86232],[-4.22023,49.90631],[-4.1517,49.91496]]]}},{"type":"Feature","properties":{"pos":2061,"gear":"Demersal trawl","gearPct":50,"gears":3,"nat":"United Kingdom","vmax":3,"months":7},"geometry":{"type":"Polygon","coordinates":[[[-4.44905,51.11073],[-4.43508,51.06679],[-4.50523,51.05794],[-4.51926,51.10186],[-4.44905,51.11073]]]}},{"type":"Feature","properties":{"pos":2686,"gear":"Demersal trawl","gearPct":66,"gears":3,"nat":"United Kingdom","vmax":3,"months":9},"geometry":{"type":"Polygon","coordinates":[[[-4.43508,51.06679],[-4.42115,51.02286],[-4.49123,51.01402],[-4.50523,51.05794],[-4.43508,51.06679]]]}},{"type":"Feature","properties":{"pos":11,"gear":"Demersal trawl","gearPct":73,"gears":2,"nat":"United Kingdom","vmax":1,"months":2},"geometry":{"type":"Polygon","coordinates":[[[-4.42115,51.02286],[-4.40724,50.97892],[-4.47727,50.97009],[-4.49123,51.01402],[-4.42115,51.02286]]]}},{"type":"Feature","properties":{"pos":384,"gear":"Other gear","gearPct":60,"gears":6,"nat":"United Kingdom","vmax":3,"months":9},"geometry":{"type":"Polygon","coordinates":[[[-4.21599,50.36349],[-4.20257,50.31951],[-4.27167,50.31082],[-4.28515,50.35479],[-4.21599,50.36349]]]}},{"type":"Feature","properties":{"pos":8354,"gear":"Other gear","gearPct":55,"gears":8,"nat":"United Kingdom","vmax":20,"months":12},"geometry":{"type":"Polygon","coordinates":[[[-4.20257,50.31951],[-4.18918,50.27553],[-4.25821,50.26685],[-4.27167,50.31082],[-4.20257,50.31951]]]}},{"type":"Feature","properties":{"pos":11239,"gear":"Demersal trawl","gearPct":48,"gears":7,"nat":"United Kingdom","vmax":13,"months":12},"geometry":{"type":"Polygon","coordinates":[[[-4.18918,50.27553],[-4.17582,50.23154],[-4.24479,50.22287],[-4.25821,50.26685],[-4.18918,50.27553]]]}},{"type":"Feature","properties":{"pos":16926,"gear":"Demersal trawl","gearPct":57,"gears":7,"nat":"United Kingdom","vmax":12,"months":12},"geometry":{"type":"Polygon","coordinates":[[[-4.17582,50.23154],[-4.16249,50.18756],[-4.2314,50.17889],[-4.24479,50.22287],[-4.17582,50.23154]]]}},{"type":"Feature","properties":{"pos":10762,"gear":"Demersal trawl","gearPct":70,"gears":5,"nat":"United Kingdom","vmax":18,"months":12},"geometry":{"type":"Polygon","coordinates":[[[-4.16249,50.18756],[-4.14919,50.14356],[-4.21804,50.13491],[-4.2314,50.17889],[-4.16249,50.18756]]]}},{"type":"Feature","properties":{"pos":10625,"gear":"Demersal trawl","gearPct":75,"gears":4,"nat":"United Kingdom","vmax":17,"months":12},"geometry":{"type":"Polygon","coordinates":[[[-4.14919,50.14356],[-4.13592,50.09957],[-4.20471,50.09093],[-4.21804,50.13491],[-4.14919,50.14356]]]}},{"type":"Feature","properties":{"pos":1994,"gear":"Demersal trawl","gearPct":44,"gears":4,"nat":"United Kingdom","vmax":12,"months":12},"geometry":{"type":"Polygon","coordinates":[[[-4.13592,50.09957],[-4.12268,50.05557],[-4.19141,50.04694],[-4.20471,50.09093],[-4.13592,50.09957]]]}},{"type":"Feature","properties":{"pos":2268,"gear":"Other gear","gearPct":53,"gears":4,"nat":"United Kingdom","vmax":16,"months":12},"geometry":{"type":"Polygon","coordinates":[[[-4.12268,50.05557],[-4.10947,50.01158],[-4.17814,50.00295],[-4.19141,50.04694],[-4.12268,50.05557]]]}},{"type":"Feature","properties":{"pos":1740,"gear":"Other gear","gearPct":56,"gears":5,"nat":"United Kingdom","vmax":27,"months":12},"geometry":{"type":"Polygon","coordinates":[[[-4.10947,50.01158],[-4.09629,49.96757],[-4.16491,49.95896],[-4.17814,50.00295],[-4.10947,50.01158]]]}},{"type":"Feature","properties":{"pos":1947,"gear":"Beam trawl","gearPct":57,"gears":5,"nat":"United Kingdom","vmax":31,"months":12},"geometry":{"type":"Polygon","coordinates":[[[-4.09629,49.96757],[-4.08315,49.92357],[-4.1517,49.91496],[-4.16491,49.95896],[-4.09629,49.96757]]]}},{"type":"Feature","properties":{"pos":2108,"gear":"Beam trawl","gearPct":45,"gears":5,"nat":"United Kingdom","vmax":33,"months":12},"geometry":{"type":"Polygon","coordinates":[[[-4.08315,49.92357],[-4.07003,49.87956],[-4.13852,49.87096],[-4.1517,49.91496],[-4.08315,49.92357]]]}},{"type":"Feature","properties":{"pos":1246,"gear":"Beam trawl","gearPct":39,"gears":7,"nat":"United Kingdom","vmax":24,"months":12},"geometry":{"type":"Polygon","coordinates":[[[-4.07003,49.87956],[-4.05694,49.83555],[-4.12538,49.82696],[-4.13852,49.87096],[-4.07003,49.87956]]]}},{"type":"Feature","properties":{"pos":6738,"gear":"Other gear","gearPct":71,"gears":3,"nat":"United Kingdom","vmax":3,"months":11},"geometry":{"type":"Polygon","coordinates":[[[-4.37881,51.11955],[-4.3649,51.07561],[-4.43508,51.06679],[-4.44905,51.11073],[-4.37881,51.11955]]]}},{"type":"Feature","properties":{"pos":5331,"gear":"Demersal trawl","gearPct":51,"gears":3,"nat":"United Kingdom","vmax":5,"months":10},"geometry":{"type":"Polygon","coordinates":[[[-4.3649,51.07561],[-4.35103,51.03166],[-4.42115,51.02286],[-4.43508,51.06679],[-4.3649,51.07561]]]}},{"type":"Feature","properties":{"pos":3409,"gear":"Demersal trawl","gearPct":61,"gears":3,"nat":"United Kingdom","vmax":3,"months":8},"geometry":{"type":"Polygon","coordinates":[[[-4.35103,51.03166],[-4.33719,50.98771],[-4.40724,50.97892],[-4.42115,51.02286],[-4.35103,51.03166]]]}},{"type":"Feature","properties":{"pos":1,"gear":"Other gear","gearPct":100,"gears":1,"nat":"United Kingdom","vmax":1,"months":1},"geometry":{"type":"Polygon","coordinates":[[[-4.17363,50.46012],[-4.16021,50.41614],[-4.22945,50.40747],[-4.24294,50.45144],[-4.17363,50.46012]]]}},{"type":"Feature","properties":{"pos":2,"gear":"Other gear","gearPct":100,"gears":1,"nat":"United Kingdom","vmax":1,"months":2},"geometry":{"type":"Polygon","coordinates":[[[-4.16021,50.41614],[-4.14681,50.37215],[-4.21599,50.36349],[-4.22945,50.40747],[-4.16021,50.41614]]]}},{"type":"Feature","properties":{"pos":3213,"gear":"Other gear","gearPct":59,"gears":8,"nat":"United Kingdom","vmax":27,"months":12},"geometry":{"type":"Polygon","coordinates":[[[-4.14681,50.37215],[-4.13345,50.32816],[-4.20257,50.31951],[-4.21599,50.36349],[-4.14681,50.37215]]]}},{"type":"Feature","properties":{"pos":9282,"gear":"Other gear","gearPct":52,"gears":9,"nat":"United Kingdom","vmax":37,"months":12},"geometry":{"type":"Polygon","coordinates":[[[-4.13345,50.32816],[-4.12012,50.28417],[-4.18918,50.27553],[-4.20257,50.31951],[-4.13345,50.32816]]]}},{"type":"Feature","properties":{"pos":13023,"gear":"Other gear","gearPct":45,"gears":7,"nat":"United Kingdom","vmax":27,"months":12},"geometry":{"type":"Polygon","coordinates":[[[-4.12012,50.28417],[-4.10682,50.24018],[-4.17582,50.23154],[-4.18918,50.27553],[-4.12012,50.28417]]]}},{"type":"Feature","properties":{"pos":30077,"gear":"Demersal trawl","gearPct":57,"gears":6,"nat":"United Kingdom","vmax":27,"months":12},"geometry":{"type":"Polygon","coordinates":[[[-4.10682,50.24018],[-4.09355,50.19618],[-4.16249,50.18756],[-4.17582,50.23154],[-4.10682,50.24018]]]}},{"type":"Feature","properties":{"pos":29700,"gear":"Demersal trawl","gearPct":71,"gears":6,"nat":"United Kingdom","vmax":25,"months":12},"geometry":{"type":"Polygon","coordinates":[[[-4.09355,50.19618],[-4.08031,50.15218],[-4.14919,50.14356],[-4.16249,50.18756],[-4.09355,50.19618]]]}},{"type":"Feature","properties":{"pos":30763,"gear":"Demersal trawl","gearPct":71,"gears":5,"nat":"United Kingdom","vmax":20,"months":12},"geometry":{"type":"Polygon","coordinates":[[[-4.08031,50.15218],[-4.0671,50.10818],[-4.13592,50.09957],[-4.14919,50.14356],[-4.08031,50.15218]]]}},{"type":"Feature","properties":{"pos":3348,"gear":"Other gear","gearPct":56,"gears":5,"nat":"United Kingdom","vmax":13,"months":12},"geometry":{"type":"Polygon","coordinates":[[[-4.0671,50.10818],[-4.05392,50.06417],[-4.12268,50.05557],[-4.13592,50.09957],[-4.0671,50.10818]]]}},{"type":"Feature","properties":{"pos":1992,"gear":"Other gear","gearPct":68,"gears":5,"nat":"United Kingdom","vmax":17,"months":12},"geometry":{"type":"Polygon","coordinates":[[[-4.05392,50.06417],[-4.04078,50.02016],[-4.10947,50.01158],[-4.12268,50.05557],[-4.05392,50.06417]]]}},{"type":"Feature","properties":{"pos":1099,"gear":"Other gear","gearPct":46,"gears":4,"nat":"United Kingdom","vmax":23,"months":12},"geometry":{"type":"Polygon","coordinates":[[[-4.04078,50.02016],[-4.02766,49.97615],[-4.09629,49.96757],[-4.10947,50.01158],[-4.04078,50.02016]]]}},{"type":"Feature","properties":{"pos":1613,"gear":"Beam trawl","gearPct":44,"gears":6,"nat":"United Kingdom","vmax":28,"months":12},"geometry":{"type":"Polygon","coordinates":[[[-4.02766,49.97615],[-4.01457,49.93214],[-4.08315,49.92357],[-4.09629,49.96757],[-4.02766,49.97615]]]}},{"type":"Feature","properties":{"pos":1604,"gear":"Beam trawl","gearPct":46,"gears":7,"nat":"United Kingdom","vmax":29,"months":12},"geometry":{"type":"Polygon","coordinates":[[[-4.01457,49.93214],[-4.00151,49.88812],[-4.07003,49.87956],[-4.08315,49.92357],[-4.01457,49.93214]]]}},{"type":"Feature","properties":{"pos":1136,"gear":"Other gear","gearPct":37,"gears":7,"nat":"United Kingdom","vmax":25,"months":12},"geometry":{"type":"Polygon","coordinates":[[[-4.00151,49.88812],[-3.98849,49.8441],[-4.05694,49.83555],[-4.07003,49.87956],[-4.00151,49.88812]]]}},{"type":"Feature","properties":{"pos":4554,"gear":"Other gear","gearPct":75,"gears":3,"nat":"United Kingdom","vmax":3,"months":10},"geometry":{"type":"Polygon","coordinates":[[[-4.2947,51.08437],[-4.28089,51.04042],[-4.35103,51.03166],[-4.3649,51.07561],[-4.2947,51.08437]]]}},{"type":"Feature","properties":{"pos":3662,"gear":"Demersal trawl","gearPct":56,"gears":3,"nat":"United Kingdom","vmax":3,"months":7},"geometry":{"type":"Polygon","coordinates":[[[-4.28089,51.04042],[-4.26712,50.99646],[-4.33719,50.98771],[-4.35103,51.03166],[-4.28089,51.04042]]]}},{"type":"Feature","properties":{"pos":1,"gear":"Other gear","gearPct":100,"gears":1,"nat":"United Kingdom","vmax":1,"months":1},"geometry":{"type":"Polygon","coordinates":[[[-4.09094,50.42477],[-4.07761,50.38077],[-4.14681,50.37215],[-4.16021,50.41614],[-4.09094,50.42477]]]}},{"type":"Feature","properties":{"pos":17923,"gear":"Other gear","gearPct":50,"gears":9,"nat":"United Kingdom","vmax":57,"months":12},"geometry":{"type":"Polygon","coordinates":[[[-4.07761,50.38077],[-4.06431,50.33677],[-4.13345,50.32816],[-4.14681,50.37215],[-4.07761,50.38077]]]}},{"type":"Feature","properties":{"pos":982,"gear":"Other gear","gearPct":54,"gears":6,"nat":"United Kingdom","vmax":12,"months":12},"geometry":{"type":"Polygon","coordinates":[[[-4.06431,50.33677],[-4.05104,50.29277],[-4.12012,50.28417],[-4.13345,50.32816],[-4.06431,50.33677]]]}},{"type":"Feature","properties":{"pos":10457,"gear":"Scallop dredge","gearPct":42,"gears":8,"nat":"United Kingdom","vmax":18,"months":12},"geometry":{"type":"Polygon","coordinates":[[[-4.05104,50.29277],[-4.0378,50.24877],[-4.10682,50.24018],[-4.12012,50.28417],[-4.05104,50.29277]]]}},{"type":"Feature","properties":{"pos":16639,"gear":"Other gear","gearPct":45,"gears":8,"nat":"United Kingdom","vmax":28,"months":12},"geometry":{"type":"Polygon","coordinates":[[[-4.0378,50.24877],[-4.02459,50.20476],[-4.09355,50.19618],[-4.10682,50.24018],[-4.0378,50.24877]]]}},{"type":"Feature","properties":{"pos":22725,"gear":"Demersal trawl","gearPct":64,"gears":5,"nat":"United Kingdom","vmax":23,"months":12},"geometry":{"type":"Polygon","coordinates":[[[-4.02459,50.20476],[-4.01141,50.16075],[-4.08031,50.15218],[-4.09355,50.19618],[-4.02459,50.20476]]]}},{"type":"Feature","properties":{"pos":20624,"gear":"Demersal trawl","gearPct":59,"gears":4,"nat":"United Kingdom","vmax":16,"months":12},"geometry":{"type":"Polygon","coordinates":[[[-4.01141,50.16075],[-3.99826,50.11674],[-4.0671,50.10818],[-4.08031,50.15218],[-4.01141,50.16075]]]}},{"type":"Feature","properties":{"pos":4958,"gear":"Other gear","gearPct":54,"gears":4,"nat":"United Kingdom","vmax":16,"months":12},"geometry":{"type":"Polygon","coordinates":[[[-3.99826,50.11674],[-3.98515,50.07272],[-4.05392,50.06417],[-4.0671,50.10818],[-3.99826,50.11674]]]}},{"type":"Feature","properties":{"pos":1086,"gear":"Other gear","gearPct":65,"gears":6,"nat":"United Kingdom","vmax":21,"months":12},"geometry":{"type":"Polygon","coordinates":[[[-3.98515,50.07272],[-3.97206,50.02871],[-4.04078,50.02016],[-4.05392,50.06417],[-3.98515,50.07272]]]}},{"type":"Feature","properties":{"pos":1051,"gear":"Other gear","gearPct":63,"gears":3,"nat":"United Kingdom","vmax":28,"months":12},"geometry":{"type":"Polygon","coordinates":[[[-3.97206,50.02871],[-3.959,49.98469],[-4.02766,49.97615],[-4.04078,50.02016],[-3.97206,50.02871]]]}},{"type":"Feature","properties":{"pos":1236,"gear":"Other gear","gearPct":48,"gears":6,"nat":"United Kingdom","vmax":28,"months":12},"geometry":{"type":"Polygon","coordinates":[[[-3.959,49.98469],[-3.94597,49.94066],[-4.01457,49.93214],[-4.02766,49.97615],[-3.959,49.98469]]]}},{"type":"Feature","properties":{"pos":1521,"gear":"Other gear","gearPct":58,"gears":5,"nat":"United Kingdom","vmax":27,"months":12},"geometry":{"type":"Polygon","coordinates":[[[-3.94597,49.94066],[-3.93298,49.89664],[-4.00151,49.88812],[-4.01457,49.93214],[-3.94597,49.94066]]]}},{"type":"Feature","properties":{"pos":1140,"gear":"Other gear","gearPct":39,"gears":6,"nat":"United Kingdom","vmax":21,"months":12},"geometry":{"type":"Polygon","coordinates":[[[-3.93298,49.89664],[-3.92001,49.85261],[-3.98849,49.8441],[-4.00151,49.88812],[-3.93298,49.89664]]]}},{"type":"Feature","properties":{"pos":1682,"gear":"Other gear","gearPct":76,"gears":4,"nat":"United Kingdom","vmax":2,"months":11},"geometry":{"type":"Polygon","coordinates":[[[-4.22448,51.0931],[-4.21073,51.04914],[-4.28089,51.04042],[-4.2947,51.08437],[-4.22448,51.0931]]]}},{"type":"Feature","properties":{"pos":1,"gear":"Other gear","gearPct":100,"gears":1,"nat":"United Kingdom","vmax":1,"months":1},"geometry":{"type":"Polygon","coordinates":[[[-4.21073,51.04914],[-4.19702,51.00517],[-4.26712,50.99646],[-4.28089,51.04042],[-4.21073,51.04914]]]}},{"type":"Feature","properties":{"pos":6,"gear":"Other gear","gearPct":100,"gears":1,"nat":"United Kingdom","vmax":1,"months":2},"geometry":{"type":"Polygon","coordinates":[[[-3.99514,50.34534],[-3.98193,50.30133],[-4.05104,50.29277],[-4.06431,50.33677],[-3.99514,50.34534]]]}},{"type":"Feature","properties":{"pos":2497,"gear":"Other gear","gearPct":85,"gears":9,"nat":"United Kingdom","vmax":9,"months":12},"geometry":{"type":"Polygon","coordinates":[[[-3.98193,50.30133],[-3.96876,50.25732],[-4.0378,50.24877],[-4.05104,50.29277],[-3.98193,50.30133]]]}},{"type":"Feature","properties":{"pos":9183,"gear":"Pots & creels","gearPct":53,"gears":7,"nat":"United Kingdom","vmax":15,"months":12},"geometry":{"type":"Polygon","coordinates":[[[-3.96876,50.25732],[-3.95561,50.2133],[-4.02459,50.20476],[-4.0378,50.24877],[-3.96876,50.25732]]]}},{"type":"Feature","properties":{"pos":19144,"gear":"Other gear","gearPct":57,"gears":6,"nat":"United Kingdom","vmax":25,"months":12},"geometry":{"type":"Polygon","coordinates":[[[-3.95561,50.2133],[-3.94249,50.16928],[-4.01141,50.16075],[-4.02459,50.20476],[-3.95561,50.2133]]]}},{"type":"Feature","properties":{"pos":14231,"gear":"Other gear","gearPct":52,"gears":5,"nat":"United Kingdom","vmax":25,"months":12},"geometry":{"type":"Polygon","coordinates":[[[-3.94249,50.16928],[-3.9294,50.12526],[-3.99826,50.11674],[-4.01141,50.16075],[-3.94249,50.16928]]]}},{"type":"Feature","properties":{"pos":6381,"gear":"Beam trawl","gearPct":57,"gears":4,"nat":"United Kingdom","vmax":13,"months":12},"geometry":{"type":"Polygon","coordinates":[[[-3.9294,50.12526],[-3.91635,50.08124],[-3.98515,50.07272],[-3.99826,50.11674],[-3.9294,50.12526]]]}},{"type":"Feature","properties":{"pos":558,"gear":"Other gear","gearPct":50,"gears":4,"nat":"United Kingdom","vmax":13,"months":12},"geometry":{"type":"Polygon","coordinates":[[[-3.91635,50.08124],[-3.90332,50.03721],[-3.97206,50.02871],[-3.98515,50.07272],[-3.91635,50.08124]]]}},{"type":"Feature","properties":{"pos":1023,"gear":"Other gear","gearPct":65,"gears":5,"nat":"United Kingdom","vmax":25,"months":12},"geometry":{"type":"Polygon","coordinates":[[[-3.90332,50.03721],[-3.89032,49.99318],[-3.959,49.98469],[-3.97206,50.02871],[-3.90332,50.03721]]]}},{"type":"Feature","properties":{"pos":1080,"gear":"Other gear","gearPct":45,"gears":4,"nat":"United Kingdom","vmax":26,"months":12},"geometry":{"type":"Polygon","coordinates":[[[-3.89032,49.99318],[-3.87736,49.94915],[-3.94597,49.94066],[-3.959,49.98469],[-3.89032,49.99318]]]}},{"type":"Feature","properties":{"pos":1045,"gear":"Other gear","gearPct":49,"gears":5,"nat":"United Kingdom","vmax":24,"months":12},"geometry":{"type":"Polygon","coordinates":[[[-3.87736,49.94915],[-3.86442,49.90511],[-3.93298,49.89664],[-3.94597,49.94066],[-3.87736,49.94915]]]}},{"type":"Feature","properties":{"pos":1240,"gear":"Other gear","gearPct":35,"gears":5,"nat":"United Kingdom","vmax":24,"months":12},"geometry":{"type":"Polygon","coordinates":[[[-3.86442,49.90511],[-3.85151,49.86108],[-3.92001,49.85261],[-3.93298,49.89664],[-3.86442,49.90511]]]}},{"type":"Feature","properties":{"pos":9420,"gear":"Other gear","gearPct":67,"gears":6,"nat":"United Kingdom","vmax":8,"months":12},"geometry":{"type":"Polygon","coordinates":[[[-3.91281,50.30985],[-3.89969,50.26582],[-3.96876,50.25732],[-3.98193,50.30133],[-3.91281,50.30985]]]}},{"type":"Feature","properties":{"pos":14221,"gear":"Other gear","gearPct":57,"gears":8,"nat":"United Kingdom","vmax":8,"months":12},"geometry":{"type":"Polygon","coordinates":[[[-3.89969,50.26582],[-3.8866,50.2218],[-3.95561,50.2133],[-3.96876,50.25732],[-3.89969,50.26582]]]}},{"type":"Feature","properties":{"pos":3202,"gear":"Pots & creels","gearPct":69,"gears":6,"nat":"United Kingdom","vmax":10,"months":12},"geometry":{"type":"Polygon","coordinates":[[[-3.8866,50.2218],[-3.87355,50.17777],[-3.94249,50.16928],[-3.95561,50.2133],[-3.8866,50.2218]]]}},{"type":"Feature","properties":{"pos":18415,"gear":"Beam trawl","gearPct":46,"gears":6,"nat":"United Kingdom","vmax":15,"months":12},"geometry":{"type":"Polygon","coordinates":[[[-3.87355,50.17777],[-3.86052,50.13374],[-3.9294,50.12526],[-3.94249,50.16928],[-3.87355,50.17777]]]}},{"type":"Feature","properties":{"pos":11653,"gear":"Beam trawl","gearPct":50,"gears":5,"nat":"United Kingdom","vmax":12,"months":12},"geometry":{"type":"Polygon","coordinates":[[[-3.86052,50.13374],[-3.84752,50.08971],[-3.91635,50.08124],[-3.9294,50.12526],[-3.86052,50.13374]]]}},{"type":"Feature","properties":{"pos":476,"gear":"Beam trawl","gearPct":53,"gears":4,"nat":"United Kingdom","vmax":7,"months":12},"geometry":{"type":"Polygon","coordinates":[[[-3.84752,50.08971],[-3.83456,50.04567],[-3.90332,50.03721],[-3.91635,50.08124],[-3.84752,50.08971]]]}},{"type":"Feature","properties":{"pos":693,"gear":"Other gear","gearPct":53,"gears":4,"nat":"United Kingdom","vmax":19,"months":12},"geometry":{"type":"Polygon","coordinates":[[[-3.83456,50.04567],[-3.82162,50.00163],[-3.89032,49.99318],[-3.90332,50.03721],[-3.83456,50.04567]]]}},{"type":"Feature","properties":{"pos":1393,"gear":"Other gear","gearPct":46,"gears":6,"nat":"United Kingdom","vmax":24,"months":12},"geometry":{"type":"Polygon","coordinates":[[[-3.82162,50.00163],[-3.80871,49.95759],[-3.87736,49.94915],[-3.89032,49.99318],[-3.82162,50.00163]]]}},{"type":"Feature","properties":{"pos":1146,"gear":"Beam trawl","gearPct":47,"gears":8,"nat":"United Kingdom","vmax":23,"months":12},"geometry":{"type":"Polygon","coordinates":[[[-3.80871,49.95759],[-3.79584,49.91355],[-3.86442,49.90511],[-3.87736,49.94915],[-3.80871,49.95759]]]}},{"type":"Feature","properties":{"pos":1206,"gear":"Beam trawl","gearPct":36,"gears":5,"nat":"United Kingdom","vmax":19,"months":12},"geometry":{"type":"Polygon","coordinates":[[[-3.79584,49.91355],[-3.78299,49.8695],[-3.85151,49.86108],[-3.86442,49.90511],[-3.79584,49.91355]]]}},{"type":"Feature","properties":{"pos":1007,"gear":"Pots & creels","gearPct":78,"gears":5,"nat":"United Kingdom","vmax":3,"months":12},"geometry":{"type":"Polygon","coordinates":[[[-3.84366,50.31832],[-3.8306,50.27429],[-3.89969,50.26582],[-3.91281,50.30985],[-3.84366,50.31832]]]}},{"type":"Feature","properties":{"pos":1454,"gear":"Pots & creels","gearPct":67,"gears":6,"nat":"United Kingdom","vmax":4,"months":12},"geometry":{"type":"Polygon","coordinates":[[[-3.8306,50.27429],[-3.81758,50.23026],[-3.8866,50.2218],[-3.89969,50.26582],[-3.8306,50.27429]]]}},{"type":"Feature","properties":{"pos":738,"gear":"Other gear","gearPct":42,"gears":7,"nat":"United Kingdom","vmax":13,"months":12},"geometry":{"type":"Polygon","coordinates":[[[-3.81758,50.23026],[-3.80458,50.18622],[-3.87355,50.17777],[-3.8866,50.2218],[-3.81758,50.23026]]]}},{"type":"Feature","properties":{"pos":16449,"gear":"Scallop dredge","gearPct":38,"gears":8,"nat":"United Kingdom","vmax":19,"months":12},"geometry":{"type":"Polygon","coordinates":[[[-3.80458,50.18622],[-3.79161,50.14218],[-3.86052,50.13374],[-3.87355,50.17777],[-3.80458,50.18622]]]}},{"type":"Feature","properties":{"pos":26895,"gear":"Beam trawl","gearPct":41,"gears":5,"nat":"United Kingdom","vmax":18,"months":12},"geometry":{"type":"Polygon","coordinates":[[[-3.79161,50.14218],[-3.77868,50.09814],[-3.84752,50.08971],[-3.86052,50.13374],[-3.79161,50.14218]]]}},{"type":"Feature","properties":{"pos":948,"gear":"Beam trawl","gearPct":55,"gears":4,"nat":"United Kingdom","vmax":10,"months":12},"geometry":{"type":"Polygon","coordinates":[[[-3.77868,50.09814],[-3.76577,50.05409],[-3.83456,50.04567],[-3.84752,50.08971],[-3.77868,50.09814]]]}},{"type":"Feature","properties":{"pos":400,"gear":"Beam trawl","gearPct":47,"gears":4,"nat":"United Kingdom","vmax":16,"months":12},"geometry":{"type":"Polygon","coordinates":[[[-3.76577,50.05409],[-3.7529,50.01005],[-3.82162,50.00163],[-3.83456,50.04567],[-3.76577,50.05409]]]}},{"type":"Feature","properties":{"pos":1201,"gear":"Beam trawl","gearPct":44,"gears":9,"nat":"United Kingdom","vmax":26,"months":12},"geometry":{"type":"Polygon","coordinates":[[[-3.7529,50.01005],[-3.74005,49.966],[-3.80871,49.95759],[-3.82162,50.00163],[-3.7529,50.01005]]]}},{"type":"Feature","properties":{"pos":1226,"gear":"Beam trawl","gearPct":51,"gears":7,"nat":"United Kingdom","vmax":23,"months":12},"geometry":{"type":"Polygon","coordinates":[[[-3.74005,49.966],[-3.72723,49.92194],[-3.79584,49.91355],[-3.80871,49.95759],[-3.74005,49.966]]]}},{"type":"Feature","properties":{"pos":1100,"gear":"Beam trawl","gearPct":40,"gears":6,"nat":"United Kingdom","vmax":21,"months":12},"geometry":{"type":"Polygon","coordinates":[[[-3.72723,49.92194],[-3.71445,49.87789],[-3.78299,49.8695],[-3.79584,49.91355],[-3.72723,49.92194]]]}},{"type":"Feature","properties":{"pos":951,"gear":"Beam trawl","gearPct":32,"gears":7,"nat":"United Kingdom","vmax":18,"months":12},"geometry":{"type":"Polygon","coordinates":[[[-3.71445,49.87789],[-3.70169,49.83383],[-3.77017,49.82546],[-3.78299,49.8695],[-3.71445,49.87789]]]}},{"type":"Feature","properties":{"pos":3525,"gear":"Pots & creels","gearPct":71,"gears":4,"nat":"United Kingdom","vmax":4,"months":12},"geometry":{"type":"Polygon","coordinates":[[[-3.76149,50.28271],[-3.74853,50.23867],[-3.81758,50.23026],[-3.8306,50.27429],[-3.76149,50.28271]]]}},{"type":"Feature","properties":{"pos":1445,"gear":"Pots & creels","gearPct":67,"gears":5,"nat":"United Kingdom","vmax":12,"months":12},"geometry":{"type":"Polygon","coordinates":[[[-3.74853,50.23867],[-3.73559,50.19462],[-3.80458,50.18622],[-3.81758,50.23026],[-3.74853,50.23867]]]}},{"type":"Feature","properties":{"pos":10373,"gear":"Scallop dredge","gearPct":58,"gears":6,"nat":"United Kingdom","vmax":22,"months":12},"geometry":{"type":"Polygon","coordinates":[[[-3.73559,50.19462],[-3.72269,50.15058],[-3.79161,50.14218],[-3.80458,50.18622],[-3.73559,50.19462]]]}},{"type":"Feature","properties":{"pos":29437,"gear":"Pots & creels","gearPct":41,"gears":7,"nat":"United Kingdom","vmax":16,"months":12},"geometry":{"type":"Polygon","coordinates":[[[-3.72269,50.15058],[-3.70981,50.10653],[-3.77868,50.09814],[-3.79161,50.14218],[-3.72269,50.15058]]]}},{"type":"Feature","properties":{"pos":6242,"gear":"Beam trawl","gearPct":52,"gears":6,"nat":"United Kingdom","vmax":14,"months":12},"geometry":{"type":"Polygon","coordinates":[[[-3.70981,50.10653],[-3.69697,50.06247],[-3.76577,50.05409],[-3.77868,50.09814],[-3.70981,50.10653]]]}},{"type":"Feature","properties":{"pos":398,"gear":"Beam trawl","gearPct":44,"gears":4,"nat":"United Kingdom","vmax":9,"months":12},"geometry":{"type":"Polygon","coordinates":[[[-3.69697,50.06247],[-3.68415,50.01842],[-3.7529,50.01005],[-3.76577,50.05409],[-3.69697,50.06247]]]}},{"type":"Feature","properties":{"pos":1110,"gear":"Other gear","gearPct":44,"gears":5,"nat":"United Kingdom","vmax":23,"months":12},"geometry":{"type":"Polygon","coordinates":[[[-3.68415,50.01842],[-3.67136,49.97436],[-3.74005,49.966],[-3.7529,50.01005],[-3.68415,50.01842]]]}},{"type":"Feature","properties":{"pos":1295,"gear":"Beam trawl","gearPct":48,"gears":7,"nat":"United Kingdom","vmax":25,"months":12},"geometry":{"type":"Polygon","coordinates":[[[-3.67136,49.97436],[-3.65861,49.9303],[-3.72723,49.92194],[-3.74005,49.966],[-3.67136,49.97436]]]}},{"type":"Feature","properties":{"pos":773,"gear":"Beam trawl","gearPct":45,"gears":7,"nat":"United Kingdom","vmax":17,"months":12},"geometry":{"type":"Polygon","coordinates":[[[-3.65861,49.9303],[-3.64588,49.88623],[-3.71445,49.87789],[-3.72723,49.92194],[-3.65861,49.9303]]]}},{"type":"Feature","properties":{"pos":793,"gear":"Beam trawl","gearPct":38,"gears":7,"nat":"United Kingdom","vmax":14,"months":12},"geometry":{"type":"Polygon","coordinates":[[[-3.64588,49.88623],[-3.63318,49.84217],[-3.70169,49.83383],[-3.71445,49.87789],[-3.64588,49.88623]]]}},{"type":"Feature","properties":{"pos":142,"gear":"Other gear","gearPct":80,"gears":4,"nat":"United Kingdom","vmax":1,"months":9},"geometry":{"type":"Polygon","coordinates":[[[-3.67945,50.24704],[-3.66658,50.20299],[-3.73559,50.19462],[-3.74853,50.23867],[-3.67945,50.24704]]]}},{"type":"Feature","properties":{"pos":1912,"gear":"Other gear","gearPct":63,"gears":6,"nat":"United Kingdom","vmax":20,"months":12},"geometry":{"type":"Polygon","coordinates":[[[-3.66658,50.20299],[-3.65374,50.15893],[-3.72269,50.15058],[-3.73559,50.19462],[-3.66658,50.20299]]]}},{"type":"Feature","properties":{"pos":8025,"gear":"Pots & creels","gearPct":90,"gears":6,"nat":"United Kingdom","vmax":13,"months":12},"geometry":{"type":"Polygon","coordinates":[[[-3.65374,50.15893],[-3.64092,50.11487],[-3.70981,50.10653],[-3.72269,50.15058],[-3.65374,50.15893]]]}},{"type":"Feature","properties":{"pos":6023,"gear":"Pots & creels","gearPct":62,"gears":6,"nat":"United Kingdom","vmax":12,"months":12},"geometry":{"type":"Polygon","coordinates":[[[-3.64092,50.11487],[-3.62814,50.07081],[-3.69697,50.06247],[-3.70981,50.10653],[-3.64092,50.11487]]]}},{"type":"Feature","properties":{"pos":506,"gear":"Demersal trawl","gearPct":52,"gears":4,"nat":"France","vmax":8,"months":12},"geometry":{"type":"Polygon","coordinates":[[[-3.62814,50.07081],[-3.61538,50.02675],[-3.68415,50.01842],[-3.69697,50.06247],[-3.62814,50.07081]]]}},{"type":"Feature","properties":{"pos":1022,"gear":"Other gear","gearPct":44,"gears":7,"nat":"United Kingdom","vmax":24,"months":12},"geometry":{"type":"Polygon","coordinates":[[[-3.61538,50.02675],[-3.60266,49.98268],[-3.67136,49.97436],[-3.68415,50.01842],[-3.61538,50.02675]]]}},{"type":"Feature","properties":{"pos":1125,"gear":"Beam trawl","gearPct":44,"gears":6,"nat":"United Kingdom","vmax":25,"months":12},"geometry":{"type":"Polygon","coordinates":[[[-3.60266,49.98268],[-3.58996,49.93861],[-3.65861,49.9303],[-3.67136,49.97436],[-3.60266,49.98268]]]}},{"type":"Feature","properties":{"pos":586,"gear":"Beam trawl","gearPct":41,"gears":5,"nat":"United Kingdom","vmax":18,"months":12},"geometry":{"type":"Polygon","coordinates":[[[-3.58996,49.93861],[-3.57729,49.89454],[-3.64588,49.88623],[-3.65861,49.9303],[-3.58996,49.93861]]]}},{"type":"Feature","properties":{"pos":648,"gear":"Beam trawl","gearPct":40,"gears":7,"nat":"United Kingdom","vmax":16,"months":12},"geometry":{"type":"Polygon","coordinates":[[[-3.57729,49.89454],[-3.56466,49.85046],[-3.63318,49.84217],[-3.64588,49.88623],[-3.57729,49.89454]]]}},{"type":"Feature","properties":{"pos":128,"gear":"Other gear","gearPct":87,"gears":4,"nat":"United Kingdom","vmax":3,"months":11},"geometry":{"type":"Polygon","coordinates":[[[-3.63607,50.34349],[-3.6232,50.29944],[-3.69236,50.2911],[-3.70529,50.33514],[-3.63607,50.34349]]]}},{"type":"Feature","properties":{"pos":6036,"gear":"Other gear","gearPct":85,"gears":5,"nat":"United Kingdom","vmax":8,"months":12},"geometry":{"type":"Polygon","coordinates":[[[-3.6232,50.29944],[-3.61036,50.25538],[-3.67945,50.24704],[-3.69236,50.2911],[-3.6232,50.29944]]]}},{"type":"Feature","properties":{"pos":2857,"gear":"Other gear","gearPct":87,"gears":5,"nat":"United Kingdom","vmax":8,"months":12},"geometry":{"type":"Polygon","coordinates":[[[-3.61036,50.25538],[-3.59755,50.21131],[-3.66658,50.20299],[-3.67945,50.24704],[-3.61036,50.25538]]]}},{"type":"Feature","properties":{"pos":2912,"gear":"Pots & creels","gearPct":44,"gears":6,"nat":"United Kingdom","vmax":19,"months":12},"geometry":{"type":"Polygon","coordinates":[[[-3.59755,50.21131],[-3.58477,50.16725],[-3.65374,50.15893],[-3.66658,50.20299],[-3.59755,50.21131]]]}},{"type":"Feature","properties":{"pos":4966,"gear":"Scallop dredge","gearPct":48,"gears":5,"nat":"United Kingdom","vmax":14,"months":12},"geometry":{"type":"Polygon","coordinates":[[[-3.58477,50.16725],[-3.57201,50.12318],[-3.64092,50.11487],[-3.65374,50.15893],[-3.58477,50.16725]]]}},{"type":"Feature","properties":{"pos":1408,"gear":"Demersal trawl","gearPct":36,"gears":5,"nat":"United Kingdom","vmax":10,"months":12},"geometry":{"type":"Polygon","coordinates":[[[-3.57201,50.12318],[-3.55929,50.07911],[-3.62814,50.07081],[-3.64092,50.11487],[-3.57201,50.12318]]]}},{"type":"Feature","properties":{"pos":580,"gear":"Demersal trawl","gearPct":47,"gears":4,"nat":"United Kingdom","vmax":8,"months":12},"geometry":{"type":"Polygon","coordinates":[[[-3.55929,50.07911],[-3.54659,50.03503],[-3.61538,50.02675],[-3.62814,50.07081],[-3.55929,50.07911]]]}},{"type":"Feature","properties":{"pos":1175,"gear":"Other gear","gearPct":40,"gears":5,"nat":"United Kingdom","vmax":26,"months":12},"geometry":{"type":"Polygon","coordinates":[[[-3.54659,50.03503],[-3.53393,49.99096],[-3.60266,49.98268],[-3.61538,50.02675],[-3.54659,50.03503]]]}},{"type":"Feature","properties":{"pos":1037,"gear":"Beam trawl","gearPct":42,"gears":6,"nat":"United Kingdom","vmax":22,"months":12},"geometry":{"type":"Polygon","coordinates":[[[-3.53393,49.99096],[-3.52129,49.94688],[-3.58996,49.93861],[-3.60266,49.98268],[-3.53393,49.99096]]]}},{"type":"Feature","properties":{"pos":838,"gear":"Demersal trawl","gearPct":45,"gears":6,"nat":"United Kingdom","vmax":15,"months":12},"geometry":{"type":"Polygon","coordinates":[[[-3.52129,49.94688],[-3.50869,49.9028],[-3.57729,49.89454],[-3.58996,49.93861],[-3.52129,49.94688]]]}},{"type":"Feature","properties":{"pos":740,"gear":"Demersal trawl","gearPct":42,"gears":7,"nat":"United Kingdom","vmax":17,"months":12},"geometry":{"type":"Polygon","coordinates":[[[-3.50869,49.9028],[-3.49611,49.85871],[-3.56466,49.85046],[-3.57729,49.89454],[-3.50869,49.9028]]]}},{"type":"Feature","properties":{"pos":1,"gear":"Other gear","gearPct":100,"gears":1,"nat":"United Kingdom","vmax":1,"months":1},"geometry":{"type":"Polygon","coordinates":[[[-3.59255,50.43993],[-3.57968,50.39587],[-3.64898,50.38755],[-3.66191,50.4316],[-3.59255,50.43993]]]}},{"type":"Feature","properties":{"pos":168,"gear":"Other gear","gearPct":71,"gears":3,"nat":"United Kingdom","vmax":7,"months":12},"geometry":{"type":"Polygon","coordinates":[[[-3.57968,50.39587],[-3.56684,50.3518],[-3.63607,50.34349],[-3.64898,50.38755],[-3.57968,50.39587]]]}},{"type":"Feature","properties":{"pos":8612,"gear":"Other gear","gearPct":92,"gears":5,"nat":"United Kingdom","vmax":12,"months":12},"geometry":{"type":"Polygon","coordinates":[[[-3.56684,50.3518],[-3.55403,50.30774],[-3.6232,50.29944],[-3.63607,50.34349],[-3.56684,50.3518]]]}},{"type":"Feature","properties":{"pos":32640,"gear":"Other gear","gearPct":47,"gears":6,"nat":"United Kingdom","vmax":16,"months":12},"geometry":{"type":"Polygon","coordinates":[[[-3.55403,50.30774],[-3.54124,50.26367],[-3.61036,50.25538],[-3.6232,50.29944],[-3.55403,50.30774]]]}},{"type":"Feature","properties":{"pos":30250,"gear":"Scallop dredge","gearPct":54,"gears":5,"nat":"United Kingdom","vmax":17,"months":12},"geometry":{"type":"Polygon","coordinates":[[[-3.54124,50.26367],[-3.52849,50.21959],[-3.59755,50.21131],[-3.61036,50.25538],[-3.54124,50.26367]]]}},{"type":"Feature","properties":{"pos":20079,"gear":"Scallop dredge","gearPct":65,"gears":6,"nat":"United Kingdom","vmax":18,"months":12},"geometry":{"type":"Polygon","coordinates":[[[-3.52849,50.21959],[-3.51577,50.17552],[-3.58477,50.16725],[-3.59755,50.21131],[-3.52849,50.21959]]]}},{"type":"Feature","properties":{"pos":17634,"gear":"Scallop dredge","gearPct":49,"gears":6,"nat":"United Kingdom","vmax":16,"months":12},"geometry":{"type":"Polygon","coordinates":[[[-3.51577,50.17552],[-3.50308,50.13144],[-3.57201,50.12318],[-3.58477,50.16725],[-3.51577,50.17552]]]}},{"type":"Feature","properties":{"pos":1769,"gear":"Scallop dredge","gearPct":51,"gears":5,"nat":"United Kingdom","vmax":10,"months":12},"geometry":{"type":"Polygon","coordinates":[[[-3.50308,50.13144],[-3.49042,50.08736],[-3.55929,50.07911],[-3.57201,50.12318],[-3.50308,50.13144]]]}},{"type":"Feature","properties":{"pos":965,"gear":"Beam trawl","gearPct":40,"gears":4,"nat":"United Kingdom","vmax":9,"months":12},"geometry":{"type":"Polygon","coordinates":[[[-3.49042,50.08736],[-3.47778,50.04328],[-3.54659,50.03503],[-3.55929,50.07911],[-3.49042,50.08736]]]}},{"type":"Feature","properties":{"pos":1666,"gear":"Beam trawl","gearPct":43,"gears":6,"nat":"United Kingdom","vmax":31,"months":12},"geometry":{"type":"Polygon","coordinates":[[[-3.47778,50.04328],[-3.46518,49.99919],[-3.53393,49.99096],[-3.54659,50.03503],[-3.47778,50.04328]]]}},{"type":"Feature","properties":{"pos":1306,"gear":"Other gear","gearPct":51,"gears":6,"nat":"United Kingdom","vmax":21,"months":12},"geometry":{"type":"Polygon","coordinates":[[[-3.46518,49.99919],[-3.4526,49.95511],[-3.52129,49.94688],[-3.53393,49.99096],[-3.46518,49.99919]]]}},{"type":"Feature","properties":{"pos":647,"gear":"Beam trawl","gearPct":42,"gears":5,"nat":"United Kingdom","vmax":17,"months":12},"geometry":{"type":"Polygon","coordinates":[[[-3.4526,49.95511],[-3.44006,49.91102],[-3.50869,49.9028],[-3.52129,49.94688],[-3.4526,49.95511]]]}},{"type":"Feature","properties":{"pos":1143,"gear":"Demersal trawl","gearPct":52,"gears":7,"nat":"France","vmax":16,"months":12},"geometry":{"type":"Polygon","coordinates":[[[-3.44006,49.91102],[-3.42754,49.86692],[-3.49611,49.85871],[-3.50869,49.9028],[-3.44006,49.91102]]]}},{"type":"Feature","properties":{"pos":1536,"gear":"Other gear","gearPct":47,"gears":6,"nat":"United Kingdom","vmax":13,"months":12},"geometry":{"type":"Polygon","coordinates":[[[-3.536,50.49228],[-3.52316,50.44821],[-3.59255,50.43993],[-3.60545,50.48399],[-3.536,50.49228]]]}},{"type":"Feature","properties":{"pos":9590,"gear":"Other gear","gearPct":61,"gears":6,"nat":"United Kingdom","vmax":71,"months":12},"geometry":{"type":"Polygon","coordinates":[[[-3.52316,50.44821],[-3.51035,50.40414],[-3.57968,50.39587],[-3.59255,50.43993],[-3.52316,50.44821]]]}},{"type":"Feature","properties":{"pos":20204,"gear":"Other gear","gearPct":56,"gears":7,"nat":"United Kingdom","vmax":63,"months":12},"geometry":{"type":"Polygon","coordinates":[[[-3.51035,50.40414],[-3.49757,50.36007],[-3.56684,50.3518],[-3.57968,50.39587],[-3.51035,50.40414]]]}},{"type":"Feature","properties":{"pos":7048,"gear":"Other gear","gearPct":66,"gears":6,"nat":"United Kingdom","vmax":23,"months":12},"geometry":{"type":"Polygon","coordinates":[[[-3.49757,50.36007],[-3.48483,50.31599],[-3.55403,50.30774],[-3.56684,50.3518],[-3.49757,50.36007]]]}},{"type":"Feature","properties":{"pos":8509,"gear":"Other gear","gearPct":45,"gears":6,"nat":"United Kingdom","vmax":28,"months":12},"geometry":{"type":"Polygon","coordinates":[[[-3.48483,50.31599],[-3.47211,50.27191],[-3.54124,50.26367],[-3.55403,50.30774],[-3.48483,50.31599]]]}},{"type":"Feature","properties":{"pos":46456,"gear":"Scallop dredge","gearPct":49,"gears":6,"nat":"United Kingdom","vmax":25,"months":12},"geometry":{"type":"Polygon","coordinates":[[[-3.47211,50.27191],[-3.45942,50.22783],[-3.52849,50.21959],[-3.54124,50.26367],[-3.47211,50.27191]]]}},{"type":"Feature","properties":{"pos":43695,"gear":"Scallop dredge","gearPct":47,"gears":5,"nat":"United Kingdom","vmax":18,"months":12},"geometry":{"type":"Polygon","coordinates":[[[-3.45942,50.22783],[-3.44676,50.18375],[-3.51577,50.17552],[-3.52849,50.21959],[-3.45942,50.22783]]]}},{"type":"Feature","properties":{"pos":5622,"gear":"Scallop dredge","gearPct":62,"gears":5,"nat":"United Kingdom","vmax":15,"months":12},"geometry":{"type":"Polygon","coordinates":[[[-3.44676,50.18375],[-3.43412,50.13966],[-3.50308,50.13144],[-3.51577,50.17552],[-3.44676,50.18375]]]}},{"type":"Feature","properties":{"pos":2035,"gear":"Scallop dredge","gearPct":69,"gears":5,"nat":"United Kingdom","vmax":10,"months":12},"geometry":{"type":"Polygon","coordinates":[[[-3.43412,50.13966],[-3.42152,50.09558],[-3.49042,50.08736],[-3.50308,50.13144],[-3.43412,50.13966]]]}},{"type":"Feature","properties":{"pos":1672,"gear":"Beam trawl","gearPct":40,"gears":5,"nat":"United Kingdom","vmax":20,"months":12},"geometry":{"type":"Polygon","coordinates":[[[-3.42152,50.09558],[-3.40895,50.05148],[-3.47778,50.04328],[-3.49042,50.08736],[-3.42152,50.09558]]]}},{"type":"Feature","properties":{"pos":1812,"gear":"Beam trawl","gearPct":44,"gears":6,"nat":"United Kingdom","vmax":27,"months":12},"geometry":{"type":"Polygon","coordinates":[[[-3.40895,50.05148],[-3.39641,50.00739],[-3.46518,49.99919],[-3.47778,50.04328],[-3.40895,50.05148]]]}},{"type":"Feature","properties":{"pos":1235,"gear":"Other gear","gearPct":53,"gears":7,"nat":"United Kingdom","vmax":23,"months":12},"geometry":{"type":"Polygon","coordinates":[[[-3.39641,50.00739],[-3.38389,49.96329],[-3.4526,49.95511],[-3.46518,49.99919],[-3.39641,50.00739]]]}},{"type":"Feature","properties":{"pos":1101,"gear":"Demersal trawl","gearPct":35,"gears":6,"nat":"United Kingdom","vmax":23,"months":12},"geometry":{"type":"Polygon","coordinates":[[[-3.38389,49.96329],[-3.3714,49.9192],[-3.44006,49.91102],[-3.4526,49.95511],[-3.38389,49.96329]]]}},{"type":"Feature","properties":{"pos":1618,"gear":"Beam trawl","gearPct":43,"gears":6,"nat":"United Kingdom","vmax":25,"months":12},"geometry":{"type":"Polygon","coordinates":[[[-3.3714,49.9192],[-3.35895,49.87509],[-3.42754,49.86692],[-3.44006,49.91102],[-3.3714,49.9192]]]}},{"type":"Feature","properties":{"pos":950,"gear":"Beam trawl","gearPct":50,"gears":7,"nat":"United Kingdom","vmax":16,"months":12},"geometry":{"type":"Polygon","coordinates":[[[-3.35895,49.87509],[-3.34652,49.83099],[-3.41505,49.82283],[-3.42754,49.86692],[-3.35895,49.87509]]]}},{"type":"Feature","properties":{"pos":1695,"gear":"Other gear","gearPct":69,"gears":4,"nat":"United Kingdom","vmax":3,"months":12},"geometry":{"type":"Polygon","coordinates":[[[-3.49217,50.58868],[-3.47934,50.54461],[-3.54887,50.53635],[-3.56177,50.58041],[-3.49217,50.58868]]]}},{"type":"Feature","properties":{"pos":4895,"gear":"Other gear","gearPct":84,"gears":4,"nat":"United Kingdom","vmax":9,"months":12},"geometry":{"type":"Polygon","coordinates":[[[-3.47934,50.54461],[-3.46653,50.50053],[-3.536,50.49228],[-3.54887,50.53635],[-3.47934,50.54461]]]}},{"type":"Feature","properties":{"pos":8293,"gear":"Other gear","gearPct":67,"gears":5,"nat":"United Kingdom","vmax":25,"months":12},"geometry":{"type":"Polygon","coordinates":[[[-3.46653,50.50053],[-3.45375,50.45646],[-3.52316,50.44821],[-3.536,50.49228],[-3.46653,50.50053]]]}},{"type":"Feature","properties":{"pos":28694,"gear":"Other gear","gearPct":65,"gears":7,"nat":"United Kingdom","vmax":79,"months":12},"geometry":{"type":"Polygon","coordinates":[[[-3.45375,50.45646],[-3.44101,50.41238],[-3.51035,50.40414],[-3.52316,50.44821],[-3.45375,50.45646]]]}},{"type":"Feature","properties":{"pos":25912,"gear":"Other gear","gearPct":63,"gears":8,"nat":"United Kingdom","vmax":62,"months":12},"geometry":{"type":"Polygon","coordinates":[[[-3.44101,50.41238],[-3.42829,50.36829],[-3.49757,50.36007],[-3.51035,50.40414],[-3.44101,50.41238]]]}},{"type":"Feature","properties":{"pos":25128,"gear":"Other gear","gearPct":53,"gears":8,"nat":"United Kingdom","vmax":36,"months":12},"geometry":{"type":"Polygon","coordinates":[[[-3.42829,50.36829],[-3.4156,50.32421],[-3.48483,50.31599],[-3.49757,50.36007],[-3.42829,50.36829]]]}},{"type":"Feature","properties":{"pos":35029,"gear":"Other gear","gearPct":49,"gears":5,"nat":"United Kingdom","vmax":27,"months":12},"geometry":{"type":"Polygon","coordinates":[[[-3.4156,50.32421],[-3.40295,50.28012],[-3.47211,50.27191],[-3.48483,50.31599],[-3.4156,50.32421]]]}},{"type":"Feature","properties":{"pos":39055,"gear":"Scallop dredge","gearPct":48,"gears":5,"nat":"United Kingdom","vmax":29,"months":12},"geometry":{"type":"Polygon","coordinates":[[[-3.40295,50.28012],[-3.39032,50.23603],[-3.45942,50.22783],[-3.47211,50.27191],[-3.40295,50.28012]]]}},{"type":"Feature","properties":{"pos":3994,"gear":"Scallop dredge","gearPct":63,"gears":5,"nat":"United Kingdom","vmax":14,"months":12},"geometry":{"type":"Polygon","coordinates":[[[-3.39032,50.23603],[-3.37772,50.19194],[-3.44676,50.18375],[-3.45942,50.22783],[-3.39032,50.23603]]]}},{"type":"Feature","properties":{"pos":1855,"gear":"Scallop dredge","gearPct":55,"gears":5,"nat":"United Kingdom","vmax":15,"months":12},"geometry":{"type":"Polygon","coordinates":[[[-3.37772,50.19194],[-3.36515,50.14784],[-3.43412,50.13966],[-3.44676,50.18375],[-3.37772,50.19194]]]}},{"type":"Feature","properties":{"pos":677,"gear":"Beam trawl","gearPct":55,"gears":7,"nat":"United Kingdom","vmax":15,"months":12},"geometry":{"type":"Polygon","coordinates":[[[-3.36515,50.14784],[-3.35261,50.10375],[-3.42152,50.09558],[-3.43412,50.13966],[-3.36515,50.14784]]]}},{"type":"Feature","properties":{"pos":1978,"gear":"Beam trawl","gearPct":53,"gears":5,"nat":"United Kingdom","vmax":25,"months":12},"geometry":{"type":"Polygon","coordinates":[[[-3.35261,50.10375],[-3.3401,50.05965],[-3.40895,50.05148],[-3.42152,50.09558],[-3.35261,50.10375]]]}},{"type":"Feature","properties":{"pos":1899,"gear":"Beam trawl","gearPct":50,"gears":5,"nat":"United Kingdom","vmax":26,"months":12},"geometry":{"type":"Polygon","coordinates":[[[-3.3401,50.05965],[-3.32761,50.01555],[-3.39641,50.00739],[-3.40895,50.05148],[-3.3401,50.05965]]]}},{"type":"Feature","properties":{"pos":1028,"gear":"Other gear","gearPct":55,"gears":5,"nat":"United Kingdom","vmax":28,"months":12},"geometry":{"type":"Polygon","coordinates":[[[-3.32761,50.01555],[-3.31516,49.97144],[-3.38389,49.96329],[-3.39641,50.00739],[-3.32761,50.01555]]]}},{"type":"Feature","properties":{"pos":2064,"gear":"Demersal trawl","gearPct":36,"gears":6,"nat":"United Kingdom","vmax":29,"months":12},"geometry":{"type":"Polygon","coordinates":[[[-3.31516,49.97144],[-3.30273,49.92733],[-3.3714,49.9192],[-3.38389,49.96329],[-3.31516,49.97144]]]}},{"type":"Feature","properties":{"pos":1354,"gear":"Beam trawl","gearPct":48,"gears":6,"nat":"United Kingdom","vmax":26,"months":12},"geometry":{"type":"Polygon","coordinates":[[[-3.30273,49.92733],[-3.29033,49.88322],[-3.35895,49.87509],[-3.3714,49.9192],[-3.30273,49.92733]]]}},{"type":"Feature","properties":{"pos":1159,"gear":"Beam trawl","gearPct":62,"gears":7,"nat":"United Kingdom","vmax":19,"months":12},"geometry":{"type":"Polygon","coordinates":[[[-3.29033,49.88322],[-3.27797,49.83911],[-3.34652,49.83099],[-3.35895,49.87509],[-3.29033,49.88322]]]}},{"type":"Feature","properties":{"pos":3,"gear":"Scallop dredge","gearPct":67,"gears":2,"nat":"United Kingdom","vmax":1,"months":1},"geometry":{"type":"Polygon","coordinates":[[[-3.43536,50.64098],[-3.42256,50.59691],[-3.49217,50.58868],[-3.50504,50.63275],[-3.43536,50.64098]]]}},{"type":"Feature","properties":{"pos":10273,"gear":"Other gear","gearPct":81,"gears":5,"nat":"United Kingdom","vmax":14,"months":12},"geometry":{"type":"Polygon","coordinates":[[[-3.42256,50.59691],[-3.40978,50.55282],[-3.47934,50.54461],[-3.49217,50.58868],[-3.42256,50.59691]]]}},{"type":"Feature","properties":{"pos":18072,"gear":"Other gear","gearPct":93,"gears":5,"nat":"United Kingdom","vmax":22,"months":12},"geometry":{"type":"Polygon","coordinates":[[[-3.40978,50.55282],[-3.39704,50.50874],[-3.46653,50.50053],[-3.47934,50.54461],[-3.40978,50.55282]]]}},{"type":"Feature","properties":{"pos":25736,"gear":"Other gear","gearPct":76,"gears":6,"nat":"United Kingdom","vmax":41,"months":12},"geometry":{"type":"Polygon","coordinates":[[[-3.39704,50.50874],[-3.38433,50.46466],[-3.45375,50.45646],[-3.46653,50.50053],[-3.39704,50.50874]]]}},{"type":"Feature","properties":{"pos":23438,"gear":"Other gear","gearPct":84,"gears":6,"nat":"United Kingdom","vmax":44,"months":12},"geometry":{"type":"Polygon","coordinates":[[[-3.38433,50.46466],[-3.37164,50.42057],[-3.44101,50.41238],[-3.45375,50.45646],[-3.38433,50.46466]]]}},{"type":"Feature","properties":{"pos":22420,"gear":"Other gear","gearPct":66,"gears":6,"nat":"United Kingdom","vmax":43,"months":12},"geometry":{"type":"Polygon","coordinates":[[[-3.37164,50.42057],[-3.35899,50.37648],[-3.42829,50.36829],[-3.44101,50.41238],[-3.37164,50.42057]]]}},{"type":"Feature","properties":{"pos":25490,"gear":"Other gear","gearPct":43,"gears":5,"nat":"United Kingdom","vmax":27,"months":12},"geometry":{"type":"Polygon","coordinates":[[[-3.35899,50.37648],[-3.34636,50.33238],[-3.4156,50.32421],[-3.42829,50.36829],[-3.35899,50.37648]]]}},{"type":"Feature","properties":{"pos":15394,"gear":"Other gear","gearPct":51,"gears":5,"nat":"United Kingdom","vmax":21,"months":12},"geometry":{"type":"Polygon","coordinates":[[[-3.34636,50.33238],[-3.33376,50.28829],[-3.40295,50.28012],[-3.4156,50.32421],[-3.34636,50.33238]]]}},{"type":"Feature","properties":{"pos":1263,"gear":"Beam trawl","gearPct":50,"gears":7,"nat":"United Kingdom","vmax":13,"months":12},"geometry":{"type":"Polygon","coordinates":[[[-3.33376,50.28829],[-3.3212,50.24419],[-3.39032,50.23603],[-3.40295,50.28012],[-3.33376,50.28829]]]}},{"type":"Feature","properties":{"pos":1200,"gear":"Scallop dredge","gearPct":30,"gears":5,"nat":"United Kingdom","vmax":10,"months":12},"geometry":{"type":"Polygon","coordinates":[[[-3.3212,50.24419],[-3.30866,50.20009],[-3.37772,50.19194],[-3.39032,50.23603],[-3.3212,50.24419]]]}},{"type":"Feature","properties":{"pos":1058,"gear":"Beam trawl","gearPct":66,"gears":4,"nat":"United Kingdom","vmax":16,"months":12},"geometry":{"type":"Polygon","coordinates":[[[-3.30866,50.20009],[-3.29615,50.15598],[-3.36515,50.14784],[-3.37772,50.19194],[-3.30866,50.20009]]]}},{"type":"Feature","properties":{"pos":990,"gear":"Beam trawl","gearPct":73,"gears":5,"nat":"United Kingdom","vmax":20,"months":12},"geometry":{"type":"Polygon","coordinates":[[[-3.29615,50.15598],[-3.28367,50.11188],[-3.35261,50.10375],[-3.36515,50.14784],[-3.29615,50.15598]]]}},{"type":"Feature","properties":{"pos":1181,"gear":"Beam trawl","gearPct":54,"gears":7,"nat":"United Kingdom","vmax":25,"months":12},"geometry":{"type":"Polygon","coordinates":[[[-3.28367,50.11188],[-3.27122,50.06777],[-3.3401,50.05965],[-3.35261,50.10375],[-3.28367,50.11188]]]}},{"type":"Feature","properties":{"pos":1656,"gear":"Beam trawl","gearPct":46,"gears":6,"nat":"United Kingdom","vmax":29,"months":12},"geometry":{"type":"Polygon","coordinates":[[[-3.27122,50.06777],[-3.2588,50.02366],[-3.32761,50.01555],[-3.3401,50.05965],[-3.27122,50.06777]]]}},{"type":"Feature","properties":{"pos":1460,"gear":"Other gear","gearPct":55,"gears":6,"nat":"United Kingdom","vmax":31,"months":12},"geometry":{"type":"Polygon","coordinates":[[[-3.2588,50.02366],[-3.2464,49.97954],[-3.31516,49.97144],[-3.32761,50.01555],[-3.2588,50.02366]]]}},{"type":"Feature","properties":{"pos":2607,"gear":"Other gear","gearPct":36,"gears":7,"nat":"United Kingdom","vmax":32,"months":12},"geometry":{"type":"Polygon","coordinates":[[[-3.2464,49.97954],[-3.23404,49.93543],[-3.30273,49.92733],[-3.31516,49.97144],[-3.2464,49.97954]]]}},{"type":"Feature","properties":{"pos":1466,"gear":"Beam trawl","gearPct":50,"gears":6,"nat":"United Kingdom","vmax":30,"months":12},"geometry":{"type":"Polygon","coordinates":[[[-3.23404,49.93543],[-3.2217,49.89131],[-3.29033,49.88322],[-3.30273,49.92733],[-3.23404,49.93543]]]}},{"type":"Feature","properties":{"pos":1565,"gear":"Beam trawl","gearPct":62,"gears":6,"nat":"United Kingdom","vmax":18,"months":12},"geometry":{"type":"Polygon","coordinates":[[[-3.2217,49.89131],[-3.20939,49.84719],[-3.27797,49.83911],[-3.29033,49.88322],[-3.2217,49.89131]]]}},{"type":"Feature","properties":{"pos":437,"gear":"Other gear","gearPct":83,"gears":3,"nat":"United Kingdom","vmax":7,"months":12},"geometry":{"type":"Polygon","coordinates":[[[-3.36566,50.64918],[-3.35292,50.60509],[-3.42256,50.59691],[-3.43536,50.64098],[-3.36566,50.64918]]]}},{"type":"Feature","properties":{"pos":30481,"gear":"Other gear","gearPct":64,"gears":4,"nat":"United Kingdom","vmax":27,"months":12},"geometry":{"type":"Polygon","coordinates":[[[-3.35292,50.60509],[-3.34021,50.561],[-3.40978,50.55282],[-3.42256,50.59691],[-3.35292,50.60509]]]}},{"type":"Feature","properties":{"pos":35598,"gear":"Scallop dredge","gearPct":52,"gears":4,"nat":"United Kingdom","vmax":32,"months":12},"geometry":{"type":"Polygon","coordinates":[[[-3.34021,50.561],[-3.32753,50.51691],[-3.39704,50.50874],[-3.40978,50.55282],[-3.34021,50.561]]]}},{"type":"Feature","properties":{"pos":24214,"gear":"Other gear","gearPct":62,"gears":5,"nat":"United Kingdom","vmax":49,"months":12},"geometry":{"type":"Polygon","coordinates":[[[-3.32753,50.51691],[-3.31487,50.47281],[-3.38433,50.46466],[-3.39704,50.50874],[-3.32753,50.51691]]]}},{"type":"Feature","properties":{"pos":17340,"gear":"Other gear","gearPct":70,"gears":8,"nat":"United Kingdom","vmax":31,"months":12},"geometry":{"type":"Polygon","coordinates":[[[-3.31487,50.47281],[-3.30225,50.42872],[-3.37164,50.42057],[-3.38433,50.46466],[-3.31487,50.47281]]]}},{"type":"Feature","properties":{"pos":20296,"gear":"Other gear","gearPct":43,"gears":6,"nat":"United Kingdom","vmax":33,"months":12},"geometry":{"type":"Polygon","coordinates":[[[-3.30225,50.42872],[-3.28966,50.38462],[-3.35899,50.37648],[-3.37164,50.42057],[-3.30225,50.42872]]]}},{"type":"Feature","properties":{"pos":12413,"gear":"Beam trawl","gearPct":37,"gears":6,"nat":"United Kingdom","vmax":29,"months":12},"geometry":{"type":"Polygon","coordinates":[[[-3.28966,50.38462],[-3.2771,50.34051],[-3.34636,50.33238],[-3.35899,50.37648],[-3.28966,50.38462]]]}},{"type":"Feature","properties":{"pos":1805,"gear":"Beam trawl","gearPct":55,"gears":5,"nat":"United Kingdom","vmax":12,"months":12},"geometry":{"type":"Polygon","coordinates":[[[-3.2771,50.34051],[-3.26456,50.29641],[-3.33376,50.28829],[-3.34636,50.33238],[-3.2771,50.34051]]]}},{"type":"Feature","properties":{"pos":589,"gear":"Beam trawl","gearPct":34,"gears":5,"nat":"United Kingdom","vmax":12,"months":12},"geometry":{"type":"Polygon","coordinates":[[[-3.26456,50.29641],[-3.25206,50.2523],[-3.3212,50.24419],[-3.33376,50.28829],[-3.26456,50.29641]]]}},{"type":"Feature","properties":{"pos":773,"gear":"Beam trawl","gearPct":45,"gears":4,"nat":"United Kingdom","vmax":13,"months":12},"geometry":{"type":"Polygon","coordinates":[[[-3.25206,50.2523],[-3.23958,50.20819],[-3.30866,50.20009],[-3.3212,50.24419],[-3.25206,50.2523]]]}},{"type":"Feature","properties":{"pos":1625,"gear":"Beam trawl","gearPct":88,"gears":5,"nat":"United Kingdom","vmax":18,"months":12},"geometry":{"type":"Polygon","coordinates":[[[-3.23958,50.20819],[-3.22713,50.16408],[-3.29615,50.15598],[-3.30866,50.20009],[-3.23958,50.20819]]]}},{"type":"Feature","properties":{"pos":1045,"gear":"Beam trawl","gearPct":72,"gears":5,"nat":"United Kingdom","vmax":18,"months":12},"geometry":{"type":"Polygon","coordinates":[[[-3.22713,50.16408],[-3.21471,50.11997],[-3.28367,50.11188],[-3.29615,50.15598],[-3.22713,50.16408]]]}},{"type":"Feature","properties":{"pos":1414,"gear":"Beam trawl","gearPct":56,"gears":5,"nat":"United Kingdom","vmax":24,"months":12},"geometry":{"type":"Polygon","coordinates":[[[-3.21471,50.11997],[-3.20232,50.07585],[-3.27122,50.06777],[-3.28367,50.11188],[-3.21471,50.11997]]]}},{"type":"Feature","properties":{"pos":1636,"gear":"Beam trawl","gearPct":49,"gears":7,"nat":"United Kingdom","vmax":24,"months":12},"geometry":{"type":"Polygon","coordinates":[[[-3.20232,50.07585],[-3.18996,50.03173],[-3.2588,50.02366],[-3.27122,50.06777],[-3.20232,50.07585]]]}},{"type":"Feature","properties":{"pos":1744,"gear":"Other gear","gearPct":50,"gears":7,"nat":"United Kingdom","vmax":33,"months":12},"geometry":{"type":"Polygon","coordinates":[[[-3.18996,50.03173],[-3.17763,49.98761],[-3.2464,49.97954],[-3.2588,50.02366],[-3.18996,50.03173]]]}},{"type":"Feature","properties":{"pos":2714,"gear":"Other gear","gearPct":35,"gears":7,"nat":"United Kingdom","vmax":32,"months":12},"geometry":{"type":"Polygon","coordinates":[[[-3.17763,49.98761],[-3.16532,49.94348],[-3.23404,49.93543],[-3.2464,49.97954],[-3.17763,49.98761]]]}},{"type":"Feature","properties":{"pos":1141,"gear":"Beam trawl","gearPct":50,"gears":5,"nat":"United Kingdom","vmax":25,"months":12},"geometry":{"type":"Polygon","coordinates":[[[-3.16532,49.94348],[-3.15305,49.89936],[-3.2217,49.89131],[-3.23404,49.93543],[-3.16532,49.94348]]]}},{"type":"Feature","properties":{"pos":990,"gear":"Beam trawl","gearPct":54,"gears":6,"nat":"United Kingdom","vmax":19,"months":12},"geometry":{"type":"Polygon","coordinates":[[[-3.15305,49.89936],[-3.1408,49.85523],[-3.20939,49.84719],[-3.2217,49.89131],[-3.15305,49.89936]]]}},{"type":"Feature","properties":{"pos":8513,"gear":"Other gear","gearPct":66,"gears":4,"nat":"United Kingdom","vmax":11,"months":12},"geometry":{"type":"Polygon","coordinates":[[[-3.29594,50.65733],[-3.28326,50.61323],[-3.35292,50.60509],[-3.36566,50.64918],[-3.29594,50.65733]]]}},{"type":"Feature","properties":{"pos":63899,"gear":"Other gear","gearPct":61,"gears":4,"nat":"United Kingdom","vmax":33,"months":12},"geometry":{"type":"Polygon","coordinates":[[[-3.28326,50.61323],[-3.27061,50.56913],[-3.34021,50.561],[-3.35292,50.60509],[-3.28326,50.61323]]]}},{"type":"Feature","properties":{"pos":48623,"gear":"Scallop dredge","gearPct":52,"gears":4,"nat":"United Kingdom","vmax":37,"months":12},"geometry":{"type":"Polygon","coordinates":[[[-3.27061,50.56913],[-3.25799,50.52503],[-3.32753,50.51691],[-3.34021,50.561],[-3.27061,50.56913]]]}},{"type":"Feature","properties":{"pos":22052,"gear":"Other gear","gearPct":44,"gears":6,"nat":"United Kingdom","vmax":26,"months":12},"geometry":{"type":"Polygon","coordinates":[[[-3.25799,50.52503],[-3.2454,50.48093],[-3.31487,50.47281],[-3.32753,50.51691],[-3.25799,50.52503]]]}},{"type":"Feature","properties":{"pos":15084,"gear":"Demersal trawl","gearPct":52,"gears":6,"nat":"United Kingdom","vmax":17,"months":12},"geometry":{"type":"Polygon","coordinates":[[[-3.2454,50.48093],[-3.23284,50.43682],[-3.30225,50.42872],[-3.31487,50.47281],[-3.2454,50.48093]]]}},{"type":"Feature","properties":{"pos":18343,"gear":"Demersal trawl","gearPct":45,"gears":6,"nat":"United Kingdom","vmax":17,"months":12},"geometry":{"type":"Polygon","coordinates":[[[-3.23284,50.43682],[-3.22031,50.39272],[-3.28966,50.38462],[-3.30225,50.42872],[-3.23284,50.43682]]]}},{"type":"Feature","properties":{"pos":3548,"gear":"Beam trawl","gearPct":45,"gears":6,"nat":"United Kingdom","vmax":15,"months":12},"geometry":{"type":"Polygon","coordinates":[[[-3.22031,50.39272],[-3.20781,50.3486],[-3.2771,50.34051],[-3.28966,50.38462],[-3.22031,50.39272]]]}},{"type":"Feature","properties":{"pos":753,"gear":"Beam trawl","gearPct":52,"gears":5,"nat":"United Kingdom","vmax":11,"months":12},"geometry":{"type":"Polygon","coordinates":[[[-3.20781,50.3486],[-3.19534,50.30449],[-3.26456,50.29641],[-3.2771,50.34051],[-3.20781,50.3486]]]}},{"type":"Feature","properties":{"pos":684,"gear":"Other gear","gearPct":44,"gears":5,"nat":"United Kingdom","vmax":18,"months":12},"geometry":{"type":"Polygon","coordinates":[[[-3.19534,50.30449],[-3.18289,50.26038],[-3.25206,50.2523],[-3.26456,50.29641],[-3.19534,50.30449]]]}},{"type":"Feature","properties":{"pos":811,"gear":"Beam trawl","gearPct":73,"gears":6,"nat":"United Kingdom","vmax":15,"months":12},"geometry":{"type":"Polygon","coordinates":[[[-3.18289,50.26038],[-3.17048,50.21626],[-3.23958,50.20819],[-3.25206,50.2523],[-3.18289,50.26038]]]}},{"type":"Feature","properties":{"pos":1476,"gear":"Beam trawl","gearPct":84,"gears":7,"nat":"United Kingdom","vmax":18,"months":12},"geometry":{"type":"Polygon","coordinates":[[[-3.17048,50.21626],[-3.15809,50.17214],[-3.22713,50.16408],[-3.23958,50.20819],[-3.17048,50.21626]]]}},{"type":"Feature","properties":{"pos":1223,"gear":"Beam trawl","gearPct":67,"gears":5,"nat":"United Kingdom","vmax":23,"months":12},"geometry":{"type":"Polygon","coordinates":[[[-3.15809,50.17214],[-3.14573,50.12801],[-3.21471,50.11997],[-3.22713,50.16408],[-3.15809,50.17214]]]}},{"type":"Feature","properties":{"pos":1443,"gear":"Beam trawl","gearPct":50,"gears":5,"nat":"United Kingdom","vmax":27,"months":12},"geometry":{"type":"Polygon","coordinates":[[[-3.14573,50.12801],[-3.1334,50.08389],[-3.20232,50.07585],[-3.21471,50.11997],[-3.14573,50.12801]]]}},{"type":"Feature","properties":{"pos":1360,"gear":"Beam trawl","gearPct":42,"gears":7,"nat":"United Kingdom","vmax":30,"months":12},"geometry":{"type":"Polygon","coordinates":[[[-3.1334,50.08389],[-3.1211,50.03976],[-3.18996,50.03173],[-3.20232,50.07585],[-3.1334,50.08389]]]}},{"type":"Feature","properties":{"pos":1678,"gear":"Other gear","gearPct":46,"gears":7,"nat":"United Kingdom","vmax":32,"months":12},"geometry":{"type":"Polygon","coordinates":[[[-3.1211,50.03976],[-3.10883,49.99563],[-3.17763,49.98761],[-3.18996,50.03173],[-3.1211,50.03976]]]}},{"type":"Feature","properties":{"pos":2718,"gear":"Other gear","gearPct":37,"gears":7,"nat":"United Kingdom","vmax":34,"months":12},"geometry":{"type":"Polygon","coordinates":[[[-3.10883,49.99563],[-3.09659,49.9515],[-3.16532,49.94348],[-3.17763,49.98761],[-3.10883,49.99563]]]}},{"type":"Feature","properties":{"pos":1467,"gear":"Beam trawl","gearPct":49,"gears":7,"nat":"United Kingdom","vmax":24,"months":12},"geometry":{"type":"Polygon","coordinates":[[[-3.09659,49.9515],[-3.08437,49.90736],[-3.15305,49.89936],[-3.16532,49.94348],[-3.09659,49.9515]]]}},{"type":"Feature","properties":{"pos":887,"gear":"Beam trawl","gearPct":55,"gears":7,"nat":"United Kingdom","vmax":19,"months":12},"geometry":{"type":"Polygon","coordinates":[[[-3.08437,49.90736],[-3.07218,49.86322],[-3.1408,49.85523],[-3.15305,49.89936],[-3.08437,49.90736]]]}},{"type":"Feature","properties":{"pos":768,"gear":"Other gear","gearPct":59,"gears":4,"nat":"United Kingdom","vmax":4,"months":11},"geometry":{"type":"Polygon","coordinates":[[[-3.23884,50.70954],[-3.22619,50.66544],[-3.29594,50.65733],[-3.30864,50.70142],[-3.23884,50.70954]]]}},{"type":"Feature","properties":{"pos":17544,"gear":"Other gear","gearPct":62,"gears":4,"nat":"United Kingdom","vmax":19,"months":12},"geometry":{"type":"Polygon","coordinates":[[[-3.22619,50.66544],[-3.21358,50.62133],[-3.28326,50.61323],[-3.29594,50.65733],[-3.22619,50.66544]]]}},{"type":"Feature","properties":{"pos":35914,"gear":"Other gear","gearPct":61,"gears":3,"nat":"United Kingdom","vmax":31,"months":12},"geometry":{"type":"Polygon","coordinates":[[[-3.21358,50.62133],[-3.20099,50.57723],[-3.27061,50.56913],[-3.28326,50.61323],[-3.21358,50.62133]]]}},{"type":"Feature","properties":{"pos":27847,"gear":"Other gear","gearPct":71,"gears":5,"nat":"United Kingdom","vmax":33,"months":12},"geometry":{"type":"Polygon","coordinates":[[[-3.20099,50.57723],[-3.18843,50.53312],[-3.25799,50.52503],[-3.27061,50.56913],[-3.20099,50.57723]]]}},{"type":"Feature","properties":{"pos":14698,"gear":"Other gear","gearPct":59,"gears":5,"nat":"United Kingdom","vmax":21,"months":12},"geometry":{"type":"Polygon","coordinates":[[[-3.18843,50.53312],[-3.17591,50.489],[-3.2454,50.48093],[-3.25799,50.52503],[-3.18843,50.53312]]]}},{"type":"Feature","properties":{"pos":18656,"gear":"Demersal trawl","gearPct":55,"gears":5,"nat":"United Kingdom","vmax":18,"months":12},"geometry":{"type":"Polygon","coordinates":[[[-3.17591,50.489],[-3.16341,50.44489],[-3.23284,50.43682],[-3.2454,50.48093],[-3.17591,50.489]]]}},{"type":"Feature","properties":{"pos":9343,"gear":"Beam trawl","gearPct":41,"gears":6,"nat":"United Kingdom","vmax":14,"months":12},"geometry":{"type":"Polygon","coordinates":[[[-3.16341,50.44489],[-3.15094,50.40077],[-3.22031,50.39272],[-3.23284,50.43682],[-3.16341,50.44489]]]}},{"type":"Feature","properties":{"pos":1131,"gear":"Beam trawl","gearPct":68,"gears":6,"nat":"United Kingdom","vmax":17,"months":12},"geometry":{"type":"Polygon","coordinates":[[[-3.15094,50.40077],[-3.1385,50.35665],[-3.20781,50.3486],[-3.22031,50.39272],[-3.15094,50.40077]]]}},{"type":"Feature","properties":{"pos":1133,"gear":"Other gear","gearPct":41,"gears":6,"nat":"United Kingdom","vmax":17,"months":12},"geometry":{"type":"Polygon","coordinates":[[[-3.1385,50.35665],[-3.12609,50.31253],[-3.19534,50.30449],[-3.20781,50.3486],[-3.1385,50.35665]]]}},{"type":"Feature","properties":{"pos":1182,"gear":"Other gear","gearPct":42,"gears":5,"nat":"United Kingdom","vmax":17,"months":12},"geometry":{"type":"Polygon","coordinates":[[[-3.12609,50.31253],[-3.11371,50.26841],[-3.18289,50.26038],[-3.19534,50.30449],[-3.12609,50.31253]]]}},{"type":"Feature","properties":{"pos":751,"gear":"Beam trawl","gearPct":70,"gears":5,"nat":"United Kingdom","vmax":15,"months":12},"geometry":{"type":"Polygon","coordinates":[[[-3.11371,50.26841],[-3.10135,50.22428],[-3.17048,50.21626],[-3.18289,50.26038],[-3.11371,50.26841]]]}},{"type":"Feature","properties":{"pos":915,"gear":"Beam trawl","gearPct":68,"gears":5,"nat":"United Kingdom","vmax":21,"months":12},"geometry":{"type":"Polygon","coordinates":[[[-3.10135,50.22428],[-3.08903,50.18015],[-3.15809,50.17214],[-3.17048,50.21626],[-3.10135,50.22428]]]}},{"type":"Feature","properties":{"pos":1337,"gear":"Beam trawl","gearPct":54,"gears":5,"nat":"United Kingdom","vmax":22,"months":12},"geometry":{"type":"Polygon","coordinates":[[[-3.08903,50.18015],[-3.07673,50.13602],[-3.14573,50.12801],[-3.15809,50.17214],[-3.08903,50.18015]]]}},{"type":"Feature","properties":{"pos":1788,"gear":"Beam trawl","gearPct":62,"gears":6,"nat":"United Kingdom","vmax":29,"months":12},"geometry":{"type":"Polygon","coordinates":[[[-3.07673,50.13602],[-3.06446,50.09188],[-3.1334,50.08389],[-3.14573,50.12801],[-3.07673,50.13602]]]}},{"type":"Feature","properties":{"pos":1616,"gear":"Other gear","gearPct":40,"gears":6,"nat":"United Kingdom","vmax":32,"months":12},"geometry":{"type":"Polygon","coordinates":[[[-3.06446,50.09188],[-3.05223,50.04775],[-3.1211,50.03976],[-3.1334,50.08389],[-3.06446,50.09188]]]}},{"type":"Feature","properties":{"pos":1685,"gear":"Other gear","gearPct":46,"gears":7,"nat":"United Kingdom","vmax":32,"months":12},"geometry":{"type":"Polygon","coordinates":[[[-3.05223,50.04775],[-3.04001,50.00361],[-3.10883,49.99563],[-3.1211,50.03976],[-3.05223,50.04775]]]}},{"type":"Feature","properties":{"pos":2503,"gear":"Other gear","gearPct":40,"gears":6,"nat":"United Kingdom","vmax":31,"months":12},"geometry":{"type":"Polygon","coordinates":[[[-3.04001,50.00361],[-3.02783,49.95947],[-3.09659,49.9515],[-3.10883,49.99563],[-3.04001,50.00361]]]}},{"type":"Feature","properties":{"pos":1137,"gear":"Other gear","gearPct":36,"gears":7,"nat":"United Kingdom","vmax":23,"months":12},"geometry":{"type":"Polygon","coordinates":[[[-3.02783,49.95947],[-3.01568,49.91532],[-3.08437,49.90736],[-3.09659,49.9515],[-3.02783,49.95947]]]}},{"type":"Feature","properties":{"pos":562,"gear":"Beam trawl","gearPct":45,"gears":7,"nat":"United Kingdom","vmax":15,"months":12},"geometry":{"type":"Polygon","coordinates":[[[-3.01568,49.91532],[-3.00355,49.87118],[-3.07218,49.86322],[-3.08437,49.90736],[-3.01568,49.91532]]]}},{"type":"Feature","properties":{"pos":655,"gear":"Beam trawl","gearPct":45,"gears":5,"nat":"United Kingdom","vmax":14,"months":12},"geometry":{"type":"Polygon","coordinates":[[[-3.00355,49.87118],[-2.99145,49.82703],[-3.06003,49.81908],[-3.07218,49.86322],[-3.00355,49.87118]]]}},{"type":"Feature","properties":{"pos":1075,"gear":"Demersal trawl","gearPct":51,"gears":4,"nat":"United Kingdom","vmax":4,"months":11},"geometry":{"type":"Polygon","coordinates":[[[-3.16901,50.71762],[-3.15642,50.67351],[-3.22619,50.66544],[-3.23884,50.70954],[-3.16901,50.71762]]]}},{"type":"Feature","properties":{"pos":7399,"gear":"Other gear","gearPct":50,"gears":4,"nat":"United Kingdom","vmax":7,"months":12},"geometry":{"type":"Polygon","coordinates":[[[-3.15642,50.67351],[-3.14387,50.62939],[-3.21358,50.62133],[-3.22619,50.66544],[-3.15642,50.67351]]]}},{"type":"Feature","properties":{"pos":24902,"gear":"Other gear","gearPct":79,"gears":6,"nat":"United Kingdom","vmax":24,"months":12},"geometry":{"type":"Polygon","coordinates":[[[-3.14387,50.62939],[-3.13135,50.58528],[-3.20099,50.57723],[-3.21358,50.62133],[-3.14387,50.62939]]]}},{"type":"Feature","properties":{"pos":13079,"gear":"Other gear","gearPct":70,"gears":5,"nat":"United Kingdom","vmax":25,"months":12},"geometry":{"type":"Polygon","coordinates":[[[-3.13135,50.58528],[-3.11885,50.54116],[-3.18843,50.53312],[-3.20099,50.57723],[-3.13135,50.58528]]]}},{"type":"Feature","properties":{"pos":17069,"gear":"Other gear","gearPct":68,"gears":6,"nat":"United Kingdom","vmax":22,"months":12},"geometry":{"type":"Polygon","coordinates":[[[-3.11885,50.54116],[-3.10639,50.49704],[-3.17591,50.489],[-3.18843,50.53312],[-3.11885,50.54116]]]}},{"type":"Feature","properties":{"pos":13134,"gear":"Demersal trawl","gearPct":54,"gears":5,"nat":"United Kingdom","vmax":22,"months":12},"geometry":{"type":"Polygon","coordinates":[[[-3.10639,50.49704],[-3.09395,50.45291],[-3.16341,50.44489],[-3.17591,50.489],[-3.10639,50.49704]]]}},{"type":"Feature","properties":{"pos":1027,"gear":"Beam trawl","gearPct":73,"gears":5,"nat":"United Kingdom","vmax":13,"months":12},"geometry":{"type":"Polygon","coordinates":[[[-3.09395,50.45291],[-3.08155,50.40879],[-3.15094,50.40077],[-3.16341,50.44489],[-3.09395,50.45291]]]}},{"type":"Feature","properties":{"pos":1229,"gear":"Beam trawl","gearPct":40,"gears":6,"nat":"United Kingdom","vmax":20,"months":12},"geometry":{"type":"Polygon","coordinates":[[[-3.08155,50.40879],[-3.06917,50.36466],[-3.1385,50.35665],[-3.15094,50.40077],[-3.08155,50.40879]]]}},{"type":"Feature","properties":{"pos":1327,"gear":"Other gear","gearPct":45,"gears":6,"nat":"United Kingdom","vmax":23,"months":12},"geometry":{"type":"Polygon","coordinates":[[[-3.06917,50.36466],[-3.05682,50.32053],[-3.12609,50.31253],[-3.1385,50.35665],[-3.06917,50.36466]]]}},{"type":"Feature","properties":{"pos":1207,"gear":"Other gear","gearPct":40,"gears":6,"nat":"United Kingdom","vmax":14,"months":12},"geometry":{"type":"Polygon","coordinates":[[[-3.05682,50.32053],[-3.0445,50.2764],[-3.11371,50.26841],[-3.12609,50.31253],[-3.05682,50.32053]]]}},{"type":"Feature","properties":{"pos":849,"gear":"Beam trawl","gearPct":51,"gears":5,"nat":"United Kingdom","vmax":17,"months":12},"geometry":{"type":"Polygon","coordinates":[[[-3.0445,50.2764],[-3.03221,50.23226],[-3.10135,50.22428],[-3.11371,50.26841],[-3.0445,50.2764]]]}},{"type":"Feature","properties":{"pos":881,"gear":"Beam trawl","gearPct":41,"gears":5,"nat":"United Kingdom","vmax":16,"months":12},"geometry":{"type":"Polygon","coordinates":[[[-3.03221,50.23226],[-3.01995,50.18812],[-3.08903,50.18015],[-3.10135,50.22428],[-3.03221,50.23226]]]}},{"type":"Feature","properties":{"pos":1284,"gear":"Beam trawl","gearPct":47,"gears":6,"nat":"United Kingdom","vmax":22,"months":12},"geometry":{"type":"Polygon","coordinates":[[[-3.01995,50.18812],[-3.00771,50.14398],[-3.07673,50.13602],[-3.08903,50.18015],[-3.01995,50.18812]]]}},{"type":"Feature","properties":{"pos":1555,"gear":"Beam trawl","gearPct":50,"gears":7,"nat":"United Kingdom","vmax":27,"months":12},"geometry":{"type":"Polygon","coordinates":[[[-3.00771,50.14398],[-2.9955,50.09984],[-3.06446,50.09188],[-3.07673,50.13602],[-3.00771,50.14398]]]}},{"type":"Feature","properties":{"pos":1907,"gear":"Other gear","gearPct":44,"gears":6,"nat":"United Kingdom","vmax":37,"months":12},"geometry":{"type":"Polygon","coordinates":[[[-2.9955,50.09984],[-2.98333,50.05569],[-3.05223,50.04775],[-3.06446,50.09188],[-2.9955,50.09984]]]}},{"type":"Feature","properties":{"pos":1839,"gear":"Other gear","gearPct":52,"gears":7,"nat":"United Kingdom","vmax":32,"months":12},"geometry":{"type":"Polygon","coordinates":[[[-2.98333,50.05569],[-2.97118,50.01155],[-3.04001,50.00361],[-3.05223,50.04775],[-2.98333,50.05569]]]}},{"type":"Feature","properties":{"pos":2539,"gear":"Other gear","gearPct":48,"gears":7,"nat":"United Kingdom","vmax":33,"months":12},"geometry":{"type":"Polygon","coordinates":[[[-2.97118,50.01155],[-2.95905,49.9674],[-3.02783,49.95947],[-3.04001,50.00361],[-2.97118,50.01155]]]}},{"type":"Feature","properties":{"pos":1145,"gear":"Demersal trawl","gearPct":42,"gears":7,"nat":"United Kingdom","vmax":20,"months":12},"geometry":{"type":"Polygon","coordinates":[[[-2.95905,49.9674],[-2.94696,49.92325],[-3.01568,49.91532],[-3.02783,49.95947],[-2.95905,49.9674]]]}},{"type":"Feature","properties":{"pos":637,"gear":"Other gear","gearPct":42,"gears":8,"nat":"United Kingdom","vmax":17,"months":12},"geometry":{"type":"Polygon","coordinates":[[[-2.94696,49.92325],[-2.93489,49.87909],[-3.00355,49.87118],[-3.01568,49.91532],[-2.94696,49.92325]]]}},{"type":"Feature","properties":{"pos":1336,"gear":"Demersal trawl","gearPct":50,"gears":7,"nat":"France","vmax":20,"months":12},"geometry":{"type":"Polygon","coordinates":[[[-2.93489,49.87909],[-2.92285,49.83493],[-2.99145,49.82703],[-3.00355,49.87118],[-2.93489,49.87909]]]}},{"type":"Feature","properties":{"pos":290,"gear":"Other gear","gearPct":64,"gears":3,"nat":"United Kingdom","vmax":3,"months":10},"geometry":{"type":"Polygon","coordinates":[[[-3.09915,50.72565],[-3.08663,50.68153],[-3.15642,50.67351],[-3.16901,50.71762],[-3.09915,50.72565]]]}},{"type":"Feature","properties":{"pos":8288,"gear":"Scallop dredge","gearPct":43,"gears":4,"nat":"United Kingdom","vmax":7,"months":12},"geometry":{"type":"Polygon","coordinates":[[[-3.08663,50.68153],[-3.07415,50.63741],[-3.14387,50.62939],[-3.15642,50.67351],[-3.08663,50.68153]]]}},{"type":"Feature","properties":{"pos":25327,"gear":"Other gear","gearPct":73,"gears":6,"nat":"United Kingdom","vmax":21,"months":12},"geometry":{"type":"Polygon","coordinates":[[[-3.07415,50.63741],[-3.06169,50.59328],[-3.13135,50.58528],[-3.14387,50.62939],[-3.07415,50.63741]]]}},{"type":"Feature","properties":{"pos":11451,"gear":"Other gear","gearPct":68,"gears":5,"nat":"United Kingdom","vmax":21,"months":12},"geometry":{"type":"Polygon","coordinates":[[[-3.06169,50.59328],[-3.04925,50.54916],[-3.11885,50.54116],[-3.13135,50.58528],[-3.06169,50.59328]]]}},{"type":"Feature","properties":{"pos":11814,"gear":"Other gear","gearPct":84,"gears":5,"nat":"United Kingdom","vmax":20,"months":12},"geometry":{"type":"Polygon","coordinates":[[[-3.04925,50.54916],[-3.03685,50.50503],[-3.10639,50.49704],[-3.11885,50.54116],[-3.04925,50.54916]]]}},{"type":"Feature","properties":{"pos":1268,"gear":"Demersal trawl","gearPct":38,"gears":6,"nat":"United Kingdom","vmax":16,"months":12},"geometry":{"type":"Polygon","coordinates":[[[-3.03685,50.50503],[-3.02448,50.4609],[-3.09395,50.45291],[-3.10639,50.49704],[-3.03685,50.50503]]]}},{"type":"Feature","properties":{"pos":692,"gear":"Beam trawl","gearPct":56,"gears":6,"nat":"United Kingdom","vmax":14,"months":12},"geometry":{"type":"Polygon","coordinates":[[[-3.02448,50.4609],[-3.01213,50.41676],[-3.08155,50.40879],[-3.09395,50.45291],[-3.02448,50.4609]]]}},{"type":"Feature","properties":{"pos":1301,"gear":"Other gear","gearPct":47,"gears":7,"nat":"United Kingdom","vmax":26,"months":12},"geometry":{"type":"Polygon","coordinates":[[[-3.01213,50.41676],[-2.99982,50.37262],[-3.06917,50.36466],[-3.08155,50.40879],[-3.01213,50.41676]]]}},{"type":"Feature","properties":{"pos":2014,"gear":"Other gear","gearPct":52,"gears":6,"nat":"United Kingdom","vmax":31,"months":12},"geometry":{"type":"Polygon","coordinates":[[[-2.99982,50.37262],[-2.98753,50.32849],[-3.05682,50.32053],[-3.06917,50.36466],[-2.99982,50.37262]]]}},{"type":"Feature","properties":{"pos":919,"gear":"Other gear","gearPct":52,"gears":6,"nat":"United Kingdom","vmax":18,"months":12},"geometry":{"type":"Polygon","coordinates":[[[-2.98753,50.32849],[-2.97527,50.28434],[-3.0445,50.2764],[-3.05682,50.32053],[-2.98753,50.32849]]]}},{"type":"Feature","properties":{"pos":1017,"gear":"Other gear","gearPct":51,"gears":7,"nat":"United Kingdom","vmax":20,"months":12},"geometry":{"type":"Polygon","coordinates":[[[-2.97527,50.28434],[-2.96304,50.2402],[-3.03221,50.23226],[-3.0445,50.2764],[-2.97527,50.28434]]]}},{"type":"Feature","properties":{"pos":1098,"gear":"Other gear","gearPct":54,"gears":6,"nat":"United Kingdom","vmax":23,"months":12},"geometry":{"type":"Polygon","coordinates":[[[-2.96304,50.2402],[-2.95084,50.19605],[-3.01995,50.18812],[-3.03221,50.23226],[-2.96304,50.2402]]]}},{"type":"Feature","properties":{"pos":1440,"gear":"Other gear","gearPct":54,"gears":6,"nat":"United Kingdom","vmax":25,"months":12},"geometry":{"type":"Polygon","coordinates":[[[-2.95084,50.19605],[-2.93867,50.15191],[-3.00771,50.14398],[-3.01995,50.18812],[-2.95084,50.19605]]]}},{"type":"Feature","properties":{"pos":1436,"gear":"Other gear","gearPct":48,"gears":6,"nat":"United Kingdom","vmax":35,"months":12},"geometry":{"type":"Polygon","coordinates":[[[-2.93867,50.15191],[-2.92652,50.10775],[-2.9955,50.09984],[-3.00771,50.14398],[-2.93867,50.15191]]]}},{"type":"Feature","properties":{"pos":1966,"gear":"Other gear","gearPct":41,"gears":7,"nat":"United Kingdom","vmax":36,"months":12},"geometry":{"type":"Polygon","coordinates":[[[-2.92652,50.10775],[-2.91441,50.0636],[-2.98333,50.05569],[-2.9955,50.09984],[-2.92652,50.10775]]]}},{"type":"Feature","properties":{"pos":2098,"gear":"Other gear","gearPct":47,"gears":7,"nat":"United Kingdom","vmax":34,"months":12},"geometry":{"type":"Polygon","coordinates":[[[-2.91441,50.0636],[-2.90232,50.01944],[-2.97118,50.01155],[-2.98333,50.05569],[-2.91441,50.0636]]]}},{"type":"Feature","properties":{"pos":3060,"gear":"Other gear","gearPct":49,"gears":8,"nat":"United Kingdom","vmax":31,"months":12},"geometry":{"type":"Polygon","coordinates":[[[-2.90232,50.01944],[-2.89026,49.97529],[-2.95905,49.9674],[-2.97118,50.01155],[-2.90232,50.01944]]]}},{"type":"Feature","properties":{"pos":1781,"gear":"Other gear","gearPct":38,"gears":7,"nat":"United Kingdom","vmax":24,"months":12},"geometry":{"type":"Polygon","coordinates":[[[-2.89026,49.97529],[-2.87822,49.93113],[-2.94696,49.92325],[-2.95905,49.9674],[-2.89026,49.97529]]]}},{"type":"Feature","properties":{"pos":1335,"gear":"Demersal trawl","gearPct":49,"gears":6,"nat":"France","vmax":19,"months":12},"geometry":{"type":"Polygon","coordinates":[[[-2.87822,49.93113],[-2.86622,49.88696],[-2.93489,49.87909],[-2.94696,49.92325],[-2.87822,49.93113]]]}},{"type":"Feature","properties":{"pos":3007,"gear":"Demersal trawl","gearPct":46,"gears":8,"nat":"France","vmax":20,"months":12},"geometry":{"type":"Polygon","coordinates":[[[-2.86622,49.88696],[-2.85424,49.8428],[-2.92285,49.83493],[-2.93489,49.87909],[-2.86622,49.88696]]]}},{"type":"Feature","properties":{"pos":2613,"gear":"Other gear","gearPct":100,"gears":2,"nat":"United Kingdom","vmax":3,"months":12},"geometry":{"type":"Polygon","coordinates":[[[-3.02928,50.73364],[-3.01682,50.68951],[-3.08663,50.68153],[-3.09915,50.72565],[-3.02928,50.73364]]]}},{"type":"Feature","properties":{"pos":6764,"gear":"Other gear","gearPct":100,"gears":3,"nat":"United Kingdom","vmax":4,"months":12},"geometry":{"type":"Polygon","coordinates":[[[-3.01682,50.68951],[-3.0044,50.64538],[-3.07415,50.63741],[-3.08663,50.68153],[-3.01682,50.68951]]]}},{"type":"Feature","properties":{"pos":10606,"gear":"Other gear","gearPct":75,"gears":5,"nat":"United Kingdom","vmax":19,"months":12},"geometry":{"type":"Polygon","coordinates":[[[-3.0044,50.64538],[-2.992,50.60125],[-3.06169,50.59328],[-3.07415,50.63741],[-3.0044,50.64538]]]}},{"type":"Feature","properties":{"pos":11924,"gear":"Other gear","gearPct":76,"gears":5,"nat":"United Kingdom","vmax":26,"months":12},"geometry":{"type":"Polygon","coordinates":[[[-2.992,50.60125],[-2.97963,50.55711],[-3.04925,50.54916],[-3.06169,50.59328],[-2.992,50.60125]]]}},{"type":"Feature","properties":{"pos":1814,"gear":"Other gear","gearPct":86,"gears":6,"nat":"United Kingdom","vmax":17,"months":12},"geometry":{"type":"Polygon","coordinates":[[[-2.97963,50.55711],[-2.96729,50.51298],[-3.03685,50.50503],[-3.04925,50.54916],[-2.97963,50.55711]]]}},{"type":"Feature","properties":{"pos":561,"gear":"Other gear","gearPct":54,"gears":6,"nat":"United Kingdom","vmax":15,"months":12},"geometry":{"type":"Polygon","coordinates":[[[-2.96729,50.51298],[-2.95498,50.46884],[-3.02448,50.4609],[-3.03685,50.50503],[-2.96729,50.51298]]]}},{"type":"Feature","properties":{"pos":858,"gear":"Other gear","gearPct":53,"gears":7,"nat":"United Kingdom","vmax":16,"months":12},"geometry":{"type":"Polygon","coordinates":[[[-2.95498,50.46884],[-2.9427,50.42469],[-3.01213,50.41676],[-3.02448,50.4609],[-2.95498,50.46884]]]}},{"type":"Feature","properties":{"pos":1600,"gear":"Other gear","gearPct":71,"gears":7,"nat":"United Kingdom","vmax":27,"months":12},"geometry":{"type":"Polygon","coordinates":[[[-2.9427,50.42469],[-2.93045,50.38055],[-2.99982,50.37262],[-3.01213,50.41676],[-2.9427,50.42469]]]}},{"type":"Feature","properties":{"pos":2012,"gear":"Other gear","gearPct":69,"gears":7,"nat":"United Kingdom","vmax":34,"months":12},"geometry":{"type":"Polygon","coordinates":[[[-2.93045,50.38055],[-2.91822,50.3364],[-2.98753,50.32849],[-2.99982,50.37262],[-2.93045,50.38055]]]}},{"type":"Feature","properties":{"pos":991,"gear":"Other gear","gearPct":54,"gears":7,"nat":"United Kingdom","vmax":24,"months":12},"geometry":{"type":"Polygon","coordinates":[[[-2.91822,50.3364],[-2.90602,50.29225],[-2.97527,50.28434],[-2.98753,50.32849],[-2.91822,50.3364]]]}},{"type":"Feature","properties":{"pos":1291,"gear":"Other gear","gearPct":45,"gears":5,"nat":"United Kingdom","vmax":23,"months":12},"geometry":{"type":"Polygon","coordinates":[[[-2.90602,50.29225],[-2.89386,50.2481],[-2.96304,50.2402],[-2.97527,50.28434],[-2.90602,50.29225]]]}},{"type":"Feature","properties":{"pos":1365,"gear":"Beam trawl","gearPct":42,"gears":5,"nat":"United Kingdom","vmax":21,"months":12},"geometry":{"type":"Polygon","coordinates":[[[-2.89386,50.2481],[-2.88172,50.20394],[-2.95084,50.19605],[-2.96304,50.2402],[-2.89386,50.2481]]]}},{"type":"Feature","properties":{"pos":1537,"gear":"Beam trawl","gearPct":41,"gears":6,"nat":"United Kingdom","vmax":31,"months":12},"geometry":{"type":"Polygon","coordinates":[[[-2.88172,50.20394],[-2.8696,50.15979],[-2.93867,50.15191],[-2.95084,50.19605],[-2.88172,50.20394]]]}},{"type":"Feature","properties":{"pos":1301,"gear":"Beam trawl","gearPct":40,"gears":6,"nat":"United Kingdom","vmax":33,"months":12},"geometry":{"type":"Polygon","coordinates":[[[-2.8696,50.15979],[-2.85752,50.11563],[-2.92652,50.10775],[-2.93867,50.15191],[-2.8696,50.15979]]]}},{"type":"Feature","properties":{"pos":1649,"gear":"Demersal trawl","gearPct":39,"gears":6,"nat":"United Kingdom","vmax":32,"months":12},"geometry":{"type":"Polygon","coordinates":[[[-2.85752,50.11563],[-2.84546,50.07146],[-2.91441,50.0636],[-2.92652,50.10775],[-2.85752,50.11563]]]}},{"type":"Feature","properties":{"pos":2019,"gear":"Demersal trawl","gearPct":45,"gears":7,"nat":"United Kingdom","vmax":26,"months":12},"geometry":{"type":"Polygon","coordinates":[[[-2.84546,50.07146],[-2.83344,50.0273],[-2.90232,50.01944],[-2.91441,50.0636],[-2.84546,50.07146]]]}},{"type":"Feature","properties":{"pos":2132,"gear":"Demersal trawl","gearPct":45,"gears":7,"nat":"United Kingdom","vmax":25,"months":12},"geometry":{"type":"Polygon","coordinates":[[[-2.83344,50.0273],[-2.82144,49.98313],[-2.89026,49.97529],[-2.90232,50.01944],[-2.83344,50.0273]]]}},{"type":"Feature","properties":{"pos":1961,"gear":"Demersal trawl","gearPct":42,"gears":6,"nat":"France","vmax":21,"months":12},"geometry":{"type":"Polygon","coordinates":[[[-2.82144,49.98313],[-2.80946,49.93896],[-2.87822,49.93113],[-2.89026,49.97529],[-2.82144,49.98313]]]}},{"type":"Feature","properties":{"pos":930,"gear":"Demersal trawl","gearPct":51,"gears":7,"nat":"France","vmax":18,"months":12},"geometry":{"type":"Polygon","coordinates":[[[-2.80946,49.93896],[-2.79752,49.89479],[-2.86622,49.88696],[-2.87822,49.93113],[-2.80946,49.93896]]]}},{"type":"Feature","properties":{"pos":11,"gear":"Scallop dredge","gearPct":45,"gears":4,"nat":"France","vmax":1,"months":5},"geometry":{"type":"Polygon","coordinates":[[[-2.79752,49.89479],[-2.7856,49.85062],[-2.85424,49.8428],[-2.86622,49.88696],[-2.79752,49.89479]]]}},{"type":"Feature","properties":{"pos":174,"gear":"Other gear","gearPct":100,"gears":1,"nat":"United Kingdom","vmax":2,"months":10},"geometry":{"type":"Polygon","coordinates":[[[-2.95938,50.74159],[-2.94699,50.69746],[-3.01682,50.68951],[-3.02928,50.73364],[-2.95938,50.74159]]]}},{"type":"Feature","properties":{"pos":2216,"gear":"Other gear","gearPct":99,"gears":3,"nat":"United Kingdom","vmax":4,"months":12},"geometry":{"type":"Polygon","coordinates":[[[-2.94699,50.69746],[-2.93463,50.65332],[-3.0044,50.64538],[-3.01682,50.68951],[-2.94699,50.69746]]]}},{"type":"Feature","properties":{"pos":8682,"gear":"Other gear","gearPct":88,"gears":5,"nat":"United Kingdom","vmax":15,"months":12},"geometry":{"type":"Polygon","coordinates":[[[-2.93463,50.65332],[-2.92229,50.60917],[-2.992,50.60125],[-3.0044,50.64538],[-2.93463,50.65332]]]}},{"type":"Feature","properties":{"pos":3848,"gear":"Other gear","gearPct":67,"gears":5,"nat":"United Kingdom","vmax":19,"months":12},"geometry":{"type":"Polygon","coordinates":[[[-2.92229,50.60917],[-2.90999,50.56503],[-2.97963,50.55711],[-2.992,50.60125],[-2.92229,50.60917]]]}},{"type":"Feature","properties":{"pos":757,"gear":"Other gear","gearPct":55,"gears":6,"nat":"United Kingdom","vmax":16,"months":12},"geometry":{"type":"Polygon","coordinates":[[[-2.90999,50.56503],[-2.89771,50.52088],[-2.96729,50.51298],[-2.97963,50.55711],[-2.90999,50.56503]]]}},{"type":"Feature","properties":{"pos":1403,"gear":"Other gear","gearPct":60,"gears":6,"nat":"United Kingdom","vmax":17,"months":12},"geometry":{"type":"Polygon","coordinates":[[[-2.89771,50.52088],[-2.88546,50.47673],[-2.95498,50.46884],[-2.96729,50.51298],[-2.89771,50.52088]]]}},{"type":"Feature","properties":{"pos":2053,"gear":"Other gear","gearPct":56,"gears":7,"nat":"United Kingdom","vmax":18,"months":12},"geometry":{"type":"Polygon","coordinates":[[[-2.88546,50.47673],[-2.87324,50.43258],[-2.9427,50.42469],[-2.95498,50.46884],[-2.88546,50.47673]]]}},{"type":"Feature","properties":{"pos":1698,"gear":"Other gear","gearPct":55,"gears":6,"nat":"United Kingdom","vmax":25,"months":12},"geometry":{"type":"Polygon","coordinates":[[[-2.87324,50.43258],[-2.86105,50.38843],[-2.93045,50.38055],[-2.9427,50.42469],[-2.87324,50.43258]]]}},{"type":"Feature","properties":{"pos":1647,"gear":"Other gear","gearPct":58,"gears":7,"nat":"United Kingdom","vmax":27,"months":12},"geometry":{"type":"Polygon","coordinates":[[[-2.86105,50.38843],[-2.84889,50.34427],[-2.91822,50.3364],[-2.93045,50.38055],[-2.86105,50.38843]]]}},{"type":"Feature","properties":{"pos":1476,"gear":"Other gear","gearPct":46,"gears":7,"nat":"United Kingdom","vmax":27,"months":12},"geometry":{"type":"Polygon","coordinates":[[[-2.84889,50.34427],[-2.83675,50.30011],[-2.90602,50.29225],[-2.91822,50.3364],[-2.84889,50.34427]]]}},{"type":"Feature","properties":{"pos":1249,"gear":"Other gear","gearPct":38,"gears":7,"nat":"United Kingdom","vmax":26,"months":12},"geometry":{"type":"Polygon","coordinates":[[[-2.83675,50.30011],[-2.82465,50.25595],[-2.89386,50.2481],[-2.90602,50.29225],[-2.83675,50.30011]]]}},{"type":"Feature","properties":{"pos":1492,"gear":"Beam trawl","gearPct":46,"gears":7,"nat":"United Kingdom","vmax":32,"months":12},"geometry":{"type":"Polygon","coordinates":[[[-2.82465,50.25595],[-2.81257,50.21179],[-2.88172,50.20394],[-2.89386,50.2481],[-2.82465,50.25595]]]}},{"type":"Feature","properties":{"pos":1386,"gear":"Beam trawl","gearPct":42,"gears":8,"nat":"United Kingdom","vmax":32,"months":12},"geometry":{"type":"Polygon","coordinates":[[[-2.81257,50.21179],[-2.80052,50.16762],[-2.8696,50.15979],[-2.88172,50.20394],[-2.81257,50.21179]]]}},{"type":"Feature","properties":{"pos":1179,"gear":"Beam trawl","gearPct":39,"gears":6,"nat":"United Kingdom","vmax":24,"months":12},"geometry":{"type":"Polygon","coordinates":[[[-2.80052,50.16762],[-2.7885,50.12346],[-2.85752,50.11563],[-2.8696,50.15979],[-2.80052,50.16762]]]}},{"type":"Feature","properties":{"pos":1508,"gear":"Demersal trawl","gearPct":56,"gears":6,"nat":"United Kingdom","vmax":26,"months":12},"geometry":{"type":"Polygon","coordinates":[[[-2.7885,50.12346],[-2.7765,50.07929],[-2.84546,50.07146],[-2.85752,50.11563],[-2.7885,50.12346]]]}},{"type":"Feature","properties":{"pos":2053,"gear":"Demersal trawl","gearPct":71,"gears":7,"nat":"France","vmax":26,"months":12},"geometry":{"type":"Polygon","coordinates":[[[-2.7765,50.07929],[-2.76454,50.03511],[-2.83344,50.0273],[-2.84546,50.07146],[-2.7765,50.07929]]]}},{"type":"Feature","properties":{"pos":1231,"gear":"Demersal trawl","gearPct":55,"gears":6,"nat":"France","vmax":19,"months":12},"geometry":{"type":"Polygon","coordinates":[[[-2.76454,50.03511],[-2.7526,49.99094],[-2.82144,49.98313],[-2.83344,50.0273],[-2.76454,50.03511]]]}},{"type":"Feature","properties":{"pos":901,"gear":"Demersal trawl","gearPct":55,"gears":5,"nat":"France","vmax":16,"months":12},"geometry":{"type":"Polygon","coordinates":[[[-2.7526,49.99094],[-2.74069,49.94676],[-2.80946,49.93896],[-2.82144,49.98313],[-2.7526,49.99094]]]}},{"type":"Feature","properties":{"pos":30,"gear":"Other gear","gearPct":90,"gears":2,"nat":"United Kingdom","vmax":2,"months":8},"geometry":{"type":"Polygon","coordinates":[[[-2.88947,50.7495],[-2.87714,50.70535],[-2.94699,50.69746],[-2.95938,50.74159],[-2.88947,50.7495]]]}},{"type":"Feature","properties":{"pos":1,"gear":"Other gear","gearPct":100,"gears":1,"nat":"United Kingdom","vmax":1,"months":1},"geometry":{"type":"Polygon","coordinates":[[[-2.87714,50.70535],[-2.86484,50.66121],[-2.93463,50.65332],[-2.94699,50.69746],[-2.87714,50.70535]]]}},{"type":"Feature","properties":{"pos":697,"gear":"Demersal trawl","gearPct":60,"gears":3,"nat":"United Kingdom","vmax":6,"months":12},"geometry":{"type":"Polygon","coordinates":[[[-2.86484,50.66121],[-2.85257,50.61706],[-2.92229,50.60917],[-2.93463,50.65332],[-2.86484,50.66121]]]}},{"type":"Feature","properties":{"pos":2231,"gear":"Demersal trawl","gearPct":65,"gears":5,"nat":"United Kingdom","vmax":13,"months":12},"geometry":{"type":"Polygon","coordinates":[[[-2.85257,50.61706],[-2.84032,50.5729],[-2.90999,50.56503],[-2.92229,50.60917],[-2.85257,50.61706]]]}},{"type":"Feature","properties":{"pos":940,"gear":"Other gear","gearPct":46,"gears":5,"nat":"United Kingdom","vmax":14,"months":12},"geometry":{"type":"Polygon","coordinates":[[[-2.84032,50.5729],[-2.82811,50.52875],[-2.89771,50.52088],[-2.90999,50.56503],[-2.84032,50.5729]]]}},{"type":"Feature","properties":{"pos":1874,"gear":"Other gear","gearPct":44,"gears":6,"nat":"United Kingdom","vmax":17,"months":12},"geometry":{"type":"Polygon","coordinates":[[[-2.82811,50.52875],[-2.81592,50.48459],[-2.88546,50.47673],[-2.89771,50.52088],[-2.82811,50.52875]]]}},{"type":"Feature","properties":{"pos":1738,"gear":"Scallop dredge","gearPct":44,"gears":7,"nat":"United Kingdom","vmax":14,"months":12},"geometry":{"type":"Polygon","coordinates":[[[-2.81592,50.48459],[-2.80377,50.44043],[-2.87324,50.43258],[-2.88546,50.47673],[-2.81592,50.48459]]]}},{"type":"Feature","properties":{"pos":1934,"gear":"Scallop dredge","gearPct":45,"gears":6,"nat":"United Kingdom","vmax":20,"months":12},"geometry":{"type":"Polygon","coordinates":[[[-2.80377,50.44043],[-2.79164,50.39627],[-2.86105,50.38843],[-2.87324,50.43258],[-2.80377,50.44043]]]}},{"type":"Feature","properties":{"pos":1424,"gear":"Other gear","gearPct":61,"gears":7,"nat":"United Kingdom","vmax":24,"months":12},"geometry":{"type":"Polygon","coordinates":[[[-2.79164,50.39627],[-2.77954,50.3521],[-2.84889,50.34427],[-2.86105,50.38843],[-2.79164,50.39627]]]}},{"type":"Feature","properties":{"pos":1445,"gear":"Other gear","gearPct":46,"gears":7,"nat":"United Kingdom","vmax":24,"months":12},"geometry":{"type":"Polygon","coordinates":[[[-2.77954,50.3521],[-2.76746,50.30794],[-2.83675,50.30011],[-2.84889,50.34427],[-2.77954,50.3521]]]}},{"type":"Feature","properties":{"pos":1957,"gear":"Demersal trawl","gearPct":34,"gears":8,"nat":"United Kingdom","vmax":23,"months":12},"geometry":{"type":"Polygon","coordinates":[[[-2.76746,50.30794],[-2.75542,50.26377],[-2.82465,50.25595],[-2.83675,50.30011],[-2.76746,50.30794]]]}},{"type":"Feature","properties":{"pos":1366,"gear":"Beam trawl","gearPct":39,"gears":7,"nat":"United Kingdom","vmax":32,"months":12},"geometry":{"type":"Polygon","coordinates":[[[-2.75542,50.26377],[-2.7434,50.2196],[-2.81257,50.21179],[-2.82465,50.25595],[-2.75542,50.26377]]]}},{"type":"Feature","properties":{"pos":819,"gear":"Beam trawl","gearPct":34,"gears":7,"nat":"United Kingdom","vmax":18,"months":12},"geometry":{"type":"Polygon","coordinates":[[[-2.7434,50.2196],[-2.73141,50.17542],[-2.80052,50.16762],[-2.81257,50.21179],[-2.7434,50.2196]]]}},{"type":"Feature","properties":{"pos":958,"gear":"Demersal trawl","gearPct":44,"gears":7,"nat":"United Kingdom","vmax":20,"months":12},"geometry":{"type":"Polygon","coordinates":[[[-2.73141,50.17542],[-2.71945,50.13125],[-2.7885,50.12346],[-2.80052,50.16762],[-2.73141,50.17542]]]}},{"type":"Feature","properties":{"pos":1600,"gear":"Demersal trawl","gearPct":73,"gears":6,"nat":"France","vmax":26,"months":12},"geometry":{"type":"Polygon","coordinates":[[[-2.71945,50.13125],[-2.70752,50.08707],[-2.7765,50.07929],[-2.7885,50.12346],[-2.71945,50.13125]]]}},{"type":"Feature","properties":{"pos":1912,"gear":"Demersal trawl","gearPct":78,"gears":6,"nat":"France","vmax":27,"months":12},"geometry":{"type":"Polygon","coordinates":[[[-2.70752,50.08707],[-2.69562,50.04289],[-2.76454,50.03511],[-2.7765,50.07929],[-2.70752,50.08707]]]}},{"type":"Feature","properties":{"pos":1339,"gear":"Demersal trawl","gearPct":59,"gears":7,"nat":"France","vmax":17,"months":12},"geometry":{"type":"Polygon","coordinates":[[[-2.69562,50.04289],[-2.68374,49.9987],[-2.7526,49.99094],[-2.76454,50.03511],[-2.69562,50.04289]]]}},{"type":"Feature","properties":{"pos":310,"gear":"Demersal trawl","gearPct":62,"gears":4,"nat":"France","vmax":12,"months":12},"geometry":{"type":"Polygon","coordinates":[[[-2.68374,49.9987],[-2.67189,49.95452],[-2.74069,49.94676],[-2.7526,49.99094],[-2.68374,49.9987]]]}},{"type":"Feature","properties":{"pos":12,"gear":"Other gear","gearPct":50,"gears":2,"nat":"United Kingdom","vmax":1,"months":6},"geometry":{"type":"Polygon","coordinates":[[[-2.80726,50.71321],[-2.79502,50.66905],[-2.86484,50.66121],[-2.87714,50.70535],[-2.80726,50.71321]]]}},{"type":"Feature","properties":{"pos":873,"gear":"Demersal trawl","gearPct":67,"gears":4,"nat":"United Kingdom","vmax":2,"months":11},"geometry":{"type":"Polygon","coordinates":[[[-2.79502,50.66905],[-2.78282,50.62489],[-2.85257,50.61706],[-2.86484,50.66121],[-2.79502,50.66905]]]}},{"type":"Feature","properties":{"pos":3235,"gear":"Demersal trawl","gearPct":67,"gears":4,"nat":"United Kingdom","vmax":12,"months":12},"geometry":{"type":"Polygon","coordinates":[[[-2.78282,50.62489],[-2.77064,50.58073],[-2.84032,50.5729],[-2.85257,50.61706],[-2.78282,50.62489]]]}},{"type":"Feature","properties":{"pos":1458,"gear":"Demersal trawl","gearPct":54,"gears":7,"nat":"United Kingdom","vmax":10,"months":12},"geometry":{"type":"Polygon","coordinates":[[[-2.77064,50.58073],[-2.75849,50.53657],[-2.82811,50.52875],[-2.84032,50.5729],[-2.77064,50.58073]]]}},{"type":"Feature","properties":{"pos":1362,"gear":"Demersal trawl","gearPct":46,"gears":7,"nat":"United Kingdom","vmax":8,"months":12},"geometry":{"type":"Polygon","coordinates":[[[-2.75849,50.53657],[-2.74636,50.4924],[-2.81592,50.48459],[-2.82811,50.52875],[-2.75849,50.53657]]]}},{"type":"Feature","properties":{"pos":1085,"gear":"Other gear","gearPct":43,"gears":6,"nat":"United Kingdom","vmax":14,"months":12},"geometry":{"type":"Polygon","coordinates":[[[-2.74636,50.4924],[-2.73427,50.44824],[-2.80377,50.44043],[-2.81592,50.48459],[-2.74636,50.4924]]]}},{"type":"Feature","properties":{"pos":859,"gear":"Other gear","gearPct":44,"gears":6,"nat":"United Kingdom","vmax":13,"months":12},"geometry":{"type":"Polygon","coordinates":[[[-2.73427,50.44824],[-2.7222,50.40406],[-2.79164,50.39627],[-2.80377,50.44043],[-2.73427,50.44824]]]}},{"type":"Feature","properties":{"pos":1089,"gear":"Other gear","gearPct":63,"gears":7,"nat":"United Kingdom","vmax":20,"months":12},"geometry":{"type":"Polygon","coordinates":[[[-2.7222,50.40406],[-2.71016,50.35989],[-2.77954,50.3521],[-2.79164,50.39627],[-2.7222,50.40406]]]}},{"type":"Feature","properties":{"pos":1040,"gear":"Other gear","gearPct":55,"gears":7,"nat":"United Kingdom","vmax":18,"months":12},"geometry":{"type":"Polygon","coordinates":[[[-2.71016,50.35989],[-2.69815,50.31572],[-2.76746,50.30794],[-2.77954,50.3521],[-2.71016,50.35989]]]}},{"type":"Feature","properties":{"pos":1639,"gear":"Demersal trawl","gearPct":55,"gears":7,"nat":"France","vmax":26,"months":12},"geometry":{"type":"Polygon","coordinates":[[[-2.69815,50.31572],[-2.68617,50.27154],[-2.75542,50.26377],[-2.76746,50.30794],[-2.69815,50.31572]]]}},{"type":"Feature","properties":{"pos":835,"gear":"Demersal trawl","gearPct":40,"gears":8,"nat":"United Kingdom","vmax":14,"months":12},"geometry":{"type":"Polygon","coordinates":[[[-2.68617,50.27154],[-2.67422,50.22736],[-2.7434,50.2196],[-2.75542,50.26377],[-2.68617,50.27154]]]}},{"type":"Feature","properties":{"pos":504,"gear":"Beam trawl","gearPct":48,"gears":7,"nat":"United Kingdom","vmax":10,"months":12},"geometry":{"type":"Polygon","coordinates":[[[-2.67422,50.22736],[-2.66229,50.18318],[-2.73141,50.17542],[-2.7434,50.2196],[-2.67422,50.22736]]]}},{"type":"Feature","properties":{"pos":1143,"gear":"Demersal trawl","gearPct":55,"gears":7,"nat":"France","vmax":18,"months":12},"geometry":{"type":"Polygon","coordinates":[[[-2.66229,50.18318],[-2.65039,50.13899],[-2.71945,50.13125],[-2.73141,50.17542],[-2.66229,50.18318]]]}},{"type":"Feature","properties":{"pos":1960,"gear":"Demersal trawl","gearPct":75,"gears":7,"nat":"France","vmax":25,"months":12},"geometry":{"type":"Polygon","coordinates":[[[-2.65039,50.13899],[-2.63852,50.09481],[-2.70752,50.08707],[-2.71945,50.13125],[-2.65039,50.13899]]]}},{"type":"Feature","properties":{"pos":1616,"gear":"Demersal trawl","gearPct":78,"gears":7,"nat":"France","vmax":25,"months":12},"geometry":{"type":"Polygon","coordinates":[[[-2.63852,50.09481],[-2.62667,50.05062],[-2.69562,50.04289],[-2.70752,50.08707],[-2.63852,50.09481]]]}},{"type":"Feature","properties":{"pos":1224,"gear":"Demersal trawl","gearPct":74,"gears":6,"nat":"France","vmax":18,"months":12},"geometry":{"type":"Polygon","coordinates":[[[-2.62667,50.05062],[-2.61486,50.00642],[-2.68374,49.9987],[-2.69562,50.04289],[-2.62667,50.05062]]]}},{"type":"Feature","properties":{"pos":20,"gear":"Demersal trawl","gearPct":75,"gears":2,"nat":"France","vmax":3,"months":9},"geometry":{"type":"Polygon","coordinates":[[[-2.61486,50.00642],[-2.60307,49.96223],[-2.67189,49.95452],[-2.68374,49.9987],[-2.61486,50.00642]]]}},{"type":"Feature","properties":{"pos":535,"gear":"Demersal trawl","gearPct":66,"gears":3,"nat":"United Kingdom","vmax":1,"months":12},"geometry":{"type":"Polygon","coordinates":[[[-2.73736,50.72102],[-2.72519,50.67686],[-2.79502,50.66905],[-2.80726,50.71321],[-2.73736,50.72102]]]}},{"type":"Feature","properties":{"pos":325,"gear":"Demersal trawl","gearPct":61,"gears":3,"nat":"United Kingdom","vmax":1,"months":12},"geometry":{"type":"Polygon","coordinates":[[[-2.72519,50.67686],[-2.71305,50.63269],[-2.78282,50.62489],[-2.79502,50.66905],[-2.72519,50.67686]]]}},{"type":"Feature","properties":{"pos":2981,"gear":"Demersal trawl","gearPct":65,"gears":4,"nat":"United Kingdom","vmax":5,"months":12},"geometry":{"type":"Polygon","coordinates":[[[-2.71305,50.63269],[-2.70093,50.58852],[-2.77064,50.58073],[-2.78282,50.62489],[-2.71305,50.63269]]]}},{"type":"Feature","properties":{"pos":864,"gear":"Demersal trawl","gearPct":49,"gears":5,"nat":"United Kingdom","vmax":8,"months":12},"geometry":{"type":"Polygon","coordinates":[[[-2.70093,50.58852],[-2.68884,50.54435],[-2.75849,50.53657],[-2.77064,50.58073],[-2.70093,50.58852]]]}},{"type":"Feature","properties":{"pos":756,"gear":"Demersal trawl","gearPct":58,"gears":7,"nat":"United Kingdom","vmax":10,"months":12},"geometry":{"type":"Polygon","coordinates":[[[-2.68884,50.54435],[-2.67678,50.50018],[-2.74636,50.4924],[-2.75849,50.53657],[-2.68884,50.54435]]]}},{"type":"Feature","properties":{"pos":541,"gear":"Demersal trawl","gearPct":45,"gears":6,"nat":"United Kingdom","vmax":8,"months":12},"geometry":{"type":"Polygon","coordinates":[[[-2.67678,50.50018],[-2.66475,50.456],[-2.73427,50.44824],[-2.74636,50.4924],[-2.67678,50.50018]]]}},{"type":"Feature","properties":{"pos":317,"gear":"Demersal trawl","gearPct":59,"gears":6,"nat":"France","vmax":9,"months":12},"geometry":{"type":"Polygon","coordinates":[[[-2.66475,50.456],[-2.65274,50.41182],[-2.7222,50.40406],[-2.73427,50.44824],[-2.66475,50.456]]]}},{"type":"Feature","properties":{"pos":747,"gear":"Other gear","gearPct":57,"gears":7,"nat":"United Kingdom","vmax":19,"months":12},"geometry":{"type":"Polygon","coordinates":[[[-2.65274,50.41182],[-2.64077,50.36764],[-2.71016,50.35989],[-2.7222,50.40406],[-2.65274,50.41182]]]}},{"type":"Feature","properties":{"pos":890,"gear":"Other gear","gearPct":48,"gears":6,"nat":"United Kingdom","vmax":17,"months":12},"geometry":{"type":"Polygon","coordinates":[[[-2.64077,50.36764],[-2.62882,50.32345],[-2.69815,50.31572],[-2.71016,50.35989],[-2.64077,50.36764]]]}},{"type":"Feature","properties":{"pos":1214,"gear":"Demersal trawl","gearPct":82,"gears":6,"nat":"France","vmax":18,"months":12},"geometry":{"type":"Polygon","coordinates":[[[-2.62882,50.32345],[-2.6169,50.27927],[-2.68617,50.27154],[-2.69815,50.31572],[-2.62882,50.32345]]]}},{"type":"Feature","properties":{"pos":550,"gear":"Demersal trawl","gearPct":56,"gears":6,"nat":"France","vmax":10,"months":12},"geometry":{"type":"Polygon","coordinates":[[[-2.6169,50.27927],[-2.60501,50.23508],[-2.67422,50.22736],[-2.68617,50.27154],[-2.6169,50.27927]]]}},{"type":"Feature","properties":{"pos":318,"gear":"Beam trawl","gearPct":31,"gears":6,"nat":"United Kingdom","vmax":7,"months":12},"geometry":{"type":"Polygon","coordinates":[[[-2.60501,50.23508],[-2.59314,50.19089],[-2.66229,50.18318],[-2.67422,50.22736],[-2.60501,50.23508]]]}},{"type":"Feature","properties":{"pos":897,"gear":"Demersal trawl","gearPct":73,"gears":6,"nat":"France","vmax":13,"months":12},"geometry":{"type":"Polygon","coordinates":[[[-2.59314,50.19089],[-2.58131,50.1467],[-2.65039,50.13899],[-2.66229,50.18318],[-2.59314,50.19089]]]}},{"type":"Feature","properties":{"pos":1922,"gear":"Demersal trawl","gearPct":78,"gears":8,"nat":"France","vmax":25,"months":12},"geometry":{"type":"Polygon","coordinates":[[[-2.58131,50.1467],[-2.5695,50.1025],[-2.63852,50.09481],[-2.65039,50.13899],[-2.58131,50.1467]]]}},{"type":"Feature","properties":{"pos":1427,"gear":"Demersal trawl","gearPct":83,"gears":7,"nat":"France","vmax":27,"months":12},"geometry":{"type":"Polygon","coordinates":[[[-2.5695,50.1025],[-2.55771,50.05831],[-2.62667,50.05062],[-2.63852,50.09481],[-2.5695,50.1025]]]}},{"type":"Feature","properties":{"pos":850,"gear":"Demersal trawl","gearPct":88,"gears":5,"nat":"France","vmax":15,"months":12},"geometry":{"type":"Polygon","coordinates":[[[-2.55771,50.05831],[-2.54596,50.01411],[-2.61486,50.00642],[-2.62667,50.05062],[-2.55771,50.05831]]]}},{"type":"Feature","properties":{"pos":184,"gear":"Demersal trawl","gearPct":76,"gears":2,"nat":"United Kingdom","vmax":1,"months":9},"geometry":{"type":"Polygon","coordinates":[[[-2.66745,50.7288],[-2.65534,50.68462],[-2.72519,50.67686],[-2.73736,50.72102],[-2.66745,50.7288]]]}},{"type":"Feature","properties":{"pos":909,"gear":"Demersal trawl","gearPct":73,"gears":3,"nat":"United Kingdom","vmax":1,"months":12},"geometry":{"type":"Polygon","coordinates":[[[-2.65534,50.68462],[-2.64325,50.64045],[-2.71305,50.63269],[-2.72519,50.67686],[-2.65534,50.68462]]]}},{"type":"Feature","properties":{"pos":701,"gear":"Demersal trawl","gearPct":49,"gears":5,"nat":"United Kingdom","vmax":2,"months":12},"geometry":{"type":"Polygon","coordinates":[[[-2.64325,50.64045],[-2.6312,50.59627],[-2.70093,50.58852],[-2.71305,50.63269],[-2.64325,50.64045]]]}},{"type":"Feature","properties":{"pos":603,"gear":"Demersal trawl","gearPct":48,"gears":4,"nat":"United Kingdom","vmax":3,"months":12},"geometry":{"type":"Polygon","coordinates":[[[-2.6312,50.59627],[-2.61917,50.55209],[-2.68884,50.54435],[-2.70093,50.58852],[-2.6312,50.59627]]]}},{"type":"Feature","properties":{"pos":136,"gear":"Demersal trawl","gearPct":65,"gears":4,"nat":"France","vmax":7,"months":12},"geometry":{"type":"Polygon","coordinates":[[[-2.61917,50.55209],[-2.60718,50.50791],[-2.67678,50.50018],[-2.68884,50.54435],[-2.61917,50.55209]]]}},{"type":"Feature","properties":{"pos":463,"gear":"Demersal trawl","gearPct":61,"gears":5,"nat":"France","vmax":11,"months":12},"geometry":{"type":"Polygon","coordinates":[[[-2.60718,50.50791],[-2.59521,50.46372],[-2.66475,50.456],[-2.67678,50.50018],[-2.60718,50.50791]]]}},{"type":"Feature","properties":{"pos":424,"gear":"Demersal trawl","gearPct":74,"gears":5,"nat":"France","vmax":10,"months":12},"geometry":{"type":"Polygon","coordinates":[[[-2.59521,50.46372],[-2.58327,50.41953],[-2.65274,50.41182],[-2.66475,50.456],[-2.59521,50.46372]]]}},{"type":"Feature","properties":{"pos":358,"gear":"Demersal trawl","gearPct":53,"gears":4,"nat":"United Kingdom","vmax":9,"months":12},"geometry":{"type":"Polygon","coordinates":[[[-2.58327,50.41953],[-2.57135,50.37534],[-2.64077,50.36764],[-2.65274,50.41182],[-2.58327,50.41953]]]}},{"type":"Feature","properties":{"pos":588,"gear":"Demersal trawl","gearPct":58,"gears":6,"nat":"France","vmax":12,"months":12},"geometry":{"type":"Polygon","coordinates":[[[-2.57135,50.37534],[-2.55947,50.33115],[-2.62882,50.32345],[-2.64077,50.36764],[-2.57135,50.37534]]]}},{"type":"Feature","properties":{"pos":851,"gear":"Demersal trawl","gearPct":79,"gears":6,"nat":"France","vmax":17,"months":12},"geometry":{"type":"Polygon","coordinates":[[[-2.55947,50.33115],[-2.54761,50.28696],[-2.6169,50.27927],[-2.62882,50.32345],[-2.55947,50.33115]]]}},{"type":"Feature","properties":{"pos":858,"gear":"Demersal trawl","gearPct":72,"gears":6,"nat":"France","vmax":13,"months":12},"geometry":{"type":"Polygon","coordinates":[[[-2.54761,50.28696],[-2.53578,50.24276],[-2.60501,50.23508],[-2.6169,50.27927],[-2.54761,50.28696]]]}},{"type":"Feature","properties":{"pos":469,"gear":"Pots & creels","gearPct":49,"gears":5,"nat":"United Kingdom","vmax":6,"months":12},"geometry":{"type":"Polygon","coordinates":[[[-2.53578,50.24276],[-2.52398,50.19856],[-2.59314,50.19089],[-2.60501,50.23508],[-2.53578,50.24276]]]}},{"type":"Feature","properties":{"pos":831,"gear":"Demersal trawl","gearPct":69,"gears":7,"nat":"France","vmax":14,"months":12},"geometry":{"type":"Polygon","coordinates":[[[-2.52398,50.19856],[-2.5122,50.15436],[-2.58131,50.1467],[-2.59314,50.19089],[-2.52398,50.19856]]]}},{"type":"Feature","properties":{"pos":2044,"gear":"Demersal trawl","gearPct":90,"gears":7,"nat":"France","vmax":25,"months":12},"geometry":{"type":"Polygon","coordinates":[[[-2.5122,50.15436],[-2.50045,50.11016],[-2.5695,50.1025],[-2.58131,50.1467],[-2.5122,50.15436]]]}},{"type":"Feature","properties":{"pos":1014,"gear":"Demersal trawl","gearPct":91,"gears":6,"nat":"France","vmax":23,"months":12},"geometry":{"type":"Polygon","coordinates":[[[-2.50045,50.11016],[-2.48873,50.06595],[-2.55771,50.05831],[-2.5695,50.1025],[-2.50045,50.11016]]]}},{"type":"Feature","properties":{"pos":413,"gear":"Demersal trawl","gearPct":96,"gears":6,"nat":"France","vmax":12,"months":12},"geometry":{"type":"Polygon","coordinates":[[[-2.48873,50.06595],[-2.47704,50.02174],[-2.54596,50.01411],[-2.55771,50.05831],[-2.48873,50.06595]]]}},{"type":"Feature","properties":{"pos":294,"gear":"Demersal trawl","gearPct":68,"gears":2,"nat":"United Kingdom","vmax":1,"months":9},"geometry":{"type":"Polygon","coordinates":[[[-2.58546,50.69234],[-2.57344,50.64816],[-2.64325,50.64045],[-2.65534,50.68462],[-2.58546,50.69234]]]}},{"type":"Feature","properties":{"pos":692,"gear":"Demersal trawl","gearPct":43,"gears":4,"nat":"United Kingdom","vmax":2,"months":12},"geometry":{"type":"Polygon","coordinates":[[[-2.57344,50.64816],[-2.56145,50.60397],[-2.6312,50.59627],[-2.64325,50.64045],[-2.57344,50.64816]]]}},{"type":"Feature","properties":{"pos":1105,"gear":"Pots & creels","gearPct":34,"gears":5,"nat":"United Kingdom","vmax":2,"months":12},"geometry":{"type":"Polygon","coordinates":[[[-2.56145,50.60397],[-2.54949,50.55978],[-2.61917,50.55209],[-2.6312,50.59627],[-2.56145,50.60397]]]}},{"type":"Feature","properties":{"pos":70,"gear":"Pots & creels","gearPct":90,"gears":4,"nat":"United Kingdom","vmax":1,"months":12},"geometry":{"type":"Polygon","coordinates":[[[-2.54949,50.55978],[-2.53755,50.51559],[-2.60718,50.50791],[-2.61917,50.55209],[-2.54949,50.55978]]]}},{"type":"Feature","properties":{"pos":90,"gear":"Pots & creels","gearPct":68,"gears":2,"nat":"United Kingdom","vmax":3,"months":12},"geometry":{"type":"Polygon","coordinates":[[[-2.53755,50.51559],[-2.52565,50.4714],[-2.59521,50.46372],[-2.60718,50.50791],[-2.53755,50.51559]]]}},{"type":"Feature","properties":{"pos":109,"gear":"Demersal trawl","gearPct":68,"gears":3,"nat":"France","vmax":6,"months":12},"geometry":{"type":"Polygon","coordinates":[[[-2.52565,50.4714],[-2.51377,50.4272],[-2.58327,50.41953],[-2.59521,50.46372],[-2.52565,50.4714]]]}},{"type":"Feature","properties":{"pos":344,"gear":"Demersal trawl","gearPct":83,"gears":4,"nat":"France","vmax":11,"months":12},"geometry":{"type":"Polygon","coordinates":[[[-2.51377,50.4272],[-2.50192,50.38301],[-2.57135,50.37534],[-2.58327,50.41953],[-2.51377,50.4272]]]}},{"type":"Feature","properties":{"pos":327,"gear":"Demersal trawl","gearPct":69,"gears":4,"nat":"France","vmax":10,"months":12},"geometry":{"type":"Polygon","coordinates":[[[-2.50192,50.38301],[-2.49009,50.33881],[-2.55947,50.33115],[-2.57135,50.37534],[-2.50192,50.38301]]]}},{"type":"Feature","properties":{"pos":672,"gear":"Demersal trawl","gearPct":79,"gears":3,"nat":"France","vmax":14,"months":12},"geometry":{"type":"Polygon","coordinates":[[[-2.49009,50.33881],[-2.4783,50.2946],[-2.54761,50.28696],[-2.55947,50.33115],[-2.49009,50.33881]]]}},{"type":"Feature","properties":{"pos":1054,"gear":"Demersal trawl","gearPct":76,"gears":6,"nat":"France","vmax":17,"months":12},"geometry":{"type":"Polygon","coordinates":[[[-2.4783,50.2946],[-2.46653,50.2504],[-2.53578,50.24276],[-2.54761,50.28696],[-2.4783,50.2946]]]}},{"type":"Feature","properties":{"pos":686,"gear":"Pots & creels","gearPct":61,"gears":5,"nat":"United Kingdom","vmax":10,"months":12},"geometry":{"type":"Polygon","coordinates":[[[-2.46653,50.2504],[-2.45479,50.20619],[-2.52398,50.19856],[-2.53578,50.24276],[-2.46653,50.2504]]]}},{"type":"Feature","properties":{"pos":897,"gear":"Demersal trawl","gearPct":56,"gears":6,"nat":"France","vmax":20,"months":12},"geometry":{"type":"Polygon","coordinates":[[[-2.45479,50.20619],[-2.44308,50.16198],[-2.5122,50.15436],[-2.52398,50.19856],[-2.45479,50.20619]]]}},{"type":"Feature","properties":{"pos":1847,"gear":"Demersal trawl","gearPct":94,"gears":7,"nat":"France","vmax":24,"months":12},"geometry":{"type":"Polygon","coordinates":[[[-2.44308,50.16198],[-2.43139,50.11777],[-2.50045,50.11016],[-2.5122,50.15436],[-2.44308,50.16198]]]}},{"type":"Feature","properties":{"pos":889,"gear":"Demersal trawl","gearPct":96,"gears":5,"nat":"France","vmax":18,"months":12},"geometry":{"type":"Polygon","coordinates":[[[-2.43139,50.11777],[-2.41973,50.07356],[-2.48873,50.06595],[-2.50045,50.11016],[-2.43139,50.11777]]]}},{"type":"Feature","properties":{"pos":233,"gear":"Demersal trawl","gearPct":99,"gears":3,"nat":"France","vmax":9,"months":11},"geometry":{"type":"Polygon","coordinates":[[[-2.41973,50.07356],[-2.4081,50.02934],[-2.47704,50.02174],[-2.48873,50.06595],[-2.41973,50.07356]]]}},{"type":"Feature","properties":{"pos":43,"gear":"Demersal trawl","gearPct":67,"gears":3,"nat":"United Kingdom","vmax":1,"months":9},"geometry":{"type":"Polygon","coordinates":[[[-2.50361,50.65583],[-2.49168,50.61163],[-2.56145,50.60397],[-2.57344,50.64816],[-2.50361,50.65583]]]}},{"type":"Feature","properties":{"pos":314,"gear":"Pots & creels","gearPct":35,"gears":4,"nat":"United Kingdom","vmax":2,"months":12},"geometry":{"type":"Polygon","coordinates":[[[-2.49168,50.61163],[-2.47978,50.56744],[-2.54949,50.55978],[-2.56145,50.60397],[-2.49168,50.61163]]]}},{"type":"Feature","properties":{"pos":193,"gear":"Pots & creels","gearPct":53,"gears":3,"nat":"United Kingdom","vmax":1,"months":12},"geometry":{"type":"Polygon","coordinates":[[[-2.47978,50.56744],[-2.46791,50.52324],[-2.53755,50.51559],[-2.54949,50.55978],[-2.47978,50.56744]]]}},{"type":"Feature","properties":{"pos":170,"gear":"Other gear","gearPct":59,"gears":3,"nat":"United Kingdom","vmax":3,"months":12},"geometry":{"type":"Polygon","coordinates":[[[-2.46791,50.52324],[-2.45607,50.47904],[-2.52565,50.4714],[-2.53755,50.51559],[-2.46791,50.52324]]]}},{"type":"Feature","properties":{"pos":95,"gear":"Other gear","gearPct":78,"gears":5,"nat":"United Kingdom","vmax":3,"months":12},"geometry":{"type":"Polygon","coordinates":[[[-2.45607,50.47904],[-2.44425,50.43483],[-2.51377,50.4272],[-2.52565,50.4714],[-2.45607,50.47904]]]}},{"type":"Feature","properties":{"pos":132,"gear":"Demersal trawl","gearPct":76,"gears":3,"nat":"France","vmax":7,"months":12},"geometry":{"type":"Polygon","coordinates":[[[-2.44425,50.43483],[-2.43246,50.39063],[-2.50192,50.38301],[-2.51377,50.4272],[-2.44425,50.43483]]]}},{"type":"Feature","properties":{"pos":332,"gear":"Demersal trawl","gearPct":80,"gears":3,"nat":"France","vmax":11,"months":12},"geometry":{"type":"Polygon","coordinates":[[[-2.43246,50.39063],[-2.4207,50.34642],[-2.49009,50.33881],[-2.50192,50.38301],[-2.43246,50.39063]]]}},{"type":"Feature","properties":{"pos":732,"gear":"Demersal trawl","gearPct":77,"gears":6,"nat":"France","vmax":14,"months":12},"geometry":{"type":"Polygon","coordinates":[[[-2.4207,50.34642],[-2.40897,50.30221],[-2.4783,50.2946],[-2.49009,50.33881],[-2.4207,50.34642]]]}},{"type":"Feature","properties":{"pos":1031,"gear":"Demersal trawl","gearPct":74,"gears":6,"nat":"France","vmax":17,"months":12},"geometry":{"type":"Polygon","coordinates":[[[-2.40897,50.30221],[-2.39726,50.258],[-2.46653,50.2504],[-2.4783,50.2946],[-2.40897,50.30221]]]}},{"type":"Feature","properties":{"pos":612,"gear":"Demersal trawl","gearPct":53,"gears":6,"nat":"France","vmax":12,"months":12},"geometry":{"type":"Polygon","coordinates":[[[-2.39726,50.258],[-2.38558,50.21378],[-2.45479,50.20619],[-2.46653,50.2504],[-2.39726,50.258]]]}},{"type":"Feature","properties":{"pos":944,"gear":"Demersal trawl","gearPct":90,"gears":6,"nat":"France","vmax":22,"months":12},"geometry":{"type":"Polygon","coordinates":[[[-2.38558,50.21378],[-2.37393,50.16956],[-2.44308,50.16198],[-2.45479,50.20619],[-2.38558,50.21378]]]}},{"type":"Feature","properties":{"pos":1196,"gear":"Demersal trawl","gearPct":94,"gears":6,"nat":"France","vmax":20,"months":12},"geometry":{"type":"Polygon","coordinates":[[[-2.37393,50.16956],[-2.3623,50.12534],[-2.43139,50.11777],[-2.44308,50.16198],[-2.37393,50.16956]]]}},{"type":"Feature","properties":{"pos":738,"gear":"Demersal trawl","gearPct":95,"gears":4,"nat":"France","vmax":14,"months":12},"geometry":{"type":"Polygon","coordinates":[[[-2.3623,50.12534],[-2.35071,50.08112],[-2.41973,50.07356],[-2.43139,50.11777],[-2.3623,50.12534]]]}},{"type":"Feature","properties":{"pos":29,"gear":"Demersal trawl","gearPct":48,"gears":3,"nat":"United Kingdom","vmax":3,"months":8},"geometry":{"type":"Polygon","coordinates":[[[-2.35071,50.08112],[-2.33914,50.0369],[-2.4081,50.02934],[-2.41973,50.07356],[-2.35071,50.08112]]]}},{"type":"Feature","properties":{"pos":206,"gear":"Pots & creels","gearPct":50,"gears":4,"nat":"United Kingdom","vmax":5,"months":12},"geometry":{"type":"Polygon","coordinates":[[[-2.42189,50.61925],[-2.41005,50.57505],[-2.47978,50.56744],[-2.49168,50.61163],[-2.42189,50.61925]]]}},{"type":"Feature","properties":{"pos":103,"gear":"Scallop dredge","gearPct":57,"gears":3,"nat":"United Kingdom","vmax":2,"months":12},"geometry":{"type":"Polygon","coordinates":[[[-2.41005,50.57505],[-2.39824,50.53084],[-2.46791,50.52324],[-2.47978,50.56744],[-2.41005,50.57505]]]}},{"type":"Feature","properties":{"pos":236,"gear":"Pots & creels","gearPct":39,"gears":3,"nat":"United Kingdom","vmax":4,"months":12},"geometry":{"type":"Polygon","coordinates":[[[-2.39824,50.53084],[-2.38646,50.48663],[-2.45607,50.47904],[-2.46791,50.52324],[-2.39824,50.53084]]]}},{"type":"Feature","properties":{"pos":91,"gear":"Other gear","gearPct":80,"gears":2,"nat":"United Kingdom","vmax":3,"months":12},"geometry":{"type":"Polygon","coordinates":[[[-2.38646,50.48663],[-2.37471,50.44242],[-2.44425,50.43483],[-2.45607,50.47904],[-2.38646,50.48663]]]}},{"type":"Feature","properties":{"pos":62,"gear":"Pots & creels","gearPct":48,"gears":4,"nat":"United Kingdom","vmax":4,"months":12},"geometry":{"type":"Polygon","coordinates":[[[-2.37471,50.44242],[-2.36298,50.39821],[-2.43246,50.39063],[-2.44425,50.43483],[-2.37471,50.44242]]]}},{"type":"Feature","properties":{"pos":187,"gear":"Demersal trawl","gearPct":85,"gears":5,"nat":"France","vmax":9,"months":11},"geometry":{"type":"Polygon","coordinates":[[[-2.36298,50.39821],[-2.35129,50.35399],[-2.4207,50.34642],[-2.43246,50.39063],[-2.36298,50.39821]]]}},{"type":"Feature","properties":{"pos":685,"gear":"Demersal trawl","gearPct":89,"gears":5,"nat":"France","vmax":14,"months":12},"geometry":{"type":"Polygon","coordinates":[[[-2.35129,50.35399],[-2.33962,50.30977],[-2.40897,50.30221],[-2.4207,50.34642],[-2.35129,50.35399]]]}},{"type":"Feature","properties":{"pos":781,"gear":"Demersal trawl","gearPct":81,"gears":5,"nat":"France","vmax":16,"months":12},"geometry":{"type":"Polygon","coordinates":[[[-2.33962,50.30977],[-2.32797,50.26555],[-2.39726,50.258],[-2.40897,50.30221],[-2.33962,50.30977]]]}},{"type":"Feature","properties":{"pos":499,"gear":"Demersal trawl","gearPct":79,"gears":6,"nat":"France","vmax":13,"months":12},"geometry":{"type":"Polygon","coordinates":[[[-2.32797,50.26555],[-2.31635,50.22133],[-2.38558,50.21378],[-2.39726,50.258],[-2.32797,50.26555]]]}},{"type":"Feature","properties":{"pos":663,"gear":"Demersal trawl","gearPct":94,"gears":5,"nat":"France","vmax":18,"months":12},"geometry":{"type":"Polygon","coordinates":[[[-2.31635,50.22133],[-2.30476,50.1771],[-2.37393,50.16956],[-2.38558,50.21378],[-2.31635,50.22133]]]}},{"type":"Feature","properties":{"pos":1280,"gear":"Demersal trawl","gearPct":97,"gears":5,"nat":"France","vmax":18,"months":12},"geometry":{"type":"Polygon","coordinates":[[[-2.30476,50.1771],[-2.2932,50.13287],[-2.3623,50.12534],[-2.37393,50.16956],[-2.30476,50.1771]]]}},{"type":"Feature","properties":{"pos":392,"gear":"Pots & creels","gearPct":50,"gears":4,"nat":"United Kingdom","vmax":11,"months":12},"geometry":{"type":"Polygon","coordinates":[[[-2.2932,50.13287],[-2.28166,50.08864],[-2.35071,50.08112],[-2.3623,50.12534],[-2.2932,50.13287]]]}},{"type":"Feature","properties":{"pos":70,"gear":"Pots & creels","gearPct":53,"gears":5,"nat":"United Kingdom","vmax":2,"months":12},"geometry":{"type":"Polygon","coordinates":[[[-2.35208,50.62683],[-2.3403,50.58262],[-2.41005,50.57505],[-2.42189,50.61925],[-2.35208,50.62683]]]}},{"type":"Feature","properties":{"pos":267,"gear":"Scallop dredge","gearPct":48,"gears":4,"nat":"United Kingdom","vmax":4,"months":12},"geometry":{"type":"Polygon","coordinates":[[[-2.3403,50.58262],[-2.32856,50.5384],[-2.39824,50.53084],[-2.41005,50.57505],[-2.3403,50.58262]]]}},{"type":"Feature","properties":{"pos":41,"gear":"Other gear","gearPct":59,"gears":3,"nat":"United Kingdom","vmax":2,"months":11},"geometry":{"type":"Polygon","coordinates":[[[-2.32856,50.5384],[-2.31684,50.49419],[-2.38646,50.48663],[-2.39824,50.53084],[-2.32856,50.5384]]]}},{"type":"Feature","properties":{"pos":56,"gear":"Pots & creels","gearPct":52,"gears":4,"nat":"United Kingdom","vmax":4,"months":10},"geometry":{"type":"Polygon","coordinates":[[[-2.31684,50.49419],[-2.30515,50.44996],[-2.37471,50.44242],[-2.38646,50.48663],[-2.31684,50.49419]]]}},{"type":"Feature","properties":{"pos":37,"gear":"Other gear","gearPct":49,"gears":3,"nat":"United Kingdom","vmax":3,"months":9},"geometry":{"type":"Polygon","coordinates":[[[-2.30515,50.44996],[-2.29349,50.40574],[-2.36298,50.39821],[-2.37471,50.44242],[-2.30515,50.44996]]]}},{"type":"Feature","properties":{"pos":80,"gear":"Demersal trawl","gearPct":78,"gears":4,"nat":"France","vmax":5,"months":11},"geometry":{"type":"Polygon","coordinates":[[[-2.29349,50.40574],[-2.28185,50.36152],[-2.35129,50.35399],[-2.36298,50.39821],[-2.29349,50.40574]]]}},{"type":"Feature","properties":{"pos":414,"gear":"Demersal trawl","gearPct":94,"gears":4,"nat":"France","vmax":15,"months":12},"geometry":{"type":"Polygon","coordinates":[[[-2.28185,50.36152],[-2.27024,50.31729],[-2.33962,50.30977],[-2.35129,50.35399],[-2.28185,50.36152]]]}},{"type":"Feature","properties":{"pos":593,"gear":"Demersal trawl","gearPct":95,"gears":7,"nat":"France","vmax":13,"months":12},"geometry":{"type":"Polygon","coordinates":[[[-2.27024,50.31729],[-2.25866,50.27306],[-2.32797,50.26555],[-2.33962,50.30977],[-2.27024,50.31729]]]}},{"type":"Feature","properties":{"pos":469,"gear":"Demersal trawl","gearPct":93,"gears":5,"nat":"France","vmax":15,"months":12},"geometry":{"type":"Polygon","coordinates":[[[-2.25866,50.27306],[-2.24711,50.22883],[-2.31635,50.22133],[-2.32797,50.26555],[-2.25866,50.27306]]]}},{"type":"Feature","properties":{"pos":635,"gear":"Demersal trawl","gearPct":97,"gears":6,"nat":"France","vmax":14,"months":12},"geometry":{"type":"Polygon","coordinates":[[[-2.24711,50.22883],[-2.23558,50.1846],[-2.30476,50.1771],[-2.31635,50.22133],[-2.24711,50.22883]]]}},{"type":"Feature","properties":{"pos":774,"gear":"Demersal trawl","gearPct":91,"gears":5,"nat":"France","vmax":15,"months":12},"geometry":{"type":"Polygon","coordinates":[[[-2.23558,50.1846],[-2.22408,50.14036],[-2.2932,50.13287],[-2.30476,50.1771],[-2.23558,50.1846]]]}},{"type":"Feature","properties":{"pos":178,"gear":"Pots & creels","gearPct":85,"gears":4,"nat":"United Kingdom","vmax":3,"months":12},"geometry":{"type":"Polygon","coordinates":[[[-2.22408,50.14036],[-2.2126,50.09612],[-2.28166,50.08864],[-2.2932,50.13287],[-2.22408,50.14036]]]}},{"type":"Feature","properties":{"pos":88,"gear":"Pots & creels","gearPct":98,"gears":2,"nat":"United Kingdom","vmax":1,"months":9},"geometry":{"type":"Polygon","coordinates":[[[-2.28224,50.63437],[-2.27053,50.59015],[-2.3403,50.58262],[-2.35208,50.62683],[-2.28224,50.63437]]]}},{"type":"Feature","properties":{"pos":81,"gear":"Pots & creels","gearPct":80,"gears":2,"nat":"United Kingdom","vmax":2,"months":11},"geometry":{"type":"Polygon","coordinates":[[[-2.27053,50.59015],[-2.25885,50.54592],[-2.32856,50.5384],[-2.3403,50.58262],[-2.27053,50.59015]]]}},{"type":"Feature","properties":{"pos":32,"gear":"Other gear","gearPct":97,"gears":2,"nat":"United Kingdom","vmax":3,"months":12},"geometry":{"type":"Polygon","coordinates":[[[-2.25885,50.54592],[-2.2472,50.5017],[-2.31684,50.49419],[-2.32856,50.5384],[-2.25885,50.54592]]]}},{"type":"Feature","properties":{"pos":25,"gear":"Other gear","gearPct":60,"gears":2,"nat":"United Kingdom","vmax":3,"months":10},"geometry":{"type":"Polygon","coordinates":[[[-2.2472,50.5017],[-2.23557,50.45747],[-2.30515,50.44996],[-2.31684,50.49419],[-2.2472,50.5017]]]}},{"type":"Feature","properties":{"pos":35,"gear":"Pots & creels","gearPct":54,"gears":4,"nat":"United Kingdom","vmax":5,"months":10},"geometry":{"type":"Polygon","coordinates":[[[-2.23557,50.45747],[-2.22397,50.41324],[-2.29349,50.40574],[-2.30515,50.44996],[-2.23557,50.45747]]]}},{"type":"Feature","properties":{"pos":54,"gear":"Demersal trawl","gearPct":63,"gears":3,"nat":"France","vmax":5,"months":11},"geometry":{"type":"Polygon","coordinates":[[[-2.22397,50.41324],[-2.2124,50.369],[-2.28185,50.36152],[-2.29349,50.40574],[-2.22397,50.41324]]]}},{"type":"Feature","properties":{"pos":194,"gear":"Demersal trawl","gearPct":89,"gears":5,"nat":"France","vmax":13,"months":12},"geometry":{"type":"Polygon","coordinates":[[[-2.2124,50.369],[-2.20085,50.32477],[-2.27024,50.31729],[-2.28185,50.36152],[-2.2124,50.369]]]}},{"type":"Feature","properties":{"pos":510,"gear":"Demersal trawl","gearPct":97,"gears":6,"nat":"France","vmax":13,"months":12},"geometry":{"type":"Polygon","coordinates":[[[-2.20085,50.32477],[-2.18933,50.28053],[-2.25866,50.27306],[-2.27024,50.31729],[-2.20085,50.32477]]]}},{"type":"Feature","properties":{"pos":373,"gear":"Demersal trawl","gearPct":94,"gears":6,"nat":"France","vmax":12,"months":12},"geometry":{"type":"Polygon","coordinates":[[[-2.18933,50.28053],[-2.17784,50.23629],[-2.24711,50.22883],[-2.25866,50.27306],[-2.18933,50.28053]]]}},{"type":"Feature","properties":{"pos":525,"gear":"Demersal trawl","gearPct":95,"gears":4,"nat":"France","vmax":13,"months":12},"geometry":{"type":"Polygon","coordinates":[[[-2.17784,50.23629],[-2.16637,50.19205],[-2.23558,50.1846],[-2.24711,50.22883],[-2.17784,50.23629]]]}},{"type":"Feature","properties":{"pos":316,"gear":"Demersal trawl","gearPct":83,"gears":4,"nat":"France","vmax":11,"months":12},"geometry":{"type":"Polygon","coordinates":[[[-2.16637,50.19205],[-2.15493,50.14781],[-2.22408,50.14036],[-2.23558,50.1846],[-2.16637,50.19205]]]}},{"type":"Feature","properties":{"pos":83,"gear":"Pots & creels","gearPct":82,"gears":3,"nat":"United Kingdom","vmax":3,"months":12},"geometry":{"type":"Polygon","coordinates":[[[-2.15493,50.14781],[-2.14352,50.10356],[-2.2126,50.09612],[-2.22408,50.14036],[-2.15493,50.14781]]]}},{"type":"Feature","properties":{"pos":81,"gear":"Pots & creels","gearPct":98,"gears":2,"nat":"United Kingdom","vmax":1,"months":8},"geometry":{"type":"Polygon","coordinates":[[[-2.21239,50.64186],[-2.20075,50.59763],[-2.27053,50.59015],[-2.28224,50.63437],[-2.21239,50.64186]]]}},{"type":"Feature","properties":{"pos":38,"gear":"Pots & creels","gearPct":79,"gears":2,"nat":"United Kingdom","vmax":1,"months":10},"geometry":{"type":"Polygon","coordinates":[[[-2.20075,50.59763],[-2.18913,50.5534],[-2.25885,50.54592],[-2.27053,50.59015],[-2.20075,50.59763]]]}},{"type":"Feature","properties":{"pos":13,"gear":"Other gear","gearPct":85,"gears":2,"nat":"United Kingdom","vmax":2,"months":7},"geometry":{"type":"Polygon","coordinates":[[[-2.18913,50.5534],[-2.17753,50.50916],[-2.2472,50.5017],[-2.25885,50.54592],[-2.18913,50.5534]]]}},{"type":"Feature","properties":{"pos":19,"gear":"Other gear","gearPct":95,"gears":2,"nat":"United Kingdom","vmax":4,"months":7},"geometry":{"type":"Polygon","coordinates":[[[-2.17753,50.50916],[-2.16597,50.46493],[-2.23557,50.45747],[-2.2472,50.5017],[-2.17753,50.50916]]]}},{"type":"Feature","properties":{"pos":35,"gear":"Other gear","gearPct":40,"gears":5,"nat":"United Kingdom","vmax":2,"months":8},"geometry":{"type":"Polygon","coordinates":[[[-2.16597,50.46493],[-2.15443,50.42069],[-2.22397,50.41324],[-2.23557,50.45747],[-2.16597,50.46493]]]}},{"type":"Feature","properties":{"pos":18,"gear":"Demersal trawl","gearPct":44,"gears":4,"nat":"France","vmax":2,"months":7},"geometry":{"type":"Polygon","coordinates":[[[-2.15443,50.42069],[-2.14292,50.37645],[-2.2124,50.369],[-2.22397,50.41324],[-2.15443,50.42069]]]}},{"type":"Feature","properties":{"pos":161,"gear":"Demersal trawl","gearPct":91,"gears":4,"nat":"France","vmax":11,"months":11},"geometry":{"type":"Polygon","coordinates":[[[-2.14292,50.37645],[-2.13144,50.33221],[-2.20085,50.32477],[-2.2124,50.369],[-2.14292,50.37645]]]}},{"type":"Feature","properties":{"pos":385,"gear":"Demersal trawl","gearPct":97,"gears":4,"nat":"France","vmax":12,"months":12},"geometry":{"type":"Polygon","coordinates":[[[-2.13144,50.33221],[-2.11998,50.28796],[-2.18933,50.28053],[-2.20085,50.32477],[-2.13144,50.33221]]]}},{"type":"Feature","properties":{"pos":308,"gear":"Demersal trawl","gearPct":95,"gears":4,"nat":"France","vmax":13,"months":12},"geometry":{"type":"Polygon","coordinates":[[[-2.11998,50.28796],[-2.10855,50.24371],[-2.17784,50.23629],[-2.18933,50.28053],[-2.11998,50.28796]]]}},{"type":"Feature","properties":{"pos":347,"gear":"Demersal trawl","gearPct":67,"gears":4,"nat":"France","vmax":10,"months":12},"geometry":{"type":"Polygon","coordinates":[[[-2.10855,50.24371],[-2.09715,50.19947],[-2.16637,50.19205],[-2.17784,50.23629],[-2.10855,50.24371]]]}},{"type":"Feature","properties":{"pos":239,"gear":"Demersal trawl","gearPct":80,"gears":6,"nat":"France","vmax":10,"months":12},"geometry":{"type":"Polygon","coordinates":[[[-2.09715,50.19947],[-2.08577,50.15521],[-2.15493,50.14781],[-2.16637,50.19205],[-2.09715,50.19947]]]}},{"type":"Feature","properties":{"pos":47,"gear":"Pots & creels","gearPct":85,"gears":3,"nat":"United Kingdom","vmax":3,"months":12},"geometry":{"type":"Polygon","coordinates":[[[-2.08577,50.15521],[-2.07442,50.11096],[-2.14352,50.10356],[-2.15493,50.14781],[-2.08577,50.15521]]]}},{"type":"Feature","properties":{"pos":25,"gear":"Pots & creels","gearPct":100,"gears":1,"nat":"United Kingdom","vmax":1,"months":7},"geometry":{"type":"Polygon","coordinates":[[[-2.14252,50.64931],[-2.13094,50.60507],[-2.20075,50.59763],[-2.21239,50.64186],[-2.14252,50.64931]]]}},{"type":"Feature","properties":{"pos":49,"gear":"Pots & creels","gearPct":90,"gears":2,"nat":"United Kingdom","vmax":2,"months":9},"geometry":{"type":"Polygon","coordinates":[[[-2.13094,50.60507],[-2.11938,50.56083],[-2.18913,50.5534],[-2.20075,50.59763],[-2.13094,50.60507]]]}},{"type":"Feature","properties":{"pos":13,"gear":"Pots & creels","gearPct":69,"gears":2,"nat":"United Kingdom","vmax":1,"months":5},"geometry":{"type":"Polygon","coordinates":[[[-2.11938,50.56083],[-2.10785,50.51659],[-2.17753,50.50916],[-2.18913,50.5534],[-2.11938,50.56083]]]}},{"type":"Feature","properties":{"pos":10,"gear":"Other gear","gearPct":100,"gears":1,"nat":"United Kingdom","vmax":1,"months":5},"geometry":{"type":"Polygon","coordinates":[[[-2.10785,50.51659],[-2.09635,50.47235],[-2.16597,50.46493],[-2.17753,50.50916],[-2.10785,50.51659]]]}},{"type":"Feature","properties":{"pos":11,"gear":"Other gear","gearPct":55,"gears":4,"nat":"United Kingdom","vmax":2,"months":5},"geometry":{"type":"Polygon","coordinates":[[[-2.09635,50.47235],[-2.08488,50.4281],[-2.15443,50.42069],[-2.16597,50.46493],[-2.09635,50.47235]]]}},{"type":"Feature","properties":{"pos":12,"gear":"Other gear","gearPct":67,"gears":3,"nat":"United Kingdom","vmax":1,"months":7},"geometry":{"type":"Polygon","coordinates":[[[-2.08488,50.4281],[-2.07343,50.38385],[-2.14292,50.37645],[-2.15443,50.42069],[-2.08488,50.4281]]]}},{"type":"Feature","properties":{"pos":92,"gear":"Demersal trawl","gearPct":91,"gears":5,"nat":"France","vmax":7,"months":11},"geometry":{"type":"Polygon","coordinates":[[[-2.07343,50.38385],[-2.06201,50.3396],[-2.13144,50.33221],[-2.14292,50.37645],[-2.07343,50.38385]]]}},{"type":"Feature","properties":{"pos":248,"gear":"Demersal trawl","gearPct":97,"gears":4,"nat":"France","vmax":12,"months":11},"geometry":{"type":"Polygon","coordinates":[[[-2.06201,50.3396],[-2.05061,50.29535],[-2.11998,50.28796],[-2.13144,50.33221],[-2.06201,50.3396]]]}},{"type":"Feature","properties":{"pos":261,"gear":"Demersal trawl","gearPct":98,"gears":4,"nat":"France","vmax":11,"months":12},"geometry":{"type":"Polygon","coordinates":[[[-2.05061,50.29535],[-2.03925,50.25109],[-2.10855,50.24371],[-2.11998,50.28796],[-2.05061,50.29535]]]}},{"type":"Feature","properties":{"pos":89,"gear":"Pots & creels","gearPct":48,"gears":5,"nat":"United Kingdom","vmax":4,"months":12},"geometry":{"type":"Polygon","coordinates":[[[-2.03925,50.25109],[-2.0279,50.20684],[-2.09715,50.19947],[-2.10855,50.24371],[-2.03925,50.25109]]]}},{"type":"Feature","properties":{"pos":145,"gear":"Demersal trawl","gearPct":88,"gears":5,"nat":"France","vmax":9,"months":12},"geometry":{"type":"Polygon","coordinates":[[[-2.0279,50.20684],[-2.01659,50.16258],[-2.08577,50.15521],[-2.09715,50.19947],[-2.0279,50.20684]]]}},{"type":"Feature","properties":{"pos":7,"gear":"Demersal trawl","gearPct":86,"gears":2,"nat":"France","vmax":2,"months":3},"geometry":{"type":"Polygon","coordinates":[[[-2.01659,50.16258],[-2.0053,50.11831],[-2.07442,50.11096],[-2.08577,50.15521],[-2.01659,50.16258]]]}},{"type":"Feature","properties":{"pos":2,"gear":"Pots & creels","gearPct":100,"gears":1,"nat":"United Kingdom","vmax":1,"months":2},"geometry":{"type":"Polygon","coordinates":[[[-2.06111,50.61247],[-2.04961,50.56823],[-2.11938,50.56083],[-2.13094,50.60507],[-2.06111,50.61247]]]}},{"type":"Feature","properties":{"pos":2,"gear":"Other gear","gearPct":100,"gears":1,"nat":"United Kingdom","vmax":1,"months":2},"geometry":{"type":"Polygon","coordinates":[[[-2.04961,50.56823],[-2.03815,50.52398],[-2.10785,50.51659],[-2.11938,50.56083],[-2.04961,50.56823]]]}},{"type":"Feature","properties":{"pos":19,"gear":"Other gear","gearPct":100,"gears":1,"nat":"United Kingdom","vmax":3,"months":9},"geometry":{"type":"Polygon","coordinates":[[[-2.03815,50.52398],[-2.02671,50.47972],[-2.09635,50.47235],[-2.10785,50.51659],[-2.03815,50.52398]]]}},{"type":"Feature","properties":{"pos":7,"gear":"Other gear","gearPct":43,"gears":3,"nat":"United Kingdom","vmax":2,"months":4},"geometry":{"type":"Polygon","coordinates":[[[-2.02671,50.47972],[-2.0153,50.43547],[-2.08488,50.4281],[-2.09635,50.47235],[-2.02671,50.47972]]]}},{"type":"Feature","properties":{"pos":6,"gear":"Other gear","gearPct":67,"gears":3,"nat":"United Kingdom","vmax":1,"months":3},"geometry":{"type":"Polygon","coordinates":[[[-2.0153,50.43547],[-2.00391,50.39121],[-2.07343,50.38385],[-2.08488,50.4281],[-2.0153,50.43547]]]}},{"type":"Feature","properties":{"pos":75,"gear":"Demersal trawl","gearPct":92,"gears":5,"nat":"France","vmax":7,"months":9},"geometry":{"type":"Polygon","coordinates":[[[-2.00391,50.39121],[-1.99256,50.34695],[-2.06201,50.3396],[-2.07343,50.38385],[-2.00391,50.39121]]]}},{"type":"Feature","properties":{"pos":146,"gear":"Demersal trawl","gearPct":96,"gears":5,"nat":"France","vmax":11,"months":11},"geometry":{"type":"Polygon","coordinates":[[[-1.99256,50.34695],[-1.98122,50.30269],[-2.05061,50.29535],[-2.06201,50.3396],[-1.99256,50.34695]]]}},{"type":"Feature","properties":{"pos":113,"gear":"Demersal trawl","gearPct":92,"gears":4,"nat":"France","vmax":9,"months":12},"geometry":{"type":"Polygon","coordinates":[[[-1.98122,50.30269],[-1.96992,50.25843],[-2.03925,50.25109],[-2.05061,50.29535],[-1.98122,50.30269]]]}},{"type":"Feature","properties":{"pos":47,"gear":"Demersal trawl","gearPct":68,"gears":6,"nat":"France","vmax":4,"months":12},"geometry":{"type":"Polygon","coordinates":[[[-1.96992,50.25843],[-1.95864,50.21416],[-2.0279,50.20684],[-2.03925,50.25109],[-1.96992,50.25843]]]}},{"type":"Feature","properties":{"pos":82,"gear":"Demersal trawl","gearPct":91,"gears":4,"nat":"France","vmax":6,"months":11},"geometry":{"type":"Polygon","coordinates":[[[-1.95864,50.21416],[-1.94739,50.1699],[-2.01659,50.16258],[-2.0279,50.20684],[-1.95864,50.21416]]]}},{"type":"Feature","properties":{"pos":39,"gear":"Demersal trawl","gearPct":77,"gears":4,"nat":"France","vmax":6,"months":7},"geometry":{"type":"Polygon","coordinates":[[[-1.94739,50.1699],[-1.93616,50.12563],[-2.0053,50.11831],[-2.01659,50.16258],[-1.94739,50.1699]]]}},{"type":"Feature","properties":{"pos":1,"gear":"Other gear","gearPct":100,"gears":1,"nat":"United Kingdom","vmax":1,"months":1},"geometry":{"type":"Polygon","coordinates":[[[-1.97983,50.57558],[-1.96842,50.53132],[-2.03815,50.52398],[-2.04961,50.56823],[-1.97983,50.57558]]]}},{"type":"Feature","properties":{"pos":19,"gear":"Other gear","gearPct":100,"gears":1,"nat":"United Kingdom","vmax":4,"months":5},"geometry":{"type":"Polygon","coordinates":[[[-1.96842,50.53132],[-1.95705,50.48706],[-2.02671,50.47972],[-2.03815,50.52398],[-1.96842,50.53132]]]}},{"type":"Feature","properties":{"pos":15,"gear":"Other gear","gearPct":87,"gears":2,"nat":"United Kingdom","vmax":4,"months":5},"geometry":{"type":"Polygon","coordinates":[[[-1.95705,50.48706],[-1.9457,50.4428],[-2.0153,50.43547],[-2.02671,50.47972],[-1.95705,50.48706]]]}},{"type":"Feature","properties":{"pos":8,"gear":"Other gear","gearPct":88,"gears":2,"nat":"United Kingdom","vmax":2,"months":5},"geometry":{"type":"Polygon","coordinates":[[[-1.9457,50.4428],[-1.93438,50.39853],[-2.00391,50.39121],[-2.0153,50.43547],[-1.9457,50.4428]]]}},{"type":"Feature","properties":{"pos":58,"gear":"Demersal trawl","gearPct":90,"gears":4,"nat":"France","vmax":6,"months":9},"geometry":{"type":"Polygon","coordinates":[[[-1.93438,50.39853],[-1.92308,50.35426],[-1.99256,50.34695],[-2.00391,50.39121],[-1.93438,50.39853]]]}},{"type":"Feature","properties":{"pos":38,"gear":"Demersal trawl","gearPct":97,"gears":2,"nat":"France","vmax":4,"months":7},"geometry":{"type":"Polygon","coordinates":[[[-1.92308,50.35426],[-1.91182,50.31],[-1.98122,50.30269],[-1.99256,50.34695],[-1.92308,50.35426]]]}},{"type":"Feature","properties":{"pos":34,"gear":"Demersal trawl","gearPct":82,"gears":3,"nat":"France","vmax":4,"months":10},"geometry":{"type":"Polygon","coordinates":[[[-1.91182,50.31],[-1.90057,50.26572],[-1.96992,50.25843],[-1.98122,50.30269],[-1.91182,50.31]]]}},{"type":"Feature","properties":{"pos":14,"gear":"Demersal trawl","gearPct":57,"gears":4,"nat":"France","vmax":2,"months":8},"geometry":{"type":"Polygon","coordinates":[[[-1.90057,50.26572],[-1.88936,50.22145],[-1.95864,50.21416],[-1.96992,50.25843],[-1.90057,50.26572]]]}},{"type":"Feature","properties":{"pos":58,"gear":"Demersal trawl","gearPct":95,"gears":4,"nat":"France","vmax":4,"months":9},"geometry":{"type":"Polygon","coordinates":[[[-1.88936,50.22145],[-1.87817,50.17718],[-1.94739,50.1699],[-1.95864,50.21416],[-1.88936,50.22145]]]}},{"type":"Feature","properties":{"pos":35,"gear":"Demersal trawl","gearPct":74,"gears":5,"nat":"France","vmax":3,"months":6},"geometry":{"type":"Polygon","coordinates":[[[-1.87817,50.17718],[-1.867,50.1329],[-1.93616,50.12563],[-1.94739,50.1699],[-1.87817,50.17718]]]}},{"type":"Feature","properties":{"pos":1,"gear":"Other gear","gearPct":100,"gears":1,"nat":"United Kingdom","vmax":1,"months":1},"geometry":{"type":"Polygon","coordinates":[[[-1.94419,50.71567],[-1.93278,50.67141],[-2.00271,50.66409],[-2.01419,50.70834],[-1.94419,50.71567]]]}},{"type":"Feature","properties":{"pos":1,"gear":"Other gear","gearPct":100,"gears":1,"nat":"United Kingdom","vmax":1,"months":1},"geometry":{"type":"Polygon","coordinates":[[[-1.92138,50.62715],[-1.91002,50.58288],[-1.97983,50.57558],[-1.99125,50.61983],[-1.92138,50.62715]]]}},{"type":"Feature","properties":{"pos":1,"gear":"Other gear","gearPct":100,"gears":1,"nat":"United Kingdom","vmax":1,"months":1},"geometry":{"type":"Polygon","coordinates":[[[-1.91002,50.58288],[-1.89868,50.53862],[-1.96842,50.53132],[-1.97983,50.57558],[-1.91002,50.58288]]]}},{"type":"Feature","properties":{"pos":16,"gear":"Other gear","gearPct":100,"gears":1,"nat":"United Kingdom","vmax":3,"months":4},"geometry":{"type":"Polygon","coordinates":[[[-1.89868,50.53862],[-1.88737,50.49435],[-1.95705,50.48706],[-1.96842,50.53132],[-1.89868,50.53862]]]}},{"type":"Feature","properties":{"pos":14,"gear":"Other gear","gearPct":93,"gears":2,"nat":"United Kingdom","vmax":3,"months":9},"geometry":{"type":"Polygon","coordinates":[[[-1.88737,50.49435],[-1.87608,50.45008],[-1.9457,50.4428],[-1.95705,50.48706],[-1.88737,50.49435]]]}},{"type":"Feature","properties":{"pos":13,"gear":"Other gear","gearPct":85,"gears":3,"nat":"United Kingdom","vmax":3,"months":7},"geometry":{"type":"Polygon","coordinates":[[[-1.87608,50.45008],[-1.86483,50.40581],[-1.93438,50.39853],[-1.9457,50.4428],[-1.87608,50.45008]]]}},{"type":"Feature","properties":{"pos":32,"gear":"Demersal trawl","gearPct":75,"gears":4,"nat":"France","vmax":5,"months":10},"geometry":{"type":"Polygon","coordinates":[[[-1.86483,50.40581],[-1.85359,50.36153],[-1.92308,50.35426],[-1.93438,50.39853],[-1.86483,50.40581]]]}},{"type":"Feature","properties":{"pos":7,"gear":"Beam trawl","gearPct":43,"gears":4,"nat":"Belgium","vmax":1,"months":4},"geometry":{"type":"Polygon","coordinates":[[[-1.85359,50.36153],[-1.84239,50.31726],[-1.91182,50.31],[-1.92308,50.35426],[-1.85359,50.36153]]]}},{"type":"Feature","properties":{"pos":12,"gear":"Scallop dredge","gearPct":33,"gears":4,"nat":"France","vmax":1,"months":5},"geometry":{"type":"Polygon","coordinates":[[[-1.84239,50.31726],[-1.83121,50.27298],[-1.90057,50.26572],[-1.91182,50.31],[-1.84239,50.31726]]]}},{"type":"Feature","properties":{"pos":5,"gear":"Fly seine","gearPct":40,"gears":3,"nat":"France","vmax":2,"months":3},"geometry":{"type":"Polygon","coordinates":[[[-1.83121,50.27298],[-1.82005,50.2287],[-1.88936,50.22145],[-1.90057,50.26572],[-1.83121,50.27298]]]}},{"type":"Feature","properties":{"pos":44,"gear":"Demersal trawl","gearPct":93,"gears":4,"nat":"France","vmax":4,"months":7},"geometry":{"type":"Polygon","coordinates":[[[-1.82005,50.2287],[-1.80892,50.18441],[-1.87817,50.17718],[-1.88936,50.22145],[-1.82005,50.2287]]]}},{"type":"Feature","properties":{"pos":31,"gear":"Demersal trawl","gearPct":74,"gears":4,"nat":"France","vmax":5,"months":9},"geometry":{"type":"Polygon","coordinates":[[[-1.80892,50.18441],[-1.79782,50.14013],[-1.867,50.1329],[-1.87817,50.17718],[-1.80892,50.18441]]]}},{"type":"Feature","properties":{"pos":1,"gear":"Other gear","gearPct":100,"gears":1,"nat":"United Kingdom","vmax":1,"months":1},"geometry":{"type":"Polygon","coordinates":[[[-1.86282,50.67869],[-1.85149,50.63442],[-1.92138,50.62715],[-1.93278,50.67141],[-1.86282,50.67869]]]}},{"type":"Feature","properties":{"pos":1,"gear":"Other gear","gearPct":100,"gears":1,"nat":"United Kingdom","vmax":1,"months":1},"geometry":{"type":"Polygon","coordinates":[[[-1.85149,50.63442],[-1.84019,50.59015],[-1.91002,50.58288],[-1.92138,50.62715],[-1.85149,50.63442]]]}},{"type":"Feature","properties":{"pos":1,"gear":"Other gear","gearPct":100,"gears":1,"nat":"United Kingdom","vmax":1,"months":1},"geometry":{"type":"Polygon","coordinates":[[[-1.84019,50.59015],[-1.82892,50.54588],[-1.89868,50.53862],[-1.91002,50.58288],[-1.84019,50.59015]]]}},{"type":"Feature","properties":{"pos":14,"gear":"Other gear","gearPct":100,"gears":1,"nat":"United Kingdom","vmax":2,"months":4},"geometry":{"type":"Polygon","coordinates":[[[-1.82892,50.54588],[-1.81767,50.5016],[-1.88737,50.49435],[-1.89868,50.53862],[-1.82892,50.54588]]]}},{"type":"Feature","properties":{"pos":10,"gear":"Other gear","gearPct":90,"gears":2,"nat":"United Kingdom","vmax":3,"months":6},"geometry":{"type":"Polygon","coordinates":[[[-1.81767,50.5016],[-1.80645,50.45732],[-1.87608,50.45008],[-1.88737,50.49435],[-1.81767,50.5016]]]}},{"type":"Feature","properties":{"pos":10,"gear":"Other gear","gearPct":80,"gears":3,"nat":"United Kingdom","vmax":2,"months":6},"geometry":{"type":"Polygon","coordinates":[[[-1.80645,50.45732],[-1.79525,50.41304],[-1.86483,50.40581],[-1.87608,50.45008],[-1.80645,50.45732]]]}},{"type":"Feature","properties":{"pos":13,"gear":"Demersal trawl","gearPct":85,"gears":2,"nat":"France","vmax":2,"months":9},"geometry":{"type":"Polygon","coordinates":[[[-1.79525,50.41304],[-1.78408,50.36876],[-1.85359,50.36153],[-1.86483,50.40581],[-1.79525,50.41304]]]}},{"type":"Feature","properties":{"pos":15,"gear":"Demersal trawl","gearPct":60,"gears":3,"nat":"France","vmax":2,"months":5},"geometry":{"type":"Polygon","coordinates":[[[-1.78408,50.36876],[-1.77294,50.32447],[-1.84239,50.31726],[-1.85359,50.36153],[-1.78408,50.36876]]]}},{"type":"Feature","properties":{"pos":11,"gear":"Demersal trawl","gearPct":55,"gears":4,"nat":"France","vmax":2,"months":5},"geometry":{"type":"Polygon","coordinates":[[[-1.77294,50.32447],[-1.76182,50.28019],[-1.83121,50.27298],[-1.84239,50.31726],[-1.77294,50.32447]]]}},{"type":"Feature","properties":{"pos":9,"gear":"Demersal trawl","gearPct":33,"gears":5,"nat":"France","vmax":2,"months":4},"geometry":{"type":"Polygon","coordinates":[[[-1.76182,50.28019],[-1.75073,50.2359],[-1.82005,50.2287],[-1.83121,50.27298],[-1.76182,50.28019]]]}},{"type":"Feature","properties":{"pos":25,"gear":"Demersal trawl","gearPct":96,"gears":2,"nat":"France","vmax":2,"months":4},"geometry":{"type":"Polygon","coordinates":[[[-1.75073,50.2359],[-1.73966,50.19161],[-1.80892,50.18441],[-1.82005,50.2287],[-1.75073,50.2359]]]}},{"type":"Feature","properties":{"pos":36,"gear":"Demersal trawl","gearPct":81,"gears":5,"nat":"France","vmax":5,"months":7},"geometry":{"type":"Polygon","coordinates":[[[-1.73966,50.19161],[-1.72862,50.14732],[-1.79782,50.14013],[-1.80892,50.18441],[-1.73966,50.19161]]]}},{"type":"Feature","properties":{"pos":3,"gear":"Other gear","gearPct":100,"gears":1,"nat":"United Kingdom","vmax":2,"months":2},"geometry":{"type":"Polygon","coordinates":[[[-1.75914,50.55309],[-1.74795,50.50881],[-1.81767,50.5016],[-1.82892,50.54588],[-1.75914,50.55309]]]}},{"type":"Feature","properties":{"pos":20,"gear":"Other gear","gearPct":95,"gears":2,"nat":"United Kingdom","vmax":4,"months":7},"geometry":{"type":"Polygon","coordinates":[[[-1.74795,50.50881],[-1.73679,50.46452],[-1.80645,50.45732],[-1.81767,50.5016],[-1.74795,50.50881]]]}},{"type":"Feature","properties":{"pos":5,"gear":"Other gear","gearPct":60,"gears":3,"nat":"United Kingdom","vmax":1,"months":4},"geometry":{"type":"Polygon","coordinates":[[[-1.73679,50.46452],[-1.72566,50.42023],[-1.79525,50.41304],[-1.80645,50.45732],[-1.73679,50.46452]]]}},{"type":"Feature","properties":{"pos":13,"gear":"Demersal trawl","gearPct":69,"gears":3,"nat":"France","vmax":2,"months":9},"geometry":{"type":"Polygon","coordinates":[[[-1.72566,50.42023],[-1.71455,50.37594],[-1.78408,50.36876],[-1.79525,50.41304],[-1.72566,50.42023]]]}},{"type":"Feature","properties":{"pos":7,"gear":"Scallop dredge","gearPct":29,"gears":5,"nat":"France","vmax":1,"months":6},"geometry":{"type":"Polygon","coordinates":[[[-1.71455,50.37594],[-1.70347,50.33165],[-1.77294,50.32447],[-1.78408,50.36876],[-1.71455,50.37594]]]}},{"type":"Feature","properties":{"pos":10,"gear":"Demersal trawl","gearPct":50,"gears":6,"nat":"Belgium","vmax":1,"months":5},"geometry":{"type":"Polygon","coordinates":[[[-1.70347,50.33165],[-1.69242,50.28736],[-1.76182,50.28019],[-1.77294,50.32447],[-1.70347,50.33165]]]}},{"type":"Feature","properties":{"pos":13,"gear":"Demersal trawl","gearPct":69,"gears":4,"nat":"France","vmax":2,"months":6},"geometry":{"type":"Polygon","coordinates":[[[-1.69242,50.28736],[-1.68139,50.24306],[-1.75073,50.2359],[-1.76182,50.28019],[-1.69242,50.28736]]]}},{"type":"Feature","properties":{"pos":22,"gear":"Demersal trawl","gearPct":77,"gears":4,"nat":"France","vmax":2,"months":6},"geometry":{"type":"Polygon","coordinates":[[[-1.68139,50.24306],[-1.67039,50.19876],[-1.73966,50.19161],[-1.75073,50.2359],[-1.68139,50.24306]]]}},{"type":"Feature","properties":{"pos":32,"gear":"Demersal trawl","gearPct":88,"gears":4,"nat":"France","vmax":4,"months":8},"geometry":{"type":"Polygon","coordinates":[[[-1.67039,50.19876],[-1.65941,50.15446],[-1.72862,50.14732],[-1.73966,50.19161],[-1.67039,50.19876]]]}},{"type":"Feature","properties":{"pos":1,"gear":"Other gear","gearPct":100,"gears":1,"nat":"United Kingdom","vmax":1,"months":1},"geometry":{"type":"Polygon","coordinates":[[[-1.71166,50.64884],[-1.70048,50.60455],[-1.77035,50.59737],[-1.78158,50.64165],[-1.71166,50.64884]]]}},{"type":"Feature","properties":{"pos":1,"gear":"Other gear","gearPct":100,"gears":1,"nat":"United Kingdom","vmax":1,"months":1},"geometry":{"type":"Polygon","coordinates":[[[-1.70048,50.60455],[-1.68933,50.56026],[-1.75914,50.55309],[-1.77035,50.59737],[-1.70048,50.60455]]]}},{"type":"Feature","properties":{"pos":6,"gear":"Other gear","gearPct":83,"gears":2,"nat":"United Kingdom","vmax":2,"months":4},"geometry":{"type":"Polygon","coordinates":[[[-1.68933,50.56026],[-1.67821,50.51597],[-1.74795,50.50881],[-1.75914,50.55309],[-1.68933,50.56026]]]}},{"type":"Feature","properties":{"pos":19,"gear":"Other gear","gearPct":100,"gears":1,"nat":"United Kingdom","vmax":2,"months":9},"geometry":{"type":"Polygon","coordinates":[[[-1.67821,50.51597],[-1.66712,50.47168],[-1.73679,50.46452],[-1.74795,50.50881],[-1.67821,50.51597]]]}},{"type":"Feature","properties":{"pos":7,"gear":"Other gear","gearPct":86,"gears":2,"nat":"United Kingdom","vmax":1,"months":6},"geometry":{"type":"Polygon","coordinates":[[[-1.66712,50.47168],[-1.65605,50.42738],[-1.72566,50.42023],[-1.73679,50.46452],[-1.66712,50.47168]]]}},{"type":"Feature","properties":{"pos":13,"gear":"Demersal trawl","gearPct":54,"gears":3,"nat":"France","vmax":2,"months":8},"geometry":{"type":"Polygon","coordinates":[[[-1.65605,50.42738],[-1.645,50.38309],[-1.71455,50.37594],[-1.72566,50.42023],[-1.65605,50.42738]]]}},{"type":"Feature","properties":{"pos":7,"gear":"Demersal trawl","gearPct":43,"gears":3,"nat":"United Kingdom","vmax":2,"months":6},"geometry":{"type":"Polygon","coordinates":[[[-1.645,50.38309],[-1.63399,50.33879],[-1.70347,50.33165],[-1.71455,50.37594],[-1.645,50.38309]]]}},{"type":"Feature","properties":{"pos":13,"gear":"Demersal trawl","gearPct":77,"gears":4,"nat":"France","vmax":1,"months":5},"geometry":{"type":"Polygon","coordinates":[[[-1.63399,50.33879],[-1.62299,50.29448],[-1.69242,50.28736],[-1.70347,50.33165],[-1.63399,50.33879]]]}},{"type":"Feature","properties":{"pos":45,"gear":"Demersal trawl","gearPct":71,"gears":5,"nat":"France","vmax":2,"months":6},"geometry":{"type":"Polygon","coordinates":[[[-1.62299,50.29448],[-1.61203,50.25018],[-1.68139,50.24306],[-1.69242,50.28736],[-1.62299,50.29448]]]}},{"type":"Feature","properties":{"pos":35,"gear":"Demersal trawl","gearPct":77,"gears":5,"nat":"France","vmax":1,"months":9},"geometry":{"type":"Polygon","coordinates":[[[-1.61203,50.25018],[-1.60109,50.20587],[-1.67039,50.19876],[-1.68139,50.24306],[-1.61203,50.25018]]]}},{"type":"Feature","properties":{"pos":38,"gear":"Demersal trawl","gearPct":66,"gears":5,"nat":"France","vmax":4,"months":8},"geometry":{"type":"Polygon","coordinates":[[[-1.60109,50.20587],[-1.59017,50.16157],[-1.65941,50.15446],[-1.67039,50.19876],[-1.60109,50.20587]]]}},{"type":"Feature","properties":{"pos":8,"gear":"Demersal trawl","gearPct":50,"gears":3,"nat":"France","vmax":1,"months":4},"geometry":{"type":"Polygon","coordinates":[[[-1.59017,50.16157],[-1.57928,50.11726],[-1.64846,50.11016],[-1.65941,50.15446],[-1.59017,50.16157]]]}},{"type":"Feature","properties":{"pos":1,"gear":"Other gear","gearPct":100,"gears":1,"nat":"United Kingdom","vmax":1,"months":1},"geometry":{"type":"Polygon","coordinates":[[[-1.64171,50.65599],[-1.6306,50.61169],[-1.70048,50.60455],[-1.71166,50.64884],[-1.64171,50.65599]]]}},{"type":"Feature","properties":{"pos":7,"gear":"Other gear","gearPct":100,"gears":1,"nat":"United Kingdom","vmax":1,"months":4},"geometry":{"type":"Polygon","coordinates":[[[-1.61951,50.5674],[-1.60845,50.5231],[-1.67821,50.51597],[-1.68933,50.56026],[-1.61951,50.5674]]]}},{"type":"Feature","properties":{"pos":13,"gear":"Other gear","gearPct":100,"gears":1,"nat":"United Kingdom","vmax":4,"months":7},"geometry":{"type":"Polygon","coordinates":[[[-1.60845,50.5231],[-1.59742,50.47879],[-1.66712,50.47168],[-1.67821,50.51597],[-1.60845,50.5231]]]}},{"type":"Feature","properties":{"pos":5,"gear":"Other gear","gearPct":60,"gears":3,"nat":"United Kingdom","vmax":1,"months":5},"geometry":{"type":"Polygon","coordinates":[[[-1.59742,50.47879],[-1.58642,50.43449],[-1.65605,50.42738],[-1.66712,50.47168],[-1.59742,50.47879]]]}},{"type":"Feature","properties":{"pos":19,"gear":"Demersal trawl","gearPct":68,"gears":5,"nat":"France","vmax":2,"months":9},"geometry":{"type":"Polygon","coordinates":[[[-1.58642,50.43449],[-1.57544,50.39019],[-1.645,50.38309],[-1.65605,50.42738],[-1.58642,50.43449]]]}},{"type":"Feature","properties":{"pos":15,"gear":"Demersal trawl","gearPct":67,"gears":3,"nat":"France","vmax":2,"months":6},"geometry":{"type":"Polygon","coordinates":[[[-1.57544,50.39019],[-1.56448,50.34588],[-1.63399,50.33879],[-1.645,50.38309],[-1.57544,50.39019]]]}},{"type":"Feature","properties":{"pos":7,"gear":"Beam trawl","gearPct":57,"gears":3,"nat":"Belgium","vmax":1,"months":4},"geometry":{"type":"Polygon","coordinates":[[[-1.56448,50.34588],[-1.55355,50.30157],[-1.62299,50.29448],[-1.63399,50.33879],[-1.56448,50.34588]]]}},{"type":"Feature","properties":{"pos":48,"gear":"Demersal trawl","gearPct":79,"gears":5,"nat":"France","vmax":2,"months":9},"geometry":{"type":"Polygon","coordinates":[[[-1.55355,50.30157],[-1.54265,50.25726],[-1.61203,50.25018],[-1.62299,50.29448],[-1.55355,50.30157]]]}},{"type":"Feature","properties":{"pos":21,"gear":"Demersal trawl","gearPct":76,"gears":4,"nat":"France","vmax":1,"months":6},"geometry":{"type":"Polygon","coordinates":[[[-1.54265,50.25726],[-1.53177,50.21294],[-1.60109,50.20587],[-1.61203,50.25018],[-1.54265,50.25726]]]}},{"type":"Feature","properties":{"pos":19,"gear":"Demersal trawl","gearPct":47,"gears":4,"nat":"France","vmax":2,"months":8},"geometry":{"type":"Polygon","coordinates":[[[-1.53177,50.21294],[-1.52092,50.16863],[-1.59017,50.16157],[-1.60109,50.20587],[-1.53177,50.21294]]]}},{"type":"Feature","properties":{"pos":12,"gear":"Demersal trawl","gearPct":50,"gears":4,"nat":"France","vmax":1,"months":4},"geometry":{"type":"Polygon","coordinates":[[[-1.52092,50.16863],[-1.51009,50.12431],[-1.57928,50.11726],[-1.59017,50.16157],[-1.52092,50.16863]]]}},{"type":"Feature","properties":{"pos":1,"gear":"Other gear","gearPct":100,"gears":1,"nat":"United Kingdom","vmax":1,"months":1},"geometry":{"type":"Polygon","coordinates":[[[-1.58281,50.70739],[-1.57174,50.66309],[-1.64171,50.65599],[-1.65284,50.70028],[-1.58281,50.70739]]]}},{"type":"Feature","properties":{"pos":3,"gear":"Other gear","gearPct":100,"gears":1,"nat":"United Kingdom","vmax":1,"months":2},"geometry":{"type":"Polygon","coordinates":[[[-1.54967,50.57448],[-1.53868,50.53018],[-1.60845,50.5231],[-1.61951,50.5674],[-1.54967,50.57448]]]}},{"type":"Feature","properties":{"pos":4,"gear":"Other gear","gearPct":100,"gears":1,"nat":"United Kingdom","vmax":2,"months":2},"geometry":{"type":"Polygon","coordinates":[[[-1.53868,50.53018],[-1.52771,50.48587],[-1.59742,50.47879],[-1.60845,50.5231],[-1.53868,50.53018]]]}},{"type":"Feature","properties":{"pos":8,"gear":"Other gear","gearPct":63,"gears":4,"nat":"United Kingdom","vmax":2,"months":6},"geometry":{"type":"Polygon","coordinates":[[[-1.52771,50.48587],[-1.51677,50.44156],[-1.58642,50.43449],[-1.59742,50.47879],[-1.52771,50.48587]]]}},{"type":"Feature","properties":{"pos":16,"gear":"Demersal trawl","gearPct":75,"gears":2,"nat":"France","vmax":4,"months":7},"geometry":{"type":"Polygon","coordinates":[[[-1.51677,50.44156],[-1.50585,50.39724],[-1.57544,50.39019],[-1.58642,50.43449],[-1.51677,50.44156]]]}},{"type":"Feature","properties":{"pos":35,"gear":"Demersal trawl","gearPct":80,"gears":5,"nat":"France","vmax":3,"months":7},"geometry":{"type":"Polygon","coordinates":[[[-1.50585,50.39724],[-1.49496,50.35293],[-1.56448,50.34588],[-1.57544,50.39019],[-1.50585,50.39724]]]}},{"type":"Feature","properties":{"pos":5,"gear":"Demersal trawl","gearPct":60,"gears":2,"nat":"France","vmax":1,"months":3},"geometry":{"type":"Polygon","coordinates":[[[-1.49496,50.35293],[-1.48409,50.30861],[-1.55355,50.30157],[-1.56448,50.34588],[-1.49496,50.35293]]]}},{"type":"Feature","properties":{"pos":47,"gear":"Other gear","gearPct":40,"gears":5,"nat":"United Kingdom","vmax":2,"months":8},"geometry":{"type":"Polygon","coordinates":[[[-1.48409,50.30861],[-1.47325,50.26429],[-1.54265,50.25726],[-1.55355,50.30157],[-1.48409,50.30861]]]}},{"type":"Feature","properties":{"pos":24,"gear":"Other gear","gearPct":58,"gears":5,"nat":"United Kingdom","vmax":2,"months":9},"geometry":{"type":"Polygon","coordinates":[[[-1.47325,50.26429],[-1.46244,50.21997],[-1.53177,50.21294],[-1.54265,50.25726],[-1.47325,50.26429]]]}},{"type":"Feature","properties":{"pos":31,"gear":"Pots & creels","gearPct":39,"gears":4,"nat":"United Kingdom","vmax":3,"months":7},"geometry":{"type":"Polygon","coordinates":[[[-1.46244,50.21997],[-1.45164,50.17565],[-1.52092,50.16863],[-1.53177,50.21294],[-1.46244,50.21997]]]}},{"type":"Feature","properties":{"pos":16,"gear":"Demersal trawl","gearPct":44,"gears":4,"nat":"France","vmax":2,"months":8},"geometry":{"type":"Polygon","coordinates":[[[-1.45164,50.17565],[-1.44088,50.13132],[-1.51009,50.12431],[-1.52092,50.16863],[-1.45164,50.17565]]]}},{"type":"Feature","properties":{"pos":3,"gear":"Other gear","gearPct":100,"gears":1,"nat":"United Kingdom","vmax":1,"months":3},"geometry":{"type":"Polygon","coordinates":[[[-1.47981,50.58153],[-1.46888,50.53722],[-1.53868,50.53018],[-1.54967,50.57448],[-1.47981,50.58153]]]}},{"type":"Feature","properties":{"pos":12,"gear":"Other gear","gearPct":100,"gears":1,"nat":"United Kingdom","vmax":2,"months":8},"geometry":{"type":"Polygon","coordinates":[[[-1.46888,50.53722],[-1.45798,50.4929],[-1.52771,50.48587],[-1.53868,50.53018],[-1.46888,50.53722]]]}},{"type":"Feature","properties":{"pos":17,"gear":"Demersal trawl","gearPct":71,"gears":3,"nat":"France","vmax":2,"months":7},"geometry":{"type":"Polygon","coordinates":[[[-1.45798,50.4929],[-1.4471,50.44858],[-1.51677,50.44156],[-1.52771,50.48587],[-1.45798,50.4929]]]}},{"type":"Feature","properties":{"pos":39,"gear":"Demersal trawl","gearPct":72,"gears":3,"nat":"France","vmax":6,"months":8},"geometry":{"type":"Polygon","coordinates":[[[-1.4471,50.44858],[-1.43624,50.40426],[-1.50585,50.39724],[-1.51677,50.44156],[-1.4471,50.44858]]]}},{"type":"Feature","properties":{"pos":40,"gear":"Demersal trawl","gearPct":85,"gears":4,"nat":"France","vmax":4,"months":9},"geometry":{"type":"Polygon","coordinates":[[[-1.43624,50.40426],[-1.42541,50.35994],[-1.49496,50.35293],[-1.50585,50.39724],[-1.43624,50.40426]]]}},{"type":"Feature","properties":{"pos":14,"gear":"Demersal trawl","gearPct":71,"gears":4,"nat":"France","vmax":2,"months":6},"geometry":{"type":"Polygon","coordinates":[[[-1.42541,50.35994],[-1.41461,50.31561],[-1.48409,50.30861],[-1.49496,50.35293],[-1.42541,50.35994]]]}},{"type":"Feature","properties":{"pos":15,"gear":"Demersal trawl","gearPct":47,"gears":4,"nat":"France","vmax":1,"months":5},"geometry":{"type":"Polygon","coordinates":[[[-1.41461,50.31561],[-1.40383,50.27129],[-1.47325,50.26429],[-1.48409,50.30861],[-1.41461,50.31561]]]}},{"type":"Feature","properties":{"pos":35,"gear":"Other gear","gearPct":57,"gears":3,"nat":"United Kingdom","vmax":2,"months":9},"geometry":{"type":"Polygon","coordinates":[[[-1.40383,50.27129],[-1.39308,50.22696],[-1.46244,50.21997],[-1.47325,50.26429],[-1.40383,50.27129]]]}},{"type":"Feature","properties":{"pos":13,"gear":"Demersal trawl","gearPct":46,"gears":5,"nat":"France","vmax":1,"months":7},"geometry":{"type":"Polygon","coordinates":[[[-1.39308,50.22696],[-1.38235,50.18263],[-1.45164,50.17565],[-1.46244,50.21997],[-1.39308,50.22696]]]}},{"type":"Feature","properties":{"pos":42,"gear":"Demersal trawl","gearPct":67,"gears":5,"nat":"France","vmax":2,"months":12},"geometry":{"type":"Polygon","coordinates":[[[-1.38235,50.18263],[-1.37165,50.13829],[-1.44088,50.13132],[-1.45164,50.17565],[-1.38235,50.18263]]]}},{"type":"Feature","properties":{"pos":1,"gear":"Other gear","gearPct":100,"gears":1,"nat":"United Kingdom","vmax":1,"months":1},"geometry":{"type":"Polygon","coordinates":[[[-1.45366,50.7658],[-1.44269,50.72149],[-1.51276,50.71446],[-1.52379,50.75877],[-1.45366,50.7658]]]}},{"type":"Feature","properties":{"pos":1,"gear":"Other gear","gearPct":100,"gears":1,"nat":"United Kingdom","vmax":1,"months":1},"geometry":{"type":"Polygon","coordinates":[[[-1.40993,50.58853],[-1.39907,50.54421],[-1.46888,50.53722],[-1.47981,50.58153],[-1.40993,50.58853]]]}},{"type":"Feature","properties":{"pos":10,"gear":"Other gear","gearPct":90,"gears":2,"nat":"United Kingdom","vmax":3,"months":5},"geometry":{"type":"Polygon","coordinates":[[[-1.39907,50.54421],[-1.38822,50.49989],[-1.45798,50.4929],[-1.46888,50.53722],[-1.39907,50.54421]]]}},{"type":"Feature","properties":{"pos":22,"gear":"Demersal trawl","gearPct":64,"gears":3,"nat":"France","vmax":3,"months":9},"geometry":{"type":"Polygon","coordinates":[[[-1.38822,50.49989],[-1.37741,50.45556],[-1.4471,50.44858],[-1.45798,50.4929],[-1.38822,50.49989]]]}},{"type":"Feature","properties":{"pos":72,"gear":"Demersal trawl","gearPct":78,"gears":4,"nat":"France","vmax":6,"months":8},"geometry":{"type":"Polygon","coordinates":[[[-1.37741,50.45556],[-1.36662,50.41123],[-1.43624,50.40426],[-1.4471,50.44858],[-1.37741,50.45556]]]}},{"type":"Feature","properties":{"pos":74,"gear":"Demersal trawl","gearPct":82,"gears":5,"nat":"France","vmax":5,"months":10},"geometry":{"type":"Polygon","coordinates":[[[-1.36662,50.41123],[-1.35585,50.3669],[-1.42541,50.35994],[-1.43624,50.40426],[-1.36662,50.41123]]]}},{"type":"Feature","properties":{"pos":16,"gear":"Demersal trawl","gearPct":94,"gears":2,"nat":"France","vmax":3,"months":8},"geometry":{"type":"Polygon","coordinates":[[[-1.35585,50.3669],[-1.34511,50.32257],[-1.41461,50.31561],[-1.42541,50.35994],[-1.35585,50.3669]]]}},{"type":"Feature","properties":{"pos":13,"gear":"Demersal trawl","gearPct":54,"gears":4,"nat":"France","vmax":1,"months":8},"geometry":{"type":"Polygon","coordinates":[[[-1.34511,50.32257],[-1.3344,50.27824],[-1.40383,50.27129],[-1.41461,50.31561],[-1.34511,50.32257]]]}},{"type":"Feature","properties":{"pos":20,"gear":"Other gear","gearPct":55,"gears":3,"nat":"United Kingdom","vmax":3,"months":9},"geometry":{"type":"Polygon","coordinates":[[[-1.3344,50.27824],[-1.32371,50.2339],[-1.39308,50.22696],[-1.40383,50.27129],[-1.3344,50.27824]]]}},{"type":"Feature","properties":{"pos":18,"gear":"Pelagic trawl","gearPct":33,"gears":4,"nat":"France","vmax":2,"months":7},"geometry":{"type":"Polygon","coordinates":[[[-1.32371,50.2339],[-1.31304,50.18956],[-1.38235,50.18263],[-1.39308,50.22696],[-1.32371,50.2339]]]}},{"type":"Feature","properties":{"pos":66,"gear":"Demersal trawl","gearPct":91,"gears":3,"nat":"France","vmax":3,"months":11},"geometry":{"type":"Polygon","coordinates":[[[-1.31304,50.18956],[-1.3024,50.14522],[-1.37165,50.13829],[-1.38235,50.18263],[-1.31304,50.18956]]]}},{"type":"Feature","properties":{"pos":1,"gear":"Other gear","gearPct":100,"gears":1,"nat":"United Kingdom","vmax":1,"months":1},"geometry":{"type":"Polygon","coordinates":[[[-1.3835,50.7728],[-1.3726,50.72847],[-1.44269,50.72149],[-1.45366,50.7658],[-1.3835,50.7728]]]}},{"type":"Feature","properties":{"pos":1,"gear":"Other gear","gearPct":100,"gears":1,"nat":"United Kingdom","vmax":1,"months":1},"geometry":{"type":"Polygon","coordinates":[[[-1.34003,50.5955],[-1.32923,50.55117],[-1.39907,50.54421],[-1.40993,50.58853],[-1.34003,50.5955]]]}},{"type":"Feature","properties":{"pos":10,"gear":"Other gear","gearPct":100,"gears":1,"nat":"United Kingdom","vmax":3,"months":6},"geometry":{"type":"Polygon","coordinates":[[[-1.32923,50.55117],[-1.31845,50.50683],[-1.38822,50.49989],[-1.39907,50.54421],[-1.32923,50.55117]]]}},{"type":"Feature","properties":{"pos":27,"gear":"Demersal trawl","gearPct":67,"gears":4,"nat":"France","vmax":4,"months":8},"geometry":{"type":"Polygon","coordinates":[[[-1.31845,50.50683],[-1.3077,50.4625],[-1.37741,50.45556],[-1.38822,50.49989],[-1.31845,50.50683]]]}},{"type":"Feature","properties":{"pos":78,"gear":"Demersal trawl","gearPct":96,"gears":4,"nat":"France","vmax":7,"months":7},"geometry":{"type":"Polygon","coordinates":[[[-1.3077,50.4625],[-1.29697,50.41816],[-1.36662,50.41123],[-1.37741,50.45556],[-1.3077,50.4625]]]}},{"type":"Feature","properties":{"pos":59,"gear":"Demersal trawl","gearPct":59,"gears":4,"nat":"France","vmax":7,"months":5},"geometry":{"type":"Polygon","coordinates":[[[-1.29697,50.41816],[-1.28627,50.37383],[-1.35585,50.3669],[-1.36662,50.41123],[-1.29697,50.41816]]]}},{"type":"Feature","properties":{"pos":129,"gear":"Demersal trawl","gearPct":87,"gears":4,"nat":"France","vmax":9,"months":9},"geometry":{"type":"Polygon","coordinates":[[[-1.28627,50.37383],[-1.2756,50.32949],[-1.34511,50.32257],[-1.35585,50.3669],[-1.28627,50.37383]]]}},{"type":"Feature","properties":{"pos":21,"gear":"Demersal trawl","gearPct":67,"gears":4,"nat":"France","vmax":2,"months":8},"geometry":{"type":"Polygon","coordinates":[[[-1.2756,50.32949],[-1.26494,50.28515],[-1.3344,50.27824],[-1.34511,50.32257],[-1.2756,50.32949]]]}},{"type":"Feature","properties":{"pos":8,"gear":"Demersal trawl","gearPct":75,"gears":2,"nat":"France","vmax":2,"months":3},"geometry":{"type":"Polygon","coordinates":[[[-1.26494,50.28515],[-1.25432,50.2408],[-1.32371,50.2339],[-1.3344,50.27824],[-1.26494,50.28515]]]}},{"type":"Feature","properties":{"pos":16,"gear":"Pelagic trawl","gearPct":38,"gears":5,"nat":"France","vmax":1,"months":6},"geometry":{"type":"Polygon","coordinates":[[[-1.25432,50.2408],[-1.24371,50.19646],[-1.31304,50.18956],[-1.32371,50.2339],[-1.25432,50.2408]]]}},{"type":"Feature","properties":{"pos":99,"gear":"Demersal trawl","gearPct":73,"gears":5,"nat":"France","vmax":4,"months":11},"geometry":{"type":"Polygon","coordinates":[[[-1.24371,50.19646],[-1.23314,50.15211],[-1.3024,50.14522],[-1.31304,50.18956],[-1.24371,50.19646]]]}},{"type":"Feature","properties":{"pos":5,"gear":"Demersal trawl","gearPct":80,"gears":2,"nat":"France","vmax":2,"months":4},"geometry":{"type":"Polygon","coordinates":[[[-1.23314,50.15211],[-1.22258,50.10776],[-1.29179,50.10088],[-1.3024,50.14522],[-1.23314,50.15211]]]}},{"type":"Feature","properties":{"pos":1,"gear":"Other gear","gearPct":100,"gears":1,"nat":"United Kingdom","vmax":1,"months":1},"geometry":{"type":"Polygon","coordinates":[[[-1.35695,50.95704],[-1.346,50.91272],[-1.41637,50.90575],[-1.42738,50.95006],[-1.35695,50.95704]]]}},{"type":"Feature","properties":{"pos":12,"gear":"Other gear","gearPct":100,"gears":1,"nat":"United Kingdom","vmax":2,"months":6},"geometry":{"type":"Polygon","coordinates":[[[-1.346,50.91272],[-1.33508,50.8684],[-1.40539,50.86143],[-1.41637,50.90575],[-1.346,50.91272]]]}},{"type":"Feature","properties":{"pos":2,"gear":"Other gear","gearPct":100,"gears":1,"nat":"United Kingdom","vmax":1,"months":2},"geometry":{"type":"Polygon","coordinates":[[[-1.33508,50.8684],[-1.32419,50.82407],[-1.39443,50.81712],[-1.40539,50.86143],[-1.33508,50.8684]]]}},{"type":"Feature","properties":{"pos":1,"gear":"Other gear","gearPct":100,"gears":1,"nat":"United Kingdom","vmax":1,"months":1},"geometry":{"type":"Polygon","coordinates":[[[-1.27012,50.60241],[-1.25938,50.55808],[-1.32923,50.55117],[-1.34003,50.5955],[-1.27012,50.60241]]]}},{"type":"Feature","properties":{"pos":62,"gear":"Pots & creels","gearPct":66,"gears":2,"nat":"United Kingdom","vmax":3,"months":11},"geometry":{"type":"Polygon","coordinates":[[[-1.25938,50.55808],[-1.24866,50.51374],[-1.31845,50.50683],[-1.32923,50.55117],[-1.25938,50.55808]]]}},{"type":"Feature","properties":{"pos":30,"gear":"Demersal trawl","gearPct":67,"gears":3,"nat":"France","vmax":3,"months":7},"geometry":{"type":"Polygon","coordinates":[[[-1.24866,50.51374],[-1.23798,50.4694],[-1.3077,50.4625],[-1.31845,50.50683],[-1.24866,50.51374]]]}},{"type":"Feature","properties":{"pos":133,"gear":"Demersal trawl","gearPct":94,"gears":3,"nat":"France","vmax":8,"months":7},"geometry":{"type":"Polygon","coordinates":[[[-1.23798,50.4694],[-1.22731,50.42505],[-1.29697,50.41816],[-1.3077,50.4625],[-1.23798,50.4694]]]}},{"type":"Feature","properties":{"pos":49,"gear":"Demersal trawl","gearPct":65,"gears":4,"nat":"France","vmax":7,"months":9},"geometry":{"type":"Polygon","coordinates":[[[-1.22731,50.42505],[-1.21667,50.38071],[-1.28627,50.37383],[-1.29697,50.41816],[-1.22731,50.42505]]]}},{"type":"Feature","properties":{"pos":228,"gear":"Demersal trawl","gearPct":88,"gears":4,"nat":"France","vmax":11,"months":10},"geometry":{"type":"Polygon","coordinates":[[[-1.21667,50.38071],[-1.20606,50.33636],[-1.2756,50.32949],[-1.28627,50.37383],[-1.21667,50.38071]]]}},{"type":"Feature","properties":{"pos":30,"gear":"Other gear","gearPct":57,"gears":4,"nat":"United Kingdom","vmax":2,"months":8},"geometry":{"type":"Polygon","coordinates":[[[-1.20606,50.33636],[-1.19547,50.29201],[-1.26494,50.28515],[-1.2756,50.32949],[-1.20606,50.33636]]]}},{"type":"Feature","properties":{"pos":15,"gear":"Other gear","gearPct":53,"gears":4,"nat":"United Kingdom","vmax":2,"months":8},"geometry":{"type":"Polygon","coordinates":[[[-1.19547,50.29201],[-1.18491,50.24766],[-1.25432,50.2408],[-1.26494,50.28515],[-1.19547,50.29201]]]}},{"type":"Feature","properties":{"pos":26,"gear":"Other gear","gearPct":38,"gears":6,"nat":"United Kingdom","vmax":2,"months":10},"geometry":{"type":"Polygon","coordinates":[[[-1.18491,50.24766],[-1.17437,50.20331],[-1.24371,50.19646],[-1.25432,50.2408],[-1.18491,50.24766]]]}},{"type":"Feature","properties":{"pos":129,"gear":"Demersal trawl","gearPct":82,"gears":4,"nat":"France","vmax":5,"months":11},"geometry":{"type":"Polygon","coordinates":[[[-1.17437,50.20331],[-1.16385,50.15895],[-1.23314,50.15211],[-1.24371,50.19646],[-1.17437,50.20331]]]}},{"type":"Feature","properties":{"pos":46,"gear":"Demersal trawl","gearPct":61,"gears":4,"nat":"France","vmax":3,"months":11},"geometry":{"type":"Polygon","coordinates":[[[-1.16385,50.15895],[-1.15336,50.1146],[-1.22258,50.10776],[-1.23314,50.15211],[-1.16385,50.15895]]]}},{"type":"Feature","properties":{"pos":1,"gear":"Other gear","gearPct":100,"gears":1,"nat":"United Kingdom","vmax":1,"months":1},"geometry":{"type":"Polygon","coordinates":[[[-1.26476,50.87532],[-1.25393,50.83099],[-1.32419,50.82407],[-1.33508,50.8684],[-1.26476,50.87532]]]}},{"type":"Feature","properties":{"pos":14,"gear":"Other gear","gearPct":100,"gears":1,"nat":"United Kingdom","vmax":2,"months":4},"geometry":{"type":"Polygon","coordinates":[[[-1.25393,50.83099],[-1.24313,50.78665],[-1.31333,50.77974],[-1.32419,50.82407],[-1.25393,50.83099]]]}},{"type":"Feature","properties":{"pos":49,"gear":"Pots & creels","gearPct":82,"gears":2,"nat":"United Kingdom","vmax":2,"months":10},"geometry":{"type":"Polygon","coordinates":[[[-1.20018,50.60929],[-1.18951,50.56495],[-1.25938,50.55808],[-1.27012,50.60241],[-1.20018,50.60929]]]}},{"type":"Feature","properties":{"pos":117,"gear":"Pots & creels","gearPct":66,"gears":3,"nat":"United Kingdom","vmax":3,"months":11},"geometry":{"type":"Polygon","coordinates":[[[-1.18951,50.56495],[-1.17886,50.5206],[-1.24866,50.51374],[-1.25938,50.55808],[-1.18951,50.56495]]]}},{"type":"Feature","properties":{"pos":63,"gear":"Demersal trawl","gearPct":79,"gears":4,"nat":"France","vmax":6,"months":11},"geometry":{"type":"Polygon","coordinates":[[[-1.17886,50.5206],[-1.16823,50.47625],[-1.23798,50.4694],[-1.24866,50.51374],[-1.17886,50.5206]]]}},{"type":"Feature","properties":{"pos":172,"gear":"Demersal trawl","gearPct":94,"gears":4,"nat":"France","vmax":9,"months":10},"geometry":{"type":"Polygon","coordinates":[[[-1.16823,50.47625],[-1.15763,50.4319],[-1.22731,50.42505],[-1.23798,50.4694],[-1.16823,50.47625]]]}},{"type":"Feature","properties":{"pos":53,"gear":"Demersal trawl","gearPct":74,"gears":5,"nat":"France","vmax":6,"months":8},"geometry":{"type":"Polygon","coordinates":[[[-1.15763,50.4319],[-1.14706,50.38755],[-1.21667,50.38071],[-1.22731,50.42505],[-1.15763,50.4319]]]}},{"type":"Feature","properties":{"pos":240,"gear":"Demersal trawl","gearPct":90,"gears":3,"nat":"France","vmax":12,"months":9},"geometry":{"type":"Polygon","coordinates":[[[-1.14706,50.38755],[-1.13651,50.34319],[-1.20606,50.33636],[-1.21667,50.38071],[-1.14706,50.38755]]]}},{"type":"Feature","properties":{"pos":35,"gear":"Other gear","gearPct":54,"gears":5,"nat":"United Kingdom","vmax":4,"months":10},"geometry":{"type":"Polygon","coordinates":[[[-1.13651,50.34319],[-1.12598,50.29884],[-1.19547,50.29201],[-1.20606,50.33636],[-1.13651,50.34319]]]}},{"type":"Feature","properties":{"pos":72,"gear":"Other gear","gearPct":53,"gears":3,"nat":"United Kingdom","vmax":4,"months":12},"geometry":{"type":"Polygon","coordinates":[[[-1.12598,50.29884],[-1.11548,50.25448],[-1.18491,50.24766],[-1.19547,50.29201],[-1.12598,50.29884]]]}},{"type":"Feature","properties":{"pos":53,"gear":"Other gear","gearPct":64,"gears":4,"nat":"United Kingdom","vmax":2,"months":9},"geometry":{"type":"Polygon","coordinates":[[[-1.11548,50.25448],[-1.105,50.21012],[-1.17437,50.20331],[-1.18491,50.24766],[-1.11548,50.25448]]]}},{"type":"Feature","properties":{"pos":73,"gear":"Demersal trawl","gearPct":79,"gears":4,"nat":"France","vmax":6,"months":12},"geometry":{"type":"Polygon","coordinates":[[[-1.105,50.21012],[-1.09455,50.16576],[-1.16385,50.15895],[-1.17437,50.20331],[-1.105,50.21012]]]}},{"type":"Feature","properties":{"pos":194,"gear":"Demersal trawl","gearPct":88,"gears":4,"nat":"France","vmax":6,"months":12},"geometry":{"type":"Polygon","coordinates":[[[-1.09455,50.16576],[-1.08412,50.12139],[-1.15336,50.1146],[-1.16385,50.15895],[-1.09455,50.16576]]]}},{"type":"Feature","properties":{"pos":2,"gear":"Other gear","gearPct":100,"gears":1,"nat":"United Kingdom","vmax":1,"months":1},"geometry":{"type":"Polygon","coordinates":[[[-1.18366,50.83786],[-1.17292,50.79351],[-1.24313,50.78665],[-1.25393,50.83099],[-1.18366,50.83786]]]}},{"type":"Feature","properties":{"pos":6,"gear":"Other gear","gearPct":100,"gears":1,"nat":"United Kingdom","vmax":2,"months":3},"geometry":{"type":"Polygon","coordinates":[[[-1.17292,50.79351],[-1.16221,50.74917],[-1.23236,50.74231],[-1.24313,50.78665],[-1.17292,50.79351]]]}},{"type":"Feature","properties":{"pos":1,"gear":"Other gear","gearPct":100,"gears":1,"nat":"United Kingdom","vmax":1,"months":1},"geometry":{"type":"Polygon","coordinates":[[[-1.16221,50.74917],[-1.15152,50.70482],[-1.22161,50.69797],[-1.23236,50.74231],[-1.16221,50.74917]]]}},{"type":"Feature","properties":{"pos":1,"gear":"Other gear","gearPct":100,"gears":1,"nat":"United Kingdom","vmax":1,"months":1},"geometry":{"type":"Polygon","coordinates":[[[-1.14086,50.66048],[-1.13023,50.61613],[-1.20018,50.60929],[-1.21088,50.65363],[-1.14086,50.66048]]]}},{"type":"Feature","properties":{"pos":15,"gear":"Pots & creels","gearPct":60,"gears":3,"nat":"United Kingdom","vmax":1,"months":8},"geometry":{"type":"Polygon","coordinates":[[[-1.13023,50.61613],[-1.11962,50.57177],[-1.18951,50.56495],[-1.20018,50.60929],[-1.13023,50.61613]]]}},{"type":"Feature","properties":{"pos":91,"gear":"Pots & creels","gearPct":74,"gears":2,"nat":"United Kingdom","vmax":3,"months":12},"geometry":{"type":"Polygon","coordinates":[[[-1.11962,50.57177],[-1.10903,50.52742],[-1.17886,50.5206],[-1.18951,50.56495],[-1.11962,50.57177]]]}},{"type":"Feature","properties":{"pos":106,"gear":"Demersal trawl","gearPct":89,"gears":3,"nat":"France","vmax":8,"months":11},"geometry":{"type":"Polygon","coordinates":[[[-1.10903,50.52742],[-1.09847,50.48306],[-1.16823,50.47625],[-1.17886,50.5206],[-1.10903,50.52742]]]}},{"type":"Feature","properties":{"pos":203,"gear":"Demersal trawl","gearPct":97,"gears":3,"nat":"France","vmax":10,"months":8},"geometry":{"type":"Polygon","coordinates":[[[-1.09847,50.48306],[-1.08793,50.4387],[-1.15763,50.4319],[-1.16823,50.47625],[-1.09847,50.48306]]]}},{"type":"Feature","properties":{"pos":69,"gear":"Demersal trawl","gearPct":74,"gears":5,"nat":"France","vmax":8,"months":10},"geometry":{"type":"Polygon","coordinates":[[[-1.08793,50.4387],[-1.07742,50.39435],[-1.14706,50.38755],[-1.15763,50.4319],[-1.08793,50.4387]]]}},{"type":"Feature","properties":{"pos":277,"gear":"Demersal trawl","gearPct":86,"gears":5,"nat":"France","vmax":11,"months":10},"geometry":{"type":"Polygon","coordinates":[[[-1.07742,50.39435],[-1.06693,50.34998],[-1.13651,50.34319],[-1.14706,50.38755],[-1.07742,50.39435]]]}},{"type":"Feature","properties":{"pos":40,"gear":"Other gear","gearPct":40,"gears":6,"nat":"United Kingdom","vmax":3,"months":9},"geometry":{"type":"Polygon","coordinates":[[[-1.06693,50.34998],[-1.05647,50.30562],[-1.12598,50.29884],[-1.13651,50.34319],[-1.06693,50.34998]]]}},{"type":"Feature","properties":{"pos":55,"gear":"Other gear","gearPct":76,"gears":5,"nat":"United Kingdom","vmax":2,"months":11},"geometry":{"type":"Polygon","coordinates":[[[-1.05647,50.30562],[-1.04603,50.26125],[-1.11548,50.25448],[-1.12598,50.29884],[-1.05647,50.30562]]]}},{"type":"Feature","properties":{"pos":49,"gear":"Demersal trawl","gearPct":49,"gears":3,"nat":"United Kingdom","vmax":3,"months":10},"geometry":{"type":"Polygon","coordinates":[[[-1.04603,50.26125],[-1.03562,50.21689],[-1.105,50.21012],[-1.11548,50.25448],[-1.04603,50.26125]]]}},{"type":"Feature","properties":{"pos":62,"gear":"Demersal trawl","gearPct":85,"gears":5,"nat":"France","vmax":4,"months":11},"geometry":{"type":"Polygon","coordinates":[[[-1.03562,50.21689],[-1.02523,50.17252],[-1.09455,50.16576],[-1.105,50.21012],[-1.03562,50.21689]]]}},{"type":"Feature","properties":{"pos":270,"gear":"Demersal trawl","gearPct":96,"gears":3,"nat":"France","vmax":9,"months":12},"geometry":{"type":"Polygon","coordinates":[[[-1.02523,50.17252],[-1.01486,50.12815],[-1.08412,50.12139],[-1.09455,50.16576],[-1.02523,50.17252]]]}},{"type":"Feature","properties":{"pos":1,"gear":"Other gear","gearPct":100,"gears":1,"nat":"United Kingdom","vmax":1,"months":1},"geometry":{"type":"Polygon","coordinates":[[[-1.11336,50.84469],[-1.10269,50.80034],[-1.17292,50.79351],[-1.18366,50.83786],[-1.11336,50.84469]]]}},{"type":"Feature","properties":{"pos":109,"gear":"Other gear","gearPct":74,"gears":3,"nat":"United Kingdom","vmax":9,"months":12},"geometry":{"type":"Polygon","coordinates":[[[-1.10269,50.80034],[-1.09204,50.75598],[-1.16221,50.74917],[-1.17292,50.79351],[-1.10269,50.80034]]]}},{"type":"Feature","properties":{"pos":41,"gear":"Other gear","gearPct":98,"gears":2,"nat":"United Kingdom","vmax":1,"months":5},"geometry":{"type":"Polygon","coordinates":[[[-1.09204,50.75598],[-1.08142,50.71163],[-1.15152,50.70482],[-1.16221,50.74917],[-1.09204,50.75598]]]}},{"type":"Feature","properties":{"pos":26,"gear":"Pots & creels","gearPct":62,"gears":2,"nat":"United Kingdom","vmax":1,"months":10},"geometry":{"type":"Polygon","coordinates":[[[-1.08142,50.71163],[-1.07083,50.66727],[-1.14086,50.66048],[-1.15152,50.70482],[-1.08142,50.71163]]]}},{"type":"Feature","properties":{"pos":14,"gear":"Other gear","gearPct":50,"gears":2,"nat":"United Kingdom","vmax":1,"months":8},"geometry":{"type":"Polygon","coordinates":[[[-1.07083,50.66727],[-1.06025,50.62292],[-1.13023,50.61613],[-1.14086,50.66048],[-1.07083,50.66727]]]}},{"type":"Feature","properties":{"pos":2,"gear":"Other gear","gearPct":100,"gears":1,"nat":"United Kingdom","vmax":1,"months":2},"geometry":{"type":"Polygon","coordinates":[[[-1.06025,50.62292],[-1.04971,50.57856],[-1.11962,50.57177],[-1.13023,50.61613],[-1.06025,50.62292]]]}},{"type":"Feature","properties":{"pos":19,"gear":"Other gear","gearPct":53,"gears":3,"nat":"United Kingdom","vmax":2,"months":8},"geometry":{"type":"Polygon","coordinates":[[[-1.04971,50.57856],[-1.03918,50.5342],[-1.10903,50.52742],[-1.11962,50.57177],[-1.04971,50.57856]]]}},{"type":"Feature","properties":{"pos":145,"gear":"Demersal trawl","gearPct":92,"gears":4,"nat":"France","vmax":7,"months":8},"geometry":{"type":"Polygon","coordinates":[[[-1.03918,50.5342],[-1.02869,50.48983],[-1.09847,50.48306],[-1.10903,50.52742],[-1.03918,50.5342]]]}},{"type":"Feature","properties":{"pos":252,"gear":"Demersal trawl","gearPct":93,"gears":5,"nat":"France","vmax":9,"months":12},"geometry":{"type":"Polygon","coordinates":[[[-1.02869,50.48983],[-1.01821,50.44547],[-1.08793,50.4387],[-1.09847,50.48306],[-1.02869,50.48983]]]}},{"type":"Feature","properties":{"pos":149,"gear":"Demersal trawl","gearPct":83,"gears":4,"nat":"France","vmax":10,"months":10},"geometry":{"type":"Polygon","coordinates":[[[-1.01821,50.44547],[-1.00777,50.4011],[-1.07742,50.39435],[-1.08793,50.4387],[-1.01821,50.44547]]]}},{"type":"Feature","properties":{"pos":383,"gear":"Demersal trawl","gearPct":88,"gears":5,"nat":"France","vmax":12,"months":11},"geometry":{"type":"Polygon","coordinates":[[[-1.00777,50.4011],[-0.99734,50.35673],[-1.06693,50.34998],[-1.07742,50.39435],[-1.00777,50.4011]]]}},{"type":"Feature","properties":{"pos":36,"gear":"Demersal trawl","gearPct":69,"gears":4,"nat":"France","vmax":4,"months":9},"geometry":{"type":"Polygon","coordinates":[[[-0.99734,50.35673],[-0.98694,50.31236],[-1.05647,50.30562],[-1.06693,50.34998],[-0.99734,50.35673]]]}},{"type":"Feature","properties":{"pos":76,"gear":"Demersal trawl","gearPct":68,"gears":6,"nat":"France","vmax":5,"months":11},"geometry":{"type":"Polygon","coordinates":[[[-0.98694,50.31236],[-0.97657,50.26799],[-1.04603,50.26125],[-1.05647,50.30562],[-0.98694,50.31236]]]}},{"type":"Feature","properties":{"pos":30,"gear":"Demersal trawl","gearPct":70,"gears":3,"nat":"France","vmax":3,"months":10},"geometry":{"type":"Polygon","coordinates":[[[-0.97657,50.26799],[-0.96622,50.22361],[-1.03562,50.21689],[-1.04603,50.26125],[-0.97657,50.26799]]]}},{"type":"Feature","properties":{"pos":69,"gear":"Demersal trawl","gearPct":67,"gears":4,"nat":"France","vmax":5,"months":10},"geometry":{"type":"Polygon","coordinates":[[[-0.96622,50.22361],[-0.95589,50.17924],[-1.02523,50.17252],[-1.03562,50.21689],[-0.96622,50.22361]]]}},{"type":"Feature","properties":{"pos":322,"gear":"Demersal trawl","gearPct":93,"gears":3,"nat":"France","vmax":8,"months":12},"geometry":{"type":"Polygon","coordinates":[[[-0.95589,50.17924],[-0.94559,50.13486],[-1.01486,50.12815],[-1.02523,50.17252],[-0.95589,50.17924]]]}},{"type":"Feature","properties":{"pos":17,"gear":"Other gear","gearPct":76,"gears":2,"nat":"United Kingdom","vmax":4,"months":6},"geometry":{"type":"Polygon","coordinates":[[[-1.03244,50.80712],[-1.02186,50.76276],[-1.09204,50.75598],[-1.10269,50.80034],[-1.03244,50.80712]]]}},{"type":"Feature","properties":{"pos":97,"gear":"Other gear","gearPct":85,"gears":4,"nat":"United Kingdom","vmax":6,"months":12},"geometry":{"type":"Polygon","coordinates":[[[-1.02186,50.76276],[-1.0113,50.71839],[-1.08142,50.71163],[-1.09204,50.75598],[-1.02186,50.76276]]]}},{"type":"Feature","properties":{"pos":87,"gear":"Other gear","gearPct":74,"gears":3,"nat":"United Kingdom","vmax":4,"months":12},"geometry":{"type":"Polygon","coordinates":[[[-1.0113,50.71839],[-1.00077,50.67403],[-1.07083,50.66727],[-1.08142,50.71163],[-1.0113,50.71839]]]}},{"type":"Feature","properties":{"pos":9,"gear":"Pots & creels","gearPct":56,"gears":3,"nat":"United Kingdom","vmax":1,"months":5},"geometry":{"type":"Polygon","coordinates":[[[-1.00077,50.67403],[-0.99026,50.62967],[-1.06025,50.62292],[-1.07083,50.66727],[-1.00077,50.67403]]]}},{"type":"Feature","properties":{"pos":3,"gear":"Other gear","gearPct":67,"gears":2,"nat":"United Kingdom","vmax":1,"months":3},"geometry":{"type":"Polygon","coordinates":[[[-0.99026,50.62967],[-0.97978,50.5853],[-1.04971,50.57856],[-1.06025,50.62292],[-0.99026,50.62967]]]}},{"type":"Feature","properties":{"pos":4,"gear":"Other gear","gearPct":100,"gears":1,"nat":"United Kingdom","vmax":1,"months":4},"geometry":{"type":"Polygon","coordinates":[[[-0.97978,50.5853],[-0.96932,50.54093],[-1.03918,50.5342],[-1.04971,50.57856],[-0.97978,50.5853]]]}},{"type":"Feature","properties":{"pos":167,"gear":"Demersal trawl","gearPct":89,"gears":5,"nat":"France","vmax":8,"months":8},"geometry":{"type":"Polygon","coordinates":[[[-0.96932,50.54093],[-0.95889,50.49656],[-1.02869,50.48983],[-1.03918,50.5342],[-0.96932,50.54093]]]}},{"type":"Feature","properties":{"pos":192,"gear":"Demersal trawl","gearPct":95,"gears":4,"nat":"France","vmax":9,"months":10},"geometry":{"type":"Polygon","coordinates":[[[-0.95889,50.49656],[-0.94848,50.45219],[-1.01821,50.44547],[-1.02869,50.48983],[-0.95889,50.49656]]]}},{"type":"Feature","properties":{"pos":393,"gear":"Demersal trawl","gearPct":87,"gears":5,"nat":"France","vmax":13,"months":9},"geometry":{"type":"Polygon","coordinates":[[[-0.94848,50.45219],[-0.93809,50.40781],[-1.00777,50.4011],[-1.01821,50.44547],[-0.94848,50.45219]]]}},{"type":"Feature","properties":{"pos":459,"gear":"Demersal trawl","gearPct":91,"gears":5,"nat":"France","vmax":12,"months":12},"geometry":{"type":"Polygon","coordinates":[[[-0.93809,50.40781],[-0.92773,50.36344],[-0.99734,50.35673],[-1.00777,50.4011],[-0.93809,50.40781]]]}},{"type":"Feature","properties":{"pos":82,"gear":"Demersal trawl","gearPct":77,"gears":4,"nat":"France","vmax":5,"months":9},"geometry":{"type":"Polygon","coordinates":[[[-0.92773,50.36344],[-0.9174,50.31906],[-0.98694,50.31236],[-0.99734,50.35673],[-0.92773,50.36344]]]}},{"type":"Feature","properties":{"pos":235,"gear":"Demersal trawl","gearPct":92,"gears":5,"nat":"France","vmax":8,"months":11},"geometry":{"type":"Polygon","coordinates":[[[-0.9174,50.31906],[-0.90709,50.27468],[-0.97657,50.26799],[-0.98694,50.31236],[-0.9174,50.31906]]]}},{"type":"Feature","properties":{"pos":24,"gear":"Demersal trawl","gearPct":75,"gears":4,"nat":"France","vmax":4,"months":5},"geometry":{"type":"Polygon","coordinates":[[[-0.90709,50.27468],[-0.8968,50.2303],[-0.96622,50.22361],[-0.97657,50.26799],[-0.90709,50.27468]]]}},{"type":"Feature","properties":{"pos":138,"gear":"Scallop dredge","gearPct":55,"gears":4,"nat":"France","vmax":6,"months":9},"geometry":{"type":"Polygon","coordinates":[[[-0.8968,50.2303],[-0.88653,50.18591],[-0.95589,50.17924],[-0.96622,50.22361],[-0.8968,50.2303]]]}},{"type":"Feature","properties":{"pos":444,"gear":"Demersal trawl","gearPct":86,"gears":5,"nat":"France","vmax":11,"months":12},"geometry":{"type":"Polygon","coordinates":[[[-0.88653,50.18591],[-0.87629,50.14153],[-0.94559,50.13486],[-0.95589,50.17924],[-0.88653,50.18591]]]}},{"type":"Feature","properties":{"pos":3,"gear":"Demersal trawl","gearPct":100,"gears":1,"nat":"France","vmax":1,"months":3},"geometry":{"type":"Polygon","coordinates":[[[-0.87629,50.14153],[-0.86608,50.09714],[-0.93531,50.09048],[-0.94559,50.13486],[-0.87629,50.14153]]]}},{"type":"Feature","properties":{"pos":1,"gear":"Other gear","gearPct":100,"gears":1,"nat":"United Kingdom","vmax":1,"months":1},"geometry":{"type":"Polygon","coordinates":[[[-0.95165,50.76948],[-0.94116,50.72512],[-1.0113,50.71839],[-1.02186,50.76276],[-0.95165,50.76948]]]}},{"type":"Feature","properties":{"pos":48,"gear":"Other gear","gearPct":58,"gears":3,"nat":"United Kingdom","vmax":4,"months":12},"geometry":{"type":"Polygon","coordinates":[[[-0.94116,50.72512],[-0.93069,50.68075],[-1.00077,50.67403],[-1.0113,50.71839],[-0.94116,50.72512]]]}},{"type":"Feature","properties":{"pos":17,"gear":"Other gear","gearPct":65,"gears":2,"nat":"United Kingdom","vmax":3,"months":9},"geometry":{"type":"Polygon","coordinates":[[[-0.93069,50.68075],[-0.92025,50.63637],[-0.99026,50.62967],[-1.00077,50.67403],[-0.93069,50.68075]]]}},{"type":"Feature","properties":{"pos":12,"gear":"Other gear","gearPct":67,"gears":4,"nat":"United Kingdom","vmax":2,"months":9},"geometry":{"type":"Polygon","coordinates":[[[-0.92025,50.63637],[-0.90983,50.592],[-0.97978,50.5853],[-0.99026,50.62967],[-0.92025,50.63637]]]}},{"type":"Feature","properties":{"pos":21,"gear":"Demersal trawl","gearPct":52,"gears":4,"nat":"France","vmax":2,"months":6},"geometry":{"type":"Polygon","coordinates":[[[-0.90983,50.592],[-0.89944,50.54762],[-0.96932,50.54093],[-0.97978,50.5853],[-0.90983,50.592]]]}},{"type":"Feature","properties":{"pos":206,"gear":"Demersal trawl","gearPct":90,"gears":5,"nat":"France","vmax":9,"months":10},"geometry":{"type":"Polygon","coordinates":[[[-0.89944,50.54762],[-0.88907,50.50324],[-0.95889,50.49656],[-0.96932,50.54093],[-0.89944,50.54762]]]}},{"type":"Feature","properties":{"pos":101,"gear":"Demersal trawl","gearPct":96,"gears":5,"nat":"France","vmax":9,"months":7},"geometry":{"type":"Polygon","coordinates":[[[-0.88907,50.50324],[-0.87872,50.45886],[-0.94848,50.45219],[-0.95889,50.49656],[-0.88907,50.50324]]]}},{"type":"Feature","properties":{"pos":802,"gear":"Demersal trawl","gearPct":83,"gears":6,"nat":"France","vmax":14,"months":11},"geometry":{"type":"Polygon","coordinates":[[[-0.87872,50.45886],[-0.8684,50.41448],[-0.93809,50.40781],[-0.94848,50.45219],[-0.87872,50.45886]]]}},{"type":"Feature","properties":{"pos":503,"gear":"Demersal trawl","gearPct":90,"gears":6,"nat":"France","vmax":13,"months":11},"geometry":{"type":"Polygon","coordinates":[[[-0.8684,50.41448],[-0.85811,50.3701],[-0.92773,50.36344],[-0.93809,50.40781],[-0.8684,50.41448]]]}},{"type":"Feature","properties":{"pos":256,"gear":"Demersal trawl","gearPct":83,"gears":5,"nat":"France","vmax":11,"months":10},"geometry":{"type":"Polygon","coordinates":[[[-0.85811,50.3701],[-0.84783,50.32571],[-0.9174,50.31906],[-0.92773,50.36344],[-0.85811,50.3701]]]}},{"type":"Feature","properties":{"pos":264,"gear":"Demersal trawl","gearPct":93,"gears":6,"nat":"France","vmax":9,"months":11},"geometry":{"type":"Polygon","coordinates":[[[-0.84783,50.32571],[-0.83759,50.28133],[-0.90709,50.27468],[-0.9174,50.31906],[-0.84783,50.32571]]]}},{"type":"Feature","properties":{"pos":77,"gear":"Demersal trawl","gearPct":69,"gears":4,"nat":"France","vmax":5,"months":9},"geometry":{"type":"Polygon","coordinates":[[[-0.83759,50.28133],[-0.82736,50.23694],[-0.8968,50.2303],[-0.90709,50.27468],[-0.83759,50.28133]]]}},{"type":"Feature","properties":{"pos":269,"gear":"Scallop dredge","gearPct":52,"gears":5,"nat":"France","vmax":9,"months":10},"geometry":{"type":"Polygon","coordinates":[[[-0.82736,50.23694],[-0.81716,50.19255],[-0.88653,50.18591],[-0.8968,50.2303],[-0.82736,50.23694]]]}},{"type":"Feature","properties":{"pos":410,"gear":"Demersal trawl","gearPct":82,"gears":5,"nat":"France","vmax":11,"months":12},"geometry":{"type":"Polygon","coordinates":[[[-0.81716,50.19255],[-0.80698,50.14816],[-0.87629,50.14153],[-0.88653,50.18591],[-0.81716,50.19255]]]}},{"type":"Feature","properties":{"pos":21,"gear":"Demersal trawl","gearPct":71,"gears":4,"nat":"France","vmax":5,"months":8},"geometry":{"type":"Polygon","coordinates":[[[-0.80698,50.14816],[-0.79683,50.10376],[-0.86608,50.09714],[-0.87629,50.14153],[-0.80698,50.14816]]]}},{"type":"Feature","properties":{"pos":2,"gear":"Other gear","gearPct":100,"gears":1,"nat":"United Kingdom","vmax":1,"months":2},"geometry":{"type":"Polygon","coordinates":[[[-0.88143,50.77617],[-0.871,50.73179],[-0.94116,50.72512],[-0.95165,50.76948],[-0.88143,50.77617]]]}},{"type":"Feature","properties":{"pos":41,"gear":"Other gear","gearPct":90,"gears":2,"nat":"United Kingdom","vmax":2,"months":11},"geometry":{"type":"Polygon","coordinates":[[[-0.871,50.73179],[-0.8606,50.68742],[-0.93069,50.68075],[-0.94116,50.72512],[-0.871,50.73179]]]}},{"type":"Feature","properties":{"pos":184,"gear":"Other gear","gearPct":91,"gears":2,"nat":"United Kingdom","vmax":4,"months":11},"geometry":{"type":"Polygon","coordinates":[[[-0.8606,50.68742],[-0.85022,50.64304],[-0.92025,50.63637],[-0.93069,50.68075],[-0.8606,50.68742]]]}},{"type":"Feature","properties":{"pos":37,"gear":"Other gear","gearPct":95,"gears":2,"nat":"United Kingdom","vmax":3,"months":9},"geometry":{"type":"Polygon","coordinates":[[[-0.85022,50.64304],[-0.83987,50.59866],[-0.90983,50.592],[-0.92025,50.63637],[-0.85022,50.64304]]]}},{"type":"Feature","properties":{"pos":39,"gear":"Other gear","gearPct":49,"gears":4,"nat":"United Kingdom","vmax":3,"months":9},"geometry":{"type":"Polygon","coordinates":[[[-0.83987,50.59866],[-0.82954,50.55427],[-0.89944,50.54762],[-0.90983,50.592],[-0.83987,50.59866]]]}},{"type":"Feature","properties":{"pos":219,"gear":"Demersal trawl","gearPct":82,"gears":4,"nat":"France","vmax":9,"months":9},"geometry":{"type":"Polygon","coordinates":[[[-0.82954,50.55427],[-0.81923,50.50989],[-0.88907,50.50324],[-0.89944,50.54762],[-0.82954,50.55427]]]}},{"type":"Feature","properties":{"pos":205,"gear":"Demersal trawl","gearPct":88,"gears":6,"nat":"France","vmax":10,"months":10},"geometry":{"type":"Polygon","coordinates":[[[-0.81923,50.50989],[-0.80895,50.4655],[-0.87872,50.45886],[-0.88907,50.50324],[-0.81923,50.50989]]]}},{"type":"Feature","properties":{"pos":526,"gear":"Demersal trawl","gearPct":83,"gears":6,"nat":"France","vmax":12,"months":10},"geometry":{"type":"Polygon","coordinates":[[[-0.80895,50.4655],[-0.7987,50.42111],[-0.8684,50.41448],[-0.87872,50.45886],[-0.80895,50.4655]]]}},{"type":"Feature","properties":{"pos":535,"gear":"Demersal trawl","gearPct":84,"gears":6,"nat":"France","vmax":15,"months":11},"geometry":{"type":"Polygon","coordinates":[[[-0.7987,50.42111],[-0.78846,50.37672],[-0.85811,50.3701],[-0.8684,50.41448],[-0.7987,50.42111]]]}},{"type":"Feature","properties":{"pos":374,"gear":"Demersal trawl","gearPct":87,"gears":5,"nat":"France","vmax":14,"months":11},"geometry":{"type":"Polygon","coordinates":[[[-0.78846,50.37672],[-0.77825,50.33233],[-0.84783,50.32571],[-0.85811,50.3701],[-0.78846,50.37672]]]}},{"type":"Feature","properties":{"pos":257,"gear":"Demersal trawl","gearPct":88,"gears":5,"nat":"France","vmax":8,"months":10},"geometry":{"type":"Polygon","coordinates":[[[-0.77825,50.33233],[-0.76807,50.28793],[-0.83759,50.28133],[-0.84783,50.32571],[-0.77825,50.33233]]]}},{"type":"Feature","properties":{"pos":64,"gear":"Demersal trawl","gearPct":53,"gears":5,"nat":"France","vmax":5,"months":11},"geometry":{"type":"Polygon","coordinates":[[[-0.76807,50.28793],[-0.75791,50.24354],[-0.82736,50.23694],[-0.83759,50.28133],[-0.76807,50.28793]]]}},{"type":"Feature","properties":{"pos":310,"gear":"Demersal trawl","gearPct":47,"gears":4,"nat":"France","vmax":9,"months":11},"geometry":{"type":"Polygon","coordinates":[[[-0.75791,50.24354],[-0.74777,50.19914],[-0.81716,50.19255],[-0.82736,50.23694],[-0.75791,50.24354]]]}},{"type":"Feature","properties":{"pos":463,"gear":"Demersal trawl","gearPct":74,"gears":6,"nat":"France","vmax":14,"months":12},"geometry":{"type":"Polygon","coordinates":[[[-0.74777,50.19914],[-0.73765,50.15474],[-0.80698,50.14816],[-0.81716,50.19255],[-0.74777,50.19914]]]}},{"type":"Feature","properties":{"pos":91,"gear":"Demersal trawl","gearPct":71,"gears":5,"nat":"France","vmax":8,"months":12},"geometry":{"type":"Polygon","coordinates":[[[-0.73765,50.15474],[-0.72756,50.11034],[-0.79683,50.10376],[-0.80698,50.14816],[-0.73765,50.15474]]]}},{"type":"Feature","properties":{"pos":3,"gear":"Other gear","gearPct":100,"gears":1,"nat":"United Kingdom","vmax":2,"months":2},"geometry":{"type":"Polygon","coordinates":[[[-0.80083,50.73843],[-0.79049,50.69405],[-0.8606,50.68742],[-0.871,50.73179],[-0.80083,50.73843]]]}},{"type":"Feature","properties":{"pos":54,"gear":"Other gear","gearPct":83,"gears":3,"nat":"United Kingdom","vmax":4,"months":9},"geometry":{"type":"Polygon","coordinates":[[[-0.79049,50.69405],[-0.78018,50.64966],[-0.85022,50.64304],[-0.8606,50.68742],[-0.79049,50.69405]]]}},{"type":"Feature","properties":{"pos":106,"gear":"Other gear","gearPct":87,"gears":2,"nat":"United Kingdom","vmax":5,"months":11},"geometry":{"type":"Polygon","coordinates":[[[-0.78018,50.64966],[-0.76989,50.60527],[-0.83987,50.59866],[-0.85022,50.64304],[-0.78018,50.64966]]]}},{"type":"Feature","properties":{"pos":46,"gear":"Other gear","gearPct":50,"gears":4,"nat":"United Kingdom","vmax":4,"months":11},"geometry":{"type":"Polygon","coordinates":[[[-0.76989,50.60527],[-0.75962,50.56088],[-0.82954,50.55427],[-0.83987,50.59866],[-0.76989,50.60527]]]}},{"type":"Feature","properties":{"pos":205,"gear":"Demersal trawl","gearPct":87,"gears":5,"nat":"France","vmax":6,"months":9},"geometry":{"type":"Polygon","coordinates":[[[-0.75962,50.56088],[-0.74938,50.51649],[-0.81923,50.50989],[-0.82954,50.55427],[-0.75962,50.56088]]]}},{"type":"Feature","properties":{"pos":354,"gear":"Demersal trawl","gearPct":86,"gears":6,"nat":"France","vmax":12,"months":12},"geometry":{"type":"Polygon","coordinates":[[[-0.74938,50.51649],[-0.73916,50.47209],[-0.80895,50.4655],[-0.81923,50.50989],[-0.74938,50.51649]]]}},{"type":"Feature","properties":{"pos":501,"gear":"Demersal trawl","gearPct":89,"gears":6,"nat":"France","vmax":15,"months":11},"geometry":{"type":"Polygon","coordinates":[[[-0.73916,50.47209],[-0.72897,50.4277],[-0.7987,50.42111],[-0.80895,50.4655],[-0.73916,50.47209]]]}},{"type":"Feature","properties":{"pos":457,"gear":"Demersal trawl","gearPct":83,"gears":6,"nat":"France","vmax":14,"months":12},"geometry":{"type":"Polygon","coordinates":[[[-0.72897,50.4277],[-0.7188,50.3833],[-0.78846,50.37672],[-0.7987,50.42111],[-0.72897,50.4277]]]}},{"type":"Feature","properties":{"pos":671,"gear":"Demersal trawl","gearPct":91,"gears":5,"nat":"France","vmax":15,"months":12},"geometry":{"type":"Polygon","coordinates":[[[-0.7188,50.3833],[-0.70865,50.3389],[-0.77825,50.33233],[-0.78846,50.37672],[-0.7188,50.3833]]]}},{"type":"Feature","properties":{"pos":131,"gear":"Demersal trawl","gearPct":87,"gears":4,"nat":"France","vmax":7,"months":10},"geometry":{"type":"Polygon","coordinates":[[[-0.70865,50.3389],[-0.69853,50.2945],[-0.76807,50.28793],[-0.77825,50.33233],[-0.70865,50.3389]]]}},{"type":"Feature","properties":{"pos":88,"gear":"Demersal trawl","gearPct":51,"gears":5,"nat":"France","vmax":7,"months":10},"geometry":{"type":"Polygon","coordinates":[[[-0.69853,50.2945],[-0.68843,50.2501],[-0.75791,50.24354],[-0.76807,50.28793],[-0.69853,50.2945]]]}},{"type":"Feature","properties":{"pos":366,"gear":"Demersal trawl","gearPct":51,"gears":4,"nat":"France","vmax":10,"months":10},"geometry":{"type":"Polygon","coordinates":[[[-0.68843,50.2501],[-0.67836,50.20569],[-0.74777,50.19914],[-0.75791,50.24354],[-0.68843,50.2501]]]}},{"type":"Feature","properties":{"pos":489,"gear":"Demersal trawl","gearPct":70,"gears":6,"nat":"France","vmax":14,"months":11},"geometry":{"type":"Polygon","coordinates":[[[-0.67836,50.20569],[-0.66831,50.16128],[-0.73765,50.15474],[-0.74777,50.19914],[-0.67836,50.20569]]]}},{"type":"Feature","properties":{"pos":196,"gear":"Demersal trawl","gearPct":80,"gears":4,"nat":"France","vmax":12,"months":12},"geometry":{"type":"Polygon","coordinates":[[[-0.66831,50.16128],[-0.65828,50.11688],[-0.72756,50.11034],[-0.73765,50.15474],[-0.66831,50.16128]]]}},{"type":"Feature","properties":{"pos":5,"gear":"Demersal trawl","gearPct":60,"gears":2,"nat":"United Kingdom","vmax":1,"months":3},"geometry":{"type":"Polygon","coordinates":[[[-0.73064,50.74502],[-0.72036,50.70063],[-0.79049,50.69405],[-0.80083,50.73843],[-0.73064,50.74502]]]}},{"type":"Feature","properties":{"pos":3,"gear":"Other gear","gearPct":67,"gears":2,"nat":"United Kingdom","vmax":1,"months":3},"geometry":{"type":"Polygon","coordinates":[[[-0.72036,50.70063],[-0.71011,50.65624],[-0.78018,50.64966],[-0.79049,50.69405],[-0.72036,50.70063]]]}},{"type":"Feature","properties":{"pos":137,"gear":"Other gear","gearPct":87,"gears":2,"nat":"United Kingdom","vmax":4,"months":12},"geometry":{"type":"Polygon","coordinates":[[[-0.71011,50.65624],[-0.69989,50.61184],[-0.76989,50.60527],[-0.78018,50.64966],[-0.71011,50.65624]]]}},{"type":"Feature","properties":{"pos":83,"gear":"Other gear","gearPct":88,"gears":3,"nat":"United Kingdom","vmax":4,"months":10},"geometry":{"type":"Polygon","coordinates":[[[-0.69989,50.61184],[-0.68969,50.56744],[-0.75962,50.56088],[-0.76989,50.60527],[-0.69989,50.61184]]]}},{"type":"Feature","properties":{"pos":219,"gear":"Demersal trawl","gearPct":85,"gears":3,"nat":"France","vmax":7,"months":11},"geometry":{"type":"Polygon","coordinates":[[[-0.68969,50.56744],[-0.67951,50.52305],[-0.74938,50.51649],[-0.75962,50.56088],[-0.68969,50.56744]]]}},{"type":"Feature","properties":{"pos":560,"gear":"Demersal trawl","gearPct":89,"gears":6,"nat":"France","vmax":11,"months":10},"geometry":{"type":"Polygon","coordinates":[[[-0.67951,50.52305],[-0.66935,50.47864],[-0.73916,50.47209],[-0.74938,50.51649],[-0.67951,50.52305]]]}},{"type":"Feature","properties":{"pos":350,"gear":"Demersal trawl","gearPct":83,"gears":7,"nat":"France","vmax":11,"months":11},"geometry":{"type":"Polygon","coordinates":[[[-0.66935,50.47864],[-0.65923,50.43424],[-0.72897,50.4277],[-0.73916,50.47209],[-0.66935,50.47864]]]}},{"type":"Feature","properties":{"pos":594,"gear":"Demersal trawl","gearPct":78,"gears":6,"nat":"France","vmax":14,"months":12},"geometry":{"type":"Polygon","coordinates":[[[-0.65923,50.43424],[-0.64912,50.38984],[-0.7188,50.3833],[-0.72897,50.4277],[-0.65923,50.43424]]]}},{"type":"Feature","properties":{"pos":489,"gear":"Demersal trawl","gearPct":90,"gears":6,"nat":"France","vmax":14,"months":11},"geometry":{"type":"Polygon","coordinates":[[[-0.64912,50.38984],[-0.63904,50.34543],[-0.70865,50.3389],[-0.7188,50.3833],[-0.64912,50.38984]]]}},{"type":"Feature","properties":{"pos":210,"gear":"Demersal trawl","gearPct":83,"gears":7,"nat":"France","vmax":12,"months":12},"geometry":{"type":"Polygon","coordinates":[[[-0.63904,50.34543],[-0.62898,50.30102],[-0.69853,50.2945],[-0.70865,50.3389],[-0.63904,50.34543]]]}},{"type":"Feature","properties":{"pos":153,"gear":"Demersal trawl","gearPct":69,"gears":6,"nat":"France","vmax":8,"months":11},"geometry":{"type":"Polygon","coordinates":[[[-0.62898,50.30102],[-0.61894,50.25661],[-0.68843,50.2501],[-0.69853,50.2945],[-0.62898,50.30102]]]}},{"type":"Feature","properties":{"pos":382,"gear":"Demersal trawl","gearPct":55,"gears":6,"nat":"France","vmax":10,"months":11},"geometry":{"type":"Polygon","coordinates":[[[-0.61894,50.25661],[-0.60893,50.2122],[-0.67836,50.20569],[-0.68843,50.2501],[-0.61894,50.25661]]]}},{"type":"Feature","properties":{"pos":455,"gear":"Demersal trawl","gearPct":58,"gears":5,"nat":"France","vmax":14,"months":11},"geometry":{"type":"Polygon","coordinates":[[[-0.60893,50.2122],[-0.59894,50.16779],[-0.66831,50.16128],[-0.67836,50.20569],[-0.60893,50.2122]]]}},{"type":"Feature","properties":{"pos":406,"gear":"Demersal trawl","gearPct":75,"gears":7,"nat":"France","vmax":14,"months":12},"geometry":{"type":"Polygon","coordinates":[[[-0.59894,50.16779],[-0.58898,50.12337],[-0.65828,50.11688],[-0.66831,50.16128],[-0.59894,50.16779]]]}},{"type":"Feature","properties":{"pos":13,"gear":"Demersal trawl","gearPct":85,"gears":2,"nat":"United Kingdom","vmax":1,"months":3},"geometry":{"type":"Polygon","coordinates":[[[-0.66042,50.75158],[-0.65021,50.70718],[-0.72036,50.70063],[-0.73064,50.74502],[-0.66042,50.75158]]]}},{"type":"Feature","properties":{"pos":16,"gear":"Other gear","gearPct":69,"gears":3,"nat":"United Kingdom","vmax":2,"months":7},"geometry":{"type":"Polygon","coordinates":[[[-0.65021,50.70718],[-0.64003,50.66277],[-0.71011,50.65624],[-0.72036,50.70063],[-0.65021,50.70718]]]}},{"type":"Feature","properties":{"pos":64,"gear":"Other gear","gearPct":66,"gears":4,"nat":"United Kingdom","vmax":3,"months":10},"geometry":{"type":"Polygon","coordinates":[[[-0.64003,50.66277],[-0.62987,50.61837],[-0.69989,50.61184],[-0.71011,50.65624],[-0.64003,50.66277]]]}},{"type":"Feature","properties":{"pos":130,"gear":"Other gear","gearPct":58,"gears":4,"nat":"United Kingdom","vmax":3,"months":12},"geometry":{"type":"Polygon","coordinates":[[[-0.62987,50.61837],[-0.61973,50.57397],[-0.68969,50.56744],[-0.69989,50.61184],[-0.62987,50.61837]]]}},{"type":"Feature","properties":{"pos":376,"gear":"Demersal trawl","gearPct":80,"gears":5,"nat":"France","vmax":7,"months":12},"geometry":{"type":"Polygon","coordinates":[[[-0.61973,50.57397],[-0.60962,50.52956],[-0.67951,50.52305],[-0.68969,50.56744],[-0.61973,50.57397]]]}},{"type":"Feature","properties":{"pos":670,"gear":"Demersal trawl","gearPct":76,"gears":6,"nat":"France","vmax":13,"months":12},"geometry":{"type":"Polygon","coordinates":[[[-0.60962,50.52956],[-0.59953,50.48515],[-0.66935,50.47864],[-0.67951,50.52305],[-0.60962,50.52956]]]}},{"type":"Feature","properties":{"pos":457,"gear":"Demersal trawl","gearPct":74,"gears":7,"nat":"France","vmax":16,"months":12},"geometry":{"type":"Polygon","coordinates":[[[-0.59953,50.48515],[-0.58946,50.44074],[-0.65923,50.43424],[-0.66935,50.47864],[-0.59953,50.48515]]]}},{"type":"Feature","properties":{"pos":604,"gear":"Demersal trawl","gearPct":79,"gears":7,"nat":"France","vmax":15,"months":12},"geometry":{"type":"Polygon","coordinates":[[[-0.58946,50.44074],[-0.57942,50.39633],[-0.64912,50.38984],[-0.65923,50.43424],[-0.58946,50.44074]]]}},{"type":"Feature","properties":{"pos":356,"gear":"Demersal trawl","gearPct":87,"gears":6,"nat":"France","vmax":12,"months":12},"geometry":{"type":"Polygon","coordinates":[[[-0.57942,50.39633],[-0.5694,50.35192],[-0.63904,50.34543],[-0.64912,50.38984],[-0.57942,50.39633]]]}},{"type":"Feature","properties":{"pos":293,"gear":"Demersal trawl","gearPct":79,"gears":6,"nat":"France","vmax":13,"months":11},"geometry":{"type":"Polygon","coordinates":[[[-0.5694,50.35192],[-0.55941,50.3075],[-0.62898,50.30102],[-0.63904,50.34543],[-0.5694,50.35192]]]}},{"type":"Feature","properties":{"pos":163,"gear":"Demersal trawl","gearPct":77,"gears":5,"nat":"France","vmax":8,"months":11},"geometry":{"type":"Polygon","coordinates":[[[-0.55941,50.3075],[-0.54944,50.26308],[-0.61894,50.25661],[-0.62898,50.30102],[-0.55941,50.3075]]]}},{"type":"Feature","properties":{"pos":426,"gear":"Demersal trawl","gearPct":46,"gears":5,"nat":"France","vmax":12,"months":12},"geometry":{"type":"Polygon","coordinates":[[[-0.54944,50.26308],[-0.53949,50.21867],[-0.60893,50.2122],[-0.61894,50.25661],[-0.54944,50.26308]]]}},{"type":"Feature","properties":{"pos":484,"gear":"Demersal trawl","gearPct":53,"gears":5,"nat":"France","vmax":12,"months":12},"geometry":{"type":"Polygon","coordinates":[[[-0.53949,50.21867],[-0.52956,50.17424],[-0.59894,50.16779],[-0.60893,50.2122],[-0.53949,50.21867]]]}},{"type":"Feature","properties":{"pos":549,"gear":"Demersal trawl","gearPct":63,"gears":6,"nat":"France","vmax":15,"months":12},"geometry":{"type":"Polygon","coordinates":[[[-0.52956,50.17424],[-0.51966,50.12982],[-0.58898,50.12337],[-0.59894,50.16779],[-0.52956,50.17424]]]}},{"type":"Feature","properties":{"pos":33,"gear":"Demersal trawl","gearPct":64,"gears":5,"nat":"France","vmax":4,"months":8},"geometry":{"type":"Polygon","coordinates":[[[-0.51966,50.12982],[-0.50978,50.0854],[-0.57904,50.07895],[-0.58898,50.12337],[-0.51966,50.12982]]]}},{"type":"Feature","properties":{"pos":30,"gear":"Demersal trawl","gearPct":63,"gears":2,"nat":"United Kingdom","vmax":2,"months":3},"geometry":{"type":"Polygon","coordinates":[[[-0.60036,50.80249],[-0.59019,50.75808],[-0.66042,50.75158],[-0.67066,50.79597],[-0.60036,50.80249]]]}},{"type":"Feature","properties":{"pos":38,"gear":"Beam trawl","gearPct":50,"gears":3,"nat":"United Kingdom","vmax":2,"months":7},"geometry":{"type":"Polygon","coordinates":[[[-0.59019,50.75808],[-0.58005,50.71368],[-0.65021,50.70718],[-0.66042,50.75158],[-0.59019,50.75808]]]}},{"type":"Feature","properties":{"pos":250,"gear":"Scallop dredge","gearPct":51,"gears":4,"nat":"United Kingdom","vmax":3,"months":10},"geometry":{"type":"Polygon","coordinates":[[[-0.58005,50.71368],[-0.56993,50.66927],[-0.64003,50.66277],[-0.65021,50.70718],[-0.58005,50.71368]]]}},{"type":"Feature","properties":{"pos":42,"gear":"Other gear","gearPct":52,"gears":3,"nat":"United Kingdom","vmax":3,"months":9},"geometry":{"type":"Polygon","coordinates":[[[-0.56993,50.66927],[-0.55983,50.62486],[-0.62987,50.61837],[-0.64003,50.66277],[-0.56993,50.66927]]]}},{"type":"Feature","properties":{"pos":231,"gear":"Demersal trawl","gearPct":77,"gears":4,"nat":"France","vmax":5,"months":11},"geometry":{"type":"Polygon","coordinates":[[[-0.55983,50.62486],[-0.54976,50.58045],[-0.61973,50.57397],[-0.62987,50.61837],[-0.55983,50.62486]]]}},{"type":"Feature","properties":{"pos":732,"gear":"Demersal trawl","gearPct":46,"gears":5,"nat":"France","vmax":11,"months":12},"geometry":{"type":"Polygon","coordinates":[[[-0.54976,50.58045],[-0.53971,50.53603],[-0.60962,50.52956],[-0.61973,50.57397],[-0.54976,50.58045]]]}},{"type":"Feature","properties":{"pos":788,"gear":"Demersal trawl","gearPct":41,"gears":7,"nat":"France","vmax":14,"months":12},"geometry":{"type":"Polygon","coordinates":[[[-0.53971,50.53603],[-0.52969,50.49162],[-0.59953,50.48515],[-0.60962,50.52956],[-0.53971,50.53603]]]}},{"type":"Feature","properties":{"pos":548,"gear":"Demersal trawl","gearPct":64,"gears":6,"nat":"France","vmax":15,"months":12},"geometry":{"type":"Polygon","coordinates":[[[-0.52969,50.49162],[-0.51968,50.4472],[-0.58946,50.44074],[-0.59953,50.48515],[-0.52969,50.49162]]]}},{"type":"Feature","properties":{"pos":655,"gear":"Demersal trawl","gearPct":68,"gears":7,"nat":"France","vmax":15,"months":12},"geometry":{"type":"Polygon","coordinates":[[[-0.51968,50.4472],[-0.50971,50.40278],[-0.57942,50.39633],[-0.58946,50.44074],[-0.51968,50.4472]]]}},{"type":"Feature","properties":{"pos":509,"gear":"Demersal trawl","gearPct":71,"gears":7,"nat":"France","vmax":14,"months":12},"geometry":{"type":"Polygon","coordinates":[[[-0.50971,50.40278],[-0.49975,50.35836],[-0.5694,50.35192],[-0.57942,50.39633],[-0.50971,50.40278]]]}},{"type":"Feature","properties":{"pos":282,"gear":"Demersal trawl","gearPct":70,"gears":7,"nat":"France","vmax":12,"months":12},"geometry":{"type":"Polygon","coordinates":[[[-0.49975,50.35836],[-0.48982,50.31394],[-0.55941,50.3075],[-0.5694,50.35192],[-0.49975,50.35836]]]}},{"type":"Feature","properties":{"pos":335,"gear":"Demersal trawl","gearPct":67,"gears":6,"nat":"France","vmax":12,"months":11},"geometry":{"type":"Polygon","coordinates":[[[-0.48982,50.31394],[-0.47991,50.26952],[-0.54944,50.26308],[-0.55941,50.3075],[-0.48982,50.31394]]]}},{"type":"Feature","properties":{"pos":444,"gear":"Scallop dredge","gearPct":47,"gears":5,"nat":"France","vmax":10,"months":12},"geometry":{"type":"Polygon","coordinates":[[[-0.47991,50.26952],[-0.47003,50.22509],[-0.53949,50.21867],[-0.54944,50.26308],[-0.47991,50.26952]]]}},{"type":"Feature","properties":{"pos":568,"gear":"Scallop dredge","gearPct":45,"gears":6,"nat":"France","vmax":11,"months":12},"geometry":{"type":"Polygon","coordinates":[[[-0.47003,50.22509],[-0.46016,50.18066],[-0.52956,50.17424],[-0.53949,50.21867],[-0.47003,50.22509]]]}},{"type":"Feature","properties":{"pos":716,"gear":"Demersal trawl","gearPct":57,"gears":7,"nat":"France","vmax":16,"months":12},"geometry":{"type":"Polygon","coordinates":[[[-0.46016,50.18066],[-0.45032,50.13623],[-0.51966,50.12982],[-0.52956,50.17424],[-0.46016,50.18066]]]}},{"type":"Feature","properties":{"pos":66,"gear":"Demersal trawl","gearPct":74,"gears":5,"nat":"France","vmax":4,"months":10},"geometry":{"type":"Polygon","coordinates":[[[-0.45032,50.13623],[-0.44051,50.0918],[-0.50978,50.0854],[-0.51966,50.12982],[-0.45032,50.13623]]]}},{"type":"Feature","properties":{"pos":43,"gear":"Demersal trawl","gearPct":67,"gears":2,"nat":"United Kingdom","vmax":2,"months":3},"geometry":{"type":"Polygon","coordinates":[[[-0.53005,50.80896],[-0.51995,50.76455],[-0.59019,50.75808],[-0.60036,50.80249],[-0.53005,50.80896]]]}},{"type":"Feature","properties":{"pos":69,"gear":"Demersal trawl","gearPct":77,"gears":2,"nat":"United Kingdom","vmax":2,"months":3},"geometry":{"type":"Polygon","coordinates":[[[-0.51995,50.76455],[-0.50987,50.72014],[-0.58005,50.71368],[-0.59019,50.75808],[-0.51995,50.76455]]]}},{"type":"Feature","properties":{"pos":38,"gear":"Beam trawl","gearPct":34,"gears":5,"nat":"United Kingdom","vmax":2,"months":8},"geometry":{"type":"Polygon","coordinates":[[[-0.50987,50.72014],[-0.49981,50.67572],[-0.56993,50.66927],[-0.58005,50.71368],[-0.50987,50.72014]]]}},{"type":"Feature","properties":{"pos":107,"gear":"Demersal trawl","gearPct":54,"gears":5,"nat":"United Kingdom","vmax":3,"months":11},"geometry":{"type":"Polygon","coordinates":[[[-0.49981,50.67572],[-0.48978,50.6313],[-0.55983,50.62486],[-0.56993,50.66927],[-0.49981,50.67572]]]}},{"type":"Feature","properties":{"pos":533,"gear":"Demersal trawl","gearPct":50,"gears":6,"nat":"France","vmax":6,"months":12},"geometry":{"type":"Polygon","coordinates":[[[-0.48978,50.6313],[-0.47977,50.58688],[-0.54976,50.58045],[-0.55983,50.62486],[-0.48978,50.6313]]]}},{"type":"Feature","properties":{"pos":1047,"gear":"Beam trawl","gearPct":44,"gears":7,"nat":"Belgium","vmax":16,"months":12},"geometry":{"type":"Polygon","coordinates":[[[-0.47977,50.58688],[-0.46979,50.54246],[-0.53971,50.53603],[-0.54976,50.58045],[-0.47977,50.58688]]]}},{"type":"Feature","properties":{"pos":716,"gear":"Scallop dredge","gearPct":38,"gears":7,"nat":"United Kingdom","vmax":12,"months":12},"geometry":{"type":"Polygon","coordinates":[[[-0.46979,50.54246],[-0.45983,50.49804],[-0.52969,50.49162],[-0.53971,50.53603],[-0.46979,50.54246]]]}},{"type":"Feature","properties":{"pos":800,"gear":"Demersal trawl","gearPct":51,"gears":7,"nat":"France","vmax":17,"months":12},"geometry":{"type":"Polygon","coordinates":[[[-0.45983,50.49804],[-0.44989,50.45362],[-0.51968,50.4472],[-0.52969,50.49162],[-0.45983,50.49804]]]}},{"type":"Feature","properties":{"pos":730,"gear":"Demersal trawl","gearPct":60,"gears":7,"nat":"France","vmax":15,"months":12},"geometry":{"type":"Polygon","coordinates":[[[-0.44989,50.45362],[-0.43997,50.40919],[-0.50971,50.40278],[-0.51968,50.4472],[-0.44989,50.45362]]]}},{"type":"Feature","properties":{"pos":627,"gear":"Demersal trawl","gearPct":50,"gears":7,"nat":"France","vmax":12,"months":12},"geometry":{"type":"Polygon","coordinates":[[[-0.43997,50.40919],[-0.43008,50.36476],[-0.49975,50.35836],[-0.50971,50.40278],[-0.43997,50.40919]]]}},{"type":"Feature","properties":{"pos":621,"gear":"Demersal trawl","gearPct":43,"gears":6,"nat":"France","vmax":13,"months":11},"geometry":{"type":"Polygon","coordinates":[[[-0.43008,50.36476],[-0.42021,50.32034],[-0.48982,50.31394],[-0.49975,50.35836],[-0.43008,50.36476]]]}},{"type":"Feature","properties":{"pos":516,"gear":"Demersal trawl","gearPct":35,"gears":5,"nat":"France","vmax":10,"months":10},"geometry":{"type":"Polygon","coordinates":[[[-0.42021,50.32034],[-0.41037,50.2759],[-0.47991,50.26952],[-0.48982,50.31394],[-0.42021,50.32034]]]}},{"type":"Feature","properties":{"pos":411,"gear":"Demersal trawl","gearPct":40,"gears":7,"nat":"France","vmax":12,"months":12},"geometry":{"type":"Polygon","coordinates":[[[-0.41037,50.2759],[-0.40055,50.23147],[-0.47003,50.22509],[-0.47991,50.26952],[-0.41037,50.2759]]]}},{"type":"Feature","properties":{"pos":725,"gear":"Demersal trawl","gearPct":40,"gears":6,"nat":"France","vmax":12,"months":12},"geometry":{"type":"Polygon","coordinates":[[[-0.40055,50.23147],[-0.39075,50.18704],[-0.46016,50.18066],[-0.47003,50.22509],[-0.40055,50.23147]]]}},{"type":"Feature","properties":{"pos":446,"gear":"Demersal trawl","gearPct":43,"gears":7,"nat":"France","vmax":13,"months":12},"geometry":{"type":"Polygon","coordinates":[[[-0.39075,50.18704],[-0.38097,50.1426],[-0.45032,50.13623],[-0.46016,50.18066],[-0.39075,50.18704]]]}},{"type":"Feature","properties":{"pos":15,"gear":"Demersal trawl","gearPct":87,"gears":2,"nat":"United Kingdom","vmax":2,"months":3},"geometry":{"type":"Polygon","coordinates":[[[-0.45972,50.81539],[-0.44968,50.77097],[-0.51995,50.76455],[-0.53005,50.80896],[-0.45972,50.81539]]]}},{"type":"Feature","properties":{"pos":35,"gear":"Demersal trawl","gearPct":66,"gears":3,"nat":"United Kingdom","vmax":2,"months":4},"geometry":{"type":"Polygon","coordinates":[[[-0.44968,50.77097],[-0.43967,50.72655],[-0.50987,50.72014],[-0.51995,50.76455],[-0.44968,50.77097]]]}},{"type":"Feature","properties":{"pos":60,"gear":"Pots & creels","gearPct":52,"gears":5,"nat":"United Kingdom","vmax":2,"months":10},"geometry":{"type":"Polygon","coordinates":[[[-0.43967,50.72655],[-0.42968,50.68213],[-0.49981,50.67572],[-0.50987,50.72014],[-0.43967,50.72655]]]}},{"type":"Feature","properties":{"pos":438,"gear":"Demersal trawl","gearPct":43,"gears":5,"nat":"United Kingdom","vmax":5,"months":12},"geometry":{"type":"Polygon","coordinates":[[[-0.42968,50.68213],[-0.41971,50.6377],[-0.48978,50.6313],[-0.49981,50.67572],[-0.42968,50.68213]]]}},{"type":"Feature","properties":{"pos":757,"gear":"Demersal trawl","gearPct":41,"gears":6,"nat":"United Kingdom","vmax":7,"months":12},"geometry":{"type":"Polygon","coordinates":[[[-0.41971,50.6377],[-0.40976,50.59328],[-0.47977,50.58688],[-0.48978,50.6313],[-0.41971,50.6377]]]}},{"type":"Feature","properties":{"pos":977,"gear":"Beam trawl","gearPct":54,"gears":7,"nat":"Belgium","vmax":20,"months":12},"geometry":{"type":"Polygon","coordinates":[[[-0.40976,50.59328],[-0.39984,50.54885],[-0.46979,50.54246],[-0.47977,50.58688],[-0.40976,50.59328]]]}},{"type":"Feature","properties":{"pos":780,"gear":"Beam trawl","gearPct":36,"gears":7,"nat":"Belgium","vmax":16,"months":12},"geometry":{"type":"Polygon","coordinates":[[[-0.39984,50.54885],[-0.38995,50.50442],[-0.45983,50.49804],[-0.46979,50.54246],[-0.39984,50.54885]]]}},{"type":"Feature","properties":{"pos":847,"gear":"Demersal trawl","gearPct":47,"gears":6,"nat":"France","vmax":16,"months":12},"geometry":{"type":"Polygon","coordinates":[[[-0.38995,50.50442],[-0.38007,50.45999],[-0.44989,50.45362],[-0.45983,50.49804],[-0.38995,50.50442]]]}},{"type":"Feature","properties":{"pos":939,"gear":"Demersal trawl","gearPct":65,"gears":6,"nat":"France","vmax":13,"months":12},"geometry":{"type":"Polygon","coordinates":[[[-0.38007,50.45999],[-0.37022,50.41556],[-0.43997,50.40919],[-0.44989,50.45362],[-0.38007,50.45999]]]}},{"type":"Feature","properties":{"pos":1202,"gear":"Demersal trawl","gearPct":52,"gears":7,"nat":"France","vmax":14,"months":12},"geometry":{"type":"Polygon","coordinates":[[[-0.37022,50.41556],[-0.3604,50.37112],[-0.43008,50.36476],[-0.43997,50.40919],[-0.37022,50.41556]]]}},{"type":"Feature","properties":{"pos":717,"gear":"Demersal trawl","gearPct":44,"gears":7,"nat":"France","vmax":14,"months":12},"geometry":{"type":"Polygon","coordinates":[[[-0.3604,50.37112],[-0.35059,50.32669],[-0.42021,50.32034],[-0.43008,50.36476],[-0.3604,50.37112]]]}},{"type":"Feature","properties":{"pos":505,"gear":"Demersal trawl","gearPct":37,"gears":6,"nat":"France","vmax":9,"months":12},"geometry":{"type":"Polygon","coordinates":[[[-0.35059,50.32669],[-0.34081,50.28225],[-0.41037,50.2759],[-0.42021,50.32034],[-0.35059,50.32669]]]}},{"type":"Feature","properties":{"pos":454,"gear":"Demersal trawl","gearPct":65,"gears":6,"nat":"France","vmax":10,"months":11},"geometry":{"type":"Polygon","coordinates":[[[-0.34081,50.28225],[-0.33105,50.23781],[-0.40055,50.23147],[-0.41037,50.2759],[-0.34081,50.28225]]]}},{"type":"Feature","properties":{"pos":2161,"gear":"Demersal trawl","gearPct":79,"gears":7,"nat":"France","vmax":13,"months":12},"geometry":{"type":"Polygon","coordinates":[[[-0.33105,50.23781],[-0.32132,50.19337],[-0.39075,50.18704],[-0.40055,50.23147],[-0.33105,50.23781]]]}},{"type":"Feature","properties":{"pos":136,"gear":"Demersal trawl","gearPct":40,"gears":7,"nat":"France","vmax":7,"months":12},"geometry":{"type":"Polygon","coordinates":[[[-0.32132,50.19337],[-0.3116,50.14893],[-0.38097,50.1426],[-0.39075,50.18704],[-0.32132,50.19337]]]}},{"type":"Feature","properties":{"pos":51,"gear":"Demersal trawl","gearPct":73,"gears":2,"nat":"United Kingdom","vmax":2,"months":4},"geometry":{"type":"Polygon","coordinates":[[[-0.38937,50.82178],[-0.3794,50.77735],[-0.44968,50.77097],[-0.45972,50.81539],[-0.38937,50.82178]]]}},{"type":"Feature","properties":{"pos":23,"gear":"Demersal trawl","gearPct":65,"gears":3,"nat":"United Kingdom","vmax":2,"months":6},"geometry":{"type":"Polygon","coordinates":[[[-0.3794,50.77735],[-0.36945,50.73292],[-0.43967,50.72655],[-0.44968,50.77097],[-0.3794,50.77735]]]}},{"type":"Feature","properties":{"pos":60,"gear":"Demersal trawl","gearPct":68,"gears":5,"nat":"United Kingdom","vmax":3,"months":11},"geometry":{"type":"Polygon","coordinates":[[[-0.36945,50.73292],[-0.35952,50.68849],[-0.42968,50.68213],[-0.43967,50.72655],[-0.36945,50.73292]]]}},{"type":"Feature","properties":{"pos":327,"gear":"Demersal trawl","gearPct":47,"gears":5,"nat":"France","vmax":3,"months":11},"geometry":{"type":"Polygon","coordinates":[[[-0.35952,50.68849],[-0.34962,50.64406],[-0.41971,50.6377],[-0.42968,50.68213],[-0.35952,50.68849]]]}},{"type":"Feature","properties":{"pos":464,"gear":"Demersal trawl","gearPct":38,"gears":6,"nat":"Belgium","vmax":8,"months":12},"geometry":{"type":"Polygon","coordinates":[[[-0.34962,50.64406],[-0.33974,50.59963],[-0.40976,50.59328],[-0.41971,50.6377],[-0.34962,50.64406]]]}},{"type":"Feature","properties":{"pos":985,"gear":"Beam trawl","gearPct":63,"gears":7,"nat":"Belgium","vmax":21,"months":12},"geometry":{"type":"Polygon","coordinates":[[[-0.33974,50.59963],[-0.32989,50.5552],[-0.39984,50.54885],[-0.40976,50.59328],[-0.33974,50.59963]]]}},{"type":"Feature","properties":{"pos":824,"gear":"Beam trawl","gearPct":43,"gears":7,"nat":"Belgium","vmax":19,"months":12},"geometry":{"type":"Polygon","coordinates":[[[-0.32989,50.5552],[-0.32005,50.51076],[-0.38995,50.50442],[-0.39984,50.54885],[-0.32989,50.5552]]]}},{"type":"Feature","properties":{"pos":1037,"gear":"Beam trawl","gearPct":45,"gears":7,"nat":"Belgium","vmax":24,"months":12},"geometry":{"type":"Polygon","coordinates":[[[-0.32005,50.51076],[-0.31024,50.46632],[-0.38007,50.45999],[-0.38995,50.50442],[-0.32005,50.51076]]]}},{"type":"Feature","properties":{"pos":1130,"gear":"Demersal trawl","gearPct":39,"gears":7,"nat":"France","vmax":19,"months":12},"geometry":{"type":"Polygon","coordinates":[[[-0.31024,50.46632],[-0.30046,50.42188],[-0.37022,50.41556],[-0.38007,50.45999],[-0.31024,50.46632]]]}},{"type":"Feature","properties":{"pos":1460,"gear":"Demersal trawl","gearPct":49,"gears":7,"nat":"France","vmax":13,"months":12},"geometry":{"type":"Polygon","coordinates":[[[-0.30046,50.42188],[-0.29069,50.37744],[-0.3604,50.37112],[-0.37022,50.41556],[-0.30046,50.42188]]]}},{"type":"Feature","properties":{"pos":693,"gear":"Demersal trawl","gearPct":39,"gears":7,"nat":"France","vmax":12,"months":12},"geometry":{"type":"Polygon","coordinates":[[[-0.29069,50.37744],[-0.28095,50.333],[-0.35059,50.32669],[-0.3604,50.37112],[-0.29069,50.37744]]]}},{"type":"Feature","properties":{"pos":434,"gear":"Demersal trawl","gearPct":44,"gears":8,"nat":"France","vmax":9,"months":12},"geometry":{"type":"Polygon","coordinates":[[[-0.28095,50.333],[-0.27124,50.28855],[-0.34081,50.28225],[-0.35059,50.32669],[-0.28095,50.333]]]}},{"type":"Feature","properties":{"pos":911,"gear":"Demersal trawl","gearPct":80,"gears":7,"nat":"France","vmax":12,"months":10},"geometry":{"type":"Polygon","coordinates":[[[-0.27124,50.28855],[-0.26154,50.24411],[-0.33105,50.23781],[-0.34081,50.28225],[-0.27124,50.28855]]]}},{"type":"Feature","properties":{"pos":2139,"gear":"Demersal trawl","gearPct":67,"gears":8,"nat":"France","vmax":12,"months":12},"geometry":{"type":"Polygon","coordinates":[[[-0.26154,50.24411],[-0.25187,50.19966],[-0.32132,50.19337],[-0.33105,50.23781],[-0.26154,50.24411]]]}},{"type":"Feature","properties":{"pos":58,"gear":"Demersal trawl","gearPct":69,"gears":2,"nat":"United Kingdom","vmax":2,"months":4},"geometry":{"type":"Polygon","coordinates":[[[-0.319,50.82812],[-0.3091,50.78369],[-0.3794,50.77735],[-0.38937,50.82178],[-0.319,50.82812]]]}},{"type":"Feature","properties":{"pos":42,"gear":"Other gear","gearPct":50,"gears":5,"nat":"United Kingdom","vmax":4,"months":10},"geometry":{"type":"Polygon","coordinates":[[[-0.3091,50.78369],[-0.29921,50.73925],[-0.36945,50.73292],[-0.3794,50.77735],[-0.3091,50.78369]]]}},{"type":"Feature","properties":{"pos":89,"gear":"Beam trawl","gearPct":58,"gears":5,"nat":"Belgium","vmax":4,"months":11},"geometry":{"type":"Polygon","coordinates":[[[-0.29921,50.73925],[-0.28935,50.69482],[-0.35952,50.68849],[-0.36945,50.73292],[-0.29921,50.73925]]]}},{"type":"Feature","properties":{"pos":92,"gear":"Other gear","gearPct":54,"gears":5,"nat":"United Kingdom","vmax":2,"months":7},"geometry":{"type":"Polygon","coordinates":[[[-0.28935,50.69482],[-0.27951,50.65038],[-0.34962,50.64406],[-0.35952,50.68849],[-0.28935,50.69482]]]}},{"type":"Feature","properties":{"pos":459,"gear":"Beam trawl","gearPct":79,"gears":6,"nat":"Belgium","vmax":12,"months":12},"geometry":{"type":"Polygon","coordinates":[[[-0.27951,50.65038],[-0.2697,50.60594],[-0.33974,50.59963],[-0.34962,50.64406],[-0.27951,50.65038]]]}},{"type":"Feature","properties":{"pos":1033,"gear":"Beam trawl","gearPct":71,"gears":7,"nat":"Belgium","vmax":22,"months":12},"geometry":{"type":"Polygon","coordinates":[[[-0.2697,50.60594],[-0.25991,50.5615],[-0.32989,50.5552],[-0.33974,50.59963],[-0.2697,50.60594]]]}},{"type":"Feature","properties":{"pos":1299,"gear":"Beam trawl","gearPct":35,"gears":7,"nat":"Belgium","vmax":24,"months":12},"geometry":{"type":"Polygon","coordinates":[[[-0.25991,50.5615],[-0.25014,50.51706],[-0.32005,50.51076],[-0.32989,50.5552],[-0.25991,50.5615]]]}},{"type":"Feature","properties":{"pos":1319,"gear":"Beam trawl","gearPct":34,"gears":7,"nat":"Belgium","vmax":25,"months":12},"geometry":{"type":"Polygon","coordinates":[[[-0.25014,50.51706],[-0.2404,50.47261],[-0.31024,50.46632],[-0.32005,50.51076],[-0.25014,50.51706]]]}},{"type":"Feature","properties":{"pos":1723,"gear":"Scallop dredge","gearPct":46,"gears":7,"nat":"United Kingdom","vmax":24,"months":12},"geometry":{"type":"Polygon","coordinates":[[[-0.2404,50.47261],[-0.23067,50.42817],[-0.30046,50.42188],[-0.31024,50.46632],[-0.2404,50.47261]]]}},{"type":"Feature","properties":{"pos":1672,"gear":"Scallop dredge","gearPct":40,"gears":7,"nat":"United Kingdom","vmax":22,"months":12},"geometry":{"type":"Polygon","coordinates":[[[-0.23067,50.42817],[-0.22097,50.38372],[-0.29069,50.37744],[-0.30046,50.42188],[-0.23067,50.42817]]]}},{"type":"Feature","properties":{"pos":1136,"gear":"Demersal trawl","gearPct":35,"gears":7,"nat":"France","vmax":19,"months":12},"geometry":{"type":"Polygon","coordinates":[[[-0.22097,50.38372],[-0.2113,50.33927],[-0.28095,50.333],[-0.29069,50.37744],[-0.22097,50.38372]]]}},{"type":"Feature","properties":{"pos":683,"gear":"Scallop dredge","gearPct":38,"gears":7,"nat":"United Kingdom","vmax":10,"months":12},"geometry":{"type":"Polygon","coordinates":[[[-0.2113,50.33927],[-0.20164,50.29482],[-0.27124,50.28855],[-0.28095,50.333],[-0.2113,50.33927]]]}},{"type":"Feature","properties":{"pos":815,"gear":"Beam trawl","gearPct":35,"gears":7,"nat":"France","vmax":14,"months":12},"geometry":{"type":"Polygon","coordinates":[[[-0.20164,50.29482],[-0.19201,50.25036],[-0.26154,50.24411],[-0.27124,50.28855],[-0.20164,50.29482]]]}},{"type":"Feature","properties":{"pos":1019,"gear":"Demersal trawl","gearPct":32,"gears":8,"nat":"France","vmax":13,"months":12},"geometry":{"type":"Polygon","coordinates":[[[-0.19201,50.25036],[-0.1824,50.20591],[-0.25187,50.19966],[-0.26154,50.24411],[-0.19201,50.25036]]]}},{"type":"Feature","properties":{"pos":345,"gear":"Other gear","gearPct":83,"gears":5,"nat":"United Kingdom","vmax":19,"months":12},"geometry":{"type":"Polygon","coordinates":[[[-0.24862,50.83442],[-0.23878,50.78998],[-0.3091,50.78369],[-0.319,50.82812],[-0.24862,50.83442]]]}},{"type":"Feature","properties":{"pos":228,"gear":"Other gear","gearPct":57,"gears":5,"nat":"United Kingdom","vmax":13,"months":12},"geometry":{"type":"Polygon","coordinates":[[[-0.23878,50.78998],[-0.22896,50.74554],[-0.29921,50.73925],[-0.3091,50.78369],[-0.23878,50.78998]]]}},{"type":"Feature","properties":{"pos":274,"gear":"Beam trawl","gearPct":76,"gears":5,"nat":"Belgium","vmax":8,"months":12},"geometry":{"type":"Polygon","coordinates":[[[-0.22896,50.74554],[-0.21916,50.7011],[-0.28935,50.69482],[-0.29921,50.73925],[-0.22896,50.74554]]]}},{"type":"Feature","properties":{"pos":14,"gear":"Pots & creels","gearPct":71,"gears":5,"nat":"United Kingdom","vmax":1,"months":8},"geometry":{"type":"Polygon","coordinates":[[[-0.21916,50.7011],[-0.20939,50.65665],[-0.27951,50.65038],[-0.28935,50.69482],[-0.21916,50.7011]]]}},{"type":"Feature","properties":{"pos":1064,"gear":"Beam trawl","gearPct":85,"gears":6,"nat":"Belgium","vmax":18,"months":12},"geometry":{"type":"Polygon","coordinates":[[[-0.20939,50.65665],[-0.19964,50.61221],[-0.2697,50.60594],[-0.27951,50.65038],[-0.20939,50.65665]]]}},{"type":"Feature","properties":{"pos":1071,"gear":"Beam trawl","gearPct":68,"gears":6,"nat":"Belgium","vmax":19,"months":12},"geometry":{"type":"Polygon","coordinates":[[[-0.19964,50.61221],[-0.18991,50.56776],[-0.25991,50.5615],[-0.2697,50.60594],[-0.19964,50.61221]]]}},{"type":"Feature","properties":{"pos":1536,"gear":"Demersal trawl","gearPct":28,"gears":6,"nat":"United Kingdom","vmax":18,"months":12},"geometry":{"type":"Polygon","coordinates":[[[-0.18991,50.56776],[-0.18021,50.52331],[-0.25014,50.51706],[-0.25991,50.5615],[-0.18991,50.56776]]]}},{"type":"Feature","properties":{"pos":1672,"gear":"Scallop dredge","gearPct":29,"gears":7,"nat":"United Kingdom","vmax":23,"months":12},"geometry":{"type":"Polygon","coordinates":[[[-0.18021,50.52331],[-0.17053,50.47886],[-0.2404,50.47261],[-0.25014,50.51706],[-0.18021,50.52331]]]}},{"type":"Feature","properties":{"pos":1930,"gear":"Scallop dredge","gearPct":42,"gears":6,"nat":"United Kingdom","vmax":22,"months":12},"geometry":{"type":"Polygon","coordinates":[[[-0.17053,50.47886],[-0.16087,50.43441],[-0.23067,50.42817],[-0.2404,50.47261],[-0.17053,50.47886]]]}},{"type":"Feature","properties":{"pos":1599,"gear":"Scallop dredge","gearPct":43,"gears":6,"nat":"United Kingdom","vmax":25,"months":12},"geometry":{"type":"Polygon","coordinates":[[[-0.16087,50.43441],[-0.15124,50.38995],[-0.22097,50.38372],[-0.23067,50.42817],[-0.16087,50.43441]]]}},{"type":"Feature","properties":{"pos":1993,"gear":"Scallop dredge","gearPct":42,"gears":7,"nat":"United Kingdom","vmax":22,"months":12},"geometry":{"type":"Polygon","coordinates":[[[-0.15124,50.38995],[-0.14162,50.34549],[-0.2113,50.33927],[-0.22097,50.38372],[-0.15124,50.38995]]]}},{"type":"Feature","properties":{"pos":1060,"gear":"Scallop dredge","gearPct":43,"gears":7,"nat":"United Kingdom","vmax":17,"months":12},"geometry":{"type":"Polygon","coordinates":[[[-0.14162,50.34549],[-0.13203,50.30104],[-0.20164,50.29482],[-0.2113,50.33927],[-0.14162,50.34549]]]}},{"type":"Feature","properties":{"pos":1412,"gear":"Scallop dredge","gearPct":33,"gears":8,"nat":"France","vmax":18,"months":12},"geometry":{"type":"Polygon","coordinates":[[[-0.13203,50.30104],[-0.12246,50.25658],[-0.19201,50.25036],[-0.20164,50.29482],[-0.13203,50.30104]]]}},{"type":"Feature","properties":{"pos":1222,"gear":"Demersal trawl","gearPct":35,"gears":8,"nat":"France","vmax":19,"months":12},"geometry":{"type":"Polygon","coordinates":[[[-0.12246,50.25658],[-0.11292,50.21212],[-0.1824,50.20591],[-0.19201,50.25036],[-0.12246,50.25658]]]}},{"type":"Feature","properties":{"pos":1084,"gear":"Other gear","gearPct":79,"gears":6,"nat":"United Kingdom","vmax":40,"months":12},"geometry":{"type":"Polygon","coordinates":[[[-0.17822,50.84068],[-0.16844,50.79624],[-0.23878,50.78998],[-0.24862,50.83442],[-0.17822,50.84068]]]}},{"type":"Feature","properties":{"pos":549,"gear":"Other gear","gearPct":48,"gears":4,"nat":"United Kingdom","vmax":16,"months":12},"geometry":{"type":"Polygon","coordinates":[[[-0.16844,50.79624],[-0.15869,50.75179],[-0.22896,50.74554],[-0.23878,50.78998],[-0.16844,50.79624]]]}},{"type":"Feature","properties":{"pos":668,"gear":"Beam trawl","gearPct":70,"gears":7,"nat":"Belgium","vmax":10,"months":12},"geometry":{"type":"Polygon","coordinates":[[[-0.15869,50.75179],[-0.14896,50.70734],[-0.21916,50.7011],[-0.22896,50.74554],[-0.15869,50.75179]]]}},{"type":"Feature","properties":{"pos":952,"gear":"Beam trawl","gearPct":94,"gears":5,"nat":"Belgium","vmax":10,"months":12},"geometry":{"type":"Polygon","coordinates":[[[-0.14896,50.70734],[-0.13925,50.66289],[-0.20939,50.65665],[-0.21916,50.7011],[-0.14896,50.70734]]]}},{"type":"Feature","properties":{"pos":1585,"gear":"Beam trawl","gearPct":92,"gears":6,"nat":"Belgium","vmax":10,"months":12},"geometry":{"type":"Polygon","coordinates":[[[-0.13925,50.66289],[-0.12957,50.61843],[-0.19964,50.61221],[-0.20939,50.65665],[-0.13925,50.66289]]]}},{"type":"Feature","properties":{"pos":1170,"gear":"Beam trawl","gearPct":57,"gears":6,"nat":"Belgium","vmax":23,"months":12},"geometry":{"type":"Polygon","coordinates":[[[-0.12957,50.61843],[-0.1199,50.57398],[-0.18991,50.56776],[-0.19964,50.61221],[-0.12957,50.61843]]]}},{"type":"Feature","properties":{"pos":1832,"gear":"Demersal trawl","gearPct":28,"gears":6,"nat":"United Kingdom","vmax":17,"months":12},"geometry":{"type":"Polygon","coordinates":[[[-0.1199,50.57398],[-0.11026,50.52952],[-0.18021,50.52331],[-0.18991,50.56776],[-0.1199,50.57398]]]}},{"type":"Feature","properties":{"pos":1967,"gear":"Demersal trawl","gearPct":28,"gears":6,"nat":"France","vmax":22,"months":12},"geometry":{"type":"Polygon","coordinates":[[[-0.11026,50.52952],[-0.10065,50.48506],[-0.17053,50.47886],[-0.18021,50.52331],[-0.11026,50.52952]]]}},{"type":"Feature","properties":{"pos":2329,"gear":"Scallop dredge","gearPct":33,"gears":6,"nat":"United Kingdom","vmax":21,"months":12},"geometry":{"type":"Polygon","coordinates":[[[-0.10065,50.48506],[-0.09105,50.4406],[-0.16087,50.43441],[-0.17053,50.47886],[-0.10065,50.48506]]]}},{"type":"Feature","properties":{"pos":1925,"gear":"Scallop dredge","gearPct":37,"gears":6,"nat":"United Kingdom","vmax":27,"months":12},"geometry":{"type":"Polygon","coordinates":[[[-0.09105,50.4406],[-0.08148,50.39614],[-0.15124,50.38995],[-0.16087,50.43441],[-0.09105,50.4406]]]}},{"type":"Feature","properties":{"pos":2603,"gear":"Scallop dredge","gearPct":37,"gears":7,"nat":"France","vmax":26,"months":12},"geometry":{"type":"Polygon","coordinates":[[[-0.08148,50.39614],[-0.07193,50.35168],[-0.14162,50.34549],[-0.15124,50.38995],[-0.08148,50.39614]]]}},{"type":"Feature","properties":{"pos":2328,"gear":"Demersal trawl","gearPct":38,"gears":8,"nat":"France","vmax":17,"months":12},"geometry":{"type":"Polygon","coordinates":[[[-0.07193,50.35168],[-0.06241,50.30721],[-0.13203,50.30104],[-0.14162,50.34549],[-0.07193,50.35168]]]}},{"type":"Feature","properties":{"pos":1389,"gear":"Demersal trawl","gearPct":37,"gears":8,"nat":"France","vmax":22,"months":12},"geometry":{"type":"Polygon","coordinates":[[[-0.06241,50.30721],[-0.0529,50.26275],[-0.12246,50.25658],[-0.13203,50.30104],[-0.06241,50.30721]]]}},{"type":"Feature","properties":{"pos":1286,"gear":"Demersal trawl","gearPct":36,"gears":8,"nat":"France","vmax":21,"months":12},"geometry":{"type":"Polygon","coordinates":[[[-0.0529,50.26275],[-0.04342,50.21828],[-0.11292,50.21212],[-0.12246,50.25658],[-0.0529,50.26275]]]}},{"type":"Feature","properties":{"pos":37,"gear":"Other gear","gearPct":46,"gears":3,"nat":"United Kingdom","vmax":3,"months":9},"geometry":{"type":"Polygon","coordinates":[[[-0.1078,50.8469],[-0.09809,50.80244],[-0.16844,50.79624],[-0.17822,50.84068],[-0.1078,50.8469]]]}},{"type":"Feature","properties":{"pos":294,"gear":"Other gear","gearPct":46,"gears":4,"nat":"United Kingdom","vmax":6,"months":12},"geometry":{"type":"Polygon","coordinates":[[[-0.09809,50.80244],[-0.0884,50.75799],[-0.15869,50.75179],[-0.16844,50.79624],[-0.09809,50.80244]]]}},{"type":"Feature","properties":{"pos":233,"gear":"Other gear","gearPct":48,"gears":4,"nat":"United Kingdom","vmax":9,"months":12},"geometry":{"type":"Polygon","coordinates":[[[-0.0884,50.75799],[-0.07874,50.71353],[-0.14896,50.70734],[-0.15869,50.75179],[-0.0884,50.75799]]]}},{"type":"Feature","properties":{"pos":1007,"gear":"Beam trawl","gearPct":47,"gears":5,"nat":"United Kingdom","vmax":11,"months":12},"geometry":{"type":"Polygon","coordinates":[[[-0.07874,50.71353],[-0.06909,50.66907],[-0.13925,50.66289],[-0.14896,50.70734],[-0.07874,50.71353]]]}},{"type":"Feature","properties":{"pos":894,"gear":"Beam trawl","gearPct":88,"gears":6,"nat":"Belgium","vmax":10,"months":12},"geometry":{"type":"Polygon","coordinates":[[[-0.06909,50.66907],[-0.05947,50.62461],[-0.12957,50.61843],[-0.13925,50.66289],[-0.06909,50.66907]]]}},{"type":"Feature","properties":{"pos":977,"gear":"Beam trawl","gearPct":58,"gears":6,"nat":"Belgium","vmax":19,"months":12},"geometry":{"type":"Polygon","coordinates":[[[-0.05947,50.62461],[-0.04988,50.58015],[-0.1199,50.57398],[-0.12957,50.61843],[-0.05947,50.62461]]]}},{"type":"Feature","properties":{"pos":1632,"gear":"Scallop dredge","gearPct":26,"gears":6,"nat":"United Kingdom","vmax":19,"months":12},"geometry":{"type":"Polygon","coordinates":[[[-0.04988,50.58015],[-0.0403,50.53569],[-0.11026,50.52952],[-0.1199,50.57398],[-0.04988,50.58015]]]}},{"type":"Feature","properties":{"pos":2040,"gear":"Demersal trawl","gearPct":30,"gears":6,"nat":"France","vmax":25,"months":12},"geometry":{"type":"Polygon","coordinates":[[[-0.0403,50.53569],[-0.03075,50.49123],[-0.10065,50.48506],[-0.11026,50.52952],[-0.0403,50.53569]]]}},{"type":"Feature","properties":{"pos":2247,"gear":"Scallop dredge","gearPct":46,"gears":6,"nat":"United Kingdom","vmax":18,"months":12},"geometry":{"type":"Polygon","coordinates":[[[-0.03075,50.49123],[-0.02122,50.44676],[-0.09105,50.4406],[-0.10065,50.48506],[-0.03075,50.49123]]]}},{"type":"Feature","properties":{"pos":2497,"gear":"Demersal trawl","gearPct":34,"gears":6,"nat":"France","vmax":28,"months":12},"geometry":{"type":"Polygon","coordinates":[[[-0.02122,50.44676],[-0.01171,50.40229],[-0.08148,50.39614],[-0.09105,50.4406],[-0.02122,50.44676]]]}},{"type":"Feature","properties":{"pos":3585,"gear":"Demersal trawl","gearPct":47,"gears":8,"nat":"France","vmax":30,"months":12},"geometry":{"type":"Polygon","coordinates":[[[-0.01171,50.40229],[-0.00223,50.35782],[-0.07193,50.35168],[-0.08148,50.39614],[-0.01171,50.40229]]]}},{"type":"Feature","properties":{"pos":3065,"gear":"Demersal trawl","gearPct":44,"gears":7,"nat":"France","vmax":23,"months":12},"geometry":{"type":"Polygon","coordinates":[[[-0.00223,50.35782],[0.00724,50.31335],[-0.06241,50.30721],[-0.07193,50.35168],[-0.00223,50.35782]]]}},{"type":"Feature","properties":{"pos":2228,"gear":"Demersal trawl","gearPct":37,"gears":8,"nat":"France","vmax":21,"months":12},"geometry":{"type":"Polygon","coordinates":[[[0.00724,50.31335],[0.01668,50.26888],[-0.0529,50.26275],[-0.06241,50.30721],[0.00724,50.31335]]]}},{"type":"Feature","properties":{"pos":1426,"gear":"Demersal trawl","gearPct":42,"gears":8,"nat":"France","vmax":25,"months":12},"geometry":{"type":"Polygon","coordinates":[[[0.01668,50.26888],[0.0261,50.2244],[-0.04342,50.21828],[-0.0529,50.26275],[0.01668,50.26888]]]}},{"type":"Feature","properties":{"pos":377,"gear":"Other gear","gearPct":50,"gears":4,"nat":"United Kingdom","vmax":4,"months":11},"geometry":{"type":"Polygon","coordinates":[[[-0.02772,50.80861],[-0.0181,50.76415],[-0.0884,50.75799],[-0.09809,50.80244],[-0.02772,50.80861]]]}},{"type":"Feature","properties":{"pos":362,"gear":"Other gear","gearPct":51,"gears":4,"nat":"United Kingdom","vmax":6,"months":11},"geometry":{"type":"Polygon","coordinates":[[[-0.0181,50.76415],[-0.0085,50.71969],[-0.07874,50.71353],[-0.0884,50.75799],[-0.0181,50.76415]]]}},{"type":"Feature","properties":{"pos":483,"gear":"Other gear","gearPct":44,"gears":5,"nat":"United Kingdom","vmax":9,"months":12},"geometry":{"type":"Polygon","coordinates":[[[-0.0085,50.71969],[0.00108,50.67522],[-0.06909,50.66907],[-0.07874,50.71353],[-0.0085,50.71969]]]}},{"type":"Feature","properties":{"pos":622,"gear":"Beam trawl","gearPct":75,"gears":6,"nat":"Belgium","vmax":9,"months":12},"geometry":{"type":"Polygon","coordinates":[[[0.00108,50.67522],[0.01064,50.63075],[-0.05947,50.62461],[-0.06909,50.66907],[0.00108,50.67522]]]}},{"type":"Feature","properties":{"pos":819,"gear":"Beam trawl","gearPct":50,"gears":6,"nat":"Belgium","vmax":12,"months":12},"geometry":{"type":"Polygon","coordinates":[[[0.01064,50.63075],[0.02017,50.58629],[-0.04988,50.58015],[-0.05947,50.62461],[0.01064,50.63075]]]}},{"type":"Feature","properties":{"pos":1993,"gear":"Scallop dredge","gearPct":25,"gears":6,"nat":"United Kingdom","vmax":28,"months":12},"geometry":{"type":"Polygon","coordinates":[[[0.02017,50.58629],[0.02968,50.54182],[-0.0403,50.53569],[-0.04988,50.58015],[0.02017,50.58629]]]}},{"type":"Feature","properties":{"pos":2901,"gear":"Demersal trawl","gearPct":35,"gears":6,"nat":"France","vmax":28,"months":12},"geometry":{"type":"Polygon","coordinates":[[[0.02968,50.54182],[0.03917,50.49734],[-0.03075,50.49123],[-0.0403,50.53569],[0.02968,50.54182]]]}},{"type":"Feature","properties":{"pos":2570,"gear":"Scallop dredge","gearPct":41,"gears":6,"nat":"United Kingdom","vmax":27,"months":12},"geometry":{"type":"Polygon","coordinates":[[[0.03917,50.49734],[0.04863,50.45287],[-0.02122,50.44676],[-0.03075,50.49123],[0.03917,50.49734]]]}},{"type":"Feature","properties":{"pos":3272,"gear":"Scallop dredge","gearPct":37,"gears":6,"nat":"France","vmax":31,"months":12},"geometry":{"type":"Polygon","coordinates":[[[0.04863,50.45287],[0.05807,50.4084],[-0.01171,50.40229],[-0.02122,50.44676],[0.04863,50.45287]]]}},{"type":"Feature","properties":{"pos":3436,"gear":"Demersal trawl","gearPct":44,"gears":6,"nat":"France","vmax":30,"months":12},"geometry":{"type":"Polygon","coordinates":[[[0.05807,50.4084],[0.0675,50.36392],[-0.00223,50.35782],[-0.01171,50.40229],[0.05807,50.4084]]]}},{"type":"Feature","properties":{"pos":2661,"gear":"Demersal trawl","gearPct":53,"gears":8,"nat":"France","vmax":23,"months":12},"geometry":{"type":"Polygon","coordinates":[[[0.0675,50.36392],[0.07689,50.31944],[0.00724,50.31335],[-0.00223,50.35782],[0.0675,50.36392]]]}},{"type":"Feature","properties":{"pos":2974,"gear":"Demersal trawl","gearPct":49,"gears":6,"nat":"France","vmax":30,"months":12},"geometry":{"type":"Polygon","coordinates":[[[0.07689,50.31944],[0.08627,50.27496],[0.01668,50.26888],[0.00724,50.31335],[0.07689,50.31944]]]}},{"type":"Feature","properties":{"pos":1195,"gear":"Demersal trawl","gearPct":52,"gears":7,"nat":"France","vmax":21,"months":12},"geometry":{"type":"Polygon","coordinates":[[[0.08627,50.27496],[0.09563,50.23048],[0.0261,50.2244],[0.01668,50.26888],[0.08627,50.27496]]]}},{"type":"Feature","properties":{"pos":299,"gear":"Beam trawl","gearPct":57,"gears":4,"nat":"United Kingdom","vmax":3,"months":12},"geometry":{"type":"Polygon","coordinates":[[[0.04267,50.81473],[0.05222,50.77027],[-0.0181,50.76415],[-0.02772,50.80861],[0.04267,50.81473]]]}},{"type":"Feature","properties":{"pos":768,"gear":"Beam trawl","gearPct":60,"gears":4,"nat":"United Kingdom","vmax":6,"months":12},"geometry":{"type":"Polygon","coordinates":[[[0.05222,50.77027],[0.06176,50.7258],[-0.0085,50.71969],[-0.0181,50.76415],[0.05222,50.77027]]]}},{"type":"Feature","properties":{"pos":526,"gear":"Other gear","gearPct":39,"gears":4,"nat":"United Kingdom","vmax":8,"months":12},"geometry":{"type":"Polygon","coordinates":[[[0.06176,50.7258],[0.07127,50.68132],[0.00108,50.67522],[-0.0085,50.71969],[0.06176,50.7258]]]}},{"type":"Feature","properties":{"pos":657,"gear":"Beam trawl","gearPct":53,"gears":6,"nat":"Belgium","vmax":9,"months":12},"geometry":{"type":"Polygon","coordinates":[[[0.07127,50.68132],[0.08076,50.63685],[0.01064,50.63075],[0.00108,50.67522],[0.07127,50.68132]]]}},{"type":"Feature","properties":{"pos":682,"gear":"Beam trawl","gearPct":45,"gears":6,"nat":"Belgium","vmax":10,"months":12},"geometry":{"type":"Polygon","coordinates":[[[0.08076,50.63685],[0.09023,50.59238],[0.02017,50.58629],[0.01064,50.63075],[0.08076,50.63685]]]}},{"type":"Feature","properties":{"pos":1756,"gear":"Demersal trawl","gearPct":30,"gears":6,"nat":"United Kingdom","vmax":19,"months":12},"geometry":{"type":"Polygon","coordinates":[[[0.09023,50.59238],[0.09968,50.5479],[0.02968,50.54182],[0.02017,50.58629],[0.09023,50.59238]]]}},{"type":"Feature","properties":{"pos":2723,"gear":"Demersal trawl","gearPct":33,"gears":6,"nat":"France","vmax":24,"months":12},"geometry":{"type":"Polygon","coordinates":[[[0.09968,50.5479],[0.1091,50.50342],[0.03917,50.49734],[0.02968,50.54182],[0.09968,50.5479]]]}},{"type":"Feature","properties":{"pos":2387,"gear":"Scallop dredge","gearPct":40,"gears":6,"nat":"United Kingdom","vmax":26,"months":12},"geometry":{"type":"Polygon","coordinates":[[[0.1091,50.50342],[0.1185,50.45894],[0.04863,50.45287],[0.03917,50.49734],[0.1091,50.50342]]]}},{"type":"Feature","properties":{"pos":3189,"gear":"Demersal trawl","gearPct":41,"gears":6,"nat":"France","vmax":30,"months":12},"geometry":{"type":"Polygon","coordinates":[[[0.1185,50.45894],[0.12788,50.41446],[0.05807,50.4084],[0.04863,50.45287],[0.1185,50.45894]]]}},{"type":"Feature","properties":{"pos":2264,"gear":"Demersal trawl","gearPct":37,"gears":6,"nat":"France","vmax":24,"months":12},"geometry":{"type":"Polygon","coordinates":[[[0.12788,50.41446],[0.13724,50.36998],[0.0675,50.36392],[0.05807,50.4084],[0.12788,50.41446]]]}},{"type":"Feature","properties":{"pos":2699,"gear":"Demersal trawl","gearPct":52,"gears":6,"nat":"France","vmax":30,"months":12},"geometry":{"type":"Polygon","coordinates":[[[0.13724,50.36998],[0.14657,50.32549],[0.07689,50.31944],[0.0675,50.36392],[0.13724,50.36998]]]}},{"type":"Feature","properties":{"pos":3195,"gear":"Demersal trawl","gearPct":55,"gears":7,"nat":"France","vmax":28,"months":12},"geometry":{"type":"Polygon","coordinates":[[[0.14657,50.32549],[0.15588,50.28101],[0.08627,50.27496],[0.07689,50.31944],[0.14657,50.32549]]]}},{"type":"Feature","properties":{"pos":1068,"gear":"Demersal trawl","gearPct":59,"gears":8,"nat":"France","vmax":19,"months":12},"geometry":{"type":"Polygon","coordinates":[[[0.15588,50.28101],[0.16517,50.23652],[0.09563,50.23048],[0.08627,50.27496],[0.15588,50.28101]]]}},{"type":"Feature","properties":{"pos":277,"gear":"Demersal trawl","gearPct":67,"gears":4,"nat":"United Kingdom","vmax":5,"months":12},"geometry":{"type":"Polygon","coordinates":[[[0.11307,50.82081],[0.12256,50.77634],[0.05222,50.77027],[0.04267,50.81473],[0.11307,50.82081]]]}},{"type":"Feature","properties":{"pos":1040,"gear":"Beam trawl","gearPct":58,"gears":6,"nat":"United Kingdom","vmax":4,"months":12},"geometry":{"type":"Polygon","coordinates":[[[0.12256,50.77634],[0.13203,50.73186],[0.06176,50.7258],[0.05222,50.77027],[0.12256,50.77634]]]}},{"type":"Feature","properties":{"pos":1040,"gear":"Beam trawl","gearPct":57,"gears":6,"nat":"United Kingdom","vmax":10,"months":12},"geometry":{"type":"Polygon","coordinates":[[[0.13203,50.73186],[0.14148,50.68738],[0.07127,50.68132],[0.06176,50.7258],[0.13203,50.73186]]]}},{"type":"Feature","properties":{"pos":393,"gear":"Demersal trawl","gearPct":45,"gears":6,"nat":"United Kingdom","vmax":7,"months":12},"geometry":{"type":"Polygon","coordinates":[[[0.14148,50.68738],[0.1509,50.6429],[0.08076,50.63685],[0.07127,50.68132],[0.14148,50.68738]]]}},{"type":"Feature","properties":{"pos":1064,"gear":"Beam trawl","gearPct":52,"gears":7,"nat":"Belgium","vmax":10,"months":12},"geometry":{"type":"Polygon","coordinates":[[[0.1509,50.6429],[0.16031,50.59842],[0.09023,50.59238],[0.08076,50.63685],[0.1509,50.6429]]]}},{"type":"Feature","properties":{"pos":1622,"gear":"Demersal trawl","gearPct":34,"gears":6,"nat":"France","vmax":23,"months":12},"geometry":{"type":"Polygon","coordinates":[[[0.16031,50.59842],[0.16969,50.55394],[0.09968,50.5479],[0.09023,50.59238],[0.16031,50.59842]]]}},{"type":"Feature","properties":{"pos":2776,"gear":"Demersal trawl","gearPct":42,"gears":6,"nat":"France","vmax":21,"months":12},"geometry":{"type":"Polygon","coordinates":[[[0.16969,50.55394],[0.17905,50.50946],[0.1091,50.50342],[0.09968,50.5479],[0.16969,50.55394]]]}},{"type":"Feature","properties":{"pos":1907,"gear":"Scallop dredge","gearPct":31,"gears":7,"nat":"United Kingdom","vmax":25,"months":12},"geometry":{"type":"Polygon","coordinates":[[[0.17905,50.50946],[0.18838,50.46497],[0.1185,50.45894],[0.1091,50.50342],[0.17905,50.50946]]]}},{"type":"Feature","properties":{"pos":3386,"gear":"Scallop dredge","gearPct":40,"gears":6,"nat":"France","vmax":35,"months":12},"geometry":{"type":"Polygon","coordinates":[[[0.18838,50.46497],[0.1977,50.42048],[0.12788,50.41446],[0.1185,50.45894],[0.18838,50.46497]]]}},{"type":"Feature","properties":{"pos":2466,"gear":"Demersal trawl","gearPct":43,"gears":6,"nat":"France","vmax":31,"months":12},"geometry":{"type":"Polygon","coordinates":[[[0.1977,50.42048],[0.20699,50.37599],[0.13724,50.36998],[0.12788,50.41446],[0.1977,50.42048]]]}},{"type":"Feature","properties":{"pos":3160,"gear":"Demersal trawl","gearPct":59,"gears":7,"nat":"France","vmax":25,"months":12},"geometry":{"type":"Polygon","coordinates":[[[0.20699,50.37599],[0.21626,50.3315],[0.14657,50.32549],[0.13724,50.36998],[0.20699,50.37599]]]}},{"type":"Feature","properties":{"pos":2672,"gear":"Demersal trawl","gearPct":60,"gears":8,"nat":"France","vmax":30,"months":12},"geometry":{"type":"Polygon","coordinates":[[[0.21626,50.3315],[0.22551,50.28701],[0.15588,50.28101],[0.14657,50.32549],[0.21626,50.3315]]]}},{"type":"Feature","properties":{"pos":2186,"gear":"Demersal trawl","gearPct":63,"gears":7,"nat":"France","vmax":16,"months":12},"geometry":{"type":"Polygon","coordinates":[[[0.22551,50.28701],[0.23474,50.24251],[0.16517,50.23652],[0.15588,50.28101],[0.22551,50.28701]]]}},{"type":"Feature","properties":{"pos":337,"gear":"Beam trawl","gearPct":66,"gears":5,"nat":"United Kingdom","vmax":3,"months":12},"geometry":{"type":"Polygon","coordinates":[[[0.19292,50.78237],[0.20232,50.73789],[0.13203,50.73186],[0.12256,50.77634],[0.19292,50.78237]]]}},{"type":"Feature","properties":{"pos":726,"gear":"Beam trawl","gearPct":41,"gears":6,"nat":"United Kingdom","vmax":6,"months":12},"geometry":{"type":"Polygon","coordinates":[[[0.20232,50.73789],[0.2117,50.6934],[0.14148,50.68738],[0.13203,50.73186],[0.20232,50.73789]]]}},{"type":"Feature","properties":{"pos":679,"gear":"Scallop dredge","gearPct":46,"gears":6,"nat":"United Kingdom","vmax":4,"months":12},"geometry":{"type":"Polygon","coordinates":[[[0.2117,50.6934],[0.22106,50.64892],[0.1509,50.6429],[0.14148,50.68738],[0.2117,50.6934]]]}},{"type":"Feature","properties":{"pos":986,"gear":"Demersal trawl","gearPct":33,"gears":7,"nat":"United Kingdom","vmax":10,"months":12},"geometry":{"type":"Polygon","coordinates":[[[0.22106,50.64892],[0.2304,50.60443],[0.16031,50.59842],[0.1509,50.6429],[0.22106,50.64892]]]}},{"type":"Feature","properties":{"pos":1987,"gear":"Demersal trawl","gearPct":53,"gears":6,"nat":"France","vmax":26,"months":12},"geometry":{"type":"Polygon","coordinates":[[[0.2304,50.60443],[0.23972,50.55994],[0.16969,50.55394],[0.16031,50.59842],[0.2304,50.60443]]]}},{"type":"Feature","properties":{"pos":2053,"gear":"Demersal trawl","gearPct":46,"gears":6,"nat":"France","vmax":23,"months":12},"geometry":{"type":"Polygon","coordinates":[[[0.23972,50.55994],[0.24901,50.51545],[0.17905,50.50946],[0.16969,50.55394],[0.23972,50.55994]]]}},{"type":"Feature","properties":{"pos":1606,"gear":"Scallop dredge","gearPct":31,"gears":6,"nat":"United Kingdom","vmax":24,"months":12},"geometry":{"type":"Polygon","coordinates":[[[0.24901,50.51545],[0.25828,50.47095],[0.18838,50.46497],[0.17905,50.50946],[0.24901,50.51545]]]}},{"type":"Feature","properties":{"pos":3500,"gear":"Demersal trawl","gearPct":44,"gears":6,"nat":"France","vmax":36,"months":12},"geometry":{"type":"Polygon","coordinates":[[[0.25828,50.47095],[0.26753,50.42646],[0.1977,50.42048],[0.18838,50.46497],[0.25828,50.47095]]]}},{"type":"Feature","properties":{"pos":3164,"gear":"Demersal trawl","gearPct":49,"gears":6,"nat":"France","vmax":32,"months":12},"geometry":{"type":"Polygon","coordinates":[[[0.26753,50.42646],[0.27676,50.38196],[0.20699,50.37599],[0.1977,50.42048],[0.26753,50.42646]]]}}]}