{"type":"FeatureCollection","features":[{"type":"Feature","properties":{"cat":"aggregate","type":"Aggregate dredging","status":"current","org":"CEMEX UK MARINE LIMITED","title":"Area 407","ref":"MLA/2011/00302/1","start":"2013-03-14","end":"2034-03-14","kind":"licence"},"geometry":{"type":"Polygon","coordinates":[[[-1.101465,50.467208],[-1.068133,50.495537],[-1.034803,50.495535],[-1.051472,50.467208],[-1.051468,50.445542],[-1.034805,50.433875],[-1.034807,50.400545],[-1.10146,50.400548],[-1.101465,50.467208]]]}},{"type":"Feature","properties":{"cat":"aggregate","type":"Aggregate dredging","status":"current","org":"TARMAC MARINE DREDGING LIMITED","title":"Aggregate dredging Area 395 licence renewal","ref":"MLA/2012/00195/6","start":"2012-09-01","end":"2033-08-31","kind":"licence"},"geometry":{"type":"Polygon","coordinates":[[[-0.91454,50.65275],[-0.907042,50.65275],[-0.901487,50.651083],[-0.890932,50.653583],[-0.884822,50.65275],[-0.873155,50.645807],[-0.891487,50.642195],[-0.909818,50.642195],[-0.918707,50.646638],[-0.91454,50.65275]]]}},{"type":"Feature","properties":{"cat":"aggregate","type":"Aggregate dredging","status":"current","org":"TARMAC MARINE DREDGING LIMITED","title":"Aggregate dredging Area 395 licence renewal","ref":"MLA/2012/00195/6","start":"2012-09-01","end":"2033-08-31","kind":"licence"},"geometry":{"type":"Polygon","coordinates":[[[-0.905375,50.663027],[-0.900375,50.663027],[-0.893987,50.659972],[-0.893153,50.657472],[-0.89482,50.656083],[-0.905375,50.660805],[-0.905375,50.663027]]]}},{"type":"Feature","properties":{"cat":"aggregate","type":"Aggregate dredging","status":"current","org":"WESTMINSTER GRAVELS LIMITED","title":"Marine aggregate dredging licence Area 451 renewal","ref":"MLA/2012/00302/6","start":"2013-04-01","end":"2028-03-31","kind":"licence"},"geometry":{"type":"Polygon","coordinates":[[[-0.934537,50.61303],[-0.932593,50.613863],[-0.909818,50.613863],[-0.901485,50.613863],[-0.90954,50.60081],[-0.925372,50.591367],[-0.93898,50.581922],[-0.93898,50.57705],[-1.001473,50.556647],[-1.023693,50.541647],[-1.023693,50.55859],[-1.009807,50.5672],[-1.001475,50.5672],[-1.001475,50.583865],[-0.998142,50.583865],[-0.976477,50.568867],[-0.91815,50.602198],[-0.934537,50.61303]]]}},{"type":"Feature","properties":{"cat":"aggregate","type":"Aggregate dredging","status":"current","org":"VOLKER DREDGING LTD","title":"Area 340 15 Year Marine Licence","ref":"MLA/2012/00319/7","start":"2024-03-26","end":"2035-08-31","kind":"licence"},"geometry":{"type":"Polygon","coordinates":[[[-1.070632,50.602582],[-1.061447,50.607973],[-1.013063,50.608028],[-1.00972,50.600112],[-1.001768,50.59836],[-1.001483,50.567202],[-1.023145,50.567197],[-1.06544,50.595393],[-1.070632,50.602582]]]}},{"type":"Feature","properties":{"cat":"aggregate","type":"Aggregate dredging","status":"current","org":"CEMEX UK MARINE LIMITED","title":"Area 340 full term licence application","ref":"MLA/2012/00320/7","start":"2024-03-26","end":"2035-08-31","kind":"licence"},"geometry":{"type":"Polygon","coordinates":[[[-1.070632,50.602582],[-1.061447,50.607973],[-1.013063,50.608028],[-1.00972,50.600112],[-1.001768,50.59836],[-1.001483,50.567202],[-1.023145,50.567197],[-1.06544,50.595393],[-1.070632,50.602582]]]}},{"type":"Feature","properties":{"cat":"aggregate","type":"Aggregate dredging","status":"current","org":"TARMAC MARINE DREDGING LIMITED","title":"Area 351 Full Term Licence Application","ref":"MLA/2012/00374/5","start":"2014-04-01","end":"2035-12-31","kind":"licence"},"geometry":{"type":"Polygon","coordinates":[[[-0.936142,50.642192],[-0.884828,50.64219],[-0.884733,50.633333],[-0.884733,50.624683],[-0.891457,50.624683],[-0.904202,50.613828],[-0.936765,50.613828],[-0.92689,50.617657],[-0.918767,50.625045],[-0.907773,50.628693],[-0.917717,50.633333],[-0.936142,50.642192]]]}},{"type":"Feature","properties":{"cat":"aggregate","type":"Aggregate dredging","status":"current","org":"VOLKER DREDGING LTD","title":"Area 351 Full Term Licence Application","ref":"MLA/2012/00375/5","start":"2014-04-01","end":"2035-12-31","kind":"licence"},"geometry":{"type":"Polygon","coordinates":[[[-0.936142,50.642192],[-0.884828,50.64219],[-0.884733,50.633333],[-0.884733,50.624683],[-0.891457,50.624683],[-0.904202,50.613828],[-0.936765,50.613828],[-0.92689,50.617657],[-0.918767,50.625045],[-0.907773,50.628693],[-0.917717,50.633333],[-0.936142,50.642192]]]}},{"type":"Feature","properties":{"cat":"aggregate","type":"Aggregate dredging","status":"current","org":"HANSON AGGREGATES MARINE LIMITED","title":"Area 127","ref":"MLA/2013/00037/2","start":"2016-01-26","end":"2035-12-31","kind":"licence"},"geometry":{"type":"Polygon","coordinates":[[[-1.753072,50.603022],[-1.719742,50.612188],[-1.681412,50.576637],[-1.721407,50.573858],[-1.753072,50.603022]]]}},{"type":"Feature","properties":{"cat":"aggregate","type":"Aggregate dredging","status":"current","org":"CEMEX UK MARINE LIMITED","title":"Area 137 Full Term Marine Licence Application","ref":"MLA/2013/00040/3","start":"2014-01-01","end":"2035-08-31","kind":"licence"},"geometry":{"type":"Polygon","coordinates":[[[-1.584755,50.597192],[-1.495473,50.597192],[-1.500558,50.587622],[-1.543133,50.577753],[-1.584762,50.57164],[-1.584755,50.597192]]]}},{"type":"Feature","properties":{"cat":"aggregate","type":"Aggregate dredging","status":"current","org":"TARMAC MARINE DREDGING LIMITED","title":"Area 396 Inner Owers","ref":"MLA/2014/00306/1","start":"2015-07-08","end":"2030-07-07","kind":"licence"},"geometry":{"type":"Polygon","coordinates":[[[-0.51208,50.700528],[-0.5093,50.694553],[-0.512618,50.69377],[-0.512445,50.691217],[-0.505075,50.690398],[-0.501497,50.68557],[-0.501525,50.667198],[-0.511525,50.6672],[-0.517037,50.675043],[-0.513363,50.682125],[-0.523455,50.687128],[-0.524933,50.693138],[-0.520577,50.695457],[-0.525598,50.696468],[-0.526522,50.700528],[-0.51208,50.700528]]]}},{"type":"Feature","properties":{"cat":"aggregate","type":"Aggregate dredging","status":"current","org":"TARMAC MARINE DREDGING LIMITED","title":"Area 396 Inner Owers","ref":"MLA/2014/00306/1","start":"2015-07-08","end":"2030-07-07","kind":"licence"},"geometry":{"type":"Polygon","coordinates":[[[-0.509023,50.700528],[-0.501522,50.700527],[-0.501513,50.698358],[-0.509023,50.700528]]]}},{"type":"Feature","properties":{"cat":"aggregate","type":"Aggregate dredging","status":"current","org":"HANSON AGGREGATES MARINE LIMITED","title":"Area 435","ref":"MLA/2014/00307/1","start":"2015-07-08","end":"2037-04-07","kind":"licence"},"geometry":{"type":"Polygon","coordinates":[[[-0.486355,50.677875],[-0.486882,50.676838],[-0.485517,50.67634],[-0.485082,50.676073],[-0.485403,50.675795],[-0.486627,50.67554],[-0.487083,50.67518],[-0.491443,50.674463],[-0.494117,50.67359],[-0.501173,50.673335],[-0.49989,50.677507],[-0.493947,50.6779],[-0.488483,50.679912],[-0.486355,50.677875]]]}},{"type":"Feature","properties":{"cat":"aggregate","type":"Aggregate dredging","status":"current","org":"HANSON AGGREGATES MARINE LIMITED","title":"Area 435","ref":"MLA/2014/00307/1","start":"2015-07-08","end":"2037-04-07","kind":"licence"},"geometry":{"type":"Polygon","coordinates":[[[-0.485267,50.700525],[-0.474497,50.700527],[-0.468797,50.695038],[-0.462772,50.695103],[-0.46125,50.694192],[-0.460207,50.693352],[-0.459822,50.692348],[-0.457732,50.690533],[-0.46226,50.690425],[-0.46288,50.691402],[-0.463718,50.69235],[-0.464398,50.692818],[-0.46531,50.692335],[-0.47337,50.688033],[-0.472422,50.687555],[-0.470352,50.687013],[-0.475745,50.683858],[-0.47997,50.684513],[-0.482418,50.684868],[-0.482773,50.68537],[-0.48521,50.686088],[-0.486353,50.68757],[-0.482025,50.690117],[-0.480938,50.692417],[-0.480112,50.693293],[-0.478738,50.694188],[-0.477185,50.695127],[-0.482587,50.69694],[-0.485332,50.699627],[-0.485267,50.700525]]]}},{"type":"Feature","properties":{"cat":"navdredge","type":"Navigational dredging (maintenance)","status":"expired","org":"ASSOCIATED BRITISH PORTS, SOUTHAMPTON","title":"ABP Southampton - Maintenance Dredge Licence","ref":"MLA/2014/00592/6","start":"2015-11-01","end":"2025-10-31","kind":"licence"},"geometry":{"type":"Polygon","coordinates":[[[-1.284533,50.832667],[-1.265773,50.827512],[-1.244557,50.817242],[-1.276028,50.768448],[-1.276028,50.77004],[-1.292543,50.773638],[-1.30176,50.77185],[-1.31391,50.76713],[-1.341152,50.787313],[-1.329718,50.802105],[-1.308192,50.820297],[-1.284533,50.832667]]]}},{"type":"Feature","properties":{"cat":"navdredge","type":"Navigational dredging (maintenance)","status":"expired","org":"ASSOCIATED BRITISH PORTS, SOUTHAMPTON","title":"ABP Southampton - Maintenance Dredge Licence","ref":"MLA/2014/00592/6","start":"2015-11-01","end":"2025-10-31","kind":"licence"},"geometry":{"type":"Polygon","coordinates":[[[-1.393333,50.883],[-1.397,50.890333],[-1.396667,50.893167],[-1.387333,50.9085],[-1.3925,50.917167],[-1.38,50.936833],[-1.375333,50.935333],[-1.370833,50.9105],[-1.381667,50.893333],[-1.367667,50.8825],[-1.393333,50.883]]]}},{"type":"Feature","properties":{"cat":"navdredge","type":"Navigational dredging (maintenance)","status":"expired","org":"ASSOCIATED BRITISH PORTS, SOUTHAMPTON","title":"ABP Southampton - Maintenance Dredge Licence","ref":"MLA/2014/00592/6","start":"2015-11-01","end":"2025-10-31","kind":"licence"},"geometry":{"type":"MultiPolygon","coordinates":[[[[-1.387655,50.867593],[-1.389143,50.866728],[-1.388127,50.867327],[-1.386452,50.868298],[-1.384577,50.869393],[-1.387655,50.867593]]],[[[-1.387223,50.871215],[-1.388452,50.869675],[-1.38955,50.868306],[-1.387223,50.871215]]],[[[-1.395,50.883333],[-1.366667,50.883333],[-1.312333,50.849667],[-1.311833,50.8405],[-1.268833,50.829333],[-1.315,50.811833],[-1.324597,50.817313],[-1.324583,50.817337],[-1.324485,50.817493],[-1.324315,50.81777],[-1.324225,50.817917],[-1.324197,50.817957],[-1.324177,50.817978],[-1.32415,50.817998],[-1.324073,50.818042],[-1.323937,50.818107],[-1.32375,50.8182],[-1.32354,50.818303],[-1.323365,50.818387],[-1.323253,50.8184],[-1.323097,50.818418],[-1.322932,50.81844],[-1.322907,50.81843],[-1.322857,50.818388],[-1.322812,50.818348],[-1.320297,50.819442],[-1.314528,50.82408],[-1.315218,50.824553],[-1.321002,50.819965],[-1.323373,50.818827],[-1.323317,50.818773],[-1.323282,50.818735],[-1.32328,50.818713],[-1.323367,50.818608],[-1.323433,50.818533],[-1.32348,50.818497],[-1.323568,50.818452],[-1.32371,50.81838],[-1.324093,50.818192],[-1.324235,50.818127],[-1.324302,50.818097],[-1.32442,50.818053],[-1.32452,50.818018],[-1.324583,50.818003],[-1.324697,50.817983],[-1.32478,50.817973],[-1.324895,50.81796],[-1.324957,50.817953],[-1.32491,50.817925],[-1.325368,50.817837],[-1.325413,50.817778],[-1.363167,50.839333],[-1.401833,50.871667],[-1.408333,50.878333],[-1.395,50.883333]]],[[[-1.389832,50.868495],[-1.389708,50.868411],[-1.390837,50.867637],[-1.390415,50.867392],[-1.389325,50.86815],[-1.389484,50.86826],[-1.389057,50.86797],[-1.387384,50.86894],[-1.387104,50.868748],[-1.388775,50.86778],[-1.389792,50.867182],[-1.389143,50.866728],[-1.388935,50.866368],[-1.387275,50.86733],[-1.387655,50.867593],[-1.38719,50.867277],[-1.383957,50.868968],[-1.384577,50.869393],[-1.385083,50.869747],[-1.38524,50.869658],[-1.38494,50.869837],[-1.386095,50.870643],[-1.386255,50.870547],[-1.387223,50.871215],[-1.387407,50.871342],[-1.389832,50.868495]]],[[[-1.334913,50.845438],[-1.33682,50.844633],[-1.329913,50.839208],[-1.331438,50.838277],[-1.325293,50.8337],[-1.317817,50.8315],[-1.323895,50.834802],[-1.322582,50.835478],[-1.329277,50.840522],[-1.331057,50.84281],[-1.334913,50.845438]]]]}},{"type":"Feature","properties":{"cat":"navdredge","type":"Navigational dredging (maintenance)","status":"expired","org":"ASSOCIATED BRITISH PORTS, SOUTHAMPTON","title":"ABP Southampton - Maintenance Dredge Licence","ref":"MLA/2014/00592/6","start":"2015-11-01","end":"2025-10-31","kind":"licence"},"geometry":{"type":"Polygon","coordinates":[[[-1.467167,50.9115],[-1.449,50.904],[-1.443333,50.911667],[-1.395,50.898333],[-1.397,50.890333],[-1.395,50.883333],[-1.408333,50.878333],[-1.439,50.899667],[-1.461167,50.9],[-1.483833,50.910667],[-1.480667,50.919167],[-1.473,50.921333],[-1.467167,50.9115]],[[-1.411703,50.897852],[-1.412102,50.8978],[-1.411533,50.896655],[-1.410383,50.895408],[-1.410037,50.895838],[-1.409465,50.897103],[-1.411703,50.897852]]]}},{"type":"Feature","properties":{"cat":"navdredge","type":"Navigational dredging (maintenance)","status":"expired","org":"ASSOCIATED BRITISH PORTS, SOUTHAMPTON","title":"ABP Southampton - Maintenance Dredge Licence","ref":"MLA/2014/00592/6","start":"2015-11-01","end":"2025-10-31","kind":"licence"},"geometry":{"type":"Polygon","coordinates":[[[-0.984033,50.716667],[-0.96402,50.712017],[-0.956077,50.708018],[-0.9522,50.7042],[-0.937167,50.680233],[-0.942883,50.67955],[-0.956933,50.7023],[-0.960187,50.705333],[-0.965862,50.708088],[-0.986167,50.710272],[-0.984033,50.716667]]]}},{"type":"Feature","properties":{"cat":"disposal","type":"Disposal of dredged material","status":"expired","org":"ASSOCIATED BRITISH PORTS, SOUTHAMPTON","title":"ABP Southampton - Maintenance Dredge Licence","ref":"MLA/2014/00592/6","start":"2015-11-01","end":"2025-10-31","kind":"licence"},"geometry":{"type":"Polygon","coordinates":[[[-0.9167,50.601702],[-0.975,50.5683],[-0.9967,50.5833],[-0.936699,50.615],[-0.9167,50.601702]]]}},{"type":"Feature","properties":{"cat":"navdredge","type":"Navigational dredging (capital)","status":"expired","org":"NEWHAVEN","title":"Newhaven East Quay and Port Expansion Area","ref":"MLA/2015/00036/1","start":"2016-09-20","end":"2026-05-12","kind":"licence"},"geometry":{"type":"Polygon","coordinates":[[[0.057038,50.78402],[0.057385,50.783843],[0.057468,50.783819],[0.058453,50.784019],[0.058537,50.784036],[0.059816,50.781503],[0.059821,50.781489],[0.059823,50.781475],[0.059821,50.781461],[0.059816,50.781448],[0.059807,50.781435],[0.059358,50.780882],[0.059154,50.780819],[0.05907,50.780793],[0.059508,50.78019],[0.061323,50.774348],[0.059782,50.77415],[0.05746,50.781989],[0.056452,50.783922],[0.057038,50.78402]]]}},{"type":"Feature","properties":{"cat":"navdredge","type":"Navigational dredging (capital)","status":"expired","org":"NEWHAVEN","title":"Newhaven East Quay and Port Expansion Area","ref":"MLA/2015/00036/1","start":"2016-09-20","end":"2026-05-12","kind":"licence"},"geometry":{"type":"Polygon","coordinates":[[[0.057038,50.78402],[0.057385,50.783843],[0.057468,50.783819],[0.058453,50.784019],[0.058537,50.784036],[0.059816,50.781503],[0.059821,50.781489],[0.059823,50.781475],[0.059821,50.781461],[0.059816,50.781448],[0.059807,50.781435],[0.059358,50.780882],[0.059154,50.780819],[0.05907,50.780793],[0.059508,50.78019],[0.061323,50.774348],[0.059782,50.77415],[0.05746,50.781989],[0.056452,50.783922],[0.057038,50.78402]]]}},{"type":"Feature","properties":{"cat":"disposal","type":"Disposal of dredged material","status":"expired","org":"NEWHAVEN","title":"Newhaven East Quay and Port Expansion Area","ref":"MLA/2015/00036/1","start":"2016-09-20","end":"2026-05-12","kind":"licence"},"geometry":{"type":"Polygon","coordinates":[[[0.055,50.764165],[0.055606,50.764147],[0.056207,50.764094],[0.056797,50.764006],[0.057372,50.763884],[0.057927,50.763728],[0.058457,50.763541],[0.058957,50.763324],[0.059424,50.763078],[0.059853,50.762806],[0.06024,50.76251],[0.060583,50.762192],[0.060878,50.761856],[0.061123,50.761504],[0.061316,50.76114],[0.061455,50.760765],[0.061538,50.760384],[0.061566,50.76],[0.061538,50.759616],[0.061454,50.759235],[0.061316,50.75886],[0.061123,50.758495],[0.060878,50.758143],[0.060583,50.757807],[0.06024,50.75749],[0.059852,50.757194],[0.059423,50.756922],[0.058957,50.756676],[0.058456,50.756459],[0.057927,50.756272],[0.057372,50.756116],[0.056797,50.755994],[0.056206,50.755906],[0.055606,50.755853],[0.055,50.755835],[0.054394,50.755853],[0.053794,50.755906],[0.053203,50.755994],[0.052628,50.756116],[0.052073,50.756272],[0.051544,50.756459],[0.051043,50.756676],[0.050577,50.756922],[0.050148,50.757194],[0.04976,50.75749],[0.049417,50.757807],[0.049122,50.758143],[0.048877,50.758495],[0.048684,50.75886],[0.048546,50.759235],[0.048462,50.759616],[0.048434,50.76],[0.048462,50.760384],[0.048545,50.760765],[0.048684,50.76114],[0.048877,50.761504],[0.049122,50.761856],[0.049417,50.762192],[0.04976,50.76251],[0.050147,50.762806],[0.050576,50.763078],[0.051043,50.763324],[0.051543,50.763541],[0.052073,50.763728],[0.052628,50.763884],[0.053203,50.764006],[0.053793,50.764094],[0.054394,50.764147],[0.055,50.764165]]]}},{"type":"Feature","properties":{"cat":"navdredge","type":"Navigational dredging (maintenance)","status":"expired","org":"PREMIER MARINAS (SOUTHSEA) LIMITED","title":"Southsea Marina Maintenance Dredge of Marina Entrance","ref":"MLA/2015/00216/1","start":"2015-11-17","end":"2025-11-16","kind":"licence"},"geometry":{"type":"Polygon","coordinates":[[[-1.034483,50.7924],[-1.034517,50.7928],[-1.03485,50.79345],[-1.036,50.794517],[-1.03645,50.794933],[-1.035917,50.795567],[-1.03495,50.796217],[-1.033567,50.796367],[-1.0326,50.796617],[-1.03155,50.797333],[-1.031283,50.7971],[-1.032383,50.79645],[-1.033517,50.7962],[-1.034833,50.796033],[-1.035717,50.7955],[-1.036167,50.794967],[-1.035617,50.794433],[-1.034767,50.79375],[-1.03445,50.79305],[-1.0341,50.7929],[-1.03375,50.792817],[-1.033783,50.792517],[-1.034067,50.792317],[-1.0344,50.79235],[-1.034483,50.7924]]]}},{"type":"Feature","properties":{"cat":"disposal","type":"Disposal of dredged material","status":"expired","org":"PREMIER MARINAS (SOUTHSEA) LIMITED","title":"Southsea Marina Maintenance Dredge of Marina Entrance","ref":"MLA/2015/00216/1","start":"2015-11-17","end":"2025-11-16","kind":"licence"},"geometry":{"type":"Polygon","coordinates":[[[-0.9167,50.601702],[-0.975,50.5683],[-0.9967,50.5833],[-0.936699,50.615],[-0.9167,50.601702]]]}},{"type":"Feature","properties":{"cat":"navdredge","type":"Navigational dredging (maintenance)","status":"expired","org":"PARKSTONE YACHT CLUB (HAVEN) LIMITED","title":"Parkstone Yacht Club Haven Maintenance Dredge","ref":"MLA/2015/00262/1","start":"2015-10-12","end":"2025-10-11","kind":"licence"},"geometry":{"type":"Polygon","coordinates":[[[-1.96036,50.70566],[-1.96101,50.705705],[-1.96057,50.708295],[-1.960215,50.70959],[-1.962267,50.710967],[-1.962267,50.711263],[-1.960892,50.711578],[-1.960793,50.711507],[-1.960353,50.711785],[-1.959717,50.711425],[-1.959603,50.711488],[-1.958812,50.710938],[-1.960298,50.709968],[-1.960128,50.709878],[-1.959335,50.71003],[-1.959067,50.709582],[-1.959903,50.708277],[-1.96036,50.70566]]]}},{"type":"Feature","properties":{"cat":"disposal","type":"Disposal of dredged material","status":"expired","org":"PARKSTONE YACHT CLUB (HAVEN) LIMITED","title":"Parkstone Yacht Club Haven Maintenance Dredge","ref":"MLA/2015/00262/1","start":"2015-10-12","end":"2025-10-11","kind":"licence"},"geometry":{"type":"Polygon","coordinates":[[[-1.87671,50.63339],[-1.875853,50.633372],[-1.875,50.633319],[-1.874155,50.63323],[-1.87332,50.633106],[-1.8725,50.632948],[-1.871698,50.632756],[-1.870917,50.632531],[-1.870161,50.632274],[-1.869434,50.631986],[-1.868737,50.631668],[-1.868075,50.631322],[-1.867449,50.63095],[-1.866863,50.630552],[-1.86632,50.63013],[-1.865821,50.629687],[-1.865368,50.629224],[-1.864964,50.628744],[-1.864611,50.628247],[-1.864309,50.627737],[-1.864061,50.627215],[-1.863866,50.626684],[-1.863727,50.626147],[-1.863643,50.625604],[-1.863615,50.625059],[-1.863643,50.624514],[-1.863727,50.623972],[-1.863867,50.623434],[-1.864062,50.622903],[-1.864311,50.622382],[-1.864613,50.621872],[-1.864966,50.621375],[-1.86537,50.620894],[-1.865823,50.620432],[-1.866322,50.619989],[-1.866866,50.619567],[-1.867452,50.619169],[-1.868077,50.618797],[-1.868739,50.618451],[-1.869436,50.618134],[-1.870163,50.617846],[-1.870919,50.617589],[-1.8717,50.617364],[-1.872501,50.617172],[-1.873321,50.617014],[-1.874156,50.61689],[-1.875001,50.616801],[-1.875854,50.616748],[-1.87671,50.61673],[-1.877566,50.616748],[-1.878419,50.616801],[-1.879264,50.61689],[-1.880099,50.617014],[-1.880919,50.617172],[-1.88172,50.617364],[-1.882501,50.617589],[-1.883257,50.617846],[-1.883984,50.618134],[-1.884681,50.618451],[-1.885343,50.618797],[-1.885968,50.619169],[-1.886554,50.619567],[-1.887098,50.619989],[-1.887597,50.620432],[-1.88805,50.620894],[-1.888454,50.621375],[-1.888807,50.621872],[-1.889109,50.622382],[-1.889358,50.622903],[-1.889553,50.623434],[-1.889693,50.623972],[-1.889777,50.624514],[-1.889805,50.625059],[-1.889777,50.625604],[-1.889693,50.626147],[-1.889554,50.626684],[-1.889359,50.627215],[-1.889111,50.627737],[-1.888809,50.628247],[-1.888456,50.628744],[-1.888052,50.629224],[-1.887599,50.629687],[-1.8871,50.63013],[-1.886557,50.630552],[-1.885971,50.63095],[-1.885345,50.631322],[-1.884683,50.631668],[-1.883986,50.631986],[-1.883259,50.632274],[-1.882503,50.632531],[-1.881722,50.632756],[-1.88092,50.632948],[-1.8801,50.633106],[-1.879265,50.63323],[-1.87842,50.633319],[-1.877567,50.633372],[-1.87671,50.63339]]]}},{"type":"Feature","properties":{"cat":"disposal","type":"Disposal of dredged material","status":"expired","org":"PARKSTONE YACHT CLUB (HAVEN) LIMITED","title":"Parkstone Yacht Club Haven Maintenance Dredge","ref":"MLA/2015/00262/1","start":"2015-10-12","end":"2025-10-11","kind":"licence"},"geometry":{"type":"Polygon","coordinates":[[[-1.954399,50.690001],[-1.955599,50.690001],[-1.955299,50.691301],[-1.9541,50.691202],[-1.954399,50.690001]]]}},{"type":"Feature","properties":{"cat":"disposal","type":"Disposal of dredged material","status":"current","org":"MARINA DEVELOPMENTS LIMITED","title":"Saxon Wharf - Maintenance Dredging","ref":"MLA/2015/00284/1","start":"2016-10-14","end":"2026-10-13","kind":"licence"},"geometry":{"type":"Polygon","coordinates":[[[-0.9167,50.601702],[-0.975,50.5683],[-0.9967,50.5833],[-0.936699,50.615],[-0.9167,50.601702]]]}},{"type":"Feature","properties":{"cat":"disposal","type":"Disposal of dredged material","status":"current","org":"MARINA DEVELOPMENTS LIMITED","title":"Saxon Wharf - Maintenance Dredging","ref":"MLA/2015/00284/1","start":"2016-10-14","end":"2026-10-13","kind":"licence"},"geometry":{"type":"Polygon","coordinates":[[[-1.5417,50.7017],[-1.5483,50.7008],[-1.545,50.703302],[-1.5383,50.705],[-1.5417,50.7017]]]}},{"type":"Feature","properties":{"cat":"disposal","type":"Disposal of dredged material","status":"current","org":"MARINA DEVELOPMENTS LIMITED","title":"Saxon Wharf - Maintenance Dredging","ref":"MLA/2015/00284/1","start":"2016-10-14","end":"2026-10-13","kind":"licence"},"geometry":{"type":"Polygon","coordinates":[[[-1.54423,50.620611],[-1.55414,50.6084],[-1.599899,50.62512],[-1.59008,50.636732],[-1.54423,50.620611]]]}},{"type":"Feature","properties":{"cat":"navdredge","type":"Navigational dredging (maintenance)","status":"current","org":"MARINA DEVELOPMENTS LIMITED","title":"Saxon Wharf - Maintenance Dredging","ref":"MLA/2015/00284/1","start":"2016-10-14","end":"2026-10-13","kind":"licence"},"geometry":{"type":"Polygon","coordinates":[[[-1.381,50.913583],[-1.376717,50.912817],[-1.376833,50.912117],[-1.377989,50.912025],[-1.378136,50.912531],[-1.378653,50.912422],[-1.380083,50.912803],[-1.380219,50.912514],[-1.381067,50.91265],[-1.381,50.913583]]]}},{"type":"Feature","properties":{"cat":"navdredge","type":"Navigational dredging (maintenance)","status":"expired","org":"MARINA DEVELOPMENTS LIMITED","title":"Hythe Marina Village (Approach Channel) - Maintenance Dredging","ref":"MLA/2015/00285/1","start":"2016-05-01","end":"2026-04-30","kind":"licence"},"geometry":{"type":"Polygon","coordinates":[[[-1.399583,50.875933],[-1.397933,50.877283],[-1.397767,50.876933],[-1.399333,50.875833],[-1.399583,50.875933]]]}},{"type":"Feature","properties":{"cat":"disposal","type":"Disposal of dredged material","status":"expired","org":"MARINA DEVELOPMENTS LIMITED","title":"Hythe Marina Village (Approach Channel) - Maintenance Dredging","ref":"MLA/2015/00285/1","start":"2016-05-01","end":"2026-04-30","kind":"licence"},"geometry":{"type":"Polygon","coordinates":[[[-0.9167,50.601702],[-0.975,50.5683],[-0.9967,50.5833],[-0.936699,50.615],[-0.9167,50.601702]]]}},{"type":"Feature","properties":{"cat":"disposal","type":"Disposal of dredged material","status":"expired","org":"MARINA DEVELOPMENTS LIMITED","title":"Hythe Marina Village (Approach Channel) - Maintenance Dredging","ref":"MLA/2015/00285/1","start":"2016-05-01","end":"2026-04-30","kind":"licence"},"geometry":{"type":"Polygon","coordinates":[[[-1.5417,50.7017],[-1.5483,50.7008],[-1.545,50.703302],[-1.5383,50.705],[-1.5417,50.7017]]]}},{"type":"Feature","properties":{"cat":"disposal","type":"Disposal of dredged material","status":"expired","org":"MARINA DEVELOPMENTS LIMITED","title":"Hythe Marina Village (Approach Channel) - Maintenance Dredging","ref":"MLA/2015/00285/1","start":"2016-05-01","end":"2026-04-30","kind":"licence"},"geometry":{"type":"Polygon","coordinates":[[[-1.54423,50.620611],[-1.55414,50.6084],[-1.599899,50.62512],[-1.59008,50.636732],[-1.54423,50.620611]]]}},{"type":"Feature","properties":{"cat":"navdredge","type":"Navigational dredging (maintenance)","status":"expired","org":"MARINA DEVELOPMENTS LIMITED","title":"Port Hamble Marina - Maintenance Dredging","ref":"MLA/2015/00287/1","start":"2016-04-01","end":"2026-03-31","kind":"licence"},"geometry":{"type":"Polygon","coordinates":[[[-1.312617,50.862583],[-1.310833,50.86255],[-1.311617,50.85935],[-1.31325,50.8596],[-1.312617,50.862583]]]}},{"type":"Feature","properties":{"cat":"disposal","type":"Disposal of dredged material","status":"expired","org":"MARINA DEVELOPMENTS LIMITED","title":"Port Hamble Marina - Maintenance Dredging","ref":"MLA/2015/00287/1","start":"2016-04-01","end":"2026-03-31","kind":"licence"},"geometry":{"type":"Polygon","coordinates":[[[-0.9167,50.601702],[-0.975,50.5683],[-0.9967,50.5833],[-0.936699,50.615],[-0.9167,50.601702]]]}},{"type":"Feature","properties":{"cat":"disposal","type":"Disposal of dredged material","status":"expired","org":"MARINA DEVELOPMENTS LIMITED","title":"Port Hamble Marina - Maintenance Dredging","ref":"MLA/2015/00287/1","start":"2016-04-01","end":"2026-03-31","kind":"licence"},"geometry":{"type":"Polygon","coordinates":[[[-1.5417,50.7017],[-1.5483,50.7008],[-1.545,50.703302],[-1.5383,50.705],[-1.5417,50.7017]]]}},{"type":"Feature","properties":{"cat":"disposal","type":"Disposal of dredged material","status":"expired","org":"MARINA DEVELOPMENTS LIMITED","title":"Port Hamble Marina - Maintenance Dredging","ref":"MLA/2015/00287/1","start":"2016-04-01","end":"2026-03-31","kind":"licence"},"geometry":{"type":"Polygon","coordinates":[[[-1.54423,50.620611],[-1.55414,50.6084],[-1.599899,50.62512],[-1.59008,50.636732],[-1.54423,50.620611]]]}},{"type":"Feature","properties":{"cat":"disposal","type":"Disposal of dredged material","status":"expired","org":"LAFARGE TARMAC LIMITED","title":"Burnley Wharf Silt Disposal","ref":"MLA/2015/00331","start":"2015-12-03","end":"2025-12-02","kind":"licence"},"geometry":{"type":"Polygon","coordinates":[[[-0.9167,50.601702],[-0.975,50.5683],[-0.9967,50.5833],[-0.936699,50.615],[-0.9167,50.601702]]]}},{"type":"Feature","properties":{"cat":"disposal","type":"Disposal of dredged material","status":"expired","org":"ISLE OF WIGHT COUNCIL","title":"Disposal of sediment and macroalgae from Ventnor Haven","ref":"MLA/2015/00371","start":"2016-03-25","end":"2026-03-24","kind":"licence"},"geometry":{"type":"Polygon","coordinates":[[[-1.204865,50.592131],[-1.204948,50.591921],[-1.20529,50.591986],[-1.205194,50.592188],[-1.204865,50.592131]]]}},{"type":"Feature","properties":{"cat":"aggregate","type":"Aggregate dredging","status":"current","org":"TARMAC MARINE DREDGING LIMITED","title":"Area 488","ref":"MLA/2015/00431/1","start":"2016-11-18","end":"2037-11-17","kind":"licence"},"geometry":{"type":"Polygon","coordinates":[[[-0.513862,50.700557],[-0.522913,50.700542],[-0.520282,50.7033],[-0.519022,50.703862],[-0.520578,50.704363],[-0.516968,50.708308],[-0.523948,50.707722],[-0.532697,50.710927],[-0.533117,50.712153],[-0.531855,50.713328],[-0.532277,50.715732],[-0.537407,50.718242],[-0.537775,50.71901],[-0.51621,50.719908],[-0.51352,50.711513],[-0.50881,50.709963],[-0.513862,50.700557]]]}},{"type":"Feature","properties":{"cat":"aggregate","type":"Aggregate dredging","status":"current","org":"CEMEX UK MARINE LIMITED","title":"Area 453","ref":"MLA/2015/00432/1","start":"2016-11-17","end":"2037-11-16","kind":"licence"},"geometry":{"type":"Polygon","coordinates":[[[-0.539293,50.722217],[-0.538202,50.723857],[-0.527972,50.725805],[-0.495083,50.727033],[-0.485403,50.722022],[-0.485772,50.718932],[-0.50154,50.72108],[-0.50153,50.720528],[-0.51621,50.71992],[-0.537775,50.719018],[-0.539293,50.722217]]]}},{"type":"Feature","properties":{"cat":"disposal","type":"Disposal of dredged material","status":"expired","org":"POOLE HARBOUR COMMISSIONERS","title":"Poole Harbour Maintenance Dredging and Disposal","ref":"MLA/2015/00457/8","start":"2016-07-01","end":"2026-06-30","kind":"licence"},"geometry":{"type":"Polygon","coordinates":[[[-1.87671,50.63339],[-1.875853,50.633372],[-1.875,50.633319],[-1.874155,50.63323],[-1.87332,50.633106],[-1.8725,50.632948],[-1.871698,50.632756],[-1.870917,50.632531],[-1.870161,50.632274],[-1.869434,50.631986],[-1.868737,50.631668],[-1.868075,50.631322],[-1.867449,50.63095],[-1.866863,50.630552],[-1.86632,50.63013],[-1.865821,50.629687],[-1.865368,50.629224],[-1.864964,50.628744],[-1.864611,50.628247],[-1.864309,50.627737],[-1.864061,50.627215],[-1.863866,50.626684],[-1.863727,50.626147],[-1.863643,50.625604],[-1.863615,50.625059],[-1.863643,50.624514],[-1.863727,50.623972],[-1.863867,50.623434],[-1.864062,50.622903],[-1.864311,50.622382],[-1.864613,50.621872],[-1.864966,50.621375],[-1.86537,50.620894],[-1.865823,50.620432],[-1.866322,50.619989],[-1.866866,50.619567],[-1.867452,50.619169],[-1.868077,50.618797],[-1.868739,50.618451],[-1.869436,50.618134],[-1.870163,50.617846],[-1.870919,50.617589],[-1.8717,50.617364],[-1.872501,50.617172],[-1.873321,50.617014],[-1.874156,50.61689],[-1.875001,50.616801],[-1.875854,50.616748],[-1.87671,50.61673],[-1.877566,50.616748],[-1.878419,50.616801],[-1.879264,50.61689],[-1.880099,50.617014],[-1.880919,50.617172],[-1.88172,50.617364],[-1.882501,50.617589],[-1.883257,50.617846],[-1.883984,50.618134],[-1.884681,50.618451],[-1.885343,50.618797],[-1.885968,50.619169],[-1.886554,50.619567],[-1.887098,50.619989],[-1.887597,50.620432],[-1.88805,50.620894],[-1.888454,50.621375],[-1.888807,50.621872],[-1.889109,50.622382],[-1.889358,50.622903],[-1.889553,50.623434],[-1.889693,50.623972],[-1.889777,50.624514],[-1.889805,50.625059],[-1.889777,50.625604],[-1.889693,50.626147],[-1.889554,50.626684],[-1.889359,50.627215],[-1.889111,50.627737],[-1.888809,50.628247],[-1.888456,50.628744],[-1.888052,50.629224],[-1.887599,50.629687],[-1.8871,50.63013],[-1.886557,50.630552],[-1.885971,50.63095],[-1.885345,50.631322],[-1.884683,50.631668],[-1.883986,50.631986],[-1.883259,50.632274],[-1.882503,50.632531],[-1.881722,50.632756],[-1.88092,50.632948],[-1.8801,50.633106],[-1.879265,50.63323],[-1.87842,50.633319],[-1.877567,50.633372],[-1.87671,50.63339]]]}},{"type":"Feature","properties":{"cat":"disposal","type":"Disposal of dredged material","status":"expired","org":"POOLE HARBOUR COMMISSIONERS","title":"Poole Harbour Maintenance Dredging and Disposal","ref":"MLA/2015/00457/8","start":"2016-07-01","end":"2026-06-30","kind":"licence"},"geometry":{"type":"Polygon","coordinates":[[[-1.954399,50.690001],[-1.955599,50.690001],[-1.955299,50.691301],[-1.9541,50.691202],[-1.954399,50.690001]]]}},{"type":"Feature","properties":{"cat":"aggregate","type":"Aggregate dredging","status":"current","org":"TARMAC MARINE DREDGING LIMITED","title":"Areas 500/1-4","ref":"MLA/2015/00491/4","start":"2017-01-18","end":"2036-12-31","kind":"licence"},"geometry":{"type":"Polygon","coordinates":[[[-1.63251,50.50243],[-1.63944,50.50886],[-1.6091,50.50886],[-1.61264,50.50234],[-1.60653,50.49544],[-1.62013,50.4843],[-1.62029,50.47534],[-1.61411,50.47305],[-1.61995,50.45727],[-1.63853,50.45725],[-1.64128,50.46627],[-1.6348,50.47543],[-1.63663,50.48429],[-1.63251,50.50243]]]}},{"type":"Feature","properties":{"cat":"aggregate","type":"Aggregate dredging","status":"current","org":"TARMAC MARINE DREDGING LIMITED","title":"Areas 500/1-4","ref":"MLA/2015/00491/4","start":"2017-01-18","end":"2036-12-31","kind":"licence"},"geometry":{"type":"Polygon","coordinates":[[[-1.665358,50.538213],[-1.659487,50.542395],[-1.659478,50.537467],[-1.63561,50.541467],[-1.62309,50.52935],[-1.62039,50.521363],[-1.64309,50.521355],[-1.64309,50.51224],[-1.65174,50.52029],[-1.64855,50.52934],[-1.665358,50.538213]]]}},{"type":"Feature","properties":{"cat":"aggregate","type":"Aggregate dredging","status":"current","org":"TARMAC MARINE DREDGING LIMITED","title":"Areas 500/1-4","ref":"MLA/2015/00491/4","start":"2017-01-18","end":"2036-12-31","kind":"licence"},"geometry":{"type":"Polygon","coordinates":[[[-1.589167,50.578848],[-1.584783,50.57885],[-1.584773,50.572955],[-1.585542,50.572665],[-1.586192,50.572015],[-1.587813,50.571662],[-1.587697,50.56969],[-1.590213,50.568903],[-1.591165,50.569302],[-1.594725,50.569475],[-1.598532,50.569283],[-1.600605,50.567362],[-1.601772,50.565977],[-1.606928,50.565747],[-1.608428,50.564902],[-1.612983,50.564002],[-1.614968,50.562192],[-1.617648,50.562703],[-1.622738,50.560967],[-1.623802,50.561707],[-1.624962,50.562442],[-1.625998,50.562463],[-1.626303,50.562373],[-1.626547,50.561993],[-1.626083,50.56115],[-1.624977,50.560172],[-1.6251,50.558868],[-1.62878,50.558877],[-1.630353,50.559508],[-1.629892,50.563778],[-1.624095,50.565837],[-1.620568,50.566028],[-1.619213,50.566302],[-1.617967,50.566848],[-1.617557,50.567808],[-1.615418,50.567967],[-1.61461,50.567562],[-1.612953,50.567478],[-1.611847,50.56771],[-1.610607,50.568513],[-1.609082,50.568837],[-1.605448,50.571468],[-1.600023,50.573832],[-1.597333,50.575497],[-1.596572,50.576468],[-1.596448,50.577052],[-1.592578,50.578348],[-1.589372,50.578483],[-1.589167,50.578848]]]}},{"type":"Feature","properties":{"cat":"aggregate","type":"Aggregate dredging","status":"current","org":"TARMAC MARINE DREDGING LIMITED","title":"Areas 500/1-4","ref":"MLA/2015/00491/4","start":"2017-01-18","end":"2036-12-31","kind":"licence"},"geometry":{"type":"Polygon","coordinates":[[[-1.634648,50.521357],[-1.63501,50.520412],[-1.628172,50.518464],[-1.627448,50.518743],[-1.626546,50.519356],[-1.626153,50.520377],[-1.625839,50.521357],[-1.62039,50.52136],[-1.619577,50.521358],[-1.616091,50.520226],[-1.610187,50.519769],[-1.608665,50.520434],[-1.608799,50.521358],[-1.607077,50.521359],[-1.606203,50.520655],[-1.604067,50.521082],[-1.603954,50.52136],[-1.602669,50.52136],[-1.603504,50.520692],[-1.605024,50.519112],[-1.605255,50.518627],[-1.604569,50.518374],[-1.601949,50.518278],[-1.600123,50.518984],[-1.597261,50.515737],[-1.59726,50.514903],[-1.597496,50.514429],[-1.597476,50.513609],[-1.597257,50.513191],[-1.597257,50.513006],[-1.600502,50.513074],[-1.600274,50.511727],[-1.602032,50.512098],[-1.603458,50.511167],[-1.60683,50.51115],[-1.607761,50.511337],[-1.607988,50.511003],[-1.614198,50.510106],[-1.617648,50.508871],[-1.630209,50.508871],[-1.630527,50.509774],[-1.633625,50.51162],[-1.637034,50.511611],[-1.638688,50.51258],[-1.640704,50.512692],[-1.643081,50.513483],[-1.643087,50.52135],[-1.634648,50.521357]]]}},{"type":"Feature","properties":{"cat":"aggregate","type":"Aggregate dredging","status":"current","org":"HANSON AGGREGATES MARINE LIMITED","title":"Area 500, West of the Isle of Wight","ref":"MLA/2015/00492","start":"2017-01-18","end":"2038-10-01","kind":"licence"},"geometry":{"type":"Polygon","coordinates":[[[-1.544755,50.522093],[-1.531423,50.52331],[-1.522954,50.508194],[-1.525415,50.498454],[-1.539313,50.493262],[-1.549326,50.492699],[-1.573751,50.498322],[-1.544755,50.522093]]]}},{"type":"Feature","properties":{"cat":"aggregate","type":"Aggregate dredging","status":"current","org":"HANSON AGGREGATES MARINE LIMITED","title":"Area 500, West of the Isle of Wight","ref":"MLA/2015/00492","start":"2017-01-18","end":"2038-10-01","kind":"licence"},"geometry":{"type":"Polygon","coordinates":[[[-1.6091,50.508872],[-1.61264,50.50234],[-1.60653,50.49544],[-1.62013,50.4843],[-1.62029,50.47534],[-1.61411,50.47305],[-1.61995,50.45727],[-1.63853,50.45725],[-1.64128,50.46627],[-1.6348,50.47543],[-1.63663,50.48429],[-1.63251,50.50243],[-1.63944,50.50886],[-1.6091,50.508872]]]}},{"type":"Feature","properties":{"cat":"aggregate","type":"Aggregate dredging","status":"current","org":"HANSON AGGREGATES MARINE LIMITED","title":"Area 500, West of the Isle of Wight","ref":"MLA/2015/00492","start":"2017-01-18","end":"2038-10-01","kind":"licence"},"geometry":{"type":"Polygon","coordinates":[[[-1.659475,50.542395],[-1.65947,50.53747],[-1.63561,50.541467],[-1.62309,50.52935],[-1.62039,50.521363],[-1.64309,50.521355],[-1.64309,50.51224],[-1.65174,50.52029],[-1.64855,50.52934],[-1.665358,50.538213],[-1.659475,50.542395]]]}},{"type":"Feature","properties":{"cat":"aggregate","type":"Aggregate dredging","status":"current","org":"HANSON AGGREGATES MARINE LIMITED","title":"Area 500, West of the Isle of Wight","ref":"MLA/2015/00492","start":"2017-01-18","end":"2038-10-01","kind":"licence"},"geometry":{"type":"Polygon","coordinates":[[[-1.65943,50.54369],[-1.63737,50.55886],[-1.63143,50.55886],[-1.62364,50.55886],[-1.61114,50.55886],[-1.61142,50.54553],[-1.63561,50.541467],[-1.65947,50.53747],[-1.659475,50.542395],[-1.65943,50.54369]]]}},{"type":"Feature","properties":{"cat":"disposal","type":"Disposal of dredged material","status":"expired","org":"ESSO PETROLEUM COMPANY,LIMITED","title":"Esso Fawley Marine Terminal Maintenance Dredging and Disposal Licence Renewal","ref":"MLA/2016/00025/3","start":"2016-04-15","end":"2026-04-14","kind":"licence"},"geometry":{"type":"Polygon","coordinates":[[[-0.9167,50.601702],[-0.975,50.5683],[-0.9967,50.5833],[-0.936699,50.615],[-0.9167,50.601702]]]}},{"type":"Feature","properties":{"cat":"navdredge","type":"Navigational dredging (maintenance)","status":"expired","org":"ESSO PETROLEUM COMPANY,LIMITED","title":"Esso Fawley Marine Terminal Maintenance Dredging and Disposal Licence Renewal","ref":"MLA/2016/00025/3","start":"2016-04-15","end":"2026-04-14","kind":"licence"},"geometry":{"type":"Polygon","coordinates":[[[-1.334913,50.845438],[-1.331057,50.84281],[-1.329277,50.840522],[-1.322582,50.835478],[-1.323895,50.834802],[-1.317817,50.8315],[-1.325293,50.8337],[-1.331438,50.838277],[-1.329913,50.839208],[-1.336977,50.844568],[-1.334913,50.845438]]]}},{"type":"Feature","properties":{"cat":"navdredge","type":"Navigational dredging (maintenance)","status":"current","org":"HILL HEAD SAILING CLUB","title":"Hill Head Harbour Channel Maintenance","ref":"MLA/2016/00058/1","start":"2017-06-21","end":"2032-06-15","kind":"licence"},"geometry":{"type":"Polygon","coordinates":[[[-1.241976,50.817598],[-1.24206,50.817512],[-1.242646,50.817855],[-1.242535,50.817902],[-1.241976,50.817598]]]}},{"type":"Feature","properties":{"cat":"disposal","type":"Disposal of dredged material","status":"current","org":"HILL HEAD SAILING CLUB","title":"Hill Head Harbour Channel Maintenance","ref":"MLA/2016/00058/1","start":"2017-06-21","end":"2032-06-15","kind":"licence"},"geometry":{"type":"Polygon","coordinates":[[[-1.240028,50.81811],[-1.239447,50.81802],[-1.239107,50.818043],[-1.238671,50.817966],[-1.238285,50.817853],[-1.239363,50.816587],[-1.241468,50.817271],[-1.241532,50.817493],[-1.241266,50.817737],[-1.240714,50.817653],[-1.240362,50.817811],[-1.240216,50.81789],[-1.240099,50.817871],[-1.240028,50.81811]]]}},{"type":"Feature","properties":{"cat":"navdredge","type":"Navigational dredging (maintenance)","status":"expired","org":"COWES HARBOUR COMMISSION","title":"Maintenance Dredge of the area in and around Shepards Wharf Marina and Town Quay (Cowes)","ref":"MLA/2016/00093/2","start":"2017-02-09","end":"2026-06-29","kind":"licence"},"geometry":{"type":"Polygon","coordinates":[[[-1.296434,50.762779],[-1.296067,50.76295],[-1.295967,50.7627],[-1.296417,50.762383],[-1.296434,50.762779]]]}},{"type":"Feature","properties":{"cat":"navdredge","type":"Navigational dredging (maintenance)","status":"expired","org":"COWES HARBOUR COMMISSION","title":"Maintenance Dredge of the area in and around Shepards Wharf Marina and Town Quay (Cowes)","ref":"MLA/2016/00093/2","start":"2017-02-09","end":"2026-06-29","kind":"licence"},"geometry":{"type":"Polygon","coordinates":[[[-1.294017,50.759817],[-1.293467,50.760167],[-1.293483,50.76045],[-1.292667,50.75965],[-1.292404,50.759175],[-1.29275,50.759067],[-1.292983,50.758983],[-1.294017,50.759817]]]}},{"type":"Feature","properties":{"cat":"navdredge","type":"Navigational dredging (maintenance)","status":"expired","org":"COWES HARBOUR COMMISSION","title":"Maintenance Dredge of the area in and around Shepards Wharf Marina and Town Quay (Cowes)","ref":"MLA/2016/00093/2","start":"2017-02-09","end":"2026-06-29","kind":"licence"},"geometry":{"type":"Polygon","coordinates":[[[-1.292404,50.759172],[-1.292135,50.758912],[-1.29245,50.75875],[-1.29275,50.759067],[-1.292404,50.759172]]]}},{"type":"Feature","properties":{"cat":"navdredge","type":"Navigational dredging (maintenance)","status":"expired","org":"COWES HARBOUR COMMISSION","title":"Maintenance Dredge of the area in and around Shepards Wharf Marina and Town Quay (Cowes)","ref":"MLA/2016/00093/2","start":"2017-02-09","end":"2026-06-29","kind":"licence"},"geometry":{"type":"Polygon","coordinates":[[[-1.293483,50.76045],[-1.293299,50.760517],[-1.2922,50.76015],[-1.29185,50.7597],[-1.292083,50.759283],[-1.292395,50.759166],[-1.292667,50.75965],[-1.293483,50.76045]]]}},{"type":"Feature","properties":{"cat":"disposal","type":"Disposal of dredged material","status":"expired","org":"COWES HARBOUR COMMISSION","title":"Maintenance Dredge of the area in and around Shepards Wharf Marina and Town Quay (Cowes)","ref":"MLA/2016/00093/2","start":"2017-02-09","end":"2026-06-29","kind":"licence"},"geometry":{"type":"Polygon","coordinates":[[[-0.9167,50.601702],[-0.975,50.5683],[-0.9967,50.5833],[-0.936699,50.615],[-0.9167,50.601702]]]}},{"type":"Feature","properties":{"cat":"disposal","type":"Disposal of dredged material","status":"expired","org":"COWES HARBOUR COMMISSION","title":"Maintenance Dredge of the area in and around Shepards Wharf Marina and Town Quay (Cowes)","ref":"MLA/2016/00093/2","start":"2017-02-09","end":"2026-06-29","kind":"licence"},"geometry":{"type":"Polygon","coordinates":[[[-1.5417,50.7017],[-1.5483,50.7008],[-1.545,50.703302],[-1.5383,50.705],[-1.5417,50.7017]]]}},{"type":"Feature","properties":{"cat":"disposal","type":"Disposal of dredged material","status":"expired","org":"ROYAL YACHT SQUADRON","title":"RYS Jubilee Haven","ref":"MLA/2016/00098","start":"2016-06-07","end":"2026-06-06","kind":"licence"},"geometry":{"type":"Polygon","coordinates":[[[-0.9167,50.601702],[-0.975,50.5683],[-0.9967,50.5833],[-0.936699,50.615],[-0.9167,50.601702]]]}},{"type":"Feature","properties":{"cat":"disposal","type":"Disposal of dredged material","status":"expired","org":"ROYAL YACHT SQUADRON","title":"RYS Jubilee Haven","ref":"MLA/2016/00098","start":"2016-06-07","end":"2026-06-06","kind":"licence"},"geometry":{"type":"Polygon","coordinates":[[[-1.5417,50.7017],[-1.5483,50.7008],[-1.545,50.703302],[-1.5383,50.705],[-1.5417,50.7017]]]}},{"type":"Feature","properties":{"cat":"navdredge","type":"Navigational dredging (maintenance)","status":"expired","org":"ROYAL YACHT SQUADRON","title":"RYS Jubilee Haven","ref":"MLA/2016/00098","start":"2016-06-07","end":"2026-06-06","kind":"licence"},"geometry":{"type":"Polygon","coordinates":[[[-1.300488,50.76678],[-1.300302,50.766887],[-1.30006,50.766922],[-1.299372,50.766513],[-1.299686,50.766326],[-1.300488,50.76678]]]}},{"type":"Feature","properties":{"cat":"disposal","type":"Disposal of dredged material","status":"current","org":"WEYMOUTH HARBOUR","title":"DISPOSAL OF MATERIAL FROM WEYMOUTH HARBOUR DREDGING","ref":"MLA/2016/00180/1","start":"2016-12-24","end":"2026-12-23","kind":"licence"},"geometry":{"type":"Polygon","coordinates":[[[-1.87671,50.63339],[-1.875853,50.633372],[-1.875,50.633319],[-1.874155,50.63323],[-1.87332,50.633106],[-1.8725,50.632948],[-1.871698,50.632756],[-1.870917,50.632531],[-1.870161,50.632274],[-1.869434,50.631986],[-1.868737,50.631668],[-1.868075,50.631322],[-1.867449,50.63095],[-1.866863,50.630552],[-1.86632,50.63013],[-1.865821,50.629687],[-1.865368,50.629224],[-1.864964,50.628744],[-1.864611,50.628247],[-1.864309,50.627737],[-1.864061,50.627215],[-1.863866,50.626684],[-1.863727,50.626147],[-1.863643,50.625604],[-1.863615,50.625059],[-1.863643,50.624514],[-1.863727,50.623972],[-1.863867,50.623434],[-1.864062,50.622903],[-1.864311,50.622382],[-1.864613,50.621872],[-1.864966,50.621375],[-1.86537,50.620894],[-1.865823,50.620432],[-1.866322,50.619989],[-1.866866,50.619567],[-1.867452,50.619169],[-1.868077,50.618797],[-1.868739,50.618451],[-1.869436,50.618134],[-1.870163,50.617846],[-1.870919,50.617589],[-1.8717,50.617364],[-1.872501,50.617172],[-1.873321,50.617014],[-1.874156,50.61689],[-1.875001,50.616801],[-1.875854,50.616748],[-1.87671,50.61673],[-1.877566,50.616748],[-1.878419,50.616801],[-1.879264,50.61689],[-1.880099,50.617014],[-1.880919,50.617172],[-1.88172,50.617364],[-1.882501,50.617589],[-1.883257,50.617846],[-1.883984,50.618134],[-1.884681,50.618451],[-1.885343,50.618797],[-1.885968,50.619169],[-1.886554,50.619567],[-1.887098,50.619989],[-1.887597,50.620432],[-1.88805,50.620894],[-1.888454,50.621375],[-1.888807,50.621872],[-1.889109,50.622382],[-1.889358,50.622903],[-1.889553,50.623434],[-1.889693,50.623972],[-1.889777,50.624514],[-1.889805,50.625059],[-1.889777,50.625604],[-1.889693,50.626147],[-1.889554,50.626684],[-1.889359,50.627215],[-1.889111,50.627737],[-1.888809,50.628247],[-1.888456,50.628744],[-1.888052,50.629224],[-1.887599,50.629687],[-1.8871,50.63013],[-1.886557,50.630552],[-1.885971,50.63095],[-1.885345,50.631322],[-1.884683,50.631668],[-1.883986,50.631986],[-1.883259,50.632274],[-1.882503,50.632531],[-1.881722,50.632756],[-1.88092,50.632948],[-1.8801,50.633106],[-1.879265,50.63323],[-1.87842,50.633319],[-1.877567,50.633372],[-1.87671,50.63339]]]}},{"type":"Feature","properties":{"cat":"navdredge","type":"Navigational dredging (maintenance)","status":"current","org":"MARINA DEVELOPMENTS LIMITED","title":"Mercury Yacht Harbour","ref":"MLA/2016/00215","start":"2016-10-14","end":"2026-10-13","kind":"licence"},"geometry":{"type":"Polygon","coordinates":[[[-1.312667,50.871667],[-1.310333,50.872333],[-1.309333,50.871167],[-1.309,50.8705],[-1.308833,50.869667],[-1.3115,50.87],[-1.312667,50.871667]]]}},{"type":"Feature","properties":{"cat":"disposal","type":"Disposal of dredged material","status":"current","org":"MARINA DEVELOPMENTS LIMITED","title":"Mercury Yacht Harbour","ref":"MLA/2016/00215","start":"2016-10-14","end":"2026-10-13","kind":"licence"},"geometry":{"type":"Polygon","coordinates":[[[-0.9167,50.601702],[-0.975,50.5683],[-0.9967,50.5833],[-0.936699,50.615],[-0.9167,50.601702]]]}},{"type":"Feature","properties":{"cat":"disposal","type":"Disposal of dredged material","status":"current","org":"MARINA DEVELOPMENTS LIMITED","title":"Mercury Yacht Harbour","ref":"MLA/2016/00215","start":"2016-10-14","end":"2026-10-13","kind":"licence"},"geometry":{"type":"Polygon","coordinates":[[[-1.5417,50.7017],[-1.5483,50.7008],[-1.545,50.703302],[-1.5383,50.705],[-1.5417,50.7017]]]}},{"type":"Feature","properties":{"cat":"disposal","type":"Disposal of dredged material","status":"current","org":"MARINA DEVELOPMENTS LIMITED","title":"Mercury Yacht Harbour","ref":"MLA/2016/00215","start":"2016-10-14","end":"2026-10-13","kind":"licence"},"geometry":{"type":"Polygon","coordinates":[[[-1.54423,50.620611],[-1.55414,50.6084],[-1.599899,50.62512],[-1.59008,50.636732],[-1.54423,50.620611]]]}},{"type":"Feature","properties":{"cat":"navdredge","type":"Navigational dredging (maintenance)","status":"current","org":"MARINA DEVELOPMENTS LIMITED","title":"Hamble Point Marina - Maintenance Dredging","ref":"MLA/2016/00216/1","start":"2016-10-14","end":"2026-10-13","kind":"licence"},"geometry":{"type":"Polygon","coordinates":[[[-1.312358,50.852869],[-1.312572,50.852833],[-1.312917,50.85375],[-1.31115,50.854014],[-1.309928,50.851211],[-1.310589,50.851228],[-1.311417,50.851639],[-1.311525,50.851914],[-1.311967,50.851844],[-1.312056,50.852089],[-1.312281,50.852058],[-1.312306,50.852122],[-1.312081,50.852156],[-1.312358,50.852869]]]}},{"type":"Feature","properties":{"cat":"disposal","type":"Disposal of dredged material","status":"current","org":"MARINA DEVELOPMENTS LIMITED","title":"Hamble Point Marina - Maintenance Dredging","ref":"MLA/2016/00216/1","start":"2016-10-14","end":"2026-10-13","kind":"licence"},"geometry":{"type":"Polygon","coordinates":[[[-0.9167,50.601702],[-0.975,50.5683],[-0.9967,50.5833],[-0.936699,50.615],[-0.9167,50.601702]]]}},{"type":"Feature","properties":{"cat":"disposal","type":"Disposal of dredged material","status":"current","org":"MARINA DEVELOPMENTS LIMITED","title":"Hamble Point Marina - Maintenance Dredging","ref":"MLA/2016/00216/1","start":"2016-10-14","end":"2026-10-13","kind":"licence"},"geometry":{"type":"Polygon","coordinates":[[[-1.5417,50.7017],[-1.5483,50.7008],[-1.545,50.703302],[-1.5383,50.705],[-1.5417,50.7017]]]}},{"type":"Feature","properties":{"cat":"disposal","type":"Disposal of dredged material","status":"current","org":"MARINA DEVELOPMENTS LIMITED","title":"Hamble Point Marina - Maintenance Dredging","ref":"MLA/2016/00216/1","start":"2016-10-14","end":"2026-10-13","kind":"licence"},"geometry":{"type":"Polygon","coordinates":[[[-1.54423,50.620611],[-1.55414,50.6084],[-1.599899,50.62512],[-1.59008,50.636732],[-1.54423,50.620611]]]}},{"type":"Feature","properties":{"cat":"navdredge","type":"Navigational dredging (maintenance)","status":"current","org":"BP OIL (UK) LTD","title":"BP Oil UK Ltd - Hamble jetty and approaches Maintenance Dredging","ref":"MLA/2016/00341/3","start":"2017-04-04","end":"2027-04-03","kind":"licence"},"geometry":{"type":"Polygon","coordinates":[[[-1.325513,50.847808],[-1.32523,50.84778],[-1.325177,50.847518],[-1.32589,50.845247],[-1.327253,50.846263],[-1.330638,50.848017],[-1.331653,50.847465],[-1.333712,50.848523],[-1.331847,50.84998],[-1.331327,50.850387],[-1.330398,50.850952],[-1.328725,50.850762],[-1.328202,50.850503],[-1.328245,50.850323],[-1.329062,50.84996],[-1.326328,50.847445],[-1.325513,50.847808]]]}},{"type":"Feature","properties":{"cat":"navdredge","type":"Navigational dredging (maintenance)","status":"current","org":"BP OIL (UK) LTD","title":"BP Oil UK Ltd - Hamble jetty and approaches Maintenance Dredging","ref":"MLA/2016/00341/3","start":"2017-04-04","end":"2027-04-03","kind":"licence"},"geometry":{"type":"Polygon","coordinates":[[[-1.325513,50.847808],[-1.326328,50.847445],[-1.329062,50.84996],[-1.328245,50.850323],[-1.325513,50.847808]]]}},{"type":"Feature","properties":{"cat":"navdredge","type":"Navigational dredging (maintenance)","status":"current","org":"BP OIL (UK) LTD","title":"BP Oil UK Ltd - Hamble jetty and approaches Maintenance Dredging","ref":"MLA/2016/00341/3","start":"2017-04-04","end":"2027-04-03","kind":"licence"},"geometry":{"type":"Polygon","coordinates":[[[-1.32574,50.848018],[-1.325222,50.84824],[-1.324988,50.848042],[-1.325513,50.847808],[-1.32574,50.848018]]]}},{"type":"Feature","properties":{"cat":"disposal","type":"Disposal of dredged material","status":"current","org":"BP OIL (UK) LTD","title":"BP Oil UK Ltd - Hamble jetty and approaches Maintenance Dredging","ref":"MLA/2016/00341/3","start":"2017-04-04","end":"2027-04-03","kind":"licence"},"geometry":{"type":"Polygon","coordinates":[[[-0.9167,50.601702],[-0.975,50.5683],[-0.9967,50.5833],[-0.936699,50.615],[-0.9167,50.601702]]]}},{"type":"Feature","properties":{"cat":"navdredge","type":"Navigational dredging (maintenance)","status":"current","org":"EXMOUTH MARINA LTD","title":"Dredging Exmouth Marina","ref":"MLA/2016/00372/2","start":"2020-09-10","end":"2030-09-09","kind":"licence"},"geometry":{"type":"Polygon","coordinates":[[[-3.42478,50.617955],[-3.424157,50.618505],[-3.422387,50.617795],[-3.422977,50.617202],[-3.42478,50.617955]]]}},{"type":"Feature","properties":{"cat":"disposal","type":"Disposal of dredged material","status":"current","org":"EXMOUTH MARINA LTD","title":"Dredging Exmouth Marina","ref":"MLA/2016/00372/2","start":"2020-09-10","end":"2030-09-09","kind":"licence"},"geometry":{"type":"Polygon","coordinates":[[[-3.3583,50.52166],[-3.357093,50.521642],[-3.355889,50.521589],[-3.35469,50.5215],[-3.353498,50.521376],[-3.352317,50.521218],[-3.351148,50.521024],[-3.349995,50.520796],[-3.34886,50.520535],[-3.347745,50.52024],[-3.346652,50.519913],[-3.345584,50.519554],[-3.344544,50.519164],[-3.343532,50.518744],[-3.342553,50.518294],[-3.341606,50.517816],[-3.340696,50.517311],[-3.339823,50.516779],[-3.33899,50.516222],[-3.338198,50.515642],[-3.337448,50.515038],[-3.336744,50.514413],[-3.336085,50.513768],[-3.335474,50.513105],[-3.334911,50.512424],[-3.334399,50.511727],[-3.333937,50.511016],[-3.333528,50.510292],[-3.333171,50.509557],[-3.332868,50.508812],[-3.332619,50.508058],[-3.332426,50.507299],[-3.332287,50.506534],[-3.332204,50.505767],[-3.332176,50.504997],[-3.332205,50.504228],[-3.332289,50.50346],[-3.332428,50.502695],[-3.332623,50.501936],[-3.332872,50.501183],[-3.333176,50.500438],[-3.333533,50.499703],[-3.333943,50.498979],[-3.334406,50.498268],[-3.334919,50.497572],[-3.335482,50.496891],[-3.336093,50.496227],[-3.336752,50.495583],[-3.337457,50.494958],[-3.338207,50.494355],[-3.338999,50.493774],[-3.339832,50.493218],[-3.340705,50.492687],[-3.341615,50.492181],[-3.342561,50.491704],[-3.343541,50.491254],[-3.344552,50.490834],[-3.345592,50.490444],[-3.346659,50.490086],[-3.347751,50.489759],[-3.348866,50.489464],[-3.350001,50.489203],[-3.351153,50.488975],[-3.352321,50.488782],[-3.353501,50.488623],[-3.354692,50.488499],[-3.35589,50.488411],[-3.357094,50.488357],[-3.3583,50.48834],[-3.359506,50.488357],[-3.36071,50.488411],[-3.361908,50.488499],[-3.363099,50.488623],[-3.364279,50.488782],[-3.365447,50.488975],[-3.366599,50.489203],[-3.367734,50.489464],[-3.368849,50.489759],[-3.369941,50.490086],[-3.371008,50.490444],[-3.372048,50.490834],[-3.373059,50.491254],[-3.374039,50.491704],[-3.374985,50.492181],[-3.375895,50.492687],[-3.376768,50.493218],[-3.377601,50.493774],[-3.378393,50.494355],[-3.379143,50.494958],[-3.379848,50.495583],[-3.380507,50.496227],[-3.381118,50.496891],[-3.381681,50.497572],[-3.382194,50.498268],[-3.382657,50.498979],[-3.383067,50.499703],[-3.383424,50.500438],[-3.383728,50.501183],[-3.383977,50.501936],[-3.384172,50.502695],[-3.384311,50.50346],[-3.384395,50.504228],[-3.384424,50.504997],[-3.384396,50.505767],[-3.384313,50.506534],[-3.384174,50.507299],[-3.383981,50.508058],[-3.383732,50.508812],[-3.383429,50.509557],[-3.383072,50.510292],[-3.382663,50.511016],[-3.382201,50.511727],[-3.381689,50.512424],[-3.381126,50.513105],[-3.380515,50.513768],[-3.379856,50.514413],[-3.379152,50.515038],[-3.378402,50.515642],[-3.37761,50.516222],[-3.376777,50.516779],[-3.375904,50.517311],[-3.374994,50.517816],[-3.374048,50.518294],[-3.373068,50.518744],[-3.372056,50.519164],[-3.371016,50.519554],[-3.369948,50.519913],[-3.368855,50.52024],[-3.36774,50.520535],[-3.366605,50.520796],[-3.365452,50.521024],[-3.364283,50.521218],[-3.363102,50.521376],[-3.36191,50.5215],[-3.360711,50.521589],[-3.359507,50.521642],[-3.3583,50.52166]]]}},{"type":"Feature","properties":{"cat":"disposal","type":"Disposal of dredged material","status":"current","org":"SOUTHAMPTON INTERNATIONAL BOAT SHOW LIMITED","title":"Southampton Boat Show Maintenance Dredge","ref":"MLA/2016/00421","start":"2017-02-27","end":"2027-02-26","kind":"licence"},"geometry":{"type":"Polygon","coordinates":[[[-0.9167,50.601702],[-0.975,50.5683],[-0.9967,50.5833],[-0.936699,50.615],[-0.9167,50.601702]]]}},{"type":"Feature","properties":{"cat":"disposal","type":"Disposal of dredged material","status":"current","org":"SOUTHAMPTON INTERNATIONAL BOAT SHOW LIMITED","title":"Southampton Boat Show Maintenance Dredge","ref":"MLA/2016/00421","start":"2017-02-27","end":"2027-02-26","kind":"licence"},"geometry":{"type":"Polygon","coordinates":[[[-1.5417,50.7017],[-1.5483,50.7008],[-1.545,50.703302],[-1.5383,50.705],[-1.5417,50.7017]]]}},{"type":"Feature","properties":{"cat":"disposal","type":"Disposal of dredged material","status":"current","org":"SOUTHAMPTON INTERNATIONAL BOAT SHOW LIMITED","title":"Southampton Boat Show Maintenance Dredge","ref":"MLA/2016/00421","start":"2017-02-27","end":"2027-02-26","kind":"licence"},"geometry":{"type":"Polygon","coordinates":[[[-1.54423,50.620611],[-1.55414,50.6084],[-1.599899,50.62512],[-1.59008,50.636732],[-1.54423,50.620611]]]}},{"type":"Feature","properties":{"cat":"navdredge","type":"Navigational dredging (maintenance)","status":"current","org":"SOUTHAMPTON INTERNATIONAL BOAT SHOW LIMITED","title":"Southampton Boat Show Maintenance Dredge","ref":"MLA/2016/00421","start":"2017-02-27","end":"2027-02-26","kind":"licence"},"geometry":{"type":"Polygon","coordinates":[[[-1.411703,50.897851],[-1.409465,50.897103],[-1.410036,50.895838],[-1.410383,50.895408],[-1.411533,50.896654],[-1.412101,50.897799],[-1.411703,50.897851]]]}},{"type":"Feature","properties":{"cat":"disposal","type":"Disposal of dredged material","status":"current","org":"LILLIPUT SAILING CLUB","title":"Beneficial Use Of Dredged Spoil, Blue Lagoon, Poole Harbour","ref":"MLA/2016/00437","start":"2017-04-01","end":"2027-10-31","kind":"licence"},"geometry":{"type":"Polygon","coordinates":[[[-1.9515,50.71],[-1.952167,50.710833],[-1.9515,50.711],[-1.951,50.710167],[-1.9515,50.71]]]}},{"type":"Feature","properties":{"cat":"disposal","type":"Disposal of dredged material","status":"current","org":"LILLIPUT SAILING CLUB","title":"Beneficial Use Of Dredged Spoil, Blue Lagoon, Poole Harbour","ref":"MLA/2016/00437","start":"2017-04-01","end":"2027-10-31","kind":"licence"},"geometry":{"type":"Polygon","coordinates":[[[-1.951,50.709],[-1.951667,50.709333],[-1.950667,50.71],[-1.950167,50.7095],[-1.951,50.709]]]}},{"type":"Feature","properties":{"cat":"navdredge","type":"Navigational dredging (maintenance)","status":"current","org":"LILLIPUT SAILING CLUB","title":"Beneficial Use Of Dredged Spoil, Blue Lagoon, Poole Harbour","ref":"MLA/2016/00437","start":"2017-04-01","end":"2027-10-31","kind":"licence"},"geometry":{"type":"Polygon","coordinates":[[[-1.950958,50.711683],[-1.950615,50.711463],[-1.950765,50.710043],[-1.951532,50.70937],[-1.953174,50.708646],[-1.953034,50.708113],[-1.953217,50.70794],[-1.953549,50.70828],[-1.953614,50.708561],[-1.953206,50.709146],[-1.951184,50.710049],[-1.950958,50.711683]]]}},{"type":"Feature","properties":{"cat":"disposal","type":"Disposal of dredged material","status":"current","org":"COWES CORINTHIAN YACHT CLUB LIMITED","title":"CCYC Marina maintenance dredge","ref":"MLA/2016/00446/3","start":"2017-02-01","end":"2027-07-24","kind":"licence"},"geometry":{"type":"Polygon","coordinates":[[[-0.9167,50.601702],[-0.975,50.5683],[-0.9967,50.5833],[-0.936699,50.615],[-0.9167,50.601702]]]}},{"type":"Feature","properties":{"cat":"otherdredge","type":"Clean-up dredging","status":"current","org":"COWES CORINTHIAN YACHT CLUB LIMITED","title":"CCYC Marina maintenance dredge","ref":"MLA/2016/00446/3","start":"2017-02-01","end":"2027-07-24","kind":"licence"},"geometry":{"type":"Polygon","coordinates":[[[-1.29415,50.7606],[-1.29477,50.7604],[-1.2946,50.7603],[-1.29515,50.76005],[-1.2953,50.76015],[-1.29548,50.7604],[-1.29543,50.76053],[-1.29455,50.76082],[-1.29432,50.76085],[-1.2941,50.76068],[-1.29415,50.7606]]]}},{"type":"Feature","properties":{"cat":"disposal","type":"Disposal of dredged material","status":"current","org":"COWES CORINTHIAN YACHT CLUB LIMITED","title":"CCYC Marina maintenance dredge","ref":"MLA/2016/00446/3","start":"2017-02-01","end":"2027-07-24","kind":"licence"},"geometry":{"type":"Polygon","coordinates":[[[-1.5417,50.7017],[-1.5483,50.7008],[-1.545,50.703302],[-1.5383,50.705],[-1.5417,50.7017]]]}},{"type":"Feature","properties":{"cat":"navdredge","type":"Navigational dredging (capital)","status":"current","org":"ROYAL NAVAL SAILING ASSOCIATION","title":"RNSA - Alliance, Haslar Pontoon & Hornet","ref":"MLA/2016/00484","start":"2017-04-28","end":"2027-04-27","kind":"licence"},"geometry":{"type":"Polygon","coordinates":[[[-1.118751,50.788787],[-1.118525,50.788704],[-1.118218,50.78845],[-1.118549,50.7882],[-1.11907,50.788429],[-1.118751,50.788787]]]}},{"type":"Feature","properties":{"cat":"navdredge","type":"Navigational dredging (maintenance)","status":"current","org":"ROYAL NAVAL SAILING ASSOCIATION","title":"RNSA - Alliance, Haslar Pontoon & Hornet","ref":"MLA/2016/00484","start":"2017-04-28","end":"2027-04-27","kind":"licence"},"geometry":{"type":"Polygon","coordinates":[[[-1.121468,50.789868],[-1.117572,50.789596],[-1.117603,50.789443],[-1.121485,50.789724],[-1.121468,50.789868]]]}},{"type":"Feature","properties":{"cat":"navdredge","type":"Navigational dredging (maintenance)","status":"current","org":"ROYAL NAVAL SAILING ASSOCIATION","title":"RNSA - Alliance, Haslar Pontoon & Hornet","ref":"MLA/2016/00484","start":"2017-04-28","end":"2027-04-27","kind":"licence"},"geometry":{"type":"Polygon","coordinates":[[[-1.12193,50.789449],[-1.120141,50.788788],[-1.119272,50.788961],[-1.118296,50.788837],[-1.119418,50.788747],[-1.12069,50.788244],[-1.122406,50.789048],[-1.12193,50.789449]]]}},{"type":"Feature","properties":{"cat":"disposal","type":"Disposal of dredged material","status":"current","org":"ROYAL NAVAL SAILING ASSOCIATION","title":"RNSA - Alliance, Haslar Pontoon & Hornet","ref":"MLA/2016/00484","start":"2017-04-28","end":"2027-04-27","kind":"licence"},"geometry":{"type":"Polygon","coordinates":[[[-0.9167,50.601702],[-0.975,50.5683],[-0.9967,50.5833],[-0.936699,50.615],[-0.9167,50.601702]]]}},{"type":"Feature","properties":{"cat":"disposal","type":"Disposal of dredged material","status":"current","org":"ROYAL NAVAL SAILING ASSOCIATION","title":"RNSA - Alliance, Haslar Pontoon & Hornet","ref":"MLA/2016/00484","start":"2017-04-28","end":"2027-04-27","kind":"licence"},"geometry":{"type":"Polygon","coordinates":[[[-1.5417,50.7017],[-1.5483,50.7008],[-1.545,50.703302],[-1.5383,50.705],[-1.5417,50.7017]]]}},{"type":"Feature","properties":{"cat":"navdredge","type":"Navigational dredging (maintenance)","status":"current","org":"AEW UK CORE PLUS PROPERTY FUND","title":"Hythe Marine Park Maintenance Dredge","ref":"MLA/2016/00501/3","start":"2017-04-26","end":"2027-04-25","kind":"licence"},"geometry":{"type":"Polygon","coordinates":[[[-1.38955,50.868305],[-1.388452,50.869675],[-1.387381,50.868941],[-1.389057,50.86797],[-1.38955,50.868305]]]}},{"type":"Feature","properties":{"cat":"navdredge","type":"Navigational dredging (maintenance)","status":"current","org":"AEW UK CORE PLUS PROPERTY FUND","title":"Hythe Marine Park Maintenance Dredge","ref":"MLA/2016/00501/3","start":"2017-04-26","end":"2027-04-25","kind":"licence"},"geometry":{"type":"Polygon","coordinates":[[[-1.388775,50.867779],[-1.3871,50.868751],[-1.386452,50.868298],[-1.388127,50.867326],[-1.388775,50.867779]]]}},{"type":"Feature","properties":{"cat":"navdredge","type":"Navigational dredging (maintenance)","status":"current","org":"AEW UK CORE PLUS PROPERTY FUND","title":"Hythe Marine Park Maintenance Dredge","ref":"MLA/2016/00501/3","start":"2017-04-26","end":"2027-04-25","kind":"licence"},"geometry":{"type":"Polygon","coordinates":[[[-1.389792,50.867182],[-1.388775,50.867779],[-1.388127,50.867326],[-1.389144,50.866729],[-1.389792,50.867182]]]}},{"type":"Feature","properties":{"cat":"navdredge","type":"Navigational dredging (maintenance)","status":"current","org":"AEW UK CORE PLUS PROPERTY FUND","title":"Hythe Marine Park Maintenance Dredge","ref":"MLA/2016/00501/3","start":"2017-04-26","end":"2027-04-25","kind":"licence"},"geometry":{"type":"Polygon","coordinates":[[[-1.387224,50.871215],[-1.386252,50.870545],[-1.38641,50.870455],[-1.38524,50.869658],[-1.385083,50.869747],[-1.384576,50.869394],[-1.386452,50.868298],[-1.388452,50.869675],[-1.387224,50.871215]]]}},{"type":"Feature","properties":{"cat":"navdredge","type":"Navigational dredging (maintenance)","status":"current","org":"AEW UK CORE PLUS PROPERTY FUND","title":"Hythe Marine Park Maintenance Dredge","ref":"MLA/2016/00501/3","start":"2017-04-26","end":"2027-04-25","kind":"licence"},"geometry":{"type":"Polygon","coordinates":[[[-1.38641,50.870455],[-1.386094,50.870643],[-1.38494,50.869836],[-1.38524,50.869658],[-1.38641,50.870455]]]}},{"type":"Feature","properties":{"cat":"navdredge","type":"Navigational dredging (maintenance)","status":"current","org":"AEW UK CORE PLUS PROPERTY FUND","title":"Hythe Marine Park Maintenance Dredge","ref":"MLA/2016/00501/3","start":"2017-04-26","end":"2027-04-25","kind":"licence"},"geometry":{"type":"Polygon","coordinates":[[[-1.387655,50.867593],[-1.384576,50.869394],[-1.383956,50.868968],[-1.38719,50.867276],[-1.387655,50.867593]]]}},{"type":"Feature","properties":{"cat":"navdredge","type":"Navigational dredging (maintenance)","status":"current","org":"AEW UK CORE PLUS PROPERTY FUND","title":"Hythe Marine Park Maintenance Dredge","ref":"MLA/2016/00501/3","start":"2017-04-26","end":"2027-04-25","kind":"licence"},"geometry":{"type":"Polygon","coordinates":[[[-1.389832,50.868495],[-1.387407,50.871342],[-1.387224,50.871215],[-1.38955,50.868305],[-1.389832,50.868495]]]}},{"type":"Feature","properties":{"cat":"navdredge","type":"Navigational dredging (maintenance)","status":"current","org":"AEW UK CORE PLUS PROPERTY FUND","title":"Hythe Marine Park Maintenance Dredge","ref":"MLA/2016/00501/3","start":"2017-04-26","end":"2027-04-25","kind":"licence"},"geometry":{"type":"Polygon","coordinates":[[[-1.390837,50.867637],[-1.389705,50.868414],[-1.389324,50.868151],[-1.390414,50.867392],[-1.390837,50.867637]]]}},{"type":"Feature","properties":{"cat":"navdredge","type":"Navigational dredging (maintenance)","status":"current","org":"AEW UK CORE PLUS PROPERTY FUND","title":"Hythe Marine Park Maintenance Dredge","ref":"MLA/2016/00501/3","start":"2017-04-26","end":"2027-04-25","kind":"licence"},"geometry":{"type":"Polygon","coordinates":[[[-1.389144,50.866729],[-1.387655,50.867593],[-1.387275,50.867331],[-1.388936,50.866368],[-1.389144,50.866729]]]}},{"type":"Feature","properties":{"cat":"disposal","type":"Disposal of dredged material","status":"current","org":"AEW UK CORE PLUS PROPERTY FUND","title":"Hythe Marine Park Maintenance Dredge","ref":"MLA/2016/00501/3","start":"2017-04-26","end":"2027-04-25","kind":"licence"},"geometry":{"type":"Polygon","coordinates":[[[-0.9167,50.601702],[-0.975,50.5683],[-0.9967,50.5833],[-0.936699,50.615],[-0.9167,50.601702]]]}},{"type":"Feature","properties":{"cat":"disposal","type":"Disposal of dredged material","status":"current","org":"AEW UK CORE PLUS PROPERTY FUND","title":"Hythe Marine Park Maintenance Dredge","ref":"MLA/2016/00501/3","start":"2017-04-26","end":"2027-04-25","kind":"licence"},"geometry":{"type":"Polygon","coordinates":[[[-1.5417,50.7017],[-1.5483,50.7008],[-1.545,50.703302],[-1.5383,50.705],[-1.5417,50.7017]]]}},{"type":"Feature","properties":{"cat":"disposal","type":"Disposal of dredged material","status":"current","org":"AEW UK CORE PLUS PROPERTY FUND","title":"Hythe Marine Park Maintenance Dredge","ref":"MLA/2016/00501/3","start":"2017-04-26","end":"2027-04-25","kind":"licence"},"geometry":{"type":"Polygon","coordinates":[[[-1.54423,50.620611],[-1.55414,50.6084],[-1.599899,50.62512],[-1.59008,50.636732],[-1.54423,50.620611]]]}},{"type":"Feature","properties":{"cat":"navdredge","type":"Navigational dredging (maintenance)","status":"current","org":"TARMAC LIMITED","title":"Bedhampton Approach Channel and Berth Maintenance Dredge","ref":"MLA/2016/00507/1","start":"2017-03-17","end":"2027-03-16","kind":"licence"},"geometry":{"type":"Polygon","coordinates":[[[-1.002432,50.842662],[-1.001966,50.842559],[-1.002747,50.841199],[-1.003384,50.839972],[-1.003536,50.839506],[-1.003603,50.839039],[-1.003123,50.83756],[-1.003593,50.837492],[-1.004115,50.839016],[-1.004032,50.839555],[-1.003865,50.840048],[-1.003228,50.841302],[-1.002432,50.842662]]]}},{"type":"Feature","properties":{"cat":"navdredge","type":"Navigational dredging (maintenance)","status":"current","org":"TARMAC LIMITED","title":"Bedhampton Approach Channel and Berth Maintenance Dredge","ref":"MLA/2016/00507/1","start":"2017-03-17","end":"2027-03-16","kind":"licence"},"geometry":{"type":"Polygon","coordinates":[[[-1.000864,50.844924],[-0.999761,50.844708],[-0.999836,50.844528],[-1.000849,50.844294],[-1.001109,50.844108],[-1.001966,50.842559],[-1.002432,50.842662],[-1.001561,50.844219],[-1.001467,50.844614],[-1.001257,50.845125],[-1.001296,50.845323],[-1.00094,50.845347],[-1.000864,50.844924]]]}},{"type":"Feature","properties":{"cat":"disposal","type":"Disposal of dredged material","status":"current","org":"TARMAC LIMITED","title":"Bedhampton Approach Channel and Berth Maintenance Dredge","ref":"MLA/2016/00507/1","start":"2017-03-17","end":"2027-03-16","kind":"licence"},"geometry":{"type":"Polygon","coordinates":[[[-0.9167,50.601702],[-0.975,50.5683],[-0.9967,50.5833],[-0.936699,50.615],[-0.9167,50.601702]]]}},{"type":"Feature","properties":{"cat":"disposal","type":"Disposal of dredged material","status":"current","org":"CEMEX UK","title":"Leamouth Wharf Silt Disposal","ref":"MLA/2016/00509","start":"2017-03-20","end":"2027-02-28","kind":"licence"},"geometry":{"type":"Polygon","coordinates":[[[-0.9167,50.601702],[-0.975,50.5683],[-0.9967,50.5833],[-0.936699,50.615],[-0.9167,50.601702]]]}},{"type":"Feature","properties":{"cat":"disposal","type":"Disposal of dredged material","status":"current","org":"RAYMOND BROWN AGGREGATES","title":"Marchwood Wharf - Silt Disposal","ref":"MLA/2017/00094/1","start":"2017-11-18","end":"2027-11-16","kind":"licence"},"geometry":{"type":"Polygon","coordinates":[[[-0.9167,50.601702],[-0.975,50.5683],[-0.9967,50.5833],[-0.936699,50.615],[-0.9167,50.601702]]]}},{"type":"Feature","properties":{"cat":"disposal","type":"Disposal of dredged material","status":"current","org":"TARMAC TRADING LIMITED","title":"Bedhampton Silt Disposal","ref":"MLA/2017/00095/1","start":"2017-10-10","end":"2027-10-09","kind":"licence"},"geometry":{"type":"Polygon","coordinates":[[[-0.9167,50.601702],[-0.975,50.5683],[-0.9967,50.5833],[-0.936699,50.615],[-0.9167,50.601702]]]}},{"type":"Feature","properties":{"cat":"disposal","type":"Alternative use of dredged material","status":"current","org":"EASTERN SOLENT COASTAL PARTNERSHIP","title":"South Hayling Island Beach Management Plan (2017-22) implementation","ref":"MLA/2017/00104","start":"2017-08-31","end":"2027-09-30","kind":"licence"},"geometry":{"type":"Polygon","coordinates":[[[-1.019734,50.7856],[-1.019183,50.785482],[-1.01853,50.7855],[-1.017349,50.785467],[-1.016616,50.785716],[-1.015705,50.785786],[-1.014966,50.785878],[-1.01399,50.785887],[-1.013338,50.785864],[-1.011622,50.785829],[-1.011057,50.785904],[-1.010146,50.785947],[-1.009817,50.785968],[-1.009591,50.786043],[-1.008775,50.786001],[-1.007173,50.785874],[-1.006874,50.785848],[-1.006799,50.785841],[-1.006528,50.786235],[-1.006236,50.786188],[-1.006042,50.786163],[-1.006042,50.786157],[-1.006037,50.786156],[-1.005986,50.786093],[-1.005804,50.786059],[-1.005711,50.786028],[-1.005553,50.785964],[-1.005166,50.785824],[-1.004882,50.785751],[-1.004595,50.785754],[-1.00421,50.785766],[-1.003802,50.785768],[-1.003516,50.785751],[-1.003376,50.785738],[-1.003077,50.785655],[-1.00291,50.785576],[-1.002152,50.785466],[-1.001464,50.785391],[-1.000842,50.785335],[-1.000434,50.785314],[-1.000031,50.785046],[-1.000009,50.78476],[-0.999808,50.784729],[-0.998907,50.784736],[-0.998236,50.784739],[-0.997308,50.784731],[-0.996953,50.784676],[-0.996217,50.784613],[-0.995205,50.784554],[-0.994047,50.784462],[-0.992979,50.784367],[-0.992958,50.784317],[-0.992865,50.784286],[-0.992231,50.784257],[-0.991252,50.784225],[-0.990648,50.78422],[-0.990569,50.784243],[-0.990118,50.784237],[-0.990046,50.784098],[-0.9896,50.784075],[-0.98967,50.783988],[-0.989329,50.783937],[-0.988703,50.783894],[-0.988302,50.783864],[-0.988077,50.783879],[-0.987009,50.783807],[-0.986967,50.784162],[-0.986439,50.784138],[-0.985693,50.78407],[-0.984854,50.783981],[-0.98433,50.783917],[-0.982821,50.783773],[-0.981953,50.783654],[-0.981993,50.783514],[-0.980697,50.783405],[-0.979676,50.78323],[-0.979487,50.783307],[-0.979217,50.783276],[-0.978817,50.783229],[-0.978619,50.783178],[-0.978571,50.783132],[-0.978407,50.783107],[-0.978208,50.783098],[-0.978058,50.783092],[-0.978031,50.783125],[-0.977897,50.783086],[-0.977747,50.783041],[-0.97763,50.783086],[-0.977488,50.783056],[-0.977144,50.782993],[-0.976245,50.782776],[-0.975997,50.782779],[-0.975876,50.782961],[-0.974897,50.782781],[-0.974049,50.782581],[-0.974182,50.782368],[-0.974013,50.782342],[-0.973932,50.782442],[-0.973217,50.782216],[-0.97312,50.782194],[-0.973084,50.782284],[-0.971989,50.782079],[-0.97163,50.782026],[-0.970517,50.781833],[-0.970218,50.78177],[-0.969398,50.781637],[-0.969376,50.781694],[-0.969155,50.781663],[-0.968997,50.781856],[-0.967734,50.781557],[-0.967839,50.781263],[-0.967537,50.781205],[-0.967092,50.78112],[-0.966365,50.780984],[-0.965489,50.780824],[-0.965558,50.780676],[-0.965266,50.78061],[-0.964665,50.780495],[-0.9643,50.780419],[-0.963888,50.780334],[-0.963666,50.780294],[-0.96346,50.780254],[-0.962832,50.780138],[-0.962392,50.78009],[-0.961931,50.78001],[-0.961423,50.779902],[-0.96113,50.77985],[-0.960897,50.779803],[-0.960742,50.77975],[-0.960572,50.779701],[-0.95972,50.779524],[-0.95909,50.779398],[-0.958668,50.779311],[-0.95833,50.779241],[-0.957876,50.779155],[-0.957828,50.779251],[-0.957765,50.779387],[-0.957695,50.779524],[-0.95765,50.779618],[-0.957499,50.779894],[-0.95723,50.779785],[-0.957216,50.779779],[-0.957216,50.779779],[-0.957208,50.779775],[-0.957302,50.779578],[-0.957399,50.779395],[-0.957487,50.779251],[-0.957558,50.779124],[-0.957565,50.779086],[-0.95741,50.77905],[-0.957105,50.778992],[-0.956794,50.77893],[-0.956567,50.778885],[-0.956011,50.778773],[-0.95576,50.778721],[-0.955512,50.778668],[-0.95489,50.778546],[-0.954475,50.778458],[-0.954191,50.778401],[-0.953949,50.778349],[-0.953677,50.778293],[-0.953489,50.778242],[-0.953005,50.778139],[-0.952568,50.778057],[-0.95238,50.778015],[-0.95189,50.777919],[-0.951729,50.777886],[-0.951363,50.777844],[-0.95095,50.777791],[-0.950624,50.777748],[-0.950172,50.777685],[-0.949843,50.77764],[-0.949511,50.777595],[-0.949175,50.777558],[-0.948654,50.777481],[-0.948092,50.777406],[-0.947502,50.777332],[-0.947499,50.777345],[-0.946932,50.777292],[-0.946528,50.777251],[-0.945983,50.7772],[-0.945503,50.777158],[-0.945114,50.777116],[-0.944467,50.777066],[-0.944044,50.777024],[-0.943601,50.776986],[-0.943196,50.776956],[-0.942869,50.776945],[-0.942906,50.777037],[-0.942816,50.777038],[-0.941963,50.777053],[-0.941533,50.777074],[-0.941323,50.777097],[-0.940865,50.77718],[-0.94035,50.77725],[-0.94009,50.777297],[-0.939822,50.777342],[-0.939072,50.777455],[-0.938475,50.777551],[-0.938177,50.777613],[-0.93801,50.777703],[-0.937786,50.777912],[-0.937429,50.77831],[-0.937278,50.77848],[-0.937233,50.778609],[-0.937054,50.778655],[-0.936724,50.778802],[-0.936637,50.77891],[-0.936665,50.779164],[-0.936632,50.779281],[-0.936569,50.779389],[-0.93652,50.77957],[-0.936543,50.779635],[-0.936715,50.779726],[-0.936633,50.78001],[-0.936523,50.780228],[-0.936449,50.78046],[-0.93641,50.780598],[-0.936367,50.780783],[-0.936356,50.780982],[-0.936446,50.781373],[-0.936486,50.781631],[-0.936463,50.781821],[-0.936804,50.781891],[-0.936775,50.782107],[-0.93671,50.782328],[-0.936657,50.782401],[-0.936706,50.782497],[-0.936664,50.782641],[-0.936619,50.782744],[-0.93662,50.782972],[-0.936582,50.783467],[-0.93658,50.783697],[-0.936558,50.783887],[-0.936501,50.784243],[-0.936479,50.784564],[-0.936453,50.784787],[-0.936407,50.785081],[-0.936289,50.785379],[-0.936217,50.785645],[-0.936192,50.785831],[-0.936218,50.78601],[-0.936218,50.786164],[-0.93621,50.786239],[-0.93626,50.786289],[-0.936316,50.786346],[-0.936434,50.786534],[-0.936564,50.786659],[-0.936793,50.786746],[-0.936873,50.786772],[-0.937138,50.786906],[-0.937496,50.787006],[-0.937648,50.787064],[-0.93771,50.78737],[-0.937728,50.787495],[-0.937719,50.787638],[-0.937176,50.787418],[-0.936669,50.787179],[-0.936382,50.787001],[-0.936096,50.786778],[-0.935811,50.786532],[-0.935608,50.78609],[-0.935561,50.785581],[-0.935545,50.785239],[-0.935706,50.784452],[-0.93574,50.783784],[-0.935507,50.782603],[-0.935435,50.781303],[-0.935408,50.780539],[-0.935328,50.780089],[-0.935353,50.778997],[-0.935366,50.778404],[-0.935413,50.777834],[-0.935685,50.777237],[-0.936042,50.776897],[-0.936656,50.776632],[-0.937061,50.776448],[-0.937358,50.776204],[-0.938589,50.775991],[-0.939721,50.776122],[-0.941637,50.776061],[-0.94235,50.776057],[-0.942827,50.776151],[-0.944526,50.776264],[-0.946134,50.776475],[-0.947044,50.776496],[-0.948852,50.776791],[-0.949589,50.776901],[-0.950395,50.777017],[-0.952218,50.777313],[-0.953009,50.777436],[-0.953489,50.777535],[-0.954563,50.777741],[-0.955611,50.777923],[-0.957465,50.778284],[-0.958052,50.778389],[-0.958632,50.778522],[-0.959358,50.77866],[-0.959604,50.778732],[-0.96035,50.778882],[-0.960843,50.779004],[-0.961124,50.779043],[-0.961842,50.779221],[-0.963303,50.779539],[-0.964559,50.779795],[-0.965924,50.780111],[-0.967071,50.780389],[-0.967932,50.780591],[-0.96885,50.780775],[-0.969542,50.780918],[-0.970262,50.781059],[-0.971053,50.781198],[-0.972007,50.781362],[-0.972901,50.781512],[-0.973739,50.781638],[-0.974738,50.781802],[-0.976097,50.782022],[-0.977188,50.782174],[-0.977793,50.782236],[-0.978448,50.782315],[-0.979127,50.782401],[-0.980032,50.782509],[-0.981419,50.78267],[-0.982084,50.782741],[-0.982952,50.782833],[-0.983584,50.782891],[-0.984349,50.782951],[-0.985057,50.783018],[-0.985614,50.783048],[-0.986133,50.783078],[-0.986771,50.783123],[-0.987324,50.78313],[-0.987934,50.783145],[-0.988344,50.783203],[-0.988925,50.783201],[-0.989662,50.783225],[-0.990277,50.783235],[-0.990882,50.783256],[-0.991402,50.783324],[-0.992224,50.783362],[-0.992949,50.783384],[-0.993729,50.783426],[-0.994255,50.783403],[-0.995082,50.783415],[-0.995389,50.783403],[-0.995722,50.783449],[-0.996748,50.783556],[-0.998026,50.783773],[-0.999053,50.783906],[-0.999932,50.783924],[-1.000909,50.783981],[-1.00217,50.784066],[-1.003927,50.784321],[-1.005893,50.784554],[-1.007259,50.784572],[-1.008694,50.784349],[-1.010072,50.784143],[-1.010936,50.783574],[-1.012857,50.783254],[-1.015021,50.783144],[-1.01688,50.783089],[-1.018298,50.783101],[-1.019414,50.78306],[-1.021336,50.783302],[-1.021694,50.783413],[-1.021897,50.783772],[-1.022081,50.784081],[-1.022259,50.784418],[-1.022329,50.78458],[-1.022444,50.784828],[-1.022589,50.785145],[-1.022762,50.785475],[-1.02294,50.785795],[-1.023073,50.786037],[-1.023205,50.786258],[-1.023374,50.78652],[-1.023552,50.786756],[-1.023774,50.787104],[-1.024055,50.787495],[-1.024172,50.787699],[-1.024275,50.788055],[-1.024323,50.788363],[-1.02437,50.78873],[-1.024419,50.78928],[-1.024438,50.789605],[-1.024455,50.79018],[-1.024475,50.790426],[-1.024535,50.790629],[-1.024672,50.790944],[-1.024762,50.791155],[-1.024881,50.791668],[-1.024929,50.792055],[-1.025018,50.792414],[-1.025213,50.793011],[-1.025485,50.793453],[-1.025712,50.793825],[-1.025834,50.794182],[-1.025743,50.794355],[-1.025803,50.794452],[-1.025847,50.794807],[-1.025898,50.795282],[-1.025246,50.795559],[-1.025305,50.795446],[-1.025346,50.795259],[-1.025261,50.795095],[-1.025149,50.795055],[-1.025036,50.794861],[-1.025002,50.794653],[-1.02496,50.794423],[-1.024911,50.794093],[-1.024836,50.793607],[-1.024768,50.793292],[-1.0247,50.792928],[-1.024605,50.792561],[-1.024517,50.792474],[-1.024375,50.792081],[-1.024312,50.791976],[-1.024161,50.791561],[-1.023851,50.791122],[-1.02364,50.790876],[-1.023299,50.790362],[-1.023279,50.78996],[-1.023146,50.789388],[-1.023117,50.7892],[-1.023116,50.789025],[-1.023059,50.788816],[-1.022857,50.78838],[-1.022467,50.787761],[-1.022126,50.787229],[-1.021637,50.786579],[-1.02112,50.786168],[-1.020349,50.785792],[-1.019734,50.7856]]]}},{"type":"Feature","properties":{"cat":"disposal","type":"Disposal of dredged material","status":"current","org":"GOSPORT FERRY LIMITED","title":"Gosport Ferry Clarence Wharf Maintenance Dredging","ref":"MLA/2017/00105","start":"2017-07-03","end":"2027-07-02","kind":"licence"},"geometry":{"type":"Polygon","coordinates":[[[-0.9167,50.601702],[-0.975,50.5683],[-0.9967,50.5833],[-0.936699,50.615],[-0.9167,50.601702]]]}},{"type":"Feature","properties":{"cat":"disposal","type":"Disposal of dredged material","status":"current","org":"GOSPORT FERRY LIMITED","title":"Gosport Ferry Clarence Wharf Maintenance Dredging","ref":"MLA/2017/00105","start":"2017-07-03","end":"2027-07-02","kind":"licence"},"geometry":{"type":"Polygon","coordinates":[[[-1.5417,50.7017],[-1.5483,50.7008],[-1.545,50.703302],[-1.5383,50.705],[-1.5417,50.7017]]]}},{"type":"Feature","properties":{"cat":"navdredge","type":"Navigational dredging (maintenance)","status":"current","org":"GOSPORT FERRY LIMITED","title":"Gosport Ferry Clarence Wharf Maintenance Dredging","ref":"MLA/2017/00105","start":"2017-07-03","end":"2027-07-02","kind":"licence"},"geometry":{"type":"Polygon","coordinates":[[[-1.122502,50.798293],[-1.12184,50.798819],[-1.121685,50.798737],[-1.12172,50.798377],[-1.121314,50.798096],[-1.121688,50.797829],[-1.122502,50.798293]]]}},{"type":"Feature","properties":{"cat":"aggregate","type":"Aggregate dredging","status":"current","org":"HANSON AGGREGATES MARINE LIMITED","title":"Marine Aggregate Extraction at Area 372/1","ref":"MLA/2017/00227","start":"2018-01-22","end":"2029-01-21","kind":"licence"},"geometry":{"type":"Polygon","coordinates":[[[-1.043145,50.630512],[-1.025088,50.642179],[-0.99287,50.642184],[-1.001483,50.635513],[-1.004258,50.634683],[-1.009252,50.630516],[-1.043145,50.630512]]]}},{"type":"Feature","properties":{"cat":"navdredge","type":"Navigational dredging (capital)","status":"current","org":"PREMIER MARINAS (DART) LIMITED","title":"Noss on Dart Marina, Dartmouth","ref":"MLA/2017/00259/3","start":"2018-09-17","end":"2030-03-31","kind":"licence"},"geometry":{"type":"Polygon","coordinates":[[[-3.573709,50.367357],[-3.573521,50.366854],[-3.573755,50.36689],[-3.573672,50.366723],[-3.573678,50.366435],[-3.573453,50.36618],[-3.573507,50.365942],[-3.573701,50.365711],[-3.573911,50.36552],[-3.573598,50.365425],[-3.573448,50.365576],[-3.573188,50.366164],[-3.573127,50.366661],[-3.573033,50.367098],[-3.572756,50.367142],[-3.571561,50.367118],[-3.571373,50.367051],[-3.571387,50.366992],[-3.571225,50.366786],[-3.571134,50.366866],[-3.570955,50.366591],[-3.570851,50.366255],[-3.570777,50.365899],[-3.570703,50.365533],[-3.570511,50.365367],[-3.570492,50.365249],[-3.570622,50.364969],[-3.571516,50.364342],[-3.57193,50.364188],[-3.572125,50.364017],[-3.572478,50.363913],[-3.573299,50.363872],[-3.573749,50.363886],[-3.574325,50.363967],[-3.574695,50.363923],[-3.574781,50.36415],[-3.574411,50.36469],[-3.573897,50.365103],[-3.573823,50.365184],[-3.574122,50.365319],[-3.574617,50.364826],[-3.575109,50.364244],[-3.575533,50.364397],[-3.575787,50.364592],[-3.575843,50.364859],[-3.57552,50.364933],[-3.57543,50.365043],[-3.575315,50.365322],[-3.575373,50.365649],[-3.576924,50.366153],[-3.576856,50.364102],[-3.576963,50.36406],[-3.576896,50.362971],[-3.57846,50.36293],[-3.578691,50.368489],[-3.576568,50.368508],[-3.57654,50.367656],[-3.573709,50.367357]]]}},{"type":"Feature","properties":{"cat":"navdredge","type":"Navigational dredging (maintenance)","status":"current","org":"TRAFALGAR WHARF LIMITED","title":"Trafalgar Wharf Approach Channel","ref":"MLA/2017/00308","start":"2017-11-01","end":"2027-10-31","kind":"licence"},"geometry":{"type":"Polygon","coordinates":[[[-1.112179,50.844322],[-1.111855,50.844175],[-1.110992,50.84326],[-1.111029,50.842802],[-1.109563,50.841451],[-1.109669,50.841146],[-1.111329,50.842687],[-1.112086,50.843215],[-1.112,50.843286],[-1.112691,50.843525],[-1.11259,50.843632],[-1.111898,50.843402],[-1.111811,50.8435],[-1.11215,50.84362],[-1.112225,50.844115],[-1.112367,50.844161],[-1.112179,50.844322]]]}},{"type":"Feature","properties":{"cat":"disposal","type":"Disposal of dredged material","status":"current","org":"TRAFALGAR WHARF LIMITED","title":"Trafalgar Wharf Approach Channel","ref":"MLA/2017/00308","start":"2017-11-01","end":"2027-10-31","kind":"licence"},"geometry":{"type":"Polygon","coordinates":[[[-0.9167,50.601702],[-0.975,50.5683],[-0.9967,50.5833],[-0.936699,50.615],[-0.9167,50.601702]]]}},{"type":"Feature","properties":{"cat":"disposal","type":"Disposal of dredged material","status":"current","org":"TRAFALGAR WHARF LIMITED","title":"Trafalgar Wharf Approach Channel","ref":"MLA/2017/00308","start":"2017-11-01","end":"2027-10-31","kind":"licence"},"geometry":{"type":"Polygon","coordinates":[[[-1.5417,50.7017],[-1.5483,50.7008],[-1.545,50.703302],[-1.5383,50.705],[-1.5417,50.7017]]]}},{"type":"Feature","properties":{"cat":"navdredge","type":"Navigational dredging (maintenance)","status":"current","org":"ISLE OF WIGHT COUNCIL","title":"Maintenance dredging, Ryde Harbour, Isle of Wight","ref":"MLA/2017/00377/3","start":"2018-06-08","end":"2028-09-15","kind":"licence"},"geometry":{"type":"Polygon","coordinates":[[[-1.1551,50.7335],[-1.1546,50.7334],[-1.1546,50.7333],[-1.1547,50.7333],[-1.1548,50.7332],[-1.1536,50.7329],[-1.1534,50.7322],[-1.1534,50.7319],[-1.1535,50.7316],[-1.1549,50.732],[-1.1549,50.7322],[-1.1552,50.7322],[-1.1552,50.7327],[-1.1551,50.7335]]]}},{"type":"Feature","properties":{"cat":"disposal","type":"Disposal of dredged material","status":"current","org":"ISLE OF WIGHT COUNCIL","title":"Maintenance dredging, Ryde Harbour, Isle of Wight","ref":"MLA/2017/00377/3","start":"2018-06-08","end":"2028-09-15","kind":"licence"},"geometry":{"type":"Polygon","coordinates":[[[-1.157267,50.733506],[-1.15718,50.733605],[-1.155882,50.733262],[-1.155955,50.733146],[-1.157267,50.733506]]]}},{"type":"Feature","properties":{"cat":"navdredge","type":"Navigational dredging (maintenance)","status":"current","org":"ARUN YACHT CLUB LIMITED(THE)","title":"Marina maintenance dredging","ref":"MLA/2017/00436/1","start":"2018-02-08","end":"2028-02-07","kind":"licence"},"geometry":{"type":"Polygon","coordinates":[[[-0.5451,50.8067],[-0.5444,50.8059],[-0.5451,50.8057],[-0.5452,50.8058],[-0.5451,50.8058],[-0.5452,50.8059],[-0.5451,50.806],[-0.5454,50.8063],[-0.5455,50.8065],[-0.5451,50.8067]]]}},{"type":"Feature","properties":{"cat":"disposal","type":"Disposal of dredged material","status":"current","org":"CATTEWATER HARBOUR COMMISSIONERS","title":"Cattewater Harbour disposal of maintenance dredged material: 10 year licence","ref":"MLA/2017/00450/1","start":"2018-03-19","end":"2028-03-18","kind":"licence"},"geometry":{"type":"Polygon","coordinates":[[[-4.290376,50.279407],[-4.269329,50.279639],[-4.26909,50.270648],[-4.290133,50.270416],[-4.290376,50.279407]]]}},{"type":"Feature","properties":{"cat":"disposal","type":"Disposal of dredged material","status":"current","org":"CORNWALL COUNCIL -HARBOUR OFFICE","title":"Penzance Harbour - Disposal of Dredged Spoil","ref":"MLA/2017/00458/1","start":"2018-07-26","end":"2028-03-01","kind":"licence"},"geometry":{"type":"Polygon","coordinates":[[[-5.485942,50.099768],[-5.485345,50.09975],[-5.484753,50.099697],[-5.484171,50.099609],[-5.483603,50.099487],[-5.483056,50.099331],[-5.482534,50.099144],[-5.482041,50.098927],[-5.48158,50.098681],[-5.481158,50.098409],[-5.480776,50.098113],[-5.480438,50.097795],[-5.480147,50.097459],[-5.479905,50.097107],[-5.479715,50.096743],[-5.479578,50.096368],[-5.479496,50.095987],[-5.479468,50.095603],[-5.479496,50.095219],[-5.479578,50.094838],[-5.479715,50.094463],[-5.479905,50.094098],[-5.480147,50.093746],[-5.480438,50.09341],[-5.480776,50.093093],[-5.481158,50.092797],[-5.481581,50.092525],[-5.482041,50.092279],[-5.482534,50.092062],[-5.483057,50.091875],[-5.483604,50.091719],[-5.484171,50.091597],[-5.484753,50.091509],[-5.485345,50.091456],[-5.485942,50.091438],[-5.48654,50.091456],[-5.487132,50.091509],[-5.487714,50.091597],[-5.488281,50.091719],[-5.488828,50.091875],[-5.48935,50.092062],[-5.489844,50.092279],[-5.490304,50.092525],[-5.490727,50.092797],[-5.491109,50.093093],[-5.491447,50.09341],[-5.491738,50.093746],[-5.491979,50.094098],[-5.492169,50.094463],[-5.492306,50.094837],[-5.492389,50.095218],[-5.492417,50.095603],[-5.492389,50.095987],[-5.492307,50.096368],[-5.49217,50.096742],[-5.49198,50.097107],[-5.491738,50.097459],[-5.491447,50.097795],[-5.491109,50.098113],[-5.490727,50.098409],[-5.490304,50.098681],[-5.489844,50.098926],[-5.489351,50.099144],[-5.488829,50.099331],[-5.488281,50.099487],[-5.487714,50.099609],[-5.487132,50.099697],[-5.48654,50.09975],[-5.485942,50.099768]]]}},{"type":"Feature","properties":{"cat":"navdredge","type":"Navigational dredging (maintenance)","status":"current","org":"DEFENCE INFRASTRUCTURE OGRANISATION","title":"HMNB Portsmouth Maintenance Dredging and Disposal","ref":"MLA/2017/00478/5","start":"2018-07-27","end":"2028-07-27","kind":"licence"},"geometry":{"type":"Polygon","coordinates":[[[-1.152238,50.83565],[-1.143518,50.835182],[-1.127457,50.817007],[-1.113127,50.81123],[-1.096413,50.814938],[-1.092702,50.810005],[-1.095397,50.804077],[-1.10802,50.802955],[-1.104748,50.792732],[-1.087172,50.775097],[-1.08073,50.750613],[-1.091162,50.754262],[-1.096693,50.76905],[-1.103898,50.777748],[-1.122978,50.788932],[-1.127735,50.808023],[-1.152238,50.83565]]]}},{"type":"Feature","properties":{"cat":"disposal","type":"Disposal of dredged material","status":"current","org":"DEFENCE INFRASTRUCTURE OGRANISATION","title":"HMNB Portsmouth Maintenance Dredging and Disposal","ref":"MLA/2017/00478/5","start":"2018-07-27","end":"2028-07-27","kind":"licence"},"geometry":{"type":"Polygon","coordinates":[[[-0.9167,50.601702],[-0.975,50.5683],[-0.9967,50.5833],[-0.936699,50.615],[-0.9167,50.601702]]]}},{"type":"Feature","properties":{"cat":"navdredge","type":"Navigational dredging (maintenance)","status":"current","org":"TIDES REACH MANAGEMENT COMPANY","title":"Tides Reach Marina - Medina Estuary","ref":"MLA/2018/00003/1","start":"2020-06-01","end":"2030-05-31","kind":"licence"},"geometry":{"type":"Polygon","coordinates":[[[-1.294432,50.760209],[-1.294767,50.760405],[-1.29415,50.760607],[-1.293968,50.760517],[-1.294058,50.760409],[-1.294432,50.760209]]]}},{"type":"Feature","properties":{"cat":"disposal","type":"Disposal of dredged material","status":"current","org":"TIDES REACH MANAGEMENT COMPANY","title":"Tides Reach Marina - Medina Estuary","ref":"MLA/2018/00003/1","start":"2020-06-01","end":"2030-05-31","kind":"licence"},"geometry":{"type":"Polygon","coordinates":[[[-0.9167,50.601702],[-0.975,50.5683],[-0.9967,50.5833],[-0.936699,50.615],[-0.9167,50.601702]]]}},{"type":"Feature","properties":{"cat":"navdredge","type":"Navigational dredging (maintenance)","status":"current","org":"BEAULIEU ENTERPRISES LIMITED","title":"Buckler's Hard Maintenance Dredge","ref":"MLA/2018/00082/1","start":"2018-12-01","end":"2028-09-29","kind":"licence"},"geometry":{"type":"Polygon","coordinates":[[[-1.418617,50.802933],[-1.420233,50.802067],[-1.421083,50.801417],[-1.421483,50.800933],[-1.420817,50.800433],[-1.420117,50.800233],[-1.420033,50.8],[-1.4175,50.799767],[-1.41745,50.7994],[-1.420667,50.79945],[-1.422167,50.799967],[-1.422883,50.8005],[-1.423367,50.800633],[-1.423583,50.800967],[-1.423483,50.801833],[-1.423167,50.80225],[-1.42255,50.802783],[-1.421917,50.8029],[-1.4213,50.8029],[-1.420817,50.803],[-1.41965,50.803483],[-1.418617,50.802933]]]}},{"type":"Feature","properties":{"cat":"navdredge","type":"Navigational dredging (capital)","status":"current","org":"BEAULIEU ENTERPRISES LIMITED","title":"Buckler's Hard Maintenance Dredge","ref":"MLA/2018/00082/1","start":"2018-12-01","end":"2028-09-29","kind":"licence"},"geometry":{"type":"Polygon","coordinates":[[[-1.418617,50.802933],[-1.420233,50.802067],[-1.421083,50.801417],[-1.421483,50.800933],[-1.420817,50.800433],[-1.420117,50.800233],[-1.420033,50.8],[-1.4175,50.799767],[-1.41745,50.7994],[-1.420667,50.79945],[-1.422167,50.799967],[-1.422883,50.8005],[-1.423367,50.800633],[-1.423583,50.800967],[-1.423483,50.801833],[-1.423167,50.80225],[-1.42255,50.802783],[-1.421917,50.8029],[-1.4213,50.8029],[-1.420817,50.803],[-1.41965,50.803483],[-1.418617,50.802933]]]}},{"type":"Feature","properties":{"cat":"disposal","type":"Disposal of dredged material","status":"current","org":"BEAULIEU ENTERPRISES LIMITED","title":"Buckler's Hard Maintenance Dredge","ref":"MLA/2018/00082/1","start":"2018-12-01","end":"2028-09-29","kind":"licence"},"geometry":{"type":"Polygon","coordinates":[[[-0.9167,50.601702],[-0.975,50.5683],[-0.9967,50.5833],[-0.936699,50.615],[-0.9167,50.601702]]]}},{"type":"Feature","properties":{"cat":"disposal","type":"Disposal of dredged material","status":"current","org":"BEAULIEU ENTERPRISES LIMITED","title":"Buckler's Hard Maintenance Dredge","ref":"MLA/2018/00082/1","start":"2018-12-01","end":"2028-09-29","kind":"licence"},"geometry":{"type":"Polygon","coordinates":[[[-1.5417,50.7017],[-1.5483,50.7008],[-1.545,50.703302],[-1.5383,50.705],[-1.5417,50.7017]]]}},{"type":"Feature","properties":{"cat":"disposal","type":"Disposal of dredged material","status":"current","org":"BEAULIEU ENTERPRISES LIMITED","title":"Buckler's Hard Maintenance Dredge","ref":"MLA/2018/00082/1","start":"2018-12-01","end":"2028-09-29","kind":"licence"},"geometry":{"type":"Polygon","coordinates":[[[-1.54423,50.620611],[-1.55414,50.6084],[-1.599899,50.62512],[-1.59008,50.636732],[-1.54423,50.620611]]]}},{"type":"Feature","properties":{"cat":"disposal","type":"Disposal of dredged material","status":"current","org":"Captain Mark Killingback","title":"Clearance of Slipway","ref":"MLA/2018/00111","start":"2020-01-13","end":"2030-01-13","kind":"licence"},"geometry":{"type":"Polygon","coordinates":[[[-5.0406,50.2539],[-5.0404,50.2538],[-5.0408,50.2532],[-5.041,50.2533],[-5.0406,50.2539]]]}},{"type":"Feature","properties":{"cat":"navdredge","type":"Navigational dredging (maintenance)","status":"current","org":"W TROUT & SON LIMITED","title":"Maintenance Dredging around W Trout & Son Ltd Pontoons - Lat. 50*40'5500N, Lon 3*27'58.02W","ref":"MLA/2018/00206/1","start":"2018-08-29","end":"2028-08-29","kind":"licence"},"geometry":{"type":"Polygon","coordinates":[[[-3.4667,50.6822],[-3.4662,50.6825],[-3.4658,50.682],[-3.4659,50.6815],[-3.4667,50.6822]]]}},{"type":"Feature","properties":{"cat":"disposal","type":"Disposal of dredged material","status":"current","org":"DEFENCE INFRASTRUCTURE ORGANISATION (DIO)","title":"Maintenance Dredging at HMNB Devonport","ref":"MLA/2018/00234/3","start":"2018-12-19","end":"2028-12-19","kind":"licence"},"geometry":{"type":"Polygon","coordinates":[[[-4.290376,50.279407],[-4.269329,50.279639],[-4.26909,50.270648],[-4.290133,50.270416],[-4.290376,50.279407]]]}},{"type":"Feature","properties":{"cat":"navdredge","type":"Navigational dredging (maintenance)","status":"current","org":"DEFENCE INFRASTRUCTURE ORGANISATION (DIO)","title":"Maintenance Dredging at HMNB Devonport","ref":"MLA/2018/00234/3","start":"2018-12-19","end":"2028-12-19","kind":"licence"},"geometry":{"type":"Polygon","coordinates":[[[-4.23,50.391],[-4.202,50.413],[-4.133,50.363],[-4.127,50.335],[-4.171,50.334],[-4.23,50.391]]]}},{"type":"Feature","properties":{"cat":"navdredge","type":"Navigational dredging (capital)","status":"current","org":"SOUTHAMPTON ISLE OF WIGHT AND SOUTH OF ENGLAND ROYAL MAIL STEAM PACKET COMPANY LIMITED","title":"East Cowes Lay-By Berth","ref":"MLA/2018/00285/2","start":"2018-12-10","end":"2028-12-09","kind":"licence"},"geometry":{"type":"Polygon","coordinates":[[[-1.290794,50.759548],[-1.291423,50.759989],[-1.291424,50.75999],[-1.291573,50.759983],[-1.291721,50.7601],[-1.29186,50.760209],[-1.291915,50.760263],[-1.292041,50.760401],[-1.292159,50.76053],[-1.291941,50.760689],[-1.291635,50.760725],[-1.291521,50.760674],[-1.291406,50.760621],[-1.291239,50.760521],[-1.291104,50.760374],[-1.290718,50.760193],[-1.290785,50.760128],[-1.290712,50.760098],[-1.290677,50.759612],[-1.290794,50.759548]]]}},{"type":"Feature","properties":{"cat":"navdredge","type":"Navigational dredging (maintenance)","status":"current","org":"SOUTHAMPTON ISLE OF WIGHT AND SOUTH OF ENGLAND ROYAL MAIL STEAM PACKET COMPANY LIMITED","title":"East Cowes Lay-By Berth","ref":"MLA/2018/00285/2","start":"2018-12-10","end":"2028-12-09","kind":"licence"},"geometry":{"type":"Polygon","coordinates":[[[-1.290794,50.759548],[-1.291423,50.759989],[-1.291424,50.75999],[-1.291573,50.759983],[-1.291721,50.7601],[-1.29186,50.760209],[-1.291915,50.760263],[-1.292041,50.760401],[-1.292159,50.76053],[-1.291941,50.760689],[-1.291635,50.760725],[-1.291521,50.760674],[-1.291406,50.760621],[-1.291239,50.760521],[-1.291104,50.760374],[-1.290718,50.760193],[-1.290785,50.760128],[-1.290712,50.760098],[-1.290677,50.759612],[-1.290794,50.759548]]]}},{"type":"Feature","properties":{"cat":"disposal","type":"Disposal of dredged material","status":"current","org":"SOUTHAMPTON ISLE OF WIGHT AND SOUTH OF ENGLAND ROYAL MAIL STEAM PACKET COMPANY LIMITED","title":"East Cowes Lay-By Berth","ref":"MLA/2018/00285/2","start":"2018-12-10","end":"2028-12-09","kind":"licence"},"geometry":{"type":"Polygon","coordinates":[[[-0.9167,50.601702],[-0.975,50.5683],[-0.9967,50.5833],[-0.936699,50.615],[-0.9167,50.601702]]]}},{"type":"Feature","properties":{"cat":"disposal","type":"Disposal of dredged material","status":"current","org":"SOUTHAMPTON ISLE OF WIGHT AND SOUTH OF ENGLAND ROYAL MAIL STEAM PACKET COMPANY LIMITED","title":"East Cowes Lay-By Berth","ref":"MLA/2018/00285/2","start":"2018-12-10","end":"2028-12-09","kind":"licence"},"geometry":{"type":"Polygon","coordinates":[[[-1.5417,50.7017],[-1.5483,50.7008],[-1.545,50.703302],[-1.5383,50.705],[-1.5417,50.7017]]]}},{"type":"Feature","properties":{"cat":"navdredge","type":"Navigational dredging (maintenance)","status":"current","org":"HAMBLE YACHT SERVICES LIMITED","title":"Hamble Yacht Services Maintenance Dredge","ref":"MLA/2018/00378","start":"2018-12-21","end":"2028-10-31","kind":"licence"},"geometry":{"type":"Polygon","coordinates":[[[-1.31095,50.863443],[-1.310964,50.86249],[-1.312455,50.862588],[-1.312403,50.862282],[-1.31273,50.862266],[-1.312606,50.862913],[-1.311277,50.863463],[-1.31095,50.863443]]]}},{"type":"Feature","properties":{"cat":"disposal","type":"Disposal of dredged material","status":"current","org":"HAMBLE YACHT SERVICES LIMITED","title":"Hamble Yacht Services Maintenance Dredge","ref":"MLA/2018/00378","start":"2018-12-21","end":"2028-10-31","kind":"licence"},"geometry":{"type":"Polygon","coordinates":[[[-0.9167,50.601702],[-0.975,50.5683],[-0.9967,50.5833],[-0.936699,50.615],[-0.9167,50.601702]]]}},{"type":"Feature","properties":{"cat":"disposal","type":"Disposal of dredged material","status":"current","org":"HAMBLE YACHT SERVICES LIMITED","title":"Hamble Yacht Services Maintenance Dredge","ref":"MLA/2018/00378","start":"2018-12-21","end":"2028-10-31","kind":"licence"},"geometry":{"type":"Polygon","coordinates":[[[-1.5417,50.7017],[-1.5483,50.7008],[-1.545,50.703302],[-1.5383,50.705],[-1.5417,50.7017]]]}},{"type":"Feature","properties":{"cat":"disposal","type":"Disposal of dredged material","status":"current","org":"CORNWALL COUNCIL -HARBOUR OFFICE","title":"DISPOSAL AT SEA after maintenance dredging at the turning area. Lighterage Quay, Newham, Truro. Also dredging at Town Quay Truro.","ref":"MLA/2018/00467/1","start":"2020-08-14","end":"2030-08-13","kind":"licence"},"geometry":{"type":"Polygon","coordinates":[[[-4.946129,50.098872],[-4.946127,50.098877],[-4.9417,50.1067],[-4.930489,50.110862],[-4.930482,50.110864],[-4.930418,50.110794],[-4.930236,50.110579],[-4.930064,50.110361],[-4.929902,50.11014],[-4.92975,50.109916],[-4.929609,50.109689],[-4.929477,50.109459],[-4.929357,50.109227],[-4.929247,50.108993],[-4.929148,50.108757],[-4.929059,50.108519],[-4.928982,50.10828],[-4.928915,50.108039],[-4.928859,50.107797],[-4.928815,50.107554],[-4.928781,50.10731],[-4.928759,50.107066],[-4.928748,50.106822],[-4.928748,50.106577],[-4.928759,50.106333],[-4.928782,50.106088],[-4.928815,50.105845],[-4.92886,50.105602],[-4.928916,50.10536],[-4.928982,50.105119],[-4.92906,50.10488],[-4.929149,50.104642],[-4.929248,50.104406],[-4.929358,50.104172],[-4.929479,50.10394],[-4.92961,50.10371],[-4.929752,50.103483],[-4.929904,50.103259],[-4.930066,50.103038],[-4.930238,50.10282],[-4.93042,50.102605],[-4.930612,50.102394],[-4.930813,50.102186],[-4.931024,50.101983],[-4.931244,50.101783],[-4.931473,50.101588],[-4.931711,50.101397],[-4.931957,50.101211],[-4.932212,50.101029],[-4.932475,50.100852],[-4.932746,50.100681],[-4.933024,50.100514],[-4.93331,50.100353],[-4.933604,50.100197],[-4.933904,50.100047],[-4.934211,50.099903],[-4.934524,50.099765],[-4.934844,50.099632],[-4.93517,50.099506],[-4.935501,50.099385],[-4.935837,50.099272],[-4.936179,50.099164],[-4.936525,50.099063],[-4.936876,50.098969],[-4.937231,50.098881],[-4.93759,50.0988],[-4.937952,50.098726],[-4.938317,50.098658],[-4.938686,50.098598],[-4.939057,50.098545],[-4.93943,50.098498],[-4.939806,50.098459],[-4.940182,50.098427],[-4.940561,50.098402],[-4.94094,50.098384],[-4.94132,50.098373],[-4.9417,50.098369],[-4.94208,50.098373],[-4.94246,50.098384],[-4.942839,50.098402],[-4.943218,50.098427],[-4.943594,50.098459],[-4.94397,50.098498],[-4.944343,50.098545],[-4.944714,50.098598],[-4.945083,50.098658],[-4.945448,50.098726],[-4.94581,50.0988],[-4.946129,50.098872]]]}},{"type":"Feature","properties":{"cat":"navdredge","type":"Navigational dredging (capital)","status":"current","org":"CORNWALL COUNCIL -HARBOUR OFFICE","title":"DISPOSAL AT SEA after maintenance dredging at the turning area. Lighterage Quay, Newham, Truro. Also dredging at Town Quay Truro.","ref":"MLA/2018/00467/1","start":"2020-08-14","end":"2030-08-13","kind":"licence"},"geometry":{"type":"Polygon","coordinates":[[[-4.946129,50.098872],[-4.946127,50.098877],[-4.9417,50.1067],[-4.930489,50.110862],[-4.930482,50.110864],[-4.930418,50.110794],[-4.930236,50.110579],[-4.930064,50.110361],[-4.929902,50.11014],[-4.92975,50.109916],[-4.929609,50.109689],[-4.929477,50.109459],[-4.929357,50.109227],[-4.929247,50.108993],[-4.929148,50.108757],[-4.929059,50.108519],[-4.928982,50.10828],[-4.928915,50.108039],[-4.928859,50.107797],[-4.928815,50.107554],[-4.928781,50.10731],[-4.928759,50.107066],[-4.928748,50.106822],[-4.928748,50.106577],[-4.928759,50.106333],[-4.928782,50.106088],[-4.928815,50.105845],[-4.92886,50.105602],[-4.928916,50.10536],[-4.928982,50.105119],[-4.92906,50.10488],[-4.929149,50.104642],[-4.929248,50.104406],[-4.929358,50.104172],[-4.929479,50.10394],[-4.92961,50.10371],[-4.929752,50.103483],[-4.929904,50.103259],[-4.930066,50.103038],[-4.930238,50.10282],[-4.93042,50.102605],[-4.930612,50.102394],[-4.930813,50.102186],[-4.931024,50.101983],[-4.931244,50.101783],[-4.931473,50.101588],[-4.931711,50.101397],[-4.931957,50.101211],[-4.932212,50.101029],[-4.932475,50.100852],[-4.932746,50.100681],[-4.933024,50.100514],[-4.93331,50.100353],[-4.933604,50.100197],[-4.933904,50.100047],[-4.934211,50.099903],[-4.934524,50.099765],[-4.934844,50.099632],[-4.93517,50.099506],[-4.935501,50.099385],[-4.935837,50.099272],[-4.936179,50.099164],[-4.936525,50.099063],[-4.936876,50.098969],[-4.937231,50.098881],[-4.93759,50.0988],[-4.937952,50.098726],[-4.938317,50.098658],[-4.938686,50.098598],[-4.939057,50.098545],[-4.93943,50.098498],[-4.939806,50.098459],[-4.940182,50.098427],[-4.940561,50.098402],[-4.94094,50.098384],[-4.94132,50.098373],[-4.9417,50.098369],[-4.94208,50.098373],[-4.94246,50.098384],[-4.942839,50.098402],[-4.943218,50.098427],[-4.943594,50.098459],[-4.94397,50.098498],[-4.944343,50.098545],[-4.944714,50.098598],[-4.945083,50.098658],[-4.945448,50.098726],[-4.94581,50.0988],[-4.946129,50.098872]]]}},{"type":"Feature","properties":{"cat":"aggregate","type":"Aggregate dredging","status":"current","org":"CEMEX UK MARINE LTD","title":"Area 522","ref":"MLA/2019/00150","start":"2020-08-03","end":"2041-08-02","kind":"licence"},"geometry":{"type":"Polygon","coordinates":[[[-1.57608,50.597192],[-1.57204,50.5999],[-1.56689,50.6017],[-1.53637,50.6081],[-1.5254,50.6089],[-1.51159,50.6125],[-1.51088,50.6137],[-1.50761,50.6163],[-1.48374,50.6083],[-1.48752,50.6014],[-1.50079,50.597192],[-1.57608,50.597192]]]}},{"type":"Feature","properties":{"cat":"aggregate","type":"Aggregate dredging","status":"current","org":"CEMEX UK MARINE LTD","title":"Area 522","ref":"MLA/2019/00150","start":"2020-08-03","end":"2041-08-02","kind":"licence"},"geometry":{"type":"Polygon","coordinates":[[[-1.60907,50.5902],[-1.6047,50.5916],[-1.60418,50.5963],[-1.60199,50.5975],[-1.59905,50.598],[-1.59585,50.5982],[-1.58891,50.5977],[-1.584755,50.597192],[-1.584783,50.57885],[-1.59197,50.57885],[-1.58906,50.5826],[-1.59238,50.5833],[-1.59759,50.57885],[-1.60597,50.57885],[-1.6054,50.5801],[-1.5992,50.5826],[-1.59869,50.5843],[-1.60008,50.5871],[-1.60519,50.5839],[-1.6091,50.5835],[-1.60907,50.5902]]]}},{"type":"Feature","properties":{"cat":"disposal","type":"Disposal of dredged material","status":"current","org":"BEMBRIDGE HARBOUR IMPROVEMENTS COMPANY LIMITED","title":"Bembridge Harbour Maintenance Dredging - Disposal","ref":"MLA/2019/00184","start":"2019-07-01","end":"2029-06-30","kind":"licence"},"geometry":{"type":"Polygon","coordinates":[[[-0.9167,50.601702],[-0.975,50.5683],[-0.9967,50.5833],[-0.936699,50.615],[-0.9167,50.601702]]]}},{"type":"Feature","properties":{"cat":"navdredge","type":"Navigational dredging (maintenance)","status":"current","org":"GWEEK QUAY LIMITED.","title":"Gweek Classic Boatyard Dredging of Navigational Channel","ref":"MLA/2019/00195","start":"2020-04-23","end":"2030-04-22","kind":"licence"},"geometry":{"type":"Polygon","coordinates":[[[-5.208326,50.096345],[-5.208323,50.096344],[-5.208203,50.096347],[-5.208183,50.096329],[-5.208153,50.096283],[-5.208137,50.096256],[-5.208095,50.096222],[-5.208012,50.096177],[-5.207978,50.096156],[-5.207949,50.096112],[-5.207923,50.09607],[-5.207893,50.096005],[-5.207876,50.095962],[-5.207851,50.095933],[-5.207819,50.095892],[-5.207779,50.095853],[-5.207773,50.095837],[-5.207769,50.095808],[-5.207761,50.095762],[-5.207772,50.095725],[-5.207774,50.095683],[-5.207777,50.09565],[-5.207771,50.095596],[-5.207757,50.095557],[-5.207705,50.095499],[-5.207669,50.095469],[-5.207634,50.095441],[-5.207598,50.095423],[-5.207557,50.095385],[-5.207531,50.095372],[-5.207505,50.095349],[-5.207465,50.095316],[-5.207418,50.095275],[-5.207378,50.095242],[-5.207342,50.095213],[-5.207313,50.095194],[-5.207272,50.09516],[-5.207234,50.095132],[-5.207192,50.095102],[-5.207155,50.095072],[-5.207125,50.095033],[-5.207032,50.094933],[-5.206992,50.094897],[-5.20695,50.094845],[-5.206892,50.094789],[-5.206857,50.094746],[-5.206821,50.094697],[-5.206769,50.094634],[-5.20672,50.094574],[-5.206678,50.094536],[-5.206611,50.094474],[-5.206565,50.094432],[-5.206462,50.094337],[-5.206405,50.094286],[-5.206354,50.094241],[-5.206289,50.094181],[-5.206235,50.094133],[-5.20619,50.094093],[-5.206122,50.094024],[-5.206052,50.093955],[-5.205915,50.093822],[-5.205864,50.09377],[-5.205801,50.093703],[-5.205751,50.093643],[-5.205715,50.093602],[-5.205672,50.093553],[-5.205635,50.093511],[-5.205573,50.093446],[-5.205525,50.093388],[-5.205432,50.093291],[-5.205393,50.093258],[-5.205346,50.093234],[-5.205306,50.093205],[-5.205282,50.093184],[-5.205249,50.093151],[-5.2052,50.093101],[-5.205186,50.093069],[-5.205164,50.093035],[-5.205139,50.092991],[-5.20512,50.092951],[-5.205087,50.09292],[-5.205054,50.092892],[-5.205026,50.092877],[-5.204979,50.092872],[-5.204942,50.092847],[-5.204902,50.092825],[-5.204812,50.092742],[-5.204773,50.092674],[-5.204741,50.092632],[-5.204686,50.092575],[-5.204628,50.092527],[-5.204576,50.092472],[-5.204514,50.092407],[-5.204471,50.092356],[-5.204436,50.092304],[-5.204413,50.09227],[-5.20439,50.092221],[-5.204373,50.092187],[-5.204339,50.092105],[-5.204315,50.092037],[-5.20429,50.091986],[-5.204261,50.09193],[-5.204246,50.091893],[-5.204232,50.091853],[-5.204227,50.091813],[-5.20422,50.091756],[-5.204215,50.0917],[-5.20422,50.091653],[-5.204225,50.091605],[-5.204237,50.091564],[-5.204241,50.091526],[-5.204235,50.091473],[-5.204226,50.09144],[-5.204206,50.091391],[-5.204178,50.09136],[-5.204139,50.091327],[-5.204099,50.091296],[-5.204052,50.091266],[-5.203991,50.091222],[-5.203934,50.091192],[-5.203872,50.091163],[-5.203812,50.091134],[-5.203758,50.091108],[-5.203691,50.091081],[-5.20361,50.091048],[-5.203528,50.091012],[-5.203453,50.090987],[-5.203389,50.090974],[-5.203329,50.090961],[-5.203251,50.090948],[-5.203191,50.090941],[-5.203138,50.090939],[-5.203088,50.090937],[-5.203047,50.090941],[-5.203028,50.090945],[-5.20299,50.090955],[-5.202945,50.090971],[-5.202898,50.09099],[-5.202858,50.091007],[-5.202809,50.091019],[-5.202738,50.091026],[-5.202661,50.091036],[-5.202605,50.091031],[-5.202541,50.091023],[-5.202492,50.091008],[-5.202452,50.091006],[-5.202396,50.091009],[-5.202355,50.091026],[-5.202313,50.09104],[-5.202249,50.091061],[-5.202168,50.091084],[-5.202108,50.091099],[-5.202048,50.091111],[-5.201979,50.09112],[-5.201908,50.091127],[-5.201813,50.091137],[-5.201716,50.091143],[-5.201642,50.091147],[-5.201523,50.091151],[-5.201423,50.09115],[-5.201332,50.091143],[-5.201257,50.091126],[-5.201157,50.091105],[-5.201064,50.091086],[-5.200974,50.09106],[-5.200872,50.091031],[-5.200774,50.090986],[-5.200747,50.090963],[-5.200662,50.090932],[-5.200549,50.090901],[-5.200597,50.090831],[-5.200668,50.090852],[-5.200751,50.090879],[-5.200861,50.090915],[-5.20098,50.090958],[-5.201079,50.090994],[-5.201168,50.091016],[-5.201258,50.091039],[-5.20135,50.091062],[-5.201438,50.091082],[-5.201496,50.091088],[-5.201573,50.091097],[-5.201638,50.091098],[-5.201727,50.091097],[-5.201841,50.091091],[-5.201924,50.091082],[-5.201982,50.091072],[-5.202053,50.091059],[-5.202127,50.091043],[-5.202193,50.091024],[-5.202224,50.091014],[-5.202285,50.090993],[-5.202326,50.09098],[-5.20235,50.090974],[-5.202376,50.090968],[-5.202412,50.090961],[-5.202459,50.09096],[-5.202485,50.090963],[-5.202516,50.090972],[-5.20254,50.090982],[-5.202571,50.090987],[-5.202616,50.090986],[-5.202683,50.090985],[-5.202736,50.090977],[-5.202796,50.090968],[-5.202834,50.09096],[-5.202874,50.090943],[-5.202923,50.090925],[-5.202973,50.09091],[-5.202997,50.090905],[-5.203081,50.090898],[-5.203165,50.090902],[-5.20322,50.090905],[-5.203265,50.090904],[-5.203311,50.090907],[-5.203383,50.090927],[-5.203487,50.090957],[-5.203557,50.090981],[-5.203636,50.09101],[-5.203728,50.091043],[-5.203866,50.091106],[-5.20394,50.091139],[-5.203993,50.091167],[-5.204071,50.091215],[-5.204127,50.091251],[-5.204158,50.091279],[-5.204208,50.091316],[-5.204272,50.091365],[-5.204299,50.091389],[-5.204315,50.091416],[-5.204326,50.091453],[-5.20433,50.091481],[-5.20433,50.091522],[-5.20432,50.091555],[-5.204302,50.091628],[-5.204287,50.09168],[-5.204283,50.091727],[-5.204292,50.09179],[-5.204312,50.091845],[-5.204331,50.091909],[-5.20435,50.091971],[-5.20436,50.092027],[-5.20438,50.092082],[-5.204421,50.092135],[-5.204463,50.092185],[-5.204496,50.092243],[-5.204543,50.092313],[-5.204551,50.092334],[-5.204561,50.092352],[-5.204603,50.092397],[-5.204659,50.092469],[-5.204731,50.092549],[-5.204754,50.092579],[-5.20479,50.092601],[-5.204825,50.092628],[-5.204873,50.09266],[-5.204932,50.092695],[-5.205004,50.092745],[-5.205083,50.092801],[-5.20513,50.092852],[-5.205167,50.092898],[-5.205204,50.092936],[-5.205239,50.092961],[-5.205264,50.093],[-5.205315,50.093058],[-5.20536,50.093118],[-5.20542,50.093188],[-5.205525,50.093298],[-5.205635,50.093422],[-5.205694,50.093488],[-5.205802,50.093605],[-5.20586,50.093666],[-5.20594,50.093745],[-5.206024,50.093829],[-5.206072,50.093879],[-5.206151,50.093954],[-5.206217,50.094017],[-5.206281,50.09408],[-5.206369,50.094165],[-5.206444,50.094239],[-5.206511,50.0943],[-5.206612,50.094402],[-5.206735,50.094508],[-5.20683,50.094594],[-5.206851,50.094638],[-5.206879,50.094688],[-5.206916,50.094735],[-5.206949,50.094771],[-5.206986,50.094809],[-5.207068,50.094881],[-5.207174,50.094976],[-5.207209,50.09502],[-5.207254,50.095065],[-5.207281,50.095096],[-5.207339,50.095146],[-5.207374,50.095176],[-5.207431,50.095209],[-5.20748,50.095252],[-5.207551,50.095312],[-5.207629,50.09538],[-5.207679,50.095416],[-5.207714,50.095429],[-5.207754,50.095471],[-5.207807,50.095524],[-5.207849,50.09561],[-5.207866,50.095672],[-5.207893,50.095754],[-5.207917,50.095843],[-5.207935,50.09589],[-5.207968,50.095996],[-5.20799,50.096039],[-5.208024,50.096085],[-5.208069,50.096128],[-5.208146,50.096172],[-5.208249,50.096239],[-5.20832,50.096277],[-5.208326,50.096345]]]}},{"type":"Feature","properties":{"cat":"navdredge","type":"Navigational dredging (maintenance)","status":"current","org":"DEAN & REDDYHOFF LIMITED","title":"East Cowes Marina Maintenance Dredge","ref":"MLA/2019/00370","start":"2019-12-16","end":"2029-12-15","kind":"licence"},"geometry":{"type":"Polygon","coordinates":[[[-1.291145,50.753258],[-1.290856,50.75116],[-1.290745,50.750727],[-1.289455,50.750801],[-1.289367,50.750386],[-1.289695,50.750331],[-1.289632,50.75017],[-1.290451,50.750007],[-1.290166,50.749273],[-1.289881,50.749],[-1.290773,50.7486],[-1.291189,50.749657],[-1.291933,50.751354],[-1.292199,50.753198],[-1.291145,50.753258]]]}},{"type":"Feature","properties":{"cat":"disposal","type":"Disposal of dredged material","status":"current","org":"DEAN & REDDYHOFF LIMITED","title":"East Cowes Marina Maintenance Dredge","ref":"MLA/2019/00370","start":"2019-12-16","end":"2029-12-15","kind":"licence"},"geometry":{"type":"Polygon","coordinates":[[[-0.9167,50.601702],[-0.975,50.5683],[-0.9967,50.5833],[-0.936699,50.615],[-0.9167,50.601702]]]}},{"type":"Feature","properties":{"cat":"disposal","type":"Disposal of dredged material","status":"current","org":"DEAN & REDDYHOFF LIMITED","title":"East Cowes Marina Maintenance Dredge","ref":"MLA/2019/00370","start":"2019-12-16","end":"2029-12-15","kind":"licence"},"geometry":{"type":"Polygon","coordinates":[[[-1.5417,50.7017],[-1.5483,50.7008],[-1.545,50.703302],[-1.5383,50.705],[-1.5417,50.7017]]]}},{"type":"Feature","properties":{"cat":"disposal","type":"Disposal of dredged material","status":"current","org":"PREMIER MARINAS FALMOUTH) LIMITED","title":"Falmouth Marina - Outer Basin Maintenance Dredge","ref":"MLA/2019/00482","start":"2020-05-13","end":"2030-05-12","kind":"licence"},"geometry":{"type":"Polygon","coordinates":[[[-4.946129,50.098872],[-4.946127,50.098877],[-4.9417,50.1067],[-4.930489,50.110862],[-4.930482,50.110864],[-4.930418,50.110794],[-4.930236,50.110579],[-4.930064,50.110361],[-4.929902,50.11014],[-4.92975,50.109916],[-4.929609,50.109689],[-4.929477,50.109459],[-4.929357,50.109227],[-4.929247,50.108993],[-4.929148,50.108757],[-4.929059,50.108519],[-4.928982,50.10828],[-4.928915,50.108039],[-4.928859,50.107797],[-4.928815,50.107554],[-4.928781,50.10731],[-4.928759,50.107066],[-4.928748,50.106822],[-4.928748,50.106577],[-4.928759,50.106333],[-4.928782,50.106088],[-4.928815,50.105845],[-4.92886,50.105602],[-4.928916,50.10536],[-4.928982,50.105119],[-4.92906,50.10488],[-4.929149,50.104642],[-4.929248,50.104406],[-4.929358,50.104172],[-4.929479,50.10394],[-4.92961,50.10371],[-4.929752,50.103483],[-4.929904,50.103259],[-4.930066,50.103038],[-4.930238,50.10282],[-4.93042,50.102605],[-4.930612,50.102394],[-4.930813,50.102186],[-4.931024,50.101983],[-4.931244,50.101783],[-4.931473,50.101588],[-4.931711,50.101397],[-4.931957,50.101211],[-4.932212,50.101029],[-4.932475,50.100852],[-4.932746,50.100681],[-4.933024,50.100514],[-4.93331,50.100353],[-4.933604,50.100197],[-4.933904,50.100047],[-4.934211,50.099903],[-4.934524,50.099765],[-4.934844,50.099632],[-4.93517,50.099506],[-4.935501,50.099385],[-4.935837,50.099272],[-4.936179,50.099164],[-4.936525,50.099063],[-4.936876,50.098969],[-4.937231,50.098881],[-4.93759,50.0988],[-4.937952,50.098726],[-4.938317,50.098658],[-4.938686,50.098598],[-4.939057,50.098545],[-4.93943,50.098498],[-4.939806,50.098459],[-4.940182,50.098427],[-4.940561,50.098402],[-4.94094,50.098384],[-4.94132,50.098373],[-4.9417,50.098369],[-4.94208,50.098373],[-4.94246,50.098384],[-4.942839,50.098402],[-4.943218,50.098427],[-4.943594,50.098459],[-4.94397,50.098498],[-4.944343,50.098545],[-4.944714,50.098598],[-4.945083,50.098658],[-4.945448,50.098726],[-4.94581,50.0988],[-4.946129,50.098872]]]}},{"type":"Feature","properties":{"cat":"navdredge","type":"Navigational dredging (maintenance)","status":"current","org":"PREMIER MARINAS FALMOUTH) LIMITED","title":"Falmouth Marina - Outer Basin Maintenance Dredge","ref":"MLA/2019/00482","start":"2020-05-13","end":"2030-05-12","kind":"licence"},"geometry":{"type":"Polygon","coordinates":[[[-5.082979,50.165357],[-5.082743,50.16524],[-5.082925,50.165056],[-5.082928,50.164368],[-5.08563,50.163928],[-5.085926,50.165124],[-5.083162,50.165217],[-5.082979,50.165357]]]}},{"type":"Feature","properties":{"cat":"disposal","type":"Disposal of dredged material","status":"current","org":"SUTTON HARBOUR COMPANY","title":"King Point Marina - Maintenance Dredge","ref":"MLA/2019/00525","start":"2021-10-01","end":"2030-10-01","kind":"licence"},"geometry":{"type":"Polygon","coordinates":[[[-4.290376,50.279407],[-4.269329,50.279639],[-4.26909,50.270648],[-4.290133,50.270416],[-4.290376,50.279407]]]}},{"type":"Feature","properties":{"cat":"navdredge","type":"Navigational dredging (maintenance)","status":"current","org":"SUTTON HARBOUR COMPANY","title":"King Point Marina - Maintenance Dredge","ref":"MLA/2019/00525","start":"2021-10-01","end":"2030-10-01","kind":"licence"},"geometry":{"type":"Polygon","coordinates":[[[-4.156157,50.365654],[-4.156486,50.366073],[-4.156275,50.367131],[-4.155897,50.367238],[-4.155254,50.367393],[-4.154394,50.36753],[-4.153539,50.366618],[-4.156157,50.365654]]]}},{"type":"Feature","properties":{"cat":"navdredge","type":"Navigational dredging (capital)","status":"current","org":"UNITED KINGDOM SAILING ACADEMY","title":"UKSA Dredging and disposal","ref":"MLA/2020/00035","start":"2020-06-10","end":"2030-06-09","kind":"licence"},"geometry":{"type":"Polygon","coordinates":[[[-1.293986,50.753162],[-1.293247,50.753256],[-1.293312,50.75269],[-1.293879,50.752684],[-1.293986,50.753162]]]}},{"type":"Feature","properties":{"cat":"navdredge","type":"Navigational dredging (maintenance)","status":"current","org":"UNITED KINGDOM SAILING ACADEMY","title":"UKSA Dredging and disposal","ref":"MLA/2020/00035","start":"2020-06-10","end":"2030-06-09","kind":"licence"},"geometry":{"type":"Polygon","coordinates":[[[-1.293986,50.753162],[-1.293247,50.753256],[-1.293312,50.75269],[-1.293879,50.752684],[-1.293986,50.753162]]]}},{"type":"Feature","properties":{"cat":"disposal","type":"Disposal of dredged material","status":"current","org":"UNITED KINGDOM SAILING ACADEMY","title":"UKSA Dredging and disposal","ref":"MLA/2020/00035","start":"2020-06-10","end":"2030-06-09","kind":"licence"},"geometry":{"type":"Polygon","coordinates":[[[-0.9167,50.601702],[-0.975,50.5683],[-0.9967,50.5833],[-0.936699,50.615],[-0.9167,50.601702]]]}},{"type":"Feature","properties":{"cat":"disposal","type":"Disposal of dredged material","status":"current","org":"UNITED KINGDOM SAILING ACADEMY","title":"UKSA Dredging and disposal","ref":"MLA/2020/00035","start":"2020-06-10","end":"2030-06-09","kind":"licence"},"geometry":{"type":"Polygon","coordinates":[[[-1.5417,50.7017],[-1.5483,50.7008],[-1.545,50.703302],[-1.5383,50.705],[-1.5417,50.7017]]]}},{"type":"Feature","properties":{"cat":"disposal","type":"Disposal of dredged material","status":"current","org":"COWES YACHT HAVEN LIMITED","title":"Cowes Yacht Haven Maintenance Dredging","ref":"MLA/2020/00067","start":"2020-05-21","end":"2030-05-24","kind":"licence"},"geometry":{"type":"Polygon","coordinates":[[[-0.9167,50.601702],[-0.975,50.5683],[-0.9967,50.5833],[-0.936699,50.615],[-0.9167,50.601702]]]}},{"type":"Feature","properties":{"cat":"disposal","type":"Disposal of dredged material","status":"current","org":"COWES YACHT HAVEN LIMITED","title":"Cowes Yacht Haven Maintenance Dredging","ref":"MLA/2020/00067","start":"2020-05-21","end":"2030-05-24","kind":"licence"},"geometry":{"type":"Polygon","coordinates":[[[-1.5417,50.7017],[-1.5483,50.7008],[-1.545,50.703302],[-1.5383,50.705],[-1.5417,50.7017]]]}},{"type":"Feature","properties":{"cat":"navdredge","type":"Navigational dredging (maintenance)","status":"current","org":"COWES YACHT HAVEN LIMITED","title":"Cowes Yacht Haven Maintenance Dredging","ref":"MLA/2020/00067","start":"2020-05-21","end":"2030-05-24","kind":"licence"},"geometry":{"type":"Polygon","coordinates":[[[-1.296344,50.76225],[-1.296056,50.762563],[-1.295785,50.76266],[-1.295474,50.762604],[-1.294973,50.762017],[-1.294816,50.762087],[-1.29462,50.761871],[-1.295875,50.761402],[-1.296,50.761609],[-1.29617,50.761565],[-1.296198,50.76161],[-1.296027,50.761654],[-1.296344,50.76225]]]}},{"type":"Feature","properties":{"cat":"navdredge","type":"Navigational dredging (maintenance)","status":"current","org":"COWES YACHT HAVEN LIMITED","title":"Cowes Yacht Haven Maintenance Dredging","ref":"MLA/2020/00067","start":"2020-05-21","end":"2030-05-24","kind":"licence"},"geometry":{"type":"Polygon","coordinates":[[[-1.295861,50.761411],[-1.29462,50.761871],[-1.293801,50.760894],[-1.295378,50.76049],[-1.295674,50.760645],[-1.295729,50.760771],[-1.295925,50.760916],[-1.295908,50.761105],[-1.295694,50.761167],[-1.295861,50.761411]]]}},{"type":"Feature","properties":{"cat":"disposal","type":"Disposal of dredged material","status":"current","org":"ISLE OF WIGHT COUNCIL","title":"Newport Harbour Maintenance Dredge","ref":"MLA/2020/00099/1","start":"2020-07-17","end":"2030-07-16","kind":"licence"},"geometry":{"type":"Polygon","coordinates":[[[-0.9167,50.601702],[-0.975,50.5683],[-0.9967,50.5833],[-0.936699,50.615],[-0.9167,50.601702]]]}},{"type":"Feature","properties":{"cat":"disposal","type":"Disposal of dredged material","status":"current","org":"ISLE OF WIGHT COUNCIL","title":"Newport Harbour Maintenance Dredge","ref":"MLA/2020/00099/1","start":"2020-07-17","end":"2030-07-16","kind":"licence"},"geometry":{"type":"Polygon","coordinates":[[[-1.5417,50.7017],[-1.5483,50.7008],[-1.545,50.703302],[-1.5383,50.705],[-1.5417,50.7017]]]}},{"type":"Feature","properties":{"cat":"otherdredge","type":"Other dredging","status":"expired","org":"KBS MARITIME","title":"HMNB Portsmouth Entrance to Basin No.1 Silt Removal","ref":"MLA/2020/00251/2","start":"2021-08-16","end":"2025-12-31","kind":"licence"},"geometry":{"type":"Polygon","coordinates":[[[-1.113251,50.803946],[-1.111596,50.803936],[-1.111599,50.802744],[-1.111561,50.802744],[-1.111188,50.802741],[-1.111044,50.802722],[-1.111056,50.802548],[-1.111606,50.802546],[-1.111764,50.802546],[-1.111732,50.800935],[-1.113313,50.800942],[-1.113251,50.803946]]]}},{"type":"Feature","properties":{"cat":"otherdredge","type":"Other dredging","status":"expired","org":"KBS MARITIME","title":"HMNB Portsmouth Entrance to Basin No.1 Silt Removal","ref":"MLA/2020/00251/2","start":"2021-08-16","end":"2025-12-31","kind":"licence"},"geometry":{"type":"Polygon","coordinates":[[[-1.113251,50.803946],[-1.111596,50.803936],[-1.111599,50.802744],[-1.111561,50.802744],[-1.111188,50.802741],[-1.111044,50.802722],[-1.111056,50.802548],[-1.111606,50.802546],[-1.111764,50.802546],[-1.111732,50.800935],[-1.113313,50.800942],[-1.113251,50.803946]]]}},{"type":"Feature","properties":{"cat":"disposal","type":"Disposal of dredged material","status":"current","org":"DAVIS'S BOATYARD","title":"Davis's Boatyard - Maintenance Dredging Licence","ref":"MLA/2020/00265","start":"2021-01-07","end":"2031-01-07","kind":"licence"},"geometry":{"type":"Polygon","coordinates":[[[-1.87671,50.63339],[-1.875853,50.633372],[-1.875,50.633319],[-1.874155,50.63323],[-1.87332,50.633106],[-1.8725,50.632948],[-1.871698,50.632756],[-1.870917,50.632531],[-1.870161,50.632274],[-1.869434,50.631986],[-1.868737,50.631668],[-1.868075,50.631322],[-1.867449,50.63095],[-1.866863,50.630552],[-1.86632,50.63013],[-1.865821,50.629687],[-1.865368,50.629224],[-1.864964,50.628744],[-1.864611,50.628247],[-1.864309,50.627737],[-1.864061,50.627215],[-1.863866,50.626684],[-1.863727,50.626147],[-1.863643,50.625604],[-1.863615,50.625059],[-1.863643,50.624514],[-1.863727,50.623972],[-1.863867,50.623434],[-1.864062,50.622903],[-1.864311,50.622382],[-1.864613,50.621872],[-1.864966,50.621375],[-1.86537,50.620894],[-1.865823,50.620432],[-1.866322,50.619989],[-1.866866,50.619567],[-1.867452,50.619169],[-1.868077,50.618797],[-1.868739,50.618451],[-1.869436,50.618134],[-1.870163,50.617846],[-1.870919,50.617589],[-1.8717,50.617364],[-1.872501,50.617172],[-1.873321,50.617014],[-1.874156,50.61689],[-1.875001,50.616801],[-1.875854,50.616748],[-1.87671,50.61673],[-1.877566,50.616748],[-1.878419,50.616801],[-1.879264,50.61689],[-1.880099,50.617014],[-1.880919,50.617172],[-1.88172,50.617364],[-1.882501,50.617589],[-1.883257,50.617846],[-1.883984,50.618134],[-1.884681,50.618451],[-1.885343,50.618797],[-1.885968,50.619169],[-1.886554,50.619567],[-1.887098,50.619989],[-1.887597,50.620432],[-1.88805,50.620894],[-1.888454,50.621375],[-1.888807,50.621872],[-1.889109,50.622382],[-1.889358,50.622903],[-1.889553,50.623434],[-1.889693,50.623972],[-1.889777,50.624514],[-1.889805,50.625059],[-1.889777,50.625604],[-1.889693,50.626147],[-1.889554,50.626684],[-1.889359,50.627215],[-1.889111,50.627737],[-1.888809,50.628247],[-1.888456,50.628744],[-1.888052,50.629224],[-1.887599,50.629687],[-1.8871,50.63013],[-1.886557,50.630552],[-1.885971,50.63095],[-1.885345,50.631322],[-1.884683,50.631668],[-1.883986,50.631986],[-1.883259,50.632274],[-1.882503,50.632531],[-1.881722,50.632756],[-1.88092,50.632948],[-1.8801,50.633106],[-1.879265,50.63323],[-1.87842,50.633319],[-1.877567,50.633372],[-1.87671,50.63339]]]}},{"type":"Feature","properties":{"cat":"navdredge","type":"Navigational dredging (maintenance)","status":"current","org":"DAVIS'S BOATYARD","title":"Davis's Boatyard - Maintenance Dredging Licence","ref":"MLA/2020/00265","start":"2021-01-07","end":"2031-01-07","kind":"licence"},"geometry":{"type":"Polygon","coordinates":[[[-2.004442,50.721025],[-2.004022,50.720944],[-2.003553,50.720894],[-2.003389,50.721119],[-2.001544,50.720722],[-1.998636,50.720517],[-1.998686,50.720375],[-2.000478,50.720486],[-2.000889,50.720303],[-2.001794,50.720331],[-2.003539,50.720722],[-2.004336,50.720889],[-2.004503,50.7209],[-2.004442,50.721025]]]}},{"type":"Feature","properties":{"cat":"aggregate","type":"Aggregate dredging","status":"current","org":"VOLKER DREDGING LTD-CANTERBURY","title":"Area 461 - Renewal","ref":"MLA/2020/00456","start":"2021-12-02","end":"2042-12-01","kind":"licence"},"geometry":{"type":"Polygon","coordinates":[[[0.177675,50.301742],[0.236073,50.31152],[0.247253,50.290302],[0.212728,50.28291],[0.180537,50.290713],[0.177675,50.301742]]]}},{"type":"Feature","properties":{"cat":"navdredge","type":"Navigational dredging (maintenance)","status":"current","org":"BOATFOLK MARINAS LTD","title":"Haslar Marina Maintenance Dredge","ref":"MLA/2021/00080","start":"2021-09-11","end":"2031-09-11","kind":"licence"},"geometry":{"type":"Polygon","coordinates":[[[-1.115678,50.790866],[-1.11635,50.789996],[-1.116813,50.789468],[-1.120697,50.789734],[-1.120672,50.790196],[-1.120124,50.790619],[-1.119666,50.790784],[-1.119058,50.790992],[-1.118699,50.791213],[-1.11855,50.791422],[-1.118311,50.791535],[-1.117753,50.792179],[-1.117304,50.792981],[-1.115008,50.792572],[-1.115008,50.792056],[-1.115179,50.791581],[-1.115678,50.790866]]]}},{"type":"Feature","properties":{"cat":"disposal","type":"Disposal of dredged material","status":"current","org":"BOATFOLK MARINAS LTD","title":"Haslar Marina Maintenance Dredge","ref":"MLA/2021/00080","start":"2021-09-11","end":"2031-09-11","kind":"licence"},"geometry":{"type":"Polygon","coordinates":[[[-0.9167,50.601702],[-0.975,50.5683],[-0.9967,50.5833],[-0.936699,50.615],[-0.9167,50.601702]]]}},{"type":"Feature","properties":{"cat":"disposal","type":"Disposal of dredged material","status":"current","org":"BOATFOLK MARINAS LTD","title":"Haslar Marina Maintenance Dredge","ref":"MLA/2021/00080","start":"2021-09-11","end":"2031-09-11","kind":"licence"},"geometry":{"type":"Polygon","coordinates":[[[-1.5417,50.7017],[-1.5483,50.7008],[-1.545,50.703302],[-1.5383,50.705],[-1.5417,50.7017]]]}},{"type":"Feature","properties":{"cat":"navdredge","type":"Navigational dredging (maintenance)","status":"current","org":"PORTSMOUTH INTERNATIONAL PORT","title":"Portsmouth International Port Maintenanec Dredging and Berth 2 Works","ref":"MLA/2021/00221/1","start":"2022-02-09","end":"2032-02-08","kind":"licence"},"geometry":{"type":"Polygon","coordinates":[[[-1.098112,50.812181],[-1.096145,50.81186],[-1.094967,50.811896],[-1.094859,50.811562],[-1.097748,50.811198],[-1.097695,50.811],[-1.094807,50.811355],[-1.094713,50.811067],[-1.096537,50.810667],[-1.096469,50.81055],[-1.093062,50.811288],[-1.092649,50.811374],[-1.092567,50.811194],[-1.092419,50.811211],[-1.092315,50.811003],[-1.091944,50.811009],[-1.091171,50.811444],[-1.090576,50.811385],[-1.091175,50.809079],[-1.093682,50.808585],[-1.094487,50.808808],[-1.097316,50.809306],[-1.098077,50.811048],[-1.098112,50.812181]]]}},{"type":"Feature","properties":{"cat":"navdredge","type":"Navigational dredging (maintenance)","status":"current","org":"PORTSMOUTH INTERNATIONAL PORT","title":"Portsmouth International Port Maintenanec Dredging and Berth 2 Works","ref":"MLA/2021/00221/1","start":"2022-02-09","end":"2032-02-08","kind":"licence"},"geometry":{"type":"Polygon","coordinates":[[[-1.098112,50.812181],[-1.094935,50.812786],[-1.09403,50.813363],[-1.093566,50.813135],[-1.094647,50.812262],[-1.094595,50.812037],[-1.094967,50.811896],[-1.096145,50.81186],[-1.098112,50.812181]]]}},{"type":"Feature","properties":{"cat":"navdredge","type":"Navigational dredging (maintenance)","status":"current","org":"PORTSMOUTH INTERNATIONAL PORT","title":"Portsmouth International Port Maintenanec Dredging and Berth 2 Works","ref":"MLA/2021/00221/1","start":"2022-02-09","end":"2032-02-08","kind":"licence"},"geometry":{"type":"Polygon","coordinates":[[[-1.094722,50.812928],[-1.094745,50.813072],[-1.092596,50.814836],[-1.092327,50.814807],[-1.092195,50.815004],[-1.092186,50.815507],[-1.091263,50.8155],[-1.093631,50.813441],[-1.093785,50.813523],[-1.094722,50.812928]]]}},{"type":"Feature","properties":{"cat":"navdredge","type":"Navigational dredging (maintenance)","status":"current","org":"PORTSMOUTH INTERNATIONAL PORT","title":"Portsmouth International Port Maintenanec Dredging and Berth 2 Works","ref":"MLA/2021/00221/1","start":"2022-02-09","end":"2032-02-08","kind":"licence"},"geometry":{"type":"Polygon","coordinates":[[[-1.093631,50.813441],[-1.091263,50.8155],[-1.091267,50.815302],[-1.091196,50.815302],[-1.091206,50.814789],[-1.091534,50.814722],[-1.092904,50.813597],[-1.09349,50.813377],[-1.093631,50.813441]]]}},{"type":"Feature","properties":{"cat":"navdredge","type":"Navigational dredging (maintenance)","status":"current","org":"PORTSMOUTH INTERNATIONAL PORT","title":"Portsmouth International Port Maintenanec Dredging and Berth 2 Works","ref":"MLA/2021/00221/1","start":"2022-02-09","end":"2032-02-08","kind":"licence"},"geometry":{"type":"Polygon","coordinates":[[[-1.09237,50.811102],[-1.09217,50.811191],[-1.092028,50.81119],[-1.091124,50.811686],[-1.090998,50.811595],[-1.090545,50.811547],[-1.090576,50.811385],[-1.091171,50.811444],[-1.091944,50.811009],[-1.092315,50.811003],[-1.09237,50.811102]]]}},{"type":"Feature","properties":{"cat":"navdredge","type":"Navigational dredging (maintenance)","status":"current","org":"PORTSMOUTH INTERNATIONAL PORT","title":"Portsmouth International Port Maintenanec Dredging and Berth 2 Works","ref":"MLA/2021/00221/1","start":"2022-02-09","end":"2032-02-08","kind":"licence"},"geometry":{"type":"Polygon","coordinates":[[[-1.102089,50.812032],[-1.101686,50.812639],[-1.100858,50.812571],[-1.100473,50.812685],[-1.099736,50.812625],[-1.09896,50.812394],[-1.101355,50.8119],[-1.102089,50.812032]]]}},{"type":"Feature","properties":{"cat":"navdredge","type":"Navigational dredging (maintenance)","status":"current","org":"PORTSMOUTH INTERNATIONAL PORT","title":"Portsmouth International Port Maintenanec Dredging and Berth 2 Works","ref":"MLA/2021/00221/1","start":"2022-02-09","end":"2032-02-08","kind":"licence"},"geometry":{"type":"Polygon","coordinates":[[[-1.108338,50.793941],[-1.107927,50.79321],[-1.107491,50.79299],[-1.106782,50.792976],[-1.106729,50.792796],[-1.105263,50.792272],[-1.105653,50.791142],[-1.106466,50.790923],[-1.106718,50.790368],[-1.106892,50.790315],[-1.107111,50.790577],[-1.106968,50.790639],[-1.107302,50.790993],[-1.107402,50.790966],[-1.107608,50.791319],[-1.10603,50.791504],[-1.105813,50.791701],[-1.105824,50.791845],[-1.105907,50.791971],[-1.10651,50.792371],[-1.107787,50.792372],[-1.107839,50.791851],[-1.107967,50.791843],[-1.108001,50.792302],[-1.108199,50.792303],[-1.108261,50.792778],[-1.109868,50.793359],[-1.108338,50.793941]]]}},{"type":"Feature","properties":{"cat":"disposal","type":"Disposal of dredged material","status":"current","org":"PORTSMOUTH INTERNATIONAL PORT","title":"Portsmouth International Port Maintenanec Dredging and Berth 2 Works","ref":"MLA/2021/00221/1","start":"2022-02-09","end":"2032-02-08","kind":"licence"},"geometry":{"type":"Polygon","coordinates":[[[-0.9167,50.601702],[-0.975,50.5683],[-0.9967,50.5833],[-0.936699,50.615],[-0.9167,50.601702]]]}},{"type":"Feature","properties":{"cat":"disposal","type":"Disposal of dredged material","status":"current","org":"PORTSMOUTH INTERNATIONAL PORT","title":"Portsmouth International Port Maintenanec Dredging and Berth 2 Works","ref":"MLA/2021/00221/1","start":"2022-02-09","end":"2032-02-08","kind":"licence"},"geometry":{"type":"Polygon","coordinates":[[[-1.5417,50.7017],[-1.5483,50.7008],[-1.545,50.703302],[-1.5383,50.705],[-1.5417,50.7017]]]}},{"type":"Feature","properties":{"cat":"navdredge","type":"Navigational dredging (maintenance)","status":"current","org":"UAVEND INVESTMENTS-NEWPORT","title":"Island Harbour, IOW. Maintenance Dredging","ref":"MLA/2021/00327","start":"2022-06-08","end":"2032-06-07","kind":"licence"},"geometry":{"type":"Polygon","coordinates":[[[-1.274722,50.72566],[-1.274667,50.726334],[-1.275262,50.726356],[-1.274947,50.72657],[-1.274437,50.726585],[-1.274387,50.726126],[-1.273834,50.726167],[-1.273846,50.726329],[-1.273619,50.726337],[-1.273398,50.725985],[-1.273838,50.725898],[-1.274107,50.725908],[-1.274389,50.725973],[-1.274607,50.725651],[-1.274722,50.72566]]]}},{"type":"Feature","properties":{"cat":"disposal","type":"Disposal of dredged material","status":"current","org":"UAVEND INVESTMENTS-NEWPORT","title":"Island Harbour, IOW. Maintenance Dredging","ref":"MLA/2021/00327","start":"2022-06-08","end":"2032-06-07","kind":"licence"},"geometry":{"type":"Polygon","coordinates":[[[-1.273042,50.726091],[-1.273429,50.726686],[-1.272131,50.727263],[-1.271739,50.726982],[-1.27271,50.726475],[-1.272841,50.726251],[-1.273042,50.726091]]]}},{"type":"Feature","properties":{"cat":"navdredge","type":"Navigational dredging (capital)","status":"current","org":"MERLIN REAL ESTATE LIMITED","title":"Merlin Quay Maintenance Dredge","ref":"MLA/2021/00366","start":"2022-06-15","end":"2027-06-15","kind":"licence"},"geometry":{"type":"Polygon","coordinates":[[[-1.384824,50.902406],[-1.384086,50.902268],[-1.38416,50.902079],[-1.384416,50.902081],[-1.384533,50.901838],[-1.384904,50.901705],[-1.385145,50.901752],[-1.384824,50.902406]]]}},{"type":"Feature","properties":{"cat":"disposal","type":"Disposal of dredged material","status":"expired","org":"NEWHAVEN PORT & PROPERTIES LTD","title":"Newhaven Harbour Maintenance Dredging Sediment Disposal","ref":"MLA/2021/00434/2","start":"2022-01-31","end":"2025-11-13","kind":"licence"},"geometry":{"type":"Polygon","coordinates":[[[0.055,50.764165],[0.055606,50.764147],[0.056207,50.764094],[0.056797,50.764006],[0.057372,50.763884],[0.057927,50.763728],[0.058457,50.763541],[0.058957,50.763324],[0.059424,50.763078],[0.059853,50.762806],[0.06024,50.76251],[0.060583,50.762192],[0.060878,50.761856],[0.061123,50.761504],[0.061316,50.76114],[0.061455,50.760765],[0.061538,50.760384],[0.061566,50.76],[0.061538,50.759616],[0.061454,50.759235],[0.061316,50.75886],[0.061123,50.758495],[0.060878,50.758143],[0.060583,50.757807],[0.06024,50.75749],[0.059852,50.757194],[0.059423,50.756922],[0.058957,50.756676],[0.058456,50.756459],[0.057927,50.756272],[0.057372,50.756116],[0.056797,50.755994],[0.056206,50.755906],[0.055606,50.755853],[0.055,50.755835],[0.054394,50.755853],[0.053794,50.755906],[0.053203,50.755994],[0.052628,50.756116],[0.052073,50.756272],[0.051544,50.756459],[0.051043,50.756676],[0.050577,50.756922],[0.050148,50.757194],[0.04976,50.75749],[0.049417,50.757807],[0.049122,50.758143],[0.048877,50.758495],[0.048684,50.75886],[0.048546,50.759235],[0.048462,50.759616],[0.048434,50.76],[0.048462,50.760384],[0.048545,50.760765],[0.048684,50.76114],[0.048877,50.761504],[0.049122,50.761856],[0.049417,50.762192],[0.04976,50.76251],[0.050147,50.762806],[0.050576,50.763078],[0.051043,50.763324],[0.051543,50.763541],[0.052073,50.763728],[0.052628,50.763884],[0.053203,50.764006],[0.053793,50.764094],[0.054394,50.764147],[0.055,50.764165]]]}},{"type":"Feature","properties":{"cat":"navdredge","type":"Navigational dredging (capital)","status":"current","org":"CEMEX UK LTD -BELVEDIER","title":"Leamouth Wharf Dredge","ref":"MLA/2021/00437","start":"2022-02-16","end":"2032-03-12","kind":"licence"},"geometry":{"type":"Polygon","coordinates":[[[-1.387364,50.906437],[-1.386297,50.906217],[-1.38652,50.905941],[-1.386693,50.905752],[-1.386888,50.905485],[-1.387107,50.905145],[-1.387248,50.904879],[-1.388331,50.905028],[-1.388296,50.905103],[-1.388089,50.905434],[-1.38793,50.905741],[-1.387364,50.906437]]]}},{"type":"Feature","properties":{"cat":"navdredge","type":"Navigational dredging (maintenance)","status":"current","org":"CEMEX UK LTD -BELVEDIER","title":"Leamouth Wharf Dredge","ref":"MLA/2021/00437","start":"2022-02-16","end":"2032-03-12","kind":"licence"},"geometry":{"type":"Polygon","coordinates":[[[-1.387364,50.906437],[-1.386297,50.906217],[-1.38652,50.905941],[-1.386693,50.905752],[-1.386888,50.905485],[-1.387107,50.905145],[-1.387248,50.904879],[-1.388331,50.905028],[-1.388296,50.905103],[-1.388089,50.905434],[-1.38793,50.905741],[-1.387364,50.906437]]]}},{"type":"Feature","properties":{"cat":"disposal","type":"Disposal of dredged material","status":"current","org":"CEMEX UK LTD -BELVEDIER","title":"Leamouth Wharf Dredge","ref":"MLA/2021/00437","start":"2022-02-16","end":"2032-03-12","kind":"licence"},"geometry":{"type":"Polygon","coordinates":[[[-0.9167,50.601702],[-0.975,50.5683],[-0.9967,50.5833],[-0.936699,50.615],[-0.9167,50.601702]]]}},{"type":"Feature","properties":{"cat":"navdredge","type":"Navigational dredging (maintenance)","status":"current","org":"SOLENT GATEWAY-SEA MOUNTING CENTRE","title":"Maintenance Dredge of Shiplift at Solent Gateway Port in Marchwood","ref":"MLA/2021/00456/1","start":"2022-12-01","end":"2027-03-15","kind":"licence"},"geometry":{"type":"Polygon","coordinates":[[[-1.421504,50.892253],[-1.42082,50.89256],[-1.420425,50.892209],[-1.42111,50.891901],[-1.421504,50.892253]]]}},{"type":"Feature","properties":{"cat":"disposal","type":"Disposal of dredged material","status":"current","org":"SOLENT GATEWAY-SEA MOUNTING CENTRE","title":"Maintenance Dredge of Shiplift at Solent Gateway Port in Marchwood","ref":"MLA/2021/00456/1","start":"2022-12-01","end":"2027-03-15","kind":"licence"},"geometry":{"type":"Polygon","coordinates":[[[-0.9967,50.5833],[-0.936699,50.615],[-0.9167,50.601702],[-0.975,50.5683],[-0.9967,50.5833]]]}},{"type":"Feature","properties":{"cat":"navdredge","type":"Navigational dredging (maintenance)","status":"current","org":"RNSA MOORINGS LIMITED","title":"RNSA Moorings maintenance dredging","ref":"MLA/2021/00530","start":"2022-04-07","end":"2032-04-06","kind":"licence"},"geometry":{"type":"Polygon","coordinates":[[[-1.118751,50.788787],[-1.118525,50.788704],[-1.118218,50.78845],[-1.118549,50.7882],[-1.11907,50.788429],[-1.118751,50.788787]]]}},{"type":"Feature","properties":{"cat":"navdredge","type":"Navigational dredging (maintenance)","status":"current","org":"RNSA MOORINGS LIMITED","title":"RNSA Moorings maintenance dredging","ref":"MLA/2021/00530","start":"2022-04-07","end":"2032-04-06","kind":"licence"},"geometry":{"type":"Polygon","coordinates":[[[-1.118353,50.788073],[-1.118178,50.788288],[-1.116082,50.788847],[-1.115588,50.7887],[-1.115255,50.78912],[-1.114677,50.788927],[-1.115398,50.788267],[-1.11631,50.78803],[-1.118353,50.788073]]]}},{"type":"Feature","properties":{"cat":"navdredge","type":"Navigational dredging (maintenance)","status":"current","org":"RNSA MOORINGS LIMITED","title":"RNSA Moorings maintenance dredging","ref":"MLA/2021/00530","start":"2022-04-07","end":"2032-04-06","kind":"licence"},"geometry":{"type":"Polygon","coordinates":[[[-1.121468,50.789868],[-1.117572,50.789596],[-1.117603,50.789443],[-1.121485,50.789724],[-1.121468,50.789868]]]}},{"type":"Feature","properties":{"cat":"navdredge","type":"Navigational dredging (maintenance)","status":"current","org":"RNSA MOORINGS LIMITED","title":"RNSA Moorings maintenance dredging","ref":"MLA/2021/00530","start":"2022-04-07","end":"2032-04-06","kind":"licence"},"geometry":{"type":"Polygon","coordinates":[[[-1.121617,50.800103],[-1.12072,50.800312],[-1.120082,50.80028],[-1.120247,50.799742],[-1.12073,50.799745],[-1.1216,50.799545],[-1.121617,50.800103]]]}},{"type":"Feature","properties":{"cat":"disposal","type":"Disposal of dredged material","status":"current","org":"RNSA MOORINGS LIMITED","title":"RNSA Moorings maintenance dredging","ref":"MLA/2021/00530","start":"2022-04-07","end":"2032-04-06","kind":"licence"},"geometry":{"type":"Polygon","coordinates":[[[-0.9167,50.601702],[-0.975,50.5683],[-0.9967,50.5833],[-0.936699,50.615],[-0.9167,50.601702]]]}},{"type":"Feature","properties":{"cat":"navdredge","type":"Navigational dredging (capital)","status":"expired","org":"NAVAL BASE COMMAND DEVONPORT","title":"HMNB Devonport Capital Dredge","ref":"MLA/2022/00017/1","start":"2022-12-05","end":"2025-09-08","kind":"licence"},"geometry":{"type":"Polygon","coordinates":[[[-4.19261,50.391302],[-4.19192,50.390973],[-4.193066,50.390077],[-4.191849,50.389446],[-4.190666,50.388811],[-4.190448,50.388348],[-4.191257,50.388198],[-4.191398,50.388501],[-4.192393,50.38904],[-4.193577,50.389643],[-4.194266,50.389994],[-4.193723,50.390418],[-4.19261,50.391302]]]}},{"type":"Feature","properties":{"cat":"disposal","type":"Disposal of dredged material","status":"expired","org":"NAVAL BASE COMMAND DEVONPORT","title":"HMNB Devonport Capital Dredge","ref":"MLA/2022/00017/1","start":"2022-12-05","end":"2025-09-08","kind":"licence"},"geometry":{"type":"Polygon","coordinates":[[[-4.290376,50.279407],[-4.269329,50.279639],[-4.26909,50.270648],[-4.290133,50.270416],[-4.290376,50.279407]]]}},{"type":"Feature","properties":{"cat":"navdredge","type":"Navigational dredging (capital)","status":"current","org":"EMMERALD QUAY FREEHOLDERS LTD","title":"Emerald Quay, Shoreham-by-Sea - Maintenance Dredging","ref":"MLA/2022/00139","start":"2023-01-20","end":"2033-02-28","kind":"licence"},"geometry":{"type":"Polygon","coordinates":[[[-0.26531,50.830433],[-0.265529,50.830436],[-0.265588,50.830479],[-0.265656,50.830438],[-0.265862,50.83044],[-0.265853,50.830779],[-0.265642,50.830775],[-0.265611,50.830796],[-0.265611,50.830995],[-0.265864,50.831178],[-0.265317,50.831175],[-0.265539,50.830996],[-0.265544,50.830795],[-0.265515,50.830774],[-0.265299,50.830772],[-0.26531,50.830433]]]}},{"type":"Feature","properties":{"cat":"navdredge","type":"Navigational dredging (maintenance)","status":"current","org":"EMMERALD QUAY FREEHOLDERS LTD","title":"Emerald Quay, Shoreham-by-Sea - Maintenance Dredging","ref":"MLA/2022/00139","start":"2023-01-20","end":"2033-02-28","kind":"licence"},"geometry":{"type":"Polygon","coordinates":[[[-0.26531,50.830433],[-0.265529,50.830436],[-0.265588,50.830479],[-0.265656,50.830438],[-0.265862,50.83044],[-0.265853,50.830779],[-0.265642,50.830775],[-0.265611,50.830796],[-0.265611,50.830995],[-0.265864,50.831178],[-0.265317,50.831175],[-0.265539,50.830996],[-0.265544,50.830795],[-0.265515,50.830774],[-0.265299,50.830772],[-0.26531,50.830433]]]}},{"type":"Feature","properties":{"cat":"disposal","type":"Disposal of dredged material","status":"current","org":"EMMERALD QUAY FREEHOLDERS LTD","title":"Emerald Quay, Shoreham-by-Sea - Maintenance Dredging","ref":"MLA/2022/00139","start":"2023-01-20","end":"2033-02-28","kind":"licence"},"geometry":{"type":"Polygon","coordinates":[[[-0.266315,50.831845],[-0.264895,50.831857],[-0.264889,50.831173],[-0.266309,50.83118],[-0.266315,50.831845]]]}},{"type":"Feature","properties":{"cat":"disposal","type":"Disposal of dredged material","status":"current","org":"DORSET COUNCIL","title":"West Bay Dredge Disposal","ref":"MLA/2022/00254","start":"2023-03-17","end":"2033-03-17","kind":"licence"},"geometry":{"type":"Polygon","coordinates":[[[-2.767663,50.711076],[-2.768084,50.711182],[-2.769276,50.711556],[-2.769229,50.711618],[-2.767748,50.711301],[-2.767663,50.711076]]]}},{"type":"Feature","properties":{"cat":"disposal","type":"Disposal of dredged material","status":"current","org":"DORSET COUNCIL","title":"West Bay Dredge Disposal","ref":"MLA/2022/00254","start":"2023-03-17","end":"2033-03-17","kind":"licence"},"geometry":{"type":"Polygon","coordinates":[[[-2.767233,50.71086],[-2.767434,50.711268],[-2.766864,50.71117],[-2.766431,50.711053],[-2.765906,50.710927],[-2.765485,50.710777],[-2.765258,50.710535],[-2.765487,50.710465],[-2.766392,50.710808],[-2.767233,50.71086]]]}},{"type":"Feature","properties":{"cat":"disposal","type":"Alternative use of dredged material","status":"current","org":"LAND AND WATER GROUP LIMITED","title":"Itchenor Beneficial Use Deposit and Saltmarsh Restoration Site","ref":"MLA/2022/00428/2","start":"2023-02-14","end":"2027-09-01","kind":"licence"},"geometry":{"type":"Polygon","coordinates":[[[-0.871029,50.808114],[-0.871491,50.808104],[-0.871886,50.808065],[-0.87201,50.808066],[-0.872384,50.807991],[-0.872712,50.807916],[-0.87303,50.807797],[-0.873201,50.807721],[-0.873382,50.80768],[-0.873711,50.807618],[-0.873992,50.807621],[-0.874184,50.807623],[-0.874477,50.807626],[-0.87485,50.807565],[-0.875233,50.807555],[-0.875572,50.807501],[-0.875933,50.807497],[-0.876045,50.80752],[-0.876178,50.807592],[-0.87638,50.807644],[-0.876672,50.807697],[-0.877088,50.807722],[-0.877528,50.807698],[-0.877913,50.807623],[-0.878196,50.807533],[-0.878516,50.807358],[-0.878633,50.807195],[-0.878759,50.807082],[-0.879208,50.807157],[-0.879376,50.807202],[-0.879415,50.807431],[-0.879154,50.807528],[-0.879149,50.808438],[-0.87855,50.808521],[-0.877783,50.808642],[-0.876797,50.808833],[-0.875957,50.808999],[-0.875362,50.809139],[-0.874972,50.80919],[-0.874378,50.809303],[-0.873392,50.809522],[-0.872466,50.809632],[-0.871515,50.809605],[-0.871301,50.809587],[-0.871095,50.809585],[-0.871029,50.808114]]]}},{"type":"Feature","properties":{"cat":"navdredge","type":"Navigational dredging (capital)","status":"current","org":"VEOLIA E.S HAMPSHIRE LTD","title":"Dredging at the cooling water intake of Marchwood Energy Recovery Facility","ref":"MLA/2022/00484","start":"2023-09-28","end":"2033-09-27","kind":"licence"},"geometry":{"type":"Polygon","coordinates":[[[-1.440585,50.901347],[-1.440339,50.901634],[-1.440042,50.901534],[-1.440287,50.901247],[-1.440585,50.901347]]]}},{"type":"Feature","properties":{"cat":"navdredge","type":"Navigational dredging (maintenance)","status":"current","org":"VEOLIA E.S HAMPSHIRE LTD","title":"Dredging at the cooling water intake of Marchwood Energy Recovery Facility","ref":"MLA/2022/00484","start":"2023-09-28","end":"2033-09-27","kind":"licence"},"geometry":{"type":"Polygon","coordinates":[[[-1.440585,50.901347],[-1.440339,50.901634],[-1.440042,50.901534],[-1.440287,50.901247],[-1.440585,50.901347]]]}},{"type":"Feature","properties":{"cat":"disposal","type":"Disposal of dredged material","status":"current","org":"VEOLIA E.S HAMPSHIRE LTD","title":"Dredging at the cooling water intake of Marchwood Energy Recovery Facility","ref":"MLA/2022/00484","start":"2023-09-28","end":"2033-09-27","kind":"licence"},"geometry":{"type":"Polygon","coordinates":[[[-0.9167,50.601702],[-0.975,50.5683],[-0.9967,50.5833],[-0.936699,50.615],[-0.9167,50.601702]]]}},{"type":"Feature","properties":{"cat":"navdredge","type":"Navigational dredging (maintenance)","status":"current","org":"PREMIER MARINAS LIMITED","title":"Swanwick and Universal Marinas - Maintenance Dredge and Disposal","ref":"MLA/2023/00048","start":"2023-10-27","end":"2034-05-01","kind":"licence"},"geometry":{"type":"Polygon","coordinates":[[[-1.300867,50.878017],[-1.300717,50.877867],[-1.3016,50.876717],[-1.303483,50.875617],[-1.3035,50.8752],[-1.304383,50.8753],[-1.30795,50.873567],[-1.308683,50.874167],[-1.300867,50.878017]]]}},{"type":"Feature","properties":{"cat":"navdredge","type":"Navigational dredging (maintenance)","status":"current","org":"PREMIER MARINAS LIMITED","title":"Swanwick and Universal Marinas - Maintenance Dredge and Disposal","ref":"MLA/2023/00048","start":"2023-10-27","end":"2034-05-01","kind":"licence"},"geometry":{"type":"Polygon","coordinates":[[[-1.297589,50.880831],[-1.299031,50.879967],[-1.301386,50.881036],[-1.302894,50.881864],[-1.303164,50.882236],[-1.303017,50.882756],[-1.302033,50.883667],[-1.297589,50.880831]]]}},{"type":"Feature","properties":{"cat":"disposal","type":"Disposal of dredged material","status":"current","org":"PREMIER MARINAS LIMITED","title":"Swanwick and Universal Marinas - Maintenance Dredge and Disposal","ref":"MLA/2023/00048","start":"2023-10-27","end":"2034-05-01","kind":"licence"},"geometry":{"type":"Polygon","coordinates":[[[-0.9167,50.601702],[-0.975,50.5683],[-0.9967,50.5833],[-0.936699,50.615],[-0.9167,50.601702]]]}},{"type":"Feature","properties":{"cat":"disposal","type":"Disposal of dredged material","status":"current","org":"PREMIER MARINAS LIMITED","title":"Swanwick and Universal Marinas - Maintenance Dredge and Disposal","ref":"MLA/2023/00048","start":"2023-10-27","end":"2034-05-01","kind":"licence"},"geometry":{"type":"Polygon","coordinates":[[[-1.5417,50.7017],[-1.5483,50.7008],[-1.545,50.703302],[-1.5383,50.705],[-1.5417,50.7017]]]}},{"type":"Feature","properties":{"cat":"otherdredge","type":"Other dredging","status":"current","org":"LYMINGTON HARBOUR COMMISSIONERS","title":"Boiler Marsh Beneficial Use Deposit and Saltmarsh Restoration Site","ref":"MLA/2023/00052/2","start":"2023-12-15","end":"2033-12-14","kind":"licence"},"geometry":{"type":"Polygon","coordinates":[[[-1.500481,50.752027],[-1.500185,50.751982],[-1.499957,50.751993],[-1.49976,50.752011],[-1.499483,50.752016],[-1.499435,50.75191],[-1.499541,50.751807],[-1.499683,50.751817],[-1.499821,50.751773],[-1.50005,50.751687],[-1.500264,50.751606],[-1.500325,50.751475],[-1.500326,50.751331],[-1.500426,50.751181],[-1.500825,50.750831],[-1.501044,50.750701],[-1.501302,50.75062],[-1.501353,50.750489],[-1.501236,50.750391],[-1.501177,50.75036],[-1.501256,50.750354],[-1.500941,50.750308],[-1.500694,50.750251],[-1.500657,50.750075],[-1.500677,50.75005],[-1.500639,50.7499],[-1.500867,50.749782],[-1.500985,50.749889],[-1.50116,50.75009],[-1.501378,50.750035],[-1.501487,50.749975],[-1.501498,50.749806],[-1.5015,50.749637],[-1.50172,50.749456],[-1.501771,50.74929],[-1.501864,50.748968],[-1.501896,50.748717],[-1.502283,50.748569],[-1.502618,50.748633],[-1.502887,50.748471],[-1.502751,50.748194],[-1.502445,50.748162],[-1.502396,50.748111],[-1.502815,50.747637],[-1.502985,50.747493],[-1.503143,50.747475],[-1.50345,50.747336],[-1.503767,50.747382],[-1.507079,50.747959],[-1.507768,50.748156],[-1.507656,50.748673],[-1.507355,50.748969],[-1.506863,50.748955],[-1.506695,50.748954],[-1.506499,50.748853],[-1.506309,50.749059],[-1.506635,50.749054],[-1.506534,50.749248],[-1.506453,50.749379],[-1.506539,50.749517],[-1.506339,50.749761],[-1.506164,50.749867],[-1.506098,50.75013],[-1.506096,50.750312],[-1.506104,50.750518],[-1.506023,50.7507],[-1.505793,50.750912],[-1.505771,50.750907],[-1.505775,50.750912],[-1.505488,50.75103],[-1.5052,50.751141],[-1.505061,50.751178],[-1.504665,50.751239],[-1.504142,50.75125],[-1.503994,50.751218],[-1.503638,50.751248],[-1.503449,50.751347],[-1.503111,50.751502],[-1.502963,50.751558],[-1.502814,50.751583],[-1.502587,50.751544],[-1.502499,50.751487],[-1.50249,50.751381],[-1.502442,50.751236],[-1.502295,50.751148],[-1.502028,50.751209],[-1.501918,50.751341],[-1.501699,50.751496],[-1.50141,50.751696],[-1.501319,50.751852],[-1.50121,50.751939],[-1.50112,50.751976],[-1.500932,50.752013],[-1.500836,50.752097],[-1.500609,50.752084],[-1.500481,50.752027]]]}},{"type":"Feature","properties":{"cat":"disposal","type":"Disposal of dredged material","status":"current","org":"LYMINGTON HARBOUR COMMISSIONERS","title":"Boiler Marsh Beneficial Use Deposit and Saltmarsh Restoration Site","ref":"MLA/2023/00052/2","start":"2023-12-15","end":"2033-12-14","kind":"licence"},"geometry":{"type":"Polygon","coordinates":[[[-1.500481,50.752027],[-1.500185,50.751982],[-1.499957,50.751993],[-1.49976,50.752011],[-1.499483,50.752016],[-1.499435,50.75191],[-1.499541,50.751807],[-1.499683,50.751817],[-1.499821,50.751773],[-1.50005,50.751687],[-1.500264,50.751606],[-1.500325,50.751475],[-1.500326,50.751331],[-1.500426,50.751181],[-1.500825,50.750831],[-1.501044,50.750701],[-1.501302,50.75062],[-1.501353,50.750489],[-1.501236,50.750391],[-1.501177,50.75036],[-1.501256,50.750354],[-1.500941,50.750308],[-1.500694,50.750251],[-1.500657,50.750075],[-1.500677,50.75005],[-1.500639,50.7499],[-1.500867,50.749782],[-1.500985,50.749889],[-1.50116,50.75009],[-1.501378,50.750035],[-1.501487,50.749975],[-1.501498,50.749806],[-1.5015,50.749637],[-1.50172,50.749456],[-1.501771,50.74929],[-1.501864,50.748968],[-1.501896,50.748717],[-1.502283,50.748569],[-1.502618,50.748633],[-1.502887,50.748471],[-1.502751,50.748194],[-1.502445,50.748162],[-1.502396,50.748111],[-1.502815,50.747637],[-1.502985,50.747493],[-1.503143,50.747475],[-1.50345,50.747336],[-1.503767,50.747382],[-1.507079,50.747959],[-1.507768,50.748156],[-1.507656,50.748673],[-1.507355,50.748969],[-1.506863,50.748955],[-1.506695,50.748954],[-1.506499,50.748853],[-1.506309,50.749059],[-1.506635,50.749054],[-1.506534,50.749248],[-1.506453,50.749379],[-1.506539,50.749517],[-1.506339,50.749761],[-1.506164,50.749867],[-1.506098,50.75013],[-1.506096,50.750312],[-1.506104,50.750518],[-1.506023,50.7507],[-1.505793,50.750912],[-1.505771,50.750907],[-1.505775,50.750912],[-1.505488,50.75103],[-1.5052,50.751141],[-1.505061,50.751178],[-1.504665,50.751239],[-1.504142,50.75125],[-1.503994,50.751218],[-1.503638,50.751248],[-1.503449,50.751347],[-1.503111,50.751502],[-1.502963,50.751558],[-1.502814,50.751583],[-1.502587,50.751544],[-1.502499,50.751487],[-1.50249,50.751381],[-1.502442,50.751236],[-1.502295,50.751148],[-1.502028,50.751209],[-1.501918,50.751341],[-1.501699,50.751496],[-1.50141,50.751696],[-1.501319,50.751852],[-1.50121,50.751939],[-1.50112,50.751976],[-1.500932,50.752013],[-1.500836,50.752097],[-1.500609,50.752084],[-1.500481,50.752027]]]}},{"type":"Feature","properties":{"cat":"disposal","type":"Disposal of dredged material","status":"expired","org":"NEWHAVEN PORT AND PROPERTIES LTD","title":"2226 Newhaven Stage 21 Dredge deposition application","ref":"MLA/2023/00085/1","start":"2024-02-08","end":"2026-07-01","kind":"licence"},"geometry":{"type":"Polygon","coordinates":[[[0.055,50.764165],[0.055606,50.764147],[0.056207,50.764094],[0.056797,50.764006],[0.057372,50.763884],[0.057927,50.763728],[0.058457,50.763541],[0.058957,50.763324],[0.059424,50.763078],[0.059853,50.762806],[0.06024,50.76251],[0.060583,50.762192],[0.060878,50.761856],[0.061123,50.761504],[0.061316,50.76114],[0.061455,50.760765],[0.061538,50.760384],[0.061566,50.76],[0.061538,50.759616],[0.061454,50.759235],[0.061316,50.75886],[0.061123,50.758495],[0.060878,50.758143],[0.060583,50.757807],[0.06024,50.75749],[0.059852,50.757194],[0.059423,50.756922],[0.058957,50.756676],[0.058456,50.756459],[0.057927,50.756272],[0.057372,50.756116],[0.056797,50.755994],[0.056206,50.755906],[0.055606,50.755853],[0.055,50.755835],[0.054394,50.755853],[0.053794,50.755906],[0.053203,50.755994],[0.052628,50.756116],[0.052073,50.756272],[0.051544,50.756459],[0.051043,50.756676],[0.050577,50.756922],[0.050148,50.757194],[0.04976,50.75749],[0.049417,50.757807],[0.049122,50.758143],[0.048877,50.758495],[0.048684,50.75886],[0.048546,50.759235],[0.048462,50.759616],[0.048434,50.76],[0.048462,50.760384],[0.048545,50.760765],[0.048684,50.76114],[0.048877,50.761504],[0.049122,50.761856],[0.049417,50.762192],[0.04976,50.76251],[0.050147,50.762806],[0.050576,50.763078],[0.051043,50.763324],[0.051543,50.763541],[0.052073,50.763728],[0.052628,50.763884],[0.053203,50.764006],[0.053793,50.764094],[0.054394,50.764147],[0.055,50.764165]]]}},{"type":"Feature","properties":{"cat":"otherdredge","type":"Other dredging","status":"current","org":"WHITE CROSS OFFSHORE WINDFARM LTD","title":"White Cross Offshore Windfarm","ref":"MLA/2023/00113","start":"2025-07-15","end":"2060-07-14","kind":"licence"},"geometry":{"type":"Polygon","coordinates":[[[-4.279846,51.106228],[-4.229508,51.117075],[-4.229505,51.117076],[-4.222394,51.117381],[-4.222393,51.117376],[-4.222379,51.117319],[-4.222379,51.117319],[-4.222374,51.117296],[-4.22237,51.117274],[-4.222367,51.117251],[-4.222365,51.117228],[-4.222363,51.117204],[-4.222361,51.11718],[-4.22236,51.117154],[-4.222359,51.117139],[-4.222358,51.117115],[-4.222356,51.117099],[-4.222351,51.117044],[-4.222343,51.11695],[-4.222339,51.116917],[-4.222336,51.116891],[-4.222329,51.11684],[-4.222322,51.116789],[-4.222317,51.116755],[-4.222311,51.11673],[-4.222303,51.116696],[-4.22229,51.116646],[-4.222285,51.116629],[-4.222281,51.116612],[-4.222275,51.116596],[-4.222272,51.116586],[-4.222269,51.116579],[-4.222243,51.116504],[-4.222234,51.116479],[-4.222227,51.116455],[-4.222212,51.116407],[-4.22221,51.116401],[-4.222184,51.116324],[-4.222177,51.116299],[-4.22217,51.116275],[-4.222153,51.11621],[-4.222138,51.116156],[-4.222131,51.116131],[-4.222114,51.116063],[-4.222103,51.116021],[-4.222099,51.116004],[-4.222096,51.115988],[-4.222095,51.115981],[-4.222093,51.115971],[-4.222091,51.115964],[-4.222089,51.115948],[-4.222085,51.115925],[-4.22208,51.115879],[-4.222077,51.115862],[-4.222076,51.115853],[-4.22207,51.115811],[-4.222061,51.115752],[-4.222056,51.115726],[-4.222052,51.115701],[-4.22205,51.115691],[-4.222028,51.115572],[-4.22202,51.115529],[-4.222014,51.115496],[-4.222009,51.115463],[-4.222006,51.115439],[-4.222004,51.115422],[-4.222003,51.115418],[-4.222,51.115387],[-4.22199,51.115276],[-4.221989,51.115264],[-4.221986,51.115233],[-4.221984,51.115218],[-4.228429,51.112491],[-4.228793,51.112337],[-4.228871,51.112288],[-4.228872,51.112288],[-4.228872,51.112288],[-4.240078,51.105299],[-4.275217,51.097724],[-4.275525,51.09766],[-4.275835,51.0976],[-4.276147,51.097545],[-4.27646,51.097495],[-4.276776,51.097448],[-4.284888,51.096324],[-4.29062,51.095526],[-4.365264,51.085143],[-4.365652,51.085093],[-4.366042,51.085049],[-4.366433,51.085012],[-4.366826,51.084982],[-4.36722,51.084959],[-4.367615,51.084943],[-4.36801,51.084933],[-4.368406,51.084931],[-4.368801,51.084935],[-4.369197,51.084947],[-4.369591,51.084965],[-4.369985,51.08499],[-4.370377,51.085022],[-4.370768,51.085061],[-4.371157,51.085106],[-4.371544,51.085159],[-4.371929,51.085218],[-4.37231,51.085283],[-4.372689,51.085356],[-4.373064,51.085435],[-4.373436,51.08552],[-4.373804,51.085612],[-4.374167,51.085711],[-4.378726,51.086991],[-4.382461,51.08804],[-4.392566,51.090877],[-4.392865,51.090961],[-4.394328,51.091372],[-4.440615,51.104351],[-4.49123,51.118514],[-4.503518,51.121947],[-4.504277,51.122159],[-4.504643,51.122271],[-4.509413,51.122639],[-4.52716,51.124007],[-4.561494,51.126644],[-4.584416,51.124802],[-4.612762,51.122517],[-4.63066,51.121071],[-4.725727,51.108059],[-4.726096,51.108012],[-4.726468,51.10797],[-4.726841,51.107935],[-4.727215,51.107906],[-4.727591,51.107883],[-4.727968,51.107867],[-4.728345,51.107857],[-4.743878,51.107564],[-4.839918,51.105707],[-4.873591,51.105037],[-4.877544,51.104957],[-4.87794,51.104953],[-4.878336,51.104955],[-4.878732,51.104965],[-4.879127,51.104981],[-4.95087,51.108536],[-4.951182,51.108554],[-5.167171,51.12199],[-5.171266,51.122116],[-5.288611,51.069092],[-5.29802,51.113877],[-5.171155,51.131267],[-4.949756,51.117499],[-4.877999,51.113943],[-4.872184,51.11406],[-4.839026,51.114719],[-4.728771,51.116843],[-4.633089,51.129939],[-4.61458,51.131435],[-4.586229,51.13372],[-4.56535,51.135398],[-4.561535,51.135704],[-4.525425,51.132931],[-4.5039,51.131273],[-4.502904,51.131196],[-4.502515,51.131162],[-4.502127,51.131122],[-4.501741,51.131075],[-4.501357,51.131022],[-4.500976,51.130961],[-4.500598,51.130895],[-4.500222,51.130821],[-4.49985,51.130741],[-4.499482,51.130655],[-4.499117,51.130563],[-4.498757,51.130464],[-4.498401,51.130359],[-4.498255,51.130314],[-4.485431,51.126731],[-4.393322,51.100933],[-4.383017,51.098041],[-4.368351,51.093922],[-4.303527,51.102942],[-4.300624,51.103345],[-4.290832,51.104704],[-4.279846,51.106228]]]}},{"type":"Feature","properties":{"cat":"disposal","type":"Disposal of dredged material","status":"current","org":"WHITE CROSS OFFSHORE WINDFARM LTD","title":"White Cross Offshore Windfarm","ref":"MLA/2023/00113","start":"2025-07-15","end":"2060-07-14","kind":"licence"},"geometry":{"type":"Polygon","coordinates":[[[-4.279846,51.106228],[-4.229508,51.117075],[-4.229505,51.117076],[-4.222394,51.117381],[-4.222393,51.117376],[-4.222379,51.117319],[-4.222379,51.117319],[-4.222374,51.117296],[-4.22237,51.117274],[-4.222367,51.117251],[-4.222365,51.117228],[-4.222363,51.117204],[-4.222361,51.11718],[-4.22236,51.117154],[-4.222359,51.117139],[-4.222358,51.117115],[-4.222356,51.117099],[-4.222351,51.117044],[-4.222343,51.11695],[-4.222339,51.116917],[-4.222336,51.116891],[-4.222329,51.11684],[-4.222322,51.116789],[-4.222317,51.116755],[-4.222311,51.11673],[-4.222303,51.116696],[-4.22229,51.116646],[-4.222285,51.116629],[-4.222281,51.116612],[-4.222275,51.116596],[-4.222272,51.116586],[-4.222269,51.116579],[-4.222243,51.116504],[-4.222234,51.116479],[-4.222227,51.116455],[-4.222212,51.116407],[-4.22221,51.116401],[-4.222184,51.116324],[-4.222177,51.116299],[-4.22217,51.116275],[-4.222153,51.11621],[-4.222138,51.116156],[-4.222131,51.116131],[-4.222114,51.116063],[-4.222103,51.116021],[-4.222099,51.116004],[-4.222096,51.115988],[-4.222095,51.115981],[-4.222093,51.115971],[-4.222091,51.115964],[-4.222089,51.115948],[-4.222085,51.115925],[-4.22208,51.115879],[-4.222077,51.115862],[-4.222076,51.115853],[-4.22207,51.115811],[-4.222061,51.115752],[-4.222056,51.115726],[-4.222052,51.115701],[-4.22205,51.115691],[-4.222028,51.115572],[-4.22202,51.115529],[-4.222014,51.115496],[-4.222009,51.115463],[-4.222006,51.115439],[-4.222004,51.115422],[-4.222003,51.115418],[-4.222,51.115387],[-4.22199,51.115276],[-4.221989,51.115264],[-4.221986,51.115233],[-4.221984,51.115218],[-4.228429,51.112491],[-4.228793,51.112337],[-4.228871,51.112288],[-4.228872,51.112288],[-4.228872,51.112288],[-4.240078,51.105299],[-4.275217,51.097724],[-4.275525,51.09766],[-4.275835,51.0976],[-4.276147,51.097545],[-4.27646,51.097495],[-4.276776,51.097448],[-4.284888,51.096324],[-4.29062,51.095526],[-4.365264,51.085143],[-4.365652,51.085093],[-4.366042,51.085049],[-4.366433,51.085012],[-4.366826,51.084982],[-4.36722,51.084959],[-4.367615,51.084943],[-4.36801,51.084933],[-4.368406,51.084931],[-4.368801,51.084935],[-4.369197,51.084947],[-4.369591,51.084965],[-4.369985,51.08499],[-4.370377,51.085022],[-4.370768,51.085061],[-4.371157,51.085106],[-4.371544,51.085159],[-4.371929,51.085218],[-4.37231,51.085283],[-4.372689,51.085356],[-4.373064,51.085435],[-4.373436,51.08552],[-4.373804,51.085612],[-4.374167,51.085711],[-4.378726,51.086991],[-4.382461,51.08804],[-4.392566,51.090877],[-4.392865,51.090961],[-4.394328,51.091372],[-4.440615,51.104351],[-4.49123,51.118514],[-4.503518,51.121947],[-4.504277,51.122159],[-4.504643,51.122271],[-4.509413,51.122639],[-4.52716,51.124007],[-4.561494,51.126644],[-4.584416,51.124802],[-4.612762,51.122517],[-4.63066,51.121071],[-4.725727,51.108059],[-4.726096,51.108012],[-4.726468,51.10797],[-4.726841,51.107935],[-4.727215,51.107906],[-4.727591,51.107883],[-4.727968,51.107867],[-4.728345,51.107857],[-4.743878,51.107564],[-4.839918,51.105707],[-4.873591,51.105037],[-4.877544,51.104957],[-4.87794,51.104953],[-4.878336,51.104955],[-4.878732,51.104965],[-4.879127,51.104981],[-4.95087,51.108536],[-4.951182,51.108554],[-5.167171,51.12199],[-5.171266,51.122116],[-5.288611,51.069092],[-5.29802,51.113877],[-5.171155,51.131267],[-4.949756,51.117499],[-4.877999,51.113943],[-4.872184,51.11406],[-4.839026,51.114719],[-4.728771,51.116843],[-4.633089,51.129939],[-4.61458,51.131435],[-4.586229,51.13372],[-4.56535,51.135398],[-4.561535,51.135704],[-4.525425,51.132931],[-4.5039,51.131273],[-4.502904,51.131196],[-4.502515,51.131162],[-4.502127,51.131122],[-4.501741,51.131075],[-4.501357,51.131022],[-4.500976,51.130961],[-4.500598,51.130895],[-4.500222,51.130821],[-4.49985,51.130741],[-4.499482,51.130655],[-4.499117,51.130563],[-4.498757,51.130464],[-4.498401,51.130359],[-4.498255,51.130314],[-4.485431,51.126731],[-4.393322,51.100933],[-4.383017,51.098041],[-4.368351,51.093922],[-4.303527,51.102942],[-4.300624,51.103345],[-4.290832,51.104704],[-4.279846,51.106228]]]}},{"type":"Feature","properties":{"cat":"otherdredge","type":"Other dredging","status":"current","org":"WHITE CROSS OFFSHORE WINDFARM LTD","title":"White Cross Offshore Windfarm","ref":"MLA/2023/00113","start":"2025-07-15","end":"2060-07-14","kind":"licence"},"geometry":{"type":"Polygon","coordinates":[[[-5.364155,51.149764],[-5.306472,51.154024],[-5.283433,51.044406],[-5.339149,51.03975],[-5.364155,51.149764]]]}},{"type":"Feature","properties":{"cat":"disposal","type":"Disposal of dredged material","status":"current","org":"WHITE CROSS OFFSHORE WINDFARM LTD","title":"White Cross Offshore Windfarm","ref":"MLA/2023/00113","start":"2025-07-15","end":"2060-07-14","kind":"licence"},"geometry":{"type":"Polygon","coordinates":[[[-5.364155,51.149764],[-5.306472,51.154024],[-5.283433,51.044406],[-5.339149,51.03975],[-5.364155,51.149764]]]}},{"type":"Feature","properties":{"cat":"navdredge","type":"Navigational dredging (capital)","status":"current","org":"HMNB-VICTORY BUILDINGS","title":"Fountain Lake Jetty Capital Dredge","ref":"MLA/2023/00115","start":"2023-12-14","end":"2026-12-13","kind":"licence"},"geometry":{"type":"Polygon","coordinates":[[[-1.105566,50.810736],[-1.105128,50.810975],[-1.104235,50.811328],[-1.103636,50.811463],[-1.102977,50.811381],[-1.100227,50.810852],[-1.098926,50.810249],[-1.098884,50.810203],[-1.099129,50.80963],[-1.103974,50.810476],[-1.104166,50.810469],[-1.105566,50.810736]]]}},{"type":"Feature","properties":{"cat":"disposal","type":"Disposal of dredged material","status":"current","org":"HMNB-VICTORY BUILDINGS","title":"Fountain Lake Jetty Capital Dredge","ref":"MLA/2023/00115","start":"2023-12-14","end":"2026-12-13","kind":"licence"},"geometry":{"type":"Polygon","coordinates":[[[-0.9167,50.601702],[-0.975,50.5683],[-0.9967,50.5833],[-0.936699,50.615],[-0.9167,50.601702]]]}},{"type":"Feature","properties":{"cat":"otherdredge","type":"Other dredging","status":"current","org":"ASSOCIATED BRITISH PORTS.","title":"Millbay Ferry Terminal","ref":"MLA/2023/00124/1","start":"2023-11-13","end":"2026-11-12","kind":"licence"},"geometry":{"type":"Polygon","coordinates":[[[-4.155495,50.362925],[-4.156029,50.363393],[-4.156233,50.363296],[-4.1569,50.363863],[-4.156649,50.363979],[-4.156885,50.364186],[-4.157044,50.364326],[-4.156985,50.364353],[-4.157358,50.364679],[-4.156986,50.364852],[-4.156614,50.364527],[-4.156555,50.364554],[-4.156396,50.364414],[-4.156455,50.364387],[-4.156398,50.364337],[-4.156686,50.364203],[-4.155319,50.363004],[-4.155495,50.362925]]]}},{"type":"Feature","properties":{"cat":"navdredge","type":"Navigational dredging (maintenance)","status":"current","org":"THORNHAM MARINA LIMITED","title":"Thornham Marina Maintenance Dredging","ref":"MLA/2023/00164","start":"2024-05-08","end":"2034-05-07","kind":"licence"},"geometry":{"type":"Polygon","coordinates":[[[-0.916651,50.83645],[-0.915621,50.836842],[-0.914761,50.835928],[-0.915861,50.835548],[-0.916295,50.83603],[-0.916501,50.836255],[-0.916569,50.836239],[-0.916602,50.83621],[-0.916445,50.835911],[-0.916667,50.835836],[-0.916974,50.836243],[-0.916708,50.836351],[-0.916607,50.836263],[-0.916541,50.836297],[-0.916633,50.836422],[-0.916651,50.83645]]]}},{"type":"Feature","properties":{"cat":"disposal","type":"Disposal of dredged material","status":"current","org":"THORNHAM MARINA LIMITED","title":"Thornham Marina Maintenance Dredging","ref":"MLA/2023/00164","start":"2024-05-08","end":"2034-05-07","kind":"licence"},"geometry":{"type":"Polygon","coordinates":[[[-0.935,50.78188],[-0.934951,50.781877],[-0.934903,50.781869],[-0.934858,50.781856],[-0.934818,50.781838],[-0.934783,50.781816],[-0.934754,50.78179],[-0.934734,50.781761],[-0.934721,50.781731],[-0.934716,50.7817],[-0.934721,50.781669],[-0.934734,50.781639],[-0.934754,50.78161],[-0.934783,50.781584],[-0.934818,50.781562],[-0.934858,50.781544],[-0.934903,50.781531],[-0.934951,50.781523],[-0.935,50.78152],[-0.935049,50.781523],[-0.935097,50.781531],[-0.935142,50.781544],[-0.935182,50.781562],[-0.935217,50.781584],[-0.935246,50.78161],[-0.935266,50.781639],[-0.935279,50.781669],[-0.935284,50.7817],[-0.935279,50.781731],[-0.935266,50.781761],[-0.935246,50.78179],[-0.935217,50.781816],[-0.935182,50.781838],[-0.935142,50.781856],[-0.935097,50.781869],[-0.935049,50.781877],[-0.935,50.78188]]]}},{"type":"Feature","properties":{"cat":"navdredge","type":"Navigational dredging (capital)","status":"current","org":"TURNCHAPEL WHARF LTD-PLYMOUTH","title":"Turnchapel Wharf East Basin Dredge","ref":"MLA/2023/00187","start":"2024-03-01","end":"2034-03-01","kind":"licence"},"geometry":{"type":"Polygon","coordinates":[[[-4.116278,50.360475],[-4.113876,50.360851],[-4.112776,50.360447],[-4.11257,50.359503],[-4.113022,50.359136],[-4.113379,50.359172],[-4.113385,50.358814],[-4.113793,50.359177],[-4.113811,50.35924],[-4.113807,50.359333],[-4.113907,50.359385],[-4.114018,50.359384],[-4.114062,50.359368],[-4.114078,50.359362],[-4.11419,50.359344],[-4.114275,50.359345],[-4.114381,50.359333],[-4.114531,50.35928],[-4.114603,50.35921],[-4.115282,50.359206],[-4.11558,50.359342],[-4.115854,50.359846],[-4.116114,50.360138],[-4.116278,50.360475]]]}},{"type":"Feature","properties":{"cat":"navdredge","type":"Navigational dredging (maintenance)","status":"current","org":"TURNCHAPEL WHARF LTD-PLYMOUTH","title":"Turnchapel Wharf East Basin Dredge","ref":"MLA/2023/00187","start":"2024-03-01","end":"2034-03-01","kind":"licence"},"geometry":{"type":"Polygon","coordinates":[[[-4.116278,50.360475],[-4.113876,50.360851],[-4.112776,50.360447],[-4.11257,50.359503],[-4.113022,50.359136],[-4.113379,50.359172],[-4.113385,50.358814],[-4.113793,50.359177],[-4.113811,50.35924],[-4.113807,50.359333],[-4.113907,50.359385],[-4.114018,50.359384],[-4.114062,50.359368],[-4.114078,50.359362],[-4.11419,50.359344],[-4.114275,50.359345],[-4.114381,50.359333],[-4.114531,50.35928],[-4.114603,50.35921],[-4.115282,50.359206],[-4.11558,50.359342],[-4.115854,50.359846],[-4.116114,50.360138],[-4.116278,50.360475]]]}},{"type":"Feature","properties":{"cat":"disposal","type":"Disposal of dredged material","status":"current","org":"TURNCHAPEL WHARF LTD-PLYMOUTH","title":"Turnchapel Wharf East Basin Dredge","ref":"MLA/2023/00187","start":"2024-03-01","end":"2034-03-01","kind":"licence"},"geometry":{"type":"Polygon","coordinates":[[[-4.290376,50.279407],[-4.269329,50.279639],[-4.26909,50.270648],[-4.290133,50.270416],[-4.290376,50.279407]]]}},{"type":"Feature","properties":{"cat":"navdredge","type":"Navigational dredging (maintenance)","status":"current","org":"FAWLEY WATERSIDE LIMITED","title":"Maintenance Water Injection Dredging at Fawley Waterside (former Fawley Power Station intacke channel)","ref":"MLA/2023/00269","start":"2024-01-24","end":"2034-01-23","kind":"licence"},"geometry":{"type":"Polygon","coordinates":[[[-1.326107,50.816596],[-1.325269,50.816997],[-1.325198,50.817038],[-1.325135,50.817096],[-1.32491,50.817312],[-1.324888,50.817343],[-1.324894,50.817359],[-1.324915,50.817368],[-1.324935,50.817364],[-1.324972,50.817345],[-1.325009,50.817327],[-1.325037,50.81735],[-1.325006,50.817365],[-1.324969,50.817385],[-1.324966,50.817401],[-1.324977,50.817414],[-1.324988,50.81742],[-1.325011,50.817422],[-1.325019,50.817421],[-1.325085,50.817387],[-1.325107,50.817407],[-1.325075,50.817423],[-1.32504,50.817441],[-1.325036,50.817453],[-1.32505,50.817473],[-1.325065,50.817478],[-1.325085,50.81748],[-1.325098,50.817477],[-1.325158,50.817446],[-1.325178,50.817464],[-1.325115,50.817493],[-1.325113,50.817519],[-1.325137,50.817535],[-1.325159,50.817535],[-1.325194,50.817519],[-1.325225,50.817504],[-1.325248,50.817523],[-1.32519,50.817553],[-1.325179,50.817571],[-1.325187,50.817589],[-1.32521,50.817599],[-1.32522,50.817599],[-1.325232,50.817597],[-1.325265,50.817581],[-1.325298,50.817565],[-1.325326,50.817589],[-1.32526,50.817622],[-1.325256,50.817633],[-1.325264,50.817646],[-1.325276,50.817652],[-1.325305,50.817653],[-1.325338,50.817638],[-1.325371,50.817623],[-1.325394,50.817645],[-1.325364,50.817659],[-1.325333,50.817674],[-1.325322,50.817692],[-1.325333,50.817708],[-1.325339,50.817712],[-1.325364,50.817716],[-1.32537,50.817716],[-1.325441,50.81768],[-1.325464,50.8177],[-1.325429,50.817718],[-1.325394,50.817739],[-1.325392,50.817755],[-1.325398,50.817762],[-1.325403,50.817769],[-1.325416,50.817777],[-1.325368,50.817837],[-1.32491,50.817925],[-1.324956,50.817953],[-1.324894,50.81796],[-1.32478,50.817973],[-1.324697,50.817984],[-1.324583,50.818004],[-1.324521,50.818019],[-1.32442,50.818053],[-1.324301,50.818097],[-1.324236,50.818127],[-1.324094,50.818192],[-1.323711,50.81838],[-1.323569,50.818452],[-1.32348,50.818496],[-1.323433,50.818533],[-1.323367,50.818608],[-1.32328,50.818713],[-1.323283,50.818736],[-1.323316,50.818773],[-1.323374,50.818826],[-1.321002,50.819965],[-1.315218,50.824553],[-1.314529,50.82408],[-1.320297,50.819441],[-1.322811,50.818348],[-1.322857,50.818389],[-1.322907,50.81843],[-1.322932,50.81844],[-1.323097,50.818419],[-1.323253,50.818399],[-1.323364,50.818386],[-1.323539,50.818303],[-1.32375,50.8182],[-1.323938,50.818107],[-1.324073,50.818041],[-1.324151,50.817998],[-1.324176,50.817978],[-1.324197,50.817957],[-1.324226,50.817917],[-1.324316,50.81777],[-1.324486,50.817494],[-1.324583,50.817336],[-1.324645,50.817233],[-1.32472,50.817134],[-1.324743,50.81711],[-1.324826,50.817046],[-1.325003,50.816964],[-1.325761,50.816604],[-1.325745,50.816594],[-1.325872,50.816535],[-1.325886,50.816544],[-1.325989,50.816496],[-1.326107,50.816596]]]}},{"type":"Feature","properties":{"cat":"navdredge","type":"Navigational dredging (maintenance)","status":"current","org":"MARINA DEVELOPMENTS LIMITED","title":"Cobbs Quay - Maintenance Dredge and Disposal","ref":"MLA/2023/00351","start":"2024-05-01","end":"2034-04-30","kind":"licence"},"geometry":{"type":"Polygon","coordinates":[[[-2.000803,50.722664],[-2.000817,50.722753],[-2.000111,50.722792],[-1.998514,50.720839],[-1.998567,50.720378],[-2.001608,50.72055],[-2.003494,50.720953],[-2.003464,50.721042],[-2.003381,50.721203],[-2.003283,50.72155],[-2.003278,50.721925],[-2.003258,50.721917],[-2.003064,50.72235],[-2.003983,50.722556],[-2.004014,50.722503],[-2.004167,50.722539],[-2.004139,50.722589],[-2.005858,50.722969],[-2.006678,50.72265],[-2.006753,50.722722],[-2.006003,50.723031],[-2.005989,50.723117],[-2.006597,50.723533],[-2.006567,50.723553],[-2.006992,50.72385],[-2.006836,50.724089],[-2.006461,50.724125],[-2.006161,50.724192],[-2.005864,50.724072],[-2.005353,50.723506],[-2.004956,50.723275],[-2.00315,50.722886],[-2.001753,50.722611],[-2.001061,50.722531],[-2.000803,50.722664]]]}},{"type":"Feature","properties":{"cat":"disposal","type":"Disposal of dredged material","status":"current","org":"MARINA DEVELOPMENTS LIMITED","title":"Cobbs Quay - Maintenance Dredge and Disposal","ref":"MLA/2023/00351","start":"2024-05-01","end":"2034-04-30","kind":"licence"},"geometry":{"type":"Polygon","coordinates":[[[-1.87671,50.63339],[-1.875853,50.633372],[-1.875,50.633319],[-1.874155,50.63323],[-1.87332,50.633106],[-1.8725,50.632948],[-1.871698,50.632756],[-1.870917,50.632531],[-1.870161,50.632274],[-1.869434,50.631986],[-1.868737,50.631668],[-1.868075,50.631322],[-1.867449,50.63095],[-1.866863,50.630552],[-1.86632,50.63013],[-1.865821,50.629687],[-1.865368,50.629224],[-1.864964,50.628744],[-1.864611,50.628247],[-1.864309,50.627737],[-1.864061,50.627215],[-1.863866,50.626684],[-1.863727,50.626147],[-1.863643,50.625604],[-1.863615,50.625059],[-1.863643,50.624514],[-1.863727,50.623972],[-1.863867,50.623434],[-1.864062,50.622903],[-1.864311,50.622382],[-1.864613,50.621872],[-1.864966,50.621375],[-1.86537,50.620894],[-1.865823,50.620432],[-1.866322,50.619989],[-1.866866,50.619567],[-1.867452,50.619169],[-1.868077,50.618797],[-1.868739,50.618451],[-1.869436,50.618134],[-1.870163,50.617846],[-1.870919,50.617589],[-1.8717,50.617364],[-1.872501,50.617172],[-1.873321,50.617014],[-1.874156,50.61689],[-1.875001,50.616801],[-1.875854,50.616748],[-1.87671,50.61673],[-1.877566,50.616748],[-1.878419,50.616801],[-1.879264,50.61689],[-1.880099,50.617014],[-1.880919,50.617172],[-1.88172,50.617364],[-1.882501,50.617589],[-1.883257,50.617846],[-1.883984,50.618134],[-1.884681,50.618451],[-1.885343,50.618797],[-1.885968,50.619169],[-1.886554,50.619567],[-1.887098,50.619989],[-1.887597,50.620432],[-1.88805,50.620894],[-1.888454,50.621375],[-1.888807,50.621872],[-1.889109,50.622382],[-1.889358,50.622903],[-1.889553,50.623434],[-1.889693,50.623972],[-1.889777,50.624514],[-1.889805,50.625059],[-1.889777,50.625604],[-1.889693,50.626147],[-1.889554,50.626684],[-1.889359,50.627215],[-1.889111,50.627737],[-1.888809,50.628247],[-1.888456,50.628744],[-1.888052,50.629224],[-1.887599,50.629687],[-1.8871,50.63013],[-1.886557,50.630552],[-1.885971,50.63095],[-1.885345,50.631322],[-1.884683,50.631668],[-1.883986,50.631986],[-1.883259,50.632274],[-1.882503,50.632531],[-1.881722,50.632756],[-1.88092,50.632948],[-1.8801,50.633106],[-1.879265,50.63323],[-1.87842,50.633319],[-1.877567,50.633372],[-1.87671,50.63339]]]}},{"type":"Feature","properties":{"cat":"disposal","type":"Disposal of dredged material","status":"current","org":"PREMIER MARINAS CHICHESTER","title":"Chichester Marina Access Channel - Dredge and Disposal","ref":"MLA/2023/00396/1","start":"2024-05-13","end":"2034-05-12","kind":"licence"},"geometry":{"type":"Polygon","coordinates":[[[-0.9167,50.601702],[-0.975,50.5683],[-0.9967,50.5833],[-0.936699,50.615],[-0.9167,50.601702]]]}},{"type":"Feature","properties":{"cat":"disposal","type":"Disposal of dredged material","status":"current","org":"PREMIER MARINAS CHICHESTER","title":"Chichester Marina Access Channel - Dredge and Disposal","ref":"MLA/2023/00396/1","start":"2024-05-13","end":"2034-05-12","kind":"licence"},"geometry":{"type":"Polygon","coordinates":[[[-0.935,50.78188],[-0.934951,50.781877],[-0.934903,50.781869],[-0.934858,50.781856],[-0.934818,50.781838],[-0.934783,50.781816],[-0.934754,50.78179],[-0.934734,50.781761],[-0.934721,50.781731],[-0.934716,50.7817],[-0.934721,50.781669],[-0.934734,50.781639],[-0.934754,50.78161],[-0.934783,50.781584],[-0.934818,50.781562],[-0.934858,50.781544],[-0.934903,50.781531],[-0.934951,50.781523],[-0.935,50.78152],[-0.935049,50.781523],[-0.935097,50.781531],[-0.935142,50.781544],[-0.935182,50.781562],[-0.935217,50.781584],[-0.935246,50.78161],[-0.935266,50.781639],[-0.935279,50.781669],[-0.935284,50.7817],[-0.935279,50.781731],[-0.935266,50.781761],[-0.935246,50.78179],[-0.935217,50.781816],[-0.935182,50.781838],[-0.935142,50.781856],[-0.935097,50.781869],[-0.935049,50.781877],[-0.935,50.78188]]]}},{"type":"Feature","properties":{"cat":"navdredge","type":"Navigational dredging (maintenance)","status":"current","org":"PREMIER MARINAS CHICHESTER","title":"Chichester Marina Access Channel - Dredge and Disposal","ref":"MLA/2023/00396/1","start":"2024-05-13","end":"2034-05-12","kind":"licence"},"geometry":{"type":"Polygon","coordinates":[[[-0.825267,50.804883],[-0.826217,50.805083],[-0.826617,50.805317],[-0.828783,50.806183],[-0.833583,50.80775],[-0.833,50.808117],[-0.8287,50.806383],[-0.825217,50.805117],[-0.825267,50.804883]]]}},{"type":"Feature","properties":{"cat":"disposal","type":"Disposal of dredged material","status":"current","org":"COWES HARBOUR COMMISSION","title":"Kingston Wharf Maintenance Dredging - Disposal","ref":"MLA/2023/00411","start":"2024-05-01","end":"2034-05-01","kind":"licence"},"geometry":{"type":"Polygon","coordinates":[[[-0.9167,50.601702],[-0.975,50.5683],[-0.9967,50.5833],[-0.936699,50.615],[-0.9167,50.601702]]]}},{"type":"Feature","properties":{"cat":"disposal","type":"Disposal of dredged material","status":"current","org":"COWES HARBOUR COMMISSION","title":"Kingston Wharf Maintenance Dredging - Disposal","ref":"MLA/2023/00411","start":"2024-05-01","end":"2034-05-01","kind":"licence"},"geometry":{"type":"Polygon","coordinates":[[[-1.5417,50.7017],[-1.5483,50.7008],[-1.545,50.703302],[-1.5383,50.705],[-1.5417,50.7017]]]}},{"type":"Feature","properties":{"cat":"navdredge","type":"Navigational dredging (maintenance)","status":"current","org":"MARINA DEVELOPMENTS","title":"Sparkes Marina - Maintenance Dredge and Disposal","ref":"MLA/2023/00424","start":"2024-05-01","end":"2034-04-30","kind":"licence"},"geometry":{"type":"Polygon","coordinates":[[[-0.943074,50.784801],[-0.944185,50.786504],[-0.944101,50.787227],[-0.943845,50.788383],[-0.9471,50.790933],[-0.946478,50.79121],[-0.943179,50.788674],[-0.941337,50.788569],[-0.938074,50.788282],[-0.937853,50.787708],[-0.94012,50.787878],[-0.942161,50.788049],[-0.943061,50.787586],[-0.942787,50.787239],[-0.942164,50.786523],[-0.941465,50.786098],[-0.941147,50.78583],[-0.941034,50.785359],[-0.94125,50.785154],[-0.941618,50.785571],[-0.941446,50.785813],[-0.941943,50.78618],[-0.942365,50.786145],[-0.942816,50.78654],[-0.943035,50.786609],[-0.942014,50.785007],[-0.942625,50.78485],[-0.943074,50.784801]]]}},{"type":"Feature","properties":{"cat":"disposal","type":"Disposal of dredged material","status":"current","org":"MARINA DEVELOPMENTS","title":"Sparkes Marina - Maintenance Dredge and Disposal","ref":"MLA/2023/00424","start":"2024-05-01","end":"2034-04-30","kind":"licence"},"geometry":{"type":"Polygon","coordinates":[[[-0.9167,50.601702],[-0.975,50.5683],[-0.9967,50.5833],[-0.936699,50.615],[-0.9167,50.601702]]]}},{"type":"Feature","properties":{"cat":"disposal","type":"Disposal of dredged material","status":"current","org":"MARINA DEVELOPMENTS","title":"Sparkes Marina - Maintenance Dredge and Disposal","ref":"MLA/2023/00424","start":"2024-05-01","end":"2034-04-30","kind":"licence"},"geometry":{"type":"Polygon","coordinates":[[[-1.5417,50.7017],[-1.5483,50.7008],[-1.545,50.703302],[-1.5383,50.705],[-1.5417,50.7017]]]}},{"type":"Feature","properties":{"cat":"disposal","type":"Disposal of dredged material","status":"current","org":"DARTHAVEN MARINA LIMITED","title":"Darthaven Marina - Dredging and Disposal","ref":"MLA/2023/00453","start":"2024-06-13","end":"2030-06-05","kind":"licence"},"geometry":{"type":"Polygon","coordinates":[[[-3.3583,50.52166],[-3.357093,50.521642],[-3.355889,50.521589],[-3.35469,50.5215],[-3.353498,50.521376],[-3.352317,50.521218],[-3.351148,50.521024],[-3.349995,50.520796],[-3.34886,50.520535],[-3.347745,50.52024],[-3.346652,50.519913],[-3.345584,50.519554],[-3.344544,50.519164],[-3.343532,50.518744],[-3.342553,50.518294],[-3.341606,50.517816],[-3.340696,50.517311],[-3.339823,50.516779],[-3.33899,50.516222],[-3.338198,50.515642],[-3.337448,50.515038],[-3.336744,50.514413],[-3.336085,50.513768],[-3.335474,50.513105],[-3.334911,50.512424],[-3.334399,50.511727],[-3.333937,50.511016],[-3.333528,50.510292],[-3.333171,50.509557],[-3.332868,50.508812],[-3.332619,50.508058],[-3.332426,50.507299],[-3.332287,50.506534],[-3.332204,50.505767],[-3.332176,50.504997],[-3.332205,50.504228],[-3.332289,50.50346],[-3.332428,50.502695],[-3.332623,50.501936],[-3.332872,50.501183],[-3.333176,50.500438],[-3.333533,50.499703],[-3.333943,50.498979],[-3.334406,50.498268],[-3.334919,50.497572],[-3.335482,50.496891],[-3.336093,50.496227],[-3.336752,50.495583],[-3.337457,50.494958],[-3.338207,50.494355],[-3.338999,50.493774],[-3.339832,50.493218],[-3.340705,50.492687],[-3.341615,50.492181],[-3.342561,50.491704],[-3.343541,50.491254],[-3.344552,50.490834],[-3.345592,50.490444],[-3.346659,50.490086],[-3.347751,50.489759],[-3.348866,50.489464],[-3.350001,50.489203],[-3.351153,50.488975],[-3.352321,50.488782],[-3.353501,50.488623],[-3.354692,50.488499],[-3.35589,50.488411],[-3.357094,50.488357],[-3.3583,50.48834],[-3.359506,50.488357],[-3.36071,50.488411],[-3.361908,50.488499],[-3.363099,50.488623],[-3.364279,50.488782],[-3.365447,50.488975],[-3.366599,50.489203],[-3.367734,50.489464],[-3.368849,50.489759],[-3.369941,50.490086],[-3.371008,50.490444],[-3.372048,50.490834],[-3.373059,50.491254],[-3.374039,50.491704],[-3.374985,50.492181],[-3.375895,50.492687],[-3.376768,50.493218],[-3.377601,50.493774],[-3.378393,50.494355],[-3.379143,50.494958],[-3.379848,50.495583],[-3.380507,50.496227],[-3.381118,50.496891],[-3.381681,50.497572],[-3.382194,50.498268],[-3.382657,50.498979],[-3.383067,50.499703],[-3.383424,50.500438],[-3.383728,50.501183],[-3.383977,50.501936],[-3.384172,50.502695],[-3.384311,50.50346],[-3.384395,50.504228],[-3.384424,50.504997],[-3.384396,50.505767],[-3.384313,50.506534],[-3.384174,50.507299],[-3.383981,50.508058],[-3.383732,50.508812],[-3.383429,50.509557],[-3.383072,50.510292],[-3.382663,50.511016],[-3.382201,50.511727],[-3.381689,50.512424],[-3.381126,50.513105],[-3.380515,50.513768],[-3.379856,50.514413],[-3.379152,50.515038],[-3.378402,50.515642],[-3.37761,50.516222],[-3.376777,50.516779],[-3.375904,50.517311],[-3.374994,50.517816],[-3.374048,50.518294],[-3.373068,50.518744],[-3.372056,50.519164],[-3.371016,50.519554],[-3.369948,50.519913],[-3.368855,50.52024],[-3.36774,50.520535],[-3.366605,50.520796],[-3.365452,50.521024],[-3.364283,50.521218],[-3.363102,50.521376],[-3.36191,50.5215],[-3.360711,50.521589],[-3.359507,50.521642],[-3.3583,50.52166]]]}},{"type":"Feature","properties":{"cat":"navdredge","type":"Navigational dredging (capital)","status":"current","org":"DARTHAVEN MARINA LIMITED","title":"Darthaven Marina - Dredging and Disposal","ref":"MLA/2023/00453","start":"2024-06-13","end":"2030-06-05","kind":"licence"},"geometry":{"type":"Polygon","coordinates":[[[-3.573559,50.350074],[-3.572478,50.351901],[-3.57064,50.351447],[-3.5706,50.350838],[-3.570705,50.350472],[-3.570939,50.350203],[-3.571246,50.34991],[-3.571678,50.349617],[-3.573161,50.34908],[-3.573559,50.350074]]]}},{"type":"Feature","properties":{"cat":"disposal","type":"Disposal of dredged material","status":"current","org":"DARTHAVEN MARINA LIMITED","title":"Darthaven Marina - Dredging and Disposal","ref":"MLA/2023/00453","start":"2024-06-13","end":"2030-06-05","kind":"licence"},"geometry":{"type":"Polygon","coordinates":[[[-4.290376,50.279407],[-4.269329,50.279639],[-4.26909,50.270648],[-4.290133,50.270416],[-4.290376,50.279407]]]}},{"type":"Feature","properties":{"cat":"otherdredge","type":"Other dredging","status":"current","org":"INTERNATIONAL PAINT LTD-AMSTERDAM","title":"Marine License Application for Environmental Dredging with Land Disposal (Voluntary Remediation)","ref":"MLA/2023/00454","start":"2025-04-07","end":"2028-09-30","kind":"licence"},"geometry":{"type":"Polygon","coordinates":[[[-4.0525,50.314288],[-4.05215,50.314298],[-4.05203,50.314248],[-4.05203,50.314168],[-4.05165,50.314168],[-4.05117,50.314308],[-4.050681,50.314318],[-4.050661,50.314048],[-4.05116,50.314048],[-4.05115,50.313998],[-4.05207,50.313978],[-4.05207,50.314028],[-4.05228,50.314028],[-4.05228,50.314068],[-4.05235,50.314068],[-4.05235,50.314108],[-4.05242,50.314108],[-4.05243,50.314198],[-4.0525,50.314198],[-4.0525,50.314288]]]}},{"type":"Feature","properties":{"cat":"navdredge","type":"Navigational dredging (capital)","status":"current","org":"OCEAN INFINITY","title":"Ocean Infinity - Woolston site","ref":"MLA/2023/00463","start":"2024-12-20","end":"2034-12-19","kind":"licence"},"geometry":{"type":"Polygon","coordinates":[[[-1.383715,50.897014],[-1.383133,50.896876],[-1.383676,50.895611],[-1.384959,50.895411],[-1.38442,50.896325],[-1.384108,50.896324],[-1.383715,50.897014]]]}},{"type":"Feature","properties":{"cat":"navdredge","type":"Navigational dredging (maintenance)","status":"current","org":"OCEAN INFINITY","title":"Ocean Infinity - Woolston site","ref":"MLA/2023/00463","start":"2024-12-20","end":"2034-12-19","kind":"licence"},"geometry":{"type":"Polygon","coordinates":[[[-1.383715,50.897014],[-1.383133,50.896876],[-1.383676,50.895611],[-1.384959,50.895411],[-1.38442,50.896325],[-1.384108,50.896324],[-1.383715,50.897014]]]}},{"type":"Feature","properties":{"cat":"disposal","type":"Disposal of dredged material","status":"current","org":"OCEAN INFINITY","title":"Ocean Infinity - Woolston site","ref":"MLA/2023/00463","start":"2024-12-20","end":"2034-12-19","kind":"licence"},"geometry":{"type":"Polygon","coordinates":[[[-0.9167,50.601702],[-0.975,50.5683],[-0.9967,50.5833],[-0.936699,50.615],[-0.9167,50.601702]]]}},{"type":"Feature","properties":{"cat":"disposal","type":"Disposal of dredged material","status":"current","org":"OCEAN INFINITY","title":"Ocean Infinity - Woolston site","ref":"MLA/2023/00463","start":"2024-12-20","end":"2034-12-19","kind":"licence"},"geometry":{"type":"Polygon","coordinates":[[[-0.9167,50.601702],[-0.975,50.5683],[-0.9967,50.5833],[-0.936699,50.615],[-0.9167,50.601702]]]}},{"type":"Feature","properties":{"cat":"disposal","type":"Disposal of dredged material","status":"current","org":"OCEAN INFINITY","title":"Ocean Infinity - Woolston site","ref":"MLA/2023/00463","start":"2024-12-20","end":"2034-12-19","kind":"licence"},"geometry":{"type":"Polygon","coordinates":[[[-1.5417,50.7017],[-1.5483,50.7008],[-1.545,50.703302],[-1.5383,50.705],[-1.5417,50.7017]]]}},{"type":"Feature","properties":{"cat":"disposal","type":"Disposal of dredged material","status":"current","org":"OCEAN INFINITY","title":"Ocean Infinity - Woolston site","ref":"MLA/2023/00463","start":"2024-12-20","end":"2034-12-19","kind":"licence"},"geometry":{"type":"Polygon","coordinates":[[[-1.5417,50.7017],[-1.5483,50.7008],[-1.545,50.703302],[-1.5383,50.705],[-1.5417,50.7017]]]}},{"type":"Feature","properties":{"cat":"otherdredge","type":"Other dredging","status":"current","org":"KBS MARITIME -STONEY LANE","title":"HMNB Portsmouth No. 6 Dock","ref":"MLA/2023/00466/1","start":"2024-05-01","end":"2027-07-31","kind":"licence"},"geometry":{"type":"Polygon","coordinates":[[[-1.110787,50.803449],[-1.110782,50.803617],[-1.110602,50.803606],[-1.110705,50.803532],[-1.110607,50.803444],[-1.110787,50.803449]]]}},{"type":"Feature","properties":{"cat":"aggregate","type":"Aggregate dredging","status":"current","org":"DEME BUILDING MATERIALS LIMITED","title":"Application for Renewal of the existing 15Year Marine Aggregate Extraction Licence for Area 478 (L/2012/00057/6)","ref":"MLA/2023/00497","start":"2025-04-04","end":"2046-04-03","kind":"licence"},"geometry":{"type":"Polygon","coordinates":[[[0.090932,50.339182],[0.105653,50.346403],[0.125095,50.355847],[0.142315,50.363902],[0.165368,50.372513],[0.325632,50.402235],[0.325632,50.39205],[0.273415,50.372237],[0.090932,50.339182]]]}},{"type":"Feature","properties":{"cat":"disposal","type":"Disposal of dredged material","status":"current","org":"LYMINGTON HARBOUR COMMISSIONERS","title":"Lymington Harbour - Maintenence Dredging Disposal","ref":"MLA/2023/00549","start":"2024-08-29","end":"2034-12-31","kind":"licence"},"geometry":{"type":"Polygon","coordinates":[[[-1.502782,50.747151],[-1.507659,50.746266],[-1.507367,50.746443],[-1.507148,50.746635],[-1.507087,50.747074],[-1.50716,50.747336],[-1.50716,50.74749],[-1.50716,50.747759],[-1.506954,50.747936],[-1.506601,50.748352],[-1.506321,50.748698],[-1.506029,50.749006],[-1.505976,50.749021],[-1.505907,50.749075],[-1.505762,50.749183],[-1.50536,50.749329],[-1.505056,50.749344],[-1.504874,50.749344],[-1.504776,50.749244],[-1.504764,50.749152],[-1.504698,50.749091],[-1.504691,50.74909],[-1.50457,50.749006],[-1.504533,50.748744],[-1.504606,50.748013],[-1.504229,50.747651],[-1.503767,50.747382],[-1.503183,50.747297],[-1.502782,50.747151]]]}},{"type":"Feature","properties":{"cat":"disposal","type":"Disposal of dredged material","status":"current","org":"LYMINGTON HARBOUR COMMISSIONERS","title":"Lymington Harbour - Maintenence Dredging Disposal","ref":"MLA/2023/00549","start":"2024-08-29","end":"2034-12-31","kind":"licence"},"geometry":{"type":"Polygon","coordinates":[[[-1.5417,50.7017],[-1.5483,50.7008],[-1.545,50.703302],[-1.5383,50.705],[-1.5417,50.7017]]]}},{"type":"Feature","properties":{"cat":"otherdredge","type":"Other dredging","status":"current","org":"PREMIER MARINAS (GOSPORT) LTD","title":"Gosport Marina - Maintenance Dredge","ref":"MLA/2024/00022","start":"2024-09-01","end":"2035-08-31","kind":"licence"},"geometry":{"type":"Polygon","coordinates":[[[-1.11664,50.795761],[-1.116847,50.795994],[-1.116945,50.795993],[-1.116992,50.796074],[-1.116921,50.796115],[-1.11717,50.796505],[-1.117279,50.796428],[-1.117494,50.796398],[-1.118804,50.797267],[-1.119631,50.797212],[-1.119892,50.79703],[-1.120439,50.797335],[-1.12156,50.797953],[-1.121954,50.798272],[-1.122038,50.798703],[-1.123298,50.798747],[-1.124049,50.799188],[-1.123052,50.799676],[-1.121904,50.799873],[-1.122118,50.800042],[-1.121753,50.800127],[-1.121382,50.79969],[-1.120425,50.799819],[-1.120209,50.800351],[-1.12002,50.800319],[-1.120026,50.800278],[-1.119897,50.80027],[-1.119876,50.800314],[-1.118996,50.800161],[-1.11876,50.800029],[-1.118369,50.799954],[-1.118309,50.800036],[-1.117339,50.799629],[-1.11677,50.799012],[-1.116555,50.798493],[-1.116545,50.797808],[-1.115799,50.797011],[-1.115759,50.796061],[-1.11664,50.795761]]]}},{"type":"Feature","properties":{"cat":"navdredge","type":"Navigational dredging (maintenance)","status":"current","org":"PREMIER MARINAS (GOSPORT) LTD","title":"Gosport Marina - Maintenance Dredge","ref":"MLA/2024/00022","start":"2024-09-01","end":"2035-08-31","kind":"licence"},"geometry":{"type":"Polygon","coordinates":[[[-1.11664,50.795761],[-1.116847,50.795994],[-1.116945,50.795993],[-1.116992,50.796074],[-1.116921,50.796115],[-1.11717,50.796505],[-1.117279,50.796428],[-1.117494,50.796398],[-1.118804,50.797267],[-1.119631,50.797212],[-1.119892,50.79703],[-1.120439,50.797335],[-1.12156,50.797953],[-1.121954,50.798272],[-1.122038,50.798703],[-1.123298,50.798747],[-1.124049,50.799188],[-1.123052,50.799676],[-1.121904,50.799873],[-1.122118,50.800042],[-1.121753,50.800127],[-1.121382,50.79969],[-1.120425,50.799819],[-1.120209,50.800351],[-1.12002,50.800319],[-1.120026,50.800278],[-1.119897,50.80027],[-1.119876,50.800314],[-1.118996,50.800161],[-1.11876,50.800029],[-1.118369,50.799954],[-1.118309,50.800036],[-1.117339,50.799629],[-1.11677,50.799012],[-1.116555,50.798493],[-1.116545,50.797808],[-1.115799,50.797011],[-1.115759,50.796061],[-1.11664,50.795761]]]}},{"type":"Feature","properties":{"cat":"disposal","type":"Disposal of dredged material","status":"current","org":"PREMIER MARINAS (GOSPORT) LTD","title":"Gosport Marina - Maintenance Dredge","ref":"MLA/2024/00022","start":"2024-09-01","end":"2035-08-31","kind":"licence"},"geometry":{"type":"Polygon","coordinates":[[[-0.9167,50.601702],[-0.975,50.5683],[-0.9967,50.5833],[-0.936699,50.615],[-0.9167,50.601702]]]}},{"type":"Feature","properties":{"cat":"disposal","type":"Disposal of dredged material","status":"current","org":"PREMIER MARINAS (GOSPORT) LTD","title":"Gosport Marina - Maintenance Dredge","ref":"MLA/2024/00022","start":"2024-09-01","end":"2035-08-31","kind":"licence"},"geometry":{"type":"Polygon","coordinates":[[[-1.5417,50.7017],[-1.5483,50.7008],[-1.545,50.703302],[-1.5383,50.705],[-1.5417,50.7017]]]}},{"type":"Feature","properties":{"cat":"navdredge","type":"Navigational dredging (maintenance)","status":"current","org":"MARINA DEVELOPMENTS LIMITED","title":"Northney Marina - Maintenance Dredge and Disposal","ref":"MLA/2024/00113","start":"2024-12-05","end":"2035-04-30","kind":"licence"},"geometry":{"type":"Polygon","coordinates":[[[-0.964709,50.83379],[-0.965799,50.832684],[-0.966455,50.832163],[-0.967177,50.831768],[-0.967572,50.831641],[-0.968176,50.832026],[-0.968096,50.832166],[-0.967995,50.832134],[-0.967036,50.834435],[-0.966726,50.83441],[-0.965233,50.833896],[-0.964109,50.834917],[-0.963636,50.834788],[-0.964709,50.83379]]]}},{"type":"Feature","properties":{"cat":"disposal","type":"Disposal of dredged material","status":"current","org":"MARINA DEVELOPMENTS LIMITED","title":"Northney Marina - Maintenance Dredge and Disposal","ref":"MLA/2024/00113","start":"2024-12-05","end":"2035-04-30","kind":"licence"},"geometry":{"type":"Polygon","coordinates":[[[-0.9167,50.601702],[-0.975,50.5683],[-0.9967,50.5833],[-0.936699,50.615],[-0.9167,50.601702]]]}},{"type":"Feature","properties":{"cat":"disposal","type":"Disposal of dredged material","status":"current","org":"MARINA DEVELOPMENTS LIMITED","title":"Northney Marina - Maintenance Dredge and Disposal","ref":"MLA/2024/00113","start":"2024-12-05","end":"2035-04-30","kind":"licence"},"geometry":{"type":"Polygon","coordinates":[[[-0.935,50.78188],[-0.934951,50.781877],[-0.934903,50.781869],[-0.934858,50.781856],[-0.934818,50.781838],[-0.934783,50.781816],[-0.934754,50.78179],[-0.934734,50.781761],[-0.934721,50.781731],[-0.934716,50.7817],[-0.934721,50.781669],[-0.934734,50.781639],[-0.934754,50.78161],[-0.934783,50.781584],[-0.934818,50.781562],[-0.934858,50.781544],[-0.934903,50.781531],[-0.934951,50.781523],[-0.935,50.78152],[-0.935049,50.781523],[-0.935097,50.781531],[-0.935142,50.781544],[-0.935182,50.781562],[-0.935217,50.781584],[-0.935246,50.78161],[-0.935266,50.781639],[-0.935279,50.781669],[-0.935284,50.7817],[-0.935279,50.781731],[-0.935266,50.781761],[-0.935246,50.78179],[-0.935217,50.781816],[-0.935182,50.781838],[-0.935142,50.781856],[-0.935097,50.781869],[-0.935049,50.781877],[-0.935,50.78188]]]}},{"type":"Feature","properties":{"cat":"navdredge","type":"Navigational dredging (capital)","status":"current","org":"UK DOCKS ROYAL CLARENCE YARD LTD","title":"Victoria Quay Dredging","ref":"MLA/2024/00142","start":"2024-08-28","end":"2034-08-27","kind":"licence"},"geometry":{"type":"Polygon","coordinates":[[[-1.124057,50.800913],[-1.12272,50.801083],[-1.121726,50.801093],[-1.121678,50.800634],[-1.122757,50.800597],[-1.122783,50.80075],[-1.121817,50.800788],[-1.121828,50.800977],[-1.122524,50.800964],[-1.122608,50.801001],[-1.124057,50.800913]]]}},{"type":"Feature","properties":{"cat":"navdredge","type":"Navigational dredging (maintenance)","status":"current","org":"UK DOCKS ROYAL CLARENCE YARD LTD","title":"Victoria Quay Dredging","ref":"MLA/2024/00142","start":"2024-08-28","end":"2034-08-27","kind":"licence"},"geometry":{"type":"Polygon","coordinates":[[[-1.124057,50.800913],[-1.12272,50.801083],[-1.121726,50.801093],[-1.121678,50.800634],[-1.122757,50.800597],[-1.122783,50.80075],[-1.121817,50.800788],[-1.121828,50.800977],[-1.122524,50.800964],[-1.122608,50.801001],[-1.124057,50.800913]]]}},{"type":"Feature","properties":{"cat":"disposal","type":"Disposal of dredged material","status":"current","org":"UK DOCKS ROYAL CLARENCE YARD LTD","title":"Victoria Quay Dredging","ref":"MLA/2024/00142","start":"2024-08-28","end":"2034-08-27","kind":"licence"},"geometry":{"type":"Polygon","coordinates":[[[-0.9167,50.601702],[-0.975,50.5683],[-0.9967,50.5833],[-0.936699,50.615],[-0.9167,50.601702]]]}},{"type":"Feature","properties":{"cat":"disposal","type":"Disposal of dredged material","status":"current","org":"UK DOCKS ROYAL CLARENCE YARD LTD","title":"Victoria Quay Dredging","ref":"MLA/2024/00142","start":"2024-08-28","end":"2034-08-27","kind":"licence"},"geometry":{"type":"Polygon","coordinates":[[[-1.5417,50.7017],[-1.5483,50.7008],[-1.545,50.703302],[-1.5383,50.705],[-1.5417,50.7017]]]}},{"type":"Feature","properties":{"cat":"disposal","type":"Disposal of dredged material","status":"current","org":"MARINA DEVELOPMENTS LIMITED","title":"Shamrock Quay - Maintenance Dredge and Disposal","ref":"MLA/2024/00158","start":"2024-10-30","end":"2035-03-15","kind":"licence"},"geometry":{"type":"Polygon","coordinates":[[[-0.9167,50.601702],[-0.975,50.5683],[-0.9967,50.5833],[-0.936699,50.615],[-0.9167,50.601702]]]}},{"type":"Feature","properties":{"cat":"navdredge","type":"Navigational dredging (maintenance)","status":"current","org":"MARINA DEVELOPMENTS LIMITED","title":"Shamrock Quay - Maintenance Dredge and Disposal","ref":"MLA/2024/00158","start":"2024-10-30","end":"2035-03-15","kind":"licence"},"geometry":{"type":"Polygon","coordinates":[[[-1.38317,50.908902],[-1.379197,50.909962],[-1.378748,50.909853],[-1.377754,50.910176],[-1.377641,50.910568],[-1.377621,50.910963],[-1.375795,50.910935],[-1.376133,50.910001],[-1.382287,50.907853],[-1.38317,50.908902]]]}},{"type":"Feature","properties":{"cat":"disposal","type":"Disposal of dredged material","status":"current","org":"MARINA DEVELOPMENTS LIMITED","title":"Shamrock Quay - Maintenance Dredge and Disposal","ref":"MLA/2024/00158","start":"2024-10-30","end":"2035-03-15","kind":"licence"},"geometry":{"type":"Polygon","coordinates":[[[-1.5417,50.7017],[-1.5483,50.7008],[-1.545,50.703302],[-1.5383,50.705],[-1.5417,50.7017]]]}},{"type":"Feature","properties":{"cat":"disposal","type":"Disposal of dredged material","status":"current","org":"MARINA DEVELOPMENTS LIMITED","title":"Ocean Village Marina - Maintenance Dredge and Disposal","ref":"MLA/2024/00204","start":"2024-10-09","end":"2034-11-30","kind":"licence"},"geometry":{"type":"Polygon","coordinates":[[[-0.9167,50.601702],[-0.975,50.5683],[-0.9967,50.5833],[-0.936699,50.615],[-0.9167,50.601702]]]}},{"type":"Feature","properties":{"cat":"navdredge","type":"Navigational dredging (maintenance)","status":"current","org":"MARINA DEVELOPMENTS LIMITED","title":"Ocean Village Marina - Maintenance Dredge and Disposal","ref":"MLA/2024/00204","start":"2024-10-09","end":"2034-11-30","kind":"licence"},"geometry":{"type":"Polygon","coordinates":[[[-1.3912,50.896783],[-1.38836,50.896703],[-1.388933,50.895594],[-1.388672,50.89547],[-1.38801,50.895457],[-1.388373,50.894228],[-1.38866,50.894469],[-1.389564,50.894443],[-1.389739,50.894111],[-1.390616,50.894116],[-1.390658,50.894359],[-1.392765,50.894266],[-1.392905,50.894948],[-1.392539,50.895251],[-1.392522,50.896038],[-1.3912,50.896783]]]}},{"type":"Feature","properties":{"cat":"disposal","type":"Disposal of dredged material","status":"current","org":"MARINA DEVELOPMENTS LIMITED","title":"Ocean Village Marina - Maintenance Dredge and Disposal","ref":"MLA/2024/00204","start":"2024-10-09","end":"2034-11-30","kind":"licence"},"geometry":{"type":"Polygon","coordinates":[[[-1.5417,50.7017],[-1.5483,50.7008],[-1.545,50.703302],[-1.5383,50.705],[-1.5417,50.7017]]]}},{"type":"Feature","properties":{"cat":"disposal","type":"Disposal of dredged material","status":"current","org":"ISLE OF WIGHT ESTUARIES PARTNERSHIP","title":"Small scale saltmarsh restoration using locally sourced dredged material","ref":"MLA/2024/00253","start":"2024-11-21","end":"2027-12-31","kind":"licence"},"geometry":{"type":"Polygon","coordinates":[[[-1.284348,50.733167],[-1.283688,50.731255],[-1.283622,50.730742],[-1.283993,50.730687],[-1.284293,50.731293],[-1.284503,50.731647],[-1.284677,50.732038],[-1.284743,50.732203],[-1.284895,50.732505],[-1.28504,50.732792],[-1.284823,50.733413],[-1.284348,50.733167]]]}},{"type":"Feature","properties":{"cat":"disposal","type":"Disposal of dredged material","status":"current","org":"FOWEY HARBOUR COMMISSIONERS","title":"Fowey Harbour Maintenance Dredging","ref":"MLA/2024/00263","start":"2024-11-28","end":"2034-11-27","kind":"licence"},"geometry":{"type":"Polygon","coordinates":[[[-4.59305,50.315519],[-4.615549,50.313021],[-4.61824,50.32395],[-4.60224,50.324522],[-4.59305,50.315519]]]}},{"type":"Feature","properties":{"cat":"navdredge","type":"Navigational dredging (capital)","status":"current","org":"PORTSMOUTH OFFSHORE GROUP LTD","title":"Portsmouth Offshore Group Weevil Lake dredging","ref":"MLA/2024/00265/1","start":"2025-03-28","end":"2035-03-28","kind":"licence"},"geometry":{"type":"Polygon","coordinates":[[[-1.123629,50.804066],[-1.122297,50.803975],[-1.122124,50.803371],[-1.122059,50.803038],[-1.122107,50.802769],[-1.123496,50.80286],[-1.123629,50.804066]]]}},{"type":"Feature","properties":{"cat":"disposal","type":"Disposal of dredged material","status":"current","org":"PORTSMOUTH OFFSHORE GROUP LTD","title":"Portsmouth Offshore Group Weevil Lake dredging","ref":"MLA/2024/00265/1","start":"2025-03-28","end":"2035-03-28","kind":"licence"},"geometry":{"type":"Polygon","coordinates":[[[-0.9167,50.601702],[-0.975,50.5683],[-0.9967,50.5833],[-0.936699,50.615],[-0.9167,50.601702]]]}},{"type":"Feature","properties":{"cat":"disposal","type":"Disposal of dredged material","status":"current","org":"PORTSMOUTH OFFSHORE GROUP LTD","title":"Portsmouth Offshore Group Weevil Lake dredging","ref":"MLA/2024/00265/1","start":"2025-03-28","end":"2035-03-28","kind":"licence"},"geometry":{"type":"Polygon","coordinates":[[[-1.5417,50.7017],[-1.5483,50.7008],[-1.545,50.703302],[-1.5383,50.705],[-1.5417,50.7017]]]}},{"type":"Feature","properties":{"cat":"disposal","type":"Disposal of dredged material","status":"current","org":"PADSTOW HARBOUR COMMISSIONERS","title":"Renewal of Padstow Harbour's Dredged Sediment Disposal Licence","ref":"MLA/2024/00329","start":"2025-01-06","end":"2035-08-15","kind":"licence"},"geometry":{"type":"Polygon","coordinates":[[[-4.93332,50.607455],[-4.932716,50.607437],[-4.932117,50.607384],[-4.931529,50.607296],[-4.930956,50.607174],[-4.930403,50.607018],[-4.929874,50.606831],[-4.929376,50.606614],[-4.928911,50.606368],[-4.928483,50.606096],[-4.928097,50.6058],[-4.927755,50.605482],[-4.927461,50.605146],[-4.927217,50.604794],[-4.927025,50.60443],[-4.926887,50.604055],[-4.926803,50.603674],[-4.926775,50.60329],[-4.926803,50.602906],[-4.926887,50.602525],[-4.927025,50.60215],[-4.927218,50.601785],[-4.927462,50.601433],[-4.927756,50.601097],[-4.928098,50.60078],[-4.928484,50.600484],[-4.928911,50.600212],[-4.929376,50.599966],[-4.929875,50.599749],[-4.930403,50.599562],[-4.930956,50.599406],[-4.931529,50.599284],[-4.932118,50.599196],[-4.932716,50.599143],[-4.93332,50.599125],[-4.933924,50.599143],[-4.934522,50.599196],[-4.935111,50.599284],[-4.935684,50.599406],[-4.936237,50.599562],[-4.936765,50.599749],[-4.937264,50.599966],[-4.937729,50.600212],[-4.938156,50.600484],[-4.938542,50.60078],[-4.938884,50.601097],[-4.939178,50.601433],[-4.939422,50.601785],[-4.939615,50.60215],[-4.939753,50.602525],[-4.939837,50.602906],[-4.939865,50.60329],[-4.939837,50.603674],[-4.939753,50.604055],[-4.939615,50.60443],[-4.939423,50.604794],[-4.939179,50.605146],[-4.938885,50.605482],[-4.938543,50.6058],[-4.938157,50.606096],[-4.937729,50.606368],[-4.937264,50.606614],[-4.936766,50.606831],[-4.936237,50.607018],[-4.935684,50.607174],[-4.935111,50.607296],[-4.934523,50.607384],[-4.933924,50.607437],[-4.93332,50.607455]]]}},{"type":"Feature","properties":{"cat":"disposal","type":"Disposal of dredged material","status":"current","org":"PREMIER MARINAS LIMITED","title":"Port Solent Approach Channel - Maintenance Dredge","ref":"MLA/2024/00330","start":"2025-02-01","end":"2035-02-28","kind":"licence"},"geometry":{"type":"Polygon","coordinates":[[[-0.9167,50.601702],[-0.975,50.5683],[-0.9967,50.5833],[-0.936699,50.615],[-0.9167,50.601702]]]}},{"type":"Feature","properties":{"cat":"disposal","type":"Disposal of dredged material","status":"current","org":"PREMIER MARINAS LIMITED","title":"Port Solent Approach Channel - Maintenance Dredge","ref":"MLA/2024/00330","start":"2025-02-01","end":"2035-02-28","kind":"licence"},"geometry":{"type":"Polygon","coordinates":[[[-1.5417,50.7017],[-1.5483,50.7008],[-1.545,50.703302],[-1.5383,50.705],[-1.5417,50.7017]]]}},{"type":"Feature","properties":{"cat":"navdredge","type":"Navigational dredging (maintenance)","status":"current","org":"PREMIER MARINAS LIMITED","title":"Port Solent Approach Channel - Maintenance Dredge","ref":"MLA/2024/00330","start":"2025-02-01","end":"2035-02-28","kind":"licence"},"geometry":{"type":"Polygon","coordinates":[[[-1.103382,50.843903],[-1.103464,50.843729],[-1.10382,50.843672],[-1.105216,50.843804],[-1.108567,50.841908],[-1.109567,50.839],[-1.108983,50.833033],[-1.109883,50.833017],[-1.110367,50.839017],[-1.109403,50.841974],[-1.105767,50.844283],[-1.103382,50.843903]]]}},{"type":"Feature","properties":{"cat":"disposal","type":"Disposal of dredged material","status":"current","org":"SHOREHAM PORT AUTHORITY","title":"Shoreham Port Authority Maintenance Dredging Sediment Disposal","ref":"MLA/2024/00369","start":"2025-01-29","end":"2030-01-28","kind":"licence"},"geometry":{"type":"Polygon","coordinates":[[[-0.221699,50.816702],[-0.2367,50.816702],[-0.2367,50.825003],[-0.237499,50.8267],[-0.221699,50.8267],[-0.221699,50.816702]]]}},{"type":"Feature","properties":{"cat":"navdredge","type":"Navigational dredging (maintenance)","status":"current","org":"PREMIER MARINAS (BRIGHTON) LIMITED","title":"Brighton Marina Maintenance Dredge & Disposal","ref":"MLA/2024/00394/1","start":"2025-06-01","end":"2035-05-31","kind":"licence"},"geometry":{"type":"Polygon","coordinates":[[[-0.093311,50.810508],[-0.09419,50.809273],[-0.095542,50.808542],[-0.097302,50.808367],[-0.102647,50.808902],[-0.103657,50.809129],[-0.106345,50.808233],[-0.107503,50.809293],[-0.108138,50.810467],[-0.108089,50.811176],[-0.107857,50.811719],[-0.106671,50.811538],[-0.104205,50.811125],[-0.10447,50.810601],[-0.104015,50.810426],[-0.103323,50.812192],[-0.093311,50.810508]]]}},{"type":"Feature","properties":{"cat":"disposal","type":"Disposal of dredged material","status":"current","org":"PREMIER MARINAS (BRIGHTON) LIMITED","title":"Brighton Marina Maintenance Dredge & Disposal","ref":"MLA/2024/00394/1","start":"2025-06-01","end":"2035-05-31","kind":"licence"},"geometry":{"type":"Polygon","coordinates":[[[-0.0767,50.8067],[-0.0783,50.803301],[-0.0933,50.805799],[-0.0917,50.809999],[-0.0767,50.8067]]]}},{"type":"Feature","properties":{"cat":"disposal","type":"Disposal of dredged material","status":"current","org":"PREMIER MARINAS (BRIGHTON) LIMITED","title":"Brighton Marina Maintenance Dredge & Disposal","ref":"MLA/2024/00394/1","start":"2025-06-01","end":"2035-05-31","kind":"licence"},"geometry":{"type":"Polygon","coordinates":[[[-0.094222,50.809197],[-0.093349,50.810495],[-0.0917,50.809999],[-0.092605,50.807623],[-0.094222,50.809197]]]}},{"type":"Feature","properties":{"cat":"otherdredge","type":"Other dredging","status":"current","org":"KBS MARITIME LIMITED","title":"HMNB Portsmouth Minor Works","ref":"MLA/2024/00397","start":"2025-08-04","end":"2035-08-03","kind":"licence"},"geometry":{"type":"Polygon","coordinates":[[[-1.093641,50.808413],[-1.095488,50.808572],[-1.09551,50.804839],[-1.09643,50.804867],[-1.096483,50.803599],[-1.097154,50.803605],[-1.097148,50.805116],[-1.098992,50.80513],[-1.099038,50.803047],[-1.099758,50.803053],[-1.099757,50.803311],[-1.100655,50.803324],[-1.10071,50.805304],[-1.101544,50.805306],[-1.101539,50.805516],[-1.104204,50.805595],[-1.104213,50.805005],[-1.106046,50.805026],[-1.106039,50.804347],[-1.104531,50.804306],[-1.104556,50.803849],[-1.107995,50.803939],[-1.107825,50.806241],[-1.108118,50.806406],[-1.107749,50.806758],[-1.111242,50.806809],[-1.111335,50.802909],[-1.110881,50.802903],[-1.110861,50.803137],[-1.110484,50.803255],[-1.108247,50.803243],[-1.108267,50.802922],[-1.108289,50.802577],[-1.109532,50.802579],[-1.109537,50.802014],[-1.109803,50.801917],[-1.109963,50.802091],[-1.110256,50.802041],[-1.110976,50.802039],[-1.111,50.801722],[-1.109961,50.800636],[-1.108734,50.799457],[-1.10893,50.799374],[-1.108491,50.799016],[-1.112125,50.79767],[-1.112701,50.800584],[-1.112642,50.807867],[-1.120527,50.812113],[-1.119496,50.812981],[-1.111811,50.808925],[-1.107472,50.808885],[-1.104273,50.810985],[-1.095431,50.80938],[-1.095157,50.809988],[-1.093283,50.809647],[-1.09373,50.808567],[-1.093641,50.808413]]]}},{"type":"Feature","properties":{"cat":"otherdredge","type":"Other dredging","status":"current","org":"KBS MARITIME LIMITED","title":"HMNB Portsmouth Minor Works","ref":"MLA/2024/00397","start":"2025-08-04","end":"2035-08-03","kind":"licence"},"geometry":{"type":"Polygon","coordinates":[[[-1.093641,50.808413],[-1.095488,50.808572],[-1.09551,50.804839],[-1.09643,50.804867],[-1.096483,50.803599],[-1.097154,50.803605],[-1.097148,50.805116],[-1.098992,50.80513],[-1.099038,50.803047],[-1.099758,50.803053],[-1.099757,50.803311],[-1.100655,50.803324],[-1.10071,50.805304],[-1.101544,50.805306],[-1.101539,50.805516],[-1.104204,50.805595],[-1.104213,50.805005],[-1.106046,50.805026],[-1.106039,50.804347],[-1.104531,50.804306],[-1.104556,50.803849],[-1.107995,50.803939],[-1.107825,50.806241],[-1.108118,50.806406],[-1.107749,50.806758],[-1.111242,50.806809],[-1.111335,50.802909],[-1.110881,50.802903],[-1.110861,50.803137],[-1.110484,50.803255],[-1.108247,50.803243],[-1.108267,50.802922],[-1.108289,50.802577],[-1.109532,50.802579],[-1.109537,50.802014],[-1.109803,50.801917],[-1.109963,50.802091],[-1.110256,50.802041],[-1.110976,50.802039],[-1.111,50.801722],[-1.109961,50.800636],[-1.108734,50.799457],[-1.10893,50.799374],[-1.108491,50.799016],[-1.112125,50.79767],[-1.112701,50.800584],[-1.112642,50.807867],[-1.120527,50.812113],[-1.119496,50.812981],[-1.111811,50.808925],[-1.107472,50.808885],[-1.104273,50.810985],[-1.095431,50.80938],[-1.095157,50.809988],[-1.093283,50.809647],[-1.09373,50.808567],[-1.093641,50.808413]]]}},{"type":"Feature","properties":{"cat":"otherdredge","type":"Other dredging","status":"current","org":"KBS MARITIME LIMITED","title":"HMNB Portsmouth Minor Works","ref":"MLA/2024/00397","start":"2025-08-04","end":"2035-08-03","kind":"licence"},"geometry":{"type":"Polygon","coordinates":[[[-1.093641,50.808413],[-1.095488,50.808572],[-1.09551,50.804839],[-1.09643,50.804867],[-1.096483,50.803599],[-1.097154,50.803605],[-1.097148,50.805116],[-1.098992,50.80513],[-1.099038,50.803047],[-1.099758,50.803053],[-1.099757,50.803311],[-1.100655,50.803324],[-1.10071,50.805304],[-1.101544,50.805306],[-1.101539,50.805516],[-1.104204,50.805595],[-1.104213,50.805005],[-1.106046,50.805026],[-1.106039,50.804347],[-1.104531,50.804306],[-1.104556,50.803849],[-1.107995,50.803939],[-1.107825,50.806241],[-1.108118,50.806406],[-1.107749,50.806758],[-1.111242,50.806809],[-1.111335,50.802909],[-1.110881,50.802903],[-1.110861,50.803137],[-1.110484,50.803255],[-1.108247,50.803243],[-1.108267,50.802922],[-1.108289,50.802577],[-1.109532,50.802579],[-1.109537,50.802014],[-1.109803,50.801917],[-1.109963,50.802091],[-1.110256,50.802041],[-1.110976,50.802039],[-1.111,50.801722],[-1.109961,50.800636],[-1.108734,50.799457],[-1.10893,50.799374],[-1.108491,50.799016],[-1.112125,50.79767],[-1.112701,50.800584],[-1.112642,50.807867],[-1.120527,50.812113],[-1.119496,50.812981],[-1.111811,50.808925],[-1.107472,50.808885],[-1.104273,50.810985],[-1.095431,50.80938],[-1.095157,50.809988],[-1.093283,50.809647],[-1.09373,50.808567],[-1.093641,50.808413]]]}},{"type":"Feature","properties":{"cat":"disposal","type":"Disposal of dredged material","status":"current","org":"TEIGNMOUTH HARBOUR COMMISSION","title":"Teignmouth Harbour and Approaches Maintenance Dredging - Disposal of Dredged Material","ref":"MLA/2024/00433","start":"2025-03-14","end":"2035-03-13","kind":"licence"},"geometry":{"type":"Polygon","coordinates":[[[-3.477,50.557465],[-3.47673,50.557461],[-3.47646,50.557451],[-3.476191,50.557433],[-3.475924,50.557408],[-3.475658,50.557376],[-3.475395,50.557338],[-3.475134,50.557292],[-3.474877,50.557239],[-3.474623,50.55718],[-3.474374,50.557114],[-3.474128,50.557042],[-3.473888,50.556963],[-3.473653,50.556878],[-3.473424,50.556787],[-3.473201,50.55669],[-3.472984,50.556587],[-3.472774,50.556478],[-3.472572,50.556364],[-3.472377,50.556245],[-3.47219,50.556121],[-3.472011,50.555992],[-3.471841,50.555858],[-3.471679,50.55572],[-3.471527,50.555578],[-3.471384,50.555432],[-3.47125,50.555282],[-3.471126,50.555129],[-3.471013,50.554973],[-3.470909,50.554814],[-3.470816,50.554652],[-3.470734,50.554488],[-3.470662,50.554322],[-3.470601,50.554155],[-3.470551,50.553985],[-3.470513,50.553815],[-3.470485,50.553644],[-3.470468,50.553472],[-3.470462,50.5533],[-3.470468,50.553128],[-3.470485,50.552956],[-3.470513,50.552785],[-3.470552,50.552614],[-3.470602,50.552445],[-3.470663,50.552277],[-3.470734,50.552111],[-3.470817,50.551947],[-3.47091,50.551786],[-3.471013,50.551627],[-3.471127,50.551471],[-3.471251,50.551318],[-3.471384,50.551168],[-3.471527,50.551022],[-3.47168,50.55088],[-3.471841,50.550742],[-3.472012,50.550608],[-3.47219,50.550479],[-3.472378,50.550355],[-3.472572,50.550236],[-3.472775,50.550122],[-3.472985,50.550013],[-3.473201,50.54991],[-3.473425,50.549813],[-3.473654,50.549722],[-3.473889,50.549637],[-3.474129,50.549558],[-3.474374,50.549486],[-3.474624,50.54942],[-3.474877,50.549361],[-3.475135,50.549308],[-3.475395,50.549262],[-3.475658,50.549224],[-3.475924,50.549192],[-3.476191,50.549167],[-3.47646,50.549149],[-3.47673,50.549139],[-3.477,50.549135],[-3.47727,50.549139],[-3.47754,50.549149],[-3.477809,50.549167],[-3.478076,50.549192],[-3.478342,50.549224],[-3.478605,50.549262],[-3.478865,50.549308],[-3.479123,50.549361],[-3.479376,50.54942],[-3.479626,50.549486],[-3.479871,50.549558],[-3.480111,50.549637],[-3.480346,50.549722],[-3.480575,50.549813],[-3.480799,50.54991],[-3.481015,50.550013],[-3.481225,50.550122],[-3.481428,50.550236],[-3.481622,50.550355],[-3.48181,50.550479],[-3.481988,50.550608],[-3.482159,50.550742],[-3.48232,50.55088],[-3.482473,50.551022],[-3.482616,50.551168],[-3.482749,50.551318],[-3.482873,50.551471],[-3.482987,50.551627],[-3.48309,50.551786],[-3.483183,50.551947],[-3.483266,50.552111],[-3.483337,50.552277],[-3.483398,50.552445],[-3.483448,50.552614],[-3.483487,50.552785],[-3.483515,50.552956],[-3.483532,50.553128],[-3.483538,50.5533],[-3.483532,50.553472],[-3.483515,50.553644],[-3.483487,50.553815],[-3.483449,50.553985],[-3.483399,50.554155],[-3.483338,50.554322],[-3.483266,50.554488],[-3.483184,50.554652],[-3.483091,50.554814],[-3.482987,50.554973],[-3.482874,50.555129],[-3.48275,50.555282],[-3.482616,50.555432],[-3.482473,50.555578],[-3.482321,50.55572],[-3.482159,50.555858],[-3.481989,50.555992],[-3.48181,50.556121],[-3.481623,50.556245],[-3.481428,50.556364],[-3.481226,50.556478],[-3.481016,50.556587],[-3.480799,50.55669],[-3.480576,50.556787],[-3.480347,50.556878],[-3.480112,50.556963],[-3.479872,50.557042],[-3.479626,50.557114],[-3.479377,50.55718],[-3.479123,50.557239],[-3.478866,50.557292],[-3.478605,50.557338],[-3.478342,50.557376],[-3.478076,50.557408],[-3.477809,50.557433],[-3.47754,50.557451],[-3.47727,50.557461],[-3.477,50.557465]]]}},{"type":"Feature","properties":{"cat":"otherdredge","type":"Other dredging","status":"expired","org":"Mrs Pauline Mutch","title":"Clear private mooring of built up silt/mud","ref":"MLA/2024/00509","start":"2024-09-19","end":"2025-09-18","kind":"licence"},"geometry":{"type":"Polygon","coordinates":[[[-0.562985,50.848084],[-0.562805,50.848036],[-0.562644,50.847713],[-0.563161,50.84776],[-0.562985,50.848084]]]}},{"type":"Feature","properties":{"cat":"otherdredge","type":"Other dredging","status":"expired","org":"CORNWALL COUNCIL","title":"Sand clearance from Slipway","ref":"MLA/2024/00526","start":"2024-09-26","end":"2025-09-25","kind":"licence"},"geometry":{"type":"Polygon","coordinates":[[[-5.479462,50.21485],[-5.476524,50.215356],[-5.477299,50.213228],[-5.479324,50.212497],[-5.479462,50.21485]]]}},{"type":"Feature","properties":{"cat":"otherdredge","type":"Other dredging","status":"expired","org":"BRIGHTON & HOVE CITY COUNCIL HOVE","title":"Black Rock Shingle Recycling to Hove Deep Sea Anglers and Western Esplanade - Winter 2024","ref":"MLA/2024/00532","start":"2024-10-04","end":"2025-10-03","kind":"licence"},"geometry":{"type":"Polygon","coordinates":[[[-0.101581,50.810591],[-0.201571,50.820589],[-0.201571,50.826588],[-0.101581,50.810591]]]}},{"type":"Feature","properties":{"cat":"otherdredge","type":"Other dredging","status":"expired","org":"TTG PORTSMOUTH LIMITED","title":"Northshore Boatyard Slipway clearance","ref":"MLA/2024/00547","start":"2024-10-14","end":"2025-10-13","kind":"licence"},"geometry":{"type":"Polygon","coordinates":[[[-0.869185,50.807806],[-0.869028,50.807774],[-0.869165,50.807488],[-0.869169,50.80748],[-0.869287,50.807501],[-0.869185,50.807806]]]}},{"type":"Feature","properties":{"cat":"disposal","type":"Alternative use of dredged material","status":"current","org":"BRIGHTON & HOVE CITY COUNCIL","title":"Brighton Marina to River Adur Coastal Defences - Kings Esplanade (Area 5)","ref":"MLA/2024/00568","start":"2025-09-01","end":"2027-09-30","kind":"licence"},"geometry":{"type":"Polygon","coordinates":[[[-0.180515,50.823634],[-0.182049,50.824134],[-0.181949,50.825044],[-0.181695,50.825568],[-0.180928,50.825489],[-0.181193,50.824953],[-0.181081,50.82493],[-0.181124,50.824825],[-0.176758,50.824326],[-0.175083,50.824197],[-0.175053,50.824295],[-0.174619,50.824257],[-0.174618,50.824262],[-0.174137,50.824212],[-0.173838,50.824181],[-0.173654,50.824162],[-0.172257,50.824169],[-0.17218,50.824163],[-0.172187,50.824144],[-0.169248,50.823779],[-0.169386,50.822997],[-0.170794,50.822918],[-0.171714,50.822989],[-0.172913,50.823074],[-0.173987,50.823062],[-0.175112,50.823185],[-0.176272,50.823276],[-0.177151,50.823323],[-0.177925,50.823388],[-0.178733,50.823454],[-0.179369,50.823507],[-0.180515,50.823634]]]}},{"type":"Feature","properties":{"cat":"otherdredge","type":"Other dredging","status":"expired","org":"KBS MARITIME LIMITED","title":"HMNBP D Lock Entrance Silt Clearance","ref":"MLA/2024/00572","start":"2024-10-28","end":"2025-10-27","kind":"licence"},"geometry":{"type":"Polygon","coordinates":[[[-1.105866,50.808738],[-1.10532,50.808731],[-1.105324,50.808399],[-1.10587,50.808408],[-1.105866,50.808738]]]}},{"type":"Feature","properties":{"cat":"navdredge","type":"Navigational dredging (maintenance)","status":"current","org":"ST AUBYN ESTATES LTD","title":"Chapel Rock landing access dredge","ref":"MLA/2024/00593","start":"2025-04-16","end":"2035-04-15","kind":"licence"},"geometry":{"type":"Polygon","coordinates":[[[-5.475605,50.12257],[-5.476352,50.12208],[-5.476483,50.12213],[-5.475694,50.1226],[-5.475605,50.12257]]]}},{"type":"Feature","properties":{"cat":"disposal","type":"Disposal of dredged material","status":"current","org":"ST AUBYN ESTATES LTD","title":"Chapel Rock landing access dredge","ref":"MLA/2024/00593","start":"2025-04-16","end":"2035-04-15","kind":"licence"},"geometry":{"type":"Polygon","coordinates":[[[-5.475693,50.1226],[-5.476483,50.12213],[-5.476602,50.12219],[-5.47581,50.122663],[-5.475693,50.1226]]]}},{"type":"Feature","properties":{"cat":"navdredge","type":"Navigational dredging (capital)","status":"current","org":"MARCHWOOD POWER LIMITED","title":"Marchwood Power Station Cooling Water Intake - Dredging","ref":"MLA/2025/00045","start":"2025-07-07","end":"2035-05-12","kind":"licence"},"geometry":{"type":"Polygon","coordinates":[[[-1.439569,50.903042],[-1.438917,50.902823],[-1.440216,50.901238],[-1.440882,50.901457],[-1.439569,50.903042]]]}},{"type":"Feature","properties":{"cat":"navdredge","type":"Navigational dredging (maintenance)","status":"current","org":"MARCHWOOD POWER LIMITED","title":"Marchwood Power Station Cooling Water Intake - Dredging","ref":"MLA/2025/00045","start":"2025-07-07","end":"2035-05-12","kind":"licence"},"geometry":{"type":"Polygon","coordinates":[[[-1.439569,50.903042],[-1.438917,50.902823],[-1.440216,50.901238],[-1.440882,50.901457],[-1.439569,50.903042]]]}},{"type":"Feature","properties":{"cat":"disposal","type":"Disposal of dredged material","status":"current","org":"MARCHWOOD POWER LIMITED","title":"Marchwood Power Station Cooling Water Intake - Dredging","ref":"MLA/2025/00045","start":"2025-07-07","end":"2035-05-12","kind":"licence"},"geometry":{"type":"Polygon","coordinates":[[[-0.9167,50.601702],[-0.975,50.5683],[-0.9967,50.5833],[-0.936699,50.615],[-0.9167,50.601702]]]}},{"type":"Feature","properties":{"cat":"disposal","type":"Disposal of dredged material","status":"current","org":"MARCHWOOD POWER LIMITED","title":"Marchwood Power Station Cooling Water Intake - Dredging","ref":"MLA/2025/00045","start":"2025-07-07","end":"2035-05-12","kind":"licence"},"geometry":{"type":"Polygon","coordinates":[[[-1.5417,50.7017],[-1.5483,50.7008],[-1.545,50.703302],[-1.5383,50.705],[-1.5417,50.7017]]]}},{"type":"Feature","properties":{"cat":"disposal","type":"Disposal of dredged material","status":"current","org":"COWES HARBOUR COMMISSION","title":"Cowes Harbour Marina - dredge disposal (Capital and maintenance)","ref":"MLA/2025/00064","start":"2025-07-03","end":"2036-03-03","kind":"licence"},"geometry":{"type":"Polygon","coordinates":[[[-0.9167,50.601702],[-0.975,50.5683],[-0.9967,50.5833],[-0.936699,50.615],[-0.9167,50.601702]]]}},{"type":"Feature","properties":{"cat":"disposal","type":"Disposal of dredged material","status":"current","org":"COWES HARBOUR COMMISSION","title":"Cowes Harbour Marina - dredge disposal (Capital and maintenance)","ref":"MLA/2025/00064","start":"2025-07-03","end":"2036-03-03","kind":"licence"},"geometry":{"type":"Polygon","coordinates":[[[-1.5417,50.7017],[-1.5483,50.7008],[-1.545,50.703302],[-1.5383,50.705],[-1.5417,50.7017]]]}},{"type":"Feature","properties":{"cat":"navdredge","type":"Navigational dredging (maintenance)","status":"current","org":"NEWHAVEN PORT & PROPERTIES LTD","title":"Newhaven Harbour Maintenance Dredging Sediment Disposal","ref":"MLA/2025/00091","start":"2025-11-14","end":"2028-11-13","kind":"licence"},"geometry":{"type":"Polygon","coordinates":[[[0.059333,50.773667],[0.0565,50.781833],[0.0595,50.782167],[0.064167,50.774],[0.059333,50.773667]]]}},{"type":"Feature","properties":{"cat":"navdredge","type":"Navigational dredging (maintenance)","status":"current","org":"NEWHAVEN PORT & PROPERTIES LTD","title":"Newhaven Harbour Maintenance Dredging Sediment Disposal","ref":"MLA/2025/00091","start":"2025-11-14","end":"2028-11-13","kind":"licence"},"geometry":{"type":"Polygon","coordinates":[[[0.056167,50.7815],[0.050833,50.794667],[0.053,50.795333],[0.058667,50.782],[0.056167,50.7815]]]}},{"type":"Feature","properties":{"cat":"navdredge","type":"Navigational dredging (maintenance)","status":"current","org":"NEWHAVEN PORT & PROPERTIES LTD","title":"Newhaven Harbour Maintenance Dredging Sediment Disposal","ref":"MLA/2025/00091","start":"2025-11-14","end":"2028-11-13","kind":"licence"},"geometry":{"type":"Polygon","coordinates":[[[0.053,50.784833],[0.051667,50.787833],[0.0535,50.788167],[0.055,50.785333],[0.053,50.784833]]]}},{"type":"Feature","properties":{"cat":"navdredge","type":"Navigational dredging (maintenance)","status":"current","org":"NEWHAVEN PORT & PROPERTIES LTD","title":"Newhaven Harbour Maintenance Dredging Sediment Disposal","ref":"MLA/2025/00091","start":"2025-11-14","end":"2028-11-13","kind":"licence"},"geometry":{"type":"Polygon","coordinates":[[[0.050833,50.794667],[0.046667,50.801833],[0.048167,50.802],[0.053,50.795333],[0.050833,50.794667]]]}},{"type":"Feature","properties":{"cat":"disposal","type":"Disposal of dredged material","status":"current","org":"NEWHAVEN PORT & PROPERTIES LTD","title":"Newhaven Harbour Maintenance Dredging Sediment Disposal","ref":"MLA/2025/00091","start":"2025-11-14","end":"2028-11-13","kind":"licence"},"geometry":{"type":"Polygon","coordinates":[[[0.055,50.764165],[0.055606,50.764147],[0.056207,50.764094],[0.056797,50.764006],[0.057372,50.763884],[0.057927,50.763728],[0.058457,50.763541],[0.058957,50.763324],[0.059424,50.763078],[0.059853,50.762806],[0.06024,50.76251],[0.060583,50.762192],[0.060878,50.761856],[0.061123,50.761504],[0.061316,50.76114],[0.061455,50.760765],[0.061538,50.760384],[0.061566,50.76],[0.061538,50.759616],[0.061454,50.759235],[0.061316,50.75886],[0.061123,50.758495],[0.060878,50.758143],[0.060583,50.757807],[0.06024,50.75749],[0.059852,50.757194],[0.059423,50.756922],[0.058957,50.756676],[0.058456,50.756459],[0.057927,50.756272],[0.057372,50.756116],[0.056797,50.755994],[0.056206,50.755906],[0.055606,50.755853],[0.055,50.755835],[0.054394,50.755853],[0.053794,50.755906],[0.053203,50.755994],[0.052628,50.756116],[0.052073,50.756272],[0.051544,50.756459],[0.051043,50.756676],[0.050577,50.756922],[0.050148,50.757194],[0.04976,50.75749],[0.049417,50.757807],[0.049122,50.758143],[0.048877,50.758495],[0.048684,50.75886],[0.048546,50.759235],[0.048462,50.759616],[0.048434,50.76],[0.048462,50.760384],[0.048545,50.760765],[0.048684,50.76114],[0.048877,50.761504],[0.049122,50.761856],[0.049417,50.762192],[0.04976,50.76251],[0.050147,50.762806],[0.050576,50.763078],[0.051043,50.763324],[0.051543,50.763541],[0.052073,50.763728],[0.052628,50.763884],[0.053203,50.764006],[0.053793,50.764094],[0.054394,50.764147],[0.055,50.764165]]]}},{"type":"Feature","properties":{"cat":"otherdredge","type":"Other dredging","status":"expired","org":"ARUN YACHT CLUB LIMITED(THE)","title":"Levelling of individuale berths at Arun Yacht Club's marina basin.","ref":"MLA/2025/00106","start":"2025-03-11","end":"2026-03-10","kind":"licence"},"geometry":{"type":"Polygon","coordinates":[[[-0.545133,50.806817],[-0.544083,50.805717],[-0.54495,50.805483],[-0.54515,50.8058],[-0.544783,50.805917],[-0.545483,50.806667],[-0.545133,50.806817]]]}},{"type":"Feature","properties":{"cat":"otherdredge","type":"Other dredging","status":"expired","org":"SHOREHAM PORT AUTHORITY","title":"Beach Maintenance activities","ref":"MLA/2025/00115","start":"2025-03-14","end":"2026-03-13","kind":"licence"},"geometry":{"type":"Polygon","coordinates":[[[-0.250368,50.826853],[-0.245605,50.828683],[-0.238137,50.82871],[-0.228696,50.828737],[-0.201101,50.82646],[-0.201101,50.825972],[-0.20505,50.825891],[-0.238159,50.827843],[-0.245111,50.827883],[-0.248415,50.826162],[-0.251055,50.82585],[-0.250368,50.826853]]]}},{"type":"Feature","properties":{"cat":"otherdredge","type":"Other dredging","status":"expired","org":"Mr Sean Moyle","title":"Movement of materials from base of civil structure","ref":"MLA/2025/00171","start":"2025-04-07","end":"2026-04-06","kind":"licence"},"geometry":{"type":"Polygon","coordinates":[[[-4.190085,50.388592],[-4.189938,50.38826],[-4.190076,50.388236],[-4.190213,50.388567],[-4.190085,50.388592]]]}},{"type":"Feature","properties":{"cat":"otherdredge","type":"Other dredging","status":"expired","org":"FRIENDS OF BUDE SEA POOL","title":"Beach reinstatement from Bude Sea Pool","ref":"MLA/2025/00204","start":"2025-04-28","end":"2026-04-27","kind":"licence"},"geometry":{"type":"Polygon","coordinates":[[[-4.5555,50.8346],[-4.5543,50.8349],[-4.553,50.8318],[-4.554,50.8315],[-4.5555,50.8346]]]}},{"type":"Feature","properties":{"cat":"otherdredge","type":"Other dredging","status":"expired","org":"RNSA MOORINGS LIMITED","title":"RNSA Fleetlands clearance dredging","ref":"MLA/2025/00270","start":"2025-05-30","end":"2026-05-29","kind":"licence"},"geometry":{"type":"Polygon","coordinates":[[[-1.162505,50.839239],[-1.162454,50.839292],[-1.160183,50.839258],[-1.160236,50.839239],[-1.162505,50.839239]]]}},{"type":"Feature","properties":{"cat":"otherdredge","type":"Other dredging","status":"expired","org":"BROOMER FARM TRADING LIMITED","title":"Littlehampton Marina Maintenance Dredging campaign","ref":"MLA/2025/00289","start":"2025-06-10","end":"2026-06-09","kind":"licence"},"geometry":{"type":"Polygon","coordinates":[[[-0.564023,50.813584],[-0.562453,50.813262],[-0.562588,50.812942],[-0.563785,50.813259],[-0.564023,50.813584]]]}},{"type":"Feature","properties":{"cat":"otherdredge","type":"Other dredging","status":"expired","org":"DIO","title":"3 Basin- outer/inner stop non-navigational silt clearance","ref":"MLA/2025/00397","start":"2025-08-06","end":"2026-08-05","kind":"licence"},"geometry":{"type":"Polygon","coordinates":[[[-4.185255,50.380103],[-4.185324,50.380315],[-4.185237,50.380332],[-4.18522,50.380354],[-4.18514,50.380113],[-4.18518,50.380113],[-4.185255,50.380103]]]}},{"type":"Feature","properties":{"cat":"otherdredge","type":"Other dredging","status":"expired","org":"Mr Colin Godwin","title":"Dollar Wreck","ref":"MLA/2025/00400/1","start":"2025-08-07","end":"2026-08-06","kind":"licence"},"geometry":{"type":"Polygon","coordinates":[[[-5.27844,50.050052],[-5.268214,50.038379],[-5.279138,50.034364],[-5.288758,50.042355],[-5.27844,50.050052]]]}},{"type":"Feature","properties":{"cat":"site","type":"Disposal site","status":"closed","org":" ","title":"Bristol Channel Approaches (26km buffer)","ref":null,"start":"1970-01-01","end":"1970-01-01","kind":"site"},"geometry":{"type":"Polygon","coordinates":[[[-5.0168,50.245033],[-5.016574,50.24502],[-5.016356,50.244983],[-5.01615,50.244921],[-5.015965,50.244838],[-5.015805,50.244735],[-5.015675,50.244617],[-5.015579,50.244485],[-5.015521,50.244345],[-5.015501,50.2442],[-5.015521,50.244055],[-5.015579,50.243915],[-5.015675,50.243783],[-5.015805,50.243665],[-5.015965,50.243562],[-5.01615,50.243479],[-5.016356,50.243417],[-5.016574,50.24338],[-5.0168,50.243367],[-5.017026,50.24338],[-5.017244,50.243417],[-5.01745,50.243479],[-5.017635,50.243562],[-5.017795,50.243665],[-5.017925,50.243783],[-5.018021,50.243915],[-5.018079,50.244055],[-5.018099,50.2442],[-5.018079,50.244345],[-5.018021,50.244485],[-5.017925,50.244617],[-5.017795,50.244735],[-5.017635,50.244838],[-5.01745,50.244921],[-5.017244,50.244983],[-5.017026,50.24502],[-5.0168,50.245033]]]}},{"type":"Feature","properties":{"cat":"site","type":"Disposal site","status":"closed","org":" ","title":"EXE ESTUARY","ref":null,"start":null,"end":"1970-01-01","kind":"site"},"geometry":{"type":"Polygon","coordinates":[[[-3.423,50.615833],[-3.422773,50.61582],[-3.422552,50.615783],[-3.422345,50.615721],[-3.422158,50.615638],[-3.421997,50.615535],[-3.421866,50.615416],[-3.42177,50.615285],[-3.421711,50.615145],[-3.421691,50.615],[-3.421711,50.614855],[-3.42177,50.614715],[-3.421866,50.614583],[-3.421997,50.614465],[-3.422158,50.614362],[-3.422345,50.614279],[-3.422552,50.614217],[-3.422773,50.61418],[-3.423,50.614167],[-3.423227,50.61418],[-3.423448,50.614217],[-3.423655,50.614279],[-3.423842,50.614362],[-3.424003,50.614465],[-3.424134,50.614583],[-3.42423,50.614715],[-3.424289,50.614855],[-3.424309,50.615],[-3.424289,50.615145],[-3.42423,50.615285],[-3.424134,50.615416],[-3.424003,50.615535],[-3.423842,50.615638],[-3.423655,50.615721],[-3.423448,50.615783],[-3.423227,50.61582],[-3.423,50.615833]]]}},{"type":"Feature","properties":{"cat":"site","type":"Disposal site","status":"closed","org":" ","title":"NEWHAVEN","ref":null,"start":"1970-01-01","end":"1970-01-01","kind":"site"},"geometry":{"type":"Polygon","coordinates":[[[0.0575,50.761],[0.057774,50.760984],[0.058039,50.760939],[0.058288,50.760866],[0.058513,50.760766],[0.058707,50.760643],[0.058865,50.7605],[0.058981,50.760342],[0.059052,50.760174],[0.059076,50.76],[0.059052,50.759826],[0.058981,50.759658],[0.058865,50.7595],[0.058707,50.759357],[0.058513,50.759234],[0.058288,50.759134],[0.058039,50.759061],[0.057774,50.759016],[0.0575,50.759],[0.057226,50.759016],[0.056961,50.759061],[0.056712,50.759134],[0.056487,50.759234],[0.056293,50.759357],[0.056135,50.7595],[0.056019,50.759658],[0.055948,50.759826],[0.055924,50.76],[0.055948,50.760174],[0.056019,50.760342],[0.056135,50.7605],[0.056293,50.760643],[0.056487,50.760766],[0.056712,50.760866],[0.056961,50.760939],[0.057226,50.760984],[0.0575,50.761]]]}},{"type":"Feature","properties":{"cat":"site","type":"Disposal site","status":"closed","org":" ","title":"KINGSWEAR","ref":null,"start":"1970-01-01","end":"1970-01-01","kind":"site"},"geometry":{"type":"Polygon","coordinates":[[[-3.5743,50.348366],[-3.573921,50.348348],[-3.57355,50.348295],[-3.573195,50.348209],[-3.572863,50.348089],[-3.572562,50.347941],[-3.572299,50.347766],[-3.572077,50.347568],[-3.571904,50.347352],[-3.571781,50.347121],[-3.571712,50.346882],[-3.571698,50.346639],[-3.57174,50.346397],[-3.571836,50.346162],[-3.571984,50.345938],[-3.572182,50.345731],[-3.572426,50.345544],[-3.572709,50.345381],[-3.573026,50.345247],[-3.57337,50.345144],[-3.573734,50.345074],[-3.57411,50.345038],[-3.57449,50.345038],[-3.574866,50.345074],[-3.57523,50.345144],[-3.575574,50.345247],[-3.575891,50.345381],[-3.576174,50.345544],[-3.576418,50.345731],[-3.576616,50.345938],[-3.576764,50.346162],[-3.57686,50.346397],[-3.576902,50.346639],[-3.576888,50.346882],[-3.576819,50.347121],[-3.576696,50.347352],[-3.576523,50.347568],[-3.576301,50.347766],[-3.576038,50.347941],[-3.575737,50.348089],[-3.575405,50.348209],[-3.57505,50.348295],[-3.574679,50.348348],[-3.5743,50.348366]]]}},{"type":"Feature","properties":{"cat":"site","type":"Disposal site","status":"closed","org":" ","title":"Bristol Channel Approaches (26km buffer)","ref":null,"start":null,"end":"1970-01-01","kind":"site"},"geometry":{"type":"Polygon","coordinates":[[[-5.5217,50.099542],[-5.521207,50.099525],[-5.52072,50.099471],[-5.520246,50.099383],[-5.519789,50.099262],[-5.519357,50.099108],[-5.518955,50.098924],[-5.518586,50.098713],[-5.518257,50.098476],[-5.517972,50.098217],[-5.517733,50.097939],[-5.517544,50.097645],[-5.517407,50.09734],[-5.517324,50.097027],[-5.517297,50.09671],[-5.517325,50.096393],[-5.517407,50.09608],[-5.517544,50.095774],[-5.517733,50.095481],[-5.517972,50.095203],[-5.518258,50.094944],[-5.518587,50.094707],[-5.518955,50.094495],[-5.519357,50.094312],[-5.51979,50.094158],[-5.520246,50.094036],[-5.52072,50.093949],[-5.521207,50.093895],[-5.5217,50.093878],[-5.522193,50.093895],[-5.52268,50.093949],[-5.523154,50.094036],[-5.52361,50.094158],[-5.524043,50.094312],[-5.524445,50.094495],[-5.524813,50.094707],[-5.525142,50.094944],[-5.525428,50.095203],[-5.525667,50.095481],[-5.525856,50.095774],[-5.525993,50.09608],[-5.526075,50.096393],[-5.526103,50.09671],[-5.526076,50.097027],[-5.525993,50.09734],[-5.525856,50.097645],[-5.525667,50.097939],[-5.525428,50.098217],[-5.525143,50.098476],[-5.524814,50.098713],[-5.524445,50.098924],[-5.524043,50.099108],[-5.523611,50.099262],[-5.523154,50.099383],[-5.52268,50.099471],[-5.522193,50.099525],[-5.5217,50.099542]]]}},{"type":"Feature","properties":{"cat":"site","type":"Disposal site","status":"closed","org":" ","title":"CASTLE POINT","ref":null,"start":"1970-01-01","end":"1970-01-01","kind":"site"},"geometry":{"type":"Polygon","coordinates":[[[-3.565,50.345366],[-3.564621,50.345348],[-3.56425,50.345295],[-3.563895,50.345209],[-3.563563,50.345089],[-3.563263,50.344941],[-3.562999,50.344766],[-3.562778,50.344568],[-3.562604,50.344352],[-3.562481,50.344121],[-3.562412,50.343882],[-3.562398,50.343639],[-3.56244,50.343397],[-3.562536,50.343162],[-3.562685,50.342938],[-3.562883,50.342731],[-3.563126,50.342544],[-3.563409,50.342381],[-3.563726,50.342247],[-3.56407,50.342144],[-3.564434,50.342074],[-3.56481,50.342038],[-3.56519,50.342038],[-3.565566,50.342074],[-3.56593,50.342144],[-3.566274,50.342247],[-3.566591,50.342381],[-3.566874,50.342544],[-3.567117,50.342731],[-3.567315,50.342938],[-3.567464,50.343162],[-3.56756,50.343397],[-3.567602,50.343639],[-3.567588,50.343882],[-3.567519,50.344121],[-3.567396,50.344352],[-3.567222,50.344568],[-3.567001,50.344766],[-3.566737,50.344941],[-3.566437,50.345089],[-3.566105,50.345209],[-3.56575,50.345295],[-3.565379,50.345348],[-3.565,50.345366]]]}},{"type":"Feature","properties":{"cat":"site","type":"Disposal site","status":"closed","org":" ","title":"EDDYSTON","ref":null,"start":null,"end":"1970-01-01","kind":"site"},"geometry":{"type":"Polygon","coordinates":[[[-4.2667,50.168366],[-4.266322,50.168348],[-4.265953,50.168295],[-4.265599,50.168209],[-4.265269,50.16809],[-4.264969,50.167941],[-4.264706,50.167766],[-4.264486,50.167568],[-4.264313,50.167352],[-4.26419,50.167121],[-4.264122,50.166882],[-4.264108,50.166639],[-4.264149,50.166397],[-4.264245,50.166162],[-4.264393,50.165938],[-4.26459,50.165731],[-4.264833,50.165544],[-4.265115,50.165381],[-4.265431,50.165247],[-4.265773,50.165144],[-4.266136,50.165074],[-4.266511,50.165038],[-4.266889,50.165038],[-4.267264,50.165074],[-4.267627,50.165144],[-4.267969,50.165247],[-4.268285,50.165381],[-4.268567,50.165544],[-4.26881,50.165731],[-4.269007,50.165938],[-4.269155,50.166162],[-4.269251,50.166397],[-4.269292,50.166639],[-4.269278,50.166882],[-4.26921,50.167121],[-4.269087,50.167352],[-4.268914,50.167568],[-4.268694,50.167766],[-4.268431,50.167941],[-4.268131,50.16809],[-4.267801,50.168209],[-4.267447,50.168295],[-4.267078,50.168348],[-4.2667,50.168366]]]}},{"type":"Feature","properties":{"cat":"site","type":"Disposal site","status":"closed","org":" ","title":"LYME BAY","ref":null,"start":"1970-01-01","end":"1970-01-01","kind":"site"},"geometry":{"type":"Polygon","coordinates":[[[-2.9,50.726666],[-2.899618,50.726648],[-2.899244,50.726595],[-2.898886,50.726508],[-2.898552,50.726389],[-2.898249,50.726241],[-2.897983,50.726066],[-2.89776,50.725868],[-2.897584,50.725652],[-2.897461,50.725421],[-2.897391,50.725182],[-2.897377,50.724939],[-2.897419,50.724697],[-2.897516,50.724462],[-2.897666,50.724238],[-2.897865,50.724031],[-2.898111,50.723844],[-2.898396,50.723681],[-2.898716,50.723547],[-2.899062,50.723444],[-2.899429,50.723374],[-2.899808,50.723338],[-2.900192,50.723338],[-2.900571,50.723374],[-2.900938,50.723444],[-2.901284,50.723547],[-2.901604,50.723681],[-2.901889,50.723844],[-2.902135,50.724031],[-2.902334,50.724238],[-2.902484,50.724462],[-2.902581,50.724697],[-2.902623,50.724939],[-2.902609,50.725182],[-2.902539,50.725421],[-2.902416,50.725652],[-2.90224,50.725868],[-2.902017,50.726066],[-2.901751,50.726241],[-2.901448,50.726389],[-2.901114,50.726508],[-2.900756,50.726595],[-2.900382,50.726648],[-2.9,50.726666]]]}},{"type":"Feature","properties":{"cat":"site","type":"Disposal site","status":"open","org":" ","title":"Bristol Channel Approaches (Full), Bristol Channel Approaches (10km buffer), Bristol Channel Approaches (26km buffer), Bristol Channel Approaches (1km)","ref":null,"start":null,"end":"1970-01-01","kind":"site"},"geometry":{"type":"Polygon","coordinates":[[[-4.93332,50.607455],[-4.932716,50.607437],[-4.932117,50.607384],[-4.931529,50.607296],[-4.930956,50.607174],[-4.930403,50.607018],[-4.929874,50.606831],[-4.929376,50.606614],[-4.928911,50.606368],[-4.928483,50.606096],[-4.928097,50.6058],[-4.927755,50.605482],[-4.927461,50.605146],[-4.927217,50.604794],[-4.927025,50.60443],[-4.926887,50.604055],[-4.926803,50.603674],[-4.926775,50.60329],[-4.926803,50.602906],[-4.926887,50.602525],[-4.927025,50.60215],[-4.927218,50.601785],[-4.927462,50.601433],[-4.927756,50.601097],[-4.928098,50.60078],[-4.928484,50.600484],[-4.928911,50.600212],[-4.929376,50.599966],[-4.929875,50.599749],[-4.930403,50.599562],[-4.930956,50.599406],[-4.931529,50.599284],[-4.932118,50.599196],[-4.932716,50.599143],[-4.93332,50.599125],[-4.933924,50.599143],[-4.934522,50.599196],[-4.935111,50.599284],[-4.935684,50.599406],[-4.936237,50.599562],[-4.936765,50.599749],[-4.937264,50.599966],[-4.937729,50.600212],[-4.938156,50.600484],[-4.938542,50.60078],[-4.938884,50.601097],[-4.939178,50.601433],[-4.939422,50.601785],[-4.939615,50.60215],[-4.939753,50.602525],[-4.939837,50.602906],[-4.939865,50.60329],[-4.939837,50.603674],[-4.939753,50.604055],[-4.939615,50.60443],[-4.939423,50.604794],[-4.939179,50.605146],[-4.938885,50.605482],[-4.938543,50.6058],[-4.938157,50.606096],[-4.937729,50.606368],[-4.937264,50.606614],[-4.936766,50.606831],[-4.936237,50.607018],[-4.935684,50.607174],[-4.935111,50.607296],[-4.934523,50.607384],[-4.933924,50.607437],[-4.93332,50.607455]]]}},{"type":"Feature","properties":{"cat":"site","type":"Disposal site","status":"open","org":" ","title":"Bristol Channel Approaches (26km buffer)","ref":null,"start":null,"end":"1970-01-01","kind":"site"},"geometry":{"type":"Polygon","coordinates":[[[-5.48499,50.099165],[-5.484393,50.099148],[-5.4838,50.099094],[-5.483218,50.099006],[-5.482651,50.098884],[-5.482104,50.098729],[-5.481581,50.098541],[-5.481088,50.098324],[-5.480628,50.098078],[-5.480205,50.097806],[-5.479823,50.09751],[-5.479485,50.097193],[-5.479194,50.096857],[-5.478952,50.096505],[-5.478762,50.09614],[-5.478625,50.095765],[-5.478543,50.095384],[-5.478515,50.095],[-5.478543,50.094615],[-5.478625,50.094234],[-5.478762,50.09386],[-5.478952,50.093495],[-5.479194,50.093143],[-5.479485,50.092807],[-5.479823,50.09249],[-5.480205,50.092194],[-5.480628,50.091922],[-5.481088,50.091676],[-5.481582,50.091458],[-5.482104,50.091271],[-5.482651,50.091116],[-5.483218,50.090994],[-5.4838,50.090906],[-5.484393,50.090852],[-5.48499,50.090835],[-5.485587,50.090852],[-5.48618,50.090906],[-5.486762,50.090994],[-5.487329,50.091116],[-5.487876,50.091271],[-5.488398,50.091458],[-5.488892,50.091676],[-5.489352,50.091922],[-5.489775,50.092194],[-5.490157,50.09249],[-5.490495,50.092807],[-5.490786,50.093143],[-5.491028,50.093495],[-5.491218,50.09386],[-5.491355,50.094234],[-5.491437,50.094615],[-5.491465,50.095],[-5.491437,50.095384],[-5.491355,50.095765],[-5.491218,50.09614],[-5.491028,50.096505],[-5.490786,50.096857],[-5.490495,50.097193],[-5.490157,50.09751],[-5.489775,50.097806],[-5.489352,50.098078],[-5.488892,50.098324],[-5.488399,50.098541],[-5.487876,50.098729],[-5.487329,50.098884],[-5.486762,50.099006],[-5.48618,50.099094],[-5.485587,50.099148],[-5.48499,50.099165]]]}},{"type":"Feature","properties":{"cat":"site","type":"Disposal site","status":"open","org":" ","title":"NEWHAVEN","ref":null,"start":"1970-01-01","end":"1970-01-01","kind":"site"},"geometry":{"type":"Polygon","coordinates":[[[0.055,50.764165],[0.055606,50.764147],[0.056207,50.764094],[0.056797,50.764006],[0.057372,50.763884],[0.057927,50.763728],[0.058457,50.763541],[0.058957,50.763324],[0.059424,50.763078],[0.059853,50.762806],[0.06024,50.76251],[0.060583,50.762192],[0.060878,50.761856],[0.061123,50.761504],[0.061316,50.76114],[0.061455,50.760765],[0.061538,50.760384],[0.061566,50.76],[0.061538,50.759616],[0.061454,50.759235],[0.061316,50.75886],[0.061123,50.758495],[0.060878,50.758143],[0.060583,50.757807],[0.06024,50.75749],[0.059852,50.757194],[0.059423,50.756922],[0.058957,50.756676],[0.058456,50.756459],[0.057927,50.756272],[0.057372,50.756116],[0.056797,50.755994],[0.056206,50.755906],[0.055606,50.755853],[0.055,50.755835],[0.054394,50.755853],[0.053794,50.755906],[0.053203,50.755994],[0.052628,50.756116],[0.052073,50.756272],[0.051544,50.756459],[0.051043,50.756676],[0.050577,50.756922],[0.050148,50.757194],[0.04976,50.75749],[0.049417,50.757807],[0.049122,50.758143],[0.048877,50.758495],[0.048684,50.75886],[0.048546,50.759235],[0.048462,50.759616],[0.048434,50.76],[0.048462,50.760384],[0.048545,50.760765],[0.048684,50.76114],[0.048877,50.761504],[0.049122,50.761856],[0.049417,50.762192],[0.04976,50.76251],[0.050147,50.762806],[0.050576,50.763078],[0.051043,50.763324],[0.051543,50.763541],[0.052073,50.763728],[0.052628,50.763884],[0.053203,50.764006],[0.053793,50.764094],[0.054394,50.764147],[0.055,50.764165]]]}},{"type":"Feature","properties":{"cat":"site","type":"Disposal site","status":"closed","org":" ","title":"RAME HEAD A","ref":null,"start":null,"end":"1970-01-01","kind":"site"},"geometry":{"type":"Polygon","coordinates":[[[-4.2633,50.318298],[-4.262647,50.318281],[-4.261998,50.318228],[-4.261359,50.318141],[-4.260733,50.31802],[-4.260125,50.317866],[-4.259539,50.31768],[-4.25898,50.317463],[-4.258451,50.317217],[-4.257956,50.316943],[-4.257499,50.316644],[-4.257082,50.316322],[-4.256709,50.315978],[-4.256382,50.315615],[-4.256104,50.315237],[-4.255876,50.314844],[-4.2557,50.314441],[-4.255578,50.31403],[-4.25551,50.313614],[-4.255496,50.313195],[-4.255537,50.312777],[-4.255633,50.312363],[-4.255782,50.311956],[-4.255984,50.311558],[-4.256238,50.311172],[-4.256541,50.310801],[-4.256891,50.310447],[-4.257286,50.310114],[-4.257724,50.309803],[-4.2582,50.309516],[-4.258712,50.309256],[-4.259257,50.309025],[-4.25983,50.308823],[-4.260427,50.308653],[-4.261044,50.308515],[-4.261677,50.308411],[-4.262322,50.308341],[-4.262973,50.308306],[-4.263627,50.308306],[-4.264278,50.308341],[-4.264923,50.308411],[-4.265556,50.308515],[-4.266173,50.308653],[-4.26677,50.308823],[-4.267343,50.309025],[-4.267888,50.309256],[-4.2684,50.309516],[-4.268876,50.309803],[-4.269314,50.310114],[-4.269709,50.310447],[-4.270059,50.310801],[-4.270362,50.311172],[-4.270616,50.311558],[-4.270818,50.311956],[-4.270967,50.312363],[-4.271063,50.312777],[-4.271104,50.313195],[-4.27109,50.313614],[-4.271022,50.31403],[-4.2709,50.314441],[-4.270724,50.314844],[-4.270496,50.315237],[-4.270218,50.315615],[-4.269891,50.315978],[-4.269518,50.316322],[-4.269101,50.316644],[-4.268644,50.316943],[-4.268149,50.317217],[-4.26762,50.317463],[-4.267061,50.31768],[-4.266475,50.317866],[-4.265867,50.31802],[-4.265241,50.318141],[-4.264602,50.318228],[-4.263953,50.318281],[-4.2633,50.318298]]]}},{"type":"Feature","properties":{"cat":"site","type":"Disposal site","status":"closed","org":" ","title":"FALMOUTH BAY","ref":null,"start":null,"end":"1970-01-01","kind":"site"},"geometry":{"type":"Polygon","coordinates":[[[-4.940853,50.098387],[-4.9417,50.098369],[-4.942547,50.098387],[-4.94339,50.098441],[-4.944227,50.098529],[-4.945052,50.098653],[-4.945863,50.098811],[-4.946127,50.098875],[-4.946656,50.099003],[-4.947428,50.099228],[-4.948176,50.099485],[-4.948895,50.099773],[-4.949584,50.100091],[-4.95024,50.100436],[-4.950858,50.100809],[-4.951438,50.101207],[-4.951975,50.101628],[-4.952469,50.102071],[-4.952917,50.102534],[-4.953317,50.103015],[-4.953666,50.103511],[-4.953965,50.104022],[-4.954211,50.104543],[-4.954404,50.105074],[-4.954542,50.105612],[-4.954625,50.106154],[-4.954653,50.106699],[-4.954626,50.107244],[-4.954543,50.107787],[-4.954405,50.108325],[-4.954212,50.108855],[-4.953966,50.109377],[-4.953668,50.109887],[-4.953318,50.110384],[-4.952919,50.110865],[-4.952471,50.111328],[-4.951978,50.111771],[-4.95144,50.112192],[-4.95086,50.11259],[-4.950242,50.112963],[-4.949587,50.113309],[-4.948897,50.113627],[-4.948178,50.113914],[-4.94743,50.114171],[-4.946658,50.114396],[-4.945864,50.114589],[-4.945053,50.114747],[-4.944227,50.114871],[-4.943391,50.114959],[-4.942547,50.115013],[-4.9417,50.115031],[-4.940853,50.115013],[-4.940009,50.114959],[-4.939173,50.114871],[-4.938347,50.114747],[-4.937536,50.114589],[-4.936742,50.114396],[-4.93597,50.114171],[-4.935222,50.113914],[-4.934503,50.113627],[-4.933813,50.113309],[-4.933158,50.112963],[-4.93254,50.11259],[-4.93196,50.112192],[-4.931422,50.111771],[-4.930929,50.111328],[-4.930481,50.110865],[-4.930481,50.110864],[-4.930082,50.110384],[-4.929732,50.109887],[-4.929434,50.109377],[-4.929188,50.108855],[-4.928995,50.108325],[-4.928857,50.107787],[-4.928774,50.107244],[-4.928747,50.106699],[-4.928775,50.106154],[-4.928858,50.105612],[-4.928996,50.105074],[-4.929189,50.104543],[-4.929435,50.104022],[-4.929734,50.103511],[-4.930083,50.103015],[-4.930483,50.102534],[-4.930931,50.102071],[-4.931425,50.101628],[-4.931962,50.101207],[-4.932542,50.100809],[-4.93316,50.100436],[-4.933816,50.100091],[-4.934505,50.099773],[-4.935224,50.099485],[-4.935972,50.099228],[-4.936744,50.099003],[-4.937537,50.098811],[-4.938348,50.098653],[-4.939173,50.098529],[-4.94001,50.098441],[-4.940853,50.098387]]]}},{"type":"Feature","properties":{"cat":"site","type":"Disposal site","status":"closed","org":" ","title":"WEST BAY","ref":null,"start":null,"end":"1970-01-01","kind":"site"},"geometry":{"type":"Polygon","coordinates":[[[-2.7833,50.65833],[-2.782443,50.658312],[-2.78159,50.658259],[-2.780743,50.65817],[-2.779908,50.658046],[-2.779088,50.657888],[-2.778285,50.657696],[-2.777504,50.657471],[-2.776748,50.657214],[-2.77602,50.656926],[-2.775323,50.656608],[-2.77466,50.656262],[-2.774034,50.65589],[-2.773448,50.655492],[-2.772904,50.65507],[-2.772405,50.654627],[-2.771952,50.654164],[-2.771548,50.653684],[-2.771194,50.653187],[-2.770893,50.652677],[-2.770644,50.652155],[-2.770449,50.651624],[-2.77031,50.651087],[-2.770226,50.650544],[-2.770198,50.649999],[-2.770226,50.649454],[-2.77031,50.648912],[-2.77045,50.648374],[-2.770645,50.647843],[-2.770894,50.647322],[-2.771196,50.646812],[-2.77155,50.646315],[-2.771954,50.645834],[-2.772407,50.645372],[-2.772907,50.644929],[-2.773451,50.644507],[-2.774037,50.644109],[-2.774662,50.643737],[-2.775325,50.643391],[-2.776022,50.643074],[-2.77675,50.642786],[-2.777506,50.642529],[-2.778287,50.642304],[-2.779089,50.642112],[-2.77991,50.641954],[-2.780744,50.64183],[-2.78159,50.641741],[-2.782443,50.641688],[-2.7833,50.64167],[-2.784157,50.641688],[-2.78501,50.641741],[-2.785856,50.64183],[-2.78669,50.641954],[-2.787511,50.642112],[-2.788313,50.642304],[-2.789094,50.642529],[-2.78985,50.642786],[-2.790578,50.643074],[-2.791275,50.643391],[-2.791938,50.643737],[-2.792563,50.644109],[-2.793149,50.644507],[-2.793693,50.644929],[-2.794193,50.645372],[-2.794646,50.645834],[-2.79505,50.646315],[-2.795404,50.646812],[-2.795706,50.647322],[-2.795955,50.647843],[-2.79615,50.648374],[-2.79629,50.648912],[-2.796374,50.649454],[-2.796402,50.649999],[-2.796374,50.650544],[-2.79629,50.651087],[-2.796151,50.651624],[-2.795956,50.652155],[-2.795707,50.652677],[-2.795406,50.653187],[-2.795052,50.653684],[-2.794648,50.654164],[-2.794195,50.654627],[-2.793696,50.65507],[-2.793152,50.655492],[-2.792566,50.65589],[-2.79194,50.656262],[-2.791277,50.656608],[-2.79058,50.656926],[-2.789852,50.657214],[-2.789096,50.657471],[-2.788315,50.657696],[-2.787512,50.657888],[-2.786692,50.658046],[-2.785857,50.65817],[-2.78501,50.658259],[-2.784157,50.658312],[-2.7833,50.65833]]]}},{"type":"Feature","properties":{"cat":"site","type":"Disposal site","status":"closed","org":" ","title":"GROVE POINT","ref":null,"start":"1970-01-01","end":"1970-01-01","kind":"site"},"geometry":{"type":"Polygon","coordinates":[[[-2.4067,50.55333],[-2.405845,50.553312],[-2.404993,50.553259],[-2.404149,50.55317],[-2.403316,50.553046],[-2.402497,50.552888],[-2.401696,50.552696],[-2.400917,50.552471],[-2.400163,50.552214],[-2.399436,50.551926],[-2.398741,50.551608],[-2.398079,50.551263],[-2.397455,50.55089],[-2.39687,50.550492],[-2.396327,50.550071],[-2.395829,50.549627],[-2.395378,50.549164],[-2.394974,50.548684],[-2.394621,50.548187],[-2.39432,50.547677],[-2.394072,50.547155],[-2.393878,50.546624],[-2.393739,50.546087],[-2.393655,50.545544],[-2.393627,50.544999],[-2.393655,50.544454],[-2.393739,50.543912],[-2.393879,50.543374],[-2.394073,50.542843],[-2.394322,50.542322],[-2.394623,50.541812],[-2.394976,50.541315],[-2.39538,50.540834],[-2.395831,50.540372],[-2.39633,50.539929],[-2.396872,50.539507],[-2.397457,50.539109],[-2.398082,50.538737],[-2.398743,50.538391],[-2.399438,50.538074],[-2.400165,50.537786],[-2.400919,50.537529],[-2.401698,50.537304],[-2.402499,50.537112],[-2.403317,50.536954],[-2.40415,50.53683],[-2.404994,50.536741],[-2.405845,50.536688],[-2.4067,50.53667],[-2.407555,50.536688],[-2.408406,50.536741],[-2.40925,50.53683],[-2.410083,50.536954],[-2.410901,50.537112],[-2.411702,50.537304],[-2.412481,50.537529],[-2.413235,50.537786],[-2.413962,50.538074],[-2.414657,50.538391],[-2.415318,50.538737],[-2.415943,50.539109],[-2.416528,50.539507],[-2.41707,50.539929],[-2.417569,50.540372],[-2.41802,50.540834],[-2.418424,50.541315],[-2.418777,50.541812],[-2.419078,50.542322],[-2.419327,50.542843],[-2.419521,50.543374],[-2.419661,50.543912],[-2.419745,50.544454],[-2.419773,50.544999],[-2.419745,50.545544],[-2.419661,50.546087],[-2.419522,50.546624],[-2.419328,50.547155],[-2.41908,50.547677],[-2.418779,50.548187],[-2.418426,50.548684],[-2.418022,50.549164],[-2.417571,50.549627],[-2.417073,50.550071],[-2.41653,50.550492],[-2.415945,50.55089],[-2.415321,50.551263],[-2.414659,50.551608],[-2.413964,50.551926],[-2.413237,50.552214],[-2.412483,50.552471],[-2.411704,50.552696],[-2.410903,50.552888],[-2.410084,50.553046],[-2.409251,50.55317],[-2.408407,50.553259],[-2.407555,50.553312],[-2.4067,50.55333]]]}},{"type":"Feature","properties":{"cat":"site","type":"Disposal site","status":"closed","org":" ","title":"LITTLEHAMPTON","ref":null,"start":null,"end":"1970-01-01","kind":"site"},"geometry":{"type":"Polygon","coordinates":[[[-0.575,50.75003],[-0.574141,50.750012],[-0.573286,50.749959],[-0.572438,50.74987],[-0.571602,50.749746],[-0.57078,50.749588],[-0.569975,50.749396],[-0.569193,50.749171],[-0.568435,50.748914],[-0.567706,50.748626],[-0.567007,50.748308],[-0.566343,50.747962],[-0.565716,50.74759],[-0.565129,50.747192],[-0.564584,50.74677],[-0.564084,50.746327],[-0.56363,50.745864],[-0.563225,50.745384],[-0.562871,50.744887],[-0.562568,50.744377],[-0.562319,50.743855],[-0.562124,50.743324],[-0.561984,50.742787],[-0.5619,50.742244],[-0.561872,50.741699],[-0.561901,50.741154],[-0.561985,50.740612],[-0.562125,50.740074],[-0.56232,50.739543],[-0.56257,50.739022],[-0.562872,50.738512],[-0.563227,50.738015],[-0.563632,50.737535],[-0.564086,50.737072],[-0.564586,50.736629],[-0.565131,50.736207],[-0.565719,50.73581],[-0.566346,50.735437],[-0.56701,50.735091],[-0.567708,50.734774],[-0.568437,50.734486],[-0.569195,50.734229],[-0.569977,50.734004],[-0.570781,50.733812],[-0.571603,50.733654],[-0.572439,50.73353],[-0.573287,50.733441],[-0.574142,50.733388],[-0.575,50.73337],[-0.575858,50.733388],[-0.576713,50.733441],[-0.577561,50.73353],[-0.578397,50.733654],[-0.579219,50.733812],[-0.580023,50.734004],[-0.580805,50.734229],[-0.581563,50.734486],[-0.582292,50.734774],[-0.58299,50.735091],[-0.583654,50.735437],[-0.584281,50.73581],[-0.584869,50.736207],[-0.585414,50.736629],[-0.585914,50.737072],[-0.586368,50.737535],[-0.586773,50.738015],[-0.587128,50.738512],[-0.58743,50.739022],[-0.58768,50.739543],[-0.587875,50.740074],[-0.588015,50.740612],[-0.588099,50.741154],[-0.588128,50.741699],[-0.5881,50.742244],[-0.588016,50.742787],[-0.587876,50.743324],[-0.587681,50.743855],[-0.587432,50.744377],[-0.587129,50.744887],[-0.586775,50.745384],[-0.58637,50.745864],[-0.585916,50.746327],[-0.585416,50.74677],[-0.584871,50.747192],[-0.584284,50.74759],[-0.583657,50.747962],[-0.582993,50.748308],[-0.582294,50.748626],[-0.581565,50.748914],[-0.580807,50.749171],[-0.580025,50.749396],[-0.57922,50.749588],[-0.578398,50.749746],[-0.577562,50.74987],[-0.576714,50.749959],[-0.575859,50.750012],[-0.575,50.75003]]]}},{"type":"Feature","properties":{"cat":"site","type":"Disposal site","status":"closed","org":" ","title":"POOLE BAY","ref":null,"start":null,"end":"1970-01-01","kind":"site"},"geometry":{"type":"Polygon","coordinates":[[[-1.8717,50.66503],[-1.870843,50.665012],[-1.869989,50.664959],[-1.869143,50.66487],[-1.868308,50.664746],[-1.867487,50.664588],[-1.866685,50.664396],[-1.865903,50.664171],[-1.865147,50.663914],[-1.864419,50.663626],[-1.863722,50.663308],[-1.863059,50.662962],[-1.862433,50.66259],[-1.861847,50.662192],[-1.861303,50.66177],[-1.860803,50.661327],[-1.860351,50.660864],[-1.859947,50.660384],[-1.859593,50.659887],[-1.859291,50.659377],[-1.859042,50.658855],[-1.858847,50.658324],[-1.858708,50.657787],[-1.858624,50.657244],[-1.858596,50.656699],[-1.858624,50.656154],[-1.858709,50.655612],[-1.858848,50.655074],[-1.859043,50.654543],[-1.859292,50.654022],[-1.859594,50.653512],[-1.859948,50.653015],[-1.860353,50.652534],[-1.860806,50.652072],[-1.861305,50.651629],[-1.861849,50.651207],[-1.862435,50.650809],[-1.863061,50.650437],[-1.863724,50.650091],[-1.864421,50.649774],[-1.865149,50.649486],[-1.865905,50.649229],[-1.866686,50.649004],[-1.867489,50.648812],[-1.868309,50.648654],[-1.869144,50.64853],[-1.86999,50.648441],[-1.870843,50.648388],[-1.8717,50.64837],[-1.872557,50.648388],[-1.87341,50.648441],[-1.874256,50.64853],[-1.875091,50.648654],[-1.875911,50.648812],[-1.876714,50.649004],[-1.877495,50.649229],[-1.878251,50.649486],[-1.878979,50.649774],[-1.879676,50.650091],[-1.880339,50.650437],[-1.880965,50.650809],[-1.881551,50.651207],[-1.882095,50.651629],[-1.882594,50.652072],[-1.883047,50.652534],[-1.883452,50.653015],[-1.883806,50.653512],[-1.884108,50.654022],[-1.884357,50.654543],[-1.884552,50.655074],[-1.884691,50.655612],[-1.884776,50.656154],[-1.884804,50.656699],[-1.884776,50.657244],[-1.884692,50.657787],[-1.884553,50.658324],[-1.884358,50.658855],[-1.884109,50.659377],[-1.883807,50.659887],[-1.883453,50.660384],[-1.883049,50.660864],[-1.882597,50.661327],[-1.882097,50.66177],[-1.881553,50.662192],[-1.880967,50.66259],[-1.880341,50.662962],[-1.879678,50.663308],[-1.878981,50.663626],[-1.878253,50.663914],[-1.877497,50.664171],[-1.876715,50.664396],[-1.875913,50.664588],[-1.875092,50.664746],[-1.874257,50.66487],[-1.873411,50.664959],[-1.872557,50.665012],[-1.8717,50.66503]]]}},{"type":"Feature","properties":{"cat":"site","type":"Disposal site","status":"open","org":" ","title":"SWANAGE BAY","ref":null,"start":null,"end":"1970-01-01","kind":"site"},"geometry":{"type":"Polygon","coordinates":[[[-1.87671,50.63339],[-1.875853,50.633372],[-1.875,50.633319],[-1.874155,50.63323],[-1.87332,50.633106],[-1.8725,50.632948],[-1.871698,50.632756],[-1.870917,50.632531],[-1.870161,50.632274],[-1.869434,50.631986],[-1.868737,50.631668],[-1.868075,50.631322],[-1.867449,50.63095],[-1.866863,50.630552],[-1.86632,50.63013],[-1.865821,50.629687],[-1.865368,50.629224],[-1.864964,50.628744],[-1.864611,50.628247],[-1.864309,50.627737],[-1.864061,50.627215],[-1.863866,50.626684],[-1.863727,50.626147],[-1.863643,50.625604],[-1.863615,50.625059],[-1.863643,50.624514],[-1.863727,50.623972],[-1.863867,50.623434],[-1.864062,50.622903],[-1.864311,50.622382],[-1.864613,50.621872],[-1.864966,50.621375],[-1.86537,50.620894],[-1.865823,50.620432],[-1.866322,50.619989],[-1.866866,50.619567],[-1.867452,50.619169],[-1.868077,50.618797],[-1.868739,50.618451],[-1.869436,50.618134],[-1.870163,50.617846],[-1.870919,50.617589],[-1.8717,50.617364],[-1.872501,50.617172],[-1.873321,50.617014],[-1.874156,50.61689],[-1.875001,50.616801],[-1.875854,50.616748],[-1.87671,50.61673],[-1.877566,50.616748],[-1.878419,50.616801],[-1.879264,50.61689],[-1.880099,50.617014],[-1.880919,50.617172],[-1.88172,50.617364],[-1.882501,50.617589],[-1.883257,50.617846],[-1.883984,50.618134],[-1.884681,50.618451],[-1.885343,50.618797],[-1.885968,50.619169],[-1.886554,50.619567],[-1.887098,50.619989],[-1.887597,50.620432],[-1.88805,50.620894],[-1.888454,50.621375],[-1.888807,50.621872],[-1.889109,50.622382],[-1.889358,50.622903],[-1.889553,50.623434],[-1.889693,50.623972],[-1.889777,50.624514],[-1.889805,50.625059],[-1.889777,50.625604],[-1.889693,50.626147],[-1.889554,50.626684],[-1.889359,50.627215],[-1.889111,50.627737],[-1.888809,50.628247],[-1.888456,50.628744],[-1.888052,50.629224],[-1.887599,50.629687],[-1.8871,50.63013],[-1.886557,50.630552],[-1.885971,50.63095],[-1.885345,50.631322],[-1.884683,50.631668],[-1.883986,50.631986],[-1.883259,50.632274],[-1.882503,50.632531],[-1.881722,50.632756],[-1.88092,50.632948],[-1.8801,50.633106],[-1.879265,50.63323],[-1.87842,50.633319],[-1.877567,50.633372],[-1.87671,50.63339]]]}},{"type":"Feature","properties":{"cat":"site","type":"Disposal site","status":"open","org":" ","title":"LYME BAY 2","ref":null,"start":"1970-01-01","end":"1970-01-01","kind":"site"},"geometry":{"type":"Polygon","coordinates":[[[-3.3583,50.52166],[-3.357093,50.521642],[-3.355889,50.521589],[-3.35469,50.5215],[-3.353498,50.521376],[-3.352317,50.521218],[-3.351148,50.521024],[-3.349995,50.520796],[-3.34886,50.520535],[-3.347745,50.52024],[-3.346652,50.519913],[-3.345584,50.519554],[-3.344544,50.519164],[-3.343532,50.518744],[-3.342553,50.518294],[-3.341606,50.517816],[-3.340696,50.517311],[-3.339823,50.516779],[-3.33899,50.516222],[-3.338198,50.515642],[-3.337448,50.515038],[-3.336744,50.514413],[-3.336085,50.513768],[-3.335474,50.513105],[-3.334911,50.512424],[-3.334399,50.511727],[-3.333937,50.511016],[-3.333528,50.510292],[-3.333171,50.509557],[-3.332868,50.508812],[-3.332619,50.508058],[-3.332426,50.507299],[-3.332287,50.506534],[-3.332204,50.505767],[-3.332176,50.504997],[-3.332205,50.504228],[-3.332289,50.50346],[-3.332428,50.502695],[-3.332623,50.501936],[-3.332872,50.501183],[-3.333176,50.500438],[-3.333533,50.499703],[-3.333943,50.498979],[-3.334406,50.498268],[-3.334919,50.497572],[-3.335482,50.496891],[-3.336093,50.496227],[-3.336752,50.495583],[-3.337457,50.494958],[-3.338207,50.494355],[-3.338999,50.493774],[-3.339832,50.493218],[-3.340705,50.492687],[-3.341615,50.492181],[-3.342561,50.491704],[-3.343541,50.491254],[-3.344552,50.490834],[-3.345592,50.490444],[-3.346659,50.490086],[-3.347751,50.489759],[-3.348866,50.489464],[-3.350001,50.489203],[-3.351153,50.488975],[-3.352321,50.488782],[-3.353501,50.488623],[-3.354692,50.488499],[-3.35589,50.488411],[-3.357094,50.488357],[-3.3583,50.48834],[-3.359506,50.488357],[-3.36071,50.488411],[-3.361908,50.488499],[-3.363099,50.488623],[-3.364279,50.488782],[-3.365447,50.488975],[-3.366599,50.489203],[-3.367734,50.489464],[-3.368849,50.489759],[-3.369941,50.490086],[-3.371008,50.490444],[-3.372048,50.490834],[-3.373059,50.491254],[-3.374039,50.491704],[-3.374985,50.492181],[-3.375895,50.492687],[-3.376768,50.493218],[-3.377601,50.493774],[-3.378393,50.494355],[-3.379143,50.494958],[-3.379848,50.495583],[-3.380507,50.496227],[-3.381118,50.496891],[-3.381681,50.497572],[-3.382194,50.498268],[-3.382657,50.498979],[-3.383067,50.499703],[-3.383424,50.500438],[-3.383728,50.501183],[-3.383977,50.501936],[-3.384172,50.502695],[-3.384311,50.50346],[-3.384395,50.504228],[-3.384424,50.504997],[-3.384396,50.505767],[-3.384313,50.506534],[-3.384174,50.507299],[-3.383981,50.508058],[-3.383732,50.508812],[-3.383429,50.509557],[-3.383072,50.510292],[-3.382663,50.511016],[-3.382201,50.511727],[-3.381689,50.512424],[-3.381126,50.513105],[-3.380515,50.513768],[-3.379856,50.514413],[-3.379152,50.515038],[-3.378402,50.515642],[-3.37761,50.516222],[-3.376777,50.516779],[-3.375904,50.517311],[-3.374994,50.517816],[-3.374048,50.518294],[-3.373068,50.518744],[-3.372056,50.519164],[-3.371016,50.519554],[-3.369948,50.519913],[-3.368855,50.52024],[-3.36774,50.520535],[-3.366605,50.520796],[-3.365452,50.521024],[-3.364283,50.521218],[-3.363102,50.521376],[-3.36191,50.5215],[-3.360711,50.521589],[-3.359507,50.521642],[-3.3583,50.52166]]]}},{"type":"Feature","properties":{"cat":"site","type":"Disposal site","status":"closed","org":" ","title":"Bristol Channel Approaches (Full), Bristol Channel Approaches (10km buffer), Bristol Channel Approaches (26km buffer), Bristol Channel Approaches (1km)","ref":null,"start":null,"end":"1970-01-01","kind":"site"},"geometry":{"type":"Polygon","coordinates":[[[-4.5383,51.113317],[-4.536568,51.113299],[-4.534838,51.113246],[-4.533112,51.113157],[-4.531391,51.113032],[-4.529678,51.112872],[-4.527974,51.112677],[-4.526281,51.112446],[-4.524601,51.112181],[-4.522936,51.111882],[-4.521287,51.111548],[-4.519656,51.11118],[-4.518045,51.110779],[-4.516457,51.110345],[-4.514891,51.109879],[-4.513351,51.10938],[-4.511837,51.108851],[-4.510352,51.10829],[-4.508897,51.107699],[-4.507473,51.107078],[-4.506083,51.106428],[-4.504727,51.10575],[-4.503407,51.105044],[-4.502124,51.104311],[-4.50088,51.103553],[-4.499677,51.102769],[-4.498514,51.101961],[-4.497395,51.101129],[-4.496319,51.100275],[-4.495289,51.099399],[-4.494304,51.098502],[-4.493367,51.097585],[-4.492477,51.09665],[-4.491637,51.095696],[-4.490847,51.094726],[-4.490108,51.09374],[-4.48942,51.09274],[-4.488785,51.091726],[-4.488203,51.090699],[-4.487675,51.089661],[-4.4872,51.088612],[-4.486781,51.087554],[-4.486417,51.086488],[-4.486108,51.085416],[-4.485855,51.084337],[-4.485659,51.083254],[-4.485518,51.082167],[-4.485435,51.081078],[-4.485408,51.079988],[-4.485437,51.078898],[-4.485523,51.077809],[-4.485666,51.076722],[-4.485865,51.075639],[-4.48612,51.074561],[-4.486431,51.073489],[-4.486798,51.072423],[-4.487219,51.071366],[-4.487696,51.070318],[-4.488226,51.06928],[-4.48881,51.068254],[-4.489447,51.06724],[-4.490136,51.06624],[-4.490877,51.065255],[-4.491669,51.064285],[-4.49251,51.063332],[-4.493401,51.062398],[-4.494339,51.061482],[-4.495325,51.060585],[-4.496356,51.05971],[-4.497432,51.058857],[-4.498552,51.058026],[-4.499715,51.057218],[-4.500918,51.056435],[-4.502162,51.055677],[-4.503444,51.054945],[-4.504764,51.054241],[-4.506119,51.053563],[-4.507509,51.052914],[-4.508932,51.052294],[-4.510386,51.051703],[-4.51187,51.051143],[-4.513382,51.050614],[-4.514921,51.050116],[-4.516485,51.04965],[-4.518072,51.049217],[-4.519681,51.048817],[-4.52131,51.04845],[-4.522957,51.048116],[-4.52462,51.047817],[-4.526298,51.047552],[-4.527988,51.047322],[-4.52969,51.047127],[-4.531401,51.046967],[-4.533119,51.046843],[-4.534843,51.046754],[-4.536571,51.0467],[-4.5383,51.046683],[-4.540029,51.0467],[-4.541757,51.046754],[-4.543481,51.046843],[-4.545199,51.046967],[-4.54691,51.047127],[-4.548612,51.047322],[-4.550302,51.047552],[-4.55198,51.047817],[-4.553643,51.048116],[-4.55529,51.04845],[-4.556919,51.048817],[-4.558528,51.049217],[-4.560115,51.04965],[-4.561679,51.050116],[-4.563218,51.050614],[-4.56473,51.051143],[-4.566214,51.051703],[-4.567668,51.052294],[-4.569091,51.052914],[-4.570481,51.053563],[-4.571836,51.054241],[-4.573156,51.054945],[-4.574438,51.055677],[-4.575682,51.056435],[-4.576885,51.057218],[-4.578048,51.058026],[-4.579168,51.058857],[-4.580244,51.05971],[-4.581275,51.060585],[-4.582261,51.061482],[-4.583199,51.062398],[-4.58409,51.063332],[-4.584931,51.064285],[-4.585723,51.065255],[-4.586464,51.06624],[-4.587153,51.06724],[-4.58779,51.068254],[-4.588374,51.06928],[-4.588904,51.070318],[-4.589381,51.071366],[-4.589802,51.072423],[-4.590169,51.073489],[-4.59048,51.074561],[-4.590735,51.075639],[-4.590934,51.076722],[-4.591077,51.077809],[-4.591163,51.078898],[-4.591192,51.079988],[-4.591165,51.081078],[-4.591082,51.082167],[-4.590941,51.083254],[-4.590745,51.084337],[-4.590492,51.085416],[-4.590183,51.086488],[-4.589819,51.087554],[-4.5894,51.088612],[-4.588925,51.089661],[-4.588397,51.090699],[-4.587815,51.091726],[-4.58718,51.09274],[-4.586492,51.09374],[-4.585753,51.094726],[-4.584963,51.095696],[-4.584123,51.09665],[-4.583233,51.097585],[-4.582296,51.098502],[-4.581311,51.099399],[-4.580281,51.100275],[-4.579205,51.101129],[-4.578086,51.101961],[-4.576923,51.102769],[-4.57572,51.103553],[-4.574476,51.104311],[-4.573193,51.105044],[-4.571873,51.10575],[-4.570517,51.106428],[-4.569127,51.107078],[-4.567703,51.107699],[-4.566248,51.10829],[-4.564763,51.108851],[-4.563249,51.10938],[-4.561709,51.109879],[-4.560143,51.110345],[-4.558555,51.110779],[-4.556944,51.11118],[-4.555313,51.111548],[-4.553664,51.111882],[-4.551999,51.112181],[-4.550319,51.112446],[-4.548626,51.112677],[-4.546922,51.112872],[-4.545209,51.113032],[-4.543488,51.113157],[-4.541762,51.113246],[-4.540032,51.113299],[-4.5383,51.113317]]]}},{"type":"Feature","properties":{"cat":"site","type":"Disposal site","status":"closed","org":" ","title":"PORTSMOUTH BALLAST","ref":null,"start":"1970-01-01","end":"1970-01-01","kind":"site"},"geometry":{"type":"Polygon","coordinates":[[[-1.1137,50.793867],[-1.113654,50.793864],[-1.11361,50.793857],[-1.113569,50.793844],[-1.113531,50.793828],[-1.113499,50.793807],[-1.113472,50.793783],[-1.113453,50.793757],[-1.113441,50.793729],[-1.113437,50.7937],[-1.113441,50.793671],[-1.113453,50.793643],[-1.113472,50.793617],[-1.113499,50.793593],[-1.113531,50.793572],[-1.113569,50.793556],[-1.11361,50.793543],[-1.113654,50.793536],[-1.1137,50.793533],[-1.113746,50.793536],[-1.11379,50.793543],[-1.113831,50.793556],[-1.113869,50.793572],[-1.113901,50.793593],[-1.113928,50.793617],[-1.113947,50.793643],[-1.113959,50.793671],[-1.113963,50.7937],[-1.113959,50.793729],[-1.113947,50.793757],[-1.113928,50.793783],[-1.113901,50.793807],[-1.113869,50.793828],[-1.113831,50.793844],[-1.11379,50.793857],[-1.113746,50.793864],[-1.1137,50.793867]]]}},{"type":"Feature","properties":{"cat":"site","type":"Disposal site","status":"closed","org":" ","title":"Bristol Channel Approaches (26km buffer)","ref":null,"start":null,"end":"1970-01-01","kind":"site"},"geometry":{"type":"Polygon","coordinates":[[[-5.0903,50.169333],[-5.09021,50.169328],[-5.090123,50.169313],[-5.090041,50.169289],[-5.089967,50.169255],[-5.089903,50.169214],[-5.089851,50.169167],[-5.089812,50.169114],[-5.089789,50.169058],[-5.089781,50.169],[-5.089789,50.168942],[-5.089812,50.168886],[-5.089851,50.168833],[-5.089903,50.168786],[-5.089967,50.168745],[-5.090041,50.168711],[-5.090123,50.168687],[-5.09021,50.168672],[-5.0903,50.168667],[-5.09039,50.168672],[-5.090477,50.168687],[-5.090559,50.168711],[-5.090633,50.168745],[-5.090697,50.168786],[-5.090749,50.168833],[-5.090788,50.168886],[-5.090811,50.168942],[-5.090819,50.169],[-5.090811,50.169058],[-5.090788,50.169114],[-5.090749,50.169167],[-5.090697,50.169214],[-5.090633,50.169255],[-5.090559,50.169289],[-5.090477,50.169313],[-5.09039,50.169328],[-5.0903,50.169333]]]}},{"type":"Feature","properties":{"cat":"site","type":"Disposal site","status":"closed","org":" ","title":"CHICHESTER HARBOUR","ref":null,"start":"1970-01-01","end":"1970-01-01","kind":"site"},"geometry":{"type":"Polygon","coordinates":[[[-0.9415,50.78789],[-0.941475,50.787889],[-0.941451,50.787884],[-0.941429,50.787878],[-0.941409,50.787869],[-0.941391,50.787858],[-0.941377,50.787845],[-0.941367,50.787831],[-0.94136,50.787816],[-0.941358,50.7878],[-0.94136,50.787784],[-0.941367,50.787769],[-0.941377,50.787755],[-0.941391,50.787742],[-0.941409,50.787731],[-0.941429,50.787722],[-0.941451,50.787716],[-0.941475,50.787711],[-0.9415,50.78771],[-0.941525,50.787711],[-0.941549,50.787716],[-0.941571,50.787722],[-0.941591,50.787731],[-0.941609,50.787742],[-0.941623,50.787755],[-0.941633,50.787769],[-0.94164,50.787784],[-0.941642,50.7878],[-0.94164,50.787816],[-0.941633,50.787831],[-0.941623,50.787845],[-0.941609,50.787858],[-0.941591,50.787869],[-0.941571,50.787878],[-0.941549,50.787884],[-0.941525,50.787889],[-0.9415,50.78789]]]}},{"type":"Feature","properties":{"cat":"site","type":"Disposal site","status":"closed","org":" ","title":"BASIN 1 NAVAL BASE PORTSMOUTH","ref":null,"start":"1970-01-01","end":"1970-01-01","kind":"site"},"geometry":{"type":"Polygon","coordinates":[[[-1.111219,50.802727],[-1.111195,50.802726],[-1.111171,50.802721],[-1.111148,50.802715],[-1.111128,50.802706],[-1.11111,50.802695],[-1.111096,50.802682],[-1.111086,50.802668],[-1.111079,50.802653],[-1.111077,50.802637],[-1.111079,50.802621],[-1.111086,50.802606],[-1.111096,50.802592],[-1.11111,50.802579],[-1.111128,50.802568],[-1.111148,50.802559],[-1.111171,50.802553],[-1.111195,50.802548],[-1.111219,50.802547],[-1.111244,50.802548],[-1.111268,50.802553],[-1.11129,50.802559],[-1.11131,50.802568],[-1.111328,50.802579],[-1.111342,50.802592],[-1.111352,50.802606],[-1.111359,50.802621],[-1.111361,50.802637],[-1.111359,50.802653],[-1.111352,50.802668],[-1.111342,50.802682],[-1.111328,50.802695],[-1.11131,50.802706],[-1.11129,50.802715],[-1.111268,50.802721],[-1.111244,50.802726],[-1.111219,50.802727]]]}},{"type":"Feature","properties":{"cat":"site","type":"Disposal site","status":"closed","org":" ","title":"THE SALTY, TEIGNMOUTH","ref":null,"start":null,"end":"1970-01-01","kind":"site"},"geometry":{"type":"Polygon","coordinates":[[[-3.5033,50.54348],[-3.503251,50.543477],[-3.503203,50.543469],[-3.503159,50.543456],[-3.503119,50.543438],[-3.503084,50.543416],[-3.503056,50.54339],[-3.503035,50.543361],[-3.503022,50.543331],[-3.503018,50.5433],[-3.503022,50.543269],[-3.503035,50.543239],[-3.503056,50.54321],[-3.503084,50.543184],[-3.503119,50.543162],[-3.503159,50.543144],[-3.503204,50.543131],[-3.503251,50.543123],[-3.5033,50.54312],[-3.503349,50.543123],[-3.503397,50.543131],[-3.503441,50.543144],[-3.503481,50.543162],[-3.503516,50.543184],[-3.503544,50.54321],[-3.503565,50.543239],[-3.503578,50.543269],[-3.503582,50.5433],[-3.503578,50.543331],[-3.503565,50.543361],[-3.503544,50.54339],[-3.503516,50.543416],[-3.503481,50.543438],[-3.503441,50.543456],[-3.503397,50.543469],[-3.503349,50.543477],[-3.5033,50.54348]]]}},{"type":"Feature","properties":{"cat":"site","type":"Disposal site","status":"closed","org":" ","title":"TEIGNMOUTH RAILWAY EMBANKMENT","ref":null,"start":"1970-01-01","end":"1970-01-01","kind":"site"},"geometry":{"type":"Polygon","coordinates":[[[-3.55,50.54688],[-3.549951,50.546877],[-3.549903,50.546869],[-3.549859,50.546856],[-3.549819,50.546838],[-3.549784,50.546816],[-3.549756,50.54679],[-3.549735,50.546761],[-3.549722,50.546731],[-3.549718,50.5467],[-3.549722,50.546669],[-3.549735,50.546639],[-3.549756,50.54661],[-3.549784,50.546584],[-3.549819,50.546562],[-3.549859,50.546544],[-3.549903,50.546531],[-3.549951,50.546523],[-3.55,50.54652],[-3.550049,50.546523],[-3.550097,50.546531],[-3.550141,50.546544],[-3.550181,50.546562],[-3.550216,50.546584],[-3.550244,50.54661],[-3.550265,50.546639],[-3.550278,50.546669],[-3.550282,50.5467],[-3.550278,50.546731],[-3.550265,50.546761],[-3.550244,50.54679],[-3.550216,50.546816],[-3.550181,50.546838],[-3.550141,50.546856],[-3.550097,50.546869],[-3.550049,50.546877],[-3.55,50.54688]]]}},{"type":"Feature","properties":{"cat":"site","type":"Disposal site","status":"closed","org":" ","title":"START BAY","ref":null,"start":null,"end":"1970-01-01","kind":"site"},"geometry":{"type":"Polygon","coordinates":[[[-3.596699,50.26],[-3.6033,50.246702],[-3.6133,50.253302],[-3.606699,50.266703],[-3.596699,50.26]]]}},{"type":"Feature","properties":{"cat":"site","type":"Disposal site","status":"closed","org":" ","title":"SALCOMBE A","ref":null,"start":"1970-01-01","end":"1970-01-01","kind":"site"},"geometry":{"type":"Polygon","coordinates":[[[-3.755499,50.2395],[-3.755999,50.2395],[-3.755999,50.240301],[-3.755499,50.240301],[-3.755499,50.2395]]]}},{"type":"Feature","properties":{"cat":"site","type":"Disposal site","status":"closed","org":" ","title":"SALCOMBE B","ref":null,"start":"1970-01-01","end":"1970-01-01","kind":"site"},"geometry":{"type":"Polygon","coordinates":[[[-3.755499,50.238001],[-3.755999,50.238001],[-3.755999,50.2395],[-3.755499,50.2395],[-3.755499,50.238001]]]}},{"type":"Feature","properties":{"cat":"site","type":"Disposal site","status":"closed","org":" ","title":"BOLT HEAD","ref":null,"start":"1970-01-01","end":"1970-01-01","kind":"site"},"geometry":{"type":"Polygon","coordinates":[[[-3.775799,50.207502],[-3.778799,50.207502],[-3.778799,50.2092],[-3.775799,50.2092],[-3.775799,50.207502]]]}},{"type":"Feature","properties":{"cat":"site","type":"Disposal site","status":"closed","org":" ","title":"PLYMOUTH","ref":null,"start":null,"end":"1970-01-01","kind":"site"},"geometry":{"type":"Polygon","coordinates":[[[-4.125,50.248301],[-4.125,50.225],[-4.2083,50.233301],[-4.2083,50.258303],[-4.125,50.248301]]]}},{"type":"Feature","properties":{"cat":"site","type":"Disposal site","status":"closed","org":" ","title":"WESTON MILL LAKE","ref":null,"start":"1970-01-01","end":"1970-01-01","kind":"site"},"geometry":{"type":"Polygon","coordinates":[[[-4.187,50.3915],[-4.189299,50.391199],[-4.189499,50.391703],[-4.1873,50.392202],[-4.187,50.3915]]]}},{"type":"Feature","properties":{"cat":"site","type":"Disposal site","status":"closed","org":" ","title":"RAME HEAD","ref":null,"start":null,"end":"1970-01-01","kind":"site"},"geometry":{"type":"Polygon","coordinates":[[[-4.248299,50.308302],[-4.279999,50.3067],[-4.2717,50.321699],[-4.2467,50.316702],[-4.248299,50.308302]]]}},{"type":"Feature","properties":{"cat":"site","type":"Disposal site","status":"open","org":" ","title":"RAME HEAD SOUTH","ref":null,"start":"1970-01-01","end":"1970-01-01","kind":"site"},"geometry":{"type":"Polygon","coordinates":[[[-4.2533,50.3085],[-4.279999,50.3067],[-4.274799,50.315001],[-4.2533,50.315001],[-4.2533,50.3085]]]}},{"type":"Feature","properties":{"cat":"site","type":"Disposal site","status":"open","org":" ","title":"LANTIC BAY","ref":null,"start":null,"end":"1970-01-01","kind":"site"},"geometry":{"type":"Polygon","coordinates":[[[-4.59305,50.315519],[-4.615549,50.313021],[-4.61824,50.32395],[-4.60224,50.324522],[-4.59305,50.315519]]]}},{"type":"Feature","properties":{"cat":"site","type":"Disposal site","status":"disused","org":" ","title":"Bristol Channel Approaches (26km buffer)","ref":null,"start":"1970-01-01","end":"1970-01-01","kind":"site"},"geometry":{"type":"Polygon","coordinates":[[[-5.084799,50.164801],[-5.084799,50.164],[-5.0858,50.164801],[-5.084799,50.164801]]]}},{"type":"Feature","properties":{"cat":"site","type":"Disposal site","status":"closed","org":" ","title":"FALMOUTH BAY","ref":null,"start":null,"end":"1970-01-01","kind":"site"},"geometry":{"type":"Polygon","coordinates":[[[-4.89876,50.105162],[-4.89838,50.057619],[-4.96513,50.104113],[-4.945929,50.119989],[-4.89876,50.105162]]]}},{"type":"Feature","properties":{"cat":"site","type":"Disposal site","status":"closed","org":" ","title":"WEYMOUTH","ref":null,"start":null,"end":"1970-01-01","kind":"site"},"geometry":{"type":"Polygon","coordinates":[[[-2.2983,50.561701],[-2.3083,50.550001],[-2.3367,50.563299],[-2.3267,50.573301],[-2.2983,50.561701]]]}},{"type":"Feature","properties":{"cat":"site","type":"Disposal site","status":"closed","org":" ","title":"LYME BAY 1","ref":null,"start":null,"end":"1970-01-01","kind":"site"},"geometry":{"type":"Polygon","coordinates":[[[-3.0417,50.4667],[-3.3183,50.375002],[-3.346699,50.450003],[-3.029999,50.5417],[-3.0417,50.4667]]]}},{"type":"Feature","properties":{"cat":"site","type":"Disposal site","status":"closed","org":" ","title":"DARTMOUTH PSA","ref":null,"start":null,"end":"1970-01-01","kind":"site"},"geometry":{"type":"Polygon","coordinates":[[[-3.25,50.4],[-3.32,50.375002],[-3.3333,50.4083],[-3.25,50.436701],[-3.25,50.4]]]}},{"type":"Feature","properties":{"cat":"site","type":"Disposal site","status":"closed","org":" ","title":"SPREY POINT (AMENDED)","ref":null,"start":"1970-01-01","end":"1970-01-01","kind":"site"},"geometry":{"type":"Polygon","coordinates":[[[-3.4533,50.553301],[-3.4667,50.553301],[-3.4533,50.562502],[-3.439999,50.562502],[-3.4533,50.553301]]]}},{"type":"Feature","properties":{"cat":"site","type":"Disposal site","status":"closed","org":" ","title":"Teignmouth Ness long sea outfall","ref":null,"start":"1970-01-01","end":"1970-01-01","kind":"site"},"geometry":{"type":"Polygon","coordinates":[[[-3.480619,50.538099],[-3.48077,50.53734],[-3.49044,50.539122],[-3.49024,50.539789],[-3.480619,50.538099]]]}},{"type":"Feature","properties":{"cat":"site","type":"Disposal site","status":"closed","org":" ","title":"BUNDLE HEAD","ref":null,"start":null,"end":"1970-01-01","kind":"site"},"geometry":{"type":"Polygon","coordinates":[[[-3.494919,50.527552],[-3.50132,50.527422],[-3.499659,50.532671],[-3.494919,50.537279],[-3.494919,50.527552]]]}},{"type":"Feature","properties":{"cat":"site","type":"Disposal site","status":"closed","org":" ","title":"MEADFOOT BEACH","ref":null,"start":null,"end":"1970-01-01","kind":"site"},"geometry":{"type":"Polygon","coordinates":[[[-3.508832,50.454787],[-3.508949,50.45523],[-3.509066,50.455673],[-3.492433,50.457471],[-3.492315,50.457028],[-3.492198,50.456586],[-3.508832,50.454787]]]}},{"type":"Feature","properties":{"cat":"site","type":"Disposal site","status":"closed","org":" ","title":"SHOREHAM HARBOUR","ref":null,"start":"1970-01-01","end":"1970-01-01","kind":"site"},"geometry":{"type":"Polygon","coordinates":[[[-0.262709,50.831053],[-0.26598,50.830931],[-0.26598,50.832003],[-0.26277,50.831942],[-0.262709,50.831053]]]}},{"type":"Feature","properties":{"cat":"site","type":"Disposal site","status":"open","org":" ","title":"BRIGHTON/ ROTTINGDEAN","ref":null,"start":null,"end":"1970-01-01","kind":"site"},"geometry":{"type":"Polygon","coordinates":[[[-0.0767,50.8067],[-0.0783,50.803301],[-0.0933,50.805799],[-0.0917,50.809999],[-0.0767,50.8067]]]}},{"type":"Feature","properties":{"cat":"site","type":"Disposal site","status":"open","org":" ","title":"SHOREHAM","ref":null,"start":"1970-01-01","end":"1970-01-01","kind":"site"},"geometry":{"type":"Polygon","coordinates":[[[-0.221699,50.816702],[-0.2367,50.816702],[-0.2367,50.825003],[-0.237499,50.8267],[-0.221699,50.8267],[-0.221699,50.816702]]]}},{"type":"Feature","properties":{"cat":"site","type":"Disposal site","status":"closed","org":" ","title":"ISLE OF WIGHT INDUSTRIAL","ref":null,"start":null,"end":"1970-01-01","kind":"site"},"geometry":{"type":"Polygon","coordinates":[[[-0.6667,50.3333],[-1.9167,50.3333],[-1.9167,50.500002],[-0.6667,50.500002],[-0.6667,50.3333]]]}},{"type":"Feature","properties":{"cat":"site","type":"Disposal site","status":"closed","org":" ","title":"ISLE OF WIGHT INDUSTRIAL (SMALL)","ref":null,"start":null,"end":"1970-01-01","kind":"site"},"geometry":{"type":"Polygon","coordinates":[[[-0.6667,50.4167],[-1.25,50.4167],[-1.25,50.500002],[-0.6667,50.500002],[-0.6667,50.4167]]]}},{"type":"Feature","properties":{"cat":"site","type":"Disposal site","status":"open","org":" ","title":"NAB TOWER","ref":null,"start":null,"end":"1970-01-01","kind":"site"},"geometry":{"type":"Polygon","coordinates":[[[-0.9167,50.601702],[-0.975,50.5683],[-0.9967,50.5833],[-0.936699,50.615],[-0.9167,50.601702]]]}},{"type":"Feature","properties":{"cat":"site","type":"Disposal site","status":"closed","org":" ","title":"COWES","ref":null,"start":"1970-01-01","end":"1970-01-01","kind":"site"},"geometry":{"type":"Polygon","coordinates":[[[-1.317799,50.765303],[-1.32,50.7638],[-1.321199,50.765501],[-1.3188,50.766703],[-1.317799,50.765303]]]}},{"type":"Feature","properties":{"cat":"site","type":"Disposal site","status":"open","org":" ","title":"HURST FORT","ref":null,"start":null,"end":"1970-01-01","kind":"site"},"geometry":{"type":"Polygon","coordinates":[[[-1.5417,50.7017],[-1.5483,50.7008],[-1.545,50.703302],[-1.5383,50.705],[-1.5417,50.7017]]]}},{"type":"Feature","properties":{"cat":"site","type":"Disposal site","status":"disused","org":" ","title":"FORT PICKLECOMBE Y","ref":null,"start":"1970-01-01","end":"1970-01-01","kind":"site"},"geometry":{"type":"Polygon","coordinates":[[[-4.17378,50.343321],[-4.1738,50.343309],[-4.173819,50.343321],[-4.173889,50.343321],[-4.173939,50.343332],[-4.17396,50.343351],[-4.17396,50.343382],[-4.173929,50.343412],[-4.173899,50.343431],[-4.173859,50.343439],[-4.173819,50.343451],[-4.17378,50.343451],[-4.17374,50.343439],[-4.1737,50.343431],[-4.173689,50.34339],[-4.1737,50.34337],[-4.17371,50.343363],[-4.173729,50.34334],[-4.17375,50.343332],[-4.173759,50.343321],[-4.17378,50.343321]]]}},{"type":"Feature","properties":{"cat":"site","type":"Disposal site","status":"closed","org":" ","title":"FORT PICKLECOMBE Y","ref":null,"start":"1970-01-01","end":"1970-01-01","kind":"site"},"geometry":{"type":"Polygon","coordinates":[[[-4.16897,50.34429],[-4.168989,50.34429],[-4.16901,50.344301],[-4.169029,50.344313],[-4.16905,50.34432],[-4.169069,50.344339],[-4.169079,50.344362],[-4.16909,50.344381],[-4.16909,50.3444],[-4.16909,50.344419],[-4.16909,50.344442],[-4.169079,50.344461],[-4.169079,50.344481],[-4.16905,50.344522],[-4.169029,50.344561],[-4.168999,50.344591],[-4.168959,50.344622],[-4.168919,50.344641],[-4.16888,50.34466],[-4.16884,50.344671],[-4.1688,50.344702],[-4.16876,50.344709],[-4.168709,50.344721],[-4.168669,50.344732],[-4.168619,50.344732],[-4.16857,50.34469],[-4.16856,50.344622],[-4.168699,50.344469],[-4.168869,50.344332],[-4.16889,50.344313],[-4.168909,50.344301],[-4.16893,50.34429],[-4.168949,50.34429],[-4.16897,50.34429]]]}},{"type":"Feature","properties":{"cat":"site","type":"Disposal site","status":"closed","org":" ","title":"NEWHAVEN","ref":null,"start":"1970-01-01","end":"1970-01-01","kind":"site"},"geometry":{"type":"Polygon","coordinates":[[[0.0583,50.633525],[0.058361,50.633521],[0.058421,50.633511],[0.058477,50.633495],[0.058527,50.633472],[0.058571,50.633444],[0.058606,50.633412],[0.058632,50.633377],[0.058648,50.633339],[0.058653,50.6333],[0.058648,50.633261],[0.058632,50.633223],[0.058606,50.633188],[0.058571,50.633156],[0.058527,50.633128],[0.058477,50.633105],[0.058421,50.633089],[0.058361,50.633079],[0.0583,50.633075],[0.058239,50.633079],[0.058179,50.633089],[0.058123,50.633105],[0.058073,50.633128],[0.058029,50.633156],[0.057994,50.633188],[0.057968,50.633223],[0.057952,50.633261],[0.057947,50.6333],[0.057952,50.633339],[0.057968,50.633377],[0.057994,50.633412],[0.058029,50.633444],[0.058073,50.633472],[0.058123,50.633495],[0.058179,50.633511],[0.058239,50.633521],[0.0583,50.633525]]]}},{"type":"Feature","properties":{"cat":"site","type":"Disposal site","status":"closed","org":" ","title":"Lymington Habitat Restoration","ref":null,"start":"1970-01-01","end":"1970-01-01","kind":"site"},"geometry":{"type":"Polygon","coordinates":[[[-1.52429,50.7493],[-1.52536,50.748899],[-1.526489,50.749922],[-1.52541,50.750322],[-1.52429,50.7493]]]}},{"type":"Feature","properties":{"cat":"site","type":"Disposal site","status":"open","org":" ","title":"NEEDLES","ref":null,"start":null,"end":"1970-01-01","kind":"site"},"geometry":{"type":"Polygon","coordinates":[[[-1.54423,50.620611],[-1.55414,50.6084],[-1.599899,50.62512],[-1.59008,50.636732],[-1.54423,50.620611]]]}},{"type":"Feature","properties":{"cat":"site","type":"Disposal site","status":"closed","org":" ","title":"WEST WIGHT","ref":null,"start":"1970-01-01","end":"1970-01-01","kind":"site"},"geometry":{"type":"Polygon","coordinates":[[[-1.618799,50.587202],[-1.6257,50.587202],[-1.6273,50.591803],[-1.6203,50.591803],[-1.618799,50.587202]]]}},{"type":"Feature","properties":{"cat":"site","type":"Disposal site","status":"closed","org":" ","title":"BROWNSEA EXPERIMENTAL","ref":null,"start":"1970-01-01","end":"1970-01-01","kind":"site"},"geometry":{"type":"Polygon","coordinates":[[[-1.954399,50.690001],[-1.955599,50.690001],[-1.955299,50.691301],[-1.9541,50.691202],[-1.954399,50.690001]]]}},{"type":"Feature","properties":{"cat":"site","type":"Disposal site","status":"closed","org":" ","title":"SHOREHAM","ref":null,"start":null,"end":"1970-01-01","kind":"site"},"geometry":{"type":"Polygon","coordinates":[[[-0.1967,50.82518],[-0.196651,50.825177],[-0.196603,50.825169],[-0.196558,50.825156],[-0.196518,50.825138],[-0.196483,50.825116],[-0.196454,50.82509],[-0.196433,50.825061],[-0.19642,50.825031],[-0.196416,50.825],[-0.19642,50.824969],[-0.196433,50.824939],[-0.196454,50.82491],[-0.196483,50.824884],[-0.196518,50.824862],[-0.196558,50.824844],[-0.196603,50.824831],[-0.196651,50.824823],[-0.1967,50.82482],[-0.196749,50.824823],[-0.196797,50.824831],[-0.196842,50.824844],[-0.196882,50.824862],[-0.196917,50.824884],[-0.196946,50.82491],[-0.196967,50.824939],[-0.19698,50.824969],[-0.196984,50.825],[-0.19698,50.825031],[-0.196967,50.825061],[-0.196946,50.82509],[-0.196917,50.825116],[-0.196882,50.825138],[-0.196842,50.825156],[-0.196797,50.825169],[-0.196749,50.825177],[-0.1967,50.82518]]]}},{"type":"Feature","properties":{"cat":"site","type":"Disposal site","status":"closed","org":" ","title":"SHOREHAM(AGGREGATE)","ref":null,"start":"1970-01-01","end":"1970-01-01","kind":"site"},"geometry":{"type":"Polygon","coordinates":[[[-0.1967,50.82518],[-0.196651,50.825177],[-0.196603,50.825169],[-0.196558,50.825156],[-0.196518,50.825138],[-0.196483,50.825116],[-0.196454,50.82509],[-0.196433,50.825061],[-0.19642,50.825031],[-0.196416,50.825],[-0.19642,50.824969],[-0.196433,50.824939],[-0.196454,50.82491],[-0.196483,50.824884],[-0.196518,50.824862],[-0.196558,50.824844],[-0.196603,50.824831],[-0.196651,50.824823],[-0.1967,50.82482],[-0.196749,50.824823],[-0.196797,50.824831],[-0.196842,50.824844],[-0.196882,50.824862],[-0.196917,50.824884],[-0.196946,50.82491],[-0.196967,50.824939],[-0.19698,50.824969],[-0.196984,50.825],[-0.19698,50.825031],[-0.196967,50.825061],[-0.196946,50.82509],[-0.196917,50.825116],[-0.196882,50.825138],[-0.196842,50.825156],[-0.196797,50.825169],[-0.196749,50.825177],[-0.1967,50.82518]]]}},{"type":"Feature","properties":{"cat":"site","type":"Disposal site","status":"open","org":" ","title":"TRELOAR HOLE","ref":null,"start":"1970-01-01","end":"1970-01-01","kind":"site"},"geometry":{"type":"Polygon","coordinates":[[[-0.935,50.78188],[-0.934951,50.781877],[-0.934903,50.781869],[-0.934858,50.781856],[-0.934818,50.781838],[-0.934783,50.781816],[-0.934754,50.78179],[-0.934734,50.781761],[-0.934721,50.781731],[-0.934716,50.7817],[-0.934721,50.781669],[-0.934734,50.781639],[-0.934754,50.78161],[-0.934783,50.781584],[-0.934818,50.781562],[-0.934858,50.781544],[-0.934903,50.781531],[-0.934951,50.781523],[-0.935,50.78152],[-0.935049,50.781523],[-0.935097,50.781531],[-0.935142,50.781544],[-0.935182,50.781562],[-0.935217,50.781584],[-0.935246,50.78161],[-0.935266,50.781639],[-0.935279,50.781669],[-0.935284,50.7817],[-0.935279,50.781731],[-0.935266,50.781761],[-0.935246,50.78179],[-0.935217,50.781816],[-0.935182,50.781838],[-0.935142,50.781856],[-0.935097,50.781869],[-0.935049,50.781877],[-0.935,50.78188]]]}},{"type":"Feature","properties":{"cat":"site","type":"Disposal site","status":"closed","org":" ","title":"SOUTHAMPTON DOCKS TOWN QUAY","ref":null,"start":"1970-01-01","end":"1970-01-01","kind":"site"},"geometry":{"type":"Polygon","coordinates":[[[-1.4033,50.89348],[-1.403251,50.893477],[-1.403203,50.893469],[-1.403158,50.893456],[-1.403117,50.893438],[-1.403082,50.893416],[-1.403054,50.89339],[-1.403033,50.893361],[-1.40302,50.893331],[-1.403016,50.8933],[-1.40302,50.893269],[-1.403033,50.893239],[-1.403054,50.89321],[-1.403082,50.893184],[-1.403117,50.893162],[-1.403158,50.893144],[-1.403203,50.893131],[-1.403251,50.893123],[-1.4033,50.89312],[-1.403349,50.893123],[-1.403397,50.893131],[-1.403442,50.893144],[-1.403483,50.893162],[-1.403518,50.893184],[-1.403546,50.89321],[-1.403567,50.893239],[-1.40358,50.893269],[-1.403584,50.8933],[-1.40358,50.893331],[-1.403567,50.893361],[-1.403546,50.89339],[-1.403518,50.893416],[-1.403483,50.893438],[-1.403442,50.893456],[-1.403397,50.893469],[-1.403349,50.893477],[-1.4033,50.89348]]]}},{"type":"Feature","properties":{"cat":"site","type":"Disposal site","status":"closed","org":" ","title":"BOURNEMOUTH BEACH","ref":null,"start":"1970-01-01","end":"1970-01-01","kind":"site"},"geometry":{"type":"Polygon","coordinates":[[[-1.8333,50.71688],[-1.833251,50.716877],[-1.833203,50.716869],[-1.833158,50.716856],[-1.833118,50.716838],[-1.833083,50.716816],[-1.833055,50.71679],[-1.833034,50.716761],[-1.833021,50.716731],[-1.833017,50.7167],[-1.833021,50.716669],[-1.833034,50.716639],[-1.833055,50.71661],[-1.833083,50.716584],[-1.833118,50.716562],[-1.833158,50.716544],[-1.833203,50.716531],[-1.833251,50.716523],[-1.8333,50.71652],[-1.833349,50.716523],[-1.833397,50.716531],[-1.833442,50.716544],[-1.833482,50.716562],[-1.833517,50.716584],[-1.833545,50.71661],[-1.833566,50.716639],[-1.833579,50.716669],[-1.833583,50.7167],[-1.833579,50.716731],[-1.833566,50.716761],[-1.833545,50.71679],[-1.833517,50.716816],[-1.833482,50.716838],[-1.833442,50.716856],[-1.833397,50.716869],[-1.833349,50.716877],[-1.8333,50.71688]]]}},{"type":"Feature","properties":{"cat":"site","type":"Disposal site","status":"closed","org":" ","title":"Poole Bay Nearshore Trial","ref":null,"start":"1970-01-01","end":"1970-01-01","kind":"site"},"geometry":{"type":"Polygon","coordinates":[[[-1.928203,50.68892],[-1.930198,50.690118],[-1.912763,50.701805],[-1.902453,50.695558],[-1.913185,50.688398],[-1.921515,50.693403],[-1.928203,50.68892]]]}},{"type":"Feature","properties":{"cat":"site","type":"Disposal site","status":"closed","org":" ","title":"Swanage Bay Nearshore","ref":null,"start":"1970-01-01","end":"1970-01-01","kind":"site"},"geometry":{"type":"Polygon","coordinates":[[[-1.950732,50.614922],[-1.946958,50.61492],[-1.946962,50.612042],[-1.950735,50.61244],[-1.950732,50.614922]]]}},{"type":"Feature","properties":{"cat":"site","type":"Disposal site","status":"closed","org":" ","title":"Blue Lagoon 1","ref":null,"start":"1970-01-01","end":"1970-01-01","kind":"site"},"geometry":{"type":"Polygon","coordinates":[[[-1.952747,50.710717],[-1.952132,50.711007],[-1.951164,50.71026],[-1.951753,50.709959],[-1.952747,50.710717]]]}},{"type":"Feature","properties":{"cat":"site","type":"Disposal site","status":"closed","org":" ","title":"Blue Lagoon 2","ref":null,"start":"1970-01-01","end":"1970-01-01","kind":"site"},"geometry":{"type":"Polygon","coordinates":[[[-1.951037,50.709908],[-1.950381,50.709649],[-1.95118,50.708831],[-1.951854,50.709124],[-1.951037,50.709908]]]}},{"type":"Feature","properties":{"cat":"site","type":"Disposal site","status":"open","org":" ","title":"FALMOUTH BAY (B)","ref":null,"start":"1970-01-01","end":"1970-01-01","kind":"site"},"geometry":{"type":"Polygon","coordinates":[[[-4.946129,50.098872],[-4.946127,50.098877],[-4.9417,50.1067],[-4.930489,50.110862],[-4.930482,50.110864],[-4.930418,50.110794],[-4.930236,50.110579],[-4.930064,50.110361],[-4.929902,50.11014],[-4.92975,50.109916],[-4.929609,50.109689],[-4.929477,50.109459],[-4.929357,50.109227],[-4.929247,50.108993],[-4.929148,50.108757],[-4.929059,50.108519],[-4.928982,50.10828],[-4.928915,50.108039],[-4.928859,50.107797],[-4.928815,50.107554],[-4.928781,50.10731],[-4.928759,50.107066],[-4.928748,50.106822],[-4.928748,50.106577],[-4.928759,50.106333],[-4.928782,50.106088],[-4.928815,50.105845],[-4.92886,50.105602],[-4.928916,50.10536],[-4.928982,50.105119],[-4.92906,50.10488],[-4.929149,50.104642],[-4.929248,50.104406],[-4.929358,50.104172],[-4.929479,50.10394],[-4.92961,50.10371],[-4.929752,50.103483],[-4.929904,50.103259],[-4.930066,50.103038],[-4.930238,50.10282],[-4.93042,50.102605],[-4.930612,50.102394],[-4.930813,50.102186],[-4.931024,50.101983],[-4.931244,50.101783],[-4.931473,50.101588],[-4.931711,50.101397],[-4.931957,50.101211],[-4.932212,50.101029],[-4.932475,50.100852],[-4.932746,50.100681],[-4.933024,50.100514],[-4.93331,50.100353],[-4.933604,50.100197],[-4.933904,50.100047],[-4.934211,50.099903],[-4.934524,50.099765],[-4.934844,50.099632],[-4.93517,50.099506],[-4.935501,50.099385],[-4.935837,50.099272],[-4.936179,50.099164],[-4.936525,50.099063],[-4.936876,50.098969],[-4.937231,50.098881],[-4.93759,50.0988],[-4.937952,50.098726],[-4.938317,50.098658],[-4.938686,50.098598],[-4.939057,50.098545],[-4.93943,50.098498],[-4.939806,50.098459],[-4.940182,50.098427],[-4.940561,50.098402],[-4.94094,50.098384],[-4.94132,50.098373],[-4.9417,50.098369],[-4.94208,50.098373],[-4.94246,50.098384],[-4.942839,50.098402],[-4.943218,50.098427],[-4.943594,50.098459],[-4.94397,50.098498],[-4.944343,50.098545],[-4.944714,50.098598],[-4.945083,50.098658],[-4.945448,50.098726],[-4.94581,50.0988],[-4.946129,50.098872]]]}},{"type":"Feature","properties":{"cat":"site","type":"Disposal site","status":"open","org":" ","title":"SPREY POINT","ref":null,"start":null,"end":"1970-01-01","kind":"site"},"geometry":{"type":"Polygon","coordinates":[[[-3.477,50.557465],[-3.47673,50.557461],[-3.47646,50.557451],[-3.476191,50.557433],[-3.475924,50.557408],[-3.475658,50.557376],[-3.475395,50.557338],[-3.475134,50.557292],[-3.474877,50.557239],[-3.474623,50.55718],[-3.474374,50.557114],[-3.474128,50.557042],[-3.473888,50.556963],[-3.473653,50.556878],[-3.473424,50.556787],[-3.473201,50.55669],[-3.472984,50.556587],[-3.472774,50.556478],[-3.472572,50.556364],[-3.472377,50.556245],[-3.47219,50.556121],[-3.472011,50.555992],[-3.471841,50.555858],[-3.471679,50.55572],[-3.471527,50.555578],[-3.471384,50.555432],[-3.47125,50.555282],[-3.471126,50.555129],[-3.471013,50.554973],[-3.470909,50.554814],[-3.470816,50.554652],[-3.470734,50.554488],[-3.470662,50.554322],[-3.470601,50.554155],[-3.470551,50.553985],[-3.470513,50.553815],[-3.470485,50.553644],[-3.470468,50.553472],[-3.470462,50.5533],[-3.470468,50.553128],[-3.470485,50.552956],[-3.470513,50.552785],[-3.470552,50.552614],[-3.470602,50.552445],[-3.470663,50.552277],[-3.470734,50.552111],[-3.470817,50.551947],[-3.47091,50.551786],[-3.471013,50.551627],[-3.471127,50.551471],[-3.471251,50.551318],[-3.471384,50.551168],[-3.471527,50.551022],[-3.47168,50.55088],[-3.471841,50.550742],[-3.472012,50.550608],[-3.47219,50.550479],[-3.472378,50.550355],[-3.472572,50.550236],[-3.472775,50.550122],[-3.472985,50.550013],[-3.473201,50.54991],[-3.473425,50.549813],[-3.473654,50.549722],[-3.473889,50.549637],[-3.474129,50.549558],[-3.474374,50.549486],[-3.474624,50.54942],[-3.474877,50.549361],[-3.475135,50.549308],[-3.475395,50.549262],[-3.475658,50.549224],[-3.475924,50.549192],[-3.476191,50.549167],[-3.47646,50.549149],[-3.47673,50.549139],[-3.477,50.549135],[-3.47727,50.549139],[-3.47754,50.549149],[-3.477809,50.549167],[-3.478076,50.549192],[-3.478342,50.549224],[-3.478605,50.549262],[-3.478865,50.549308],[-3.479123,50.549361],[-3.479376,50.54942],[-3.479626,50.549486],[-3.479871,50.549558],[-3.480111,50.549637],[-3.480346,50.549722],[-3.480575,50.549813],[-3.480799,50.54991],[-3.481015,50.550013],[-3.481225,50.550122],[-3.481428,50.550236],[-3.481622,50.550355],[-3.48181,50.550479],[-3.481988,50.550608],[-3.482159,50.550742],[-3.48232,50.55088],[-3.482473,50.551022],[-3.482616,50.551168],[-3.482749,50.551318],[-3.482873,50.551471],[-3.482987,50.551627],[-3.48309,50.551786],[-3.483183,50.551947],[-3.483266,50.552111],[-3.483337,50.552277],[-3.483398,50.552445],[-3.483448,50.552614],[-3.483487,50.552785],[-3.483515,50.552956],[-3.483532,50.553128],[-3.483538,50.5533],[-3.483532,50.553472],[-3.483515,50.553644],[-3.483487,50.553815],[-3.483449,50.553985],[-3.483399,50.554155],[-3.483338,50.554322],[-3.483266,50.554488],[-3.483184,50.554652],[-3.483091,50.554814],[-3.482987,50.554973],[-3.482874,50.555129],[-3.48275,50.555282],[-3.482616,50.555432],[-3.482473,50.555578],[-3.482321,50.55572],[-3.482159,50.555858],[-3.481989,50.555992],[-3.48181,50.556121],[-3.481623,50.556245],[-3.481428,50.556364],[-3.481226,50.556478],[-3.481016,50.556587],[-3.480799,50.55669],[-3.480576,50.556787],[-3.480347,50.556878],[-3.480112,50.556963],[-3.479872,50.557042],[-3.479626,50.557114],[-3.479377,50.55718],[-3.479123,50.557239],[-3.478866,50.557292],[-3.478605,50.557338],[-3.478342,50.557376],[-3.478076,50.557408],[-3.477809,50.557433],[-3.47754,50.557451],[-3.47727,50.557461],[-3.477,50.557465]]]}},{"type":"Feature","properties":{"cat":"site","type":"Disposal site","status":"open","org":" ","title":"RYDE HARBOUR","ref":null,"start":"1970-01-01","end":"1970-01-01","kind":"site"},"geometry":{"type":"Polygon","coordinates":[[[-1.156,50.733472],[-1.156,50.73325],[-1.156806,50.73325],[-1.156806,50.733472],[-1.156,50.733472]]]}},{"type":"Feature","properties":{"cat":"site","type":"Disposal site","status":"closed","org":" ","title":"Area 451 Temporary Storage Site","ref":null,"start":"1970-01-01","end":"1970-01-01","kind":"site"},"geometry":{"type":"Polygon","coordinates":[[[-0.960517,50.5766],[-0.946188,50.582062],[-0.93898,50.581923],[-0.93898,50.57983],[-0.940657,50.57932],[-0.944045,50.57938],[-0.944935,50.578407],[-0.947777,50.578007],[-0.957942,50.575607],[-0.960517,50.5766]]]}},{"type":"Feature","properties":{"cat":"site","type":"Disposal site","status":"closed","org":"Only to be used for the disposal of Seaweed","title":"Bristol Channel Approaches (26km buffer)","ref":null,"start":"1970-01-01","end":"1970-01-01","kind":"site"},"geometry":{"type":"Polygon","coordinates":[[[-5.47601,50.12395],[-5.47488,50.12331],[-5.47395,50.12319],[-5.47409,50.12284],[-5.47501,50.1226],[-5.4762,50.12266],[-5.47601,50.12395]]]}},{"type":"Feature","properties":{"cat":"site","type":"Disposal site","status":"closed","org":"Only to be used for Shingle and small coblles","title":"Wittering Beach","ref":null,"start":"1970-01-01","end":"1970-01-01","kind":"site"},"geometry":{"type":"Polygon","coordinates":[[[-0.88113,50.76744],[-0.88122,50.76735],[-0.88463,50.76829],[-0.88458,50.76835],[-0.88113,50.76744]]]}},{"type":"Feature","properties":{"cat":"site","type":"Disposal site","status":"closed","org":"Only to be used for PTEC","title":"PTEC South Isle of Wight","ref":null,"start":"1970-01-01","end":"1970-01-01","kind":"site"},"geometry":{"type":"Polygon","coordinates":[[[-1.32007,50.546199],[-1.279539,50.555301],[-1.269209,50.554401],[-1.239809,50.561599],[-1.237499,50.557201],[-1.293529,50.540901],[-1.31621,50.539798],[-1.32007,50.546199]]]}},{"type":"Feature","properties":{"cat":"site","type":"Disposal site","status":"open","org":"Only to be used for MLA/2015/00371","title":"Ventnor Harbour","ref":null,"start":"1970-01-01","end":"1970-01-01","kind":"site"},"geometry":{"type":"Polygon","coordinates":[[[-1.204865,50.592131],[-1.204948,50.591921],[-1.20529,50.591986],[-1.205194,50.592188],[-1.204865,50.592131]]]}},{"type":"Feature","properties":{"cat":"site","type":"Disposal site","status":"open","org":" ","title":"Plymouth Deep","ref":null,"start":"1970-01-01","end":"1970-01-01","kind":"site"},"geometry":{"type":"Polygon","coordinates":[[[-4.290376,50.279407],[-4.269329,50.279639],[-4.26909,50.270648],[-4.290133,50.270416],[-4.290376,50.279407]]]}},{"type":"Feature","properties":{"cat":"site","type":"Disposal site","status":"open","org":" ","title":"Hill Head","ref":null,"start":"1970-01-01","end":"1970-01-01","kind":"site"},"geometry":{"type":"Polygon","coordinates":[[[-1.241532,50.817493],[-1.241266,50.817737],[-1.240714,50.817653],[-1.240216,50.81789],[-1.240099,50.817871],[-1.240028,50.81811],[-1.239447,50.81802],[-1.239107,50.818043],[-1.238671,50.817966],[-1.238285,50.817853],[-1.239363,50.816587],[-1.241468,50.817271],[-1.241532,50.817493]]]}},{"type":"Feature","properties":{"cat":"site","type":"Disposal site","status":"open","org":"Only to be used for MLA/2016/00195. To be closed after","title":"Birdham Pool Marina","ref":null,"start":"1970-01-01","end":"1970-01-01","kind":"site"},"geometry":{"type":"Polygon","coordinates":[[[-0.833695,50.804434],[-0.831794,50.803264],[-0.832037,50.803185],[-0.832594,50.803614],[-0.833451,50.803973],[-0.833951,50.804428],[-0.833695,50.804434]]]}},{"type":"Feature","properties":{"cat":"site","type":"Disposal site","status":"open","org":"Only to be used for MLA/2018/00435 (Axemouth Harbour)","title":"Seaton","ref":null,"start":"1970-01-01","end":"1970-01-01","kind":"site"},"geometry":{"type":"Polygon","coordinates":[[[-3.060294,50.702621],[-3.060277,50.702902],[-3.058239,50.702721],[-3.058239,50.702453],[-3.060294,50.702621]]]}},{"type":"Feature","properties":{"cat":"site","type":"Disposal site","status":"open","org":" ","title":"Bristol Channel Approaches (26km buffer)","ref":null,"start":"1970-01-01","end":"1970-01-01","kind":"site"},"geometry":{"type":"Polygon","coordinates":[[[-5.042054,50.253878],[-5.041654,50.254478],[-5.041454,50.254378],[-5.041854,50.253778],[-5.042054,50.253878]]]}},{"type":"Feature","properties":{"cat":"site","type":"Disposal site","status":"open","org":" ","title":"Deep Water Relocation","ref":null,"start":"1970-01-01","end":"1970-01-01","kind":"site"},"geometry":{"type":"Polygon","coordinates":[[[-2.425251,50.576],[-2.421,50.576],[-2.421,50.573],[-2.425,50.573],[-2.425251,50.576]]]}},{"type":"Feature","properties":{"cat":"site","type":"Disposal site","status":"closed","org":" ","title":"Aquind cable Site A","ref":null,"start":"1970-01-01","end":"1970-01-01","kind":"site"},"geometry":{"type":"Polygon","coordinates":[[[-0.841624,50.656554],[-0.833325,50.659084],[-0.687598,50.620995],[-0.662842,50.620976],[-0.572902,50.611587],[-0.543614,50.60412],[-0.518675,50.602215],[-0.504193,50.598553],[-0.486965,50.58988],[-0.475899,50.585899],[-0.445206,50.574859],[-0.393916,50.544875],[-0.321843,50.513666],[-0.292553,50.500984],[-0.221079,50.44883],[-0.212561,50.4486],[-0.227037,50.44514],[-0.229719,50.448038],[-0.29745,50.497455],[-0.393404,50.539002],[-0.449549,50.571053],[-0.494725,50.587826],[-0.507905,50.594462],[-0.520499,50.597646],[-0.545448,50.599552],[-0.574888,50.607057],[-0.663444,50.616301],[-0.688957,50.616321],[-0.789703,50.642207],[-0.811452,50.647396],[-0.819231,50.649252],[-0.834988,50.654373],[-0.841624,50.656554]]]}},{"type":"Feature","properties":{"cat":"site","type":"Disposal site","status":"open","org":" ","title":"Aquind cable Site B","ref":null,"start":"1970-01-01","end":"1970-01-01","kind":"site"},"geometry":{"type":"Polygon","coordinates":[[[-0.222016,50.436414],[-0.207748,50.439488],[-0.163351,50.406784],[-0.157091,50.402231],[-0.147936,50.39757],[-0.081039,50.374158],[-0.043235,50.360957],[-0.020249,50.351904],[-0.009058,50.346156],[-0.003523,50.342408],[0.003005,50.337988],[0.086637,50.293451],[0.151055,50.275348],[0.190238,50.269468],[0.200198,50.267361],[0.208546,50.263988],[0.199006,50.262438],[0.188325,50.264955],[0.169006,50.267854],[0.158614,50.269413],[0.148739,50.270895],[0.082763,50.289436],[0.013129,50.326516],[-0.002001,50.334573],[-0.008831,50.339198],[-0.014022,50.342712],[-0.018454,50.344989],[-0.02917,50.350068],[-0.038157,50.353859],[-0.045741,50.356508],[-0.078666,50.368004],[-0.147747,50.392126],[-0.151927,50.393643],[-0.159286,50.397183],[-0.162319,50.398953],[-0.18244,50.413583],[-0.2135,50.436185],[-0.216613,50.435721],[-0.222016,50.436414]]]}},{"type":"Feature","properties":{"cat":"site","type":"Disposal site","status":"open","org":" ","title":"River Hamble site 1","ref":null,"start":"1970-01-01","end":"1970-01-01","kind":"site"},"geometry":{"type":"Polygon","coordinates":[[[-1.302487,50.878051],[-1.301929,50.878272],[-1.301529,50.878423],[-1.300958,50.878581],[-1.300484,50.878875],[-1.300295,50.879162],[-1.300206,50.879404],[-1.300188,50.879683],[-1.300242,50.879836],[-1.298685,50.880402],[-1.298445,50.880257],[-1.298221,50.880013],[-1.298014,50.879634],[-1.297947,50.879337],[-1.298012,50.878789],[-1.298389,50.87835],[-1.298891,50.87802],[-1.300289,50.877678],[-1.300703,50.877546],[-1.301132,50.877386],[-1.301362,50.877208],[-1.30152,50.877101],[-1.302487,50.878051]]]}},{"type":"Feature","properties":{"cat":"site","type":"Disposal site","status":"open","org":" ","title":"River Hamble site 2","ref":null,"start":"1970-01-01","end":"1970-01-01","kind":"site"},"geometry":{"type":"Polygon","coordinates":[[[-1.311212,50.857905],[-1.30963,50.85822],[-1.309431,50.858255],[-1.30935,50.857966],[-1.309038,50.856948],[-1.308971,50.856714],[-1.308923,50.856111],[-1.30886,50.855571],[-1.30881,50.855086],[-1.308588,50.854734],[-1.308424,50.854265],[-1.308158,50.854021],[-1.309824,50.853788],[-1.310263,50.854851],[-1.311212,50.857905]]]}},{"type":"Feature","properties":{"cat":"site","type":"Disposal site","status":"open","org":" ","title":"Langstone Harbour","ref":null,"start":"1970-01-01","end":"1970-01-01","kind":"site"},"geometry":{"type":"Polygon","coordinates":[[[-1.026666,50.81186],[-1.02871,50.811859],[-1.028451,50.812046],[-1.027533,50.812488],[-1.026425,50.813189],[-1.02624,50.813224],[-1.026111,50.813304],[-1.025839,50.813418],[-1.025477,50.81373],[-1.025248,50.813836],[-1.024662,50.81402],[-1.023738,50.814759],[-1.02365,50.814929],[-1.023504,50.81508],[-1.023191,50.815141],[-1.022919,50.815264],[-1.022733,50.815326],[-1.022634,50.815298],[-1.022465,50.815251],[-1.02221,50.815231],[-1.022152,50.815276],[-1.022009,50.815338],[-1.021825,50.815309],[-1.021813,50.81521],[-1.021944,50.815049],[-1.022046,50.814906],[-1.022686,50.814156],[-1.023062,50.813854],[-1.024138,50.813269],[-1.026666,50.81186]]]}},{"type":"Feature","properties":{"cat":"site","type":"Disposal site","status":"closed","org":" ","title":"Rampion OWF","ref":null,"start":"1970-01-01","end":"1970-01-01","kind":"site"},"geometry":{"type":"Polygon","coordinates":[[[-0.167537,50.695253],[-0.097226,50.681964],[-0.150802,50.643035],[-0.261705,50.618937],[-0.271413,50.637042],[-0.343354,50.6176],[-0.343359,50.617599],[-0.34336,50.617599],[-0.365516,50.686487],[-0.343816,50.689752],[-0.229361,50.706896],[-0.167537,50.695253]]]}},{"type":"Feature","properties":{"cat":"site","type":"Disposal site","status":"open","org":" ","title":"Newtown Harbour","ref":null,"start":"1970-01-01","end":"1970-01-01","kind":"site"},"geometry":{"type":"Polygon","coordinates":[[[-1.409025,50.72223],[-1.409039,50.72223],[-1.409053,50.72223],[-1.409067,50.72223],[-1.409067,50.722239],[-1.409081,50.722239],[-1.409081,50.72223],[-1.409096,50.72223],[-1.409096,50.722221],[-1.40911,50.722221],[-1.40911,50.722212],[-1.40911,50.722203],[-1.409124,50.722212],[-1.409138,50.722212],[-1.409152,50.722212],[-1.409167,50.722212],[-1.409167,50.722203],[-1.409181,50.722204],[-1.409195,50.722213],[-1.409195,50.722222],[-1.409209,50.722222],[-1.409209,50.722213],[-1.409223,50.722222],[-1.409209,50.722231],[-1.409209,50.72224],[-1.409209,50.722249],[-1.409208,50.722258],[-1.409208,50.722267],[-1.409208,50.722276],[-1.409194,50.722276],[-1.409194,50.722285],[-1.40918,50.722284],[-1.40918,50.722293],[-1.409166,50.722293],[-1.409165,50.722302],[-1.40918,50.722311],[-1.409165,50.722311],[-1.409151,50.722311],[-1.409151,50.72232],[-1.409151,50.722329],[-1.409137,50.722329],[-1.409179,50.722365],[-1.409221,50.72242],[-1.40922,50.722429],[-1.409206,50.722428],[-1.409206,50.722437],[-1.409376,50.722474],[-1.409376,50.722483],[-1.409361,50.722492],[-1.40939,50.722501],[-1.409389,50.72251],[-1.409404,50.72251],[-1.409418,50.72251],[-1.409418,50.722519],[-1.409431,50.722546],[-1.409417,50.722573],[-1.409417,50.722582],[-1.409431,50.722582],[-1.409445,50.722583],[-1.409431,50.722627],[-1.409445,50.722627],[-1.409444,50.722645],[-1.409459,50.722646],[-1.409458,50.722664],[-1.409458,50.722673],[-1.409472,50.722673],[-1.409472,50.7227],[-1.409486,50.722718],[-1.4095,50.722736],[-1.409514,50.722745],[-1.409528,50.722754],[-1.409528,50.722763],[-1.409514,50.722772],[-1.409528,50.722772],[-1.409542,50.722772],[-1.409556,50.722763],[-1.409571,50.722754],[-1.409599,50.722745],[-1.409726,50.722755],[-1.40974,50.722764],[-1.40974,50.722782],[-1.409754,50.722818],[-1.409739,50.722872],[-1.409725,50.722899],[-1.40971,50.722926],[-1.409696,50.722917],[-1.409696,50.722926],[-1.409682,50.722916],[-1.409682,50.722925],[-1.409668,50.722925],[-1.409654,50.722916],[-1.409653,50.722925],[-1.409639,50.722925],[-1.409639,50.722916],[-1.409654,50.722907],[-1.409639,50.722907],[-1.409625,50.722916],[-1.409625,50.722925],[-1.409611,50.722925],[-1.409611,50.722934],[-1.409597,50.722934],[-1.409582,50.722934],[-1.409568,50.722934],[-1.409568,50.722943],[-1.409568,50.722952],[-1.409568,50.722961],[-1.409554,50.722961],[-1.409554,50.72297],[-1.40944,50.722996],[-1.409454,50.722996],[-1.409454,50.723005],[-1.409468,50.723014],[-1.409425,50.723077],[-1.409411,50.723059],[-1.409411,50.72305],[-1.409397,50.72305],[-1.409397,50.723041],[-1.409383,50.723032],[-1.409383,50.723023],[-1.409369,50.723023],[-1.409369,50.723014],[-1.409369,50.723005],[-1.409355,50.722996],[-1.409355,50.722987],[-1.409355,50.722978],[-1.409355,50.722969],[-1.409341,50.722969],[-1.409341,50.72296],[-1.409342,50.722951],[-1.409327,50.722951],[-1.409327,50.722942],[-1.409327,50.722933],[-1.409313,50.722924],[-1.409314,50.722915],[-1.409314,50.722906],[-1.409314,50.722897],[-1.409314,50.722888],[-1.409314,50.722879],[-1.4093,50.72287],[-1.4093,50.722861],[-1.409286,50.722852],[-1.409286,50.722843],[-1.409272,50.722833],[-1.409272,50.722824],[-1.409272,50.722815],[-1.409258,50.722806],[-1.409258,50.722797],[-1.409244,50.722797],[-1.409244,50.722788],[-1.409244,50.722779],[-1.40923,50.722779],[-1.40923,50.72277],[-1.409216,50.722761],[-1.409202,50.722752],[-1.409202,50.722743],[-1.409188,50.722743],[-1.409174,50.722734],[-1.409174,50.722725],[-1.40916,50.722725],[-1.409146,50.722716],[-1.409146,50.722707],[-1.409132,50.722707],[-1.409132,50.722698],[-1.409118,50.722698],[-1.409075,50.722725],[-1.409061,50.722724],[-1.409061,50.722715],[-1.409047,50.722715],[-1.409033,50.722706],[-1.409019,50.722697],[-1.409005,50.722697],[-1.408991,50.722688],[-1.408976,50.722688],[-1.408976,50.722679],[-1.408962,50.722679],[-1.408948,50.72267],[-1.408934,50.72267],[-1.408934,50.722661],[-1.40892,50.722661],[-1.408906,50.722661],[-1.408906,50.722652],[-1.408892,50.722652],[-1.408878,50.722652],[-1.408878,50.722643],[-1.408864,50.722643],[-1.408849,50.722642],[-1.408835,50.722633],[-1.408821,50.722633],[-1.408807,50.722624],[-1.408793,50.722624],[-1.408779,50.722624],[-1.408779,50.722615],[-1.408765,50.722615],[-1.408751,50.722615],[-1.408751,50.722606],[-1.408737,50.722606],[-1.408723,50.722606],[-1.408708,50.722606],[-1.408694,50.722597],[-1.40868,50.722597],[-1.40868,50.722588],[-1.40868,50.722579],[-1.408666,50.722579],[-1.408652,50.722579],[-1.408652,50.72257],[-1.408638,50.722569],[-1.408624,50.722569],[-1.40861,50.722569],[-1.408596,50.72256],[-1.408595,50.722569],[-1.408581,50.722569],[-1.408567,50.722569],[-1.408567,50.72256],[-1.408553,50.72256],[-1.408553,50.722551],[-1.408539,50.72256],[-1.408525,50.72256],[-1.40851,50.72256],[-1.408496,50.72256],[-1.408482,50.72256],[-1.408482,50.722569],[-1.408468,50.722569],[-1.408454,50.72256],[-1.40844,50.722559],[-1.408426,50.722559],[-1.408411,50.722559],[-1.408397,50.722559],[-1.408383,50.722559],[-1.408383,50.722568],[-1.408369,50.722568],[-1.408355,50.722559],[-1.408355,50.722568],[-1.40834,50.722568],[-1.408341,50.722559],[-1.408326,50.722559],[-1.408326,50.72255],[-1.408312,50.72255],[-1.408312,50.722559],[-1.408298,50.722559],[-1.408298,50.72255],[-1.408284,50.72255],[-1.40827,50.72255],[-1.408256,50.72255],[-1.408256,50.722559],[-1.408241,50.722558],[-1.408227,50.722558],[-1.408213,50.722558],[-1.408213,50.722567],[-1.408199,50.722567],[-1.408199,50.722558],[-1.408185,50.722558],[-1.408185,50.722549],[-1.408171,50.722549],[-1.408156,50.722549],[-1.408142,50.722549],[-1.408128,50.722549],[-1.408114,50.722549],[-1.408114,50.722558],[-1.4081,50.722558],[-1.4081,50.722567],[-1.408085,50.722567],[-1.408085,50.722576],[-1.408071,50.722576],[-1.408057,50.722567],[-1.408057,50.722576],[-1.408043,50.722575],[-1.408029,50.722575],[-1.408015,50.722575],[-1.408,50.722575],[-1.407986,50.722575],[-1.407972,50.722575],[-1.407972,50.722584],[-1.407958,50.722584],[-1.407944,50.722584],[-1.407929,50.722584],[-1.407929,50.722593],[-1.407915,50.722593],[-1.407901,50.722593],[-1.407887,50.722584],[-1.407887,50.722593],[-1.407873,50.722593],[-1.407872,50.722602],[-1.407858,50.722601],[-1.407844,50.722601],[-1.40783,50.722601],[-1.40783,50.72261],[-1.407816,50.72261],[-1.407802,50.72261],[-1.407787,50.72261],[-1.407773,50.72261],[-1.407773,50.722619],[-1.407759,50.722619],[-1.407759,50.722628],[-1.407745,50.722628],[-1.407745,50.722619],[-1.407731,50.722619],[-1.407716,50.722619],[-1.407702,50.722619],[-1.407702,50.72261],[-1.407688,50.72261],[-1.407688,50.722619],[-1.407674,50.722619],[-1.40766,50.722618],[-1.407646,50.722618],[-1.407645,50.722627],[-1.407631,50.722627],[-1.407617,50.722627],[-1.407603,50.722627],[-1.407589,50.722627],[-1.407589,50.722636],[-1.407575,50.722636],[-1.40756,50.722636],[-1.40756,50.722645],[-1.407546,50.722645],[-1.407532,50.722636],[-1.407532,50.722645],[-1.407518,50.722645],[-1.407504,50.722636],[-1.407504,50.722645],[-1.40749,50.722645],[-1.40749,50.722636],[-1.407475,50.722635],[-1.407461,50.722626],[-1.407461,50.722635],[-1.407447,50.722626],[-1.407433,50.722626],[-1.407419,50.722626],[-1.407405,50.722626],[-1.40739,50.722626],[-1.407376,50.722626],[-1.407376,50.722635],[-1.407362,50.722635],[-1.407362,50.722644],[-1.407348,50.722644],[-1.407334,50.722644],[-1.407319,50.722644],[-1.407319,50.722653],[-1.407305,50.722653],[-1.407291,50.722653],[-1.407291,50.722662],[-1.407277,50.722661],[-1.407277,50.72267],[-1.407262,50.72267],[-1.407262,50.722679],[-1.407262,50.722688],[-1.407248,50.722688],[-1.407248,50.722697],[-1.407234,50.722697],[-1.40722,50.722697],[-1.407219,50.722706],[-1.407191,50.722688],[-1.407177,50.72267],[-1.407163,50.722661],[-1.407164,50.722643],[-1.407178,50.722616],[-1.407193,50.722598],[-1.407164,50.72258],[-1.407151,50.722553],[-1.407136,50.722553],[-1.40708,50.722517],[-1.407094,50.722517],[-1.407109,50.722517],[-1.407123,50.722517],[-1.407123,50.722508],[-1.407137,50.722508],[-1.407151,50.722508],[-1.407151,50.722499],[-1.407165,50.722499],[-1.407166,50.72249],[-1.40718,50.72249],[-1.40718,50.722481],[-1.407194,50.722481],[-1.407194,50.722472],[-1.407208,50.722472],[-1.407223,50.722472],[-1.407223,50.722463],[-1.407237,50.722463],[-1.407251,50.722463],[-1.407265,50.722464],[-1.407265,50.722455],[-1.407279,50.722464],[-1.407293,50.722464],[-1.407308,50.722464],[-1.407308,50.722455],[-1.407322,50.722455],[-1.407322,50.722446],[-1.407322,50.722437],[-1.407322,50.722428],[-1.407336,50.722428],[-1.407336,50.722419],[-1.407351,50.722419],[-1.407351,50.72241],[-1.407365,50.72241],[-1.407365,50.722401],[-1.407379,50.722401],[-1.407379,50.722392],[-1.407393,50.722392],[-1.407394,50.722383],[-1.407394,50.722374],[-1.407394,50.722365],[-1.407394,50.722356],[-1.407408,50.722356],[-1.407408,50.722347],[-1.407408,50.722338],[-1.407423,50.722338],[-1.407423,50.722329],[-1.407437,50.722339],[-1.407437,50.72233],[-1.407451,50.722339],[-1.407465,50.722348],[-1.407451,50.722348],[-1.407465,50.722357],[-1.407465,50.722366],[-1.407479,50.722366],[-1.407479,50.722357],[-1.407493,50.722366],[-1.407507,50.722366],[-1.407521,50.722366],[-1.407521,50.722357],[-1.407522,50.722348],[-1.407522,50.722339],[-1.407536,50.722339],[-1.407536,50.72233],[-1.407536,50.722321],[-1.407536,50.722312],[-1.40755,50.722312],[-1.407536,50.722303],[-1.407536,50.722294],[-1.407522,50.722294],[-1.407522,50.722285],[-1.407522,50.722276],[-1.407523,50.722267],[-1.407523,50.722258],[-1.407523,50.722249],[-1.407523,50.72224],[-1.407509,50.72224],[-1.407523,50.722231],[-1.407537,50.722231],[-1.407537,50.722222],[-1.407551,50.722222],[-1.407552,50.722213],[-1.407566,50.722213],[-1.407566,50.722204],[-1.40758,50.722204],[-1.407594,50.722204],[-1.407594,50.722195],[-1.407609,50.722196],[-1.407609,50.722187],[-1.407623,50.722187],[-1.407637,50.722187],[-1.407651,50.722187],[-1.407651,50.722196],[-1.407651,50.722205],[-1.407665,50.722205],[-1.407665,50.722196],[-1.407679,50.722196],[-1.407693,50.722196],[-1.407708,50.722196],[-1.407708,50.722187],[-1.407722,50.722187],[-1.407736,50.722187],[-1.407736,50.722178],[-1.40775,50.722187],[-1.407764,50.722196],[-1.407764,50.722205],[-1.407778,50.722214],[-1.407778,50.722223],[-1.407792,50.722223],[-1.407792,50.722214],[-1.407793,50.722205],[-1.407807,50.722206],[-1.407807,50.722197],[-1.407821,50.722197],[-1.407835,50.722197],[-1.407849,50.722197],[-1.407849,50.722206],[-1.407863,50.722215],[-1.407877,50.722215],[-1.407877,50.722224],[-1.407891,50.722224],[-1.407891,50.722233],[-1.407906,50.722233],[-1.407906,50.722224],[-1.40792,50.722233],[-1.407934,50.722242],[-1.407948,50.722251],[-1.407948,50.72226],[-1.407948,50.722269],[-1.407962,50.722269],[-1.407962,50.722278],[-1.407962,50.722287],[-1.407961,50.722296],[-1.407975,50.722296],[-1.407975,50.722305],[-1.40799,50.722305],[-1.40799,50.722296],[-1.408004,50.722296],[-1.408004,50.722287],[-1.408018,50.722288],[-1.408018,50.722279],[-1.408004,50.722269],[-1.408004,50.72226],[-1.408004,50.722251],[-1.408004,50.722243],[-1.40799,50.722242],[-1.40799,50.722233],[-1.407991,50.722224],[-1.408005,50.722225],[-1.408019,50.722225],[-1.408019,50.722216],[-1.408033,50.722225],[-1.408047,50.722225],[-1.408061,50.722225],[-1.408075,50.722234],[-1.40809,50.722234],[-1.408104,50.722243],[-1.408118,50.722252],[-1.408132,50.722252],[-1.408132,50.722261],[-1.408146,50.722261],[-1.408146,50.72227],[-1.40816,50.722279],[-1.408174,50.722279],[-1.408174,50.722288],[-1.408188,50.722288],[-1.408188,50.722297],[-1.408202,50.722297],[-1.408202,50.722306],[-1.408216,50.722307],[-1.40823,50.722307],[-1.40823,50.722316],[-1.408244,50.722316],[-1.408244,50.722325],[-1.408244,50.722334],[-1.408244,50.722343],[-1.408244,50.722352],[-1.408258,50.722352],[-1.408258,50.722343],[-1.408272,50.722343],[-1.408273,50.722334],[-1.408273,50.722325],[-1.408287,50.722325],[-1.408287,50.722316],[-1.408301,50.722316],[-1.408315,50.722316],[-1.408315,50.722307],[-1.408315,50.722298],[-1.40833,50.722298],[-1.40833,50.722289],[-1.40833,50.72228],[-1.408344,50.72228],[-1.408344,50.722271],[-1.408358,50.722271],[-1.408372,50.722271],[-1.408387,50.722271],[-1.408401,50.722271],[-1.408401,50.722262],[-1.408401,50.722254],[-1.408415,50.722254],[-1.408415,50.722245],[-1.40843,50.722245],[-1.40843,50.722236],[-1.40843,50.722227],[-1.40843,50.722218],[-1.408444,50.722218],[-1.408444,50.722209],[-1.408458,50.722209],[-1.408458,50.7222],[-1.408459,50.722191],[-1.408473,50.722191],[-1.408473,50.722182],[-1.408473,50.722173],[-1.408487,50.722173],[-1.408487,50.722164],[-1.408473,50.722155],[-1.408459,50.722155],[-1.408445,50.722155],[-1.408445,50.722146],[-1.408445,50.722137],[-1.408459,50.722137],[-1.408473,50.722137],[-1.408473,50.722146],[-1.408487,50.722155],[-1.408487,50.722146],[-1.408488,50.722137],[-1.408502,50.722146],[-1.408502,50.722137],[-1.408516,50.722137],[-1.408516,50.722128],[-1.40853,50.722128],[-1.40853,50.722119],[-1.40853,50.72211],[-1.40853,50.722101],[-1.408531,50.722092],[-1.408516,50.722092],[-1.408516,50.722083],[-1.408517,50.722074],[-1.408517,50.722065],[-1.408531,50.722065],[-1.408531,50.722056],[-1.408531,50.722047],[-1.408517,50.722038],[-1.408503,50.722038],[-1.408503,50.722047],[-1.408503,50.722056],[-1.408489,50.722056],[-1.408488,50.722065],[-1.408474,50.722065],[-1.408474,50.722074],[-1.40846,50.722074],[-1.408474,50.722083],[-1.40846,50.722083],[-1.40846,50.722092],[-1.40846,50.722101],[-1.408459,50.72211],[-1.408445,50.72211],[-1.408431,50.72211],[-1.408431,50.722119],[-1.408417,50.722119],[-1.408403,50.722119],[-1.408389,50.72211],[-1.408375,50.722109],[-1.40836,50.722109],[-1.40836,50.7221],[-1.408346,50.7221],[-1.408346,50.722109],[-1.408332,50.722109],[-1.408318,50.7221],[-1.408318,50.722091],[-1.408318,50.722082],[-1.408304,50.722082],[-1.40829,50.722073],[-1.408276,50.722073],[-1.408262,50.722073],[-1.408247,50.722073],[-1.408233,50.722073],[-1.408219,50.722064],[-1.408205,50.722064],[-1.408191,50.722055],[-1.408191,50.722046],[-1.408177,50.722046],[-1.408177,50.722037],[-1.408163,50.722036],[-1.408149,50.722036],[-1.408135,50.722027],[-1.408135,50.722018],[-1.408121,50.722018],[-1.408107,50.722018],[-1.408092,50.722018],[-1.408078,50.722018],[-1.408078,50.722027],[-1.408064,50.722027],[-1.40805,50.722027],[-1.408036,50.722027],[-1.408021,50.722027],[-1.408022,50.722018],[-1.408008,50.722009],[-1.408008,50.722],[-1.408022,50.722],[-1.408036,50.722],[-1.408036,50.721991],[-1.40805,50.721991],[-1.40805,50.721982],[-1.408064,50.721982],[-1.408079,50.721982],[-1.408079,50.721973],[-1.408093,50.721973],[-1.408107,50.721973],[-1.408121,50.721973],[-1.408121,50.721964],[-1.408135,50.721973],[-1.408135,50.721964],[-1.40815,50.721964],[-1.40815,50.721973],[-1.408164,50.721974],[-1.408178,50.721974],[-1.408178,50.721983],[-1.408192,50.721983],[-1.408206,50.721983],[-1.408206,50.721974],[-1.40822,50.721974],[-1.408235,50.721974],[-1.408235,50.721965],[-1.408249,50.721965],[-1.408263,50.721965],[-1.408263,50.721956],[-1.408277,50.721956],[-1.408292,50.721956],[-1.408306,50.721956],[-1.40832,50.721956],[-1.408334,50.721956],[-1.408348,50.721956],[-1.408362,50.721957],[-1.408376,50.721957],[-1.408377,50.721948],[-1.408391,50.721948],[-1.408405,50.721948],[-1.408419,50.721948],[-1.408433,50.721948],[-1.408447,50.721948],[-1.408462,50.721948],[-1.408476,50.721948],[-1.40849,50.721948],[-1.408504,50.721948],[-1.408518,50.721948],[-1.408532,50.721948],[-1.408547,50.721948],[-1.408561,50.721949],[-1.408575,50.721949],[-1.408589,50.721949],[-1.408603,50.721949],[-1.408617,50.721949],[-1.408632,50.721949],[-1.408646,50.721949],[-1.40866,50.721949],[-1.40866,50.72194],[-1.408674,50.72194],[-1.408688,50.721949],[-1.408688,50.72194],[-1.408702,50.72194],[-1.408717,50.72194],[-1.408731,50.72194],[-1.408731,50.721949],[-1.408745,50.721949],[-1.408745,50.721941],[-1.408759,50.721941],[-1.408773,50.721941],[-1.408788,50.721941],[-1.408802,50.721941],[-1.408816,50.721941],[-1.40883,50.721941],[-1.408844,50.721941],[-1.408844,50.721932],[-1.408858,50.721932],[-1.408873,50.721932],[-1.408872,50.721941],[-1.408872,50.72195],[-1.408872,50.721959],[-1.408872,50.721968],[-1.408858,50.721968],[-1.408858,50.721977],[-1.408858,50.721986],[-1.408872,50.721986],[-1.408872,50.721995],[-1.408983,50.72214],[-1.408983,50.722149],[-1.408997,50.722158],[-1.409011,50.722158],[-1.408997,50.722167],[-1.408983,50.722167],[-1.408983,50.722176],[-1.408983,50.722185],[-1.408983,50.722194],[-1.408997,50.722194],[-1.408997,50.722203],[-1.409011,50.722203],[-1.409025,50.722212],[-1.409039,50.722221],[-1.409025,50.722221],[-1.409025,50.72223]]]}},{"type":"Feature","properties":{"cat":"site","type":"Disposal site","status":"open","org":" ","title":"Island Marina","ref":null,"start":"1970-01-01","end":"1970-01-01","kind":"site"},"geometry":{"type":"Polygon","coordinates":[[[-1.273042,50.726091],[-1.273429,50.726686],[-1.272131,50.727263],[-1.271739,50.726982],[-1.27271,50.726475],[-1.272841,50.726251],[-1.273042,50.726091]]]}},{"type":"Feature","properties":{"cat":"site","type":"Disposal site","status":"open","org":" ","title":"Marchwood Shiplift Disposal Area","ref":null,"start":"1970-01-01","end":"1970-01-01","kind":"site"},"geometry":{"type":"Polygon","coordinates":[[[-1.421501,50.892253],[-1.420784,50.892575],[-1.420488,50.892312],[-1.421204,50.891991],[-1.421501,50.892253]]]}},{"type":"Feature","properties":{"cat":"site","type":"Disposal site","status":"open","org":" ","title":"Portland Harbour Deep Water Relocation","ref":null,"start":"1970-01-01","end":"1970-01-01","kind":"site"},"geometry":{"type":"Polygon","coordinates":[[[-2.425925,50.572272],[-2.425957,50.575869],[-2.425241,50.575872],[-2.425251,50.576],[-2.421,50.576],[-2.421,50.573],[-2.421695,50.573],[-2.421689,50.572288],[-2.425925,50.572272]]]}},{"type":"Feature","properties":{"cat":"site","type":"Disposal site","status":"open","org":" ","title":"Emerald Quay, R Adur","ref":null,"start":"1970-01-01","end":"1970-01-01","kind":"site"},"geometry":{"type":"Polygon","coordinates":[[[-0.266315,50.831845],[-0.264895,50.831857],[-0.264889,50.831173],[-0.266309,50.83118],[-0.266315,50.831845]]]}},{"type":"Feature","properties":{"cat":"site","type":"Disposal site","status":"open","org":"Opened for MLA/2022/00064","title":"Milford-on-Sea Beach","ref":null,"start":"1970-01-01","end":"1970-01-01","kind":"site"},"geometry":{"type":"Polygon","coordinates":[[[-1.5929,50.7211],[-1.5928,50.7213],[-1.587,50.7199],[-1.5872,50.7197],[-1.5929,50.7211]]]}},{"type":"Feature","properties":{"cat":"site","type":"Disposal site","status":"open","org":" ","title":"West Beach","ref":null,"start":"1970-01-01","end":"1970-01-01","kind":"site"},"geometry":{"type":"Polygon","coordinates":[[[-2.767434,50.711268],[-2.766864,50.71117],[-2.765906,50.710927],[-2.765485,50.710777],[-2.765258,50.710535],[-2.765487,50.710465],[-2.766392,50.710808],[-2.767233,50.71086],[-2.767434,50.711268]]]}},{"type":"Feature","properties":{"cat":"site","type":"Disposal site","status":"open","org":" ","title":"West Cliff Beach","ref":null,"start":"1970-01-01","end":"1970-01-01","kind":"site"},"geometry":{"type":"Polygon","coordinates":[[[-2.769229,50.711618],[-2.767748,50.711301],[-2.767663,50.711076],[-2.768084,50.711182],[-2.769276,50.711556],[-2.769229,50.711618]]]}},{"type":"Feature","properties":{"cat":"site","type":"Disposal site","status":"open","org":"Opened for MLA/2023/00052","title":"Boiler Marsh","ref":null,"start":"1970-01-01","end":"1970-01-01","kind":"site"},"geometry":{"type":"Polygon","coordinates":[[[-1.500481,50.752027],[-1.500185,50.751982],[-1.499957,50.751993],[-1.49976,50.752011],[-1.499483,50.752016],[-1.499435,50.75191],[-1.499541,50.751807],[-1.499683,50.751817],[-1.499821,50.751773],[-1.50005,50.751687],[-1.500264,50.751606],[-1.500325,50.751475],[-1.500326,50.751331],[-1.500426,50.751181],[-1.500825,50.750831],[-1.501044,50.750701],[-1.501302,50.75062],[-1.501353,50.750489],[-1.501236,50.750391],[-1.501177,50.75036],[-1.501256,50.750354],[-1.500941,50.750308],[-1.500694,50.750251],[-1.500657,50.750075],[-1.500677,50.75005],[-1.500639,50.7499],[-1.500867,50.749782],[-1.500985,50.749889],[-1.50116,50.75009],[-1.501378,50.750035],[-1.501487,50.749975],[-1.501498,50.749806],[-1.5015,50.749637],[-1.50172,50.749456],[-1.501771,50.74929],[-1.501864,50.748968],[-1.501896,50.748717],[-1.502283,50.748569],[-1.502618,50.748633],[-1.502887,50.748471],[-1.502751,50.748194],[-1.502445,50.748162],[-1.502396,50.748111],[-1.502815,50.747637],[-1.502985,50.747493],[-1.503143,50.747475],[-1.50345,50.747336],[-1.503767,50.747382],[-1.507079,50.747959],[-1.507768,50.748156],[-1.507656,50.748673],[-1.507355,50.748969],[-1.506863,50.748955],[-1.506695,50.748954],[-1.506499,50.748853],[-1.506309,50.749059],[-1.506635,50.749054],[-1.506534,50.749248],[-1.506453,50.749379],[-1.506539,50.749517],[-1.506339,50.749761],[-1.506164,50.749867],[-1.506098,50.75013],[-1.506096,50.750312],[-1.506104,50.750518],[-1.506023,50.7507],[-1.505793,50.750912],[-1.505771,50.750907],[-1.505775,50.750912],[-1.505488,50.75103],[-1.5052,50.751141],[-1.505061,50.751178],[-1.504665,50.751239],[-1.504142,50.75125],[-1.503994,50.751218],[-1.503638,50.751248],[-1.503449,50.751347],[-1.503111,50.751502],[-1.502963,50.751558],[-1.502814,50.751583],[-1.502587,50.751544],[-1.502499,50.751487],[-1.50249,50.751381],[-1.502442,50.751236],[-1.502295,50.751148],[-1.502028,50.751209],[-1.501918,50.751341],[-1.501699,50.751496],[-1.50141,50.751696],[-1.501319,50.751852],[-1.50121,50.751939],[-1.50112,50.751976],[-1.500932,50.752013],[-1.500836,50.752097],[-1.500609,50.752084],[-1.500481,50.752027]]]}},{"type":"Feature","properties":{"cat":"site","type":"Disposal site","status":"open","org":"Opened for MLA/2024/00253","title":"Werrar Marsh","ref":null,"start":"1970-01-01","end":"1970-01-01","kind":"site"},"geometry":{"type":"Polygon","coordinates":[[[-1.284348,50.733167],[-1.283688,50.731255],[-1.283622,50.730742],[-1.283993,50.730687],[-1.284293,50.731293],[-1.284503,50.731647],[-1.284677,50.732038],[-1.284743,50.732203],[-1.284895,50.732505],[-1.28504,50.732792],[-1.284823,50.733413],[-1.284348,50.733167]]]}},{"type":"Feature","properties":{"cat":"site","type":"Disposal site","status":"open","org":"Opened for DCO/2019/00005","title":"Rampion 2 Array","ref":null,"start":"1970-01-01","end":"1970-01-01","kind":"site"},"geometry":{"type":"Polygon","coordinates":[[[-0.472493,50.608317],[-0.483076,50.606654],[-0.496154,50.604599],[-0.503529,50.603439],[-0.572516,50.592561],[-0.59057,50.589752],[-0.611261,50.586541],[-0.616365,50.585748],[-0.626457,50.585718],[-0.626692,50.587554],[-0.626794,50.588333],[-0.626797,50.588357],[-0.62705,50.590293],[-0.627269,50.591975],[-0.628028,50.597789],[-0.629125,50.606196],[-0.629213,50.606865],[-0.629634,50.610091],[-0.630941,50.619143],[-0.631148,50.620678],[-0.63159,50.623961],[-0.631852,50.625911],[-0.632367,50.629735],[-0.63257,50.63124],[-0.632653,50.632146],[-0.602424,50.650498],[-0.561352,50.656776],[-0.535848,50.660666],[-0.51034,50.664551],[-0.398182,50.681556],[-0.398182,50.681556],[-0.366733,50.686303],[-0.365517,50.686486],[-0.358599,50.664985],[-0.35229,50.64536],[-0.349493,50.636653],[-0.346849,50.628422],[-0.346001,50.625783],[-0.345998,50.625774],[-0.345996,50.625768],[-0.345095,50.623],[-0.344376,50.623194],[-0.274158,50.64216],[-0.271409,50.637034],[-0.239709,50.644833],[-0.188432,50.655336],[-0.188257,50.655371],[-0.188033,50.655417],[-0.187875,50.65545],[-0.187777,50.65547],[-0.187676,50.65549],[-0.186796,50.65567],[-0.186791,50.655671],[-0.186418,50.655748],[-0.186408,50.65575],[-0.18633,50.655765],[-0.186296,50.655772],[-0.186249,50.655782],[-0.186214,50.655789],[-0.186183,50.655796],[-0.186137,50.655805],[-0.186091,50.655814],[-0.186071,50.655819],[-0.18602,50.655829],[-0.185973,50.655839],[-0.185941,50.655845],[-0.185876,50.655859],[-0.185852,50.655863],[-0.185788,50.655876],[-0.185769,50.65588],[-0.185769,50.65588],[-0.185674,50.6559],[-0.185648,50.655905],[-0.185599,50.655915],[-0.18555,50.655925],[-0.185535,50.655928],[-0.184398,50.656161],[-0.183486,50.656347],[-0.183419,50.656361],[-0.183367,50.656372],[-0.183293,50.656387],[-0.183279,50.65639],[-0.183241,50.656397],[-0.183226,50.6564],[-0.183161,50.656414],[-0.178354,50.641427],[-0.168689,50.61127],[-0.208325,50.599121],[-0.217961,50.596164],[-0.235836,50.590676],[-0.267239,50.592221],[-0.267276,50.592222],[-0.335384,50.595542],[-0.336293,50.595586],[-0.348144,50.605022],[-0.350788,50.607126],[-0.351587,50.607762],[-0.353607,50.60937],[-0.354443,50.610007],[-0.356737,50.611757],[-0.359561,50.613911],[-0.36339,50.616831],[-0.364132,50.617396],[-0.372719,50.623942],[-0.373067,50.624208],[-0.379134,50.623237],[-0.426914,50.615581],[-0.472493,50.608317]]]}},{"type":"Feature","properties":{"cat":"site","type":"Disposal site","status":"open","org":"Opened for MLA/2024/00394","title":"Brighton B","ref":null,"start":null,"end":"1970-01-01","kind":"site"},"geometry":{"type":"Polygon","coordinates":[[[-0.094222,50.809197],[-0.093349,50.810495],[-0.0917,50.809999],[-0.092605,50.807623],[-0.094222,50.809197]]]}},{"type":"Feature","properties":{"cat":"site","type":"Disposal site","status":"open","org":"Opened for DCO/2019/00005","title":"Rampion 2 Export Corridor","ref":null,"start":"1970-01-01","end":"1970-01-01","kind":"site"},"geometry":{"type":"Polygon","coordinates":[[[-0.561352,50.656776],[-0.57344,50.671212],[-0.592787,50.694298],[-0.607375,50.711687],[-0.606631,50.715096],[-0.604499,50.724863],[-0.60042,50.743533],[-0.598372,50.752899],[-0.59423,50.771834],[-0.59229,50.780698],[-0.589752,50.792284],[-0.589601,50.792976],[-0.589507,50.793403],[-0.589429,50.793761],[-0.589414,50.793826],[-0.589342,50.794155],[-0.589306,50.794167],[-0.589267,50.794178],[-0.589228,50.794188],[-0.589256,50.794215],[-0.589239,50.794225],[-0.589224,50.794232],[-0.58921,50.794239],[-0.589195,50.794246],[-0.58918,50.794252],[-0.589164,50.794259],[-0.589149,50.794265],[-0.589138,50.79427],[-0.589057,50.794297],[-0.589039,50.794301],[-0.589019,50.794305],[-0.589007,50.794308],[-0.588994,50.794309],[-0.588981,50.794311],[-0.588968,50.794312],[-0.588955,50.794312],[-0.588942,50.794313],[-0.588915,50.794315],[-0.588902,50.794316],[-0.588889,50.794317],[-0.588876,50.794319],[-0.588864,50.794321],[-0.588842,50.794325],[-0.588821,50.794329],[-0.5888,50.794333],[-0.588779,50.794338],[-0.588758,50.794342],[-0.588737,50.794347],[-0.588654,50.794367],[-0.588674,50.794387],[-0.588631,50.794397],[-0.588593,50.794405],[-0.588556,50.794412],[-0.588511,50.79442],[-0.588466,50.794428],[-0.588421,50.794433],[-0.588387,50.794436],[-0.588354,50.794439],[-0.58832,50.794441],[-0.588287,50.794444],[-0.588253,50.794447],[-0.588111,50.794461],[-0.588073,50.794465],[-0.588036,50.794471],[-0.588029,50.794473],[-0.588022,50.794474],[-0.588016,50.794477],[-0.588009,50.794479],[-0.588052,50.794529],[-0.588055,50.794532],[-0.588033,50.794539],[-0.588018,50.794544],[-0.588002,50.794549],[-0.587987,50.794553],[-0.587971,50.794557],[-0.587955,50.794561],[-0.587948,50.794562],[-0.587937,50.794565],[-0.587918,50.794568],[-0.5879,50.794572],[-0.587881,50.794575],[-0.587862,50.794578],[-0.587844,50.794581],[-0.5878,50.794587],[-0.587757,50.794593],[-0.587713,50.794598],[-0.58767,50.794602],[-0.587627,50.794605],[-0.587584,50.794608],[-0.587486,50.794618],[-0.587474,50.79462],[-0.587462,50.794623],[-0.58745,50.794626],[-0.587438,50.794629],[-0.587426,50.794631],[-0.587414,50.794634],[-0.587407,50.794635],[-0.587399,50.794635],[-0.587386,50.794636],[-0.587417,50.794671],[-0.587301,50.794696],[-0.587168,50.794724],[-0.587147,50.794728],[-0.587125,50.794732],[-0.587103,50.794734],[-0.587081,50.794737],[-0.587058,50.794738],[-0.587035,50.79474],[-0.587013,50.794741],[-0.58699,50.794742],[-0.586968,50.794743],[-0.58692,50.794746],[-0.586919,50.794746],[-0.58687,50.794748],[-0.586821,50.794749],[-0.586771,50.794751],[-0.586355,50.794764],[-0.585881,50.794777],[-0.585355,50.794794],[-0.585136,50.794798],[-0.584918,50.794806],[-0.584655,50.794822],[-0.583987,50.794862],[-0.583565,50.794891],[-0.583235,50.794916],[-0.582942,50.794943],[-0.582624,50.794967],[-0.582483,50.794984],[-0.582436,50.79499],[-0.582315,50.795006],[-0.582045,50.795036],[-0.581708,50.795077],[-0.581434,50.795114],[-0.581264,50.795137],[-0.581154,50.795152],[-0.581066,50.795166],[-0.580978,50.795183],[-0.580891,50.7952],[-0.580766,50.795227],[-0.580642,50.795255],[-0.580618,50.79526],[-0.580442,50.795305],[-0.580379,50.795317],[-0.580315,50.795328],[-0.580252,50.79534],[-0.580188,50.795351],[-0.579995,50.795385],[-0.579949,50.795395],[-0.579926,50.795401],[-0.579904,50.795406],[-0.579841,50.795419],[-0.579778,50.795431],[-0.579602,50.795463],[-0.579455,50.795486],[-0.579403,50.795497],[-0.579351,50.795509],[-0.579282,50.795521],[-0.579283,50.795523],[-0.579266,50.795531],[-0.579251,50.795537],[-0.579236,50.795542],[-0.579221,50.795548],[-0.579205,50.795552],[-0.579189,50.795556],[-0.579173,50.79556],[-0.579157,50.795563],[-0.579124,50.795569],[-0.579108,50.795572],[-0.579092,50.795575],[-0.579076,50.795578],[-0.57893,50.79561],[-0.578758,50.795659],[-0.578721,50.795668],[-0.578684,50.795677],[-0.578647,50.795686],[-0.578568,50.79571],[-0.578536,50.795721],[-0.578497,50.795734],[-0.578458,50.795747],[-0.578419,50.795759],[-0.578263,50.795801],[-0.578091,50.795844],[-0.578047,50.795855],[-0.578004,50.795866],[-0.577961,50.795876],[-0.577906,50.795888],[-0.577844,50.795899],[-0.577862,50.795915],[-0.577855,50.795921],[-0.57785,50.795925],[-0.577845,50.795929],[-0.577839,50.795932],[-0.577833,50.795935],[-0.577813,50.795943],[-0.577794,50.79595],[-0.577774,50.795957],[-0.577705,50.795978],[-0.577588,50.796009],[-0.577542,50.79602],[-0.577519,50.796026],[-0.577496,50.796032],[-0.577473,50.796037],[-0.57745,50.796042],[-0.577428,50.796047],[-0.577406,50.796049],[-0.577384,50.796052],[-0.577361,50.796054],[-0.577339,50.796058],[-0.577308,50.796065],[-0.577277,50.796073],[-0.577246,50.79608],[-0.577215,50.796089],[-0.577182,50.796099],[-0.577145,50.796111],[-0.577154,50.796118],[-0.577149,50.796123],[-0.577144,50.796127],[-0.577139,50.796131],[-0.577133,50.796134],[-0.577108,50.796147],[-0.577081,50.796159],[-0.577062,50.796166],[-0.577043,50.796174],[-0.577024,50.796181],[-0.577005,50.796188],[-0.576985,50.796195],[-0.57689,50.796221],[-0.576821,50.796239],[-0.576752,50.796257],[-0.576636,50.796283],[-0.5767,50.79633],[-0.5767,50.796345],[-0.576699,50.796348],[-0.576698,50.796351],[-0.576697,50.796355],[-0.576695,50.796357],[-0.576693,50.79636],[-0.576691,50.796363],[-0.576688,50.796366],[-0.576677,50.796374],[-0.576665,50.796381],[-0.576653,50.796387],[-0.57664,50.796394],[-0.576629,50.796402],[-0.576614,50.796413],[-0.576601,50.796426],[-0.576589,50.796439],[-0.576576,50.796451],[-0.576561,50.796463],[-0.576466,50.796524],[-0.576366,50.79659],[-0.576369,50.796594],[-0.576359,50.796604],[-0.576348,50.796614],[-0.576337,50.796624],[-0.576325,50.796633],[-0.576313,50.796642],[-0.5763,50.796651],[-0.576275,50.796666],[-0.576262,50.796673],[-0.576249,50.79668],[-0.576236,50.796687],[-0.576223,50.796694],[-0.576209,50.796701],[-0.576187,50.796712],[-0.576159,50.796724],[-0.576164,50.796728],[-0.576147,50.796739],[-0.576132,50.796748],[-0.576116,50.796756],[-0.576099,50.796763],[-0.576082,50.79677],[-0.576063,50.796777],[-0.576045,50.796783],[-0.576027,50.79679],[-0.576009,50.796796],[-0.57599,50.796802],[-0.575972,50.796808],[-0.575953,50.796814],[-0.575934,50.79682],[-0.575917,50.796825],[-0.575864,50.796841],[-0.575795,50.796862],[-0.575628,50.796913],[-0.575383,50.796991],[-0.575241,50.797031],[-0.575096,50.797068],[-0.574918,50.797112],[-0.574847,50.797129],[-0.574552,50.797206],[-0.5743,50.797271],[-0.574016,50.797337],[-0.573845,50.797373],[-0.573839,50.797375],[-0.573693,50.79741],[-0.573014,50.797544],[-0.572894,50.797567],[-0.572868,50.797571],[-0.572639,50.797615],[-0.572584,50.797627],[-0.572529,50.797639],[-0.572474,50.797651],[-0.572419,50.797663],[-0.572371,50.797671],[-0.572322,50.797677],[-0.572273,50.797684],[-0.572225,50.797693],[-0.572042,50.797733],[-0.571907,50.797762],[-0.571902,50.797763],[-0.571777,50.797789],[-0.571556,50.79783],[-0.571434,50.797853],[-0.571312,50.797875],[-0.571031,50.797915],[-0.570838,50.797945],[-0.570672,50.797969],[-0.570675,50.797973],[-0.570711,50.798028],[-0.570685,50.798041],[-0.570667,50.79805],[-0.57065,50.798058],[-0.570631,50.798066],[-0.570612,50.798073],[-0.570593,50.79808],[-0.570574,50.798085],[-0.570554,50.798091],[-0.570535,50.798097],[-0.570515,50.798102],[-0.570496,50.798107],[-0.570476,50.798112],[-0.570456,50.798117],[-0.570436,50.798121],[-0.570415,50.798126],[-0.57036,50.798137],[-0.570304,50.798147],[-0.570248,50.798157],[-0.570193,50.798168],[-0.570084,50.798194],[-0.569976,50.79822],[-0.569895,50.798235],[-0.569815,50.798249],[-0.569735,50.798266],[-0.569623,50.798291],[-0.569591,50.798299],[-0.569334,50.798358],[-0.569303,50.798363],[-0.569271,50.798367],[-0.569239,50.79837],[-0.569206,50.798372],[-0.569174,50.798374],[-0.569141,50.798376],[-0.569109,50.798379],[-0.568876,50.798408],[-0.56861,50.798437],[-0.568385,50.798457],[-0.56834,50.798463],[-0.568295,50.798471],[-0.568251,50.798479],[-0.568232,50.798483],[-0.568207,50.798488],[-0.568186,50.798492],[-0.568084,50.798513],[-0.567961,50.798538],[-0.567754,50.79858],[-0.5677,50.79859],[-0.567646,50.798597],[-0.567537,50.79861],[-0.567483,50.798617],[-0.567397,50.798633],[-0.567361,50.798639],[-0.567311,50.798647],[-0.567274,50.798651],[-0.567237,50.798654],[-0.5672,50.798657],[-0.567163,50.79866],[-0.567126,50.798665],[-0.567057,50.798674],[-0.566989,50.798684],[-0.566839,50.798702],[-0.566528,50.798733],[-0.566261,50.798768],[-0.565969,50.798804],[-0.565673,50.798842],[-0.565397,50.79888],[-0.565064,50.798922],[-0.564705,50.798966],[-0.564378,50.799026],[-0.564295,50.799036],[-0.564238,50.79905],[-0.56418,50.799064],[-0.564122,50.799077],[-0.564063,50.799089],[-0.564004,50.7991],[-0.563948,50.799109],[-0.563891,50.799116],[-0.563834,50.799123],[-0.563777,50.79913],[-0.563721,50.799139],[-0.563598,50.799161],[-0.563476,50.799183],[-0.563353,50.799205],[-0.56301,50.799259],[-0.562922,50.799277],[-0.562836,50.799298],[-0.56275,50.799321],[-0.562664,50.799342],[-0.562576,50.79936],[-0.562472,50.799378],[-0.562367,50.799396],[-0.562262,50.799414],[-0.561857,50.799486],[-0.561459,50.799561],[-0.5614,50.799569],[-0.560706,50.799668],[-0.560462,50.799703],[-0.560377,50.799715],[-0.560271,50.79973],[-0.560166,50.799745],[-0.56006,50.799759],[-0.559881,50.799778],[-0.559699,50.799792],[-0.559423,50.79981],[-0.559378,50.799812],[-0.559027,50.799836],[-0.558805,50.799848],[-0.558583,50.79986],[-0.558242,50.799889],[-0.557856,50.799917],[-0.556858,50.800003],[-0.55655,50.800019],[-0.556425,50.800029],[-0.5563,50.800042],[-0.556175,50.800053],[-0.55592,50.800069],[-0.555665,50.800083],[-0.555364,50.800096],[-0.555012,50.800115],[-0.554863,50.800119],[-0.554714,50.800123],[-0.554582,50.800131],[-0.55445,50.800139],[-0.554319,50.800148],[-0.554139,50.800157],[-0.554068,50.800149],[-0.554023,50.800145],[-0.553978,50.800142],[-0.553945,50.800141],[-0.553934,50.800141],[-0.553889,50.800141],[-0.553665,50.800154],[-0.553442,50.800169],[-0.553178,50.800175],[-0.552913,50.800179],[-0.552832,50.800179],[-0.552752,50.800177],[-0.552672,50.800174],[-0.552592,50.800173],[-0.552511,50.800172],[-0.552431,50.800175],[-0.552023,50.800202],[-0.55163,50.800224],[-0.551519,50.800232],[-0.551407,50.80024],[-0.551296,50.800247],[-0.551202,50.800251],[-0.551109,50.800252],[-0.551015,50.800252],[-0.550921,50.800251],[-0.550701,50.800256],[-0.550521,50.800268],[-0.550219,50.800282],[-0.55015,50.800282],[-0.550081,50.80028],[-0.550012,50.800278],[-0.549943,50.800276],[-0.549873,50.800275],[-0.54971,50.800278],[-0.549547,50.80028],[-0.549389,50.800278],[-0.549231,50.800276],[-0.549072,50.800273],[-0.54865,50.800265],[-0.546848,50.80019],[-0.546376,50.800171],[-0.546302,50.800101],[-0.545768,50.799592],[-0.544797,50.798667],[-0.544798,50.798571],[-0.544825,50.796432],[-0.544905,50.790023],[-0.545055,50.777971],[-0.545255,50.761831],[-0.545435,50.747307],[-0.545718,50.724417],[-0.545799,50.717869],[-0.545922,50.707875],[-0.545955,50.706991],[-0.54527,50.706302],[-0.532695,50.691281],[-0.529039,50.686912],[-0.51034,50.664551],[-0.561352,50.656776]]]}},{"type":"Feature","properties":{"cat":"site","type":"Disposal site","status":"open","org":" ","title":"Bristol Channel Approaches (26km buffer)","ref":null,"start":"1970-01-01","end":"1970-01-01","kind":"site"},"geometry":{"type":"Polygon","coordinates":[[[-5.475693,50.1226],[-5.476483,50.12213],[-5.476602,50.12219],[-5.47581,50.122663],[-5.475693,50.1226]]]}},{"type":"Feature","properties":{"cat":"site","type":"Disposal site","status":"open","org":"MLA/2024/00568","title":"Hove Beach Nourishment Site","ref":null,"start":"1970-01-01","end":"1970-01-01","kind":"site"},"geometry":{"type":"Polygon","coordinates":[[[-0.182049,50.824134],[-0.181949,50.825044],[-0.181124,50.824825],[-0.176758,50.824326],[-0.175083,50.824197],[-0.175053,50.824295],[-0.174619,50.824257],[-0.174618,50.824262],[-0.174137,50.824212],[-0.173838,50.824181],[-0.173654,50.824162],[-0.172257,50.824169],[-0.17218,50.824163],[-0.172187,50.824144],[-0.169248,50.823779],[-0.169386,50.822997],[-0.170794,50.822918],[-0.171714,50.822989],[-0.172913,50.823074],[-0.173987,50.823062],[-0.175112,50.823185],[-0.176272,50.823276],[-0.177151,50.823323],[-0.177925,50.823388],[-0.178733,50.823454],[-0.179369,50.823507],[-0.180515,50.823634],[-0.182049,50.824134]]]}}]}