{"type":"FeatureCollection","features":[{"type":"Feature","properties":{"sp":"greyseal","n":2748,"res":10000},"geometry":{"type":"Polygon","coordinates":[[[-5.207214,49.945812],[-5.068044,49.949581],[-5.07377,50.039389],[-5.213198,50.035609],[-5.207214,49.945812]]]}},{"type":"Feature","properties":{"sp":"greyseal","n":1509,"res":10000},"geometry":{"type":"Polygon","coordinates":[[[-5.631296,50.023265],[-5.491963,50.027547],[-5.498496,50.117316],[-5.638089,50.113021],[-5.631296,50.023265]]]}},{"type":"Feature","properties":{"sp":"greyseal","n":989,"res":10000},"geometry":{"type":"Polygon","coordinates":[[[-5.505063,50.207083],[-5.365176,50.211224],[-5.371514,50.301002],[-5.511663,50.296848],[-5.505063,50.207083]]]}},{"type":"Feature","properties":{"sp":"greyseal","n":943,"res":10000},"geometry":{"type":"Polygon","coordinates":[[[-5.346354,49.941877],[-5.207214,49.945812],[-5.213198,50.035609],[-5.352596,50.031661],[-5.346354,49.941877]]]}},{"type":"Feature","properties":{"sp":"greyseal","n":566,"res":10000},"geometry":{"type":"Polygon","coordinates":[[[-4.967699,50.581884],[-4.826633,50.585396],[-4.832028,50.675215],[-4.973363,50.671692],[-4.967699,50.581884]]]}},{"type":"Feature","properties":{"sp":"greyseal","n":479,"res":10000},"geometry":{"type":"Polygon","coordinates":[[[-5.777648,50.108558],[-5.638089,50.113021],[-5.644916,50.202774],[-5.784735,50.198297],[-5.777648,50.108558]]]}},{"type":"Feature","properties":{"sp":"greyseal","n":370,"res":10000},"geometry":{"type":"Polygon","coordinates":[[[-5.102835,50.488405],[-4.962064,50.492075],[-4.967699,50.581884],[-5.108737,50.578202],[-5.102835,50.488405]]]}},{"type":"Feature","properties":{"sp":"greyseal","n":365,"res":10000},"geometry":{"type":"Polygon","coordinates":[[[-5.07377,50.039389],[-4.934312,50.043003],[-4.939807,50.132821],[-5.079524,50.129196],[-5.07377,50.039389]]]}},{"type":"Feature","properties":{"sp":"greyseal","n":327,"res":10000},"geometry":{"type":"Polygon","coordinates":[[[-5.365176,50.211224],[-5.225257,50.215197],[-5.231332,50.304988],[-5.371514,50.301002],[-5.365176,50.211224]]]}},{"type":"Feature","properties":{"sp":"greyseal","n":308,"res":10000},"geometry":{"type":"Polygon","coordinates":[[[-5.079524,50.129196],[-4.939807,50.132821],[-4.945329,50.222637],[-5.085308,50.219001],[-5.079524,50.129196]]]}},{"type":"Feature","properties":{"sp":"greyseal","n":297,"res":10000},"geometry":{"type":"Polygon","coordinates":[[[-5.371514,50.301002],[-5.231332,50.304988],[-5.237439,50.394777],[-5.377884,50.390779],[-5.371514,50.301002]]]}},{"type":"Feature","properties":{"sp":"greyseal","n":284,"res":10000},"geometry":{"type":"Polygon","coordinates":[[[-5.770596,50.018816],[-5.631296,50.023265],[-5.638089,50.113021],[-5.777648,50.108558],[-5.770596,50.018816]]]}},{"type":"Feature","properties":{"sp":"greyseal","n":270,"res":10000},"geometry":{"type":"Polygon","coordinates":[[[-5.237439,50.394777],[-5.096963,50.398605],[-5.102835,50.488405],[-5.243576,50.484564],[-5.237439,50.394777]]]}},{"type":"Feature","properties":{"sp":"greyseal","n":138,"res":10000},"geometry":{"type":"Polygon","coordinates":[[[-3.547133,50.33962],[-3.406654,50.341405],[-3.409317,50.431309],[-3.550061,50.429519],[-3.547133,50.33962]]]}},{"type":"Feature","properties":{"sp":"greyseal","n":119,"res":10000},"geometry":{"type":"Polygon","coordinates":[[[-5.491963,50.027547],[-5.352596,50.031661],[-5.35887,50.121444],[-5.498496,50.117316],[-5.491963,50.027547]]]}},{"type":"Feature","properties":{"sp":"greyseal","n":113,"res":10000},"geometry":{"type":"Polygon","coordinates":[[[-4.962064,50.492075],[-4.821264,50.495576],[-4.826633,50.585396],[-4.967699,50.581884],[-4.962064,50.492075]]]}},{"type":"Feature","properties":{"sp":"greyseal","n":97,"res":10000},"geometry":{"type":"Polygon","coordinates":[[[-1.434876,50.708266],[-1.293265,50.707494],[-1.29191,50.797413],[-1.433793,50.798188],[-1.434876,50.708266]]]}},{"type":"Feature","properties":{"sp":"greyseal","n":91,"res":10000},"geometry":{"type":"Polygon","coordinates":[[[-5.096963,50.398605],[-4.956457,50.402264],[-4.962064,50.492075],[-5.102835,50.488405],[-5.096963,50.398605]]]}},{"type":"Feature","properties":{"sp":"greyseal","n":87,"res":10000},"geometry":{"type":"Polygon","coordinates":[[[-4.52999,50.32238],[-4.389644,50.325351],[-4.394164,50.415205],[-4.534775,50.412224],[-4.52999,50.32238]]]}},{"type":"Feature","properties":{"sp":"greyseal","n":87,"res":10000},"geometry":{"type":"Polygon","coordinates":[[[-3.687596,50.337666],[-3.547133,50.33962],[-3.550061,50.429519],[-3.69079,50.427558],[-3.687596,50.337666]]]}},{"type":"Feature","properties":{"sp":"greyseal","n":85,"res":10000},"geometry":{"type":"Polygon","coordinates":[[[-3.550061,50.429519],[-3.409317,50.431309],[-3.411994,50.521213],[-3.553005,50.519417],[-3.550061,50.429519]]]}},{"type":"Feature","properties":{"sp":"greyseal","n":76,"res":10000},"geometry":{"type":"Polygon","coordinates":[[[-3.69079,50.427558],[-3.550061,50.429519],[-3.553005,50.519417],[-3.694001,50.51745],[-3.69079,50.427558]]]}},{"type":"Feature","properties":{"sp":"greyseal","n":72,"res":10000},"geometry":{"type":"Polygon","coordinates":[[[-1.433793,50.798188],[-1.29191,50.797413],[-1.290548,50.887331],[-1.432704,50.888108],[-1.433793,50.798188]]]}},{"type":"Feature","properties":{"sp":"greyseal","n":71,"res":10000},"geometry":{"type":"Polygon","coordinates":[[[-5.231332,50.304988],[-5.09112,50.308804],[-5.096963,50.398605],[-5.237439,50.394777],[-5.231332,50.304988]]]}},{"type":"Feature","properties":{"sp":"greyseal","n":67,"res":10000},"geometry":{"type":"Polygon","coordinates":[[[-5.213198,50.035609],[-5.07377,50.039389],[-5.079524,50.129196],[-5.219212,50.125404],[-5.213198,50.035609]]]}},{"type":"Feature","properties":{"sp":"greyseal","n":65,"res":10000},"geometry":{"type":"Polygon","coordinates":[[[-2.564616,50.438477],[-2.423805,50.439075],[-2.424611,50.529003],[-2.565689,50.528403],[-2.564616,50.438477]]]}},{"type":"Feature","properties":{"sp":"greyseal","n":58,"res":10000},"geometry":{"type":"Polygon","coordinates":[[[-3.553005,50.519417],[-3.411994,50.521213],[-3.414684,50.611114],[-3.555964,50.609313],[-3.553005,50.519417]]]}},{"type":"Feature","properties":{"sp":"greyseal","n":57,"res":10000},"geometry":{"type":"Polygon","coordinates":[[[-4.805322,50.226105],[-4.665289,50.229404],[-4.670313,50.31924],[-4.810609,50.31593],[-4.805322,50.226105]]]}},{"type":"Feature","properties":{"sp":"greyseal","n":49,"res":10000},"geometry":{"type":"Polygon","coordinates":[[[-5.638089,50.113021],[-5.498496,50.117316],[-5.505063,50.207083],[-5.644916,50.202774],[-5.638089,50.113021]]]}},{"type":"Feature","properties":{"sp":"greyseal","n":49,"res":10000},"geometry":{"type":"Polygon","coordinates":[[[-5.498496,50.117316],[-5.35887,50.121444],[-5.365176,50.211224],[-5.505063,50.207083],[-5.498496,50.117316]]]}},{"type":"Feature","properties":{"sp":"greyseal","n":43,"res":10000},"geometry":{"type":"Polygon","coordinates":[[[-3.555964,50.609313],[-3.414684,50.611114],[-3.417388,50.701015],[-3.558937,50.699207],[-3.555964,50.609313]]]}},{"type":"Feature","properties":{"sp":"greyseal","n":40,"res":10000},"geometry":{"type":"Polygon","coordinates":[[[-4.695819,50.768393],[-4.554161,50.771584],[-4.559069,50.86142],[-4.700999,50.858219],[-4.695819,50.768393]]]}},{"type":"Feature","properties":{"sp":"greyseal","n":40,"res":10000},"geometry":{"type":"Polygon","coordinates":[[[0.122243,50.690319],[0.263703,50.687657],[0.268039,50.777513],[0.126309,50.780183],[0.122243,50.690319]]]}},{"type":"Feature","properties":{"sp":"greyseal","n":39,"res":10000},"geometry":{"type":"Polygon","coordinates":[[[-2.142716,50.619619],[-2.001361,50.619707],[-2.001364,50.709634],[-2.142989,50.709546],[-2.142716,50.619619]]]}},{"type":"Feature","properties":{"sp":"greyseal","n":38,"res":10000},"geometry":{"type":"Polygon","coordinates":[[[-4.104914,50.240913],[-3.964767,50.243368],[-3.968473,50.333248],[-4.108884,50.330785],[-4.104914,50.240913]]]}},{"type":"Feature","properties":{"sp":"greyseal","n":37,"res":10000},"geometry":{"type":"Polygon","coordinates":[[[-4.832028,50.675215],[-4.690666,50.678566],[-4.695819,50.768393],[-4.837452,50.765031],[-4.832028,50.675215]]]}},{"type":"Feature","properties":{"sp":"greyseal","n":35,"res":10000},"geometry":{"type":"Polygon","coordinates":[[[-5.352596,50.031661],[-5.213198,50.035609],[-5.219212,50.125404],[-5.35887,50.121444],[-5.352596,50.031661]]]}},{"type":"Feature","properties":{"sp":"greyseal","n":32,"res":10000},"geometry":{"type":"Polygon","coordinates":[[[-4.564003,50.951253],[-4.421774,50.954291],[-4.426459,51.044133],[-4.568962,51.041086],[-4.564003,50.951253]]]}},{"type":"Feature","properties":{"sp":"greyseal","n":31,"res":10000},"geometry":{"type":"Polygon","coordinates":[[[-4.810609,50.31593],[-4.670313,50.31924],[-4.675362,50.409074],[-4.815923,50.405754],[-4.810609,50.31593]]]}},{"type":"Feature","properties":{"sp":"greyseal","n":29,"res":10000},"geometry":{"type":"Polygon","coordinates":[[[-4.249275,50.328153],[-4.108884,50.330785],[-4.112874,50.420656],[-4.25353,50.418015],[-4.249275,50.328153]]]}},{"type":"Feature","properties":{"sp":"greyseal","n":28,"res":10000},"geometry":{"type":"Polygon","coordinates":[[[-4.690666,50.678566],[-4.549277,50.681747],[-4.554161,50.771584],[-4.695819,50.768393],[-4.690666,50.678566]]]}},{"type":"Feature","properties":{"sp":"greyseal","n":24,"res":10000},"geometry":{"type":"Polygon","coordinates":[[[-5.644916,50.202774],[-5.505063,50.207083],[-5.511663,50.296848],[-5.651778,50.292526],[-5.644916,50.202774]]]}},{"type":"Feature","properties":{"sp":"greyseal","n":24,"res":10000},"geometry":{"type":"Polygon","coordinates":[[[-2.565689,50.528403],[-2.424611,50.529003],[-2.425421,50.618929],[-2.566767,50.618327],[-2.565689,50.528403]]]}},{"type":"Feature","properties":{"sp":"greyseal","n":24,"res":10000},"geometry":{"type":"Polygon","coordinates":[[[-1.576493,50.708866],[-1.434876,50.708266],[-1.433793,50.798188],[-1.575682,50.79879],[-1.576493,50.708866]]]}},{"type":"Feature","properties":{"sp":"greyseal","n":23,"res":10000},"geometry":{"type":"Polygon","coordinates":[[[-1.29191,50.797413],[-1.150034,50.796466],[-1.148399,50.886381],[-1.290548,50.887331],[-1.29191,50.797413]]]}},{"type":"Feature","properties":{"sp":"greyseal","n":22,"res":10000},"geometry":{"type":"Polygon","coordinates":[[[-3.681256,50.157875],[-3.54132,50.159817],[-3.544219,50.249719],[-3.684418,50.247771],[-3.681256,50.157875]]]}},{"type":"Feature","properties":{"sp":"greyseal","n":21,"res":10000},"geometry":{"type":"Polygon","coordinates":[[[-0.868477,50.704146],[-0.726901,50.702686],[-0.724461,50.79259],[-0.866308,50.794055],[-0.868477,50.704146]]]}},{"type":"Feature","properties":{"sp":"greyseal","n":19,"res":10000},"geometry":{"type":"Polygon","coordinates":[[[-4.800062,50.136277],[-4.66029,50.139566],[-4.665289,50.229404],[-4.805322,50.226105],[-4.800062,50.136277]]]}},{"type":"Feature","properties":{"sp":"greyseal","n":19,"res":10000},"geometry":{"type":"Polygon","coordinates":[[[-4.826633,50.585396],[-4.685539,50.588737],[-4.690666,50.678566],[-4.832028,50.675215],[-4.826633,50.585396]]]}},{"type":"Feature","properties":{"sp":"greyseal","n":19,"res":10000},"geometry":{"type":"Polygon","coordinates":[[[-1.577301,50.618941],[-1.435954,50.618343],[-1.434876,50.708266],[-1.576493,50.708866],[-1.577301,50.618941]]]}},{"type":"Feature","properties":{"sp":"greyseal","n":18,"res":10000},"geometry":{"type":"Polygon","coordinates":[[[-4.389644,50.325351],[-4.249275,50.328153],[-4.25353,50.418015],[-4.394164,50.415205],[-4.389644,50.325351]]]}},{"type":"Feature","properties":{"sp":"greyseal","n":18,"res":10000},"geometry":{"type":"Polygon","coordinates":[[[-1.295954,50.527651],[-1.154888,50.526713],[-1.153278,50.616632],[-1.294613,50.617573],[-1.295954,50.527651]]]}},{"type":"Feature","properties":{"sp":"greyseal","n":17,"res":10000},"geometry":{"type":"Polygon","coordinates":[[[-4.939807,50.132821],[-4.800062,50.136277],[-4.805322,50.226105],[-4.945329,50.222637],[-4.939807,50.132821]]]}},{"type":"Feature","properties":{"sp":"greyseal","n":17,"res":10000},"geometry":{"type":"Polygon","coordinates":[[[-0.440806,50.789144],[-0.299001,50.787162],[-0.29573,50.877047],[-0.437808,50.879035],[-0.440806,50.789144]]]}},{"type":"Feature","properties":{"sp":"greyseal","n":17,"res":10000},"geometry":{"type":"Polygon","coordinates":[[[-0.019237,50.692809],[0.122243,50.690319],[0.126309,50.780183],[-0.015442,50.782682],[-0.019237,50.692809]]]}},{"type":"Feature","properties":{"sp":"greyseal","n":16,"res":10000},"geometry":{"type":"Polygon","coordinates":[[[-4.245041,50.238289],[-4.104914,50.240913],[-4.108884,50.330785],[-4.249275,50.328153],[-4.245041,50.238289]]]}},{"type":"Feature","properties":{"sp":"greyseal","n":16,"res":10000},"geometry":{"type":"Polygon","coordinates":[[[-2.001358,50.529778],[-1.860272,50.529694],[-1.860006,50.619623],[-2.001361,50.619707],[-2.001358,50.529778]]]}},{"type":"Feature","properties":{"sp":"greyseal","n":15,"res":10000},"geometry":{"type":"Polygon","coordinates":[[[-4.554161,50.771584],[-4.412477,50.774603],[-4.417114,50.864448],[-4.559069,50.86142],[-4.554161,50.771584]]]}},{"type":"Feature","properties":{"sp":"greyseal","n":14,"res":10000},"geometry":{"type":"Polygon","coordinates":[[[-5.763579,49.929072],[-5.624537,49.933507],[-5.631296,50.023265],[-5.770596,50.018816],[-5.763579,49.929072]]]}},{"type":"Feature","properties":{"sp":"greyseal","n":14,"res":10000},"geometry":{"type":"Polygon","coordinates":[[[-2.001361,50.619707],[-1.860006,50.619623],[-1.859739,50.70955],[-2.001364,50.709634],[-2.001361,50.619707]]]}},{"type":"Feature","properties":{"sp":"greyseal","n":13,"res":10000},"geometry":{"type":"Polygon","coordinates":[[[-3.821176,50.155765],[-3.681256,50.157875],[-3.684418,50.247771],[-3.824601,50.245654],[-3.821176,50.155765]]]}},{"type":"Feature","properties":{"sp":"greyseal","n":13,"res":10000},"geometry":{"type":"Polygon","coordinates":[[[-1.15166,50.70655],[-1.010064,50.705434],[-1.008166,50.795347],[-1.150034,50.796466],[-1.15166,50.70655]]]}},{"type":"Feature","properties":{"sp":"greyseal","n":12,"res":10000},"geometry":{"type":"Polygon","coordinates":[[[-4.700999,50.858219],[-4.559069,50.86142],[-4.564003,50.951253],[-4.706206,50.948043],[-4.700999,50.858219]]]}},{"type":"Feature","properties":{"sp":"greyseal","n":12,"res":10000},"geometry":{"type":"Polygon","coordinates":[[[-5.624537,49.933507],[-5.485462,49.937775],[-5.491963,50.027547],[-5.631296,50.023265],[-5.624537,49.933507]]]}},{"type":"Feature","properties":{"sp":"greyseal","n":11,"res":10000},"geometry":{"type":"Polygon","coordinates":[[[-5.068044,49.949581],[-4.928846,49.953182],[-4.934312,50.043003],[-5.07377,50.039389],[-5.068044,49.949581]]]}},{"type":"Feature","properties":{"sp":"greyseal","n":11,"res":10000},"geometry":{"type":"Polygon","coordinates":[[[-5.085308,50.219001],[-4.945329,50.222637],[-4.950879,50.312452],[-5.09112,50.308804],[-5.085308,50.219001]]]}},{"type":"Feature","properties":{"sp":"greyseal","n":11,"res":10000},"geometry":{"type":"Polygon","coordinates":[[[-1.437026,50.528418],[-1.295954,50.527651],[-1.294613,50.617573],[-1.435954,50.618343],[-1.437026,50.528418]]]}},{"type":"Feature","properties":{"sp":"greyseal","n":10,"res":10000},"geometry":{"type":"Polygon","coordinates":[[[-6.041556,49.919704],[-5.902586,49.924471],[-5.90986,50.0142],[-6.049087,50.009418],[-6.041556,49.919704]]]}},{"type":"Feature","properties":{"sp":"greyseal","n":9,"res":10000},"geometry":{"type":"Polygon","coordinates":[[[-1.008166,50.795347],[-0.866308,50.794055],[-0.864128,50.883962],[-1.006259,50.885258],[-1.008166,50.795347]]]}},{"type":"Feature","properties":{"sp":"greyseal","n":9,"res":10000},"geometry":{"type":"Polygon","coordinates":[[[-5.219212,50.125404],[-5.079524,50.129196],[-5.085308,50.219001],[-5.225257,50.215197],[-5.219212,50.125404]]]}},{"type":"Feature","properties":{"sp":"greyseal","n":9,"res":10000},"geometry":{"type":"Polygon","coordinates":[[[-3.684418,50.247771],[-3.544219,50.249719],[-3.547133,50.33962],[-3.687596,50.337666],[-3.684418,50.247771]]]}},{"type":"Feature","properties":{"sp":"greyseal","n":9,"res":10000},"geometry":{"type":"Polygon","coordinates":[[[-0.157212,50.785008],[-0.015442,50.782682],[-0.011627,50.872553],[-0.15367,50.874886],[-0.157212,50.785008]]]}},{"type":"Feature","properties":{"sp":"greyseal","n":8,"res":10000},"geometry":{"type":"Polygon","coordinates":[[[-4.283932,51.047007],[-4.141383,51.049707],[-4.145539,51.139565],[-4.288365,51.136856],[-4.283932,51.047007]]]}},{"type":"Feature","properties":{"sp":"greyseal","n":8,"res":10000},"geometry":{"type":"Polygon","coordinates":[[[-1.010064,50.705434],[-0.868477,50.704146],[-0.866308,50.794055],[-1.008166,50.795347],[-1.010064,50.705434]]]}},{"type":"Feature","properties":{"sp":"greyseal","n":7,"res":10000},"geometry":{"type":"Polygon","coordinates":[[[-1.150034,50.796466],[-1.008166,50.795347],[-1.006259,50.885258],[-1.148399,50.886381],[-1.150034,50.796466]]]}},{"type":"Feature","properties":{"sp":"greyseal","n":7,"res":10000},"geometry":{"type":"Polygon","coordinates":[[[-4.670313,50.31924],[-4.52999,50.32238],[-4.534775,50.412224],[-4.675362,50.409074],[-4.670313,50.31924]]]}},{"type":"Feature","properties":{"sp":"greyseal","n":7,"res":10000},"geometry":{"type":"Polygon","coordinates":[[[-3.406654,50.341405],[-3.266162,50.34302],[-3.26856,50.43293],[-3.409317,50.431309],[-3.406654,50.341405]]]}},{"type":"Feature","properties":{"sp":"greyseal","n":7,"res":10000},"geometry":{"type":"Polygon","coordinates":[[[-2.851067,50.706526],[-2.709463,50.707474],[-2.710824,50.797393],[-2.8527,50.796442],[-2.851067,50.706526]]]}},{"type":"Feature","properties":{"sp":"greyseal","n":7,"res":10000},"geometry":{"type":"Polygon","coordinates":[[[-1.293265,50.707494],[-1.15166,50.70655],[-1.150034,50.796466],[-1.29191,50.797413],[-1.293265,50.707494]]]}},{"type":"Feature","properties":{"sp":"greyseal","n":7,"res":10000},"geometry":{"type":"Polygon","coordinates":[[[-0.299001,50.787162],[-0.157212,50.785008],[-0.15367,50.874886],[-0.29573,50.877047],[-0.299001,50.787162]]]}},{"type":"Feature","properties":{"sp":"greyseal","n":6,"res":10000},"geometry":{"type":"Polygon","coordinates":[[[-5.902586,49.924471],[-5.763579,49.929072],[-5.770596,50.018816],[-5.90986,50.0142],[-5.902586,49.924471]]]}},{"type":"Feature","properties":{"sp":"greyseal","n":6,"res":10000},"geometry":{"type":"Polygon","coordinates":[[[-3.544219,50.249719],[-3.404005,50.251499],[-3.406654,50.341405],[-3.547133,50.33962],[-3.544219,50.249719]]]}},{"type":"Feature","properties":{"sp":"greyseal","n":6,"res":10000},"geometry":{"type":"Polygon","coordinates":[[[-2.142444,50.52969],[-2.001358,50.529778],[-2.001361,50.619707],[-2.142716,50.619619],[-2.142444,50.52969]]]}},{"type":"Feature","properties":{"sp":"greyseal","n":6,"res":10000},"geometry":{"type":"Polygon","coordinates":[[[-2.001364,50.709634],[-1.859739,50.70955],[-1.85947,50.799476],[-2.001367,50.799561],[-2.001364,50.709634]]]}},{"type":"Feature","properties":{"sp":"greyseal","n":6,"res":10000},"geometry":{"type":"Polygon","coordinates":[[[-1.859739,50.70955],[-1.718115,50.709294],[-1.717575,50.799219],[-1.85947,50.799476],[-1.859739,50.70955]]]}},{"type":"Feature","properties":{"sp":"greyseal","n":6,"res":10000},"geometry":{"type":"Polygon","coordinates":[[[-0.582627,50.790953],[-0.440806,50.789144],[-0.437808,50.879035],[-0.579901,50.88085],[-0.582627,50.790953]]]}},{"type":"Feature","properties":{"sp":"greyseal","n":6,"res":10000},"geometry":{"type":"Polygon","coordinates":[[[-0.015442,50.782682],[0.126309,50.780183],[0.130396,50.870046],[-0.011627,50.872553],[-0.015442,50.782682]]]}},{"type":"Feature","properties":{"sp":"greyseal","n":5,"res":10000},"geometry":{"type":"Polygon","coordinates":[[[-2.424611,50.529003],[-2.283529,50.529432],[-2.28407,50.61936],[-2.425421,50.618929],[-2.424611,50.529003]]]}},{"type":"Feature","properties":{"sp":"greyseal","n":5,"res":10000},"geometry":{"type":"Polygon","coordinates":[[[-1.718115,50.709294],[-1.576493,50.708866],[-1.575682,50.79879],[-1.717575,50.799219],[-1.718115,50.709294]]]}},{"type":"Feature","properties":{"sp":"greyseal","n":4,"res":10000},"geometry":{"type":"Polygon","coordinates":[[[-4.559069,50.86142],[-4.417114,50.864448],[-4.421774,50.954291],[-4.564003,50.951253],[-4.559069,50.86142]]]}},{"type":"Feature","properties":{"sp":"greyseal","n":4,"res":10000},"geometry":{"type":"Polygon","coordinates":[[[-4.141383,51.049707],[-3.998812,51.052234],[-4.002692,51.1421],[-4.145539,51.139565],[-4.141383,51.049707]]]}},{"type":"Feature","properties":{"sp":"greyseal","n":4,"res":10000},"geometry":{"type":"Polygon","coordinates":[[[-1.574866,50.888712],[-1.432704,50.888108],[-1.43161,50.978027],[-1.574046,50.978633],[-1.574866,50.888712]]]}},{"type":"Feature","properties":{"sp":"greyseal","n":4,"res":10000},"geometry":{"type":"Polygon","coordinates":[[[-6.180488,49.91477],[-6.041556,49.919704],[-6.049087,50.009418],[-6.188276,50.004469],[-6.180488,49.91477]]]}},{"type":"Feature","properties":{"sp":"greyseal","n":4,"res":10000},"geometry":{"type":"Polygon","coordinates":[[[-4.945329,50.222637],[-4.805322,50.226105],[-4.810609,50.31593],[-4.950879,50.312452],[-4.945329,50.222637]]]}},{"type":"Feature","properties":{"sp":"greyseal","n":4,"res":10000},"geometry":{"type":"Polygon","coordinates":[[[-3.964767,50.243368],[-3.824601,50.245654],[-3.828043,50.335542],[-3.968473,50.333248],[-3.964767,50.243368]]]}},{"type":"Feature","properties":{"sp":"greyseal","n":4,"res":10000},"geometry":{"type":"Polygon","coordinates":[[[-3.414684,50.611114],[-3.273391,50.612745],[-3.275825,50.70265],[-3.417388,50.701015],[-3.414684,50.611114]]]}},{"type":"Feature","properties":{"sp":"greyseal","n":4,"res":10000},"geometry":{"type":"Polygon","coordinates":[[[-2.992663,50.705406],[-2.851067,50.706526],[-2.8527,50.796442],[-2.994567,50.795319],[-2.992663,50.705406]]]}},{"type":"Feature","properties":{"sp":"greyseal","n":4,"res":10000},"geometry":{"type":"Polygon","coordinates":[[[-1.153278,50.616632],[-1.011952,50.61552],[-1.010064,50.705434],[-1.15166,50.70655],[-1.153278,50.616632]]]}},{"type":"Feature","properties":{"sp":"greyseal","n":3,"res":10000},"geometry":{"type":"Polygon","coordinates":[[[-4.25353,50.418015],[-4.112874,50.420656],[-4.116885,50.510526],[-4.257807,50.507876],[-4.25353,50.418015]]]}},{"type":"Feature","properties":{"sp":"greyseal","n":3,"res":10000},"geometry":{"type":"Polygon","coordinates":[[[-3.273391,50.612745],[-3.132086,50.614204],[-3.13425,50.704114],[-3.275825,50.70265],[-3.273391,50.612745]]]}},{"type":"Feature","properties":{"sp":"greyseal","n":3,"res":10000},"geometry":{"type":"Polygon","coordinates":[[[-3.132086,50.614204],[-2.990769,50.615492],[-2.992663,50.705406],[-3.13425,50.704114],[-3.132086,50.614204]]]}},{"type":"Feature","properties":{"sp":"greyseal","n":3,"res":10000},"geometry":{"type":"Polygon","coordinates":[[[-2.28407,50.61936],[-2.142716,50.619619],[-2.142989,50.709546],[-2.284613,50.709286],[-2.28407,50.61936]]]}},{"type":"Feature","properties":{"sp":"greyseal","n":3,"res":10000},"geometry":{"type":"Polygon","coordinates":[[[-2.142989,50.709546],[-2.001364,50.709634],[-2.001367,50.799561],[-2.143264,50.799472],[-2.142989,50.709546]]]}},{"type":"Feature","properties":{"sp":"greyseal","n":3,"res":10000},"geometry":{"type":"Polygon","coordinates":[[[-0.726901,50.702686],[-0.585338,50.701054],[-0.582627,50.790953],[-0.724461,50.79259],[-0.726901,50.702686]]]}},{"type":"Feature","properties":{"sp":"greyseal","n":2,"res":10000},"geometry":{"type":"Polygon","coordinates":[[[-4.279522,50.957156],[-4.137247,50.959848],[-4.141383,51.049707],[-4.283932,51.047007],[-4.279522,50.957156]]]}},{"type":"Feature","properties":{"sp":"greyseal","n":2,"res":10000},"geometry":{"type":"Polygon","coordinates":[[[-1.432704,50.888108],[-1.290548,50.887331],[-1.289179,50.977248],[-1.43161,50.978027],[-1.432704,50.888108]]]}},{"type":"Feature","properties":{"sp":"greyseal","n":2,"res":10000},"geometry":{"type":"Polygon","coordinates":[[[-5.895348,49.83474],[-5.756598,49.839326],[-5.763579,49.929072],[-5.902586,49.924471],[-5.895348,49.83474]]]}},{"type":"Feature","properties":{"sp":"greyseal","n":2,"res":10000},"geometry":{"type":"Polygon","coordinates":[[[-5.90986,50.0142],[-5.770596,50.018816],[-5.777648,50.108558],[-5.91717,50.103927],[-5.90986,50.0142]]]}},{"type":"Feature","properties":{"sp":"greyseal","n":2,"res":10000},"geometry":{"type":"Polygon","coordinates":[[[-4.665289,50.229404],[-4.52523,50.232534],[-4.52999,50.32238],[-4.670313,50.31924],[-4.665289,50.229404]]]}},{"type":"Feature","properties":{"sp":"greyseal","n":2,"res":10000},"geometry":{"type":"Polygon","coordinates":[[[-3.96108,50.153486],[-3.821176,50.155765],[-3.824601,50.245654],[-3.964767,50.243368],[-3.96108,50.153486]]]}},{"type":"Feature","properties":{"sp":"greyseal","n":2,"res":10000},"geometry":{"type":"Polygon","coordinates":[[[-3.558937,50.699207],[-3.417388,50.701015],[-3.420106,50.790913],[-3.561926,50.7891],[-3.558937,50.699207]]]}},{"type":"Feature","properties":{"sp":"greyseal","n":2,"res":10000},"geometry":{"type":"Polygon","coordinates":[[[-2.708109,50.617553],[-2.566767,50.618327],[-2.567851,50.70825],[-2.709463,50.707474],[-2.708109,50.617553]]]}},{"type":"Feature","properties":{"sp":"greyseal","n":2,"res":10000},"geometry":{"type":"Polygon","coordinates":[[[-0.579901,50.88085],[-0.437808,50.879035],[-0.434795,50.968925],[-0.577162,50.970746],[-0.579901,50.88085]]]}},{"type":"Feature","properties":{"sp":"greyseal","n":1,"res":10000},"geometry":{"type":"Polygon","coordinates":[[[-3.998812,51.052234],[-3.856221,51.054586],[-3.859825,51.14446],[-4.002692,51.1421],[-3.998812,51.052234]]]}},{"type":"Feature","properties":{"sp":"greyseal","n":1,"res":10000},"geometry":{"type":"Polygon","coordinates":[[[-1.289179,50.977248],[-1.146756,50.976295],[-1.145105,51.066207],[-1.287804,51.067163],[-1.289179,50.977248]]]}},{"type":"Feature","properties":{"sp":"greyseal","n":1,"res":10000},"geometry":{"type":"Polygon","coordinates":[[[-6.034062,49.829987],[-5.895348,49.83474],[-5.902586,49.924471],[-6.041556,49.919704],[-6.034062,49.829987]]]}},{"type":"Feature","properties":{"sp":"greyseal","n":1,"res":10000},"geometry":{"type":"Polygon","coordinates":[[[-5.658675,50.382275],[-5.518296,50.386612],[-5.524963,50.476373],[-5.665606,50.472023],[-5.658675,50.382275]]]}},{"type":"Feature","properties":{"sp":"greyseal","n":1,"res":10000},"geometry":{"type":"Polygon","coordinates":[[[-5.390721,50.570326],[-5.249745,50.574349],[-5.255945,50.664132],[-5.397189,50.660096],[-5.390721,50.570326]]]}},{"type":"Feature","properties":{"sp":"greyseal","n":1,"res":10000},"geometry":{"type":"Polygon","coordinates":[[[-5.20126,49.856014],[-5.062348,49.85977],[-5.068044,49.949581],[-5.207214,49.945812],[-5.20126,49.856014]]]}},{"type":"Feature","properties":{"sp":"greyseal","n":1,"res":10000},"geometry":{"type":"Polygon","coordinates":[[[-5.09112,50.308804],[-4.950879,50.312452],[-4.956457,50.402264],[-5.096963,50.398605],[-5.09112,50.308804]]]}},{"type":"Feature","properties":{"sp":"greyseal","n":1,"res":10000},"geometry":{"type":"Polygon","coordinates":[[[-4.108884,50.330785],[-3.968473,50.333248],[-3.972198,50.423127],[-4.112874,50.420656],[-4.108884,50.330785]]]}},{"type":"Feature","properties":{"sp":"greyseal","n":1,"res":10000},"geometry":{"type":"Polygon","coordinates":[[[-3.831503,50.425428],[-3.69079,50.427558],[-3.694001,50.51745],[-3.83498,50.515312],[-3.831503,50.425428]]]}},{"type":"Feature","properties":{"sp":"greyseal","n":1,"res":10000},"geometry":{"type":"Polygon","coordinates":[[[-3.54132,50.159817],[-3.401369,50.161591],[-3.404005,50.251499],[-3.544219,50.249719],[-3.54132,50.159817]]]}},{"type":"Feature","properties":{"sp":"greyseal","n":1,"res":10000},"geometry":{"type":"Polygon","coordinates":[[[-3.401369,50.161591],[-3.261404,50.163196],[-3.263777,50.253109],[-3.404005,50.251499],[-3.401369,50.161591]]]}},{"type":"Feature","properties":{"sp":"greyseal","n":1,"res":10000},"geometry":{"type":"Polygon","coordinates":[[[-3.404005,50.251499],[-3.263777,50.253109],[-3.266162,50.34302],[-3.406654,50.341405],[-3.404005,50.251499]]]}},{"type":"Feature","properties":{"sp":"greyseal","n":1,"res":10000},"geometry":{"type":"Polygon","coordinates":[[[-3.411994,50.521213],[-3.270969,50.522838],[-3.273391,50.612745],[-3.414684,50.611114],[-3.411994,50.521213]]]}},{"type":"Feature","properties":{"sp":"greyseal","n":1,"res":10000},"geometry":{"type":"Polygon","coordinates":[[[-2.849443,50.616608],[-2.708109,50.617553],[-2.709463,50.707474],[-2.851067,50.706526],[-2.849443,50.616608]]]}},{"type":"Feature","properties":{"sp":"greyseal","n":1,"res":10000},"geometry":{"type":"Polygon","coordinates":[[[-2.566767,50.618327],[-2.425421,50.618929],[-2.426234,50.708854],[-2.567851,50.70825],[-2.566767,50.618327]]]}},{"type":"Feature","properties":{"sp":"greyseal","n":1,"res":10000},"geometry":{"type":"Polygon","coordinates":[[[-2.425421,50.618929],[-2.28407,50.61936],[-2.284613,50.709286],[-2.426234,50.708854],[-2.425421,50.618929]]]}},{"type":"Feature","properties":{"sp":"greyseal","n":1,"res":10000},"geometry":{"type":"Polygon","coordinates":[[[-2.283529,50.529432],[-2.142444,50.52969],[-2.142716,50.619619],[-2.28407,50.61936],[-2.283529,50.529432]]]}},{"type":"Feature","properties":{"sp":"greyseal","n":1,"res":10000},"geometry":{"type":"Polygon","coordinates":[[[-1.718652,50.619368],[-1.577301,50.618941],[-1.576493,50.708866],[-1.718115,50.709294],[-1.718652,50.619368]]]}},{"type":"Feature","properties":{"sp":"greyseal","n":1,"res":10000},"geometry":{"type":"Polygon","coordinates":[[[-1.294613,50.617573],[-1.153278,50.616632],[-1.15166,50.70655],[-1.293265,50.707494],[-1.294613,50.617573]]]}},{"type":"Feature","properties":{"sp":"commondolphin","n":2261,"res":10000},"geometry":{"type":"Polygon","coordinates":[[[-5.631296,50.023265],[-5.491963,50.027547],[-5.498496,50.117316],[-5.638089,50.113021],[-5.631296,50.023265]]]}},{"type":"Feature","properties":{"sp":"commondolphin","n":1045,"res":10000},"geometry":{"type":"Polygon","coordinates":[[[-5.07377,50.039389],[-4.934312,50.043003],[-4.939807,50.132821],[-5.079524,50.129196],[-5.07377,50.039389]]]}},{"type":"Feature","properties":{"sp":"commondolphin","n":931,"res":10000},"geometry":{"type":"Polygon","coordinates":[[[-5.624537,49.933507],[-5.485462,49.937775],[-5.491963,50.027547],[-5.631296,50.023265],[-5.624537,49.933507]]]}},{"type":"Feature","properties":{"sp":"commondolphin","n":856,"res":10000},"geometry":{"type":"Polygon","coordinates":[[[-4.967699,50.581884],[-4.826633,50.585396],[-4.832028,50.675215],[-4.973363,50.671692],[-4.967699,50.581884]]]}},{"type":"Feature","properties":{"sp":"commondolphin","n":660,"res":10000},"geometry":{"type":"Polygon","coordinates":[[[-5.505063,50.207083],[-5.365176,50.211224],[-5.371514,50.301002],[-5.511663,50.296848],[-5.505063,50.207083]]]}},{"type":"Feature","properties":{"sp":"commondolphin","n":460,"res":10000},"geometry":{"type":"Polygon","coordinates":[[[-5.371514,50.301002],[-5.231332,50.304988],[-5.237439,50.394777],[-5.377884,50.390779],[-5.371514,50.301002]]]}},{"type":"Feature","properties":{"sp":"commondolphin","n":426,"res":10000},"geometry":{"type":"Polygon","coordinates":[[[-5.079524,50.129196],[-4.939807,50.132821],[-4.945329,50.222637],[-5.085308,50.219001],[-5.079524,50.129196]]]}},{"type":"Feature","properties":{"sp":"commondolphin","n":376,"res":10000},"geometry":{"type":"Polygon","coordinates":[[[-5.207214,49.945812],[-5.068044,49.949581],[-5.07377,50.039389],[-5.213198,50.035609],[-5.207214,49.945812]]]}},{"type":"Feature","properties":{"sp":"commondolphin","n":296,"res":10000},"geometry":{"type":"Polygon","coordinates":[[[-5.491963,50.027547],[-5.352596,50.031661],[-5.35887,50.121444],[-5.498496,50.117316],[-5.491963,50.027547]]]}},{"type":"Feature","properties":{"sp":"commondolphin","n":225,"res":10000},"geometry":{"type":"Polygon","coordinates":[[[-5.770596,50.018816],[-5.631296,50.023265],[-5.638089,50.113021],[-5.777648,50.108558],[-5.770596,50.018816]]]}},{"type":"Feature","properties":{"sp":"commondolphin","n":222,"res":10000},"geometry":{"type":"Polygon","coordinates":[[[-4.939807,50.132821],[-4.800062,50.136277],[-4.805322,50.226105],[-4.945329,50.222637],[-4.939807,50.132821]]]}},{"type":"Feature","properties":{"sp":"commondolphin","n":191,"res":10000},"geometry":{"type":"Polygon","coordinates":[[[-5.237439,50.394777],[-5.096963,50.398605],[-5.102835,50.488405],[-5.243576,50.484564],[-5.237439,50.394777]]]}},{"type":"Feature","properties":{"sp":"commondolphin","n":189,"res":10000},"geometry":{"type":"Polygon","coordinates":[[[-5.096963,50.398605],[-4.956457,50.402264],[-4.962064,50.492075],[-5.102835,50.488405],[-5.096963,50.398605]]]}},{"type":"Feature","properties":{"sp":"commondolphin","n":189,"res":10000},"geometry":{"type":"Polygon","coordinates":[[[-4.934312,50.043003],[-4.794828,50.046448],[-4.800062,50.136277],[-4.939807,50.132821],[-4.934312,50.043003]]]}},{"type":"Feature","properties":{"sp":"commondolphin","n":152,"res":10000},"geometry":{"type":"Polygon","coordinates":[[[-5.763579,49.929072],[-5.624537,49.933507],[-5.631296,50.023265],[-5.770596,50.018816],[-5.763579,49.929072]]]}},{"type":"Feature","properties":{"sp":"commondolphin","n":151,"res":10000},"geometry":{"type":"Polygon","coordinates":[[[-5.068044,49.949581],[-4.928846,49.953182],[-4.934312,50.043003],[-5.07377,50.039389],[-5.068044,49.949581]]]}},{"type":"Feature","properties":{"sp":"commondolphin","n":146,"res":10000},"geometry":{"type":"Polygon","coordinates":[[[-4.245041,50.238289],[-4.104914,50.240913],[-4.108884,50.330785],[-4.249275,50.328153],[-4.245041,50.238289]]]}},{"type":"Feature","properties":{"sp":"commondolphin","n":136,"res":10000},"geometry":{"type":"Polygon","coordinates":[[[-5.777648,50.108558],[-5.638089,50.113021],[-5.644916,50.202774],[-5.784735,50.198297],[-5.777648,50.108558]]]}},{"type":"Feature","properties":{"sp":"commondolphin","n":124,"res":10000},"geometry":{"type":"Polygon","coordinates":[[[-3.547133,50.33962],[-3.406654,50.341405],[-3.409317,50.431309],[-3.550061,50.429519],[-3.547133,50.33962]]]}},{"type":"Feature","properties":{"sp":"commondolphin","n":115,"res":10000},"geometry":{"type":"Polygon","coordinates":[[[-4.104914,50.240913],[-3.964767,50.243368],[-3.968473,50.333248],[-4.108884,50.330785],[-4.104914,50.240913]]]}},{"type":"Feature","properties":{"sp":"commondolphin","n":110,"res":10000},"geometry":{"type":"Polygon","coordinates":[[[-4.805322,50.226105],[-4.665289,50.229404],[-4.670313,50.31924],[-4.810609,50.31593],[-4.805322,50.226105]]]}},{"type":"Feature","properties":{"sp":"commondolphin","n":94,"res":10000},"geometry":{"type":"Polygon","coordinates":[[[-5.231332,50.304988],[-5.09112,50.308804],[-5.096963,50.398605],[-5.237439,50.394777],[-5.231332,50.304988]]]}},{"type":"Feature","properties":{"sp":"commondolphin","n":89,"res":10000},"geometry":{"type":"Polygon","coordinates":[[[-5.365176,50.211224],[-5.225257,50.215197],[-5.231332,50.304988],[-5.371514,50.301002],[-5.365176,50.211224]]]}},{"type":"Feature","properties":{"sp":"commondolphin","n":86,"res":10000},"geometry":{"type":"Polygon","coordinates":[[[-5.102835,50.488405],[-4.962064,50.492075],[-4.967699,50.581884],[-5.108737,50.578202],[-5.102835,50.488405]]]}},{"type":"Feature","properties":{"sp":"commondolphin","n":82,"res":10000},"geometry":{"type":"Polygon","coordinates":[[[-5.485462,49.937775],[-5.346354,49.941877],[-5.352596,50.031661],[-5.491963,50.027547],[-5.485462,49.937775]]]}},{"type":"Feature","properties":{"sp":"commondolphin","n":74,"res":10000},"geometry":{"type":"Polygon","coordinates":[[[-6.041556,49.919704],[-5.902586,49.924471],[-5.90986,50.0142],[-6.049087,50.009418],[-6.041556,49.919704]]]}},{"type":"Feature","properties":{"sp":"commondolphin","n":74,"res":10000},"geometry":{"type":"Polygon","coordinates":[[[-4.826633,50.585396],[-4.685539,50.588737],[-4.690666,50.678566],[-4.832028,50.675215],[-4.826633,50.585396]]]}},{"type":"Feature","properties":{"sp":"commondolphin","n":53,"res":10000},"geometry":{"type":"Polygon","coordinates":[[[-4.800062,50.136277],[-4.66029,50.139566],[-4.665289,50.229404],[-4.805322,50.226105],[-4.800062,50.136277]]]}},{"type":"Feature","properties":{"sp":"commondolphin","n":50,"res":10000},"geometry":{"type":"Polygon","coordinates":[[[-5.498496,50.117316],[-5.35887,50.121444],[-5.365176,50.211224],[-5.505063,50.207083],[-5.498496,50.117316]]]}},{"type":"Feature","properties":{"sp":"commondolphin","n":46,"res":10000},"geometry":{"type":"Polygon","coordinates":[[[-5.108737,50.578202],[-4.967699,50.581884],[-4.973363,50.671692],[-5.114669,50.667997],[-5.108737,50.578202]]]}},{"type":"Feature","properties":{"sp":"commondolphin","n":42,"res":10000},"geometry":{"type":"Polygon","coordinates":[[[-5.213198,50.035609],[-5.07377,50.039389],[-5.079524,50.129196],[-5.219212,50.125404],[-5.213198,50.035609]]]}},{"type":"Feature","properties":{"sp":"commondolphin","n":40,"res":10000},"geometry":{"type":"Polygon","coordinates":[[[-6.180488,49.91477],[-6.041556,49.919704],[-6.049087,50.009418],[-6.188276,50.004469],[-6.180488,49.91477]]]}},{"type":"Feature","properties":{"sp":"commondolphin","n":33,"res":10000},"geometry":{"type":"Polygon","coordinates":[[[-5.902586,49.924471],[-5.763579,49.929072],[-5.770596,50.018816],[-5.90986,50.0142],[-5.902586,49.924471]]]}},{"type":"Feature","properties":{"sp":"commondolphin","n":32,"res":10000},"geometry":{"type":"Polygon","coordinates":[[[-4.962064,50.492075],[-4.821264,50.495576],[-4.826633,50.585396],[-4.967699,50.581884],[-4.962064,50.492075]]]}},{"type":"Feature","properties":{"sp":"commondolphin","n":30,"res":10000},"geometry":{"type":"Polygon","coordinates":[[[-3.553005,50.519417],[-3.411994,50.521213],[-3.414684,50.611114],[-3.555964,50.609313],[-3.553005,50.519417]]]}},{"type":"Feature","properties":{"sp":"commondolphin","n":28,"res":10000},"geometry":{"type":"Polygon","coordinates":[[[-5.20126,49.856014],[-5.062348,49.85977],[-5.068044,49.949581],[-5.207214,49.945812],[-5.20126,49.856014]]]}},{"type":"Feature","properties":{"sp":"commondolphin","n":25,"res":10000},"geometry":{"type":"Polygon","coordinates":[[[-5.638089,50.113021],[-5.498496,50.117316],[-5.505063,50.207083],[-5.644916,50.202774],[-5.638089,50.113021]]]}},{"type":"Feature","properties":{"sp":"commondolphin","n":24,"res":10000},"geometry":{"type":"Polygon","coordinates":[[[-4.389644,50.325351],[-4.249275,50.328153],[-4.25353,50.418015],[-4.394164,50.415205],[-4.389644,50.325351]]]}},{"type":"Feature","properties":{"sp":"commondolphin","n":23,"res":10000},"geometry":{"type":"Polygon","coordinates":[[[-4.832028,50.675215],[-4.690666,50.678566],[-4.695819,50.768393],[-4.837452,50.765031],[-4.832028,50.675215]]]}},{"type":"Feature","properties":{"sp":"commondolphin","n":22,"res":10000},"geometry":{"type":"Polygon","coordinates":[[[-4.810609,50.31593],[-4.670313,50.31924],[-4.675362,50.409074],[-4.815923,50.405754],[-4.810609,50.31593]]]}},{"type":"Feature","properties":{"sp":"commondolphin","n":21,"res":10000},"geometry":{"type":"Polygon","coordinates":[[[-4.655316,50.049726],[-4.51578,50.052837],[-4.520493,50.142686],[-4.66029,50.139566],[-4.655316,50.049726]]]}},{"type":"Feature","properties":{"sp":"commondolphin","n":19,"res":10000},"geometry":{"type":"Polygon","coordinates":[[[-5.346354,49.941877],[-5.207214,49.945812],[-5.213198,50.035609],[-5.352596,50.031661],[-5.346354,49.941877]]]}},{"type":"Feature","properties":{"sp":"commondolphin","n":19,"res":10000},"geometry":{"type":"Polygon","coordinates":[[[-3.550061,50.429519],[-3.409317,50.431309],[-3.411994,50.521213],[-3.553005,50.519417],[-3.550061,50.429519]]]}},{"type":"Feature","properties":{"sp":"commondolphin","n":18,"res":10000},"geometry":{"type":"Polygon","coordinates":[[[-4.973363,50.671692],[-4.832028,50.675215],[-4.837452,50.765031],[-4.979056,50.761497],[-4.973363,50.671692]]]}},{"type":"Feature","properties":{"sp":"commondolphin","n":18,"res":10000},"geometry":{"type":"Polygon","coordinates":[[[-4.665289,50.229404],[-4.52523,50.232534],[-4.52999,50.32238],[-4.670313,50.31924],[-4.665289,50.229404]]]}},{"type":"Feature","properties":{"sp":"commondolphin","n":15,"res":10000},"geometry":{"type":"Polygon","coordinates":[[[-4.650368,49.959885],[-4.511091,49.962986],[-4.51578,50.052837],[-4.655316,50.049726],[-4.650368,49.959885]]]}},{"type":"Feature","properties":{"sp":"commondolphin","n":15,"res":10000},"geometry":{"type":"Polygon","coordinates":[[[-3.687596,50.337666],[-3.547133,50.33962],[-3.550061,50.429519],[-3.69079,50.427558],[-3.687596,50.337666]]]}},{"type":"Feature","properties":{"sp":"commondolphin","n":14,"res":10000},"geometry":{"type":"Polygon","coordinates":[[[-5.352596,50.031661],[-5.213198,50.035609],[-5.219212,50.125404],[-5.35887,50.121444],[-5.352596,50.031661]]]}},{"type":"Feature","properties":{"sp":"commondolphin","n":14,"res":10000},"geometry":{"type":"Polygon","coordinates":[[[-4.928846,49.953182],[-4.78962,49.956617],[-4.794828,50.046448],[-4.934312,50.043003],[-4.928846,49.953182]]]}},{"type":"Feature","properties":{"sp":"commondolphin","n":10,"res":10000},"geometry":{"type":"Polygon","coordinates":[[[-6.172739,49.825069],[-6.034062,49.829987],[-6.041556,49.919704],[-6.180488,49.91477],[-6.172739,49.825069]]]}},{"type":"Feature","properties":{"sp":"commondolphin","n":10,"res":10000},"geometry":{"type":"Polygon","coordinates":[[[-5.340142,49.852091],[-5.20126,49.856014],[-5.207214,49.945812],[-5.346354,49.941877],[-5.340142,49.852091]]]}},{"type":"Feature","properties":{"sp":"commondolphin","n":10,"res":10000},"geometry":{"type":"Polygon","coordinates":[[[-5.219212,50.125404],[-5.079524,50.129196],[-5.085308,50.219001],[-5.225257,50.215197],[-5.219212,50.125404]]]}},{"type":"Feature","properties":{"sp":"commondolphin","n":10,"res":10000},"geometry":{"type":"Polygon","coordinates":[[[-5.243576,50.484564],[-5.102835,50.488405],[-5.108737,50.578202],[-5.249745,50.574349],[-5.243576,50.484564]]]}},{"type":"Feature","properties":{"sp":"commondolphin","n":10,"res":10000},"geometry":{"type":"Polygon","coordinates":[[[-4.385147,50.235496],[-4.245041,50.238289],[-4.249275,50.328153],[-4.389644,50.325351],[-4.385147,50.235496]]]}},{"type":"Feature","properties":{"sp":"commondolphin","n":10,"res":10000},"geometry":{"type":"Polygon","coordinates":[[[-3.406654,50.341405],[-3.266162,50.34302],[-3.26856,50.43293],[-3.409317,50.431309],[-3.406654,50.341405]]]}},{"type":"Feature","properties":{"sp":"commondolphin","n":9,"res":10000},"geometry":{"type":"Polygon","coordinates":[[[-5.90986,50.0142],[-5.770596,50.018816],[-5.777648,50.108558],[-5.91717,50.103927],[-5.90986,50.0142]]]}},{"type":"Feature","properties":{"sp":"commondolphin","n":9,"res":10000},"geometry":{"type":"Polygon","coordinates":[[[-4.249275,50.328153],[-4.108884,50.330785],[-4.112874,50.420656],[-4.25353,50.418015],[-4.249275,50.328153]]]}},{"type":"Feature","properties":{"sp":"commondolphin","n":9,"res":10000},"geometry":{"type":"Polygon","coordinates":[[[-3.821176,50.155765],[-3.681256,50.157875],[-3.684418,50.247771],[-3.824601,50.245654],[-3.821176,50.155765]]]}},{"type":"Feature","properties":{"sp":"commondolphin","n":8,"res":10000},"geometry":{"type":"Polygon","coordinates":[[[-6.034062,49.829987],[-5.895348,49.83474],[-5.902586,49.924471],[-6.041556,49.919704],[-6.034062,49.829987]]]}},{"type":"Feature","properties":{"sp":"commondolphin","n":8,"res":10000},"geometry":{"type":"Polygon","coordinates":[[[-4.670313,50.31924],[-4.52999,50.32238],[-4.534775,50.412224],[-4.675362,50.409074],[-4.670313,50.31924]]]}},{"type":"Feature","properties":{"sp":"commondolphin","n":7,"res":10000},"geometry":{"type":"Polygon","coordinates":[[[-4.52523,50.232534],[-4.385147,50.235496],[-4.389644,50.325351],[-4.52999,50.32238],[-4.52523,50.232534]]]}},{"type":"Feature","properties":{"sp":"commondolphin","n":7,"res":10000},"geometry":{"type":"Polygon","coordinates":[[[-4.240829,50.148423],[-4.100964,50.151038],[-4.104914,50.240913],[-4.245041,50.238289],[-4.240829,50.148423]]]}},{"type":"Feature","properties":{"sp":"commondolphin","n":7,"res":10000},"geometry":{"type":"Polygon","coordinates":[[[-1.295954,50.527651],[-1.154888,50.526713],[-1.153278,50.616632],[-1.294613,50.617573],[-1.295954,50.527651]]]}},{"type":"Feature","properties":{"sp":"commondolphin","n":6,"res":10000},"geometry":{"type":"Polygon","coordinates":[[[-4.695819,50.768393],[-4.554161,50.771584],[-4.559069,50.86142],[-4.700999,50.858219],[-4.695819,50.768393]]]}},{"type":"Feature","properties":{"sp":"commondolphin","n":6,"res":10000},"geometry":{"type":"Polygon","coordinates":[[[-5.114669,50.667997],[-4.973363,50.671692],[-4.979056,50.761497],[-5.120632,50.757791],[-5.114669,50.667997]]]}},{"type":"Feature","properties":{"sp":"commondolphin","n":6,"res":10000},"geometry":{"type":"Polygon","coordinates":[[[-4.945329,50.222637],[-4.805322,50.226105],[-4.810609,50.31593],[-4.950879,50.312452],[-4.945329,50.222637]]]}},{"type":"Feature","properties":{"sp":"commondolphin","n":6,"res":10000},"geometry":{"type":"Polygon","coordinates":[[[-4.52999,50.32238],[-4.389644,50.325351],[-4.394164,50.415205],[-4.534775,50.412224],[-4.52999,50.32238]]]}},{"type":"Feature","properties":{"sp":"commondolphin","n":6,"res":10000},"geometry":{"type":"Polygon","coordinates":[[[-4.380672,50.145639],[-4.240829,50.148423],[-4.245041,50.238289],[-4.385147,50.235496],[-4.380672,50.145639]]]}},{"type":"Feature","properties":{"sp":"commondolphin","n":6,"res":10000},"geometry":{"type":"Polygon","coordinates":[[[-2.992663,50.705406],[-2.851067,50.706526],[-2.8527,50.796442],[-2.994567,50.795319],[-2.992663,50.705406]]]}},{"type":"Feature","properties":{"sp":"commondolphin","n":6,"res":10000},"geometry":{"type":"Polygon","coordinates":[[[-2.708109,50.617553],[-2.566767,50.618327],[-2.567851,50.70825],[-2.709463,50.707474],[-2.708109,50.617553]]]}},{"type":"Feature","properties":{"sp":"commondolphin","n":6,"res":10000},"geometry":{"type":"Polygon","coordinates":[[[-1.577301,50.618941],[-1.435954,50.618343],[-1.434876,50.708266],[-1.576493,50.708866],[-1.577301,50.618941]]]}},{"type":"Feature","properties":{"sp":"commondolphin","n":5,"res":10000},"geometry":{"type":"Polygon","coordinates":[[[-5.895348,49.83474],[-5.756598,49.839326],[-5.763579,49.929072],[-5.902586,49.924471],[-5.895348,49.83474]]]}},{"type":"Feature","properties":{"sp":"commondolphin","n":5,"res":10000},"geometry":{"type":"Polygon","coordinates":[[[-5.91717,50.103927],[-5.777648,50.108558],[-5.784735,50.198297],[-5.924518,50.193652],[-5.91717,50.103927]]]}},{"type":"Feature","properties":{"sp":"commondolphin","n":5,"res":10000},"geometry":{"type":"Polygon","coordinates":[[[-5.644916,50.202774],[-5.505063,50.207083],[-5.511663,50.296848],[-5.651778,50.292526],[-5.644916,50.202774]]]}},{"type":"Feature","properties":{"sp":"commondolphin","n":5,"res":10000},"geometry":{"type":"Polygon","coordinates":[[[-5.384286,50.480553],[-5.243576,50.484564],[-5.249745,50.574349],[-5.390721,50.570326],[-5.384286,50.480553]]]}},{"type":"Feature","properties":{"sp":"commondolphin","n":5,"res":10000},"geometry":{"type":"Polygon","coordinates":[[[-4.690666,50.678566],[-4.549277,50.681747],[-4.554161,50.771584],[-4.695819,50.768393],[-4.690666,50.678566]]]}},{"type":"Feature","properties":{"sp":"commondolphin","n":5,"res":10000},"geometry":{"type":"Polygon","coordinates":[[[-1.437026,50.528418],[-1.295954,50.527651],[-1.294613,50.617573],[-1.435954,50.618343],[-1.437026,50.528418]]]}},{"type":"Feature","properties":{"sp":"commondolphin","n":4,"res":10000},"geometry":{"type":"Polygon","coordinates":[[[-5.062348,49.85977],[-4.923407,49.863361],[-4.928846,49.953182],[-5.068044,49.949581],[-5.062348,49.85977]]]}},{"type":"Feature","properties":{"sp":"commondolphin","n":4,"res":10000},"geometry":{"type":"Polygon","coordinates":[[[-4.78962,49.956617],[-4.650368,49.959885],[-4.655316,50.049726],[-4.794828,50.046448],[-4.78962,49.956617]]]}},{"type":"Feature","properties":{"sp":"commondolphin","n":4,"res":10000},"geometry":{"type":"Polygon","coordinates":[[[-4.794828,50.046448],[-4.655316,50.049726],[-4.66029,50.139566],[-4.800062,50.136277],[-4.794828,50.046448]]]}},{"type":"Feature","properties":{"sp":"commondolphin","n":4,"res":10000},"geometry":{"type":"Polygon","coordinates":[[[-4.367383,49.876057],[-4.228319,49.878815],[-4.232468,49.968686],[-4.37179,49.965919],[-4.367383,49.876057]]]}},{"type":"Feature","properties":{"sp":"commondolphin","n":4,"res":10000},"geometry":{"type":"Polygon","coordinates":[[[-2.564616,50.438477],[-2.423805,50.439075],[-2.424611,50.529003],[-2.565689,50.528403],[-2.564616,50.438477]]]}},{"type":"Feature","properties":{"sp":"commondolphin","n":3,"res":10000},"geometry":{"type":"Polygon","coordinates":[[[-4.554161,50.771584],[-4.412477,50.774603],[-4.417114,50.864448],[-4.559069,50.86142],[-4.554161,50.771584]]]}},{"type":"Feature","properties":{"sp":"commondolphin","n":3,"res":10000},"geometry":{"type":"Polygon","coordinates":[[[-6.049087,50.009418],[-5.90986,50.0142],[-5.91717,50.103927],[-6.056656,50.09913],[-6.049087,50.009418]]]}},{"type":"Feature","properties":{"sp":"commondolphin","n":3,"res":10000},"geometry":{"type":"Polygon","coordinates":[[[-5.390721,50.570326],[-5.249745,50.574349],[-5.255945,50.664132],[-5.397189,50.660096],[-5.390721,50.570326]]]}},{"type":"Feature","properties":{"sp":"commondolphin","n":3,"res":10000},"geometry":{"type":"Polygon","coordinates":[[[-5.085308,50.219001],[-4.945329,50.222637],[-4.950879,50.312452],[-5.09112,50.308804],[-5.085308,50.219001]]]}},{"type":"Feature","properties":{"sp":"commondolphin","n":3,"res":10000},"geometry":{"type":"Polygon","coordinates":[[[-4.923407,49.863361],[-4.784439,49.866784],[-4.78962,49.956617],[-4.928846,49.953182],[-4.923407,49.863361]]]}},{"type":"Feature","properties":{"sp":"commondolphin","n":3,"res":10000},"geometry":{"type":"Polygon","coordinates":[[[-4.51578,50.052837],[-4.37622,50.05578],[-4.380672,50.145639],[-4.520493,50.142686],[-4.51578,50.052837]]]}},{"type":"Feature","properties":{"sp":"commondolphin","n":3,"res":10000},"geometry":{"type":"Polygon","coordinates":[[[-4.520493,50.142686],[-4.380672,50.145639],[-4.385147,50.235496],[-4.52523,50.232534],[-4.520493,50.142686]]]}},{"type":"Feature","properties":{"sp":"commondolphin","n":3,"res":10000},"geometry":{"type":"Polygon","coordinates":[[[-4.236638,50.058555],[-4.097034,50.061163],[-4.100964,50.151038],[-4.240829,50.148423],[-4.236638,50.058555]]]}},{"type":"Feature","properties":{"sp":"commondolphin","n":3,"res":10000},"geometry":{"type":"Polygon","coordinates":[[[-4.097034,50.061163],[-3.957411,50.063602],[-3.96108,50.153486],[-4.100964,50.151038],[-4.097034,50.061163]]]}},{"type":"Feature","properties":{"sp":"commondolphin","n":3,"res":10000},"geometry":{"type":"Polygon","coordinates":[[[-3.964767,50.243368],[-3.824601,50.245654],[-3.828043,50.335542],[-3.968473,50.333248],[-3.964767,50.243368]]]}},{"type":"Feature","properties":{"sp":"commondolphin","n":3,"res":10000},"geometry":{"type":"Polygon","coordinates":[[[-3.684418,50.247771],[-3.544219,50.249719],[-3.547133,50.33962],[-3.687596,50.337666],[-3.684418,50.247771]]]}},{"type":"Feature","properties":{"sp":"commondolphin","n":3,"res":10000},"geometry":{"type":"Polygon","coordinates":[[[-3.544219,50.249719],[-3.404005,50.251499],[-3.406654,50.341405],[-3.547133,50.33962],[-3.544219,50.249719]]]}},{"type":"Feature","properties":{"sp":"commondolphin","n":3,"res":10000},"geometry":{"type":"Polygon","coordinates":[[[-2.851067,50.706526],[-2.709463,50.707474],[-2.710824,50.797393],[-2.8527,50.796442],[-2.851067,50.706526]]]}},{"type":"Feature","properties":{"sp":"commondolphin","n":3,"res":10000},"geometry":{"type":"Polygon","coordinates":[[[-2.565689,50.528403],[-2.424611,50.529003],[-2.425421,50.618929],[-2.566767,50.618327],[-2.565689,50.528403]]]}},{"type":"Feature","properties":{"sp":"commondolphin","n":2,"res":10000},"geometry":{"type":"Polygon","coordinates":[[[-5.756598,49.839326],[-5.617813,49.843747],[-5.624537,49.933507],[-5.763579,49.929072],[-5.756598,49.839326]]]}},{"type":"Feature","properties":{"sp":"commondolphin","n":2,"res":10000},"geometry":{"type":"Polygon","coordinates":[[[-5.617813,49.843747],[-5.478994,49.848002],[-5.485462,49.937775],[-5.624537,49.933507],[-5.617813,49.843747]]]}},{"type":"Feature","properties":{"sp":"commondolphin","n":2,"res":10000},"geometry":{"type":"Polygon","coordinates":[[[-5.377884,50.390779],[-5.237439,50.394777],[-5.243576,50.484564],[-5.384286,50.480553],[-5.377884,50.390779]]]}},{"type":"Feature","properties":{"sp":"commondolphin","n":2,"res":10000},"geometry":{"type":"Polygon","coordinates":[[[-5.249745,50.574349],[-5.108737,50.578202],[-5.114669,50.667997],[-5.255945,50.664132],[-5.249745,50.574349]]]}},{"type":"Feature","properties":{"sp":"commondolphin","n":2,"res":10000},"geometry":{"type":"Polygon","coordinates":[[[-4.511091,49.962986],[-4.37179,49.965919],[-4.37622,50.05578],[-4.51578,50.052837],[-4.511091,49.962986]]]}},{"type":"Feature","properties":{"sp":"commondolphin","n":2,"res":10000},"geometry":{"type":"Polygon","coordinates":[[[-3.132086,50.614204],[-2.990769,50.615492],[-2.992663,50.705406],[-3.13425,50.704114],[-3.132086,50.614204]]]}},{"type":"Feature","properties":{"sp":"commondolphin","n":2,"res":10000},"geometry":{"type":"Polygon","coordinates":[[[-2.705421,50.437708],[-2.564616,50.438477],[-2.565689,50.528403],[-2.706761,50.527631],[-2.705421,50.437708]]]}},{"type":"Feature","properties":{"sp":"commondolphin","n":2,"res":10000},"geometry":{"type":"Polygon","coordinates":[[[-2.001358,50.529778],[-1.860272,50.529694],[-1.860006,50.619623],[-2.001361,50.619707],[-2.001358,50.529778]]]}},{"type":"Feature","properties":{"sp":"commondolphin","n":2,"res":10000},"geometry":{"type":"Polygon","coordinates":[[[-2.001361,50.619707],[-1.860006,50.619623],[-1.859739,50.70955],[-2.001364,50.709634],[-2.001361,50.619707]]]}},{"type":"Feature","properties":{"sp":"commondolphin","n":1,"res":10000},"geometry":{"type":"Polygon","coordinates":[[[-6.252021,50.721974],[-6.110728,50.72705],[-6.118611,50.816744],[-6.260172,50.811652],[-6.252021,50.721974]]]}},{"type":"Feature","properties":{"sp":"commondolphin","n":1,"res":10000},"geometry":{"type":"Polygon","coordinates":[[[-5.700799,50.920728],[-5.558813,50.925148],[-5.565687,51.014897],[-5.707946,51.010463],[-5.700799,50.920728]]]}},{"type":"Feature","properties":{"sp":"commondolphin","n":1,"res":10000},"geometry":{"type":"Polygon","coordinates":[[[-4.559069,50.86142],[-4.417114,50.864448],[-4.421774,50.954291],[-4.564003,50.951253],[-4.559069,50.86142]]]}},{"type":"Feature","properties":{"sp":"commondolphin","n":1,"res":10000},"geometry":{"type":"Polygon","coordinates":[[[-4.279522,50.957156],[-4.137247,50.959848],[-4.141383,51.049707],[-4.283932,51.047007],[-4.279522,50.957156]]]}},{"type":"Feature","properties":{"sp":"commondolphin","n":1,"res":10000},"geometry":{"type":"Polygon","coordinates":[[[-1.29191,50.797413],[-1.150034,50.796466],[-1.148399,50.886381],[-1.290548,50.887331],[-1.29191,50.797413]]]}},{"type":"Feature","properties":{"sp":"commondolphin","n":1,"res":10000},"geometry":{"type":"Polygon","coordinates":[[[-6.188276,50.004469],[-6.049087,50.009418],[-6.056656,50.09913],[-6.196104,50.094165],[-6.188276,50.004469]]]}},{"type":"Feature","properties":{"sp":"commondolphin","n":1,"res":10000},"geometry":{"type":"Polygon","coordinates":[[[-5.806214,50.467503],[-5.665606,50.472023],[-5.672573,50.561768],[-5.813447,50.557234],[-5.806214,50.467503]]]}},{"type":"Feature","properties":{"sp":"commondolphin","n":1,"res":10000},"geometry":{"type":"Polygon","coordinates":[[[-5.820717,50.646963],[-5.679576,50.651511],[-5.686614,50.741252],[-5.828023,50.736689],[-5.820717,50.646963]]]}},{"type":"Feature","properties":{"sp":"commondolphin","n":1,"res":10000},"geometry":{"type":"Polygon","coordinates":[[[-5.518296,50.386612],[-5.377884,50.390779],[-5.384286,50.480553],[-5.524963,50.476373],[-5.518296,50.386612]]]}},{"type":"Feature","properties":{"sp":"commondolphin","n":1,"res":10000},"geometry":{"type":"Polygon","coordinates":[[[-5.524963,50.476373],[-5.384286,50.480553],[-5.390721,50.570326],[-5.531664,50.566132],[-5.524963,50.476373]]]}},{"type":"Feature","properties":{"sp":"commondolphin","n":1,"res":10000},"geometry":{"type":"Polygon","coordinates":[[[-5.538399,50.655889],[-5.397189,50.660096],[-5.403689,50.749864],[-5.545169,50.745644],[-5.538399,50.655889]]]}},{"type":"Feature","properties":{"sp":"commondolphin","n":1,"res":10000},"geometry":{"type":"Polygon","coordinates":[[[-5.225257,50.215197],[-5.085308,50.219001],[-5.09112,50.308804],[-5.231332,50.304988],[-5.225257,50.215197]]]}},{"type":"Feature","properties":{"sp":"commondolphin","n":1,"res":10000},"geometry":{"type":"Polygon","coordinates":[[[-4.784439,49.866784],[-4.645444,49.870042],[-4.650368,49.959885],[-4.78962,49.956617],[-4.784439,49.866784]]]}},{"type":"Feature","properties":{"sp":"commondolphin","n":1,"res":10000},"geometry":{"type":"Polygon","coordinates":[[[-4.66029,50.139566],[-4.520493,50.142686],[-4.52523,50.232534],[-4.665289,50.229404],[-4.66029,50.139566]]]}},{"type":"Feature","properties":{"sp":"commondolphin","n":1,"res":10000},"geometry":{"type":"Polygon","coordinates":[[[-4.37622,50.05578],[-4.236638,50.058555],[-4.240829,50.148423],[-4.380672,50.145639],[-4.37622,50.05578]]]}},{"type":"Feature","properties":{"sp":"commondolphin","n":1,"res":10000},"geometry":{"type":"Polygon","coordinates":[[[-4.232468,49.968686],[-4.093124,49.971285],[-4.097034,50.061163],[-4.236638,50.058555],[-4.232468,49.968686]]]}},{"type":"Feature","properties":{"sp":"commondolphin","n":1,"res":10000},"geometry":{"type":"Polygon","coordinates":[[[-4.108884,50.330785],[-3.968473,50.333248],[-3.972198,50.423127],[-4.112874,50.420656],[-4.108884,50.330785]]]}},{"type":"Feature","properties":{"sp":"commondolphin","n":1,"res":10000},"geometry":{"type":"Polygon","coordinates":[[[-3.681256,50.157875],[-3.54132,50.159817],[-3.544219,50.249719],[-3.684418,50.247771],[-3.681256,50.157875]]]}},{"type":"Feature","properties":{"sp":"commondolphin","n":1,"res":10000},"geometry":{"type":"Polygon","coordinates":[[[-3.54132,50.159817],[-3.401369,50.161591],[-3.404005,50.251499],[-3.544219,50.249719],[-3.54132,50.159817]]]}},{"type":"Feature","properties":{"sp":"commondolphin","n":1,"res":10000},"geometry":{"type":"Polygon","coordinates":[[[-3.404005,50.251499],[-3.263777,50.253109],[-3.266162,50.34302],[-3.406654,50.341405],[-3.404005,50.251499]]]}},{"type":"Feature","properties":{"sp":"commondolphin","n":1,"res":10000},"geometry":{"type":"Polygon","coordinates":[[[-3.270969,50.522838],[-3.129932,50.524293],[-3.132086,50.614204],[-3.273391,50.612745],[-3.270969,50.522838]]]}},{"type":"Feature","properties":{"sp":"commondolphin","n":1,"res":10000},"geometry":{"type":"Polygon","coordinates":[[[-2.990769,50.615492],[-2.849443,50.616608],[-2.851067,50.706526],[-2.992663,50.705406],[-2.990769,50.615492]]]}},{"type":"Feature","properties":{"sp":"commondolphin","n":1,"res":10000},"geometry":{"type":"Polygon","coordinates":[[[-2.142716,50.619619],[-2.001361,50.619707],[-2.001364,50.709634],[-2.142989,50.709546],[-2.142716,50.619619]]]}},{"type":"Feature","properties":{"sp":"commondolphin","n":1,"res":10000},"geometry":{"type":"Polygon","coordinates":[[[-1.718652,50.619368],[-1.577301,50.618941],[-1.576493,50.708866],[-1.718115,50.709294],[-1.718652,50.619368]]]}},{"type":"Feature","properties":{"sp":"commondolphin","n":1,"res":10000},"geometry":{"type":"Polygon","coordinates":[[[-1.576493,50.708866],[-1.434876,50.708266],[-1.433793,50.798188],[-1.575682,50.79879],[-1.576493,50.708866]]]}},{"type":"Feature","properties":{"sp":"commondolphin","n":1,"res":10000},"geometry":{"type":"Polygon","coordinates":[[[-1.153278,50.616632],[-1.011952,50.61552],[-1.010064,50.705434],[-1.15166,50.70655],[-1.153278,50.616632]]]}},{"type":"Feature","properties":{"sp":"commondolphin","n":1,"res":10000},"geometry":{"type":"Polygon","coordinates":[[[-0.019237,50.692809],[0.122243,50.690319],[0.126309,50.780183],[-0.015442,50.782682],[-0.019237,50.692809]]]}},{"type":"Feature","properties":{"sp":"commondolphin","n":1,"res":10000},"geometry":{"type":"Polygon","coordinates":[[[0.122243,50.690319],[0.263703,50.687657],[0.268039,50.777513],[0.126309,50.780183],[0.122243,50.690319]]]}},{"type":"Feature","properties":{"sp":"porpoise","n":2520,"res":10000},"geometry":{"type":"Polygon","coordinates":[[[-5.631296,50.023265],[-5.491963,50.027547],[-5.498496,50.117316],[-5.638089,50.113021],[-5.631296,50.023265]]]}},{"type":"Feature","properties":{"sp":"porpoise","n":1150,"res":10000},"geometry":{"type":"Polygon","coordinates":[[[-5.07377,50.039389],[-4.934312,50.043003],[-4.939807,50.132821],[-5.079524,50.129196],[-5.07377,50.039389]]]}},{"type":"Feature","properties":{"sp":"porpoise","n":571,"res":10000},"geometry":{"type":"Polygon","coordinates":[[[-5.207214,49.945812],[-5.068044,49.949581],[-5.07377,50.039389],[-5.213198,50.035609],[-5.207214,49.945812]]]}},{"type":"Feature","properties":{"sp":"porpoise","n":531,"res":10000},"geometry":{"type":"Polygon","coordinates":[[[-5.624537,49.933507],[-5.485462,49.937775],[-5.491963,50.027547],[-5.631296,50.023265],[-5.624537,49.933507]]]}},{"type":"Feature","properties":{"sp":"porpoise","n":476,"res":10000},"geometry":{"type":"Polygon","coordinates":[[[-5.505063,50.207083],[-5.365176,50.211224],[-5.371514,50.301002],[-5.511663,50.296848],[-5.505063,50.207083]]]}},{"type":"Feature","properties":{"sp":"porpoise","n":468,"res":10000},"geometry":{"type":"Polygon","coordinates":[[[-5.770596,50.018816],[-5.631296,50.023265],[-5.638089,50.113021],[-5.777648,50.108558],[-5.770596,50.018816]]]}},{"type":"Feature","properties":{"sp":"porpoise","n":452,"res":10000},"geometry":{"type":"Polygon","coordinates":[[[-5.371514,50.301002],[-5.231332,50.304988],[-5.237439,50.394777],[-5.377884,50.390779],[-5.371514,50.301002]]]}},{"type":"Feature","properties":{"sp":"porpoise","n":438,"res":10000},"geometry":{"type":"Polygon","coordinates":[[[-4.967699,50.581884],[-4.826633,50.585396],[-4.832028,50.675215],[-4.973363,50.671692],[-4.967699,50.581884]]]}},{"type":"Feature","properties":{"sp":"porpoise","n":356,"res":10000},"geometry":{"type":"Polygon","coordinates":[[[-5.237439,50.394777],[-5.096963,50.398605],[-5.102835,50.488405],[-5.243576,50.484564],[-5.237439,50.394777]]]}},{"type":"Feature","properties":{"sp":"porpoise","n":326,"res":10000},"geometry":{"type":"Polygon","coordinates":[[[-5.763579,49.929072],[-5.624537,49.933507],[-5.631296,50.023265],[-5.770596,50.018816],[-5.763579,49.929072]]]}},{"type":"Feature","properties":{"sp":"porpoise","n":294,"res":10000},"geometry":{"type":"Polygon","coordinates":[[[-5.491963,50.027547],[-5.352596,50.031661],[-5.35887,50.121444],[-5.498496,50.117316],[-5.491963,50.027547]]]}},{"type":"Feature","properties":{"sp":"porpoise","n":259,"res":10000},"geometry":{"type":"Polygon","coordinates":[[[-4.939807,50.132821],[-4.800062,50.136277],[-4.805322,50.226105],[-4.945329,50.222637],[-4.939807,50.132821]]]}},{"type":"Feature","properties":{"sp":"porpoise","n":242,"res":10000},"geometry":{"type":"Polygon","coordinates":[[[-5.079524,50.129196],[-4.939807,50.132821],[-4.945329,50.222637],[-5.085308,50.219001],[-5.079524,50.129196]]]}},{"type":"Feature","properties":{"sp":"porpoise","n":150,"res":10000},"geometry":{"type":"Polygon","coordinates":[[[-5.096963,50.398605],[-4.956457,50.402264],[-4.962064,50.492075],[-5.102835,50.488405],[-5.096963,50.398605]]]}},{"type":"Feature","properties":{"sp":"porpoise","n":148,"res":10000},"geometry":{"type":"Polygon","coordinates":[[[-5.068044,49.949581],[-4.928846,49.953182],[-4.934312,50.043003],[-5.07377,50.039389],[-5.068044,49.949581]]]}},{"type":"Feature","properties":{"sp":"porpoise","n":139,"res":10000},"geometry":{"type":"Polygon","coordinates":[[[-4.934312,50.043003],[-4.794828,50.046448],[-4.800062,50.136277],[-4.939807,50.132821],[-4.934312,50.043003]]]}},{"type":"Feature","properties":{"sp":"porpoise","n":132,"res":10000},"geometry":{"type":"Polygon","coordinates":[[[-3.547133,50.33962],[-3.406654,50.341405],[-3.409317,50.431309],[-3.550061,50.429519],[-3.547133,50.33962]]]}},{"type":"Feature","properties":{"sp":"porpoise","n":104,"res":10000},"geometry":{"type":"Polygon","coordinates":[[[-4.805322,50.226105],[-4.665289,50.229404],[-4.670313,50.31924],[-4.810609,50.31593],[-4.805322,50.226105]]]}},{"type":"Feature","properties":{"sp":"porpoise","n":76,"res":10000},"geometry":{"type":"Polygon","coordinates":[[[-5.102835,50.488405],[-4.962064,50.492075],[-4.967699,50.581884],[-5.108737,50.578202],[-5.102835,50.488405]]]}},{"type":"Feature","properties":{"sp":"porpoise","n":53,"res":10000},"geometry":{"type":"Polygon","coordinates":[[[-5.777648,50.108558],[-5.638089,50.113021],[-5.644916,50.202774],[-5.784735,50.198297],[-5.777648,50.108558]]]}},{"type":"Feature","properties":{"sp":"porpoise","n":46,"res":10000},"geometry":{"type":"Polygon","coordinates":[[[-5.231332,50.304988],[-5.09112,50.308804],[-5.096963,50.398605],[-5.237439,50.394777],[-5.231332,50.304988]]]}},{"type":"Feature","properties":{"sp":"porpoise","n":39,"res":10000},"geometry":{"type":"Polygon","coordinates":[[[-4.655316,50.049726],[-4.51578,50.052837],[-4.520493,50.142686],[-4.66029,50.139566],[-4.655316,50.049726]]]}},{"type":"Feature","properties":{"sp":"porpoise","n":34,"res":10000},"geometry":{"type":"Polygon","coordinates":[[[-4.826633,50.585396],[-4.685539,50.588737],[-4.690666,50.678566],[-4.832028,50.675215],[-4.826633,50.585396]]]}},{"type":"Feature","properties":{"sp":"porpoise","n":33,"res":10000},"geometry":{"type":"Polygon","coordinates":[[[-4.962064,50.492075],[-4.821264,50.495576],[-4.826633,50.585396],[-4.967699,50.581884],[-4.962064,50.492075]]]}},{"type":"Feature","properties":{"sp":"porpoise","n":26,"res":10000},"geometry":{"type":"Polygon","coordinates":[[[-6.041556,49.919704],[-5.902586,49.924471],[-5.90986,50.0142],[-6.049087,50.009418],[-6.041556,49.919704]]]}},{"type":"Feature","properties":{"sp":"porpoise","n":26,"res":10000},"geometry":{"type":"Polygon","coordinates":[[[-5.365176,50.211224],[-5.225257,50.215197],[-5.231332,50.304988],[-5.371514,50.301002],[-5.365176,50.211224]]]}},{"type":"Feature","properties":{"sp":"porpoise","n":26,"res":10000},"geometry":{"type":"Polygon","coordinates":[[[-5.20126,49.856014],[-5.062348,49.85977],[-5.068044,49.949581],[-5.207214,49.945812],[-5.20126,49.856014]]]}},{"type":"Feature","properties":{"sp":"porpoise","n":26,"res":10000},"geometry":{"type":"Polygon","coordinates":[[[-4.832028,50.675215],[-4.690666,50.678566],[-4.695819,50.768393],[-4.837452,50.765031],[-4.832028,50.675215]]]}},{"type":"Feature","properties":{"sp":"porpoise","n":23,"res":10000},"geometry":{"type":"Polygon","coordinates":[[[-4.245041,50.238289],[-4.104914,50.240913],[-4.108884,50.330785],[-4.249275,50.328153],[-4.245041,50.238289]]]}},{"type":"Feature","properties":{"sp":"porpoise","n":22,"res":10000},"geometry":{"type":"Polygon","coordinates":[[[-5.485462,49.937775],[-5.346354,49.941877],[-5.352596,50.031661],[-5.491963,50.027547],[-5.485462,49.937775]]]}},{"type":"Feature","properties":{"sp":"porpoise","n":22,"res":10000},"geometry":{"type":"Polygon","coordinates":[[[-4.800062,50.136277],[-4.66029,50.139566],[-4.665289,50.229404],[-4.805322,50.226105],[-4.800062,50.136277]]]}},{"type":"Feature","properties":{"sp":"porpoise","n":22,"res":10000},"geometry":{"type":"Polygon","coordinates":[[[-4.104914,50.240913],[-3.964767,50.243368],[-3.968473,50.333248],[-4.108884,50.330785],[-4.104914,50.240913]]]}},{"type":"Feature","properties":{"sp":"porpoise","n":19,"res":10000},"geometry":{"type":"Polygon","coordinates":[[[-3.550061,50.429519],[-3.409317,50.431309],[-3.411994,50.521213],[-3.553005,50.519417],[-3.550061,50.429519]]]}},{"type":"Feature","properties":{"sp":"porpoise","n":17,"res":10000},"geometry":{"type":"Polygon","coordinates":[[[-4.695819,50.768393],[-4.554161,50.771584],[-4.559069,50.86142],[-4.700999,50.858219],[-4.695819,50.768393]]]}},{"type":"Feature","properties":{"sp":"porpoise","n":16,"res":10000},"geometry":{"type":"Polygon","coordinates":[[[-5.498496,50.117316],[-5.35887,50.121444],[-5.365176,50.211224],[-5.505063,50.207083],[-5.498496,50.117316]]]}},{"type":"Feature","properties":{"sp":"porpoise","n":15,"res":10000},"geometry":{"type":"Polygon","coordinates":[[[-4.665289,50.229404],[-4.52523,50.232534],[-4.52999,50.32238],[-4.670313,50.31924],[-4.665289,50.229404]]]}},{"type":"Feature","properties":{"sp":"porpoise","n":13,"res":10000},"geometry":{"type":"Polygon","coordinates":[[[-4.650368,49.959885],[-4.511091,49.962986],[-4.51578,50.052837],[-4.655316,50.049726],[-4.650368,49.959885]]]}},{"type":"Feature","properties":{"sp":"porpoise","n":13,"res":10000},"geometry":{"type":"Polygon","coordinates":[[[-0.019237,50.692809],[0.122243,50.690319],[0.126309,50.780183],[-0.015442,50.782682],[-0.019237,50.692809]]]}},{"type":"Feature","properties":{"sp":"porpoise","n":11,"res":10000},"geometry":{"type":"Polygon","coordinates":[[[-6.180488,49.91477],[-6.041556,49.919704],[-6.049087,50.009418],[-6.188276,50.004469],[-6.180488,49.91477]]]}},{"type":"Feature","properties":{"sp":"porpoise","n":11,"res":10000},"geometry":{"type":"Polygon","coordinates":[[[-5.902586,49.924471],[-5.763579,49.929072],[-5.770596,50.018816],[-5.90986,50.0142],[-5.902586,49.924471]]]}},{"type":"Feature","properties":{"sp":"porpoise","n":11,"res":10000},"geometry":{"type":"Polygon","coordinates":[[[-5.346354,49.941877],[-5.207214,49.945812],[-5.213198,50.035609],[-5.352596,50.031661],[-5.346354,49.941877]]]}},{"type":"Feature","properties":{"sp":"porpoise","n":11,"res":10000},"geometry":{"type":"Polygon","coordinates":[[[-5.352596,50.031661],[-5.213198,50.035609],[-5.219212,50.125404],[-5.35887,50.121444],[-5.352596,50.031661]]]}},{"type":"Feature","properties":{"sp":"porpoise","n":11,"res":10000},"geometry":{"type":"Polygon","coordinates":[[[-4.928846,49.953182],[-4.78962,49.956617],[-4.794828,50.046448],[-4.934312,50.043003],[-4.928846,49.953182]]]}},{"type":"Feature","properties":{"sp":"porpoise","n":11,"res":10000},"geometry":{"type":"Polygon","coordinates":[[[-4.670313,50.31924],[-4.52999,50.32238],[-4.534775,50.412224],[-4.675362,50.409074],[-4.670313,50.31924]]]}},{"type":"Feature","properties":{"sp":"porpoise","n":11,"res":10000},"geometry":{"type":"Polygon","coordinates":[[[-3.687596,50.337666],[-3.547133,50.33962],[-3.550061,50.429519],[-3.69079,50.427558],[-3.687596,50.337666]]]}},{"type":"Feature","properties":{"sp":"porpoise","n":10,"res":10000},"geometry":{"type":"Polygon","coordinates":[[[-4.52999,50.32238],[-4.389644,50.325351],[-4.394164,50.415205],[-4.534775,50.412224],[-4.52999,50.32238]]]}},{"type":"Feature","properties":{"sp":"porpoise","n":10,"res":10000},"geometry":{"type":"Polygon","coordinates":[[[0.122243,50.690319],[0.263703,50.687657],[0.268039,50.777513],[0.126309,50.780183],[0.122243,50.690319]]]}},{"type":"Feature","properties":{"sp":"porpoise","n":9,"res":10000},"geometry":{"type":"Polygon","coordinates":[[[-4.564003,50.951253],[-4.421774,50.954291],[-4.426459,51.044133],[-4.568962,51.041086],[-4.564003,50.951253]]]}},{"type":"Feature","properties":{"sp":"porpoise","n":9,"res":10000},"geometry":{"type":"Polygon","coordinates":[[[-5.108737,50.578202],[-4.967699,50.581884],[-4.973363,50.671692],[-5.114669,50.667997],[-5.108737,50.578202]]]}},{"type":"Feature","properties":{"sp":"porpoise","n":9,"res":10000},"geometry":{"type":"Polygon","coordinates":[[[-4.389644,50.325351],[-4.249275,50.328153],[-4.25353,50.418015],[-4.394164,50.415205],[-4.389644,50.325351]]]}},{"type":"Feature","properties":{"sp":"porpoise","n":9,"res":10000},"geometry":{"type":"Polygon","coordinates":[[[-3.553005,50.519417],[-3.411994,50.521213],[-3.414684,50.611114],[-3.555964,50.609313],[-3.553005,50.519417]]]}},{"type":"Feature","properties":{"sp":"porpoise","n":9,"res":10000},"geometry":{"type":"Polygon","coordinates":[[[-3.406654,50.341405],[-3.266162,50.34302],[-3.26856,50.43293],[-3.409317,50.431309],[-3.406654,50.341405]]]}},{"type":"Feature","properties":{"sp":"porpoise","n":8,"res":10000},"geometry":{"type":"Polygon","coordinates":[[[-4.810609,50.31593],[-4.670313,50.31924],[-4.675362,50.409074],[-4.815923,50.405754],[-4.810609,50.31593]]]}},{"type":"Feature","properties":{"sp":"porpoise","n":8,"res":10000},"geometry":{"type":"Polygon","coordinates":[[[-1.577301,50.618941],[-1.435954,50.618343],[-1.434876,50.708266],[-1.576493,50.708866],[-1.577301,50.618941]]]}},{"type":"Feature","properties":{"sp":"porpoise","n":7,"res":10000},"geometry":{"type":"Polygon","coordinates":[[[-4.249275,50.328153],[-4.108884,50.330785],[-4.112874,50.420656],[-4.25353,50.418015],[-4.249275,50.328153]]]}},{"type":"Feature","properties":{"sp":"porpoise","n":7,"res":10000},"geometry":{"type":"Polygon","coordinates":[[[-1.295954,50.527651],[-1.154888,50.526713],[-1.153278,50.616632],[-1.294613,50.617573],[-1.295954,50.527651]]]}},{"type":"Feature","properties":{"sp":"porpoise","n":6,"res":10000},"geometry":{"type":"Polygon","coordinates":[[[-5.638089,50.113021],[-5.498496,50.117316],[-5.505063,50.207083],[-5.644916,50.202774],[-5.638089,50.113021]]]}},{"type":"Feature","properties":{"sp":"porpoise","n":6,"res":10000},"geometry":{"type":"Polygon","coordinates":[[[-4.945329,50.222637],[-4.805322,50.226105],[-4.810609,50.31593],[-4.950879,50.312452],[-4.945329,50.222637]]]}},{"type":"Feature","properties":{"sp":"porpoise","n":6,"res":10000},"geometry":{"type":"Polygon","coordinates":[[[-4.240829,50.148423],[-4.100964,50.151038],[-4.104914,50.240913],[-4.245041,50.238289],[-4.240829,50.148423]]]}},{"type":"Feature","properties":{"sp":"porpoise","n":6,"res":10000},"geometry":{"type":"Polygon","coordinates":[[[-1.435954,50.618343],[-1.294613,50.617573],[-1.293265,50.707494],[-1.434876,50.708266],[-1.435954,50.618343]]]}},{"type":"Feature","properties":{"sp":"porpoise","n":5,"res":10000},"geometry":{"type":"Polygon","coordinates":[[[-5.213198,50.035609],[-5.07377,50.039389],[-5.079524,50.129196],[-5.219212,50.125404],[-5.213198,50.035609]]]}},{"type":"Feature","properties":{"sp":"porpoise","n":5,"res":10000},"geometry":{"type":"Polygon","coordinates":[[[-4.794828,50.046448],[-4.655316,50.049726],[-4.66029,50.139566],[-4.800062,50.136277],[-4.794828,50.046448]]]}},{"type":"Feature","properties":{"sp":"porpoise","n":5,"res":10000},"geometry":{"type":"Polygon","coordinates":[[[-4.52523,50.232534],[-4.385147,50.235496],[-4.389644,50.325351],[-4.52999,50.32238],[-4.52523,50.232534]]]}},{"type":"Feature","properties":{"sp":"porpoise","n":5,"res":10000},"geometry":{"type":"Polygon","coordinates":[[[-3.684418,50.247771],[-3.544219,50.249719],[-3.547133,50.33962],[-3.687596,50.337666],[-3.684418,50.247771]]]}},{"type":"Feature","properties":{"sp":"porpoise","n":5,"res":10000},"geometry":{"type":"Polygon","coordinates":[[[-2.564616,50.438477],[-2.423805,50.439075],[-2.424611,50.529003],[-2.565689,50.528403],[-2.564616,50.438477]]]}},{"type":"Feature","properties":{"sp":"porpoise","n":5,"res":10000},"geometry":{"type":"Polygon","coordinates":[[[-1.718652,50.619368],[-1.577301,50.618941],[-1.576493,50.708866],[-1.718115,50.709294],[-1.718652,50.619368]]]}},{"type":"Feature","properties":{"sp":"porpoise","n":4,"res":10000},"geometry":{"type":"Polygon","coordinates":[[[-6.034062,49.829987],[-5.895348,49.83474],[-5.902586,49.924471],[-6.041556,49.919704],[-6.034062,49.829987]]]}},{"type":"Feature","properties":{"sp":"porpoise","n":4,"res":10000},"geometry":{"type":"Polygon","coordinates":[[[-5.340142,49.852091],[-5.20126,49.856014],[-5.207214,49.945812],[-5.346354,49.941877],[-5.340142,49.852091]]]}},{"type":"Feature","properties":{"sp":"porpoise","n":4,"res":10000},"geometry":{"type":"Polygon","coordinates":[[[-2.565689,50.528403],[-2.424611,50.529003],[-2.425421,50.618929],[-2.566767,50.618327],[-2.565689,50.528403]]]}},{"type":"Feature","properties":{"sp":"porpoise","n":4,"res":10000},"geometry":{"type":"Polygon","coordinates":[[[-1.15166,50.70655],[-1.010064,50.705434],[-1.008166,50.795347],[-1.150034,50.796466],[-1.15166,50.70655]]]}},{"type":"Feature","properties":{"sp":"porpoise","n":4,"res":10000},"geometry":{"type":"Polygon","coordinates":[[[-0.157212,50.785008],[-0.015442,50.782682],[-0.011627,50.872553],[-0.15367,50.874886],[-0.157212,50.785008]]]}},{"type":"Feature","properties":{"sp":"porpoise","n":3,"res":10000},"geometry":{"type":"Polygon","coordinates":[[[-4.554161,50.771584],[-4.412477,50.774603],[-4.417114,50.864448],[-4.559069,50.86142],[-4.554161,50.771584]]]}},{"type":"Feature","properties":{"sp":"porpoise","n":3,"res":10000},"geometry":{"type":"Polygon","coordinates":[[[-4.283932,51.047007],[-4.141383,51.049707],[-4.145539,51.139565],[-4.288365,51.136856],[-4.283932,51.047007]]]}},{"type":"Feature","properties":{"sp":"porpoise","n":3,"res":10000},"geometry":{"type":"Polygon","coordinates":[[[-5.90986,50.0142],[-5.770596,50.018816],[-5.777648,50.108558],[-5.91717,50.103927],[-5.90986,50.0142]]]}},{"type":"Feature","properties":{"sp":"porpoise","n":3,"res":10000},"geometry":{"type":"Polygon","coordinates":[[[-5.219212,50.125404],[-5.079524,50.129196],[-5.085308,50.219001],[-5.225257,50.215197],[-5.219212,50.125404]]]}},{"type":"Feature","properties":{"sp":"porpoise","n":3,"res":10000},"geometry":{"type":"Polygon","coordinates":[[[-4.51578,50.052837],[-4.37622,50.05578],[-4.380672,50.145639],[-4.520493,50.142686],[-4.51578,50.052837]]]}},{"type":"Feature","properties":{"sp":"porpoise","n":3,"res":10000},"geometry":{"type":"Polygon","coordinates":[[[-4.385147,50.235496],[-4.245041,50.238289],[-4.249275,50.328153],[-4.389644,50.325351],[-4.385147,50.235496]]]}},{"type":"Feature","properties":{"sp":"porpoise","n":3,"res":10000},"geometry":{"type":"Polygon","coordinates":[[[-2.142444,50.52969],[-2.001358,50.529778],[-2.001361,50.619707],[-2.142716,50.619619],[-2.142444,50.52969]]]}},{"type":"Feature","properties":{"sp":"porpoise","n":3,"res":10000},"geometry":{"type":"Polygon","coordinates":[[[-2.001358,50.529778],[-1.860272,50.529694],[-1.860006,50.619623],[-2.001361,50.619707],[-2.001358,50.529778]]]}},{"type":"Feature","properties":{"sp":"porpoise","n":3,"res":10000},"geometry":{"type":"Polygon","coordinates":[[[-1.437026,50.528418],[-1.295954,50.527651],[-1.294613,50.617573],[-1.435954,50.618343],[-1.437026,50.528418]]]}},{"type":"Feature","properties":{"sp":"porpoise","n":2,"res":10000},"geometry":{"type":"Polygon","coordinates":[[[-4.421774,50.954291],[-4.279522,50.957156],[-4.283932,51.047007],[-4.426459,51.044133],[-4.421774,50.954291]]]}},{"type":"Feature","properties":{"sp":"porpoise","n":2,"res":10000},"geometry":{"type":"Polygon","coordinates":[[[-6.172739,49.825069],[-6.034062,49.829987],[-6.041556,49.919704],[-6.180488,49.91477],[-6.172739,49.825069]]]}},{"type":"Feature","properties":{"sp":"porpoise","n":2,"res":10000},"geometry":{"type":"Polygon","coordinates":[[[-5.895348,49.83474],[-5.756598,49.839326],[-5.763579,49.929072],[-5.902586,49.924471],[-5.895348,49.83474]]]}},{"type":"Feature","properties":{"sp":"porpoise","n":2,"res":10000},"geometry":{"type":"Polygon","coordinates":[[[-5.644916,50.202774],[-5.505063,50.207083],[-5.511663,50.296848],[-5.651778,50.292526],[-5.644916,50.202774]]]}},{"type":"Feature","properties":{"sp":"porpoise","n":2,"res":10000},"geometry":{"type":"Polygon","coordinates":[[[-5.114669,50.667997],[-4.973363,50.671692],[-4.979056,50.761497],[-5.120632,50.757791],[-5.114669,50.667997]]]}},{"type":"Feature","properties":{"sp":"porpoise","n":2,"res":10000},"geometry":{"type":"Polygon","coordinates":[[[-4.973363,50.671692],[-4.832028,50.675215],[-4.837452,50.765031],[-4.979056,50.761497],[-4.973363,50.671692]]]}},{"type":"Feature","properties":{"sp":"porpoise","n":2,"res":10000},"geometry":{"type":"Polygon","coordinates":[[[-4.511091,49.962986],[-4.37179,49.965919],[-4.37622,50.05578],[-4.51578,50.052837],[-4.511091,49.962986]]]}},{"type":"Feature","properties":{"sp":"porpoise","n":2,"res":10000},"geometry":{"type":"Polygon","coordinates":[[[-2.992663,50.705406],[-2.851067,50.706526],[-2.8527,50.796442],[-2.994567,50.795319],[-2.992663,50.705406]]]}},{"type":"Feature","properties":{"sp":"porpoise","n":2,"res":10000},"geometry":{"type":"Polygon","coordinates":[[[-1.718115,50.709294],[-1.576493,50.708866],[-1.575682,50.79879],[-1.717575,50.799219],[-1.718115,50.709294]]]}},{"type":"Feature","properties":{"sp":"porpoise","n":2,"res":10000},"geometry":{"type":"Polygon","coordinates":[[[-0.868477,50.704146],[-0.726901,50.702686],[-0.724461,50.79259],[-0.866308,50.794055],[-0.868477,50.704146]]]}},{"type":"Feature","properties":{"sp":"porpoise","n":1,"res":10000},"geometry":{"type":"Polygon","coordinates":[[[-4.700999,50.858219],[-4.559069,50.86142],[-4.564003,50.951253],[-4.706206,50.948043],[-4.700999,50.858219]]]}},{"type":"Feature","properties":{"sp":"porpoise","n":1,"res":10000},"geometry":{"type":"Polygon","coordinates":[[[-4.279522,50.957156],[-4.137247,50.959848],[-4.141383,51.049707],[-4.283932,51.047007],[-4.279522,50.957156]]]}},{"type":"Feature","properties":{"sp":"porpoise","n":1,"res":10000},"geometry":{"type":"Polygon","coordinates":[[[-1.433793,50.798188],[-1.29191,50.797413],[-1.290548,50.887331],[-1.432704,50.888108],[-1.433793,50.798188]]]}},{"type":"Feature","properties":{"sp":"porpoise","n":1,"res":10000},"geometry":{"type":"Polygon","coordinates":[[[-5.756598,49.839326],[-5.617813,49.843747],[-5.624537,49.933507],[-5.763579,49.929072],[-5.756598,49.839326]]]}},{"type":"Feature","properties":{"sp":"porpoise","n":1,"res":10000},"geometry":{"type":"Polygon","coordinates":[[[-5.617813,49.843747],[-5.478994,49.848002],[-5.485462,49.937775],[-5.624537,49.933507],[-5.617813,49.843747]]]}},{"type":"Feature","properties":{"sp":"porpoise","n":1,"res":10000},"geometry":{"type":"Polygon","coordinates":[[[-5.384286,50.480553],[-5.243576,50.484564],[-5.249745,50.574349],[-5.390721,50.570326],[-5.384286,50.480553]]]}},{"type":"Feature","properties":{"sp":"porpoise","n":1,"res":10000},"geometry":{"type":"Polygon","coordinates":[[[-5.243576,50.484564],[-5.102835,50.488405],[-5.108737,50.578202],[-5.249745,50.574349],[-5.243576,50.484564]]]}},{"type":"Feature","properties":{"sp":"porpoise","n":1,"res":10000},"geometry":{"type":"Polygon","coordinates":[[[-5.249745,50.574349],[-5.108737,50.578202],[-5.114669,50.667997],[-5.255945,50.664132],[-5.249745,50.574349]]]}},{"type":"Feature","properties":{"sp":"porpoise","n":1,"res":10000},"geometry":{"type":"Polygon","coordinates":[[[-5.255945,50.664132],[-5.114669,50.667997],[-5.120632,50.757791],[-5.262177,50.753913],[-5.255945,50.664132]]]}},{"type":"Feature","properties":{"sp":"porpoise","n":1,"res":10000},"geometry":{"type":"Polygon","coordinates":[[[-5.062348,49.85977],[-4.923407,49.863361],[-4.928846,49.953182],[-5.068044,49.949581],[-5.062348,49.85977]]]}},{"type":"Feature","properties":{"sp":"porpoise","n":1,"res":10000},"geometry":{"type":"Polygon","coordinates":[[[-5.085308,50.219001],[-4.945329,50.222637],[-4.950879,50.312452],[-5.09112,50.308804],[-5.085308,50.219001]]]}},{"type":"Feature","properties":{"sp":"porpoise","n":1,"res":10000},"geometry":{"type":"Polygon","coordinates":[[[-4.66029,50.139566],[-4.520493,50.142686],[-4.52523,50.232534],[-4.665289,50.229404],[-4.66029,50.139566]]]}},{"type":"Feature","properties":{"sp":"porpoise","n":1,"res":10000},"geometry":{"type":"Polygon","coordinates":[[[-4.690666,50.678566],[-4.549277,50.681747],[-4.554161,50.771584],[-4.695819,50.768393],[-4.690666,50.678566]]]}},{"type":"Feature","properties":{"sp":"porpoise","n":1,"res":10000},"geometry":{"type":"Polygon","coordinates":[[[-4.520493,50.142686],[-4.380672,50.145639],[-4.385147,50.235496],[-4.52523,50.232534],[-4.520493,50.142686]]]}},{"type":"Feature","properties":{"sp":"porpoise","n":1,"res":10000},"geometry":{"type":"Polygon","coordinates":[[[-4.367383,49.876057],[-4.228319,49.878815],[-4.232468,49.968686],[-4.37179,49.965919],[-4.367383,49.876057]]]}},{"type":"Feature","properties":{"sp":"porpoise","n":1,"res":10000},"geometry":{"type":"Polygon","coordinates":[[[-4.37179,49.965919],[-4.232468,49.968686],[-4.236638,50.058555],[-4.37622,50.05578],[-4.37179,49.965919]]]}},{"type":"Feature","properties":{"sp":"porpoise","n":1,"res":10000},"geometry":{"type":"Polygon","coordinates":[[[-4.380672,50.145639],[-4.240829,50.148423],[-4.245041,50.238289],[-4.385147,50.235496],[-4.380672,50.145639]]]}},{"type":"Feature","properties":{"sp":"porpoise","n":1,"res":10000},"geometry":{"type":"Polygon","coordinates":[[[-4.236638,50.058555],[-4.097034,50.061163],[-4.100964,50.151038],[-4.240829,50.148423],[-4.236638,50.058555]]]}},{"type":"Feature","properties":{"sp":"porpoise","n":1,"res":10000},"geometry":{"type":"Polygon","coordinates":[[[-4.097034,50.061163],[-3.957411,50.063602],[-3.96108,50.153486],[-4.100964,50.151038],[-4.097034,50.061163]]]}},{"type":"Feature","properties":{"sp":"porpoise","n":1,"res":10000},"geometry":{"type":"Polygon","coordinates":[[[-3.964767,50.243368],[-3.824601,50.245654],[-3.828043,50.335542],[-3.968473,50.333248],[-3.964767,50.243368]]]}},{"type":"Feature","properties":{"sp":"porpoise","n":1,"res":10000},"geometry":{"type":"Polygon","coordinates":[[[-3.821176,50.155765],[-3.681256,50.157875],[-3.684418,50.247771],[-3.824601,50.245654],[-3.821176,50.155765]]]}},{"type":"Feature","properties":{"sp":"porpoise","n":1,"res":10000},"geometry":{"type":"Polygon","coordinates":[[[-3.681256,50.157875],[-3.54132,50.159817],[-3.544219,50.249719],[-3.684418,50.247771],[-3.681256,50.157875]]]}},{"type":"Feature","properties":{"sp":"porpoise","n":1,"res":10000},"geometry":{"type":"Polygon","coordinates":[[[-3.54132,50.159817],[-3.401369,50.161591],[-3.404005,50.251499],[-3.544219,50.249719],[-3.54132,50.159817]]]}},{"type":"Feature","properties":{"sp":"porpoise","n":1,"res":10000},"geometry":{"type":"Polygon","coordinates":[[[-3.414684,50.611114],[-3.273391,50.612745],[-3.275825,50.70265],[-3.417388,50.701015],[-3.414684,50.611114]]]}},{"type":"Feature","properties":{"sp":"porpoise","n":1,"res":10000},"geometry":{"type":"Polygon","coordinates":[[[-2.990769,50.615492],[-2.849443,50.616608],[-2.851067,50.706526],[-2.992663,50.705406],[-2.990769,50.615492]]]}},{"type":"Feature","properties":{"sp":"porpoise","n":1,"res":10000},"geometry":{"type":"Polygon","coordinates":[[[-2.708109,50.617553],[-2.566767,50.618327],[-2.567851,50.70825],[-2.709463,50.707474],[-2.708109,50.617553]]]}},{"type":"Feature","properties":{"sp":"porpoise","n":1,"res":10000},"geometry":{"type":"Polygon","coordinates":[[[-2.283529,50.529432],[-2.142444,50.52969],[-2.142716,50.619619],[-2.28407,50.61936],[-2.283529,50.529432]]]}},{"type":"Feature","properties":{"sp":"porpoise","n":1,"res":10000},"geometry":{"type":"Polygon","coordinates":[[[-1.434876,50.708266],[-1.293265,50.707494],[-1.29191,50.797413],[-1.433793,50.798188],[-1.434876,50.708266]]]}},{"type":"Feature","properties":{"sp":"porpoise","n":1,"res":10000},"geometry":{"type":"Polygon","coordinates":[[[-1.294613,50.617573],[-1.153278,50.616632],[-1.15166,50.70655],[-1.293265,50.707494],[-1.294613,50.617573]]]}},{"type":"Feature","properties":{"sp":"porpoise","n":1,"res":10000},"geometry":{"type":"Polygon","coordinates":[[[-1.293265,50.707494],[-1.15166,50.70655],[-1.150034,50.796466],[-1.29191,50.797413],[-1.293265,50.707494]]]}},{"type":"Feature","properties":{"sp":"porpoise","n":1,"res":10000},"geometry":{"type":"Polygon","coordinates":[[[-0.726901,50.702686],[-0.585338,50.701054],[-0.582627,50.790953],[-0.724461,50.79259],[-0.726901,50.702686]]]}},{"type":"Feature","properties":{"sp":"porpoise","n":1,"res":10000},"geometry":{"type":"Polygon","coordinates":[[[-0.299001,50.787162],[-0.157212,50.785008],[-0.15367,50.874886],[-0.29573,50.877047],[-0.299001,50.787162]]]}},{"type":"Feature","properties":{"sp":"porpoise","n":1,"res":10000},"geometry":{"type":"Polygon","coordinates":[[[-0.305492,50.607387],[-0.164244,50.605246],[-0.160737,50.695128],[-0.302255,50.697275],[-0.305492,50.607387]]]}},{"type":"Feature","properties":{"sp":"porpoise","n":1,"res":10000},"geometry":{"type":"Polygon","coordinates":[[[-0.302255,50.697275],[-0.160737,50.695128],[-0.157212,50.785008],[-0.299001,50.787162],[-0.302255,50.697275]]]}},{"type":"Feature","properties":{"sp":"bottlenose","n":302,"res":10000},"geometry":{"type":"Polygon","coordinates":[[[-5.505063,50.207083],[-5.365176,50.211224],[-5.371514,50.301002],[-5.511663,50.296848],[-5.505063,50.207083]]]}},{"type":"Feature","properties":{"sp":"bottlenose","n":153,"res":10000},"geometry":{"type":"Polygon","coordinates":[[[-5.631296,50.023265],[-5.491963,50.027547],[-5.498496,50.117316],[-5.638089,50.113021],[-5.631296,50.023265]]]}},{"type":"Feature","properties":{"sp":"bottlenose","n":107,"res":10000},"geometry":{"type":"Polygon","coordinates":[[[-5.770596,50.018816],[-5.631296,50.023265],[-5.638089,50.113021],[-5.777648,50.108558],[-5.770596,50.018816]]]}},{"type":"Feature","properties":{"sp":"bottlenose","n":61,"res":10000},"geometry":{"type":"Polygon","coordinates":[[[-4.967699,50.581884],[-4.826633,50.585396],[-4.832028,50.675215],[-4.973363,50.671692],[-4.967699,50.581884]]]}},{"type":"Feature","properties":{"sp":"bottlenose","n":59,"res":10000},"geometry":{"type":"Polygon","coordinates":[[[-5.207214,49.945812],[-5.068044,49.949581],[-5.07377,50.039389],[-5.213198,50.035609],[-5.207214,49.945812]]]}},{"type":"Feature","properties":{"sp":"bottlenose","n":54,"res":10000},"geometry":{"type":"Polygon","coordinates":[[[-5.371514,50.301002],[-5.231332,50.304988],[-5.237439,50.394777],[-5.377884,50.390779],[-5.371514,50.301002]]]}},{"type":"Feature","properties":{"sp":"bottlenose","n":54,"res":10000},"geometry":{"type":"Polygon","coordinates":[[[-5.237439,50.394777],[-5.096963,50.398605],[-5.102835,50.488405],[-5.243576,50.484564],[-5.237439,50.394777]]]}},{"type":"Feature","properties":{"sp":"bottlenose","n":54,"res":10000},"geometry":{"type":"Polygon","coordinates":[[[-5.07377,50.039389],[-4.934312,50.043003],[-4.939807,50.132821],[-5.079524,50.129196],[-5.07377,50.039389]]]}},{"type":"Feature","properties":{"sp":"bottlenose","n":49,"res":10000},"geometry":{"type":"Polygon","coordinates":[[[-5.079524,50.129196],[-4.939807,50.132821],[-4.945329,50.222637],[-5.085308,50.219001],[-5.079524,50.129196]]]}},{"type":"Feature","properties":{"sp":"bottlenose","n":39,"res":10000},"geometry":{"type":"Polygon","coordinates":[[[-5.365176,50.211224],[-5.225257,50.215197],[-5.231332,50.304988],[-5.371514,50.301002],[-5.365176,50.211224]]]}},{"type":"Feature","properties":{"sp":"bottlenose","n":37,"res":10000},"geometry":{"type":"Polygon","coordinates":[[[-0.299001,50.787162],[-0.157212,50.785008],[-0.15367,50.874886],[-0.29573,50.877047],[-0.299001,50.787162]]]}},{"type":"Feature","properties":{"sp":"bottlenose","n":34,"res":10000},"geometry":{"type":"Polygon","coordinates":[[[-5.096963,50.398605],[-4.956457,50.402264],[-4.962064,50.492075],[-5.102835,50.488405],[-5.096963,50.398605]]]}},{"type":"Feature","properties":{"sp":"bottlenose","n":33,"res":10000},"geometry":{"type":"Polygon","coordinates":[[[-5.777648,50.108558],[-5.638089,50.113021],[-5.644916,50.202774],[-5.784735,50.198297],[-5.777648,50.108558]]]}},{"type":"Feature","properties":{"sp":"bottlenose","n":32,"res":10000},"geometry":{"type":"Polygon","coordinates":[[[-0.157212,50.785008],[-0.015442,50.782682],[-0.011627,50.872553],[-0.15367,50.874886],[-0.157212,50.785008]]]}},{"type":"Feature","properties":{"sp":"bottlenose","n":31,"res":10000},"geometry":{"type":"Polygon","coordinates":[[[-1.295954,50.527651],[-1.154888,50.526713],[-1.153278,50.616632],[-1.294613,50.617573],[-1.295954,50.527651]]]}},{"type":"Feature","properties":{"sp":"bottlenose","n":29,"res":10000},"geometry":{"type":"Polygon","coordinates":[[[-5.231332,50.304988],[-5.09112,50.308804],[-5.096963,50.398605],[-5.237439,50.394777],[-5.231332,50.304988]]]}},{"type":"Feature","properties":{"sp":"bottlenose","n":25,"res":10000},"geometry":{"type":"Polygon","coordinates":[[[-5.491963,50.027547],[-5.352596,50.031661],[-5.35887,50.121444],[-5.498496,50.117316],[-5.491963,50.027547]]]}},{"type":"Feature","properties":{"sp":"bottlenose","n":23,"res":10000},"geometry":{"type":"Polygon","coordinates":[[[-5.498496,50.117316],[-5.35887,50.121444],[-5.365176,50.211224],[-5.505063,50.207083],[-5.498496,50.117316]]]}},{"type":"Feature","properties":{"sp":"bottlenose","n":22,"res":10000},"geometry":{"type":"Polygon","coordinates":[[[-5.638089,50.113021],[-5.498496,50.117316],[-5.505063,50.207083],[-5.644916,50.202774],[-5.638089,50.113021]]]}},{"type":"Feature","properties":{"sp":"bottlenose","n":21,"res":10000},"geometry":{"type":"Polygon","coordinates":[[[-0.726901,50.702686],[-0.585338,50.701054],[-0.582627,50.790953],[-0.724461,50.79259],[-0.726901,50.702686]]]}},{"type":"Feature","properties":{"sp":"bottlenose","n":19,"res":10000},"geometry":{"type":"Polygon","coordinates":[[[-4.939807,50.132821],[-4.800062,50.136277],[-4.805322,50.226105],[-4.945329,50.222637],[-4.939807,50.132821]]]}},{"type":"Feature","properties":{"sp":"bottlenose","n":17,"res":10000},"geometry":{"type":"Polygon","coordinates":[[[-1.15166,50.70655],[-1.010064,50.705434],[-1.008166,50.795347],[-1.150034,50.796466],[-1.15166,50.70655]]]}},{"type":"Feature","properties":{"sp":"bottlenose","n":16,"res":10000},"geometry":{"type":"Polygon","coordinates":[[[-4.962064,50.492075],[-4.821264,50.495576],[-4.826633,50.585396],[-4.967699,50.581884],[-4.962064,50.492075]]]}},{"type":"Feature","properties":{"sp":"bottlenose","n":16,"res":10000},"geometry":{"type":"Polygon","coordinates":[[[-2.564616,50.438477],[-2.423805,50.439075],[-2.424611,50.529003],[-2.565689,50.528403],[-2.564616,50.438477]]]}},{"type":"Feature","properties":{"sp":"bottlenose","n":15,"res":10000},"geometry":{"type":"Polygon","coordinates":[[[-5.352596,50.031661],[-5.213198,50.035609],[-5.219212,50.125404],[-5.35887,50.121444],[-5.352596,50.031661]]]}},{"type":"Feature","properties":{"sp":"bottlenose","n":15,"res":10000},"geometry":{"type":"Polygon","coordinates":[[[-2.565689,50.528403],[-2.424611,50.529003],[-2.425421,50.618929],[-2.566767,50.618327],[-2.565689,50.528403]]]}},{"type":"Feature","properties":{"sp":"bottlenose","n":15,"res":10000},"geometry":{"type":"Polygon","coordinates":[[[-2.001358,50.529778],[-1.860272,50.529694],[-1.860006,50.619623],[-2.001361,50.619707],[-2.001358,50.529778]]]}},{"type":"Feature","properties":{"sp":"bottlenose","n":15,"res":10000},"geometry":{"type":"Polygon","coordinates":[[[-1.577301,50.618941],[-1.435954,50.618343],[-1.434876,50.708266],[-1.576493,50.708866],[-1.577301,50.618941]]]}},{"type":"Feature","properties":{"sp":"bottlenose","n":15,"res":10000},"geometry":{"type":"Polygon","coordinates":[[[-0.019237,50.692809],[0.122243,50.690319],[0.126309,50.780183],[-0.015442,50.782682],[-0.019237,50.692809]]]}},{"type":"Feature","properties":{"sp":"bottlenose","n":13,"res":10000},"geometry":{"type":"Polygon","coordinates":[[[-4.670313,50.31924],[-4.52999,50.32238],[-4.534775,50.412224],[-4.675362,50.409074],[-4.670313,50.31924]]]}},{"type":"Feature","properties":{"sp":"bottlenose","n":12,"res":10000},"geometry":{"type":"Polygon","coordinates":[[[-5.213198,50.035609],[-5.07377,50.039389],[-5.079524,50.129196],[-5.219212,50.125404],[-5.213198,50.035609]]]}},{"type":"Feature","properties":{"sp":"bottlenose","n":12,"res":10000},"geometry":{"type":"Polygon","coordinates":[[[-0.585338,50.701054],[-0.443789,50.699251],[-0.440806,50.789144],[-0.582627,50.790953],[-0.585338,50.701054]]]}},{"type":"Feature","properties":{"sp":"bottlenose","n":11,"res":10000},"geometry":{"type":"Polygon","coordinates":[[[-5.763579,49.929072],[-5.624537,49.933507],[-5.631296,50.023265],[-5.770596,50.018816],[-5.763579,49.929072]]]}},{"type":"Feature","properties":{"sp":"bottlenose","n":11,"res":10000},"geometry":{"type":"Polygon","coordinates":[[[-5.102835,50.488405],[-4.962064,50.492075],[-4.967699,50.581884],[-5.108737,50.578202],[-5.102835,50.488405]]]}},{"type":"Feature","properties":{"sp":"bottlenose","n":11,"res":10000},"geometry":{"type":"Polygon","coordinates":[[[-4.249275,50.328153],[-4.108884,50.330785],[-4.112874,50.420656],[-4.25353,50.418015],[-4.249275,50.328153]]]}},{"type":"Feature","properties":{"sp":"bottlenose","n":10,"res":10000},"geometry":{"type":"Polygon","coordinates":[[[-1.153278,50.616632],[-1.011952,50.61552],[-1.010064,50.705434],[-1.15166,50.70655],[-1.153278,50.616632]]]}},{"type":"Feature","properties":{"sp":"bottlenose","n":10,"res":10000},"geometry":{"type":"Polygon","coordinates":[[[-0.440806,50.789144],[-0.299001,50.787162],[-0.29573,50.877047],[-0.437808,50.879035],[-0.440806,50.789144]]]}},{"type":"Feature","properties":{"sp":"bottlenose","n":9,"res":10000},"geometry":{"type":"Polygon","coordinates":[[[-4.805322,50.226105],[-4.665289,50.229404],[-4.670313,50.31924],[-4.810609,50.31593],[-4.805322,50.226105]]]}},{"type":"Feature","properties":{"sp":"bottlenose","n":9,"res":10000},"geometry":{"type":"Polygon","coordinates":[[[-3.547133,50.33962],[-3.406654,50.341405],[-3.409317,50.431309],[-3.550061,50.429519],[-3.547133,50.33962]]]}},{"type":"Feature","properties":{"sp":"bottlenose","n":9,"res":10000},"geometry":{"type":"Polygon","coordinates":[[[-1.718652,50.619368],[-1.577301,50.618941],[-1.576493,50.708866],[-1.718115,50.709294],[-1.718652,50.619368]]]}},{"type":"Feature","properties":{"sp":"bottlenose","n":9,"res":10000},"geometry":{"type":"Polygon","coordinates":[[[-0.870635,50.614236],[-0.729329,50.61278],[-0.726901,50.702686],[-0.868477,50.704146],[-0.870635,50.614236]]]}},{"type":"Feature","properties":{"sp":"bottlenose","n":8,"res":10000},"geometry":{"type":"Polygon","coordinates":[[[-5.624537,49.933507],[-5.485462,49.937775],[-5.491963,50.027547],[-5.631296,50.023265],[-5.624537,49.933507]]]}},{"type":"Feature","properties":{"sp":"bottlenose","n":8,"res":10000},"geometry":{"type":"Polygon","coordinates":[[[-4.934312,50.043003],[-4.794828,50.046448],[-4.800062,50.136277],[-4.939807,50.132821],[-4.934312,50.043003]]]}},{"type":"Feature","properties":{"sp":"bottlenose","n":7,"res":10000},"geometry":{"type":"Polygon","coordinates":[[[-1.010064,50.705434],[-0.868477,50.704146],[-0.866308,50.794055],[-1.008166,50.795347],[-1.010064,50.705434]]]}},{"type":"Feature","properties":{"sp":"bottlenose","n":6,"res":10000},"geometry":{"type":"Polygon","coordinates":[[[-5.346354,49.941877],[-5.207214,49.945812],[-5.213198,50.035609],[-5.352596,50.031661],[-5.346354,49.941877]]]}},{"type":"Feature","properties":{"sp":"bottlenose","n":6,"res":10000},"geometry":{"type":"Polygon","coordinates":[[[-4.826633,50.585396],[-4.685539,50.588737],[-4.690666,50.678566],[-4.832028,50.675215],[-4.826633,50.585396]]]}},{"type":"Feature","properties":{"sp":"bottlenose","n":6,"res":10000},"geometry":{"type":"Polygon","coordinates":[[[-1.434876,50.708266],[-1.293265,50.707494],[-1.29191,50.797413],[-1.433793,50.798188],[-1.434876,50.708266]]]}},{"type":"Feature","properties":{"sp":"bottlenose","n":6,"res":10000},"geometry":{"type":"Polygon","coordinates":[[[-0.868477,50.704146],[-0.726901,50.702686],[-0.724461,50.79259],[-0.866308,50.794055],[-0.868477,50.704146]]]}},{"type":"Feature","properties":{"sp":"bottlenose","n":5,"res":10000},"geometry":{"type":"Polygon","coordinates":[[[-6.041556,49.919704],[-5.902586,49.924471],[-5.90986,50.0142],[-6.049087,50.009418],[-6.041556,49.919704]]]}},{"type":"Feature","properties":{"sp":"bottlenose","n":5,"res":10000},"geometry":{"type":"Polygon","coordinates":[[[-4.52999,50.32238],[-4.389644,50.325351],[-4.394164,50.415205],[-4.534775,50.412224],[-4.52999,50.32238]]]}},{"type":"Feature","properties":{"sp":"bottlenose","n":5,"res":10000},"geometry":{"type":"Polygon","coordinates":[[[-1.859739,50.70955],[-1.718115,50.709294],[-1.717575,50.799219],[-1.85947,50.799476],[-1.859739,50.70955]]]}},{"type":"Feature","properties":{"sp":"bottlenose","n":5,"res":10000},"geometry":{"type":"Polygon","coordinates":[[[-1.576493,50.708866],[-1.434876,50.708266],[-1.433793,50.798188],[-1.575682,50.79879],[-1.576493,50.708866]]]}},{"type":"Feature","properties":{"sp":"bottlenose","n":5,"res":10000},"geometry":{"type":"Polygon","coordinates":[[[-1.293265,50.707494],[-1.15166,50.70655],[-1.150034,50.796466],[-1.29191,50.797413],[-1.293265,50.707494]]]}},{"type":"Feature","properties":{"sp":"bottlenose","n":4,"res":10000},"geometry":{"type":"Polygon","coordinates":[[[-5.20126,49.856014],[-5.062348,49.85977],[-5.068044,49.949581],[-5.207214,49.945812],[-5.20126,49.856014]]]}},{"type":"Feature","properties":{"sp":"bottlenose","n":4,"res":10000},"geometry":{"type":"Polygon","coordinates":[[[-4.665289,50.229404],[-4.52523,50.232534],[-4.52999,50.32238],[-4.670313,50.31924],[-4.665289,50.229404]]]}},{"type":"Feature","properties":{"sp":"bottlenose","n":4,"res":10000},"geometry":{"type":"Polygon","coordinates":[[[-4.380672,50.145639],[-4.240829,50.148423],[-4.245041,50.238289],[-4.385147,50.235496],[-4.380672,50.145639]]]}},{"type":"Feature","properties":{"sp":"bottlenose","n":4,"res":10000},"geometry":{"type":"Polygon","coordinates":[[[-2.001361,50.619707],[-1.860006,50.619623],[-1.859739,50.70955],[-2.001364,50.709634],[-2.001361,50.619707]]]}},{"type":"Feature","properties":{"sp":"bottlenose","n":3,"res":10000},"geometry":{"type":"Polygon","coordinates":[[[-5.902586,49.924471],[-5.763579,49.929072],[-5.770596,50.018816],[-5.90986,50.0142],[-5.902586,49.924471]]]}},{"type":"Feature","properties":{"sp":"bottlenose","n":3,"res":10000},"geometry":{"type":"Polygon","coordinates":[[[-5.90986,50.0142],[-5.770596,50.018816],[-5.777648,50.108558],[-5.91717,50.103927],[-5.90986,50.0142]]]}},{"type":"Feature","properties":{"sp":"bottlenose","n":3,"res":10000},"geometry":{"type":"Polygon","coordinates":[[[-5.108737,50.578202],[-4.967699,50.581884],[-4.973363,50.671692],[-5.114669,50.667997],[-5.108737,50.578202]]]}},{"type":"Feature","properties":{"sp":"bottlenose","n":3,"res":10000},"geometry":{"type":"Polygon","coordinates":[[[-4.800062,50.136277],[-4.66029,50.139566],[-4.665289,50.229404],[-4.805322,50.226105],[-4.800062,50.136277]]]}},{"type":"Feature","properties":{"sp":"bottlenose","n":3,"res":10000},"geometry":{"type":"Polygon","coordinates":[[[-4.832028,50.675215],[-4.690666,50.678566],[-4.695819,50.768393],[-4.837452,50.765031],[-4.832028,50.675215]]]}},{"type":"Feature","properties":{"sp":"bottlenose","n":3,"res":10000},"geometry":{"type":"Polygon","coordinates":[[[-4.104914,50.240913],[-3.964767,50.243368],[-3.968473,50.333248],[-4.108884,50.330785],[-4.104914,50.240913]]]}},{"type":"Feature","properties":{"sp":"bottlenose","n":3,"res":10000},"geometry":{"type":"Polygon","coordinates":[[[-0.582627,50.790953],[-0.440806,50.789144],[-0.437808,50.879035],[-0.579901,50.88085],[-0.582627,50.790953]]]}},{"type":"Feature","properties":{"sp":"bottlenose","n":3,"res":10000},"geometry":{"type":"Polygon","coordinates":[[[-0.302255,50.697275],[-0.160737,50.695128],[-0.157212,50.785008],[-0.299001,50.787162],[-0.302255,50.697275]]]}},{"type":"Feature","properties":{"sp":"bottlenose","n":3,"res":10000},"geometry":{"type":"Polygon","coordinates":[[[0.122243,50.690319],[0.263703,50.687657],[0.268039,50.777513],[0.126309,50.780183],[0.122243,50.690319]]]}},{"type":"Feature","properties":{"sp":"bottlenose","n":2,"res":10000},"geometry":{"type":"Polygon","coordinates":[[[-5.644916,50.202774],[-5.505063,50.207083],[-5.511663,50.296848],[-5.651778,50.292526],[-5.644916,50.202774]]]}},{"type":"Feature","properties":{"sp":"bottlenose","n":2,"res":10000},"geometry":{"type":"Polygon","coordinates":[[[-5.243576,50.484564],[-5.102835,50.488405],[-5.108737,50.578202],[-5.249745,50.574349],[-5.243576,50.484564]]]}},{"type":"Feature","properties":{"sp":"bottlenose","n":2,"res":10000},"geometry":{"type":"Polygon","coordinates":[[[-5.068044,49.949581],[-4.928846,49.953182],[-4.934312,50.043003],[-5.07377,50.039389],[-5.068044,49.949581]]]}},{"type":"Feature","properties":{"sp":"bottlenose","n":2,"res":10000},"geometry":{"type":"Polygon","coordinates":[[[-4.945329,50.222637],[-4.805322,50.226105],[-4.810609,50.31593],[-4.950879,50.312452],[-4.945329,50.222637]]]}},{"type":"Feature","properties":{"sp":"bottlenose","n":2,"res":10000},"geometry":{"type":"Polygon","coordinates":[[[-4.810609,50.31593],[-4.670313,50.31924],[-4.675362,50.409074],[-4.815923,50.405754],[-4.810609,50.31593]]]}},{"type":"Feature","properties":{"sp":"bottlenose","n":2,"res":10000},"geometry":{"type":"Polygon","coordinates":[[[-4.389644,50.325351],[-4.249275,50.328153],[-4.25353,50.418015],[-4.394164,50.415205],[-4.389644,50.325351]]]}},{"type":"Feature","properties":{"sp":"bottlenose","n":2,"res":10000},"geometry":{"type":"Polygon","coordinates":[[[-4.245041,50.238289],[-4.104914,50.240913],[-4.108884,50.330785],[-4.249275,50.328153],[-4.245041,50.238289]]]}},{"type":"Feature","properties":{"sp":"bottlenose","n":2,"res":10000},"geometry":{"type":"Polygon","coordinates":[[[-3.964767,50.243368],[-3.824601,50.245654],[-3.828043,50.335542],[-3.968473,50.333248],[-3.964767,50.243368]]]}},{"type":"Feature","properties":{"sp":"bottlenose","n":2,"res":10000},"geometry":{"type":"Polygon","coordinates":[[[-3.553005,50.519417],[-3.411994,50.521213],[-3.414684,50.611114],[-3.555964,50.609313],[-3.553005,50.519417]]]}},{"type":"Feature","properties":{"sp":"bottlenose","n":2,"res":10000},"geometry":{"type":"Polygon","coordinates":[[[-0.015442,50.782682],[0.126309,50.780183],[0.130396,50.870046],[-0.011627,50.872553],[-0.015442,50.782682]]]}},{"type":"Feature","properties":{"sp":"bottlenose","n":1,"res":10000},"geometry":{"type":"Polygon","coordinates":[[[-6.260172,50.811652],[-6.118611,50.816744],[-6.126534,50.906435],[-6.268366,50.901327],[-6.260172,50.811652]]]}},{"type":"Feature","properties":{"sp":"bottlenose","n":1,"res":10000},"geometry":{"type":"Polygon","coordinates":[[[-4.695819,50.768393],[-4.554161,50.771584],[-4.559069,50.86142],[-4.700999,50.858219],[-4.695819,50.768393]]]}},{"type":"Feature","properties":{"sp":"bottlenose","n":1,"res":10000},"geometry":{"type":"Polygon","coordinates":[[[-4.283932,51.047007],[-4.141383,51.049707],[-4.145539,51.139565],[-4.288365,51.136856],[-4.283932,51.047007]]]}},{"type":"Feature","properties":{"sp":"bottlenose","n":1,"res":10000},"geometry":{"type":"Polygon","coordinates":[[[-6.172739,49.825069],[-6.034062,49.829987],[-6.041556,49.919704],[-6.180488,49.91477],[-6.172739,49.825069]]]}},{"type":"Feature","properties":{"sp":"bottlenose","n":1,"res":10000},"geometry":{"type":"Polygon","coordinates":[[[-6.180488,49.91477],[-6.041556,49.919704],[-6.049087,50.009418],[-6.188276,50.004469],[-6.180488,49.91477]]]}},{"type":"Feature","properties":{"sp":"bottlenose","n":1,"res":10000},"geometry":{"type":"Polygon","coordinates":[[[-5.91717,50.103927],[-5.777648,50.108558],[-5.784735,50.198297],[-5.924518,50.193652],[-5.91717,50.103927]]]}},{"type":"Feature","properties":{"sp":"bottlenose","n":1,"res":10000},"geometry":{"type":"Polygon","coordinates":[[[-5.756598,49.839326],[-5.617813,49.843747],[-5.624537,49.933507],[-5.763579,49.929072],[-5.756598,49.839326]]]}},{"type":"Feature","properties":{"sp":"bottlenose","n":1,"res":10000},"geometry":{"type":"Polygon","coordinates":[[[-5.384286,50.480553],[-5.243576,50.484564],[-5.249745,50.574349],[-5.390721,50.570326],[-5.384286,50.480553]]]}},{"type":"Feature","properties":{"sp":"bottlenose","n":1,"res":10000},"geometry":{"type":"Polygon","coordinates":[[[-4.78962,49.956617],[-4.650368,49.959885],[-4.655316,50.049726],[-4.794828,50.046448],[-4.78962,49.956617]]]}},{"type":"Feature","properties":{"sp":"bottlenose","n":1,"res":10000},"geometry":{"type":"Polygon","coordinates":[[[-4.66029,50.139566],[-4.520493,50.142686],[-4.52523,50.232534],[-4.665289,50.229404],[-4.66029,50.139566]]]}},{"type":"Feature","properties":{"sp":"bottlenose","n":1,"res":10000},"geometry":{"type":"Polygon","coordinates":[[[-4.511091,49.962986],[-4.37179,49.965919],[-4.37622,50.05578],[-4.51578,50.052837],[-4.511091,49.962986]]]}},{"type":"Feature","properties":{"sp":"bottlenose","n":1,"res":10000},"geometry":{"type":"Polygon","coordinates":[[[-4.385147,50.235496],[-4.245041,50.238289],[-4.249275,50.328153],[-4.389644,50.325351],[-4.385147,50.235496]]]}},{"type":"Feature","properties":{"sp":"bottlenose","n":1,"res":10000},"geometry":{"type":"Polygon","coordinates":[[[-4.240829,50.148423],[-4.100964,50.151038],[-4.104914,50.240913],[-4.245041,50.238289],[-4.240829,50.148423]]]}},{"type":"Feature","properties":{"sp":"bottlenose","n":1,"res":10000},"geometry":{"type":"Polygon","coordinates":[[[-3.821176,50.155765],[-3.681256,50.157875],[-3.684418,50.247771],[-3.824601,50.245654],[-3.821176,50.155765]]]}},{"type":"Feature","properties":{"sp":"bottlenose","n":1,"res":10000},"geometry":{"type":"Polygon","coordinates":[[[-3.684418,50.247771],[-3.544219,50.249719],[-3.547133,50.33962],[-3.687596,50.337666],[-3.684418,50.247771]]]}},{"type":"Feature","properties":{"sp":"bottlenose","n":1,"res":10000},"geometry":{"type":"Polygon","coordinates":[[[-3.687596,50.337666],[-3.547133,50.33962],[-3.550061,50.429519],[-3.69079,50.427558],[-3.687596,50.337666]]]}},{"type":"Feature","properties":{"sp":"bottlenose","n":1,"res":10000},"geometry":{"type":"Polygon","coordinates":[[[-3.414684,50.611114],[-3.273391,50.612745],[-3.275825,50.70265],[-3.417388,50.701015],[-3.414684,50.611114]]]}},{"type":"Feature","properties":{"sp":"bottlenose","n":1,"res":10000},"geometry":{"type":"Polygon","coordinates":[[[-2.992663,50.705406],[-2.851067,50.706526],[-2.8527,50.796442],[-2.994567,50.795319],[-2.992663,50.705406]]]}},{"type":"Feature","properties":{"sp":"bottlenose","n":1,"res":10000},"geometry":{"type":"Polygon","coordinates":[[[-2.849443,50.616608],[-2.708109,50.617553],[-2.709463,50.707474],[-2.851067,50.706526],[-2.849443,50.616608]]]}},{"type":"Feature","properties":{"sp":"bottlenose","n":1,"res":10000},"geometry":{"type":"Polygon","coordinates":[[[-2.708109,50.617553],[-2.566767,50.618327],[-2.567851,50.70825],[-2.709463,50.707474],[-2.708109,50.617553]]]}},{"type":"Feature","properties":{"sp":"bottlenose","n":1,"res":10000},"geometry":{"type":"Polygon","coordinates":[[[-2.423805,50.439075],[-2.282991,50.439503],[-2.283529,50.529432],[-2.424611,50.529003],[-2.423805,50.439075]]]}},{"type":"Feature","properties":{"sp":"bottlenose","n":1,"res":10000},"geometry":{"type":"Polygon","coordinates":[[[-2.424611,50.529003],[-2.283529,50.529432],[-2.28407,50.61936],[-2.425421,50.618929],[-2.424611,50.529003]]]}},{"type":"Feature","properties":{"sp":"bottlenose","n":1,"res":10000},"geometry":{"type":"Polygon","coordinates":[[[-2.283529,50.529432],[-2.142444,50.52969],[-2.142716,50.619619],[-2.28407,50.61936],[-2.283529,50.529432]]]}},{"type":"Feature","properties":{"sp":"bottlenose","n":1,"res":10000},"geometry":{"type":"Polygon","coordinates":[[[-2.142444,50.52969],[-2.001358,50.529778],[-2.001361,50.619707],[-2.142716,50.619619],[-2.142444,50.52969]]]}},{"type":"Feature","properties":{"sp":"bottlenose","n":1,"res":10000},"geometry":{"type":"Polygon","coordinates":[[[-2.142716,50.619619],[-2.001361,50.619707],[-2.001364,50.709634],[-2.142989,50.709546],[-2.142716,50.619619]]]}},{"type":"Feature","properties":{"sp":"bottlenose","n":1,"res":10000},"geometry":{"type":"Polygon","coordinates":[[[-1.437026,50.528418],[-1.295954,50.527651],[-1.294613,50.617573],[-1.435954,50.618343],[-1.437026,50.528418]]]}},{"type":"Feature","properties":{"sp":"bottlenose","n":1,"res":10000},"geometry":{"type":"Polygon","coordinates":[[[-1.435954,50.618343],[-1.294613,50.617573],[-1.293265,50.707494],[-1.434876,50.708266],[-1.435954,50.618343]]]}},{"type":"Feature","properties":{"sp":"bottlenose","n":1,"res":10000},"geometry":{"type":"Polygon","coordinates":[[[-1.305153,49.898156],[-1.165931,49.897238],[-1.164377,49.987168],[-1.303859,49.988088],[-1.305153,49.898156]]]}},{"type":"Feature","properties":{"sp":"bottlenose","n":1,"res":10000},"geometry":{"type":"Polygon","coordinates":[[[-0.443789,50.699251],[-0.302255,50.697275],[-0.299001,50.787162],[-0.440806,50.789144],[-0.443789,50.699251]]]}},{"type":"Feature","properties":{"sp":"bottlenose","n":1,"res":10000},"geometry":{"type":"Polygon","coordinates":[[[-0.305492,50.607387],[-0.164244,50.605246],[-0.160737,50.695128],[-0.302255,50.697275],[-0.305492,50.607387]]]}},{"type":"Feature","properties":{"sp":"bottlenose","n":1,"res":10000},"geometry":{"type":"Polygon","coordinates":[[[-0.160737,50.695128],[-0.019237,50.692809],[-0.015442,50.782682],[-0.157212,50.785008],[-0.160737,50.695128]]]}},{"type":"Feature","properties":{"sp":"baskingshark","n":1142,"res":2000},"geometry":{"type":"Polygon","coordinates":[[[-5.68702,50.021505],[-5.659159,50.022388],[-5.660525,50.040339],[-5.688397,50.039456],[-5.68702,50.021505]]]}},{"type":"Feature","properties":{"sp":"baskingshark","n":337,"res":2000},"geometry":{"type":"Polygon","coordinates":[[[-5.721828,50.110363],[-5.693917,50.111255],[-5.6953,50.129205],[-5.723222,50.128312],[-5.721828,50.110363]]]}},{"type":"Feature","properties":{"sp":"baskingshark","n":249,"res":2000},"geometry":{"type":"Polygon","coordinates":[[[-5.719045,50.074464],[-5.691154,50.075356],[-5.692535,50.093306],[-5.720436,50.092414],[-5.719045,50.074464]]]}},{"type":"Feature","properties":{"sp":"baskingshark","n":171,"res":2000},"geometry":{"type":"Polygon","coordinates":[[[-5.659159,50.022388],[-5.631296,50.023265],[-5.632652,50.041216],[-5.660525,50.040339],[-5.659159,50.022388]]]}},{"type":"Feature","properties":{"sp":"baskingshark","n":131,"res":2000},"geometry":{"type":"Polygon","coordinates":[[[-5.660525,50.040339],[-5.632652,50.041216],[-5.634009,50.059167],[-5.661893,50.05829],[-5.660525,50.040339]]]}},{"type":"Feature","properties":{"sp":"baskingshark","n":124,"res":2000},"geometry":{"type":"Polygon","coordinates":[[[-5.717655,50.056515],[-5.689775,50.057406],[-5.691154,50.075356],[-5.719045,50.074464],[-5.717655,50.056515]]]}},{"type":"Feature","properties":{"sp":"baskingshark","n":111,"res":2000},"geometry":{"type":"Polygon","coordinates":[[[-5.814127,50.215329],[-5.786157,50.216245],[-5.78758,50.234192],[-5.815561,50.233276],[-5.814127,50.215329]]]}},{"type":"Feature","properties":{"sp":"baskingshark","n":101,"res":2000},"geometry":{"type":"Polygon","coordinates":[[[-5.696685,50.147155],[-5.668751,50.148042],[-5.670127,50.165992],[-5.698071,50.165105],[-5.696685,50.147155]]]}},{"type":"Feature","properties":{"sp":"baskingshark","n":82,"res":2000},"geometry":{"type":"Polygon","coordinates":[[[-5.576902,50.04295],[-5.549025,50.043807],[-5.550351,50.06176],[-5.578238,50.060902],[-5.576902,50.04295]]]}},{"type":"Feature","properties":{"sp":"baskingshark","n":74,"res":2000},"geometry":{"type":"Polygon","coordinates":[[[-5.818432,50.269169],[-5.790431,50.270087],[-5.791859,50.288034],[-5.819871,50.287116],[-5.818432,50.269169]]]}},{"type":"Feature","properties":{"sp":"baskingshark","n":63,"res":2000},"geometry":{"type":"Polygon","coordinates":[[[-5.182938,50.000459],[-5.155074,50.001221],[-5.156252,50.019181],[-5.184126,50.018419],[-5.182938,50.000459]]]}},{"type":"Feature","properties":{"sp":"baskingshark","n":61,"res":2000},"geometry":{"type":"Polygon","coordinates":[[[-5.181752,49.982499],[-5.153898,49.983261],[-5.155074,50.001221],[-5.182938,50.000459],[-5.181752,49.982499]]]}},{"type":"Feature","properties":{"sp":"baskingshark","n":60,"res":2000},"geometry":{"type":"Polygon","coordinates":[[[-5.685645,50.003555],[-5.657794,50.004438],[-5.659159,50.022388],[-5.68702,50.021505],[-5.685645,50.003555]]]}},{"type":"Feature","properties":{"sp":"baskingshark","n":56,"res":2000},"geometry":{"type":"Polygon","coordinates":[[[-5.745534,50.055617],[-5.717655,50.056515],[-5.719045,50.074464],[-5.746934,50.073566],[-5.745534,50.055617]]]}},{"type":"Feature","properties":{"sp":"baskingshark","n":50,"res":2000},"geometry":{"type":"Polygon","coordinates":[[[-5.1005,50.020686],[-5.072622,50.021428],[-5.07377,50.039389],[-5.101658,50.038647],[-5.1005,50.020686]]]}},{"type":"Feature","properties":{"sp":"baskingshark","n":50,"res":2000},"geometry":{"type":"Polygon","coordinates":[[[-4.939488,50.5826],[-4.911276,50.58331],[-4.912385,50.601272],[-4.940608,50.600562],[-4.939488,50.5826]]]}},{"type":"Feature","properties":{"sp":"baskingshark","n":49,"res":2000},"geometry":{"type":"Polygon","coordinates":[[[-5.71488,50.020616],[-5.68702,50.021505],[-5.688397,50.039456],[-5.716267,50.038565],[-5.71488,50.020616]]]}},{"type":"Feature","properties":{"sp":"baskingshark","n":47,"res":2000},"geometry":{"type":"Polygon","coordinates":[[[-5.632652,50.041216],[-5.604778,50.042086],[-5.606124,50.060038],[-5.634009,50.059167],[-5.632652,50.041216]]]}},{"type":"Feature","properties":{"sp":"baskingshark","n":47,"res":2000},"geometry":{"type":"Polygon","coordinates":[[[-5.207214,49.945812],[-5.179382,49.946579],[-5.180567,49.964539],[-5.208408,49.963772],[-5.207214,49.945812]]]}},{"type":"Feature","properties":{"sp":"baskingshark","n":46,"res":2000},"geometry":{"type":"Polygon","coordinates":[[[-5.549025,50.043807],[-5.521146,50.044657],[-5.522462,50.062611],[-5.550351,50.06176],[-5.549025,50.043807]]]}},{"type":"Feature","properties":{"sp":"baskingshark","n":44,"res":2000},"geometry":{"type":"Polygon","coordinates":[[[-5.723222,50.128312],[-5.6953,50.129205],[-5.696685,50.147155],[-5.724618,50.146261],[-5.723222,50.128312]]]}},{"type":"Feature","properties":{"sp":"baskingshark","n":44,"res":2000},"geometry":{"type":"Polygon","coordinates":[[[-5.668751,50.148042],[-5.640816,50.148922],[-5.642181,50.166873],[-5.670127,50.165992],[-5.668751,50.148042]]]}},{"type":"Feature","properties":{"sp":"baskingshark","n":42,"res":2000},"geometry":{"type":"Polygon","coordinates":[[[-5.553007,50.097665],[-5.525098,50.098517],[-5.526417,50.11647],[-5.554337,50.115618],[-5.553007,50.097665]]]}},{"type":"Feature","properties":{"sp":"baskingshark","n":42,"res":2000},"geometry":{"type":"Polygon","coordinates":[[[-5.235044,49.945039],[-5.207214,49.945812],[-5.208408,49.963772],[-5.236249,49.962998],[-5.235044,49.945039]]]}},{"type":"Feature","properties":{"sp":"baskingshark","n":36,"res":2000},"geometry":{"type":"Polygon","coordinates":[[[-5.551678,50.079713],[-5.523779,50.080564],[-5.525098,50.098517],[-5.553007,50.097665],[-5.551678,50.079713]]]}},{"type":"Feature","properties":{"sp":"baskingshark","n":36,"res":2000},"geometry":{"type":"Polygon","coordinates":[[[-5.208408,49.963772],[-5.180567,49.964539],[-5.181752,49.982499],[-5.209604,49.981731],[-5.208408,49.963772]]]}},{"type":"Feature","properties":{"sp":"baskingshark","n":35,"res":2000},"geometry":{"type":"Polygon","coordinates":[[[-5.720436,50.092414],[-5.692535,50.093306],[-5.693917,50.111255],[-5.721828,50.110363],[-5.720436,50.092414]]]}},{"type":"Feature","properties":{"sp":"baskingshark","n":35,"res":2000},"geometry":{"type":"Polygon","coordinates":[[[-5.477088,50.207925],[-5.449112,50.20876],[-5.450408,50.226714],[-5.478395,50.225879],[-5.477088,50.207925]]]}},{"type":"Feature","properties":{"sp":"baskingshark","n":34,"res":2000},"geometry":{"type":"Polygon","coordinates":[[[-5.793288,50.305982],[-5.765264,50.306894],[-5.766684,50.324842],[-5.794718,50.323929],[-5.793288,50.305982]]]}},{"type":"Feature","properties":{"sp":"baskingshark","n":34,"res":2000},"geometry":{"type":"Polygon","coordinates":[[[-5.604778,50.042086],[-5.576902,50.04295],[-5.578238,50.060902],[-5.606124,50.060038],[-5.604778,50.042086]]]}},{"type":"Feature","properties":{"sp":"baskingshark","n":31,"res":2000},"geometry":{"type":"Polygon","coordinates":[[[-5.631296,50.023265],[-5.603432,50.024135],[-5.604778,50.042086],[-5.632652,50.041216],[-5.631296,50.023265]]]}},{"type":"Feature","properties":{"sp":"baskingshark","n":31,"res":2000},"geometry":{"type":"Polygon","coordinates":[[[-5.07377,50.039389],[-5.045881,50.040125],[-5.047019,50.058087],[-5.074918,50.057351],[-5.07377,50.039389]]]}},{"type":"Feature","properties":{"sp":"baskingshark","n":30,"res":2000},"geometry":{"type":"Polygon","coordinates":[[[-5.578238,50.060902],[-5.550351,50.06176],[-5.551678,50.079713],[-5.579576,50.078855],[-5.578238,50.060902]]]}},{"type":"Feature","properties":{"sp":"baskingshark","n":30,"res":2000},"geometry":{"type":"Polygon","coordinates":[[[-5.072622,50.021428],[-5.044744,50.022163],[-5.045881,50.040125],[-5.07377,50.039389],[-5.072622,50.021428]]]}},{"type":"Feature","properties":{"sp":"baskingshark","n":30,"res":2000},"geometry":{"type":"Polygon","coordinates":[[[-3.738531,50.193009],[-3.710525,50.193425],[-3.711168,50.211404],[-3.739184,50.210988],[-3.738531,50.193009]]]}},{"type":"Feature","properties":{"sp":"baskingshark","n":29,"res":2000},"geometry":{"type":"Polygon","coordinates":[[[-5.497187,50.099362],[-5.469275,50.100201],[-5.470573,50.118155],[-5.498496,50.117316],[-5.497187,50.099362]]]}},{"type":"Feature","properties":{"sp":"baskingshark","n":29,"res":2000},"geometry":{"type":"Polygon","coordinates":[[[-5.440074,50.083078],[-5.412169,50.083902],[-5.413446,50.101857],[-5.441361,50.101032],[-5.440074,50.083078]]]}},{"type":"Feature","properties":{"sp":"baskingshark","n":28,"res":2000},"geometry":{"type":"Polygon","coordinates":[[[-3.7672,50.210565],[-3.739184,50.210988],[-3.739839,50.228966],[-3.767865,50.228543],[-3.7672,50.210565]]]}},{"type":"Feature","properties":{"sp":"baskingshark","n":27,"res":2000},"geometry":{"type":"Polygon","coordinates":[[[-5.550351,50.06176],[-5.522462,50.062611],[-5.523779,50.080564],[-5.551678,50.079713],[-5.550351,50.06176]]]}},{"type":"Feature","properties":{"sp":"baskingshark","n":25,"res":2000},"geometry":{"type":"Polygon","coordinates":[[[-5.716267,50.038565],[-5.688397,50.039456],[-5.689775,50.057406],[-5.717655,50.056515],[-5.716267,50.038565]]]}},{"type":"Feature","properties":{"sp":"baskingshark","n":25,"res":2000},"geometry":{"type":"Polygon","coordinates":[[[-3.794541,50.192157],[-3.766536,50.192586],[-3.7672,50.210565],[-3.795215,50.210135],[-3.794541,50.192157]]]}},{"type":"Feature","properties":{"sp":"baskingshark","n":24,"res":2000},"geometry":{"type":"Polygon","coordinates":[[[-5.12721,50.001976],[-5.099343,50.002724],[-5.1005,50.020686],[-5.128376,50.019937],[-5.12721,50.001976]]]}},{"type":"Feature","properties":{"sp":"baskingshark","n":24,"res":2000},"geometry":{"type":"Polygon","coordinates":[[[-5.051583,50.129935],[-5.023641,50.130666],[-5.024774,50.148628],[-5.052727,50.147896],[-5.051583,50.129935]]]}},{"type":"Feature","properties":{"sp":"baskingshark","n":23,"res":2000},"geometry":{"type":"Polygon","coordinates":[[[-5.765264,50.306894],[-5.737239,50.3078],[-5.738648,50.325748],[-5.766684,50.324842],[-5.765264,50.306894]]]}},{"type":"Feature","properties":{"sp":"baskingshark","n":22,"res":2000},"geometry":{"type":"Polygon","coordinates":[[[-4.107294,50.294836],[-4.079234,50.295342],[-4.080018,50.313317],[-4.108088,50.312811],[-4.107294,50.294836]]]}},{"type":"Feature","properties":{"sp":"baskingshark","n":21,"res":2000},"geometry":{"type":"Polygon","coordinates":[[[-5.523779,50.080564],[-5.495879,50.081408],[-5.497187,50.099362],[-5.525098,50.098517],[-5.523779,50.080564]]]}},{"type":"Feature","properties":{"sp":"baskingshark","n":21,"res":2000},"geometry":{"type":"Polygon","coordinates":[[[-5.61559,50.185698],[-5.587632,50.186566],[-5.588979,50.204518],[-5.616948,50.203649],[-5.61559,50.185698]]]}},{"type":"Feature","properties":{"sp":"baskingshark","n":21,"res":2000},"geometry":{"type":"Polygon","coordinates":[[[-4.967699,50.581884],[-4.939488,50.5826],[-4.940608,50.600562],[-4.96883,50.599846],[-4.967699,50.581884]]]}},{"type":"Feature","properties":{"sp":"baskingshark","n":20,"res":2000},"geometry":{"type":"Polygon","coordinates":[[[-5.505063,50.207083],[-5.477088,50.207925],[-5.478395,50.225879],[-5.50638,50.225036],[-5.505063,50.207083]]]}},{"type":"Feature","properties":{"sp":"baskingshark","n":20,"res":2000},"geometry":{"type":"Polygon","coordinates":[[[-5.098135,50.416565],[-5.070026,50.417311],[-5.071188,50.435272],[-5.099308,50.434525],[-5.098135,50.416565]]]}},{"type":"Feature","properties":{"sp":"baskingshark","n":20,"res":2000},"geometry":{"type":"Polygon","coordinates":[[[-3.795215,50.210135],[-3.7672,50.210565],[-3.767865,50.228543],[-3.79589,50.228113],[-3.795215,50.210135]]]}},{"type":"Feature","properties":{"sp":"baskingshark","n":20,"res":2000},"geometry":{"type":"Polygon","coordinates":[[[-3.766536,50.192586],[-3.738531,50.193009],[-3.739184,50.210988],[-3.7672,50.210565],[-3.766536,50.192586]]]}},{"type":"Feature","properties":{"sp":"baskingshark","n":19,"res":2000},"geometry":{"type":"Polygon","coordinates":[[[-5.079524,50.129196],[-5.051583,50.129935],[-5.052727,50.147896],[-5.080678,50.147157],[-5.079524,50.129196]]]}},{"type":"Feature","properties":{"sp":"baskingshark","n":19,"res":2000},"geometry":{"type":"Polygon","coordinates":[[[-4.26965,50.165852],[-4.24167,50.166396],[-4.242511,50.184369],[-4.270503,50.183825],[-4.26965,50.165852]]]}},{"type":"Feature","properties":{"sp":"baskingshark","n":18,"res":2000},"geometry":{"type":"Polygon","coordinates":[[[-5.710611,50.326647],[-5.682572,50.32754],[-5.683962,50.345489],[-5.712011,50.344596],[-5.710611,50.326647]]]}},{"type":"Feature","properties":{"sp":"baskingshark","n":18,"res":2000},"geometry":{"type":"Polygon","coordinates":[[[-5.078371,50.111235],[-5.05044,50.111973],[-5.051583,50.129935],[-5.079524,50.129196],[-5.078371,50.111235]]]}},{"type":"Feature","properties":{"sp":"baskingshark","n":18,"res":2000},"geometry":{"type":"Polygon","coordinates":[[[-4.96657,50.563923],[-4.938369,50.564638],[-4.939488,50.5826],[-4.967699,50.581884],[-4.96657,50.563923]]]}},{"type":"Feature","properties":{"sp":"baskingshark","n":18,"res":2000},"geometry":{"type":"Polygon","coordinates":[[[-4.854848,50.584707],[-4.826633,50.585396],[-4.82771,50.60336],[-4.855936,50.602671],[-4.854848,50.584707]]]}},{"type":"Feature","properties":{"sp":"baskingshark","n":18,"res":2000},"geometry":{"type":"Polygon","coordinates":[[[-4.826633,50.585396],[-4.798416,50.586078],[-4.799482,50.604042],[-4.82771,50.60336],[-4.826633,50.585396]]]}},{"type":"Feature","properties":{"sp":"baskingshark","n":17,"res":2000},"geometry":{"type":"Polygon","coordinates":[[[-5.773412,50.054713],[-5.745534,50.055617],[-5.746934,50.073566],[-5.774823,50.072661],[-5.773412,50.054713]]]}},{"type":"Feature","properties":{"sp":"baskingshark","n":16,"res":2000},"geometry":{"type":"Polygon","coordinates":[[[-5.698071,50.165105],[-5.670127,50.165992],[-5.671504,50.183942],[-5.699459,50.183054],[-5.698071,50.165105]]]}},{"type":"Feature","properties":{"sp":"baskingshark","n":16,"res":2000},"geometry":{"type":"Polygon","coordinates":[[[-5.180567,49.964539],[-5.152723,49.9653],[-5.153898,49.983261],[-5.181752,49.982499],[-5.180567,49.964539]]]}},{"type":"Feature","properties":{"sp":"baskingshark","n":16,"res":2000},"geometry":{"type":"Polygon","coordinates":[[[-5.045881,50.040125],[-5.01799,50.040855],[-5.019118,50.058817],[-5.047019,50.058087],[-5.045881,50.040125]]]}},{"type":"Feature","properties":{"sp":"baskingshark","n":16,"res":2000},"geometry":{"type":"Polygon","coordinates":[[[-4.782552,50.316606],[-4.754494,50.317274],[-4.755533,50.33524],[-4.783602,50.334571],[-4.782552,50.316606]]]}},{"type":"Feature","properties":{"sp":"baskingshark","n":16,"res":2000},"geometry":{"type":"Polygon","coordinates":[[[-3.492635,50.394295],[-3.464507,50.394653],[-3.465062,50.412633],[-3.4932,50.412275],[-3.492635,50.394295]]]}},{"type":"Feature","properties":{"sp":"baskingshark","n":15,"res":2000},"geometry":{"type":"Polygon","coordinates":[[[-5.603432,50.024135],[-5.575567,50.024998],[-5.576902,50.04295],[-5.604778,50.042086],[-5.603432,50.024135]]]}},{"type":"Feature","properties":{"sp":"baskingshark","n":15,"res":2000},"geometry":{"type":"Polygon","coordinates":[[[-5.575567,50.024998],[-5.5477,50.025854],[-5.549025,50.043807],[-5.576902,50.04295],[-5.575567,50.024998]]]}},{"type":"Feature","properties":{"sp":"baskingshark","n":15,"res":2000},"geometry":{"type":"Polygon","coordinates":[[[-5.554337,50.115618],[-5.526417,50.11647],[-5.527738,50.134423],[-5.555669,50.13357],[-5.554337,50.115618]]]}},{"type":"Feature","properties":{"sp":"baskingshark","n":15,"res":2000},"geometry":{"type":"Polygon","coordinates":[[[-5.023641,50.130666],[-4.995697,50.131391],[-4.99682,50.149354],[-5.024774,50.148628],[-5.023641,50.130666]]]}},{"type":"Feature","properties":{"sp":"baskingshark","n":15,"res":2000},"geometry":{"type":"Polygon","coordinates":[[[-4.969979,50.168035],[-4.942012,50.168748],[-4.943117,50.186711],[-4.971094,50.185998],[-4.969979,50.168035]]]}},{"type":"Feature","properties":{"sp":"baskingshark","n":15,"res":2000},"geometry":{"type":"Polygon","coordinates":[[[-4.718941,50.67791],[-4.690666,50.678566],[-4.691694,50.696532],[-4.71998,50.695875],[-4.718941,50.67791]]]}},{"type":"Feature","properties":{"sp":"baskingshark","n":15,"res":2000},"geometry":{"type":"Polygon","coordinates":[[[-3.879962,50.226783],[-3.851939,50.227233],[-3.852636,50.24521],[-3.88067,50.24476],[-3.879962,50.226783]]]}},{"type":"Feature","properties":{"sp":"baskingshark","n":14,"res":2000},"geometry":{"type":"Polygon","coordinates":[[[-5.412169,50.083902],[-5.384264,50.08472],[-5.38553,50.102676],[-5.413446,50.101857],[-5.412169,50.083902]]]}},{"type":"Feature","properties":{"sp":"baskingshark","n":14,"res":2000},"geometry":{"type":"Polygon","coordinates":[[[-5.05044,50.111973],[-5.022508,50.112704],[-5.023641,50.130666],[-5.051583,50.129935],[-5.05044,50.111973]]]}},{"type":"Feature","properties":{"sp":"baskingshark","n":14,"res":2000},"geometry":{"type":"Polygon","coordinates":[[[-4.971094,50.185998],[-4.943117,50.186711],[-4.944222,50.204674],[-4.97221,50.203961],[-4.971094,50.185998]]]}},{"type":"Feature","properties":{"sp":"baskingshark","n":14,"res":2000},"geometry":{"type":"Polygon","coordinates":[[[-4.943117,50.186711],[-4.915138,50.187417],[-4.916234,50.205381],[-4.944222,50.204674],[-4.943117,50.186711]]]}},{"type":"Feature","properties":{"sp":"baskingshark","n":14,"res":2000},"geometry":{"type":"Polygon","coordinates":[[[-4.948479,50.726295],[-4.92018,50.727007],[-4.921299,50.744969],[-4.949608,50.744256],[-4.948479,50.726295]]]}},{"type":"Feature","properties":{"sp":"baskingshark","n":14,"res":2000},"geometry":{"type":"Polygon","coordinates":[[[-4.64225,50.319881],[-4.614187,50.320516],[-4.615173,50.338484],[-4.643247,50.337849],[-4.64225,50.319881]]]}},{"type":"Feature","properties":{"sp":"baskingshark","n":13,"res":2000},"geometry":{"type":"Polygon","coordinates":[[[-5.525098,50.098517],[-5.497187,50.099362],[-5.498496,50.117316],[-5.526417,50.11647],[-5.525098,50.098517]]]}},{"type":"Feature","properties":{"sp":"baskingshark","n":13,"res":2000},"geometry":{"type":"Polygon","coordinates":[[[-5.327204,50.068379],[-5.299305,50.069176],[-5.300539,50.087133],[-5.328448,50.086336],[-5.327204,50.068379]]]}},{"type":"Feature","properties":{"sp":"baskingshark","n":13,"res":2000},"geometry":{"type":"Polygon","coordinates":[[[-5.105138,50.09253],[-5.077219,50.093274],[-5.078371,50.111235],[-5.106301,50.11049],[-5.105138,50.09253]]]}},{"type":"Feature","properties":{"sp":"baskingshark","n":13,"res":2000},"geometry":{"type":"Polygon","coordinates":[[[-5.074918,50.057351],[-5.047019,50.058087],[-5.048158,50.076049],[-5.076068,50.075312],[-5.074918,50.057351]]]}},{"type":"Feature","properties":{"sp":"baskingshark","n":13,"res":2000},"geometry":{"type":"Polygon","coordinates":[[[-4.997944,50.167316],[-4.969979,50.168035],[-4.971094,50.185998],[-4.99907,50.185278],[-4.997944,50.167316]]]}},{"type":"Feature","properties":{"sp":"baskingshark","n":12,"res":2000},"geometry":{"type":"Polygon","coordinates":[[[-5.657794,50.004438],[-5.629942,50.005313],[-5.631296,50.023265],[-5.659159,50.022388],[-5.657794,50.004438]]]}},{"type":"Feature","properties":{"sp":"baskingshark","n":12,"res":2000},"geometry":{"type":"Polygon","coordinates":[[[-5.469275,50.100201],[-5.441361,50.101032],[-5.44265,50.118987],[-5.470573,50.118155],[-5.469275,50.100201]]]}},{"type":"Feature","properties":{"sp":"baskingshark","n":12,"res":2000},"geometry":{"type":"Polygon","coordinates":[[[-5.498496,50.117316],[-5.470573,50.118155],[-5.471874,50.136109],[-5.499807,50.13527],[-5.498496,50.117316]]]}},{"type":"Feature","properties":{"sp":"baskingshark","n":12,"res":2000},"geometry":{"type":"Polygon","coordinates":[[[-5.348847,49.977791],[-5.321001,49.978592],[-5.322239,49.99655],[-5.350095,49.995748],[-5.348847,49.977791]]]}},{"type":"Feature","properties":{"sp":"baskingshark","n":12,"res":2000},"geometry":{"type":"Polygon","coordinates":[[[-4.165043,50.329753],[-4.136964,50.330272],[-4.137771,50.348246],[-4.165861,50.347726],[-4.165043,50.329753]]]}},{"type":"Feature","properties":{"sp":"baskingshark","n":11,"res":2000},"geometry":{"type":"Polygon","coordinates":[[[-4.938369,50.564638],[-4.910168,50.565347],[-4.911276,50.58331],[-4.939488,50.5826],[-4.938369,50.564638]]]}},{"type":"Feature","properties":{"sp":"baskingshark","n":11,"res":2000},"geometry":{"type":"Polygon","coordinates":[[[-4.390546,50.343322],[-4.362464,50.343896],[-4.363356,50.361867],[-4.391449,50.361293],[-4.390546,50.343322]]]}},{"type":"Feature","properties":{"sp":"baskingshark","n":11,"res":2000},"geometry":{"type":"Polygon","coordinates":[[[-4.192294,50.311253],[-4.164226,50.311779],[-4.165043,50.329753],[-4.193121,50.329226],[-4.192294,50.311253]]]}},{"type":"Feature","properties":{"sp":"baskingshark","n":11,"res":2000},"geometry":{"type":"Polygon","coordinates":[[[-4.164226,50.311779],[-4.136158,50.312298],[-4.136964,50.330272],[-4.165043,50.329753],[-4.164226,50.311779]]]}},{"type":"Feature","properties":{"sp":"baskingshark","n":11,"res":2000},"geometry":{"type":"Polygon","coordinates":[[[-3.737878,50.17503],[-3.709883,50.175446],[-3.710525,50.193425],[-3.738531,50.193009],[-3.737878,50.17503]]]}},{"type":"Feature","properties":{"sp":"baskingshark","n":10,"res":2000},"geometry":{"type":"Polygon","coordinates":[[[-5.737239,50.3078],[-5.709212,50.308698],[-5.710611,50.326647],[-5.738648,50.325748],[-5.737239,50.3078]]]}},{"type":"Feature","properties":{"sp":"baskingshark","n":10,"res":2000},"geometry":{"type":"Polygon","coordinates":[[[-5.478994,49.848002],[-5.451226,49.848833],[-5.452507,49.866788],[-5.480285,49.865957],[-5.478994,49.848002]]]}},{"type":"Feature","properties":{"sp":"baskingshark","n":10,"res":2000},"geometry":{"type":"Polygon","coordinates":[[[-5.495879,50.081408],[-5.467977,50.082246],[-5.469275,50.100201],[-5.497187,50.099362],[-5.495879,50.081408]]]}},{"type":"Feature","properties":{"sp":"baskingshark","n":10,"res":2000},"geometry":{"type":"Polygon","coordinates":[[[-5.266522,49.998134],[-5.238662,49.998915],[-5.239871,50.016874],[-5.267741,50.016092],[-5.266522,49.998134]]]}},{"type":"Feature","properties":{"sp":"baskingshark","n":10,"res":2000},"geometry":{"type":"Polygon","coordinates":[[[-5.259371,50.304204],[-5.231332,50.304988],[-5.232551,50.322946],[-5.260601,50.322162],[-5.259371,50.304204]]]}},{"type":"Feature","properties":{"sp":"baskingshark","n":10,"res":2000},"geometry":{"type":"Polygon","coordinates":[[[-5.155074,50.001221],[-5.12721,50.001976],[-5.128376,50.019937],[-5.156252,50.019181],[-5.155074,50.001221]]]}},{"type":"Feature","properties":{"sp":"baskingshark","n":10,"res":2000},"geometry":{"type":"Polygon","coordinates":[[[-5.099343,50.002724],[-5.071476,50.003466],[-5.072622,50.021428],[-5.1005,50.020686],[-5.099343,50.002724]]]}},{"type":"Feature","properties":{"sp":"baskingshark","n":10,"res":2000},"geometry":{"type":"Polygon","coordinates":[[[-4.942012,50.168748],[-4.914044,50.169453],[-4.915138,50.187417],[-4.943117,50.186711],[-4.942012,50.168748]]]}},{"type":"Feature","properties":{"sp":"baskingshark","n":10,"res":2000},"geometry":{"type":"Polygon","coordinates":[[[-4.774427,50.658611],[-4.746165,50.659281],[-4.747214,50.677246],[-4.775487,50.676576],[-4.774427,50.658611]]]}},{"type":"Feature","properties":{"sp":"baskingshark","n":10,"res":2000},"geometry":{"type":"Polygon","coordinates":[[[-4.33438,50.344464],[-4.306296,50.345024],[-4.307167,50.362996],[-4.335262,50.362435],[-4.33438,50.344464]]]}},{"type":"Feature","properties":{"sp":"baskingshark","n":10,"res":2000},"geometry":{"type":"Polygon","coordinates":[[[-3.520762,50.393931],[-3.492635,50.394295],[-3.4932,50.412275],[-3.521337,50.411911],[-3.520762,50.393931]]]}},{"type":"Feature","properties":{"sp":"baskingshark","n":9,"res":2000},"geometry":{"type":"Polygon","coordinates":[[[-5.713495,50.002666],[-5.685645,50.003555],[-5.68702,50.021505],[-5.71488,50.020616],[-5.713495,50.002666]]]}},{"type":"Feature","properties":{"sp":"baskingshark","n":9,"res":2000},"geometry":{"type":"Polygon","coordinates":[[[-5.656431,49.986487],[-5.628589,49.987362],[-5.629942,50.005313],[-5.657794,50.004438],[-5.656431,49.986487]]]}},{"type":"Feature","properties":{"sp":"baskingshark","n":9,"res":2000},"geometry":{"type":"Polygon","coordinates":[[[-5.744136,50.037668],[-5.716267,50.038565],[-5.717655,50.056515],[-5.745534,50.055617],[-5.744136,50.037668]]]}},{"type":"Feature","properties":{"sp":"baskingshark","n":9,"res":2000},"geometry":{"type":"Polygon","coordinates":[[[-5.599807,50.348128],[-5.571752,50.348994],[-5.573101,50.366946],[-5.601166,50.366079],[-5.599807,50.348128]]]}},{"type":"Feature","properties":{"sp":"baskingshark","n":9,"res":2000},"geometry":{"type":"Polygon","coordinates":[[[-5.42242,50.227543],[-5.394431,50.228365],[-5.395708,50.24632],[-5.423708,50.245497],[-5.42242,50.227543]]]}},{"type":"Feature","properties":{"sp":"baskingshark","n":9,"res":2000},"geometry":{"type":"Polygon","coordinates":[[[-5.267741,50.016092],[-5.239871,50.016874],[-5.24108,50.034833],[-5.268961,50.03405],[-5.267741,50.016092]]]}},{"type":"Feature","properties":{"sp":"baskingshark","n":9,"res":2000},"geometry":{"type":"Polygon","coordinates":[[[-5.076068,50.075312],[-5.048158,50.076049],[-5.049299,50.094011],[-5.077219,50.093274],[-5.076068,50.075312]]]}},{"type":"Feature","properties":{"sp":"baskingshark","n":9,"res":2000},"geometry":{"type":"Polygon","coordinates":[[[-5.077219,50.093274],[-5.049299,50.094011],[-5.05044,50.111973],[-5.078371,50.111235],[-5.077219,50.093274]]]}},{"type":"Feature","properties":{"sp":"baskingshark","n":9,"res":2000},"geometry":{"type":"Polygon","coordinates":[[[-5.080678,50.147157],[-5.052727,50.147896],[-5.053872,50.165858],[-5.081834,50.165118],[-5.080678,50.147157]]]}},{"type":"Feature","properties":{"sp":"baskingshark","n":9,"res":2000},"geometry":{"type":"Polygon","coordinates":[[[-4.135352,50.294324],[-4.107294,50.294836],[-4.108088,50.312811],[-4.136158,50.312298],[-4.135352,50.294324]]]}},{"type":"Feature","properties":{"sp":"baskingshark","n":9,"res":2000},"geometry":{"type":"Polygon","coordinates":[[[-4.136158,50.312298],[-4.108088,50.312811],[-4.108884,50.330785],[-4.136964,50.330272],[-4.136158,50.312298]]]}},{"type":"Feature","properties":{"sp":"baskingshark","n":9,"res":2000},"geometry":{"type":"Polygon","coordinates":[[[-4.165861,50.347726],[-4.137771,50.348246],[-4.138579,50.36622],[-4.166679,50.3657],[-4.165861,50.347726]]]}},{"type":"Feature","properties":{"sp":"baskingshark","n":8,"res":2000},"geometry":{"type":"Polygon","coordinates":[[[-5.842095,50.214406],[-5.814127,50.215329],[-5.815561,50.233276],[-5.84354,50.232352],[-5.842095,50.214406]]]}},{"type":"Feature","properties":{"sp":"baskingshark","n":8,"res":2000},"geometry":{"type":"Polygon","coordinates":[[[-5.746934,50.073566],[-5.719045,50.074464],[-5.720436,50.092414],[-5.748336,50.091515],[-5.746934,50.073566]]]}},{"type":"Feature","properties":{"sp":"baskingshark","n":8,"res":2000},"geometry":{"type":"Polygon","coordinates":[[[-5.749739,50.109464],[-5.721828,50.110363],[-5.723222,50.128312],[-5.751143,50.127412],[-5.749739,50.109464]]]}},{"type":"Feature","properties":{"sp":"baskingshark","n":8,"res":2000},"geometry":{"type":"Polygon","coordinates":[[[-5.642181,50.166873],[-5.614234,50.167747],[-5.61559,50.185698],[-5.643548,50.184824],[-5.642181,50.166873]]]}},{"type":"Feature","properties":{"sp":"baskingshark","n":8,"res":2000},"geometry":{"type":"Polygon","coordinates":[[[-5.399471,49.904344],[-5.371669,49.905157],[-5.372923,49.923114],[-5.400735,49.9223],[-5.399471,49.904344]]]}},{"type":"Feature","properties":{"sp":"baskingshark","n":8,"res":2000},"geometry":{"type":"Polygon","coordinates":[[[-5.384264,50.08472],[-5.356357,50.085531],[-5.357613,50.103487],[-5.38553,50.102676],[-5.384264,50.08472]]]}},{"type":"Feature","properties":{"sp":"baskingshark","n":8,"res":2000},"geometry":{"type":"Polygon","coordinates":[[[-5.355102,50.067575],[-5.327204,50.068379],[-5.328448,50.086336],[-5.356357,50.085531],[-5.355102,50.067575]]]}},{"type":"Feature","properties":{"sp":"baskingshark","n":8,"res":2000},"geometry":{"type":"Polygon","coordinates":[[[-5.153898,49.983261],[-5.126044,49.984015],[-5.12721,50.001976],[-5.155074,50.001221],[-5.153898,49.983261]]]}},{"type":"Feature","properties":{"sp":"baskingshark","n":8,"res":2000},"geometry":{"type":"Polygon","coordinates":[[[-5.144128,50.685196],[-5.115859,50.685956],[-5.117051,50.703915],[-5.14533,50.703155],[-5.144128,50.685196]]]}},{"type":"Feature","properties":{"sp":"baskingshark","n":8,"res":2000},"geometry":{"type":"Polygon","coordinates":[[[-5.071476,50.003466],[-5.043608,50.004201],[-5.044744,50.022163],[-5.072622,50.021428],[-5.071476,50.003466]]]}},{"type":"Feature","properties":{"sp":"baskingshark","n":8,"res":2000},"geometry":{"type":"Polygon","coordinates":[[[-4.754494,50.317274],[-4.726434,50.317936],[-4.727463,50.335902],[-4.755533,50.33524],[-4.754494,50.317274]]]}},{"type":"Feature","properties":{"sp":"baskingshark","n":8,"res":2000},"geometry":{"type":"Polygon","coordinates":[[[-4.746165,50.659281],[-4.717902,50.659944],[-4.718941,50.67791],[-4.747214,50.677246],[-4.746165,50.659281]]]}},{"type":"Feature","properties":{"sp":"baskingshark","n":8,"res":2000},"geometry":{"type":"Polygon","coordinates":[[[-4.078451,50.277367],[-4.050401,50.277865],[-4.051174,50.295841],[-4.079234,50.295342],[-4.078451,50.277367]]]}},{"type":"Feature","properties":{"sp":"baskingshark","n":8,"res":2000},"geometry":{"type":"Polygon","coordinates":[[[-4.079234,50.295342],[-4.051174,50.295841],[-4.051948,50.313816],[-4.080018,50.313317],[-4.079234,50.295342]]]}},{"type":"Feature","properties":{"sp":"baskingshark","n":8,"res":2000},"geometry":{"type":"Polygon","coordinates":[[[-4.050401,50.277865],[-4.022351,50.278357],[-4.023113,50.296333],[-4.051174,50.295841],[-4.050401,50.277865]]]}},{"type":"Feature","properties":{"sp":"baskingshark","n":8,"res":2000},"geometry":{"type":"Polygon","coordinates":[[[-3.628953,50.26655],[-3.600903,50.26694],[-3.601506,50.28492],[-3.629567,50.28453],[-3.628953,50.26655]]]}},{"type":"Feature","properties":{"sp":"baskingshark","n":7,"res":2000},"geometry":{"type":"Polygon","coordinates":[[[-5.812695,50.197382],[-5.784735,50.198297],[-5.786157,50.216245],[-5.814127,50.215329],[-5.812695,50.197382]]]}},{"type":"Feature","properties":{"sp":"baskingshark","n":7,"res":2000},"geometry":{"type":"Polygon","coordinates":[[[-5.684271,49.985605],[-5.656431,49.986487],[-5.657794,50.004438],[-5.685645,50.003555],[-5.684271,49.985605]]]}},{"type":"Feature","properties":{"sp":"baskingshark","n":7,"res":2000},"geometry":{"type":"Polygon","coordinates":[[[-5.670127,50.165992],[-5.642181,50.166873],[-5.643548,50.184824],[-5.671504,50.183942],[-5.670127,50.165992]]]}},{"type":"Feature","properties":{"sp":"baskingshark","n":7,"res":2000},"geometry":{"type":"Polygon","coordinates":[[[-5.534525,49.84632],[-5.50676,49.847164],[-5.508062,49.865119],[-5.535837,49.864274],[-5.534525,49.84632]]]}},{"type":"Feature","properties":{"sp":"baskingshark","n":7,"res":2000},"geometry":{"type":"Polygon","coordinates":[[[-5.629942,50.005313],[-5.602088,50.006183],[-5.603432,50.024135],[-5.631296,50.023265],[-5.629942,50.005313]]]}},{"type":"Feature","properties":{"sp":"baskingshark","n":7,"res":2000},"geometry":{"type":"Polygon","coordinates":[[[-5.521146,50.044657],[-5.493267,50.045501],[-5.494572,50.063455],[-5.522462,50.062611],[-5.521146,50.044657]]]}},{"type":"Feature","properties":{"sp":"baskingshark","n":7,"res":2000},"geometry":{"type":"Polygon","coordinates":[[[-5.526417,50.11647],[-5.498496,50.117316],[-5.499807,50.13527],[-5.527738,50.134423],[-5.526417,50.11647]]]}},{"type":"Feature","properties":{"sp":"baskingshark","n":7,"res":2000},"geometry":{"type":"Polygon","coordinates":[[[-5.441361,50.101032],[-5.413446,50.101857],[-5.414724,50.119813],[-5.44265,50.118987],[-5.441361,50.101032]]]}},{"type":"Feature","properties":{"sp":"baskingshark","n":7,"res":2000},"geometry":{"type":"Polygon","coordinates":[[[-5.298072,50.051218],[-5.270182,50.052008],[-5.271405,50.069966],[-5.299305,50.069176],[-5.298072,50.051218]]]}},{"type":"Feature","properties":{"sp":"baskingshark","n":7,"res":2000},"geometry":{"type":"Polygon","coordinates":[[[-5.124879,49.966054],[-5.097034,49.966802],[-5.098188,49.984763],[-5.126044,49.984015],[-5.124879,49.966054]]]}},{"type":"Feature","properties":{"sp":"baskingshark","n":7,"res":2000},"geometry":{"type":"Polygon","coordinates":[[[-5.126044,49.984015],[-5.098188,49.984763],[-5.099343,50.002724],[-5.12721,50.001976],[-5.126044,49.984015]]]}},{"type":"Feature","properties":{"sp":"baskingshark","n":7,"res":2000},"geometry":{"type":"Polygon","coordinates":[[[-5.232551,50.322946],[-5.204501,50.323723],[-5.20571,50.341681],[-5.233771,50.340904],[-5.232551,50.322946]]]}},{"type":"Feature","properties":{"sp":"baskingshark","n":7,"res":2000},"geometry":{"type":"Polygon","coordinates":[[[-5.047019,50.058087],[-5.019118,50.058817],[-5.020247,50.07678],[-5.048158,50.076049],[-5.047019,50.058087]]]}},{"type":"Feature","properties":{"sp":"baskingshark","n":7,"res":2000},"geometry":{"type":"Polygon","coordinates":[[[-4.968865,50.150072],[-4.940909,50.150784],[-4.942012,50.168748],[-4.969979,50.168035],[-4.968865,50.150072]]]}},{"type":"Feature","properties":{"sp":"baskingshark","n":7,"res":2000},"geometry":{"type":"Polygon","coordinates":[[[-5.021818,50.54451],[-4.99363,50.545239],[-4.994769,50.5632],[-5.022967,50.562471],[-5.021818,50.54451]]]}},{"type":"Feature","properties":{"sp":"baskingshark","n":7,"res":2000},"geometry":{"type":"Polygon","coordinates":[[[-4.859179,50.188809],[-4.831197,50.189495],[-4.832261,50.20746],[-4.860253,50.206773],[-4.859179,50.188809]]]}},{"type":"Feature","properties":{"sp":"baskingshark","n":7,"res":2000},"geometry":{"type":"Polygon","coordinates":[[[-4.911276,50.58331],[-4.883063,50.584012],[-4.884161,50.601975],[-4.912385,50.601272],[-4.911276,50.58331]]]}},{"type":"Feature","properties":{"sp":"baskingshark","n":7,"res":2000},"geometry":{"type":"Polygon","coordinates":[[[-4.805322,50.226105],[-4.777317,50.226778],[-4.778362,50.244744],[-4.806377,50.24407],[-4.805322,50.226105]]]}},{"type":"Feature","properties":{"sp":"baskingshark","n":7,"res":2000},"geometry":{"type":"Polygon","coordinates":[[[-4.529036,50.304411],[-4.50098,50.305018],[-4.501923,50.322988],[-4.52999,50.32238],[-4.529036,50.304411]]]}},{"type":"Feature","properties":{"sp":"baskingshark","n":7,"res":2000},"geometry":{"type":"Polygon","coordinates":[[[-4.219523,50.292747],[-4.191467,50.293279],[-4.192294,50.311253],[-4.22036,50.31072],[-4.219523,50.292747]]]}},{"type":"Feature","properties":{"sp":"baskingshark","n":7,"res":2000},"geometry":{"type":"Polygon","coordinates":[[[-4.191467,50.293279],[-4.16341,50.293805],[-4.164226,50.311779],[-4.192294,50.311253],[-4.191467,50.293279]]]}},{"type":"Feature","properties":{"sp":"baskingshark","n":7,"res":2000},"geometry":{"type":"Polygon","coordinates":[[[-3.655134,50.212216],[-3.627116,50.212612],[-3.627728,50.230591],[-3.655756,50.230195],[-3.655134,50.212216]]]}},{"type":"Feature","properties":{"sp":"baskingshark","n":7,"res":2000},"geometry":{"type":"Polygon","coordinates":[[[-3.574632,50.321263],[-3.546549,50.32164],[-3.547133,50.33962],[-3.575227,50.339243],[-3.574632,50.321263]]]}},{"type":"Feature","properties":{"sp":"baskingshark","n":6,"res":2000},"geometry":{"type":"Polygon","coordinates":[[[-5.717746,50.776248],[-5.68944,50.777148],[-5.690854,50.795096],[-5.719172,50.794195],[-5.717746,50.776248]]]}},{"type":"Feature","properties":{"sp":"baskingshark","n":6,"res":2000},"geometry":{"type":"Polygon","coordinates":[[[-4.840719,50.81892],[-4.812362,50.819608],[-4.813443,50.837571],[-4.84181,50.836883],[-4.840719,50.81892]]]}},{"type":"Feature","properties":{"sp":"baskingshark","n":6,"res":2000},"geometry":{"type":"Polygon","coordinates":[[[-5.741343,50.00177],[-5.713495,50.002666],[-5.71488,50.020616],[-5.742739,50.019719],[-5.741343,50.00177]]]}},{"type":"Feature","properties":{"sp":"baskingshark","n":6,"res":2000},"geometry":{"type":"Polygon","coordinates":[[[-5.6953,50.129205],[-5.667377,50.130092],[-5.668751,50.148042],[-5.696685,50.147155],[-5.6953,50.129205]]]}},{"type":"Feature","properties":{"sp":"baskingshark","n":6,"res":2000},"geometry":{"type":"Polygon","coordinates":[[[-5.522462,50.062611],[-5.494572,50.063455],[-5.495879,50.081408],[-5.523779,50.080564],[-5.522462,50.062611]]]}},{"type":"Feature","properties":{"sp":"baskingshark","n":6,"res":2000},"geometry":{"type":"Polygon","coordinates":[[[-5.480285,49.865957],[-5.452507,49.866788],[-5.453789,49.884744],[-5.481577,49.883912],[-5.480285,49.865957]]]}},{"type":"Feature","properties":{"sp":"baskingshark","n":6,"res":2000},"geometry":{"type":"Polygon","coordinates":[[[-5.494572,50.063455],[-5.466681,50.064292],[-5.467977,50.082246],[-5.495879,50.081408],[-5.494572,50.063455]]]}},{"type":"Feature","properties":{"sp":"baskingshark","n":6,"res":2000},"geometry":{"type":"Polygon","coordinates":[[[-5.447817,50.190805],[-5.41985,50.191633],[-5.421135,50.209588],[-5.449112,50.20876],[-5.447817,50.190805]]]}},{"type":"Feature","properties":{"sp":"baskingshark","n":6,"res":2000},"geometry":{"type":"Polygon","coordinates":[[[-5.460827,50.370345],[-5.432755,50.371178],[-5.434053,50.389132],[-5.462135,50.388299],[-5.460827,50.370345]]]}},{"type":"Feature","properties":{"sp":"baskingshark","n":6,"res":2000},"geometry":{"type":"Polygon","coordinates":[[[-5.294381,49.997345],[-5.266522,49.998134],[-5.267741,50.016092],[-5.29561,50.015303],[-5.294381,49.997345]]]}},{"type":"Feature","properties":{"sp":"baskingshark","n":6,"res":2000},"geometry":{"type":"Polygon","coordinates":[[[-5.236249,49.962998],[-5.208408,49.963772],[-5.209604,49.981731],[-5.237455,49.980957],[-5.236249,49.962998]]]}},{"type":"Feature","properties":{"sp":"baskingshark","n":6,"res":2000},"geometry":{"type":"Polygon","coordinates":[[[-5.311701,50.248747],[-5.283697,50.249543],[-5.284933,50.2675],[-5.312948,50.266704],[-5.311701,50.248747]]]}},{"type":"Feature","properties":{"sp":"baskingshark","n":6,"res":2000},"geometry":{"type":"Polygon","coordinates":[[[-5.177648,50.342452],[-5.149584,50.343217],[-5.150774,50.361176],[-5.178848,50.360411],[-5.177648,50.342452]]]}},{"type":"Feature","properties":{"sp":"baskingshark","n":6,"res":2000},"geometry":{"type":"Polygon","coordinates":[[[-5.052727,50.147896],[-5.024774,50.148628],[-5.025909,50.16659],[-5.053872,50.165858],[-5.052727,50.147896]]]}},{"type":"Feature","properties":{"sp":"baskingshark","n":6,"res":2000},"geometry":{"type":"Polygon","coordinates":[[[-4.99682,50.149354],[-4.968865,50.150072],[-4.969979,50.168035],[-4.997944,50.167316],[-4.99682,50.149354]]]}},{"type":"Feature","properties":{"sp":"baskingshark","n":6,"res":2000},"geometry":{"type":"Polygon","coordinates":[[[-5.050004,50.543775],[-5.021818,50.54451],[-5.022967,50.562471],[-5.051164,50.561735],[-5.050004,50.543775]]]}},{"type":"Feature","properties":{"sp":"baskingshark","n":6,"res":2000},"geometry":{"type":"Polygon","coordinates":[[[-5.060489,50.705415],[-5.032206,50.706155],[-5.033366,50.724115],[-5.06166,50.723375],[-5.060489,50.705415]]]}},{"type":"Feature","properties":{"sp":"baskingshark","n":6,"res":2000},"geometry":{"type":"Polygon","coordinates":[[[-4.937252,50.546676],[-4.909061,50.547384],[-4.910168,50.565347],[-4.938369,50.564638],[-4.937252,50.546676]]]}},{"type":"Feature","properties":{"sp":"baskingshark","n":6,"res":2000},"geometry":{"type":"Polygon","coordinates":[[[-4.883063,50.584012],[-4.854848,50.584707],[-4.855936,50.602671],[-4.884161,50.601975],[-4.883063,50.584012]]]}},{"type":"Feature","properties":{"sp":"baskingshark","n":6,"res":2000},"geometry":{"type":"Polygon","coordinates":[[[-4.687239,50.120954],[-4.659293,50.121598],[-4.66029,50.139566],[-4.688246,50.138922],[-4.687239,50.120954]]]}},{"type":"Feature","properties":{"sp":"baskingshark","n":6,"res":2000},"geometry":{"type":"Polygon","coordinates":[[[-4.804268,50.208139],[-4.776274,50.208812],[-4.777317,50.226778],[-4.805322,50.226105],[-4.804268,50.208139]]]}},{"type":"Feature","properties":{"sp":"baskingshark","n":6,"res":2000},"geometry":{"type":"Polygon","coordinates":[[[-4.753455,50.299309],[-4.725406,50.29997],[-4.726434,50.317936],[-4.754494,50.317274],[-4.753455,50.299309]]]}},{"type":"Feature","properties":{"sp":"baskingshark","n":6,"res":2000},"geometry":{"type":"Polygon","coordinates":[[[-4.747214,50.677246],[-4.718941,50.67791],[-4.71998,50.695875],[-4.748264,50.695211],[-4.747214,50.677246]]]}},{"type":"Feature","properties":{"sp":"baskingshark","n":6,"res":2000},"geometry":{"type":"Polygon","coordinates":[[[-4.547499,50.124106],[-4.519548,50.124717],[-4.520493,50.142686],[-4.548454,50.142076],[-4.547499,50.124106]]]}},{"type":"Feature","properties":{"sp":"baskingshark","n":6,"res":2000},"geometry":{"type":"Polygon","coordinates":[[[-4.501923,50.322988],[-4.473855,50.323589],[-4.474789,50.341559],[-4.502868,50.340957],[-4.501923,50.322988]]]}},{"type":"Feature","properties":{"sp":"baskingshark","n":6,"res":2000},"geometry":{"type":"Polygon","coordinates":[[[-4.446709,50.342153],[-4.418628,50.342741],[-4.419542,50.360711],[-4.447633,50.360123],[-4.446709,50.342153]]]}},{"type":"Feature","properties":{"sp":"baskingshark","n":6,"res":2000},"geometry":{"type":"Polygon","coordinates":[[[-4.247579,50.292207],[-4.219523,50.292747],[-4.22036,50.31072],[-4.248426,50.31018],[-4.247579,50.292207]]]}},{"type":"Feature","properties":{"sp":"baskingshark","n":6,"res":2000},"geometry":{"type":"Polygon","coordinates":[[[-4.16341,50.293805],[-4.135352,50.294324],[-4.136158,50.312298],[-4.164226,50.311779],[-4.16341,50.293805]]]}},{"type":"Feature","properties":{"sp":"baskingshark","n":6,"res":2000},"geometry":{"type":"Polygon","coordinates":[[[-3.938194,50.279792],[-3.910141,50.280256],[-3.910861,50.298233],[-3.938925,50.297768],[-3.938194,50.279792]]]}},{"type":"Feature","properties":{"sp":"baskingshark","n":6,"res":2000},"geometry":{"type":"Polygon","coordinates":[[[-3.910141,50.280256],[-3.882087,50.280714],[-3.882796,50.298691],[-3.910861,50.298233],[-3.910141,50.280256]]]}},{"type":"Feature","properties":{"sp":"baskingshark","n":6,"res":2000},"geometry":{"type":"Polygon","coordinates":[[[-3.546549,50.32164],[-3.518465,50.32201],[-3.519038,50.339991],[-3.547133,50.33962],[-3.546549,50.32164]]]}},{"type":"Feature","properties":{"sp":"baskingshark","n":5,"res":2000},"geometry":{"type":"Polygon","coordinates":[[[-5.815561,50.233276],[-5.78758,50.234192],[-5.789005,50.25214],[-5.816996,50.251222],[-5.815561,50.233276]]]}},{"type":"Feature","properties":{"sp":"baskingshark","n":5,"res":2000},"geometry":{"type":"Polygon","coordinates":[[[-5.770596,50.018816],[-5.742739,50.019719],[-5.744136,50.037668],[-5.772003,50.036764],[-5.770596,50.018816]]]}},{"type":"Feature","properties":{"sp":"baskingshark","n":5,"res":2000},"geometry":{"type":"Polygon","coordinates":[[[-5.742739,50.019719],[-5.71488,50.020616],[-5.716267,50.038565],[-5.744136,50.037668],[-5.742739,50.019719]]]}},{"type":"Feature","properties":{"sp":"baskingshark","n":5,"res":2000},"geometry":{"type":"Polygon","coordinates":[[[-5.475782,50.189971],[-5.447817,50.190805],[-5.449112,50.20876],[-5.477088,50.207925],[-5.475782,50.189971]]]}},{"type":"Feature","properties":{"sp":"baskingshark","n":5,"res":2000},"geometry":{"type":"Polygon","coordinates":[[[-5.421135,50.209588],[-5.393156,50.210409],[-5.394431,50.228365],[-5.42242,50.227543],[-5.421135,50.209588]]]}},{"type":"Feature","properties":{"sp":"baskingshark","n":5,"res":2000},"geometry":{"type":"Polygon","coordinates":[[[-5.233841,49.92708],[-5.206021,49.927853],[-5.207214,49.945812],[-5.235044,49.945039],[-5.233841,49.92708]]]}},{"type":"Feature","properties":{"sp":"baskingshark","n":5,"res":2000},"geometry":{"type":"Polygon","coordinates":[[[-5.296841,50.033261],[-5.268961,50.03405],[-5.270182,50.052008],[-5.298072,50.051218],[-5.296841,50.033261]]]}},{"type":"Feature","properties":{"sp":"baskingshark","n":5,"res":2000},"geometry":{"type":"Polygon","coordinates":[[[-5.258143,50.286247],[-5.230115,50.28703],[-5.231332,50.304988],[-5.259371,50.304204],[-5.258143,50.286247]]]}},{"type":"Feature","properties":{"sp":"baskingshark","n":5,"res":2000},"geometry":{"type":"Polygon","coordinates":[[[-5.271721,50.483775],[-5.243576,50.484564],[-5.244807,50.502521],[-5.272962,50.501732],[-5.271721,50.483775]]]}},{"type":"Feature","properties":{"sp":"baskingshark","n":5,"res":2000},"geometry":{"type":"Polygon","coordinates":[[[-5.098188,49.984763],[-5.070331,49.985504],[-5.071476,50.003466],[-5.099343,50.002724],[-5.098188,49.984763]]]}},{"type":"Feature","properties":{"sp":"baskingshark","n":5,"res":2000},"geometry":{"type":"Polygon","coordinates":[[[-5.103977,50.074569],[-5.076068,50.075312],[-5.077219,50.093274],[-5.105138,50.09253],[-5.103977,50.074569]]]}},{"type":"Feature","properties":{"sp":"baskingshark","n":5,"res":2000},"geometry":{"type":"Polygon","coordinates":[[[-5.106301,50.11049],[-5.078371,50.111235],[-5.079524,50.129196],[-5.107464,50.128451],[-5.106301,50.11049]]]}},{"type":"Feature","properties":{"sp":"baskingshark","n":5,"res":2000},"geometry":{"type":"Polygon","coordinates":[[[-5.049299,50.094011],[-5.021377,50.094742],[-5.022508,50.112704],[-5.05044,50.111973],[-5.049299,50.094011]]]}},{"type":"Feature","properties":{"sp":"baskingshark","n":5,"res":2000},"geometry":{"type":"Polygon","coordinates":[[[-4.995697,50.131391],[-4.967752,50.132109],[-4.968865,50.150072],[-4.99682,50.149354],[-4.995697,50.131391]]]}},{"type":"Feature","properties":{"sp":"baskingshark","n":5,"res":2000},"geometry":{"type":"Polygon","coordinates":[[[-5.099308,50.434525],[-5.071188,50.435272],[-5.072352,50.453232],[-5.100483,50.452485],[-5.099308,50.434525]]]}},{"type":"Feature","properties":{"sp":"baskingshark","n":5,"res":2000},"geometry":{"type":"Polygon","coordinates":[[[-5.022967,50.562471],[-4.994769,50.5632],[-4.995909,50.581162],[-5.024118,50.580432],[-5.022967,50.562471]]]}},{"type":"Feature","properties":{"sp":"baskingshark","n":5,"res":2000},"geometry":{"type":"Polygon","coordinates":[[[-5.114669,50.667997],[-5.08641,50.66875],[-5.08759,50.686709],[-5.115859,50.685956],[-5.114669,50.667997]]]}},{"type":"Feature","properties":{"sp":"baskingshark","n":5,"res":2000},"geometry":{"type":"Polygon","coordinates":[[[-5.05815,50.669496],[-5.029889,50.670234],[-5.031047,50.688195],[-5.059319,50.687455],[-5.05815,50.669496]]]}},{"type":"Feature","properties":{"sp":"baskingshark","n":5,"res":2000},"geometry":{"type":"Polygon","coordinates":[[[-4.915138,50.187417],[-4.887159,50.188116],[-4.888244,50.20608],[-4.916234,50.205381],[-4.915138,50.187417]]]}},{"type":"Feature","properties":{"sp":"baskingshark","n":5,"res":2000},"geometry":{"type":"Polygon","coordinates":[[[-4.861328,50.224738],[-4.833326,50.225425],[-4.834391,50.24339],[-4.862404,50.242702],[-4.861328,50.224738]]]}},{"type":"Feature","properties":{"sp":"baskingshark","n":5,"res":2000},"geometry":{"type":"Polygon","coordinates":[[[-4.807434,50.262035],[-4.779408,50.262709],[-4.780455,50.280675],[-4.808491,50.28],[-4.807434,50.262035]]]}},{"type":"Feature","properties":{"sp":"baskingshark","n":5,"res":2000},"geometry":{"type":"Polygon","coordinates":[[[-4.799482,50.604042],[-4.771254,50.604718],[-4.77231,50.622682],[-4.80055,50.622006],[-4.799482,50.604042]]]}},{"type":"Feature","properties":{"sp":"baskingshark","n":5,"res":2000},"geometry":{"type":"Polygon","coordinates":[[[-4.272209,50.219771],[-4.244197,50.220316],[-4.245041,50.238289],[-4.273064,50.237744],[-4.272209,50.219771]]]}},{"type":"Feature","properties":{"sp":"baskingshark","n":5,"res":2000},"geometry":{"type":"Polygon","coordinates":[[[-4.248426,50.31018],[-4.22036,50.31072],[-4.221198,50.328693],[-4.249275,50.328153],[-4.248426,50.31018]]]}},{"type":"Feature","properties":{"sp":"baskingshark","n":5,"res":2000},"geometry":{"type":"Polygon","coordinates":[[[-4.137771,50.348246],[-4.109681,50.34876],[-4.110478,50.366734],[-4.138579,50.36622],[-4.137771,50.348246]]]}},{"type":"Feature","properties":{"sp":"baskingshark","n":5,"res":2000},"geometry":{"type":"Polygon","coordinates":[[[-4.022351,50.278357],[-3.994299,50.278842],[-3.995051,50.296818],[-4.023113,50.296333],[-4.022351,50.278357]]]}},{"type":"Feature","properties":{"sp":"baskingshark","n":5,"res":2000},"geometry":{"type":"Polygon","coordinates":[[[-3.629567,50.28453],[-3.601506,50.28492],[-3.60211,50.3029],[-3.630182,50.302509],[-3.629567,50.28453]]]}},{"type":"Feature","properties":{"sp":"baskingshark","n":4,"res":2000},"geometry":{"type":"Polygon","coordinates":[[[-4.399814,51.080659],[-4.371288,51.081241],[-4.372207,51.09921],[-4.400745,51.098627],[-4.399814,51.080659]]]}},{"type":"Feature","properties":{"sp":"baskingshark","n":4,"res":2000},"geometry":{"type":"Polygon","coordinates":[[[-6.202395,50.16592],[-6.174467,50.166929],[-6.176033,50.184868],[-6.203971,50.183859],[-6.202395,50.16592]]]}},{"type":"Feature","properties":{"sp":"baskingshark","n":4,"res":2000},"geometry":{"type":"Polygon","coordinates":[[[-5.816996,50.251222],[-5.789005,50.25214],[-5.790431,50.270087],[-5.818432,50.269169],[-5.816996,50.251222]]]}},{"type":"Feature","properties":{"sp":"baskingshark","n":4,"res":2000},"geometry":{"type":"Polygon","coordinates":[[[-5.776234,50.090609],[-5.748336,50.091515],[-5.749739,50.109464],[-5.777648,50.108558],[-5.776234,50.090609]]]}},{"type":"Feature","properties":{"sp":"baskingshark","n":4,"res":2000},"geometry":{"type":"Polygon","coordinates":[[[-5.691154,50.075356],[-5.663262,50.07624],[-5.664632,50.094191],[-5.692535,50.093306],[-5.691154,50.075356]]]}},{"type":"Feature","properties":{"sp":"baskingshark","n":4,"res":2000},"geometry":{"type":"Polygon","coordinates":[[[-5.50676,49.847164],[-5.478994,49.848002],[-5.480285,49.865957],[-5.508062,49.865119],[-5.50676,49.847164]]]}},{"type":"Feature","properties":{"sp":"baskingshark","n":4,"res":2000},"geometry":{"type":"Polygon","coordinates":[[[-5.587632,50.186566],[-5.559671,50.187428],[-5.561008,50.20538],[-5.588979,50.204518],[-5.587632,50.186566]]]}},{"type":"Feature","properties":{"sp":"baskingshark","n":4,"res":2000},"geometry":{"type":"Polygon","coordinates":[[[-5.491963,50.027547],[-5.464092,50.028383],[-5.465386,50.046338],[-5.493267,50.045501],[-5.491963,50.027547]]]}},{"type":"Feature","properties":{"sp":"baskingshark","n":4,"res":2000},"geometry":{"type":"Polygon","coordinates":[[[-5.467977,50.082246],[-5.440074,50.083078],[-5.441361,50.101032],[-5.469275,50.100201],[-5.467977,50.082246]]]}},{"type":"Feature","properties":{"sp":"baskingshark","n":4,"res":2000},"geometry":{"type":"Polygon","coordinates":[[[-5.405969,50.389959],[-5.377884,50.390779],[-5.379161,50.408734],[-5.407257,50.407913],[-5.405969,50.389959]]]}},{"type":"Feature","properties":{"sp":"baskingshark","n":4,"res":2000},"geometry":{"type":"Polygon","coordinates":[[[-5.290701,49.943471],[-5.262874,49.944258],[-5.264089,49.962217],[-5.291927,49.961429],[-5.290701,49.943471]]]}},{"type":"Feature","properties":{"sp":"baskingshark","n":4,"res":2000},"geometry":{"type":"Polygon","coordinates":[[[-5.291927,49.961429],[-5.264089,49.962217],[-5.265305,49.980175],[-5.293153,49.979387],[-5.291927,49.961429]]]}},{"type":"Feature","properties":{"sp":"baskingshark","n":4,"res":2000},"geometry":{"type":"Polygon","coordinates":[[[-5.29561,50.015303],[-5.267741,50.016092],[-5.268961,50.03405],[-5.296841,50.033261],[-5.29561,50.015303]]]}},{"type":"Feature","properties":{"sp":"baskingshark","n":4,"res":2000},"geometry":{"type":"Polygon","coordinates":[[[-5.206021,49.927853],[-5.1782,49.928619],[-5.179382,49.946579],[-5.207214,49.945812],[-5.206021,49.927853]]]}},{"type":"Feature","properties":{"sp":"baskingshark","n":4,"res":2000},"geometry":{"type":"Polygon","coordinates":[[[-5.152723,49.9653],[-5.124879,49.966054],[-5.126044,49.984015],[-5.153898,49.983261],[-5.152723,49.9653]]]}},{"type":"Feature","properties":{"sp":"baskingshark","n":4,"res":2000},"geometry":{"type":"Polygon","coordinates":[[[-5.020247,50.07678],[-4.992335,50.077503],[-4.993454,50.095466],[-5.021377,50.094742],[-5.020247,50.07678]]]}},{"type":"Feature","properties":{"sp":"baskingshark","n":4,"res":2000},"geometry":{"type":"Polygon","coordinates":[[[-5.021377,50.094742],[-4.993454,50.095466],[-4.994575,50.113429],[-5.022508,50.112704],[-5.021377,50.094742]]]}},{"type":"Feature","properties":{"sp":"baskingshark","n":4,"res":2000},"geometry":{"type":"Polygon","coordinates":[[[-5.055018,50.183819],[-5.027045,50.184552],[-5.028181,50.202514],[-5.056166,50.201781],[-5.055018,50.183819]]]}},{"type":"Feature","properties":{"sp":"baskingshark","n":4,"res":2000},"geometry":{"type":"Polygon","coordinates":[[[-5.096963,50.398605],[-5.068864,50.399351],[-5.070026,50.417311],[-5.098135,50.416565],[-5.096963,50.398605]]]}},{"type":"Feature","properties":{"sp":"baskingshark","n":4,"res":2000},"geometry":{"type":"Polygon","coordinates":[[[-5.070026,50.417311],[-5.041915,50.41805],[-5.043067,50.436011],[-5.071188,50.435272],[-5.070026,50.417311]]]}},{"type":"Feature","properties":{"sp":"baskingshark","n":4,"res":2000},"geometry":{"type":"Polygon","coordinates":[[[-5.020669,50.526549],[-4.992492,50.527278],[-4.99363,50.545239],[-5.021818,50.54451],[-5.020669,50.526549]]]}},{"type":"Feature","properties":{"sp":"baskingshark","n":4,"res":2000},"geometry":{"type":"Polygon","coordinates":[[[-4.994769,50.5632],[-4.96657,50.563923],[-4.967699,50.581884],[-4.995909,50.581162],[-4.994769,50.5632]]]}},{"type":"Feature","properties":{"sp":"baskingshark","n":4,"res":2000},"geometry":{"type":"Polygon","coordinates":[[[-4.936136,50.528714],[-4.907955,50.529422],[-4.909061,50.547384],[-4.937252,50.546676],[-4.936136,50.528714]]]}},{"type":"Feature","properties":{"sp":"baskingshark","n":4,"res":2000},"geometry":{"type":"Polygon","coordinates":[[[-4.92018,50.727007],[-4.891881,50.727713],[-4.892988,50.745676],[-4.921299,50.744969],[-4.92018,50.727007]]]}},{"type":"Feature","properties":{"sp":"baskingshark","n":4,"res":2000},"geometry":{"type":"Polygon","coordinates":[[[-4.778362,50.244744],[-4.750346,50.245411],[-4.751381,50.263377],[-4.779408,50.262709],[-4.778362,50.244744]]]}},{"type":"Feature","properties":{"sp":"baskingshark","n":4,"res":2000},"geometry":{"type":"Polygon","coordinates":[[[-4.780455,50.280675],[-4.752418,50.281343],[-4.753455,50.299309],[-4.781503,50.29864],[-4.780455,50.280675]]]}},{"type":"Feature","properties":{"sp":"baskingshark","n":4,"res":2000},"geometry":{"type":"Polygon","coordinates":[[[-4.752418,50.281343],[-4.72438,50.282004],[-4.725406,50.29997],[-4.753455,50.299309],[-4.752418,50.281343]]]}},{"type":"Feature","properties":{"sp":"baskingshark","n":4,"res":2000},"geometry":{"type":"Polygon","coordinates":[[[-4.726434,50.317936],[-4.698374,50.318591],[-4.699392,50.336558],[-4.727463,50.335902],[-4.726434,50.317936]]]}},{"type":"Feature","properties":{"sp":"baskingshark","n":4,"res":2000},"geometry":{"type":"Polygon","coordinates":[[[-4.669306,50.301273],[-4.641254,50.301914],[-4.64225,50.319881],[-4.670313,50.31924],[-4.669306,50.301273]]]}},{"type":"Feature","properties":{"sp":"baskingshark","n":4,"res":2000},"geometry":{"type":"Polygon","coordinates":[[[-4.613201,50.302548],[-4.585147,50.303176],[-4.586122,50.321144],[-4.614187,50.320516],[-4.613201,50.302548]]]}},{"type":"Feature","properties":{"sp":"baskingshark","n":4,"res":2000},"geometry":{"type":"Polygon","coordinates":[[[-4.528083,50.286442],[-4.500037,50.287049],[-4.50098,50.305018],[-4.529036,50.304411],[-4.528083,50.286442]]]}},{"type":"Feature","properties":{"sp":"baskingshark","n":4,"res":2000},"geometry":{"type":"Polygon","coordinates":[[[-4.474789,50.341559],[-4.446709,50.342153],[-4.447633,50.360123],[-4.475724,50.359528],[-4.474789,50.341559]]]}},{"type":"Feature","properties":{"sp":"baskingshark","n":4,"res":2000},"geometry":{"type":"Polygon","coordinates":[[[-4.190642,50.275306],[-4.162595,50.275831],[-4.16341,50.293805],[-4.191467,50.293279],[-4.190642,50.275306]]]}},{"type":"Feature","properties":{"sp":"baskingshark","n":4,"res":2000},"geometry":{"type":"Polygon","coordinates":[[[-3.930928,50.100024],[-3.90298,50.100486],[-3.903693,50.118463],[-3.931652,50.118001],[-3.930928,50.100024]]]}},{"type":"Feature","properties":{"sp":"baskingshark","n":4,"res":2000},"geometry":{"type":"Polygon","coordinates":[[[-3.935279,50.207885],[-3.907268,50.208349],[-3.907985,50.226326],[-3.936007,50.225862],[-3.935279,50.207885]]]}},{"type":"Feature","properties":{"sp":"baskingshark","n":4,"res":2000},"geometry":{"type":"Polygon","coordinates":[[[-3.879256,50.208805],[-3.851243,50.209255],[-3.851939,50.227233],[-3.879962,50.226783],[-3.879256,50.208805]]]}},{"type":"Feature","properties":{"sp":"baskingshark","n":4,"res":2000},"geometry":{"type":"Polygon","coordinates":[[[-3.909422,50.262279],[-3.881378,50.262737],[-3.882087,50.280714],[-3.910141,50.280256],[-3.909422,50.262279]]]}},{"type":"Feature","properties":{"sp":"baskingshark","n":4,"res":2000},"geometry":{"type":"Polygon","coordinates":[[[-3.822544,50.191721],[-3.794541,50.192157],[-3.795215,50.210135],[-3.823229,50.209699],[-3.822544,50.191721]]]}},{"type":"Feature","properties":{"sp":"baskingshark","n":4,"res":2000},"geometry":{"type":"Polygon","coordinates":[[[-3.710525,50.193425],[-3.682519,50.193834],[-3.683151,50.211813],[-3.711168,50.211404],[-3.710525,50.193425]]]}},{"type":"Feature","properties":{"sp":"baskingshark","n":4,"res":2000},"geometry":{"type":"Polygon","coordinates":[[[-3.654512,50.194236],[-3.626504,50.194632],[-3.627116,50.212612],[-3.655134,50.212216],[-3.654512,50.194236]]]}},{"type":"Feature","properties":{"sp":"baskingshark","n":4,"res":2000},"geometry":{"type":"Polygon","coordinates":[[[-3.429897,50.179231],[-3.401895,50.179573],[-3.402421,50.197554],[-3.430434,50.197212],[-3.429897,50.179231]]]}},{"type":"Feature","properties":{"sp":"baskingshark","n":3,"res":2000},"geometry":{"type":"Polygon","coordinates":[[[-4.867974,50.800263],[-4.839629,50.800957],[-4.840719,50.81892],[-4.869075,50.818226],[-4.867974,50.800263]]]}},{"type":"Feature","properties":{"sp":"baskingshark","n":3,"res":2000},"geometry":{"type":"Polygon","coordinates":[[[-5.804131,50.089697],[-5.776234,50.090609],[-5.777648,50.108558],[-5.805555,50.107645],[-5.804131,50.089697]]]}},{"type":"Feature","properties":{"sp":"baskingshark","n":3,"res":2000},"geometry":{"type":"Polygon","coordinates":[[[-5.819871,50.287116],[-5.791859,50.288034],[-5.793288,50.305982],[-5.82131,50.305063],[-5.819871,50.287116]]]}},{"type":"Feature","properties":{"sp":"baskingshark","n":3,"res":2000},"geometry":{"type":"Polygon","coordinates":[[[-5.748336,50.091515],[-5.720436,50.092414],[-5.721828,50.110363],[-5.749739,50.109464],[-5.748336,50.091515]]]}},{"type":"Feature","properties":{"sp":"baskingshark","n":3,"res":2000},"geometry":{"type":"Polygon","coordinates":[[[-5.688397,50.039456],[-5.660525,50.040339],[-5.661893,50.05829],[-5.689775,50.057406],[-5.688397,50.039456]]]}},{"type":"Feature","properties":{"sp":"baskingshark","n":3,"res":2000},"geometry":{"type":"Polygon","coordinates":[[[-5.726014,50.16421],[-5.698071,50.165105],[-5.699459,50.183054],[-5.727412,50.182159],[-5.726014,50.16421]]]}},{"type":"Feature","properties":{"sp":"baskingshark","n":3,"res":2000},"geometry":{"type":"Polygon","coordinates":[[[-5.515897,49.972843],[-5.488058,49.973684],[-5.489358,49.991638],[-5.517207,49.990796],[-5.515897,49.972843]]]}},{"type":"Feature","properties":{"sp":"baskingshark","n":3,"res":2000},"geometry":{"type":"Polygon","coordinates":[[[-5.428547,49.921481],[-5.400735,49.9223],[-5.402001,49.940256],[-5.429822,49.939436],[-5.428547,49.921481]]]}},{"type":"Feature","properties":{"sp":"baskingshark","n":3,"res":2000},"geometry":{"type":"Polygon","coordinates":[[[-5.465386,50.046338],[-5.437503,50.047168],[-5.438788,50.065123],[-5.466681,50.064292],[-5.465386,50.046338]]]}},{"type":"Feature","properties":{"sp":"baskingshark","n":3,"res":2000},"geometry":{"type":"Polygon","coordinates":[[[-5.438788,50.065123],[-5.410894,50.065947],[-5.412169,50.083902],[-5.440074,50.083078],[-5.438788,50.065123]]]}},{"type":"Feature","properties":{"sp":"baskingshark","n":3,"res":2000},"geometry":{"type":"Polygon","coordinates":[[[-5.449112,50.20876],[-5.421135,50.209588],[-5.42242,50.227543],[-5.450408,50.226714],[-5.449112,50.20876]]]}},{"type":"Feature","properties":{"sp":"baskingshark","n":3,"res":2000},"geometry":{"type":"Polygon","coordinates":[[[-5.423708,50.245497],[-5.395708,50.24632],[-5.396986,50.264275],[-5.424996,50.263452],[-5.423708,50.245497]]]}},{"type":"Feature","properties":{"sp":"baskingshark","n":3,"res":2000},"geometry":{"type":"Polygon","coordinates":[[[-5.394431,50.228365],[-5.366441,50.22918],[-5.367707,50.247136],[-5.395708,50.24632],[-5.394431,50.228365]]]}},{"type":"Feature","properties":{"sp":"baskingshark","n":3,"res":2000},"geometry":{"type":"Polygon","coordinates":[[[-5.287033,49.889597],[-5.259236,49.890382],[-5.260447,49.908341],[-5.288254,49.907555],[-5.287033,49.889597]]]}},{"type":"Feature","properties":{"sp":"baskingshark","n":3,"res":2000},"geometry":{"type":"Polygon","coordinates":[[[-5.319764,49.960635],[-5.291927,49.961429],[-5.293153,49.979387],[-5.321001,49.978592],[-5.319764,49.960635]]]}},{"type":"Feature","properties":{"sp":"baskingshark","n":3,"res":2000},"geometry":{"type":"Polygon","coordinates":[[[-5.262874,49.944258],[-5.235044,49.945039],[-5.236249,49.962998],[-5.264089,49.962217],[-5.262874,49.944258]]]}},{"type":"Feature","properties":{"sp":"baskingshark","n":3,"res":2000},"geometry":{"type":"Polygon","coordinates":[[[-5.324719,50.032464],[-5.296841,50.033261],[-5.298072,50.051218],[-5.325961,50.050421],[-5.324719,50.032464]]]}},{"type":"Feature","properties":{"sp":"baskingshark","n":3,"res":2000},"geometry":{"type":"Polygon","coordinates":[[[-5.366441,50.22918],[-5.338449,50.229988],[-5.339705,50.247945],[-5.367707,50.247136],[-5.366441,50.22918]]]}},{"type":"Feature","properties":{"sp":"baskingshark","n":3,"res":2000},"geometry":{"type":"Polygon","coordinates":[[[-5.339705,50.247945],[-5.311701,50.248747],[-5.312948,50.266704],[-5.340962,50.265901],[-5.339705,50.247945]]]}},{"type":"Feature","properties":{"sp":"baskingshark","n":3,"res":2000},"geometry":{"type":"Polygon","coordinates":[[[-5.312948,50.266704],[-5.284933,50.2675],[-5.28617,50.285457],[-5.314196,50.28466],[-5.312948,50.266704]]]}},{"type":"Feature","properties":{"sp":"baskingshark","n":3,"res":2000},"geometry":{"type":"Polygon","coordinates":[[[-5.287409,50.303414],[-5.259371,50.304204],[-5.260601,50.322162],[-5.288649,50.321371],[-5.287409,50.303414]]]}},{"type":"Feature","properties":{"sp":"baskingshark","n":3,"res":2000},"geometry":{"type":"Polygon","coordinates":[[[-5.354874,50.463414],[-5.326744,50.464222],[-5.328006,50.482178],[-5.356147,50.481369],[-5.354874,50.463414]]]}},{"type":"Feature","properties":{"sp":"baskingshark","n":3,"res":2000},"geometry":{"type":"Polygon","coordinates":[[[-5.179382,49.946579],[-5.15155,49.94734],[-5.152723,49.9653],[-5.180567,49.964539],[-5.179382,49.946579]]]}},{"type":"Feature","properties":{"sp":"baskingshark","n":3,"res":2000},"geometry":{"type":"Polygon","coordinates":[[[-5.133056,50.091779],[-5.105138,50.09253],[-5.106301,50.11049],[-5.134229,50.109739],[-5.133056,50.091779]]]}},{"type":"Feature","properties":{"sp":"baskingshark","n":3,"res":2000},"geometry":{"type":"Polygon","coordinates":[[[-5.204501,50.323723],[-5.176449,50.324494],[-5.177648,50.342452],[-5.20571,50.341681],[-5.204501,50.323723]]]}},{"type":"Feature","properties":{"sp":"baskingshark","n":3,"res":2000},"geometry":{"type":"Polygon","coordinates":[[[-5.15435,50.415053],[-5.126243,50.415813],[-5.127427,50.433772],[-5.155544,50.433012],[-5.15435,50.415053]]]}},{"type":"Feature","properties":{"sp":"baskingshark","n":3,"res":2000},"geometry":{"type":"Polygon","coordinates":[[[-5.126243,50.415813],[-5.098135,50.416565],[-5.099308,50.434525],[-5.127427,50.433772],[-5.126243,50.415813]]]}},{"type":"Feature","properties":{"sp":"baskingshark","n":3,"res":2000},"geometry":{"type":"Polygon","coordinates":[[[-5.069187,49.967543],[-5.041339,49.968277],[-5.042473,49.986239],[-5.070331,49.985504],[-5.069187,49.967543]]]}},{"type":"Feature","properties":{"sp":"baskingshark","n":3,"res":2000},"geometry":{"type":"Polygon","coordinates":[[[-5.022508,50.112704],[-4.994575,50.113429],[-4.995697,50.131391],[-5.023641,50.130666],[-5.022508,50.112704]]]}},{"type":"Feature","properties":{"sp":"baskingshark","n":3,"res":2000},"geometry":{"type":"Polygon","coordinates":[[[-5.024774,50.148628],[-4.99682,50.149354],[-4.997944,50.167316],[-5.025909,50.16659],[-5.024774,50.148628]]]}},{"type":"Feature","properties":{"sp":"baskingshark","n":3,"res":2000},"geometry":{"type":"Polygon","coordinates":[[[-5.032206,50.706155],[-5.003922,50.706888],[-5.005071,50.724848],[-5.033366,50.724115],[-5.032206,50.706155]]]}},{"type":"Feature","properties":{"sp":"baskingshark","n":3,"res":2000},"geometry":{"type":"Polygon","coordinates":[[[-5.034527,50.742075],[-5.006222,50.742809],[-5.007374,50.760769],[-5.03569,50.760035],[-5.034527,50.742075]]]}},{"type":"Feature","properties":{"sp":"baskingshark","n":3,"res":2000},"geometry":{"type":"Polygon","coordinates":[[[-4.943974,50.654448],[-4.915719,50.655159],[-4.916833,50.673121],[-4.945099,50.67241],[-4.943974,50.654448]]]}},{"type":"Feature","properties":{"sp":"baskingshark","n":3,"res":2000},"geometry":{"type":"Polygon","coordinates":[[[-4.855936,50.602671],[-4.82771,50.60336],[-4.828788,50.621324],[-4.857025,50.620634],[-4.855936,50.602671]]]}},{"type":"Feature","properties":{"sp":"baskingshark","n":3,"res":2000},"geometry":{"type":"Polygon","coordinates":[[[-4.777317,50.226778],[-4.749312,50.227445],[-4.750346,50.245411],[-4.778362,50.244744],[-4.777317,50.226778]]]}},{"type":"Feature","properties":{"sp":"baskingshark","n":3,"res":2000},"geometry":{"type":"Polygon","coordinates":[[[-4.751381,50.263377],[-4.723354,50.264037],[-4.72438,50.282004],[-4.752418,50.281343],[-4.751381,50.263377]]]}},{"type":"Feature","properties":{"sp":"baskingshark","n":3,"res":2000},"geometry":{"type":"Polygon","coordinates":[[[-4.697357,50.300625],[-4.669306,50.301273],[-4.670313,50.31924],[-4.698374,50.318591],[-4.697357,50.300625]]]}},{"type":"Feature","properties":{"sp":"baskingshark","n":3,"res":2000},"geometry":{"type":"Polygon","coordinates":[[[-4.82771,50.60336],[-4.799482,50.604042],[-4.80055,50.622006],[-4.828788,50.621324],[-4.82771,50.60336]]]}},{"type":"Feature","properties":{"sp":"baskingshark","n":3,"res":2000},"geometry":{"type":"Polygon","coordinates":[[[-4.80055,50.622006],[-4.77231,50.622682],[-4.773368,50.640647],[-4.801618,50.639971],[-4.80055,50.622006]]]}},{"type":"Feature","properties":{"sp":"baskingshark","n":3,"res":2000},"geometry":{"type":"Polygon","coordinates":[[[-4.641254,50.301914],[-4.613201,50.302548],[-4.614187,50.320516],[-4.64225,50.319881],[-4.641254,50.301914]]]}},{"type":"Feature","properties":{"sp":"baskingshark","n":3,"res":2000},"geometry":{"type":"Polygon","coordinates":[[[-4.670313,50.31924],[-4.64225,50.319881],[-4.643247,50.337849],[-4.67132,50.337207],[-4.670313,50.31924]]]}},{"type":"Feature","properties":{"sp":"baskingshark","n":3,"res":2000},"geometry":{"type":"Polygon","coordinates":[[[-4.614187,50.320516],[-4.586122,50.321144],[-4.587098,50.339112],[-4.615173,50.338484],[-4.614187,50.320516]]]}},{"type":"Feature","properties":{"sp":"baskingshark","n":3,"res":2000},"geometry":{"type":"Polygon","coordinates":[[[-4.43569,50.126507],[-4.407735,50.12709],[-4.408638,50.145062],[-4.436603,50.144478],[-4.43569,50.126507]]]}},{"type":"Feature","properties":{"sp":"baskingshark","n":3,"res":2000},"geometry":{"type":"Polygon","coordinates":[[[-4.50098,50.305018],[-4.472922,50.305619],[-4.473855,50.323589],[-4.501923,50.322988],[-4.50098,50.305018]]]}},{"type":"Feature","properties":{"sp":"baskingshark","n":3,"res":2000},"geometry":{"type":"Polygon","coordinates":[[[-4.52999,50.32238],[-4.501923,50.322988],[-4.502868,50.340957],[-4.530945,50.340349],[-4.52999,50.32238]]]}},{"type":"Feature","properties":{"sp":"baskingshark","n":3,"res":2000},"geometry":{"type":"Polygon","coordinates":[[[-4.29763,50.165302],[-4.26965,50.165852],[-4.270503,50.183825],[-4.298493,50.183274],[-4.29763,50.165302]]]}},{"type":"Feature","properties":{"sp":"baskingshark","n":3,"res":2000},"geometry":{"type":"Polygon","coordinates":[[[-4.274776,50.273689],[-4.246732,50.274234],[-4.247579,50.292207],[-4.275633,50.291661],[-4.274776,50.273689]]]}},{"type":"Feature","properties":{"sp":"baskingshark","n":3,"res":2000},"geometry":{"type":"Polygon","coordinates":[[[-4.276491,50.309634],[-4.248426,50.31018],[-4.249275,50.328153],[-4.27735,50.327606],[-4.276491,50.309634]]]}},{"type":"Feature","properties":{"sp":"baskingshark","n":3,"res":2000},"geometry":{"type":"Polygon","coordinates":[[[-4.27821,50.345578],[-4.250124,50.346125],[-4.250974,50.364098],[-4.279071,50.363551],[-4.27821,50.345578]]]}},{"type":"Feature","properties":{"sp":"baskingshark","n":3,"res":2000},"geometry":{"type":"Polygon","coordinates":[[[-4.217852,50.2568],[-4.189817,50.257332],[-4.190642,50.275306],[-4.218687,50.274773],[-4.217852,50.2568]]]}},{"type":"Feature","properties":{"sp":"baskingshark","n":3,"res":2000},"geometry":{"type":"Polygon","coordinates":[[[-4.136964,50.330272],[-4.108884,50.330785],[-4.109681,50.34876],[-4.137771,50.348246],[-4.136964,50.330272]]]}},{"type":"Feature","properties":{"sp":"baskingshark","n":3,"res":2000},"geometry":{"type":"Polygon","coordinates":[[[-4.09939,50.115088],[-4.071435,50.115591],[-4.072212,50.133566],[-4.100177,50.133063],[-4.09939,50.115088]]]}},{"type":"Feature","properties":{"sp":"baskingshark","n":3,"res":2000},"geometry":{"type":"Polygon","coordinates":[[[-3.992048,50.224914],[-3.964028,50.225392],[-3.964767,50.243368],[-3.992798,50.24289],[-3.992048,50.224914]]]}},{"type":"Feature","properties":{"sp":"baskingshark","n":3,"res":2000},"geometry":{"type":"Polygon","coordinates":[[[-3.906551,50.190372],[-3.87855,50.190828],[-3.879256,50.208805],[-3.907268,50.208349],[-3.906551,50.190372]]]}},{"type":"Feature","properties":{"sp":"baskingshark","n":3,"res":2000},"geometry":{"type":"Polygon","coordinates":[[[-3.964767,50.243368],[-3.936735,50.243839],[-3.937465,50.261815],[-3.965507,50.261344],[-3.964767,50.243368]]]}},{"type":"Feature","properties":{"sp":"baskingshark","n":3,"res":2000},"geometry":{"type":"Polygon","coordinates":[[[-3.704132,50.013632],[-3.67623,50.014039],[-3.676856,50.032018],[-3.704768,50.031612],[-3.704132,50.013632]]]}},{"type":"Feature","properties":{"sp":"baskingshark","n":3,"res":2000},"geometry":{"type":"Polygon","coordinates":[[[-3.550649,50.447499],[-3.522491,50.447871],[-3.523068,50.46585],[-3.551237,50.465478],[-3.550649,50.447499]]]}},{"type":"Feature","properties":{"sp":"baskingshark","n":2,"res":2000},"geometry":{"type":"Polygon","coordinates":[[[-5.267185,50.825737],[-5.238835,50.826528],[-5.24008,50.844485],[-5.26844,50.843693],[-5.267185,50.825737]]]}},{"type":"Feature","properties":{"sp":"baskingshark","n":2,"res":2000},"geometry":{"type":"Polygon","coordinates":[[[-4.866874,50.782301],[-4.83854,50.782994],[-4.839629,50.800957],[-4.867974,50.800263],[-4.866874,50.782301]]]}},{"type":"Feature","properties":{"sp":"baskingshark","n":2,"res":2000},"geometry":{"type":"Polygon","coordinates":[[[-4.869075,50.818226],[-4.840719,50.81892],[-4.84181,50.836883],[-4.870177,50.836188],[-4.869075,50.818226]]]}},{"type":"Feature","properties":{"sp":"baskingshark","n":2,"res":2000},"geometry":{"type":"Polygon","coordinates":[[[-4.812362,50.819608],[-4.784004,50.820288],[-4.785074,50.838252],[-4.813443,50.837571],[-4.812362,50.819608]]]}},{"type":"Feature","properties":{"sp":"baskingshark","n":2,"res":2000},"geometry":{"type":"Polygon","coordinates":[[[-4.583485,50.788926],[-4.55514,50.789551],[-4.556121,50.807518],[-4.584476,50.806893],[-4.583485,50.788926]]]}},{"type":"Feature","properties":{"sp":"baskingshark","n":2,"res":2000},"geometry":{"type":"Polygon","coordinates":[[[-5.819186,49.927252],[-5.791383,49.928165],[-5.792794,49.946114],[-5.820607,49.9452],[-5.819186,49.927252]]]}},{"type":"Feature","properties":{"sp":"baskingshark","n":2,"res":2000},"geometry":{"type":"Polygon","coordinates":[[[-5.738555,49.965871],[-5.710728,49.966766],[-5.712111,49.984716],[-5.739948,49.983821],[-5.738555,49.965871]]]}},{"type":"Feature","properties":{"sp":"baskingshark","n":2,"res":2000},"geometry":{"type":"Polygon","coordinates":[[[-5.772003,50.036764],[-5.744136,50.037668],[-5.745534,50.055617],[-5.773412,50.054713],[-5.772003,50.036764]]]}},{"type":"Feature","properties":{"sp":"baskingshark","n":2,"res":2000},"geometry":{"type":"Polygon","coordinates":[[[-5.724618,50.146261],[-5.696685,50.147155],[-5.698071,50.165105],[-5.726014,50.16421],[-5.724618,50.146261]]]}},{"type":"Feature","properties":{"sp":"baskingshark","n":2,"res":2000},"geometry":{"type":"Polygon","coordinates":[[[-5.727412,50.182159],[-5.699459,50.183054],[-5.700848,50.201004],[-5.728812,50.200108],[-5.727412,50.182159]]]}},{"type":"Feature","properties":{"sp":"baskingshark","n":2,"res":2000},"geometry":{"type":"Polygon","coordinates":[[[-5.790431,50.270087],[-5.762428,50.270998],[-5.763845,50.288946],[-5.791859,50.288034],[-5.790431,50.270087]]]}},{"type":"Feature","properties":{"sp":"baskingshark","n":2,"res":2000},"geometry":{"type":"Polygon","coordinates":[[[-5.791859,50.288034],[-5.763845,50.288946],[-5.765264,50.306894],[-5.793288,50.305982],[-5.791859,50.288034]]]}},{"type":"Feature","properties":{"sp":"baskingshark","n":2,"res":2000},"geometry":{"type":"Polygon","coordinates":[[[-5.683962,50.345489],[-5.655912,50.346376],[-5.657293,50.364325],[-5.685354,50.363438],[-5.683962,50.345489]]]}},{"type":"Feature","properties":{"sp":"baskingshark","n":2,"res":2000},"geometry":{"type":"Polygon","coordinates":[[[-5.546377,50.007901],[-5.518519,50.00875],[-5.519832,50.026704],[-5.5477,50.025854],[-5.546377,50.007901]]]}},{"type":"Feature","properties":{"sp":"baskingshark","n":2,"res":2000},"geometry":{"type":"Polygon","coordinates":[[[-5.518519,50.00875],[-5.49066,50.009593],[-5.491963,50.027547],[-5.519832,50.026704],[-5.518519,50.00875]]]}},{"type":"Feature","properties":{"sp":"baskingshark","n":2,"res":2000},"geometry":{"type":"Polygon","coordinates":[[[-5.614234,50.167747],[-5.586286,50.168615],[-5.587632,50.186566],[-5.61559,50.185698],[-5.614234,50.167747]]]}},{"type":"Feature","properties":{"sp":"baskingshark","n":2,"res":2000},"geometry":{"type":"Polygon","coordinates":[[[-5.561008,50.20538],[-5.533036,50.206235],[-5.534364,50.224188],[-5.562346,50.223332],[-5.561008,50.20538]]]}},{"type":"Feature","properties":{"sp":"baskingshark","n":2,"res":2000},"geometry":{"type":"Polygon","coordinates":[[[-5.601166,50.366079],[-5.573101,50.366946],[-5.574452,50.384897],[-5.602527,50.38403],[-5.601166,50.366079]]]}},{"type":"Feature","properties":{"sp":"baskingshark","n":2,"res":2000},"geometry":{"type":"Polygon","coordinates":[[[-5.451226,49.848833],[-5.423457,49.849658],[-5.424728,49.867613],[-5.452507,49.866788],[-5.451226,49.848833]]]}},{"type":"Feature","properties":{"sp":"baskingshark","n":2,"res":2000},"geometry":{"type":"Polygon","coordinates":[[[-5.453789,49.884744],[-5.425999,49.885569],[-5.427272,49.903525],[-5.455072,49.902699],[-5.453789,49.884744]]]}},{"type":"Feature","properties":{"sp":"baskingshark","n":2,"res":2000},"geometry":{"type":"Polygon","coordinates":[[[-5.455072,49.902699],[-5.427272,49.903525],[-5.428547,49.921481],[-5.456357,49.920654],[-5.455072,49.902699]]]}},{"type":"Feature","properties":{"sp":"baskingshark","n":2,"res":2000},"geometry":{"type":"Polygon","coordinates":[[[-5.493267,50.045501],[-5.465386,50.046338],[-5.466681,50.064292],[-5.494572,50.063455],[-5.493267,50.045501]]]}},{"type":"Feature","properties":{"sp":"baskingshark","n":2,"res":2000},"geometry":{"type":"Polygon","coordinates":[[[-5.466681,50.064292],[-5.438788,50.065123],[-5.440074,50.083078],[-5.467977,50.082246],[-5.466681,50.064292]]]}},{"type":"Feature","properties":{"sp":"baskingshark","n":2,"res":2000},"geometry":{"type":"Polygon","coordinates":[[[-5.410894,50.065947],[-5.382998,50.066764],[-5.384264,50.08472],[-5.412169,50.083902],[-5.410894,50.065947]]]}},{"type":"Feature","properties":{"sp":"baskingshark","n":2,"res":2000},"geometry":{"type":"Polygon","coordinates":[[[-5.478395,50.225879],[-5.450408,50.226714],[-5.451706,50.244668],[-5.479703,50.243832],[-5.478395,50.225879]]]}},{"type":"Feature","properties":{"sp":"baskingshark","n":2,"res":2000},"geometry":{"type":"Polygon","coordinates":[[[-5.395708,50.24632],[-5.367707,50.247136],[-5.368975,50.265091],[-5.396986,50.264275],[-5.395708,50.24632]]]}},{"type":"Feature","properties":{"sp":"baskingshark","n":2,"res":2000},"geometry":{"type":"Polygon","coordinates":[[[-5.398265,50.28223],[-5.370244,50.283047],[-5.371514,50.301002],[-5.399546,50.300185],[-5.398265,50.28223]]]}},{"type":"Feature","properties":{"sp":"baskingshark","n":2,"res":2000},"geometry":{"type":"Polygon","coordinates":[[[-5.48758,50.351552],[-5.45952,50.352392],[-5.460827,50.370345],[-5.488897,50.369506],[-5.48758,50.351552]]]}},{"type":"Feature","properties":{"sp":"baskingshark","n":2,"res":2000},"geometry":{"type":"Polygon","coordinates":[[[-5.45691,50.316484],[-5.42887,50.317315],[-5.430163,50.33527],[-5.458214,50.334438],[-5.45691,50.316484]]]}},{"type":"Feature","properties":{"sp":"baskingshark","n":2,"res":2000},"geometry":{"type":"Polygon","coordinates":[[[-5.518296,50.386612],[-5.490216,50.387459],[-5.491536,50.405412],[-5.519627,50.404564],[-5.518296,50.386612]]]}},{"type":"Feature","properties":{"sp":"baskingshark","n":2,"res":2000},"geometry":{"type":"Polygon","coordinates":[[[-5.230238,49.873202],[-5.202448,49.873974],[-5.203638,49.891933],[-5.231437,49.891161],[-5.230238,49.873202]]]}},{"type":"Feature","properties":{"sp":"baskingshark","n":2,"res":2000},"geometry":{"type":"Polygon","coordinates":[[[-5.264089,49.962217],[-5.236249,49.962998],[-5.237455,49.980957],[-5.265305,49.980175],[-5.264089,49.962217]]]}},{"type":"Feature","properties":{"sp":"baskingshark","n":2,"res":2000},"geometry":{"type":"Polygon","coordinates":[[[-5.340962,50.265901],[-5.312948,50.266704],[-5.314196,50.28466],[-5.34222,50.283857],[-5.340962,50.265901]]]}},{"type":"Feature","properties":{"sp":"baskingshark","n":2,"res":2000},"geometry":{"type":"Polygon","coordinates":[[[-5.28617,50.285457],[-5.258143,50.286247],[-5.259371,50.304204],[-5.287409,50.303414],[-5.28617,50.285457]]]}},{"type":"Feature","properties":{"sp":"baskingshark","n":2,"res":2000},"geometry":{"type":"Polygon","coordinates":[[[-5.256916,50.268289],[-5.228899,50.269072],[-5.230115,50.28703],[-5.258143,50.286247],[-5.256916,50.268289]]]}},{"type":"Feature","properties":{"sp":"baskingshark","n":2,"res":2000},"geometry":{"type":"Polygon","coordinates":[[[-5.315445,50.302617],[-5.287409,50.303414],[-5.288649,50.321371],[-5.316695,50.320573],[-5.315445,50.302617]]]}},{"type":"Feature","properties":{"sp":"baskingshark","n":2,"res":2000},"geometry":{"type":"Polygon","coordinates":[[[-5.353603,50.445458],[-5.325483,50.446266],[-5.326744,50.464222],[-5.354874,50.463414],[-5.353603,50.445458]]]}},{"type":"Feature","properties":{"sp":"baskingshark","n":2,"res":2000},"geometry":{"type":"Polygon","coordinates":[[[-5.325483,50.446266],[-5.297363,50.447067],[-5.298613,50.465024],[-5.326744,50.464222],[-5.325483,50.446266]]]}},{"type":"Feature","properties":{"sp":"baskingshark","n":2,"res":2000},"geometry":{"type":"Polygon","coordinates":[[[-5.204829,49.909893],[-5.177018,49.910659],[-5.1782,49.928619],[-5.206021,49.927853],[-5.204829,49.909893]]]}},{"type":"Feature","properties":{"sp":"baskingshark","n":2,"res":2000},"geometry":{"type":"Polygon","coordinates":[[[-5.131884,50.073818],[-5.103977,50.074569],[-5.105138,50.09253],[-5.133056,50.091779],[-5.131884,50.073818]]]}},{"type":"Feature","properties":{"sp":"baskingshark","n":2,"res":2000},"geometry":{"type":"Polygon","coordinates":[[[-5.101658,50.038647],[-5.07377,50.039389],[-5.074918,50.057351],[-5.102817,50.056608],[-5.101658,50.038647]]]}},{"type":"Feature","properties":{"sp":"baskingshark","n":2,"res":2000},"geometry":{"type":"Polygon","coordinates":[[[-5.102817,50.056608],[-5.074918,50.057351],[-5.076068,50.075312],[-5.103977,50.074569],[-5.102817,50.056608]]]}},{"type":"Feature","properties":{"sp":"baskingshark","n":2,"res":2000},"geometry":{"type":"Polygon","coordinates":[[[-5.233771,50.340904],[-5.20571,50.341681],[-5.206921,50.35964],[-5.234993,50.358861],[-5.233771,50.340904]]]}},{"type":"Feature","properties":{"sp":"baskingshark","n":2,"res":2000},"geometry":{"type":"Polygon","coordinates":[[[-5.20571,50.341681],[-5.177648,50.342452],[-5.178848,50.360411],[-5.206921,50.35964],[-5.20571,50.341681]]]}},{"type":"Feature","properties":{"sp":"baskingshark","n":2,"res":2000},"geometry":{"type":"Polygon","coordinates":[[[-5.127427,50.433772],[-5.099308,50.434525],[-5.100483,50.452485],[-5.128612,50.451732],[-5.127427,50.433772]]]}},{"type":"Feature","properties":{"sp":"baskingshark","n":2,"res":2000},"geometry":{"type":"Polygon","coordinates":[[[-5.043608,50.004201],[-5.015738,50.00493],[-5.016864,50.022892],[-5.044744,50.022163],[-5.043608,50.004201]]]}},{"type":"Feature","properties":{"sp":"baskingshark","n":2,"res":2000},"geometry":{"type":"Polygon","coordinates":[[[-4.994575,50.113429],[-4.966641,50.114146],[-4.967752,50.132109],[-4.995697,50.131391],[-4.994575,50.113429]]]}},{"type":"Feature","properties":{"sp":"baskingshark","n":2,"res":2000},"geometry":{"type":"Polygon","coordinates":[[[-5.025909,50.16659],[-4.997944,50.167316],[-4.99907,50.185278],[-5.027045,50.184552],[-5.025909,50.16659]]]}},{"type":"Feature","properties":{"sp":"baskingshark","n":2,"res":2000},"geometry":{"type":"Polygon","coordinates":[[[-5.048845,50.525814],[-5.020669,50.526549],[-5.021818,50.54451],[-5.050004,50.543775],[-5.048845,50.525814]]]}},{"type":"Feature","properties":{"sp":"baskingshark","n":2,"res":2000},"geometry":{"type":"Polygon","coordinates":[[[-4.899923,49.935918],[-4.872089,49.936611],[-4.873159,49.954576],[-4.901003,49.953883],[-4.899923,49.935918]]]}},{"type":"Feature","properties":{"sp":"baskingshark","n":2,"res":2000},"geometry":{"type":"Polygon","coordinates":[[[-4.928846,49.953182],[-4.901003,49.953883],[-4.902084,49.971847],[-4.929937,49.971147],[-4.928846,49.953182]]]}},{"type":"Feature","properties":{"sp":"baskingshark","n":2,"res":2000},"geometry":{"type":"Polygon","coordinates":[[[-4.940909,50.150784],[-4.912952,50.151489],[-4.914044,50.169453],[-4.942012,50.168748],[-4.940909,50.150784]]]}},{"type":"Feature","properties":{"sp":"baskingshark","n":2,"res":2000},"geometry":{"type":"Polygon","coordinates":[[[-4.944222,50.204674],[-4.916234,50.205381],[-4.91733,50.223344],[-4.945329,50.222637],[-4.944222,50.204674]]]}},{"type":"Feature","properties":{"sp":"baskingshark","n":2,"res":2000},"geometry":{"type":"Polygon","coordinates":[[[-4.91186,50.133526],[-4.883912,50.134224],[-4.884993,50.152188],[-4.912952,50.151489],[-4.91186,50.133526]]]}},{"type":"Feature","properties":{"sp":"baskingshark","n":2,"res":2000},"geometry":{"type":"Polygon","coordinates":[[[-4.914044,50.169453],[-4.886076,50.170152],[-4.887159,50.188116],[-4.915138,50.187417],[-4.914044,50.169453]]]}},{"type":"Feature","properties":{"sp":"baskingshark","n":2,"res":2000},"geometry":{"type":"Polygon","coordinates":[[[-4.886076,50.170152],[-4.858106,50.170844],[-4.859179,50.188809],[-4.887159,50.188116],[-4.886076,50.170152]]]}},{"type":"Feature","properties":{"sp":"baskingshark","n":2,"res":2000},"geometry":{"type":"Polygon","coordinates":[[[-4.831197,50.189495],[-4.803215,50.190174],[-4.804268,50.208139],[-4.832261,50.20746],[-4.831197,50.189495]]]}},{"type":"Feature","properties":{"sp":"baskingshark","n":2,"res":2000},"geometry":{"type":"Polygon","coordinates":[[[-4.832261,50.20746],[-4.804268,50.208139],[-4.805322,50.226105],[-4.833326,50.225425],[-4.832261,50.20746]]]}},{"type":"Feature","properties":{"sp":"baskingshark","n":2,"res":2000},"geometry":{"type":"Polygon","coordinates":[[[-4.940608,50.600562],[-4.912385,50.601272],[-4.913495,50.619234],[-4.941729,50.618524],[-4.940608,50.600562]]]}},{"type":"Feature","properties":{"sp":"baskingshark","n":2,"res":2000},"geometry":{"type":"Polygon","coordinates":[[[-4.858114,50.638597],[-4.829867,50.639287],[-4.830947,50.657251],[-4.859205,50.656561],[-4.858114,50.638597]]]}},{"type":"Feature","properties":{"sp":"baskingshark","n":2,"res":2000},"geometry":{"type":"Polygon","coordinates":[[[-4.806377,50.24407],[-4.778362,50.244744],[-4.779408,50.262709],[-4.807434,50.262035],[-4.806377,50.24407]]]}},{"type":"Feature","properties":{"sp":"baskingshark","n":2,"res":2000},"geometry":{"type":"Polygon","coordinates":[[[-4.77231,50.622682],[-4.74407,50.623351],[-4.745117,50.641316],[-4.773368,50.640647],[-4.77231,50.622682]]]}},{"type":"Feature","properties":{"sp":"baskingshark","n":2,"res":2000},"geometry":{"type":"Polygon","coordinates":[[[-4.773368,50.640647],[-4.745117,50.641316],[-4.746165,50.659281],[-4.774427,50.658611],[-4.773368,50.640647]]]}},{"type":"Feature","properties":{"sp":"baskingshark","n":2,"res":2000},"geometry":{"type":"Polygon","coordinates":[[[-4.803758,50.675899],[-4.775487,50.676576],[-4.776548,50.69454],[-4.80483,50.693862],[-4.803758,50.675899]]]}},{"type":"Feature","properties":{"sp":"baskingshark","n":2,"res":2000},"geometry":{"type":"Polygon","coordinates":[[[-4.80483,50.693862],[-4.776548,50.69454],[-4.77761,50.712504],[-4.805902,50.711826],[-4.80483,50.693862]]]}},{"type":"Feature","properties":{"sp":"baskingshark","n":2,"res":2000},"geometry":{"type":"Polygon","coordinates":[[[-4.775487,50.676576],[-4.747214,50.677246],[-4.748264,50.695211],[-4.776548,50.69454],[-4.775487,50.676576]]]}},{"type":"Feature","properties":{"sp":"baskingshark","n":2,"res":2000},"geometry":{"type":"Polygon","coordinates":[[[-4.659293,50.121598],[-4.631346,50.122235],[-4.632332,50.140203],[-4.66029,50.139566],[-4.659293,50.121598]]]}},{"type":"Feature","properties":{"sp":"baskingshark","n":2,"res":2000},"geometry":{"type":"Polygon","coordinates":[[[-4.661288,50.157534],[-4.63332,50.158172],[-4.634308,50.17614],[-4.662286,50.175501],[-4.661288,50.157534]]]}},{"type":"Feature","properties":{"sp":"baskingshark","n":2,"res":2000},"geometry":{"type":"Polygon","coordinates":[[[-4.555166,50.267859],[-4.527131,50.268473],[-4.528083,50.286442],[-4.556129,50.285828],[-4.555166,50.267859]]]}},{"type":"Feature","properties":{"sp":"baskingshark","n":2,"res":2000},"geometry":{"type":"Polygon","coordinates":[[[-4.444863,50.306213],[-4.416803,50.3068],[-4.417715,50.32477],[-4.445785,50.324183],[-4.444863,50.306213]]]}},{"type":"Feature","properties":{"sp":"baskingshark","n":2,"res":2000},"geometry":{"type":"Polygon","coordinates":[[[-4.473855,50.323589],[-4.445785,50.324183],[-4.446709,50.342153],[-4.474789,50.341559],[-4.473855,50.323589]]]}},{"type":"Feature","properties":{"sp":"baskingshark","n":2,"res":2000},"geometry":{"type":"Polygon","coordinates":[[[-4.321257,50.074883],[-4.293331,50.075438],[-4.294189,50.093411],[-4.322126,50.092855],[-4.321257,50.074883]]]}},{"type":"Feature","properties":{"sp":"baskingshark","n":2,"res":2000},"geometry":{"type":"Polygon","coordinates":[[[-4.380672,50.145639],[-4.352705,50.146209],[-4.353588,50.164181],[-4.381565,50.16361],[-4.380672,50.145639]]]}},{"type":"Feature","properties":{"sp":"baskingshark","n":2,"res":2000},"geometry":{"type":"Polygon","coordinates":[[[-4.329984,50.254605],[-4.301952,50.255164],[-4.302819,50.273136],[-4.330861,50.272577],[-4.329984,50.254605]]]}},{"type":"Feature","properties":{"sp":"baskingshark","n":2,"res":2000},"geometry":{"type":"Polygon","coordinates":[[[-4.157722,50.167987],[-4.129738,50.168503],[-4.130537,50.186478],[-4.158532,50.185961],[-4.157722,50.167987]]]}},{"type":"Feature","properties":{"sp":"baskingshark","n":2,"res":2000},"geometry":{"type":"Polygon","coordinates":[[[-4.162595,50.275831],[-4.134548,50.27635],[-4.135352,50.294324],[-4.16341,50.293805],[-4.162595,50.275831]]]}},{"type":"Feature","properties":{"sp":"baskingshark","n":2,"res":2000},"geometry":{"type":"Polygon","coordinates":[[[-4.249275,50.328153],[-4.221198,50.328693],[-4.222037,50.346666],[-4.250124,50.346125],[-4.249275,50.328153]]]}},{"type":"Feature","properties":{"sp":"baskingshark","n":2,"res":2000},"geometry":{"type":"Polygon","coordinates":[[[-4.072989,50.151541],[-4.045013,50.152038],[-4.04578,50.170013],[-4.073767,50.169517],[-4.072989,50.151541]]]}},{"type":"Feature","properties":{"sp":"baskingshark","n":2,"res":2000},"geometry":{"type":"Polygon","coordinates":[[[-4.020828,50.242406],[-3.992798,50.24289],[-3.993548,50.260866],[-4.021589,50.260382],[-4.020828,50.242406]]]}},{"type":"Feature","properties":{"sp":"baskingshark","n":2,"res":2000},"geometry":{"type":"Polygon","coordinates":[[[-3.995051,50.296818],[-3.966988,50.297296],[-3.96773,50.315272],[-3.995804,50.314794],[-3.995051,50.296818]]]}},{"type":"Feature","properties":{"sp":"baskingshark","n":2,"res":2000},"geometry":{"type":"Polygon","coordinates":[[[-3.907985,50.226326],[-3.879962,50.226783],[-3.88067,50.24476],[-3.908703,50.244303],[-3.907985,50.226326]]]}},{"type":"Feature","properties":{"sp":"baskingshark","n":2,"res":2000},"geometry":{"type":"Polygon","coordinates":[[[-3.87855,50.190828],[-3.850547,50.191278],[-3.851243,50.209255],[-3.879256,50.208805],[-3.87855,50.190828]]]}},{"type":"Feature","properties":{"sp":"baskingshark","n":2,"res":2000},"geometry":{"type":"Polygon","coordinates":[[[-3.850547,50.191278],[-3.822544,50.191721],[-3.823229,50.209699],[-3.851243,50.209255],[-3.850547,50.191278]]]}},{"type":"Feature","properties":{"sp":"baskingshark","n":2,"res":2000},"geometry":{"type":"Polygon","coordinates":[[[-3.851243,50.209255],[-3.823229,50.209699],[-3.823915,50.227676],[-3.851939,50.227233],[-3.851243,50.209255]]]}},{"type":"Feature","properties":{"sp":"baskingshark","n":2,"res":2000},"geometry":{"type":"Polygon","coordinates":[[[-3.966247,50.27932],[-3.938194,50.279792],[-3.938925,50.297768],[-3.966988,50.297296],[-3.966247,50.27932]]]}},{"type":"Feature","properties":{"sp":"baskingshark","n":2,"res":2000},"geometry":{"type":"Polygon","coordinates":[[[-3.908703,50.244303],[-3.88067,50.24476],[-3.881378,50.262737],[-3.909422,50.262279],[-3.908703,50.244303]]]}},{"type":"Feature","properties":{"sp":"baskingshark","n":2,"res":2000},"geometry":{"type":"Polygon","coordinates":[[[-3.88067,50.24476],[-3.852636,50.24521],[-3.853333,50.263188],[-3.881378,50.262737],[-3.88067,50.24476]]]}},{"type":"Feature","properties":{"sp":"baskingshark","n":2,"res":2000},"geometry":{"type":"Polygon","coordinates":[[[-3.788501,50.030351],[-3.760591,50.030778],[-3.761249,50.048757],[-3.789169,50.04833],[-3.788501,50.030351]]]}},{"type":"Feature","properties":{"sp":"baskingshark","n":2,"res":2000},"geometry":{"type":"Polygon","coordinates":[[[-3.818449,50.083852],[-3.790508,50.084287],[-3.791179,50.102265],[-3.81913,50.101831],[-3.818449,50.083852]]]}},{"type":"Feature","properties":{"sp":"baskingshark","n":2,"res":2000},"geometry":{"type":"Polygon","coordinates":[[[-3.736575,50.139073],[-3.7086,50.139488],[-3.709241,50.157467],[-3.737226,50.157051],[-3.736575,50.139073]]]}},{"type":"Feature","properties":{"sp":"baskingshark","n":2,"res":2000},"geometry":{"type":"Polygon","coordinates":[[[-3.79589,50.228113],[-3.767865,50.228543],[-3.76853,50.246521],[-3.796566,50.246091],[-3.79589,50.228113]]]}},{"type":"Feature","properties":{"sp":"baskingshark","n":2,"res":2000},"geometry":{"type":"Polygon","coordinates":[[[-3.67623,50.014039],[-3.648327,50.014439],[-3.648943,50.032419],[-3.676856,50.032018],[-3.67623,50.014039]]]}},{"type":"Feature","properties":{"sp":"baskingshark","n":2,"res":2000},"geometry":{"type":"Polygon","coordinates":[[[-3.682519,50.193834],[-3.654512,50.194236],[-3.655134,50.212216],[-3.683151,50.211813],[-3.682519,50.193834]]]}},{"type":"Feature","properties":{"sp":"baskingshark","n":2,"res":2000},"geometry":{"type":"Polygon","coordinates":[[[-3.626504,50.194632],[-3.598496,50.195021],[-3.599097,50.213001],[-3.627116,50.212612],[-3.626504,50.194632]]]}},{"type":"Feature","properties":{"sp":"baskingshark","n":2,"res":2000},"geometry":{"type":"Polygon","coordinates":[[[-3.627116,50.212612],[-3.599097,50.213001],[-3.599698,50.230981],[-3.627728,50.230591],[-3.627116,50.212612]]]}},{"type":"Feature","properties":{"sp":"baskingshark","n":2,"res":2000},"geometry":{"type":"Polygon","coordinates":[[[-3.569897,50.177423],[-3.541898,50.177798],[-3.542477,50.195778],[-3.570487,50.195403],[-3.569897,50.177423]]]}},{"type":"Feature","properties":{"sp":"baskingshark","n":2,"res":2000},"geometry":{"type":"Polygon","coordinates":[[[-3.571077,50.213383],[-3.543057,50.213759],[-3.543638,50.231739],[-3.571668,50.231363],[-3.571077,50.213383]]]}},{"type":"Feature","properties":{"sp":"baskingshark","n":2,"res":2000},"geometry":{"type":"Polygon","coordinates":[[[-3.656379,50.248174],[-3.62834,50.248571],[-3.628953,50.26655],[-3.657003,50.266154],[-3.656379,50.248174]]]}},{"type":"Feature","properties":{"sp":"baskingshark","n":2,"res":2000},"geometry":{"type":"Polygon","coordinates":[[[-3.657003,50.266154],[-3.628953,50.26655],[-3.629567,50.28453],[-3.657628,50.284133],[-3.657003,50.266154]]]}},{"type":"Feature","properties":{"sp":"baskingshark","n":2,"res":2000},"geometry":{"type":"Polygon","coordinates":[[[-3.6003,50.24896],[-3.57226,50.249343],[-3.572852,50.267323],[-3.600903,50.26694],[-3.6003,50.24896]]]}},{"type":"Feature","properties":{"sp":"baskingshark","n":2,"res":2000},"geometry":{"type":"Polygon","coordinates":[[[-3.601506,50.28492],[-3.573445,50.285303],[-3.574038,50.303283],[-3.60211,50.3029],[-3.601506,50.28492]]]}},{"type":"Feature","properties":{"sp":"baskingshark","n":2,"res":2000},"geometry":{"type":"Polygon","coordinates":[[[-3.572852,50.267323],[-3.5448,50.2677],[-3.545383,50.28568],[-3.573445,50.285303],[-3.572852,50.267323]]]}},{"type":"Feature","properties":{"sp":"baskingshark","n":2,"res":2000},"geometry":{"type":"Polygon","coordinates":[[[-3.574038,50.303283],[-3.545965,50.30366],[-3.546549,50.32164],[-3.574632,50.321263],[-3.574038,50.303283]]]}},{"type":"Feature","properties":{"sp":"baskingshark","n":2,"res":2000},"geometry":{"type":"Polygon","coordinates":[[[-3.577611,50.411161],[-3.549474,50.411539],[-3.550061,50.429519],[-3.578208,50.429141],[-3.577611,50.411161]]]}},{"type":"Feature","properties":{"sp":"baskingshark","n":2,"res":2000},"geometry":{"type":"Polygon","coordinates":[[[-3.51163,50.106243],[-3.483671,50.106604],[-3.484227,50.124585],[-3.512196,50.124224],[-3.51163,50.106243]]]}},{"type":"Feature","properties":{"sp":"baskingshark","n":2,"res":2000},"geometry":{"type":"Polygon","coordinates":[[[-3.514467,50.196147],[-3.486457,50.196509],[-3.487016,50.21449],[-3.515037,50.214128],[-3.514467,50.196147]]]}},{"type":"Feature","properties":{"sp":"baskingshark","n":2,"res":2000},"geometry":{"type":"Polygon","coordinates":[[[-3.519038,50.339991],[-3.490943,50.340354],[-3.491506,50.358335],[-3.519612,50.357971],[-3.519038,50.339991]]]}},{"type":"Feature","properties":{"sp":"baskingshark","n":2,"res":2000},"geometry":{"type":"Polygon","coordinates":[[[-3.49207,50.376315],[-3.463953,50.376672],[-3.464507,50.394653],[-3.492635,50.394295],[-3.49207,50.376315]]]}},{"type":"Feature","properties":{"sp":"baskingshark","n":2,"res":2000},"geometry":{"type":"Polygon","coordinates":[[[-3.494898,50.466216],[-3.466728,50.466574],[-3.467285,50.484554],[-3.495466,50.484196],[-3.494898,50.466216]]]}},{"type":"Feature","properties":{"sp":"baskingshark","n":2,"res":2000},"geometry":{"type":"Polygon","coordinates":[[[-3.442391,50.592788],[-3.414145,50.593134],[-3.414684,50.611114],[-3.442941,50.610768],[-3.442391,50.592788]]]}},{"type":"Feature","properties":{"sp":"baskingshark","n":2,"res":2000},"geometry":{"type":"Polygon","coordinates":[[[-3.411458,50.503232],[-3.383264,50.503571],[-3.38379,50.521551],[-3.411994,50.521213],[-3.411458,50.503232]]]}},{"type":"Feature","properties":{"sp":"baskingshark","n":2,"res":2000},"geometry":{"type":"Polygon","coordinates":[[[-3.116823,49.966809],[-3.088942,49.967074],[-3.089348,49.985058],[-3.11724,49.984793],[-3.116823,49.966809]]]}},{"type":"Feature","properties":{"sp":"baskingshark","n":2,"res":2000},"geometry":{"type":"Polygon","coordinates":[[[-2.920614,49.914568],[-2.892761,49.914785],[-2.893093,49.932771],[-2.920957,49.932553],[-2.920614,49.914568]]]}},{"type":"Feature","properties":{"sp":"baskingshark","n":2,"res":2000},"geometry":{"type":"Polygon","coordinates":[[[-2.867168,50.040896],[-2.839241,50.041101],[-2.839555,50.059087],[-2.867492,50.058881],[-2.867168,50.040896]]]}},{"type":"Feature","properties":{"sp":"baskingshark","n":2,"res":2000},"geometry":{"type":"Polygon","coordinates":[[[-2.68062,50.671675],[-2.65232,50.671837],[-2.652569,50.689821],[-2.680881,50.689659],[-2.68062,50.671675]]]}},{"type":"Feature","properties":{"sp":"baskingshark","n":2,"res":2000},"geometry":{"type":"Polygon","coordinates":[[[-2.595036,50.618186],[-2.566767,50.618327],[-2.566984,50.636312],[-2.595263,50.636171],[-2.595036,50.618186]]]}},{"type":"Feature","properties":{"sp":"baskingshark","n":2,"res":2000},"geometry":{"type":"Polygon","coordinates":[[[-2.478319,50.258997],[-2.450263,50.259109],[-2.450433,50.277096],[-2.478499,50.276983],[-2.478319,50.258997]]]}},{"type":"Feature","properties":{"sp":"baskingshark","n":2,"res":2000},"geometry":{"type":"Polygon","coordinates":[[[-2.425096,50.582959],[-2.396848,50.583059],[-2.396999,50.601044],[-2.425258,50.600944],[-2.425096,50.582959]]]}},{"type":"Feature","properties":{"sp":"baskingshark","n":2,"res":2000},"geometry":{"type":"Polygon","coordinates":[[[-1.888319,50.601668],[-1.860059,50.601637],[-1.860006,50.619623],[-1.888277,50.619654],[-1.888319,50.601668]]]}},{"type":"Feature","properties":{"sp":"baskingshark","n":2,"res":2000},"geometry":{"type":"Polygon","coordinates":[[[-1.323654,50.563787],[-1.295418,50.56362],[-1.29515,50.581605],[-1.323396,50.581772],[-1.323654,50.563787]]]}},{"type":"Feature","properties":{"sp":"baskingshark","n":2,"res":2000},"geometry":{"type":"Polygon","coordinates":[[[-1.238658,50.581249],[-1.210413,50.581061],[-1.210112,50.599045],[-1.238368,50.599233],[-1.238658,50.581249]]]}},{"type":"Feature","properties":{"sp":"baskingshark","n":2,"res":2000},"geometry":{"type":"Polygon","coordinates":[[[-1.210413,50.581061],[-1.182168,50.580866],[-1.181856,50.59885],[-1.210112,50.599045],[-1.210413,50.581061]]]}},{"type":"Feature","properties":{"sp":"baskingshark","n":2,"res":2000},"geometry":{"type":"Polygon","coordinates":[[[-1.182168,50.580866],[-1.153923,50.580665],[-1.153601,50.598648],[-1.181856,50.59885],[-1.182168,50.580866]]]}},{"type":"Feature","properties":{"sp":"baskingshark","n":2,"res":2000},"geometry":{"type":"Polygon","coordinates":[[[-1.181232,50.634818],[-1.152955,50.634616],[-1.152632,50.652599],[-1.18092,50.652802],[-1.181232,50.634818]]]}},{"type":"Feature","properties":{"sp":"baskingshark","n":2,"res":2000},"geometry":{"type":"Polygon","coordinates":[[[-0.923463,50.77661],[-0.895103,50.776345],[-0.894679,50.794327],[-0.92305,50.794592],[-0.923463,50.77661]]]}},{"type":"Feature","properties":{"sp":"baskingshark","n":2,"res":2000},"geometry":{"type":"Polygon","coordinates":[[[-0.156505,50.802984],[-0.128139,50.802532],[-0.12742,50.820507],[-0.155797,50.820959],[-0.156505,50.802984]]]}},{"type":"Feature","properties":{"sp":"baskingshark","n":2,"res":2000},"geometry":{"type":"Polygon","coordinates":[[[-0.128857,50.784556],[-0.100502,50.784098],[-0.099773,50.802073],[-0.128139,50.802532],[-0.128857,50.784556]]]}},{"type":"Feature","properties":{"sp":"baskingshark","n":2,"res":2000},"geometry":{"type":"Polygon","coordinates":[[[0.011368,50.746248],[0.039697,50.745755],[0.040479,50.763729],[0.012138,50.764222],[0.011368,50.746248]]]}},{"type":"Feature","properties":{"sp":"baskingshark","n":1,"res":2000},"geometry":{"type":"Polygon","coordinates":[[[-5.637007,50.832774],[-5.608664,50.833655],[-5.61005,50.851605],[-5.638404,50.850723],[-5.637007,50.832774]]]}},{"type":"Feature","properties":{"sp":"baskingshark","n":1,"res":2000},"geometry":{"type":"Polygon","coordinates":[[[-5.120632,50.757791],[-5.092319,50.758546],[-5.093504,50.776505],[-5.121828,50.775749],[-5.120632,50.757791]]]}},{"type":"Feature","properties":{"sp":"baskingshark","n":1,"res":2000},"geometry":{"type":"Polygon","coordinates":[[[-5.066355,50.795213],[-5.038019,50.795955],[-5.039185,50.813915],[-5.067532,50.813172],[-5.066355,50.795213]]]}},{"type":"Feature","properties":{"sp":"baskingshark","n":1,"res":2000},"geometry":{"type":"Polygon","coordinates":[[[-5.014309,50.868531],[-4.985926,50.869261],[-4.987075,50.887221],[-5.015469,50.88649],[-5.014309,50.868531]]]}},{"type":"Feature","properties":{"sp":"baskingshark","n":1,"res":2000},"geometry":{"type":"Polygon","coordinates":[[[-4.813443,50.837571],[-4.785074,50.838252],[-4.786145,50.856216],[-4.814524,50.855534],[-4.813443,50.837571]]]}},{"type":"Feature","properties":{"sp":"baskingshark","n":1,"res":2000},"geometry":{"type":"Polygon","coordinates":[[[-4.785074,50.838252],[-4.756704,50.838926],[-4.757764,50.85689],[-4.786145,50.856216],[-4.785074,50.838252]]]}},{"type":"Feature","properties":{"sp":"baskingshark","n":1,"res":2000},"geometry":{"type":"Polygon","coordinates":[[[-4.639159,50.76969],[-4.610827,50.770328],[-4.611829,50.788295],[-4.640171,50.787656],[-4.639159,50.76969]]]}},{"type":"Feature","properties":{"sp":"baskingshark","n":1,"res":2000},"geometry":{"type":"Polygon","coordinates":[[[-4.613834,50.824228],[-4.585469,50.82486],[-4.586463,50.842827],[-4.614839,50.842194],[-4.613834,50.824228]]]}},{"type":"Feature","properties":{"sp":"baskingshark","n":1,"res":2000},"geometry":{"type":"Polygon","coordinates":[[[-4.588453,50.87876],[-4.560054,50.879386],[-4.561039,50.897353],[-4.589449,50.896726],[-4.588453,50.87876]]]}},{"type":"Feature","properties":{"sp":"baskingshark","n":1,"res":2000},"geometry":{"type":"Polygon","coordinates":[[[-4.65035,50.967313],[-4.621899,50.967956],[-4.622911,50.985921],[-4.651374,50.985278],[-4.65035,50.967313]]]}},{"type":"Feature","properties":{"sp":"baskingshark","n":1,"res":2000},"geometry":{"type":"Polygon","coordinates":[[[-4.366703,50.991396],[-4.338231,50.99197],[-4.339135,51.00994],[-4.367618,51.009366],[-4.366703,50.991396]]]}},{"type":"Feature","properties":{"sp":"baskingshark","n":1,"res":2000},"geometry":{"type":"Polygon","coordinates":[[[-4.314232,51.082385],[-4.285703,51.082947],[-4.286589,51.100917],[-4.315129,51.100355],[-4.314232,51.082385]]]}},{"type":"Feature","properties":{"sp":"baskingshark","n":1,"res":2000},"geometry":{"type":"Polygon","coordinates":[[[-6.202026,49.842006],[-6.174285,49.84301],[-6.175834,49.86095],[-6.203585,49.859945],[-6.202026,49.842006]]]}},{"type":"Feature","properties":{"sp":"baskingshark","n":1,"res":2000},"geometry":{"type":"Polygon","coordinates":[[[-6.09409,49.881866],[-6.066323,49.882845],[-6.067833,49.900788],[-6.095611,49.899808],[-6.09409,49.881866]]]}},{"type":"Feature","properties":{"sp":"baskingshark","n":1,"res":2000},"geometry":{"type":"Polygon","coordinates":[[[-6.203971,50.183859],[-6.176033,50.184868],[-6.177601,50.202808],[-6.205549,50.201797],[-6.203971,50.183859]]]}},{"type":"Feature","properties":{"sp":"baskingshark","n":1,"res":2000},"geometry":{"type":"Polygon","coordinates":[[[-6.154332,50.25763],[-6.126349,50.258628],[-6.127902,50.276568],[-6.155896,50.275569],[-6.154332,50.25763]]]}},{"type":"Feature","properties":{"sp":"baskingshark","n":1,"res":2000},"geometry":{"type":"Polygon","coordinates":[[[-5.980056,49.849853],[-5.952303,49.850804],[-5.95377,49.868749],[-5.981533,49.867797],[-5.980056,49.849853]]]}},{"type":"Feature","properties":{"sp":"baskingshark","n":1,"res":2000},"geometry":{"type":"Polygon","coordinates":[[[-5.988939,49.957519],[-5.961124,49.958474],[-5.9626,49.976418],[-5.990425,49.975463],[-5.988939,49.957519]]]}},{"type":"Feature","properties":{"sp":"baskingshark","n":1,"res":2000},"geometry":{"type":"Polygon","coordinates":[[[-5.931845,49.941476],[-5.904038,49.942417],[-5.905491,49.960363],[-5.933308,49.959422],[-5.931845,49.941476]]]}},{"type":"Feature","properties":{"sp":"baskingshark","n":1,"res":2000},"geometry":{"type":"Polygon","coordinates":[[[-5.933308,49.959422],[-5.905491,49.960363],[-5.906946,49.978309],[-5.934774,49.977367],[-5.933308,49.959422]]]}},{"type":"Feature","properties":{"sp":"baskingshark","n":1,"res":2000},"geometry":{"type":"Polygon","coordinates":[[[-5.93624,49.995312],[-5.908402,49.996255],[-5.90986,50.0142],[-5.937708,50.013257],[-5.93624,49.995312]]]}},{"type":"Feature","properties":{"sp":"baskingshark","n":1,"res":2000},"geometry":{"type":"Polygon","coordinates":[[[-6.049087,50.009418],[-6.021245,50.010388],[-6.022745,50.028331],[-6.050598,50.02736],[-6.049087,50.009418]]]}},{"type":"Feature","properties":{"sp":"baskingshark","n":1,"res":2000},"geometry":{"type":"Polygon","coordinates":[[[-6.022745,50.028331],[-5.994891,50.029295],[-5.996382,50.047238],[-6.024247,50.046274],[-6.022745,50.028331]]]}},{"type":"Feature","properties":{"sp":"baskingshark","n":1,"res":2000},"geometry":{"type":"Polygon","coordinates":[[[-5.968516,50.048196],[-5.940649,50.049147],[-5.942121,50.067092],[-5.969999,50.06614],[-5.968516,50.048196]]]}},{"type":"Feature","properties":{"sp":"baskingshark","n":1,"res":2000},"geometry":{"type":"Polygon","coordinates":[[[-6.070378,50.260605],[-6.04239,50.261584],[-6.043912,50.279526],[-6.07191,50.278547],[-6.070378,50.260605]]]}},{"type":"Feature","properties":{"sp":"baskingshark","n":1,"res":2000},"geometry":{"type":"Polygon","coordinates":[[[-6.04239,50.261584],[-6.014401,50.262556],[-6.015912,50.280498],[-6.043912,50.279526],[-6.04239,50.261584]]]}},{"type":"Feature","properties":{"sp":"baskingshark","n":1,"res":2000},"geometry":{"type":"Polygon","coordinates":[[[-6.012891,50.244613],[-5.98491,50.245577],[-5.98641,50.263521],[-6.014401,50.262556],[-6.012891,50.244613]]]}},{"type":"Feature","properties":{"sp":"baskingshark","n":1,"res":2000},"geometry":{"type":"Polygon","coordinates":[[[-6.014401,50.262556],[-5.98641,50.263521],[-5.987911,50.281464],[-6.015912,50.280498],[-6.014401,50.262556]]]}},{"type":"Feature","properties":{"sp":"baskingshark","n":1,"res":2000},"geometry":{"type":"Polygon","coordinates":[[[-6.093527,50.529715],[-6.065381,50.530703],[-6.066926,50.548644],[-6.095082,50.547655],[-6.093527,50.529715]]]}},{"type":"Feature","properties":{"sp":"baskingshark","n":1,"res":2000},"geometry":{"type":"Polygon","coordinates":[[[-6.024393,50.712073],[-5.996136,50.713046],[-5.997665,50.730988],[-6.025933,50.730014],[-6.024393,50.712073]]]}},{"type":"Feature","properties":{"sp":"baskingshark","n":1,"res":2000},"geometry":{"type":"Polygon","coordinates":[[[-5.908402,49.996255],[-5.880562,49.997191],[-5.88201,50.015137],[-5.90986,50.0142],[-5.908402,49.996255]]]}},{"type":"Feature","properties":{"sp":"baskingshark","n":1,"res":2000},"geometry":{"type":"Polygon","coordinates":[[[-5.82203,49.963147],[-5.794206,49.964062],[-5.79562,49.98201],[-5.823453,49.981095],[-5.82203,49.963147]]]}},{"type":"Feature","properties":{"sp":"baskingshark","n":1,"res":2000},"geometry":{"type":"Polygon","coordinates":[[[-5.826306,50.01699],[-5.798451,50.017906],[-5.799869,50.035854],[-5.827734,50.034937],[-5.826306,50.01699]]]}},{"type":"Feature","properties":{"sp":"baskingshark","n":1,"res":2000},"geometry":{"type":"Polygon","coordinates":[[[-5.920105,50.139818],[-5.892183,50.140758],[-5.893642,50.158704],[-5.921575,50.157762],[-5.920105,50.139818]]]}},{"type":"Feature","properties":{"sp":"baskingshark","n":1,"res":2000},"geometry":{"type":"Polygon","coordinates":[[[-5.931903,50.283375],[-5.903897,50.28432],[-5.905368,50.302265],[-5.933385,50.301319],[-5.931903,50.283375]]]}},{"type":"Feature","properties":{"sp":"baskingshark","n":1,"res":2000},"geometry":{"type":"Polygon","coordinates":[[[-5.646925,49.860828],[-5.619155,49.861699],[-5.620499,49.879651],[-5.648279,49.878779],[-5.646925,49.860828]]]}},{"type":"Feature","properties":{"sp":"baskingshark","n":1,"res":2000},"geometry":{"type":"Polygon","coordinates":[[[-5.739948,49.983821],[-5.712111,49.984716],[-5.713495,50.002666],[-5.741343,50.00177],[-5.739948,49.983821]]]}},{"type":"Feature","properties":{"sp":"baskingshark","n":1,"res":2000},"geometry":{"type":"Polygon","coordinates":[[[-5.712111,49.984716],[-5.684271,49.985605],[-5.685645,50.003555],[-5.713495,50.002666],[-5.712111,49.984716]]]}},{"type":"Feature","properties":{"sp":"baskingshark","n":1,"res":2000},"geometry":{"type":"Polygon","coordinates":[[[-5.774823,50.072661],[-5.746934,50.073566],[-5.748336,50.091515],[-5.776234,50.090609],[-5.774823,50.072661]]]}},{"type":"Feature","properties":{"sp":"baskingshark","n":1,"res":2000},"geometry":{"type":"Polygon","coordinates":[[[-5.692535,50.093306],[-5.664632,50.094191],[-5.666004,50.112141],[-5.693917,50.111255],[-5.692535,50.093306]]]}},{"type":"Feature","properties":{"sp":"baskingshark","n":1,"res":2000},"geometry":{"type":"Polygon","coordinates":[[[-5.777648,50.108558],[-5.749739,50.109464],[-5.751143,50.127412],[-5.779062,50.126506],[-5.777648,50.108558]]]}},{"type":"Feature","properties":{"sp":"baskingshark","n":1,"res":2000},"geometry":{"type":"Polygon","coordinates":[[[-5.751143,50.127412],[-5.723222,50.128312],[-5.724618,50.146261],[-5.752549,50.145361],[-5.751143,50.127412]]]}},{"type":"Feature","properties":{"sp":"baskingshark","n":1,"res":2000},"geometry":{"type":"Polygon","coordinates":[[[-5.699459,50.183054],[-5.671504,50.183942],[-5.672883,50.201892],[-5.700848,50.201004],[-5.699459,50.183054]]]}},{"type":"Feature","properties":{"sp":"baskingshark","n":1,"res":2000},"geometry":{"type":"Polygon","coordinates":[[[-5.784735,50.198297],[-5.756774,50.199206],[-5.758186,50.217154],[-5.786157,50.216245],[-5.784735,50.198297]]]}},{"type":"Feature","properties":{"sp":"baskingshark","n":1,"res":2000},"geometry":{"type":"Polygon","coordinates":[[[-5.786157,50.216245],[-5.758186,50.217154],[-5.759598,50.235102],[-5.78758,50.234192],[-5.786157,50.216245]]]}},{"type":"Feature","properties":{"sp":"baskingshark","n":1,"res":2000},"geometry":{"type":"Polygon","coordinates":[[[-5.789005,50.25214],[-5.761013,50.25305],[-5.762428,50.270998],[-5.790431,50.270087],[-5.789005,50.25214]]]}},{"type":"Feature","properties":{"sp":"baskingshark","n":1,"res":2000},"geometry":{"type":"Polygon","coordinates":[[[-5.759598,50.235102],[-5.731615,50.236006],[-5.733019,50.253954],[-5.761013,50.25305],[-5.759598,50.235102]]]}},{"type":"Feature","properties":{"sp":"baskingshark","n":1,"res":2000},"geometry":{"type":"Polygon","coordinates":[[[-5.70363,50.236902],[-5.675644,50.237792],[-5.677027,50.255742],[-5.705024,50.254851],[-5.70363,50.236902]]]}},{"type":"Feature","properties":{"sp":"baskingshark","n":1,"res":2000},"geometry":{"type":"Polygon","coordinates":[[[-5.707815,50.290749],[-5.679797,50.291641],[-5.681184,50.30959],[-5.709212,50.308698],[-5.707815,50.290749]]]}},{"type":"Feature","properties":{"sp":"baskingshark","n":1,"res":2000},"geometry":{"type":"Polygon","coordinates":[[[-5.709212,50.308698],[-5.681184,50.30959],[-5.682572,50.32754],[-5.710611,50.326647],[-5.709212,50.308698]]]}},{"type":"Feature","properties":{"sp":"baskingshark","n":1,"res":2000},"geometry":{"type":"Polygon","coordinates":[[[-5.699344,50.542926],[-5.671177,50.543819],[-5.672573,50.561768],[-5.700751,50.560875],[-5.699344,50.542926]]]}},{"type":"Feature","properties":{"sp":"baskingshark","n":1,"res":2000},"geometry":{"type":"Polygon","coordinates":[[[-5.707807,50.650615],[-5.679576,50.651511],[-5.680981,50.66946],[-5.709222,50.668563],[-5.707807,50.650615]]]}},{"type":"Feature","properties":{"sp":"baskingshark","n":1,"res":2000},"geometry":{"type":"Polygon","coordinates":[[[-5.590052,49.844611],[-5.562289,49.845469],[-5.563611,49.863422],[-5.591384,49.862564],[-5.590052,49.844611]]]}},{"type":"Feature","properties":{"sp":"baskingshark","n":1,"res":2000},"geometry":{"type":"Polygon","coordinates":[[[-5.511973,49.918981],[-5.484166,49.919821],[-5.485462,49.937775],[-5.51328,49.936935],[-5.511973,49.918981]]]}},{"type":"Feature","properties":{"sp":"baskingshark","n":1,"res":2000},"geometry":{"type":"Polygon","coordinates":[[[-5.627237,49.96941],[-5.599404,49.970278],[-5.600745,49.988231],[-5.628589,49.987362],[-5.627237,49.96941]]]}},{"type":"Feature","properties":{"sp":"baskingshark","n":1,"res":2000},"geometry":{"type":"Polygon","coordinates":[[[-5.628589,49.987362],[-5.600745,49.988231],[-5.602088,50.006183],[-5.629942,50.005313],[-5.628589,49.987362]]]}},{"type":"Feature","properties":{"sp":"baskingshark","n":1,"res":2000},"geometry":{"type":"Polygon","coordinates":[[[-5.602088,50.006183],[-5.574233,50.007045],[-5.575567,50.024998],[-5.603432,50.024135],[-5.602088,50.006183]]]}},{"type":"Feature","properties":{"sp":"baskingshark","n":1,"res":2000},"geometry":{"type":"Polygon","coordinates":[[[-5.571569,49.97114],[-5.543734,49.971995],[-5.545054,49.989948],[-5.572901,49.989093],[-5.571569,49.97114]]]}},{"type":"Feature","properties":{"sp":"baskingshark","n":1,"res":2000},"geometry":{"type":"Polygon","coordinates":[[[-5.545054,49.989948],[-5.517207,49.990796],[-5.518519,50.00875],[-5.546377,50.007901],[-5.545054,49.989948]]]}},{"type":"Feature","properties":{"sp":"baskingshark","n":1,"res":2000},"geometry":{"type":"Polygon","coordinates":[[[-5.517207,49.990796],[-5.489358,49.991638],[-5.49066,50.009593],[-5.518519,50.00875],[-5.517207,49.990796]]]}},{"type":"Feature","properties":{"sp":"baskingshark","n":1,"res":2000},"geometry":{"type":"Polygon","coordinates":[[[-5.5477,50.025854],[-5.519832,50.026704],[-5.521146,50.044657],[-5.549025,50.043807],[-5.5477,50.025854]]]}},{"type":"Feature","properties":{"sp":"baskingshark","n":1,"res":2000},"geometry":{"type":"Polygon","coordinates":[[[-5.640816,50.148922],[-5.612879,50.149796],[-5.614234,50.167747],[-5.642181,50.166873],[-5.640816,50.148922]]]}},{"type":"Feature","properties":{"sp":"baskingshark","n":1,"res":2000},"geometry":{"type":"Polygon","coordinates":[[[-5.643548,50.184824],[-5.61559,50.185698],[-5.616948,50.203649],[-5.644916,50.202774],[-5.643548,50.184824]]]}},{"type":"Feature","properties":{"sp":"baskingshark","n":1,"res":2000},"geometry":{"type":"Polygon","coordinates":[[[-5.619668,50.239551],[-5.591678,50.240421],[-5.593029,50.258372],[-5.62103,50.257502],[-5.619668,50.239551]]]}},{"type":"Feature","properties":{"sp":"baskingshark","n":1,"res":2000},"geometry":{"type":"Polygon","coordinates":[[[-5.588979,50.204518],[-5.561008,50.20538],[-5.562346,50.223332],[-5.590328,50.22247],[-5.588979,50.204518]]]}},{"type":"Feature","properties":{"sp":"baskingshark","n":1,"res":2000},"geometry":{"type":"Polygon","coordinates":[[[-5.534364,50.224188],[-5.50638,50.225036],[-5.507699,50.24299],[-5.535693,50.24214],[-5.534364,50.224188]]]}},{"type":"Feature","properties":{"sp":"baskingshark","n":1,"res":2000},"geometry":{"type":"Polygon","coordinates":[[[-5.62786,50.347255],[-5.599807,50.348128],[-5.601166,50.366079],[-5.62923,50.365206],[-5.62786,50.347255]]]}},{"type":"Feature","properties":{"sp":"baskingshark","n":1,"res":2000},"geometry":{"type":"Polygon","coordinates":[[[-5.62923,50.365206],[-5.601166,50.366079],[-5.602527,50.38403],[-5.630602,50.383156],[-5.62923,50.365206]]]}},{"type":"Feature","properties":{"sp":"baskingshark","n":1,"res":2000},"geometry":{"type":"Polygon","coordinates":[[[-5.595736,50.294275],[-5.567713,50.29514],[-5.569058,50.313091],[-5.597091,50.312226],[-5.595736,50.294275]]]}},{"type":"Feature","properties":{"sp":"baskingshark","n":1,"res":2000},"geometry":{"type":"Polygon","coordinates":[[[-5.567713,50.29514],[-5.539688,50.295997],[-5.541023,50.31395],[-5.569058,50.313091],[-5.567713,50.29514]]]}},{"type":"Feature","properties":{"sp":"baskingshark","n":1,"res":2000},"geometry":{"type":"Polygon","coordinates":[[[-5.569058,50.313091],[-5.541023,50.31395],[-5.542359,50.331902],[-5.570404,50.331043],[-5.569058,50.313091]]]}},{"type":"Feature","properties":{"sp":"baskingshark","n":1,"res":2000},"geometry":{"type":"Polygon","coordinates":[[[-5.539688,50.295997],[-5.511663,50.296848],[-5.512987,50.314801],[-5.541023,50.31395],[-5.539688,50.295997]]]}},{"type":"Feature","properties":{"sp":"baskingshark","n":1,"res":2000},"geometry":{"type":"Polygon","coordinates":[[[-5.575803,50.402849],[-5.547716,50.40371],[-5.549058,50.421661],[-5.577157,50.4208],[-5.575803,50.402849]]]}},{"type":"Feature","properties":{"sp":"baskingshark","n":1,"res":2000},"geometry":{"type":"Polygon","coordinates":[[[-5.581225,50.474653],[-5.553095,50.475516],[-5.554443,50.493468],[-5.582583,50.492604],[-5.581225,50.474653]]]}},{"type":"Feature","properties":{"sp":"baskingshark","n":1,"res":2000},"geometry":{"type":"Polygon","coordinates":[[[-5.484166,49.919821],[-5.456357,49.920654],[-5.457643,49.938609],[-5.485462,49.937775],[-5.484166,49.919821]]]}},{"type":"Feature","properties":{"sp":"baskingshark","n":1,"res":2000},"geometry":{"type":"Polygon","coordinates":[[[-5.400735,49.9223],[-5.372923,49.923114],[-5.374178,49.94107],[-5.402001,49.940256],[-5.400735,49.9223]]]}},{"type":"Feature","properties":{"sp":"baskingshark","n":1,"res":2000},"geometry":{"type":"Polygon","coordinates":[[[-5.371669,49.905157],[-5.343865,49.905963],[-5.345109,49.92392],[-5.372923,49.923114],[-5.371669,49.905157]]]}},{"type":"Feature","properties":{"sp":"baskingshark","n":1,"res":2000},"geometry":{"type":"Polygon","coordinates":[[[-5.372923,49.923114],[-5.345109,49.92392],[-5.346354,49.941877],[-5.374178,49.94107],[-5.372923,49.923114]]]}},{"type":"Feature","properties":{"sp":"baskingshark","n":1,"res":2000},"geometry":{"type":"Polygon","coordinates":[[[-5.49066,50.009593],[-5.462799,50.010428],[-5.464092,50.028383],[-5.491963,50.027547],[-5.49066,50.009593]]]}},{"type":"Feature","properties":{"sp":"baskingshark","n":1,"res":2000},"geometry":{"type":"Polygon","coordinates":[[[-5.460219,49.974519],[-5.432378,49.975347],[-5.433657,49.993302],[-5.461508,49.992474],[-5.460219,49.974519]]]}},{"type":"Feature","properties":{"sp":"baskingshark","n":1,"res":2000},"geometry":{"type":"Polygon","coordinates":[[[-5.432378,49.975347],[-5.404535,49.976168],[-5.405804,49.994124],[-5.433657,49.993302],[-5.432378,49.975347]]]}},{"type":"Feature","properties":{"sp":"baskingshark","n":1,"res":2000},"geometry":{"type":"Polygon","coordinates":[[[-5.374178,49.94107],[-5.346354,49.941877],[-5.3476,49.959834],[-5.375434,49.959027],[-5.374178,49.94107]]]}},{"type":"Feature","properties":{"sp":"baskingshark","n":1,"res":2000},"geometry":{"type":"Polygon","coordinates":[[[-5.37795,49.994939],[-5.350095,49.995748],[-5.351345,50.013705],[-5.379211,50.012896],[-5.37795,49.994939]]]}},{"type":"Feature","properties":{"sp":"baskingshark","n":1,"res":2000},"geometry":{"type":"Polygon","coordinates":[[[-5.379211,50.012896],[-5.351345,50.013705],[-5.352596,50.031661],[-5.380472,50.030852],[-5.379211,50.012896]]]}},{"type":"Feature","properties":{"sp":"baskingshark","n":1,"res":2000},"geometry":{"type":"Polygon","coordinates":[[[-5.464092,50.028383],[-5.43622,50.029213],[-5.437503,50.047168],[-5.465386,50.046338],[-5.464092,50.028383]]]}},{"type":"Feature","properties":{"sp":"baskingshark","n":1,"res":2000},"geometry":{"type":"Polygon","coordinates":[[[-5.437503,50.047168],[-5.40962,50.047991],[-5.410894,50.065947],[-5.438788,50.065123],[-5.437503,50.047168]]]}},{"type":"Feature","properties":{"sp":"baskingshark","n":1,"res":2000},"geometry":{"type":"Polygon","coordinates":[[[-5.503747,50.18913],[-5.475782,50.189971],[-5.477088,50.207925],[-5.505063,50.207083],[-5.503747,50.18913]]]}},{"type":"Feature","properties":{"sp":"baskingshark","n":1,"res":2000},"geometry":{"type":"Polygon","coordinates":[[[-5.470573,50.118155],[-5.44265,50.118987],[-5.443939,50.136942],[-5.471874,50.136109],[-5.470573,50.118155]]]}},{"type":"Feature","properties":{"sp":"baskingshark","n":1,"res":2000},"geometry":{"type":"Polygon","coordinates":[[[-5.50638,50.225036],[-5.478395,50.225879],[-5.479703,50.243832],[-5.507699,50.24299],[-5.50638,50.225036]]]}},{"type":"Feature","properties":{"sp":"baskingshark","n":1,"res":2000},"geometry":{"type":"Polygon","coordinates":[[[-5.507699,50.24299],[-5.479703,50.243832],[-5.481012,50.261786],[-5.509019,50.260943],[-5.507699,50.24299]]]}},{"type":"Feature","properties":{"sp":"baskingshark","n":1,"res":2000},"geometry":{"type":"Polygon","coordinates":[[[-5.481012,50.261786],[-5.453005,50.262622],[-5.454305,50.280576],[-5.482323,50.279739],[-5.481012,50.261786]]]}},{"type":"Feature","properties":{"sp":"baskingshark","n":1,"res":2000},"geometry":{"type":"Polygon","coordinates":[[[-5.511663,50.296848],[-5.483635,50.297693],[-5.484949,50.315646],[-5.512987,50.314801],[-5.511663,50.296848]]]}},{"type":"Feature","properties":{"sp":"baskingshark","n":1,"res":2000},"geometry":{"type":"Polygon","coordinates":[[[-5.516967,50.368659],[-5.488897,50.369506],[-5.490216,50.387459],[-5.518296,50.386612],[-5.516967,50.368659]]]}},{"type":"Feature","properties":{"sp":"baskingshark","n":1,"res":2000},"geometry":{"type":"Polygon","coordinates":[[[-5.488897,50.369506],[-5.460827,50.370345],[-5.462135,50.388299],[-5.490216,50.387459],[-5.488897,50.369506]]]}},{"type":"Feature","properties":{"sp":"baskingshark","n":1,"res":2000},"geometry":{"type":"Polygon","coordinates":[[[-5.458214,50.334438],[-5.430163,50.33527],[-5.431458,50.353224],[-5.45952,50.352392],[-5.458214,50.334438]]]}},{"type":"Feature","properties":{"sp":"baskingshark","n":1,"res":2000},"geometry":{"type":"Polygon","coordinates":[[[-5.427577,50.299361],[-5.399546,50.300185],[-5.400828,50.31814],[-5.42887,50.317315],[-5.427577,50.299361]]]}},{"type":"Feature","properties":{"sp":"baskingshark","n":1,"res":2000},"geometry":{"type":"Polygon","coordinates":[[[-5.403396,50.35405],[-5.375332,50.354869],[-5.376607,50.372824],[-5.404682,50.372004],[-5.403396,50.35405]]]}},{"type":"Feature","properties":{"sp":"baskingshark","n":1,"res":2000},"geometry":{"type":"Polygon","coordinates":[[[-5.499485,50.513127],[-5.47133,50.513971],[-5.472649,50.531924],[-5.500815,50.53108],[-5.499485,50.513127]]]}},{"type":"Feature","properties":{"sp":"baskingshark","n":1,"res":2000},"geometry":{"type":"Polygon","coordinates":[[[-5.342623,49.888006],[-5.314829,49.888805],[-5.316061,49.906762],[-5.343865,49.905963],[-5.342623,49.888006]]]}},{"type":"Feature","properties":{"sp":"baskingshark","n":1,"res":2000},"geometry":{"type":"Polygon","coordinates":[[[-5.314829,49.888805],[-5.287033,49.889597],[-5.288254,49.907555],[-5.316061,49.906762],[-5.314829,49.888805]]]}},{"type":"Feature","properties":{"sp":"baskingshark","n":1,"res":2000},"geometry":{"type":"Polygon","coordinates":[[[-5.316061,49.906762],[-5.288254,49.907555],[-5.289477,49.925513],[-5.317294,49.92472],[-5.316061,49.906762]]]}},{"type":"Feature","properties":{"sp":"baskingshark","n":1,"res":2000},"geometry":{"type":"Polygon","coordinates":[[[-5.289477,49.925513],[-5.26166,49.9263],[-5.262874,49.944258],[-5.290701,49.943471],[-5.289477,49.925513]]]}},{"type":"Feature","properties":{"sp":"baskingshark","n":1,"res":2000},"geometry":{"type":"Polygon","coordinates":[[[-5.26166,49.9263],[-5.233841,49.92708],[-5.235044,49.945039],[-5.262874,49.944258],[-5.26166,49.9263]]]}},{"type":"Feature","properties":{"sp":"baskingshark","n":1,"res":2000},"geometry":{"type":"Polygon","coordinates":[[[-5.231437,49.891161],[-5.203638,49.891933],[-5.204829,49.909893],[-5.232639,49.90912],[-5.231437,49.891161]]]}},{"type":"Feature","properties":{"sp":"baskingshark","n":1,"res":2000},"geometry":{"type":"Polygon","coordinates":[[[-5.350095,49.995748],[-5.322239,49.99655],[-5.323478,50.014507],[-5.351345,50.013705],[-5.350095,49.995748]]]}},{"type":"Feature","properties":{"sp":"baskingshark","n":1,"res":2000},"geometry":{"type":"Polygon","coordinates":[[[-5.321001,49.978592],[-5.293153,49.979387],[-5.294381,49.997345],[-5.322239,49.99655],[-5.321001,49.978592]]]}},{"type":"Feature","properties":{"sp":"baskingshark","n":1,"res":2000},"geometry":{"type":"Polygon","coordinates":[[[-5.322239,49.99655],[-5.294381,49.997345],[-5.29561,50.015303],[-5.323478,50.014507],[-5.322239,49.99655]]]}},{"type":"Feature","properties":{"sp":"baskingshark","n":1,"res":2000},"geometry":{"type":"Polygon","coordinates":[[[-5.265305,49.980175],[-5.237455,49.980957],[-5.238662,49.998915],[-5.266522,49.998134],[-5.265305,49.980175]]]}},{"type":"Feature","properties":{"sp":"baskingshark","n":1,"res":2000},"geometry":{"type":"Polygon","coordinates":[[[-5.356357,50.085531],[-5.328448,50.086336],[-5.329694,50.104292],[-5.357613,50.103487],[-5.356357,50.085531]]]}},{"type":"Feature","properties":{"sp":"baskingshark","n":1,"res":2000},"geometry":{"type":"Polygon","coordinates":[[[-5.299305,50.069176],[-5.271405,50.069966],[-5.272628,50.087924],[-5.300539,50.087133],[-5.299305,50.069176]]]}},{"type":"Feature","properties":{"sp":"baskingshark","n":1,"res":2000},"geometry":{"type":"Polygon","coordinates":[[[-5.268961,50.03405],[-5.24108,50.034833],[-5.242291,50.052792],[-5.270182,50.052008],[-5.268961,50.03405]]]}},{"type":"Feature","properties":{"sp":"baskingshark","n":1,"res":2000},"geometry":{"type":"Polygon","coordinates":[[[-5.367707,50.247136],[-5.339705,50.247945],[-5.340962,50.265901],[-5.368975,50.265091],[-5.367707,50.247136]]]}},{"type":"Feature","properties":{"sp":"baskingshark","n":1,"res":2000},"geometry":{"type":"Polygon","coordinates":[[[-5.284933,50.2675],[-5.256916,50.268289],[-5.258143,50.286247],[-5.28617,50.285457],[-5.284933,50.2675]]]}},{"type":"Feature","properties":{"sp":"baskingshark","n":1,"res":2000},"geometry":{"type":"Polygon","coordinates":[[[-5.371514,50.301002],[-5.34348,50.301813],[-5.344741,50.319769],[-5.372785,50.318958],[-5.371514,50.301002]]]}},{"type":"Feature","properties":{"sp":"baskingshark","n":1,"res":2000},"geometry":{"type":"Polygon","coordinates":[[[-5.372785,50.318958],[-5.344741,50.319769],[-5.346003,50.337725],[-5.374058,50.336913],[-5.372785,50.318958]]]}},{"type":"Feature","properties":{"sp":"baskingshark","n":1,"res":2000},"geometry":{"type":"Polygon","coordinates":[[[-5.28989,50.339328],[-5.261831,50.340119],[-5.263063,50.358076],[-5.291132,50.357285],[-5.28989,50.339328]]]}},{"type":"Feature","properties":{"sp":"baskingshark","n":1,"res":2000},"geometry":{"type":"Polygon","coordinates":[[[-5.261831,50.340119],[-5.233771,50.340904],[-5.234993,50.358861],[-5.263063,50.358076],[-5.261831,50.340119]]]}},{"type":"Feature","properties":{"sp":"baskingshark","n":1,"res":2000},"geometry":{"type":"Polygon","coordinates":[[[-5.264296,50.376034],[-5.236215,50.376819],[-5.237439,50.394777],[-5.26553,50.393991],[-5.264296,50.376034]]]}},{"type":"Feature","properties":{"sp":"baskingshark","n":1,"res":2000},"geometry":{"type":"Polygon","coordinates":[[[-5.352333,50.427503],[-5.324224,50.42831],[-5.325483,50.446266],[-5.353603,50.445458],[-5.352333,50.427503]]]}},{"type":"Feature","properties":{"sp":"baskingshark","n":1,"res":2000},"geometry":{"type":"Polygon","coordinates":[[[-5.27048,50.465819],[-5.242346,50.466607],[-5.243576,50.484564],[-5.271721,50.483775],[-5.27048,50.465819]]]}},{"type":"Feature","properties":{"sp":"baskingshark","n":1,"res":2000},"geometry":{"type":"Polygon","coordinates":[[[-5.311182,50.644583],[-5.282943,50.645383],[-5.284196,50.663339],[-5.312446,50.662538],[-5.311182,50.644583]]]}},{"type":"Feature","properties":{"sp":"baskingshark","n":1,"res":2000},"geometry":{"type":"Polygon","coordinates":[[[-5.20126,49.856014],[-5.17348,49.856778],[-5.174658,49.874739],[-5.202448,49.873974],[-5.20126,49.856014]]]}},{"type":"Feature","properties":{"sp":"baskingshark","n":1,"res":2000},"geometry":{"type":"Polygon","coordinates":[[[-5.202448,49.873974],[-5.174658,49.874739],[-5.175837,49.892699],[-5.203638,49.891933],[-5.202448,49.873974]]]}},{"type":"Feature","properties":{"sp":"baskingshark","n":1,"res":2000},"geometry":{"type":"Polygon","coordinates":[[[-5.17348,49.856778],[-5.145699,49.857536],[-5.146866,49.875497],[-5.174658,49.874739],[-5.17348,49.856778]]]}},{"type":"Feature","properties":{"sp":"baskingshark","n":1,"res":2000},"geometry":{"type":"Polygon","coordinates":[[[-5.174658,49.874739],[-5.146866,49.875497],[-5.148035,49.893458],[-5.175837,49.892699],[-5.174658,49.874739]]]}},{"type":"Feature","properties":{"sp":"baskingshark","n":1,"res":2000},"geometry":{"type":"Polygon","coordinates":[[[-5.150377,49.929379],[-5.122553,49.930132],[-5.123716,49.948093],[-5.15155,49.94734],[-5.150377,49.929379]]]}},{"type":"Feature","properties":{"sp":"baskingshark","n":1,"res":2000},"geometry":{"type":"Polygon","coordinates":[[[-5.093578,49.912917],[-5.065762,49.913657],[-5.066903,49.931619],[-5.094729,49.930879],[-5.093578,49.912917]]]}},{"type":"Feature","properties":{"sp":"baskingshark","n":1,"res":2000},"geometry":{"type":"Polygon","coordinates":[[[-5.123716,49.948093],[-5.095881,49.94884],[-5.097034,49.966802],[-5.124879,49.966054],[-5.123716,49.948093]]]}},{"type":"Feature","properties":{"sp":"baskingshark","n":1,"res":2000},"geometry":{"type":"Polygon","coordinates":[[[-5.107464,50.128451],[-5.079524,50.129196],[-5.080678,50.147157],[-5.108629,50.146412],[-5.107464,50.128451]]]}},{"type":"Feature","properties":{"sp":"baskingshark","n":1,"res":2000},"geometry":{"type":"Polygon","coordinates":[[[-5.231332,50.304988],[-5.203293,50.305765],[-5.204501,50.323723],[-5.232551,50.322946],[-5.231332,50.304988]]]}},{"type":"Feature","properties":{"sp":"baskingshark","n":1,"res":2000},"geometry":{"type":"Polygon","coordinates":[[[-5.180049,50.37837],[-5.151965,50.379135],[-5.153157,50.397094],[-5.181252,50.396329],[-5.180049,50.37837]]]}},{"type":"Feature","properties":{"sp":"baskingshark","n":1,"res":2000},"geometry":{"type":"Polygon","coordinates":[[[-5.150774,50.361176],[-5.122699,50.361934],[-5.123879,50.379894],[-5.151965,50.379135],[-5.150774,50.361176]]]}},{"type":"Feature","properties":{"sp":"baskingshark","n":1,"res":2000},"geometry":{"type":"Polygon","coordinates":[[[-5.23989,50.430692],[-5.211776,50.431472],[-5.212993,50.44943],[-5.241117,50.448649],[-5.23989,50.430692]]]}},{"type":"Feature","properties":{"sp":"baskingshark","n":1,"res":2000},"geometry":{"type":"Polygon","coordinates":[[[-5.242346,50.466607],[-5.214211,50.467388],[-5.21543,50.485346],[-5.243576,50.484564],[-5.242346,50.466607]]]}},{"type":"Feature","properties":{"sp":"baskingshark","n":1,"res":2000},"geometry":{"type":"Polygon","coordinates":[[[-5.209346,50.395556],[-5.181252,50.396329],[-5.182456,50.414287],[-5.21056,50.413514],[-5.209346,50.395556]]]}},{"type":"Feature","properties":{"sp":"baskingshark","n":1,"res":2000},"geometry":{"type":"Polygon","coordinates":[[[-5.21056,50.413514],[-5.182456,50.414287],[-5.183661,50.432246],[-5.211776,50.431472],[-5.21056,50.413514]]]}},{"type":"Feature","properties":{"sp":"baskingshark","n":1,"res":2000},"geometry":{"type":"Polygon","coordinates":[[[-5.184867,50.450204],[-5.15674,50.450971],[-5.157937,50.46893],[-5.186075,50.468162],[-5.184867,50.450204]]]}},{"type":"Feature","properties":{"sp":"baskingshark","n":1,"res":2000},"geometry":{"type":"Polygon","coordinates":[[[-5.186075,50.468162],[-5.157937,50.46893],[-5.159135,50.486889],[-5.187283,50.486121],[-5.186075,50.468162]]]}},{"type":"Feature","properties":{"sp":"baskingshark","n":1,"res":2000},"geometry":{"type":"Polygon","coordinates":[[[-5.153157,50.397094],[-5.12506,50.397853],[-5.126243,50.415813],[-5.15435,50.415053],[-5.153157,50.397094]]]}},{"type":"Feature","properties":{"sp":"baskingshark","n":1,"res":2000},"geometry":{"type":"Polygon","coordinates":[[[-5.15674,50.450971],[-5.128612,50.451732],[-5.129798,50.469691],[-5.157937,50.46893],[-5.15674,50.450971]]]}},{"type":"Feature","properties":{"sp":"baskingshark","n":1,"res":2000},"geometry":{"type":"Polygon","coordinates":[[[-5.12506,50.397853],[-5.096963,50.398605],[-5.098135,50.416565],[-5.126243,50.415813],[-5.12506,50.397853]]]}},{"type":"Feature","properties":{"sp":"baskingshark","n":1,"res":2000},"geometry":{"type":"Polygon","coordinates":[[[-5.167556,50.612598],[-5.139332,50.613362],[-5.140529,50.631321],[-5.168764,50.630556],[-5.167556,50.612598]]]}},{"type":"Feature","properties":{"sp":"baskingshark","n":1,"res":2000},"geometry":{"type":"Polygon","coordinates":[[[-5.141727,50.64928],[-5.11348,50.650038],[-5.114669,50.667997],[-5.142927,50.667238],[-5.141727,50.64928]]]}},{"type":"Feature","properties":{"sp":"baskingshark","n":1,"res":2000},"geometry":{"type":"Polygon","coordinates":[[[-5.016864,50.022892],[-4.988983,50.023614],[-4.990099,50.041577],[-5.01799,50.040855],[-5.016864,50.022892]]]}},{"type":"Feature","properties":{"sp":"baskingshark","n":1,"res":2000},"geometry":{"type":"Polygon","coordinates":[[[-4.988983,50.023614],[-4.9611,50.02433],[-4.962206,50.042293],[-4.990099,50.041577],[-4.988983,50.023614]]]}},{"type":"Feature","properties":{"sp":"baskingshark","n":1,"res":2000},"geometry":{"type":"Polygon","coordinates":[[[-5.048158,50.076049],[-5.020247,50.07678],[-5.021377,50.094742],[-5.049299,50.094011],[-5.048158,50.076049]]]}},{"type":"Feature","properties":{"sp":"baskingshark","n":1,"res":2000},"geometry":{"type":"Polygon","coordinates":[[[-4.990099,50.041577],[-4.962206,50.042293],[-4.963313,50.060257],[-4.991216,50.05954],[-4.990099,50.041577]]]}},{"type":"Feature","properties":{"sp":"baskingshark","n":1,"res":2000},"geometry":{"type":"Polygon","coordinates":[[[-4.965531,50.096183],[-4.937606,50.096894],[-4.938706,50.114857],[-4.966641,50.114146],[-4.965531,50.096183]]]}},{"type":"Feature","properties":{"sp":"baskingshark","n":1,"res":2000},"geometry":{"type":"Polygon","coordinates":[[[-5.053872,50.165858],[-5.025909,50.16659],[-5.027045,50.184552],[-5.055018,50.183819],[-5.053872,50.165858]]]}},{"type":"Feature","properties":{"sp":"baskingshark","n":1,"res":2000},"geometry":{"type":"Polygon","coordinates":[[[-4.97221,50.203961],[-4.944222,50.204674],[-4.945329,50.222637],[-4.973327,50.221923],[-4.97221,50.203961]]]}},{"type":"Feature","properties":{"sp":"baskingshark","n":1,"res":2000},"geometry":{"type":"Polygon","coordinates":[[[-5.059615,50.255664],[-5.031599,50.256399],[-5.032741,50.274361],[-5.060767,50.273625],[-5.059615,50.255664]]]}},{"type":"Feature","properties":{"sp":"baskingshark","n":1,"res":2000},"geometry":{"type":"Polygon","coordinates":[[[-5.101658,50.470445],[-5.073517,50.471192],[-5.074683,50.489152],[-5.102835,50.488405],[-5.101658,50.470445]]]}},{"type":"Feature","properties":{"sp":"baskingshark","n":1,"res":2000},"geometry":{"type":"Polygon","coordinates":[[[-5.071188,50.435272],[-5.043067,50.436011],[-5.04422,50.453972],[-5.072352,50.453232],[-5.071188,50.435272]]]}},{"type":"Feature","properties":{"sp":"baskingshark","n":1,"res":2000},"geometry":{"type":"Polygon","coordinates":[[[-5.04422,50.453972],[-5.016087,50.454705],[-5.017231,50.472666],[-5.045375,50.471933],[-5.04422,50.453972]]]}},{"type":"Feature","properties":{"sp":"baskingshark","n":1,"res":2000},"geometry":{"type":"Polygon","coordinates":[[[-5.105192,50.524324],[-5.077019,50.525072],[-5.078189,50.543032],[-5.106373,50.542283],[-5.105192,50.524324]]]}},{"type":"Feature","properties":{"sp":"baskingshark","n":1,"res":2000},"geometry":{"type":"Polygon","coordinates":[[[-5.107554,50.560243],[-5.07936,50.560992],[-5.080532,50.578952],[-5.108737,50.578202],[-5.107554,50.560243]]]}},{"type":"Feature","properties":{"sp":"baskingshark","n":1,"res":2000},"geometry":{"type":"Polygon","coordinates":[[[-5.074683,50.489152],[-5.04653,50.489893],[-5.047687,50.507854],[-5.07585,50.507112],[-5.074683,50.489152]]]}},{"type":"Feature","properties":{"sp":"baskingshark","n":1,"res":2000},"geometry":{"type":"Polygon","coordinates":[[[-5.04653,50.489893],[-5.018376,50.490627],[-5.019522,50.508588],[-5.047687,50.507854],[-5.04653,50.489893]]]}},{"type":"Feature","properties":{"sp":"baskingshark","n":1,"res":2000},"geometry":{"type":"Polygon","coordinates":[[[-5.084055,50.632831],[-5.055817,50.633576],[-5.056983,50.651536],[-5.085232,50.650791],[-5.084055,50.632831]]]}},{"type":"Feature","properties":{"sp":"baskingshark","n":1,"res":2000},"geometry":{"type":"Polygon","coordinates":[[[-5.056983,50.651536],[-5.028733,50.652274],[-5.029889,50.670234],[-5.05815,50.669496],[-5.056983,50.651536]]]}},{"type":"Feature","properties":{"sp":"baskingshark","n":1,"res":2000},"geometry":{"type":"Polygon","coordinates":[[[-5.115859,50.685956],[-5.08759,50.686709],[-5.08877,50.704669],[-5.117051,50.703915],[-5.115859,50.685956]]]}},{"type":"Feature","properties":{"sp":"baskingshark","n":1,"res":2000},"geometry":{"type":"Polygon","coordinates":[[[-5.117051,50.703915],[-5.08877,50.704669],[-5.089952,50.722628],[-5.118243,50.721874],[-5.117051,50.703915]]]}},{"type":"Feature","properties":{"sp":"baskingshark","n":1,"res":2000},"geometry":{"type":"Polygon","coordinates":[[[-5.059319,50.687455],[-5.031047,50.688195],[-5.032206,50.706155],[-5.060489,50.705415],[-5.059319,50.687455]]]}},{"type":"Feature","properties":{"sp":"baskingshark","n":1,"res":2000},"geometry":{"type":"Polygon","coordinates":[[[-5.033366,50.724115],[-5.005071,50.724848],[-5.006222,50.742809],[-5.034527,50.742075],[-5.033366,50.724115]]]}},{"type":"Feature","properties":{"sp":"baskingshark","n":1,"res":2000},"geometry":{"type":"Polygon","coordinates":[[[-5.002774,50.688927],[-4.9745,50.689653],[-4.975637,50.707614],[-5.003922,50.706888],[-5.002774,50.688927]]]}},{"type":"Feature","properties":{"sp":"baskingshark","n":1,"res":2000},"geometry":{"type":"Polygon","coordinates":[[[-5.005071,50.724848],[-4.976776,50.725575],[-4.977915,50.743536],[-5.006222,50.742809],[-5.005071,50.724848]]]}},{"type":"Feature","properties":{"sp":"baskingshark","n":1,"res":2000},"geometry":{"type":"Polygon","coordinates":[[[-4.929937,49.971147],[-4.902084,49.971847],[-4.903166,49.989812],[-4.931029,49.989111],[-4.929937,49.971147]]]}},{"type":"Feature","properties":{"sp":"baskingshark","n":1,"res":2000},"geometry":{"type":"Polygon","coordinates":[[[-4.901003,49.953883],[-4.873159,49.954576],[-4.874229,49.972541],[-4.902084,49.971847],[-4.901003,49.953883]]]}},{"type":"Feature","properties":{"sp":"baskingshark","n":1,"res":2000},"geometry":{"type":"Polygon","coordinates":[[[-4.902084,49.971847],[-4.874229,49.972541],[-4.875301,49.990506],[-4.903166,49.989812],[-4.902084,49.971847]]]}},{"type":"Feature","properties":{"sp":"baskingshark","n":1,"res":2000},"geometry":{"type":"Polygon","coordinates":[[[-4.875301,49.990506],[-4.847435,49.991194],[-4.848497,50.00916],[-4.876373,50.008471],[-4.875301,49.990506]]]}},{"type":"Feature","properties":{"sp":"baskingshark","n":1,"res":2000},"geometry":{"type":"Polygon","coordinates":[[[-4.847435,49.991194],[-4.819568,49.991875],[-4.82062,50.009841],[-4.848497,50.00916],[-4.847435,49.991194]]]}},{"type":"Feature","properties":{"sp":"baskingshark","n":1,"res":2000},"geometry":{"type":"Polygon","coordinates":[[[-4.916234,50.205381],[-4.888244,50.20608],[-4.889329,50.224044],[-4.91733,50.223344],[-4.916234,50.205381]]]}},{"type":"Feature","properties":{"sp":"baskingshark","n":1,"res":2000},"geometry":{"type":"Polygon","coordinates":[[[-4.887159,50.188116],[-4.859179,50.188809],[-4.860253,50.206773],[-4.888244,50.20608],[-4.887159,50.188116]]]}},{"type":"Feature","properties":{"sp":"baskingshark","n":1,"res":2000},"geometry":{"type":"Polygon","coordinates":[[[-4.888244,50.20608],[-4.860253,50.206773],[-4.861328,50.224738],[-4.889329,50.224044],[-4.888244,50.20608]]]}},{"type":"Feature","properties":{"sp":"baskingshark","n":1,"res":2000},"geometry":{"type":"Polygon","coordinates":[[[-4.860253,50.206773],[-4.832261,50.20746],[-4.833326,50.225425],[-4.861328,50.224738],[-4.860253,50.206773]]]}},{"type":"Feature","properties":{"sp":"baskingshark","n":1,"res":2000},"geometry":{"type":"Polygon","coordinates":[[[-4.833326,50.225425],[-4.805322,50.226105],[-4.806377,50.24407],[-4.834391,50.24339],[-4.833326,50.225425]]]}},{"type":"Feature","properties":{"sp":"baskingshark","n":1,"res":2000},"geometry":{"type":"Polygon","coordinates":[[[-4.964315,50.527999],[-4.936136,50.528714],[-4.937252,50.546676],[-4.965442,50.545961],[-4.964315,50.527999]]]}},{"type":"Feature","properties":{"sp":"baskingshark","n":1,"res":2000},"geometry":{"type":"Polygon","coordinates":[[[-4.965442,50.545961],[-4.937252,50.546676],[-4.938369,50.564638],[-4.96657,50.563923],[-4.965442,50.545961]]]}},{"type":"Feature","properties":{"sp":"baskingshark","n":1,"res":2000},"geometry":{"type":"Polygon","coordinates":[[[-4.881965,50.566049],[-4.853762,50.566744],[-4.854848,50.584707],[-4.883063,50.584012],[-4.881965,50.566049]]]}},{"type":"Feature","properties":{"sp":"baskingshark","n":1,"res":2000},"geometry":{"type":"Polygon","coordinates":[[[-4.850509,50.512853],[-4.822336,50.51354],[-4.823408,50.531504],[-4.851592,50.530817],[-4.850509,50.512853]]]}},{"type":"Feature","properties":{"sp":"baskingshark","n":1,"res":2000},"geometry":{"type":"Polygon","coordinates":[[[-4.853762,50.566744],[-4.825557,50.567432],[-4.826633,50.585396],[-4.854848,50.584707],[-4.853762,50.566744]]]}},{"type":"Feature","properties":{"sp":"baskingshark","n":1,"res":2000},"geometry":{"type":"Polygon","coordinates":[[[-4.96883,50.599846],[-4.940608,50.600562],[-4.941729,50.618524],[-4.969961,50.617807],[-4.96883,50.599846]]]}},{"type":"Feature","properties":{"sp":"baskingshark","n":1,"res":2000},"geometry":{"type":"Polygon","coordinates":[[[-4.912385,50.601272],[-4.884161,50.601975],[-4.88526,50.619938],[-4.913495,50.619234],[-4.912385,50.601272]]]}},{"type":"Feature","properties":{"sp":"baskingshark","n":1,"res":2000},"geometry":{"type":"Polygon","coordinates":[[[-4.976776,50.725575],[-4.948479,50.726295],[-4.949608,50.744256],[-4.977915,50.743536],[-4.976776,50.725575]]]}},{"type":"Feature","properties":{"sp":"baskingshark","n":1,"res":2000},"geometry":{"type":"Polygon","coordinates":[[[-4.977915,50.743536],[-4.949608,50.744256],[-4.950738,50.762217],[-4.979056,50.761497],[-4.977915,50.743536]]]}},{"type":"Feature","properties":{"sp":"baskingshark","n":1,"res":2000},"geometry":{"type":"Polygon","coordinates":[[[-4.949608,50.744256],[-4.921299,50.744969],[-4.922418,50.762931],[-4.950738,50.762217],[-4.949608,50.744256]]]}},{"type":"Feature","properties":{"sp":"baskingshark","n":1,"res":2000},"geometry":{"type":"Polygon","coordinates":[[[-4.892988,50.745676],[-4.864677,50.746375],[-4.865775,50.764338],[-4.894097,50.763638],[-4.892988,50.745676]]]}},{"type":"Feature","properties":{"sp":"baskingshark","n":1,"res":2000},"geometry":{"type":"Polygon","coordinates":[[[-4.731888,49.92201],[-4.704058,49.922663],[-4.705064,49.94063],[-4.732905,49.939977],[-4.731888,49.92201]]]}},{"type":"Feature","properties":{"sp":"baskingshark","n":1,"res":2000},"geometry":{"type":"Polygon","coordinates":[[[-4.765894,50.029151],[-4.738003,50.029813],[-4.739026,50.04778],[-4.766927,50.047117],[-4.765894,50.029151]]]}},{"type":"Feature","properties":{"sp":"baskingshark","n":1,"res":2000},"geometry":{"type":"Polygon","coordinates":[[[-4.7091,50.0125],[-4.681218,50.013149],[-4.682219,50.031116],[-4.710111,50.030468],[-4.7091,50.0125]]]}},{"type":"Feature","properties":{"sp":"baskingshark","n":1,"res":2000},"geometry":{"type":"Polygon","coordinates":[[[-4.710111,50.030468],[-4.682219,50.031116],[-4.683221,50.049084],[-4.711124,50.048435],[-4.710111,50.030468]]]}},{"type":"Feature","properties":{"sp":"baskingshark","n":1,"res":2000},"geometry":{"type":"Polygon","coordinates":[[[-4.67822,49.959245],[-4.650368,49.959885],[-4.651356,49.977853],[-4.679218,49.977213],[-4.67822,49.959245]]]}},{"type":"Feature","properties":{"sp":"baskingshark","n":1,"res":2000},"geometry":{"type":"Polygon","coordinates":[[[-4.796918,50.08238],[-4.768997,50.08305],[-4.770033,50.101016],[-4.797965,50.100346],[-4.796918,50.08238]]]}},{"type":"Feature","properties":{"sp":"baskingshark","n":1,"res":2000},"geometry":{"type":"Polygon","coordinates":[[[-4.74005,50.065746],[-4.712137,50.066402],[-4.713152,50.08437],[-4.741075,50.083713],[-4.74005,50.065746]]]}},{"type":"Feature","properties":{"sp":"baskingshark","n":1,"res":2000},"geometry":{"type":"Polygon","coordinates":[[[-4.683221,50.049084],[-4.655316,50.049726],[-4.656309,50.067694],[-4.684224,50.067052],[-4.683221,50.049084]]]}},{"type":"Feature","properties":{"sp":"baskingshark","n":1,"res":2000},"geometry":{"type":"Polygon","coordinates":[[[-4.775231,50.190846],[-4.747246,50.191512],[-4.748279,50.209478],[-4.776274,50.208812],[-4.775231,50.190846]]]}},{"type":"Feature","properties":{"sp":"baskingshark","n":1,"res":2000},"geometry":{"type":"Polygon","coordinates":[[[-4.746215,50.173546],[-4.71824,50.174204],[-4.719261,50.192171],[-4.747246,50.191512],[-4.746215,50.173546]]]}},{"type":"Feature","properties":{"sp":"baskingshark","n":1,"res":2000},"geometry":{"type":"Polygon","coordinates":[[[-4.71722,50.156238],[-4.689254,50.156889],[-4.690264,50.174856],[-4.71824,50.174204],[-4.71722,50.156238]]]}},{"type":"Feature","properties":{"sp":"baskingshark","n":1,"res":2000},"geometry":{"type":"Polygon","coordinates":[[[-4.779408,50.262709],[-4.751381,50.263377],[-4.752418,50.281343],[-4.780455,50.280675],[-4.779408,50.262709]]]}},{"type":"Feature","properties":{"sp":"baskingshark","n":1,"res":2000},"geometry":{"type":"Polygon","coordinates":[[[-4.723354,50.264037],[-4.695325,50.264691],[-4.69634,50.282658],[-4.72438,50.282004],[-4.723354,50.264037]]]}},{"type":"Feature","properties":{"sp":"baskingshark","n":1,"res":2000},"geometry":{"type":"Polygon","coordinates":[[[-4.725406,50.29997],[-4.697357,50.300625],[-4.698374,50.318591],[-4.726434,50.317936],[-4.725406,50.29997]]]}},{"type":"Feature","properties":{"sp":"baskingshark","n":1,"res":2000},"geometry":{"type":"Polygon","coordinates":[[[-4.698374,50.318591],[-4.670313,50.31924],[-4.67132,50.337207],[-4.699392,50.336558],[-4.698374,50.318591]]]}},{"type":"Feature","properties":{"sp":"baskingshark","n":1,"res":2000},"geometry":{"type":"Polygon","coordinates":[[[-4.699392,50.336558],[-4.67132,50.337207],[-4.672329,50.355174],[-4.700412,50.354524],[-4.699392,50.336558]]]}},{"type":"Feature","properties":{"sp":"baskingshark","n":1,"res":2000},"geometry":{"type":"Polygon","coordinates":[[[-4.802687,50.657935],[-4.774427,50.658611],[-4.775487,50.676576],[-4.803758,50.675899],[-4.802687,50.657935]]]}},{"type":"Feature","properties":{"sp":"baskingshark","n":1,"res":2000},"geometry":{"type":"Polygon","coordinates":[[[-4.805902,50.711826],[-4.77761,50.712504],[-4.778673,50.730468],[-4.806976,50.72979],[-4.805902,50.711826]]]}},{"type":"Feature","properties":{"sp":"baskingshark","n":1,"res":2000},"geometry":{"type":"Polygon","coordinates":[[[-4.776548,50.69454],[-4.748264,50.695211],[-4.749315,50.713176],[-4.77761,50.712504],[-4.776548,50.69454]]]}},{"type":"Feature","properties":{"sp":"baskingshark","n":1,"res":2000},"geometry":{"type":"Polygon","coordinates":[[[-4.71998,50.695875],[-4.691694,50.696532],[-4.692724,50.714497],[-4.72102,50.71384],[-4.71998,50.695875]]]}},{"type":"Feature","properties":{"sp":"baskingshark","n":1,"res":2000},"geometry":{"type":"Polygon","coordinates":[[[-4.597564,50.015053],[-4.569677,50.015674],[-4.570637,50.033643],[-4.598534,50.033022],[-4.597564,50.015053]]]}},{"type":"Feature","properties":{"sp":"baskingshark","n":1,"res":2000},"geometry":{"type":"Polygon","coordinates":[[[-4.600477,50.06896],[-4.572559,50.069582],[-4.573521,50.087551],[-4.60145,50.086928],[-4.600477,50.06896]]]}},{"type":"Feature","properties":{"sp":"baskingshark","n":1,"res":2000},"geometry":{"type":"Polygon","coordinates":[[[-4.602423,50.104897],[-4.574485,50.10552],[-4.575449,50.123489],[-4.603398,50.122866],[-4.602423,50.104897]]]}},{"type":"Feature","properties":{"sp":"baskingshark","n":1,"res":2000},"geometry":{"type":"Polygon","coordinates":[[[-4.603398,50.122866],[-4.575449,50.123489],[-4.576415,50.141458],[-4.604374,50.140834],[-4.603398,50.122866]]]}},{"type":"Feature","properties":{"sp":"baskingshark","n":1,"res":2000},"geometry":{"type":"Polygon","coordinates":[[[-4.663286,50.193469],[-4.635297,50.194108],[-4.636287,50.212075],[-4.664287,50.211436],[-4.663286,50.193469]]]}},{"type":"Feature","properties":{"sp":"baskingshark","n":1,"res":2000},"geometry":{"type":"Polygon","coordinates":[[[-4.606329,50.176771],[-4.578348,50.177396],[-4.579317,50.195365],[-4.607307,50.19474],[-4.606329,50.176771]]]}},{"type":"Feature","properties":{"sp":"baskingshark","n":1,"res":2000},"geometry":{"type":"Polygon","coordinates":[[[-4.607307,50.19474],[-4.579317,50.195365],[-4.580286,50.213334],[-4.608287,50.212708],[-4.607307,50.19474]]]}},{"type":"Feature","properties":{"sp":"baskingshark","n":1,"res":2000},"geometry":{"type":"Polygon","coordinates":[[[-4.576415,50.141458],[-4.548454,50.142076],[-4.54941,50.160045],[-4.577381,50.159427],[-4.576415,50.141458]]]}},{"type":"Feature","properties":{"sp":"baskingshark","n":1,"res":2000},"geometry":{"type":"Polygon","coordinates":[[[-4.640259,50.283946],[-4.612216,50.28458],[-4.613201,50.302548],[-4.641254,50.301914],[-4.640259,50.283946]]]}},{"type":"Feature","properties":{"sp":"baskingshark","n":1,"res":2000},"geometry":{"type":"Polygon","coordinates":[[[-4.67132,50.337207],[-4.643247,50.337849],[-4.644246,50.355816],[-4.672329,50.355174],[-4.67132,50.337207]]]}},{"type":"Feature","properties":{"sp":"baskingshark","n":1,"res":2000},"geometry":{"type":"Polygon","coordinates":[[[-4.691694,50.696532],[-4.663408,50.697182],[-4.664427,50.715148],[-4.692724,50.714497],[-4.691694,50.696532]]]}},{"type":"Feature","properties":{"sp":"baskingshark","n":1,"res":2000},"geometry":{"type":"Polygon","coordinates":[[[-4.638148,50.751724],[-4.609827,50.752362],[-4.610827,50.770328],[-4.639159,50.76969],[-4.638148,50.751724]]]}},{"type":"Feature","properties":{"sp":"baskingshark","n":1,"res":2000},"geometry":{"type":"Polygon","coordinates":[[[-4.609827,50.752362],[-4.581505,50.752993],[-4.582494,50.77096],[-4.610827,50.770328],[-4.609827,50.752362]]]}},{"type":"Feature","properties":{"sp":"baskingshark","n":1,"res":2000},"geometry":{"type":"Polygon","coordinates":[[[-4.452633,49.910265],[-4.424804,49.910851],[-4.425706,49.928823],[-4.453546,49.928237],[-4.452633,49.910265]]]}},{"type":"Feature","properties":{"sp":"baskingshark","n":1,"res":2000},"geometry":{"type":"Polygon","coordinates":[[[-4.491597,50.12532],[-4.463644,50.125917],[-4.464567,50.143887],[-4.492531,50.14329],[-4.491597,50.12532]]]}},{"type":"Feature","properties":{"sp":"baskingshark","n":1,"res":2000},"geometry":{"type":"Polygon","coordinates":[[[-4.407735,50.12709],[-4.37978,50.127667],[-4.380672,50.145639],[-4.408638,50.145062],[-4.407735,50.12709]]]}},{"type":"Feature","properties":{"sp":"baskingshark","n":1,"res":2000},"geometry":{"type":"Polygon","coordinates":[[[-4.408638,50.145062],[-4.380672,50.145639],[-4.381565,50.16361],[-4.409542,50.163033],[-4.408638,50.145062]]]}},{"type":"Feature","properties":{"sp":"baskingshark","n":1,"res":2000},"geometry":{"type":"Polygon","coordinates":[[[-4.411352,50.198975],[-4.383354,50.199553],[-4.38425,50.217524],[-4.412258,50.216946],[-4.411352,50.198975]]]}},{"type":"Feature","properties":{"sp":"baskingshark","n":1,"res":2000},"geometry":{"type":"Polygon","coordinates":[[[-4.500037,50.287049],[-4.47199,50.287649],[-4.472922,50.305619],[-4.50098,50.305018],[-4.500037,50.287049]]]}},{"type":"Feature","properties":{"sp":"baskingshark","n":1,"res":2000},"geometry":{"type":"Polygon","coordinates":[[[-4.471059,50.269679],[-4.443021,50.270272],[-4.443942,50.288243],[-4.47199,50.287649],[-4.471059,50.269679]]]}},{"type":"Feature","properties":{"sp":"baskingshark","n":1,"res":2000},"geometry":{"type":"Polygon","coordinates":[[[-4.47199,50.287649],[-4.443942,50.288243],[-4.444863,50.306213],[-4.472922,50.305619],[-4.47199,50.287649]]]}},{"type":"Feature","properties":{"sp":"baskingshark","n":1,"res":2000},"geometry":{"type":"Polygon","coordinates":[[[-4.414982,50.270858],[-4.386943,50.271438],[-4.387842,50.289409],[-4.415892,50.288829],[-4.414982,50.270858]]]}},{"type":"Feature","properties":{"sp":"baskingshark","n":1,"res":2000},"geometry":{"type":"Polygon","coordinates":[[[-4.415892,50.288829],[-4.387842,50.289409],[-4.388743,50.30738],[-4.416803,50.3068],[-4.415892,50.288829]]]}},{"type":"Feature","properties":{"sp":"baskingshark","n":1,"res":2000},"geometry":{"type":"Polygon","coordinates":[[[-4.416803,50.3068],[-4.388743,50.30738],[-4.389644,50.325351],[-4.417715,50.32477],[-4.416803,50.3068]]]}},{"type":"Feature","properties":{"sp":"baskingshark","n":1,"res":2000},"geometry":{"type":"Polygon","coordinates":[[[-4.445785,50.324183],[-4.417715,50.32477],[-4.418628,50.342741],[-4.446709,50.342153],[-4.445785,50.324183]]]}},{"type":"Feature","properties":{"sp":"baskingshark","n":1,"res":2000},"geometry":{"type":"Polygon","coordinates":[[[-4.417715,50.32477],[-4.389644,50.325351],[-4.390546,50.343322],[-4.418628,50.342741],[-4.417715,50.32477]]]}},{"type":"Feature","properties":{"sp":"baskingshark","n":1,"res":2000},"geometry":{"type":"Polygon","coordinates":[[[-4.419542,50.360711],[-4.391449,50.361293],[-4.392353,50.379263],[-4.420456,50.378682],[-4.419542,50.360711]]]}},{"type":"Feature","properties":{"sp":"baskingshark","n":1,"res":2000},"geometry":{"type":"Polygon","coordinates":[[[-4.346552,50.020404],[-4.318657,50.020965],[-4.319523,50.038937],[-4.347428,50.038376],[-4.346552,50.020404]]]}},{"type":"Feature","properties":{"sp":"baskingshark","n":1,"res":2000},"geometry":{"type":"Polygon","coordinates":[[[-4.37978,50.127667],[-4.351823,50.128237],[-4.352705,50.146209],[-4.380672,50.145639],[-4.37978,50.127667]]]}},{"type":"Feature","properties":{"sp":"baskingshark","n":1,"res":2000},"geometry":{"type":"Polygon","coordinates":[[[-4.264556,50.058013],[-4.236638,50.058555],[-4.237474,50.076529],[-4.265403,50.075987],[-4.264556,50.058013]]]}},{"type":"Feature","properties":{"sp":"baskingshark","n":1,"res":2000},"geometry":{"type":"Polygon","coordinates":[[[-4.267949,50.129906],[-4.239989,50.130449],[-4.240829,50.148423],[-4.268799,50.147879],[-4.267949,50.129906]]]}},{"type":"Feature","properties":{"sp":"baskingshark","n":1,"res":2000},"geometry":{"type":"Polygon","coordinates":[[[-4.381565,50.16361],[-4.353588,50.164181],[-4.354471,50.182153],[-4.382459,50.181582],[-4.381565,50.16361]]]}},{"type":"Feature","properties":{"sp":"baskingshark","n":1,"res":2000},"geometry":{"type":"Polygon","coordinates":[[[-4.356241,50.218096],[-4.328231,50.218661],[-4.329107,50.236633],[-4.357127,50.236068],[-4.356241,50.218096]]]}},{"type":"Feature","properties":{"sp":"baskingshark","n":1,"res":2000},"geometry":{"type":"Polygon","coordinates":[[[-4.324737,50.146772],[-4.296769,50.147329],[-4.29763,50.165302],[-4.32561,50.164745],[-4.324737,50.146772]]]}},{"type":"Feature","properties":{"sp":"baskingshark","n":1,"res":2000},"geometry":{"type":"Polygon","coordinates":[[[-4.32561,50.164745],[-4.29763,50.165302],[-4.298493,50.183274],[-4.326483,50.182717],[-4.32561,50.164745]]]}},{"type":"Feature","properties":{"sp":"baskingshark","n":1,"res":2000},"geometry":{"type":"Polygon","coordinates":[[[-4.268799,50.147879],[-4.240829,50.148423],[-4.24167,50.166396],[-4.26965,50.165852],[-4.268799,50.147879]]]}},{"type":"Feature","properties":{"sp":"baskingshark","n":1,"res":2000},"geometry":{"type":"Polygon","coordinates":[[[-4.270503,50.183825],[-4.242511,50.184369],[-4.243354,50.202342],[-4.271355,50.201798],[-4.270503,50.183825]]]}},{"type":"Feature","properties":{"sp":"baskingshark","n":1,"res":2000},"geometry":{"type":"Polygon","coordinates":[[[-4.388743,50.30738],[-4.360681,50.307954],[-4.361572,50.325925],[-4.389644,50.325351],[-4.388743,50.30738]]]}},{"type":"Feature","properties":{"sp":"baskingshark","n":1,"res":2000},"geometry":{"type":"Polygon","coordinates":[[[-4.358903,50.272011],[-4.330861,50.272577],[-4.33174,50.290549],[-4.359791,50.289982],[-4.358903,50.272011]]]}},{"type":"Feature","properties":{"sp":"baskingshark","n":1,"res":2000},"geometry":{"type":"Polygon","coordinates":[[[-4.359791,50.289982],[-4.33174,50.290549],[-4.332619,50.30852],[-4.360681,50.307954],[-4.359791,50.289982]]]}},{"type":"Feature","properties":{"sp":"baskingshark","n":1,"res":2000},"geometry":{"type":"Polygon","coordinates":[[[-4.329107,50.236633],[-4.301086,50.237192],[-4.301952,50.255164],[-4.329984,50.254605],[-4.329107,50.236633]]]}},{"type":"Feature","properties":{"sp":"baskingshark","n":1,"res":2000},"geometry":{"type":"Polygon","coordinates":[[[-4.302819,50.273136],[-4.274776,50.273689],[-4.275633,50.291661],[-4.303687,50.291108],[-4.302819,50.273136]]]}},{"type":"Feature","properties":{"sp":"baskingshark","n":1,"res":2000},"geometry":{"type":"Polygon","coordinates":[[[-4.304556,50.30908],[-4.276491,50.309634],[-4.27735,50.327606],[-4.305425,50.327052],[-4.304556,50.30908]]]}},{"type":"Feature","properties":{"sp":"baskingshark","n":1,"res":2000},"geometry":{"type":"Polygon","coordinates":[[[-4.362464,50.343896],[-4.33438,50.344464],[-4.335262,50.362435],[-4.363356,50.361867],[-4.362464,50.343896]]]}},{"type":"Feature","properties":{"sp":"baskingshark","n":1,"res":2000},"geometry":{"type":"Polygon","coordinates":[[[-4.333499,50.326492],[-4.305425,50.327052],[-4.306296,50.345024],[-4.33438,50.344464],[-4.333499,50.326492]]]}},{"type":"Feature","properties":{"sp":"baskingshark","n":1,"res":2000},"geometry":{"type":"Polygon","coordinates":[[[-4.306296,50.345024],[-4.27821,50.345578],[-4.279071,50.363551],[-4.307167,50.362996],[-4.306296,50.345024]]]}},{"type":"Feature","properties":{"sp":"baskingshark","n":1,"res":2000},"geometry":{"type":"Polygon","coordinates":[[[-4.27735,50.327606],[-4.249275,50.328153],[-4.250124,50.346125],[-4.27821,50.345578],[-4.27735,50.327606]]]}},{"type":"Feature","properties":{"sp":"baskingshark","n":1,"res":2000},"geometry":{"type":"Polygon","coordinates":[[[-4.211199,50.113012],[-4.183248,50.113541],[-4.184066,50.131515],[-4.212028,50.130986],[-4.211199,50.113012]]]}},{"type":"Feature","properties":{"sp":"baskingshark","n":1,"res":2000},"geometry":{"type":"Polygon","coordinates":[[[-4.240829,50.148423],[-4.212857,50.148959],[-4.213688,50.166933],[-4.24167,50.166396],[-4.240829,50.148423]]]}},{"type":"Feature","properties":{"sp":"baskingshark","n":1,"res":2000},"geometry":{"type":"Polygon","coordinates":[[[-4.242511,50.184369],[-4.214519,50.184907],[-4.215351,50.20288],[-4.243354,50.202342],[-4.242511,50.184369]]]}},{"type":"Feature","properties":{"sp":"baskingshark","n":1,"res":2000},"geometry":{"type":"Polygon","coordinates":[[[-4.243354,50.202342],[-4.215351,50.20288],[-4.216184,50.220854],[-4.244197,50.220316],[-4.243354,50.202342]]]}},{"type":"Feature","properties":{"sp":"baskingshark","n":1,"res":2000},"geometry":{"type":"Polygon","coordinates":[[[-4.184885,50.149489],[-4.156912,50.150012],[-4.157722,50.167987],[-4.185705,50.167463],[-4.184885,50.149489]]]}},{"type":"Feature","properties":{"sp":"baskingshark","n":1,"res":2000},"geometry":{"type":"Polygon","coordinates":[[[-4.130537,50.186478],[-4.102542,50.186988],[-4.103332,50.204963],[-4.131338,50.204453],[-4.130537,50.186478]]]}},{"type":"Feature","properties":{"sp":"baskingshark","n":1,"res":2000},"geometry":{"type":"Polygon","coordinates":[[[-4.246732,50.274234],[-4.218687,50.274773],[-4.219523,50.292747],[-4.247579,50.292207],[-4.246732,50.274234]]]}},{"type":"Feature","properties":{"sp":"baskingshark","n":1,"res":2000},"geometry":{"type":"Polygon","coordinates":[[[-4.217017,50.238827],[-4.188993,50.239358],[-4.189817,50.257332],[-4.217852,50.2568],[-4.217017,50.238827]]]}},{"type":"Feature","properties":{"sp":"baskingshark","n":1,"res":2000},"geometry":{"type":"Polygon","coordinates":[[[-4.218687,50.274773],[-4.190642,50.275306],[-4.191467,50.293279],[-4.219523,50.292747],[-4.218687,50.274773]]]}},{"type":"Feature","properties":{"sp":"baskingshark","n":1,"res":2000},"geometry":{"type":"Polygon","coordinates":[[[-4.22036,50.31072],[-4.192294,50.311253],[-4.193121,50.329226],[-4.221198,50.328693],[-4.22036,50.31072]]]}},{"type":"Feature","properties":{"sp":"baskingshark","n":1,"res":2000},"geometry":{"type":"Polygon","coordinates":[[[-4.189817,50.257332],[-4.161781,50.257857],[-4.162595,50.275831],[-4.190642,50.275306],[-4.189817,50.257332]]]}},{"type":"Feature","properties":{"sp":"baskingshark","n":1,"res":2000},"geometry":{"type":"Polygon","coordinates":[[[-4.133744,50.258376],[-4.105706,50.258887],[-4.1065,50.276862],[-4.134548,50.27635],[-4.133744,50.258376]]]}},{"type":"Feature","properties":{"sp":"baskingshark","n":1,"res":2000},"geometry":{"type":"Polygon","coordinates":[[[-4.134548,50.27635],[-4.1065,50.276862],[-4.107294,50.294836],[-4.135352,50.294324],[-4.134548,50.27635]]]}},{"type":"Feature","properties":{"sp":"baskingshark","n":1,"res":2000},"geometry":{"type":"Polygon","coordinates":[[[-4.193121,50.329226],[-4.165043,50.329753],[-4.165861,50.347726],[-4.193949,50.347199],[-4.193121,50.329226]]]}},{"type":"Feature","properties":{"sp":"baskingshark","n":1,"res":2000},"geometry":{"type":"Polygon","coordinates":[[[-4.194778,50.365173],[-4.166679,50.3657],[-4.167498,50.383673],[-4.195608,50.383146],[-4.194778,50.365173]]]}},{"type":"Feature","properties":{"sp":"baskingshark","n":1,"res":2000},"geometry":{"type":"Polygon","coordinates":[[[-4.094686,50.007236],[-4.066794,50.007737],[-4.067565,50.025713],[-4.095468,50.025212],[-4.094686,50.007236]]]}},{"type":"Feature","properties":{"sp":"baskingshark","n":1,"res":2000},"geometry":{"type":"Polygon","coordinates":[[[-4.065253,49.971785],[-4.037381,49.972278],[-4.03814,49.990254],[-4.066023,49.989761],[-4.065253,49.971785]]]}},{"type":"Feature","properties":{"sp":"baskingshark","n":1,"res":2000},"geometry":{"type":"Polygon","coordinates":[[[-4.100964,50.151038],[-4.072989,50.151541],[-4.073767,50.169517],[-4.101753,50.169013],[-4.100964,50.151038]]]}},{"type":"Feature","properties":{"sp":"baskingshark","n":1,"res":2000},"geometry":{"type":"Polygon","coordinates":[[[-4.101753,50.169013],[-4.073767,50.169517],[-4.074545,50.187492],[-4.102542,50.186988],[-4.101753,50.169013]]]}},{"type":"Feature","properties":{"sp":"baskingshark","n":1,"res":2000},"geometry":{"type":"Polygon","coordinates":[[[-4.073767,50.169517],[-4.04578,50.170013],[-4.046548,50.187989],[-4.074545,50.187492],[-4.073767,50.169517]]]}},{"type":"Feature","properties":{"sp":"baskingshark","n":1,"res":2000},"geometry":{"type":"Polygon","coordinates":[[[-4.045013,50.152038],[-4.017036,50.152527],[-4.017793,50.170503],[-4.04578,50.170013],[-4.045013,50.152038]]]}},{"type":"Feature","properties":{"sp":"baskingshark","n":1,"res":2000},"geometry":{"type":"Polygon","coordinates":[[[-4.04578,50.170013],[-4.017793,50.170503],[-4.01855,50.188479],[-4.046548,50.187989],[-4.04578,50.170013]]]}},{"type":"Feature","properties":{"sp":"baskingshark","n":1,"res":2000},"geometry":{"type":"Polygon","coordinates":[[[-4.017036,50.152527],[-3.989058,50.15301],[-3.989804,50.170986],[-4.017793,50.170503],[-4.017036,50.152527]]]}},{"type":"Feature","properties":{"sp":"baskingshark","n":1,"res":2000},"geometry":{"type":"Polygon","coordinates":[[[-4.01855,50.188479],[-3.990552,50.188962],[-3.9913,50.206938],[-4.019309,50.206455],[-4.01855,50.188479]]]}},{"type":"Feature","properties":{"sp":"baskingshark","n":1,"res":2000},"geometry":{"type":"Polygon","coordinates":[[[-4.104914,50.240913],[-4.076886,50.241417],[-4.077668,50.259392],[-4.105706,50.258887],[-4.104914,50.240913]]]}},{"type":"Feature","properties":{"sp":"baskingshark","n":1,"res":2000},"geometry":{"type":"Polygon","coordinates":[[[-4.105706,50.258887],[-4.077668,50.259392],[-4.078451,50.277367],[-4.1065,50.276862],[-4.105706,50.258887]]]}},{"type":"Feature","properties":{"sp":"baskingshark","n":1,"res":2000},"geometry":{"type":"Polygon","coordinates":[[[-4.1065,50.276862],[-4.078451,50.277367],[-4.079234,50.295342],[-4.107294,50.294836],[-4.1065,50.276862]]]}},{"type":"Feature","properties":{"sp":"baskingshark","n":1,"res":2000},"geometry":{"type":"Polygon","coordinates":[[[-4.108088,50.312811],[-4.080018,50.313317],[-4.080803,50.331291],[-4.108884,50.330785],[-4.108088,50.312811]]]}},{"type":"Feature","properties":{"sp":"baskingshark","n":1,"res":2000},"geometry":{"type":"Polygon","coordinates":[[[-4.051174,50.295841],[-4.023113,50.296333],[-4.023876,50.314308],[-4.051948,50.313816],[-4.051174,50.295841]]]}},{"type":"Feature","properties":{"sp":"baskingshark","n":1,"res":2000},"geometry":{"type":"Polygon","coordinates":[[[-4.051948,50.313816],[-4.023876,50.314308],[-4.02464,50.332283],[-4.052722,50.331791],[-4.051948,50.313816]]]}},{"type":"Feature","properties":{"sp":"baskingshark","n":1,"res":2000},"geometry":{"type":"Polygon","coordinates":[[[-4.021589,50.260382],[-3.993548,50.260866],[-3.994299,50.278842],[-4.022351,50.278357],[-4.021589,50.260382]]]}},{"type":"Feature","properties":{"sp":"baskingshark","n":1,"res":2000},"geometry":{"type":"Polygon","coordinates":[[[-4.023113,50.296333],[-3.995051,50.296818],[-3.995804,50.314794],[-4.023876,50.314308],[-4.023113,50.296333]]]}},{"type":"Feature","properties":{"sp":"baskingshark","n":1,"res":2000},"geometry":{"type":"Polygon","coordinates":[[[-4.023876,50.314308],[-3.995804,50.314794],[-3.996557,50.332769],[-4.02464,50.332283],[-4.023876,50.314308]]]}},{"type":"Feature","properties":{"sp":"baskingshark","n":1,"res":2000},"geometry":{"type":"Polygon","coordinates":[[[-3.993548,50.260866],[-3.965507,50.261344],[-3.966247,50.27932],[-3.994299,50.278842],[-3.993548,50.260866]]]}},{"type":"Feature","properties":{"sp":"baskingshark","n":1,"res":2000},"geometry":{"type":"Polygon","coordinates":[[[-3.994299,50.278842],[-3.966247,50.27932],[-3.966988,50.297296],[-3.995051,50.296818],[-3.994299,50.278842]]]}},{"type":"Feature","properties":{"sp":"baskingshark","n":1,"res":2000},"geometry":{"type":"Polygon","coordinates":[[[-4.052722,50.331791],[-4.02464,50.332283],[-4.025405,50.350259],[-4.053497,50.349766],[-4.052722,50.331791]]]}},{"type":"Feature","properties":{"sp":"baskingshark","n":1,"res":2000},"geometry":{"type":"Polygon","coordinates":[[[-3.958876,50.099556],[-3.930928,50.100024],[-3.931652,50.118001],[-3.95961,50.117533],[-3.958876,50.099556]]]}},{"type":"Feature","properties":{"sp":"baskingshark","n":1,"res":2000},"geometry":{"type":"Polygon","coordinates":[[[-3.95961,50.117533],[-3.931652,50.118001],[-3.932376,50.135978],[-3.960344,50.135509],[-3.95961,50.117533]]]}},{"type":"Feature","properties":{"sp":"baskingshark","n":1,"res":2000},"geometry":{"type":"Polygon","coordinates":[[[-3.960344,50.135509],[-3.932376,50.135978],[-3.9331,50.153955],[-3.96108,50.153486],[-3.960344,50.135509]]]}},{"type":"Feature","properties":{"sp":"baskingshark","n":1,"res":2000},"geometry":{"type":"Polygon","coordinates":[[[-3.846389,50.083411],[-3.818449,50.083852],[-3.81913,50.101831],[-3.847081,50.101389],[-3.846389,50.083411]]]}},{"type":"Feature","properties":{"sp":"baskingshark","n":1,"res":2000},"geometry":{"type":"Polygon","coordinates":[[[-3.848465,50.137345],[-3.820494,50.137787],[-3.821176,50.155765],[-3.849158,50.155323],[-3.848465,50.137345]]]}},{"type":"Feature","properties":{"sp":"baskingshark","n":1,"res":2000},"geometry":{"type":"Polygon","coordinates":[[[-3.9331,50.153955],[-3.90512,50.154418],[-3.905836,50.172395],[-3.933826,50.171932],[-3.9331,50.153955]]]}},{"type":"Feature","properties":{"sp":"baskingshark","n":1,"res":2000},"geometry":{"type":"Polygon","coordinates":[[[-3.933826,50.171932],[-3.905836,50.172395],[-3.906551,50.190372],[-3.934552,50.189909],[-3.933826,50.171932]]]}},{"type":"Feature","properties":{"sp":"baskingshark","n":1,"res":2000},"geometry":{"type":"Polygon","coordinates":[[[-3.936007,50.225862],[-3.907985,50.226326],[-3.908703,50.244303],[-3.936735,50.243839],[-3.936007,50.225862]]]}},{"type":"Feature","properties":{"sp":"baskingshark","n":1,"res":2000},"geometry":{"type":"Polygon","coordinates":[[[-3.849158,50.155323],[-3.821176,50.155765],[-3.82186,50.173743],[-3.849853,50.1733],[-3.849158,50.155323]]]}},{"type":"Feature","properties":{"sp":"baskingshark","n":1,"res":2000},"geometry":{"type":"Polygon","coordinates":[[[-3.851939,50.227233],[-3.823915,50.227676],[-3.824601,50.245654],[-3.852636,50.24521],[-3.851939,50.227233]]]}},{"type":"Feature","properties":{"sp":"baskingshark","n":1,"res":2000},"geometry":{"type":"Polygon","coordinates":[[[-3.965507,50.261344],[-3.937465,50.261815],[-3.938194,50.279792],[-3.966247,50.27932],[-3.965507,50.261344]]]}},{"type":"Feature","properties":{"sp":"baskingshark","n":1,"res":2000},"geometry":{"type":"Polygon","coordinates":[[[-3.966988,50.297296],[-3.938925,50.297768],[-3.939657,50.315744],[-3.96773,50.315272],[-3.966988,50.297296]]]}},{"type":"Feature","properties":{"sp":"baskingshark","n":1,"res":2000},"geometry":{"type":"Polygon","coordinates":[[[-3.937465,50.261815],[-3.909422,50.262279],[-3.910141,50.280256],[-3.938194,50.279792],[-3.937465,50.261815]]]}},{"type":"Feature","properties":{"sp":"baskingshark","n":1,"res":2000},"geometry":{"type":"Polygon","coordinates":[[[-3.760591,50.030778],[-3.73268,50.031198],[-3.733327,50.049177],[-3.761249,50.048757],[-3.760591,50.030778]]]}},{"type":"Feature","properties":{"sp":"baskingshark","n":1,"res":2000},"geometry":{"type":"Polygon","coordinates":[[[-3.705405,50.049591],[-3.677483,50.049998],[-3.67811,50.067978],[-3.706043,50.067571],[-3.705405,50.049591]]]}},{"type":"Feature","properties":{"sp":"baskingshark","n":1,"res":2000},"geometry":{"type":"Polygon","coordinates":[[[-3.764548,50.138651],[-3.736575,50.139073],[-3.737226,50.157051],[-3.76521,50.156629],[-3.764548,50.138651]]]}},{"type":"Feature","properties":{"sp":"baskingshark","n":1,"res":2000},"geometry":{"type":"Polygon","coordinates":[[[-3.70732,50.103529],[-3.679366,50.103937],[-3.679996,50.121917],[-3.70796,50.121508],[-3.70732,50.103529]]]}},{"type":"Feature","properties":{"sp":"baskingshark","n":1,"res":2000},"geometry":{"type":"Polygon","coordinates":[[[-3.821176,50.155765],[-3.793194,50.1562],[-3.793867,50.174179],[-3.82186,50.173743],[-3.821176,50.155765]]]}},{"type":"Feature","properties":{"sp":"baskingshark","n":1,"res":2000},"geometry":{"type":"Polygon","coordinates":[[[-3.793867,50.174179],[-3.765873,50.174608],[-3.766536,50.192586],[-3.794541,50.192157],[-3.793867,50.174179]]]}},{"type":"Feature","properties":{"sp":"baskingshark","n":1,"res":2000},"geometry":{"type":"Polygon","coordinates":[[[-3.76521,50.156629],[-3.737226,50.157051],[-3.737878,50.17503],[-3.765873,50.174608],[-3.76521,50.156629]]]}},{"type":"Feature","properties":{"sp":"baskingshark","n":1,"res":2000},"geometry":{"type":"Polygon","coordinates":[[[-3.765873,50.174608],[-3.737878,50.17503],[-3.738531,50.193009],[-3.766536,50.192586],[-3.765873,50.174608]]]}},{"type":"Feature","properties":{"sp":"baskingshark","n":1,"res":2000},"geometry":{"type":"Polygon","coordinates":[[[-3.709883,50.175446],[-3.681887,50.175855],[-3.682519,50.193834],[-3.710525,50.193425],[-3.709883,50.175446]]]}},{"type":"Feature","properties":{"sp":"baskingshark","n":1,"res":2000},"geometry":{"type":"Polygon","coordinates":[[[-3.67811,50.067978],[-3.650176,50.068379],[-3.650794,50.086358],[-3.678738,50.085958],[-3.67811,50.067978]]]}},{"type":"Feature","properties":{"sp":"baskingshark","n":1,"res":2000},"geometry":{"type":"Polygon","coordinates":[[[-3.679366,50.103937],[-3.651412,50.104338],[-3.652031,50.122318],[-3.679996,50.121917],[-3.679366,50.103937]]]}},{"type":"Feature","properties":{"sp":"baskingshark","n":1,"res":2000},"geometry":{"type":"Polygon","coordinates":[[[-3.680626,50.139896],[-3.65265,50.140298],[-3.65327,50.158277],[-3.681256,50.157875],[-3.680626,50.139896]]]}},{"type":"Feature","properties":{"sp":"baskingshark","n":1,"res":2000},"geometry":{"type":"Polygon","coordinates":[[[-3.624674,50.140693],[-3.596697,50.141081],[-3.597296,50.159061],[-3.625283,50.158672],[-3.624674,50.140693]]]}},{"type":"Feature","properties":{"sp":"baskingshark","n":1,"res":2000},"geometry":{"type":"Polygon","coordinates":[[[-3.566957,50.087521],[-3.539011,50.087895],[-3.539587,50.105875],[-3.567544,50.105501],[-3.566957,50.087521]]]}},{"type":"Feature","properties":{"sp":"baskingshark","n":1,"res":2000},"geometry":{"type":"Polygon","coordinates":[[[-3.683151,50.211813],[-3.655134,50.212216],[-3.655756,50.230195],[-3.683784,50.229792],[-3.683151,50.211813]]]}},{"type":"Feature","properties":{"sp":"baskingshark","n":1,"res":2000},"geometry":{"type":"Polygon","coordinates":[[[-3.65327,50.158277],[-3.625283,50.158672],[-3.625893,50.176652],[-3.653891,50.176257],[-3.65327,50.158277]]]}},{"type":"Feature","properties":{"sp":"baskingshark","n":1,"res":2000},"geometry":{"type":"Polygon","coordinates":[[[-3.655756,50.230195],[-3.627728,50.230591],[-3.62834,50.248571],[-3.656379,50.248174],[-3.655756,50.230195]]]}},{"type":"Feature","properties":{"sp":"baskingshark","n":1,"res":2000},"geometry":{"type":"Polygon","coordinates":[[[-3.627728,50.230591],[-3.599698,50.230981],[-3.6003,50.24896],[-3.62834,50.248571],[-3.627728,50.230591]]]}},{"type":"Feature","properties":{"sp":"baskingshark","n":1,"res":2000},"geometry":{"type":"Polygon","coordinates":[[[-3.599698,50.230981],[-3.571668,50.231363],[-3.57226,50.249343],[-3.6003,50.24896],[-3.599698,50.230981]]]}},{"type":"Feature","properties":{"sp":"baskingshark","n":1,"res":2000},"geometry":{"type":"Polygon","coordinates":[[[-3.570487,50.195403],[-3.542477,50.195778],[-3.543057,50.213759],[-3.571077,50.213383],[-3.570487,50.195403]]]}},{"type":"Feature","properties":{"sp":"baskingshark","n":1,"res":2000},"geometry":{"type":"Polygon","coordinates":[[[-3.657628,50.284133],[-3.629567,50.28453],[-3.630182,50.302509],[-3.658253,50.302112],[-3.657628,50.284133]]]}},{"type":"Feature","properties":{"sp":"baskingshark","n":1,"res":2000},"geometry":{"type":"Polygon","coordinates":[[[-3.600903,50.26694],[-3.572852,50.267323],[-3.573445,50.285303],[-3.601506,50.28492],[-3.600903,50.26694]]]}},{"type":"Feature","properties":{"sp":"baskingshark","n":1,"res":2000},"geometry":{"type":"Polygon","coordinates":[[[-3.60211,50.3029],[-3.574038,50.303283],[-3.574632,50.321263],[-3.602715,50.320879],[-3.60211,50.3029]]]}},{"type":"Feature","properties":{"sp":"baskingshark","n":1,"res":2000},"geometry":{"type":"Polygon","coordinates":[[[-3.57226,50.249343],[-3.544219,50.249719],[-3.5448,50.2677],[-3.572852,50.267323],[-3.57226,50.249343]]]}},{"type":"Feature","properties":{"sp":"baskingshark","n":1,"res":2000},"geometry":{"type":"Polygon","coordinates":[[[-3.575227,50.339243],[-3.547133,50.33962],[-3.547717,50.3576],[-3.575822,50.357222],[-3.575227,50.339243]]]}},{"type":"Feature","properties":{"sp":"baskingshark","n":1,"res":2000},"geometry":{"type":"Polygon","coordinates":[[[-3.577014,50.393182],[-3.548888,50.39356],[-3.549474,50.411539],[-3.577611,50.411161],[-3.577014,50.393182]]]}},{"type":"Feature","properties":{"sp":"baskingshark","n":1,"res":2000},"geometry":{"type":"Polygon","coordinates":[[[-3.578208,50.429141],[-3.550061,50.429519],[-3.550649,50.447499],[-3.578806,50.44712],[-3.578208,50.429141]]]}},{"type":"Feature","properties":{"sp":"baskingshark","n":1,"res":2000},"geometry":{"type":"Polygon","coordinates":[[[-3.477043,49.890825],[-3.449209,49.891176],[-3.449748,49.909158],[-3.477593,49.908807],[-3.477043,49.890825]]]}},{"type":"Feature","properties":{"sp":"baskingshark","n":1,"res":2000},"geometry":{"type":"Polygon","coordinates":[[[-3.540742,50.141837],[-3.512763,50.142205],[-3.513331,50.160186],[-3.54132,50.159817],[-3.540742,50.141837]]]}},{"type":"Feature","properties":{"sp":"baskingshark","n":1,"res":2000},"geometry":{"type":"Polygon","coordinates":[[[-3.484227,50.124585],[-3.456258,50.124939],[-3.456804,50.14292],[-3.484784,50.142566],[-3.484227,50.124585]]]}},{"type":"Feature","properties":{"sp":"baskingshark","n":1,"res":2000},"geometry":{"type":"Polygon","coordinates":[[[-3.484784,50.142566],[-3.456804,50.14292],[-3.457351,50.160902],[-3.485341,50.160547],[-3.484784,50.142566]]]}},{"type":"Feature","properties":{"sp":"baskingshark","n":1,"res":2000},"geometry":{"type":"Polygon","coordinates":[[[-3.456258,50.124939],[-3.428288,50.125287],[-3.428824,50.143268],[-3.456804,50.14292],[-3.456258,50.124939]]]}},{"type":"Feature","properties":{"sp":"baskingshark","n":1,"res":2000},"geometry":{"type":"Polygon","coordinates":[[[-3.428288,50.125287],[-3.400318,50.125627],[-3.400843,50.143609],[-3.428824,50.143268],[-3.428288,50.125287]]]}},{"type":"Feature","properties":{"sp":"baskingshark","n":1,"res":2000},"geometry":{"type":"Polygon","coordinates":[[[-3.542477,50.195778],[-3.514467,50.196147],[-3.515037,50.214128],[-3.543057,50.213759],[-3.542477,50.195778]]]}},{"type":"Feature","properties":{"sp":"baskingshark","n":1,"res":2000},"geometry":{"type":"Polygon","coordinates":[[[-3.487016,50.21449],[-3.458994,50.214845],[-3.459543,50.232826],[-3.487575,50.232471],[-3.487016,50.21449]]]}},{"type":"Feature","properties":{"sp":"baskingshark","n":1,"res":2000},"geometry":{"type":"Polygon","coordinates":[[[-3.457898,50.178883],[-3.429897,50.179231],[-3.430434,50.197212],[-3.458446,50.196864],[-3.457898,50.178883]]]}},{"type":"Feature","properties":{"sp":"baskingshark","n":1,"res":2000},"geometry":{"type":"Polygon","coordinates":[[[-3.430434,50.197212],[-3.402421,50.197554],[-3.402949,50.215536],[-3.430972,50.215194],[-3.430434,50.197212]]]}},{"type":"Feature","properties":{"sp":"baskingshark","n":1,"res":2000},"geometry":{"type":"Polygon","coordinates":[[[-3.5448,50.2677],[-3.516748,50.268069],[-3.51732,50.28605],[-3.545383,50.28568],[-3.5448,50.2677]]]}},{"type":"Feature","properties":{"sp":"baskingshark","n":1,"res":2000},"geometry":{"type":"Polygon","coordinates":[[[-3.545965,50.30366],[-3.517892,50.30403],[-3.518465,50.32201],[-3.546549,50.32164],[-3.545965,50.30366]]]}},{"type":"Feature","properties":{"sp":"baskingshark","n":1,"res":2000},"geometry":{"type":"Polygon","coordinates":[[[-3.489256,50.286413],[-3.461192,50.286769],[-3.461744,50.30475],[-3.489818,50.304393],[-3.489256,50.286413]]]}},{"type":"Feature","properties":{"sp":"baskingshark","n":1,"res":2000},"geometry":{"type":"Polygon","coordinates":[[[-3.549474,50.411539],[-3.521337,50.411911],[-3.521914,50.429891],[-3.550061,50.429519],[-3.549474,50.411539]]]}},{"type":"Feature","properties":{"sp":"baskingshark","n":1,"res":2000},"geometry":{"type":"Polygon","coordinates":[[[-3.519612,50.357971],[-3.491506,50.358335],[-3.49207,50.376315],[-3.520187,50.375951],[-3.519612,50.357971]]]}},{"type":"Feature","properties":{"sp":"baskingshark","n":1,"res":2000},"geometry":{"type":"Polygon","coordinates":[[[-3.520187,50.375951],[-3.49207,50.376315],[-3.492635,50.394295],[-3.520762,50.393931],[-3.520187,50.375951]]]}},{"type":"Feature","properties":{"sp":"baskingshark","n":1,"res":2000},"geometry":{"type":"Polygon","coordinates":[[[-3.521337,50.411911],[-3.4932,50.412275],[-3.493765,50.430256],[-3.521914,50.429891],[-3.521337,50.411911]]]}},{"type":"Feature","properties":{"sp":"baskingshark","n":1,"res":2000},"geometry":{"type":"Polygon","coordinates":[[[-3.491506,50.358335],[-3.4634,50.358692],[-3.463953,50.376672],[-3.49207,50.376315],[-3.491506,50.358335]]]}},{"type":"Feature","properties":{"sp":"baskingshark","n":1,"res":2000},"geometry":{"type":"Polygon","coordinates":[[[-3.435836,50.377023],[-3.407718,50.377367],[-3.40825,50.395348],[-3.436379,50.395004],[-3.435836,50.377023]]]}},{"type":"Feature","properties":{"sp":"baskingshark","n":1,"res":2000},"geometry":{"type":"Polygon","coordinates":[[[-3.436923,50.412984],[-3.408784,50.413329],[-3.409317,50.431309],[-3.437467,50.430965],[-3.436923,50.412984]]]}},{"type":"Feature","properties":{"sp":"baskingshark","n":1,"res":2000},"geometry":{"type":"Polygon","coordinates":[[[-3.550061,50.429519],[-3.521914,50.429891],[-3.522491,50.447871],[-3.550649,50.447499],[-3.550061,50.429519]]]}},{"type":"Feature","properties":{"sp":"baskingshark","n":1,"res":2000},"geometry":{"type":"Polygon","coordinates":[[[-3.523068,50.46585],[-3.494898,50.466216],[-3.495466,50.484196],[-3.523646,50.48383],[-3.523068,50.46585]]]}},{"type":"Feature","properties":{"sp":"baskingshark","n":1,"res":2000},"geometry":{"type":"Polygon","coordinates":[[[-3.493765,50.430256],[-3.465617,50.430614],[-3.466172,50.448594],[-3.494332,50.448236],[-3.493765,50.430256]]]}},{"type":"Feature","properties":{"sp":"baskingshark","n":1,"res":2000},"geometry":{"type":"Polygon","coordinates":[[[-3.496034,50.502176],[-3.467842,50.502535],[-3.4684,50.520515],[-3.496602,50.520155],[-3.496034,50.502176]]]}},{"type":"Feature","properties":{"sp":"baskingshark","n":1,"res":2000},"geometry":{"type":"Polygon","coordinates":[[[-3.439104,50.484906],[-3.410922,50.485252],[-3.411458,50.503232],[-3.43965,50.502887],[-3.439104,50.484906]]]}},{"type":"Feature","properties":{"sp":"baskingshark","n":1,"res":2000},"geometry":{"type":"Polygon","coordinates":[[[-3.524804,50.519789],[-3.496602,50.520155],[-3.497171,50.538135],[-3.525384,50.537769],[-3.524804,50.519789]]]}},{"type":"Feature","properties":{"sp":"baskingshark","n":1,"res":2000},"geometry":{"type":"Polygon","coordinates":[[[-3.525384,50.537769],[-3.497171,50.538135],[-3.497741,50.556115],[-3.525964,50.555748],[-3.525384,50.537769]]]}},{"type":"Feature","properties":{"sp":"baskingshark","n":1,"res":2000},"geometry":{"type":"Polygon","coordinates":[[[-3.497171,50.538135],[-3.468958,50.538495],[-3.469517,50.556475],[-3.497741,50.556115],[-3.497171,50.538135]]]}},{"type":"Feature","properties":{"sp":"baskingshark","n":1,"res":2000},"geometry":{"type":"Polygon","coordinates":[[[-3.470077,50.574455],[-3.441842,50.574808],[-3.442391,50.592788],[-3.470637,50.592434],[-3.470077,50.574455]]]}},{"type":"Feature","properties":{"sp":"baskingshark","n":1,"res":2000},"geometry":{"type":"Polygon","coordinates":[[[-3.285542,50.019026],[-3.257632,50.019332],[-3.258102,50.037315],[-3.286023,50.037009],[-3.285542,50.019026]]]}},{"type":"Feature","properties":{"sp":"baskingshark","n":1,"res":2000},"geometry":{"type":"Polygon","coordinates":[[[-3.401895,50.179573],[-3.373892,50.179907],[-3.374409,50.197889],[-3.402421,50.197554],[-3.401895,50.179573]]]}},{"type":"Feature","properties":{"sp":"baskingshark","n":1,"res":2000},"geometry":{"type":"Polygon","coordinates":[[[-3.406654,50.341405],[-3.378557,50.341741],[-3.379078,50.359723],[-3.407186,50.359386],[-3.406654,50.341405]]]}},{"type":"Feature","properties":{"sp":"baskingshark","n":1,"res":2000},"geometry":{"type":"Polygon","coordinates":[[[-3.295731,50.396656],[-3.267599,50.396966],[-3.268079,50.414948],[-3.296221,50.414638],[-3.295731,50.396656]]]}},{"type":"Feature","properties":{"sp":"baskingshark","n":1,"res":2000},"geometry":{"type":"Polygon","coordinates":[[[-3.413606,50.575154],[-3.38537,50.575493],[-3.385898,50.593474],[-3.414145,50.593134],[-3.413606,50.575154]]]}},{"type":"Feature","properties":{"sp":"baskingshark","n":1,"res":2000},"geometry":{"type":"Polygon","coordinates":[[[-3.385898,50.593474],[-3.357651,50.593806],[-3.358169,50.611787],[-3.386427,50.611454],[-3.385898,50.593474]]]}},{"type":"Feature","properties":{"sp":"baskingshark","n":1,"res":2000},"geometry":{"type":"Polygon","coordinates":[[[-3.32991,50.612113],[-3.301651,50.612433],[-3.302147,50.630414],[-3.330417,50.630094],[-3.32991,50.612113]]]}},{"type":"Feature","properties":{"sp":"baskingshark","n":1,"res":2000},"geometry":{"type":"Polygon","coordinates":[[[-3.202259,50.037907],[-3.174337,50.038193],[-3.174776,50.056177],[-3.202709,50.055891],[-3.202259,50.037907]]]}},{"type":"Feature","properties":{"sp":"baskingshark","n":1,"res":2000},"geometry":{"type":"Polygon","coordinates":[[[-3.202709,50.055891],[-3.174776,50.056177],[-3.175216,50.074161],[-3.203159,50.073874],[-3.202709,50.055891]]]}},{"type":"Feature","properties":{"sp":"baskingshark","n":1,"res":2000},"geometry":{"type":"Polygon","coordinates":[[[-3.176978,50.146094],[-3.148993,50.146375],[-3.149424,50.164358],[-3.17742,50.164078],[-3.176978,50.146094]]]}},{"type":"Feature","properties":{"sp":"baskingshark","n":1,"res":2000},"geometry":{"type":"Polygon","coordinates":[[[-3.148132,50.110408],[-3.120167,50.110681],[-3.120587,50.128665],[-3.148562,50.128391],[-3.148132,50.110408]]]}},{"type":"Feature","properties":{"sp":"baskingshark","n":1,"res":2000},"geometry":{"type":"Polygon","coordinates":[[[-3.206321,50.199756],[-3.178305,50.200044],[-3.178748,50.218027],[-3.206774,50.217739],[-3.206321,50.199756]]]}},{"type":"Feature","properties":{"sp":"baskingshark","n":1,"res":2000},"geometry":{"type":"Polygon","coordinates":[[[-3.178748,50.218027],[-3.15072,50.218308],[-3.151153,50.236292],[-3.179191,50.23601],[-3.178748,50.218027]]]}},{"type":"Feature","properties":{"sp":"baskingshark","n":1,"res":2000},"geometry":{"type":"Polygon","coordinates":[[[-3.264253,50.271091],[-3.236196,50.271393],[-3.236662,50.289375],[-3.26473,50.289073],[-3.264253,50.271091]]]}},{"type":"Feature","properties":{"sp":"baskingshark","n":1,"res":2000},"geometry":{"type":"Polygon","coordinates":[[[-3.265684,50.325038],[-3.237595,50.32534],[-3.238063,50.343322],[-3.266162,50.34302],[-3.265684,50.325038]]]}},{"type":"Feature","properties":{"sp":"baskingshark","n":1,"res":2000},"geometry":{"type":"Polygon","coordinates":[[[-3.152021,50.272258],[-3.123961,50.272533],[-3.124385,50.290516],[-3.152455,50.290241],[-3.152021,50.272258]]]}},{"type":"Feature","properties":{"sp":"baskingshark","n":1,"res":2000},"geometry":{"type":"Polygon","coordinates":[[[-3.246082,50.649013],[-3.217799,50.649312],[-3.218265,50.667294],[-3.246558,50.666994],[-3.246082,50.649013]]]}},{"type":"Feature","properties":{"sp":"baskingshark","n":1,"res":2000},"geometry":{"type":"Polygon","coordinates":[[[-3.246558,50.666994],[-3.218265,50.667294],[-3.21873,50.685275],[-3.247034,50.684976],[-3.246558,50.666994]]]}},{"type":"Feature","properties":{"sp":"baskingshark","n":1,"res":2000},"geometry":{"type":"Polygon","coordinates":[[[-3.217799,50.649312],[-3.189517,50.649604],[-3.189971,50.667586],[-3.218265,50.667294],[-3.217799,50.649312]]]}},{"type":"Feature","properties":{"sp":"baskingshark","n":1,"res":2000},"geometry":{"type":"Polygon","coordinates":[[[-3.089754,50.003042],[-3.061851,50.003301],[-3.062248,50.021286],[-3.090161,50.021027],[-3.089754,50.003042]]]}},{"type":"Feature","properties":{"sp":"baskingshark","n":1,"res":2000},"geometry":{"type":"Polygon","coordinates":[[[-3.005669,49.985814],[-2.977775,49.986052],[-2.97814,50.004037],[-3.006044,50.003799],[-3.005669,49.985814]]]}},{"type":"Feature","properties":{"sp":"baskingshark","n":1,"res":2000},"geometry":{"type":"Polygon","coordinates":[[[-3.065434,50.165159],[-3.037437,50.165413],[-3.037827,50.183397],[-3.065834,50.183143],[-3.065434,50.165159]]]}},{"type":"Feature","properties":{"sp":"baskingshark","n":1,"res":2000},"geometry":{"type":"Polygon","coordinates":[[[-3.013248,50.345499],[-2.985144,50.345741],[-2.985516,50.363725],[-3.013631,50.363483],[-3.013248,50.345499]]]}},{"type":"Feature","properties":{"sp":"baskingshark","n":1,"res":2000},"geometry":{"type":"Polygon","coordinates":[[[-2.934953,50.651926],[-2.906666,50.652149],[-2.907013,50.670132],[-2.93531,50.669909],[-2.934953,50.651926]]]}},{"type":"Feature","properties":{"sp":"baskingshark","n":1,"res":2000},"geometry":{"type":"Polygon","coordinates":[[[-2.840498,50.113043],[-2.81253,50.113242],[-2.812834,50.131227],[-2.840814,50.131028],[-2.840498,50.113043]]]}},{"type":"Feature","properties":{"sp":"baskingshark","n":1,"res":2000},"geometry":{"type":"Polygon","coordinates":[[[-2.817441,50.401001],[-2.789303,50.401196],[-2.789602,50.41918],[-2.81775,50.418986],[-2.817441,50.401001]]]}},{"type":"Feature","properties":{"sp":"baskingshark","n":1,"res":2000},"geometry":{"type":"Polygon","coordinates":[[[-2.791703,50.545071],[-2.763479,50.545259],[-2.76377,50.563244],[-2.792004,50.563055],[-2.791703,50.545071]]]}},{"type":"Feature","properties":{"sp":"baskingshark","n":1,"res":2000},"geometry":{"type":"Polygon","coordinates":[[[-2.616278,50.078475],[-2.588328,50.07862],[-2.588549,50.096606],[-2.616509,50.096461],[-2.616278,50.078475]]]}},{"type":"Feature","properties":{"sp":"baskingshark","n":1,"res":2000},"geometry":{"type":"Polygon","coordinates":[[[-2.593904,50.528262],[-2.565689,50.528403],[-2.565904,50.546388],[-2.59413,50.546247],[-2.593904,50.528262]]]}},{"type":"Feature","properties":{"sp":"baskingshark","n":1,"res":2000},"geometry":{"type":"Polygon","coordinates":[[[-2.651822,50.635868],[-2.623543,50.636023],[-2.623781,50.654007],[-2.652071,50.653852],[-2.651822,50.635868]]]}},{"type":"Feature","properties":{"sp":"baskingshark","n":1,"res":2000},"geometry":{"type":"Polygon","coordinates":[[[-2.623543,50.636023],[-2.595263,50.636171],[-2.595491,50.654155],[-2.623781,50.654007],[-2.623543,50.636023]]]}},{"type":"Feature","properties":{"sp":"baskingshark","n":1,"res":2000},"geometry":{"type":"Polygon","coordinates":[[[-2.474751,49.899263],[-2.446904,49.899374],[-2.44707,49.917361],[-2.474928,49.91725],[-2.474751,49.899263]]]}},{"type":"Feature","properties":{"sp":"baskingshark","n":1,"res":2000},"geometry":{"type":"Polygon","coordinates":[[[-2.448407,50.061258],[-2.420466,50.061362],[-2.420624,50.079349],[-2.448575,50.079244],[-2.448407,50.061258]]]}},{"type":"Feature","properties":{"sp":"baskingshark","n":1,"res":2000},"geometry":{"type":"Polygon","coordinates":[[[-2.506184,50.240892],[-2.478139,50.241011],[-2.478319,50.258997],[-2.506375,50.258878],[-2.506184,50.240892]]]}},{"type":"Feature","properties":{"sp":"baskingshark","n":1,"res":2000},"geometry":{"type":"Polygon","coordinates":[[[-2.451284,50.367026],[-2.423164,50.367132],[-2.423324,50.385117],[-2.451455,50.385012],[-2.451284,50.367026]]]}},{"type":"Feature","properties":{"sp":"baskingshark","n":1,"res":2000},"geometry":{"type":"Polygon","coordinates":[[[-2.565044,50.474447],[-2.536861,50.474581],[-2.537065,50.492566],[-2.565259,50.492432],[-2.565044,50.474447]]]}},{"type":"Feature","properties":{"sp":"baskingshark","n":1,"res":2000},"geometry":{"type":"Polygon","coordinates":[[[-2.48086,50.510798],[-2.452655,50.510911],[-2.452827,50.528896],[-2.481043,50.528783],[-2.48086,50.510798]]]}},{"type":"Feature","properties":{"sp":"baskingshark","n":1,"res":2000},"geometry":{"type":"Polygon","coordinates":[[[-2.452483,50.492926],[-2.424288,50.493032],[-2.42445,50.511017],[-2.452655,50.510911],[-2.452483,50.492926]]]}},{"type":"Feature","properties":{"sp":"baskingshark","n":1,"res":2000},"geometry":{"type":"Polygon","coordinates":[[[-2.566551,50.600342],[-2.538293,50.600476],[-2.538498,50.618461],[-2.566767,50.618327],[-2.566551,50.600342]]]}},{"type":"Feature","properties":{"sp":"baskingshark","n":1,"res":2000},"geometry":{"type":"Polygon","coordinates":[[[-2.481043,50.528783],[-2.452827,50.528896],[-2.452999,50.546882],[-2.481226,50.546768],[-2.481043,50.528783]]]}},{"type":"Feature","properties":{"sp":"baskingshark","n":1,"res":2000},"geometry":{"type":"Polygon","coordinates":[[[-2.481409,50.564754],[-2.453172,50.564867],[-2.453344,50.582852],[-2.481592,50.582739],[-2.481409,50.564754]]]}},{"type":"Feature","properties":{"sp":"baskingshark","n":1,"res":2000},"geometry":{"type":"Polygon","coordinates":[[[-2.452999,50.546882],[-2.424773,50.546988],[-2.424934,50.564974],[-2.453172,50.564867],[-2.452999,50.546882]]]}},{"type":"Feature","properties":{"sp":"baskingshark","n":1,"res":2000},"geometry":{"type":"Polygon","coordinates":[[[-2.453517,50.600837],[-2.425258,50.600944],[-2.425421,50.618929],[-2.45369,50.618823],[-2.453517,50.600837]]]}},{"type":"Feature","properties":{"sp":"baskingshark","n":1,"res":2000},"geometry":{"type":"Polygon","coordinates":[[[-2.419525,49.95344],[-2.391647,49.953537],[-2.391793,49.971525],[-2.419682,49.971427],[-2.419525,49.95344]]]}},{"type":"Feature","properties":{"sp":"baskingshark","n":1,"res":2000},"geometry":{"type":"Polygon","coordinates":[[[-2.42173,50.205256],[-2.393705,50.205354],[-2.393853,50.223341],[-2.421889,50.223242],[-2.42173,50.205256]]]}},{"type":"Feature","properties":{"sp":"baskingshark","n":1,"res":2000},"geometry":{"type":"Polygon","coordinates":[[[-2.393557,50.187368],[-2.365543,50.187459],[-2.36568,50.205446],[-2.393705,50.205354],[-2.393557,50.187368]]]}},{"type":"Feature","properties":{"sp":"baskingshark","n":1,"res":2000},"geometry":{"type":"Polygon","coordinates":[[[-2.393705,50.205354],[-2.36568,50.205446],[-2.365818,50.223432],[-2.393853,50.223341],[-2.393705,50.205354]]]}},{"type":"Feature","properties":{"sp":"baskingshark","n":1,"res":2000},"geometry":{"type":"Polygon","coordinates":[[[-2.395343,50.403202],[-2.367202,50.403295],[-2.367341,50.421281],[-2.395493,50.421188],[-2.395343,50.403202]]]}},{"type":"Feature","properties":{"sp":"baskingshark","n":1,"res":2000},"geometry":{"type":"Polygon","coordinates":[[[-2.424773,50.546988],[-2.396546,50.547088],[-2.396697,50.565073],[-2.424934,50.564974],[-2.424773,50.546988]]]}},{"type":"Feature","properties":{"sp":"baskingshark","n":1,"res":2000},"geometry":{"type":"Polygon","coordinates":[[[-2.34061,50.619208],[-2.31234,50.619288],[-2.312459,50.637273],[-2.340741,50.637194],[-2.34061,50.619208]]]}},{"type":"Feature","properties":{"sp":"baskingshark","n":1,"res":2000},"geometry":{"type":"Polygon","coordinates":[[[-2.22429,49.935994],[-2.196421,49.936045],[-2.196494,49.954032],[-2.224374,49.953982],[-2.22429,49.935994]]]}},{"type":"Feature","properties":{"sp":"baskingshark","n":1,"res":2000},"geometry":{"type":"Polygon","coordinates":[[[-2.280341,49.989835],[-2.252441,49.9899],[-2.252535,50.007887],[-2.280446,50.007823],[-2.280341,49.989835]]]}},{"type":"Feature","properties":{"sp":"baskingshark","n":1,"res":2000},"geometry":{"type":"Polygon","coordinates":[[[-2.252535,50.007887],[-2.224625,50.007944],[-2.224709,50.025932],[-2.25263,50.025874],[-2.252535,50.007887]]]}},{"type":"Feature","properties":{"sp":"baskingshark","n":1,"res":2000},"geometry":{"type":"Polygon","coordinates":[[[-2.196862,50.04397],[-2.168931,50.044014],[-2.168994,50.062001],[-2.196936,50.061957],[-2.196862,50.04397]]]}},{"type":"Feature","properties":{"sp":"baskingshark","n":1,"res":2000},"geometry":{"type":"Polygon","coordinates":[[[-2.169184,50.115963],[-2.141211,50.116],[-2.141264,50.133988],[-2.169247,50.13395],[-2.169184,50.115963]]]}},{"type":"Feature","properties":{"sp":"baskingshark","n":1,"res":2000},"geometry":{"type":"Polygon","coordinates":[[[-2.253579,50.205745],[-2.225554,50.205803],[-2.225638,50.223789],[-2.253675,50.223731],[-2.253579,50.205745]]]}},{"type":"Feature","properties":{"sp":"baskingshark","n":1,"res":2000},"geometry":{"type":"Polygon","coordinates":[[[-2.253675,50.223731],[-2.225638,50.223789],[-2.225723,50.241776],[-2.25377,50.241718],[-2.253675,50.223731]]]}},{"type":"Feature","properties":{"sp":"baskingshark","n":1,"res":2000},"geometry":{"type":"Polygon","coordinates":[[[-2.255215,50.511512],[-2.227009,50.51157],[-2.227095,50.529556],[-2.255312,50.529497],[-2.255215,50.511512]]]}},{"type":"Feature","properties":{"sp":"baskingshark","n":1,"res":2000},"geometry":{"type":"Polygon","coordinates":[[[-2.057076,49.936197],[-2.029207,49.936208],[-2.029218,49.954196],[-2.057097,49.954185],[-2.057076,49.936197]]]}},{"type":"Feature","properties":{"sp":"baskingshark","n":1,"res":2000},"geometry":{"type":"Polygon","coordinates":[[[-2.057792,50.529763],[-2.029575,50.529774],[-2.029586,50.54776],[-2.057814,50.547749],[-2.057792,50.529763]]]}},{"type":"Feature","properties":{"sp":"baskingshark","n":1,"res":2000},"geometry":{"type":"Polygon","coordinates":[[[-2.029586,50.54776],[-2.001358,50.547764],[-2.001359,50.56575],[-2.029598,50.565746],[-2.029586,50.54776]]]}},{"type":"Feature","properties":{"sp":"baskingshark","n":1,"res":2000},"geometry":{"type":"Polygon","coordinates":[[[-1.97338,50.098096],[-1.945417,50.098087],[-1.945397,50.116074],[-1.97337,50.116084],[-1.97338,50.098096]]]}},{"type":"Feature","properties":{"sp":"baskingshark","n":1,"res":2000},"geometry":{"type":"Polygon","coordinates":[[[-1.916957,50.385859],[-1.888826,50.385836],[-1.888784,50.403822],[-1.916926,50.403846],[-1.916957,50.385859]]]}},{"type":"Feature","properties":{"sp":"baskingshark","n":1,"res":2000},"geometry":{"type":"Polygon","coordinates":[[[-1.973171,50.475817],[-1.944986,50.475807],[-1.944965,50.493793],[-1.973161,50.493803],[-1.973171,50.475817]]]}},{"type":"Feature","properties":{"sp":"baskingshark","n":1,"res":2000},"geometry":{"type":"Polygon","coordinates":[[[-2.00136,50.583735],[-1.97311,50.583732],[-1.9731,50.601718],[-2.00136,50.601721],[-2.00136,50.583735]]]}},{"type":"Feature","properties":{"sp":"baskingshark","n":1,"res":2000},"geometry":{"type":"Polygon","coordinates":[[[-1.94484,50.601708],[-1.916579,50.601692],[-1.916548,50.619677],[-1.944819,50.619694],[-1.94484,50.601708]]]}},{"type":"Feature","properties":{"sp":"baskingshark","n":1,"res":2000},"geometry":{"type":"Polygon","coordinates":[[[-1.944819,50.619694],[-1.916548,50.619677],[-1.916516,50.637663],[-1.944798,50.63768],[-1.944819,50.619694]]]}},{"type":"Feature","properties":{"sp":"baskingshark","n":1,"res":2000},"geometry":{"type":"Polygon","coordinates":[[[-1.916421,50.691619],[-1.888106,50.691596],[-1.888064,50.709581],[-1.916389,50.709605],[-1.916421,50.691619]]]}},{"type":"Feature","properties":{"sp":"baskingshark","n":1,"res":2000},"geometry":{"type":"Polygon","coordinates":[[[-1.805312,50.169885],[-1.777307,50.169835],[-1.777224,50.187822],[-1.805239,50.187872],[-1.805312,50.169885]]]}},{"type":"Feature","properties":{"sp":"baskingshark","n":1,"res":2000},"geometry":{"type":"Polygon","coordinates":[[[-1.746633,50.673389],[-1.71833,50.673324],[-1.718222,50.691309],[-1.746536,50.691374],[-1.746633,50.673389]]]}},{"type":"Feature","properties":{"sp":"baskingshark","n":1,"res":2000},"geometry":{"type":"Polygon","coordinates":[[[-1.662111,50.619218],[-1.633841,50.619132],[-1.633701,50.637118],[-1.661982,50.637203],[-1.662111,50.619218]]]}},{"type":"Feature","properties":{"sp":"baskingshark","n":1,"res":2000},"geometry":{"type":"Polygon","coordinates":[[[-1.633282,50.691073],[-1.604968,50.690981],[-1.604817,50.708966],[-1.633142,50.709058],[-1.633282,50.691073]]]}},{"type":"Feature","properties":{"sp":"baskingshark","n":1,"res":2000},"geometry":{"type":"Polygon","coordinates":[[[-1.60527,50.655011],[-1.576979,50.654911],[-1.576817,50.672896],[-1.605119,50.672996],[-1.60527,50.655011]]]}},{"type":"Feature","properties":{"sp":"baskingshark","n":1,"res":2000},"geometry":{"type":"Polygon","coordinates":[[[-1.54817,50.70876],[-1.519846,50.708647],[-1.519662,50.726632],[-1.547997,50.726745],[-1.54817,50.70876]]]}},{"type":"Feature","properties":{"sp":"baskingshark","n":1,"res":2000},"geometry":{"type":"Polygon","coordinates":[[[-1.519846,50.708647],[-1.491523,50.708527],[-1.491328,50.726511],[-1.519662,50.726632],[-1.519846,50.708647]]]}},{"type":"Feature","properties":{"sp":"baskingshark","n":1,"res":2000},"geometry":{"type":"Polygon","coordinates":[[[-1.380125,50.564102],[-1.351889,50.563948],[-1.351643,50.581933],[-1.37989,50.582086],[-1.380125,50.564102]]]}},{"type":"Feature","properties":{"sp":"baskingshark","n":1,"res":2000},"geometry":{"type":"Polygon","coordinates":[[[-1.211912,50.49114],[-1.183721,50.490946],[-1.183411,50.50893],[-1.211613,50.509124],[-1.211912,50.49114]]]}},{"type":"Feature","properties":{"sp":"baskingshark","n":1,"res":2000},"geometry":{"type":"Polygon","coordinates":[[[-1.295418,50.56362],[-1.267183,50.563446],[-1.266904,50.58143],[-1.29515,50.581605],[-1.295418,50.56362]]]}},{"type":"Feature","properties":{"sp":"baskingshark","n":1,"res":2000},"geometry":{"type":"Polygon","coordinates":[[[-1.267183,50.563446],[-1.238948,50.563265],[-1.238658,50.581249],[-1.266904,50.58143],[-1.267183,50.563446]]]}},{"type":"Feature","properties":{"sp":"baskingshark","n":1,"res":2000},"geometry":{"type":"Polygon","coordinates":[[[-1.181856,50.59885],[-1.153601,50.598648],[-1.153278,50.616632],[-1.181545,50.616834],[-1.181856,50.59885]]]}},{"type":"Feature","properties":{"sp":"baskingshark","n":1,"res":2000},"geometry":{"type":"Polygon","coordinates":[[[-1.178724,50.778686],[-1.15036,50.778483],[-1.150034,50.796466],[-1.178408,50.796669],[-1.178724,50.778686]]]}},{"type":"Feature","properties":{"sp":"baskingshark","n":1,"res":2000},"geometry":{"type":"Polygon","coordinates":[[[-1.153601,50.598648],[-1.125346,50.59844],[-1.125012,50.616423],[-1.153278,50.616632],[-1.153601,50.598648]]]}},{"type":"Feature","properties":{"sp":"baskingshark","n":1,"res":2000},"geometry":{"type":"Polygon","coordinates":[[[-1.097778,50.562257],[-1.069545,50.562035],[-1.069191,50.580019],[-1.097435,50.580241],[-1.097778,50.562257]]]}},{"type":"Feature","properties":{"sp":"baskingshark","n":1,"res":2000},"geometry":{"type":"Polygon","coordinates":[[[-0.72495,50.774609],[-0.696593,50.774296],[-0.696093,50.792276],[-0.724461,50.79259],[-0.72495,50.774609]]]}},{"type":"Feature","properties":{"sp":"baskingshark","n":1,"res":2000},"geometry":{"type":"Polygon","coordinates":[[[-0.582627,50.790953],[-0.554261,50.790605],[-0.553706,50.808584],[-0.582083,50.808933],[-0.582627,50.790953]]]}},{"type":"Feature","properties":{"sp":"baskingshark","n":1,"res":2000},"geometry":{"type":"Polygon","coordinates":[[[-0.184872,50.803429],[-0.156505,50.802984],[-0.155797,50.820959],[-0.184176,50.821405],[-0.184872,50.803429]]]}},{"type":"Feature","properties":{"sp":"baskingshark","n":1,"res":2000},"geometry":{"type":"Polygon","coordinates":[[[-0.502124,50.646055],[-0.473848,50.645688],[-0.473265,50.663667],[-0.501553,50.664034],[-0.502124,50.646055]]]}},{"type":"Feature","properties":{"sp":"baskingshark","n":1,"res":2000},"geometry":{"type":"Polygon","coordinates":[[[-0.300449,49.95974],[-0.272579,49.959328],[-0.271936,49.977308],[-0.299816,49.97772],[-0.300449,49.95974]]]}},{"type":"Feature","properties":{"sp":"bluefin","n":516,"res":10000},"geometry":{"type":"Polygon","coordinates":[[[-5.631296,50.023265],[-5.491963,50.027547],[-5.498496,50.117316],[-5.638089,50.113021],[-5.631296,50.023265]]]}},{"type":"Feature","properties":{"sp":"bluefin","n":234,"res":10000},"geometry":{"type":"Polygon","coordinates":[[[-5.624537,49.933507],[-5.485462,49.937775],[-5.491963,50.027547],[-5.631296,50.023265],[-5.624537,49.933507]]]}},{"type":"Feature","properties":{"sp":"bluefin","n":168,"res":10000},"geometry":{"type":"Polygon","coordinates":[[[-5.505063,50.207083],[-5.365176,50.211224],[-5.371514,50.301002],[-5.511663,50.296848],[-5.505063,50.207083]]]}},{"type":"Feature","properties":{"sp":"bluefin","n":118,"res":10000},"geometry":{"type":"Polygon","coordinates":[[[-5.770596,50.018816],[-5.631296,50.023265],[-5.638089,50.113021],[-5.777648,50.108558],[-5.770596,50.018816]]]}},{"type":"Feature","properties":{"sp":"bluefin","n":57,"res":10000},"geometry":{"type":"Polygon","coordinates":[[[-5.491963,50.027547],[-5.352596,50.031661],[-5.35887,50.121444],[-5.498496,50.117316],[-5.491963,50.027547]]]}},{"type":"Feature","properties":{"sp":"bluefin","n":53,"res":10000},"geometry":{"type":"Polygon","coordinates":[[[-5.07377,50.039389],[-4.934312,50.043003],[-4.939807,50.132821],[-5.079524,50.129196],[-5.07377,50.039389]]]}},{"type":"Feature","properties":{"sp":"bluefin","n":49,"res":10000},"geometry":{"type":"Polygon","coordinates":[[[-5.207214,49.945812],[-5.068044,49.949581],[-5.07377,50.039389],[-5.213198,50.035609],[-5.207214,49.945812]]]}},{"type":"Feature","properties":{"sp":"bluefin","n":48,"res":10000},"geometry":{"type":"Polygon","coordinates":[[[-5.079524,50.129196],[-4.939807,50.132821],[-4.945329,50.222637],[-5.085308,50.219001],[-5.079524,50.129196]]]}},{"type":"Feature","properties":{"sp":"bluefin","n":43,"res":10000},"geometry":{"type":"Polygon","coordinates":[[[-5.763579,49.929072],[-5.624537,49.933507],[-5.631296,50.023265],[-5.770596,50.018816],[-5.763579,49.929072]]]}},{"type":"Feature","properties":{"sp":"bluefin","n":31,"res":10000},"geometry":{"type":"Polygon","coordinates":[[[-4.967699,50.581884],[-4.826633,50.585396],[-4.832028,50.675215],[-4.973363,50.671692],[-4.967699,50.581884]]]}},{"type":"Feature","properties":{"sp":"bluefin","n":27,"res":10000},"geometry":{"type":"Polygon","coordinates":[[[-5.777648,50.108558],[-5.638089,50.113021],[-5.644916,50.202774],[-5.784735,50.198297],[-5.777648,50.108558]]]}},{"type":"Feature","properties":{"sp":"bluefin","n":23,"res":10000},"geometry":{"type":"Polygon","coordinates":[[[-5.371514,50.301002],[-5.231332,50.304988],[-5.237439,50.394777],[-5.377884,50.390779],[-5.371514,50.301002]]]}},{"type":"Feature","properties":{"sp":"bluefin","n":23,"res":10000},"geometry":{"type":"Polygon","coordinates":[[[-4.939807,50.132821],[-4.800062,50.136277],[-4.805322,50.226105],[-4.945329,50.222637],[-4.939807,50.132821]]]}},{"type":"Feature","properties":{"sp":"bluefin","n":18,"res":10000},"geometry":{"type":"Polygon","coordinates":[[[-5.485462,49.937775],[-5.346354,49.941877],[-5.352596,50.031661],[-5.491963,50.027547],[-5.485462,49.937775]]]}},{"type":"Feature","properties":{"sp":"bluefin","n":14,"res":10000},"geometry":{"type":"Polygon","coordinates":[[[-4.245041,50.238289],[-4.104914,50.240913],[-4.108884,50.330785],[-4.249275,50.328153],[-4.245041,50.238289]]]}},{"type":"Feature","properties":{"sp":"bluefin","n":9,"res":10000},"geometry":{"type":"Polygon","coordinates":[[[-5.108737,50.578202],[-4.967699,50.581884],[-4.973363,50.671692],[-5.114669,50.667997],[-5.108737,50.578202]]]}},{"type":"Feature","properties":{"sp":"bluefin","n":9,"res":10000},"geometry":{"type":"Polygon","coordinates":[[[-4.928846,49.953182],[-4.78962,49.956617],[-4.794828,50.046448],[-4.934312,50.043003],[-4.928846,49.953182]]]}},{"type":"Feature","properties":{"sp":"bluefin","n":8,"res":10000},"geometry":{"type":"Polygon","coordinates":[[[-6.041556,49.919704],[-5.902586,49.924471],[-5.90986,50.0142],[-6.049087,50.009418],[-6.041556,49.919704]]]}},{"type":"Feature","properties":{"sp":"bluefin","n":8,"res":10000},"geometry":{"type":"Polygon","coordinates":[[[-5.346354,49.941877],[-5.207214,49.945812],[-5.213198,50.035609],[-5.352596,50.031661],[-5.346354,49.941877]]]}},{"type":"Feature","properties":{"sp":"bluefin","n":8,"res":10000},"geometry":{"type":"Polygon","coordinates":[[[-5.068044,49.949581],[-4.928846,49.953182],[-4.934312,50.043003],[-5.07377,50.039389],[-5.068044,49.949581]]]}},{"type":"Feature","properties":{"sp":"bluefin","n":8,"res":10000},"geometry":{"type":"Polygon","coordinates":[[[-4.805322,50.226105],[-4.665289,50.229404],[-4.670313,50.31924],[-4.810609,50.31593],[-4.805322,50.226105]]]}},{"type":"Feature","properties":{"sp":"bluefin","n":8,"res":10000},"geometry":{"type":"Polygon","coordinates":[[[-4.826633,50.585396],[-4.685539,50.588737],[-4.690666,50.678566],[-4.832028,50.675215],[-4.826633,50.585396]]]}},{"type":"Feature","properties":{"sp":"bluefin","n":8,"res":10000},"geometry":{"type":"Polygon","coordinates":[[[-4.665289,50.229404],[-4.52523,50.232534],[-4.52999,50.32238],[-4.670313,50.31924],[-4.665289,50.229404]]]}},{"type":"Feature","properties":{"sp":"bluefin","n":6,"res":10000},"geometry":{"type":"Polygon","coordinates":[[[-6.172739,49.825069],[-6.034062,49.829987],[-6.041556,49.919704],[-6.180488,49.91477],[-6.172739,49.825069]]]}},{"type":"Feature","properties":{"sp":"bluefin","n":6,"res":10000},"geometry":{"type":"Polygon","coordinates":[[[-6.180488,49.91477],[-6.041556,49.919704],[-6.049087,50.009418],[-6.188276,50.004469],[-6.180488,49.91477]]]}},{"type":"Feature","properties":{"sp":"bluefin","n":6,"res":10000},"geometry":{"type":"Polygon","coordinates":[[[-5.638089,50.113021],[-5.498496,50.117316],[-5.505063,50.207083],[-5.644916,50.202774],[-5.638089,50.113021]]]}},{"type":"Feature","properties":{"sp":"bluefin","n":6,"res":10000},"geometry":{"type":"Polygon","coordinates":[[[-4.800062,50.136277],[-4.66029,50.139566],[-4.665289,50.229404],[-4.805322,50.226105],[-4.800062,50.136277]]]}},{"type":"Feature","properties":{"sp":"bluefin","n":5,"res":10000},"geometry":{"type":"Polygon","coordinates":[[[-5.102835,50.488405],[-4.962064,50.492075],[-4.967699,50.581884],[-5.108737,50.578202],[-5.102835,50.488405]]]}},{"type":"Feature","properties":{"sp":"bluefin","n":4,"res":10000},"geometry":{"type":"Polygon","coordinates":[[[-6.034062,49.829987],[-5.895348,49.83474],[-5.902586,49.924471],[-6.041556,49.919704],[-6.034062,49.829987]]]}},{"type":"Feature","properties":{"sp":"bluefin","n":4,"res":10000},"geometry":{"type":"Polygon","coordinates":[[[-5.213198,50.035609],[-5.07377,50.039389],[-5.079524,50.129196],[-5.219212,50.125404],[-5.213198,50.035609]]]}},{"type":"Feature","properties":{"sp":"bluefin","n":4,"res":10000},"geometry":{"type":"Polygon","coordinates":[[[-4.934312,50.043003],[-4.794828,50.046448],[-4.800062,50.136277],[-4.939807,50.132821],[-4.934312,50.043003]]]}},{"type":"Feature","properties":{"sp":"bluefin","n":4,"res":10000},"geometry":{"type":"Polygon","coordinates":[[[-4.810609,50.31593],[-4.670313,50.31924],[-4.675362,50.409074],[-4.815923,50.405754],[-4.810609,50.31593]]]}},{"type":"Feature","properties":{"sp":"bluefin","n":3,"res":10000},"geometry":{"type":"Polygon","coordinates":[[[-5.902586,49.924471],[-5.763579,49.929072],[-5.770596,50.018816],[-5.90986,50.0142],[-5.902586,49.924471]]]}},{"type":"Feature","properties":{"sp":"bluefin","n":3,"res":10000},"geometry":{"type":"Polygon","coordinates":[[[-5.90986,50.0142],[-5.770596,50.018816],[-5.777648,50.108558],[-5.91717,50.103927],[-5.90986,50.0142]]]}},{"type":"Feature","properties":{"sp":"bluefin","n":3,"res":10000},"geometry":{"type":"Polygon","coordinates":[[[-5.498496,50.117316],[-5.35887,50.121444],[-5.365176,50.211224],[-5.505063,50.207083],[-5.498496,50.117316]]]}},{"type":"Feature","properties":{"sp":"bluefin","n":2,"res":10000},"geometry":{"type":"Polygon","coordinates":[[[-5.340142,49.852091],[-5.20126,49.856014],[-5.207214,49.945812],[-5.346354,49.941877],[-5.340142,49.852091]]]}},{"type":"Feature","properties":{"sp":"bluefin","n":2,"res":10000},"geometry":{"type":"Polygon","coordinates":[[[-5.365176,50.211224],[-5.225257,50.215197],[-5.231332,50.304988],[-5.371514,50.301002],[-5.365176,50.211224]]]}},{"type":"Feature","properties":{"sp":"bluefin","n":2,"res":10000},"geometry":{"type":"Polygon","coordinates":[[[-5.237439,50.394777],[-5.096963,50.398605],[-5.102835,50.488405],[-5.243576,50.484564],[-5.237439,50.394777]]]}},{"type":"Feature","properties":{"sp":"bluefin","n":2,"res":10000},"geometry":{"type":"Polygon","coordinates":[[[-4.962064,50.492075],[-4.821264,50.495576],[-4.826633,50.585396],[-4.967699,50.581884],[-4.962064,50.492075]]]}},{"type":"Feature","properties":{"sp":"bluefin","n":2,"res":10000},"geometry":{"type":"Polygon","coordinates":[[[-4.784439,49.866784],[-4.645444,49.870042],[-4.650368,49.959885],[-4.78962,49.956617],[-4.784439,49.866784]]]}},{"type":"Feature","properties":{"sp":"bluefin","n":2,"res":10000},"geometry":{"type":"Polygon","coordinates":[[[-4.52999,50.32238],[-4.389644,50.325351],[-4.394164,50.415205],[-4.534775,50.412224],[-4.52999,50.32238]]]}},{"type":"Feature","properties":{"sp":"bluefin","n":2,"res":10000},"geometry":{"type":"Polygon","coordinates":[[[-4.380672,50.145639],[-4.240829,50.148423],[-4.245041,50.238289],[-4.385147,50.235496],[-4.380672,50.145639]]]}},{"type":"Feature","properties":{"sp":"bluefin","n":2,"res":10000},"geometry":{"type":"Polygon","coordinates":[[[-4.104914,50.240913],[-3.964767,50.243368],[-3.968473,50.333248],[-4.108884,50.330785],[-4.104914,50.240913]]]}},{"type":"Feature","properties":{"sp":"bluefin","n":1,"res":10000},"geometry":{"type":"Polygon","coordinates":[[[-6.188276,50.004469],[-6.049087,50.009418],[-6.056656,50.09913],[-6.196104,50.094165],[-6.188276,50.004469]]]}},{"type":"Feature","properties":{"sp":"bluefin","n":1,"res":10000},"geometry":{"type":"Polygon","coordinates":[[[-5.617813,49.843747],[-5.478994,49.848002],[-5.485462,49.937775],[-5.624537,49.933507],[-5.617813,49.843747]]]}},{"type":"Feature","properties":{"sp":"bluefin","n":1,"res":10000},"geometry":{"type":"Polygon","coordinates":[[[-5.644916,50.202774],[-5.505063,50.207083],[-5.511663,50.296848],[-5.651778,50.292526],[-5.644916,50.202774]]]}},{"type":"Feature","properties":{"sp":"bluefin","n":1,"res":10000},"geometry":{"type":"Polygon","coordinates":[[[-5.651778,50.292526],[-5.511663,50.296848],[-5.518296,50.386612],[-5.658675,50.382275],[-5.651778,50.292526]]]}},{"type":"Feature","properties":{"sp":"bluefin","n":1,"res":10000},"geometry":{"type":"Polygon","coordinates":[[[-5.518296,50.386612],[-5.377884,50.390779],[-5.384286,50.480553],[-5.524963,50.476373],[-5.518296,50.386612]]]}},{"type":"Feature","properties":{"sp":"bluefin","n":1,"res":10000},"geometry":{"type":"Polygon","coordinates":[[[-5.352596,50.031661],[-5.213198,50.035609],[-5.219212,50.125404],[-5.35887,50.121444],[-5.352596,50.031661]]]}},{"type":"Feature","properties":{"sp":"bluefin","n":1,"res":10000},"geometry":{"type":"Polygon","coordinates":[[[-5.20126,49.856014],[-5.062348,49.85977],[-5.068044,49.949581],[-5.207214,49.945812],[-5.20126,49.856014]]]}},{"type":"Feature","properties":{"sp":"bluefin","n":1,"res":10000},"geometry":{"type":"Polygon","coordinates":[[[-5.231332,50.304988],[-5.09112,50.308804],[-5.096963,50.398605],[-5.237439,50.394777],[-5.231332,50.304988]]]}},{"type":"Feature","properties":{"sp":"bluefin","n":1,"res":10000},"geometry":{"type":"Polygon","coordinates":[[[-5.114669,50.667997],[-4.973363,50.671692],[-4.979056,50.761497],[-5.120632,50.757791],[-5.114669,50.667997]]]}},{"type":"Feature","properties":{"sp":"bluefin","n":1,"res":10000},"geometry":{"type":"Polygon","coordinates":[[[-4.78962,49.956617],[-4.650368,49.959885],[-4.655316,50.049726],[-4.794828,50.046448],[-4.78962,49.956617]]]}},{"type":"Feature","properties":{"sp":"bluefin","n":1,"res":10000},"geometry":{"type":"Polygon","coordinates":[[[-4.794828,50.046448],[-4.655316,50.049726],[-4.66029,50.139566],[-4.800062,50.136277],[-4.794828,50.046448]]]}},{"type":"Feature","properties":{"sp":"bluefin","n":1,"res":10000},"geometry":{"type":"Polygon","coordinates":[[[-4.650368,49.959885],[-4.511091,49.962986],[-4.51578,50.052837],[-4.655316,50.049726],[-4.650368,49.959885]]]}},{"type":"Feature","properties":{"sp":"bluefin","n":1,"res":10000},"geometry":{"type":"Polygon","coordinates":[[[-4.52523,50.232534],[-4.385147,50.235496],[-4.389644,50.325351],[-4.52999,50.32238],[-4.52523,50.232534]]]}},{"type":"Feature","properties":{"sp":"bluefin","n":1,"res":10000},"geometry":{"type":"Polygon","coordinates":[[[-4.389644,50.325351],[-4.249275,50.328153],[-4.25353,50.418015],[-4.394164,50.415205],[-4.389644,50.325351]]]}},{"type":"Feature","properties":{"sp":"bluefin","n":1,"res":10000},"geometry":{"type":"Polygon","coordinates":[[[-3.964767,50.243368],[-3.824601,50.245654],[-3.828043,50.335542],[-3.968473,50.333248],[-3.964767,50.243368]]]}},{"type":"Feature","properties":{"sp":"bluefin","n":1,"res":10000},"geometry":{"type":"Polygon","coordinates":[[[-1.437026,50.528418],[-1.295954,50.527651],[-1.294613,50.617573],[-1.435954,50.618343],[-1.437026,50.528418]]]}},{"type":"Feature","properties":{"sp":"seahorse","n":10,"res":10000},"geometry":{"type":"Polygon","coordinates":[[[-2.001361,50.619707],[-1.860006,50.619623],[-1.859739,50.70955],[-2.001364,50.709634],[-2.001361,50.619707]]]}},{"type":"Feature","properties":{"sp":"seahorse","n":6,"res":10000},"geometry":{"type":"Polygon","coordinates":[[[-5.079524,50.129196],[-4.939807,50.132821],[-4.945329,50.222637],[-5.085308,50.219001],[-5.079524,50.129196]]]}},{"type":"Feature","properties":{"sp":"seahorse","n":4,"res":10000},"geometry":{"type":"Polygon","coordinates":[[[-2.565689,50.528403],[-2.424611,50.529003],[-2.425421,50.618929],[-2.566767,50.618327],[-2.565689,50.528403]]]}},{"type":"Feature","properties":{"sp":"seahorse","n":3,"res":10000},"geometry":{"type":"Polygon","coordinates":[[[-4.810609,50.31593],[-4.670313,50.31924],[-4.675362,50.409074],[-4.815923,50.405754],[-4.810609,50.31593]]]}},{"type":"Feature","properties":{"sp":"seahorse","n":1,"res":10000},"geometry":{"type":"Polygon","coordinates":[[[-1.433793,50.798188],[-1.29191,50.797413],[-1.290548,50.887331],[-1.432704,50.888108],[-1.433793,50.798188]]]}},{"type":"Feature","properties":{"sp":"seahorse","n":1,"res":10000},"geometry":{"type":"Polygon","coordinates":[[[-1.008166,50.795347],[-0.866308,50.794055],[-0.864128,50.883962],[-1.006259,50.885258],[-1.008166,50.795347]]]}},{"type":"Feature","properties":{"sp":"seahorse","n":1,"res":10000},"geometry":{"type":"Polygon","coordinates":[[[-3.550061,50.429519],[-3.409317,50.431309],[-3.411994,50.521213],[-3.553005,50.519417],[-3.550061,50.429519]]]}},{"type":"Feature","properties":{"sp":"seahorse","n":1,"res":10000},"geometry":{"type":"Polygon","coordinates":[[[-2.001364,50.709634],[-1.859739,50.70955],[-1.85947,50.799476],[-2.001367,50.799561],[-2.001364,50.709634]]]}},{"type":"Feature","properties":{"sp":"seahorse","n":1,"res":10000},"geometry":{"type":"Polygon","coordinates":[[[-0.157212,50.785008],[-0.015442,50.782682],[-0.011627,50.872553],[-0.15367,50.874886],[-0.157212,50.785008]]]}},{"type":"Feature","properties":{"sp":"cuttlefish","n":43,"res":2000},"geometry":{"type":"Polygon","coordinates":[[[-3.523068,50.46585],[-3.494898,50.466216],[-3.495466,50.484196],[-3.523646,50.48383],[-3.523068,50.46585]]]}},{"type":"Feature","properties":{"sp":"cuttlefish","n":38,"res":2000},"geometry":{"type":"Polygon","coordinates":[[[-2.452999,50.546882],[-2.424773,50.546988],[-2.424934,50.564974],[-2.453172,50.564867],[-2.452999,50.546882]]]}},{"type":"Feature","properties":{"sp":"cuttlefish","n":24,"res":2000},"geometry":{"type":"Polygon","coordinates":[[[-4.165861,50.347726],[-4.137771,50.348246],[-4.138579,50.36622],[-4.166679,50.3657],[-4.165861,50.347726]]]}},{"type":"Feature","properties":{"sp":"cuttlefish","n":21,"res":2000},"geometry":{"type":"Polygon","coordinates":[[[-5.074918,50.057351],[-5.047019,50.058087],[-5.048158,50.076049],[-5.076068,50.075312],[-5.074918,50.057351]]]}},{"type":"Feature","properties":{"sp":"cuttlefish","n":17,"res":2000},"geometry":{"type":"Polygon","coordinates":[[[-0.783065,50.721272],[-0.754739,50.720973],[-0.754263,50.738954],[-0.782599,50.739253],[-0.783065,50.721272]]]}},{"type":"Feature","properties":{"sp":"cuttlefish","n":16,"res":2000},"geometry":{"type":"Polygon","coordinates":[[[-5.051583,50.129935],[-5.023641,50.130666],[-5.024774,50.148628],[-5.052727,50.147896],[-5.051583,50.129935]]]}},{"type":"Feature","properties":{"sp":"cuttlefish","n":16,"res":2000},"geometry":{"type":"Polygon","coordinates":[[[-1.9731,50.601718],[-1.94484,50.601708],[-1.944819,50.619694],[-1.97309,50.619704],[-1.9731,50.601718]]]}},{"type":"Feature","properties":{"sp":"cuttlefish","n":15,"res":2000},"geometry":{"type":"Polygon","coordinates":[[[-5.133056,50.091779],[-5.105138,50.09253],[-5.106301,50.11049],[-5.134229,50.109739],[-5.133056,50.091779]]]}},{"type":"Feature","properties":{"sp":"cuttlefish","n":14,"res":2000},"geometry":{"type":"Polygon","coordinates":[[[-5.052727,50.147896],[-5.024774,50.148628],[-5.025909,50.16659],[-5.053872,50.165858],[-5.052727,50.147896]]]}},{"type":"Feature","properties":{"sp":"cuttlefish","n":14,"res":2000},"geometry":{"type":"Polygon","coordinates":[[[-4.192294,50.311253],[-4.164226,50.311779],[-4.165043,50.329753],[-4.193121,50.329226],[-4.192294,50.311253]]]}},{"type":"Feature","properties":{"sp":"cuttlefish","n":14,"res":2000},"geometry":{"type":"Polygon","coordinates":[[[-3.520762,50.393931],[-3.492635,50.394295],[-3.4932,50.412275],[-3.521337,50.411911],[-3.520762,50.393931]]]}},{"type":"Feature","properties":{"sp":"cuttlefish","n":13,"res":2000},"geometry":{"type":"Polygon","coordinates":[[[-3.655134,50.212216],[-3.627116,50.212612],[-3.627728,50.230591],[-3.655756,50.230195],[-3.655134,50.212216]]]}},{"type":"Feature","properties":{"sp":"cuttlefish","n":12,"res":2000},"geometry":{"type":"Polygon","coordinates":[[[-4.136964,50.330272],[-4.108884,50.330785],[-4.109681,50.34876],[-4.137771,50.348246],[-4.136964,50.330272]]]}},{"type":"Feature","properties":{"sp":"cuttlefish","n":12,"res":2000},"geometry":{"type":"Polygon","coordinates":[[[-3.522491,50.447871],[-3.494332,50.448236],[-3.494898,50.466216],[-3.523068,50.46585],[-3.522491,50.447871]]]}},{"type":"Feature","properties":{"sp":"cuttlefish","n":11,"res":2000},"geometry":{"type":"Polygon","coordinates":[[[-3.494332,50.448236],[-3.466172,50.448594],[-3.466728,50.466574],[-3.494898,50.466216],[-3.494332,50.448236]]]}},{"type":"Feature","properties":{"sp":"cuttlefish","n":10,"res":2000},"geometry":{"type":"Polygon","coordinates":[[[-1.548342,50.690775],[-1.52003,50.690662],[-1.519846,50.708647],[-1.54817,50.70876],[-1.548342,50.690775]]]}},{"type":"Feature","properties":{"sp":"cuttlefish","n":10,"res":2000},"geometry":{"type":"Polygon","coordinates":[[[-0.156505,50.802984],[-0.128139,50.802532],[-0.12742,50.820507],[-0.155797,50.820959],[-0.156505,50.802984]]]}},{"type":"Feature","properties":{"sp":"cuttlefish","n":9,"res":2000},"geometry":{"type":"Polygon","coordinates":[[[-4.135352,50.294324],[-4.107294,50.294836],[-4.108088,50.312811],[-4.136158,50.312298],[-4.135352,50.294324]]]}},{"type":"Feature","properties":{"sp":"cuttlefish","n":9,"res":2000},"geometry":{"type":"Polygon","coordinates":[[[-3.656379,50.248174],[-3.62834,50.248571],[-3.628953,50.26655],[-3.657003,50.266154],[-3.656379,50.248174]]]}},{"type":"Feature","properties":{"sp":"cuttlefish","n":8,"res":2000},"geometry":{"type":"Polygon","coordinates":[[[-5.07377,50.039389],[-5.045881,50.040125],[-5.047019,50.058087],[-5.074918,50.057351],[-5.07377,50.039389]]]}},{"type":"Feature","properties":{"sp":"cuttlefish","n":8,"res":2000},"geometry":{"type":"Polygon","coordinates":[[[-3.88067,50.24476],[-3.852636,50.24521],[-3.853333,50.263188],[-3.881378,50.262737],[-3.88067,50.24476]]]}},{"type":"Feature","properties":{"sp":"cuttlefish","n":8,"res":2000},"geometry":{"type":"Polygon","coordinates":[[[-3.738531,50.193009],[-3.710525,50.193425],[-3.711168,50.211404],[-3.739184,50.210988],[-3.738531,50.193009]]]}},{"type":"Feature","properties":{"sp":"cuttlefish","n":8,"res":2000},"geometry":{"type":"Polygon","coordinates":[[[-1.97308,50.637689],[-1.944798,50.63768],[-1.944777,50.655665],[-1.97307,50.655675],[-1.97308,50.637689]]]}},{"type":"Feature","properties":{"sp":"cuttlefish","n":8,"res":2000},"geometry":{"type":"Polygon","coordinates":[[[-1.944798,50.63768],[-1.916516,50.637663],[-1.916484,50.655648],[-1.944777,50.655665],[-1.944798,50.63768]]]}},{"type":"Feature","properties":{"sp":"cuttlefish","n":7,"res":2000},"geometry":{"type":"Polygon","coordinates":[[[-5.497187,50.099362],[-5.469275,50.100201],[-5.470573,50.118155],[-5.498496,50.117316],[-5.497187,50.099362]]]}},{"type":"Feature","properties":{"sp":"cuttlefish","n":7,"res":2000},"geometry":{"type":"Polygon","coordinates":[[[-5.078371,50.111235],[-5.05044,50.111973],[-5.051583,50.129935],[-5.079524,50.129196],[-5.078371,50.111235]]]}},{"type":"Feature","properties":{"sp":"cuttlefish","n":7,"res":2000},"geometry":{"type":"Polygon","coordinates":[[[-4.221198,50.328693],[-4.193121,50.329226],[-4.193949,50.347199],[-4.222037,50.346666],[-4.221198,50.328693]]]}},{"type":"Feature","properties":{"sp":"cuttlefish","n":7,"res":2000},"geometry":{"type":"Polygon","coordinates":[[[-4.022351,50.278357],[-3.994299,50.278842],[-3.995051,50.296818],[-4.023113,50.296333],[-4.022351,50.278357]]]}},{"type":"Feature","properties":{"sp":"cuttlefish","n":7,"res":2000},"geometry":{"type":"Polygon","coordinates":[[[-3.548888,50.39356],[-3.520762,50.393931],[-3.521337,50.411911],[-3.549474,50.411539],[-3.548888,50.39356]]]}},{"type":"Feature","properties":{"sp":"cuttlefish","n":7,"res":2000},"geometry":{"type":"Polygon","coordinates":[[[-2.142662,50.601634],[-2.114401,50.601665],[-2.114445,50.61965],[-2.142716,50.619619],[-2.142662,50.601634]]]}},{"type":"Feature","properties":{"sp":"cuttlefish","n":7,"res":2000},"geometry":{"type":"Polygon","coordinates":[[[-1.944819,50.619694],[-1.916548,50.619677],[-1.916516,50.637663],[-1.944798,50.63768],[-1.944819,50.619694]]]}},{"type":"Feature","properties":{"sp":"cuttlefish","n":7,"res":2000},"geometry":{"type":"Polygon","coordinates":[[[-1.888149,50.67361],[-1.859846,50.67358],[-1.859792,50.691565],[-1.888106,50.691596],[-1.888149,50.67361]]]}},{"type":"Feature","properties":{"sp":"cuttlefish","n":6,"res":2000},"geometry":{"type":"Polygon","coordinates":[[[-4.248426,50.31018],[-4.22036,50.31072],[-4.221198,50.328693],[-4.249275,50.328153],[-4.248426,50.31018]]]}},{"type":"Feature","properties":{"sp":"cuttlefish","n":6,"res":2000},"geometry":{"type":"Polygon","coordinates":[[[-4.165043,50.329753],[-4.136964,50.330272],[-4.137771,50.348246],[-4.165861,50.347726],[-4.165043,50.329753]]]}},{"type":"Feature","properties":{"sp":"cuttlefish","n":6,"res":2000},"geometry":{"type":"Polygon","coordinates":[[[-3.879962,50.226783],[-3.851939,50.227233],[-3.852636,50.24521],[-3.88067,50.24476],[-3.879962,50.226783]]]}},{"type":"Feature","properties":{"sp":"cuttlefish","n":6,"res":2000},"geometry":{"type":"Polygon","coordinates":[[[-2.029609,50.583732],[-2.00136,50.583735],[-2.00136,50.601721],[-2.029621,50.601717],[-2.029609,50.583732]]]}},{"type":"Feature","properties":{"sp":"cuttlefish","n":6,"res":2000},"geometry":{"type":"Polygon","coordinates":[[[-1.491523,50.708527],[-1.463199,50.7084],[-1.462994,50.726384],[-1.491328,50.726511],[-1.491523,50.708527]]]}},{"type":"Feature","properties":{"sp":"cuttlefish","n":6,"res":2000},"geometry":{"type":"Polygon","coordinates":[[[-0.725927,50.738648],[-0.697591,50.738335],[-0.697093,50.756315],[-0.725439,50.756629],[-0.725927,50.738648]]]}},{"type":"Feature","properties":{"sp":"cuttlefish","n":6,"res":2000},"geometry":{"type":"Polygon","coordinates":[[[-0.157212,50.785008],[-0.128857,50.784556],[-0.128139,50.802532],[-0.156505,50.802984],[-0.157212,50.785008]]]}},{"type":"Feature","properties":{"sp":"cuttlefish","n":6,"res":2000},"geometry":{"type":"Polygon","coordinates":[[[-0.128857,50.784556],[-0.100502,50.784098],[-0.099773,50.802073],[-0.128139,50.802532],[-0.128857,50.784556]]]}},{"type":"Feature","properties":{"sp":"cuttlefish","n":5,"res":2000},"geometry":{"type":"Polygon","coordinates":[[[-5.072622,50.021428],[-5.044744,50.022163],[-5.045881,50.040125],[-5.07377,50.039389],[-5.072622,50.021428]]]}},{"type":"Feature","properties":{"sp":"cuttlefish","n":5,"res":2000},"geometry":{"type":"Polygon","coordinates":[[[-5.079524,50.129196],[-5.051583,50.129935],[-5.052727,50.147896],[-5.080678,50.147157],[-5.079524,50.129196]]]}},{"type":"Feature","properties":{"sp":"cuttlefish","n":5,"res":2000},"geometry":{"type":"Polygon","coordinates":[[[-5.024774,50.148628],[-4.99682,50.149354],[-4.997944,50.167316],[-5.025909,50.16659],[-5.024774,50.148628]]]}},{"type":"Feature","properties":{"sp":"cuttlefish","n":5,"res":2000},"geometry":{"type":"Polygon","coordinates":[[[-5.098135,50.416565],[-5.070026,50.417311],[-5.071188,50.435272],[-5.099308,50.434525],[-5.098135,50.416565]]]}},{"type":"Feature","properties":{"sp":"cuttlefish","n":5,"res":2000},"geometry":{"type":"Polygon","coordinates":[[[-4.22036,50.31072],[-4.192294,50.311253],[-4.193121,50.329226],[-4.221198,50.328693],[-4.22036,50.31072]]]}},{"type":"Feature","properties":{"sp":"cuttlefish","n":5,"res":2000},"geometry":{"type":"Polygon","coordinates":[[[-4.136158,50.312298],[-4.108088,50.312811],[-4.108884,50.330785],[-4.136964,50.330272],[-4.136158,50.312298]]]}},{"type":"Feature","properties":{"sp":"cuttlefish","n":5,"res":2000},"geometry":{"type":"Polygon","coordinates":[[[-4.107294,50.294836],[-4.079234,50.295342],[-4.080018,50.313317],[-4.108088,50.312811],[-4.107294,50.294836]]]}},{"type":"Feature","properties":{"sp":"cuttlefish","n":5,"res":2000},"geometry":{"type":"Polygon","coordinates":[[[-4.050401,50.277865],[-4.022351,50.278357],[-4.023113,50.296333],[-4.051174,50.295841],[-4.050401,50.277865]]]}},{"type":"Feature","properties":{"sp":"cuttlefish","n":5,"res":2000},"geometry":{"type":"Polygon","coordinates":[[[-3.994299,50.278842],[-3.966247,50.27932],[-3.966988,50.297296],[-3.995051,50.296818],[-3.994299,50.278842]]]}},{"type":"Feature","properties":{"sp":"cuttlefish","n":5,"res":2000},"geometry":{"type":"Polygon","coordinates":[[[-3.995051,50.296818],[-3.966988,50.297296],[-3.96773,50.315272],[-3.995804,50.314794],[-3.995051,50.296818]]]}},{"type":"Feature","properties":{"sp":"cuttlefish","n":5,"res":2000},"geometry":{"type":"Polygon","coordinates":[[[-3.655756,50.230195],[-3.627728,50.230591],[-3.62834,50.248571],[-3.656379,50.248174],[-3.655756,50.230195]]]}},{"type":"Feature","properties":{"sp":"cuttlefish","n":5,"res":2000},"geometry":{"type":"Polygon","coordinates":[[[-3.49207,50.376315],[-3.463953,50.376672],[-3.464507,50.394653],[-3.492635,50.394295],[-3.49207,50.376315]]]}},{"type":"Feature","properties":{"sp":"cuttlefish","n":5,"res":2000},"geometry":{"type":"Polygon","coordinates":[[[-3.492635,50.394295],[-3.464507,50.394653],[-3.465062,50.412633],[-3.4932,50.412275],[-3.492635,50.394295]]]}},{"type":"Feature","properties":{"sp":"cuttlefish","n":5,"res":2000},"geometry":{"type":"Polygon","coordinates":[[[-3.523646,50.48383],[-3.495466,50.484196],[-3.496034,50.502176],[-3.524225,50.50181],[-3.523646,50.48383]]]}},{"type":"Feature","properties":{"sp":"cuttlefish","n":5,"res":2000},"geometry":{"type":"Polygon","coordinates":[[[-3.494898,50.466216],[-3.466728,50.466574],[-3.467285,50.484554],[-3.495466,50.484196],[-3.494898,50.466216]]]}},{"type":"Feature","properties":{"sp":"cuttlefish","n":5,"res":2000},"geometry":{"type":"Polygon","coordinates":[[[-2.227442,50.601499],[-2.199182,50.60155],[-2.199258,50.619536],[-2.227528,50.619484],[-2.227442,50.601499]]]}},{"type":"Feature","properties":{"sp":"cuttlefish","n":5,"res":2000},"geometry":{"type":"Polygon","coordinates":[[[-0.898057,50.650471],[-0.869773,50.6502],[-0.869342,50.668182],[-0.897637,50.668453],[-0.898057,50.650471]]]}},{"type":"Feature","properties":{"sp":"cuttlefish","n":5,"res":2000},"geometry":{"type":"Polygon","coordinates":[[[-0.185569,50.785453],[-0.157212,50.785008],[-0.156505,50.802984],[-0.184872,50.803429],[-0.185569,50.785453]]]}},{"type":"Feature","properties":{"sp":"cuttlefish","n":4,"res":2000},"geometry":{"type":"Polygon","coordinates":[[[-0.92305,50.794592],[-0.894679,50.794327],[-0.894254,50.812308],[-0.922637,50.812574],[-0.92305,50.794592]]]}},{"type":"Feature","properties":{"sp":"cuttlefish","n":4,"res":2000},"geometry":{"type":"Polygon","coordinates":[[[-0.894254,50.812308],[-0.865873,50.812036],[-0.865437,50.830018],[-0.89383,50.83029],[-0.894254,50.812308]]]}},{"type":"Feature","properties":{"sp":"cuttlefish","n":4,"res":2000},"geometry":{"type":"Polygon","coordinates":[[[-5.023641,50.130666],[-4.995697,50.131391],[-4.99682,50.149354],[-5.024774,50.148628],[-5.023641,50.130666]]]}},{"type":"Feature","properties":{"sp":"cuttlefish","n":4,"res":2000},"geometry":{"type":"Polygon","coordinates":[[[-4.501923,50.322988],[-4.473855,50.323589],[-4.474789,50.341559],[-4.502868,50.340957],[-4.501923,50.322988]]]}},{"type":"Feature","properties":{"sp":"cuttlefish","n":4,"res":2000},"geometry":{"type":"Polygon","coordinates":[[[-4.078451,50.277367],[-4.050401,50.277865],[-4.051174,50.295841],[-4.079234,50.295342],[-4.078451,50.277367]]]}},{"type":"Feature","properties":{"sp":"cuttlefish","n":4,"res":2000},"geometry":{"type":"Polygon","coordinates":[[[-3.442391,50.592788],[-3.414145,50.593134],[-3.414684,50.611114],[-3.442941,50.610768],[-3.442391,50.592788]]]}},{"type":"Feature","properties":{"sp":"cuttlefish","n":4,"res":2000},"geometry":{"type":"Polygon","coordinates":[[[-2.822118,50.670762],[-2.793819,50.670959],[-2.794123,50.688942],[-2.822432,50.688746],[-2.822118,50.670762]]]}},{"type":"Feature","properties":{"sp":"cuttlefish","n":4,"res":2000},"geometry":{"type":"Polygon","coordinates":[[[-2.851067,50.706526],[-2.822747,50.70673],[-2.823062,50.724713],[-2.851393,50.72451],[-2.851067,50.706526]]]}},{"type":"Feature","properties":{"sp":"cuttlefish","n":4,"res":2000},"geometry":{"type":"Polygon","coordinates":[[[-2.481409,50.564754],[-2.453172,50.564867],[-2.453344,50.582852],[-2.481592,50.582739],[-2.481409,50.564754]]]}},{"type":"Feature","properties":{"sp":"cuttlefish","n":4,"res":2000},"geometry":{"type":"Polygon","coordinates":[[[-2.001363,50.691649],[-1.973049,50.691646],[-1.973039,50.709631],[-2.001364,50.709634],[-2.001363,50.691649]]]}},{"type":"Feature","properties":{"sp":"cuttlefish","n":4,"res":2000},"geometry":{"type":"Polygon","coordinates":[[[-1.973059,50.673661],[-1.944756,50.673651],[-1.944735,50.691636],[-1.973049,50.691646],[-1.973059,50.673661]]]}},{"type":"Feature","properties":{"sp":"cuttlefish","n":4,"res":2000},"geometry":{"type":"Polygon","coordinates":[[[-1.916548,50.619677],[-1.888277,50.619654],[-1.888234,50.637639],[-1.916516,50.637663],[-1.916548,50.619677]]]}},{"type":"Feature","properties":{"sp":"cuttlefish","n":4,"res":2000},"geometry":{"type":"Polygon","coordinates":[[[-1.916484,50.655648],[-1.888192,50.655625],[-1.888149,50.67361],[-1.916452,50.673634],[-1.916484,50.655648]]]}},{"type":"Feature","properties":{"sp":"cuttlefish","n":4,"res":2000},"geometry":{"type":"Polygon","coordinates":[[[-1.52003,50.690662],[-1.491717,50.690542],[-1.491523,50.708527],[-1.519846,50.708647],[-1.52003,50.690662]]]}},{"type":"Feature","properties":{"sp":"cuttlefish","n":4,"res":2000},"geometry":{"type":"Polygon","coordinates":[[[-1.181545,50.616834],[-1.153278,50.616632],[-1.152955,50.634616],[-1.181232,50.634818],[-1.181545,50.616834]]]}},{"type":"Feature","properties":{"sp":"cuttlefish","n":4,"res":2000},"geometry":{"type":"Polygon","coordinates":[[[-1.12334,50.70634],[-1.095021,50.706124],[-1.094674,50.724107],[-1.123005,50.724324],[-1.12334,50.70634]]]}},{"type":"Feature","properties":{"sp":"cuttlefish","n":4,"res":2000},"geometry":{"type":"Polygon","coordinates":[[[-0.699085,50.684393],[-0.670783,50.684073],[-0.670275,50.702054],[-0.698588,50.702373],[-0.699085,50.684393]]]}},{"type":"Feature","properties":{"sp":"cuttlefish","n":4,"res":2000},"geometry":{"type":"Polygon","coordinates":[[[-0.213926,50.78589],[-0.185569,50.785453],[-0.184872,50.803429],[-0.21324,50.803867],[-0.213926,50.78589]]]}},{"type":"Feature","properties":{"sp":"cuttlefish","n":4,"res":2000},"geometry":{"type":"Polygon","coordinates":[[[-0.072148,50.783633],[-0.043795,50.783161],[-0.043044,50.801135],[-0.071408,50.801608],[-0.072148,50.783633]]]}},{"type":"Feature","properties":{"sp":"cuttlefish","n":4,"res":2000},"geometry":{"type":"Polygon","coordinates":[[[0.096353,50.74475],[0.12468,50.744238],[0.125494,50.76221],[0.097156,50.762724],[0.096353,50.74475]]]}},{"type":"Feature","properties":{"sp":"cuttlefish","n":4,"res":2000},"geometry":{"type":"Polygon","coordinates":[[[0.12468,50.744238],[0.153006,50.743718],[0.153831,50.76169],[0.125494,50.76221],[0.12468,50.744238]]]}},{"type":"Feature","properties":{"sp":"cuttlefish","n":3,"res":2000},"geometry":{"type":"Polygon","coordinates":[[[-1.263251,50.815221],[-1.234865,50.815039],[-1.234571,50.833022],[-1.262968,50.833205],[-1.263251,50.815221]]]}},{"type":"Feature","properties":{"sp":"cuttlefish","n":3,"res":2000},"geometry":{"type":"Polygon","coordinates":[[[-0.89383,50.83029],[-0.865437,50.830018],[-0.865001,50.847999],[-0.893405,50.848272],[-0.89383,50.83029]]]}},{"type":"Feature","properties":{"sp":"cuttlefish","n":3,"res":2000},"geometry":{"type":"Polygon","coordinates":[[[-5.105138,50.09253],[-5.077219,50.093274],[-5.078371,50.111235],[-5.106301,50.11049],[-5.105138,50.09253]]]}},{"type":"Feature","properties":{"sp":"cuttlefish","n":3,"res":2000},"geometry":{"type":"Polygon","coordinates":[[[-5.204501,50.323723],[-5.176449,50.324494],[-5.177648,50.342452],[-5.20571,50.341681],[-5.204501,50.323723]]]}},{"type":"Feature","properties":{"sp":"cuttlefish","n":3,"res":2000},"geometry":{"type":"Polygon","coordinates":[[[-5.177648,50.342452],[-5.149584,50.343217],[-5.150774,50.361176],[-5.178848,50.360411],[-5.177648,50.342452]]]}},{"type":"Feature","properties":{"sp":"cuttlefish","n":3,"res":2000},"geometry":{"type":"Polygon","coordinates":[[[-5.022508,50.112704],[-4.994575,50.113429],[-4.995697,50.131391],[-5.023641,50.130666],[-5.022508,50.112704]]]}},{"type":"Feature","properties":{"sp":"cuttlefish","n":3,"res":2000},"geometry":{"type":"Polygon","coordinates":[[[-4.777317,50.226778],[-4.749312,50.227445],[-4.750346,50.245411],[-4.778362,50.244744],[-4.777317,50.226778]]]}},{"type":"Feature","properties":{"sp":"cuttlefish","n":3,"res":2000},"geometry":{"type":"Polygon","coordinates":[[[-4.826633,50.585396],[-4.798416,50.586078],[-4.799482,50.604042],[-4.82771,50.60336],[-4.826633,50.585396]]]}},{"type":"Feature","properties":{"sp":"cuttlefish","n":3,"res":2000},"geometry":{"type":"Polygon","coordinates":[[[-4.193121,50.329226],[-4.165043,50.329753],[-4.165861,50.347726],[-4.193949,50.347199],[-4.193121,50.329226]]]}},{"type":"Feature","properties":{"sp":"cuttlefish","n":3,"res":2000},"geometry":{"type":"Polygon","coordinates":[[[-3.879256,50.208805],[-3.851243,50.209255],[-3.851939,50.227233],[-3.879962,50.226783],[-3.879256,50.208805]]]}},{"type":"Feature","properties":{"sp":"cuttlefish","n":3,"res":2000},"geometry":{"type":"Polygon","coordinates":[[[-3.938194,50.279792],[-3.910141,50.280256],[-3.910861,50.298233],[-3.938925,50.297768],[-3.938194,50.279792]]]}},{"type":"Feature","properties":{"sp":"cuttlefish","n":3,"res":2000},"geometry":{"type":"Polygon","coordinates":[[[-3.710525,50.193425],[-3.682519,50.193834],[-3.683151,50.211813],[-3.711168,50.211404],[-3.710525,50.193425]]]}},{"type":"Feature","properties":{"sp":"cuttlefish","n":3,"res":2000},"geometry":{"type":"Polygon","coordinates":[[[-3.657628,50.284133],[-3.629567,50.28453],[-3.630182,50.302509],[-3.658253,50.302112],[-3.657628,50.284133]]]}},{"type":"Feature","properties":{"sp":"cuttlefish","n":3,"res":2000},"geometry":{"type":"Polygon","coordinates":[[[-3.630182,50.302509],[-3.60211,50.3029],[-3.602715,50.320879],[-3.630797,50.320488],[-3.630182,50.302509]]]}},{"type":"Feature","properties":{"sp":"cuttlefish","n":3,"res":2000},"geometry":{"type":"Polygon","coordinates":[[[-3.602715,50.320879],[-3.574632,50.321263],[-3.575227,50.339243],[-3.60332,50.338859],[-3.602715,50.320879]]]}},{"type":"Feature","properties":{"sp":"cuttlefish","n":3,"res":2000},"geometry":{"type":"Polygon","coordinates":[[[-2.879387,50.706316],[-2.851067,50.706526],[-2.851393,50.72451],[-2.879724,50.724299],[-2.879387,50.706316]]]}},{"type":"Feature","properties":{"sp":"cuttlefish","n":3,"res":2000},"geometry":{"type":"Polygon","coordinates":[[[-2.822747,50.70673],[-2.794426,50.706926],[-2.794731,50.72491],[-2.823062,50.724713],[-2.822747,50.70673]]]}},{"type":"Feature","properties":{"sp":"cuttlefish","n":3,"res":2000},"geometry":{"type":"Polygon","coordinates":[[[-2.481043,50.528783],[-2.452827,50.528896],[-2.452999,50.546882],[-2.481226,50.546768],[-2.481043,50.528783]]]}},{"type":"Feature","properties":{"sp":"cuttlefish","n":3,"res":2000},"geometry":{"type":"Polygon","coordinates":[[[-2.340351,50.583237],[-2.312102,50.583317],[-2.312221,50.601302],[-2.340481,50.601223],[-2.340351,50.583237]]]}},{"type":"Feature","properties":{"sp":"cuttlefish","n":3,"res":2000},"geometry":{"type":"Polygon","coordinates":[[[-2.199182,50.60155],[-2.170922,50.601595],[-2.170987,50.619581],[-2.199258,50.619536],[-2.199182,50.60155]]]}},{"type":"Feature","properties":{"sp":"cuttlefish","n":3,"res":2000},"geometry":{"type":"Polygon","coordinates":[[[-2.00136,50.583735],[-1.97311,50.583732],[-1.9731,50.601718],[-2.00136,50.601721],[-2.00136,50.583735]]]}},{"type":"Feature","properties":{"sp":"cuttlefish","n":3,"res":2000},"geometry":{"type":"Polygon","coordinates":[[[-1.944861,50.583723],[-1.916611,50.583706],[-1.916579,50.601692],[-1.94484,50.601708],[-1.944861,50.583723]]]}},{"type":"Feature","properties":{"sp":"cuttlefish","n":3,"res":2000},"geometry":{"type":"Polygon","coordinates":[[[-2.001361,50.619707],[-1.97309,50.619704],[-1.97308,50.637689],[-2.001362,50.637692],[-2.001361,50.619707]]]}},{"type":"Feature","properties":{"sp":"cuttlefish","n":3,"res":2000},"geometry":{"type":"Polygon","coordinates":[[[-1.576979,50.654911],[-1.548687,50.654805],[-1.548515,50.67279],[-1.576817,50.672896],[-1.576979,50.654911]]]}},{"type":"Feature","properties":{"sp":"cuttlefish","n":3,"res":2000},"geometry":{"type":"Polygon","coordinates":[[[-1.548515,50.67279],[-1.520213,50.672677],[-1.52003,50.690662],[-1.548342,50.690775],[-1.548515,50.67279]]]}},{"type":"Feature","properties":{"sp":"cuttlefish","n":3,"res":2000},"geometry":{"type":"Polygon","coordinates":[[[-1.492299,50.636588],[-1.464019,50.636461],[-1.463814,50.654446],[-1.492105,50.654573],[-1.492299,50.636588]]]}},{"type":"Feature","properties":{"sp":"cuttlefish","n":3,"res":2000},"geometry":{"type":"Polygon","coordinates":[[[-1.434876,50.708266],[-1.406554,50.708125],[-1.406327,50.72611],[-1.43466,50.726251],[-1.434876,50.708266]]]}},{"type":"Feature","properties":{"sp":"cuttlefish","n":3,"res":2000},"geometry":{"type":"Polygon","coordinates":[[[-1.377993,50.725962],[-1.34966,50.725808],[-1.349411,50.743792],[-1.377755,50.743946],[-1.377993,50.725962]]]}},{"type":"Feature","properties":{"sp":"cuttlefish","n":3,"res":2000},"geometry":{"type":"Polygon","coordinates":[[[-1.209811,50.617029],[-1.181545,50.616834],[-1.181232,50.634818],[-1.20951,50.635013],[-1.209811,50.617029]]]}},{"type":"Feature","properties":{"sp":"cuttlefish","n":3,"res":2000},"geometry":{"type":"Polygon","coordinates":[[[-1.178724,50.778686],[-1.15036,50.778483],[-1.150034,50.796466],[-1.178408,50.796669],[-1.178724,50.778686]]]}},{"type":"Feature","properties":{"sp":"cuttlefish","n":3,"res":2000},"geometry":{"type":"Polygon","coordinates":[[[-1.095366,50.688141],[-1.067058,50.687918],[-1.066701,50.705901],[-1.095021,50.706124],[-1.095366,50.688141]]]}},{"type":"Feature","properties":{"sp":"cuttlefish","n":3,"res":2000},"geometry":{"type":"Polygon","coordinates":[[[-0.9833,50.633259],[-0.955026,50.633009],[-0.954627,50.650992],[-0.982912,50.651242],[-0.9833,50.633259]]]}},{"type":"Feature","properties":{"sp":"cuttlefish","n":3,"res":2000},"geometry":{"type":"Polygon","coordinates":[[[-0.78353,50.703291],[-0.755216,50.702992],[-0.754739,50.720973],[-0.783065,50.721272],[-0.78353,50.703291]]]}},{"type":"Feature","properties":{"sp":"cuttlefish","n":3,"res":2000},"geometry":{"type":"Polygon","coordinates":[[[-0.726901,50.702686],[-0.698588,50.702373],[-0.69809,50.720354],[-0.726414,50.720667],[-0.726901,50.702686]]]}},{"type":"Feature","properties":{"sp":"cuttlefish","n":3,"res":2000},"geometry":{"type":"Polygon","coordinates":[[[-0.554261,50.790605],[-0.525897,50.79025],[-0.525331,50.808229],[-0.553706,50.808584],[-0.554261,50.790605]]]}},{"type":"Feature","properties":{"sp":"cuttlefish","n":3,"res":2000},"geometry":{"type":"Polygon","coordinates":[[[-0.128139,50.802532],[-0.099773,50.802073],[-0.099044,50.820048],[-0.12742,50.820507],[-0.128139,50.802532]]]}},{"type":"Feature","properties":{"sp":"cuttlefish","n":3,"res":2000},"geometry":{"type":"Polygon","coordinates":[[[-0.609132,49.891897],[-0.581297,49.89156],[-0.58077,49.909542],[-0.608615,49.90988],[-0.609132,49.891897]]]}},{"type":"Feature","properties":{"sp":"cuttlefish","n":3,"res":2000},"geometry":{"type":"Polygon","coordinates":[[[-0.52759,50.736312],[-0.499259,50.735951],[-0.498684,50.75393],[-0.527026,50.754291],[-0.52759,50.736312]]]}},{"type":"Feature","properties":{"sp":"cuttlefish","n":3,"res":2000},"geometry":{"type":"Polygon","coordinates":[[[-0.072887,50.765658],[-0.044544,50.765186],[-0.043795,50.783161],[-0.072148,50.783633],[-0.072887,50.765658]]]}},{"type":"Feature","properties":{"sp":"cuttlefish","n":2,"res":2000},"geometry":{"type":"Polygon","coordinates":[[[-4.282165,51.011067],[-4.253679,51.01162],[-4.254551,51.029591],[-4.283048,51.029037],[-4.282165,51.011067]]]}},{"type":"Feature","properties":{"sp":"cuttlefish","n":2,"res":2000},"geometry":{"type":"Polygon","coordinates":[[[-4.254551,51.029591],[-4.226053,51.030137],[-4.226915,51.048108],[-4.255424,51.047561],[-4.254551,51.029591]]]}},{"type":"Feature","properties":{"sp":"cuttlefish","n":2,"res":2000},"geometry":{"type":"Polygon","coordinates":[[[-1.007785,50.813329],[-0.979402,50.813084],[-0.97901,50.831066],[-1.007404,50.831311],[-1.007785,50.813329]]]}},{"type":"Feature","properties":{"sp":"cuttlefish","n":2,"res":2000},"geometry":{"type":"Polygon","coordinates":[[[-5.719045,50.074464],[-5.691154,50.075356],[-5.692535,50.093306],[-5.720436,50.092414],[-5.719045,50.074464]]]}},{"type":"Feature","properties":{"sp":"cuttlefish","n":2,"res":2000},"geometry":{"type":"Polygon","coordinates":[[[-5.578238,50.060902],[-5.550351,50.06176],[-5.551678,50.079713],[-5.579576,50.078855],[-5.578238,50.060902]]]}},{"type":"Feature","properties":{"sp":"cuttlefish","n":2,"res":2000},"geometry":{"type":"Polygon","coordinates":[[[-5.550351,50.06176],[-5.522462,50.062611],[-5.523779,50.080564],[-5.551678,50.079713],[-5.550351,50.06176]]]}},{"type":"Feature","properties":{"sp":"cuttlefish","n":2,"res":2000},"geometry":{"type":"Polygon","coordinates":[[[-5.551678,50.079713],[-5.523779,50.080564],[-5.525098,50.098517],[-5.553007,50.097665],[-5.551678,50.079713]]]}},{"type":"Feature","properties":{"sp":"cuttlefish","n":2,"res":2000},"geometry":{"type":"Polygon","coordinates":[[[-5.498496,50.117316],[-5.470573,50.118155],[-5.471874,50.136109],[-5.499807,50.13527],[-5.498496,50.117316]]]}},{"type":"Feature","properties":{"sp":"cuttlefish","n":2,"res":2000},"geometry":{"type":"Polygon","coordinates":[[[-5.41985,50.191633],[-5.391882,50.192454],[-5.393156,50.210409],[-5.421135,50.209588],[-5.41985,50.191633]]]}},{"type":"Feature","properties":{"sp":"cuttlefish","n":2,"res":2000},"geometry":{"type":"Polygon","coordinates":[[[-5.311701,50.248747],[-5.283697,50.249543],[-5.284933,50.2675],[-5.312948,50.266704],[-5.311701,50.248747]]]}},{"type":"Feature","properties":{"sp":"cuttlefish","n":2,"res":2000},"geometry":{"type":"Polygon","coordinates":[[[-5.131884,50.073818],[-5.103977,50.074569],[-5.105138,50.09253],[-5.133056,50.091779],[-5.131884,50.073818]]]}},{"type":"Feature","properties":{"sp":"cuttlefish","n":2,"res":2000},"geometry":{"type":"Polygon","coordinates":[[[-5.103977,50.074569],[-5.076068,50.075312],[-5.077219,50.093274],[-5.105138,50.09253],[-5.103977,50.074569]]]}},{"type":"Feature","properties":{"sp":"cuttlefish","n":2,"res":2000},"geometry":{"type":"Polygon","coordinates":[[[-5.106301,50.11049],[-5.078371,50.111235],[-5.079524,50.129196],[-5.107464,50.128451],[-5.106301,50.11049]]]}},{"type":"Feature","properties":{"sp":"cuttlefish","n":2,"res":2000},"geometry":{"type":"Polygon","coordinates":[[[-5.126243,50.415813],[-5.098135,50.416565],[-5.099308,50.434525],[-5.127427,50.433772],[-5.126243,50.415813]]]}},{"type":"Feature","properties":{"sp":"cuttlefish","n":2,"res":2000},"geometry":{"type":"Polygon","coordinates":[[[-5.045881,50.040125],[-5.01799,50.040855],[-5.019118,50.058817],[-5.047019,50.058087],[-5.045881,50.040125]]]}},{"type":"Feature","properties":{"sp":"cuttlefish","n":2,"res":2000},"geometry":{"type":"Polygon","coordinates":[[[-5.055018,50.183819],[-5.027045,50.184552],[-5.028181,50.202514],[-5.056166,50.201781],[-5.055018,50.183819]]]}},{"type":"Feature","properties":{"sp":"cuttlefish","n":2,"res":2000},"geometry":{"type":"Polygon","coordinates":[[[-4.994769,50.5632],[-4.96657,50.563923],[-4.967699,50.581884],[-4.995909,50.581162],[-4.994769,50.5632]]]}},{"type":"Feature","properties":{"sp":"cuttlefish","n":2,"res":2000},"geometry":{"type":"Polygon","coordinates":[[[-4.807434,50.262035],[-4.779408,50.262709],[-4.780455,50.280675],[-4.808491,50.28],[-4.807434,50.262035]]]}},{"type":"Feature","properties":{"sp":"cuttlefish","n":2,"res":2000},"geometry":{"type":"Polygon","coordinates":[[[-4.699392,50.336558],[-4.67132,50.337207],[-4.672329,50.355174],[-4.700412,50.354524],[-4.699392,50.336558]]]}},{"type":"Feature","properties":{"sp":"cuttlefish","n":2,"res":2000},"geometry":{"type":"Polygon","coordinates":[[[-4.64225,50.319881],[-4.614187,50.320516],[-4.615173,50.338484],[-4.643247,50.337849],[-4.64225,50.319881]]]}},{"type":"Feature","properties":{"sp":"cuttlefish","n":2,"res":2000},"geometry":{"type":"Polygon","coordinates":[[[-4.276491,50.309634],[-4.248426,50.31018],[-4.249275,50.328153],[-4.27735,50.327606],[-4.276491,50.309634]]]}},{"type":"Feature","properties":{"sp":"cuttlefish","n":2,"res":2000},"geometry":{"type":"Polygon","coordinates":[[[-4.191467,50.293279],[-4.16341,50.293805],[-4.164226,50.311779],[-4.192294,50.311253],[-4.191467,50.293279]]]}},{"type":"Feature","properties":{"sp":"cuttlefish","n":2,"res":2000},"geometry":{"type":"Polygon","coordinates":[[[-4.051174,50.295841],[-4.023113,50.296333],[-4.023876,50.314308],[-4.051948,50.313816],[-4.051174,50.295841]]]}},{"type":"Feature","properties":{"sp":"cuttlefish","n":2,"res":2000},"geometry":{"type":"Polygon","coordinates":[[[-4.051948,50.313816],[-4.023876,50.314308],[-4.02464,50.332283],[-4.052722,50.331791],[-4.051948,50.313816]]]}},{"type":"Feature","properties":{"sp":"cuttlefish","n":2,"res":2000},"geometry":{"type":"Polygon","coordinates":[[[-3.907985,50.226326],[-3.879962,50.226783],[-3.88067,50.24476],[-3.908703,50.244303],[-3.907985,50.226326]]]}},{"type":"Feature","properties":{"sp":"cuttlefish","n":2,"res":2000},"geometry":{"type":"Polygon","coordinates":[[[-3.966247,50.27932],[-3.938194,50.279792],[-3.938925,50.297768],[-3.966988,50.297296],[-3.966247,50.27932]]]}},{"type":"Feature","properties":{"sp":"cuttlefish","n":2,"res":2000},"geometry":{"type":"Polygon","coordinates":[[[-3.966988,50.297296],[-3.938925,50.297768],[-3.939657,50.315744],[-3.96773,50.315272],[-3.966988,50.297296]]]}},{"type":"Feature","properties":{"sp":"cuttlefish","n":2,"res":2000},"geometry":{"type":"Polygon","coordinates":[[[-3.76853,50.246521],[-3.740493,50.246945],[-3.741149,50.264923],[-3.769196,50.264499],[-3.76853,50.246521]]]}},{"type":"Feature","properties":{"sp":"cuttlefish","n":2,"res":2000},"geometry":{"type":"Polygon","coordinates":[[[-3.654512,50.194236],[-3.626504,50.194632],[-3.627116,50.212612],[-3.655134,50.212216],[-3.654512,50.194236]]]}},{"type":"Feature","properties":{"sp":"cuttlefish","n":2,"res":2000},"geometry":{"type":"Polygon","coordinates":[[[-3.598496,50.195021],[-3.570487,50.195403],[-3.571077,50.213383],[-3.599097,50.213001],[-3.598496,50.195021]]]}},{"type":"Feature","properties":{"sp":"cuttlefish","n":2,"res":2000},"geometry":{"type":"Polygon","coordinates":[[[-3.574632,50.321263],[-3.546549,50.32164],[-3.547133,50.33962],[-3.575227,50.339243],[-3.574632,50.321263]]]}},{"type":"Feature","properties":{"sp":"cuttlefish","n":2,"res":2000},"geometry":{"type":"Polygon","coordinates":[[[-3.549474,50.411539],[-3.521337,50.411911],[-3.521914,50.429891],[-3.550061,50.429519],[-3.549474,50.411539]]]}},{"type":"Feature","properties":{"sp":"cuttlefish","n":2,"res":2000},"geometry":{"type":"Polygon","coordinates":[[[-3.550649,50.447499],[-3.522491,50.447871],[-3.523068,50.46585],[-3.551237,50.465478],[-3.550649,50.447499]]]}},{"type":"Feature","properties":{"sp":"cuttlefish","n":2,"res":2000},"geometry":{"type":"Polygon","coordinates":[[[-3.414145,50.593134],[-3.385898,50.593474],[-3.386427,50.611454],[-3.414684,50.611114],[-3.414145,50.593134]]]}},{"type":"Feature","properties":{"sp":"cuttlefish","n":2,"res":2000},"geometry":{"type":"Polygon","coordinates":[[[-3.32991,50.612113],[-3.301651,50.612433],[-3.302147,50.630414],[-3.330417,50.630094],[-3.32991,50.612113]]]}},{"type":"Feature","properties":{"sp":"cuttlefish","n":2,"res":2000},"geometry":{"type":"Polygon","coordinates":[[[-3.020591,50.687179],[-2.992284,50.687423],[-2.992663,50.705406],[-3.020982,50.705161],[-3.020591,50.687179]]]}},{"type":"Feature","properties":{"sp":"cuttlefish","n":2,"res":2000},"geometry":{"type":"Polygon","coordinates":[[[-2.991905,50.669441],[-2.963608,50.669678],[-2.963976,50.687661],[-2.992284,50.687423],[-2.991905,50.669441]]]}},{"type":"Feature","properties":{"sp":"cuttlefish","n":2,"res":2000},"geometry":{"type":"Polygon","coordinates":[[[-2.992284,50.687423],[-2.963976,50.687661],[-2.964345,50.705644],[-2.992663,50.705406],[-2.992284,50.687423]]]}},{"type":"Feature","properties":{"sp":"cuttlefish","n":2,"res":2000},"geometry":{"type":"Polygon","coordinates":[[[-2.935668,50.687892],[-2.90736,50.688116],[-2.907707,50.706099],[-2.936026,50.705875],[-2.935668,50.687892]]]}},{"type":"Feature","properties":{"sp":"cuttlefish","n":2,"res":2000},"geometry":{"type":"Polygon","coordinates":[[[-2.907707,50.706099],[-2.879387,50.706316],[-2.879724,50.724299],[-2.908054,50.724082],[-2.907707,50.706099]]]}},{"type":"Feature","properties":{"sp":"cuttlefish","n":2,"res":2000},"geometry":{"type":"Polygon","coordinates":[[[-2.850092,50.652576],[-2.821804,50.652779],[-2.822118,50.670762],[-2.850417,50.670559],[-2.850092,50.652576]]]}},{"type":"Feature","properties":{"sp":"cuttlefish","n":2,"res":2000},"geometry":{"type":"Polygon","coordinates":[[[-2.48086,50.510798],[-2.452655,50.510911],[-2.452827,50.528896],[-2.481043,50.528783],[-2.48086,50.510798]]]}},{"type":"Feature","properties":{"sp":"cuttlefish","n":2,"res":2000},"geometry":{"type":"Polygon","coordinates":[[[-2.566767,50.618327],[-2.538498,50.618461],[-2.538704,50.636446],[-2.566984,50.636312],[-2.566767,50.618327]]]}},{"type":"Feature","properties":{"sp":"cuttlefish","n":2,"res":2000},"geometry":{"type":"Polygon","coordinates":[[[-2.45369,50.618823],[-2.425421,50.618929],[-2.425583,50.636914],[-2.453864,50.636808],[-2.45369,50.618823]]]}},{"type":"Feature","properties":{"sp":"cuttlefish","n":2,"res":2000},"geometry":{"type":"Polygon","coordinates":[[[-2.424934,50.564974],[-2.396697,50.565073],[-2.396848,50.583059],[-2.425096,50.582959],[-2.424934,50.564974]]]}},{"type":"Feature","properties":{"sp":"cuttlefish","n":2,"res":2000},"geometry":{"type":"Polygon","coordinates":[[[-2.425421,50.618929],[-2.397151,50.619029],[-2.397302,50.637014],[-2.425583,50.636914],[-2.425421,50.618929]]]}},{"type":"Feature","properties":{"sp":"cuttlefish","n":2,"res":2000},"geometry":{"type":"Polygon","coordinates":[[[-2.397151,50.619029],[-2.368881,50.619122],[-2.369022,50.637107],[-2.397302,50.637014],[-2.397151,50.619029]]]}},{"type":"Feature","properties":{"sp":"cuttlefish","n":2,"res":2000},"geometry":{"type":"Polygon","coordinates":[[[-2.283961,50.601374],[-2.255702,50.60144],[-2.255799,50.619426],[-2.28407,50.61936],[-2.283961,50.601374]]]}},{"type":"Feature","properties":{"sp":"cuttlefish","n":2,"res":2000},"geometry":{"type":"Polygon","coordinates":[[[-2.170856,50.58361],[-2.142607,50.583648],[-2.142662,50.601634],[-2.170922,50.601595],[-2.170856,50.58361]]]}},{"type":"Feature","properties":{"sp":"cuttlefish","n":2,"res":2000},"geometry":{"type":"Polygon","coordinates":[[[-2.142444,50.52969],[-2.114227,50.529722],[-2.11427,50.547707],[-2.142498,50.547676],[-2.142444,50.52969]]]}},{"type":"Feature","properties":{"sp":"cuttlefish","n":2,"res":2000},"geometry":{"type":"Polygon","coordinates":[[[-2.142553,50.565662],[-2.114314,50.565693],[-2.114358,50.583679],[-2.142607,50.583648],[-2.142553,50.565662]]]}},{"type":"Feature","properties":{"sp":"cuttlefish","n":2,"res":2000},"geometry":{"type":"Polygon","coordinates":[[[-1.94484,50.601708],[-1.916579,50.601692],[-1.916548,50.619677],[-1.944819,50.619694],[-1.94484,50.601708]]]}},{"type":"Feature","properties":{"sp":"cuttlefish","n":2,"res":2000},"geometry":{"type":"Polygon","coordinates":[[[-1.916579,50.601692],[-1.888319,50.601668],[-1.888277,50.619654],[-1.916548,50.619677],[-1.916579,50.601692]]]}},{"type":"Feature","properties":{"sp":"cuttlefish","n":2,"res":2000},"geometry":{"type":"Polygon","coordinates":[[[-1.973049,50.691646],[-1.944735,50.691636],[-1.944714,50.709621],[-1.973039,50.709631],[-1.973049,50.691646]]]}},{"type":"Feature","properties":{"sp":"cuttlefish","n":2,"res":2000},"geometry":{"type":"Polygon","coordinates":[[[-1.944756,50.673651],[-1.916452,50.673634],[-1.916421,50.691619],[-1.944735,50.691636],[-1.944756,50.673651]]]}},{"type":"Feature","properties":{"sp":"cuttlefish","n":2,"res":2000},"geometry":{"type":"Polygon","coordinates":[[[-1.944735,50.691636],[-1.916421,50.691619],[-1.916389,50.709605],[-1.944714,50.709621],[-1.944735,50.691636]]]}},{"type":"Feature","properties":{"sp":"cuttlefish","n":2,"res":2000},"geometry":{"type":"Polygon","coordinates":[[[-1.916452,50.673634],[-1.888149,50.67361],[-1.888106,50.691596],[-1.916421,50.691619],[-1.916452,50.673634]]]}},{"type":"Feature","properties":{"sp":"cuttlefish","n":2,"res":2000},"geometry":{"type":"Polygon","coordinates":[[[-1.888106,50.691596],[-1.859792,50.691565],[-1.859739,50.70955],[-1.888064,50.709581],[-1.888106,50.691596]]]}},{"type":"Feature","properties":{"sp":"cuttlefish","n":2,"res":2000},"geometry":{"type":"Polygon","coordinates":[[[-1.859846,50.67358],[-1.831542,50.673542],[-1.831478,50.691528],[-1.859792,50.691565],[-1.859846,50.67358]]]}},{"type":"Feature","properties":{"sp":"cuttlefish","n":2,"res":2000},"geometry":{"type":"Polygon","coordinates":[[[-1.689672,50.727208],[-1.661336,50.727129],[-1.661207,50.745114],[-1.689553,50.745193],[-1.689672,50.727208]]]}},{"type":"Feature","properties":{"sp":"cuttlefish","n":2,"res":2000},"geometry":{"type":"Polygon","coordinates":[[[-1.576817,50.672896],[-1.548515,50.67279],[-1.548342,50.690775],[-1.576655,50.690881],[-1.576817,50.672896]]]}},{"type":"Feature","properties":{"sp":"cuttlefish","n":2,"res":2000},"geometry":{"type":"Polygon","coordinates":[[[-1.520396,50.654692],[-1.492105,50.654573],[-1.491911,50.672557],[-1.520213,50.672677],[-1.520396,50.654692]]]}},{"type":"Feature","properties":{"sp":"cuttlefish","n":2,"res":2000},"geometry":{"type":"Polygon","coordinates":[[[-1.463199,50.7084],[-1.434876,50.708266],[-1.43466,50.726251],[-1.462994,50.726384],[-1.463199,50.7084]]]}},{"type":"Feature","properties":{"sp":"cuttlefish","n":2,"res":2000},"geometry":{"type":"Polygon","coordinates":[[[-1.435954,50.618343],[-1.407685,50.618203],[-1.40746,50.636187],[-1.435739,50.636328],[-1.435954,50.618343]]]}},{"type":"Feature","properties":{"sp":"cuttlefish","n":2,"res":2000},"geometry":{"type":"Polygon","coordinates":[[[-1.406327,50.72611],[-1.377993,50.725962],[-1.377755,50.743946],[-1.406099,50.744094],[-1.406327,50.72611]]]}},{"type":"Feature","properties":{"sp":"cuttlefish","n":2,"res":2000},"geometry":{"type":"Polygon","coordinates":[[[-1.377278,50.779915],[-1.348912,50.77976],[-1.348662,50.797744],[-1.377039,50.797899],[-1.377278,50.779915]]]}},{"type":"Feature","properties":{"sp":"cuttlefish","n":2,"res":2000},"geometry":{"type":"Polygon","coordinates":[[[-1.320807,50.761614],[-1.292453,50.761446],[-1.292182,50.77943],[-1.320547,50.779598],[-1.320807,50.761614]]]}},{"type":"Feature","properties":{"sp":"cuttlefish","n":2,"res":2000},"geometry":{"type":"Polygon","coordinates":[[[-1.264381,50.743287],[-1.236038,50.743104],[-1.235745,50.761088],[-1.264099,50.76127],[-1.264381,50.743287]]]}},{"type":"Feature","properties":{"sp":"cuttlefish","n":2,"res":2000},"geometry":{"type":"Polygon","coordinates":[[[-1.236038,50.743104],[-1.207695,50.742915],[-1.207391,50.760899],[-1.235745,50.761088],[-1.236038,50.743104]]]}},{"type":"Feature","properties":{"sp":"cuttlefish","n":2,"res":2000},"geometry":{"type":"Polygon","coordinates":[[[-1.152632,50.652599],[-1.124344,50.65239],[-1.12401,50.670374],[-1.152308,50.670583],[-1.152632,50.652599]]]}},{"type":"Feature","properties":{"sp":"cuttlefish","n":2,"res":2000},"geometry":{"type":"Polygon","coordinates":[[[-1.125012,50.616423],[-1.096747,50.616208],[-1.096402,50.634191],[-1.124679,50.634407],[-1.125012,50.616423]]]}},{"type":"Feature","properties":{"sp":"cuttlefish","n":2,"res":2000},"geometry":{"type":"Polygon","coordinates":[[[-1.124679,50.634407],[-1.096402,50.634191],[-1.096057,50.652174],[-1.124344,50.65239],[-1.124679,50.634407]]]}},{"type":"Feature","properties":{"sp":"cuttlefish","n":2,"res":2000},"geometry":{"type":"Polygon","coordinates":[[[-1.067058,50.687918],[-1.03875,50.687688],[-1.038382,50.705671],[-1.066701,50.705901],[-1.067058,50.687918]]]}},{"type":"Feature","properties":{"sp":"cuttlefish","n":2,"res":2000},"geometry":{"type":"Polygon","coordinates":[[[-1.040216,50.615756],[-1.011952,50.61552],[-1.011575,50.633503],[-1.03985,50.633739],[-1.040216,50.615756]]]}},{"type":"Feature","properties":{"sp":"cuttlefish","n":2,"res":2000},"geometry":{"type":"Polygon","coordinates":[[[-1.123005,50.724324],[-1.094674,50.724107],[-1.094328,50.74209],[-1.122669,50.742307],[-1.123005,50.724324]]]}},{"type":"Feature","properties":{"sp":"cuttlefish","n":2,"res":2000},"geometry":{"type":"Polygon","coordinates":[[[-1.065271,50.777832],[-1.036908,50.777602],[-1.036539,50.795584],[-1.064912,50.795815],[-1.065271,50.777832]]]}},{"type":"Feature","properties":{"sp":"cuttlefish","n":2,"res":2000},"geometry":{"type":"Polygon","coordinates":[[[-1.009685,50.723417],[-0.981356,50.723173],[-0.980966,50.741155],[-1.009306,50.741399],[-1.009685,50.723417]]]}},{"type":"Feature","properties":{"sp":"cuttlefish","n":2,"res":2000},"geometry":{"type":"Polygon","coordinates":[[[-1.008926,50.759382],[-0.980576,50.759137],[-0.980185,50.77712],[-1.008546,50.777364],[-1.008926,50.759382]]]}},{"type":"Feature","properties":{"sp":"cuttlefish","n":2,"res":2000},"geometry":{"type":"Polygon","coordinates":[[[-0.841047,50.667904],[-0.812753,50.667619],[-0.8123,50.685601],[-0.840604,50.685886],[-0.841047,50.667904]]]}},{"type":"Feature","properties":{"sp":"cuttlefish","n":2,"res":2000},"geometry":{"type":"Polygon","coordinates":[[[-0.812753,50.667619],[-0.78446,50.667328],[-0.783995,50.685309],[-0.8123,50.685601],[-0.812753,50.667619]]]}},{"type":"Feature","properties":{"sp":"cuttlefish","n":2,"res":2000},"geometry":{"type":"Polygon","coordinates":[[[-0.783995,50.685309],[-0.755691,50.68501],[-0.755216,50.702992],[-0.78353,50.703291],[-0.783995,50.685309]]]}},{"type":"Feature","properties":{"sp":"cuttlefish","n":2,"res":2000},"geometry":{"type":"Polygon","coordinates":[[[-0.811845,50.703583],[-0.78353,50.703291],[-0.783065,50.721272],[-0.811391,50.721564],[-0.811845,50.703583]]]}},{"type":"Feature","properties":{"sp":"cuttlefish","n":2,"res":2000},"geometry":{"type":"Polygon","coordinates":[[[-0.811391,50.721564],[-0.783065,50.721272],[-0.782599,50.739253],[-0.810936,50.739545],[-0.811391,50.721564]]]}},{"type":"Feature","properties":{"sp":"cuttlefish","n":2,"res":2000},"geometry":{"type":"Polygon","coordinates":[[[-0.782599,50.739253],[-0.754263,50.738954],[-0.753785,50.756935],[-0.782133,50.757234],[-0.782599,50.739253]]]}},{"type":"Feature","properties":{"sp":"cuttlefish","n":2,"res":2000},"geometry":{"type":"Polygon","coordinates":[[[-0.753785,50.756935],[-0.725439,50.756629],[-0.72495,50.774609],[-0.753308,50.774916],[-0.753785,50.756935]]]}},{"type":"Feature","properties":{"sp":"cuttlefish","n":2,"res":2000},"geometry":{"type":"Polygon","coordinates":[[[-0.696593,50.774296],[-0.668237,50.773976],[-0.667726,50.791956],[-0.696093,50.792276],[-0.696593,50.774296]]]}},{"type":"Feature","properties":{"sp":"cuttlefish","n":2,"res":2000},"geometry":{"type":"Polygon","coordinates":[[[-0.669257,50.738015],[-0.640922,50.737688],[-0.640402,50.755668],[-0.668747,50.755995],[-0.669257,50.738015]]]}},{"type":"Feature","properties":{"sp":"cuttlefish","n":2,"res":2000},"geometry":{"type":"Polygon","coordinates":[[[-0.61365,50.701394],[-0.585338,50.701054],[-0.584797,50.719034],[-0.613119,50.719374],[-0.61365,50.701394]]]}},{"type":"Feature","properties":{"sp":"cuttlefish","n":2,"res":2000},"geometry":{"type":"Polygon","coordinates":[[[-0.383462,50.80635],[-0.35509,50.805953],[-0.354458,50.823931],[-0.382841,50.824327],[-0.383462,50.80635]]]}},{"type":"Feature","properties":{"sp":"cuttlefish","n":2,"res":2000},"geometry":{"type":"Polygon","coordinates":[[[-0.21324,50.803867],[-0.184872,50.803429],[-0.184176,50.821405],[-0.212554,50.821843],[-0.21324,50.803867]]]}},{"type":"Feature","properties":{"sp":"cuttlefish","n":2,"res":2000},"geometry":{"type":"Polygon","coordinates":[[[-0.015442,50.782682],[0.01291,50.782196],[0.013682,50.80017],[-0.014681,50.800656],[-0.015442,50.782682]]]}},{"type":"Feature","properties":{"sp":"cuttlefish","n":2,"res":2000},"geometry":{"type":"Polygon","coordinates":[[[-0.499833,50.717972],[-0.471513,50.717604],[-0.470928,50.735583],[-0.499259,50.735951],[-0.499833,50.717972]]]}},{"type":"Feature","properties":{"sp":"cuttlefish","n":2,"res":2000},"geometry":{"type":"Polygon","coordinates":[[[-0.499259,50.735951],[-0.470928,50.735583],[-0.470342,50.753562],[-0.498684,50.75393],[-0.499259,50.735951]]]}},{"type":"Feature","properties":{"sp":"cuttlefish","n":2,"res":2000},"geometry":{"type":"Polygon","coordinates":[[[-0.443194,50.717229],[-0.414875,50.716848],[-0.414268,50.734826],[-0.442598,50.735208],[-0.443194,50.717229]]]}},{"type":"Feature","properties":{"sp":"cuttlefish","n":2,"res":2000},"geometry":{"type":"Polygon","coordinates":[[[-0.441404,50.771165],[-0.413052,50.770783],[-0.412444,50.788761],[-0.440806,50.789144],[-0.441404,50.771165]]]}},{"type":"Feature","properties":{"sp":"cuttlefish","n":2,"res":2000},"geometry":{"type":"Polygon","coordinates":[[[-0.414875,50.716848],[-0.386556,50.716459],[-0.385939,50.734437],[-0.414268,50.734826],[-0.414875,50.716848]]]}},{"type":"Feature","properties":{"sp":"cuttlefish","n":2,"res":2000},"geometry":{"type":"Polygon","coordinates":[[[-0.328642,50.751617],[-0.300304,50.751207],[-0.299653,50.769185],[-0.328002,50.769595],[-0.328642,50.751617]]]}},{"type":"Feature","properties":{"sp":"cuttlefish","n":2,"res":2000},"geometry":{"type":"Polygon","coordinates":[[[0.012138,50.764222],[0.040479,50.763729],[0.041261,50.781703],[0.01291,50.782196],[0.012138,50.764222]]]}},{"type":"Feature","properties":{"sp":"cuttlefish","n":2,"res":2000},"geometry":{"type":"Polygon","coordinates":[[[0.040479,50.763729],[0.068818,50.76323],[0.069611,50.781203],[0.041261,50.781703],[0.040479,50.763729]]]}},{"type":"Feature","properties":{"sp":"cuttlefish","n":2,"res":2000},"geometry":{"type":"Polygon","coordinates":[[[0.093948,50.69083],[0.122243,50.690319],[0.123055,50.708292],[0.094749,50.708804],[0.093948,50.69083]]]}},{"type":"Feature","properties":{"sp":"cuttlefish","n":2,"res":2000},"geometry":{"type":"Polygon","coordinates":[[[0.153006,50.743718],[0.181331,50.743191],[0.182167,50.761164],[0.153831,50.76169],[0.153006,50.743718]]]}},{"type":"Feature","properties":{"sp":"cuttlefish","n":1,"res":2000},"geometry":{"type":"Polygon","coordinates":[[[-4.582494,50.77096],[-4.554161,50.771584],[-4.55514,50.789551],[-4.583485,50.788926],[-4.582494,50.77096]]]}},{"type":"Feature","properties":{"sp":"cuttlefish","n":1,"res":2000},"geometry":{"type":"Polygon","coordinates":[[[-4.510021,51.006391],[-4.481542,51.007],[-4.482502,51.024967],[-4.510992,51.024358],[-4.510021,51.006391]]]}},{"type":"Feature","properties":{"sp":"cuttlefish","n":1,"res":2000},"geometry":{"type":"Polygon","coordinates":[[[-4.424582,51.008197],[-4.396101,51.008785],[-4.397028,51.026753],[-4.42552,51.026165],[-4.424582,51.008197]]]}},{"type":"Feature","properties":{"sp":"cuttlefish","n":1,"res":2000},"geometry":{"type":"Polygon","coordinates":[[[-4.257172,51.083502],[-4.228641,51.084049],[-4.229506,51.10202],[-4.258048,51.101472],[-4.257172,51.083502]]]}},{"type":"Feature","properties":{"sp":"cuttlefish","n":1,"res":2000},"geometry":{"type":"Polygon","coordinates":[[[-1.433793,50.798188],[-1.405416,50.798047],[-1.405188,50.816031],[-1.433576,50.816172],[-1.433793,50.798188]]]}},{"type":"Feature","properties":{"sp":"cuttlefish","n":1,"res":2000},"geometry":{"type":"Polygon","coordinates":[[[-1.347912,50.851695],[-1.319503,50.851533],[-1.319241,50.869517],[-1.347661,50.869679],[-1.347912,50.851695]]]}},{"type":"Feature","properties":{"sp":"cuttlefish","n":1,"res":2000},"geometry":{"type":"Polygon","coordinates":[[[-1.320025,50.815566],[-1.291638,50.815397],[-1.291366,50.833381],[-1.319764,50.83355],[-1.320025,50.815566]]]}},{"type":"Feature","properties":{"sp":"cuttlefish","n":1,"res":2000},"geometry":{"type":"Polygon","coordinates":[[[-1.319764,50.83355],[-1.291366,50.833381],[-1.291094,50.851364],[-1.319503,50.851533],[-1.319764,50.83355]]]}},{"type":"Feature","properties":{"sp":"cuttlefish","n":1,"res":2000},"geometry":{"type":"Polygon","coordinates":[[[-1.291638,50.815397],[-1.263251,50.815221],[-1.262968,50.833205],[-1.291366,50.833381],[-1.291638,50.815397]]]}},{"type":"Feature","properties":{"sp":"cuttlefish","n":1,"res":2000},"geometry":{"type":"Polygon","coordinates":[[[-1.235159,50.797055],[-1.206783,50.796866],[-1.206479,50.814849],[-1.234865,50.815039],[-1.235159,50.797055]]]}},{"type":"Feature","properties":{"sp":"cuttlefish","n":1,"res":2000},"geometry":{"type":"Polygon","coordinates":[[[-1.234571,50.833022],[-1.206174,50.832832],[-1.205869,50.850816],[-1.234277,50.851005],[-1.234571,50.833022]]]}},{"type":"Feature","properties":{"sp":"cuttlefish","n":1,"res":2000},"geometry":{"type":"Polygon","coordinates":[[[-0.922637,50.812574],[-0.894254,50.812308],[-0.89383,50.83029],[-0.922223,50.830556],[-0.922637,50.812574]]]}},{"type":"Feature","properties":{"sp":"cuttlefish","n":1,"res":2000},"geometry":{"type":"Polygon","coordinates":[[[-0.866308,50.794055],[-0.837938,50.793775],[-0.837492,50.811757],[-0.865873,50.812036],[-0.866308,50.794055]]]}},{"type":"Feature","properties":{"sp":"cuttlefish","n":1,"res":2000},"geometry":{"type":"Polygon","coordinates":[[[-0.610992,50.791294],[-0.582627,50.790953],[-0.582083,50.808933],[-0.610459,50.809274],[-0.610992,50.791294]]]}},{"type":"Feature","properties":{"sp":"cuttlefish","n":1,"res":2000},"geometry":{"type":"Polygon","coordinates":[[[-5.659159,50.022388],[-5.631296,50.023265],[-5.632652,50.041216],[-5.660525,50.040339],[-5.659159,50.022388]]]}},{"type":"Feature","properties":{"sp":"cuttlefish","n":1,"res":2000},"geometry":{"type":"Polygon","coordinates":[[[-5.721828,50.110363],[-5.693917,50.111255],[-5.6953,50.129205],[-5.723222,50.128312],[-5.721828,50.110363]]]}},{"type":"Feature","properties":{"sp":"cuttlefish","n":1,"res":2000},"geometry":{"type":"Polygon","coordinates":[[[-5.604778,50.042086],[-5.576902,50.04295],[-5.578238,50.060902],[-5.606124,50.060038],[-5.604778,50.042086]]]}},{"type":"Feature","properties":{"sp":"cuttlefish","n":1,"res":2000},"geometry":{"type":"Polygon","coordinates":[[[-5.576902,50.04295],[-5.549025,50.043807],[-5.550351,50.06176],[-5.578238,50.060902],[-5.576902,50.04295]]]}},{"type":"Feature","properties":{"sp":"cuttlefish","n":1,"res":2000},"geometry":{"type":"Polygon","coordinates":[[[-5.553007,50.097665],[-5.525098,50.098517],[-5.526417,50.11647],[-5.554337,50.115618],[-5.553007,50.097665]]]}},{"type":"Feature","properties":{"sp":"cuttlefish","n":1,"res":2000},"geometry":{"type":"Polygon","coordinates":[[[-5.523779,50.080564],[-5.495879,50.081408],[-5.497187,50.099362],[-5.525098,50.098517],[-5.523779,50.080564]]]}},{"type":"Feature","properties":{"sp":"cuttlefish","n":1,"res":2000},"geometry":{"type":"Polygon","coordinates":[[[-5.526417,50.11647],[-5.498496,50.117316],[-5.499807,50.13527],[-5.527738,50.134423],[-5.526417,50.11647]]]}},{"type":"Feature","properties":{"sp":"cuttlefish","n":1,"res":2000},"geometry":{"type":"Polygon","coordinates":[[[-5.384264,50.08472],[-5.356357,50.085531],[-5.357613,50.103487],[-5.38553,50.102676],[-5.384264,50.08472]]]}},{"type":"Feature","properties":{"sp":"cuttlefish","n":1,"res":2000},"geometry":{"type":"Polygon","coordinates":[[[-5.42242,50.227543],[-5.394431,50.228365],[-5.395708,50.24632],[-5.423708,50.245497],[-5.42242,50.227543]]]}},{"type":"Feature","properties":{"sp":"cuttlefish","n":1,"res":2000},"geometry":{"type":"Polygon","coordinates":[[[-5.267741,50.016092],[-5.239871,50.016874],[-5.24108,50.034833],[-5.268961,50.03405],[-5.267741,50.016092]]]}},{"type":"Feature","properties":{"sp":"cuttlefish","n":1,"res":2000},"geometry":{"type":"Polygon","coordinates":[[[-5.236249,49.962998],[-5.208408,49.963772],[-5.209604,49.981731],[-5.237455,49.980957],[-5.236249,49.962998]]]}},{"type":"Feature","properties":{"sp":"cuttlefish","n":1,"res":2000},"geometry":{"type":"Polygon","coordinates":[[[-5.268961,50.03405],[-5.24108,50.034833],[-5.242291,50.052792],[-5.270182,50.052008],[-5.268961,50.03405]]]}},{"type":"Feature","properties":{"sp":"cuttlefish","n":1,"res":2000},"geometry":{"type":"Polygon","coordinates":[[[-5.256916,50.268289],[-5.228899,50.269072],[-5.230115,50.28703],[-5.258143,50.286247],[-5.256916,50.268289]]]}},{"type":"Feature","properties":{"sp":"cuttlefish","n":1,"res":2000},"geometry":{"type":"Polygon","coordinates":[[[-5.259371,50.304204],[-5.231332,50.304988],[-5.232551,50.322946],[-5.260601,50.322162],[-5.259371,50.304204]]]}},{"type":"Feature","properties":{"sp":"cuttlefish","n":1,"res":2000},"geometry":{"type":"Polygon","coordinates":[[[-5.207214,49.945812],[-5.179382,49.946579],[-5.180567,49.964539],[-5.208408,49.963772],[-5.207214,49.945812]]]}},{"type":"Feature","properties":{"sp":"cuttlefish","n":1,"res":2000},"geometry":{"type":"Polygon","coordinates":[[[-5.181752,49.982499],[-5.153898,49.983261],[-5.155074,50.001221],[-5.182938,50.000459],[-5.181752,49.982499]]]}},{"type":"Feature","properties":{"sp":"cuttlefish","n":1,"res":2000},"geometry":{"type":"Polygon","coordinates":[[[-5.182938,50.000459],[-5.155074,50.001221],[-5.156252,50.019181],[-5.184126,50.018419],[-5.182938,50.000459]]]}},{"type":"Feature","properties":{"sp":"cuttlefish","n":1,"res":2000},"geometry":{"type":"Polygon","coordinates":[[[-5.203293,50.305765],[-5.175251,50.306535],[-5.176449,50.324494],[-5.204501,50.323723],[-5.203293,50.305765]]]}},{"type":"Feature","properties":{"sp":"cuttlefish","n":1,"res":2000},"geometry":{"type":"Polygon","coordinates":[[[-5.15435,50.415053],[-5.126243,50.415813],[-5.127427,50.433772],[-5.155544,50.433012],[-5.15435,50.415053]]]}},{"type":"Feature","properties":{"sp":"cuttlefish","n":1,"res":2000},"geometry":{"type":"Polygon","coordinates":[[[-5.076068,50.075312],[-5.048158,50.076049],[-5.049299,50.094011],[-5.077219,50.093274],[-5.076068,50.075312]]]}},{"type":"Feature","properties":{"sp":"cuttlefish","n":1,"res":2000},"geometry":{"type":"Polygon","coordinates":[[[-5.077219,50.093274],[-5.049299,50.094011],[-5.05044,50.111973],[-5.078371,50.111235],[-5.077219,50.093274]]]}},{"type":"Feature","properties":{"sp":"cuttlefish","n":1,"res":2000},"geometry":{"type":"Polygon","coordinates":[[[-5.05044,50.111973],[-5.022508,50.112704],[-5.023641,50.130666],[-5.051583,50.129935],[-5.05044,50.111973]]]}},{"type":"Feature","properties":{"sp":"cuttlefish","n":1,"res":2000},"geometry":{"type":"Polygon","coordinates":[[[-4.993454,50.095466],[-4.965531,50.096183],[-4.966641,50.114146],[-4.994575,50.113429],[-4.993454,50.095466]]]}},{"type":"Feature","properties":{"sp":"cuttlefish","n":1,"res":2000},"geometry":{"type":"Polygon","coordinates":[[[-5.053872,50.165858],[-5.025909,50.16659],[-5.027045,50.184552],[-5.055018,50.183819],[-5.053872,50.165858]]]}},{"type":"Feature","properties":{"sp":"cuttlefish","n":1,"res":2000},"geometry":{"type":"Polygon","coordinates":[[[-5.025909,50.16659],[-4.997944,50.167316],[-4.99907,50.185278],[-5.027045,50.184552],[-5.025909,50.16659]]]}},{"type":"Feature","properties":{"sp":"cuttlefish","n":1,"res":2000},"geometry":{"type":"Polygon","coordinates":[[[-4.967752,50.132109],[-4.939807,50.132821],[-4.940909,50.150784],[-4.968865,50.150072],[-4.967752,50.132109]]]}},{"type":"Feature","properties":{"sp":"cuttlefish","n":1,"res":2000},"geometry":{"type":"Polygon","coordinates":[[[-5.070026,50.417311],[-5.041915,50.41805],[-5.043067,50.436011],[-5.071188,50.435272],[-5.070026,50.417311]]]}},{"type":"Feature","properties":{"sp":"cuttlefish","n":1,"res":2000},"geometry":{"type":"Polygon","coordinates":[[[-5.073517,50.471192],[-5.045375,50.471933],[-5.04653,50.489893],[-5.074683,50.489152],[-5.073517,50.471192]]]}},{"type":"Feature","properties":{"sp":"cuttlefish","n":1,"res":2000},"geometry":{"type":"Polygon","coordinates":[[[-5.047687,50.507854],[-5.019522,50.508588],[-5.020669,50.526549],[-5.048845,50.525814],[-5.047687,50.507854]]]}},{"type":"Feature","properties":{"sp":"cuttlefish","n":1,"res":2000},"geometry":{"type":"Polygon","coordinates":[[[-5.021818,50.54451],[-4.99363,50.545239],[-4.994769,50.5632],[-5.022967,50.562471],[-5.021818,50.54451]]]}},{"type":"Feature","properties":{"sp":"cuttlefish","n":1,"res":2000},"geometry":{"type":"Polygon","coordinates":[[[-4.915138,50.187417],[-4.887159,50.188116],[-4.888244,50.20608],[-4.916234,50.205381],[-4.915138,50.187417]]]}},{"type":"Feature","properties":{"sp":"cuttlefish","n":1,"res":2000},"geometry":{"type":"Polygon","coordinates":[[[-4.883063,50.584012],[-4.854848,50.584707],[-4.855936,50.602671],[-4.884161,50.601975],[-4.883063,50.584012]]]}},{"type":"Feature","properties":{"sp":"cuttlefish","n":1,"res":2000},"geometry":{"type":"Polygon","coordinates":[[[-4.749312,50.227445],[-4.721305,50.228104],[-4.722329,50.246071],[-4.750346,50.245411],[-4.749312,50.227445]]]}},{"type":"Feature","properties":{"sp":"cuttlefish","n":1,"res":2000},"geometry":{"type":"Polygon","coordinates":[[[-4.753455,50.299309],[-4.725406,50.29997],[-4.726434,50.317936],[-4.754494,50.317274],[-4.753455,50.299309]]]}},{"type":"Feature","properties":{"sp":"cuttlefish","n":1,"res":2000},"geometry":{"type":"Polygon","coordinates":[[[-4.725406,50.29997],[-4.697357,50.300625],[-4.698374,50.318591],[-4.726434,50.317936],[-4.725406,50.29997]]]}},{"type":"Feature","properties":{"sp":"cuttlefish","n":1,"res":2000},"geometry":{"type":"Polygon","coordinates":[[[-4.669306,50.301273],[-4.641254,50.301914],[-4.64225,50.319881],[-4.670313,50.31924],[-4.669306,50.301273]]]}},{"type":"Feature","properties":{"sp":"cuttlefish","n":1,"res":2000},"geometry":{"type":"Polygon","coordinates":[[[-4.474789,50.341559],[-4.446709,50.342153],[-4.447633,50.360123],[-4.475724,50.359528],[-4.474789,50.341559]]]}},{"type":"Feature","properties":{"sp":"cuttlefish","n":1,"res":2000},"geometry":{"type":"Polygon","coordinates":[[[-4.445785,50.324183],[-4.417715,50.32477],[-4.418628,50.342741],[-4.446709,50.342153],[-4.445785,50.324183]]]}},{"type":"Feature","properties":{"sp":"cuttlefish","n":1,"res":2000},"geometry":{"type":"Polygon","coordinates":[[[-4.446709,50.342153],[-4.418628,50.342741],[-4.419542,50.360711],[-4.447633,50.360123],[-4.446709,50.342153]]]}},{"type":"Feature","properties":{"sp":"cuttlefish","n":1,"res":2000},"geometry":{"type":"Polygon","coordinates":[[[-4.418628,50.342741],[-4.390546,50.343322],[-4.391449,50.361293],[-4.419542,50.360711],[-4.418628,50.342741]]]}},{"type":"Feature","properties":{"sp":"cuttlefish","n":1,"res":2000},"geometry":{"type":"Polygon","coordinates":[[[-4.305425,50.327052],[-4.27735,50.327606],[-4.27821,50.345578],[-4.306296,50.345024],[-4.305425,50.327052]]]}},{"type":"Feature","properties":{"sp":"cuttlefish","n":1,"res":2000},"geometry":{"type":"Polygon","coordinates":[[[-4.27735,50.327606],[-4.249275,50.328153],[-4.250124,50.346125],[-4.27821,50.345578],[-4.27735,50.327606]]]}},{"type":"Feature","properties":{"sp":"cuttlefish","n":1,"res":2000},"geometry":{"type":"Polygon","coordinates":[[[-4.164226,50.311779],[-4.136158,50.312298],[-4.136964,50.330272],[-4.165043,50.329753],[-4.164226,50.311779]]]}},{"type":"Feature","properties":{"sp":"cuttlefish","n":1,"res":2000},"geometry":{"type":"Polygon","coordinates":[[[-4.137771,50.348246],[-4.109681,50.34876],[-4.110478,50.366734],[-4.138579,50.36622],[-4.137771,50.348246]]]}},{"type":"Feature","properties":{"sp":"cuttlefish","n":1,"res":2000},"geometry":{"type":"Polygon","coordinates":[[[-4.079234,50.295342],[-4.051174,50.295841],[-4.051948,50.313816],[-4.080018,50.313317],[-4.079234,50.295342]]]}},{"type":"Feature","properties":{"sp":"cuttlefish","n":1,"res":2000},"geometry":{"type":"Polygon","coordinates":[[[-4.023113,50.296333],[-3.995051,50.296818],[-3.995804,50.314794],[-4.023876,50.314308],[-4.023113,50.296333]]]}},{"type":"Feature","properties":{"sp":"cuttlefish","n":1,"res":2000},"geometry":{"type":"Polygon","coordinates":[[[-3.964028,50.225392],[-3.936007,50.225862],[-3.936735,50.243839],[-3.964767,50.243368],[-3.964028,50.225392]]]}},{"type":"Feature","properties":{"sp":"cuttlefish","n":1,"res":2000},"geometry":{"type":"Polygon","coordinates":[[[-3.851243,50.209255],[-3.823229,50.209699],[-3.823915,50.227676],[-3.851939,50.227233],[-3.851243,50.209255]]]}},{"type":"Feature","properties":{"sp":"cuttlefish","n":1,"res":2000},"geometry":{"type":"Polygon","coordinates":[[[-3.964767,50.243368],[-3.936735,50.243839],[-3.937465,50.261815],[-3.965507,50.261344],[-3.964767,50.243368]]]}},{"type":"Feature","properties":{"sp":"cuttlefish","n":1,"res":2000},"geometry":{"type":"Polygon","coordinates":[[[-3.909422,50.262279],[-3.881378,50.262737],[-3.882087,50.280714],[-3.910141,50.280256],[-3.909422,50.262279]]]}},{"type":"Feature","properties":{"sp":"cuttlefish","n":1,"res":2000},"geometry":{"type":"Polygon","coordinates":[[[-3.910141,50.280256],[-3.882087,50.280714],[-3.882796,50.298691],[-3.910861,50.298233],[-3.910141,50.280256]]]}},{"type":"Feature","properties":{"sp":"cuttlefish","n":1,"res":2000},"geometry":{"type":"Polygon","coordinates":[[[-3.79589,50.228113],[-3.767865,50.228543],[-3.76853,50.246521],[-3.796566,50.246091],[-3.79589,50.228113]]]}},{"type":"Feature","properties":{"sp":"cuttlefish","n":1,"res":2000},"geometry":{"type":"Polygon","coordinates":[[[-3.766536,50.192586],[-3.738531,50.193009],[-3.739184,50.210988],[-3.7672,50.210565],[-3.766536,50.192586]]]}},{"type":"Feature","properties":{"sp":"cuttlefish","n":1,"res":2000},"geometry":{"type":"Polygon","coordinates":[[[-3.767865,50.228543],[-3.739839,50.228966],[-3.740493,50.246945],[-3.76853,50.246521],[-3.767865,50.228543]]]}},{"type":"Feature","properties":{"sp":"cuttlefish","n":1,"res":2000},"geometry":{"type":"Polygon","coordinates":[[[-3.711168,50.211404],[-3.683151,50.211813],[-3.683784,50.229792],[-3.711812,50.229383],[-3.711168,50.211404]]]}},{"type":"Feature","properties":{"sp":"cuttlefish","n":1,"res":2000},"geometry":{"type":"Polygon","coordinates":[[[-3.679996,50.121917],[-3.652031,50.122318],[-3.65265,50.140298],[-3.680626,50.139896],[-3.679996,50.121917]]]}},{"type":"Feature","properties":{"sp":"cuttlefish","n":1,"res":2000},"geometry":{"type":"Polygon","coordinates":[[[-3.624065,50.122713],[-3.596099,50.1231],[-3.596697,50.141081],[-3.624674,50.140693],[-3.624065,50.122713]]]}},{"type":"Feature","properties":{"sp":"cuttlefish","n":1,"res":2000},"geometry":{"type":"Polygon","coordinates":[[[-3.682519,50.193834],[-3.654512,50.194236],[-3.655134,50.212216],[-3.683151,50.211813],[-3.682519,50.193834]]]}},{"type":"Feature","properties":{"sp":"cuttlefish","n":1,"res":2000},"geometry":{"type":"Polygon","coordinates":[[[-3.683151,50.211813],[-3.655134,50.212216],[-3.655756,50.230195],[-3.683784,50.229792],[-3.683151,50.211813]]]}},{"type":"Feature","properties":{"sp":"cuttlefish","n":1,"res":2000},"geometry":{"type":"Polygon","coordinates":[[[-3.600903,50.26694],[-3.572852,50.267323],[-3.573445,50.285303],[-3.601506,50.28492],[-3.600903,50.26694]]]}},{"type":"Feature","properties":{"sp":"cuttlefish","n":1,"res":2000},"geometry":{"type":"Polygon","coordinates":[[[-3.661387,50.392007],[-3.633263,50.392405],[-3.633882,50.410384],[-3.662016,50.409985],[-3.661387,50.392007]]]}},{"type":"Feature","properties":{"sp":"cuttlefish","n":1,"res":2000},"geometry":{"type":"Polygon","coordinates":[[[-3.603926,50.356838],[-3.575822,50.357222],[-3.576417,50.375202],[-3.604532,50.374817],[-3.603926,50.356838]]]}},{"type":"Feature","properties":{"sp":"cuttlefish","n":1,"res":2000},"geometry":{"type":"Polygon","coordinates":[[[-3.578208,50.429141],[-3.550061,50.429519],[-3.550649,50.447499],[-3.578806,50.44712],[-3.578208,50.429141]]]}},{"type":"Feature","properties":{"sp":"cuttlefish","n":1,"res":2000},"geometry":{"type":"Polygon","coordinates":[[[-3.546549,50.32164],[-3.518465,50.32201],[-3.519038,50.339991],[-3.547133,50.33962],[-3.546549,50.32164]]]}},{"type":"Feature","properties":{"sp":"cuttlefish","n":1,"res":2000},"geometry":{"type":"Polygon","coordinates":[[[-3.519038,50.339991],[-3.490943,50.340354],[-3.491506,50.358335],[-3.519612,50.357971],[-3.519038,50.339991]]]}},{"type":"Feature","properties":{"sp":"cuttlefish","n":1,"res":2000},"geometry":{"type":"Polygon","coordinates":[[[-3.520187,50.375951],[-3.49207,50.376315],[-3.492635,50.394295],[-3.520762,50.393931],[-3.520187,50.375951]]]}},{"type":"Feature","properties":{"sp":"cuttlefish","n":1,"res":2000},"geometry":{"type":"Polygon","coordinates":[[[-3.385898,50.593474],[-3.357651,50.593806],[-3.358169,50.611787],[-3.386427,50.611454],[-3.385898,50.593474]]]}},{"type":"Feature","properties":{"sp":"cuttlefish","n":1,"res":2000},"geometry":{"type":"Polygon","coordinates":[[[-3.15507,50.398138],[-3.126936,50.398414],[-3.127363,50.416397],[-3.155507,50.416121],[-3.15507,50.398138]]]}},{"type":"Feature","properties":{"sp":"cuttlefish","n":1,"res":2000},"geometry":{"type":"Polygon","coordinates":[[[-3.075971,50.632722],[-3.047697,50.63298],[-3.048097,50.650963],[-3.076382,50.650705],[-3.075971,50.632722]]]}},{"type":"Feature","properties":{"sp":"cuttlefish","n":1,"res":2000},"geometry":{"type":"Polygon","coordinates":[[[-3.047697,50.63298],[-3.019422,50.633231],[-3.019811,50.651214],[-3.048097,50.650963],[-3.047697,50.63298]]]}},{"type":"Feature","properties":{"sp":"cuttlefish","n":1,"res":2000},"geometry":{"type":"Polygon","coordinates":[[[-2.963976,50.687661],[-2.935668,50.687892],[-2.936026,50.705875],[-2.964345,50.705644],[-2.963976,50.687661]]]}},{"type":"Feature","properties":{"sp":"cuttlefish","n":1,"res":2000},"geometry":{"type":"Polygon","coordinates":[[[-2.93531,50.669909],[-2.907013,50.670132],[-2.90736,50.688116],[-2.935668,50.687892],[-2.93531,50.669909]]]}},{"type":"Feature","properties":{"sp":"cuttlefish","n":1,"res":2000},"geometry":{"type":"Polygon","coordinates":[[[-2.879051,50.688333],[-2.850742,50.688543],[-2.851067,50.706526],[-2.879387,50.706316],[-2.879051,50.688333]]]}},{"type":"Feature","properties":{"sp":"cuttlefish","n":1,"res":2000},"geometry":{"type":"Polygon","coordinates":[[[-2.964345,50.705644],[-2.936026,50.705875],[-2.936384,50.723858],[-2.964714,50.723627],[-2.964345,50.705644]]]}},{"type":"Feature","properties":{"sp":"cuttlefish","n":1,"res":2000},"geometry":{"type":"Polygon","coordinates":[[[-2.908054,50.724082],[-2.879724,50.724299],[-2.880061,50.742282],[-2.908402,50.742065],[-2.908054,50.724082]]]}},{"type":"Feature","properties":{"sp":"cuttlefish","n":1,"res":2000},"geometry":{"type":"Polygon","coordinates":[[[-2.850417,50.670559],[-2.822118,50.670762],[-2.822432,50.688746],[-2.850742,50.688543],[-2.850417,50.670559]]]}},{"type":"Feature","properties":{"sp":"cuttlefish","n":1,"res":2000},"geometry":{"type":"Polygon","coordinates":[[[-2.794123,50.688942],[-2.765812,50.689132],[-2.766106,50.707116],[-2.794426,50.706926],[-2.794123,50.688942]]]}},{"type":"Feature","properties":{"sp":"cuttlefish","n":1,"res":2000},"geometry":{"type":"Polygon","coordinates":[[[-2.765812,50.689132],[-2.737502,50.689314],[-2.737784,50.707298],[-2.766106,50.707116],[-2.765812,50.689132]]]}},{"type":"Feature","properties":{"sp":"cuttlefish","n":1,"res":2000},"geometry":{"type":"Polygon","coordinates":[[[-2.73722,50.67133],[-2.70892,50.671506],[-2.709191,50.68949],[-2.737502,50.689314],[-2.73722,50.67133]]]}},{"type":"Feature","properties":{"sp":"cuttlefish","n":1,"res":2000},"geometry":{"type":"Polygon","coordinates":[[[-2.623781,50.654007],[-2.595491,50.654155],[-2.595718,50.67214],[-2.624019,50.671992],[-2.623781,50.654007]]]}},{"type":"Feature","properties":{"sp":"cuttlefish","n":1,"res":2000},"geometry":{"type":"Polygon","coordinates":[[[-2.537883,50.564506],[-2.509646,50.564633],[-2.50984,50.582619],[-2.538088,50.582491],[-2.537883,50.564506]]]}},{"type":"Feature","properties":{"sp":"cuttlefish","n":1,"res":2000},"geometry":{"type":"Polygon","coordinates":[[[-2.481226,50.546768],[-2.452999,50.546882],[-2.453172,50.564867],[-2.481409,50.564754],[-2.481226,50.546768]]]}},{"type":"Feature","properties":{"sp":"cuttlefish","n":1,"res":2000},"geometry":{"type":"Polygon","coordinates":[[[-2.481592,50.582739],[-2.453344,50.582852],[-2.453517,50.600837],[-2.481776,50.600724],[-2.481592,50.582739]]]}},{"type":"Feature","properties":{"sp":"cuttlefish","n":1,"res":2000},"geometry":{"type":"Polygon","coordinates":[[[-2.453344,50.582852],[-2.425096,50.582959],[-2.425258,50.600944],[-2.453517,50.600837],[-2.453344,50.582852]]]}},{"type":"Feature","properties":{"sp":"cuttlefish","n":1,"res":2000},"geometry":{"type":"Polygon","coordinates":[[[-2.424773,50.546988],[-2.396546,50.547088],[-2.396697,50.565073],[-2.424934,50.564974],[-2.424773,50.546988]]]}},{"type":"Feature","properties":{"sp":"cuttlefish","n":1,"res":2000},"geometry":{"type":"Polygon","coordinates":[[[-2.312102,50.583317],[-2.283853,50.583389],[-2.283961,50.601374],[-2.312221,50.601302],[-2.312102,50.583317]]]}},{"type":"Feature","properties":{"sp":"cuttlefish","n":1,"res":2000},"geometry":{"type":"Polygon","coordinates":[[[-2.368881,50.619122],[-2.34061,50.619208],[-2.340741,50.637194],[-2.369022,50.637107],[-2.368881,50.619122]]]}},{"type":"Feature","properties":{"sp":"cuttlefish","n":1,"res":2000},"geometry":{"type":"Polygon","coordinates":[[[-2.31234,50.619288],[-2.28407,50.61936],[-2.284178,50.637345],[-2.312459,50.637273],[-2.31234,50.619288]]]}},{"type":"Feature","properties":{"sp":"cuttlefish","n":1,"res":2000},"geometry":{"type":"Polygon","coordinates":[[[-2.19903,50.565579],[-2.170791,50.565624],[-2.170856,50.58361],[-2.199106,50.583565],[-2.19903,50.565579]]]}},{"type":"Feature","properties":{"sp":"cuttlefish","n":1,"res":2000},"geometry":{"type":"Polygon","coordinates":[[[-2.170922,50.601595],[-2.142662,50.601634],[-2.142716,50.619619],[-2.170987,50.619581],[-2.170922,50.601595]]]}},{"type":"Feature","properties":{"sp":"cuttlefish","n":1,"res":2000},"geometry":{"type":"Polygon","coordinates":[[[-2.142607,50.583648],[-2.114358,50.583679],[-2.114401,50.601665],[-2.142662,50.601634],[-2.142607,50.583648]]]}},{"type":"Feature","properties":{"sp":"cuttlefish","n":1,"res":2000},"geometry":{"type":"Polygon","coordinates":[[[-2.086108,50.583703],[-2.057859,50.583721],[-2.057881,50.601707],[-2.086141,50.601689],[-2.086108,50.583703]]]}},{"type":"Feature","properties":{"sp":"cuttlefish","n":1,"res":2000},"geometry":{"type":"Polygon","coordinates":[[[-1.97311,50.583732],[-1.944861,50.583723],[-1.94484,50.601708],[-1.9731,50.601718],[-1.97311,50.583732]]]}},{"type":"Feature","properties":{"sp":"cuttlefish","n":1,"res":2000},"geometry":{"type":"Polygon","coordinates":[[[-1.888319,50.601668],[-1.860059,50.601637],[-1.860006,50.619623],[-1.888277,50.619654],[-1.888319,50.601668]]]}},{"type":"Feature","properties":{"sp":"cuttlefish","n":1,"res":2000},"geometry":{"type":"Polygon","coordinates":[[[-2.001363,50.673664],[-1.973059,50.673661],[-1.973049,50.691646],[-2.001363,50.691649],[-2.001363,50.673664]]]}},{"type":"Feature","properties":{"sp":"cuttlefish","n":1,"res":2000},"geometry":{"type":"Polygon","coordinates":[[[-1.916516,50.637663],[-1.888234,50.637639],[-1.888192,50.655625],[-1.916484,50.655648],[-1.916516,50.637663]]]}},{"type":"Feature","properties":{"sp":"cuttlefish","n":1,"res":2000},"geometry":{"type":"Polygon","coordinates":[[[-1.888064,50.709581],[-1.859739,50.70955],[-1.859685,50.727536],[-1.888021,50.727566],[-1.888064,50.709581]]]}},{"type":"Feature","properties":{"sp":"cuttlefish","n":1,"res":2000},"geometry":{"type":"Polygon","coordinates":[[[-1.831799,50.6016],[-1.803539,50.601556],[-1.803464,50.619542],[-1.831735,50.619586],[-1.831799,50.6016]]]}},{"type":"Feature","properties":{"sp":"cuttlefish","n":1,"res":2000},"geometry":{"type":"Polygon","coordinates":[[[-1.859899,50.655594],[-1.831607,50.655557],[-1.831542,50.673542],[-1.859846,50.67358],[-1.859899,50.655594]]]}},{"type":"Feature","properties":{"sp":"cuttlefish","n":1,"res":2000},"geometry":{"type":"Polygon","coordinates":[[[-1.831542,50.673542],[-1.803239,50.673498],[-1.803164,50.691483],[-1.831478,50.691528],[-1.831542,50.673542]]]}},{"type":"Feature","properties":{"sp":"cuttlefish","n":1,"res":2000},"geometry":{"type":"Polygon","coordinates":[[[-1.803239,50.673498],[-1.774936,50.673447],[-1.77485,50.691432],[-1.803164,50.691483],[-1.803239,50.673498]]]}},{"type":"Feature","properties":{"sp":"cuttlefish","n":1,"res":2000},"geometry":{"type":"Polygon","coordinates":[[[-1.775193,50.619491],[-1.746923,50.619433],[-1.746826,50.637418],[-1.775108,50.637476],[-1.775193,50.619491]]]}},{"type":"Feature","properties":{"sp":"cuttlefish","n":1,"res":2000},"geometry":{"type":"Polygon","coordinates":[[[-1.859739,50.70955],[-1.831414,50.709513],[-1.831349,50.727498],[-1.859685,50.727536],[-1.859739,50.70955]]]}},{"type":"Feature","properties":{"sp":"cuttlefish","n":1,"res":2000},"geometry":{"type":"Polygon","coordinates":[[[-1.746439,50.709359],[-1.718115,50.709294],[-1.718007,50.727279],[-1.746342,50.727344],[-1.746439,50.709359]]]}},{"type":"Feature","properties":{"sp":"cuttlefish","n":1,"res":2000},"geometry":{"type":"Polygon","coordinates":[[[-1.60662,50.493142],[-1.578425,50.493044],[-1.578265,50.511029],[-1.60647,50.511128],[-1.60662,50.493142]]]}},{"type":"Feature","properties":{"sp":"cuttlefish","n":1,"res":2000},"geometry":{"type":"Polygon","coordinates":[[[-1.690145,50.655267],[-1.661853,50.655188],[-1.661724,50.673173],[-1.690027,50.673252],[-1.690145,50.655267]]]}},{"type":"Feature","properties":{"sp":"cuttlefish","n":1,"res":2000},"geometry":{"type":"Polygon","coordinates":[[[-1.690027,50.673252],[-1.661724,50.673173],[-1.661595,50.691159],[-1.689909,50.691237],[-1.690027,50.673252]]]}},{"type":"Feature","properties":{"sp":"cuttlefish","n":1,"res":2000},"geometry":{"type":"Polygon","coordinates":[[[-1.605571,50.61904],[-1.577301,50.618941],[-1.57714,50.636926],[-1.605421,50.637025],[-1.605571,50.61904]]]}},{"type":"Feature","properties":{"sp":"cuttlefish","n":1,"res":2000},"geometry":{"type":"Polygon","coordinates":[[[-1.605421,50.637025],[-1.57714,50.636926],[-1.576979,50.654911],[-1.60527,50.655011],[-1.605421,50.637025]]]}},{"type":"Feature","properties":{"sp":"cuttlefish","n":1,"res":2000},"geometry":{"type":"Polygon","coordinates":[[[-1.60527,50.655011],[-1.576979,50.654911],[-1.576817,50.672896],[-1.605119,50.672996],[-1.60527,50.655011]]]}},{"type":"Feature","properties":{"sp":"cuttlefish","n":1,"res":2000},"geometry":{"type":"Polygon","coordinates":[[[-1.718007,50.727279],[-1.689672,50.727208],[-1.689553,50.745193],[-1.717899,50.745265],[-1.718007,50.727279]]]}},{"type":"Feature","properties":{"sp":"cuttlefish","n":1,"res":2000},"geometry":{"type":"Polygon","coordinates":[[[-1.548687,50.654805],[-1.520396,50.654692],[-1.520213,50.672677],[-1.548515,50.67279],[-1.548687,50.654805]]]}},{"type":"Feature","properties":{"sp":"cuttlefish","n":1,"res":2000},"geometry":{"type":"Polygon","coordinates":[[[-1.492492,50.618603],[-1.464223,50.618476],[-1.464019,50.636461],[-1.492299,50.636588],[-1.492492,50.618603]]]}},{"type":"Feature","properties":{"sp":"cuttlefish","n":1,"res":2000},"geometry":{"type":"Polygon","coordinates":[[[-1.491717,50.690542],[-1.463405,50.690415],[-1.463199,50.7084],[-1.491523,50.708527],[-1.491717,50.690542]]]}},{"type":"Feature","properties":{"sp":"cuttlefish","n":1,"res":2000},"geometry":{"type":"Polygon","coordinates":[[[-1.464223,50.618476],[-1.435954,50.618343],[-1.435739,50.636328],[-1.464019,50.636461],[-1.464223,50.618476]]]}},{"type":"Feature","properties":{"sp":"cuttlefish","n":1,"res":2000},"geometry":{"type":"Polygon","coordinates":[[[-1.464019,50.636461],[-1.435739,50.636328],[-1.435524,50.654312],[-1.463814,50.654446],[-1.464019,50.636461]]]}},{"type":"Feature","properties":{"sp":"cuttlefish","n":1,"res":2000},"geometry":{"type":"Polygon","coordinates":[[[-1.576493,50.708866],[-1.54817,50.70876],[-1.547997,50.726745],[-1.576331,50.726851],[-1.576493,50.708866]]]}},{"type":"Feature","properties":{"sp":"cuttlefish","n":1,"res":2000},"geometry":{"type":"Polygon","coordinates":[[[-1.519479,50.744616],[-1.491133,50.744496],[-1.490938,50.762481],[-1.519294,50.762601],[-1.519479,50.744616]]]}},{"type":"Feature","properties":{"sp":"cuttlefish","n":1,"res":2000},"geometry":{"type":"Polygon","coordinates":[[[-1.436169,50.600358],[-1.407911,50.600218],[-1.407685,50.618203],[-1.435954,50.618343],[-1.436169,50.600358]]]}},{"type":"Feature","properties":{"sp":"cuttlefish","n":1,"res":2000},"geometry":{"type":"Polygon","coordinates":[[[-1.323654,50.563787],[-1.295418,50.56362],[-1.29515,50.581605],[-1.323396,50.581772],[-1.323654,50.563787]]]}},{"type":"Feature","properties":{"sp":"cuttlefish","n":1,"res":2000},"geometry":{"type":"Polygon","coordinates":[[[-1.321846,50.689678],[-1.293535,50.68951],[-1.293265,50.707494],[-1.321587,50.707662],[-1.321846,50.689678]]]}},{"type":"Feature","properties":{"sp":"cuttlefish","n":1,"res":2000},"geometry":{"type":"Polygon","coordinates":[[[-1.43466,50.726251],[-1.406327,50.72611],[-1.406099,50.744094],[-1.434444,50.744235],[-1.43466,50.726251]]]}},{"type":"Feature","properties":{"sp":"cuttlefish","n":1,"res":2000},"geometry":{"type":"Polygon","coordinates":[[[-1.406554,50.708125],[-1.378231,50.707978],[-1.377993,50.725962],[-1.406327,50.72611],[-1.406554,50.708125]]]}},{"type":"Feature","properties":{"sp":"cuttlefish","n":1,"res":2000},"geometry":{"type":"Polygon","coordinates":[[[-1.405872,50.762078],[-1.377517,50.761931],[-1.377278,50.779915],[-1.405644,50.780063],[-1.405872,50.762078]]]}},{"type":"Feature","properties":{"sp":"cuttlefish","n":1,"res":2000},"geometry":{"type":"Polygon","coordinates":[[[-1.377755,50.743946],[-1.349411,50.743792],[-1.349162,50.761776],[-1.377517,50.761931],[-1.377755,50.743946]]]}},{"type":"Feature","properties":{"sp":"cuttlefish","n":1,"res":2000},"geometry":{"type":"Polygon","coordinates":[[[-1.321067,50.74363],[-1.292724,50.743462],[-1.292453,50.761446],[-1.320807,50.761614],[-1.321067,50.74363]]]}},{"type":"Feature","properties":{"sp":"cuttlefish","n":1,"res":2000},"geometry":{"type":"Polygon","coordinates":[[[-1.181856,50.59885],[-1.153601,50.598648],[-1.153278,50.616632],[-1.181545,50.616834],[-1.181856,50.59885]]]}},{"type":"Feature","properties":{"sp":"cuttlefish","n":1,"res":2000},"geometry":{"type":"Polygon","coordinates":[[[-1.292724,50.743462],[-1.264381,50.743287],[-1.264099,50.76127],[-1.292453,50.761446],[-1.292724,50.743462]]]}},{"type":"Feature","properties":{"sp":"cuttlefish","n":1,"res":2000},"geometry":{"type":"Polygon","coordinates":[[[-1.23633,50.725121],[-1.207998,50.724932],[-1.207695,50.742915],[-1.236038,50.743104],[-1.23633,50.725121]]]}},{"type":"Feature","properties":{"sp":"cuttlefish","n":1,"res":2000},"geometry":{"type":"Polygon","coordinates":[[[-1.235745,50.761088],[-1.207391,50.760899],[-1.207088,50.778882],[-1.235452,50.779072],[-1.235745,50.761088]]]}},{"type":"Feature","properties":{"sp":"cuttlefish","n":1,"res":2000},"geometry":{"type":"Polygon","coordinates":[[[-1.179667,50.724736],[-1.151336,50.724533],[-1.151011,50.742517],[-1.179353,50.742719],[-1.179667,50.724736]]]}},{"type":"Feature","properties":{"sp":"cuttlefish","n":1,"res":2000},"geometry":{"type":"Polygon","coordinates":[[[-1.054207,49.914369],[-1.026354,49.914139],[-1.025992,49.932124],[-1.053855,49.932355],[-1.054207,49.914369]]]}},{"type":"Feature","properties":{"sp":"cuttlefish","n":1,"res":2000},"geometry":{"type":"Polygon","coordinates":[[[-1.152955,50.634616],[-1.124679,50.634407],[-1.124344,50.65239],[-1.152632,50.652599],[-1.152955,50.634616]]]}},{"type":"Feature","properties":{"sp":"cuttlefish","n":1,"res":2000},"geometry":{"type":"Polygon","coordinates":[[[-1.124344,50.65239],[-1.096057,50.652174],[-1.095712,50.670158],[-1.12401,50.670374],[-1.124344,50.65239]]]}},{"type":"Feature","properties":{"sp":"cuttlefish","n":1,"res":2000},"geometry":{"type":"Polygon","coordinates":[[[-1.12401,50.670374],[-1.095712,50.670158],[-1.095366,50.688141],[-1.123675,50.688357],[-1.12401,50.670374]]]}},{"type":"Feature","properties":{"sp":"cuttlefish","n":1,"res":2000},"geometry":{"type":"Polygon","coordinates":[[[-1.096402,50.634191],[-1.068126,50.633968],[-1.06777,50.651952],[-1.096057,50.652174],[-1.096402,50.634191]]]}},{"type":"Feature","properties":{"sp":"cuttlefish","n":1,"res":2000},"geometry":{"type":"Polygon","coordinates":[[[-1.096057,50.652174],[-1.06777,50.651952],[-1.067414,50.669935],[-1.095712,50.670158],[-1.096057,50.652174]]]}},{"type":"Feature","properties":{"sp":"cuttlefish","n":1,"res":2000},"geometry":{"type":"Polygon","coordinates":[[[-1.095712,50.670158],[-1.067414,50.669935],[-1.067058,50.687918],[-1.095366,50.688141],[-1.095712,50.670158]]]}},{"type":"Feature","properties":{"sp":"cuttlefish","n":1,"res":2000},"geometry":{"type":"Polygon","coordinates":[[[-1.15166,50.70655],[-1.12334,50.70634],[-1.123005,50.724324],[-1.151336,50.724533],[-1.15166,50.70655]]]}},{"type":"Feature","properties":{"sp":"cuttlefish","n":1,"res":2000},"geometry":{"type":"Polygon","coordinates":[[[-1.122669,50.742307],[-1.094328,50.74209],[-1.093981,50.760073],[-1.122333,50.76029],[-1.122669,50.742307]]]}},{"type":"Feature","properties":{"sp":"cuttlefish","n":1,"res":2000},"geometry":{"type":"Polygon","coordinates":[[[-0.954627,50.650992],[-0.926342,50.650735],[-0.925932,50.668717],[-0.954228,50.668974],[-0.954627,50.650992]]]}},{"type":"Feature","properties":{"sp":"cuttlefish","n":1,"res":2000},"geometry":{"type":"Polygon","coordinates":[[[-0.926751,50.632752],[-0.898478,50.632489],[-0.898057,50.650471],[-0.926342,50.650735],[-0.926751,50.632752]]]}},{"type":"Feature","properties":{"sp":"cuttlefish","n":1,"res":2000},"geometry":{"type":"Polygon","coordinates":[[[-0.925932,50.668717],[-0.897637,50.668453],[-0.897215,50.686435],[-0.925521,50.686699],[-0.925932,50.668717]]]}},{"type":"Feature","properties":{"sp":"cuttlefish","n":1,"res":2000},"geometry":{"type":"Polygon","coordinates":[[[-0.897215,50.686435],[-0.86891,50.686164],[-0.868477,50.704146],[-0.896794,50.704417],[-0.897215,50.686435]]]}},{"type":"Feature","properties":{"sp":"cuttlefish","n":1,"res":2000},"geometry":{"type":"Polygon","coordinates":[[[-0.951824,50.776868],[-0.923463,50.77661],[-0.92305,50.794592],[-0.951422,50.79485],[-0.951824,50.776868]]]}},{"type":"Feature","properties":{"sp":"cuttlefish","n":1,"res":2000},"geometry":{"type":"Polygon","coordinates":[[[-0.924288,50.740646],[-0.895949,50.740381],[-0.895526,50.758363],[-0.923875,50.758628],[-0.924288,50.740646]]]}},{"type":"Feature","properties":{"sp":"cuttlefish","n":1,"res":2000},"geometry":{"type":"Polygon","coordinates":[[[-0.923463,50.77661],[-0.895103,50.776345],[-0.894679,50.794327],[-0.92305,50.794592],[-0.923463,50.77661]]]}},{"type":"Feature","properties":{"sp":"cuttlefish","n":1,"res":2000},"geometry":{"type":"Polygon","coordinates":[[[-0.895949,50.740381],[-0.867611,50.740109],[-0.867177,50.758091],[-0.895526,50.758363],[-0.895949,50.740381]]]}},{"type":"Feature","properties":{"sp":"cuttlefish","n":1,"res":2000},"geometry":{"type":"Polygon","coordinates":[[[-0.845451,50.488083],[-0.817265,50.4878],[-0.816816,50.505782],[-0.845013,50.506065],[-0.845451,50.488083]]]}},{"type":"Feature","properties":{"sp":"cuttlefish","n":1,"res":2000},"geometry":{"type":"Polygon","coordinates":[[[-0.870204,50.632218],[-0.841932,50.63194],[-0.84149,50.649922],[-0.869773,50.6502],[-0.870204,50.632218]]]}},{"type":"Feature","properties":{"sp":"cuttlefish","n":1,"res":2000},"geometry":{"type":"Polygon","coordinates":[[[-0.841932,50.63194],[-0.813659,50.631656],[-0.813206,50.649638],[-0.84149,50.649922],[-0.841932,50.63194]]]}},{"type":"Feature","properties":{"sp":"cuttlefish","n":1,"res":2000},"geometry":{"type":"Polygon","coordinates":[[[-0.78446,50.667328],[-0.756167,50.667029],[-0.755691,50.68501],[-0.783995,50.685309],[-0.78446,50.667328]]]}},{"type":"Feature","properties":{"sp":"cuttlefish","n":1,"res":2000},"geometry":{"type":"Polygon","coordinates":[[[-0.756167,50.667029],[-0.727874,50.666724],[-0.727388,50.684705],[-0.755691,50.68501],[-0.756167,50.667029]]]}},{"type":"Feature","properties":{"sp":"cuttlefish","n":1,"res":2000},"geometry":{"type":"Polygon","coordinates":[[[-0.868477,50.704146],[-0.840161,50.703868],[-0.839717,50.721849],[-0.868044,50.722128],[-0.868477,50.704146]]]}},{"type":"Feature","properties":{"sp":"cuttlefish","n":1,"res":2000},"geometry":{"type":"Polygon","coordinates":[[[-0.868044,50.722128],[-0.839717,50.721849],[-0.839273,50.739831],[-0.867611,50.740109],[-0.868044,50.722128]]]}},{"type":"Feature","properties":{"sp":"cuttlefish","n":1,"res":2000},"geometry":{"type":"Polygon","coordinates":[[[-0.839273,50.739831],[-0.810936,50.739545],[-0.81048,50.757527],[-0.838828,50.757812],[-0.839273,50.739831]]]}},{"type":"Feature","properties":{"sp":"cuttlefish","n":1,"res":2000},"geometry":{"type":"Polygon","coordinates":[[[-0.782133,50.757234],[-0.753785,50.756935],[-0.753308,50.774916],[-0.781666,50.775215],[-0.782133,50.757234]]]}},{"type":"Feature","properties":{"sp":"cuttlefish","n":1,"res":2000},"geometry":{"type":"Polygon","coordinates":[[[-0.754263,50.738954],[-0.725927,50.738648],[-0.725439,50.756629],[-0.753785,50.756935],[-0.754263,50.738954]]]}},{"type":"Feature","properties":{"sp":"cuttlefish","n":1,"res":2000},"geometry":{"type":"Polygon","coordinates":[[[-0.729814,50.594799],[-0.701565,50.594488],[-0.70107,50.612469],[-0.729329,50.61278],[-0.729814,50.594799]]]}},{"type":"Feature","properties":{"sp":"cuttlefish","n":1,"res":2000},"geometry":{"type":"Polygon","coordinates":[[[-0.673821,50.576189],[-0.645584,50.575864],[-0.645068,50.593844],[-0.673316,50.594169],[-0.673821,50.576189]]]}},{"type":"Feature","properties":{"sp":"cuttlefish","n":1,"res":2000},"geometry":{"type":"Polygon","coordinates":[[[-0.727874,50.666724],[-0.699582,50.666412],[-0.699085,50.684393],[-0.727388,50.684705],[-0.727874,50.666724]]]}},{"type":"Feature","properties":{"sp":"cuttlefish","n":1,"res":2000},"geometry":{"type":"Polygon","coordinates":[[[-0.726414,50.720667],[-0.69809,50.720354],[-0.697591,50.738335],[-0.725927,50.738648],[-0.726414,50.720667]]]}},{"type":"Feature","properties":{"sp":"cuttlefish","n":1,"res":2000},"geometry":{"type":"Polygon","coordinates":[[[-0.670275,50.702054],[-0.641962,50.701727],[-0.641442,50.719708],[-0.669766,50.720034],[-0.670275,50.702054]]]}},{"type":"Feature","properties":{"sp":"cuttlefish","n":1,"res":2000},"geometry":{"type":"Polygon","coordinates":[[[-0.668747,50.755995],[-0.640402,50.755668],[-0.639881,50.773648],[-0.668237,50.773976],[-0.668747,50.755995]]]}},{"type":"Feature","properties":{"sp":"cuttlefish","n":1,"res":2000},"geometry":{"type":"Polygon","coordinates":[[[-0.639881,50.773648],[-0.611525,50.773314],[-0.610992,50.791294],[-0.639359,50.791628],[-0.639881,50.773648]]]}},{"type":"Feature","properties":{"sp":"cuttlefish","n":1,"res":2000},"geometry":{"type":"Polygon","coordinates":[[[-0.612589,50.737354],[-0.584255,50.737014],[-0.583713,50.754994],[-0.612057,50.755334],[-0.612589,50.737354]]]}},{"type":"Feature","properties":{"sp":"cuttlefish","n":1,"res":2000},"geometry":{"type":"Polygon","coordinates":[[[-0.611525,50.773314],[-0.58317,50.772973],[-0.582627,50.790953],[-0.610992,50.791294],[-0.611525,50.773314]]]}},{"type":"Feature","properties":{"sp":"cuttlefish","n":1,"res":2000},"geometry":{"type":"Polygon","coordinates":[[[-0.582627,50.790953],[-0.554261,50.790605],[-0.553706,50.808584],[-0.582083,50.808933],[-0.582627,50.790953]]]}},{"type":"Feature","properties":{"sp":"cuttlefish","n":1,"res":2000},"geometry":{"type":"Polygon","coordinates":[[[-0.469169,50.789519],[-0.440806,50.789144],[-0.440208,50.807122],[-0.468582,50.807498],[-0.469169,50.789519]]]}},{"type":"Feature","properties":{"sp":"cuttlefish","n":1,"res":2000},"geometry":{"type":"Polygon","coordinates":[[[-0.440806,50.789144],[-0.412444,50.788761],[-0.411835,50.806739],[-0.440208,50.807122],[-0.440806,50.789144]]]}},{"type":"Feature","properties":{"sp":"cuttlefish","n":1,"res":2000},"geometry":{"type":"Polygon","coordinates":[[[-0.412444,50.788761],[-0.384082,50.788372],[-0.383462,50.80635],[-0.411835,50.806739],[-0.412444,50.788761]]]}},{"type":"Feature","properties":{"sp":"cuttlefish","n":1,"res":2000},"geometry":{"type":"Polygon","coordinates":[[[-0.384082,50.788372],[-0.355721,50.787975],[-0.35509,50.805953],[-0.383462,50.80635],[-0.384082,50.788372]]]}},{"type":"Feature","properties":{"sp":"cuttlefish","n":1,"res":2000},"geometry":{"type":"Polygon","coordinates":[[[-0.326719,50.805549],[-0.298348,50.805139],[-0.297695,50.823116],[-0.326076,50.823527],[-0.326719,50.805549]]]}},{"type":"Feature","properties":{"sp":"cuttlefish","n":1,"res":2000},"geometry":{"type":"Polygon","coordinates":[[[-0.299001,50.787162],[-0.270642,50.786745],[-0.269978,50.804722],[-0.298348,50.805139],[-0.299001,50.787162]]]}},{"type":"Feature","properties":{"sp":"cuttlefish","n":1,"res":2000},"geometry":{"type":"Polygon","coordinates":[[[-0.298348,50.805139],[-0.269978,50.804722],[-0.269314,50.822699],[-0.297695,50.823116],[-0.298348,50.805139]]]}},{"type":"Feature","properties":{"sp":"cuttlefish","n":1,"res":2000},"geometry":{"type":"Polygon","coordinates":[[[-0.184176,50.821405],[-0.155797,50.820959],[-0.155089,50.838935],[-0.183478,50.839381],[-0.184176,50.821405]]]}},{"type":"Feature","properties":{"sp":"cuttlefish","n":1,"res":2000},"geometry":{"type":"Polygon","coordinates":[[[-0.100502,50.784098],[-0.072148,50.783633],[-0.071408,50.801608],[-0.099773,50.802073],[-0.100502,50.784098]]]}},{"type":"Feature","properties":{"sp":"cuttlefish","n":1,"res":2000},"geometry":{"type":"Polygon","coordinates":[[[-0.099773,50.802073],[-0.071408,50.801608],[-0.070668,50.819583],[-0.099044,50.820048],[-0.099773,50.802073]]]}},{"type":"Feature","properties":{"sp":"cuttlefish","n":1,"res":2000},"geometry":{"type":"Polygon","coordinates":[[[-0.071408,50.801608],[-0.043044,50.801135],[-0.042293,50.81911],[-0.070668,50.819583],[-0.071408,50.801608]]]}},{"type":"Feature","properties":{"sp":"cuttlefish","n":1,"res":2000},"geometry":{"type":"Polygon","coordinates":[[[-0.043795,50.783161],[-0.015442,50.782682],[-0.014681,50.800656],[-0.043044,50.801135],[-0.043795,50.783161]]]}},{"type":"Feature","properties":{"sp":"cuttlefish","n":1,"res":2000},"geometry":{"type":"Polygon","coordinates":[[[0.01291,50.782196],[0.041261,50.781703],[0.042044,50.799677],[0.013682,50.80017],[0.01291,50.782196]]]}},{"type":"Feature","properties":{"sp":"cuttlefish","n":1,"res":2000},"geometry":{"type":"Polygon","coordinates":[[[-0.586419,50.665094],[-0.55813,50.664748],[-0.557579,50.682727],[-0.585879,50.683074],[-0.586419,50.665094]]]}},{"type":"Feature","properties":{"sp":"cuttlefish","n":1,"res":2000},"geometry":{"type":"Polygon","coordinates":[[[-0.501553,50.664034],[-0.473265,50.663667],[-0.472681,50.681646],[-0.50098,50.682013],[-0.501553,50.664034]]]}},{"type":"Feature","properties":{"sp":"cuttlefish","n":1,"res":2000},"geometry":{"type":"Polygon","coordinates":[[[-0.555369,50.754646],[-0.527026,50.754291],[-0.526462,50.772271],[-0.554816,50.772625],[-0.555369,50.754646]]]}},{"type":"Feature","properties":{"sp":"cuttlefish","n":1,"res":2000},"geometry":{"type":"Polygon","coordinates":[[[-0.528717,50.700353],[-0.500407,50.699993],[-0.499833,50.717972],[-0.528154,50.718333],[-0.528717,50.700353]]]}},{"type":"Feature","properties":{"sp":"cuttlefish","n":1,"res":2000},"geometry":{"type":"Polygon","coordinates":[[[-0.527026,50.754291],[-0.498684,50.75393],[-0.498109,50.771909],[-0.526462,50.772271],[-0.527026,50.754291]]]}},{"type":"Feature","properties":{"sp":"cuttlefish","n":1,"res":2000},"geometry":{"type":"Polygon","coordinates":[[[-0.498109,50.771909],[-0.469756,50.771541],[-0.469169,50.789519],[-0.497533,50.789888],[-0.498109,50.771909]]]}},{"type":"Feature","properties":{"sp":"cuttlefish","n":1,"res":2000},"geometry":{"type":"Polygon","coordinates":[[[-0.470928,50.735583],[-0.442598,50.735208],[-0.442001,50.753187],[-0.470342,50.753562],[-0.470928,50.735583]]]}},{"type":"Feature","properties":{"sp":"cuttlefish","n":1,"res":2000},"geometry":{"type":"Polygon","coordinates":[[[-0.442598,50.735208],[-0.414268,50.734826],[-0.41366,50.752805],[-0.442001,50.753187],[-0.442598,50.735208]]]}},{"type":"Feature","properties":{"sp":"cuttlefish","n":1,"res":2000},"geometry":{"type":"Polygon","coordinates":[[[-0.442001,50.753187],[-0.41366,50.752805],[-0.413052,50.770783],[-0.441404,50.771165],[-0.442001,50.753187]]]}},{"type":"Feature","properties":{"sp":"cuttlefish","n":1,"res":2000},"geometry":{"type":"Polygon","coordinates":[[[-0.41366,50.752805],[-0.38532,50.752416],[-0.384702,50.770394],[-0.413052,50.770783],[-0.41366,50.752805]]]}},{"type":"Feature","properties":{"sp":"cuttlefish","n":1,"res":2000},"geometry":{"type":"Polygon","coordinates":[[[-0.413052,50.770783],[-0.384702,50.770394],[-0.384082,50.788372],[-0.412444,50.788761],[-0.413052,50.770783]]]}},{"type":"Feature","properties":{"sp":"cuttlefish","n":1,"res":2000},"geometry":{"type":"Polygon","coordinates":[[[-0.356981,50.75202],[-0.328642,50.751617],[-0.328002,50.769595],[-0.356351,50.769998],[-0.356981,50.75202]]]}},{"type":"Feature","properties":{"sp":"cuttlefish","n":1,"res":2000},"geometry":{"type":"Polygon","coordinates":[[[-0.299653,50.769185],[-0.271305,50.768768],[-0.270642,50.786745],[-0.299001,50.787162],[-0.299653,50.769185]]]}},{"type":"Feature","properties":{"sp":"cuttlefish","n":1,"res":2000},"geometry":{"type":"Polygon","coordinates":[[[-0.060114,50.387703],[-0.031998,50.38723],[-0.031254,50.405206],[-0.059381,50.405679],[-0.060114,50.387703]]]}},{"type":"Feature","properties":{"sp":"cuttlefish","n":1,"res":2000},"geometry":{"type":"Polygon","coordinates":[[[-0.130291,50.748605],[-0.101957,50.748147],[-0.10123,50.766123],[-0.129574,50.766581],[-0.130291,50.748605]]]}},{"type":"Feature","properties":{"sp":"cuttlefish","n":1,"res":2000},"geometry":{"type":"Polygon","coordinates":[[[-0.01848,50.710784],[0.009829,50.710299],[0.010598,50.728273],[-0.017722,50.728758],[-0.01848,50.710784]]]}},{"type":"Feature","properties":{"sp":"cuttlefish","n":1,"res":2000},"geometry":{"type":"Polygon","coordinates":[[[-0.017722,50.728758],[0.010598,50.728273],[0.011368,50.746248],[-0.016962,50.746733],[-0.017722,50.728758]]]}},{"type":"Feature","properties":{"sp":"cuttlefish","n":1,"res":2000},"geometry":{"type":"Polygon","coordinates":[[[-0.016203,50.764707],[0.012138,50.764222],[0.01291,50.782196],[-0.015442,50.782682],[-0.016203,50.764707]]]}},{"type":"Feature","properties":{"sp":"cuttlefish","n":1,"res":2000},"geometry":{"type":"Polygon","coordinates":[[[0.00906,50.692325],[0.037357,50.691834],[0.038136,50.709808],[0.009829,50.710299],[0.00906,50.692325]]]}},{"type":"Feature","properties":{"sp":"cuttlefish","n":1,"res":2000},"geometry":{"type":"Polygon","coordinates":[[[0.011368,50.746248],[0.039697,50.745755],[0.040479,50.763729],[0.012138,50.764222],[0.011368,50.746248]]]}},{"type":"Feature","properties":{"sp":"cuttlefish","n":1,"res":2000},"geometry":{"type":"Polygon","coordinates":[[[0.068818,50.76323],[0.097156,50.762724],[0.09796,50.780697],[0.069611,50.781203],[0.068818,50.76323]]]}},{"type":"Feature","properties":{"sp":"cuttlefish","n":1,"res":2000},"geometry":{"type":"Polygon","coordinates":[[[0.097156,50.762724],[0.125494,50.76221],[0.126309,50.780183],[0.09796,50.780697],[0.097156,50.762724]]]}},{"type":"Feature","properties":{"sp":"cuttlefish","n":1,"res":2000},"geometry":{"type":"Polygon","coordinates":[[[0.123867,50.726265],[0.152182,50.725745],[0.153006,50.743718],[0.12468,50.744238],[0.123867,50.726265]]]}},{"type":"Feature","properties":{"sp":"cuttlefish","n":1,"res":2000},"geometry":{"type":"Polygon","coordinates":[[[0.210502,50.76063],[0.238837,50.760089],[0.239695,50.778061],[0.21135,50.778602],[0.210502,50.76063]]]}}]}