{"type":"FeatureCollection", "features": [
{"type":"Feature","geometry":{"type":"Polygon","coordinates":[[[-2.0175,50.3544],[-2.0175,50.4169],[-2.4074,50.417],[-2.4074,50.3545],[-2.0175,50.3544]]]},"properties":{"mtype":"MCZ","name":"South Dorset","code":"UKMCZ0022"}},
{"type":"Feature","geometry":{"type":"Polygon","coordinates":[[[-1.8991,50.6774],[-1.8728,50.6774],[-1.8728,50.6955],[-1.8991,50.6955],[-1.8991,50.6774]]]},"properties":{"mtype":"MCZ","name":"Poole Rocks","code":"UKMCZ0014"}},
{"type":"Feature","geometry":{"type":"Polygon","coordinates":[[[-2.4481,50.5583],[-2.4483,50.5586],[-2.4486,50.5592],[-2.4488,50.5596],[-2.4492,50.5601],[-2.4494,50.5604],[-2.4499,50.5609],[-2.4503,50.5612],[-2.4506,50.5615],[-2.4523,50.5628],[-2.4534,50.5635],[-2.454,50.564],[-2.4547,50.5645],[-2.4552,50.5648],[-2.456,50.5654],[-2.457,50.5661],[-2.4582,50.567],[-2.4596,50.5679],[-2.4603,50.5684],[-2.4625,50.57],[-2.4642,50.5712],[-2.4662,50.5726],[-2.467,50.5731],[-2.469,50.5745],[-2.4706,50.5755],[-2.4736,50.5775],[-2.4752,50.5785],[-2.4766,50.5795],[-2.4778,50.5803],[-2.4796,50.5814],[-2.4805,50.582],[-2.4827,50.5834],[-2.483,50.5836],[-2.4843,50.5844],[-2.485,50.5849],[-2.4861,50.5856],[-2.4876,50.5865],[-2.4882,50.5868],[-2.4895,50.5877],[-2.4909,50.5887],[-2.4919,50.5893],[-2.4928,50.5899],[-2.4938,50.5905],[-2.4948,50.5911],[-2.4957,50.5916],[-2.497,50.5926],[-2.4976,50.593],[-2.4985,50.5935],[-2.4998,50.5942],[-2.5004,50.5945],[-2.501,50.5948],[-2.5017,50.5951],[-2.5027,50.5957],[-2.5047,50.5969],[-2.5052,50.5972],[-2.5064,50.5979],[-2.5069,50.5982],[-2.509,50.5994],[-2.51,50.6],[-2.5129,50.6017],[-2.5145,50.6026],[-2.5156,50.6032],[-2.5173,50.6042],[-2.5183,50.6047],[-2.522,50.6069],[-2.5242,50.6082],[-2.5248,50.6085],[-2.5274,50.61],[-2.5296,50.6112],[-2.5311,50.6121],[-2.5324,50.6127],[-2.5334,50.6133],[-2.5351,50.6141],[-2.5365,50.6149],[-2.538,50.6157],[-2.5388,50.6162],[-2.5409,50.6173],[-2.5431,50.6184],[-2.5442,50.6191],[-2.5451,50.6196],[-2.5485,50.6213],[-2.5499,50.622],[-2.5522,50.6232],[-2.5536,50.6239],[-2.5564,50.6254],[-2.5591,50.6268],[-2.5603,50.6274],[-2.5669,50.6309],[-2.5679,50.6314],[-2.569,50.6319],[-2.5701,50.6325],[-2.5725,50.6337],[-2.5777,50.6363],[-2.5807,50.6378],[-2.5851,50.64],[-2.587,50.6409],[-2.5897,50.6423],[-2.5954,50.645],[-2.5974,50.646],[-2.5987,50.6466],[-2.6006,50.6475],[-2.6019,50.6481],[-2.6024,50.6484],[-2.6054,50.6497],[-2.6059,50.65],[-2.6075,50.6507],[-2.6078,50.6508],[-2.61,50.6519],[-2.6115,50.6526],[-2.6133,50.6534],[-2.6133,50.6532],[-2.6135,50.6502],[-2.6142,50.6392],[-2.6245,50.6378],[-2.5974,50.6248],[-2.5747,50.6133],[-2.5258,50.5866],[-2.5635,50.5577],[-2.5344,50.5493],[-2.5016,50.5715],[-2.4613,50.5457],[-2.4565,50.5426],[-2.4564,50.5425],[-2.4562,50.5427],[-2.4561,50.5428],[-2.456,50.5431],[-2.4559,50.5432],[-2.4557,50.5433],[-2.4556,50.5433],[-2.4556,50.5434],[-2.4557,50.5434],[-2.4557,50.5435],[-2.4557,50.5436],[-2.4557,50.5437],[-2.4557,50.5439],[-2.4556,50.544],[-2.4554,50.5443],[-2.4553,50.5444],[-2.4553,50.5445],[-2.4551,50.5447],[-2.4549,50.5448],[-2.4547,50.5452],[-2.4545,50.5454],[-2.4541,50.5456],[-2.4539,50.5457],[-2.4536,50.5459],[-2.4535,50.546],[-2.4532,50.5463],[-2.453,50.5464],[-2.4529,50.5465],[-2.4528,50.5466],[-2.4527,50.5466],[-2.4526,50.5469],[-2.4526,50.547],[-2.4525,50.547],[-2.4525,50.5471],[-2.4524,50.5471],[-2.4524,50.5472],[-2.4523,50.5472],[-2.4523,50.5473],[-2.4521,50.5475],[-2.4521,50.5476],[-2.452,50.5476],[-2.452,50.5479],[-2.452,50.548],[-2.4519,50.5481],[-2.4519,50.5484],[-2.4519,50.5485],[-2.4519,50.5486],[-2.4518,50.5487],[-2.4518,50.5488],[-2.4517,50.549],[-2.4517,50.5492],[-2.4517,50.5493],[-2.4517,50.5494],[-2.4517,50.5498],[-2.4519,50.5503],[-2.4521,50.5507],[-2.4522,50.551],[-2.4523,50.5513],[-2.4523,50.5515],[-2.4522,50.5518],[-2.4521,50.5519],[-2.4519,50.5521],[-2.4515,50.5524],[-2.4513,50.5527],[-2.4513,50.5531],[-2.451,50.5532],[-2.4508,50.5536],[-2.4508,50.5538],[-2.4506,50.5541],[-2.4504,50.5544],[-2.45,50.5549],[-2.45,50.555],[-2.4499,50.5551],[-2.4499,50.5553],[-2.4499,50.5554],[-2.4498,50.5555],[-2.4498,50.5556],[-2.4497,50.5556],[-2.4497,50.5557],[-2.4496,50.5557],[-2.4495,50.5558],[-2.4494,50.5558],[-2.4494,50.5559],[-2.4493,50.556],[-2.4492,50.5561],[-2.449,50.5563],[-2.449,50.5564],[-2.4488,50.5565],[-2.4488,50.5566],[-2.4487,50.5566],[-2.4487,50.5567],[-2.4486,50.5568],[-2.4485,50.5568],[-2.4484,50.5569],[-2.4483,50.5569],[-2.4481,50.557],[-2.448,50.5571],[-2.448,50.5572],[-2.448,50.5574],[-2.448,50.5575],[-2.448,50.5576],[-2.448,50.5577],[-2.4481,50.5583]]]},"properties":{"mtype":"MCZ","name":"Chesil Beach and Stennis Ledges","code":"UKMCZ0004"}},
{"type":"Feature","geometry":{"type":"Polygon","coordinates":[[[-1.9238,50.6423],[-1.9411,50.6726],[-1.9412,50.6728],[-1.9416,50.6736],[-1.9416,50.6733],[-1.9417,50.6729],[-1.9417,50.6725],[-1.9419,50.6718],[-1.9421,50.6712],[-1.9424,50.6707],[-1.943,50.6699],[-1.9435,50.6693],[-1.9439,50.6689],[-1.9445,50.6682],[-1.9454,50.6673],[-1.9457,50.6669],[-1.9461,50.6664],[-1.9463,50.6661],[-1.9468,50.6655],[-1.9471,50.665],[-1.9473,50.6646],[-1.9476,50.6642],[-1.9482,50.6632],[-1.9484,50.6629],[-1.9484,50.6628],[-1.9485,50.6627],[-1.9485,50.6626],[-1.9486,50.6624],[-1.949,50.6619],[-1.9494,50.6614],[-1.9496,50.6609],[-1.95,50.6603],[-1.9502,50.6601],[-1.9505,50.6597],[-1.9505,50.6596],[-1.9506,50.6596],[-1.9506,50.6595],[-1.9508,50.6593],[-1.9511,50.6589],[-1.9515,50.658],[-1.9518,50.6576],[-1.952,50.6571],[-1.9523,50.6563],[-1.9524,50.656],[-1.9525,50.6557],[-1.9525,50.6555],[-1.9525,50.6553],[-1.9526,50.655],[-1.9526,50.6546],[-1.9527,50.6542],[-1.9527,50.654],[-1.953,50.6536],[-1.953,50.6535],[-1.9531,50.6529],[-1.9531,50.6522],[-1.9529,50.6517],[-1.9528,50.6514],[-1.9528,50.6513],[-1.9526,50.6509],[-1.9519,50.65],[-1.9517,50.6497],[-1.9514,50.6492],[-1.9507,50.6482],[-1.9506,50.6479],[-1.9504,50.6476],[-1.95,50.647],[-1.9498,50.6465],[-1.9496,50.646],[-1.9492,50.6456],[-1.949,50.6455],[-1.9488,50.6454],[-1.9487,50.6454],[-1.9486,50.6454],[-1.9485,50.6455],[-1.9484,50.6455],[-1.9482,50.6455],[-1.9481,50.6455],[-1.948,50.6455],[-1.9479,50.6455],[-1.9478,50.6455],[-1.9477,50.6455],[-1.9476,50.6455],[-1.9476,50.6454],[-1.9473,50.6452],[-1.9471,50.6453],[-1.9461,50.6444],[-1.9458,50.6441],[-1.9453,50.6436],[-1.9447,50.643],[-1.9438,50.6424],[-1.9423,50.6415],[-1.9421,50.6414],[-1.9415,50.6411],[-1.9412,50.6409],[-1.9409,50.6408],[-1.9407,50.6407],[-1.9406,50.6407],[-1.9405,50.6407],[-1.9404,50.6407],[-1.9403,50.6408],[-1.94,50.6409],[-1.9398,50.6411],[-1.9396,50.6411],[-1.9395,50.6411],[-1.9393,50.6411],[-1.9391,50.6411],[-1.9388,50.6411],[-1.9383,50.6412],[-1.9379,50.6412],[-1.9368,50.6412],[-1.9364,50.6413],[-1.9363,50.6413],[-1.9362,50.6413],[-1.9361,50.6413],[-1.936,50.6414],[-1.9358,50.6414],[-1.9357,50.6414],[-1.9356,50.6414],[-1.9355,50.6415],[-1.9354,50.6415],[-1.9353,50.6415],[-1.9345,50.6416],[-1.9344,50.6416],[-1.9343,50.6416],[-1.9342,50.6416],[-1.9334,50.6418],[-1.933,50.6418],[-1.9329,50.6418],[-1.9328,50.6418],[-1.9328,50.6419],[-1.9327,50.6419],[-1.9325,50.6419],[-1.9324,50.6419],[-1.9324,50.642],[-1.9322,50.642],[-1.9322,50.6419],[-1.9321,50.6419],[-1.9317,50.6419],[-1.9316,50.6419],[-1.9315,50.6418],[-1.9314,50.6418],[-1.9313,50.6418],[-1.931,50.6417],[-1.9308,50.6417],[-1.9307,50.6417],[-1.9306,50.6417],[-1.9303,50.6418],[-1.9301,50.6419],[-1.93,50.6421],[-1.9298,50.6421],[-1.9297,50.6421],[-1.9296,50.6421],[-1.9295,50.6421],[-1.9294,50.642],[-1.9292,50.642],[-1.929,50.642],[-1.9287,50.6421],[-1.9285,50.6419],[-1.9282,50.6418],[-1.928,50.6418],[-1.9279,50.6418],[-1.9278,50.6418],[-1.9276,50.6418],[-1.9275,50.6418],[-1.9274,50.6418],[-1.9271,50.6418],[-1.9267,50.6419],[-1.9266,50.6419],[-1.9265,50.6419],[-1.9262,50.642],[-1.926,50.6422],[-1.9259,50.6422],[-1.9258,50.6423],[-1.9257,50.6422],[-1.9256,50.6422],[-1.9255,50.6422],[-1.9254,50.6422],[-1.9252,50.6421],[-1.9251,50.6421],[-1.925,50.6421],[-1.9249,50.6421],[-1.9248,50.642],[-1.9244,50.6419],[-1.9241,50.642],[-1.924,50.642],[-1.9238,50.6421],[-1.9237,50.6421],[-1.9238,50.6423]]]},"properties":{"mtype":"MCZ","name":"Studland Bay","code":"UKMCZ0072"}},
{"type":"Feature","geometry":{"type":"Polygon","coordinates":[[[-2.5416,50.4712],[-2.5016,50.4625],[-2.4784,50.4856],[-2.4561,50.5079],[-2.4728,50.5116],[-2.4961,50.5167],[-2.5416,50.4712]]]},"properties":{"mtype":"MCZ","name":"South of Portland","code":"UKMCZ0070"}},
{"type":"Feature","geometry":{"type":"Polygon","coordinates":[[[-1.9913,50.5907],[-1.9913,50.5909],[-1.9914,50.5909],[-1.9914,50.591],[-1.9916,50.591],[-1.992,50.591],[-1.9922,50.591],[-1.9927,50.591],[-1.993,50.591],[-1.9931,50.591],[-1.9933,50.591],[-1.9936,50.591],[-1.9937,50.591],[-1.9938,50.591],[-1.994,50.591],[-1.9944,50.591],[-1.9945,50.591],[-1.9949,50.5911],[-1.9951,50.5911],[-1.9954,50.5911],[-1.9955,50.5911],[-1.9958,50.5911],[-1.9959,50.5911],[-1.9961,50.5911],[-1.9964,50.5911],[-1.9965,50.5911],[-1.9966,50.5912],[-1.9968,50.5912],[-1.997,50.5912],[-1.9972,50.5912],[-1.9976,50.5912],[-1.998,50.5912],[-1.9981,50.5912],[-1.9983,50.5912],[-1.9985,50.5912],[-1.9988,50.5912],[-1.9988,50.5913],[-1.9989,50.5913],[-1.999,50.5913],[-1.9995,50.5913],[-1.9998,50.5914],[-2,50.5914],[-2.0001,50.5914],[-2.0003,50.5914],[-2.0009,50.5913],[-2.001,50.5913],[-2.0011,50.5913],[-2.0013,50.5914],[-2.0014,50.5914],[-2.0015,50.5914],[-2.0018,50.5914],[-2.0018,50.5915],[-2.0019,50.5915],[-2.0021,50.5915],[-2.0022,50.5915],[-2.0023,50.5915],[-2.0024,50.5915],[-2.0026,50.5916],[-2.0028,50.5917],[-2.003,50.5917],[-2.0033,50.5917],[-2.0034,50.5917],[-2.0035,50.5916],[-2.0039,50.5915],[-2.004,50.5914],[-2.0041,50.5914],[-2.0042,50.5914],[-2.0043,50.5913],[-2.0046,50.5914],[-2.0048,50.5914],[-2.0049,50.5915],[-2.005,50.5915],[-2.005,50.5916],[-2.0051,50.5916],[-2.0052,50.5916],[-2.0052,50.5915],[-2.0053,50.5915],[-2.0053,50.5916],[-2.0054,50.5916],[-2.0055,50.5916],[-2.0056,50.5917],[-2.0057,50.5917],[-2.0058,50.5917],[-2.0059,50.5916],[-2.0059,50.5915],[-2.006,50.5915],[-2.0061,50.5915],[-2.0061,50.5916],[-2.0062,50.5916],[-2.0062,50.5917],[-2.0063,50.5917],[-2.0064,50.5917],[-2.0065,50.5916],[-2.0066,50.5916],[-2.0066,50.5915],[-2.0067,50.5915],[-2.0067,50.5914],[-2.0069,50.5914],[-2.007,50.5914],[-2.007,50.5913],[-2.0072,50.5912],[-2.0073,50.5912],[-2.0078,50.5911],[-2.0081,50.5911],[-2.0082,50.5911],[-2.0084,50.5911],[-2.0085,50.5911],[-2.0088,50.5911],[-2.0088,50.591],[-2.0089,50.591],[-2.009,50.5909],[-2.0091,50.5908],[-2.0092,50.5908],[-2.0096,50.5909],[-2.01,50.5909],[-2.0102,50.5909],[-2.0103,50.5909],[-2.0104,50.5909],[-2.0105,50.591],[-2.0106,50.591],[-2.0107,50.591],[-2.0108,50.5909],[-2.0109,50.5909],[-2.011,50.5909],[-2.011,50.5908],[-2.0111,50.5908],[-2.0112,50.5907],[-2.0114,50.5908],[-2.0115,50.5908],[-2.0117,50.5907],[-2.0116,50.5907],[-2.0116,50.5906],[-2.0117,50.5906],[-2.0117,50.5907],[-2.0118,50.5907],[-2.0119,50.5907],[-2.012,50.5907],[-2.012,50.5908],[-2.0121,50.5907],[-2.0122,50.5907],[-2.0123,50.5906],[-2.0124,50.5906],[-2.0124,50.5905],[-2.0125,50.5905],[-2.0125,50.5906],[-2.0125,50.5907],[-2.0126,50.5907],[-2.0127,50.5908],[-2.0129,50.5907],[-2.0131,50.5906],[-2.0132,50.5906],[-2.0133,50.5907],[-2.0135,50.5906],[-2.0136,50.5906],[-2.0137,50.5906],[-2.0137,50.5905],[-2.0138,50.5905],[-2.014,50.5904],[-2.014,50.5905],[-2.0141,50.5905],[-2.0143,50.5904],[-2.0143,50.5903],[-2.0145,50.5902],[-2.0149,50.5901],[-2.0151,50.5901],[-2.0151,50.5902],[-2.0152,50.5902],[-2.0154,50.5902],[-2.0155,50.5902],[-2.0156,50.5902],[-2.0156,50.5901],[-2.0157,50.5901],[-2.0158,50.5901],[-2.0159,50.5901],[-2.016,50.5901],[-2.0161,50.5901],[-2.0162,50.59],[-2.0163,50.59],[-2.0164,50.5899],[-2.0164,50.59],[-2.0165,50.5901],[-2.0166,50.5899],[-2.0166,50.59],[-2.0167,50.59],[-2.0168,50.5901],[-2.0168,50.59],[-2.0168,50.5899],[-2.0169,50.5899],[-2.0169,50.59],[-2.017,50.59],[-2.0171,50.59],[-2.0172,50.59],[-2.0173,50.59],[-2.0173,50.5899],[-2.0172,50.5899],[-2.0173,50.5899],[-2.0176,50.5899],[-2.0177,50.5899],[-2.0177,50.5898],[-2.0178,50.5899],[-2.0179,50.5898],[-2.0178,50.5898],[-2.0179,50.5898],[-2.018,50.5898],[-2.0181,50.5898],[-2.0182,50.5896],[-2.0183,50.5896],[-2.0183,50.5897],[-2.0184,50.5897],[-2.0185,50.5896],[-2.0187,50.5896],[-2.0187,50.5897],[-2.0188,50.5897],[-2.0188,50.5896],[-2.019,50.5896],[-2.0192,50.5895],[-2.0193,50.5896],[-2.0194,50.5896],[-2.0195,50.5896],[-2.0196,50.5895],[-2.0196,50.5894],[-2.0197,50.5894],[-2.0198,50.5893],[-2.0199,50.5893],[-2.02,50.5893],[-2.0201,50.5893],[-2.0202,50.5893],[-2.0203,50.5893],[-2.0203,50.5892],[-2.0204,50.5892],[-2.0205,50.5892],[-2.0206,50.5892],[-2.0206,50.5893],[-2.0207,50.5892],[-2.0208,50.5892],[-2.0208,50.5891],[-2.0209,50.5891],[-2.0209,50.589],[-2.021,50.589],[-2.0212,50.5891],[-2.0213,50.5891],[-2.0213,50.5892],[-2.0215,50.5892],[-2.0216,50.5892],[-2.0217,50.5892],[-2.0217,50.5891],[-2.0218,50.5891],[-2.0219,50.5891],[-2.0219,50.589],[-2.0218,50.589],[-2.0219,50.589],[-2.022,50.589],[-2.0222,50.589],[-2.0223,50.5889],[-2.0224,50.589],[-2.0225,50.589],[-2.0226,50.589],[-2.0226,50.5891],[-2.0226,50.5892],[-2.0226,50.5893],[-2.0225,50.5893],[-2.0225,50.5894],[-2.0226,50.5894],[-2.0227,50.5892],[-2.0228,50.5892],[-2.0229,50.5892],[-2.0229,50.5893],[-2.0229,50.5892],[-2.023,50.5892],[-2.023,50.5891],[-2.0231,50.5891],[-2.0231,50.589],[-2.0232,50.589],[-2.0232,50.5891],[-2.0231,50.5892],[-2.0231,50.5893],[-2.0232,50.5893],[-2.0232,50.5892],[-2.0233,50.5891],[-2.0233,50.589],[-2.0234,50.5891],[-2.0236,50.5891],[-2.0237,50.589],[-2.0237,50.5889],[-2.0238,50.5889],[-2.0238,50.5888],[-2.0241,50.5888],[-2.0244,50.5888],[-2.0246,50.5888],[-2.0247,50.5888],[-2.0248,50.5888],[-2.025,50.5887],[-2.0251,50.5887],[-2.0252,50.5887],[-2.0254,50.5888],[-2.0254,50.5887],[-2.0255,50.5888],[-2.0255,50.5889],[-2.0254,50.589],[-2.0257,50.589],[-2.0258,50.589],[-2.0259,50.589],[-2.026,50.5889],[-2.0259,50.5888],[-2.026,50.5888],[-2.0261,50.5889],[-2.026,50.5889],[-2.026,50.589],[-2.0261,50.589],[-2.0263,50.589],[-2.0264,50.589],[-2.0268,50.5889],[-2.0267,50.5888],[-2.0267,50.5887],[-2.0268,50.5887],[-2.0269,50.5886],[-2.0271,50.5886],[-2.0272,50.5885],[-2.0273,50.5885],[-2.0274,50.5884],[-2.0275,50.5884],[-2.0276,50.5884],[-2.0277,50.5883],[-2.0278,50.5883],[-2.0278,50.5882],[-2.0279,50.5882],[-2.0279,50.5881],[-2.028,50.5881],[-2.0281,50.5881],[-2.0282,50.588],[-2.0283,50.588],[-2.0283,50.5879],[-2.0283,50.5878],[-2.0285,50.5877],[-2.0285,50.5876],[-2.0286,50.5876],[-2.0287,50.5875],[-2.0288,50.5874],[-2.0288,50.5873],[-2.0289,50.5873],[-2.0289,50.5872],[-2.029,50.5872],[-2.029,50.5871],[-2.0291,50.5871],[-2.0294,50.587],[-2.0295,50.5869],[-2.0296,50.5869],[-2.0296,50.5868],[-2.0297,50.5867],[-2.0298,50.5866],[-2.0299,50.5865],[-2.03,50.5865],[-2.0301,50.5864],[-2.0302,50.5864],[-2.0302,50.5863],[-2.0303,50.5863],[-2.0303,50.5862],[-2.0304,50.5861],[-2.0304,50.586],[-2.0305,50.5859],[-2.0306,50.5858],[-2.0306,50.5857],[-2.0307,50.5857],[-2.0307,50.5856],[-2.0308,50.5856],[-2.0309,50.5856],[-2.0309,50.5855],[-2.0309,50.5854],[-2.0309,50.5853],[-2.031,50.5853],[-2.031,50.5852],[-2.0312,50.5851],[-2.0313,50.5851],[-2.0314,50.585],[-2.0315,50.5849],[-2.0316,50.5849],[-2.0317,50.5848],[-2.0317,50.5847],[-2.0318,50.5847],[-2.0318,50.5846],[-2.0319,50.5846],[-2.0318,50.5846],[-2.0319,50.5845],[-2.0319,50.5844],[-2.032,50.5844],[-2.0321,50.5844],[-2.0321,50.5845],[-2.0322,50.5844],[-2.0322,50.5843],[-2.0323,50.5843],[-2.0323,50.5844],[-2.0324,50.5843],[-2.0323,50.5843],[-2.0324,50.5843],[-2.0326,50.5841],[-2.0328,50.584],[-2.0329,50.584],[-2.0331,50.5841],[-2.033,50.5841],[-2.033,50.5842],[-2.0331,50.5842],[-2.0331,50.5843],[-2.0332,50.5841],[-2.0333,50.5841],[-2.0334,50.5841],[-2.0335,50.5841],[-2.0334,50.584],[-2.0335,50.5839],[-2.0337,50.5838],[-2.0337,50.5837],[-2.0339,50.5836],[-2.034,50.5836],[-2.0341,50.5836],[-2.0341,50.5835],[-2.0342,50.5835],[-2.0343,50.5834],[-2.0344,50.5834],[-2.0345,50.5833],[-2.0346,50.5833],[-2.0347,50.5833],[-2.0347,50.5832],[-2.0348,50.5832],[-2.0349,50.5831],[-2.035,50.5831],[-2.035,50.583],[-2.0351,50.583],[-2.0352,50.5829],[-2.0353,50.5828],[-2.0354,50.5827],[-2.0356,50.5827],[-2.0357,50.5827],[-2.0358,50.5825],[-2.0359,50.5825],[-2.036,50.5825],[-2.0363,50.5823],[-2.0364,50.5823],[-2.0365,50.5822],[-2.0366,50.5822],[-2.0367,50.5821],[-2.0368,50.5821],[-2.0367,50.5821],[-2.0368,50.582],[-2.0369,50.582],[-2.0369,50.5819],[-2.037,50.5819],[-2.0371,50.5818],[-2.0373,50.5818],[-2.0373,50.5817],[-2.0374,50.5816],[-2.0375,50.5816],[-2.0376,50.5815],[-2.0377,50.5815],[-2.0378,50.5815],[-2.0379,50.5815],[-2.0378,50.5814],[-2.0379,50.5814],[-2.0379,50.5813],[-2.0381,50.5814],[-2.0382,50.5814],[-2.0384,50.5815],[-2.0385,50.5815],[-2.0386,50.5815],[-2.0387,50.5815],[-2.0387,50.5814],[-2.0387,50.5813],[-2.0386,50.5812],[-2.0386,50.5811],[-2.0387,50.581],[-2.0388,50.5808],[-2.039,50.5807],[-2.0391,50.5807],[-2.0391,50.5806],[-2.0392,50.5805],[-2.0394,50.5802],[-2.0396,50.5801],[-2.0397,50.5801],[-2.0398,50.5802],[-2.0399,50.5801],[-2.0401,50.5801],[-2.0402,50.5801],[-2.0402,50.58],[-2.0403,50.58],[-2.0404,50.5799],[-2.0405,50.5798],[-2.0406,50.5798],[-2.0408,50.5797],[-2.0409,50.5797],[-2.041,50.5797],[-2.0415,50.5797],[-2.0416,50.5796],[-2.0416,50.5795],[-2.0417,50.5795],[-2.0419,50.5795],[-2.0419,50.5794],[-2.042,50.5793],[-2.0421,50.5793],[-2.0422,50.5793],[-2.0423,50.5793],[-2.0425,50.5792],[-2.0426,50.5792],[-2.0428,50.5791],[-2.0429,50.5791],[-2.043,50.5791],[-2.0431,50.5791],[-2.0432,50.5791],[-2.0435,50.579],[-2.0437,50.579],[-2.044,50.5789],[-2.0441,50.5789],[-2.0443,50.5789],[-2.0444,50.5789],[-2.0445,50.5789],[-2.0448,50.5788],[-2.0449,50.5788],[-2.0453,50.5787],[-2.0454,50.5787],[-2.0456,50.5787],[-2.0457,50.5787],[-2.0458,50.5786],[-2.0462,50.5785],[-2.0463,50.5785],[-2.0465,50.5786],[-2.0466,50.5786],[-2.0467,50.5786],[-2.0469,50.5786],[-2.047,50.5786],[-2.0471,50.5786],[-2.0475,50.5785],[-2.0478,50.5784],[-2.048,50.5784],[-2.0488,50.5781],[-2.0489,50.5781],[-2.0491,50.578],[-2.0492,50.578],[-2.0494,50.5779],[-2.0496,50.5777],[-2.0498,50.5777],[-2.0502,50.5779],[-2.0503,50.5778],[-2.0504,50.5778],[-2.0505,50.5778],[-2.0507,50.5777],[-2.0509,50.5778],[-2.0511,50.5777],[-2.0513,50.5776],[-2.0516,50.5776],[-2.0519,50.5776],[-2.052,50.5776],[-2.0523,50.5776],[-2.0524,50.5776],[-2.0525,50.5776],[-2.0529,50.5774],[-2.053,50.5774],[-2.0531,50.5774],[-2.0532,50.5774],[-2.0533,50.5773],[-2.0533,50.5772],[-2.0534,50.5772],[-2.0536,50.577],[-2.0538,50.5769],[-2.0539,50.5768],[-2.054,50.5768],[-2.054,50.5767],[-2.0541,50.5767],[-2.0542,50.5766],[-2.0544,50.5765],[-2.0547,50.5765],[-2.0549,50.5765],[-2.0551,50.5765],[-2.0552,50.5765],[-2.0553,50.5765],[-2.0554,50.5765],[-2.0556,50.5764],[-2.0558,50.5765],[-2.0559,50.5765],[-2.0559,50.5764],[-2.0561,50.5764],[-2.0562,50.5765],[-2.0562,50.5766],[-2.0563,50.5766],[-2.0565,50.5767],[-2.0566,50.5768],[-2.0568,50.5768],[-2.0569,50.5768],[-2.057,50.5768],[-2.0571,50.5768],[-2.0573,50.5768],[-2.0575,50.577],[-2.0577,50.577],[-2.0578,50.5772],[-2.0581,50.5774],[-2.0582,50.5775],[-2.0583,50.5775],[-2.0584,50.5775],[-2.0585,50.5777],[-2.0586,50.5777],[-2.0588,50.578],[-2.059,50.5783],[-2.0591,50.5785],[-2.0592,50.5786],[-2.0592,50.5787],[-2.0593,50.5788],[-2.0594,50.5788],[-2.0596,50.579],[-2.0596,50.5791],[-2.0597,50.5791],[-2.0597,50.5792],[-2.0598,50.5792],[-2.0598,50.5793],[-2.06,50.5793],[-2.0601,50.5794],[-2.0602,50.5795],[-2.0603,50.5796],[-2.0604,50.5797],[-2.0605,50.5798],[-2.0605,50.5799],[-2.0606,50.58],[-2.0607,50.5801],[-2.0608,50.5802],[-2.0609,50.5802],[-2.0609,50.5803],[-2.061,50.5803],[-2.061,50.5804],[-2.061,50.5805],[-2.0613,50.5806],[-2.0614,50.5806],[-2.0616,50.5807],[-2.0617,50.5808],[-2.0617,50.5809],[-2.0619,50.5811],[-2.0619,50.5812],[-2.062,50.5814],[-2.0621,50.5815],[-2.0621,50.5816],[-2.0622,50.5816],[-2.0622,50.5817],[-2.0622,50.5818],[-2.0622,50.5819],[-2.0622,50.582],[-2.0621,50.582],[-2.0621,50.5821],[-2.062,50.5821],[-2.062,50.5823],[-2.0619,50.5826],[-2.0618,50.5827],[-2.0618,50.5828],[-2.0617,50.5828],[-2.0617,50.5829],[-2.0616,50.5829],[-2.0617,50.583],[-2.0618,50.5834],[-2.0619,50.5834],[-2.0622,50.5837],[-2.0622,50.5838],[-2.0621,50.5839],[-2.0622,50.5839],[-2.0623,50.5839],[-2.0623,50.584],[-2.0623,50.5841],[-2.0623,50.5842],[-2.0624,50.5843],[-2.0624,50.5844],[-2.0624,50.5845],[-2.0624,50.5846],[-2.0624,50.5847],[-2.0625,50.5848],[-2.0626,50.5849],[-2.0626,50.585],[-2.0627,50.585],[-2.0629,50.5853],[-2.0631,50.5854],[-2.0632,50.5855],[-2.0633,50.5855],[-2.0635,50.5855],[-2.0636,50.5856],[-2.0637,50.5856],[-2.0637,50.5857],[-2.0638,50.5858],[-2.0638,50.5859],[-2.0638,50.5861],[-2.064,50.5862],[-2.064,50.5863],[-2.0639,50.5864],[-2.0638,50.5865],[-2.0638,50.5866],[-2.0638,50.5867],[-2.0639,50.5868],[-2.0639,50.5869],[-2.064,50.587],[-2.0641,50.5871],[-2.0641,50.5872],[-2.0642,50.5872],[-2.0642,50.5873],[-2.0642,50.5874],[-2.0644,50.5876],[-2.0644,50.5877],[-2.0645,50.5878],[-2.0643,50.5879],[-2.0644,50.588],[-2.0644,50.5881],[-2.0645,50.5883],[-2.0645,50.5884],[-2.0646,50.5884],[-2.0646,50.5885],[-2.0647,50.5885],[-2.0647,50.5886],[-2.0647,50.5887],[-2.0646,50.5888],[-2.0647,50.589],[-2.0646,50.589],[-2.0646,50.5891],[-2.0646,50.5892],[-2.0647,50.5892],[-2.0647,50.5893],[-2.0647,50.5894],[-2.0647,50.5895],[-2.0646,50.5895],[-2.0646,50.5896],[-2.0647,50.5897],[-2.0646,50.59],[-2.0647,50.5901],[-2.0647,50.5902],[-2.0647,50.5904],[-2.0648,50.5907],[-2.0647,50.5908],[-2.0647,50.5909],[-2.0646,50.5909],[-2.0646,50.591],[-2.0646,50.5911],[-2.0647,50.5911],[-2.0648,50.5912],[-2.0648,50.5913],[-2.0647,50.5914],[-2.0645,50.5915],[-2.0644,50.5915],[-2.0641,50.5915],[-2.0638,50.5914],[-2.0637,50.5914],[-2.0636,50.5913],[-2.0635,50.5913],[-2.0635,50.5914],[-2.0634,50.5914],[-2.0633,50.5914],[-2.0633,50.5915],[-2.0632,50.5915],[-2.0632,50.5917],[-2.0632,50.5918],[-2.0632,50.5919],[-2.0632,50.592],[-2.0632,50.5922],[-2.0632,50.5923],[-2.0632,50.5924],[-2.0631,50.5926],[-2.0632,50.5927],[-2.0632,50.5928],[-2.0633,50.5929],[-2.0634,50.593],[-2.0635,50.5931],[-2.0636,50.5931],[-2.0636,50.5932],[-2.0637,50.5933],[-2.0637,50.5934],[-2.0638,50.5934],[-2.0639,50.5934],[-2.0642,50.5936],[-2.0643,50.5936],[-2.0644,50.5936],[-2.0646,50.5937],[-2.0647,50.5937],[-2.0648,50.5937],[-2.065,50.5938],[-2.0651,50.5938],[-2.0654,50.5938],[-2.0656,50.5938],[-2.0658,50.5937],[-2.0659,50.5937],[-2.0662,50.5936],[-2.0663,50.5936],[-2.0662,50.5935],[-2.0662,50.5934],[-2.0663,50.5934],[-2.0664,50.5934],[-2.0664,50.5933],[-2.0663,50.5932],[-2.0663,50.5933],[-2.0662,50.5933],[-2.0661,50.5933],[-2.0662,50.5932],[-2.0662,50.5931],[-2.0661,50.593],[-2.0661,50.5929],[-2.0664,50.5927],[-2.0665,50.5927],[-2.0667,50.5927],[-2.0669,50.5928],[-2.067,50.5928],[-2.067,50.5927],[-2.0671,50.5927],[-2.0672,50.5926],[-2.0673,50.5926],[-2.0674,50.5925],[-2.0675,50.5925],[-2.0675,50.5924],[-2.0676,50.5924],[-2.0676,50.5923],[-2.0677,50.5923],[-2.0678,50.5922],[-2.0681,50.5922],[-2.0681,50.5921],[-2.0682,50.5921],[-2.0682,50.5922],[-2.0683,50.5921],[-2.0685,50.5921],[-2.0686,50.5921],[-2.0687,50.5921],[-2.0688,50.5921],[-2.0688,50.5922],[-2.0688,50.5923],[-2.0688,50.5924],[-2.0689,50.5924],[-2.0691,50.5924],[-2.0692,50.5924],[-2.0694,50.5924],[-2.0694,50.5925],[-2.0695,50.5925],[-2.0695,50.5924],[-2.0695,50.5923],[-2.0694,50.5923],[-2.0694,50.5922],[-2.0695,50.5922],[-2.0696,50.5923],[-2.0697,50.5924],[-2.0698,50.5924],[-2.0696,50.5925],[-2.0696,50.5926],[-2.0695,50.5926],[-2.0695,50.5927],[-2.0696,50.5927],[-2.0697,50.5927],[-2.0698,50.5926],[-2.07,50.5927],[-2.0701,50.5926],[-2.0703,50.5927],[-2.0704,50.5926],[-2.0705,50.5927],[-2.0706,50.5927],[-2.0707,50.5927],[-2.0708,50.5927],[-2.0709,50.5927],[-2.071,50.5927],[-2.0711,50.5927],[-2.0712,50.5926],[-2.0712,50.5925],[-2.0711,50.5925],[-2.071,50.5925],[-2.0709,50.5925],[-2.0709,50.5924],[-2.0712,50.5923],[-2.0714,50.5923],[-2.0716,50.5923],[-2.0717,50.5924],[-2.0718,50.5924],[-2.0719,50.5924],[-2.072,50.5924],[-2.072,50.5925],[-2.0721,50.5925],[-2.0722,50.5925],[-2.0723,50.5925],[-2.0724,50.5924],[-2.0724,50.5923],[-2.0723,50.5923],[-2.0722,50.5923],[-2.0723,50.5922],[-2.0725,50.592],[-2.0727,50.592],[-2.0731,50.5919],[-2.073,50.5919],[-2.0729,50.5919],[-2.0728,50.5919],[-2.0728,50.5918],[-2.0727,50.5919],[-2.0725,50.5919],[-2.0724,50.5919],[-2.0724,50.5918],[-2.0726,50.5917],[-2.0727,50.5917],[-2.0728,50.5916],[-2.0733,50.5917],[-2.0735,50.5918],[-2.0736,50.5918],[-2.0736,50.5919],[-2.0735,50.5919],[-2.0734,50.5919],[-2.0735,50.5919],[-2.0736,50.5919],[-2.0737,50.5919],[-2.0737,50.592],[-2.0738,50.5921],[-2.0739,50.5921],[-2.0739,50.5922],[-2.074,50.5922],[-2.074,50.5923],[-2.0741,50.5923],[-2.0741,50.5924],[-2.0741,50.5925],[-2.0742,50.5925],[-2.0743,50.5925],[-2.0744,50.5925],[-2.0745,50.5926],[-2.0746,50.5926],[-2.0747,50.5926],[-2.0748,50.5926],[-2.0749,50.5927],[-2.0749,50.5928],[-2.075,50.5929],[-2.075,50.593],[-2.075,50.5931],[-2.0751,50.5931],[-2.0752,50.593],[-2.0753,50.5931],[-2.0754,50.5931],[-2.0755,50.5932],[-2.0756,50.5932],[-2.0757,50.5933],[-2.0758,50.5933],[-2.0758,50.5934],[-2.0759,50.5934],[-2.076,50.5935],[-2.076,50.5936],[-2.0761,50.5937],[-2.0762,50.5938],[-2.0763,50.5941],[-2.0762,50.5941],[-2.0762,50.594],[-2.0761,50.5939],[-2.076,50.5939],[-2.076,50.5938],[-2.076,50.5937],[-2.0759,50.5937],[-2.0758,50.5935],[-2.0757,50.5935],[-2.0756,50.5935],[-2.0757,50.5936],[-2.0757,50.5937],[-2.0759,50.594],[-2.076,50.5941],[-2.0761,50.5943],[-2.0762,50.5944],[-2.0762,50.5945],[-2.0761,50.5945],[-2.0761,50.5946],[-2.076,50.5946],[-2.076,50.5947],[-2.0759,50.5946],[-2.0759,50.5947],[-2.0759,50.5948],[-2.0758,50.5948],[-2.0758,50.5947],[-2.0757,50.5947],[-2.0758,50.5948],[-2.0758,50.5949],[-2.0759,50.5949],[-2.0759,50.595],[-2.076,50.595],[-2.0761,50.5951],[-2.0762,50.5951],[-2.0763,50.5952],[-2.0765,50.5952],[-2.0766,50.5953],[-2.077,50.5953],[-2.077,50.5954],[-2.0774,50.5954],[-2.0777,50.5954],[-2.0782,50.5954],[-2.0783,50.5954],[-2.0786,50.5953],[-2.0787,50.5953],[-2.0788,50.5953],[-2.0789,50.5952],[-2.0791,50.5952],[-2.0792,50.5952],[-2.0797,50.5951],[-2.0798,50.5951],[-2.0799,50.595],[-2.08,50.595],[-2.0801,50.595],[-2.0802,50.5949],[-2.0803,50.5949],[-2.0806,50.5949],[-2.0806,50.5948],[-2.0808,50.5948],[-2.0809,50.5948],[-2.081,50.5948],[-2.0812,50.5948],[-2.0815,50.5948],[-2.0816,50.5947],[-2.0822,50.5947],[-2.0827,50.5947],[-2.0828,50.5947],[-2.0831,50.5947],[-2.0832,50.5947],[-2.0832,50.5946],[-2.0832,50.5945],[-2.0833,50.5946],[-2.0834,50.5947],[-2.0834,50.5948],[-2.0835,50.5948],[-2.0836,50.5948],[-2.0837,50.5948],[-2.0837,50.5947],[-2.0837,50.5946],[-2.0837,50.5945],[-2.0836,50.5945],[-2.0836,50.5944],[-2.0836,50.5943],[-2.0836,50.5942],[-2.0836,50.5941],[-2.0836,50.594],[-2.0836,50.5939],[-2.0836,50.5938],[-2.0837,50.5938],[-2.0837,50.5939],[-2.0837,50.5943],[-2.0837,50.5944],[-2.0837,50.5945],[-2.0838,50.5946],[-2.0838,50.5947],[-2.0838,50.5948],[-2.084,50.5948],[-2.0839,50.5948],[-2.0839,50.5947],[-2.0839,50.5946],[-2.0839,50.5945],[-2.084,50.5947],[-2.084,50.5948],[-2.0841,50.5949],[-2.0842,50.5949],[-2.0842,50.595],[-2.0843,50.595],[-2.085,50.5952],[-2.085,50.5951],[-2.0849,50.595],[-2.085,50.595],[-2.085,50.5951],[-2.0851,50.5952],[-2.0853,50.5953],[-2.0853,50.5951],[-2.0853,50.595],[-2.0853,50.5949],[-2.0852,50.5949],[-2.0852,50.5948],[-2.0853,50.5949],[-2.0853,50.595],[-2.0854,50.5951],[-2.0855,50.5952],[-2.0856,50.5951],[-2.0856,50.595],[-2.0857,50.595],[-2.0857,50.5952],[-2.0858,50.5953],[-2.0859,50.5954],[-2.0861,50.5955],[-2.0862,50.5956],[-2.0863,50.5956],[-2.0863,50.5955],[-2.0862,50.5954],[-2.0862,50.5953],[-2.0861,50.5952],[-2.0861,50.5951],[-2.086,50.5949],[-2.086,50.5948],[-2.0861,50.5948],[-2.0861,50.5949],[-2.0861,50.595],[-2.0862,50.595],[-2.0862,50.5951],[-2.0863,50.5953],[-2.0863,50.5954],[-2.0865,50.5955],[-2.0865,50.5956],[-2.0866,50.5957],[-2.0866,50.5956],[-2.0864,50.5954],[-2.0864,50.5953],[-2.0864,50.5952],[-2.0865,50.5954],[-2.0866,50.5955],[-2.0866,50.5956],[-2.0867,50.5956],[-2.0868,50.5957],[-2.0868,50.5958],[-2.0869,50.5958],[-2.087,50.5958],[-2.0869,50.5957],[-2.087,50.5957],[-2.0871,50.5958],[-2.0873,50.5959],[-2.0874,50.5959],[-2.0875,50.5959],[-2.0875,50.5958],[-2.0874,50.5957],[-2.0875,50.5957],[-2.0876,50.5959],[-2.0877,50.5959],[-2.0877,50.5958],[-2.0876,50.5958],[-2.0876,50.5957],[-2.0875,50.5955],[-2.0875,50.5954],[-2.0874,50.5953],[-2.0874,50.5952],[-2.0875,50.5952],[-2.0875,50.5953],[-2.0876,50.5954],[-2.0877,50.5956],[-2.0878,50.5957],[-2.088,50.5959],[-2.0879,50.5959],[-2.0878,50.5956],[-2.0878,50.5955],[-2.0878,50.5954],[-2.0877,50.5953],[-2.0877,50.5952],[-2.0877,50.5951],[-2.0876,50.5951],[-2.0876,50.595],[-2.0877,50.595],[-2.0877,50.5951],[-2.0878,50.5952],[-2.088,50.5954],[-2.088,50.5955],[-2.088,50.5956],[-2.088,50.5957],[-2.0881,50.5958],[-2.0882,50.5959],[-2.0883,50.596],[-2.0884,50.596],[-2.0885,50.5958],[-2.0886,50.5958],[-2.0886,50.5959],[-2.0887,50.596],[-2.0888,50.5962],[-2.0889,50.5963],[-2.0892,50.5965],[-2.0894,50.5966],[-2.0895,50.5966],[-2.0895,50.5965],[-2.0893,50.5964],[-2.0892,50.5962],[-2.0891,50.5961],[-2.0891,50.596],[-2.0892,50.596],[-2.0893,50.5961],[-2.0894,50.5962],[-2.0894,50.5963],[-2.0895,50.5964],[-2.0896,50.5965],[-2.0897,50.5965],[-2.0897,50.5964],[-2.0896,50.5963],[-2.0896,50.5962],[-2.0897,50.5963],[-2.0898,50.5964],[-2.0899,50.5965],[-2.09,50.5965],[-2.09,50.5964],[-2.0899,50.5964],[-2.0899,50.5963],[-2.09,50.5964],[-2.0901,50.5964],[-2.0902,50.5965],[-2.0903,50.5965],[-2.0904,50.5967],[-2.0905,50.5967],[-2.0906,50.5968],[-2.0907,50.5968],[-2.0907,50.5967],[-2.0906,50.5966],[-2.0907,50.5966],[-2.0908,50.5968],[-2.0909,50.5968],[-2.091,50.5969],[-2.0911,50.5969],[-2.0911,50.5968],[-2.0911,50.5967],[-2.091,50.5967],[-2.0911,50.5966],[-2.0911,50.5965],[-2.0911,50.5964],[-2.091,50.5963],[-2.091,50.5962],[-2.0911,50.5963],[-2.0913,50.5965],[-2.0914,50.5966],[-2.0917,50.5969],[-2.0918,50.5969],[-2.0918,50.5968],[-2.0917,50.5967],[-2.0918,50.5967],[-2.0918,50.5966],[-2.0918,50.5967],[-2.0919,50.5967],[-2.092,50.5967],[-2.092,50.5968],[-2.0921,50.5968],[-2.0922,50.5968],[-2.0923,50.597],[-2.0925,50.5971],[-2.0927,50.5972],[-2.0927,50.5971],[-2.0926,50.5969],[-2.0925,50.5969],[-2.0926,50.5969],[-2.0927,50.597],[-2.0928,50.5972],[-2.0929,50.5972],[-2.093,50.5972],[-2.0931,50.5972],[-2.0932,50.5972],[-2.0931,50.5971],[-2.093,50.5969],[-2.0931,50.5969],[-2.0932,50.5969],[-2.0931,50.5969],[-2.0931,50.5967],[-2.093,50.5967],[-2.093,50.5966],[-2.093,50.5965],[-2.0929,50.5964],[-2.0928,50.5963],[-2.0927,50.5961],[-2.0928,50.5961],[-2.0929,50.5962],[-2.0929,50.5963],[-2.093,50.5964],[-2.0931,50.5966],[-2.0931,50.5967],[-2.0933,50.5969],[-2.0935,50.597],[-2.0935,50.5971],[-2.0936,50.5973],[-2.0938,50.5974],[-2.0938,50.5973],[-2.0937,50.5972],[-2.0936,50.5971],[-2.0937,50.5971],[-2.0937,50.597],[-2.0936,50.5969],[-2.0937,50.5969],[-2.0937,50.597],[-2.0938,50.597],[-2.0939,50.5971],[-2.094,50.5972],[-2.0942,50.5974],[-2.0943,50.5974],[-2.0946,50.5975],[-2.0947,50.5975],[-2.0947,50.5974],[-2.0946,50.5973],[-2.0946,50.5972],[-2.0945,50.597],[-2.0944,50.5968],[-2.0943,50.5968],[-2.0943,50.5967],[-2.0943,50.5966],[-2.0944,50.5967],[-2.0944,50.5968],[-2.0945,50.5969],[-2.0947,50.5971],[-2.0947,50.5972],[-2.0948,50.5972],[-2.0948,50.5973],[-2.095,50.5975],[-2.0951,50.5975],[-2.0951,50.5976],[-2.0953,50.5976],[-2.0954,50.5976],[-2.0955,50.5976],[-2.0957,50.5976],[-2.0958,50.5976],[-2.0959,50.5976],[-2.0959,50.5975],[-2.0957,50.5973],[-2.0956,50.5973],[-2.0956,50.5972],[-2.0957,50.5973],[-2.0958,50.5974],[-2.0959,50.5975],[-2.096,50.5975],[-2.096,50.5976],[-2.0961,50.5977],[-2.0962,50.5977],[-2.0963,50.5977],[-2.0966,50.5978],[-2.0966,50.5977],[-2.0965,50.5976],[-2.0966,50.5976],[-2.0966,50.5977],[-2.0968,50.5978],[-2.0968,50.5979],[-2.0969,50.5978],[-2.0969,50.5977],[-2.0968,50.5977],[-2.0968,50.5976],[-2.0968,50.5975],[-2.0967,50.5974],[-2.0966,50.5974],[-2.0966,50.5973],[-2.0964,50.5972],[-2.0964,50.5971],[-2.0964,50.597],[-2.0963,50.5969],[-2.0963,50.5968],[-2.0962,50.5966],[-2.0964,50.5968],[-2.0964,50.5969],[-2.0966,50.597],[-2.0967,50.5972],[-2.0969,50.5973],[-2.0969,50.5974],[-2.097,50.5974],[-2.097,50.5975],[-2.097,50.5976],[-2.0971,50.5976],[-2.0972,50.5977],[-2.0974,50.5978],[-2.0975,50.5979],[-2.0976,50.598],[-2.0977,50.598],[-2.0978,50.5981],[-2.0984,50.5981],[-2.0985,50.5981],[-2.0987,50.5981],[-2.0988,50.5981],[-2.0991,50.5981],[-2.0993,50.5981],[-2.0996,50.598],[-2.0997,50.598],[-2.0999,50.598],[-2.1,50.598],[-2.1001,50.598],[-2.1002,50.5979],[-2.1003,50.5979],[-2.1005,50.5979],[-2.1006,50.5978],[-2.1007,50.5978],[-2.1008,50.5978],[-2.101,50.5977],[-2.1011,50.5977],[-2.1016,50.5975],[-2.1017,50.5974],[-2.1018,50.5974],[-2.1018,50.5973],[-2.1019,50.5973],[-2.102,50.5973],[-2.1021,50.5973],[-2.1022,50.5973],[-2.1023,50.5973],[-2.1024,50.5973],[-2.1025,50.5972],[-2.1026,50.5972],[-2.1027,50.5972],[-2.1031,50.5972],[-2.1031,50.5971],[-2.1032,50.597],[-2.1034,50.5971],[-2.1035,50.5971],[-2.1035,50.597],[-2.1034,50.597],[-2.1033,50.5969],[-2.1032,50.5969],[-2.103,50.5968],[-2.103,50.5967],[-2.1029,50.5967],[-2.1031,50.5967],[-2.1033,50.5968],[-2.1035,50.5968],[-2.1036,50.5969],[-2.1037,50.5969],[-2.1038,50.597],[-2.1039,50.597],[-2.104,50.597],[-2.104,50.5969],[-2.1041,50.5969],[-2.104,50.5969],[-2.1038,50.5968],[-2.1038,50.5967],[-2.1037,50.5967],[-2.1036,50.5966],[-2.1034,50.5965],[-2.1032,50.5964],[-2.1031,50.5963],[-2.103,50.5962],[-2.1031,50.5962],[-2.1031,50.5961],[-2.103,50.5961],[-2.103,50.596],[-2.1029,50.596],[-2.1027,50.5959],[-2.1026,50.5958],[-2.1025,50.5958],[-2.1026,50.5957],[-2.1026,50.5958],[-2.1027,50.5958],[-2.1029,50.5959],[-2.1029,50.596],[-2.103,50.596],[-2.1031,50.596],[-2.1031,50.5961],[-2.1032,50.5961],[-2.1033,50.5961],[-2.1032,50.5961],[-2.1031,50.596],[-2.103,50.5959],[-2.1029,50.5959],[-2.1028,50.5958],[-2.1027,50.5958],[-2.1027,50.5957],[-2.1027,50.5956],[-2.1026,50.5956],[-2.1026,50.5955],[-2.1025,50.5955],[-2.1025,50.5954],[-2.1026,50.5954],[-2.1026,50.5955],[-2.1027,50.5955],[-2.1028,50.5956],[-2.1029,50.5956],[-2.1032,50.5958],[-2.1033,50.5958],[-2.1036,50.5959],[-2.1037,50.596],[-2.1038,50.596],[-2.1041,50.5962],[-2.1042,50.5962],[-2.1043,50.5963],[-2.1044,50.5963],[-2.1047,50.5964],[-2.1048,50.5964],[-2.1047,50.5964],[-2.1046,50.5963],[-2.1045,50.5962],[-2.1044,50.5962],[-2.1044,50.5961],[-2.1043,50.5961],[-2.1042,50.596],[-2.1042,50.5959],[-2.1041,50.5959],[-2.1041,50.5958],[-2.1041,50.5957],[-2.104,50.5957],[-2.1039,50.5956],[-2.1038,50.5956],[-2.1038,50.5955],[-2.1038,50.5956],[-2.1039,50.5956],[-2.104,50.5957],[-2.1041,50.5957],[-2.1042,50.5958],[-2.1044,50.5958],[-2.1045,50.5959],[-2.1047,50.5959],[-2.1048,50.5959],[-2.1048,50.596],[-2.1049,50.596],[-2.105,50.596],[-2.105,50.5961],[-2.105,50.5962],[-2.105,50.5963],[-2.1051,50.5964],[-2.1052,50.5964],[-2.1053,50.5965],[-2.1054,50.5965],[-2.1054,50.5966],[-2.1055,50.5966],[-2.1056,50.5967],[-2.1058,50.5968],[-2.1059,50.5968],[-2.1059,50.5967],[-2.1059,50.5966],[-2.106,50.5966],[-2.106,50.5965],[-2.1062,50.5963],[-2.1063,50.5962],[-2.1063,50.5961],[-2.1063,50.596],[-2.1064,50.596],[-2.1064,50.5961],[-2.1065,50.5961],[-2.1066,50.5962],[-2.1066,50.5963],[-2.1067,50.5963],[-2.1067,50.5964],[-2.1068,50.5964],[-2.1068,50.5965],[-2.1069,50.5966],[-2.1069,50.5967],[-2.107,50.5968],[-2.107,50.5969],[-2.1071,50.5969],[-2.1071,50.597],[-2.1072,50.597],[-2.1073,50.5971],[-2.1074,50.5972],[-2.1075,50.5973],[-2.1076,50.5974],[-2.1076,50.5973],[-2.1075,50.5973],[-2.1074,50.5971],[-2.1074,50.597],[-2.1073,50.597],[-2.1073,50.5969],[-2.1072,50.5969],[-2.1072,50.5968],[-2.1072,50.5967],[-2.1072,50.5966],[-2.1072,50.5965],[-2.1073,50.5963],[-2.1074,50.5963],[-2.1074,50.5964],[-2.1076,50.5967],[-2.1076,50.5968],[-2.1077,50.5969],[-2.1081,50.5972],[-2.1083,50.5973],[-2.1083,50.5974],[-2.1084,50.5974],[-2.1086,50.5976],[-2.1087,50.5976],[-2.1087,50.5977],[-2.1088,50.5978],[-2.1088,50.5979],[-2.1089,50.5979],[-2.1089,50.5978],[-2.1088,50.5978],[-2.1088,50.5977],[-2.1087,50.5976],[-2.1087,50.5975],[-2.1086,50.5975],[-2.1087,50.5975],[-2.1088,50.5976],[-2.1089,50.5976],[-2.1089,50.5977],[-2.109,50.5977],[-2.1091,50.5979],[-2.1092,50.5979],[-2.1093,50.598],[-2.1094,50.598],[-2.1094,50.5981],[-2.1097,50.5982],[-2.1099,50.5982],[-2.1099,50.5981],[-2.11,50.5982],[-2.1101,50.5982],[-2.1102,50.5982],[-2.1102,50.5983],[-2.1104,50.5984],[-2.1104,50.5983],[-2.1103,50.5983],[-2.1103,50.5982],[-2.1102,50.5981],[-2.1103,50.5981],[-2.1103,50.5982],[-2.1104,50.5982],[-2.1105,50.5983],[-2.1106,50.5984],[-2.1107,50.5984],[-2.1106,50.5983],[-2.1106,50.5982],[-2.1106,50.5983],[-2.1107,50.5983],[-2.1107,50.5982],[-2.1106,50.5982],[-2.1108,50.5983],[-2.1109,50.5983],[-2.1109,50.5984],[-2.1109,50.5983],[-2.1108,50.5983],[-2.1108,50.5982],[-2.1108,50.5981],[-2.1109,50.5982],[-2.111,50.5983],[-2.1111,50.5983],[-2.1111,50.5984],[-2.1112,50.5984],[-2.1114,50.5986],[-2.1115,50.5986],[-2.1116,50.5987],[-2.1117,50.5987],[-2.1117,50.5988],[-2.1118,50.5988],[-2.1119,50.5988],[-2.112,50.5988],[-2.112,50.5987],[-2.1119,50.5987],[-2.1119,50.5986],[-2.1119,50.5985],[-2.1118,50.5985],[-2.1118,50.5984],[-2.1121,50.5987],[-2.1122,50.5987],[-2.1122,50.5988],[-2.1123,50.5988],[-2.1122,50.5987],[-2.1122,50.5986],[-2.1123,50.5987],[-2.1124,50.5988],[-2.1125,50.5988],[-2.1125,50.5989],[-2.1126,50.5989],[-2.1126,50.599],[-2.1127,50.599],[-2.1128,50.599],[-2.1129,50.599],[-2.1129,50.5989],[-2.113,50.599],[-2.1131,50.5991],[-2.1132,50.5991],[-2.1133,50.5991],[-2.1133,50.5992],[-2.1134,50.5992],[-2.1134,50.5991],[-2.1135,50.5991],[-2.1136,50.5992],[-2.1137,50.5992],[-2.1137,50.5991],[-2.1138,50.5991],[-2.1137,50.599],[-2.1138,50.599],[-2.1138,50.5989],[-2.114,50.5989],[-2.1141,50.599],[-2.1141,50.5989],[-2.1144,50.599],[-2.1145,50.599],[-2.1147,50.5991],[-2.1148,50.5991],[-2.1149,50.5991],[-2.1148,50.599],[-2.1146,50.5988],[-2.1145,50.5987],[-2.1144,50.5986],[-2.1143,50.5985],[-2.1144,50.5985],[-2.1145,50.5986],[-2.1146,50.5987],[-2.1147,50.5987],[-2.1148,50.5988],[-2.1149,50.599],[-2.115,50.5991],[-2.1151,50.5992],[-2.1152,50.5992],[-2.1152,50.5991],[-2.1152,50.599],[-2.1153,50.5991],[-2.1154,50.5992],[-2.1155,50.5993],[-2.1156,50.5993],[-2.1155,50.5993],[-2.1155,50.5992],[-2.1156,50.5992],[-2.1156,50.5993],[-2.1157,50.5993],[-2.1159,50.5992],[-2.116,50.5992],[-2.116,50.5993],[-2.1161,50.5994],[-2.1162,50.5995],[-2.1162,50.5996],[-2.1162,50.5997],[-2.1161,50.5997],[-2.1161,50.5998],[-2.1164,50.5999],[-2.1165,50.5998],[-2.1167,50.5998],[-2.1168,50.5999],[-2.1168,50.6],[-2.117,50.5999],[-2.1171,50.5999],[-2.1171,50.6],[-2.1171,50.6001],[-2.1172,50.6001],[-2.1172,50.6],[-2.1173,50.6],[-2.1173,50.6001],[-2.1174,50.6],[-2.1174,50.6001],[-2.1175,50.6001],[-2.1175,50.6002],[-2.1176,50.6002],[-2.1177,50.6003],[-2.1179,50.6003],[-2.118,50.6003],[-2.118,50.6002],[-2.118,50.6001],[-2.1181,50.6002],[-2.1181,50.6003],[-2.1181,50.6004],[-2.1182,50.6004],[-2.1182,50.6003],[-2.1182,50.6002],[-2.1183,50.6002],[-2.1183,50.6003],[-2.1184,50.6003],[-2.1185,50.6005],[-2.1186,50.6006],[-2.1186,50.6007],[-2.1186,50.6008],[-2.1187,50.6008],[-2.1188,50.6008],[-2.1188,50.6009],[-2.1188,50.6011],[-2.1187,50.601],[-2.1187,50.6011],[-2.1188,50.6011],[-2.1189,50.6012],[-2.119,50.6012],[-2.119,50.6013],[-2.1191,50.6013],[-2.1191,50.6014],[-2.1192,50.6015],[-2.1194,50.6016],[-2.1197,50.6018],[-2.1199,50.6019],[-2.12,50.602],[-2.1201,50.602],[-2.1205,50.6022],[-2.1206,50.6023],[-2.1211,50.6024],[-2.1212,50.6025],[-2.1213,50.6025],[-2.1214,50.6026],[-2.1216,50.6027],[-2.1216,50.6026],[-2.1215,50.6025],[-2.1216,50.6025],[-2.1217,50.6025],[-2.1219,50.6025],[-2.122,50.6025],[-2.1221,50.6025],[-2.1221,50.6024],[-2.122,50.6023],[-2.1221,50.6023],[-2.1221,50.6024],[-2.1222,50.6025],[-2.1223,50.6025],[-2.1223,50.6026],[-2.1224,50.6026],[-2.1224,50.6027],[-2.1224,50.6026],[-2.1224,50.6025],[-2.1224,50.6024],[-2.1225,50.6024],[-2.1225,50.6025],[-2.1226,50.6026],[-2.1226,50.6027],[-2.1227,50.6027],[-2.1227,50.6028],[-2.1227,50.6029],[-2.1228,50.6029],[-2.1228,50.6028],[-2.1228,50.6027],[-2.1229,50.6028],[-2.123,50.6028],[-2.123,50.6029],[-2.123,50.6031],[-2.1231,50.6031],[-2.1232,50.6031],[-2.1232,50.6032],[-2.1233,50.6032],[-2.1233,50.6031],[-2.1233,50.6029],[-2.1233,50.6028],[-2.1232,50.6028],[-2.1232,50.6026],[-2.1232,50.6025],[-2.1233,50.6025],[-2.1234,50.6028],[-2.1234,50.6029],[-2.1234,50.6031],[-2.1235,50.6031],[-2.1235,50.6032],[-2.1235,50.6033],[-2.1241,50.6034],[-2.1242,50.6032],[-2.1243,50.6031],[-2.1243,50.603],[-2.1242,50.6029],[-2.1243,50.6029],[-2.1244,50.603],[-2.1245,50.603],[-2.1246,50.6031],[-2.1246,50.6032],[-2.1246,50.6033],[-2.1246,50.6034],[-2.1247,50.6034],[-2.1247,50.6033],[-2.1247,50.6032],[-2.1247,50.603],[-2.1248,50.6028],[-2.1248,50.6029],[-2.1249,50.6029],[-2.1249,50.603],[-2.1249,50.6032],[-2.125,50.6033],[-2.125,50.6034],[-2.125,50.6035],[-2.1251,50.6034],[-2.125,50.6034],[-2.125,50.6033],[-2.125,50.603],[-2.1251,50.603],[-2.1251,50.6029],[-2.1252,50.603],[-2.1252,50.6031],[-2.1253,50.6032],[-2.1253,50.6033],[-2.1253,50.6034],[-2.1253,50.6033],[-2.1254,50.6033],[-2.1254,50.6034],[-2.1254,50.6033],[-2.1254,50.6031],[-2.1255,50.6031],[-2.1255,50.6034],[-2.1255,50.6035],[-2.1256,50.6035],[-2.1256,50.6034],[-2.1256,50.6033],[-2.1256,50.6032],[-2.1256,50.6031],[-2.1256,50.6028],[-2.1256,50.6027],[-2.1257,50.6027],[-2.1257,50.6028],[-2.1258,50.6032],[-2.1258,50.6033],[-2.1259,50.6034],[-2.1259,50.6035],[-2.126,50.6036],[-2.126,50.6037],[-2.1261,50.6037],[-2.1262,50.6037],[-2.1262,50.6036],[-2.1262,50.6035],[-2.1263,50.6034],[-2.1263,50.6035],[-2.1263,50.6036],[-2.1264,50.6036],[-2.1264,50.6035],[-2.1265,50.6035],[-2.1265,50.6036],[-2.1265,50.6037],[-2.1265,50.6038],[-2.1266,50.6038],[-2.1267,50.6038],[-2.1267,50.6037],[-2.1268,50.6036],[-2.1269,50.6037],[-2.1268,50.6037],[-2.1268,50.6038],[-2.1269,50.6038],[-2.127,50.6038],[-2.1271,50.6037],[-2.1271,50.6038],[-2.1272,50.6038],[-2.1272,50.6039],[-2.1273,50.6039],[-2.1273,50.6038],[-2.1274,50.6038],[-2.1274,50.6039],[-2.1276,50.6039],[-2.1277,50.6039],[-2.1277,50.604],[-2.1277,50.6041],[-2.1278,50.6041],[-2.1277,50.6041],[-2.1278,50.6042],[-2.1279,50.6042],[-2.128,50.6043],[-2.1281,50.6043],[-2.1282,50.6043],[-2.1282,50.6044],[-2.1283,50.6044],[-2.1284,50.6045],[-2.1284,50.6046],[-2.1285,50.6046],[-2.1286,50.6047],[-2.1287,50.6047],[-2.1289,50.6048],[-2.1291,50.605],[-2.1292,50.6049],[-2.1293,50.6049],[-2.1293,50.605],[-2.1293,50.6051],[-2.1294,50.6052],[-2.1296,50.6053],[-2.1297,50.6053],[-2.1297,50.6054],[-2.1298,50.6053],[-2.1299,50.6053],[-2.1299,50.6054],[-2.13,50.6053],[-2.13,50.6054],[-2.1301,50.6054],[-2.1301,50.6055],[-2.1301,50.6056],[-2.1301,50.6057],[-2.13,50.6059],[-2.1301,50.606],[-2.1302,50.6061],[-2.1302,50.6062],[-2.1303,50.6062],[-2.1304,50.6062],[-2.1304,50.6063],[-2.1304,50.6064],[-2.1306,50.6063],[-2.1307,50.6062],[-2.1307,50.6063],[-2.1307,50.6064],[-2.1307,50.6066],[-2.1308,50.6066],[-2.1308,50.6065],[-2.1309,50.6065],[-2.1309,50.6064],[-2.1309,50.6065],[-2.1309,50.6067],[-2.1308,50.6068],[-2.1309,50.6068],[-2.131,50.6068],[-2.1311,50.6067],[-2.1311,50.6066],[-2.1312,50.6066],[-2.1312,50.6065],[-2.1312,50.6066],[-2.1312,50.6067],[-2.1311,50.6067],[-2.1311,50.6068],[-2.131,50.6069],[-2.131,50.6071],[-2.1312,50.6073],[-2.1315,50.6075],[-2.1316,50.6075],[-2.1317,50.6075],[-2.1319,50.6074],[-2.1319,50.6076],[-2.1318,50.6076],[-2.1317,50.6077],[-2.1316,50.6076],[-2.1314,50.6077],[-2.1314,50.6078],[-2.1315,50.6081],[-2.1315,50.6082],[-2.1314,50.6083],[-2.1311,50.6084],[-2.131,50.6085],[-2.1309,50.6085],[-2.1307,50.6086],[-2.1306,50.6087],[-2.1303,50.6089],[-2.1301,50.609],[-2.13,50.6091],[-2.1298,50.6091],[-2.1297,50.6091],[-2.1296,50.6092],[-2.1295,50.6092],[-2.1293,50.6095],[-2.1292,50.6095],[-2.1293,50.6096],[-2.1293,50.6098],[-2.1294,50.61],[-2.1296,50.6102],[-2.1302,50.6107],[-2.1303,50.6108],[-2.1304,50.6108],[-2.1307,50.611],[-2.1309,50.6111],[-2.131,50.6112],[-2.1312,50.6113],[-2.1314,50.6115],[-2.1315,50.6115],[-2.1317,50.6116],[-2.1319,50.6117],[-2.132,50.6117],[-2.1321,50.6117],[-2.1323,50.6118],[-2.1324,50.6119],[-2.1326,50.612],[-2.1329,50.6121],[-2.1332,50.6122],[-2.1338,50.6124],[-2.1341,50.6125],[-2.1342,50.6125],[-2.1344,50.6126],[-2.1345,50.6126],[-2.1346,50.6127],[-2.1351,50.6126],[-2.1353,50.6126],[-2.1358,50.6124],[-2.136,50.6123],[-2.1361,50.6123],[-2.1362,50.6123],[-2.1363,50.6123],[-2.1364,50.6123],[-2.1365,50.6123],[-2.1366,50.6123],[-2.1367,50.6123],[-2.1367,50.6122],[-2.1368,50.6122],[-2.1369,50.6122],[-2.1371,50.6122],[-2.1374,50.6122],[-2.1374,50.6121],[-2.1376,50.6121],[-2.1377,50.612],[-2.1379,50.6119],[-2.138,50.6118],[-2.138,50.6117],[-2.138,50.6116],[-2.1383,50.6114],[-2.1384,50.6113],[-2.1386,50.611],[-2.1388,50.6109],[-2.1389,50.6108],[-2.139,50.6108],[-2.139,50.6107],[-2.1391,50.6106],[-2.1393,50.6105],[-2.1394,50.6106],[-2.1395,50.6106],[-2.1396,50.6105],[-2.1399,50.6106],[-2.14,50.6106],[-2.1403,50.6106],[-2.1406,50.6106],[-2.1409,50.6106],[-2.141,50.6106],[-2.1414,50.6107],[-2.1415,50.6107],[-2.1416,50.6107],[-2.142,50.6107],[-2.1422,50.6108],[-2.1423,50.6108],[-2.1424,50.6108],[-2.1427,50.6109],[-2.143,50.6108],[-2.1431,50.6108],[-2.1434,50.6106],[-2.1435,50.6106],[-2.1443,50.6098],[-2.1443,50.6097],[-2.1444,50.6096],[-2.1445,50.6095],[-2.1447,50.6094],[-2.145,50.6092],[-2.1451,50.6092],[-2.1452,50.6091],[-2.1453,50.6091],[-2.1453,50.609],[-2.1454,50.6089],[-2.1456,50.6088],[-2.1457,50.6088],[-2.1457,50.6087],[-2.1458,50.6087],[-2.1458,50.6086],[-2.1458,50.6085],[-2.146,50.6085],[-2.1464,50.6085],[-2.1466,50.6086],[-2.1469,50.6087],[-2.1471,50.6085],[-2.1471,50.6086],[-2.1471,50.6087],[-2.1471,50.6088],[-2.1471,50.6089],[-2.1471,50.609],[-2.1471,50.6091],[-2.1471,50.6092],[-2.1472,50.6093],[-2.1472,50.6094],[-2.1472,50.6095],[-2.1472,50.6096],[-2.1471,50.6097],[-2.1471,50.6098],[-2.1472,50.6099],[-2.1472,50.61],[-2.1472,50.6101],[-2.1471,50.6101],[-2.1471,50.6102],[-2.1472,50.6102],[-2.1474,50.6105],[-2.1475,50.6106],[-2.1476,50.6106],[-2.1477,50.6107],[-2.1479,50.6107],[-2.148,50.6107],[-2.148,50.6108],[-2.1481,50.6108],[-2.1482,50.6108],[-2.1483,50.6109],[-2.1485,50.6108],[-2.1487,50.6108],[-2.1488,50.6108],[-2.1488,50.6107],[-2.1488,50.6108],[-2.1489,50.6108],[-2.1489,50.6109],[-2.149,50.611],[-2.1492,50.611],[-2.1491,50.6111],[-2.1492,50.6111],[-2.1493,50.6111],[-2.1494,50.6111],[-2.1495,50.6111],[-2.1496,50.6111],[-2.1497,50.6111],[-2.1497,50.611],[-2.1499,50.611],[-2.15,50.6109],[-2.15,50.611],[-2.1499,50.6111],[-2.15,50.6111],[-2.1501,50.6111],[-2.1502,50.6111],[-2.1503,50.6111],[-2.1504,50.6111],[-2.1505,50.6111],[-2.1507,50.6111],[-2.1509,50.611],[-2.1511,50.6109],[-2.1512,50.6109],[-2.1511,50.611],[-2.151,50.6111],[-2.1509,50.6111],[-2.151,50.6111],[-2.1511,50.6111],[-2.1512,50.6111],[-2.1514,50.611],[-2.1515,50.611],[-2.1516,50.611],[-2.1518,50.611],[-2.1519,50.611],[-2.1521,50.611],[-2.1522,50.611],[-2.1523,50.611],[-2.1524,50.611],[-2.1525,50.611],[-2.1526,50.6109],[-2.1527,50.6109],[-2.1528,50.6108],[-2.1527,50.6108],[-2.1528,50.6108],[-2.1529,50.6108],[-2.1531,50.6108],[-2.1534,50.6107],[-2.1535,50.6107],[-2.1535,50.6106],[-2.1536,50.6106],[-2.1537,50.6106],[-2.1538,50.6106],[-2.1539,50.6106],[-2.1537,50.6106],[-2.1536,50.6107],[-2.1535,50.6107],[-2.1532,50.6108],[-2.1531,50.6108],[-2.1531,50.6109],[-2.1531,50.611],[-2.153,50.611],[-2.1529,50.6111],[-2.1527,50.6111],[-2.1526,50.6111],[-2.1525,50.6112],[-2.1523,50.6113],[-2.1521,50.6114],[-2.152,50.6114],[-2.1522,50.6114],[-2.1523,50.6113],[-2.1524,50.6113],[-2.1525,50.6113],[-2.1525,50.6114],[-2.1524,50.6114],[-2.1523,50.6114],[-2.152,50.6116],[-2.1519,50.6116],[-2.1523,50.6115],[-2.1524,50.6115],[-2.1527,50.6115],[-2.1528,50.6115],[-2.1529,50.6115],[-2.153,50.6115],[-2.153,50.6116],[-2.1529,50.6116],[-2.1528,50.6116],[-2.1525,50.6118],[-2.1524,50.6119],[-2.1522,50.6119],[-2.1522,50.612],[-2.1524,50.6119],[-2.1525,50.6119],[-2.1526,50.6118],[-2.1527,50.6118],[-2.1524,50.6119],[-2.1523,50.612],[-2.1522,50.612],[-2.1523,50.612],[-2.1524,50.612],[-2.1524,50.6121],[-2.1523,50.6121],[-2.1525,50.6121],[-2.1526,50.6121],[-2.1527,50.612],[-2.1529,50.612],[-2.1528,50.6121],[-2.1527,50.6121],[-2.1526,50.6121],[-2.1526,50.6122],[-2.1528,50.6121],[-2.1529,50.6121],[-2.153,50.612],[-2.1531,50.612],[-2.1528,50.6122],[-2.1527,50.6122],[-2.1526,50.6122],[-2.1526,50.6123],[-2.1527,50.6123],[-2.1528,50.6122],[-2.1529,50.6122],[-2.153,50.6122],[-2.1529,50.6122],[-2.1528,50.6123],[-2.1529,50.6123],[-2.153,50.6122],[-2.1531,50.6122],[-2.153,50.6122],[-2.1529,50.6123],[-2.153,50.6123],[-2.153,50.6124],[-2.1529,50.6124],[-2.1529,50.6125],[-2.153,50.6125],[-2.1529,50.6125],[-2.1529,50.6126],[-2.153,50.6126],[-2.153,50.6127],[-2.1533,50.6127],[-2.1534,50.6127],[-2.1533,50.6127],[-2.1534,50.6127],[-2.1535,50.6127],[-2.1535,50.6128],[-2.1534,50.6128],[-2.1533,50.6128],[-2.1534,50.6128],[-2.1534,50.6129],[-2.1535,50.6129],[-2.1534,50.6129],[-2.1533,50.6129],[-2.1532,50.6129],[-2.1533,50.6129],[-2.1532,50.6129],[-2.1533,50.613],[-2.1535,50.6132],[-2.1536,50.6132],[-2.1539,50.6132],[-2.154,50.6132],[-2.1538,50.6133],[-2.1539,50.6133],[-2.154,50.6133],[-2.1541,50.6133],[-2.1539,50.6134],[-2.1538,50.6134],[-2.1539,50.6135],[-2.154,50.6135],[-2.1541,50.6136],[-2.1545,50.6138],[-2.1545,50.6139],[-2.1548,50.6139],[-2.1549,50.6139],[-2.1552,50.6139],[-2.1552,50.614],[-2.1551,50.614],[-2.1549,50.614],[-2.1555,50.6144],[-2.1557,50.6145],[-2.1558,50.6145],[-2.1559,50.6146],[-2.156,50.6146],[-2.1562,50.6147],[-2.1563,50.6146],[-2.1566,50.6146],[-2.1567,50.6146],[-2.1568,50.6146],[-2.1569,50.6146],[-2.157,50.6146],[-2.1567,50.6146],[-2.1566,50.6146],[-2.1565,50.6147],[-2.1564,50.6147],[-2.1565,50.6147],[-2.1568,50.6147],[-2.1568,50.6146],[-2.1572,50.6147],[-2.1572,50.6148],[-2.1571,50.6149],[-2.1572,50.6149],[-2.1573,50.6149],[-2.1575,50.6149],[-2.1576,50.6149],[-2.1577,50.6149],[-2.1576,50.6149],[-2.1575,50.6149],[-2.1574,50.6149],[-2.1573,50.6149],[-2.1573,50.615],[-2.1574,50.615],[-2.1582,50.6149],[-2.1583,50.6149],[-2.1586,50.6149],[-2.1585,50.6149],[-2.1583,50.6149],[-2.1581,50.615],[-2.1578,50.615],[-2.1577,50.615],[-2.1576,50.615],[-2.1576,50.6151],[-2.1577,50.6151],[-2.1578,50.6151],[-2.1581,50.615],[-2.1582,50.615],[-2.158,50.6151],[-2.1579,50.6151],[-2.1578,50.6151],[-2.1581,50.6151],[-2.1583,50.6151],[-2.1584,50.6151],[-2.1583,50.6151],[-2.1582,50.6151],[-2.1581,50.6151],[-2.158,50.6152],[-2.1582,50.6152],[-2.1585,50.6152],[-2.1586,50.6152],[-2.1587,50.6152],[-2.1589,50.6151],[-2.159,50.6151],[-2.1591,50.6151],[-2.1592,50.6151],[-2.1593,50.6152],[-2.1594,50.6152],[-2.1596,50.6151],[-2.1597,50.6151],[-2.1598,50.6151],[-2.1598,50.615],[-2.1599,50.615],[-2.16,50.615],[-2.1601,50.615],[-2.1602,50.615],[-2.1603,50.615],[-2.1604,50.615],[-2.1605,50.615],[-2.1608,50.615],[-2.161,50.6149],[-2.1611,50.6149],[-2.1612,50.6149],[-2.1614,50.6148],[-2.1615,50.6148],[-2.1616,50.6148],[-2.1617,50.6149],[-2.1618,50.6149],[-2.1621,50.6149],[-2.1622,50.6149],[-2.1622,50.6148],[-2.1623,50.6148],[-2.1623,50.6147],[-2.1624,50.6147],[-2.1625,50.6147],[-2.1628,50.6146],[-2.1629,50.6145],[-2.163,50.6145],[-2.1631,50.6145],[-2.1633,50.6145],[-2.1634,50.6145],[-2.1635,50.6145],[-2.1635,50.6146],[-2.1636,50.6146],[-2.1638,50.6146],[-2.1638,50.6147],[-2.1637,50.6147],[-2.1638,50.6147],[-2.1639,50.6147],[-2.164,50.6147],[-2.1641,50.6147],[-2.1642,50.6147],[-2.1642,50.6148],[-2.1643,50.6147],[-2.1644,50.6147],[-2.1646,50.6147],[-2.1646,50.6146],[-2.1647,50.6146],[-2.1647,50.6145],[-2.1648,50.6145],[-2.1649,50.6145],[-2.1651,50.6145],[-2.1652,50.6145],[-2.1653,50.6146],[-2.1654,50.6146],[-2.1654,50.6147],[-2.1655,50.6147],[-2.1656,50.6147],[-2.1657,50.6147],[-2.1659,50.6147],[-2.1661,50.6146],[-2.1662,50.6145],[-2.1663,50.6145],[-2.1664,50.6145],[-2.1665,50.6145],[-2.1665,50.6144],[-2.1665,50.6143],[-2.1666,50.6143],[-2.1667,50.6143],[-2.1674,50.6141],[-2.1675,50.6141],[-2.1677,50.6142],[-2.1678,50.6142],[-2.1679,50.6142],[-2.168,50.6142],[-2.1681,50.6141],[-2.168,50.6141],[-2.168,50.614],[-2.1681,50.614],[-2.1682,50.614],[-2.1683,50.614],[-2.1686,50.6139],[-2.1687,50.6139],[-2.169,50.6139],[-2.1691,50.6138],[-2.1692,50.6138],[-2.1693,50.6139],[-2.1694,50.6139],[-2.1695,50.6139],[-2.1695,50.6138],[-2.1696,50.6138],[-2.1697,50.6138],[-2.1698,50.6137],[-2.17,50.6137],[-2.1701,50.6137],[-2.1702,50.6137],[-2.1703,50.6138],[-2.1704,50.6138],[-2.1705,50.6138],[-2.1706,50.6138],[-2.1707,50.6138],[-2.1709,50.6138],[-2.1709,50.6139],[-2.1709,50.614],[-2.1709,50.6141],[-2.171,50.6141],[-2.1711,50.6141],[-2.1711,50.6142],[-2.1711,50.6143],[-2.1712,50.6143],[-2.1713,50.6143],[-2.1714,50.6143],[-2.1715,50.6142],[-2.1716,50.6142],[-2.1719,50.6143],[-2.1722,50.6142],[-2.1723,50.6142],[-2.1724,50.6142],[-2.1725,50.6142],[-2.1726,50.6142],[-2.1727,50.6142],[-2.1727,50.6143],[-2.1728,50.6143],[-2.1729,50.6143],[-2.173,50.6143],[-2.1731,50.6143],[-2.1733,50.6142],[-2.1734,50.6143],[-2.1737,50.6143],[-2.1737,50.6144],[-2.1736,50.6144],[-2.1735,50.6144],[-2.1735,50.6145],[-2.1736,50.6145],[-2.1736,50.6146],[-2.1736,50.6147],[-2.1738,50.6147],[-2.1739,50.6147],[-2.174,50.6146],[-2.1744,50.6145],[-2.1745,50.6145],[-2.1745,50.6146],[-2.1746,50.6146],[-2.1747,50.6146],[-2.1748,50.6146],[-2.1749,50.6146],[-2.175,50.6146],[-2.1751,50.6146],[-2.1753,50.6146],[-2.1754,50.6146],[-2.1755,50.6146],[-2.1756,50.6146],[-2.1757,50.6146],[-2.1758,50.6145],[-2.1758,50.6146],[-2.176,50.6146],[-2.1762,50.6146],[-2.1763,50.6146],[-2.1765,50.6146],[-2.1766,50.6146],[-2.1767,50.6146],[-2.1767,50.6145],[-2.1768,50.6146],[-2.1769,50.6146],[-2.1768,50.6145],[-2.1768,50.6144],[-2.177,50.6144],[-2.1771,50.6145],[-2.1772,50.6145],[-2.1774,50.6144],[-2.1774,50.6145],[-2.1775,50.6145],[-2.1776,50.6145],[-2.1777,50.6145],[-2.1778,50.6145],[-2.1779,50.6145],[-2.178,50.6145],[-2.1781,50.6145],[-2.1782,50.6145],[-2.1783,50.6145],[-2.1784,50.6145],[-2.1784,50.6146],[-2.1785,50.6146],[-2.1786,50.6145],[-2.1787,50.6146],[-2.1788,50.6146],[-2.1789,50.6146],[-2.179,50.6146],[-2.1794,50.6146],[-2.1795,50.6147],[-2.1796,50.6147],[-2.1799,50.6148],[-2.1801,50.6148],[-2.1802,50.6148],[-2.1802,50.6149],[-2.1804,50.6149],[-2.1806,50.615],[-2.1807,50.615],[-2.1812,50.6151],[-2.1813,50.6151],[-2.1815,50.6152],[-2.1818,50.6152],[-2.1819,50.6152],[-2.182,50.6152],[-2.1821,50.6153],[-2.1822,50.6152],[-2.1822,50.6153],[-2.1823,50.6153],[-2.1822,50.6154],[-2.1823,50.6154],[-2.1824,50.6154],[-2.1826,50.6154],[-2.1827,50.6154],[-2.1828,50.6154],[-2.1829,50.6154],[-2.183,50.6155],[-2.1831,50.6155],[-2.1831,50.6156],[-2.1832,50.6157],[-2.1833,50.6158],[-2.1835,50.6158],[-2.1836,50.6159],[-2.1836,50.6158],[-2.1837,50.6158],[-2.1838,50.6158],[-2.1839,50.6157],[-2.184,50.6157],[-2.1841,50.6158],[-2.1843,50.6157],[-2.1843,50.6156],[-2.1842,50.6156],[-2.1841,50.6157],[-2.1841,50.6156],[-2.1842,50.6156],[-2.1842,50.6155],[-2.1843,50.6154],[-2.1843,50.6153],[-2.1846,50.6152],[-2.1847,50.6152],[-2.1848,50.6151],[-2.1852,50.615],[-2.1853,50.615],[-2.1855,50.615],[-2.1856,50.6149],[-2.1857,50.6149],[-2.1858,50.6149],[-2.1859,50.615],[-2.1861,50.6149],[-2.1862,50.6149],[-2.1863,50.6149],[-2.1864,50.6149],[-2.1866,50.6149],[-2.1867,50.6148],[-2.1868,50.6148],[-2.1871,50.6148],[-2.1876,50.6149],[-2.1877,50.6149],[-2.1878,50.6149],[-2.1876,50.615],[-2.1875,50.615],[-2.1868,50.6151],[-2.1868,50.6152],[-2.1868,50.6153],[-2.1869,50.6154],[-2.1868,50.6154],[-2.1869,50.6154],[-2.187,50.6154],[-2.1871,50.6154],[-2.1869,50.6155],[-2.1868,50.6155],[-2.1868,50.6158],[-2.1868,50.6159],[-2.1867,50.6159],[-2.1866,50.6161],[-2.1866,50.6162],[-2.1866,50.6163],[-2.1863,50.6163],[-2.1862,50.6164],[-2.1861,50.6165],[-2.1856,50.6167],[-2.1855,50.6167],[-2.1855,50.6168],[-2.1854,50.6168],[-2.1853,50.6168],[-2.1852,50.6168],[-2.1851,50.6168],[-2.185,50.6167],[-2.1849,50.6168],[-2.1848,50.6169],[-2.1848,50.617],[-2.1847,50.6173],[-2.1847,50.6175],[-2.1847,50.6176],[-2.1848,50.6177],[-2.1848,50.6179],[-2.1849,50.6181],[-2.185,50.6183],[-2.1851,50.6184],[-2.1852,50.6185],[-2.1853,50.6185],[-2.1854,50.6186],[-2.1854,50.6187],[-2.1855,50.6187],[-2.1856,50.6188],[-2.1857,50.6189],[-2.1859,50.6189],[-2.1859,50.619],[-2.1861,50.6191],[-2.1866,50.6194],[-2.1867,50.6194],[-2.1868,50.6195],[-2.1869,50.6195],[-2.187,50.6196],[-2.1872,50.6197],[-2.1876,50.6199],[-2.1885,50.6202],[-2.1893,50.6205],[-2.1897,50.6206],[-2.1901,50.6207],[-2.1908,50.6209],[-2.1911,50.621],[-2.1913,50.6211],[-2.1915,50.6212],[-2.1919,50.6213],[-2.1922,50.6214],[-2.1924,50.6214],[-2.193,50.6215],[-2.1931,50.6216],[-2.1932,50.6216],[-2.1933,50.6216],[-2.1934,50.6216],[-2.1935,50.6217],[-2.1938,50.6218],[-2.1945,50.622],[-2.1946,50.622],[-2.1957,50.6223],[-2.196,50.6224],[-2.1961,50.6224],[-2.1962,50.6224],[-2.1963,50.6224],[-2.1964,50.6225],[-2.1965,50.6225],[-2.1975,50.6227],[-2.1981,50.6227],[-2.1984,50.6228],[-2.1987,50.6228],[-2.1992,50.6228],[-2.1996,50.6226],[-2.1998,50.6226],[-2.1997,50.6226],[-2.1996,50.6227],[-2.1997,50.6227],[-2.1999,50.6226],[-2.2,50.6226],[-2.2,50.6225],[-2.2002,50.6225],[-2.2005,50.6224],[-2.2006,50.6225],[-2.2007,50.6225],[-2.2008,50.6225],[-2.2009,50.6224],[-2.201,50.6224],[-2.2011,50.6224],[-2.2012,50.6223],[-2.2014,50.6223],[-2.2015,50.6222],[-2.2019,50.6221],[-2.2022,50.6221],[-2.2023,50.6221],[-2.2024,50.6221],[-2.2025,50.6221],[-2.2025,50.622],[-2.2027,50.622],[-2.2028,50.6219],[-2.203,50.6219],[-2.2031,50.6218],[-2.2032,50.6218],[-2.2035,50.6217],[-2.2038,50.6217],[-2.2037,50.6217],[-2.204,50.6215],[-2.2042,50.6215],[-2.2042,50.6216],[-2.2041,50.6216],[-2.2041,50.6217],[-2.2042,50.6217],[-2.2043,50.6217],[-2.2044,50.6217],[-2.2045,50.6216],[-2.2046,50.6216],[-2.2047,50.6216],[-2.2047,50.6215],[-2.2048,50.6215],[-2.2048,50.6216],[-2.2047,50.6217],[-2.2048,50.6217],[-2.2048,50.6218],[-2.2047,50.6218],[-2.2047,50.6219],[-2.2049,50.622],[-2.2052,50.6221],[-2.2053,50.6221],[-2.2054,50.6221],[-2.2055,50.6221],[-2.2057,50.6222],[-2.2059,50.6222],[-2.2061,50.6222],[-2.2063,50.6222],[-2.2064,50.6222],[-2.2065,50.6222],[-2.2067,50.6222],[-2.2068,50.6223],[-2.2069,50.6223],[-2.207,50.6222],[-2.2071,50.6222],[-2.2074,50.6222],[-2.2075,50.6222],[-2.2077,50.6222],[-2.2079,50.6221],[-2.208,50.6221],[-2.2081,50.6221],[-2.2083,50.622],[-2.2084,50.622],[-2.2085,50.622],[-2.2087,50.6219],[-2.2087,50.6218],[-2.2088,50.6218],[-2.2088,50.6217],[-2.2089,50.6216],[-2.209,50.6215],[-2.2091,50.6213],[-2.2093,50.6212],[-2.2094,50.6212],[-2.2095,50.6212],[-2.2096,50.6212],[-2.2096,50.6211],[-2.2097,50.6211],[-2.2098,50.6211],[-2.21,50.621],[-2.2101,50.6211],[-2.2102,50.6211],[-2.2103,50.6211],[-2.2106,50.621],[-2.2107,50.621],[-2.211,50.621],[-2.2111,50.621],[-2.2112,50.621],[-2.2113,50.621],[-2.2114,50.621],[-2.2118,50.6209],[-2.2119,50.6209],[-2.212,50.6209],[-2.2121,50.6209],[-2.2123,50.6209],[-2.2123,50.6208],[-2.2124,50.6208],[-2.2125,50.6208],[-2.2126,50.6207],[-2.2127,50.6207],[-2.2128,50.6207],[-2.2129,50.6207],[-2.213,50.6206],[-2.2131,50.6206],[-2.2132,50.6206],[-2.2133,50.6206],[-2.2134,50.6206],[-2.2138,50.6206],[-2.2139,50.6207],[-2.2141,50.6206],[-2.2142,50.6206],[-2.2143,50.6206],[-2.2144,50.6206],[-2.2146,50.6206],[-2.2148,50.6206],[-2.2149,50.6206],[-2.215,50.6206],[-2.2152,50.6206],[-2.2153,50.6206],[-2.2155,50.6206],[-2.2159,50.6206],[-2.216,50.6206],[-2.2161,50.6206],[-2.2162,50.6206],[-2.2163,50.6206],[-2.2164,50.6206],[-2.2165,50.6206],[-2.2167,50.6206],[-2.2169,50.6205],[-2.217,50.6205],[-2.2171,50.6205],[-2.2172,50.6205],[-2.2172,50.6204],[-2.2173,50.6203],[-2.2174,50.6203],[-2.2175,50.6203],[-2.2174,50.6203],[-2.2173,50.6202],[-2.2174,50.6202],[-2.2175,50.6202],[-2.2176,50.6202],[-2.2178,50.6202],[-2.2179,50.6203],[-2.2179,50.6204],[-2.218,50.6204],[-2.2181,50.6204],[-2.2183,50.6203],[-2.2184,50.6203],[-2.2187,50.6203],[-2.2189,50.6202],[-2.2194,50.6202],[-2.2203,50.6201],[-2.2207,50.62],[-2.2212,50.6197],[-2.2215,50.6196],[-2.2217,50.6196],[-2.2217,50.6195],[-2.2221,50.6193],[-2.2222,50.6192],[-2.2226,50.6189],[-2.2227,50.6189],[-2.223,50.6186],[-2.2231,50.6184],[-2.2232,50.6184],[-2.2233,50.618],[-2.2234,50.6179],[-2.2234,50.6178],[-2.2233,50.6177],[-2.2232,50.6176],[-2.2232,50.6175],[-2.2231,50.6175],[-2.223,50.6175],[-2.2229,50.6175],[-2.2226,50.6174],[-2.2225,50.6174],[-2.2224,50.6174],[-2.2224,50.6173],[-2.2223,50.6173],[-2.2222,50.6173],[-2.2221,50.6172],[-2.222,50.6172],[-2.2219,50.6172],[-2.2218,50.6172],[-2.2217,50.6172],[-2.2217,50.6171],[-2.2216,50.6171],[-2.2216,50.617],[-2.2215,50.6169],[-2.2214,50.6169],[-2.2213,50.6169],[-2.2212,50.6168],[-2.2213,50.6167],[-2.2213,50.6166],[-2.2212,50.6166],[-2.2213,50.6166],[-2.2214,50.6166],[-2.2215,50.6166],[-2.2216,50.6166],[-2.2217,50.6166],[-2.2218,50.6166],[-2.2218,50.6167],[-2.2219,50.6167],[-2.222,50.6167],[-2.2221,50.6167],[-2.2222,50.6168],[-2.2223,50.6168],[-2.2224,50.6168],[-2.2225,50.6168],[-2.2226,50.6168],[-2.2227,50.6169],[-2.2227,50.6168],[-2.2228,50.6168],[-2.2229,50.6168],[-2.2231,50.6169],[-2.2233,50.6169],[-2.2234,50.6168],[-2.2235,50.6168],[-2.2237,50.6167],[-2.2238,50.6167],[-2.2239,50.6167],[-2.2241,50.6166],[-2.224,50.6166],[-2.2241,50.6166],[-2.2242,50.6166],[-2.2243,50.6166],[-2.2244,50.6166],[-2.2247,50.6166],[-2.2249,50.6165],[-2.225,50.6165],[-2.225,50.6164],[-2.2249,50.6164],[-2.225,50.6163],[-2.2251,50.6163],[-2.2252,50.6164],[-2.2253,50.6164],[-2.2254,50.6164],[-2.2253,50.6164],[-2.2253,50.6165],[-2.2252,50.6165],[-2.2253,50.6165],[-2.2253,50.6166],[-2.2252,50.6166],[-2.2253,50.6166],[-2.2254,50.6166],[-2.2255,50.6166],[-2.2257,50.6166],[-2.2256,50.6165],[-2.2256,50.6164],[-2.2257,50.6164],[-2.2258,50.6164],[-2.2259,50.6164],[-2.2259,50.6163],[-2.226,50.6162],[-2.2261,50.6162],[-2.2262,50.6162],[-2.2263,50.6162],[-2.2264,50.6162],[-2.2264,50.6163],[-2.2263,50.6163],[-2.2263,50.6164],[-2.2262,50.6164],[-2.2263,50.6165],[-2.2262,50.6165],[-2.2261,50.6165],[-2.2261,50.6166],[-2.226,50.6166],[-2.2261,50.6166],[-2.2262,50.6166],[-2.2262,50.6167],[-2.2263,50.6168],[-2.2265,50.6168],[-2.2266,50.6168],[-2.2268,50.6168],[-2.2266,50.6168],[-2.2265,50.6168],[-2.2264,50.6168],[-2.2265,50.6168],[-2.2265,50.6169],[-2.2266,50.6169],[-2.2267,50.617],[-2.2269,50.617],[-2.2271,50.617],[-2.2272,50.617],[-2.2273,50.617],[-2.2277,50.617],[-2.228,50.6168],[-2.2281,50.6168],[-2.2281,50.6167],[-2.2282,50.6167],[-2.2281,50.6167],[-2.2281,50.6166],[-2.2281,50.6165],[-2.2282,50.6165],[-2.2282,50.6164],[-2.2281,50.6164],[-2.2281,50.6163],[-2.228,50.6162],[-2.2281,50.6162],[-2.2282,50.6161],[-2.228,50.6161],[-2.2279,50.6161],[-2.228,50.6161],[-2.2281,50.616],[-2.2283,50.6161],[-2.2284,50.6161],[-2.2284,50.6162],[-2.2285,50.6162],[-2.2286,50.6162],[-2.2287,50.6162],[-2.2286,50.6162],[-2.2287,50.6161],[-2.2286,50.6161],[-2.2287,50.6161],[-2.2288,50.616],[-2.229,50.6161],[-2.229,50.616],[-2.2291,50.616],[-2.2291,50.6161],[-2.2292,50.6161],[-2.2293,50.6161],[-2.2294,50.6161],[-2.2295,50.616],[-2.2297,50.616],[-2.2299,50.616],[-2.23,50.616],[-2.2301,50.616],[-2.2302,50.616],[-2.2306,50.616],[-2.2308,50.616],[-2.231,50.616],[-2.2313,50.616],[-2.2316,50.616],[-2.2318,50.616],[-2.232,50.616],[-2.2321,50.616],[-2.2324,50.6161],[-2.2325,50.6161],[-2.2326,50.6161],[-2.2334,50.616],[-2.2335,50.616],[-2.2336,50.616],[-2.2338,50.616],[-2.234,50.616],[-2.2345,50.616],[-2.2347,50.616],[-2.2349,50.616],[-2.2351,50.616],[-2.2353,50.616],[-2.236,50.616],[-2.2361,50.616],[-2.2365,50.616],[-2.2372,50.616],[-2.2374,50.616],[-2.2375,50.6161],[-2.2377,50.6161],[-2.2379,50.6161],[-2.238,50.616],[-2.2384,50.6161],[-2.2385,50.6161],[-2.2387,50.6161],[-2.2388,50.616],[-2.2394,50.6161],[-2.2396,50.6161],[-2.24,50.6161],[-2.2404,50.6161],[-2.2405,50.6161],[-2.2407,50.6161],[-2.2408,50.6161],[-2.2408,50.6162],[-2.2409,50.6162],[-2.241,50.6162],[-2.2411,50.6162],[-2.2412,50.6162],[-2.2413,50.6162],[-2.2414,50.6162],[-2.2415,50.6162],[-2.2416,50.6162],[-2.2417,50.6162],[-2.2418,50.6162],[-2.2419,50.6162],[-2.242,50.6162],[-2.2421,50.6162],[-2.2422,50.6162],[-2.2423,50.6162],[-2.2424,50.6162],[-2.2426,50.6162],[-2.2426,50.6163],[-2.2427,50.6163],[-2.2428,50.6163],[-2.2428,50.6162],[-2.2429,50.6162],[-2.2432,50.6163],[-2.2433,50.6163],[-2.2434,50.6163],[-2.2436,50.6163],[-2.2436,50.6164],[-2.2438,50.6164],[-2.2439,50.6164],[-2.2439,50.6163],[-2.244,50.6163],[-2.2441,50.6163],[-2.2442,50.6163],[-2.2443,50.6164],[-2.2445,50.6164],[-2.2446,50.6164],[-2.2447,50.6164],[-2.2448,50.6164],[-2.2449,50.6164],[-2.245,50.6164],[-2.2451,50.6164],[-2.2452,50.6164],[-2.2452,50.6165],[-2.2453,50.6165],[-2.2454,50.6165],[-2.2455,50.6165],[-2.2456,50.6165],[-2.2457,50.6165],[-2.2458,50.6166],[-2.2459,50.6166],[-2.2461,50.6167],[-2.2462,50.6167],[-2.2462,50.6168],[-2.2461,50.6168],[-2.246,50.6168],[-2.2459,50.6167],[-2.2458,50.6167],[-2.2457,50.6167],[-2.2453,50.6167],[-2.2452,50.6168],[-2.2451,50.6169],[-2.2451,50.617],[-2.2449,50.6171],[-2.2449,50.6172],[-2.2448,50.6172],[-2.2448,50.6173],[-2.2449,50.6173],[-2.2449,50.6174],[-2.2448,50.6174],[-2.2448,50.6175],[-2.2447,50.6175],[-2.2446,50.6175],[-2.2445,50.6175],[-2.2445,50.6176],[-2.2446,50.6176],[-2.2445,50.6176],[-2.2444,50.6176],[-2.2443,50.6176],[-2.2443,50.6177],[-2.2442,50.6177],[-2.2441,50.6177],[-2.244,50.6178],[-2.244,50.6179],[-2.244,50.618],[-2.244,50.6182],[-2.2442,50.6185],[-2.2442,50.6186],[-2.2444,50.6187],[-2.2445,50.6188],[-2.2447,50.6189],[-2.2449,50.619],[-2.245,50.619],[-2.2451,50.619],[-2.2451,50.6191],[-2.2457,50.6192],[-2.246,50.6193],[-2.2461,50.6193],[-2.2464,50.6194],[-2.2465,50.6194],[-2.2467,50.6194],[-2.2469,50.6194],[-2.2473,50.6194],[-2.2478,50.6193],[-2.2483,50.6192],[-2.2486,50.6192],[-2.2488,50.6191],[-2.249,50.619],[-2.2491,50.6189],[-2.2492,50.6189],[-2.2493,50.6188],[-2.2494,50.6188],[-2.2494,50.6187],[-2.2495,50.6186],[-2.2495,50.6185],[-2.2496,50.6185],[-2.2496,50.6184],[-2.2496,50.6183],[-2.2496,50.6182],[-2.2496,50.6181],[-2.2496,50.618],[-2.2495,50.618],[-2.2493,50.6179],[-2.2492,50.6178],[-2.249,50.6178],[-2.2489,50.6177],[-2.2488,50.6177],[-2.2487,50.6177],[-2.2486,50.6177],[-2.2485,50.6177],[-2.2485,50.6176],[-2.2486,50.6176],[-2.2488,50.6176],[-2.2489,50.6176],[-2.2488,50.6176],[-2.2487,50.6175],[-2.2486,50.6175],[-2.2487,50.6175],[-2.2487,50.6174],[-2.2488,50.6174],[-2.2488,50.6173],[-2.2487,50.6173],[-2.2486,50.6173],[-2.2485,50.6172],[-2.2485,50.6171],[-2.2484,50.6171],[-2.2483,50.6171],[-2.2482,50.617],[-2.248,50.6169],[-2.2485,50.6169],[-2.2487,50.6169],[-2.2488,50.6169],[-2.2489,50.6169],[-2.2489,50.617],[-2.249,50.6169],[-2.2491,50.6169],[-2.2493,50.617],[-2.2494,50.617],[-2.2499,50.617],[-2.2499,50.6171],[-2.2502,50.6173],[-2.2503,50.6173],[-2.2503,50.6174],[-2.2504,50.6174],[-2.2505,50.6173],[-2.2506,50.6173],[-2.2507,50.6174],[-2.2508,50.6174],[-2.2509,50.6174],[-2.251,50.6174],[-2.2512,50.6175],[-2.2514,50.6175],[-2.2515,50.6175],[-2.2516,50.6176],[-2.2517,50.6176],[-2.2519,50.6176],[-2.252,50.6176],[-2.2523,50.6177],[-2.2528,50.6178],[-2.2529,50.6178],[-2.2531,50.618],[-2.2532,50.618],[-2.2533,50.618],[-2.2534,50.6179],[-2.2539,50.6179],[-2.254,50.6179],[-2.2541,50.6179],[-2.2544,50.6179],[-2.2547,50.618],[-2.2549,50.618],[-2.255,50.618],[-2.255,50.6179],[-2.2551,50.6179],[-2.2551,50.6178],[-2.2551,50.6179],[-2.2552,50.6179],[-2.2553,50.6179],[-2.2554,50.6179],[-2.2555,50.6179],[-2.2556,50.6179],[-2.2557,50.6179],[-2.2558,50.6179],[-2.256,50.6179],[-2.2561,50.6179],[-2.2562,50.6179],[-2.2563,50.6179],[-2.2564,50.6179],[-2.2565,50.6179],[-2.2567,50.6179],[-2.2568,50.618],[-2.2569,50.618],[-2.257,50.618],[-2.257,50.6179],[-2.2572,50.6179],[-2.2574,50.618],[-2.2575,50.6179],[-2.2576,50.6179],[-2.2576,50.618],[-2.2575,50.618],[-2.2577,50.6181],[-2.2581,50.6182],[-2.2582,50.6182],[-2.2584,50.6183],[-2.2587,50.6183],[-2.2588,50.6183],[-2.2589,50.6183],[-2.2591,50.6183],[-2.2595,50.6183],[-2.2598,50.6182],[-2.2599,50.6182],[-2.26,50.6182],[-2.2601,50.6181],[-2.2602,50.6181],[-2.2606,50.6182],[-2.2608,50.6182],[-2.2608,50.6183],[-2.2609,50.6183],[-2.2611,50.6185],[-2.2613,50.6185],[-2.2614,50.6185],[-2.2614,50.6186],[-2.2615,50.6186],[-2.2617,50.6187],[-2.2618,50.6188],[-2.2619,50.6188],[-2.2621,50.6189],[-2.2623,50.6189],[-2.2624,50.619],[-2.2625,50.6191],[-2.2626,50.6192],[-2.2627,50.6193],[-2.2628,50.6194],[-2.2629,50.6194],[-2.2632,50.6194],[-2.2634,50.6194],[-2.2636,50.6195],[-2.2637,50.6195],[-2.2638,50.6195],[-2.2638,50.6196],[-2.2637,50.6197],[-2.2636,50.6196],[-2.2635,50.6196],[-2.2636,50.6197],[-2.264,50.6199],[-2.2653,50.6204],[-2.2656,50.6206],[-2.2657,50.6206],[-2.2662,50.6208],[-2.2664,50.6208],[-2.2667,50.6209],[-2.2676,50.6211],[-2.2678,50.6212],[-2.2681,50.6212],[-2.2694,50.6214],[-2.2698,50.6215],[-2.2703,50.6215],[-2.2704,50.6215],[-2.2705,50.6215],[-2.2706,50.6214],[-2.2709,50.6213],[-2.271,50.6213],[-2.2711,50.6214],[-2.2715,50.6214],[-2.2717,50.6214],[-2.2718,50.6214],[-2.2719,50.6215],[-2.2721,50.6217],[-2.2725,50.6219],[-2.2726,50.6219],[-2.2728,50.622],[-2.2729,50.622],[-2.2731,50.622],[-2.2733,50.622],[-2.2734,50.622],[-2.2741,50.6218],[-2.2743,50.6217],[-2.2745,50.6214],[-2.2744,50.6214],[-2.2745,50.6214],[-2.2744,50.6214],[-2.2745,50.6213],[-2.2742,50.6213],[-2.2741,50.6213],[-2.2741,50.6212],[-2.2739,50.6212],[-2.2742,50.6211],[-2.2745,50.6211],[-2.2749,50.6211],[-2.2755,50.621],[-2.2758,50.6211],[-2.2759,50.621],[-2.276,50.621],[-2.2761,50.621],[-2.2764,50.621],[-2.2764,50.6211],[-2.2768,50.6211],[-2.2772,50.6211],[-2.2773,50.6211],[-2.2772,50.6211],[-2.2772,50.6212],[-2.2771,50.6212],[-2.2766,50.6212],[-2.2764,50.6212],[-2.2765,50.6214],[-2.2767,50.6216],[-2.2769,50.6217],[-2.2771,50.6218],[-2.2772,50.6218],[-2.2777,50.6219],[-2.2783,50.622],[-2.2784,50.622],[-2.2796,50.6219],[-2.2806,50.6221],[-2.2815,50.6222],[-2.282,50.6223],[-2.2833,50.6223],[-2.2836,50.6223],[-2.2841,50.6224],[-2.2843,50.6224],[-2.2845,50.6224],[-2.2849,50.6224],[-2.2854,50.6225],[-2.2855,50.6225],[-2.2856,50.6225],[-2.2858,50.6225],[-2.2864,50.6227],[-2.2869,50.6227],[-2.2872,50.6227],[-2.2882,50.6227],[-2.2886,50.6228],[-2.2887,50.6228],[-2.2887,50.6227],[-2.2888,50.6227],[-2.2891,50.6227],[-2.2896,50.6227],[-2.2899,50.6227],[-2.2901,50.6227],[-2.2903,50.6227],[-2.2905,50.6227],[-2.2907,50.6227],[-2.2909,50.6225],[-2.2909,50.6224],[-2.2909,50.6223],[-2.2911,50.6222],[-2.2912,50.6222],[-2.2913,50.6222],[-2.2914,50.6222],[-2.2915,50.6222],[-2.2914,50.6222],[-2.2913,50.6223],[-2.2914,50.6223],[-2.2915,50.6223],[-2.2916,50.6223],[-2.2915,50.6223],[-2.2913,50.6224],[-2.2913,50.6225],[-2.2913,50.6226],[-2.2914,50.6226],[-2.2917,50.6227],[-2.2919,50.6228],[-2.2932,50.6229],[-2.2936,50.623],[-2.2941,50.6231],[-2.2949,50.6233],[-2.2958,50.6235],[-2.2963,50.6236],[-2.2966,50.6237],[-2.2971,50.6238],[-2.2973,50.6239],[-2.2974,50.6239],[-2.298,50.624],[-2.2981,50.624],[-2.2984,50.624],[-2.2987,50.6241],[-2.299,50.6241],[-2.2999,50.6242],[-2.3,50.6243],[-2.3001,50.6243],[-2.3004,50.6243],[-2.3005,50.6244],[-2.3006,50.6244],[-2.3009,50.6245],[-2.3011,50.6245],[-2.3012,50.6246],[-2.3013,50.6246],[-2.3018,50.6247],[-2.3026,50.6249],[-2.304,50.6251],[-2.305,50.6252],[-2.3056,50.6252],[-2.306,50.6253],[-2.3067,50.6253],[-2.3076,50.6253],[-2.308,50.6253],[-2.3081,50.6253],[-2.3082,50.6254],[-2.3085,50.6254],[-2.3091,50.6255],[-2.3094,50.6255],[-2.3102,50.6256],[-2.3109,50.6256],[-2.3113,50.6256],[-2.3118,50.6256],[-2.3122,50.6256],[-2.3126,50.6256],[-2.3128,50.6255],[-2.313,50.6255],[-2.3132,50.6256],[-2.3134,50.6256],[-2.3135,50.6256],[-2.3137,50.6255],[-2.3138,50.6254],[-2.3139,50.6254],[-2.3141,50.6253],[-2.3142,50.6253],[-2.3144,50.6253],[-2.3146,50.6253],[-2.3148,50.6253],[-2.315,50.6253],[-2.3152,50.6254],[-2.3155,50.6253],[-2.3156,50.6254],[-2.3157,50.6254],[-2.3159,50.6254],[-2.316,50.6254],[-2.3161,50.6253],[-2.3162,50.6254],[-2.3163,50.6253],[-2.3164,50.6253],[-2.3165,50.6253],[-2.3167,50.6253],[-2.3167,50.6252],[-2.3168,50.6252],[-2.317,50.6252],[-2.3171,50.6252],[-2.3171,50.6251],[-2.3174,50.6252],[-2.3176,50.6252],[-2.3177,50.6252],[-2.3178,50.6252],[-2.3179,50.6252],[-2.318,50.6252],[-2.3181,50.6252],[-2.3181,50.6253],[-2.3184,50.6254],[-2.3189,50.6254],[-2.3193,50.6255],[-2.3195,50.6255],[-2.3197,50.6255],[-2.3199,50.6255],[-2.3201,50.6255],[-2.3201,50.6254],[-2.3203,50.6253],[-2.3204,50.6253],[-2.3205,50.6253],[-2.3205,50.6254],[-2.3205,50.6253],[-2.3206,50.6253],[-2.3207,50.6253],[-2.3211,50.6253],[-2.3212,50.6253],[-2.3212,50.6252],[-2.3212,50.6251],[-2.3213,50.6252],[-2.3214,50.6252],[-2.3215,50.6252],[-2.3217,50.6251],[-2.3218,50.6251],[-2.3219,50.625],[-2.322,50.625],[-2.3221,50.625],[-2.3222,50.625],[-2.3225,50.625],[-2.3226,50.6249],[-2.3227,50.6249],[-2.3228,50.6249],[-2.3229,50.6248],[-2.3233,50.6247],[-2.3234,50.6247],[-2.3233,50.6246],[-2.3234,50.6246],[-2.3235,50.6246],[-2.3235,50.6247],[-2.3238,50.6248],[-2.324,50.6249],[-2.3244,50.6251],[-2.3246,50.6252],[-2.3248,50.6253],[-2.325,50.6254],[-2.3256,50.6256],[-2.3258,50.6257],[-2.326,50.6257],[-2.3261,50.6257],[-2.3263,50.6258],[-2.3265,50.6258],[-2.3266,50.6259],[-2.3267,50.6259],[-2.3268,50.6259],[-2.3267,50.626],[-2.3269,50.626],[-2.3269,50.6261],[-2.327,50.6262],[-2.3271,50.6262],[-2.3272,50.6262],[-2.3273,50.6263],[-2.3274,50.6264],[-2.3275,50.6264],[-2.3276,50.6264],[-2.3278,50.6264],[-2.328,50.6263],[-2.3282,50.6263],[-2.3285,50.6264],[-2.3287,50.6262],[-2.3287,50.6263],[-2.3289,50.6263],[-2.329,50.6263],[-2.329,50.6264],[-2.3289,50.6264],[-2.3289,50.6265],[-2.329,50.6265],[-2.3291,50.6265],[-2.3294,50.6266],[-2.3295,50.6266],[-2.3294,50.6266],[-2.3296,50.6267],[-2.3299,50.6268],[-2.3301,50.6268],[-2.3303,50.6269],[-2.3304,50.627],[-2.3305,50.6271],[-2.3306,50.6272],[-2.3308,50.6275],[-2.3309,50.6276],[-2.331,50.6276],[-2.331,50.6277],[-2.3311,50.6277],[-2.3313,50.6278],[-2.3313,50.6279],[-2.3314,50.6279],[-2.3315,50.6279],[-2.3319,50.6282],[-2.3321,50.6283],[-2.3322,50.6284],[-2.3325,50.6287],[-2.3326,50.6288],[-2.3333,50.6291],[-2.334,50.6295],[-2.3342,50.6296],[-2.3344,50.6299],[-2.3346,50.6301],[-2.3346,50.6306],[-2.3346,50.6307],[-2.3347,50.6308],[-2.3348,50.631],[-2.3349,50.6311],[-2.3352,50.6311],[-2.3354,50.6312],[-2.3356,50.6313],[-2.3362,50.6315],[-2.3365,50.6315],[-2.3375,50.6317],[-2.3379,50.6318],[-2.3387,50.6319],[-2.3389,50.6319],[-2.3332,50.5724],[-2.3328,50.5678],[-2.2855,50.5676],[-2.2651,50.5676],[-2.2425,50.5675],[-2.2424,50.5565],[-2.2424,50.5489],[-2.2423,50.541],[-2.2409,50.5242],[-2.2409,50.5239],[-2.0989,50.4969],[-1.9008,50.5522],[-1.9007,50.5768],[-1.9007,50.5847],[-1.8869,50.5929],[-1.8869,50.6049],[-1.8915,50.6054],[-1.8913,50.6551],[-1.9096,50.6551],[-1.9222,50.6444],[-1.9224,50.643],[-1.9223,50.643],[-1.9222,50.643],[-1.9223,50.643],[-1.9223,50.6429],[-1.9224,50.6428],[-1.9226,50.6427],[-1.9226,50.6426],[-1.9227,50.6425],[-1.9228,50.6425],[-1.9229,50.6425],[-1.923,50.6425],[-1.9231,50.6424],[-1.9232,50.6424],[-1.9231,50.6423],[-1.923,50.6423],[-1.923,50.6422],[-1.923,50.6421],[-1.9231,50.6421],[-1.9232,50.6422],[-1.9232,50.6423],[-1.9233,50.6422],[-1.9233,50.6423],[-1.9234,50.6423],[-1.9236,50.6422],[-1.9237,50.6422],[-1.9237,50.6421],[-1.9238,50.642],[-1.9239,50.642],[-1.924,50.6419],[-1.9241,50.6419],[-1.9244,50.6417],[-1.9245,50.6416],[-1.9244,50.6415],[-1.9244,50.6414],[-1.9243,50.6414],[-1.9242,50.6414],[-1.9242,50.6413],[-1.9243,50.6413],[-1.9244,50.6413],[-1.9244,50.6412],[-1.9243,50.6412],[-1.9242,50.6411],[-1.9243,50.641],[-1.9243,50.6409],[-1.9245,50.641],[-1.9247,50.641],[-1.9248,50.641],[-1.9251,50.641],[-1.9251,50.6409],[-1.9252,50.6409],[-1.9255,50.6405],[-1.9255,50.6404],[-1.9254,50.6403],[-1.9254,50.6402],[-1.9253,50.6402],[-1.9252,50.6402],[-1.9253,50.6402],[-1.9254,50.6401],[-1.9255,50.6401],[-1.9256,50.6401],[-1.9257,50.64],[-1.9258,50.6398],[-1.9257,50.6397],[-1.9257,50.6396],[-1.9258,50.6397],[-1.9259,50.6397],[-1.926,50.6396],[-1.926,50.6395],[-1.9261,50.6395],[-1.9261,50.6394],[-1.9261,50.6393],[-1.9261,50.6392],[-1.9261,50.6391],[-1.9262,50.639],[-1.9264,50.639],[-1.9264,50.6389],[-1.9265,50.6389],[-1.9266,50.6389],[-1.9267,50.6387],[-1.9268,50.6386],[-1.927,50.6385],[-1.9271,50.6384],[-1.9273,50.6382],[-1.9273,50.6381],[-1.9273,50.638],[-1.9273,50.6379],[-1.9275,50.6379],[-1.9275,50.6378],[-1.9276,50.6377],[-1.9276,50.6376],[-1.9275,50.6376],[-1.9275,50.6375],[-1.9274,50.6375],[-1.9273,50.6374],[-1.9273,50.6375],[-1.9272,50.6374],[-1.9273,50.6374],[-1.9274,50.6374],[-1.9276,50.6374],[-1.9278,50.6374],[-1.928,50.6372],[-1.9282,50.6371],[-1.9284,50.6371],[-1.9288,50.6369],[-1.9291,50.6367],[-1.9292,50.6366],[-1.9293,50.6365],[-1.9294,50.6363],[-1.9295,50.6363],[-1.9295,50.6362],[-1.9296,50.6361],[-1.9297,50.636],[-1.9297,50.6359],[-1.9298,50.6357],[-1.93,50.6356],[-1.93,50.6355],[-1.9301,50.6353],[-1.9303,50.6352],[-1.9303,50.6351],[-1.9308,50.6347],[-1.931,50.6345],[-1.931,50.6344],[-1.9312,50.6342],[-1.9312,50.6341],[-1.9312,50.634],[-1.9312,50.6339],[-1.9313,50.6338],[-1.9315,50.6337],[-1.9315,50.6336],[-1.9315,50.6335],[-1.9314,50.6335],[-1.9313,50.6335],[-1.9314,50.6335],[-1.9315,50.6335],[-1.9316,50.6334],[-1.9316,50.6333],[-1.9317,50.6332],[-1.9317,50.6331],[-1.9317,50.633],[-1.9318,50.6329],[-1.9318,50.6328],[-1.932,50.6327],[-1.932,50.6326],[-1.932,50.6325],[-1.9321,50.6325],[-1.9322,50.6324],[-1.9322,50.6323],[-1.9322,50.6322],[-1.9321,50.6322],[-1.932,50.6322],[-1.932,50.6321],[-1.9321,50.6321],[-1.9323,50.6322],[-1.9324,50.6322],[-1.9326,50.6321],[-1.9326,50.632],[-1.9327,50.6319],[-1.9328,50.6318],[-1.9329,50.6317],[-1.9329,50.6316],[-1.933,50.6315],[-1.933,50.6314],[-1.9329,50.6314],[-1.9328,50.6314],[-1.9327,50.6313],[-1.9329,50.6313],[-1.933,50.6313],[-1.9331,50.6312],[-1.9332,50.6311],[-1.9332,50.631],[-1.9332,50.6309],[-1.9331,50.6309],[-1.9332,50.6309],[-1.9334,50.6309],[-1.9335,50.6309],[-1.9336,50.6309],[-1.9337,50.6309],[-1.9337,50.6308],[-1.9338,50.6309],[-1.9338,50.6308],[-1.934,50.6308],[-1.9341,50.6308],[-1.9342,50.6308],[-1.9343,50.6308],[-1.9344,50.6308],[-1.935,50.6307],[-1.9354,50.6307],[-1.9355,50.6307],[-1.9356,50.6307],[-1.9369,50.6303],[-1.9383,50.63],[-1.9387,50.6299],[-1.9396,50.6297],[-1.9399,50.6297],[-1.9404,50.6296],[-1.9414,50.6295],[-1.9424,50.6293],[-1.9428,50.6293],[-1.9432,50.6292],[-1.9439,50.6291],[-1.9442,50.629],[-1.9445,50.6289],[-1.9446,50.6289],[-1.9448,50.6288],[-1.9451,50.6287],[-1.9454,50.6285],[-1.9455,50.6285],[-1.9456,50.6284],[-1.946,50.6282],[-1.9461,50.6282],[-1.9462,50.6281],[-1.9463,50.628],[-1.9467,50.6278],[-1.9471,50.6276],[-1.9477,50.6272],[-1.9482,50.6269],[-1.9485,50.6267],[-1.9486,50.6267],[-1.9487,50.6266],[-1.9488,50.6265],[-1.9492,50.6262],[-1.9495,50.626],[-1.9507,50.6251],[-1.951,50.6248],[-1.9515,50.6244],[-1.9517,50.6242],[-1.9518,50.6241],[-1.9522,50.6235],[-1.9523,50.6235],[-1.9524,50.6232],[-1.9526,50.623],[-1.953,50.6225],[-1.9532,50.6222],[-1.9533,50.622],[-1.9536,50.6217],[-1.9537,50.6215],[-1.9537,50.6214],[-1.9544,50.6203],[-1.9547,50.6199],[-1.9549,50.6196],[-1.955,50.6194],[-1.955,50.6193],[-1.955,50.6192],[-1.9551,50.6191],[-1.9552,50.6191],[-1.9552,50.619],[-1.9553,50.6189],[-1.9554,50.6189],[-1.9554,50.6188],[-1.9557,50.6183],[-1.9557,50.6181],[-1.956,50.6177],[-1.9561,50.6176],[-1.9562,50.6175],[-1.9562,50.6174],[-1.9564,50.6172],[-1.9564,50.6171],[-1.9565,50.6169],[-1.9568,50.6163],[-1.9569,50.6161],[-1.9569,50.616],[-1.957,50.6158],[-1.9571,50.6151],[-1.9573,50.6146],[-1.9573,50.6143],[-1.9573,50.6141],[-1.9573,50.6137],[-1.9573,50.6135],[-1.9573,50.6133],[-1.9573,50.613],[-1.9573,50.6127],[-1.9573,50.6126],[-1.9572,50.6123],[-1.9572,50.6121],[-1.9571,50.6121],[-1.957,50.612],[-1.9571,50.612],[-1.9571,50.6119],[-1.9571,50.6118],[-1.957,50.6116],[-1.9569,50.6115],[-1.9568,50.6112],[-1.9566,50.6108],[-1.9565,50.6108],[-1.9563,50.6102],[-1.9563,50.6101],[-1.9559,50.6096],[-1.9559,50.6095],[-1.956,50.6095],[-1.9563,50.6094],[-1.9564,50.6094],[-1.9565,50.6093],[-1.9564,50.6093],[-1.9564,50.6094],[-1.9563,50.6094],[-1.9561,50.6094],[-1.956,50.6094],[-1.956,50.6095],[-1.9559,50.6095],[-1.9558,50.6093],[-1.9557,50.6093],[-1.9557,50.6092],[-1.9557,50.6091],[-1.9556,50.609],[-1.9556,50.6089],[-1.9554,50.6087],[-1.9553,50.6086],[-1.9551,50.6084],[-1.955,50.6083],[-1.9549,50.6083],[-1.9548,50.6082],[-1.9547,50.6082],[-1.9546,50.6082],[-1.9545,50.6082],[-1.9543,50.6083],[-1.9542,50.6083],[-1.9541,50.6083],[-1.954,50.6083],[-1.9539,50.6083],[-1.9538,50.6083],[-1.9538,50.6082],[-1.9537,50.6081],[-1.9535,50.6082],[-1.9536,50.6082],[-1.9536,50.6081],[-1.9532,50.6078],[-1.9531,50.6078],[-1.9529,50.6077],[-1.9529,50.6076],[-1.9526,50.6075],[-1.9525,50.6075],[-1.9522,50.6075],[-1.9518,50.6076],[-1.9515,50.6077],[-1.9514,50.6078],[-1.9513,50.6079],[-1.9512,50.608],[-1.951,50.6081],[-1.9509,50.6085],[-1.9507,50.6087],[-1.9508,50.6088],[-1.9507,50.6088],[-1.9506,50.6089],[-1.9505,50.609],[-1.9501,50.6091],[-1.95,50.6093],[-1.9496,50.6094],[-1.9494,50.6093],[-1.9495,50.6092],[-1.9498,50.6091],[-1.9499,50.6091],[-1.9504,50.609],[-1.9508,50.6084],[-1.9509,50.6082],[-1.9508,50.6082],[-1.9507,50.6081],[-1.9508,50.6081],[-1.9508,50.6082],[-1.9509,50.6081],[-1.9509,50.608],[-1.9508,50.6081],[-1.9506,50.6079],[-1.9503,50.6077],[-1.9502,50.6077],[-1.9501,50.6076],[-1.9497,50.6076],[-1.9494,50.6076],[-1.949,50.6076],[-1.9488,50.6077],[-1.9483,50.6078],[-1.9482,50.6078],[-1.9481,50.6078],[-1.948,50.6078],[-1.9477,50.6077],[-1.9475,50.6077],[-1.9474,50.6077],[-1.9471,50.6076],[-1.947,50.6076],[-1.9465,50.6076],[-1.9463,50.6075],[-1.9461,50.6075],[-1.9456,50.6076],[-1.9455,50.6076],[-1.9452,50.6076],[-1.9448,50.6077],[-1.9447,50.6077],[-1.9444,50.6077],[-1.9443,50.6077],[-1.9442,50.6077],[-1.9441,50.6077],[-1.944,50.6077],[-1.9434,50.6076],[-1.943,50.6076],[-1.9429,50.6076],[-1.9428,50.6076],[-1.9429,50.6076],[-1.943,50.6075],[-1.9432,50.6075],[-1.9434,50.6075],[-1.9436,50.6075],[-1.9436,50.6074],[-1.9437,50.6074],[-1.9437,50.6073],[-1.9438,50.6072],[-1.9439,50.6071],[-1.944,50.6071],[-1.9441,50.607],[-1.944,50.607],[-1.9437,50.6069],[-1.9433,50.6069],[-1.9433,50.6068],[-1.9434,50.6068],[-1.9435,50.6068],[-1.9437,50.6069],[-1.9441,50.6069],[-1.9442,50.6069],[-1.9444,50.6069],[-1.9445,50.6069],[-1.9446,50.6068],[-1.9447,50.6067],[-1.9448,50.6067],[-1.9451,50.6065],[-1.9452,50.6065],[-1.9453,50.6065],[-1.9454,50.6065],[-1.9457,50.6064],[-1.9462,50.6063],[-1.9463,50.6062],[-1.9464,50.6062],[-1.9465,50.6062],[-1.9465,50.6061],[-1.9466,50.6061],[-1.9465,50.6061],[-1.9466,50.6061],[-1.9466,50.606],[-1.9467,50.606],[-1.9468,50.606],[-1.947,50.606],[-1.9471,50.606],[-1.9471,50.6059],[-1.9472,50.6059],[-1.9473,50.6059],[-1.9474,50.6059],[-1.9474,50.6058],[-1.9475,50.6058],[-1.9476,50.6058],[-1.9477,50.6057],[-1.9478,50.6057],[-1.9479,50.6056],[-1.948,50.6056],[-1.9481,50.6056],[-1.9481,50.6055],[-1.9482,50.6055],[-1.9483,50.6055],[-1.9483,50.6054],[-1.9484,50.6054],[-1.9487,50.6053],[-1.9488,50.6053],[-1.9493,50.6051],[-1.9494,50.6051],[-1.9496,50.605],[-1.9497,50.605],[-1.95,50.6047],[-1.95,50.6046],[-1.9501,50.6046],[-1.9504,50.6042],[-1.9504,50.6041],[-1.9505,50.604],[-1.9506,50.6039],[-1.9506,50.6038],[-1.9507,50.6038],[-1.9507,50.6037],[-1.9508,50.6036],[-1.9509,50.6034],[-1.9509,50.6033],[-1.9513,50.6028],[-1.9513,50.6026],[-1.9513,50.6025],[-1.9514,50.6025],[-1.9514,50.6024],[-1.9515,50.6023],[-1.9515,50.6022],[-1.9515,50.6021],[-1.9516,50.6021],[-1.9516,50.602],[-1.9518,50.6019],[-1.9518,50.6018],[-1.9519,50.6018],[-1.9519,50.6017],[-1.9519,50.6016],[-1.952,50.6016],[-1.952,50.6015],[-1.952,50.6014],[-1.9522,50.6013],[-1.9526,50.6011],[-1.9526,50.601],[-1.9527,50.6009],[-1.9526,50.6009],[-1.9526,50.6008],[-1.9527,50.6007],[-1.9527,50.6008],[-1.9527,50.6006],[-1.9527,50.6005],[-1.9528,50.6003],[-1.9528,50.6002],[-1.9529,50.6001],[-1.953,50.6],[-1.953,50.5999],[-1.9531,50.5998],[-1.9531,50.5997],[-1.9532,50.5995],[-1.9532,50.5994],[-1.9532,50.5993],[-1.9531,50.5992],[-1.9531,50.5991],[-1.9531,50.5989],[-1.9531,50.5988],[-1.953,50.5987],[-1.953,50.5986],[-1.9529,50.5984],[-1.9528,50.5984],[-1.9527,50.5983],[-1.9527,50.5982],[-1.9526,50.5981],[-1.9525,50.598],[-1.9525,50.5979],[-1.9525,50.5978],[-1.9525,50.5977],[-1.9525,50.5976],[-1.9525,50.5975],[-1.9525,50.5974],[-1.9525,50.5973],[-1.9525,50.5972],[-1.9525,50.5971],[-1.9524,50.5971],[-1.9524,50.597],[-1.9523,50.5969],[-1.9523,50.5967],[-1.9522,50.5967],[-1.9522,50.5966],[-1.9521,50.5964],[-1.9518,50.5961],[-1.9514,50.5958],[-1.9513,50.5958],[-1.9512,50.5957],[-1.9511,50.5957],[-1.9509,50.5957],[-1.9509,50.5956],[-1.951,50.5956],[-1.951,50.5955],[-1.9511,50.5955],[-1.9511,50.5954],[-1.951,50.5954],[-1.9509,50.5954],[-1.951,50.5953],[-1.9509,50.5953],[-1.9509,50.5952],[-1.9508,50.5951],[-1.9507,50.5951],[-1.9506,50.5951],[-1.9506,50.595],[-1.9507,50.5949],[-1.9507,50.595],[-1.9507,50.5949],[-1.951,50.5947],[-1.951,50.5946],[-1.9509,50.5946],[-1.9509,50.5945],[-1.951,50.5945],[-1.951,50.5944],[-1.9511,50.5944],[-1.9513,50.5944],[-1.9514,50.5944],[-1.9515,50.5943],[-1.9516,50.5943],[-1.9517,50.5943],[-1.9519,50.5943],[-1.952,50.5943],[-1.9521,50.5943],[-1.9522,50.5943],[-1.9523,50.5943],[-1.9524,50.5943],[-1.9525,50.5943],[-1.9526,50.5943],[-1.9527,50.5943],[-1.9528,50.5943],[-1.9529,50.5943],[-1.953,50.5943],[-1.9531,50.5943],[-1.9532,50.5942],[-1.9533,50.5942],[-1.9534,50.5942],[-1.9535,50.5942],[-1.9536,50.5942],[-1.9538,50.5941],[-1.9538,50.594],[-1.954,50.594],[-1.9541,50.594],[-1.9541,50.5939],[-1.9542,50.5939],[-1.9542,50.5938],[-1.9543,50.5938],[-1.9543,50.5937],[-1.9544,50.5937],[-1.9546,50.5937],[-1.9547,50.5936],[-1.9548,50.5936],[-1.9549,50.5935],[-1.955,50.5935],[-1.9551,50.5935],[-1.9554,50.5934],[-1.9555,50.5934],[-1.9556,50.5934],[-1.9558,50.5932],[-1.9559,50.5932],[-1.956,50.5931],[-1.9562,50.593],[-1.9563,50.593],[-1.9563,50.5929],[-1.9563,50.5928],[-1.9564,50.5928],[-1.9565,50.5927],[-1.9566,50.5927],[-1.9565,50.5926],[-1.9564,50.5926],[-1.9565,50.5926],[-1.9566,50.5926],[-1.9567,50.5926],[-1.9568,50.5926],[-1.9568,50.5925],[-1.9568,50.5924],[-1.9569,50.5924],[-1.9569,50.5923],[-1.957,50.5923],[-1.9571,50.5922],[-1.9572,50.5922],[-1.9573,50.5922],[-1.9573,50.5921],[-1.9572,50.5921],[-1.9573,50.5921],[-1.9573,50.592],[-1.9574,50.592],[-1.9575,50.5919],[-1.9576,50.592],[-1.9576,50.5921],[-1.9577,50.592],[-1.9578,50.592],[-1.9579,50.592],[-1.9579,50.5919],[-1.958,50.5919],[-1.9581,50.5919],[-1.9582,50.5919],[-1.9583,50.592],[-1.9584,50.592],[-1.9585,50.5919],[-1.9585,50.5918],[-1.9586,50.5917],[-1.9587,50.5916],[-1.9587,50.5915],[-1.9588,50.5914],[-1.9588,50.5915],[-1.9589,50.5915],[-1.959,50.5915],[-1.9592,50.5914],[-1.9593,50.5914],[-1.9593,50.5913],[-1.9594,50.5913],[-1.9595,50.5912],[-1.9596,50.5912],[-1.9596,50.5911],[-1.9598,50.5912],[-1.9599,50.5912],[-1.9601,50.5912],[-1.9602,50.5912],[-1.9604,50.5913],[-1.9605,50.5912],[-1.9606,50.5911],[-1.9608,50.591],[-1.9609,50.591],[-1.9608,50.591],[-1.9609,50.5908],[-1.9611,50.5908],[-1.9611,50.5909],[-1.9613,50.591],[-1.9614,50.591],[-1.9614,50.5911],[-1.9614,50.591],[-1.9615,50.591],[-1.9616,50.591],[-1.9617,50.591],[-1.9618,50.5911],[-1.9619,50.5911],[-1.962,50.5911],[-1.9622,50.5911],[-1.9624,50.5911],[-1.9625,50.5911],[-1.9628,50.5911],[-1.9634,50.5912],[-1.9636,50.5912],[-1.9644,50.5913],[-1.9647,50.5914],[-1.9651,50.5914],[-1.9653,50.5914],[-1.9656,50.5914],[-1.966,50.5915],[-1.9662,50.5914],[-1.9663,50.5914],[-1.9665,50.5914],[-1.9666,50.5914],[-1.9667,50.5914],[-1.9673,50.5914],[-1.9674,50.5914],[-1.9676,50.5914],[-1.9677,50.5913],[-1.9678,50.5913],[-1.9684,50.5913],[-1.9687,50.5914],[-1.9688,50.5914],[-1.9691,50.5914],[-1.9692,50.5914],[-1.9693,50.5914],[-1.9695,50.5913],[-1.9698,50.5912],[-1.9699,50.5912],[-1.97,50.5912],[-1.9703,50.5911],[-1.9706,50.5911],[-1.972,50.5911],[-1.9728,50.5911],[-1.973,50.591],[-1.9731,50.591],[-1.9734,50.591],[-1.9735,50.5909],[-1.9736,50.591],[-1.9737,50.591],[-1.974,50.591],[-1.9741,50.591],[-1.9742,50.591],[-1.9744,50.591],[-1.9745,50.591],[-1.9746,50.591],[-1.9749,50.5909],[-1.9751,50.5909],[-1.9751,50.591],[-1.9752,50.591],[-1.9752,50.5909],[-1.9753,50.5908],[-1.9755,50.5909],[-1.9756,50.5909],[-1.9757,50.5909],[-1.9758,50.5909],[-1.9759,50.5909],[-1.976,50.5909],[-1.9763,50.5909],[-1.9764,50.5909],[-1.9765,50.5908],[-1.9765,50.5909],[-1.9766,50.5909],[-1.9767,50.5908],[-1.9768,50.5907],[-1.9769,50.5908],[-1.977,50.5908],[-1.9771,50.5907],[-1.9773,50.5907],[-1.9777,50.5908],[-1.9777,50.5909],[-1.9779,50.5909],[-1.9782,50.591],[-1.9784,50.5909],[-1.9785,50.5909],[-1.9786,50.5909],[-1.979,50.591],[-1.9793,50.5909],[-1.9796,50.5908],[-1.9798,50.5909],[-1.98,50.5909],[-1.9799,50.5908],[-1.9801,50.5907],[-1.9802,50.5907],[-1.9804,50.5907],[-1.9804,50.5906],[-1.9806,50.5907],[-1.9807,50.5907],[-1.9808,50.5907],[-1.9809,50.5907],[-1.981,50.5907],[-1.981,50.5906],[-1.9812,50.5907],[-1.9815,50.5907],[-1.9816,50.5906],[-1.9819,50.5906],[-1.9822,50.5906],[-1.9824,50.5906],[-1.9828,50.5906],[-1.983,50.5906],[-1.9832,50.5906],[-1.9836,50.5906],[-1.9838,50.5906],[-1.984,50.5905],[-1.9842,50.5905],[-1.9844,50.5905],[-1.9845,50.5905],[-1.9844,50.5905],[-1.9845,50.5905],[-1.9846,50.5905],[-1.9847,50.5906],[-1.9848,50.5906],[-1.985,50.5906],[-1.985,50.5907],[-1.9851,50.5907],[-1.9855,50.5907],[-1.9856,50.5908],[-1.9858,50.5908],[-1.9861,50.5909],[-1.9863,50.5909],[-1.9866,50.591],[-1.9868,50.591],[-1.987,50.5911],[-1.9871,50.5911],[-1.9872,50.591],[-1.9873,50.591],[-1.9874,50.591],[-1.9876,50.591],[-1.988,50.5909],[-1.9881,50.5909],[-1.9883,50.5908],[-1.9884,50.5908],[-1.9887,50.5909],[-1.989,50.5908],[-1.9891,50.5908],[-1.9891,50.5907],[-1.9892,50.5907],[-1.9893,50.5907],[-1.9894,50.5907],[-1.9896,50.5907],[-1.9897,50.5906],[-1.9898,50.5906],[-1.9899,50.5906],[-1.99,50.5906],[-1.9901,50.5905],[-1.9902,50.5905],[-1.9904,50.5906],[-1.9905,50.5905],[-1.9906,50.5905],[-1.9908,50.5905],[-1.991,50.5905],[-1.991,50.5906],[-1.9909,50.5906],[-1.9909,50.5907],[-1.9912,50.5907],[-1.9913,50.5907],[-1.9912,50.5907],[-1.9913,50.5907]],[[-1.945,50.6063],[-1.9449,50.6064],[-1.9449,50.6063],[-1.945,50.6063]],[[-2.2712,50.6212],[-2.2713,50.6213],[-2.2712,50.6213],[-2.2712,50.6212]],[[-1.9507,50.5953],[-1.9506,50.5953],[-1.9506,50.5952],[-1.9507,50.5952],[-1.9507,50.5953]],[[-2.2634,50.6193],[-2.2634,50.6192],[-2.2635,50.6192],[-2.2634,50.6193]],[[-2.2635,50.6193],[-2.2636,50.6194],[-2.2635,50.6194],[-2.2635,50.6193]],[[-2.2589,50.6182],[-2.2589,50.6183],[-2.2588,50.6183],[-2.2588,50.6182],[-2.2589,50.6182]],[[-1.9519,50.5962],[-1.9519,50.5963],[-1.9518,50.5962],[-1.9519,50.5962]],[[-2.2619,50.6187],[-2.2618,50.6187],[-2.2618,50.6186],[-2.2619,50.6186],[-2.2619,50.6187]],[[-1.9529,50.5998],[-1.953,50.5999],[-1.9529,50.5999],[-1.9529,50.5998]],[[-1.9272,50.6379],[-1.9271,50.638],[-1.9271,50.6379],[-1.9272,50.6379]],[[-2.2575,50.6179],[-2.2574,50.6179],[-2.2574,50.6178],[-2.2575,50.6178],[-2.2575,50.6179]],[[-2.2231,50.616],[-2.2231,50.6161],[-2.223,50.616],[-2.2231,50.616]],[[-1.9531,50.5996],[-1.953,50.5996],[-1.953,50.5995],[-1.9531,50.5995],[-1.9531,50.5996]],[[-1.9507,50.5954],[-1.9508,50.5954],[-1.9507,50.5955],[-1.9507,50.5954]],[[-2.2611,50.6183],[-2.261,50.6182],[-2.2611,50.6182],[-2.2611,50.6183]],[[-2.2582,50.6181],[-2.2581,50.6181],[-2.2581,50.618],[-2.2582,50.618],[-2.2582,50.6181]],[[-1.9529,50.5991],[-1.9529,50.599],[-1.953,50.599],[-1.953,50.5991],[-1.9529,50.5991]],[[-2.0097,50.5908],[-2.0097,50.5909],[-2.0096,50.5909],[-2.0096,50.5908],[-2.0097,50.5908]],[[-2.2213,50.6196],[-2.2212,50.6196],[-2.2213,50.6196],[-2.2212,50.6196],[-2.2212,50.6195],[-2.2213,50.6196]],[[-2.1738,50.6143],[-2.1739,50.6143],[-2.1739,50.6144],[-2.1738,50.6143]],[[-2.01,50.5908],[-2.0099,50.5908],[-2.0099,50.5909],[-2.0098,50.5909],[-2.0098,50.5908],[-2.01,50.5908]],[[-2.2843,50.621],[-2.2843,50.6211],[-2.2842,50.6211],[-2.2842,50.621],[-2.2843,50.621]],[[-2.3269,50.6259],[-2.3269,50.6258],[-2.327,50.6259],[-2.3269,50.6259]],[[-2.205,50.6214],[-2.205,50.6215],[-2.2049,50.6215],[-2.2048,50.6215],[-2.2049,50.6215],[-2.205,50.6214]],[[-2.2895,50.6223],[-2.2893,50.6224],[-2.2893,50.6223],[-2.2894,50.6223],[-2.2895,50.6223]],[[-2.2737,50.6211],[-2.2736,50.6212],[-2.2736,50.6211],[-2.2737,50.6211]],[[-1.9477,50.6079],[-1.9476,50.6079],[-1.9475,50.608],[-1.9474,50.608],[-1.9474,50.6079],[-1.9475,50.6079],[-1.9476,50.6079],[-1.9477,50.6079]],[[-2.2171,50.6204],[-2.2171,50.6205],[-2.217,50.6205],[-2.217,50.6204],[-2.2169,50.6204],[-2.217,50.6204],[-2.2171,50.6204]],[[-1.9259,50.639],[-1.9258,50.639],[-1.9258,50.6389],[-1.9259,50.6389],[-1.9259,50.639]],[[-2.1537,50.6131],[-2.1535,50.6131],[-2.1534,50.613],[-2.1535,50.613],[-2.1535,50.6131],[-2.1537,50.6131]],[[-2.0333,50.584],[-2.0332,50.5839],[-2.0333,50.5839],[-2.0333,50.584]],[[-2.222,50.6159],[-2.2219,50.6159],[-2.2219,50.6158],[-2.222,50.6159]],[[-2.2538,50.6178],[-2.2539,50.6179],[-2.2538,50.6179],[-2.2537,50.6179],[-2.2537,50.6178],[-2.2536,50.6178],[-2.2537,50.6178],[-2.2538,50.6178]],[[-2.1486,50.6104],[-2.1486,50.6103],[-2.1487,50.6103],[-2.1486,50.6104]],[[-2.2904,50.6223],[-2.2903,50.6223],[-2.2903,50.6224],[-2.2902,50.6223],[-2.2903,50.6223],[-2.2904,50.6223]],[[-2.2259,50.6163],[-2.2258,50.6163],[-2.2257,50.6163],[-2.2258,50.6162],[-2.2259,50.6162],[-2.2259,50.6163]],[[-2.2606,50.618],[-2.2607,50.6181],[-2.2606,50.6182],[-2.2605,50.6182],[-2.2605,50.618],[-2.2606,50.618]],[[-2.2508,50.6173],[-2.2507,50.6173],[-2.2505,50.6172],[-2.2504,50.6172],[-2.2505,50.6172],[-2.2508,50.6173]],[[-2.2277,50.6162],[-2.2279,50.6164],[-2.2278,50.6164],[-2.2277,50.6163],[-2.2277,50.6162]],[[-2.2213,50.6161],[-2.2212,50.616],[-2.2213,50.616],[-2.2214,50.616],[-2.2214,50.6161],[-2.2215,50.6161],[-2.2214,50.6161],[-2.2213,50.6161]],[[-2.2011,50.6222],[-2.2012,50.6221],[-2.2014,50.6221],[-2.2013,50.6222],[-2.2011,50.6222]],[[-2.2247,50.6162],[-2.2246,50.6162],[-2.2246,50.6161],[-2.2247,50.6161],[-2.2247,50.6162]],[[-2.2266,50.6166],[-2.2264,50.6167],[-2.2264,50.6166],[-2.2265,50.6165],[-2.2266,50.6165],[-2.2266,50.6166]],[[-2.2608,50.618],[-2.2609,50.618],[-2.261,50.618],[-2.2611,50.618],[-2.261,50.6181],[-2.2609,50.6181],[-2.2608,50.618]],[[-2.124,50.6034],[-2.1239,50.6034],[-2.1238,50.6033],[-2.1237,50.6033],[-2.124,50.6033],[-2.124,50.6034]],[[-2.2217,50.6163],[-2.2216,50.6163],[-2.2215,50.6163],[-2.2213,50.6163],[-2.2212,50.6163],[-2.2211,50.6162],[-2.2212,50.6162],[-2.2213,50.6162],[-2.2214,50.6163],[-2.2217,50.6163]],[[-2.2943,50.6209],[-2.2946,50.6209],[-2.2945,50.6209],[-2.2943,50.6209],[-2.2943,50.621],[-2.2942,50.621],[-2.2941,50.6209],[-2.2942,50.6209],[-2.2943,50.6209]],[[-2.2492,50.6169],[-2.2494,50.6169],[-2.2495,50.6169],[-2.2496,50.6169],[-2.2497,50.6169],[-2.2497,50.617],[-2.2496,50.617],[-2.2496,50.6169],[-2.2493,50.6169],[-2.2492,50.6169]],[[-2.1547,50.6106],[-2.1543,50.6107],[-2.1542,50.6107],[-2.154,50.6108],[-2.1539,50.6108],[-2.1538,50.6108],[-2.1539,50.6108],[-2.1539,50.6107],[-2.154,50.6107],[-2.1541,50.6107],[-2.1542,50.6107],[-2.1543,50.6107],[-2.1545,50.6106],[-2.1546,50.6106],[-2.1547,50.6106]],[[-2.2897,50.6225],[-2.2896,50.6226],[-2.2895,50.6226],[-2.2894,50.6225],[-2.2895,50.6225],[-2.2896,50.6225],[-2.2897,50.6225]],[[-2.2208,50.6156],[-2.2209,50.6156],[-2.221,50.6156],[-2.221,50.6157],[-2.2211,50.6157],[-2.2211,50.6158],[-2.221,50.6158],[-2.2209,50.6158],[-2.2208,50.6156]],[[-2.217,50.6203],[-2.2169,50.6202],[-2.217,50.6202],[-2.2172,50.6202],[-2.2173,50.6203],[-2.2171,50.6204],[-2.2171,50.6203],[-2.217,50.6203]],[[-2.2728,50.6211],[-2.2725,50.6211],[-2.2724,50.6211],[-2.2723,50.6211],[-2.2724,50.6211],[-2.2725,50.6211],[-2.2726,50.621],[-2.2727,50.6211],[-2.2728,50.6211]],[[-2.2695,50.6204],[-2.2696,50.6203],[-2.2697,50.6203],[-2.2697,50.6204],[-2.2696,50.6204],[-2.2695,50.6204]],[[-2.2034,50.6216],[-2.2031,50.6217],[-2.2029,50.6217],[-2.2031,50.6217],[-2.2032,50.6216],[-2.2033,50.6216],[-2.2034,50.6216]],[[-2.2223,50.6159],[-2.2222,50.616],[-2.2221,50.616],[-2.2221,50.6159],[-2.2221,50.6158],[-2.222,50.6158],[-2.2221,50.6158],[-2.2223,50.6159]],[[-2.2801,50.621],[-2.2803,50.621],[-2.2804,50.621],[-2.2804,50.6211],[-2.2803,50.6211],[-2.2802,50.6211],[-2.2801,50.6211],[-2.28,50.6211],[-2.2799,50.6211],[-2.2799,50.621],[-2.28,50.621],[-2.2801,50.621]],[[-2.2217,50.6159],[-2.2216,50.616],[-2.2215,50.6159],[-2.2214,50.6159],[-2.2213,50.6158],[-2.2213,50.6157],[-2.2214,50.6157],[-2.2217,50.6158],[-2.2217,50.6159]],[[-2.2918,50.6212],[-2.2917,50.6212],[-2.2916,50.6212],[-2.2915,50.6212],[-2.2912,50.6213],[-2.2911,50.6213],[-2.291,50.6212],[-2.2912,50.6212],[-2.2913,50.6212],[-2.2914,50.6212],[-2.2915,50.6211],[-2.2916,50.6211],[-2.2917,50.6211],[-2.2918,50.6212]],[[-2.0828,50.5945],[-2.0826,50.5945],[-2.0825,50.5945],[-2.0824,50.5945],[-2.0824,50.5944],[-2.0823,50.5942],[-2.0824,50.5942],[-2.0824,50.5943],[-2.0825,50.5943],[-2.0826,50.5943],[-2.0827,50.5944],[-2.0828,50.5945]],[[-2.2244,50.6161],[-2.2245,50.6162],[-2.2245,50.6163],[-2.2244,50.6163],[-2.2245,50.6163],[-2.2243,50.6163],[-2.2242,50.6163],[-2.2242,50.6162],[-2.2241,50.6161],[-2.2242,50.6161],[-2.2242,50.616],[-2.2243,50.616],[-2.2244,50.6161]],[[-2.2254,50.6162],[-2.2255,50.6162],[-2.2254,50.6162],[-2.2254,50.6163],[-2.2253,50.6163],[-2.2252,50.6163],[-2.2251,50.6162],[-2.225,50.6163],[-2.2249,50.6163],[-2.2249,50.6161],[-2.225,50.6162],[-2.225,50.6161],[-2.2251,50.6161],[-2.2252,50.6161],[-2.2253,50.6161],[-2.2254,50.6161],[-2.2254,50.6162]],[[-2.0636,50.5917],[-2.0635,50.5916],[-2.0636,50.5915],[-2.0637,50.5916],[-2.0639,50.5916],[-2.0638,50.5917],[-2.0638,50.5918],[-2.0637,50.5918],[-2.0635,50.5918],[-2.0634,50.5918],[-2.0635,50.5917],[-2.0636,50.5917]],[[-2.2713,50.6209],[-2.2714,50.6209],[-2.2717,50.621],[-2.2719,50.621],[-2.2722,50.621],[-2.2723,50.621],[-2.2723,50.6211],[-2.2722,50.6211],[-2.2719,50.6211],[-2.2718,50.6211],[-2.2713,50.621],[-2.2711,50.6209],[-2.2711,50.6208],[-2.2713,50.6209]],[[-2.2906,50.6223],[-2.2906,50.6224],[-2.2906,50.6225],[-2.2904,50.6226],[-2.2903,50.6226],[-2.2901,50.6225],[-2.2898,50.6225],[-2.2898,50.6224],[-2.2899,50.6224],[-2.29,50.6224],[-2.2901,50.6224],[-2.2902,50.6224],[-2.2903,50.6224],[-2.2904,50.6224],[-2.2905,50.6223],[-2.2906,50.6223]]]},"properties":{"mtype":"MCZ","name":"Purbeck Coast","code":"UKMCZ0066"}},
{"type":"Feature","geometry":{"type":"Polygon","coordinates":[[[-1.8145,50.6915],[-1.8145,50.6744],[-1.7836,50.6744],[-1.7763,50.6743],[-1.7763,50.6753],[-1.7763,50.6914],[-1.8145,50.6915]]]},"properties":{"mtype":"MCZ","name":"Southbourne Rough","code":"UKMCZ0071"}},
{"type":"Feature","geometry":{"type":"Polygon","coordinates":[[[-2.9373,50.7191],[-2.9375,50.719],[-2.9378,50.7189],[-2.938,50.7189],[-2.9384,50.7191],[-2.9386,50.7194],[-2.9387,50.7199],[-2.9389,50.7202],[-2.94,50.72],[-2.94,50.7201],[-2.9414,50.7199],[-2.9419,50.7198],[-2.9438,50.7195],[-2.9444,50.7194],[-2.9452,50.7191],[-2.9453,50.7192],[-2.9442,50.7195],[-2.944,50.7196],[-2.9441,50.7199],[-2.9437,50.72],[-2.9436,50.7199],[-2.9433,50.72],[-2.9434,50.7201],[-2.9429,50.7203],[-2.9422,50.7205],[-2.9417,50.7206],[-2.9414,50.7207],[-2.9411,50.7208],[-2.941,50.7212],[-2.9408,50.7213],[-2.9408,50.7215],[-2.9412,50.7216],[-2.9416,50.7217],[-2.9419,50.7217],[-2.9423,50.7219],[-2.9426,50.7218],[-2.943,50.7216],[-2.9432,50.7215],[-2.9441,50.7216],[-2.9444,50.7215],[-2.9448,50.7214],[-2.9449,50.7213],[-2.9457,50.7211],[-2.9462,50.7208],[-2.9465,50.7208],[-2.9468,50.7209],[-2.9472,50.721],[-2.948,50.7212],[-2.9487,50.7212],[-2.9493,50.7214],[-2.9496,50.7213],[-2.9503,50.7212],[-2.9506,50.721],[-2.9511,50.7209],[-2.9513,50.721],[-2.9515,50.7209],[-2.9518,50.7208],[-2.9529,50.7207],[-2.9535,50.7206],[-2.9536,50.7206],[-2.9541,50.7204],[-2.9548,50.7202],[-2.9554,50.72],[-2.9557,50.7198],[-2.956,50.7196],[-2.9564,50.7196],[-2.9566,50.7194],[-2.9568,50.7193],[-2.957,50.7191],[-2.9574,50.719],[-2.9577,50.7188],[-2.9579,50.7187],[-2.958,50.7186],[-2.9582,50.7185],[-2.9583,50.7185],[-2.9585,50.7183],[-2.959,50.7179],[-2.9593,50.7176],[-2.9594,50.7176],[-2.9596,50.7175],[-2.9598,50.7173],[-2.9605,50.717],[-2.9606,50.7169],[-2.961,50.717],[-2.9617,50.717],[-2.962,50.7168],[-2.9622,50.7168],[-2.9625,50.7168],[-2.9628,50.7168],[-2.9631,50.7167],[-2.9632,50.7167],[-2.9638,50.7166],[-2.9642,50.7164],[-2.9645,50.7164],[-2.9648,50.7163],[-2.9652,50.7163],[-2.9656,50.7161],[-2.9659,50.716],[-2.9656,50.7156],[-2.9656,50.7154],[-2.9661,50.7153],[-2.9668,50.7152],[-2.9667,50.7149],[-2.9669,50.7148],[-2.967,50.7147],[-2.967,50.7144],[-2.9674,50.7143],[-2.9676,50.7145],[-2.9678,50.7146],[-2.9679,50.7146],[-2.968,50.7143],[-2.9682,50.7141],[-2.9686,50.714],[-2.9688,50.7139],[-2.9692,50.7141],[-2.9698,50.7136],[-2.9702,50.7135],[-2.9704,50.7136],[-2.9707,50.7135],[-2.9711,50.7134],[-2.9713,50.7133],[-2.9715,50.7133],[-2.972,50.7131],[-2.9722,50.7128],[-2.9723,50.7126],[-2.9724,50.7125],[-2.9726,50.7124],[-2.9742,50.7122],[-2.9749,50.7119],[-2.9759,50.7119],[-2.9771,50.7117],[-2.9786,50.7118],[-2.9787,50.7117],[-2.9791,50.7116],[-2.9796,50.7114],[-2.9811,50.7111],[-2.9814,50.7111],[-2.9823,50.7111],[-2.9829,50.7111],[-2.9838,50.7106],[-2.9844,50.7103],[-2.9847,50.7101],[-2.9849,50.71],[-2.9868,50.7096],[-2.9878,50.7094],[-2.9882,50.7093],[-2.9886,50.7093],[-2.989,50.7091],[-2.9895,50.7088],[-2.9896,50.7087],[-2.99,50.7086],[-2.9902,50.7086],[-2.9905,50.7085],[-2.9913,50.7084],[-2.9918,50.7084],[-2.9921,50.7084],[-2.9927,50.7081],[-2.9937,50.7078],[-2.9942,50.7074],[-2.9945,50.7072],[-2.9951,50.707],[-2.9955,50.7068],[-2.9957,50.7067],[-2.996,50.7067],[-2.9964,50.7067],[-2.9966,50.7067],[-2.9973,50.7069],[-2.9976,50.707],[-2.9983,50.7071],[-2.9988,50.7072],[-2.9989,50.7073],[-2.9996,50.707],[-3,50.7069],[-3.0002,50.7069],[-3.0005,50.7068],[-3.0008,50.7065],[-3.0011,50.7063],[-3.0014,50.7061],[-3.0019,50.7059],[-3.0029,50.7055],[-3.0036,50.7051],[-3.0039,50.7049],[-3.0043,50.7046],[-3.0045,50.7046],[-3.0055,50.7046],[-3.0063,50.7044],[-3.0069,50.7042],[-3.0077,50.704],[-3.0086,50.7038],[-3.0088,50.7036],[-3.0092,50.7035],[-3.0097,50.7033],[-3.0107,50.7028],[-3.0116,50.7024],[-3.0121,50.7022],[-3.0125,50.7021],[-3.0129,50.702],[-3.0134,50.7019],[-3.015,50.7018],[-3.0153,50.7018],[-3.0155,50.7019],[-3.0159,50.7021],[-3.0161,50.7022],[-3.0174,50.7022],[-3.0182,50.7023],[-3.0184,50.7024],[-3.0187,50.7024],[-3.0191,50.7025],[-3.0196,50.7026],[-3.02,50.7025],[-3.0202,50.7025],[-3.0206,50.7027],[-3.0209,50.7027],[-3.0214,50.7027],[-3.0219,50.7028],[-3.0227,50.7028],[-3.0232,50.7029],[-3.0233,50.703],[-3.0238,50.7029],[-3.0241,50.7028],[-3.0244,50.7028],[-3.025,50.7028],[-3.026,50.7027],[-3.0263,50.7026],[-3.027,50.7027],[-3.0276,50.7027],[-3.0287,50.7025],[-3.0289,50.7025],[-3.0293,50.7023],[-3.0295,50.7022],[-3.0295,50.7019],[-3.0294,50.7017],[-3.0295,50.7016],[-3.0299,50.7014],[-3.0302,50.7013],[-3.0316,50.7015],[-3.0319,50.7015],[-3.0327,50.7016],[-3.0337,50.7015],[-3.0342,50.7014],[-3.0351,50.7014],[-3.0358,50.7015],[-3.0365,50.7016],[-3.0372,50.7016],[-3.0375,50.7016],[-3.0384,50.7018],[-3.0386,50.7018],[-3.0387,50.7019],[-3.0389,50.702],[-3.0395,50.7022],[-3.04,50.7023],[-3.041,50.7023],[-3.0412,50.7024],[-3.0412,50.7025],[-3.0418,50.7026],[-3.0422,50.7025],[-3.0432,50.7025],[-3.0434,50.7024],[-3.0439,50.7026],[-3.0442,50.7026],[-3.0444,50.7028],[-3.0447,50.7028],[-3.0451,50.7029],[-3.0455,50.7029],[-3.0459,50.7028],[-3.0461,50.7028],[-3.0463,50.7028],[-3.0466,50.7028],[-3.0468,50.7027],[-3.047,50.7027],[-3.0472,50.7026],[-3.0472,50.7028],[-3.0474,50.7028],[-3.0475,50.7029],[-3.0477,50.703],[-3.048,50.703],[-3.0482,50.7031],[-3.0484,50.7032],[-3.0487,50.7032],[-3.0489,50.7031],[-3.049,50.7032],[-3.0492,50.7032],[-3.0494,50.7033],[-3.0498,50.7033],[-3.0505,50.7034],[-3.0509,50.7033],[-3.0511,50.7033],[-3.0514,50.7034],[-3.0517,50.7033],[-3.0519,50.7034],[-3.0521,50.7033],[-3.0522,50.7032],[-3.0524,50.7032],[-3.0525,50.7031],[-3.0528,50.7031],[-3.053,50.7032],[-3.0533,50.7033],[-3.0535,50.7034],[-3.0542,50.7036],[-3.0544,50.7036],[-3.0548,50.7036],[-3.0551,50.7037],[-3.0554,50.7038],[-3.056,50.7039],[-3.056,50.7037],[-3.0565,50.7038],[-3.0566,50.7036],[-3.055,50.7031],[-3.0547,50.7029],[-3.0543,50.7027],[-3.0542,50.7026],[-3.0542,50.7025],[-3.0545,50.7024],[-3.0544,50.7023],[-3.0547,50.7022],[-3.0547,50.702],[-3.0548,50.7018],[-3.0548,50.7014],[-3.0543,50.7014],[-3.0539,50.7014],[-3.0536,50.7014],[-3.0535,50.7016],[-3.0523,50.7015],[-3.0515,50.7014],[-3.0513,50.7013],[-3.0513,50.7012],[-3.0509,50.7012],[-3.0506,50.7011],[-3.0502,50.7011],[-3.05,50.7011],[-3.05,50.7012],[-3.0508,50.7013],[-3.0507,50.7014],[-3.0504,50.7014],[-3.0498,50.7013],[-3.0492,50.7013],[-3.0478,50.7013],[-3.0471,50.7012],[-3.0468,50.7011],[-3.0457,50.701],[-3.0453,50.7009],[-3.0442,50.7007],[-3.0436,50.7007],[-3.0429,50.7006],[-3.0423,50.7005],[-3.0417,50.7004],[-3.0416,50.7004],[-3.0414,50.7003],[-3.0411,50.7002],[-3.0413,50.7001],[-3.0411,50.7],[-3.041,50.7001],[-3.0409,50.7002],[-3.0407,50.7002],[-3.0407,50.6999],[-3.0404,50.7],[-3.0402,50.7001],[-3.0402,50.6999],[-3.0402,50.6997],[-3.0399,50.6998],[-3.0396,50.6998],[-3.0394,50.6998],[-3.0392,50.6999],[-3.0391,50.6999],[-3.0388,50.6999],[-3.0385,50.6999],[-3.0383,50.6999],[-3.0382,50.6998],[-3.0383,50.6997],[-3.038,50.6997],[-3.0379,50.6996],[-3.0373,50.6996],[-3.0372,50.6996],[-3.037,50.6995],[-3.0368,50.6995],[-3.0364,50.6995],[-3.0362,50.6995],[-3.0362,50.6996],[-3.036,50.6995],[-3.0358,50.6994],[-3.0357,50.6995],[-3.036,50.6996],[-3.0357,50.6996],[-3.0351,50.6995],[-3.0348,50.6995],[-3.0345,50.6994],[-3.0345,50.6995],[-3.0343,50.6995],[-3.0341,50.6995],[-3.0334,50.6994],[-3.033,50.6993],[-3.0329,50.6993],[-3.0324,50.6991],[-3.0325,50.6991],[-3.0323,50.6988],[-3.0322,50.6987],[-3.0321,50.6987],[-3.0321,50.6985],[-3.032,50.6985],[-3.0319,50.6985],[-3.0307,50.6985],[-3.0302,50.6985],[-3.0299,50.6984],[-3.0292,50.6983],[-3.0287,50.6983],[-3.0286,50.6982],[-3.0284,50.6981],[-3.028,50.6982],[-3.0279,50.6981],[-3.0275,50.6981],[-3.0273,50.6981],[-3.027,50.6981],[-3.0265,50.6981],[-3.0261,50.698],[-3.0261,50.6982],[-3.0258,50.6982],[-3.0257,50.6983],[-3.025,50.6983],[-3.0239,50.6982],[-3.0232,50.6981],[-3.0229,50.698],[-3.0227,50.6979],[-3.0224,50.6979],[-3.0222,50.6979],[-3.0215,50.698],[-3.0214,50.698],[-3.0212,50.6981],[-3.0208,50.6981],[-3.0205,50.6981],[-3.0204,50.6981],[-3.0201,50.6981],[-3.02,50.6982],[-3.0199,50.6981],[-3.0193,50.6983],[-3.0189,50.6984],[-3.0186,50.6984],[-3.0185,50.6985],[-3.0183,50.6984],[-3.0181,50.6985],[-3.0181,50.6986],[-3.0175,50.6986],[-3.0171,50.6985],[-3.0169,50.6985],[-3.0168,50.6984],[-3.0165,50.6983],[-3.0161,50.6984],[-3.0159,50.6985],[-3.0145,50.6988],[-3.014,50.6988],[-3.0138,50.6988],[-3.0135,50.6988],[-3.0136,50.699],[-3.0128,50.6991],[-3.0119,50.6992],[-3.0114,50.6993],[-3.0112,50.6993],[-3.0111,50.6993],[-3.0109,50.6994],[-3.0108,50.6993],[-3.0106,50.6993],[-3.0106,50.6994],[-3.0104,50.6994],[-3.01,50.6995],[-3.0097,50.6995],[-3.0096,50.6995],[-3.0093,50.6995],[-3.009,50.6995],[-3.0085,50.6995],[-3.008,50.6997],[-3.0077,50.6998],[-3.0072,50.6998],[-3.0067,50.6998],[-3.0064,50.6998],[-3.006,50.6999],[-3.0052,50.7001],[-3.0043,50.7004],[-3.0039,50.7007],[-3.0037,50.7007],[-3.0038,50.7005],[-3.0037,50.7005],[-3.0034,50.7007],[-3.003,50.7008],[-3.0027,50.7009],[-3.0026,50.701],[-3.0024,50.7011],[-3.0021,50.7011],[-3.0015,50.7013],[-3.0007,50.7016],[-3.0005,50.7018],[-3.0005,50.7019],[-3,50.702],[-2.9998,50.7022],[-2.9997,50.7024],[-2.9996,50.7024],[-2.9993,50.7025],[-2.9992,50.7027],[-2.999,50.7027],[-2.999,50.7028],[-2.9993,50.7029],[-2.9993,50.703],[-2.9992,50.7031],[-2.9991,50.703],[-2.9989,50.7029],[-2.9987,50.703],[-2.9986,50.703],[-2.9982,50.7033],[-2.9978,50.7036],[-2.9978,50.7037],[-2.9975,50.7039],[-2.9973,50.7041],[-2.9972,50.7041],[-2.9971,50.7041],[-2.9969,50.7041],[-2.9968,50.7042],[-2.9964,50.7044],[-2.9962,50.7047],[-2.9958,50.7048],[-2.9953,50.705],[-2.9945,50.7051],[-2.9936,50.7052],[-2.9934,50.7052],[-2.9921,50.7052],[-2.9915,50.7052],[-2.9911,50.7052],[-2.9906,50.7051],[-2.99,50.7051],[-2.9894,50.705],[-2.9881,50.7048],[-2.9873,50.7048],[-2.9865,50.7047],[-2.9862,50.7047],[-2.9855,50.7047],[-2.9854,50.7046],[-2.9855,50.7045],[-2.9852,50.7044],[-2.9852,50.7043],[-2.9856,50.7044],[-2.9857,50.7043],[-2.9852,50.7042],[-2.9848,50.7043],[-2.9847,50.7043],[-2.9847,50.7042],[-2.9846,50.7042],[-2.984,50.7042],[-2.9831,50.7043],[-2.9824,50.7045],[-2.9818,50.7046],[-2.9812,50.7048],[-2.9808,50.705],[-2.9804,50.7052],[-2.9801,50.7053],[-2.9802,50.7055],[-2.98,50.7056],[-2.9798,50.7056],[-2.9795,50.7057],[-2.9793,50.7057],[-2.9791,50.7057],[-2.9788,50.7059],[-2.9785,50.706],[-2.978,50.7063],[-2.9776,50.7064],[-2.9775,50.7066],[-2.9775,50.7068],[-2.9774,50.7069],[-2.9773,50.7069],[-2.9773,50.707],[-2.9773,50.7071],[-2.9771,50.707],[-2.9771,50.7071],[-2.9769,50.7071],[-2.9769,50.7073],[-2.9767,50.7074],[-2.9766,50.7074],[-2.9765,50.7074],[-2.9765,50.7075],[-2.9763,50.7075],[-2.9762,50.7076],[-2.9761,50.7076],[-2.9759,50.7076],[-2.9758,50.7077],[-2.9758,50.7078],[-2.9757,50.7078],[-2.9756,50.7077],[-2.9756,50.7078],[-2.9755,50.7078],[-2.9752,50.7079],[-2.9751,50.7079],[-2.9747,50.708],[-2.9745,50.708],[-2.9741,50.708],[-2.9741,50.7081],[-2.9736,50.7081],[-2.9733,50.7082],[-2.9732,50.7082],[-2.9729,50.7082],[-2.9727,50.7082],[-2.9726,50.7083],[-2.9725,50.7083],[-2.9723,50.7083],[-2.9721,50.7083],[-2.9721,50.7084],[-2.9719,50.7084],[-2.9718,50.7084],[-2.9715,50.7084],[-2.9716,50.7085],[-2.9715,50.7085],[-2.9714,50.7085],[-2.9713,50.7086],[-2.9707,50.7088],[-2.9707,50.7089],[-2.9705,50.7089],[-2.9703,50.7089],[-2.9702,50.7088],[-2.9702,50.7089],[-2.9701,50.709],[-2.9701,50.7089],[-2.9699,50.7089],[-2.97,50.7091],[-2.9699,50.7091],[-2.9697,50.7091],[-2.9696,50.7091],[-2.9695,50.7092],[-2.9693,50.7093],[-2.9692,50.7094],[-2.9691,50.7097],[-2.9688,50.7097],[-2.9688,50.7098],[-2.9687,50.7099],[-2.9687,50.71],[-2.9686,50.7101],[-2.9686,50.7102],[-2.9685,50.7102],[-2.9684,50.7103],[-2.9683,50.7104],[-2.9682,50.7106],[-2.9679,50.7106],[-2.968,50.7108],[-2.9679,50.7108],[-2.9679,50.7109],[-2.9678,50.711],[-2.9677,50.7112],[-2.9678,50.7114],[-2.9677,50.7114],[-2.9676,50.7114],[-2.9676,50.7115],[-2.9673,50.7116],[-2.9675,50.7117],[-2.9671,50.7118],[-2.9673,50.7119],[-2.9672,50.7119],[-2.9671,50.7119],[-2.967,50.7121],[-2.9669,50.7122],[-2.967,50.7124],[-2.9669,50.7124],[-2.9668,50.7126],[-2.9663,50.7128],[-2.9656,50.7128],[-2.9652,50.7128],[-2.9645,50.7129],[-2.964,50.7129],[-2.964,50.7128],[-2.964,50.7127],[-2.9639,50.7127],[-2.9638,50.7127],[-2.9636,50.7127],[-2.9635,50.7126],[-2.9634,50.7126],[-2.9628,50.7126],[-2.9624,50.7126],[-2.9619,50.7126],[-2.9616,50.7126],[-2.9616,50.7125],[-2.9611,50.7124],[-2.9606,50.7123],[-2.9604,50.7123],[-2.9602,50.7123],[-2.9597,50.7123],[-2.9593,50.7123],[-2.959,50.7123],[-2.9585,50.7121],[-2.9584,50.7121],[-2.9586,50.7125],[-2.9584,50.7124],[-2.9582,50.7123],[-2.9578,50.712],[-2.958,50.7124],[-2.9578,50.7122],[-2.9576,50.7121],[-2.9574,50.712],[-2.9573,50.712],[-2.9574,50.7121],[-2.9571,50.7122],[-2.9569,50.7121],[-2.9568,50.7122],[-2.9567,50.7122],[-2.9567,50.7123],[-2.9565,50.7123],[-2.9565,50.7124],[-2.9564,50.7125],[-2.9562,50.7124],[-2.9564,50.7127],[-2.9564,50.7128],[-2.9561,50.7126],[-2.956,50.7127],[-2.9561,50.7129],[-2.9561,50.713],[-2.9559,50.7129],[-2.9554,50.7125],[-2.9553,50.7125],[-2.9556,50.7129],[-2.9557,50.7131],[-2.9553,50.7132],[-2.9551,50.7133],[-2.955,50.7133],[-2.9548,50.7134],[-2.9546,50.7134],[-2.9538,50.7136],[-2.9538,50.7135],[-2.9539,50.7134],[-2.9539,50.7133],[-2.9539,50.7132],[-2.9539,50.7131],[-2.9538,50.713],[-2.9537,50.7132],[-2.9536,50.7133],[-2.9535,50.7133],[-2.9536,50.7136],[-2.9533,50.7136],[-2.9531,50.7134],[-2.9533,50.7134],[-2.9533,50.7133],[-2.9532,50.713],[-2.9531,50.713],[-2.9531,50.7132],[-2.9529,50.7134],[-2.9528,50.7137],[-2.9526,50.714],[-2.9525,50.714],[-2.9525,50.7141],[-2.9524,50.7141],[-2.9522,50.7143],[-2.9521,50.7146],[-2.9519,50.7147],[-2.9518,50.7146],[-2.9519,50.7145],[-2.952,50.7144],[-2.952,50.7143],[-2.9521,50.7142],[-2.9523,50.7139],[-2.9522,50.7139],[-2.9521,50.7141],[-2.952,50.7142],[-2.9519,50.7143],[-2.9519,50.7144],[-2.9518,50.7144],[-2.9518,50.7145],[-2.9517,50.7145],[-2.9516,50.7145],[-2.9516,50.7146],[-2.9514,50.7147],[-2.9513,50.7148],[-2.9513,50.7149],[-2.9512,50.7149],[-2.9512,50.715],[-2.951,50.7151],[-2.9507,50.7152],[-2.9506,50.7152],[-2.9506,50.7153],[-2.9504,50.7154],[-2.9495,50.7156],[-2.9496,50.7157],[-2.9501,50.7155],[-2.9508,50.7153],[-2.9504,50.7155],[-2.9499,50.7157],[-2.9495,50.7157],[-2.9493,50.7157],[-2.9494,50.7158],[-2.9495,50.7159],[-2.9496,50.7159],[-2.95,50.7158],[-2.9501,50.7158],[-2.9498,50.7159],[-2.9495,50.7161],[-2.9497,50.7162],[-2.9501,50.716],[-2.9502,50.7161],[-2.9499,50.7162],[-2.9496,50.7163],[-2.9495,50.7165],[-2.9493,50.7166],[-2.9494,50.7166],[-2.9492,50.7164],[-2.9494,50.7163],[-2.9492,50.7162],[-2.949,50.7163],[-2.949,50.7162],[-2.9492,50.7161],[-2.9493,50.716],[-2.949,50.7161],[-2.9492,50.7159],[-2.949,50.716],[-2.9484,50.7163],[-2.9477,50.7165],[-2.9481,50.7165],[-2.9479,50.7166],[-2.948,50.7167],[-2.9479,50.7168],[-2.9469,50.7172],[-2.9466,50.7174],[-2.9468,50.7176],[-2.9469,50.7177],[-2.947,50.7177],[-2.947,50.7178],[-2.9471,50.7178],[-2.9471,50.7179],[-2.9473,50.718],[-2.9471,50.7181],[-2.9468,50.7181],[-2.9467,50.7182],[-2.9465,50.7183],[-2.9464,50.7183],[-2.9461,50.7184],[-2.9458,50.7185],[-2.9452,50.7186],[-2.945,50.7187],[-2.9448,50.7187],[-2.9448,50.7186],[-2.9449,50.7185],[-2.9452,50.7183],[-2.9453,50.7181],[-2.9452,50.718],[-2.945,50.7182],[-2.9447,50.7185],[-2.9446,50.7186],[-2.9442,50.7187],[-2.9441,50.7186],[-2.944,50.7185],[-2.944,50.7186],[-2.9438,50.7186],[-2.9437,50.7188],[-2.9436,50.7188],[-2.9433,50.719],[-2.9431,50.719],[-2.9427,50.7191],[-2.9426,50.7191],[-2.9422,50.7192],[-2.9419,50.7193],[-2.9417,50.7193],[-2.9414,50.7194],[-2.9408,50.7196],[-2.94,50.7197],[-2.939,50.7195],[-2.9388,50.7194],[-2.9386,50.7192],[-2.9382,50.7188],[-2.9381,50.7188],[-2.9379,50.7188],[-2.9377,50.7189],[-2.9373,50.7191]],[[-2.9543,50.7184],[-2.9542,50.7185],[-2.954,50.7185],[-2.9541,50.7184],[-2.9543,50.7184]],[[-2.9498,50.721],[-2.9501,50.7208],[-2.9503,50.7209],[-2.9499,50.721],[-2.9498,50.721]]]},"properties":{"mtype":"SAC","name":"Sidmouth to West Bay","code":"UK0019864"}},
{"type":"Feature","geometry":{"type":"Polygon","coordinates":[[[-2.7729,50.7125],[-2.7722,50.7124],[-2.772,50.7123],[-2.7719,50.7122],[-2.7717,50.7121],[-2.7715,50.7121],[-2.7713,50.7119],[-2.771,50.7118],[-2.7711,50.7116],[-2.771,50.7115],[-2.7707,50.712],[-2.7712,50.7122],[-2.7721,50.7126],[-2.7719,50.7125],[-2.7706,50.712],[-2.7708,50.7126],[-2.7706,50.7127],[-2.7709,50.7129],[-2.7712,50.7129],[-2.7718,50.713],[-2.7719,50.7132],[-2.7722,50.7133],[-2.7731,50.7137],[-2.7734,50.7138],[-2.774,50.7138],[-2.7743,50.7138],[-2.7748,50.714],[-2.775,50.7141],[-2.7753,50.7142],[-2.7756,50.7144],[-2.7758,50.7145],[-2.7758,50.7148],[-2.7757,50.7154],[-2.7756,50.7155],[-2.7762,50.7155],[-2.7766,50.7155],[-2.777,50.7156],[-2.7772,50.7157],[-2.7785,50.7158],[-2.7787,50.7163],[-2.7801,50.7161],[-2.7807,50.7162],[-2.7819,50.7163],[-2.783,50.7165],[-2.783,50.7167],[-2.783,50.7172],[-2.783,50.7174],[-2.783,50.7179],[-2.7831,50.7179],[-2.7834,50.7179],[-2.7833,50.7177],[-2.7833,50.7168],[-2.7835,50.7164],[-2.7834,50.7162],[-2.7836,50.7162],[-2.7842,50.7164],[-2.7844,50.7164],[-2.7843,50.7167],[-2.7852,50.7169],[-2.7857,50.7175],[-2.7866,50.7175],[-2.7869,50.7175],[-2.7874,50.7176],[-2.7878,50.7177],[-2.7881,50.7177],[-2.7884,50.7178],[-2.7889,50.7181],[-2.7898,50.7184],[-2.7903,50.7185],[-2.7906,50.7186],[-2.7913,50.7189],[-2.7915,50.719],[-2.7919,50.719],[-2.7924,50.719],[-2.793,50.7191],[-2.7935,50.7193],[-2.7941,50.7193],[-2.7951,50.7193],[-2.7955,50.7192],[-2.7959,50.7192],[-2.7963,50.7191],[-2.7965,50.7191],[-2.7968,50.7191],[-2.797,50.7191],[-2.7972,50.7191],[-2.7976,50.7191],[-2.7982,50.7192],[-2.7985,50.7193],[-2.7996,50.7196],[-2.8001,50.7196],[-2.8004,50.7197],[-2.8006,50.7198],[-2.8009,50.7199],[-2.8013,50.7199],[-2.8015,50.7199],[-2.802,50.7199],[-2.8026,50.72],[-2.803,50.7201],[-2.8035,50.7202],[-2.8039,50.7203],[-2.8044,50.7203],[-2.8048,50.7203],[-2.8053,50.7202],[-2.8068,50.72],[-2.807,50.72],[-2.8077,50.7197],[-2.8085,50.7198],[-2.8088,50.72],[-2.8092,50.72],[-2.8094,50.7199],[-2.8097,50.7198],[-2.81,50.7195],[-2.8103,50.7193],[-2.81,50.7192],[-2.8104,50.7191],[-2.8109,50.719],[-2.8114,50.7189],[-2.8119,50.7189],[-2.8119,50.7192],[-2.812,50.7196],[-2.812,50.7199],[-2.8122,50.7199],[-2.8129,50.72],[-2.8133,50.7201],[-2.8138,50.7203],[-2.8141,50.7202],[-2.8144,50.7204],[-2.8148,50.7206],[-2.8151,50.7207],[-2.8153,50.7207],[-2.8163,50.7209],[-2.817,50.721],[-2.8172,50.7211],[-2.8175,50.7211],[-2.8181,50.7212],[-2.8187,50.7213],[-2.8199,50.7216],[-2.8202,50.7217],[-2.8208,50.7217],[-2.8217,50.7219],[-2.8218,50.7218],[-2.8226,50.722],[-2.8228,50.7221],[-2.8231,50.722],[-2.8234,50.7221],[-2.8236,50.7222],[-2.8236,50.7223],[-2.824,50.7225],[-2.8242,50.7228],[-2.8243,50.7229],[-2.8246,50.7229],[-2.8247,50.7229],[-2.8251,50.723],[-2.8253,50.723],[-2.8257,50.7231],[-2.8259,50.7232],[-2.8261,50.7232],[-2.8264,50.7232],[-2.8266,50.7232],[-2.8268,50.7233],[-2.8272,50.7234],[-2.8277,50.7238],[-2.828,50.7239],[-2.8282,50.7239],[-2.8284,50.7241],[-2.8284,50.7242],[-2.828,50.7245],[-2.8304,50.7254],[-2.8311,50.7257],[-2.8314,50.7256],[-2.8317,50.7253],[-2.8319,50.7251],[-2.8322,50.7249],[-2.8323,50.7247],[-2.8326,50.7245],[-2.8328,50.7244],[-2.8337,50.7247],[-2.8346,50.7249],[-2.8347,50.725],[-2.8349,50.7252],[-2.8354,50.7253],[-2.8356,50.7253],[-2.836,50.7251],[-2.8363,50.7253],[-2.8364,50.7254],[-2.8366,50.7259],[-2.8367,50.7261],[-2.8373,50.726],[-2.8375,50.726],[-2.8381,50.7262],[-2.8386,50.7264],[-2.8393,50.7267],[-2.8394,50.7267],[-2.8395,50.7264],[-2.8404,50.7269],[-2.8408,50.7271],[-2.8412,50.7273],[-2.8413,50.7277],[-2.8422,50.7277],[-2.843,50.7276],[-2.8436,50.7274],[-2.8441,50.7278],[-2.8444,50.7275],[-2.8449,50.727],[-2.8455,50.7266],[-2.8457,50.7265],[-2.846,50.7261],[-2.8461,50.7259],[-2.8465,50.726],[-2.8476,50.7261],[-2.8479,50.7262],[-2.8482,50.7262],[-2.8484,50.7263],[-2.8489,50.7268],[-2.8492,50.7273],[-2.8493,50.7275],[-2.8497,50.7274],[-2.8501,50.7274],[-2.8505,50.7277],[-2.8508,50.7278],[-2.8512,50.7281],[-2.8515,50.728],[-2.852,50.7278],[-2.8527,50.728],[-2.8528,50.728],[-2.853,50.7278],[-2.8533,50.7277],[-2.8533,50.7279],[-2.8534,50.728],[-2.8537,50.7281],[-2.8558,50.7283],[-2.8562,50.7283],[-2.8569,50.7286],[-2.8574,50.7287],[-2.8579,50.7288],[-2.858,50.7289],[-2.8583,50.7289],[-2.8584,50.729],[-2.8589,50.7294],[-2.8593,50.7297],[-2.8596,50.7298],[-2.8599,50.7299],[-2.8602,50.7301],[-2.8606,50.7304],[-2.8608,50.7305],[-2.8614,50.7307],[-2.8621,50.7307],[-2.8625,50.7306],[-2.8627,50.7305],[-2.863,50.7302],[-2.8635,50.7299],[-2.8635,50.73],[-2.864,50.73],[-2.8661,50.7296],[-2.8666,50.7295],[-2.8669,50.7295],[-2.8671,50.7294],[-2.8675,50.7295],[-2.8679,50.7297],[-2.8683,50.73],[-2.8686,50.7303],[-2.8689,50.7304],[-2.8694,50.7304],[-2.8697,50.7304],[-2.8703,50.7302],[-2.8709,50.7302],[-2.8712,50.7302],[-2.8727,50.7305],[-2.8731,50.7307],[-2.8738,50.731],[-2.8744,50.731],[-2.8749,50.731],[-2.876,50.7314],[-2.8767,50.7316],[-2.877,50.7317],[-2.8781,50.7327],[-2.8784,50.7328],[-2.8784,50.733],[-2.8786,50.7332],[-2.8788,50.7333],[-2.8794,50.7332],[-2.8799,50.7336],[-2.8801,50.7335],[-2.8804,50.7334],[-2.881,50.7337],[-2.8817,50.7339],[-2.8818,50.734],[-2.8823,50.7341],[-2.8826,50.7342],[-2.8838,50.7343],[-2.884,50.7342],[-2.8847,50.7343],[-2.8854,50.7344],[-2.886,50.7344],[-2.8863,50.7343],[-2.8867,50.7341],[-2.8884,50.7339],[-2.8904,50.7337],[-2.8904,50.7336],[-2.8911,50.7337],[-2.8918,50.7337],[-2.8924,50.7336],[-2.8927,50.7335],[-2.8931,50.7335],[-2.8935,50.7335],[-2.8938,50.7335],[-2.8941,50.7336],[-2.8944,50.7335],[-2.8952,50.7335],[-2.8958,50.7336],[-2.8972,50.7337],[-2.8974,50.7338],[-2.8978,50.734],[-2.8984,50.7343],[-2.8985,50.7342],[-2.8989,50.7342],[-2.899,50.7342],[-2.8994,50.7343],[-2.8996,50.7342],[-2.9,50.7339],[-2.9007,50.7343],[-2.901,50.7344],[-2.9011,50.7343],[-2.9013,50.7338],[-2.9013,50.7336],[-2.9006,50.7336],[-2.9005,50.7334],[-2.9005,50.7332],[-2.9014,50.7333],[-2.9016,50.7333],[-2.9023,50.7333],[-2.9029,50.7334],[-2.9029,50.7335],[-2.9029,50.7338],[-2.9039,50.734],[-2.9045,50.7341],[-2.9055,50.7344],[-2.9055,50.7345],[-2.9059,50.7347],[-2.9065,50.7349],[-2.9068,50.735],[-2.9072,50.7349],[-2.9081,50.7348],[-2.9083,50.7349],[-2.9094,50.7355],[-2.9094,50.7354],[-2.9107,50.7357],[-2.9112,50.7359],[-2.9112,50.7356],[-2.9111,50.7351],[-2.9116,50.7352],[-2.9118,50.7353],[-2.9119,50.7355],[-2.912,50.7357],[-2.9128,50.7358],[-2.9124,50.7359],[-2.912,50.7361],[-2.912,50.7363],[-2.912,50.7365],[-2.9121,50.7366],[-2.9124,50.7368],[-2.9129,50.7366],[-2.9131,50.7366],[-2.9134,50.7365],[-2.9136,50.7366],[-2.9141,50.7366],[-2.9154,50.7368],[-2.9163,50.7367],[-2.9173,50.7364],[-2.9181,50.7364],[-2.9195,50.7364],[-2.9198,50.7364],[-2.9202,50.7364],[-2.9208,50.7366],[-2.922,50.7368],[-2.923,50.7369],[-2.9237,50.7368],[-2.9238,50.7368],[-2.9246,50.7367],[-2.9254,50.7365],[-2.9252,50.7361],[-2.9251,50.7357],[-2.9255,50.7356],[-2.9266,50.7352],[-2.9271,50.735],[-2.9273,50.7348],[-2.9277,50.7346],[-2.9279,50.7346],[-2.9284,50.7344],[-2.929,50.7342],[-2.9302,50.7341],[-2.9305,50.7341],[-2.9304,50.7337],[-2.9302,50.7333],[-2.9302,50.7329],[-2.9302,50.7328],[-2.9303,50.7326],[-2.9304,50.7323],[-2.9302,50.7321],[-2.9301,50.7318],[-2.9299,50.7316],[-2.9292,50.7318],[-2.929,50.7318],[-2.9285,50.7317],[-2.928,50.7317],[-2.9278,50.7313],[-2.9278,50.7309],[-2.9286,50.7309],[-2.9286,50.7299],[-2.9285,50.7296],[-2.9285,50.7293],[-2.9286,50.7292],[-2.9289,50.729],[-2.9295,50.729],[-2.9295,50.7288],[-2.9302,50.7286],[-2.93,50.7284],[-2.9298,50.7281],[-2.93,50.7279],[-2.9298,50.7277],[-2.9298,50.7276],[-2.93,50.7275],[-2.93,50.7273],[-2.9302,50.7272],[-2.9301,50.7271],[-2.9303,50.727],[-2.9303,50.7269],[-2.9305,50.7268],[-2.9306,50.7266],[-2.9306,50.7265],[-2.9307,50.7264],[-2.9308,50.7262],[-2.9309,50.7261],[-2.9309,50.7259],[-2.931,50.7257],[-2.931,50.7256],[-2.9311,50.7255],[-2.9315,50.7252],[-2.931,50.7253],[-2.9301,50.7253],[-2.9301,50.725],[-2.9304,50.725],[-2.9309,50.725],[-2.931,50.7249],[-2.931,50.7246],[-2.9309,50.7245],[-2.9309,50.724],[-2.9307,50.724],[-2.9306,50.7242],[-2.9306,50.7243],[-2.9305,50.7245],[-2.9304,50.7247],[-2.9303,50.7248],[-2.9301,50.7248],[-2.93,50.7244],[-2.9299,50.7246],[-2.9297,50.7246],[-2.9298,50.7244],[-2.9298,50.7242],[-2.9297,50.7241],[-2.9297,50.7238],[-2.9296,50.7237],[-2.9291,50.7238],[-2.9291,50.7237],[-2.9294,50.7236],[-2.9292,50.7235],[-2.9285,50.7237],[-2.9284,50.7237],[-2.9278,50.7239],[-2.9277,50.7239],[-2.9277,50.724],[-2.9276,50.724],[-2.9275,50.724],[-2.9275,50.7241],[-2.9275,50.7242],[-2.9276,50.7245],[-2.9276,50.7246],[-2.9276,50.7247],[-2.9275,50.7248],[-2.9276,50.7249],[-2.9277,50.725],[-2.9279,50.7253],[-2.928,50.7254],[-2.9281,50.7255],[-2.9283,50.7254],[-2.9284,50.7254],[-2.9285,50.7255],[-2.9286,50.7257],[-2.9288,50.726],[-2.9287,50.7262],[-2.9285,50.7263],[-2.9284,50.7263],[-2.9283,50.726],[-2.9282,50.726],[-2.9281,50.7258],[-2.9278,50.7258],[-2.9277,50.7257],[-2.9277,50.7255],[-2.9275,50.7255],[-2.9274,50.7256],[-2.9275,50.7258],[-2.9276,50.7258],[-2.9278,50.726],[-2.928,50.7262],[-2.9281,50.7264],[-2.928,50.7267],[-2.928,50.7269],[-2.9278,50.727],[-2.9278,50.7271],[-2.928,50.7271],[-2.9281,50.727],[-2.9284,50.7269],[-2.9284,50.7268],[-2.9283,50.7268],[-2.9281,50.7269],[-2.9281,50.727],[-2.9281,50.7269],[-2.9281,50.7268],[-2.9282,50.7268],[-2.9282,50.7267],[-2.9283,50.7266],[-2.9284,50.7265],[-2.9286,50.7264],[-2.9287,50.7264],[-2.9287,50.7268],[-2.9286,50.7269],[-2.928,50.7272],[-2.9279,50.7272],[-2.9277,50.7273],[-2.9276,50.7273],[-2.9274,50.7274],[-2.9275,50.7275],[-2.9272,50.7276],[-2.927,50.7277],[-2.927,50.7278],[-2.9266,50.7281],[-2.9264,50.7283],[-2.9266,50.7283],[-2.9268,50.7282],[-2.9268,50.7281],[-2.9271,50.728],[-2.9275,50.7277],[-2.9275,50.7276],[-2.9276,50.7276],[-2.9277,50.7276],[-2.9281,50.7275],[-2.9283,50.7274],[-2.9285,50.7274],[-2.928,50.7277],[-2.9282,50.7278],[-2.9276,50.728],[-2.9278,50.7281],[-2.9281,50.7281],[-2.9279,50.7283],[-2.928,50.7283],[-2.9276,50.7285],[-2.9266,50.7291],[-2.9261,50.7294],[-2.9257,50.7295],[-2.9254,50.7296],[-2.9251,50.7296],[-2.9246,50.7295],[-2.9246,50.7298],[-2.9244,50.7299],[-2.9244,50.7298],[-2.9239,50.7299],[-2.924,50.7297],[-2.9241,50.7296],[-2.9239,50.7297],[-2.9236,50.7299],[-2.9233,50.73],[-2.9233,50.7301],[-2.9231,50.7303],[-2.9229,50.7304],[-2.9226,50.7306],[-2.9224,50.7307],[-2.9224,50.7306],[-2.9221,50.7307],[-2.9227,50.7302],[-2.9234,50.7298],[-2.9237,50.7296],[-2.9239,50.7294],[-2.924,50.7294],[-2.924,50.7293],[-2.9239,50.7293],[-2.9235,50.7297],[-2.9227,50.7301],[-2.9224,50.7304],[-2.9217,50.731],[-2.9215,50.731],[-2.9218,50.7307],[-2.9216,50.7307],[-2.9215,50.7308],[-2.9215,50.7309],[-2.9213,50.7311],[-2.9211,50.7311],[-2.9208,50.7313],[-2.9207,50.7314],[-2.9201,50.7316],[-2.9201,50.7315],[-2.9198,50.7317],[-2.92,50.7315],[-2.9196,50.7316],[-2.9197,50.7315],[-2.9205,50.731],[-2.921,50.7307],[-2.9213,50.7305],[-2.9213,50.7304],[-2.9211,50.7304],[-2.921,50.7306],[-2.9207,50.7307],[-2.9204,50.7309],[-2.9194,50.7314],[-2.9191,50.7316],[-2.9194,50.7313],[-2.9192,50.7313],[-2.9189,50.7316],[-2.9188,50.7316],[-2.9185,50.7317],[-2.9174,50.7318],[-2.9174,50.7317],[-2.9172,50.7318],[-2.9171,50.7318],[-2.9171,50.7316],[-2.9169,50.7316],[-2.9169,50.7319],[-2.9169,50.7317],[-2.9168,50.7317],[-2.9167,50.7317],[-2.9166,50.7319],[-2.9164,50.7319],[-2.9162,50.732],[-2.9159,50.7321],[-2.9158,50.732],[-2.9157,50.7321],[-2.9155,50.7322],[-2.9153,50.7322],[-2.9151,50.7322],[-2.9145,50.7321],[-2.9143,50.7321],[-2.9139,50.7321],[-2.9137,50.7321],[-2.9136,50.7321],[-2.9135,50.7322],[-2.9132,50.7322],[-2.9131,50.7323],[-2.913,50.7324],[-2.9129,50.7325],[-2.9128,50.7327],[-2.9127,50.7329],[-2.9126,50.733],[-2.9113,50.7329],[-2.9112,50.7329],[-2.911,50.7326],[-2.9108,50.7326],[-2.9107,50.7326],[-2.9107,50.7328],[-2.9104,50.7329],[-2.91,50.7332],[-2.9096,50.7333],[-2.9095,50.7332],[-2.9094,50.7332],[-2.9093,50.7331],[-2.9097,50.7328],[-2.9099,50.7326],[-2.9097,50.7326],[-2.9094,50.7329],[-2.9094,50.7327],[-2.9098,50.7324],[-2.9095,50.7324],[-2.9092,50.7327],[-2.9091,50.7327],[-2.9092,50.7326],[-2.909,50.7326],[-2.9089,50.7327],[-2.909,50.7328],[-2.909,50.7329],[-2.9089,50.7329],[-2.9087,50.7331],[-2.9087,50.7329],[-2.9084,50.7329],[-2.9082,50.7331],[-2.9082,50.7332],[-2.9077,50.7331],[-2.9078,50.7329],[-2.9077,50.7328],[-2.9076,50.7329],[-2.9076,50.733],[-2.9075,50.7331],[-2.9072,50.7331],[-2.9073,50.7329],[-2.9074,50.7328],[-2.9075,50.7327],[-2.9074,50.7327],[-2.9073,50.7328],[-2.907,50.733],[-2.9068,50.7331],[-2.9067,50.733],[-2.9068,50.7328],[-2.9066,50.733],[-2.9061,50.733],[-2.906,50.7329],[-2.906,50.7328],[-2.9061,50.7328],[-2.9063,50.7327],[-2.9063,50.7326],[-2.9061,50.7327],[-2.9059,50.7328],[-2.9058,50.733],[-2.9055,50.7331],[-2.9052,50.733],[-2.9053,50.7329],[-2.9054,50.7327],[-2.9053,50.7327],[-2.9051,50.733],[-2.905,50.733],[-2.9049,50.7331],[-2.9048,50.7331],[-2.9048,50.733],[-2.9046,50.733],[-2.9045,50.733],[-2.9038,50.733],[-2.9035,50.733],[-2.9031,50.7329],[-2.9027,50.7327],[-2.9024,50.7326],[-2.9022,50.7328],[-2.902,50.733],[-2.9019,50.733],[-2.9011,50.733],[-2.9006,50.733],[-2.9003,50.733],[-2.9001,50.7332],[-2.9001,50.7334],[-2.9,50.7337],[-2.8998,50.7338],[-2.8997,50.734],[-2.8994,50.7343],[-2.8991,50.7342],[-2.8992,50.7339],[-2.8994,50.7337],[-2.8999,50.7335],[-2.9,50.7334],[-2.9,50.7332],[-2.9001,50.733],[-2.9004,50.7329],[-2.9008,50.7329],[-2.9016,50.7329],[-2.9017,50.7328],[-2.9017,50.7327],[-2.9017,50.7325],[-2.9009,50.7325],[-2.9003,50.7324],[-2.8999,50.7324],[-2.8997,50.7324],[-2.8994,50.7324],[-2.8991,50.7325],[-2.8986,50.7325],[-2.8985,50.7325],[-2.8978,50.7323],[-2.8976,50.7323],[-2.8974,50.7323],[-2.8973,50.7323],[-2.8972,50.7323],[-2.897,50.7324],[-2.8967,50.7324],[-2.8965,50.7324],[-2.8959,50.7324],[-2.8958,50.7324],[-2.8957,50.7324],[-2.8956,50.7323],[-2.8955,50.7323],[-2.8948,50.7322],[-2.8947,50.7322],[-2.8946,50.7322],[-2.8943,50.7322],[-2.8942,50.7322],[-2.894,50.7322],[-2.8932,50.7321],[-2.893,50.7321],[-2.8921,50.732],[-2.8916,50.7319],[-2.891,50.7319],[-2.8901,50.7318],[-2.8891,50.7317],[-2.8885,50.7317],[-2.8872,50.7314],[-2.8866,50.7313],[-2.8862,50.7312],[-2.8856,50.7312],[-2.885,50.7311],[-2.8846,50.7309],[-2.8842,50.7307],[-2.8837,50.7307],[-2.8833,50.7307],[-2.883,50.7308],[-2.8823,50.7307],[-2.8806,50.7305],[-2.8784,50.7302],[-2.8774,50.73],[-2.8759,50.7297],[-2.8746,50.7295],[-2.8744,50.7294],[-2.8739,50.7293],[-2.8734,50.7292],[-2.873,50.7289],[-2.8729,50.7289],[-2.8725,50.7288],[-2.8722,50.7287],[-2.8717,50.7285],[-2.8714,50.7285],[-2.8713,50.7285],[-2.8712,50.7285],[-2.8711,50.7285],[-2.871,50.7285],[-2.8709,50.7285],[-2.8708,50.7285],[-2.8704,50.7285],[-2.8703,50.7285],[-2.8702,50.7285],[-2.8701,50.7285],[-2.8699,50.7285],[-2.8698,50.7285],[-2.8697,50.7285],[-2.8693,50.7285],[-2.8679,50.7283],[-2.8659,50.728],[-2.8646,50.7277],[-2.8637,50.7276],[-2.8633,50.7275],[-2.8626,50.7274],[-2.8619,50.7273],[-2.8614,50.7272],[-2.8605,50.727],[-2.8592,50.7266],[-2.8587,50.7265],[-2.858,50.7263],[-2.8574,50.7262],[-2.8576,50.7261],[-2.8578,50.726],[-2.8575,50.726],[-2.8573,50.7261],[-2.8574,50.7261],[-2.857,50.7261],[-2.8566,50.726],[-2.8546,50.7255],[-2.8518,50.7248],[-2.8514,50.7248],[-2.85,50.7243],[-2.8491,50.7241],[-2.8475,50.7237],[-2.8473,50.7234],[-2.8472,50.7233],[-2.8467,50.7231],[-2.8467,50.7232],[-2.847,50.7234],[-2.8467,50.7234],[-2.8465,50.7233],[-2.8465,50.7232],[-2.8464,50.7231],[-2.8464,50.723],[-2.8463,50.723],[-2.8459,50.7229],[-2.8457,50.7229],[-2.8453,50.7228],[-2.8452,50.7228],[-2.8451,50.723],[-2.8453,50.723],[-2.8453,50.7231],[-2.8454,50.7231],[-2.8451,50.723],[-2.8447,50.723],[-2.844,50.7228],[-2.8438,50.7228],[-2.8432,50.7226],[-2.8432,50.7225],[-2.8436,50.7226],[-2.8438,50.7227],[-2.8441,50.7228],[-2.8443,50.7227],[-2.8442,50.7227],[-2.8442,50.7226],[-2.8441,50.7225],[-2.8444,50.7224],[-2.8444,50.7223],[-2.8443,50.7223],[-2.8439,50.7222],[-2.8438,50.7222],[-2.8439,50.722],[-2.8441,50.722],[-2.8444,50.722],[-2.8443,50.7219],[-2.8441,50.7219],[-2.8438,50.7219],[-2.8437,50.722],[-2.8437,50.7222],[-2.8434,50.7223],[-2.8431,50.7223],[-2.8427,50.7222],[-2.8422,50.7219],[-2.842,50.7219],[-2.8415,50.7219],[-2.8413,50.722],[-2.841,50.7222],[-2.8406,50.7223],[-2.8405,50.7223],[-2.8404,50.7223],[-2.8404,50.7221],[-2.8403,50.7221],[-2.8402,50.7222],[-2.8399,50.7222],[-2.8398,50.7223],[-2.8398,50.7224],[-2.8397,50.7225],[-2.8395,50.7225],[-2.8393,50.7226],[-2.8392,50.7227],[-2.8389,50.7227],[-2.8387,50.7227],[-2.8383,50.7229],[-2.838,50.723],[-2.8377,50.7232],[-2.8373,50.7234],[-2.8372,50.7234],[-2.8367,50.7233],[-2.8344,50.7232],[-2.834,50.7231],[-2.8335,50.7231],[-2.8328,50.723],[-2.8322,50.723],[-2.8319,50.723],[-2.8305,50.7228],[-2.8296,50.7226],[-2.8287,50.7225],[-2.8281,50.7225],[-2.8275,50.7224],[-2.8271,50.7223],[-2.8268,50.7223],[-2.8263,50.7222],[-2.8253,50.7221],[-2.8247,50.7219],[-2.8235,50.7216],[-2.823,50.7214],[-2.8229,50.7214],[-2.8222,50.7212],[-2.8203,50.7208],[-2.8198,50.7207],[-2.8187,50.7204],[-2.8182,50.7202],[-2.8166,50.7196],[-2.8162,50.7194],[-2.8151,50.7188],[-2.8147,50.7185],[-2.8143,50.7184],[-2.8133,50.718],[-2.8127,50.7179],[-2.8124,50.7177],[-2.8125,50.7176],[-2.8128,50.7175],[-2.8126,50.7174],[-2.812,50.7174],[-2.8114,50.7174],[-2.8113,50.7173],[-2.8114,50.7173],[-2.8112,50.7172],[-2.811,50.7173],[-2.8104,50.7176],[-2.8099,50.7178],[-2.8093,50.7178],[-2.8092,50.7179],[-2.8091,50.718],[-2.8086,50.7179],[-2.8082,50.718],[-2.808,50.7181],[-2.8074,50.7184],[-2.8071,50.7184],[-2.8069,50.7184],[-2.8067,50.7185],[-2.8062,50.7184],[-2.8058,50.7184],[-2.8056,50.7185],[-2.8055,50.7185],[-2.8055,50.7186],[-2.805,50.7186],[-2.8049,50.7186],[-2.8049,50.7185],[-2.8049,50.7184],[-2.8044,50.7184],[-2.8041,50.7184],[-2.8038,50.7183],[-2.8034,50.7182],[-2.803,50.718],[-2.8025,50.7179],[-2.8014,50.7176],[-2.8013,50.7175],[-2.8014,50.7173],[-2.8012,50.7173],[-2.801,50.7175],[-2.8009,50.7175],[-2.8005,50.7174],[-2.8006,50.7172],[-2.8003,50.7173],[-2.7987,50.7174],[-2.7984,50.7175],[-2.7981,50.7175],[-2.7978,50.7175],[-2.7971,50.7176],[-2.7969,50.7175],[-2.7968,50.7174],[-2.7969,50.7173],[-2.7969,50.7172],[-2.7968,50.7171],[-2.7967,50.7171],[-2.7965,50.7172],[-2.7963,50.7174],[-2.7961,50.7175],[-2.7958,50.7176],[-2.7955,50.7177],[-2.795,50.7178],[-2.7946,50.7178],[-2.7938,50.7177],[-2.7935,50.7177],[-2.7923,50.7174],[-2.7917,50.7173],[-2.7903,50.7171],[-2.7898,50.7169],[-2.7891,50.7168],[-2.7876,50.7164],[-2.7871,50.7163],[-2.7865,50.7162],[-2.7858,50.7161],[-2.7857,50.7161],[-2.7856,50.716],[-2.7837,50.7157],[-2.783,50.7155],[-2.7826,50.7154],[-2.7822,50.7153],[-2.7817,50.7152],[-2.7806,50.715],[-2.7803,50.7149],[-2.7793,50.7147],[-2.7783,50.7143],[-2.7774,50.714],[-2.7768,50.7138],[-2.7762,50.7137],[-2.7747,50.7131],[-2.7743,50.713],[-2.774,50.7128],[-2.7737,50.7126],[-2.7735,50.7125],[-2.7733,50.7126],[-2.773,50.7125],[-2.7729,50.7125]]]},"properties":{"mtype":"SAC","name":"Sidmouth to West Bay","code":"UK0019864"}},
{"type":"Feature","geometry":{"type":"Polygon","coordinates":[[[-3.0836,50.7008],[-3.0836,50.701],[-3.084,50.7013],[-3.0844,50.7012],[-3.0847,50.7012],[-3.0851,50.7009],[-3.0852,50.7006],[-3.0851,50.7003],[-3.0853,50.6998],[-3.0859,50.6993],[-3.086,50.6993],[-3.0862,50.6991],[-3.0864,50.6987],[-3.0866,50.6985],[-3.0867,50.6982],[-3.0869,50.698],[-3.0871,50.6976],[-3.0874,50.6973],[-3.0879,50.6971],[-3.0884,50.6971],[-3.089,50.6971],[-3.0899,50.697],[-3.0906,50.6968],[-3.0909,50.6967],[-3.0915,50.6964],[-3.0918,50.6962],[-3.0922,50.696],[-3.0923,50.6958],[-3.0925,50.6957],[-3.0928,50.6956],[-3.0929,50.6954],[-3.0929,50.6952],[-3.0928,50.695],[-3.0928,50.6948],[-3.0926,50.6945],[-3.0926,50.6943],[-3.0928,50.6941],[-3.0928,50.6936],[-3.0929,50.6934],[-3.093,50.693],[-3.0932,50.6927],[-3.0932,50.6925],[-3.0931,50.6924],[-3.0931,50.6922],[-3.0932,50.692],[-3.0932,50.6919],[-3.0935,50.6914],[-3.0933,50.6912],[-3.0936,50.6911],[-3.0938,50.6909],[-3.0938,50.6906],[-3.094,50.6905],[-3.0946,50.6901],[-3.0949,50.69],[-3.0953,50.6895],[-3.0955,50.6892],[-3.0953,50.6889],[-3.0956,50.6885],[-3.0959,50.6882],[-3.0955,50.688],[-3.0957,50.6876],[-3.0958,50.6873],[-3.0959,50.6871],[-3.096,50.6869],[-3.0962,50.6867],[-3.0963,50.6865],[-3.0965,50.6862],[-3.0966,50.686],[-3.0966,50.6859],[-3.0965,50.6857],[-3.0972,50.6858],[-3.0974,50.6859],[-3.0978,50.686],[-3.0981,50.686],[-3.0983,50.6859],[-3.0986,50.6859],[-3.099,50.6862],[-3.0994,50.6864],[-3.0999,50.6864],[-3.1008,50.6866],[-3.1011,50.6867],[-3.1016,50.6867],[-3.1018,50.6868],[-3.1027,50.6872],[-3.1031,50.6874],[-3.1038,50.6875],[-3.1041,50.6875],[-3.1044,50.6875],[-3.1045,50.6876],[-3.1049,50.6876],[-3.1053,50.6875],[-3.1056,50.6875],[-3.1058,50.6876],[-3.1061,50.6876],[-3.1065,50.6875],[-3.1066,50.6873],[-3.1068,50.6873],[-3.107,50.6874],[-3.1078,50.6875],[-3.1085,50.6876],[-3.1091,50.6876],[-3.1096,50.6876],[-3.1098,50.6876],[-3.1101,50.6878],[-3.1105,50.6879],[-3.1109,50.6878],[-3.1111,50.6878],[-3.1119,50.6878],[-3.113,50.6878],[-3.1137,50.6879],[-3.1141,50.6881],[-3.1144,50.6883],[-3.115,50.6884],[-3.1155,50.6884],[-3.116,50.6884],[-3.1163,50.6885],[-3.1167,50.6884],[-3.1172,50.6883],[-3.1175,50.6883],[-3.1179,50.6881],[-3.1184,50.688],[-3.1187,50.688],[-3.1191,50.6879],[-3.1193,50.6878],[-3.1195,50.6878],[-3.1203,50.6875],[-3.1205,50.6874],[-3.1208,50.6874],[-3.121,50.6874],[-3.1213,50.6874],[-3.1216,50.6875],[-3.1219,50.6874],[-3.122,50.6875],[-3.1224,50.6876],[-3.1232,50.6879],[-3.1234,50.6878],[-3.1234,50.6877],[-3.1238,50.6875],[-3.1244,50.6874],[-3.125,50.6874],[-3.126,50.6876],[-3.1263,50.6876],[-3.1264,50.6876],[-3.1267,50.6877],[-3.1271,50.6878],[-3.127,50.6878],[-3.1272,50.688],[-3.1274,50.6882],[-3.1276,50.6883],[-3.128,50.6883],[-3.1282,50.6883],[-3.1286,50.6881],[-3.1291,50.6881],[-3.1293,50.688],[-3.1298,50.688],[-3.1303,50.6881],[-3.1308,50.6882],[-3.1318,50.6884],[-3.132,50.6882],[-3.1323,50.6882],[-3.1326,50.688],[-3.1328,50.688],[-3.133,50.688],[-3.1335,50.6881],[-3.1339,50.6881],[-3.1342,50.6879],[-3.1343,50.688],[-3.1343,50.6883],[-3.1344,50.6886],[-3.1348,50.6887],[-3.1355,50.6887],[-3.1359,50.6888],[-3.1363,50.6888],[-3.137,50.6886],[-3.1374,50.6885],[-3.1377,50.6884],[-3.1394,50.6882],[-3.1398,50.6882],[-3.1402,50.6882],[-3.1409,50.6884],[-3.1414,50.6884],[-3.1421,50.6883],[-3.1425,50.6883],[-3.1432,50.6884],[-3.1434,50.6885],[-3.1446,50.6886],[-3.1453,50.6886],[-3.1461,50.6887],[-3.1462,50.6889],[-3.1462,50.6891],[-3.1471,50.6892],[-3.1476,50.6895],[-3.1478,50.6896],[-3.1481,50.6898],[-3.1485,50.6897],[-3.1493,50.6897],[-3.1492,50.6896],[-3.149,50.6893],[-3.1488,50.6891],[-3.1486,50.6889],[-3.1482,50.6886],[-3.148,50.6882],[-3.1479,50.6878],[-3.1476,50.6873],[-3.1477,50.6873],[-3.1477,50.6871],[-3.148,50.6871],[-3.1487,50.687],[-3.1489,50.6871],[-3.1492,50.687],[-3.1496,50.6872],[-3.1506,50.6873],[-3.1513,50.6872],[-3.1523,50.6874],[-3.1524,50.6875],[-3.1528,50.6876],[-3.1531,50.6877],[-3.1536,50.6878],[-3.1539,50.6878],[-3.1541,50.6878],[-3.1544,50.688],[-3.1548,50.688],[-3.1557,50.6881],[-3.156,50.6882],[-3.1567,50.6881],[-3.1571,50.6881],[-3.1576,50.6881],[-3.1578,50.6881],[-3.1585,50.6881],[-3.1585,50.6884],[-3.1587,50.6885],[-3.1589,50.6885],[-3.1592,50.6886],[-3.1593,50.6885],[-3.1594,50.6883],[-3.1597,50.6883],[-3.1598,50.6884],[-3.1599,50.6882],[-3.1603,50.6882],[-3.1606,50.6883],[-3.1608,50.6883],[-3.1611,50.6882],[-3.1614,50.6883],[-3.1616,50.6883],[-3.1621,50.6883],[-3.1631,50.6882],[-3.1634,50.6882],[-3.1636,50.6887],[-3.1658,50.6887],[-3.1657,50.6881],[-3.1658,50.6881],[-3.1662,50.6882],[-3.1672,50.6883],[-3.1676,50.6884],[-3.1676,50.6881],[-3.1674,50.688],[-3.1672,50.6871],[-3.1673,50.6868],[-3.1676,50.6868],[-3.1679,50.6868],[-3.1681,50.6867],[-3.1683,50.6867],[-3.1686,50.6868],[-3.1689,50.6867],[-3.1693,50.6868],[-3.1695,50.6868],[-3.1698,50.6866],[-3.1701,50.6867],[-3.1705,50.6867],[-3.1708,50.6867],[-3.1712,50.6867],[-3.1718,50.6866],[-3.1719,50.6867],[-3.1722,50.6867],[-3.1725,50.6866],[-3.173,50.6868],[-3.1738,50.6867],[-3.174,50.6866],[-3.1744,50.6866],[-3.1747,50.6866],[-3.1749,50.6866],[-3.1756,50.6866],[-3.1758,50.6865],[-3.1763,50.6866],[-3.1766,50.6865],[-3.1768,50.6865],[-3.1772,50.6865],[-3.1774,50.6864],[-3.1777,50.6865],[-3.1781,50.6865],[-3.1786,50.6865],[-3.1794,50.6865],[-3.1798,50.6864],[-3.1801,50.6864],[-3.1804,50.6864],[-3.181,50.6863],[-3.1815,50.6862],[-3.1816,50.6862],[-3.1818,50.6862],[-3.182,50.6861],[-3.1822,50.6862],[-3.1827,50.686],[-3.183,50.686],[-3.1836,50.6859],[-3.1841,50.6859],[-3.1845,50.6859],[-3.1844,50.6862],[-3.1845,50.6863],[-3.1847,50.6866],[-3.1849,50.6868],[-3.1851,50.687],[-3.1851,50.6873],[-3.1855,50.6876],[-3.1857,50.6875],[-3.1855,50.6874],[-3.1854,50.6872],[-3.1855,50.6871],[-3.1855,50.6867],[-3.1853,50.6864],[-3.1853,50.6862],[-3.1854,50.6861],[-3.1853,50.6858],[-3.1854,50.6857],[-3.1857,50.6857],[-3.186,50.6856],[-3.1862,50.6858],[-3.1864,50.686],[-3.1867,50.686],[-3.1875,50.6865],[-3.1872,50.6868],[-3.1871,50.687],[-3.1869,50.687],[-3.187,50.6873],[-3.1869,50.6874],[-3.1864,50.6874],[-3.1862,50.6875],[-3.1863,50.6878],[-3.1865,50.688],[-3.1867,50.688],[-3.187,50.6881],[-3.1869,50.6884],[-3.1864,50.6885],[-3.1864,50.6886],[-3.1873,50.6891],[-3.187,50.6891],[-3.1868,50.6892],[-3.1866,50.6895],[-3.1867,50.6897],[-3.1869,50.6898],[-3.1871,50.6899],[-3.1872,50.6902],[-3.1873,50.6905],[-3.1874,50.6907],[-3.1884,50.6906],[-3.1882,50.69],[-3.188,50.6894],[-3.1887,50.6898],[-3.1891,50.6902],[-3.1895,50.6905],[-3.1901,50.691],[-3.1904,50.691],[-3.1906,50.6907],[-3.1905,50.6906],[-3.1905,50.6905],[-3.1906,50.6902],[-3.1905,50.6901],[-3.1906,50.6899],[-3.1905,50.6898],[-3.1903,50.6897],[-3.1904,50.6895],[-3.1904,50.6894],[-3.1901,50.6891],[-3.1902,50.689],[-3.1901,50.6888],[-3.1898,50.6885],[-3.1902,50.6885],[-3.1902,50.6882],[-3.1901,50.6881],[-3.1904,50.6879],[-3.1902,50.6876],[-3.1904,50.6875],[-3.1906,50.6872],[-3.1908,50.6871],[-3.1911,50.6871],[-3.1922,50.6872],[-3.1925,50.6873],[-3.1927,50.6873],[-3.1936,50.6873],[-3.1941,50.6877],[-3.1945,50.688],[-3.1949,50.6882],[-3.195,50.6881],[-3.1959,50.6884],[-3.1959,50.6883],[-3.1959,50.6881],[-3.1957,50.6878],[-3.1955,50.6875],[-3.1956,50.6872],[-3.1957,50.687],[-3.1961,50.6867],[-3.1963,50.6865],[-3.1965,50.6861],[-3.1966,50.6859],[-3.1965,50.6855],[-3.1963,50.6849],[-3.1969,50.6847],[-3.1972,50.6846],[-3.1975,50.6845],[-3.1976,50.6844],[-3.1978,50.6843],[-3.1981,50.6842],[-3.1983,50.6841],[-3.1987,50.6841],[-3.1989,50.684],[-3.1992,50.684],[-3.1994,50.6841],[-3.1996,50.684],[-3.1999,50.684],[-3.2002,50.684],[-3.2006,50.6839],[-3.2008,50.6839],[-3.2011,50.6838],[-3.2013,50.6836],[-3.2018,50.6834],[-3.202,50.6835],[-3.2023,50.6834],[-3.2025,50.6834],[-3.2028,50.6834],[-3.2048,50.6836],[-3.205,50.6836],[-3.2053,50.6835],[-3.2057,50.6834],[-3.206,50.6833],[-3.2068,50.6831],[-3.2069,50.6831],[-3.2076,50.683],[-3.2079,50.6829],[-3.2093,50.6826],[-3.2095,50.6828],[-3.2095,50.6829],[-3.2095,50.6831],[-3.2093,50.6834],[-3.2093,50.6836],[-3.2094,50.6838],[-3.2093,50.684],[-3.2093,50.6842],[-3.2096,50.6842],[-3.2098,50.6838],[-3.2104,50.683],[-3.2106,50.6829],[-3.211,50.6826],[-3.2111,50.6825],[-3.2114,50.6825],[-3.212,50.6826],[-3.2124,50.6825],[-3.2134,50.6825],[-3.2138,50.6825],[-3.2139,50.6824],[-3.2142,50.6824],[-3.2146,50.6822],[-3.2151,50.6823],[-3.2154,50.6822],[-3.2156,50.6821],[-3.2159,50.6822],[-3.2162,50.6822],[-3.2165,50.6823],[-3.2166,50.6824],[-3.2172,50.6825],[-3.2175,50.6827],[-3.2178,50.6827],[-3.2181,50.6827],[-3.2182,50.6826],[-3.2184,50.6826],[-3.2186,50.6824],[-3.219,50.6824],[-3.2193,50.6822],[-3.2194,50.6822],[-3.2203,50.6821],[-3.2208,50.6819],[-3.2213,50.6819],[-3.222,50.6817],[-3.2223,50.6816],[-3.2224,50.6816],[-3.2227,50.6814],[-3.2231,50.6813],[-3.2232,50.6812],[-3.2237,50.681],[-3.2238,50.6809],[-3.224,50.6808],[-3.2244,50.6809],[-3.2248,50.6807],[-3.2249,50.6806],[-3.2251,50.6805],[-3.2253,50.6806],[-3.2258,50.6805],[-3.2259,50.6804],[-3.2269,50.6803],[-3.2274,50.6801],[-3.2276,50.6801],[-3.2279,50.6802],[-3.2281,50.6802],[-3.2284,50.68],[-3.2286,50.68],[-3.2291,50.6799],[-3.2293,50.6798],[-3.2294,50.6799],[-3.2299,50.6798],[-3.2305,50.6796],[-3.2309,50.6796],[-3.2316,50.6794],[-3.2319,50.6794],[-3.2325,50.6794],[-3.2332,50.6791],[-3.2335,50.6791],[-3.234,50.6792],[-3.2337,50.6788],[-3.2336,50.6784],[-3.2327,50.6786],[-3.2311,50.6789],[-3.2292,50.6792],[-3.2263,50.6797],[-3.2247,50.6799],[-3.2236,50.6801],[-3.2216,50.6803],[-3.2205,50.6804],[-3.2186,50.6807],[-3.2182,50.6807],[-3.2164,50.6809],[-3.216,50.6809],[-3.2149,50.6811],[-3.214,50.6812],[-3.2136,50.6813],[-3.2126,50.6814],[-3.2119,50.6815],[-3.2109,50.6816],[-3.2104,50.6816],[-3.2096,50.6817],[-3.2087,50.6819],[-3.2083,50.6819],[-3.2077,50.682],[-3.2072,50.6821],[-3.2064,50.6821],[-3.206,50.6821],[-3.2057,50.6821],[-3.2054,50.682],[-3.2046,50.682],[-3.2044,50.6819],[-3.2044,50.6816],[-3.2043,50.6815],[-3.2041,50.6815],[-3.2039,50.6816],[-3.2037,50.6816],[-3.2034,50.6817],[-3.2036,50.6818],[-3.2034,50.6819],[-3.2033,50.682],[-3.2031,50.682],[-3.2029,50.6818],[-3.2028,50.6819],[-3.2027,50.6819],[-3.2025,50.682],[-3.2023,50.6821],[-3.2022,50.6819],[-3.202,50.682],[-3.2018,50.6817],[-3.2016,50.6816],[-3.2015,50.6817],[-3.2013,50.6817],[-3.2011,50.6817],[-3.2008,50.6818],[-3.2007,50.6821],[-3.2006,50.682],[-3.2004,50.682],[-3.2001,50.6819],[-3.2,50.6818],[-3.1997,50.6818],[-3.1995,50.6817],[-3.1994,50.6818],[-3.1992,50.6818],[-3.199,50.6818],[-3.1988,50.6819],[-3.1986,50.682],[-3.1981,50.6821],[-3.1979,50.6823],[-3.1975,50.6822],[-3.1973,50.6826],[-3.1971,50.6825],[-3.1969,50.6825],[-3.1967,50.6826],[-3.1965,50.6826],[-3.1963,50.6825],[-3.1961,50.6825],[-3.196,50.6826],[-3.1958,50.6825],[-3.1957,50.6825],[-3.1957,50.6827],[-3.1954,50.6826],[-3.195,50.6827],[-3.1949,50.6828],[-3.1947,50.6829],[-3.1945,50.6831],[-3.1946,50.6832],[-3.1944,50.6833],[-3.1945,50.6835],[-3.1937,50.6838],[-3.1932,50.6839],[-3.1929,50.684],[-3.1925,50.684],[-3.1918,50.6842],[-3.1914,50.6843],[-3.1908,50.6843],[-3.1902,50.6843],[-3.1897,50.6844],[-3.1895,50.6843],[-3.1891,50.6844],[-3.1886,50.6844],[-3.1872,50.6845],[-3.1867,50.6845],[-3.1851,50.6847],[-3.1845,50.6848],[-3.1838,50.6848],[-3.1829,50.6849],[-3.182,50.6849],[-3.1818,50.6849],[-3.1804,50.6849],[-3.1797,50.6848],[-3.1794,50.6848],[-3.179,50.6848],[-3.1785,50.6847],[-3.1781,50.6847],[-3.178,50.6846],[-3.1782,50.6845],[-3.1779,50.6844],[-3.1779,50.6842],[-3.1778,50.6843],[-3.1774,50.6842],[-3.1772,50.6842],[-3.1772,50.6843],[-3.1769,50.6842],[-3.1768,50.6841],[-3.1764,50.6842],[-3.1761,50.6842],[-3.1759,50.6844],[-3.1759,50.6845],[-3.1765,50.6845],[-3.1767,50.6845],[-3.1771,50.6845],[-3.1771,50.6846],[-3.1764,50.6846],[-3.1759,50.6847],[-3.1755,50.6847],[-3.1747,50.6847],[-3.1743,50.6847],[-3.1739,50.6847],[-3.1739,50.6846],[-3.1744,50.6845],[-3.1747,50.6846],[-3.1751,50.6845],[-3.1752,50.6845],[-3.1755,50.6844],[-3.1757,50.6844],[-3.1756,50.6843],[-3.1753,50.6844],[-3.175,50.6844],[-3.1745,50.6843],[-3.1742,50.6843],[-3.1739,50.6841],[-3.1735,50.6841],[-3.1733,50.6839],[-3.1732,50.684],[-3.1731,50.684],[-3.173,50.684],[-3.1728,50.684],[-3.1727,50.6841],[-3.1726,50.6841],[-3.1724,50.6841],[-3.1721,50.6842],[-3.1719,50.6841],[-3.1716,50.6841],[-3.1711,50.6841],[-3.171,50.6842],[-3.1708,50.6842],[-3.1707,50.6842],[-3.1705,50.6842],[-3.1702,50.6842],[-3.1701,50.6841],[-3.1696,50.6841],[-3.1693,50.6842],[-3.1691,50.6842],[-3.1689,50.6842],[-3.1686,50.6843],[-3.1684,50.6843],[-3.1683,50.6844],[-3.1681,50.6843],[-3.1679,50.6843],[-3.1675,50.6843],[-3.1672,50.6845],[-3.1667,50.6844],[-3.1665,50.6844],[-3.1661,50.6845],[-3.1658,50.6847],[-3.1653,50.6847],[-3.165,50.6847],[-3.1649,50.6848],[-3.1647,50.6848],[-3.1646,50.6849],[-3.1644,50.6849],[-3.1642,50.6849],[-3.1639,50.6849],[-3.1636,50.6849],[-3.1635,50.6848],[-3.1632,50.6849],[-3.163,50.6848],[-3.1627,50.685],[-3.1625,50.685],[-3.1623,50.6851],[-3.162,50.6851],[-3.1619,50.6851],[-3.1612,50.6852],[-3.1613,50.6853],[-3.1617,50.6853],[-3.1619,50.6853],[-3.1622,50.6853],[-3.1627,50.6853],[-3.1634,50.6852],[-3.1641,50.6852],[-3.1644,50.6852],[-3.1639,50.6853],[-3.1637,50.6853],[-3.1634,50.6853],[-3.1632,50.6853],[-3.163,50.6853],[-3.1627,50.6853],[-3.1621,50.6854],[-3.1616,50.6854],[-3.1614,50.6855],[-3.1612,50.6855],[-3.1609,50.6855],[-3.1605,50.6855],[-3.1602,50.6856],[-3.1598,50.6857],[-3.1592,50.6858],[-3.1589,50.6859],[-3.1585,50.6859],[-3.1579,50.6859],[-3.157,50.6858],[-3.1566,50.6857],[-3.1561,50.6857],[-3.1553,50.6856],[-3.1548,50.6855],[-3.1541,50.6854],[-3.1537,50.6854],[-3.1532,50.6854],[-3.1526,50.6853],[-3.1524,50.6852],[-3.1525,50.6851],[-3.1523,50.685],[-3.1519,50.6849],[-3.1517,50.6849],[-3.1512,50.6847],[-3.1505,50.6846],[-3.15,50.6844],[-3.1496,50.6844],[-3.1487,50.6845],[-3.1485,50.6846],[-3.1483,50.6845],[-3.1481,50.6845],[-3.1476,50.6846],[-3.1472,50.6844],[-3.1468,50.6844],[-3.1464,50.6845],[-3.1459,50.6844],[-3.1458,50.6845],[-3.1454,50.6846],[-3.1449,50.6847],[-3.1443,50.6848],[-3.144,50.6849],[-3.1434,50.685],[-3.1432,50.685],[-3.1427,50.685],[-3.1424,50.685],[-3.1419,50.685],[-3.1417,50.6852],[-3.1414,50.6852],[-3.141,50.6853],[-3.1408,50.6853],[-3.1405,50.6854],[-3.1398,50.6855],[-3.1396,50.6855],[-3.1392,50.6857],[-3.1391,50.6858],[-3.1389,50.6859],[-3.1387,50.686],[-3.1386,50.6859],[-3.1384,50.686],[-3.1381,50.6862],[-3.1372,50.6862],[-3.1352,50.6863],[-3.1352,50.6862],[-3.1354,50.6862],[-3.1353,50.6861],[-3.1351,50.686],[-3.1346,50.6859],[-3.1343,50.686],[-3.1346,50.6862],[-3.1342,50.6863],[-3.1335,50.6863],[-3.1332,50.6863],[-3.1329,50.6863],[-3.132,50.6864],[-3.1312,50.6864],[-3.131,50.6864],[-3.1298,50.6865],[-3.1288,50.6866],[-3.1282,50.6866],[-3.1262,50.6867],[-3.1246,50.6867],[-3.124,50.6867],[-3.1232,50.6867],[-3.1226,50.6867],[-3.1221,50.6867],[-3.1213,50.6867],[-3.1204,50.6866],[-3.1199,50.6866],[-3.1193,50.6866],[-3.1188,50.6866],[-3.1185,50.6865],[-3.117,50.6865],[-3.1166,50.6864],[-3.1152,50.6863],[-3.1146,50.6863],[-3.1138,50.6862],[-3.1132,50.6862],[-3.1124,50.686],[-3.1119,50.686],[-3.1112,50.6859],[-3.1099,50.6859],[-3.1088,50.6858],[-3.1075,50.6856],[-3.1072,50.6855],[-3.1067,50.6854],[-3.1065,50.6854],[-3.106,50.6854],[-3.1054,50.6853],[-3.1053,50.6853],[-3.1051,50.6853],[-3.1049,50.6851],[-3.1046,50.6852],[-3.1044,50.685],[-3.1043,50.685],[-3.1039,50.685],[-3.1036,50.685],[-3.1035,50.685],[-3.1033,50.6851],[-3.1031,50.6852],[-3.1028,50.6853],[-3.1024,50.6854],[-3.1021,50.6854],[-3.1018,50.6855],[-3.1017,50.6855],[-3.1008,50.6856],[-3.1002,50.6855],[-3.0994,50.6854],[-3.099,50.6854],[-3.0983,50.6853],[-3.0977,50.6852],[-3.0974,50.6851],[-3.0969,50.6852],[-3.0964,50.6853],[-3.0961,50.6851],[-3.0956,50.6852],[-3.0954,50.6856],[-3.0954,50.6859],[-3.0954,50.6861],[-3.0954,50.6863],[-3.0952,50.6865],[-3.0948,50.6869],[-3.0946,50.6872],[-3.0944,50.6874],[-3.0944,50.6875],[-3.0944,50.6876],[-3.0943,50.6877],[-3.0943,50.6881],[-3.0943,50.6886],[-3.0943,50.689],[-3.0943,50.6896],[-3.094,50.6899],[-3.0936,50.6902],[-3.0933,50.6902],[-3.0932,50.6903],[-3.0929,50.6904],[-3.0927,50.6904],[-3.0927,50.6906],[-3.0928,50.6908],[-3.093,50.6908],[-3.0928,50.6909],[-3.0929,50.6912],[-3.093,50.6914],[-3.0928,50.6916],[-3.0928,50.6919],[-3.0928,50.6923],[-3.0927,50.6922],[-3.0926,50.6925],[-3.0926,50.6928],[-3.0925,50.6929],[-3.0925,50.6931],[-3.0923,50.6933],[-3.0921,50.6937],[-3.092,50.6942],[-3.092,50.6946],[-3.0919,50.695],[-3.0919,50.6951],[-3.0918,50.6953],[-3.0919,50.6954],[-3.0918,50.6955],[-3.0916,50.6957],[-3.0912,50.696],[-3.0905,50.6962],[-3.0901,50.6963],[-3.0895,50.6964],[-3.089,50.6964],[-3.0886,50.6964],[-3.0884,50.6962],[-3.0883,50.6961],[-3.088,50.6961],[-3.088,50.6963],[-3.0878,50.6964],[-3.0878,50.6961],[-3.0877,50.6961],[-3.0877,50.6963],[-3.0876,50.6964],[-3.0876,50.6965],[-3.0874,50.6965],[-3.0873,50.6966],[-3.0871,50.6967],[-3.0868,50.6968],[-3.0866,50.6972],[-3.0865,50.6972],[-3.0865,50.6974],[-3.0863,50.6975],[-3.086,50.6978],[-3.0859,50.6978],[-3.0857,50.698],[-3.0855,50.698],[-3.0853,50.6982],[-3.0852,50.6981],[-3.085,50.6983],[-3.0846,50.6984],[-3.0845,50.6985],[-3.0842,50.6986],[-3.0841,50.6988],[-3.0842,50.6989],[-3.0842,50.6991],[-3.0837,50.6991],[-3.0837,50.6992],[-3.0838,50.6993],[-3.084,50.6993],[-3.0841,50.6994],[-3.0838,50.6995],[-3.0837,50.6996],[-3.0835,50.6997],[-3.0835,50.6998],[-3.0838,50.7],[-3.0839,50.7002],[-3.084,50.7003],[-3.0842,50.7003],[-3.084,50.7004],[-3.084,50.7006],[-3.0838,50.7007],[-3.0836,50.7008]]]},"properties":{"mtype":"SAC","name":"Sidmouth to West Bay","code":"UK0019864"}},
{"type":"Feature","geometry":{"type":"Polygon","coordinates":[[[-3.0532,50.7014],[-3.0532,50.7013],[-3.053,50.7013],[-3.0527,50.7011],[-3.0526,50.7011],[-3.0526,50.7012],[-3.0523,50.7013],[-3.052,50.7012],[-3.0518,50.7012],[-3.0516,50.7013],[-3.0524,50.7014],[-3.0528,50.7014],[-3.0532,50.7014]]]},"properties":{"mtype":"SAC","name":"Sidmouth to West Bay","code":"UK0019864"}},
{"type":"Feature","geometry":{"type":"Polygon","coordinates":[[[-3.033,50.699],[-3.033,50.6992],[-3.0331,50.6992],[-3.0333,50.6992],[-3.033,50.699]]]},"properties":{"mtype":"SAC","name":"Sidmouth to West Bay","code":"UK0019864"}},
{"type":"Feature","geometry":null,"properties":{"mtype":"SAC","name":"Sidmouth to West Bay","code":"UK0019864"}},
{"type":"Feature","geometry":{"type":"Polygon","coordinates":[[[-3.0291,50.6976],[-3.0291,50.6977],[-3.0293,50.6977],[-3.0292,50.6976],[-3.0291,50.6976]]]},"properties":{"mtype":"SAC","name":"Sidmouth to West Bay","code":"UK0019864"}},
{"type":"Feature","geometry":{"type":"Polygon","coordinates":[[[-3.0324,50.6985],[-3.0323,50.6985],[-3.0322,50.6986],[-3.0324,50.6986],[-3.0324,50.6985]]]},"properties":{"mtype":"SAC","name":"Sidmouth to West Bay","code":"UK0019864"}},
{"type":"Feature","geometry":{"type":"Polygon","coordinates":[[[-3.0277,50.6978],[-3.0279,50.6979],[-3.0279,50.6978],[-3.0278,50.6978],[-3.0277,50.6978]]]},"properties":{"mtype":"SAC","name":"Sidmouth to West Bay","code":"UK0019864"}},
{"type":"Feature","geometry":{"type":"Polygon","coordinates":[[[-3.0272,50.6978],[-3.0273,50.6978],[-3.0272,50.6977],[-3.0271,50.6978],[-3.0272,50.6978]]]},"properties":{"mtype":"SAC","name":"Sidmouth to West Bay","code":"UK0019864"}},
{"type":"Feature","geometry":{"type":"Polygon","coordinates":[[[-3.0354,50.6994],[-3.0354,50.6995],[-3.0355,50.6994],[-3.0354,50.6994]]]},"properties":{"mtype":"SAC","name":"Sidmouth to West Bay","code":"UK0019864"}},
{"type":"Feature","geometry":{"type":"Polygon","coordinates":[[[-3.0287,50.6978],[-3.0288,50.6979],[-3.0288,50.6978],[-3.0287,50.6978]]]},"properties":{"mtype":"SAC","name":"Sidmouth to West Bay","code":"UK0019864"}},
{"type":"Feature","geometry":{"type":"Polygon","coordinates":[[[-3.0279,50.6978],[-3.0279,50.6977],[-3.0277,50.6977],[-3.0279,50.6978]]]},"properties":{"mtype":"SAC","name":"Sidmouth to West Bay","code":"UK0019864"}},
{"type":"Feature","geometry":null,"properties":{"mtype":"SAC","name":"Sidmouth to West Bay","code":"UK0019864"}},
{"type":"Feature","geometry":null,"properties":{"mtype":"SAC","name":"Sidmouth to West Bay","code":"UK0019864"}},
{"type":"Feature","geometry":null,"properties":{"mtype":"SAC","name":"Sidmouth to West Bay","code":"UK0019864"}},
{"type":"Feature","geometry":{"type":"Polygon","coordinates":[[[-3.0284,50.6976],[-3.0283,50.6976],[-3.0284,50.6977],[-3.0284,50.6976]]]},"properties":{"mtype":"SAC","name":"Sidmouth to West Bay","code":"UK0019864"}},
{"type":"Feature","geometry":{"type":"Polygon","coordinates":[[[-3.0286,50.6976],[-3.0285,50.6977],[-3.0286,50.6977],[-3.0286,50.6976]]]},"properties":{"mtype":"SAC","name":"Sidmouth to West Bay","code":"UK0019864"}},
{"type":"Feature","geometry":null,"properties":{"mtype":"SAC","name":"Sidmouth to West Bay","code":"UK0019864"}},
{"type":"Feature","geometry":null,"properties":{"mtype":"SAC","name":"Sidmouth to West Bay","code":"UK0019864"}},
{"type":"Feature","geometry":null,"properties":{"mtype":"SAC","name":"Sidmouth to West Bay","code":"UK0019864"}},
{"type":"Feature","geometry":null,"properties":{"mtype":"SAC","name":"Sidmouth to West Bay","code":"UK0019864"}},
{"type":"Feature","geometry":null,"properties":{"mtype":"SAC","name":"Sidmouth to West Bay","code":"UK0019864"}},
{"type":"Feature","geometry":null,"properties":{"mtype":"SAC","name":"Sidmouth to West Bay","code":"UK0019864"}},
{"type":"Feature","geometry":null,"properties":{"mtype":"SAC","name":"Sidmouth to West Bay","code":"UK0019864"}},
{"type":"Feature","geometry":null,"properties":{"mtype":"SAC","name":"Sidmouth to West Bay","code":"UK0019864"}},
{"type":"Feature","geometry":null,"properties":{"mtype":"SAC","name":"Sidmouth to West Bay","code":"UK0019864"}},
{"type":"Feature","geometry":null,"properties":{"mtype":"SAC","name":"Sidmouth to West Bay","code":"UK0019864"}},
{"type":"Feature","geometry":{"type":"Polygon","coordinates":[[[-1.4,50.7284],[-1.4,50.7301],[-1.4,50.7343],[-1.4004,50.7342],[-1.4035,50.7332],[-1.4083,50.7317],[-1.4127,50.7304],[-1.4158,50.7294],[-1.418,50.7296],[-1.4229,50.73],[-1.4277,50.7304],[-1.4332,50.7308],[-1.4366,50.7311],[-1.4372,50.7308],[-1.4397,50.7299],[-1.4413,50.7293],[-1.4418,50.7291],[-1.4433,50.7286],[-1.4455,50.7278],[-1.4475,50.727],[-1.4496,50.7262],[-1.4517,50.7254],[-1.4538,50.7246],[-1.4559,50.7238],[-1.458,50.723],[-1.4622,50.7215],[-1.4643,50.7207],[-1.4663,50.7199],[-1.4725,50.7176],[-1.4743,50.7169],[-1.4764,50.7161],[-1.4785,50.7153],[-1.479,50.7151],[-1.4807,50.7145],[-1.4829,50.7138],[-1.4891,50.7118],[-1.4907,50.7113],[-1.4923,50.7108],[-1.4993,50.7087],[-1.4994,50.7086],[-1.5019,50.7085],[-1.5043,50.7084],[-1.506,50.7083],[-1.5077,50.7082],[-1.5095,50.7081],[-1.5102,50.708],[-1.5152,50.7078],[-1.5193,50.7075],[-1.5196,50.7073],[-1.5196,50.7072],[-1.5189,50.7071],[-1.5184,50.7071],[-1.5177,50.7071],[-1.5167,50.7071],[-1.5157,50.707],[-1.5152,50.707],[-1.5147,50.7069],[-1.5136,50.7066],[-1.5123,50.7064],[-1.512,50.7064],[-1.5117,50.7064],[-1.5112,50.7064],[-1.5109,50.7064],[-1.5101,50.7064],[-1.5099,50.7064],[-1.51,50.7061],[-1.5098,50.7058],[-1.5097,50.7057],[-1.5093,50.7056],[-1.5091,50.7055],[-1.5089,50.7054],[-1.5087,50.7053],[-1.5088,50.7051],[-1.5081,50.7049],[-1.507,50.7046],[-1.5067,50.7045],[-1.5064,50.7045],[-1.5062,50.7046],[-1.5062,50.7048],[-1.506,50.7048],[-1.5058,50.7047],[-1.5057,50.7048],[-1.5054,50.705],[-1.5049,50.7052],[-1.5046,50.705],[-1.5045,50.7048],[-1.5044,50.7047],[-1.5041,50.7045],[-1.504,50.7045],[-1.5046,50.7043],[-1.5051,50.7042],[-1.5057,50.7042],[-1.5062,50.7043],[-1.5068,50.7044],[-1.5089,50.705],[-1.509,50.7048],[-1.5091,50.7045],[-1.5092,50.7043],[-1.5092,50.7038],[-1.5092,50.7033],[-1.5091,50.7027],[-1.5091,50.7023],[-1.5092,50.702],[-1.5094,50.7019],[-1.5089,50.7019],[-1.5082,50.7018],[-1.5077,50.7019],[-1.5074,50.702],[-1.5068,50.7019],[-1.5065,50.7019],[-1.5058,50.7022],[-1.5052,50.702],[-1.505,50.7018],[-1.5049,50.7017],[-1.5049,50.7013],[-1.5045,50.7014],[-1.5042,50.7016],[-1.5039,50.7016],[-1.5034,50.7015],[-1.503,50.7015],[-1.5029,50.7015],[-1.5028,50.7013],[-1.5028,50.7011],[-1.503,50.7009],[-1.5028,50.7007],[-1.5027,50.7006],[-1.5027,50.7003],[-1.5028,50.7002],[-1.503,50.7003],[-1.5033,50.7003],[-1.5035,50.7001],[-1.5036,50.7],[-1.5036,50.6997],[-1.5036,50.6995],[-1.5034,50.6989],[-1.5035,50.6987],[-1.5036,50.6982],[-1.5036,50.6977],[-1.5037,50.6972],[-1.5038,50.6967],[-1.5037,50.6964],[-1.5035,50.6962],[-1.5041,50.6957],[-1.5043,50.6957],[-1.5051,50.6958],[-1.5055,50.6958],[-1.5059,50.6959],[-1.5067,50.6959],[-1.5074,50.696],[-1.5078,50.696],[-1.5081,50.6961],[-1.5081,50.6959],[-1.5072,50.6957],[-1.5066,50.6956],[-1.5059,50.6953],[-1.5054,50.6952],[-1.505,50.6951],[-1.5048,50.6949],[-1.5055,50.6944],[-1.5056,50.6944],[-1.506,50.6941],[-1.5063,50.6938],[-1.5064,50.6936],[-1.5066,50.6934],[-1.5066,50.6932],[-1.5068,50.6929],[-1.5069,50.6928],[-1.5073,50.6928],[-1.5073,50.6925],[-1.5073,50.6922],[-1.5073,50.6918],[-1.5073,50.6917],[-1.507,50.6917],[-1.507,50.6913],[-1.5071,50.6912],[-1.5069,50.6912],[-1.5068,50.691],[-1.507,50.6909],[-1.5069,50.6908],[-1.5067,50.6904],[-1.5067,50.6903],[-1.5066,50.6902],[-1.5064,50.6898],[-1.5062,50.6896],[-1.5058,50.6894],[-1.5056,50.689],[-1.5056,50.6889],[-1.5059,50.6885],[-1.5062,50.6881],[-1.5062,50.688],[-1.506,50.6878],[-1.5052,50.6875],[-1.5049,50.6873],[-1.505,50.6872],[-1.5052,50.6872],[-1.5053,50.6871],[-1.5055,50.6867],[-1.5057,50.6864],[-1.506,50.686],[-1.5067,50.6859],[-1.5073,50.6858],[-1.5078,50.6856],[-1.508,50.6855],[-1.5083,50.6852],[-1.5086,50.685],[-1.5087,50.6848],[-1.5087,50.6843],[-1.5088,50.6841],[-1.509,50.6839],[-1.5089,50.6835],[-1.5091,50.6833],[-1.5088,50.6832],[-1.5085,50.6831],[-1.5078,50.6827],[-1.5068,50.6832],[-1.5059,50.6837],[-1.5035,50.6849],[-1.503,50.6851],[-1.5026,50.6855],[-1.5024,50.6856],[-1.502,50.6862],[-1.5019,50.6864],[-1.5018,50.6867],[-1.5017,50.6872],[-1.5017,50.6875],[-1.5018,50.688],[-1.5023,50.6894],[-1.5025,50.6901],[-1.5026,50.6904],[-1.5026,50.6908],[-1.5025,50.691],[-1.5023,50.6916],[-1.5022,50.6919],[-1.5019,50.6922],[-1.5017,50.6925],[-1.5014,50.6927],[-1.5007,50.693],[-1.5002,50.6933],[-1.4996,50.6937],[-1.4991,50.6941],[-1.4989,50.6943],[-1.4987,50.6946],[-1.4984,50.6951],[-1.4983,50.6955],[-1.4979,50.6967],[-1.4978,50.6969],[-1.4977,50.6969],[-1.4977,50.697],[-1.4977,50.6973],[-1.4977,50.6983],[-1.4975,50.6989],[-1.4975,50.6991],[-1.4971,50.6997],[-1.4966,50.7008],[-1.4965,50.7009],[-1.4967,50.7022],[-1.4967,50.7025],[-1.4967,50.7026],[-1.4968,50.7028],[-1.4972,50.703],[-1.4974,50.7031],[-1.4977,50.7032],[-1.498,50.7032],[-1.4984,50.7035],[-1.4985,50.7035],[-1.4989,50.7033],[-1.4991,50.7033],[-1.4992,50.7032],[-1.4996,50.7032],[-1.5003,50.7032],[-1.5006,50.7032],[-1.5012,50.7031],[-1.5015,50.7033],[-1.5015,50.7035],[-1.5014,50.7035],[-1.5014,50.7037],[-1.5015,50.7039],[-1.5021,50.7043],[-1.5023,50.7045],[-1.5025,50.7046],[-1.5028,50.7047],[-1.5031,50.7046],[-1.5033,50.7046],[-1.5032,50.7047],[-1.5033,50.7048],[-1.5035,50.7051],[-1.5028,50.7053],[-1.5022,50.7054],[-1.5017,50.7055],[-1.5012,50.7057],[-1.5008,50.7064],[-1.5007,50.7064],[-1.5008,50.7063],[-1.5007,50.7063],[-1.5006,50.7065],[-1.5005,50.7066],[-1.5003,50.7071],[-1.5004,50.7067],[-1.5003,50.7067],[-1.5003,50.7068],[-1.5001,50.7068],[-1.4995,50.707],[-1.4993,50.7071],[-1.4992,50.7074],[-1.4991,50.7075],[-1.4989,50.7074],[-1.4989,50.7073],[-1.4991,50.7072],[-1.4991,50.7071],[-1.4987,50.707],[-1.4984,50.707],[-1.4982,50.7069],[-1.4979,50.7069],[-1.4977,50.707],[-1.4974,50.707],[-1.4969,50.707],[-1.4965,50.7069],[-1.4963,50.7068],[-1.4951,50.7068],[-1.4947,50.7069],[-1.494,50.7068],[-1.4933,50.7067],[-1.4915,50.7067],[-1.4907,50.7067],[-1.4903,50.7069],[-1.4901,50.7068],[-1.4898,50.7068],[-1.4894,50.7067],[-1.4891,50.7068],[-1.4885,50.7067],[-1.4883,50.7068],[-1.4882,50.7068],[-1.4878,50.7068],[-1.4873,50.7068],[-1.4871,50.7068],[-1.4869,50.7069],[-1.4867,50.707],[-1.4861,50.7072],[-1.4857,50.7073],[-1.4846,50.7078],[-1.4843,50.7079],[-1.484,50.7078],[-1.4838,50.7079],[-1.4836,50.708],[-1.4831,50.708],[-1.4827,50.708],[-1.4824,50.7081],[-1.482,50.7083],[-1.4816,50.7083],[-1.4809,50.7084],[-1.4807,50.7084],[-1.4805,50.7085],[-1.4802,50.7087],[-1.4799,50.7087],[-1.4792,50.7088],[-1.4789,50.7088],[-1.4784,50.709],[-1.4781,50.709],[-1.4779,50.7091],[-1.4776,50.7091],[-1.4771,50.7091],[-1.4766,50.709],[-1.4764,50.7089],[-1.4763,50.7088],[-1.4759,50.7088],[-1.4756,50.7089],[-1.4755,50.7089],[-1.4754,50.709],[-1.4749,50.7089],[-1.4746,50.7091],[-1.4743,50.7092],[-1.4741,50.7092],[-1.474,50.7093],[-1.4737,50.7093],[-1.4735,50.7094],[-1.4734,50.7094],[-1.4731,50.7094],[-1.4729,50.7095],[-1.4725,50.7096],[-1.4719,50.7097],[-1.4715,50.7096],[-1.471,50.7095],[-1.4708,50.7095],[-1.4705,50.7096],[-1.4702,50.7096],[-1.4697,50.7098],[-1.4692,50.71],[-1.4692,50.7101],[-1.4686,50.7103],[-1.4684,50.7104],[-1.4678,50.7107],[-1.4675,50.711],[-1.4672,50.711],[-1.4669,50.7111],[-1.4665,50.7114],[-1.4657,50.7116],[-1.4654,50.7118],[-1.4652,50.7119],[-1.4649,50.7121],[-1.4647,50.7123],[-1.464,50.7125],[-1.4635,50.7127],[-1.4633,50.7128],[-1.4632,50.7129],[-1.463,50.7131],[-1.4627,50.7131],[-1.4625,50.7133],[-1.4622,50.7134],[-1.4618,50.7136],[-1.4614,50.7137],[-1.4612,50.7138],[-1.461,50.7139],[-1.4608,50.714],[-1.4606,50.714],[-1.4604,50.7141],[-1.4599,50.7143],[-1.4596,50.7144],[-1.4594,50.7145],[-1.4591,50.7148],[-1.4586,50.7151],[-1.4582,50.7153],[-1.4578,50.7156],[-1.4573,50.7159],[-1.4569,50.7161],[-1.4568,50.7162],[-1.4565,50.7163],[-1.4562,50.7164],[-1.4559,50.7164],[-1.4556,50.7166],[-1.4551,50.7168],[-1.4549,50.7169],[-1.4542,50.717],[-1.4539,50.7171],[-1.4535,50.7173],[-1.4533,50.7172],[-1.453,50.7174],[-1.4526,50.7177],[-1.4524,50.7179],[-1.452,50.7181],[-1.4513,50.7182],[-1.4508,50.7183],[-1.4505,50.7185],[-1.4501,50.7188],[-1.45,50.7189],[-1.4498,50.7191],[-1.4494,50.7192],[-1.4493,50.7193],[-1.4489,50.7193],[-1.4487,50.7193],[-1.4481,50.7194],[-1.4473,50.7196],[-1.4468,50.7196],[-1.4465,50.7197],[-1.446,50.7199],[-1.4457,50.72],[-1.4453,50.7201],[-1.4451,50.7202],[-1.4448,50.7203],[-1.4444,50.7206],[-1.4438,50.7209],[-1.4433,50.7211],[-1.4427,50.7216],[-1.4423,50.722],[-1.442,50.7221],[-1.4414,50.7224],[-1.441,50.7225],[-1.4407,50.7225],[-1.4405,50.7226],[-1.4403,50.7227],[-1.4397,50.7228],[-1.4396,50.7229],[-1.439,50.723],[-1.4388,50.7231],[-1.4387,50.7231],[-1.4384,50.7232],[-1.4382,50.7232],[-1.438,50.7233],[-1.4374,50.7234],[-1.4371,50.7235],[-1.4369,50.7235],[-1.4363,50.7236],[-1.436,50.7237],[-1.4357,50.7238],[-1.4355,50.7238],[-1.4351,50.724],[-1.4347,50.7241],[-1.4344,50.7242],[-1.4337,50.7244],[-1.4333,50.7245],[-1.4329,50.7247],[-1.4322,50.7249],[-1.4319,50.725],[-1.4317,50.7251],[-1.4312,50.7251],[-1.4308,50.7253],[-1.4305,50.7255],[-1.43,50.7257],[-1.4296,50.726],[-1.4292,50.7261],[-1.4288,50.7261],[-1.428,50.7262],[-1.4276,50.7263],[-1.427,50.7264],[-1.4265,50.7265],[-1.4257,50.7268],[-1.4255,50.7268],[-1.4249,50.7268],[-1.4243,50.7267],[-1.4232,50.7266],[-1.4227,50.7265],[-1.422,50.7263],[-1.4212,50.7261],[-1.4201,50.7258],[-1.4199,50.7258],[-1.42,50.7257],[-1.4191,50.7255],[-1.4174,50.7252],[-1.4167,50.725],[-1.4161,50.7249],[-1.4157,50.7249],[-1.4154,50.7248],[-1.4153,50.7248],[-1.4151,50.7247],[-1.4145,50.7245],[-1.4143,50.7243],[-1.4141,50.7241],[-1.4139,50.7241],[-1.414,50.724],[-1.4144,50.7242],[-1.4146,50.7242],[-1.4156,50.7244],[-1.4158,50.7244],[-1.4165,50.7245],[-1.4176,50.7246],[-1.4181,50.7246],[-1.4187,50.7247],[-1.4195,50.7248],[-1.4201,50.7248],[-1.4203,50.7248],[-1.4209,50.7249],[-1.4212,50.725],[-1.4215,50.725],[-1.4219,50.7249],[-1.4222,50.7248],[-1.4232,50.725],[-1.4245,50.7243],[-1.4244,50.7243],[-1.4243,50.7239],[-1.424,50.7238],[-1.4233,50.7238],[-1.4231,50.7237],[-1.4229,50.7236],[-1.4227,50.7236],[-1.4225,50.7238],[-1.4222,50.7241],[-1.4222,50.7243],[-1.4218,50.7243],[-1.4215,50.7243],[-1.4203,50.7241],[-1.4195,50.7234],[-1.4194,50.7234],[-1.4176,50.7231],[-1.4161,50.7229],[-1.415,50.7227],[-1.4145,50.722],[-1.4145,50.7219],[-1.4145,50.7218],[-1.4144,50.7213],[-1.4143,50.721],[-1.4148,50.7209],[-1.4182,50.7203],[-1.4182,50.7202],[-1.4184,50.7198],[-1.4187,50.7191],[-1.4184,50.719],[-1.4183,50.7188],[-1.4181,50.7187],[-1.4173,50.7189],[-1.4174,50.7191],[-1.4171,50.7192],[-1.4164,50.7193],[-1.416,50.7194],[-1.4149,50.7193],[-1.4136,50.7191],[-1.4139,50.7189],[-1.4158,50.7175],[-1.4158,50.7173],[-1.4156,50.7172],[-1.4158,50.7168],[-1.416,50.7167],[-1.4161,50.7164],[-1.4162,50.7159],[-1.4164,50.7156],[-1.4165,50.7154],[-1.4167,50.7152],[-1.4169,50.7153],[-1.4169,50.7152],[-1.4167,50.7151],[-1.4168,50.7148],[-1.417,50.7146],[-1.4169,50.7144],[-1.4172,50.714],[-1.4174,50.7139],[-1.4177,50.7136],[-1.4187,50.713],[-1.419,50.7129],[-1.4191,50.7128],[-1.4194,50.7127],[-1.4196,50.7127],[-1.4199,50.7127],[-1.4199,50.7126],[-1.42,50.7126],[-1.4204,50.7125],[-1.4206,50.7127],[-1.4208,50.7126],[-1.4213,50.7125],[-1.4215,50.7126],[-1.4216,50.7124],[-1.4219,50.7124],[-1.422,50.7125],[-1.4225,50.7124],[-1.4225,50.7123],[-1.4228,50.7122],[-1.4228,50.7121],[-1.4231,50.7119],[-1.4232,50.7118],[-1.4234,50.7117],[-1.4235,50.7116],[-1.4234,50.7115],[-1.4231,50.7117],[-1.423,50.7118],[-1.4229,50.7117],[-1.423,50.7116],[-1.423,50.7115],[-1.4233,50.7114],[-1.4234,50.7113],[-1.4235,50.7112],[-1.4238,50.7111],[-1.4239,50.7111],[-1.4247,50.711],[-1.425,50.7109],[-1.4252,50.7107],[-1.4254,50.7108],[-1.4258,50.7108],[-1.4261,50.7109],[-1.4264,50.7107],[-1.4266,50.7107],[-1.427,50.7107],[-1.4273,50.7107],[-1.4275,50.7108],[-1.4276,50.7108],[-1.4277,50.7107],[-1.4274,50.7107],[-1.4273,50.7106],[-1.4269,50.7106],[-1.4268,50.7107],[-1.4265,50.7106],[-1.4264,50.7104],[-1.4263,50.7104],[-1.4265,50.7098],[-1.4267,50.7095],[-1.4272,50.7092],[-1.4273,50.7091],[-1.4271,50.7091],[-1.4272,50.7089],[-1.4278,50.7089],[-1.428,50.7088],[-1.4282,50.7087],[-1.4284,50.7088],[-1.4286,50.7087],[-1.429,50.7086],[-1.4293,50.7085],[-1.4292,50.7084],[-1.4288,50.7086],[-1.4279,50.7087],[-1.4277,50.7088],[-1.4273,50.7088],[-1.4271,50.7088],[-1.4271,50.7087],[-1.4266,50.7079],[-1.4269,50.7074],[-1.4272,50.7069],[-1.4273,50.7066],[-1.4273,50.7064],[-1.4273,50.7055],[-1.4276,50.7055],[-1.4277,50.7055],[-1.4282,50.7055],[-1.4284,50.7056],[-1.4287,50.7056],[-1.429,50.7054],[-1.4293,50.7055],[-1.4296,50.7053],[-1.4298,50.7052],[-1.4306,50.705],[-1.4307,50.705],[-1.4307,50.7048],[-1.4308,50.7047],[-1.4306,50.7046],[-1.4304,50.7046],[-1.43,50.7048],[-1.4298,50.7047],[-1.43,50.7045],[-1.43,50.7043],[-1.4298,50.7042],[-1.4299,50.7045],[-1.4297,50.7045],[-1.4297,50.7044],[-1.4295,50.7044],[-1.4295,50.7045],[-1.4293,50.7046],[-1.4281,50.705],[-1.428,50.7051],[-1.428,50.7052],[-1.4276,50.7051],[-1.4268,50.7051],[-1.4267,50.7051],[-1.4262,50.705],[-1.4263,50.7052],[-1.4262,50.7053],[-1.426,50.7052],[-1.4258,50.7055],[-1.4257,50.7058],[-1.4258,50.7061],[-1.4259,50.7062],[-1.4262,50.7064],[-1.4264,50.7065],[-1.4265,50.7066],[-1.4263,50.7068],[-1.4261,50.707],[-1.4259,50.7071],[-1.4257,50.7073],[-1.4253,50.7072],[-1.4248,50.7077],[-1.4247,50.7078],[-1.4246,50.7081],[-1.4246,50.7086],[-1.4247,50.7087],[-1.4247,50.7088],[-1.4249,50.709],[-1.4249,50.7092],[-1.4242,50.7095],[-1.424,50.7095],[-1.422,50.7106],[-1.4193,50.7117],[-1.4188,50.7118],[-1.4182,50.712],[-1.4179,50.712],[-1.4177,50.712],[-1.4177,50.7119],[-1.4175,50.7118],[-1.4172,50.7113],[-1.4171,50.7109],[-1.417,50.7108],[-1.4171,50.7107],[-1.4168,50.7104],[-1.4169,50.7101],[-1.4166,50.7102],[-1.4166,50.7104],[-1.4165,50.7106],[-1.4165,50.7108],[-1.4166,50.7109],[-1.4165,50.7113],[-1.4164,50.7122],[-1.4162,50.7126],[-1.4146,50.7125],[-1.4142,50.7125],[-1.414,50.7124],[-1.4136,50.7124],[-1.4136,50.7123],[-1.414,50.7121],[-1.4142,50.712],[-1.4143,50.7117],[-1.4142,50.7113],[-1.4143,50.7112],[-1.4144,50.7107],[-1.4147,50.7105],[-1.4146,50.7096],[-1.4146,50.7092],[-1.4145,50.7086],[-1.4146,50.7085],[-1.4145,50.7082],[-1.4144,50.7079],[-1.4143,50.7074],[-1.414,50.7068],[-1.414,50.7067],[-1.4137,50.7064],[-1.4137,50.7052],[-1.4137,50.7049],[-1.4137,50.7046],[-1.4137,50.7045],[-1.4136,50.7044],[-1.4135,50.7046],[-1.4134,50.705],[-1.4133,50.7052],[-1.413,50.7057],[-1.4129,50.7056],[-1.4126,50.7057],[-1.4126,50.7056],[-1.4128,50.7054],[-1.4129,50.705],[-1.4129,50.7046],[-1.4128,50.7047],[-1.4128,50.7048],[-1.4127,50.7051],[-1.4126,50.7054],[-1.4123,50.7054],[-1.4123,50.7056],[-1.4124,50.7057],[-1.4125,50.7059],[-1.4125,50.7064],[-1.4126,50.7067],[-1.4128,50.707],[-1.4128,50.7073],[-1.4127,50.7076],[-1.4131,50.708],[-1.4131,50.7081],[-1.4131,50.7084],[-1.4131,50.7088],[-1.4131,50.7091],[-1.4131,50.7093],[-1.413,50.7098],[-1.413,50.7101],[-1.413,50.7103],[-1.4128,50.7105],[-1.4125,50.7106],[-1.4117,50.7104],[-1.4113,50.7104],[-1.4109,50.7104],[-1.4107,50.7104],[-1.4105,50.7103],[-1.4103,50.71],[-1.4102,50.71],[-1.4098,50.7099],[-1.4095,50.7099],[-1.4092,50.7099],[-1.409,50.71],[-1.4088,50.71],[-1.4087,50.7101],[-1.4086,50.7101],[-1.4084,50.7099],[-1.4081,50.7098],[-1.4081,50.7097],[-1.4079,50.7098],[-1.4077,50.7097],[-1.4076,50.7097],[-1.4075,50.7096],[-1.4073,50.7095],[-1.4073,50.7094],[-1.4071,50.7094],[-1.407,50.7095],[-1.4072,50.7097],[-1.4076,50.71],[-1.4078,50.71],[-1.4079,50.7101],[-1.4076,50.7103],[-1.4079,50.7104],[-1.4081,50.7105],[-1.4084,50.7106],[-1.4087,50.7106],[-1.409,50.7105],[-1.4094,50.7105],[-1.4098,50.7106],[-1.41,50.7107],[-1.4103,50.7111],[-1.4107,50.7114],[-1.4109,50.7116],[-1.4115,50.7118],[-1.4116,50.7119],[-1.4117,50.7121],[-1.4117,50.7124],[-1.4117,50.7127],[-1.4117,50.7129],[-1.4119,50.7131],[-1.412,50.7132],[-1.412,50.7133],[-1.4122,50.7136],[-1.4119,50.714],[-1.4114,50.7142],[-1.4113,50.7142],[-1.4111,50.7142],[-1.4107,50.7139],[-1.4105,50.7138],[-1.4101,50.7137],[-1.4097,50.7136],[-1.4093,50.7134],[-1.409,50.7133],[-1.4088,50.7132],[-1.4085,50.7133],[-1.4083,50.7133],[-1.4081,50.7132],[-1.4073,50.713],[-1.4072,50.7129],[-1.4062,50.7125],[-1.4059,50.7124],[-1.4055,50.7123],[-1.4051,50.7122],[-1.4044,50.712],[-1.4043,50.712],[-1.404,50.7116],[-1.4038,50.7115],[-1.4034,50.7113],[-1.4032,50.7111],[-1.4032,50.7112],[-1.4031,50.7112],[-1.4027,50.711],[-1.4027,50.7108],[-1.4025,50.7107],[-1.4023,50.7106],[-1.4024,50.7104],[-1.4027,50.7103],[-1.4027,50.7101],[-1.4024,50.71],[-1.4025,50.71],[-1.4026,50.7097],[-1.4024,50.7097],[-1.4023,50.7098],[-1.4022,50.7103],[-1.4021,50.7106],[-1.4019,50.7109],[-1.4017,50.7109],[-1.4016,50.7111],[-1.4009,50.711],[-1.4007,50.7109],[-1.4005,50.7108],[-1.4001,50.7108],[-1.4001,50.7109],[-1.4002,50.711],[-1.4006,50.7111],[-1.4011,50.7112],[-1.4014,50.7112],[-1.4016,50.7112],[-1.4016,50.7114],[-1.4017,50.7114],[-1.4017,50.7117],[-1.4023,50.712],[-1.4026,50.7119],[-1.4033,50.7124],[-1.4034,50.7125],[-1.4036,50.7126],[-1.404,50.7128],[-1.4042,50.7129],[-1.4045,50.713],[-1.4047,50.7131],[-1.4051,50.7132],[-1.4056,50.7134],[-1.4059,50.7136],[-1.4061,50.7138],[-1.4065,50.7141],[-1.4069,50.7144],[-1.4075,50.7147],[-1.4078,50.7148],[-1.408,50.7148],[-1.4081,50.7149],[-1.4082,50.715],[-1.4083,50.7151],[-1.4086,50.7151],[-1.4089,50.7152],[-1.409,50.7153],[-1.4092,50.7156],[-1.4092,50.7158],[-1.4076,50.7164],[-1.4073,50.7164],[-1.4069,50.7166],[-1.4066,50.7167],[-1.4058,50.7167],[-1.4052,50.7168],[-1.4049,50.7168],[-1.4047,50.7165],[-1.4043,50.7166],[-1.4039,50.7168],[-1.4036,50.7168],[-1.4026,50.7168],[-1.4022,50.7167],[-1.4016,50.7168],[-1.4008,50.7167],[-1.4005,50.7166],[-1.4003,50.7166],[-1.4,50.7166],[-1.4,50.723],[-1.4,50.7239],[-1.4,50.7267],[-1.4001,50.7268],[-1.4002,50.7269],[-1.4003,50.727],[-1.4004,50.7271],[-1.4007,50.7271],[-1.4009,50.7274],[-1.4014,50.7275],[-1.4015,50.7275],[-1.4017,50.7274],[-1.4023,50.7273],[-1.4028,50.727],[-1.4033,50.7269],[-1.4035,50.7269],[-1.4051,50.7269],[-1.4048,50.727],[-1.4045,50.727],[-1.4044,50.7271],[-1.4039,50.7273],[-1.4037,50.7274],[-1.4035,50.7275],[-1.4033,50.7276],[-1.4029,50.7277],[-1.4024,50.7279],[-1.4023,50.7281],[-1.4011,50.7282],[-1.4009,50.7282],[-1.4008,50.7283],[-1.4002,50.7283],[-1.4,50.7284]]]},"properties":{"mtype":"SAC","name":"Solent Maritime","code":"UK0030059"}},
{"type":"Feature","geometry":{"type":"MultiPolygon","coordinates":[[[[-1.4,50.7679],[-1.4,50.7727],[-1.4,50.7753],[-1.4006,50.7751],[-1.4009,50.775],[-1.4018,50.7747],[-1.4023,50.7745],[-1.4031,50.774],[-1.4032,50.7739],[-1.4037,50.7737],[-1.4044,50.7735],[-1.405,50.7734],[-1.4053,50.7733],[-1.4059,50.7729],[-1.4065,50.7726],[-1.407,50.7724],[-1.4074,50.772],[-1.4076,50.7719],[-1.4076,50.7714],[-1.4077,50.771],[-1.4073,50.771],[-1.4071,50.7711],[-1.407,50.7713],[-1.4069,50.7712],[-1.4069,50.7711],[-1.407,50.771],[-1.4077,50.7708],[-1.4081,50.7707],[-1.4089,50.7704],[-1.4089,50.7705],[-1.4092,50.7704],[-1.4096,50.7703],[-1.4099,50.7702],[-1.4103,50.7701],[-1.4104,50.7699],[-1.4105,50.7694],[-1.4107,50.7691],[-1.4112,50.7688],[-1.4117,50.7686],[-1.4122,50.7684],[-1.4127,50.7683],[-1.4133,50.7681],[-1.4138,50.7679],[-1.4147,50.7676],[-1.4155,50.7673],[-1.4166,50.7671],[-1.4175,50.7669],[-1.4184,50.7666],[-1.4191,50.7665],[-1.4199,50.7664],[-1.4206,50.7664],[-1.4213,50.7664],[-1.4218,50.7664],[-1.4224,50.7664],[-1.423,50.7664],[-1.4235,50.7664],[-1.4245,50.7664],[-1.4248,50.7664],[-1.4254,50.7664],[-1.4258,50.7663],[-1.4264,50.7663],[-1.4273,50.7661],[-1.428,50.7658],[-1.4283,50.7656],[-1.4286,50.7655],[-1.429,50.7655],[-1.4294,50.7654],[-1.4304,50.7655],[-1.4308,50.7654],[-1.4315,50.7653],[-1.4319,50.7653],[-1.433,50.7652],[-1.4335,50.7651],[-1.4342,50.765],[-1.4348,50.765],[-1.4351,50.7649],[-1.4357,50.7648],[-1.436,50.7648],[-1.4364,50.7647],[-1.437,50.7647],[-1.4376,50.7646],[-1.4381,50.7646],[-1.4381,50.7645],[-1.4387,50.7645],[-1.439,50.7645],[-1.4397,50.7643],[-1.4409,50.7641],[-1.4421,50.7639],[-1.4423,50.7638],[-1.4427,50.7635],[-1.4431,50.7632],[-1.4434,50.7631],[-1.4437,50.763],[-1.444,50.7632],[-1.444,50.7635],[-1.4438,50.7638],[-1.4433,50.7643],[-1.443,50.7648],[-1.4431,50.7652],[-1.4431,50.7656],[-1.4437,50.7655],[-1.4449,50.7653],[-1.445,50.7652],[-1.445,50.765],[-1.4452,50.7648],[-1.4457,50.7639],[-1.4458,50.7637],[-1.4463,50.7636],[-1.4465,50.7636],[-1.4469,50.7634],[-1.447,50.7632],[-1.447,50.763],[-1.4469,50.7627],[-1.447,50.7626],[-1.4472,50.7625],[-1.4472,50.7623],[-1.4477,50.7623],[-1.4483,50.7624],[-1.4494,50.7625],[-1.4502,50.7625],[-1.4506,50.7624],[-1.4516,50.7623],[-1.452,50.7623],[-1.4525,50.7622],[-1.4526,50.7622],[-1.453,50.7622],[-1.4536,50.7623],[-1.4538,50.7622],[-1.4543,50.7622],[-1.4554,50.7622],[-1.4558,50.7622],[-1.4561,50.7622],[-1.4566,50.7622],[-1.4571,50.7621],[-1.4579,50.762],[-1.4594,50.7616],[-1.4597,50.7615],[-1.4602,50.7614],[-1.4606,50.7613],[-1.4609,50.7612],[-1.4611,50.7612],[-1.4615,50.7611],[-1.4617,50.7614],[-1.462,50.7618],[-1.4619,50.7618],[-1.4621,50.762],[-1.4624,50.7624],[-1.4625,50.7628],[-1.4627,50.7632],[-1.4632,50.7641],[-1.4635,50.7644],[-1.4636,50.7646],[-1.4637,50.7647],[-1.4637,50.7648],[-1.464,50.765],[-1.4641,50.7653],[-1.4651,50.7654],[-1.4652,50.7654],[-1.4653,50.7652],[-1.4655,50.765],[-1.4662,50.7655],[-1.4663,50.7659],[-1.4664,50.7662],[-1.4672,50.7663],[-1.4688,50.766],[-1.4684,50.7658],[-1.4684,50.7656],[-1.4681,50.7653],[-1.4678,50.7651],[-1.4674,50.7648],[-1.4673,50.7647],[-1.4667,50.7641],[-1.4665,50.7641],[-1.4663,50.764],[-1.466,50.7637],[-1.4659,50.7635],[-1.4658,50.7632],[-1.4658,50.763],[-1.4659,50.763],[-1.4661,50.763],[-1.4663,50.7629],[-1.4666,50.7629],[-1.4667,50.7631],[-1.4669,50.7631],[-1.467,50.7632],[-1.4672,50.7632],[-1.4673,50.7631],[-1.4673,50.7629],[-1.4671,50.7628],[-1.467,50.7628],[-1.4667,50.7627],[-1.4665,50.7627],[-1.466,50.7617],[-1.4658,50.7615],[-1.4655,50.7612],[-1.4653,50.7608],[-1.4653,50.7607],[-1.4662,50.7605],[-1.4672,50.7602],[-1.4674,50.7601],[-1.4676,50.76],[-1.4675,50.7598],[-1.4677,50.7597],[-1.468,50.7596],[-1.4681,50.7596],[-1.4685,50.7594],[-1.4688,50.7593],[-1.4691,50.7593],[-1.4697,50.7592],[-1.47,50.7591],[-1.471,50.7589],[-1.4711,50.759],[-1.4715,50.7589],[-1.472,50.7589],[-1.4725,50.7589],[-1.4728,50.7588],[-1.4732,50.7588],[-1.4733,50.7588],[-1.4733,50.7586],[-1.4736,50.7587],[-1.4738,50.7587],[-1.474,50.7587],[-1.4745,50.7587],[-1.4748,50.7587],[-1.4758,50.7586],[-1.476,50.7585],[-1.4766,50.7584],[-1.4774,50.7583],[-1.4781,50.7581],[-1.4801,50.7576],[-1.4814,50.7572],[-1.4819,50.7569],[-1.4824,50.7567],[-1.4831,50.7564],[-1.483,50.7562],[-1.4835,50.756],[-1.4836,50.7559],[-1.4844,50.7558],[-1.4847,50.7558],[-1.4851,50.7558],[-1.4855,50.7557],[-1.4862,50.7556],[-1.4866,50.7555],[-1.4871,50.7555],[-1.4874,50.7555],[-1.4878,50.7555],[-1.4883,50.7556],[-1.4885,50.7556],[-1.4887,50.7556],[-1.4894,50.7557],[-1.4897,50.7556],[-1.4899,50.7554],[-1.49,50.7554],[-1.4903,50.7553],[-1.491,50.7553],[-1.4924,50.7555],[-1.4927,50.7554],[-1.4931,50.7552],[-1.4934,50.7552],[-1.4936,50.7553],[-1.4943,50.7552],[-1.4946,50.7552],[-1.495,50.7553],[-1.4956,50.7553],[-1.4964,50.7552],[-1.4966,50.7551],[-1.4972,50.7549],[-1.4977,50.7547],[-1.4981,50.7546],[-1.5,50.7545],[-1.501,50.7543],[-1.5012,50.7543],[-1.5014,50.7542],[-1.5017,50.7541],[-1.5018,50.7542],[-1.5025,50.7541],[-1.5028,50.7541],[-1.5038,50.7541],[-1.5043,50.7541],[-1.5048,50.7541],[-1.5054,50.7541],[-1.5055,50.754],[-1.5059,50.7541],[-1.5063,50.7541],[-1.5079,50.7541],[-1.5086,50.7541],[-1.5095,50.7541],[-1.5102,50.754],[-1.5106,50.7539],[-1.511,50.7539],[-1.5117,50.7538],[-1.5123,50.7536],[-1.5131,50.7542],[-1.5133,50.7545],[-1.5135,50.7547],[-1.5137,50.7549],[-1.514,50.7552],[-1.5144,50.755],[-1.5146,50.7547],[-1.5149,50.7546],[-1.5154,50.7545],[-1.5155,50.7547],[-1.5158,50.7546],[-1.5162,50.7545],[-1.5166,50.7544],[-1.517,50.7544],[-1.517,50.7542],[-1.5171,50.7541],[-1.5173,50.754],[-1.5174,50.7539],[-1.5176,50.754],[-1.5179,50.7542],[-1.5187,50.7545],[-1.5194,50.7547],[-1.5212,50.7553],[-1.5215,50.7554],[-1.5222,50.7556],[-1.5224,50.7556],[-1.5235,50.7559],[-1.5233,50.7559],[-1.5237,50.7561],[-1.524,50.7562],[-1.5243,50.7562],[-1.5244,50.7563],[-1.5247,50.7563],[-1.5249,50.7564],[-1.5253,50.7566],[-1.5256,50.7567],[-1.5263,50.757],[-1.5268,50.7571],[-1.527,50.7573],[-1.5271,50.7575],[-1.527,50.7578],[-1.5271,50.7581],[-1.5272,50.7583],[-1.5275,50.7585],[-1.5277,50.7586],[-1.5282,50.7586],[-1.5283,50.7585],[-1.5283,50.7582],[-1.5285,50.758],[-1.5286,50.7578],[-1.5287,50.7573],[-1.5288,50.7571],[-1.5287,50.757],[-1.5283,50.7564],[-1.5282,50.7561],[-1.5279,50.7559],[-1.5278,50.7557],[-1.5266,50.7546],[-1.5262,50.7542],[-1.5255,50.7536],[-1.525,50.7533],[-1.5246,50.7531],[-1.5239,50.7528],[-1.5235,50.7527],[-1.5227,50.7526],[-1.5219,50.7526],[-1.5214,50.7525],[-1.5211,50.7526],[-1.5206,50.7525],[-1.5198,50.7523],[-1.5194,50.7522],[-1.5189,50.752],[-1.5182,50.7516],[-1.5181,50.7515],[-1.5178,50.7513],[-1.5176,50.751],[-1.5175,50.7506],[-1.5174,50.7503],[-1.5174,50.7499],[-1.5175,50.7497],[-1.5175,50.7494],[-1.518,50.7481],[-1.5181,50.7478],[-1.518,50.7474],[-1.5177,50.7469],[-1.5173,50.7465],[-1.5166,50.7459],[-1.5161,50.7455],[-1.5155,50.7453],[-1.5149,50.7449],[-1.5147,50.7449],[-1.5146,50.745],[-1.5146,50.7451],[-1.5144,50.7452],[-1.5141,50.7451],[-1.514,50.745],[-1.5138,50.745],[-1.5137,50.7451],[-1.5134,50.7451],[-1.5129,50.7451],[-1.5122,50.745],[-1.5118,50.745],[-1.5113,50.745],[-1.5108,50.7451],[-1.5105,50.7451],[-1.5101,50.745],[-1.5099,50.745],[-1.5096,50.7448],[-1.5094,50.7445],[-1.5092,50.7444],[-1.5085,50.7443],[-1.5084,50.7443],[-1.508,50.7442],[-1.5079,50.7442],[-1.5076,50.7443],[-1.5071,50.7445],[-1.5068,50.7447],[-1.5065,50.745],[-1.503,50.7452],[-1.5029,50.7451],[-1.5028,50.745],[-1.5026,50.7449],[-1.5023,50.7451],[-1.5022,50.7451],[-1.5021,50.7451],[-1.5019,50.7452],[-1.5018,50.7453],[-1.5013,50.7453],[-1.5011,50.7454],[-1.501,50.7454],[-1.5007,50.7455],[-1.4994,50.7461],[-1.4993,50.7461],[-1.4988,50.7464],[-1.4984,50.7467],[-1.498,50.7471],[-1.4972,50.7476],[-1.497,50.7479],[-1.4969,50.748],[-1.4968,50.7486],[-1.4936,50.7492],[-1.4932,50.7489],[-1.493,50.7487],[-1.4928,50.7487],[-1.4925,50.7488],[-1.4922,50.7488],[-1.4922,50.7489],[-1.4917,50.7489],[-1.4914,50.7489],[-1.4912,50.749],[-1.491,50.7492],[-1.4908,50.7493],[-1.4904,50.7494],[-1.4902,50.7496],[-1.49,50.7497],[-1.4899,50.7497],[-1.4892,50.75],[-1.4885,50.7504],[-1.4882,50.7505],[-1.4877,50.7507],[-1.4871,50.751],[-1.4863,50.7513],[-1.4858,50.7516],[-1.485,50.7522],[-1.4847,50.7525],[-1.4841,50.753],[-1.4836,50.7533],[-1.4832,50.7534],[-1.483,50.7535],[-1.483,50.7536],[-1.4829,50.7536],[-1.4789,50.7536],[-1.4787,50.7536],[-1.4782,50.7538],[-1.4781,50.7538],[-1.4777,50.7539],[-1.4773,50.7541],[-1.4762,50.7547],[-1.4761,50.7548],[-1.4752,50.7554],[-1.4748,50.7556],[-1.4742,50.756],[-1.474,50.7561],[-1.4739,50.7561],[-1.4738,50.7562],[-1.4737,50.7562],[-1.4737,50.7563],[-1.4736,50.7563],[-1.4732,50.7566],[-1.4731,50.7566],[-1.4723,50.757],[-1.4723,50.7571],[-1.4722,50.7571],[-1.4717,50.7573],[-1.4713,50.7573],[-1.4711,50.7574],[-1.4708,50.7576],[-1.4707,50.7576],[-1.4706,50.7578],[-1.4703,50.758],[-1.4696,50.7581],[-1.4695,50.7581],[-1.4694,50.7581],[-1.4689,50.7581],[-1.4685,50.758],[-1.4683,50.7579],[-1.468,50.7579],[-1.4677,50.758],[-1.4667,50.7584],[-1.4666,50.7585],[-1.4664,50.7586],[-1.4658,50.7589],[-1.4654,50.759],[-1.4652,50.759],[-1.4647,50.7591],[-1.4643,50.7591],[-1.4641,50.7591],[-1.464,50.7591],[-1.4637,50.759],[-1.4634,50.7586],[-1.4632,50.7586],[-1.4632,50.7587],[-1.4632,50.7588],[-1.4631,50.7588],[-1.4628,50.7587],[-1.4624,50.7586],[-1.4621,50.7586],[-1.462,50.7586],[-1.462,50.7587],[-1.4623,50.7589],[-1.4625,50.759],[-1.4626,50.759],[-1.4626,50.7591],[-1.4625,50.7592],[-1.4622,50.7593],[-1.462,50.7592],[-1.4617,50.7591],[-1.4617,50.7589],[-1.4614,50.7589],[-1.4612,50.759],[-1.4611,50.759],[-1.461,50.759],[-1.4609,50.759],[-1.4608,50.7589],[-1.4601,50.7588],[-1.46,50.7589],[-1.46,50.7591],[-1.4596,50.7593],[-1.459,50.7595],[-1.4585,50.7596],[-1.4583,50.7596],[-1.4582,50.7596],[-1.4581,50.7596],[-1.458,50.7596],[-1.4579,50.7596],[-1.4578,50.7597],[-1.4577,50.7597],[-1.4573,50.7598],[-1.4571,50.76],[-1.4568,50.7603],[-1.4563,50.7607],[-1.4559,50.7608],[-1.4559,50.7609],[-1.4554,50.761],[-1.4546,50.761],[-1.4541,50.761],[-1.4537,50.7611],[-1.4535,50.7611],[-1.4533,50.7613],[-1.4524,50.7596],[-1.4521,50.759],[-1.4514,50.7577],[-1.4511,50.7571],[-1.4509,50.7567],[-1.4492,50.7571],[-1.4475,50.7575],[-1.4467,50.7576],[-1.4437,50.7583],[-1.441,50.7589],[-1.4381,50.7595],[-1.4328,50.7607],[-1.4267,50.762],[-1.4219,50.7631],[-1.4173,50.7641],[-1.4146,50.7647],[-1.4115,50.7654],[-1.4084,50.7661],[-1.406,50.7666],[-1.403,50.7673],[-1.4028,50.7673],[-1.4013,50.7677],[-1.4,50.7679]]],[[[-1.4,50.778],[-1.4,50.7846],[-1.4008,50.7846],[-1.4012,50.7846],[-1.4014,50.7846],[-1.4025,50.7847],[-1.4028,50.7848],[-1.4033,50.7849],[-1.4036,50.7849],[-1.4043,50.785],[-1.4045,50.7851],[-1.405,50.7853],[-1.4056,50.7854],[-1.4057,50.7854],[-1.4057,50.7858],[-1.4054,50.7863],[-1.4053,50.7865],[-1.4054,50.7866],[-1.4058,50.7866],[-1.4062,50.7867],[-1.4063,50.7867],[-1.4064,50.787],[-1.4067,50.787],[-1.4065,50.7872],[-1.4064,50.7875],[-1.4062,50.788],[-1.4067,50.7881],[-1.4065,50.7884],[-1.4064,50.7888],[-1.4062,50.7893],[-1.4061,50.7896],[-1.406,50.7898],[-1.4058,50.7901],[-1.4054,50.7903],[-1.4053,50.7911],[-1.4049,50.7913],[-1.4049,50.7914],[-1.4052,50.7917],[-1.4055,50.792],[-1.4057,50.7923],[-1.4061,50.7926],[-1.4063,50.7928],[-1.4063,50.7932],[-1.4069,50.7936],[-1.407,50.7937],[-1.4067,50.7942],[-1.4067,50.7944],[-1.4064,50.7946],[-1.4058,50.7948],[-1.4052,50.795],[-1.4052,50.7951],[-1.4054,50.7951],[-1.4059,50.795],[-1.4064,50.7949],[-1.4066,50.7949],[-1.4067,50.7948],[-1.4069,50.7949],[-1.4071,50.7949],[-1.4073,50.7948],[-1.4075,50.7948],[-1.4077,50.7949],[-1.408,50.7951],[-1.4083,50.7957],[-1.4084,50.7959],[-1.4086,50.7963],[-1.4086,50.7966],[-1.4082,50.7966],[-1.4072,50.7966],[-1.4069,50.7965],[-1.4071,50.7969],[-1.407,50.797],[-1.4064,50.7971],[-1.4062,50.7972],[-1.406,50.7973],[-1.406,50.7976],[-1.4059,50.7977],[-1.4057,50.7977],[-1.4056,50.7978],[-1.4057,50.7979],[-1.4058,50.7979],[-1.4058,50.798],[-1.4058,50.799],[-1.4058,50.7993],[-1.406,50.7993],[-1.4076,50.7993],[-1.4081,50.8001],[-1.4081,50.8002],[-1.4087,50.8003],[-1.4089,50.8005],[-1.4088,50.8007],[-1.409,50.8008],[-1.4091,50.8009],[-1.4096,50.8012],[-1.4101,50.8014],[-1.4096,50.8017],[-1.41,50.8019],[-1.4103,50.802],[-1.4101,50.8024],[-1.4101,50.8027],[-1.4103,50.803],[-1.4099,50.8032],[-1.4099,50.8034],[-1.4098,50.8037],[-1.4106,50.8039],[-1.4112,50.8035],[-1.4118,50.8035],[-1.4124,50.804],[-1.4115,50.8043],[-1.4118,50.8044],[-1.412,50.8046],[-1.412,50.8047],[-1.4121,50.8048],[-1.4123,50.8049],[-1.4125,50.8048],[-1.413,50.805],[-1.4133,50.8052],[-1.4135,50.8052],[-1.4134,50.8054],[-1.4136,50.8056],[-1.4139,50.8056],[-1.4138,50.805],[-1.4138,50.8047],[-1.414,50.8044],[-1.4142,50.8041],[-1.4144,50.8039],[-1.415,50.8035],[-1.4153,50.8034],[-1.4158,50.8033],[-1.416,50.8035],[-1.4165,50.8038],[-1.4161,50.8043],[-1.416,50.8047],[-1.4165,50.8053],[-1.4176,50.8064],[-1.4186,50.8071],[-1.419,50.8074],[-1.4195,50.8076],[-1.4206,50.8078],[-1.4229,50.8084],[-1.423,50.8084],[-1.4246,50.8088],[-1.4257,50.8098],[-1.4261,50.8099],[-1.4263,50.8099],[-1.4265,50.8097],[-1.4268,50.8096],[-1.4269,50.8093],[-1.427,50.8094],[-1.4272,50.8094],[-1.4274,50.8097],[-1.4278,50.8101],[-1.428,50.8103],[-1.4284,50.8105],[-1.4288,50.8108],[-1.4292,50.8109],[-1.4291,50.8111],[-1.4292,50.8112],[-1.4295,50.8113],[-1.4303,50.8113],[-1.4306,50.8113],[-1.4309,50.8112],[-1.4313,50.8111],[-1.4316,50.8109],[-1.4321,50.8106],[-1.4325,50.8107],[-1.4323,50.811],[-1.4325,50.8111],[-1.4331,50.811],[-1.4341,50.811],[-1.4342,50.8109],[-1.4348,50.8106],[-1.435,50.8105],[-1.4355,50.8104],[-1.4359,50.8104],[-1.4364,50.8106],[-1.4367,50.8107],[-1.4366,50.8109],[-1.4369,50.8112],[-1.4369,50.8113],[-1.4372,50.8115],[-1.4377,50.8118],[-1.4375,50.8119],[-1.4379,50.8121],[-1.438,50.8124],[-1.438,50.8126],[-1.4379,50.8128],[-1.4374,50.8134],[-1.4374,50.8136],[-1.4375,50.8139],[-1.4377,50.8143],[-1.4378,50.8145],[-1.4383,50.8149],[-1.4383,50.8151],[-1.4381,50.8153],[-1.4381,50.8154],[-1.4383,50.8155],[-1.4387,50.8155],[-1.4394,50.8156],[-1.4398,50.8156],[-1.4403,50.8157],[-1.4412,50.8157],[-1.4415,50.8157],[-1.4418,50.8158],[-1.442,50.8157],[-1.4426,50.8159],[-1.4427,50.8159],[-1.4428,50.8159],[-1.4429,50.8158],[-1.4429,50.8156],[-1.4428,50.8155],[-1.4427,50.8152],[-1.443,50.8152],[-1.443,50.8154],[-1.443,50.8156],[-1.4433,50.8158],[-1.4438,50.8159],[-1.4443,50.8161],[-1.4446,50.8162],[-1.4447,50.8164],[-1.4448,50.8166],[-1.4446,50.8166],[-1.4446,50.8169],[-1.4446,50.8171],[-1.4445,50.8173],[-1.4444,50.8177],[-1.4445,50.8181],[-1.4445,50.8186],[-1.4445,50.8187],[-1.4445,50.8188],[-1.4449,50.8191],[-1.4451,50.8193],[-1.4455,50.8194],[-1.4461,50.8195],[-1.4465,50.8196],[-1.4466,50.8197],[-1.447,50.8199],[-1.4471,50.8199],[-1.4473,50.8198],[-1.4477,50.82],[-1.4483,50.82],[-1.4486,50.8202],[-1.4487,50.8201],[-1.449,50.82],[-1.4494,50.8199],[-1.4498,50.8197],[-1.4502,50.8194],[-1.4505,50.8193],[-1.4512,50.8192],[-1.4512,50.8191],[-1.4509,50.8191],[-1.451,50.8189],[-1.4508,50.8188],[-1.4506,50.8187],[-1.4505,50.8188],[-1.4502,50.8188],[-1.4501,50.8188],[-1.4499,50.8189],[-1.4497,50.8189],[-1.4494,50.819],[-1.4491,50.8188],[-1.4483,50.8188],[-1.4481,50.8188],[-1.4477,50.8188],[-1.4473,50.8187],[-1.4471,50.8186],[-1.4468,50.8183],[-1.4467,50.8183],[-1.4465,50.8181],[-1.4464,50.8177],[-1.4465,50.8175],[-1.4464,50.8171],[-1.4465,50.8169],[-1.4468,50.8165],[-1.4467,50.8162],[-1.4468,50.8158],[-1.4467,50.8155],[-1.4463,50.8152],[-1.4457,50.8149],[-1.4455,50.8147],[-1.4455,50.8145],[-1.4456,50.8142],[-1.4455,50.8142],[-1.4456,50.814],[-1.4458,50.8141],[-1.446,50.8139],[-1.4463,50.8138],[-1.4469,50.8135],[-1.4474,50.8135],[-1.4477,50.8136],[-1.4477,50.8133],[-1.4474,50.8131],[-1.4474,50.813],[-1.4472,50.8129],[-1.447,50.8129],[-1.4467,50.8132],[-1.446,50.813],[-1.4456,50.8127],[-1.4455,50.8127],[-1.4454,50.8128],[-1.4449,50.8133],[-1.4446,50.8132],[-1.444,50.8133],[-1.4438,50.8134],[-1.4433,50.8134],[-1.443,50.8134],[-1.4427,50.8134],[-1.4414,50.8123],[-1.441,50.8119],[-1.4403,50.8114],[-1.4402,50.8115],[-1.4399,50.8116],[-1.4397,50.8112],[-1.4396,50.8112],[-1.4392,50.8108],[-1.4392,50.8107],[-1.4394,50.8107],[-1.4398,50.8105],[-1.4401,50.8103],[-1.4399,50.8102],[-1.4391,50.8105],[-1.4389,50.8104],[-1.4384,50.8102],[-1.4382,50.8099],[-1.4382,50.8098],[-1.439,50.809],[-1.4385,50.8088],[-1.4375,50.8085],[-1.4357,50.8079],[-1.4333,50.8072],[-1.4332,50.8072],[-1.4314,50.8066],[-1.426,50.8048],[-1.4252,50.8046],[-1.4251,50.8045],[-1.425,50.8048],[-1.4248,50.8053],[-1.4244,50.8053],[-1.4237,50.8053],[-1.4235,50.8052],[-1.4226,50.8052],[-1.4222,50.8053],[-1.422,50.8053],[-1.4215,50.8053],[-1.4209,50.8053],[-1.4206,50.8053],[-1.4205,50.8051],[-1.4207,50.8049],[-1.4212,50.8044],[-1.4215,50.8042],[-1.4219,50.8041],[-1.4232,50.8029],[-1.4235,50.8027],[-1.4236,50.8027],[-1.424,50.8025],[-1.4238,50.8025],[-1.4237,50.8025],[-1.4235,50.8026],[-1.4232,50.8028],[-1.4232,50.8029],[-1.423,50.803],[-1.4214,50.8027],[-1.4214,50.8026],[-1.4217,50.8023],[-1.422,50.8022],[-1.4221,50.802],[-1.4224,50.8017],[-1.4227,50.8015],[-1.4227,50.8012],[-1.4227,50.801],[-1.4226,50.8006],[-1.4229,50.8005],[-1.4228,50.8004],[-1.4225,50.8002],[-1.4226,50.8001],[-1.4229,50.8],[-1.4227,50.7999],[-1.4227,50.8],[-1.4223,50.8],[-1.422,50.7998],[-1.4217,50.7997],[-1.4216,50.7996],[-1.4213,50.7995],[-1.421,50.7993],[-1.4208,50.7994],[-1.4207,50.7993],[-1.4206,50.7993],[-1.4207,50.7994],[-1.4205,50.7995],[-1.4202,50.7994],[-1.4203,50.7991],[-1.4202,50.7991],[-1.4201,50.7994],[-1.4199,50.7994],[-1.42,50.7991],[-1.4196,50.7991],[-1.4195,50.7992],[-1.4193,50.7991],[-1.4191,50.7991],[-1.4189,50.7991],[-1.4187,50.7991],[-1.4181,50.7991],[-1.4166,50.7991],[-1.4158,50.7993],[-1.4154,50.7995],[-1.4151,50.7996],[-1.4146,50.7998],[-1.4142,50.7995],[-1.4132,50.7986],[-1.4131,50.7984],[-1.4131,50.7979],[-1.413,50.7975],[-1.4129,50.7973],[-1.4132,50.7964],[-1.4132,50.7963],[-1.4129,50.796],[-1.4129,50.795],[-1.4129,50.7949],[-1.4131,50.7947],[-1.4135,50.7947],[-1.4134,50.7946],[-1.4131,50.7942],[-1.4129,50.7941],[-1.4125,50.7936],[-1.413,50.7934],[-1.4131,50.7934],[-1.413,50.7932],[-1.4128,50.7932],[-1.4122,50.7933],[-1.412,50.7933],[-1.4117,50.7927],[-1.4115,50.7922],[-1.4114,50.7918],[-1.4114,50.7914],[-1.4114,50.7913],[-1.4116,50.791],[-1.4121,50.7904],[-1.4123,50.7901],[-1.4119,50.7898],[-1.4117,50.7896],[-1.4119,50.7891],[-1.4123,50.7887],[-1.4129,50.7882],[-1.4131,50.7881],[-1.4133,50.7879],[-1.4135,50.7877],[-1.4136,50.7875],[-1.414,50.7872],[-1.414,50.7871],[-1.4138,50.787],[-1.4138,50.7869],[-1.4135,50.7865],[-1.4134,50.7862],[-1.4132,50.7859],[-1.4132,50.7858],[-1.4132,50.7855],[-1.4134,50.7853],[-1.4132,50.7849],[-1.4131,50.7848],[-1.413,50.7845],[-1.4129,50.7842],[-1.413,50.784],[-1.4129,50.7839],[-1.4127,50.7839],[-1.4125,50.7839],[-1.4122,50.7837],[-1.4119,50.7836],[-1.4119,50.7834],[-1.4115,50.7833],[-1.4113,50.7832],[-1.411,50.7831],[-1.4107,50.783],[-1.4106,50.7829],[-1.4104,50.7828],[-1.4101,50.7828],[-1.4097,50.7827],[-1.4095,50.7825],[-1.4093,50.7825],[-1.4091,50.7825],[-1.4088,50.7826],[-1.4088,50.7824],[-1.4086,50.7825],[-1.4081,50.7822],[-1.4071,50.7818],[-1.4068,50.7817],[-1.4066,50.7816],[-1.4064,50.7814],[-1.4063,50.7812],[-1.4061,50.7811],[-1.4059,50.781],[-1.4058,50.7809],[-1.4055,50.7807],[-1.405,50.7805],[-1.4047,50.7803],[-1.4043,50.7801],[-1.4041,50.7801],[-1.4039,50.7801],[-1.4035,50.7798],[-1.4033,50.7796],[-1.4026,50.7792],[-1.4017,50.7788],[-1.4008,50.7784],[-1.4,50.778]]]]},"properties":{"mtype":"SAC","name":"Solent Maritime","code":"UK0030059"}},
{"type":"Feature","geometry":{"type":"Polygon","coordinates":[[[-1.5163,50.7421],[-1.5167,50.7425],[-1.5168,50.7429],[-1.5169,50.7433],[-1.5169,50.7437],[-1.517,50.744],[-1.5172,50.7443],[-1.5176,50.7447],[-1.518,50.745],[-1.5189,50.7456],[-1.5192,50.7458],[-1.5196,50.746],[-1.5199,50.7461],[-1.5203,50.7467],[-1.5202,50.7469],[-1.5202,50.7472],[-1.5201,50.7475],[-1.5201,50.7478],[-1.52,50.748],[-1.5198,50.7487],[-1.5198,50.7488],[-1.5197,50.7491],[-1.5195,50.7498],[-1.5195,50.7501],[-1.5196,50.7504],[-1.5197,50.7507],[-1.5198,50.7508],[-1.52,50.7509],[-1.5205,50.7511],[-1.5212,50.7512],[-1.5219,50.7513],[-1.5226,50.7514],[-1.5235,50.7515],[-1.5237,50.7515],[-1.5249,50.7519],[-1.5255,50.7513],[-1.5257,50.751],[-1.5264,50.7503],[-1.5265,50.7501],[-1.5263,50.7498],[-1.5263,50.7497],[-1.5258,50.7495],[-1.5254,50.749],[-1.5253,50.7489],[-1.5254,50.7486],[-1.5258,50.7482],[-1.527,50.7472],[-1.5271,50.7471],[-1.5267,50.7462],[-1.5266,50.7458],[-1.5266,50.7456],[-1.5266,50.7451],[-1.5265,50.745],[-1.5259,50.7446],[-1.526,50.7445],[-1.5289,50.7432],[-1.5306,50.7424],[-1.5313,50.743],[-1.5319,50.7435],[-1.5322,50.7439],[-1.5325,50.7443],[-1.5327,50.7443],[-1.5329,50.7443],[-1.5335,50.7439],[-1.5337,50.7438],[-1.5342,50.7443],[-1.5346,50.7448],[-1.5348,50.7449],[-1.5349,50.7449],[-1.5353,50.7444],[-1.5357,50.7445],[-1.5359,50.7446],[-1.5367,50.7449],[-1.5371,50.7451],[-1.5373,50.7451],[-1.5374,50.7451],[-1.5372,50.7449],[-1.5363,50.7447],[-1.5356,50.7444],[-1.5356,50.7443],[-1.5361,50.7437],[-1.5364,50.7435],[-1.5369,50.7431],[-1.5369,50.743],[-1.5371,50.7422],[-1.5369,50.7422],[-1.5366,50.7422],[-1.5364,50.7421],[-1.5362,50.742],[-1.5358,50.742],[-1.5353,50.7419],[-1.5352,50.7418],[-1.5362,50.7409],[-1.5364,50.7407],[-1.5372,50.7397],[-1.5374,50.7395],[-1.5372,50.7395],[-1.5368,50.7397],[-1.5365,50.7398],[-1.5362,50.7399],[-1.5351,50.7407],[-1.5348,50.7409],[-1.5347,50.741],[-1.5344,50.7409],[-1.5342,50.741],[-1.5335,50.7413],[-1.5333,50.7413],[-1.5314,50.7403],[-1.5313,50.7402],[-1.5313,50.7399],[-1.5314,50.7397],[-1.5319,50.7394],[-1.5319,50.7393],[-1.5317,50.739],[-1.5313,50.7387],[-1.5311,50.7384],[-1.5311,50.738],[-1.531,50.7372],[-1.5311,50.737],[-1.5316,50.7368],[-1.5317,50.7365],[-1.532,50.7362],[-1.5322,50.7361],[-1.5326,50.7358],[-1.5331,50.7353],[-1.5335,50.735],[-1.5346,50.7345],[-1.5348,50.7345],[-1.5353,50.7345],[-1.5355,50.7344],[-1.5357,50.734],[-1.536,50.7337],[-1.5361,50.7335],[-1.5376,50.7323],[-1.5388,50.7314],[-1.5407,50.7299],[-1.5399,50.7296],[-1.54,50.7295],[-1.5402,50.7296],[-1.5409,50.7298],[-1.5415,50.7294],[-1.5423,50.7288],[-1.5433,50.7281],[-1.544,50.7277],[-1.5456,50.727],[-1.5457,50.7271],[-1.546,50.7276],[-1.5466,50.7283],[-1.5468,50.7284],[-1.5469,50.7284],[-1.5471,50.7283],[-1.5472,50.7282],[-1.5488,50.7284],[-1.5501,50.7286],[-1.5503,50.7285],[-1.5513,50.7281],[-1.5521,50.7279],[-1.5524,50.7277],[-1.5525,50.7276],[-1.5525,50.7274],[-1.5529,50.7268],[-1.5532,50.7263],[-1.5537,50.7254],[-1.5543,50.7245],[-1.5544,50.7242],[-1.5546,50.7241],[-1.5547,50.7239],[-1.5546,50.7235],[-1.5546,50.7232],[-1.5548,50.7229],[-1.5551,50.7226],[-1.5553,50.7224],[-1.5557,50.7222],[-1.5561,50.7222],[-1.5567,50.7221],[-1.5573,50.722],[-1.5577,50.7218],[-1.5584,50.7216],[-1.5588,50.7215],[-1.5591,50.7213],[-1.5596,50.7212],[-1.5602,50.7211],[-1.5608,50.7211],[-1.5614,50.7212],[-1.5617,50.7212],[-1.5622,50.7214],[-1.563,50.7218],[-1.5635,50.722],[-1.5637,50.7222],[-1.5639,50.7225],[-1.5646,50.7231],[-1.5648,50.7231],[-1.5652,50.7229],[-1.5653,50.723],[-1.5656,50.7229],[-1.5662,50.7227],[-1.5662,50.7226],[-1.5667,50.7226],[-1.5675,50.7225],[-1.5662,50.7223],[-1.5661,50.7222],[-1.5657,50.7223],[-1.5657,50.7222],[-1.5659,50.7222],[-1.5661,50.7221],[-1.5662,50.722],[-1.5659,50.7218],[-1.5659,50.7217],[-1.5655,50.7215],[-1.5653,50.7213],[-1.5651,50.7212],[-1.5649,50.7211],[-1.565,50.7209],[-1.5653,50.7208],[-1.5668,50.7201],[-1.5675,50.7198],[-1.5697,50.7188],[-1.5709,50.7183],[-1.5711,50.7182],[-1.5724,50.7178],[-1.5728,50.7177],[-1.5731,50.7177],[-1.5733,50.7176],[-1.5741,50.7174],[-1.5742,50.7173],[-1.5746,50.717],[-1.575,50.7168],[-1.5756,50.7167],[-1.5762,50.7166],[-1.5767,50.7165],[-1.5769,50.7165],[-1.5775,50.7168],[-1.5782,50.7171],[-1.5794,50.7178],[-1.5803,50.7182],[-1.5804,50.7183],[-1.5805,50.7186],[-1.5806,50.7188],[-1.5808,50.7192],[-1.5809,50.7194],[-1.5811,50.7198],[-1.5815,50.7203],[-1.5819,50.7207],[-1.5822,50.7209],[-1.5823,50.7213],[-1.5824,50.7216],[-1.5829,50.7221],[-1.5836,50.7218],[-1.5839,50.7216],[-1.5829,50.721],[-1.5829,50.7207],[-1.5828,50.7199],[-1.5826,50.7194],[-1.5824,50.7192],[-1.5821,50.719],[-1.5819,50.7189],[-1.5818,50.7188],[-1.5812,50.7185],[-1.5809,50.7184],[-1.5805,50.7183],[-1.5805,50.7182],[-1.5791,50.7175],[-1.5778,50.7168],[-1.5773,50.7165],[-1.5771,50.7164],[-1.5774,50.7163],[-1.5779,50.7161],[-1.577,50.7155],[-1.5766,50.7154],[-1.5762,50.7153],[-1.5754,50.7148],[-1.5743,50.7141],[-1.5731,50.7133],[-1.572,50.7126],[-1.5719,50.7126],[-1.5702,50.7115],[-1.5691,50.7109],[-1.5688,50.7108],[-1.5679,50.7103],[-1.567,50.7099],[-1.5664,50.7096],[-1.566,50.7094],[-1.5653,50.709],[-1.5641,50.7086],[-1.563,50.7083],[-1.5623,50.7081],[-1.5612,50.7078],[-1.5608,50.7077],[-1.5598,50.7075],[-1.5579,50.707],[-1.5572,50.7068],[-1.5564,50.7065],[-1.5561,50.7064],[-1.5559,50.7064],[-1.556,50.7066],[-1.5561,50.7068],[-1.5561,50.707],[-1.556,50.7071],[-1.5558,50.707],[-1.5559,50.7069],[-1.5558,50.7067],[-1.5557,50.7066],[-1.5553,50.7065],[-1.555,50.7064],[-1.5548,50.7064],[-1.5548,50.7065],[-1.5547,50.7067],[-1.5545,50.7068],[-1.5543,50.7068],[-1.5538,50.7067],[-1.5535,50.7066],[-1.5532,50.7066],[-1.5524,50.7066],[-1.552,50.7067],[-1.5515,50.707],[-1.5521,50.7078],[-1.5522,50.7078],[-1.5524,50.7081],[-1.5521,50.7082],[-1.5521,50.7083],[-1.5519,50.7084],[-1.5515,50.7085],[-1.5512,50.7087],[-1.5505,50.7081],[-1.5502,50.7083],[-1.5498,50.7084],[-1.5497,50.7085],[-1.5501,50.7087],[-1.5504,50.7089],[-1.5509,50.7092],[-1.5514,50.7097],[-1.552,50.7105],[-1.5521,50.7107],[-1.5524,50.711],[-1.5525,50.7112],[-1.5527,50.7115],[-1.5529,50.7118],[-1.553,50.7121],[-1.5532,50.7125],[-1.5534,50.7127],[-1.5535,50.7131],[-1.5536,50.7133],[-1.5541,50.7137],[-1.5543,50.7139],[-1.5544,50.7141],[-1.5546,50.7143],[-1.5548,50.7144],[-1.555,50.7144],[-1.5553,50.7144],[-1.5556,50.7142],[-1.5565,50.7142],[-1.5564,50.7143],[-1.5563,50.7144],[-1.5561,50.7147],[-1.5559,50.7149],[-1.5555,50.7151],[-1.5551,50.7154],[-1.5548,50.7158],[-1.5545,50.7163],[-1.5542,50.7168],[-1.554,50.7169],[-1.5535,50.7173],[-1.5531,50.7175],[-1.5523,50.7179],[-1.5511,50.7183],[-1.5504,50.7186],[-1.5503,50.7186],[-1.5503,50.7187],[-1.5502,50.7188],[-1.5501,50.7189],[-1.55,50.7189],[-1.5499,50.7189],[-1.5497,50.719],[-1.5494,50.7192],[-1.5494,50.7193],[-1.5493,50.7193],[-1.549,50.7195],[-1.5487,50.7196],[-1.5483,50.7198],[-1.5481,50.7202],[-1.5479,50.7203],[-1.5475,50.7208],[-1.5468,50.7213],[-1.5465,50.7216],[-1.5458,50.7221],[-1.5453,50.7224],[-1.5451,50.7226],[-1.5449,50.7227],[-1.5449,50.723],[-1.545,50.7231],[-1.545,50.7232],[-1.5446,50.7236],[-1.5446,50.7237],[-1.5447,50.7238],[-1.5447,50.7239],[-1.5448,50.724],[-1.5451,50.7242],[-1.5454,50.7241],[-1.5455,50.7242],[-1.5453,50.7245],[-1.5452,50.7247],[-1.5451,50.7251],[-1.545,50.7253],[-1.5449,50.7254],[-1.5446,50.7255],[-1.5442,50.7257],[-1.5438,50.726],[-1.5403,50.7268],[-1.5393,50.727],[-1.5388,50.7271],[-1.5386,50.7272],[-1.5383,50.7273],[-1.5381,50.7273],[-1.538,50.7273],[-1.5379,50.7272],[-1.5378,50.7272],[-1.5376,50.7273],[-1.5374,50.7272],[-1.5373,50.7272],[-1.5372,50.7273],[-1.5373,50.7274],[-1.5371,50.7273],[-1.5369,50.7274],[-1.537,50.7275],[-1.5368,50.7277],[-1.5369,50.7278],[-1.5362,50.7283],[-1.5362,50.7285],[-1.5359,50.7286],[-1.5357,50.7288],[-1.5356,50.7288],[-1.5355,50.729],[-1.535,50.7291],[-1.5349,50.7292],[-1.5348,50.7292],[-1.5346,50.7293],[-1.5345,50.7294],[-1.5346,50.7297],[-1.5346,50.7298],[-1.5342,50.7299],[-1.5342,50.73],[-1.5341,50.7301],[-1.5338,50.7303],[-1.5336,50.7303],[-1.5336,50.7304],[-1.5335,50.7304],[-1.5334,50.7306],[-1.5333,50.7308],[-1.533,50.7312],[-1.5326,50.7314],[-1.5323,50.7314],[-1.5323,50.7315],[-1.5321,50.7316],[-1.532,50.7317],[-1.5317,50.7318],[-1.5315,50.7319],[-1.5313,50.732],[-1.5312,50.732],[-1.5313,50.7321],[-1.5309,50.7323],[-1.5306,50.7325],[-1.5305,50.7325],[-1.5302,50.7325],[-1.5301,50.7326],[-1.5303,50.7327],[-1.5303,50.7328],[-1.5302,50.7329],[-1.5301,50.733],[-1.53,50.7331],[-1.5299,50.7332],[-1.5295,50.7334],[-1.5293,50.7336],[-1.5293,50.7338],[-1.5253,50.7355],[-1.5241,50.736],[-1.5241,50.7361],[-1.524,50.7361],[-1.524,50.7362],[-1.5239,50.7363],[-1.5238,50.7362],[-1.5231,50.7362],[-1.5228,50.7362],[-1.5227,50.7363],[-1.5224,50.7364],[-1.5222,50.7365],[-1.5221,50.7368],[-1.5217,50.7374],[-1.5214,50.7377],[-1.5212,50.7378],[-1.5206,50.7383],[-1.5203,50.7384],[-1.5202,50.7385],[-1.5202,50.7386],[-1.5201,50.7386],[-1.5197,50.7388],[-1.5194,50.7391],[-1.5191,50.7392],[-1.5186,50.7394],[-1.5183,50.7395],[-1.5179,50.7397],[-1.5176,50.74],[-1.517,50.7404],[-1.5168,50.7406],[-1.5167,50.7407],[-1.5164,50.7412],[-1.5163,50.7417],[-1.5163,50.7418],[-1.5163,50.7421]]]},"properties":{"mtype":"SAC","name":"Solent Maritime","code":"UK0030059"}},
{"type":"Feature","geometry":{"type":"Polygon","coordinates":[[[-1.4309,50.705],[-1.4315,50.7049],[-1.432,50.705],[-1.4329,50.7049],[-1.4336,50.7048],[-1.4339,50.7047],[-1.4343,50.7046],[-1.4346,50.7043],[-1.435,50.7043],[-1.4349,50.7041],[-1.4353,50.704],[-1.4355,50.7038],[-1.4358,50.7036],[-1.4358,50.7035],[-1.4352,50.7039],[-1.4346,50.704],[-1.4344,50.7041],[-1.4341,50.7042],[-1.434,50.7044],[-1.4337,50.7043],[-1.4335,50.7043],[-1.4331,50.7044],[-1.4322,50.7045],[-1.4318,50.7044],[-1.4317,50.7043],[-1.4315,50.7045],[-1.431,50.7045],[-1.4308,50.7045],[-1.4309,50.705]]]},"properties":{"mtype":"SAC","name":"Solent Maritime","code":"UK0030059"}},
{"type":"Feature","geometry":{"type":"Polygon","coordinates":[[[-1.4644,50.7583],[-1.4641,50.7585],[-1.464,50.7588],[-1.4642,50.7588],[-1.4642,50.7586],[-1.4644,50.7584],[-1.4644,50.7583]]]},"properties":{"mtype":"SAC","name":"Solent Maritime","code":"UK0030059"}},
{"type":"Feature","geometry":{"type":"Polygon","coordinates":[[[-1.464,50.7582],[-1.4638,50.7583],[-1.4639,50.7584],[-1.464,50.7582]]]},"properties":{"mtype":"SAC","name":"Solent Maritime","code":"UK0030059"}},
{"type":"Feature","geometry":{"type":"Polygon","coordinates":[[[-1.463,50.7587],[-1.4632,50.7585],[-1.463,50.7585],[-1.463,50.7587]]]},"properties":{"mtype":"SAC","name":"Solent Maritime","code":"UK0030059"}},
{"type":"Feature","geometry":{"type":"Polygon","coordinates":[[[-1.9631,50.5965],[-1.963,50.596],[-1.9628,50.5954],[-1.9626,50.5947],[-1.9626,50.5946],[-1.963,50.5946],[-1.9637,50.5947],[-1.9643,50.5947],[-1.9648,50.5947],[-1.9651,50.5947],[-1.9653,50.5948],[-1.9653,50.5949],[-1.9656,50.5948],[-1.966,50.5947],[-1.9661,50.5946],[-1.969,50.5945],[-1.969,50.5947],[-1.97,50.5947],[-1.9708,50.5947],[-1.9714,50.5948],[-1.9727,50.5948],[-1.9726,50.5943],[-1.9726,50.5939],[-1.9733,50.5938],[-1.9738,50.5938],[-1.9761,50.5938],[-1.9761,50.5935],[-1.9777,50.5935],[-1.9791,50.5935],[-1.9817,50.5936],[-1.9817,50.5939],[-1.9818,50.5938],[-1.983,50.5938],[-1.9832,50.5938],[-1.9839,50.5938],[-1.9843,50.5938],[-1.9843,50.5939],[-1.9846,50.5939],[-1.9849,50.5939],[-1.9867,50.594],[-1.9881,50.5941],[-1.9883,50.5938],[-1.9886,50.5937],[-1.989,50.5936],[-1.9893,50.5935],[-1.9895,50.5934],[-1.9901,50.5934],[-1.9911,50.5934],[-1.9919,50.5936],[-1.9926,50.5936],[-1.9933,50.5935],[-1.9938,50.5937],[-1.9938,50.5935],[-1.9939,50.5935],[-1.9949,50.5936],[-1.995,50.5933],[-1.9952,50.5933],[-1.9958,50.5933],[-1.9968,50.5935],[-1.997,50.5936],[-1.9975,50.594],[-1.9976,50.5942],[-1.9977,50.5945],[-1.9977,50.5951],[-1.9978,50.5952],[-1.999,50.5955],[-1.999,50.5957],[-1.9992,50.5957],[-2.0014,50.5958],[-2.0016,50.5959],[-2.0018,50.5955],[-2.0019,50.595],[-2.0019,50.5942],[-2.002,50.5942],[-2.0032,50.5945],[-2.0049,50.5947],[-2.0056,50.5947],[-2.006,50.5947],[-2.0061,50.5952],[-2.0065,50.5951],[-2.007,50.5952],[-2.0085,50.5953],[-2.0085,50.5952],[-2.0086,50.5951],[-2.0087,50.5948],[-2.0088,50.5947],[-2.0091,50.5944],[-2.0091,50.5942],[-2.0091,50.5941],[-2.009,50.5939],[-2.0092,50.5938],[-2.0094,50.5935],[-2.0097,50.5935],[-2.0099,50.5935],[-2.0102,50.5934],[-2.011,50.5933],[-2.0112,50.5935],[-2.0115,50.5937],[-2.0118,50.594],[-2.0119,50.594],[-2.0121,50.5942],[-2.0123,50.5942],[-2.0126,50.5944],[-2.0135,50.5947],[-2.0141,50.595],[-2.0146,50.595],[-2.015,50.5949],[-2.0154,50.5947],[-2.0158,50.5944],[-2.0158,50.5939],[-2.0158,50.593],[-2.0158,50.5928],[-2.016,50.5927],[-2.0167,50.5926],[-2.0177,50.5926],[-2.0179,50.5926],[-2.0187,50.5926],[-2.0188,50.5927],[-2.0189,50.5952],[-2.0193,50.5953],[-2.0201,50.5954],[-2.0206,50.5955],[-2.0204,50.5962],[-2.0205,50.5965],[-2.0204,50.5968],[-2.0205,50.5972],[-2.0205,50.5975],[-2.0205,50.5978],[-2.0206,50.5983],[-2.0207,50.5987],[-2.0208,50.5993],[-2.0209,50.5998],[-2.0219,50.5998],[-2.0223,50.5998],[-2.0227,50.5999],[-2.0234,50.5999],[-2.0237,50.5998],[-2.024,50.6],[-2.0243,50.5998],[-2.0248,50.5997],[-2.0251,50.5997],[-2.025,50.5995],[-2.0254,50.5995],[-2.0257,50.5995],[-2.0271,50.599],[-2.0289,50.5988],[-2.0293,50.5988],[-2.0295,50.5988],[-2.0298,50.5988],[-2.0298,50.599],[-2.0298,50.5991],[-2.0298,50.5994],[-2.0301,50.6],[-2.0302,50.6002],[-2.0309,50.5995],[-2.0319,50.5987],[-2.0318,50.5985],[-2.0319,50.5982],[-2.0321,50.5979],[-2.0321,50.5976],[-2.032,50.5973],[-2.0317,50.5967],[-2.0316,50.5962],[-2.0315,50.5958],[-2.0316,50.5953],[-2.0318,50.5951],[-2.0317,50.595],[-2.0315,50.5944],[-2.0312,50.594],[-2.0307,50.5936],[-2.0305,50.5936],[-2.0297,50.5927],[-2.0292,50.5922],[-2.029,50.5918],[-2.029,50.5914],[-2.0287,50.5914],[-2.0285,50.5915],[-2.028,50.5914],[-2.028,50.5917],[-2.0281,50.592],[-2.0287,50.5929],[-2.0288,50.5932],[-2.0291,50.5941],[-2.0293,50.5949],[-2.0293,50.5952],[-2.0288,50.5949],[-2.0281,50.5946],[-2.0278,50.5944],[-2.0275,50.5942],[-2.0271,50.5939],[-2.0268,50.5937],[-2.0267,50.5935],[-2.0266,50.5934],[-2.0267,50.5932],[-2.0267,50.5929],[-2.0267,50.5927],[-2.0262,50.592],[-2.0262,50.5918],[-2.026,50.5917],[-2.0257,50.5918],[-2.0247,50.5912],[-2.0245,50.591],[-2.0243,50.5908],[-2.0243,50.5905],[-2.0243,50.5902],[-2.0242,50.5901],[-2.0244,50.5896],[-2.0246,50.5895],[-2.0247,50.5894],[-2.0251,50.5894],[-2.0255,50.5891],[-2.0258,50.5892],[-2.0259,50.5893],[-2.0265,50.5891],[-2.0273,50.5891],[-2.0279,50.5889],[-2.028,50.5886],[-2.0284,50.5882],[-2.0288,50.5877],[-2.0293,50.5873],[-2.0305,50.5864],[-2.0307,50.5861],[-2.0313,50.5855],[-2.0321,50.5853],[-2.0328,50.5848],[-2.0334,50.5851],[-2.034,50.5852],[-2.0344,50.585],[-2.0344,50.5849],[-2.0346,50.5849],[-2.0349,50.585],[-2.0351,50.5852],[-2.0354,50.5853],[-2.0355,50.5854],[-2.0357,50.5855],[-2.0362,50.5857],[-2.0366,50.5859],[-2.037,50.5859],[-2.0374,50.5861],[-2.0374,50.5862],[-2.0383,50.5862],[-2.0383,50.5865],[-2.0394,50.5864],[-2.0395,50.5864],[-2.04,50.5864],[-2.0405,50.5866],[-2.0406,50.5867],[-2.0411,50.587],[-2.0416,50.5871],[-2.0412,50.5867],[-2.041,50.5865],[-2.0407,50.5861],[-2.0405,50.5858],[-2.0401,50.5857],[-2.0394,50.5856],[-2.0389,50.5856],[-2.0384,50.5856],[-2.0375,50.5854],[-2.0369,50.5852],[-2.0364,50.585],[-2.0361,50.5847],[-2.0357,50.5846],[-2.0353,50.5845],[-2.0351,50.5842],[-2.0354,50.5836],[-2.0367,50.5828],[-2.0373,50.5823],[-2.038,50.5819],[-2.0384,50.5817],[-2.0386,50.5817],[-2.04,50.5808],[-2.0397,50.5803],[-2.0407,50.5801],[-2.0409,50.58],[-2.0421,50.5795],[-2.0431,50.5793],[-2.0444,50.579],[-2.0466,50.5788],[-2.047,50.5791],[-2.0475,50.5791],[-2.0486,50.5788],[-2.0489,50.5789],[-2.0493,50.5793],[-2.0495,50.5793],[-2.0498,50.5792],[-2.0505,50.5792],[-2.0509,50.5792],[-2.0513,50.5793],[-2.0522,50.5793],[-2.0528,50.579],[-2.0531,50.5791],[-2.0546,50.5791],[-2.0551,50.5788],[-2.055,50.5788],[-2.0551,50.5765],[-2.0549,50.5765],[-2.0547,50.5765],[-2.0544,50.5765],[-2.0542,50.5766],[-2.0541,50.5767],[-2.054,50.5767],[-2.054,50.5768],[-2.0539,50.5768],[-2.0538,50.5769],[-2.0536,50.577],[-2.0534,50.5772],[-2.0533,50.5772],[-2.0533,50.5773],[-2.0532,50.5774],[-2.0531,50.5774],[-2.053,50.5774],[-2.0529,50.5774],[-2.0525,50.5776],[-2.0524,50.5776],[-2.0523,50.5776],[-2.052,50.5776],[-2.0519,50.5776],[-2.0516,50.5776],[-2.0513,50.5776],[-2.0511,50.5777],[-2.0509,50.5778],[-2.0507,50.5777],[-2.0505,50.5778],[-2.0504,50.5778],[-2.0503,50.5778],[-2.0502,50.5779],[-2.0498,50.5777],[-2.0496,50.5777],[-2.0494,50.5779],[-2.0492,50.578],[-2.0491,50.578],[-2.0489,50.5781],[-2.0488,50.5781],[-2.048,50.5784],[-2.0478,50.5784],[-2.0475,50.5785],[-2.0471,50.5786],[-2.047,50.5786],[-2.0469,50.5786],[-2.0467,50.5786],[-2.0466,50.5786],[-2.0465,50.5786],[-2.0463,50.5785],[-2.0462,50.5785],[-2.0458,50.5786],[-2.0457,50.5787],[-2.0456,50.5787],[-2.0454,50.5787],[-2.0453,50.5787],[-2.0449,50.5788],[-2.0448,50.5788],[-2.0445,50.5789],[-2.0444,50.5789],[-2.0443,50.5789],[-2.0441,50.5789],[-2.044,50.5789],[-2.0437,50.579],[-2.0435,50.579],[-2.0432,50.5791],[-2.0431,50.5791],[-2.043,50.5791],[-2.0429,50.5791],[-2.0428,50.5791],[-2.0426,50.5792],[-2.0425,50.5792],[-2.0423,50.5793],[-2.0422,50.5793],[-2.0421,50.5793],[-2.042,50.5793],[-2.0419,50.5794],[-2.0419,50.5795],[-2.0417,50.5795],[-2.0416,50.5795],[-2.0416,50.5796],[-2.0415,50.5797],[-2.041,50.5797],[-2.0409,50.5797],[-2.0408,50.5797],[-2.0406,50.5798],[-2.0405,50.5798],[-2.0404,50.5799],[-2.0403,50.58],[-2.0402,50.58],[-2.0402,50.5801],[-2.0401,50.5801],[-2.0399,50.5801],[-2.0398,50.5802],[-2.0397,50.5801],[-2.0396,50.5801],[-2.0394,50.5802],[-2.0392,50.5805],[-2.0392,50.5806],[-2.0391,50.5806],[-2.0391,50.5807],[-2.039,50.5807],[-2.0388,50.5808],[-2.0387,50.581],[-2.0386,50.5811],[-2.0386,50.5812],[-2.0387,50.5813],[-2.0387,50.5814],[-2.0387,50.5815],[-2.0386,50.5815],[-2.0385,50.5815],[-2.0384,50.5815],[-2.0382,50.5814],[-2.0381,50.5814],[-2.0379,50.5813],[-2.0379,50.5814],[-2.0378,50.5814],[-2.0379,50.5815],[-2.0378,50.5815],[-2.0377,50.5815],[-2.0376,50.5815],[-2.0375,50.5816],[-2.0374,50.5816],[-2.0373,50.5817],[-2.0373,50.5818],[-2.0371,50.5818],[-2.037,50.5819],[-2.0369,50.5819],[-2.0369,50.582],[-2.0368,50.582],[-2.0367,50.5821],[-2.0368,50.5821],[-2.0367,50.5821],[-2.0366,50.5822],[-2.0365,50.5822],[-2.0364,50.5823],[-2.0363,50.5823],[-2.036,50.5825],[-2.0359,50.5825],[-2.0358,50.5825],[-2.0357,50.5827],[-2.0356,50.5827],[-2.0354,50.5827],[-2.0353,50.5828],[-2.0352,50.5829],[-2.0351,50.583],[-2.035,50.583],[-2.035,50.5831],[-2.0349,50.5831],[-2.0348,50.5832],[-2.0347,50.5832],[-2.0347,50.5833],[-2.0346,50.5833],[-2.0345,50.5833],[-2.0344,50.5834],[-2.0343,50.5834],[-2.0342,50.5835],[-2.0341,50.5835],[-2.034,50.5835],[-2.034,50.5836],[-2.0339,50.5836],[-2.0337,50.5837],[-2.0337,50.5838],[-2.0335,50.5839],[-2.0334,50.584],[-2.0335,50.5841],[-2.0334,50.5841],[-2.0333,50.5841],[-2.0332,50.5841],[-2.0331,50.5843],[-2.0331,50.5842],[-2.033,50.5842],[-2.033,50.5841],[-2.0331,50.5841],[-2.0329,50.584],[-2.0328,50.584],[-2.0326,50.5841],[-2.0324,50.5843],[-2.0323,50.5843],[-2.0324,50.5843],[-2.0323,50.5844],[-2.0323,50.5843],[-2.0322,50.5843],[-2.0322,50.5844],[-2.0321,50.5845],[-2.0321,50.5844],[-2.032,50.5844],[-2.0319,50.5844],[-2.0319,50.5845],[-2.0318,50.5846],[-2.0319,50.5846],[-2.0318,50.5846],[-2.0318,50.5847],[-2.0317,50.5847],[-2.0317,50.5848],[-2.0316,50.5849],[-2.0315,50.5849],[-2.0314,50.585],[-2.0313,50.5851],[-2.0312,50.5851],[-2.031,50.5852],[-2.031,50.5853],[-2.0309,50.5855],[-2.0308,50.5856],[-2.0306,50.5858],[-2.0305,50.5859],[-2.0304,50.586],[-2.0304,50.5861],[-2.0303,50.5862],[-2.03,50.5864],[-2.0298,50.5865],[-2.0298,50.5866],[-2.0297,50.5866],[-2.0297,50.5867],[-2.0296,50.5868],[-2.0294,50.587],[-2.0292,50.587],[-2.029,50.5871],[-2.0289,50.5872],[-2.0287,50.5875],[-2.0285,50.5876],[-2.0284,50.5877],[-2.0283,50.5878],[-2.0283,50.5879],[-2.0279,50.5881],[-2.0276,50.5884],[-2.0273,50.5885],[-2.0271,50.5886],[-2.0269,50.5886],[-2.0267,50.5887],[-2.0268,50.5888],[-2.0268,50.5889],[-2.0264,50.589],[-2.026,50.589],[-2.026,50.5889],[-2.0261,50.5889],[-2.0261,50.5888],[-2.026,50.5887],[-2.0259,50.5888],[-2.026,50.5888],[-2.026,50.5889],[-2.0259,50.5889],[-2.0258,50.5889],[-2.0257,50.589],[-2.0254,50.5889],[-2.0255,50.5887],[-2.0251,50.5887],[-2.0249,50.5887],[-2.0248,50.5888],[-2.0247,50.5887],[-2.0244,50.5888],[-2.0242,50.5887],[-2.0238,50.5888],[-2.0238,50.5889],[-2.0237,50.5889],[-2.0237,50.589],[-2.0236,50.589],[-2.0236,50.5891],[-2.0235,50.5891],[-2.0234,50.5891],[-2.0234,50.589],[-2.0234,50.5889],[-2.0233,50.589],[-2.0233,50.5891],[-2.0232,50.5891],[-2.0232,50.5892],[-2.0232,50.5893],[-2.0232,50.5891],[-2.0231,50.589],[-2.0231,50.5891],[-2.023,50.5891],[-2.023,50.5892],[-2.0229,50.5892],[-2.0228,50.5892],[-2.0227,50.5892],[-2.0225,50.5893],[-2.0226,50.5893],[-2.0226,50.5892],[-2.0226,50.5891],[-2.0226,50.589],[-2.0223,50.5889],[-2.0222,50.5889],[-2.0222,50.589],[-2.0221,50.589],[-2.022,50.589],[-2.0219,50.589],[-2.0219,50.5889],[-2.0218,50.589],[-2.0219,50.589],[-2.0218,50.589],[-2.0218,50.5891],[-2.0217,50.5891],[-2.0216,50.5892],[-2.0213,50.5891],[-2.021,50.589],[-2.0209,50.589],[-2.0208,50.5891],[-2.0208,50.5892],[-2.0207,50.5892],[-2.0205,50.5892],[-2.0203,50.5892],[-2.0203,50.5893],[-2.0202,50.5892],[-2.02,50.5893],[-2.0199,50.5893],[-2.0197,50.5893],[-2.0196,50.5894],[-2.0196,50.5895],[-2.0194,50.5896],[-2.0192,50.5895],[-2.0188,50.5896],[-2.0187,50.5897],[-2.0187,50.5896],[-2.0185,50.5895],[-2.0185,50.5896],[-2.0184,50.5896],[-2.0183,50.5896],[-2.0182,50.5895],[-2.018,50.5898],[-2.0179,50.5897],[-2.0178,50.5898],[-2.0177,50.5898],[-2.0176,50.5899],[-2.0173,50.5899],[-2.0172,50.5898],[-2.0172,50.5899],[-2.0171,50.59],[-2.0169,50.5899],[-2.0168,50.5899],[-2.0168,50.59],[-2.0167,50.59],[-2.0166,50.59],[-2.0166,50.5899],[-2.0165,50.59],[-2.0164,50.59],[-2.0164,50.5899],[-2.0162,50.5899],[-2.016,50.5901],[-2.0156,50.5901],[-2.0155,50.5901],[-2.0151,50.5901],[-2.015,50.5901],[-2.0148,50.5901],[-2.0143,50.5902],[-2.0142,50.5904],[-2.0136,50.5905],[-2.0135,50.5906],[-2.013,50.5906],[-2.0129,50.5906],[-2.0126,50.5907],[-2.0125,50.5906],[-2.0125,50.5905],[-2.0124,50.5905],[-2.0123,50.5905],[-2.0121,50.5907],[-2.012,50.5907],[-2.0119,50.5907],[-2.0117,50.5906],[-2.0116,50.5906],[-2.0116,50.5907],[-2.0115,50.5907],[-2.0113,50.5907],[-2.0111,50.5907],[-2.0109,50.5908],[-2.0106,50.5909],[-2.0101,50.5909],[-2.01,50.5908],[-2.0099,50.5908],[-2.0098,50.5908],[-2.0097,50.5909],[-2.0096,50.5909],[-2.0095,50.5909],[-2.0094,50.5909],[-2.0091,50.5908],[-2.0089,50.5909],[-2.0088,50.591],[-2.0084,50.591],[-2.0081,50.591],[-2.0077,50.5911],[-2.0072,50.5912],[-2.007,50.5912],[-2.0069,50.5914],[-2.0067,50.5914],[-2.0066,50.5915],[-2.0063,50.5916],[-2.0062,50.5916],[-2.0061,50.5916],[-2.0061,50.5915],[-2.006,50.5914],[-2.0058,50.5915],[-2.0058,50.5916],[-2.0056,50.5917],[-2.0055,50.5917],[-2.0054,50.5916],[-2.0053,50.5916],[-2.0053,50.5915],[-2.0052,50.5915],[-2.0051,50.5915],[-2.005,50.5915],[-2.0049,50.5915],[-2.0048,50.5915],[-2.0048,50.5914],[-2.0047,50.5914],[-2.0045,50.5914],[-2.0043,50.5913],[-2.004,50.5914],[-2.0039,50.5914],[-2.0033,50.5917],[-2.003,50.5917],[-2.0028,50.5917],[-2.0024,50.5914],[-2.002,50.5915],[-2.0019,50.5915],[-2.0018,50.5915],[-2.0012,50.5913],[-2.0009,50.5913],[-2.0003,50.5914],[-2.0001,50.5914],[-1.9999,50.5914],[-1.9994,50.5913],[-1.9989,50.5913],[-1.9987,50.5912],[-1.9981,50.5912],[-1.998,50.5912],[-1.9977,50.5911],[-1.9976,50.5912],[-1.9972,50.5911],[-1.9966,50.5911],[-1.9964,50.5911],[-1.9961,50.5911],[-1.9957,50.5911],[-1.9954,50.5911],[-1.9944,50.591],[-1.994,50.591],[-1.9937,50.591],[-1.9931,50.5909],[-1.9928,50.591],[-1.9927,50.591],[-1.9922,50.591],[-1.9921,50.591],[-1.9917,50.591],[-1.9914,50.591],[-1.9914,50.5909],[-1.9913,50.5909],[-1.9913,50.5908],[-1.9913,50.5907],[-1.9912,50.5907],[-1.9911,50.5907],[-1.9909,50.5906],[-1.991,50.5905],[-1.9908,50.5905],[-1.9904,50.5905],[-1.9902,50.5905],[-1.9901,50.5905],[-1.99,50.5905],[-1.9898,50.5906],[-1.9897,50.5906],[-1.9895,50.5906],[-1.9894,50.5906],[-1.9894,50.5907],[-1.9891,50.5907],[-1.989,50.5908],[-1.9887,50.5908],[-1.9883,50.5908],[-1.988,50.5909],[-1.9876,50.591],[-1.9874,50.591],[-1.987,50.5911],[-1.9868,50.591],[-1.9866,50.591],[-1.9863,50.5909],[-1.9861,50.5909],[-1.9858,50.5908],[-1.9856,50.5908],[-1.9855,50.5907],[-1.9851,50.5907],[-1.985,50.5907],[-1.985,50.5906],[-1.9848,50.5906],[-1.9847,50.5906],[-1.9846,50.5905],[-1.9845,50.5905],[-1.9844,50.5905],[-1.9845,50.5905],[-1.9844,50.5905],[-1.9842,50.5905],[-1.984,50.5905],[-1.9838,50.5906],[-1.9836,50.5906],[-1.9832,50.5906],[-1.983,50.5906],[-1.9828,50.5906],[-1.9824,50.5906],[-1.9822,50.5906],[-1.9819,50.5906],[-1.9816,50.5906],[-1.9815,50.5907],[-1.9812,50.5907],[-1.981,50.5906],[-1.981,50.5907],[-1.9809,50.5907],[-1.9808,50.5907],[-1.9807,50.5907],[-1.9806,50.5907],[-1.9804,50.5906],[-1.9804,50.5907],[-1.9802,50.5907],[-1.9801,50.5907],[-1.9799,50.5908],[-1.98,50.5909],[-1.9798,50.5909],[-1.9796,50.5908],[-1.9793,50.5909],[-1.979,50.591],[-1.9786,50.5909],[-1.9785,50.5909],[-1.9784,50.5909],[-1.9782,50.591],[-1.9779,50.5909],[-1.9777,50.5909],[-1.9777,50.5908],[-1.9773,50.5907],[-1.9771,50.5907],[-1.977,50.5908],[-1.9769,50.5908],[-1.9768,50.5907],[-1.9767,50.5908],[-1.9766,50.5909],[-1.9765,50.5909],[-1.9765,50.5908],[-1.9764,50.5909],[-1.9763,50.5909],[-1.976,50.5909],[-1.9759,50.5909],[-1.9758,50.5909],[-1.9757,50.5909],[-1.9756,50.5909],[-1.9755,50.5909],[-1.9753,50.5908],[-1.9752,50.5909],[-1.9752,50.591],[-1.9751,50.591],[-1.9751,50.5909],[-1.9749,50.5909],[-1.9746,50.591],[-1.9745,50.591],[-1.9744,50.591],[-1.9742,50.591],[-1.9741,50.591],[-1.974,50.591],[-1.9737,50.591],[-1.9736,50.591],[-1.9735,50.5909],[-1.9734,50.591],[-1.9731,50.591],[-1.973,50.591],[-1.9728,50.5911],[-1.972,50.5911],[-1.9706,50.5911],[-1.9703,50.5911],[-1.97,50.5912],[-1.9699,50.5912],[-1.9698,50.5912],[-1.9695,50.5913],[-1.9693,50.5914],[-1.9692,50.5914],[-1.9691,50.5914],[-1.9688,50.5914],[-1.9687,50.5914],[-1.9684,50.5913],[-1.9678,50.5913],[-1.9677,50.5913],[-1.9676,50.5914],[-1.9674,50.5914],[-1.9673,50.5914],[-1.9667,50.5914],[-1.9666,50.5914],[-1.9665,50.5914],[-1.9663,50.5914],[-1.9662,50.5914],[-1.966,50.5915],[-1.9656,50.5914],[-1.9653,50.5914],[-1.9651,50.5914],[-1.9647,50.5914],[-1.9644,50.5913],[-1.9636,50.5912],[-1.9634,50.5912],[-1.9628,50.5911],[-1.9625,50.5911],[-1.9624,50.5911],[-1.9622,50.5911],[-1.962,50.5911],[-1.9619,50.5911],[-1.9618,50.5911],[-1.9617,50.5911],[-1.9617,50.591],[-1.9616,50.591],[-1.9615,50.591],[-1.9614,50.591],[-1.9614,50.5911],[-1.9614,50.591],[-1.9613,50.591],[-1.9611,50.5909],[-1.9611,50.5908],[-1.9609,50.5908],[-1.9608,50.591],[-1.9609,50.591],[-1.9608,50.591],[-1.9606,50.5911],[-1.9605,50.5912],[-1.9604,50.5913],[-1.9602,50.5912],[-1.9601,50.5912],[-1.9599,50.5912],[-1.9598,50.5912],[-1.9596,50.5911],[-1.9596,50.5912],[-1.9595,50.5912],[-1.9594,50.5913],[-1.9593,50.5913],[-1.9593,50.5914],[-1.9592,50.5914],[-1.959,50.5915],[-1.9589,50.5915],[-1.9588,50.5915],[-1.9588,50.5914],[-1.9587,50.5915],[-1.9587,50.5916],[-1.9586,50.5917],[-1.9585,50.5918],[-1.9585,50.5919],[-1.9584,50.592],[-1.9583,50.592],[-1.9582,50.5919],[-1.9581,50.5919],[-1.958,50.5919],[-1.9579,50.5919],[-1.9579,50.592],[-1.9578,50.592],[-1.9577,50.592],[-1.9576,50.5921],[-1.9576,50.592],[-1.9575,50.5919],[-1.9574,50.592],[-1.9573,50.592],[-1.9573,50.5921],[-1.9572,50.5921],[-1.9573,50.5921],[-1.9573,50.5922],[-1.9572,50.5922],[-1.9571,50.5922],[-1.957,50.5923],[-1.9569,50.5923],[-1.9569,50.5924],[-1.9568,50.5924],[-1.9568,50.5925],[-1.9568,50.5926],[-1.9567,50.5926],[-1.9566,50.5926],[-1.9566,50.5925],[-1.9565,50.5925],[-1.9565,50.5926],[-1.9566,50.5926],[-1.9565,50.5926],[-1.9564,50.5927],[-1.9563,50.5928],[-1.9563,50.5929],[-1.956,50.5931],[-1.9559,50.5931],[-1.9558,50.5932],[-1.9555,50.5933],[-1.9552,50.5935],[-1.9551,50.5935],[-1.955,50.5935],[-1.9549,50.5935],[-1.9546,50.5936],[-1.9544,50.5936],[-1.9543,50.5937],[-1.9542,50.5938],[-1.954,50.5939],[-1.9541,50.5939],[-1.9541,50.594],[-1.9543,50.5941],[-1.955,50.5952],[-1.9551,50.5953],[-1.9558,50.5951],[-1.9563,50.5949],[-1.957,50.5947],[-1.9571,50.5947],[-1.9578,50.5945],[-1.9577,50.5946],[-1.957,50.5949],[-1.9561,50.5951],[-1.9561,50.5953],[-1.9564,50.5953],[-1.957,50.5952],[-1.958,50.5951],[-1.958,50.5954],[-1.9581,50.5958],[-1.9582,50.5964],[-1.9583,50.597],[-1.9589,50.5969],[-1.9605,50.5968],[-1.963,50.5965],[-1.9631,50.5965]],[[-1.9606,50.5922],[-1.9606,50.5923],[-1.9599,50.5924],[-1.9595,50.5918],[-1.9602,50.5916],[-1.9606,50.5922]]]},"properties":{"mtype":"SAC","name":"St Albans Head to Durlston Head","code":"UK0019863"}},
{"type":"Feature","geometry":{"type":"Polygon","coordinates":[[[-1.9663,50.6042],[-1.9664,50.6044],[-1.9664,50.6046],[-1.9663,50.6051],[-1.9662,50.6055],[-1.9671,50.6055],[-1.9699,50.6054],[-1.9699,50.605],[-1.9698,50.6039],[-1.9697,50.6029],[-1.9695,50.6019],[-1.9694,50.6017],[-1.969,50.6017],[-1.9687,50.6017],[-1.9679,50.6017],[-1.9673,50.6017],[-1.9664,50.6017],[-1.9663,50.6021],[-1.9662,50.6023],[-1.9661,50.6024],[-1.9637,50.6025],[-1.9637,50.6031],[-1.9637,50.6036],[-1.9636,50.6039],[-1.9636,50.6043],[-1.9643,50.6043],[-1.9647,50.6043],[-1.9653,50.6042],[-1.9658,50.6042],[-1.9663,50.6042]]]},"properties":{"mtype":"SAC","name":"St Albans Head to Durlston Head","code":"UK0019863"}},
{"type":"Feature","geometry":{"type":"Polygon","coordinates":[[[-2.0429,50.5813],[-2.0426,50.5814],[-2.0436,50.5813],[-2.044,50.5813],[-2.0445,50.5812],[-2.0451,50.5812],[-2.0458,50.5812],[-2.0476,50.5813],[-2.0477,50.5813],[-2.0476,50.5799],[-2.0475,50.5795],[-2.047,50.5798],[-2.0464,50.58],[-2.046,50.5801],[-2.0457,50.5802],[-2.0449,50.5804],[-2.0442,50.5806],[-2.0436,50.5809],[-2.0429,50.5813]]]},"properties":{"mtype":"SAC","name":"St Albans Head to Durlston Head","code":"UK0019863"}},
{"type":"Feature","geometry":{"type":"Polygon","coordinates":[[[-2.6203,50.6579],[-2.6209,50.658],[-2.6216,50.6583],[-2.6221,50.6584],[-2.6223,50.6585],[-2.6226,50.6586],[-2.6229,50.6588],[-2.6231,50.6589],[-2.6236,50.6591],[-2.6238,50.6592],[-2.6241,50.6593],[-2.6245,50.6595],[-2.6252,50.6598],[-2.6258,50.66],[-2.6263,50.6603],[-2.6264,50.6604],[-2.6269,50.6606],[-2.6271,50.6607],[-2.6275,50.6608],[-2.6276,50.6608],[-2.6278,50.6609],[-2.6285,50.6611],[-2.6291,50.6613],[-2.63,50.6617],[-2.6307,50.662],[-2.6313,50.6623],[-2.6328,50.6629],[-2.6329,50.663],[-2.634,50.6634],[-2.6343,50.6636],[-2.6362,50.6643],[-2.6367,50.6645],[-2.6369,50.6646],[-2.6381,50.6651],[-2.6388,50.6654],[-2.6391,50.6655],[-2.6397,50.6657],[-2.6401,50.6658],[-2.6404,50.6659],[-2.6407,50.6661],[-2.6412,50.6662],[-2.6413,50.6663],[-2.6416,50.6665],[-2.6422,50.6666],[-2.6426,50.6667],[-2.643,50.667],[-2.6432,50.667],[-2.6443,50.6674],[-2.6445,50.6675],[-2.6447,50.6676],[-2.645,50.6677],[-2.6452,50.6678],[-2.6455,50.6679],[-2.6458,50.6681],[-2.646,50.6681],[-2.6465,50.6683],[-2.6467,50.6684],[-2.6473,50.6686],[-2.6479,50.6689],[-2.648,50.6689],[-2.6483,50.669],[-2.6488,50.6692],[-2.6491,50.6694],[-2.6492,50.6695],[-2.6497,50.6697],[-2.6504,50.6699],[-2.6511,50.6703],[-2.6515,50.6705],[-2.6519,50.6706],[-2.6523,50.6707],[-2.6534,50.6711],[-2.6538,50.6714],[-2.6541,50.6714],[-2.6542,50.6715],[-2.6552,50.6719],[-2.6562,50.6723],[-2.6565,50.6724],[-2.6577,50.6729],[-2.6581,50.6731],[-2.659,50.6734],[-2.6596,50.6737],[-2.66,50.6738],[-2.6606,50.674],[-2.6614,50.6743],[-2.6619,50.6746],[-2.6621,50.6747],[-2.6626,50.6749],[-2.6632,50.6751],[-2.6636,50.6753],[-2.6638,50.6754],[-2.6647,50.6758],[-2.6649,50.6755],[-2.6658,50.6759],[-2.6659,50.676],[-2.6657,50.6762],[-2.6661,50.6765],[-2.6666,50.6767],[-2.6671,50.6769],[-2.668,50.6772],[-2.669,50.6777],[-2.6717,50.6787],[-2.6722,50.6789],[-2.6734,50.6794],[-2.6743,50.6797],[-2.6743,50.6798],[-2.6748,50.6799],[-2.6751,50.6801],[-2.6756,50.6802],[-2.6758,50.6803],[-2.676,50.6806],[-2.6767,50.6807],[-2.6771,50.6808],[-2.6778,50.6812],[-2.6781,50.6813],[-2.6785,50.6814],[-2.6787,50.6815],[-2.6797,50.6819],[-2.6803,50.6821],[-2.6808,50.6823],[-2.6814,50.6825],[-2.6822,50.6827],[-2.6832,50.683],[-2.6837,50.6832],[-2.685,50.6837],[-2.6854,50.6838],[-2.6862,50.6841],[-2.6871,50.6845],[-2.6879,50.6848],[-2.6898,50.6856],[-2.6904,50.6858],[-2.6906,50.6858],[-2.6913,50.6861],[-2.6924,50.6865],[-2.6929,50.6866],[-2.6932,50.6867],[-2.6941,50.687],[-2.6951,50.6874],[-2.6956,50.6875],[-2.696,50.6875],[-2.6963,50.6876],[-2.6966,50.6878],[-2.6971,50.6879],[-2.6974,50.6881],[-2.6981,50.6882],[-2.6985,50.6884],[-2.6989,50.6885],[-2.6996,50.6888],[-2.6999,50.6891],[-2.7005,50.6893],[-2.7006,50.6895],[-2.701,50.6897],[-2.7011,50.6898],[-2.7017,50.6897],[-2.702,50.6897],[-2.7025,50.6899],[-2.7034,50.6903],[-2.7036,50.6903],[-2.7039,50.6904],[-2.7053,50.6909],[-2.7053,50.6908],[-2.7061,50.6911],[-2.706,50.6912],[-2.7059,50.6913],[-2.7083,50.6918],[-2.7089,50.692],[-2.7093,50.6921],[-2.7096,50.6921],[-2.7108,50.6924],[-2.7114,50.6926],[-2.7125,50.6929],[-2.7129,50.6932],[-2.7131,50.6933],[-2.7137,50.6935],[-2.7142,50.6937],[-2.7146,50.6938],[-2.7148,50.6939],[-2.7154,50.6942],[-2.7162,50.6944],[-2.7162,50.6945],[-2.716,50.6948],[-2.7178,50.6954],[-2.719,50.6959],[-2.7197,50.696],[-2.7206,50.6961],[-2.7209,50.6961],[-2.7213,50.6962],[-2.7215,50.696],[-2.7217,50.6961],[-2.7214,50.6963],[-2.722,50.6966],[-2.7221,50.6966],[-2.7223,50.6965],[-2.7229,50.6969],[-2.7235,50.697],[-2.724,50.697],[-2.7247,50.6971],[-2.7246,50.6973],[-2.7266,50.6977],[-2.7269,50.6979],[-2.7275,50.6979],[-2.7276,50.6979],[-2.7299,50.6986],[-2.7301,50.6986],[-2.7303,50.6987],[-2.7315,50.6992],[-2.732,50.6994],[-2.7323,50.6995],[-2.7334,50.7],[-2.734,50.7002],[-2.735,50.7006],[-2.7353,50.7008],[-2.7355,50.7009],[-2.7361,50.7013],[-2.7363,50.7015],[-2.7365,50.7016],[-2.7368,50.7018],[-2.7371,50.702],[-2.7376,50.7021],[-2.7378,50.7022],[-2.7382,50.7023],[-2.739,50.7027],[-2.7391,50.7027],[-2.7392,50.703],[-2.7394,50.7032],[-2.7398,50.7035],[-2.7406,50.7038],[-2.7407,50.7037],[-2.7409,50.7036],[-2.7419,50.704],[-2.7424,50.7041],[-2.7429,50.7043],[-2.7433,50.7044],[-2.7435,50.7043],[-2.7442,50.7043],[-2.7446,50.7045],[-2.7449,50.7046],[-2.7449,50.7047],[-2.7451,50.7048],[-2.7454,50.7049],[-2.746,50.705],[-2.7462,50.7053],[-2.7463,50.7053],[-2.7473,50.7054],[-2.7483,50.7056],[-2.749,50.7058],[-2.7493,50.7059],[-2.7497,50.706],[-2.7504,50.7062],[-2.7512,50.7064],[-2.7517,50.7066],[-2.7522,50.7067],[-2.7525,50.7068],[-2.7541,50.7073],[-2.7565,50.708],[-2.7582,50.7086],[-2.7586,50.7088],[-2.7588,50.7089],[-2.7591,50.709],[-2.7598,50.7091],[-2.7602,50.7093],[-2.7601,50.7094],[-2.76,50.7095],[-2.7602,50.7096],[-2.7607,50.7096],[-2.7614,50.7098],[-2.7618,50.7098],[-2.762,50.7097],[-2.7621,50.7097],[-2.762,50.7099],[-2.7622,50.7099],[-2.7628,50.7101],[-2.7632,50.7102],[-2.7633,50.7101],[-2.7635,50.7097],[-2.7637,50.7093],[-2.7634,50.7093],[-2.7631,50.7092],[-2.7616,50.7088],[-2.7603,50.7085],[-2.7593,50.7082],[-2.7585,50.708],[-2.7575,50.7077],[-2.756,50.7072],[-2.7551,50.707],[-2.7546,50.7068],[-2.7541,50.7067],[-2.7534,50.7064],[-2.7519,50.706],[-2.7515,50.7059],[-2.7497,50.7053],[-2.7492,50.7052],[-2.7487,50.7051],[-2.7478,50.7048],[-2.7475,50.7048],[-2.7466,50.7045],[-2.7454,50.7041],[-2.7448,50.704],[-2.7435,50.7036],[-2.7431,50.7034],[-2.7419,50.7031],[-2.7412,50.7028],[-2.7397,50.7023],[-2.739,50.702],[-2.7382,50.7017],[-2.737,50.7011],[-2.7364,50.7007],[-2.7353,50.7002],[-2.7347,50.6999],[-2.7341,50.6997],[-2.7328,50.6991],[-2.7324,50.699],[-2.732,50.6988],[-2.7311,50.6985],[-2.7301,50.6982],[-2.7288,50.6977],[-2.728,50.6975],[-2.7262,50.6969],[-2.7252,50.6966],[-2.7227,50.6957],[-2.7224,50.6956],[-2.7192,50.6945],[-2.7176,50.6939],[-2.7143,50.6928],[-2.7106,50.6914],[-2.7094,50.691],[-2.7092,50.6909],[-2.7067,50.69],[-2.7049,50.6894],[-2.7038,50.689],[-2.7025,50.6886],[-2.7007,50.688],[-2.6995,50.6876],[-2.6984,50.6872],[-2.6962,50.6864],[-2.6957,50.6863],[-2.6914,50.6848],[-2.6892,50.684],[-2.6886,50.6838],[-2.6853,50.6826],[-2.6835,50.6819],[-2.6833,50.6818],[-2.6816,50.6812],[-2.6808,50.6809],[-2.6784,50.6801],[-2.6763,50.6793],[-2.6747,50.6786],[-2.6727,50.6778],[-2.6693,50.6765],[-2.6679,50.6759],[-2.6658,50.6751],[-2.6613,50.6733],[-2.6606,50.673],[-2.6598,50.6727],[-2.6579,50.672],[-2.6575,50.6718],[-2.6542,50.6705],[-2.653,50.67],[-2.6509,50.6692],[-2.6502,50.6689],[-2.6484,50.6682],[-2.643,50.666],[-2.6404,50.665],[-2.6358,50.663],[-2.6331,50.6619],[-2.6305,50.6608],[-2.6255,50.6587],[-2.6245,50.6582],[-2.6235,50.6577],[-2.6218,50.6569],[-2.6212,50.6566],[-2.6203,50.6562],[-2.6192,50.6557],[-2.618,50.6552],[-2.617,50.6548],[-2.616,50.6544],[-2.6144,50.6537],[-2.6133,50.6532],[-2.6135,50.6502],[-2.4505,50.5603],[-2.4498,50.5606],[-2.4496,50.5604],[-2.4492,50.5599],[-2.449,50.5596],[-2.4488,50.5594],[-2.4487,50.5591],[-2.4485,50.5587],[-2.4484,50.5584],[-2.4483,50.5581],[-2.4482,50.5577],[-2.4483,50.5574],[-2.4484,50.5572],[-2.4486,50.5571],[-2.4483,50.5569],[-2.448,50.557],[-2.4478,50.5571],[-2.4476,50.5574],[-2.4476,50.5577],[-2.4476,50.5579],[-2.4477,50.5583],[-2.4478,50.5586],[-2.448,50.5591],[-2.4479,50.5592],[-2.448,50.5595],[-2.4482,50.5598],[-2.449,50.5609],[-2.4489,50.561],[-2.449,50.5614],[-2.4491,50.5615],[-2.4492,50.5617],[-2.4495,50.5621],[-2.4497,50.5621],[-2.4499,50.5623],[-2.4503,50.5626],[-2.4509,50.5632],[-2.4517,50.5639],[-2.4524,50.5644],[-2.4524,50.5646],[-2.4522,50.5648],[-2.4526,50.5652],[-2.453,50.5656],[-2.4545,50.5668],[-2.4565,50.5682],[-2.4574,50.5689],[-2.4581,50.5694],[-2.4588,50.5699],[-2.4594,50.5702],[-2.4598,50.5703],[-2.46,50.5704],[-2.4602,50.5706],[-2.4618,50.5714],[-2.4625,50.5718],[-2.4628,50.572],[-2.4633,50.5725],[-2.4638,50.573],[-2.4646,50.5738],[-2.4648,50.5741],[-2.467,50.5764],[-2.4678,50.5762],[-2.4681,50.5764],[-2.4682,50.5766],[-2.4684,50.5767],[-2.4685,50.5769],[-2.4688,50.5771],[-2.469,50.5774],[-2.4691,50.5777],[-2.4692,50.5778],[-2.4694,50.5782],[-2.4696,50.5786],[-2.4697,50.5787],[-2.4699,50.579],[-2.47,50.5791],[-2.4696,50.5796],[-2.4702,50.5805],[-2.4707,50.5814],[-2.4709,50.5818],[-2.4712,50.5824],[-2.4712,50.5825],[-2.4712,50.5827],[-2.4715,50.5834],[-2.4717,50.5835],[-2.4719,50.5836],[-2.472,50.5837],[-2.4722,50.5843],[-2.4724,50.5845],[-2.4726,50.5847],[-2.4731,50.5849],[-2.4741,50.5853],[-2.4747,50.5854],[-2.4755,50.5856],[-2.4757,50.5856],[-2.4759,50.5856],[-2.476,50.5858],[-2.4766,50.5858],[-2.477,50.5859],[-2.4771,50.586],[-2.4773,50.5863],[-2.4775,50.5865],[-2.4778,50.5866],[-2.4779,50.5867],[-2.4789,50.5874],[-2.4794,50.5879],[-2.4799,50.5881],[-2.48,50.5882],[-2.4806,50.5886],[-2.4813,50.5889],[-2.4822,50.5888],[-2.4824,50.5888],[-2.4826,50.5889],[-2.4833,50.5891],[-2.4836,50.5892],[-2.4837,50.5895],[-2.4839,50.5898],[-2.4839,50.5901],[-2.4839,50.5902],[-2.4839,50.5904],[-2.4838,50.5905],[-2.4838,50.5907],[-2.484,50.5908],[-2.4839,50.5911],[-2.484,50.5913],[-2.4843,50.5916],[-2.485,50.5918],[-2.4853,50.5919],[-2.4859,50.5919],[-2.486,50.5918],[-2.4861,50.5914],[-2.4863,50.5913],[-2.4869,50.5912],[-2.4874,50.5911],[-2.488,50.5912],[-2.4883,50.5912],[-2.4888,50.5916],[-2.4895,50.5918],[-2.4906,50.5922],[-2.491,50.5926],[-2.4912,50.5928],[-2.4913,50.5929],[-2.4915,50.593],[-2.4917,50.5932],[-2.4921,50.5932],[-2.4925,50.5934],[-2.4929,50.5936],[-2.493,50.5935],[-2.4934,50.5937],[-2.4939,50.5938],[-2.4944,50.5939],[-2.4951,50.5943],[-2.4952,50.5944],[-2.4956,50.5946],[-2.4969,50.5953],[-2.4971,50.5954],[-2.4972,50.5956],[-2.4975,50.5959],[-2.4979,50.5961],[-2.4981,50.5963],[-2.4983,50.5966],[-2.4984,50.5968],[-2.4985,50.5969],[-2.4987,50.5971],[-2.499,50.5976],[-2.499,50.5977],[-2.4992,50.598],[-2.4994,50.5984],[-2.4994,50.5987],[-2.4994,50.599],[-2.4993,50.599],[-2.4991,50.5996],[-2.499,50.6],[-2.4988,50.6002],[-2.4982,50.6006],[-2.4973,50.601],[-2.4972,50.6011],[-2.4968,50.6012],[-2.4962,50.6014],[-2.4961,50.6015],[-2.4957,50.6018],[-2.4955,50.6021],[-2.4954,50.6024],[-2.4956,50.6029],[-2.4959,50.603],[-2.4964,50.6032],[-2.4969,50.6033],[-2.4971,50.6033],[-2.4976,50.6033],[-2.4979,50.6033],[-2.4983,50.6033],[-2.499,50.6034],[-2.4994,50.6034],[-2.5,50.6036],[-2.5005,50.604],[-2.5002,50.6042],[-2.5004,50.6043],[-2.5007,50.6045],[-2.5007,50.6047],[-2.5008,50.6048],[-2.5011,50.6053],[-2.5013,50.6055],[-2.5013,50.6056],[-2.5011,50.6058],[-2.5011,50.6062],[-2.501,50.6063],[-2.5012,50.607],[-2.5014,50.6073],[-2.5015,50.6074],[-2.5014,50.6075],[-2.5009,50.6079],[-2.5009,50.608],[-2.5011,50.608],[-2.5013,50.6079],[-2.5015,50.6077],[-2.5019,50.6073],[-2.502,50.607],[-2.5024,50.6067],[-2.5027,50.6066],[-2.5031,50.6063],[-2.5034,50.6062],[-2.5039,50.6062],[-2.5042,50.6061],[-2.5044,50.606],[-2.5047,50.6061],[-2.5051,50.6059],[-2.5053,50.6058],[-2.5059,50.6062],[-2.5062,50.6065],[-2.5066,50.6065],[-2.507,50.6068],[-2.5072,50.6071],[-2.5073,50.6072],[-2.5073,50.6074],[-2.5071,50.6076],[-2.507,50.6077],[-2.5067,50.6078],[-2.5064,50.6079],[-2.5062,50.608],[-2.506,50.6081],[-2.5056,50.6082],[-2.5053,50.6082],[-2.5047,50.6084],[-2.5044,50.6088],[-2.5043,50.6092],[-2.5042,50.6094],[-2.5043,50.6094],[-2.5045,50.6094],[-2.5047,50.6096],[-2.5053,50.6099],[-2.506,50.6102],[-2.5062,50.6102],[-2.5066,50.6104],[-2.507,50.6105],[-2.5072,50.6106],[-2.5076,50.6109],[-2.5079,50.6113],[-2.5082,50.6116],[-2.5085,50.6117],[-2.5096,50.6119],[-2.5099,50.6119],[-2.5104,50.6118],[-2.5109,50.6116],[-2.5113,50.6114],[-2.5116,50.6112],[-2.5123,50.6109],[-2.5127,50.6107],[-2.513,50.6101],[-2.5135,50.6104],[-2.5137,50.6106],[-2.514,50.6109],[-2.5145,50.6114],[-2.5145,50.6116],[-2.5144,50.6127],[-2.5144,50.6133],[-2.5143,50.6137],[-2.5144,50.6142],[-2.5143,50.6143],[-2.5144,50.6144],[-2.5146,50.6148],[-2.5152,50.6152],[-2.5154,50.6154],[-2.5158,50.6153],[-2.516,50.6154],[-2.5162,50.6155],[-2.5163,50.6157],[-2.5162,50.6159],[-2.5159,50.6163],[-2.5159,50.6165],[-2.5162,50.6169],[-2.5163,50.6172],[-2.5171,50.6179],[-2.5175,50.618],[-2.5177,50.6181],[-2.518,50.618],[-2.5183,50.6179],[-2.5188,50.6179],[-2.5194,50.618],[-2.5203,50.6181],[-2.5209,50.6181],[-2.5214,50.6181],[-2.5223,50.6178],[-2.5227,50.6178],[-2.5233,50.618],[-2.5238,50.618],[-2.5241,50.618],[-2.5243,50.6178],[-2.5244,50.6176],[-2.5245,50.6171],[-2.5246,50.6169],[-2.5249,50.6169],[-2.5257,50.6169],[-2.526,50.617],[-2.5263,50.617],[-2.5269,50.617],[-2.5271,50.617],[-2.5277,50.6171],[-2.5295,50.6172],[-2.5304,50.6174],[-2.5311,50.6174],[-2.5314,50.6175],[-2.5319,50.6177],[-2.5324,50.6179],[-2.5332,50.6182],[-2.5338,50.6183],[-2.534,50.6183],[-2.5343,50.6184],[-2.5349,50.6186],[-2.535,50.6187],[-2.5356,50.6188],[-2.536,50.619],[-2.5379,50.6198],[-2.5385,50.6201],[-2.5391,50.6204],[-2.5393,50.6206],[-2.5395,50.6208],[-2.5395,50.6211],[-2.5396,50.6213],[-2.5397,50.6217],[-2.5399,50.622],[-2.5403,50.6224],[-2.5401,50.6226],[-2.5401,50.6229],[-2.5403,50.6229],[-2.5404,50.6232],[-2.5405,50.623],[-2.5405,50.6227],[-2.5406,50.6226],[-2.5408,50.6224],[-2.541,50.6224],[-2.5416,50.6226],[-2.542,50.6227],[-2.5419,50.6231],[-2.5426,50.6232],[-2.5428,50.6233],[-2.5433,50.6233],[-2.5438,50.6233],[-2.5443,50.6234],[-2.5444,50.6236],[-2.5445,50.6238],[-2.5445,50.6244],[-2.5446,50.6248],[-2.5448,50.6249],[-2.5446,50.625],[-2.5443,50.6251],[-2.5446,50.6254],[-2.545,50.6257],[-2.5455,50.6259],[-2.546,50.626],[-2.5464,50.6256],[-2.5469,50.6254],[-2.5475,50.6248],[-2.5477,50.6247],[-2.548,50.6247],[-2.5484,50.6248],[-2.5486,50.6248],[-2.5491,50.6251],[-2.5495,50.6253],[-2.5497,50.6255],[-2.5502,50.6258],[-2.5505,50.6261],[-2.5508,50.6265],[-2.5513,50.6268],[-2.5516,50.6272],[-2.5518,50.6273],[-2.5518,50.6274],[-2.5514,50.6276],[-2.5507,50.6278],[-2.5502,50.628],[-2.5494,50.6281],[-2.5489,50.6281],[-2.5487,50.6279],[-2.5484,50.6278],[-2.5482,50.6277],[-2.548,50.6277],[-2.5473,50.6276],[-2.5468,50.6276],[-2.5467,50.6276],[-2.5463,50.6278],[-2.5461,50.628],[-2.546,50.6282],[-2.5459,50.6284],[-2.5459,50.6287],[-2.5461,50.629],[-2.546,50.6294],[-2.546,50.6295],[-2.5455,50.6298],[-2.5454,50.6301],[-2.5455,50.6303],[-2.5454,50.6305],[-2.5456,50.6305],[-2.5462,50.6303],[-2.5464,50.6303],[-2.5468,50.6303],[-2.5476,50.63],[-2.5477,50.6301],[-2.549,50.6299],[-2.55,50.6303],[-2.5506,50.6304],[-2.5508,50.6305],[-2.551,50.6307],[-2.5512,50.6308],[-2.5512,50.6306],[-2.5518,50.6307],[-2.5523,50.6307],[-2.5529,50.6307],[-2.5531,50.6308],[-2.5532,50.6308],[-2.5534,50.6308],[-2.5534,50.6306],[-2.5535,50.6305],[-2.5539,50.6305],[-2.5547,50.6307],[-2.5551,50.6305],[-2.5554,50.6304],[-2.5564,50.6305],[-2.5569,50.6306],[-2.5574,50.6307],[-2.5575,50.6306],[-2.5579,50.6308],[-2.5582,50.6309],[-2.5583,50.6311],[-2.5584,50.6314],[-2.5584,50.6317],[-2.5585,50.6322],[-2.5586,50.6324],[-2.5587,50.6329],[-2.5589,50.6334],[-2.559,50.6335],[-2.5597,50.6343],[-2.5599,50.6345],[-2.5599,50.6349],[-2.5601,50.6352],[-2.5599,50.6356],[-2.5599,50.6359],[-2.56,50.6361],[-2.5602,50.6364],[-2.5596,50.6364],[-2.5597,50.6379],[-2.5598,50.6385],[-2.5596,50.6392],[-2.5596,50.6395],[-2.5599,50.6392],[-2.56,50.6391],[-2.5604,50.6392],[-2.5608,50.6393],[-2.5615,50.6388],[-2.5618,50.6387],[-2.5623,50.6384],[-2.5626,50.6383],[-2.5631,50.6379],[-2.5632,50.6379],[-2.5646,50.6381],[-2.5648,50.6382],[-2.5657,50.6384],[-2.5661,50.6384],[-2.5665,50.6384],[-2.567,50.6383],[-2.5681,50.6379],[-2.5684,50.6379],[-2.569,50.6378],[-2.5696,50.6377],[-2.57,50.6376],[-2.5702,50.6376],[-2.571,50.6383],[-2.5714,50.6385],[-2.5719,50.6388],[-2.572,50.6389],[-2.5725,50.6389],[-2.5729,50.639],[-2.574,50.6391],[-2.5745,50.639],[-2.5746,50.6391],[-2.5751,50.6397],[-2.5756,50.6401],[-2.576,50.6403],[-2.5765,50.6405],[-2.5772,50.6408],[-2.5773,50.6407],[-2.5774,50.6407],[-2.5776,50.6409],[-2.5783,50.6412],[-2.5785,50.6412],[-2.5796,50.6413],[-2.5798,50.6414],[-2.5809,50.6416],[-2.5812,50.6417],[-2.582,50.642],[-2.5824,50.6422],[-2.5828,50.6425],[-2.5831,50.6426],[-2.5838,50.643],[-2.5845,50.6434],[-2.5849,50.6438],[-2.5853,50.644],[-2.5854,50.6442],[-2.5857,50.6444],[-2.5858,50.6445],[-2.586,50.6447],[-2.5859,50.6448],[-2.5859,50.6451],[-2.5861,50.6452],[-2.5864,50.6453],[-2.5861,50.6454],[-2.5865,50.6457],[-2.587,50.6456],[-2.5873,50.6456],[-2.588,50.6456],[-2.588,50.6458],[-2.5882,50.646],[-2.5884,50.6461],[-2.5887,50.6462],[-2.5896,50.6462],[-2.5903,50.6464],[-2.5909,50.6465],[-2.5912,50.6466],[-2.5917,50.6467],[-2.5921,50.6468],[-2.5928,50.6471],[-2.5932,50.6472],[-2.5937,50.6473],[-2.5941,50.6475],[-2.5947,50.6476],[-2.5952,50.6478],[-2.5957,50.648],[-2.5964,50.6484],[-2.5968,50.6485],[-2.5973,50.6487],[-2.5979,50.649],[-2.5984,50.6491],[-2.5987,50.6493],[-2.5991,50.6497],[-2.5996,50.6501],[-2.5998,50.6502],[-2.6,50.6504],[-2.6002,50.6505],[-2.6004,50.6507],[-2.6007,50.6508],[-2.6005,50.6511],[-2.5996,50.6511],[-2.5986,50.6512],[-2.5984,50.6513],[-2.5982,50.6514],[-2.5981,50.6515],[-2.5977,50.6514],[-2.5973,50.6515],[-2.5971,50.6516],[-2.5964,50.6518],[-2.5964,50.6521],[-2.5966,50.6536],[-2.5974,50.6543],[-2.598,50.6546],[-2.5989,50.6549],[-2.5991,50.6548],[-2.5995,50.6551],[-2.5997,50.6553],[-2.5999,50.6553],[-2.6012,50.6554],[-2.6036,50.6556],[-2.6046,50.6557],[-2.605,50.6557],[-2.607,50.6559],[-2.607,50.6558],[-2.6094,50.6553],[-2.6096,50.6552],[-2.611,50.6555],[-2.6113,50.6559],[-2.6123,50.6564],[-2.6141,50.6566],[-2.6157,50.656],[-2.6158,50.656],[-2.6156,50.6565],[-2.6155,50.6571],[-2.6154,50.6575],[-2.6152,50.6581],[-2.6163,50.6576],[-2.6178,50.6576],[-2.6184,50.6577],[-2.6196,50.6578],[-2.6199,50.6579],[-2.6203,50.6579]]]},"properties":{"mtype":"SAC","name":"Chesil & The Fleet","code":"UK0017076"}},
{"type":"Feature","geometry":{"type":"Polygon","coordinates":[[[-2.4609,50.5715],[-2.4613,50.5718],[-2.4617,50.572],[-2.4623,50.5724],[-2.4629,50.5729],[-2.4634,50.5735],[-2.4635,50.5736],[-2.4641,50.5742],[-2.4645,50.5747],[-2.4646,50.575],[-2.4648,50.5753],[-2.4651,50.5758],[-2.4653,50.5761],[-2.4655,50.5764],[-2.4658,50.577],[-2.4659,50.5772],[-2.4663,50.5778],[-2.467,50.5786],[-2.4671,50.5787],[-2.4675,50.5792],[-2.468,50.5797],[-2.4681,50.5799],[-2.4685,50.5805],[-2.4687,50.5807],[-2.4691,50.5816],[-2.4693,50.5816],[-2.47,50.5804],[-2.4692,50.5793],[-2.469,50.579],[-2.4682,50.578],[-2.4674,50.5771],[-2.4655,50.575],[-2.4644,50.5738],[-2.4637,50.573],[-2.4631,50.5724],[-2.4626,50.572],[-2.4623,50.5718],[-2.4616,50.5714],[-2.4607,50.571],[-2.4606,50.5713],[-2.4606,50.5714],[-2.4608,50.5716],[-2.4609,50.5715]]]},"properties":{"mtype":"SAC","name":"Chesil & The Fleet","code":"UK0017076"}},
{"type":"Feature","geometry":{"type":"Polygon","coordinates":[[[-2.0551,50.5788],[-2.0553,50.5788],[-2.0559,50.5788],[-2.0561,50.5789],[-2.0565,50.579],[-2.0567,50.579],[-2.0575,50.5795],[-2.0579,50.5798],[-2.0585,50.5804],[-2.059,50.5813],[-2.0591,50.5816],[-2.0592,50.583],[-2.0588,50.5846],[-2.059,50.5847],[-2.0594,50.5854],[-2.0599,50.5859],[-2.0605,50.5868],[-2.0607,50.587],[-2.0607,50.5874],[-2.0604,50.5879],[-2.0604,50.5883],[-2.06,50.5888],[-2.0595,50.591],[-2.0594,50.591],[-2.0592,50.5922],[-2.0591,50.5924],[-2.0589,50.5931],[-2.0588,50.5933],[-2.0586,50.5936],[-2.0583,50.5945],[-2.058,50.5953],[-2.0579,50.5959],[-2.0576,50.5965],[-2.0574,50.5966],[-2.0569,50.5966],[-2.056,50.5967],[-2.0556,50.5967],[-2.0555,50.5966],[-2.0552,50.5971],[-2.055,50.5976],[-2.0547,50.5979],[-2.0537,50.5983],[-2.0524,50.5988],[-2.0519,50.5987],[-2.0517,50.5984],[-2.0517,50.5983],[-2.0514,50.5982],[-2.0511,50.5982],[-2.051,50.5981],[-2.0508,50.5982],[-2.0505,50.5981],[-2.0504,50.5984],[-2.0498,50.5991],[-2.0497,50.5992],[-2.0492,50.5994],[-2.0492,50.5995],[-2.0491,50.5998],[-2.05,50.6002],[-2.0506,50.6006],[-2.0502,50.6009],[-2.0499,50.6011],[-2.0494,50.6013],[-2.0489,50.6015],[-2.0484,50.6018],[-2.0484,50.6025],[-2.0487,50.6027],[-2.0489,50.6029],[-2.0489,50.603],[-2.0488,50.6033],[-2.0488,50.6035],[-2.0487,50.6037],[-2.0485,50.6042],[-2.048,50.6046],[-2.0476,50.605],[-2.0485,50.6047],[-2.0488,50.6046],[-2.0493,50.6045],[-2.0497,50.6044],[-2.0497,50.6042],[-2.0499,50.6037],[-2.0501,50.6032],[-2.0503,50.6031],[-2.0509,50.6029],[-2.0517,50.6026],[-2.0523,50.6024],[-2.0526,50.6022],[-2.0537,50.6014],[-2.0543,50.6011],[-2.0547,50.6013],[-2.0559,50.6019],[-2.0564,50.6021],[-2.0565,50.6022],[-2.0567,50.6026],[-2.0572,50.603],[-2.0574,50.603],[-2.0578,50.6028],[-2.0578,50.6027],[-2.0578,50.6024],[-2.0578,50.602],[-2.0578,50.6019],[-2.0575,50.6012],[-2.0573,50.6009],[-2.0572,50.6008],[-2.057,50.6006],[-2.0572,50.6005],[-2.057,50.6004],[-2.0567,50.6005],[-2.0564,50.6007],[-2.056,50.6007],[-2.0558,50.6005],[-2.0555,50.6005],[-2.0552,50.6003],[-2.0552,50.6002],[-2.0555,50.6002],[-2.0557,50.6002],[-2.0556,50.5999],[-2.0556,50.5996],[-2.0554,50.5993],[-2.0559,50.5991],[-2.0561,50.5991],[-2.0563,50.5992],[-2.0566,50.5991],[-2.0568,50.5992],[-2.057,50.5992],[-2.0572,50.599],[-2.0575,50.5991],[-2.0576,50.5992],[-2.0578,50.5991],[-2.0581,50.5989],[-2.0584,50.5988],[-2.0585,50.5989],[-2.0586,50.5991],[-2.0589,50.5989],[-2.0589,50.5988],[-2.059,50.5986],[-2.0589,50.5985],[-2.0592,50.5984],[-2.0594,50.5982],[-2.0593,50.5981],[-2.0594,50.598],[-2.0596,50.5979],[-2.0597,50.5977],[-2.06,50.5974],[-2.0602,50.5973],[-2.0605,50.597],[-2.0611,50.597],[-2.0614,50.5967],[-2.0615,50.5964],[-2.0618,50.5962],[-2.0619,50.5961],[-2.0621,50.596],[-2.0621,50.5959],[-2.0624,50.5958],[-2.0626,50.5956],[-2.0626,50.5953],[-2.0629,50.595],[-2.063,50.5948],[-2.0633,50.5948],[-2.0636,50.5947],[-2.0638,50.5947],[-2.0641,50.5945],[-2.0641,50.5944],[-2.0643,50.5943],[-2.0645,50.5942],[-2.0655,50.5945],[-2.0657,50.5945],[-2.066,50.5944],[-2.0668,50.5945],[-2.0671,50.5947],[-2.0671,50.5948],[-2.067,50.5951],[-2.0673,50.5951],[-2.0674,50.5948],[-2.0684,50.5949],[-2.0696,50.595],[-2.0701,50.595],[-2.0704,50.5951],[-2.0719,50.5957],[-2.0721,50.5959],[-2.0738,50.5962],[-2.075,50.5963],[-2.0757,50.5964],[-2.0758,50.597],[-2.0761,50.597],[-2.0764,50.5969],[-2.0772,50.5964],[-2.0779,50.5963],[-2.0787,50.5961],[-2.0796,50.5958],[-2.0802,50.5957],[-2.0803,50.5956],[-2.0805,50.5954],[-2.0807,50.5953],[-2.081,50.5952],[-2.0811,50.5952],[-2.0814,50.5951],[-2.0818,50.5951],[-2.0819,50.595],[-2.084,50.5954],[-2.0843,50.5956],[-2.0853,50.5959],[-2.0858,50.5962],[-2.0869,50.5967],[-2.0875,50.5969],[-2.0895,50.5976],[-2.0896,50.5976],[-2.0903,50.5977],[-2.091,50.5978],[-2.0912,50.5977],[-2.0915,50.5978],[-2.0917,50.5979],[-2.0921,50.5979],[-2.093,50.5979],[-2.0935,50.598],[-2.094,50.5981],[-2.0941,50.5981],[-2.0954,50.5983],[-2.0956,50.5983],[-2.0957,50.5984],[-2.0955,50.5986],[-2.0955,50.5987],[-2.0957,50.5987],[-2.0959,50.5988],[-2.0963,50.5988],[-2.0964,50.5984],[-2.0968,50.5984],[-2.0973,50.5985],[-2.098,50.5986],[-2.0982,50.5986],[-2.0997,50.5985],[-2.1003,50.5985],[-2.1005,50.5984],[-2.1014,50.5982],[-2.1019,50.5979],[-2.103,50.5976],[-2.1037,50.5975],[-2.1044,50.5975],[-2.1052,50.5973],[-2.1056,50.5975],[-2.1066,50.5977],[-2.1073,50.598],[-2.1091,50.5985],[-2.1101,50.5986],[-2.1119,50.5992],[-2.1123,50.5995],[-2.114,50.5995],[-2.1142,50.5996],[-2.1147,50.5996],[-2.1157,50.5999],[-2.1162,50.6003],[-2.1169,50.6005],[-2.1175,50.6009],[-2.1175,50.6011],[-2.1178,50.6013],[-2.1183,50.6017],[-2.1186,50.6019],[-2.1192,50.6022],[-2.1197,50.6026],[-2.1203,50.6028],[-2.121,50.603],[-2.1212,50.603],[-2.1221,50.6034],[-2.1233,50.6038],[-2.1241,50.604],[-2.1267,50.6044],[-2.1271,50.6047],[-2.128,50.6051],[-2.1284,50.6054],[-2.1291,50.6061],[-2.1293,50.6063],[-2.1295,50.6066],[-2.1299,50.6073],[-2.1303,50.6077],[-2.1297,50.6084],[-2.1292,50.6085],[-2.1285,50.6083],[-2.1279,50.608],[-2.1278,50.608],[-2.1281,50.6083],[-2.1281,50.6084],[-2.1284,50.6085],[-2.1287,50.6088],[-2.129,50.609],[-2.1289,50.609],[-2.129,50.6093],[-2.1292,50.6094],[-2.129,50.6095],[-2.1288,50.6097],[-2.1289,50.6099],[-2.1291,50.6101],[-2.1293,50.6103],[-2.1294,50.6103],[-2.1297,50.6106],[-2.13,50.6109],[-2.1302,50.611],[-2.1304,50.6112],[-2.131,50.6115],[-2.1311,50.6118],[-2.1314,50.6118],[-2.1314,50.6117],[-2.1316,50.6118],[-2.1323,50.6121],[-2.1324,50.6122],[-2.1326,50.6123],[-2.1331,50.6125],[-2.1337,50.6128],[-2.1345,50.6129],[-2.1349,50.6129],[-2.1353,50.6129],[-2.136,50.6128],[-2.1367,50.6127],[-2.137,50.6128],[-2.1372,50.6127],[-2.1377,50.6126],[-2.1379,50.6125],[-2.1383,50.6122],[-2.1386,50.6118],[-2.1393,50.6112],[-2.1392,50.611],[-2.1395,50.611],[-2.1409,50.611],[-2.1412,50.611],[-2.1413,50.6112],[-2.1415,50.6113],[-2.1422,50.6111],[-2.1427,50.6112],[-2.1429,50.6111],[-2.1434,50.611],[-2.1439,50.6106],[-2.1442,50.6104],[-2.1444,50.6103],[-2.1446,50.6103],[-2.1447,50.6103],[-2.1448,50.6097],[-2.1449,50.6096],[-2.145,50.6094],[-2.146,50.6091],[-2.1464,50.6105],[-2.1476,50.6111],[-2.1487,50.6114],[-2.1498,50.6116],[-2.1506,50.6117],[-2.1513,50.6124],[-2.1515,50.6126],[-2.1518,50.6128],[-2.1525,50.6134],[-2.1532,50.614],[-2.1533,50.6142],[-2.1535,50.6143],[-2.1542,50.6148],[-2.1534,50.6151],[-2.1522,50.6155],[-2.1515,50.6158],[-2.1509,50.6159],[-2.151,50.6164],[-2.1509,50.6167],[-2.1502,50.6171],[-2.1498,50.6175],[-2.1495,50.6177],[-2.1487,50.6179],[-2.1482,50.618],[-2.1478,50.6181],[-2.1476,50.6185],[-2.1469,50.6188],[-2.1464,50.619],[-2.1456,50.6192],[-2.1452,50.6192],[-2.1441,50.6194],[-2.1439,50.6195],[-2.1431,50.6196],[-2.1438,50.6196],[-2.1445,50.6197],[-2.1453,50.6198],[-2.1456,50.62],[-2.1461,50.6199],[-2.1467,50.6198],[-2.1477,50.6195],[-2.1482,50.6193],[-2.1484,50.6191],[-2.1488,50.6189],[-2.1493,50.6186],[-2.1503,50.6181],[-2.1512,50.6178],[-2.1518,50.6175],[-2.1523,50.6174],[-2.1529,50.6174],[-2.1531,50.6174],[-2.1536,50.6172],[-2.1541,50.6171],[-2.1542,50.6171],[-2.1543,50.6174],[-2.1546,50.6179],[-2.1555,50.6177],[-2.156,50.6178],[-2.1562,50.6177],[-2.1571,50.6177],[-2.1582,50.6175],[-2.1584,50.618],[-2.1586,50.6183],[-2.1587,50.6187],[-2.159,50.6186],[-2.1597,50.6187],[-2.16,50.6188],[-2.1608,50.6189],[-2.1611,50.619],[-2.1612,50.6193],[-2.1611,50.6194],[-2.1621,50.6193],[-2.1652,50.619],[-2.1659,50.619],[-2.1706,50.6183],[-2.1709,50.619],[-2.1712,50.6194],[-2.1714,50.6198],[-2.1716,50.62],[-2.1717,50.6204],[-2.1718,50.6205],[-2.172,50.6204],[-2.1723,50.6204],[-2.1729,50.6201],[-2.1732,50.62],[-2.1742,50.6198],[-2.1749,50.6196],[-2.1752,50.6195],[-2.1762,50.6193],[-2.1766,50.6193],[-2.1772,50.6193],[-2.1777,50.6193],[-2.1781,50.6191],[-2.1787,50.619],[-2.1799,50.6187],[-2.181,50.6185],[-2.1815,50.6184],[-2.1819,50.6183],[-2.1819,50.6182],[-2.1825,50.6187],[-2.1828,50.619],[-2.1829,50.6191],[-2.183,50.6194],[-2.1834,50.6198],[-2.1835,50.6199],[-2.1837,50.62],[-2.1837,50.6201],[-2.1838,50.6203],[-2.184,50.6202],[-2.184,50.6204],[-2.1842,50.6206],[-2.1847,50.6207],[-2.1849,50.6209],[-2.1854,50.6211],[-2.1857,50.6212],[-2.186,50.6214],[-2.1864,50.6216],[-2.1866,50.6217],[-2.1869,50.6217],[-2.1871,50.6215],[-2.1874,50.6215],[-2.1886,50.623],[-2.1883,50.6231],[-2.1879,50.6233],[-2.1875,50.6235],[-2.187,50.6236],[-2.1864,50.6237],[-2.1857,50.6238],[-2.1852,50.6239],[-2.1846,50.6241],[-2.1843,50.6242],[-2.1837,50.6245],[-2.1831,50.6246],[-2.1827,50.6247],[-2.1825,50.6248],[-2.1821,50.6248],[-2.1819,50.6246],[-2.1816,50.6246],[-2.181,50.6247],[-2.1809,50.6245],[-2.1806,50.6245],[-2.1803,50.6247],[-2.1802,50.6248],[-2.1799,50.625],[-2.1797,50.625],[-2.179,50.6252],[-2.1782,50.6254],[-2.1771,50.6258],[-2.1767,50.626],[-2.1758,50.6263],[-2.1755,50.6265],[-2.1751,50.6266],[-2.1749,50.6267],[-2.1743,50.6268],[-2.1742,50.6266],[-2.1736,50.6268],[-2.173,50.6269],[-2.1726,50.6269],[-2.1726,50.6271],[-2.1725,50.6271],[-2.1715,50.6274],[-2.1709,50.6276],[-2.1699,50.6275],[-2.1696,50.6276],[-2.1689,50.6277],[-2.1681,50.6278],[-2.1679,50.6279],[-2.1674,50.6279],[-2.1662,50.628],[-2.1658,50.628],[-2.1647,50.628],[-2.1645,50.628],[-2.1635,50.628],[-2.163,50.6279],[-2.1623,50.6279],[-2.1615,50.6279],[-2.1609,50.628],[-2.1603,50.628],[-2.1599,50.628],[-2.1598,50.6279],[-2.1595,50.628],[-2.1595,50.6281],[-2.1597,50.6288],[-2.1598,50.6294],[-2.1599,50.6298],[-2.1601,50.6302],[-2.1609,50.6301],[-2.1613,50.6301],[-2.1624,50.6298],[-2.1628,50.6297],[-2.1644,50.6295],[-2.1654,50.6294],[-2.1663,50.6293],[-2.1671,50.6292],[-2.1672,50.6292],[-2.1677,50.6292],[-2.1691,50.6293],[-2.1691,50.6292],[-2.1701,50.6294],[-2.1705,50.6296],[-2.1707,50.6298],[-2.1706,50.6304],[-2.1707,50.6306],[-2.171,50.6308],[-2.1715,50.631],[-2.172,50.631],[-2.1723,50.6311],[-2.1729,50.631],[-2.1746,50.6307],[-2.1749,50.6307],[-2.1758,50.6307],[-2.176,50.6307],[-2.1775,50.6305],[-2.1782,50.6304],[-2.1793,50.6303],[-2.1796,50.6302],[-2.1813,50.6296],[-2.1816,50.6292],[-2.1815,50.6289],[-2.1832,50.6283],[-2.1835,50.6283],[-2.184,50.6282],[-2.1846,50.6282],[-2.1852,50.6282],[-2.1875,50.6281],[-2.1877,50.6284],[-2.1882,50.6282],[-2.1887,50.6281],[-2.1898,50.6278],[-2.1899,50.6278],[-2.1911,50.6276],[-2.1919,50.6275],[-2.1927,50.6274],[-2.1943,50.6272],[-2.1944,50.6271],[-2.1952,50.6269],[-2.1964,50.6268],[-2.1971,50.6267],[-2.1972,50.6268],[-2.1976,50.6267],[-2.1981,50.6266],[-2.1988,50.6265],[-2.1999,50.6263],[-2.2006,50.6261],[-2.2008,50.626],[-2.2012,50.6259],[-2.202,50.6256],[-2.2021,50.6256],[-2.2026,50.6254],[-2.2036,50.6251],[-2.204,50.625],[-2.205,50.6248],[-2.2058,50.6246],[-2.2069,50.6243],[-2.2072,50.6242],[-2.207,50.623],[-2.2069,50.6229],[-2.2075,50.623],[-2.2078,50.6229],[-2.208,50.6228],[-2.2081,50.6229],[-2.2084,50.6234],[-2.2088,50.6242],[-2.2089,50.6261],[-2.2089,50.6264],[-2.209,50.6264],[-2.2096,50.6263],[-2.21,50.6263],[-2.2108,50.6263],[-2.2112,50.6263],[-2.2115,50.6264],[-2.2117,50.6266],[-2.2119,50.6268],[-2.212,50.6271],[-2.212,50.6272],[-2.2121,50.6273],[-2.2122,50.6274],[-2.2122,50.6276],[-2.212,50.6278],[-2.2117,50.6282],[-2.2114,50.6285],[-2.2109,50.6288],[-2.2107,50.629],[-2.2106,50.6292],[-2.2107,50.6297],[-2.2107,50.6302],[-2.211,50.6316],[-2.2113,50.6319],[-2.2117,50.6321],[-2.2131,50.6327],[-2.2134,50.6328],[-2.2138,50.633],[-2.2143,50.6335],[-2.2153,50.6345],[-2.2159,50.6351],[-2.2171,50.6347],[-2.2175,50.6347],[-2.2179,50.6346],[-2.2182,50.6348],[-2.2192,50.6345],[-2.2197,50.6345],[-2.2216,50.6338],[-2.2219,50.6337],[-2.2229,50.6333],[-2.223,50.6335],[-2.2232,50.6334],[-2.223,50.6332],[-2.2233,50.6331],[-2.2238,50.6329],[-2.224,50.6329],[-2.2251,50.6318],[-2.2266,50.6307],[-2.2271,50.6305],[-2.2265,50.6302],[-2.2266,50.6301],[-2.2271,50.6298],[-2.2277,50.6297],[-2.2296,50.6295],[-2.2295,50.6293],[-2.2303,50.6292],[-2.2304,50.6294],[-2.2308,50.6294],[-2.231,50.6291],[-2.2319,50.629],[-2.2319,50.6288],[-2.2314,50.6269],[-2.2308,50.6247],[-2.2308,50.6244],[-2.231,50.6241],[-2.2314,50.6238],[-2.2312,50.6236],[-2.232,50.6235],[-2.2329,50.6235],[-2.2334,50.6235],[-2.2337,50.6236],[-2.2341,50.6236],[-2.2344,50.6235],[-2.2386,50.6232],[-2.24,50.6231],[-2.2402,50.6231],[-2.2407,50.6231],[-2.2415,50.6231],[-2.2424,50.6231],[-2.2428,50.623],[-2.2433,50.623],[-2.2435,50.623],[-2.2442,50.623],[-2.2451,50.6229],[-2.2453,50.623],[-2.2457,50.623],[-2.2469,50.6229],[-2.2472,50.6229],[-2.2476,50.6229],[-2.2479,50.6229],[-2.2483,50.623],[-2.2482,50.6232],[-2.2489,50.6232],[-2.2499,50.6234],[-2.2501,50.6235],[-2.2501,50.6237],[-2.2502,50.6237],[-2.2505,50.6231],[-2.2509,50.6224],[-2.2515,50.6217],[-2.2516,50.6215],[-2.2516,50.6212],[-2.2515,50.6209],[-2.2513,50.6207],[-2.2511,50.6206],[-2.2511,50.6205],[-2.2506,50.6203],[-2.2497,50.6195],[-2.2495,50.6191],[-2.2498,50.6189],[-2.2499,50.6187],[-2.2508,50.6188],[-2.2518,50.6189],[-2.252,50.6189],[-2.2525,50.619],[-2.2529,50.6192],[-2.2533,50.6191],[-2.2538,50.6191],[-2.2539,50.619],[-2.2541,50.6189],[-2.2542,50.6188],[-2.2544,50.6187],[-2.2544,50.6185],[-2.2544,50.6182],[-2.2548,50.6182],[-2.255,50.6182],[-2.2552,50.6182],[-2.2559,50.6185],[-2.2559,50.6187],[-2.2561,50.6188],[-2.2562,50.6188],[-2.2568,50.619],[-2.2571,50.6191],[-2.2575,50.6193],[-2.2576,50.6193],[-2.2582,50.6196],[-2.2583,50.6196],[-2.2584,50.6194],[-2.2588,50.6193],[-2.2591,50.6193],[-2.2592,50.6193],[-2.2593,50.6194],[-2.2594,50.6196],[-2.2593,50.6198],[-2.259,50.6199],[-2.2588,50.6199],[-2.2588,50.6201],[-2.2595,50.6202],[-2.2606,50.6205],[-2.2609,50.6206],[-2.2597,50.6207],[-2.2585,50.6207],[-2.2581,50.6207],[-2.2565,50.6207],[-2.2555,50.6206],[-2.2553,50.6209],[-2.2552,50.621],[-2.2552,50.6224],[-2.2552,50.6229],[-2.2552,50.6231],[-2.255,50.6231],[-2.2551,50.6233],[-2.2554,50.6235],[-2.2557,50.6236],[-2.2571,50.6239],[-2.2589,50.6245],[-2.2591,50.6246],[-2.2593,50.6236],[-2.2603,50.6237],[-2.2627,50.6238],[-2.2626,50.6231],[-2.2645,50.6233],[-2.2656,50.6233],[-2.2665,50.6233],[-2.2674,50.6232],[-2.2686,50.6232],[-2.269,50.6234],[-2.2685,50.6237],[-2.2688,50.6238],[-2.2708,50.6242],[-2.2708,50.6243],[-2.2709,50.6246],[-2.2727,50.6246],[-2.2734,50.6248],[-2.2734,50.6249],[-2.2748,50.6248],[-2.2755,50.6266],[-2.275,50.6273],[-2.2759,50.6274],[-2.2753,50.6281],[-2.2751,50.6285],[-2.2765,50.6293],[-2.2774,50.6294],[-2.278,50.6294],[-2.2788,50.6295],[-2.2805,50.6293],[-2.2817,50.6293],[-2.282,50.6292],[-2.2823,50.629],[-2.2825,50.6289],[-2.2828,50.6289],[-2.283,50.6289],[-2.2835,50.6284],[-2.2836,50.6282],[-2.2838,50.6279],[-2.2841,50.6278],[-2.2848,50.6278],[-2.2849,50.6273],[-2.2851,50.6274],[-2.2868,50.6276],[-2.2872,50.6278],[-2.2879,50.6282],[-2.2882,50.6284],[-2.2895,50.6284],[-2.2902,50.6285],[-2.2908,50.6287],[-2.291,50.6287],[-2.2915,50.6286],[-2.2921,50.6286],[-2.2926,50.6283],[-2.2932,50.6274],[-2.2943,50.6274],[-2.2957,50.6275],[-2.2973,50.6276],[-2.2987,50.6276],[-2.3001,50.6275],[-2.3005,50.6274],[-2.3015,50.6274],[-2.3015,50.6275],[-2.3019,50.6274],[-2.3041,50.6273],[-2.3053,50.6272],[-2.3066,50.6272],[-2.3075,50.6272],[-2.3089,50.6272],[-2.3092,50.6273],[-2.3096,50.6275],[-2.3107,50.6278],[-2.3112,50.6278],[-2.3115,50.6278],[-2.3126,50.6277],[-2.3136,50.6273],[-2.3147,50.6269],[-2.3148,50.6268],[-2.3154,50.627],[-2.3158,50.627],[-2.3169,50.627],[-2.3175,50.6271],[-2.3183,50.6272],[-2.3186,50.6272],[-2.3193,50.6272],[-2.3195,50.6272],[-2.3199,50.6273],[-2.3203,50.6274],[-2.3207,50.6274],[-2.3209,50.6273],[-2.3213,50.6271],[-2.322,50.6273],[-2.3228,50.6276],[-2.3234,50.6278],[-2.3235,50.6279],[-2.3235,50.6283],[-2.3241,50.6286],[-2.3244,50.6288],[-2.3247,50.629],[-2.3249,50.6291],[-2.3259,50.6296],[-2.3263,50.6299],[-2.3267,50.6302],[-2.327,50.6303],[-2.3273,50.6304],[-2.3278,50.6307],[-2.328,50.6308],[-2.3287,50.6309],[-2.3291,50.6311],[-2.3294,50.6312],[-2.3298,50.6314],[-2.33,50.6316],[-2.3302,50.6319],[-2.3306,50.6322],[-2.3307,50.6325],[-2.3308,50.6326],[-2.3312,50.6329],[-2.3316,50.6332],[-2.3319,50.6332],[-2.332,50.6332],[-2.3326,50.6333],[-2.3328,50.6333],[-2.3332,50.6333],[-2.3344,50.6337],[-2.3345,50.6337],[-2.3345,50.6335],[-2.3345,50.6332],[-2.3347,50.633],[-2.3352,50.6332],[-2.3356,50.6334],[-2.3359,50.6334],[-2.3361,50.6335],[-2.3366,50.6335],[-2.3374,50.6338],[-2.3374,50.6333],[-2.3377,50.6333],[-2.338,50.6332],[-2.3381,50.6335],[-2.3382,50.6336],[-2.3382,50.6338],[-2.3381,50.634],[-2.3384,50.6342],[-2.3387,50.6342],[-2.3389,50.6342],[-2.3393,50.6342],[-2.3399,50.6342],[-2.3405,50.6343],[-2.3407,50.634],[-2.3408,50.6339],[-2.341,50.6339],[-2.3415,50.6342],[-2.3416,50.6342],[-2.3419,50.6344],[-2.3421,50.6345],[-2.3424,50.6344],[-2.3434,50.6342],[-2.3435,50.6341],[-2.3442,50.6337],[-2.3445,50.6334],[-2.3445,50.6332],[-2.3449,50.6331],[-2.3447,50.6328],[-2.3449,50.6325],[-2.3451,50.6324],[-2.3455,50.6324],[-2.3456,50.6324],[-2.346,50.6323],[-2.3466,50.6322],[-2.3469,50.6321],[-2.3472,50.632],[-2.3475,50.6319],[-2.3479,50.6318],[-2.348,50.6317],[-2.3485,50.6315],[-2.3487,50.6315],[-2.349,50.6314],[-2.3496,50.6312],[-2.35,50.6313],[-2.3503,50.6312],[-2.3505,50.6313],[-2.3508,50.6313],[-2.351,50.6314],[-2.3515,50.6314],[-2.3515,50.6315],[-2.3525,50.6314],[-2.3527,50.6313],[-2.353,50.6313],[-2.3532,50.6313],[-2.3539,50.6312],[-2.3547,50.6312],[-2.3551,50.6312],[-2.3559,50.6313],[-2.356,50.6314],[-2.3562,50.6315],[-2.3563,50.6316],[-2.3571,50.6318],[-2.3574,50.6318],[-2.3576,50.6319],[-2.3585,50.632],[-2.359,50.632],[-2.3592,50.632],[-2.3596,50.6319],[-2.3598,50.6319],[-2.36,50.6317],[-2.3607,50.6318],[-2.3613,50.6318],[-2.3623,50.6317],[-2.363,50.6317],[-2.3633,50.6316],[-2.3636,50.6317],[-2.3639,50.6316],[-2.3641,50.6315],[-2.3643,50.6314],[-2.3647,50.6314],[-2.365,50.6314],[-2.3653,50.6314],[-2.3655,50.6313],[-2.3657,50.6314],[-2.3658,50.6315],[-2.3664,50.6318],[-2.3667,50.6318],[-2.3669,50.6319],[-2.3671,50.632],[-2.3673,50.6321],[-2.3675,50.6321],[-2.3679,50.6322],[-2.3682,50.6323],[-2.3685,50.6323],[-2.3696,50.6325],[-2.3699,50.6325],[-2.3703,50.6327],[-2.3704,50.6328],[-2.3708,50.633],[-2.3712,50.6335],[-2.3715,50.6337],[-2.372,50.6339],[-2.3724,50.634],[-2.3728,50.6342],[-2.3733,50.6344],[-2.3737,50.6346],[-2.3743,50.6346],[-2.3744,50.6345],[-2.3745,50.6344],[-2.3748,50.6343],[-2.375,50.6345],[-2.3751,50.6344],[-2.3749,50.6341],[-2.3752,50.634],[-2.3756,50.6342],[-2.3756,50.6343],[-2.3759,50.6346],[-2.3763,50.6348],[-2.3764,50.6349],[-2.3768,50.6353],[-2.3778,50.636],[-2.378,50.6359],[-2.3782,50.6363],[-2.3785,50.6365],[-2.3786,50.6366],[-2.3789,50.6368],[-2.3789,50.6369],[-2.3791,50.637],[-2.3792,50.6371],[-2.3792,50.6374],[-2.3798,50.6377],[-2.3802,50.638],[-2.3805,50.6381],[-2.3807,50.6383],[-2.3807,50.6384],[-2.3808,50.6388],[-2.381,50.639],[-2.3811,50.6392],[-2.3817,50.6392],[-2.382,50.639],[-2.3823,50.6393],[-2.3824,50.6394],[-2.383,50.6397],[-2.3831,50.6399],[-2.3832,50.6399],[-2.384,50.6396],[-2.384,50.6393],[-2.384,50.6391],[-2.3837,50.639],[-2.3831,50.639],[-2.3829,50.6389],[-2.3828,50.6388],[-2.3826,50.6385],[-2.383,50.6386],[-2.3835,50.6384],[-2.3839,50.6385],[-2.3843,50.6386],[-2.3846,50.6387],[-2.385,50.6388],[-2.3852,50.6389],[-2.3855,50.6389],[-2.3857,50.6389],[-2.3861,50.6389],[-2.3865,50.6388],[-2.3864,50.6387],[-2.3865,50.6386],[-2.3865,50.6383],[-2.3867,50.6382],[-2.3869,50.6381],[-2.3866,50.6376],[-2.387,50.6375],[-2.3877,50.6375],[-2.3882,50.6378],[-2.3887,50.6379],[-2.3889,50.6379],[-2.389,50.6378],[-2.3891,50.6376],[-2.3893,50.6375],[-2.3897,50.6376],[-2.3899,50.6378],[-2.3901,50.6379],[-2.3905,50.6378],[-2.3911,50.6376],[-2.3916,50.6373],[-2.3918,50.6373],[-2.3922,50.6374],[-2.3924,50.6376],[-2.3927,50.6378],[-2.393,50.6378],[-2.3935,50.6378],[-2.394,50.6374],[-2.3948,50.6374],[-2.3956,50.6372],[-2.3959,50.6373],[-2.3964,50.6371],[-2.3968,50.6371],[-2.3969,50.6372],[-2.3971,50.6372],[-2.3975,50.637],[-2.3977,50.637],[-2.3983,50.6371],[-2.3988,50.637],[-2.399,50.637],[-2.3996,50.6368],[-2.4006,50.6367],[-2.4014,50.6364],[-2.4022,50.6363],[-2.4027,50.6362],[-2.4032,50.6361],[-2.4039,50.6361],[-2.4044,50.6361],[-2.4052,50.6361],[-2.4058,50.6362],[-2.4056,50.6356],[-2.4064,50.6355],[-2.4081,50.6352],[-2.4085,50.6351],[-2.4089,50.6349],[-2.4103,50.6352],[-2.4103,50.6351],[-2.4112,50.6354],[-2.4117,50.6356],[-2.412,50.6356],[-2.4128,50.6357],[-2.4134,50.6358],[-2.4138,50.6358],[-2.4142,50.6359],[-2.4145,50.6359],[-2.4154,50.6359],[-2.4158,50.6359],[-2.4166,50.6358],[-2.4172,50.6357],[-2.4177,50.6357],[-2.4186,50.6358],[-2.4189,50.6359],[-2.419,50.6361],[-2.419,50.6362],[-2.4191,50.6364],[-2.4193,50.6366],[-2.4195,50.6365],[-2.4198,50.6365],[-2.4202,50.6366],[-2.4212,50.6365],[-2.4213,50.6366],[-2.4216,50.6364],[-2.4219,50.6364],[-2.4224,50.6363],[-2.4226,50.6364],[-2.423,50.6364],[-2.423,50.6365],[-2.423,50.6367],[-2.4233,50.6367],[-2.4236,50.6367],[-2.4239,50.6365],[-2.4241,50.6363],[-2.4242,50.6363],[-2.4247,50.6363],[-2.4254,50.6361],[-2.4257,50.6361],[-2.4259,50.636],[-2.4258,50.6359],[-2.4261,50.6358],[-2.4263,50.6357],[-2.4267,50.6355],[-2.4271,50.6355],[-2.4276,50.6353],[-2.4277,50.6353],[-2.4278,50.6352],[-2.4282,50.635],[-2.4287,50.6346],[-2.4285,50.6344],[-2.4284,50.6344],[-2.428,50.6341],[-2.4272,50.6345],[-2.4257,50.6351],[-2.4249,50.6353],[-2.4239,50.6356],[-2.4233,50.6358],[-2.4222,50.636],[-2.4218,50.6361],[-2.4214,50.6359],[-2.4211,50.636],[-2.421,50.636],[-2.421,50.6362],[-2.4209,50.6362],[-2.4209,50.6364],[-2.4206,50.6363],[-2.42,50.6362],[-2.4197,50.6361],[-2.4196,50.636],[-2.4193,50.6357],[-2.4189,50.6354],[-2.4184,50.6352],[-2.4179,50.6351],[-2.4175,50.6351],[-2.417,50.6351],[-2.416,50.6351],[-2.4153,50.635],[-2.4141,50.6348],[-2.4134,50.6346],[-2.4126,50.6345],[-2.4123,50.6344],[-2.4121,50.6344],[-2.412,50.6343],[-2.4116,50.6341],[-2.4114,50.6338],[-2.411,50.6334],[-2.4103,50.6329],[-2.4101,50.6328],[-2.4095,50.6328],[-2.4091,50.6327],[-2.4084,50.6327],[-2.4079,50.6327],[-2.4077,50.6327],[-2.4075,50.6328],[-2.4073,50.6331],[-2.4072,50.6332],[-2.4072,50.6333],[-2.4074,50.6333],[-2.4076,50.6332],[-2.4078,50.6332],[-2.4079,50.6332],[-2.408,50.6334],[-2.4079,50.6336],[-2.4077,50.6338],[-2.4072,50.6341],[-2.406,50.6344],[-2.4051,50.6346],[-2.4038,50.635],[-2.4013,50.6356],[-2.4,50.6358],[-2.3978,50.6362],[-2.397,50.6363],[-2.3962,50.6365],[-2.3957,50.6366],[-2.3952,50.6366],[-2.3947,50.6366],[-2.3939,50.6366],[-2.3933,50.6365],[-2.3926,50.6364],[-2.3915,50.6362],[-2.3912,50.6362],[-2.3909,50.6362],[-2.3908,50.6361],[-2.3903,50.6361],[-2.3899,50.636],[-2.3894,50.636],[-2.389,50.6359],[-2.3889,50.6359],[-2.3885,50.6359],[-2.3882,50.6358],[-2.3869,50.6357],[-2.3865,50.6356],[-2.3856,50.6355],[-2.3849,50.6354],[-2.3843,50.6353],[-2.3839,50.6354],[-2.3835,50.6355],[-2.3832,50.6355],[-2.3826,50.6355],[-2.3823,50.6355],[-2.3817,50.6355],[-2.3813,50.6355],[-2.3806,50.6355],[-2.3798,50.6353],[-2.3792,50.6353],[-2.3788,50.6352],[-2.3782,50.635],[-2.3781,50.6349],[-2.3789,50.6347],[-2.3788,50.6347],[-2.3781,50.6346],[-2.3778,50.6345],[-2.3779,50.6344],[-2.3782,50.6344],[-2.3785,50.6345],[-2.3784,50.6343],[-2.3785,50.6342],[-2.3784,50.6341],[-2.3782,50.6341],[-2.3779,50.6342],[-2.3776,50.6342],[-2.3773,50.6343],[-2.3771,50.6343],[-2.3771,50.6342],[-2.3772,50.6341],[-2.3773,50.6339],[-2.3771,50.6338],[-2.3769,50.6339],[-2.3767,50.6341],[-2.3766,50.6342],[-2.3765,50.6339],[-2.3766,50.6338],[-2.377,50.6337],[-2.3773,50.6335],[-2.3772,50.6335],[-2.377,50.6335],[-2.3766,50.6335],[-2.3764,50.6335],[-2.376,50.6333],[-2.3757,50.6333],[-2.3755,50.6333],[-2.3752,50.6335],[-2.375,50.6336],[-2.3745,50.6335],[-2.3746,50.6334],[-2.374,50.6335],[-2.3739,50.6334],[-2.3737,50.6334],[-2.3736,50.6333],[-2.3736,50.6331],[-2.3736,50.6329],[-2.3732,50.6329],[-2.3727,50.6328],[-2.3719,50.6325],[-2.3717,50.6326],[-2.3711,50.6323],[-2.3709,50.6322],[-2.3706,50.6322],[-2.3691,50.6319],[-2.3687,50.6318],[-2.3685,50.6318],[-2.3681,50.6317],[-2.3678,50.6316],[-2.3673,50.6315],[-2.3671,50.6313],[-2.3668,50.6312],[-2.3664,50.6313],[-2.3661,50.6312],[-2.3661,50.6311],[-2.3658,50.631],[-2.3657,50.6307],[-2.3656,50.6307],[-2.3654,50.631],[-2.3649,50.631],[-2.3648,50.6309],[-2.3646,50.631],[-2.3645,50.631],[-2.3644,50.6308],[-2.3642,50.6306],[-2.3639,50.6309],[-2.3637,50.631],[-2.3636,50.631],[-2.3633,50.6311],[-2.3628,50.6312],[-2.3622,50.6311],[-2.362,50.631],[-2.3617,50.6311],[-2.3618,50.6311],[-2.3614,50.6312],[-2.3611,50.6312],[-2.3603,50.6314],[-2.3599,50.6314],[-2.3584,50.6314],[-2.3578,50.6314],[-2.3574,50.6313],[-2.3561,50.6309],[-2.3554,50.6308],[-2.3548,50.6308],[-2.3541,50.6308],[-2.3533,50.631],[-2.3526,50.6311],[-2.352,50.6311],[-2.3513,50.6311],[-2.351,50.6311],[-2.3501,50.6308],[-2.3496,50.6308],[-2.3491,50.6308],[-2.3483,50.6309],[-2.3474,50.6312],[-2.3463,50.6315],[-2.3455,50.6317],[-2.3448,50.6318],[-2.3442,50.6319],[-2.3435,50.632],[-2.3423,50.6321],[-2.3414,50.6321],[-2.3407,50.632],[-2.3398,50.632],[-2.3389,50.6319],[-2.3378,50.6318],[-2.3366,50.6316],[-2.3357,50.6313],[-2.3352,50.6312],[-2.3349,50.631],[-2.3347,50.6309],[-2.3346,50.6307],[-2.3346,50.6301],[-2.3345,50.63],[-2.3341,50.6296],[-2.334,50.6296],[-2.3333,50.6291],[-2.3326,50.6288],[-2.3325,50.6287],[-2.3322,50.6284],[-2.3321,50.6283],[-2.3319,50.6282],[-2.3315,50.6279],[-2.3314,50.6279],[-2.3313,50.6279],[-2.3313,50.6278],[-2.3311,50.6277],[-2.331,50.6277],[-2.331,50.6276],[-2.3309,50.6276],[-2.3308,50.6275],[-2.3306,50.6272],[-2.3305,50.6271],[-2.3304,50.627],[-2.3303,50.6269],[-2.3301,50.6268],[-2.3299,50.6268],[-2.3296,50.6267],[-2.3294,50.6266],[-2.3295,50.6266],[-2.3294,50.6266],[-2.3291,50.6265],[-2.329,50.6265],[-2.3289,50.6265],[-2.3289,50.6264],[-2.329,50.6264],[-2.329,50.6263],[-2.3289,50.6263],[-2.3287,50.6263],[-2.3287,50.6262],[-2.3285,50.6264],[-2.3282,50.6263],[-2.328,50.6263],[-2.3278,50.6264],[-2.3276,50.6264],[-2.3275,50.6264],[-2.3274,50.6264],[-2.3273,50.6263],[-2.3272,50.6262],[-2.3271,50.6262],[-2.327,50.6262],[-2.3269,50.6261],[-2.3269,50.626],[-2.3267,50.626],[-2.3268,50.6259],[-2.3267,50.6259],[-2.3266,50.6259],[-2.3265,50.6258],[-2.3263,50.6258],[-2.3261,50.6257],[-2.326,50.6257],[-2.3258,50.6257],[-2.3256,50.6256],[-2.325,50.6254],[-2.3248,50.6253],[-2.3246,50.6252],[-2.3244,50.6251],[-2.324,50.6249],[-2.3238,50.6248],[-2.3235,50.6247],[-2.3235,50.6246],[-2.3234,50.6246],[-2.3233,50.6246],[-2.3234,50.6247],[-2.3233,50.6247],[-2.3229,50.6248],[-2.3228,50.6249],[-2.3227,50.6249],[-2.3226,50.6249],[-2.3225,50.625],[-2.3222,50.625],[-2.3221,50.625],[-2.322,50.625],[-2.3219,50.625],[-2.3218,50.6251],[-2.3217,50.6251],[-2.3215,50.6252],[-2.3214,50.6252],[-2.3213,50.6252],[-2.3212,50.6251],[-2.3212,50.6252],[-2.3212,50.6253],[-2.3211,50.6253],[-2.3207,50.6253],[-2.3206,50.6253],[-2.3205,50.6253],[-2.3205,50.6254],[-2.3205,50.6253],[-2.3204,50.6253],[-2.3203,50.6253],[-2.3201,50.6254],[-2.3201,50.6255],[-2.3199,50.6255],[-2.3197,50.6255],[-2.3195,50.6255],[-2.3193,50.6255],[-2.3189,50.6254],[-2.3184,50.6254],[-2.3181,50.6253],[-2.3181,50.6252],[-2.318,50.6252],[-2.3179,50.6252],[-2.3178,50.6252],[-2.3177,50.6252],[-2.3176,50.6252],[-2.3174,50.6252],[-2.3171,50.6251],[-2.3171,50.6252],[-2.317,50.6252],[-2.3168,50.6252],[-2.3167,50.6252],[-2.3167,50.6253],[-2.3165,50.6253],[-2.3164,50.6253],[-2.3163,50.6253],[-2.3162,50.6254],[-2.3161,50.6253],[-2.316,50.6254],[-2.3159,50.6254],[-2.3157,50.6254],[-2.3156,50.6254],[-2.3155,50.6253],[-2.3152,50.6254],[-2.315,50.6253],[-2.3148,50.6253],[-2.3146,50.6253],[-2.3144,50.6253],[-2.3142,50.6253],[-2.3141,50.6253],[-2.3139,50.6254],[-2.3138,50.6254],[-2.3137,50.6255],[-2.3135,50.6256],[-2.3134,50.6256],[-2.3132,50.6256],[-2.313,50.6255],[-2.3128,50.6255],[-2.3126,50.6256],[-2.3122,50.6256],[-2.3118,50.6256],[-2.3113,50.6256],[-2.3109,50.6256],[-2.3102,50.6256],[-2.3094,50.6255],[-2.3091,50.6255],[-2.3085,50.6254],[-2.3082,50.6254],[-2.3081,50.6253],[-2.308,50.6253],[-2.3076,50.6253],[-2.3067,50.6253],[-2.306,50.6253],[-2.3056,50.6252],[-2.305,50.6252],[-2.304,50.6251],[-2.3026,50.6249],[-2.3018,50.6247],[-2.3013,50.6246],[-2.3012,50.6246],[-2.3011,50.6245],[-2.3009,50.6245],[-2.3006,50.6244],[-2.3005,50.6244],[-2.3004,50.6243],[-2.3001,50.6243],[-2.3,50.6243],[-2.2999,50.6242],[-2.299,50.6241],[-2.2987,50.6241],[-2.2984,50.624],[-2.2981,50.624],[-2.298,50.624],[-2.2974,50.6239],[-2.2973,50.6239],[-2.2971,50.6238],[-2.2966,50.6237],[-2.2963,50.6236],[-2.2958,50.6235],[-2.2949,50.6233],[-2.2941,50.6231],[-2.2936,50.623],[-2.2932,50.6229],[-2.2919,50.6228],[-2.2917,50.6227],[-2.2914,50.6226],[-2.2913,50.6226],[-2.2913,50.6225],[-2.2913,50.6224],[-2.2915,50.6223],[-2.2916,50.6223],[-2.2915,50.6223],[-2.2914,50.6223],[-2.2913,50.6223],[-2.2914,50.6222],[-2.2915,50.6222],[-2.2914,50.6222],[-2.2913,50.6222],[-2.2912,50.6222],[-2.2911,50.6222],[-2.2909,50.6223],[-2.2909,50.6224],[-2.2909,50.6225],[-2.2907,50.6227],[-2.2905,50.6227],[-2.2903,50.6227],[-2.2901,50.6227],[-2.2899,50.6227],[-2.2896,50.6227],[-2.2891,50.6227],[-2.2888,50.6227],[-2.2887,50.6227],[-2.2887,50.6228],[-2.2886,50.6228],[-2.2882,50.6227],[-2.2872,50.6227],[-2.2869,50.6227],[-2.2864,50.6227],[-2.2858,50.6225],[-2.2856,50.6225],[-2.2855,50.6225],[-2.2854,50.6225],[-2.2849,50.6224],[-2.2845,50.6224],[-2.2843,50.6224],[-2.2841,50.6224],[-2.2836,50.6223],[-2.2833,50.6223],[-2.282,50.6223],[-2.2815,50.6222],[-2.2806,50.6221],[-2.2796,50.6219],[-2.2784,50.622],[-2.2783,50.622],[-2.2777,50.6219],[-2.2772,50.6218],[-2.2771,50.6218],[-2.2769,50.6217],[-2.2767,50.6216],[-2.2765,50.6214],[-2.2764,50.6212],[-2.2766,50.6212],[-2.2771,50.6212],[-2.2772,50.6212],[-2.2772,50.6211],[-2.2773,50.6211],[-2.2772,50.6211],[-2.2768,50.6211],[-2.2764,50.6211],[-2.2758,50.6211],[-2.2755,50.621],[-2.2749,50.6211],[-2.2745,50.6211],[-2.2742,50.6211],[-2.2739,50.6212],[-2.2741,50.6212],[-2.2741,50.6213],[-2.2742,50.6213],[-2.2745,50.6213],[-2.2744,50.6214],[-2.2745,50.6214],[-2.2744,50.6214],[-2.2745,50.6214],[-2.2743,50.6217],[-2.2741,50.6218],[-2.2734,50.622],[-2.2733,50.622],[-2.2731,50.622],[-2.2729,50.622],[-2.2728,50.622],[-2.2726,50.6219],[-2.2725,50.6219],[-2.2721,50.6217],[-2.2719,50.6215],[-2.2718,50.6214],[-2.2717,50.6214],[-2.2715,50.6214],[-2.2711,50.6214],[-2.271,50.6213],[-2.2709,50.6213],[-2.2706,50.6214],[-2.2705,50.6215],[-2.2704,50.6215],[-2.2703,50.6215],[-2.2698,50.6215],[-2.2694,50.6214],[-2.2681,50.6212],[-2.2678,50.6212],[-2.2676,50.6211],[-2.2667,50.6209],[-2.2664,50.6208],[-2.2662,50.6208],[-2.2657,50.6206],[-2.2656,50.6206],[-2.2653,50.6204],[-2.264,50.6199],[-2.2636,50.6197],[-2.2635,50.6196],[-2.2636,50.6196],[-2.2637,50.6197],[-2.2638,50.6196],[-2.2638,50.6195],[-2.2637,50.6195],[-2.2636,50.6195],[-2.2634,50.6194],[-2.2632,50.6194],[-2.2629,50.6194],[-2.2628,50.6194],[-2.2628,50.6193],[-2.2627,50.6193],[-2.2626,50.6192],[-2.2625,50.6191],[-2.2624,50.619],[-2.2623,50.6189],[-2.2621,50.6189],[-2.2619,50.6188],[-2.2618,50.6188],[-2.2617,50.6187],[-2.2615,50.6186],[-2.2614,50.6186],[-2.2614,50.6185],[-2.2613,50.6185],[-2.2611,50.6185],[-2.2606,50.6183],[-2.2602,50.6183],[-2.2602,50.6181],[-2.2601,50.6181],[-2.26,50.6182],[-2.2599,50.6182],[-2.2598,50.6182],[-2.2595,50.6183],[-2.2591,50.6183],[-2.2589,50.6183],[-2.2588,50.6183],[-2.2587,50.6183],[-2.2582,50.6182],[-2.2577,50.6181],[-2.2576,50.618],[-2.2575,50.618],[-2.2576,50.6179],[-2.2575,50.6179],[-2.2574,50.6179],[-2.2572,50.6179],[-2.257,50.6179],[-2.2569,50.618],[-2.2567,50.6179],[-2.2564,50.6178],[-2.2558,50.6179],[-2.2555,50.6179],[-2.2551,50.6178],[-2.2551,50.6179],[-2.255,50.6179],[-2.2549,50.6179],[-2.2547,50.6179],[-2.2545,50.6179],[-2.2542,50.6179],[-2.254,50.6179],[-2.2535,50.6178],[-2.2534,50.6179],[-2.2533,50.618],[-2.2532,50.618],[-2.2531,50.618],[-2.253,50.6178],[-2.2528,50.6177],[-2.2522,50.6176],[-2.2518,50.6176],[-2.2512,50.6175],[-2.2508,50.6173],[-2.2504,50.6173],[-2.2499,50.617],[-2.2497,50.617],[-2.2496,50.617],[-2.2494,50.617],[-2.2491,50.6169],[-2.2486,50.6169],[-2.2482,50.6169],[-2.2481,50.6169],[-2.248,50.6169],[-2.2485,50.6171],[-2.2486,50.6172],[-2.2488,50.6173],[-2.2488,50.6174],[-2.2486,50.6175],[-2.2487,50.6175],[-2.2488,50.6175],[-2.2489,50.6176],[-2.2486,50.6176],[-2.2487,50.6177],[-2.249,50.6177],[-2.2493,50.6179],[-2.2496,50.618],[-2.2497,50.6182],[-2.2496,50.6184],[-2.2495,50.6185],[-2.2495,50.6186],[-2.2494,50.6187],[-2.2493,50.6188],[-2.2489,50.619],[-2.2487,50.6191],[-2.2484,50.6192],[-2.2478,50.6193],[-2.2469,50.6194],[-2.2465,50.6194],[-2.2461,50.6193],[-2.2457,50.6192],[-2.2452,50.619],[-2.2446,50.6188],[-2.2444,50.6186],[-2.2441,50.6183],[-2.244,50.6181],[-2.244,50.618],[-2.244,50.6179],[-2.244,50.6178],[-2.2442,50.6177],[-2.2444,50.6176],[-2.2445,50.6176],[-2.2445,50.6175],[-2.2446,50.6176],[-2.2446,50.6175],[-2.2445,50.6175],[-2.2447,50.6175],[-2.2449,50.6174],[-2.2449,50.6173],[-2.2448,50.6172],[-2.2449,50.6171],[-2.245,50.617],[-2.2451,50.617],[-2.2451,50.6169],[-2.2453,50.6167],[-2.2457,50.6167],[-2.246,50.6167],[-2.2461,50.6167],[-2.2462,50.6167],[-2.2461,50.6167],[-2.2458,50.6165],[-2.2454,50.6164],[-2.2452,50.6164],[-2.2451,50.6164],[-2.245,50.6164],[-2.2449,50.6164],[-2.2448,50.6164],[-2.2443,50.6163],[-2.244,50.6163],[-2.2437,50.6163],[-2.2433,50.6162],[-2.243,50.6162],[-2.2428,50.6162],[-2.2424,50.6162],[-2.2423,50.6162],[-2.2417,50.6162],[-2.2409,50.6161],[-2.24,50.6161],[-2.2396,50.6161],[-2.2394,50.616],[-2.2388,50.616],[-2.2385,50.616],[-2.2381,50.616],[-2.2378,50.616],[-2.2375,50.616],[-2.2372,50.616],[-2.2369,50.616],[-2.2363,50.616],[-2.2359,50.616],[-2.2348,50.616],[-2.2338,50.616],[-2.2336,50.616],[-2.233,50.616],[-2.2328,50.616],[-2.2324,50.6161],[-2.2321,50.616],[-2.2309,50.616],[-2.2306,50.616],[-2.23,50.616],[-2.2298,50.616],[-2.2294,50.616],[-2.2294,50.6161],[-2.2291,50.616],[-2.2287,50.616],[-2.2286,50.616],[-2.2286,50.6161],[-2.2287,50.6161],[-2.2286,50.6161],[-2.2286,50.6162],[-2.2287,50.6162],[-2.2286,50.6162],[-2.2283,50.6161],[-2.2283,50.616],[-2.2281,50.616],[-2.228,50.6161],[-2.2281,50.6161],[-2.2282,50.6161],[-2.2281,50.6162],[-2.228,50.6162],[-2.228,50.6163],[-2.2281,50.6163],[-2.2281,50.6164],[-2.2282,50.6164],[-2.2282,50.6165],[-2.2281,50.6165],[-2.2281,50.6166],[-2.2282,50.6167],[-2.2281,50.6167],[-2.2281,50.6168],[-2.2278,50.617],[-2.2272,50.617],[-2.2271,50.617],[-2.227,50.617],[-2.2267,50.617],[-2.2264,50.6168],[-2.2268,50.6168],[-2.2267,50.6168],[-2.2266,50.6168],[-2.2265,50.6168],[-2.2263,50.6168],[-2.2263,50.6167],[-2.2262,50.6167],[-2.2262,50.6166],[-2.2261,50.6166],[-2.226,50.6166],[-2.2261,50.6165],[-2.2262,50.6164],[-2.2263,50.6163],[-2.2263,50.6162],[-2.2262,50.6162],[-2.2261,50.6162],[-2.226,50.6162],[-2.2259,50.6164],[-2.2257,50.6164],[-2.2255,50.6164],[-2.2256,50.6165],[-2.2257,50.6166],[-2.2255,50.6166],[-2.2254,50.6166],[-2.2253,50.6166],[-2.2252,50.6166],[-2.2253,50.6165],[-2.2252,50.6165],[-2.2251,50.6165],[-2.2252,50.6165],[-2.2252,50.6164],[-2.2253,50.6164],[-2.2252,50.6164],[-2.2252,50.6163],[-2.2251,50.6163],[-2.225,50.6163],[-2.2249,50.6164],[-2.225,50.6164],[-2.225,50.6165],[-2.2249,50.6165],[-2.2248,50.6165],[-2.2247,50.6166],[-2.2243,50.6166],[-2.2242,50.6166],[-2.2241,50.6166],[-2.224,50.6166],[-2.2236,50.6167],[-2.2234,50.6168],[-2.2231,50.6169],[-2.223,50.6169],[-2.2228,50.6168],[-2.2227,50.6168],[-2.2227,50.6169],[-2.2226,50.6168],[-2.2224,50.6168],[-2.2223,50.6168],[-2.2222,50.6168],[-2.2221,50.6167],[-2.222,50.6167],[-2.2219,50.6167],[-2.2218,50.6167],[-2.2218,50.6166],[-2.2217,50.6166],[-2.2215,50.6166],[-2.2214,50.6166],[-2.2213,50.6166],[-2.2212,50.6166],[-2.2213,50.6167],[-2.2212,50.6168],[-2.2213,50.6169],[-2.2214,50.6169],[-2.2215,50.6169],[-2.2215,50.617],[-2.2215,50.6171],[-2.2216,50.6171],[-2.2217,50.6171],[-2.2218,50.6172],[-2.2219,50.6172],[-2.222,50.6172],[-2.2221,50.6172],[-2.2222,50.6173],[-2.2223,50.6173],[-2.2224,50.6173],[-2.2224,50.6174],[-2.2225,50.6174],[-2.223,50.6175],[-2.2231,50.6175],[-2.2232,50.6175],[-2.2232,50.6176],[-2.2233,50.6177],[-2.2233,50.618],[-2.2232,50.6182],[-2.2229,50.6186],[-2.2225,50.619],[-2.2222,50.6192],[-2.2217,50.6195],[-2.2212,50.6197],[-2.2207,50.62],[-2.2203,50.6201],[-2.2196,50.6201],[-2.2193,50.6202],[-2.2189,50.6202],[-2.2183,50.6203],[-2.2182,50.6204],[-2.2179,50.6204],[-2.2179,50.6203],[-2.2177,50.6202],[-2.2176,50.6202],[-2.2176,50.6201],[-2.2175,50.6202],[-2.2173,50.6201],[-2.2172,50.6202],[-2.2173,50.6203],[-2.2172,50.6204],[-2.2171,50.6205],[-2.2164,50.6206],[-2.2163,50.6206],[-2.2162,50.6206],[-2.216,50.6206],[-2.2158,50.6206],[-2.2156,50.6206],[-2.2153,50.6206],[-2.2149,50.6206],[-2.2146,50.6206],[-2.2144,50.6206],[-2.2143,50.6206],[-2.2142,50.6206],[-2.2141,50.6206],[-2.2139,50.6206],[-2.2134,50.6206],[-2.2133,50.6206],[-2.2132,50.6206],[-2.2131,50.6206],[-2.213,50.6206],[-2.2129,50.6207],[-2.2128,50.6207],[-2.2127,50.6207],[-2.2126,50.6207],[-2.2125,50.6208],[-2.2124,50.6208],[-2.2123,50.6208],[-2.2123,50.6209],[-2.2121,50.6209],[-2.212,50.6209],[-2.2119,50.6209],[-2.2118,50.6209],[-2.2114,50.621],[-2.2113,50.621],[-2.2112,50.621],[-2.2111,50.621],[-2.211,50.621],[-2.2107,50.621],[-2.2106,50.621],[-2.2103,50.6211],[-2.2102,50.6211],[-2.2101,50.6211],[-2.21,50.621],[-2.2098,50.6211],[-2.2097,50.6211],[-2.2096,50.6211],[-2.2096,50.6212],[-2.2095,50.6212],[-2.2094,50.6212],[-2.2093,50.6212],[-2.2091,50.6213],[-2.209,50.6215],[-2.2089,50.6216],[-2.2088,50.6217],[-2.2088,50.6218],[-2.2087,50.6218],[-2.2087,50.6219],[-2.2085,50.622],[-2.2084,50.622],[-2.2083,50.622],[-2.2081,50.6221],[-2.208,50.6221],[-2.2079,50.6221],[-2.2077,50.6222],[-2.2075,50.6222],[-2.2074,50.6222],[-2.2071,50.6222],[-2.207,50.6222],[-2.2069,50.6223],[-2.2068,50.6223],[-2.2067,50.6222],[-2.2065,50.6222],[-2.2064,50.6222],[-2.2063,50.6222],[-2.2061,50.6222],[-2.2059,50.6222],[-2.2057,50.6222],[-2.2055,50.6221],[-2.2054,50.6221],[-2.2053,50.6221],[-2.2052,50.6221],[-2.2049,50.622],[-2.2047,50.6219],[-2.2047,50.6218],[-2.2048,50.6218],[-2.2048,50.6217],[-2.2047,50.6217],[-2.2048,50.6216],[-2.2048,50.6215],[-2.2047,50.6215],[-2.2047,50.6216],[-2.2046,50.6216],[-2.2045,50.6216],[-2.2044,50.6217],[-2.2043,50.6217],[-2.2042,50.6217],[-2.2041,50.6217],[-2.2041,50.6216],[-2.2042,50.6216],[-2.2042,50.6215],[-2.204,50.6215],[-2.2037,50.6217],[-2.2038,50.6217],[-2.2035,50.6217],[-2.2032,50.6218],[-2.2031,50.6218],[-2.203,50.6219],[-2.2029,50.6219],[-2.2028,50.6219],[-2.2027,50.622],[-2.2025,50.622],[-2.2025,50.6221],[-2.2024,50.6221],[-2.2023,50.6221],[-2.2022,50.6221],[-2.2019,50.6221],[-2.2015,50.6222],[-2.2014,50.6223],[-2.2012,50.6223],[-2.2011,50.6224],[-2.201,50.6224],[-2.2009,50.6224],[-2.2008,50.6225],[-2.2007,50.6225],[-2.2006,50.6225],[-2.2005,50.6224],[-2.2002,50.6225],[-2.2,50.6225],[-2.2,50.6226],[-2.1999,50.6226],[-2.1997,50.6227],[-2.1996,50.6227],[-2.1997,50.6226],[-2.1998,50.6226],[-2.1996,50.6226],[-2.1992,50.6228],[-2.1987,50.6228],[-2.1984,50.6228],[-2.1981,50.6227],[-2.1975,50.6227],[-2.1965,50.6225],[-2.1964,50.6225],[-2.1963,50.6224],[-2.1962,50.6224],[-2.1961,50.6224],[-2.196,50.6224],[-2.1957,50.6223],[-2.1946,50.622],[-2.1945,50.622],[-2.1938,50.6218],[-2.1935,50.6217],[-2.1934,50.6216],[-2.1933,50.6216],[-2.1932,50.6216],[-2.1931,50.6216],[-2.193,50.6215],[-2.1924,50.6214],[-2.1922,50.6214],[-2.1919,50.6213],[-2.1915,50.6212],[-2.1913,50.6211],[-2.1911,50.621],[-2.1908,50.6209],[-2.1901,50.6207],[-2.1897,50.6206],[-2.1893,50.6205],[-2.1885,50.6202],[-2.1876,50.6199],[-2.1872,50.6197],[-2.187,50.6196],[-2.1869,50.6195],[-2.1868,50.6195],[-2.1867,50.6194],[-2.1865,50.6193],[-2.1858,50.6189],[-2.1853,50.6186],[-2.1851,50.6183],[-2.1849,50.618],[-2.1848,50.6178],[-2.1848,50.6177],[-2.1847,50.6176],[-2.1847,50.6175],[-2.1847,50.6171],[-2.1848,50.6169],[-2.1849,50.6167],[-2.185,50.6167],[-2.1853,50.6168],[-2.1855,50.6167],[-2.1856,50.6166],[-2.1858,50.6165],[-2.1861,50.6164],[-2.1863,50.6163],[-2.1866,50.6162],[-2.1866,50.6161],[-2.1867,50.6159],[-2.1868,50.6159],[-2.1868,50.6158],[-2.1868,50.6155],[-2.187,50.6154],[-2.1871,50.6154],[-2.1871,50.6153],[-2.1868,50.6154],[-2.1868,50.6153],[-2.1868,50.6152],[-2.1868,50.6151],[-2.1871,50.615],[-2.1875,50.615],[-2.1876,50.615],[-2.1877,50.6149],[-2.1878,50.6149],[-2.1877,50.6149],[-2.1876,50.6149],[-2.1874,50.6148],[-2.1869,50.6147],[-2.1865,50.6148],[-2.1863,50.6148],[-2.1859,50.6149],[-2.1856,50.6149],[-2.185,50.615],[-2.1843,50.6152],[-2.1843,50.6153],[-2.1842,50.6155],[-2.1841,50.6156],[-2.1842,50.6156],[-2.1843,50.6156],[-2.1843,50.6157],[-2.1842,50.6157],[-2.1841,50.6157],[-2.1839,50.6157],[-2.1838,50.6157],[-2.1836,50.6158],[-2.1833,50.6158],[-2.1832,50.6157],[-2.1831,50.6157],[-2.1831,50.6156],[-2.1831,50.6155],[-2.1829,50.6154],[-2.1827,50.6153],[-2.1825,50.6154],[-2.1823,50.6153],[-2.1822,50.6153],[-2.1823,50.6153],[-2.1822,50.6152],[-2.1821,50.6152],[-2.1819,50.6151],[-2.1815,50.6151],[-2.1811,50.615],[-2.1808,50.615],[-2.1805,50.6149],[-2.1792,50.6146],[-2.1788,50.6146],[-2.1786,50.6145],[-2.1784,50.6146],[-2.1783,50.6146],[-2.1781,50.6145],[-2.178,50.6145],[-2.1776,50.6146],[-2.1772,50.6145],[-2.177,50.6146],[-2.1769,50.6146],[-2.1768,50.6146],[-2.1767,50.6146],[-2.1766,50.6146],[-2.1766,50.6145],[-2.1765,50.6145],[-2.1764,50.6145],[-2.1763,50.6145],[-2.1762,50.6145],[-2.1758,50.6146],[-2.1757,50.6146],[-2.1756,50.6146],[-2.1756,50.6147],[-2.1753,50.6147],[-2.1752,50.6146],[-2.175,50.6146],[-2.1748,50.6146],[-2.1746,50.6146],[-2.1743,50.6145],[-2.174,50.6145],[-2.1738,50.6146],[-2.1737,50.6146],[-2.1736,50.6146],[-2.1736,50.6145],[-2.1735,50.6144],[-2.1737,50.6144],[-2.1737,50.6143],[-2.1736,50.6143],[-2.1735,50.6143],[-2.1732,50.6142],[-2.1728,50.6142],[-2.1725,50.6141],[-2.1724,50.6142],[-2.1723,50.6142],[-2.1721,50.6142],[-2.172,50.6142],[-2.1719,50.6142],[-2.1718,50.6142],[-2.1717,50.6142],[-2.1716,50.6142],[-2.1713,50.6142],[-2.1711,50.6142],[-2.1711,50.6141],[-2.1711,50.614],[-2.1709,50.6141],[-2.1709,50.614],[-2.1708,50.614],[-2.1707,50.6139],[-2.1705,50.6139],[-2.1704,50.6138],[-2.1701,50.6138],[-2.1699,50.6139],[-2.1697,50.6138],[-2.1695,50.6139],[-2.1695,50.614],[-2.1693,50.6141],[-2.1689,50.614],[-2.1687,50.6139],[-2.1686,50.6139],[-2.1684,50.614],[-2.1682,50.6141],[-2.1681,50.6141],[-2.1678,50.6142],[-2.1677,50.6142],[-2.1677,50.6143],[-2.1675,50.6143],[-2.1673,50.6144],[-2.167,50.6144],[-2.1667,50.6145],[-2.1665,50.6145],[-2.1664,50.6145],[-2.1663,50.6145],[-2.166,50.6146],[-2.1659,50.6147],[-2.1656,50.6147],[-2.1653,50.6146],[-2.1647,50.6146],[-2.1646,50.6147],[-2.1643,50.6147],[-2.1641,50.6147],[-2.164,50.6147],[-2.1638,50.6147],[-2.1635,50.6146],[-2.1628,50.6146],[-2.1627,50.6146],[-2.1626,50.6146],[-2.1623,50.6147],[-2.1623,50.6148],[-2.1622,50.6148],[-2.1622,50.6149],[-2.1621,50.6149],[-2.162,50.6149],[-2.1619,50.6149],[-2.1618,50.6149],[-2.1618,50.6148],[-2.1617,50.6148],[-2.1616,50.6147],[-2.1609,50.6149],[-2.1608,50.615],[-2.1604,50.615],[-2.16,50.615],[-2.1594,50.6152],[-2.1591,50.6151],[-2.1583,50.6152],[-2.1582,50.6152],[-2.158,50.6152],[-2.158,50.6151],[-2.1583,50.6151],[-2.1584,50.6151],[-2.1578,50.6151],[-2.1578,50.615],[-2.158,50.615],[-2.1582,50.615],[-2.1581,50.615],[-2.1578,50.615],[-2.1577,50.615],[-2.1576,50.615],[-2.1577,50.615],[-2.1582,50.615],[-2.1584,50.6149],[-2.1585,50.6149],[-2.1586,50.6149],[-2.1582,50.6149],[-2.1576,50.6149],[-2.1575,50.6149],[-2.1574,50.615],[-2.1573,50.615],[-2.1573,50.6149],[-2.1574,50.6149],[-2.1575,50.6149],[-2.1576,50.6149],[-2.1577,50.6149],[-2.1578,50.6148],[-2.1576,50.6148],[-2.1573,50.6149],[-2.1572,50.6148],[-2.1572,50.6146],[-2.1566,50.6146],[-2.1565,50.6147],[-2.1565,50.6146],[-2.1569,50.6146],[-2.1566,50.6145],[-2.1562,50.6146],[-2.1561,50.6146],[-2.1557,50.6145],[-2.1553,50.6143],[-2.1549,50.614],[-2.1551,50.614],[-2.1552,50.614],[-2.1551,50.6139],[-2.1547,50.6139],[-2.1545,50.6138],[-2.1538,50.6134],[-2.1538,50.6133],[-2.1539,50.6133],[-2.154,50.6133],[-2.1541,50.6133],[-2.1539,50.6133],[-2.1538,50.6133],[-2.1539,50.6133],[-2.154,50.6132],[-2.1539,50.6132],[-2.1536,50.6132],[-2.1535,50.6132],[-2.1534,50.6131],[-2.1533,50.613],[-2.1532,50.6129],[-2.1533,50.6129],[-2.1532,50.6129],[-2.1532,50.6128],[-2.1534,50.6129],[-2.1535,50.6129],[-2.1534,50.6128],[-2.1533,50.6127],[-2.1534,50.6127],[-2.1535,50.6127],[-2.1534,50.6127],[-2.1534,50.6126],[-2.1533,50.6127],[-2.153,50.6126],[-2.1529,50.6126],[-2.1529,50.6125],[-2.153,50.6125],[-2.1529,50.6124],[-2.153,50.6123],[-2.1529,50.6123],[-2.153,50.6122],[-2.1529,50.6122],[-2.1526,50.6122],[-2.1527,50.6122],[-2.1528,50.6121],[-2.153,50.6121],[-2.153,50.612],[-2.1531,50.612],[-2.1529,50.612],[-2.1528,50.6121],[-2.1529,50.612],[-2.1527,50.612],[-2.1525,50.6121],[-2.1523,50.6121],[-2.1522,50.6121],[-2.1523,50.612],[-2.1524,50.612],[-2.1523,50.612],[-2.1524,50.6119],[-2.1525,50.6119],[-2.1526,50.6118],[-2.1527,50.6118],[-2.1526,50.6118],[-2.1524,50.6119],[-2.1522,50.6119],[-2.1523,50.6118],[-2.1529,50.6116],[-2.153,50.6115],[-2.1529,50.6115],[-2.1529,50.6114],[-2.1528,50.6115],[-2.1527,50.6115],[-2.1528,50.6114],[-2.1527,50.6114],[-2.1525,50.6114],[-2.152,50.6116],[-2.1519,50.6116],[-2.152,50.6115],[-2.1523,50.6114],[-2.1524,50.6114],[-2.1525,50.6114],[-2.1525,50.6113],[-2.1523,50.6113],[-2.1521,50.6114],[-2.152,50.6114],[-2.1521,50.6113],[-2.1524,50.6112],[-2.1526,50.611],[-2.153,50.611],[-2.1531,50.6109],[-2.1531,50.6108],[-2.1532,50.6108],[-2.1535,50.6107],[-2.1536,50.6106],[-2.1537,50.6106],[-2.1538,50.6106],[-2.1539,50.6106],[-2.154,50.6105],[-2.1539,50.6105],[-2.1538,50.6105],[-2.1537,50.6106],[-2.1531,50.6107],[-2.1528,50.6108],[-2.1527,50.6108],[-2.1523,50.611],[-2.152,50.611],[-2.1519,50.6109],[-2.1516,50.611],[-2.1516,50.6109],[-2.1515,50.6109],[-2.1512,50.611],[-2.1509,50.6111],[-2.1509,50.611],[-2.1511,50.611],[-2.1511,50.6109],[-2.1512,50.6109],[-2.1511,50.6109],[-2.1508,50.611],[-2.1505,50.6111],[-2.1504,50.611],[-2.1501,50.6111],[-2.1499,50.6111],[-2.15,50.6109],[-2.1497,50.611],[-2.1496,50.6111],[-2.1494,50.6111],[-2.1492,50.6111],[-2.1491,50.6111],[-2.1492,50.611],[-2.1492,50.6109],[-2.149,50.6109],[-2.1489,50.6109],[-2.1488,50.6107],[-2.1484,50.6108],[-2.1482,50.6108],[-2.148,50.6107],[-2.1477,50.6106],[-2.1474,50.6105],[-2.1473,50.6103],[-2.1472,50.6102],[-2.1472,50.6101],[-2.1471,50.6101],[-2.1472,50.6101],[-2.1472,50.61],[-2.1472,50.6099],[-2.1472,50.6098],[-2.1471,50.6098],[-2.1471,50.6097],[-2.1472,50.6096],[-2.1472,50.6095],[-2.1472,50.6094],[-2.1471,50.6092],[-2.1471,50.6091],[-2.1471,50.609],[-2.1471,50.6089],[-2.1471,50.6088],[-2.1471,50.6087],[-2.1471,50.6086],[-2.1471,50.6085],[-2.1474,50.6084],[-2.1476,50.6082],[-2.1477,50.608],[-2.1477,50.6077],[-2.1476,50.6077],[-2.1468,50.6077],[-2.1469,50.6078],[-2.1468,50.6079],[-2.1466,50.6079],[-2.1465,50.6079],[-2.1464,50.6079],[-2.1456,50.6078],[-2.1455,50.6079],[-2.1456,50.608],[-2.1457,50.6082],[-2.1456,50.6085],[-2.1454,50.6087],[-2.1452,50.6088],[-2.1448,50.6091],[-2.1447,50.6092],[-2.1446,50.6092],[-2.1445,50.6092],[-2.1444,50.6093],[-2.1444,50.6095],[-2.1443,50.6096],[-2.1441,50.6099],[-2.1439,50.6098],[-2.1439,50.61],[-2.1437,50.61],[-2.1438,50.6102],[-2.1437,50.6103],[-2.1434,50.6104],[-2.1435,50.6106],[-2.1434,50.6106],[-2.143,50.6107],[-2.1428,50.6106],[-2.1428,50.6104],[-2.1426,50.6105],[-2.1425,50.6103],[-2.1422,50.6101],[-2.1419,50.61],[-2.1411,50.61],[-2.1407,50.61],[-2.1401,50.6099],[-2.14,50.6099],[-2.1393,50.6099],[-2.139,50.61],[-2.1386,50.6101],[-2.1387,50.6101],[-2.139,50.6102],[-2.1389,50.6104],[-2.1386,50.6103],[-2.1387,50.6105],[-2.1384,50.6107],[-2.1385,50.6108],[-2.1383,50.6108],[-2.1383,50.6109],[-2.1381,50.6113],[-2.1379,50.6113],[-2.1379,50.6114],[-2.1378,50.6116],[-2.1378,50.6118],[-2.1375,50.6118],[-2.1372,50.6117],[-2.1364,50.6118],[-2.1354,50.6121],[-2.1349,50.6123],[-2.1345,50.6125],[-2.1345,50.6124],[-2.1342,50.6125],[-2.1341,50.6124],[-2.1339,50.6124],[-2.1334,50.6123],[-2.133,50.6121],[-2.1332,50.6119],[-2.1331,50.6118],[-2.1329,50.612],[-2.1329,50.6118],[-2.1327,50.6119],[-2.1326,50.6119],[-2.133,50.6115],[-2.1331,50.6113],[-2.1326,50.6116],[-2.1322,50.6116],[-2.1322,50.6115],[-2.1325,50.6113],[-2.1325,50.6112],[-2.1321,50.6115],[-2.1319,50.6116],[-2.1317,50.6115],[-2.1312,50.6112],[-2.1307,50.611],[-2.1306,50.6109],[-2.1304,50.6108],[-2.13,50.6105],[-2.13,50.6104],[-2.1302,50.6102],[-2.1297,50.6101],[-2.1295,50.6099],[-2.1295,50.6097],[-2.1294,50.6096],[-2.1297,50.6093],[-2.1301,50.609],[-2.1304,50.6092],[-2.1306,50.6091],[-2.1307,50.6089],[-2.1308,50.6089],[-2.1308,50.6087],[-2.1309,50.6087],[-2.131,50.6086],[-2.1313,50.6085],[-2.1314,50.6084],[-2.1315,50.6084],[-2.1318,50.6082],[-2.1319,50.608],[-2.1318,50.6079],[-2.1318,50.6078],[-2.1317,50.6077],[-2.1318,50.6076],[-2.1319,50.6076],[-2.1319,50.6074],[-2.1317,50.6075],[-2.1316,50.6075],[-2.1315,50.6075],[-2.1312,50.6073],[-2.131,50.6071],[-2.131,50.6069],[-2.1311,50.6068],[-2.1311,50.6067],[-2.1312,50.6067],[-2.1312,50.6066],[-2.1312,50.6065],[-2.1312,50.6066],[-2.1311,50.6066],[-2.1311,50.6067],[-2.131,50.6068],[-2.1309,50.6068],[-2.1308,50.6068],[-2.1309,50.6067],[-2.1309,50.6065],[-2.1309,50.6064],[-2.1309,50.6065],[-2.1308,50.6065],[-2.1308,50.6066],[-2.1307,50.6066],[-2.1307,50.6064],[-2.1307,50.6063],[-2.1307,50.6062],[-2.1306,50.6063],[-2.1304,50.6064],[-2.1304,50.6063],[-2.1304,50.6062],[-2.1303,50.6062],[-2.1302,50.6062],[-2.1302,50.6061],[-2.1301,50.606],[-2.13,50.6059],[-2.1301,50.6057],[-2.1301,50.6056],[-2.1301,50.6055],[-2.1301,50.6054],[-2.13,50.6054],[-2.13,50.6053],[-2.1299,50.6054],[-2.1299,50.6053],[-2.1298,50.6053],[-2.1297,50.6054],[-2.1297,50.6053],[-2.1296,50.6053],[-2.1294,50.6052],[-2.1293,50.6051],[-2.1293,50.605],[-2.1293,50.6049],[-2.1292,50.6049],[-2.1291,50.605],[-2.1289,50.6048],[-2.1287,50.6047],[-2.1286,50.6047],[-2.1285,50.6046],[-2.1284,50.6046],[-2.1284,50.6045],[-2.1283,50.6044],[-2.1282,50.6044],[-2.1282,50.6043],[-2.1281,50.6043],[-2.128,50.6043],[-2.1279,50.6042],[-2.1278,50.6042],[-2.1277,50.6041],[-2.1277,50.604],[-2.1276,50.6039],[-2.1275,50.6039],[-2.1274,50.6039],[-2.1274,50.6038],[-2.1273,50.6038],[-2.1272,50.6039],[-2.1271,50.6038],[-2.1271,50.6037],[-2.127,50.6037],[-2.127,50.6038],[-2.1268,50.6038],[-2.1268,50.6036],[-2.1268,50.6035],[-2.1267,50.6035],[-2.1267,50.6037],[-2.1266,50.6038],[-2.1265,50.6038],[-2.1265,50.6037],[-2.1265,50.6036],[-2.1265,50.6035],[-2.1264,50.6034],[-2.1264,50.6036],[-2.1263,50.6036],[-2.1263,50.6035],[-2.1263,50.6034],[-2.1263,50.6033],[-2.1262,50.6033],[-2.1262,50.6034],[-2.1261,50.6037],[-2.126,50.6037],[-2.126,50.6036],[-2.1259,50.6035],[-2.1259,50.6034],[-2.1258,50.6034],[-2.1257,50.6028],[-2.1257,50.6027],[-2.1256,50.6027],[-2.1256,50.6028],[-2.1256,50.6033],[-2.1256,50.6034],[-2.1256,50.6035],[-2.1255,50.6035],[-2.1255,50.6033],[-2.1255,50.6032],[-2.1254,50.6031],[-2.1254,50.603],[-2.1253,50.603],[-2.1253,50.6031],[-2.1254,50.6033],[-2.1253,50.6033],[-2.1252,50.6031],[-2.1252,50.603],[-2.1251,50.6029],[-2.125,50.603],[-2.125,50.6034],[-2.1249,50.6032],[-2.1249,50.603],[-2.1248,50.6029],[-2.1248,50.6028],[-2.1247,50.6028],[-2.1247,50.6029],[-2.1246,50.603],[-2.1247,50.6032],[-2.1247,50.6034],[-2.1246,50.6034],[-2.1246,50.6033],[-2.1246,50.6032],[-2.1245,50.603],[-2.1244,50.603],[-2.1243,50.6029],[-2.1242,50.6029],[-2.1243,50.603],[-2.1241,50.6032],[-2.1241,50.6034],[-2.124,50.6034],[-2.1239,50.6034],[-2.1235,50.6033],[-2.1235,50.6032],[-2.1235,50.6031],[-2.1234,50.6031],[-2.1234,50.603],[-2.1233,50.6025],[-2.1232,50.6024],[-2.1232,50.6025],[-2.1232,50.6028],[-2.1233,50.6031],[-2.1232,50.6031],[-2.1231,50.6031],[-2.123,50.6031],[-2.123,50.603],[-2.123,50.6029],[-2.1229,50.6028],[-2.1228,50.6027],[-2.1228,50.6028],[-2.1228,50.6029],[-2.1227,50.6029],[-2.1227,50.6028],[-2.1226,50.6028],[-2.1226,50.6027],[-2.1226,50.6026],[-2.1225,50.6025],[-2.1224,50.6024],[-2.1224,50.6026],[-2.1223,50.6026],[-2.1223,50.6025],[-2.1222,50.6025],[-2.1222,50.6024],[-2.1221,50.6023],[-2.122,50.6022],[-2.122,50.6024],[-2.122,50.6025],[-2.1219,50.6024],[-2.1217,50.6025],[-2.1217,50.6024],[-2.1216,50.6025],[-2.1215,50.6024],[-2.1215,50.6025],[-2.1216,50.6025],[-2.1216,50.6026],[-2.1215,50.6026],[-2.121,50.6024],[-2.1205,50.6022],[-2.1199,50.6019],[-2.1195,50.6017],[-2.1191,50.6014],[-2.1191,50.6013],[-2.119,50.6012],[-2.1189,50.6012],[-2.1189,50.6011],[-2.1188,50.6011],[-2.1187,50.6011],[-2.1187,50.601],[-2.1188,50.601],[-2.1188,50.6009],[-2.1188,50.6008],[-2.1187,50.6008],[-2.1186,50.6008],[-2.1186,50.6007],[-2.1186,50.6006],[-2.1185,50.6005],[-2.1184,50.6004],[-2.1182,50.6002],[-2.1182,50.6003],[-2.1182,50.6004],[-2.1181,50.6004],[-2.1181,50.6002],[-2.118,50.6001],[-2.1179,50.6001],[-2.118,50.6003],[-2.1179,50.6003],[-2.1175,50.6002],[-2.1175,50.6001],[-2.1174,50.6001],[-2.1173,50.6],[-2.1172,50.6],[-2.1172,50.6001],[-2.1171,50.6001],[-2.1171,50.6],[-2.1171,50.5999],[-2.117,50.5999],[-2.1169,50.5998],[-2.1168,50.5999],[-2.1167,50.5998],[-2.1166,50.5997],[-2.1164,50.5998],[-2.1164,50.5999],[-2.1162,50.5998],[-2.1161,50.5998],[-2.1161,50.5997],[-2.1162,50.5997],[-2.1162,50.5996],[-2.1162,50.5995],[-2.1161,50.5994],[-2.1161,50.5993],[-2.116,50.5992],[-2.1158,50.5991],[-2.1158,50.5992],[-2.1156,50.5993],[-2.1155,50.5992],[-2.1156,50.5993],[-2.1155,50.5993],[-2.1155,50.5992],[-2.1154,50.5992],[-2.1152,50.599],[-2.1151,50.5992],[-2.115,50.5991],[-2.115,50.599],[-2.1149,50.599],[-2.1146,50.5987],[-2.1145,50.5986],[-2.1144,50.5985],[-2.1143,50.5985],[-2.1144,50.5986],[-2.1149,50.5991],[-2.1147,50.599],[-2.1145,50.599],[-2.1143,50.599],[-2.1142,50.5989],[-2.1141,50.5989],[-2.114,50.5989],[-2.114,50.5988],[-2.1139,50.5988],[-2.1137,50.5989],[-2.1137,50.599],[-2.1136,50.5991],[-2.1135,50.5991],[-2.1134,50.599],[-2.1134,50.5991],[-2.1131,50.599],[-2.1129,50.5989],[-2.1128,50.5988],[-2.1128,50.5989],[-2.1129,50.5989],[-2.1129,50.599],[-2.1128,50.599],[-2.1126,50.599],[-2.1123,50.5987],[-2.1122,50.5986],[-2.1121,50.5986],[-2.1122,50.5986],[-2.1122,50.5987],[-2.1121,50.5987],[-2.1118,50.5984],[-2.1118,50.5983],[-2.1118,50.5985],[-2.1118,50.5986],[-2.1119,50.5986],[-2.112,50.5987],[-2.112,50.5988],[-2.1119,50.5987],[-2.1118,50.5988],[-2.1117,50.5988],[-2.1117,50.5987],[-2.1116,50.5987],[-2.1115,50.5985],[-2.1114,50.5986],[-2.1112,50.5984],[-2.111,50.5982],[-2.1109,50.5981],[-2.1108,50.5981],[-2.1107,50.5981],[-2.1108,50.5982],[-2.1108,50.5983],[-2.1109,50.5983],[-2.1108,50.5982],[-2.1106,50.5981],[-2.1106,50.5982],[-2.1107,50.5982],[-2.1106,50.5982],[-2.1105,50.5982],[-2.1106,50.5982],[-2.1107,50.5984],[-2.1106,50.5984],[-2.1103,50.5981],[-2.1102,50.5981],[-2.1103,50.5982],[-2.1103,50.5983],[-2.1102,50.5982],[-2.1101,50.5982],[-2.1099,50.5981],[-2.1097,50.5981],[-2.1097,50.5982],[-2.1094,50.5981],[-2.1094,50.598],[-2.1093,50.598],[-2.1092,50.5979],[-2.1091,50.5979],[-2.1091,50.5978],[-2.109,50.5977],[-2.1088,50.5976],[-2.1087,50.5975],[-2.1086,50.5975],[-2.1087,50.5975],[-2.1087,50.5976],[-2.1088,50.5977],[-2.1088,50.5978],[-2.1088,50.5977],[-2.1087,50.5977],[-2.1087,50.5976],[-2.1086,50.5976],[-2.1083,50.5973],[-2.1082,50.5972],[-2.108,50.5971],[-2.1076,50.5968],[-2.1076,50.5967],[-2.1075,50.5965],[-2.1074,50.5964],[-2.1074,50.5963],[-2.1073,50.5963],[-2.1071,50.5965],[-2.1071,50.5966],[-2.1072,50.5968],[-2.1072,50.5969],[-2.1073,50.5969],[-2.1073,50.597],[-2.1074,50.597],[-2.1074,50.5971],[-2.1075,50.5973],[-2.1076,50.5973],[-2.1073,50.5971],[-2.1072,50.5971],[-2.1072,50.597],[-2.1071,50.597],[-2.1071,50.5969],[-2.107,50.5969],[-2.107,50.5968],[-2.1069,50.5967],[-2.1069,50.5966],[-2.1068,50.5965],[-2.1068,50.5964],[-2.1067,50.5964],[-2.1067,50.5963],[-2.1066,50.5963],[-2.1066,50.5962],[-2.1065,50.5961],[-2.1064,50.596],[-2.1063,50.5961],[-2.1062,50.5963],[-2.106,50.5965],[-2.1059,50.5967],[-2.1058,50.5968],[-2.1057,50.5967],[-2.1056,50.5967],[-2.1055,50.5966],[-2.1054,50.5966],[-2.1054,50.5965],[-2.1053,50.5965],[-2.1052,50.5964],[-2.105,50.5963],[-2.1049,50.5963],[-2.105,50.5961],[-2.105,50.596],[-2.1048,50.596],[-2.1044,50.5959],[-2.1041,50.5957],[-2.1039,50.5956],[-2.1038,50.5956],[-2.1038,50.5955],[-2.1038,50.5956],[-2.1039,50.5956],[-2.104,50.5957],[-2.1041,50.5957],[-2.1041,50.5958],[-2.1041,50.5959],[-2.1042,50.5959],[-2.1042,50.596],[-2.1043,50.5961],[-2.1044,50.5961],[-2.1044,50.5962],[-2.1045,50.5962],[-2.1048,50.5964],[-2.1044,50.5963],[-2.1041,50.5962],[-2.1036,50.5959],[-2.1032,50.5957],[-2.1026,50.5955],[-2.1025,50.5954],[-2.1025,50.5955],[-2.1026,50.5955],[-2.1026,50.5956],[-2.1027,50.5956],[-2.1027,50.5957],[-2.1031,50.5959],[-2.1032,50.596],[-2.1032,50.5961],[-2.1031,50.596],[-2.1029,50.596],[-2.1025,50.5957],[-2.1025,50.5958],[-2.1026,50.5958],[-2.103,50.596],[-2.1031,50.5961],[-2.103,50.5962],[-2.1031,50.5963],[-2.1033,50.5964],[-2.1034,50.5965],[-2.1037,50.5967],[-2.1038,50.5967],[-2.1039,50.5968],[-2.104,50.5968],[-2.104,50.5969],[-2.1041,50.5969],[-2.1039,50.597],[-2.1032,50.5967],[-2.103,50.5967],[-2.1029,50.5967],[-2.1034,50.597],[-2.1035,50.597],[-2.1035,50.5971],[-2.1033,50.597],[-2.1031,50.597],[-2.1031,50.5971],[-2.1026,50.5972],[-2.1023,50.5973],[-2.1021,50.5973],[-2.1018,50.5973],[-2.1012,50.5977],[-2.1006,50.5978],[-2.1,50.598],[-2.0995,50.5981],[-2.099,50.5981],[-2.0984,50.5981],[-2.0979,50.5981],[-2.0977,50.598],[-2.0972,50.5977],[-2.0971,50.5976],[-2.097,50.5976],[-2.097,50.5975],[-2.0969,50.5973],[-2.0966,50.597],[-2.0964,50.5969],[-2.0962,50.5966],[-2.0963,50.5968],[-2.0963,50.5969],[-2.0964,50.597],[-2.0964,50.5971],[-2.0967,50.5975],[-2.0968,50.5976],[-2.0969,50.5977],[-2.0968,50.5978],[-2.0966,50.5976],[-2.0965,50.5976],[-2.0966,50.5977],[-2.0964,50.5977],[-2.0961,50.5976],[-2.0957,50.5972],[-2.0956,50.5972],[-2.0956,50.5973],[-2.0957,50.5974],[-2.0959,50.5975],[-2.0959,50.5976],[-2.0958,50.5976],[-2.0954,50.5976],[-2.0951,50.5975],[-2.095,50.5975],[-2.0947,50.5971],[-2.0944,50.5968],[-2.0943,50.5966],[-2.0943,50.5967],[-2.0944,50.5969],[-2.0946,50.5971],[-2.0946,50.5972],[-2.0946,50.5973],[-2.0947,50.5974],[-2.0947,50.5975],[-2.0945,50.5975],[-2.0943,50.5974],[-2.0937,50.5969],[-2.0936,50.5969],[-2.0937,50.597],[-2.0937,50.5971],[-2.0936,50.597],[-2.0936,50.5971],[-2.0937,50.5973],[-2.0938,50.5974],[-2.0936,50.5973],[-2.0935,50.5971],[-2.0933,50.5968],[-2.0931,50.5966],[-2.093,50.5964],[-2.0928,50.5961],[-2.0927,50.5961],[-2.0929,50.5965],[-2.093,50.5965],[-2.093,50.5966],[-2.0931,50.5967],[-2.0931,50.5968],[-2.0932,50.5969],[-2.0931,50.5969],[-2.093,50.5969],[-2.0932,50.5972],[-2.0931,50.5972],[-2.093,50.5972],[-2.0929,50.5972],[-2.0927,50.597],[-2.0926,50.5968],[-2.0925,50.5969],[-2.0926,50.5969],[-2.0927,50.5971],[-2.0927,50.5972],[-2.0925,50.5971],[-2.0924,50.5971],[-2.0921,50.5968],[-2.092,50.5968],[-2.092,50.5967],[-2.0919,50.5967],[-2.0918,50.5966],[-2.0917,50.5967],[-2.0917,50.5968],[-2.0918,50.5968],[-2.0918,50.5969],[-2.0917,50.5968],[-2.0914,50.5966],[-2.0911,50.5963],[-2.091,50.5962],[-2.0911,50.5964],[-2.0911,50.5965],[-2.0911,50.5966],[-2.091,50.5967],[-2.0911,50.5967],[-2.0911,50.5968],[-2.0908,50.5968],[-2.0907,50.5967],[-2.0906,50.5966],[-2.0907,50.5968],[-2.0905,50.5967],[-2.0903,50.5965],[-2.09,50.5964],[-2.09,50.5963],[-2.0899,50.5963],[-2.09,50.5964],[-2.0898,50.5964],[-2.0896,50.5962],[-2.0896,50.5963],[-2.0897,50.5963],[-2.0897,50.5964],[-2.0897,50.5965],[-2.0896,50.5965],[-2.0894,50.5962],[-2.0892,50.596],[-2.0891,50.596],[-2.0891,50.5961],[-2.0892,50.5962],[-2.0893,50.5963],[-2.0893,50.5964],[-2.0895,50.5965],[-2.0895,50.5966],[-2.0894,50.5966],[-2.0893,50.5965],[-2.089,50.5963],[-2.0888,50.5962],[-2.0887,50.596],[-2.0887,50.5959],[-2.0886,50.5958],[-2.0886,50.5957],[-2.0885,50.5957],[-2.0883,50.596],[-2.0882,50.5959],[-2.0881,50.5958],[-2.0881,50.5957],[-2.088,50.5957],[-2.088,50.5956],[-2.088,50.5955],[-2.088,50.5954],[-2.0878,50.5952],[-2.0876,50.595],[-2.0876,50.5949],[-2.0876,50.595],[-2.0876,50.5951],[-2.0877,50.5951],[-2.0877,50.5952],[-2.0877,50.5953],[-2.0878,50.5954],[-2.0878,50.5955],[-2.0878,50.5956],[-2.0878,50.5957],[-2.0879,50.5958],[-2.088,50.5959],[-2.0877,50.5957],[-2.0876,50.5954],[-2.0875,50.5952],[-2.0874,50.5952],[-2.0874,50.5953],[-2.0875,50.5954],[-2.0875,50.5955],[-2.0876,50.5957],[-2.0877,50.5958],[-2.0877,50.5959],[-2.0876,50.5958],[-2.0875,50.5957],[-2.0874,50.5957],[-2.0875,50.5958],[-2.0875,50.5959],[-2.0873,50.5959],[-2.0871,50.5958],[-2.087,50.5957],[-2.0869,50.5957],[-2.087,50.5957],[-2.087,50.5958],[-2.0868,50.5958],[-2.0868,50.5957],[-2.0867,50.5956],[-2.0864,50.5953],[-2.0864,50.5952],[-2.0863,50.5951],[-2.0864,50.5952],[-2.0864,50.5953],[-2.0864,50.5954],[-2.0865,50.5956],[-2.0866,50.5956],[-2.0865,50.5956],[-2.0864,50.5954],[-2.0863,50.5953],[-2.0862,50.5951],[-2.0862,50.595],[-2.0861,50.595],[-2.0861,50.5949],[-2.086,50.5949],[-2.0861,50.5951],[-2.0861,50.5952],[-2.0862,50.5953],[-2.0862,50.5954],[-2.0863,50.5955],[-2.0863,50.5956],[-2.0862,50.5956],[-2.0862,50.5955],[-2.0859,50.5954],[-2.0858,50.5953],[-2.0857,50.5951],[-2.0856,50.595],[-2.0856,50.5949],[-2.0856,50.595],[-2.0855,50.5952],[-2.0854,50.5951],[-2.0853,50.5949],[-2.0853,50.5948],[-2.0852,50.5948],[-2.0852,50.5949],[-2.0853,50.5949],[-2.0853,50.595],[-2.0853,50.5951],[-2.0853,50.5952],[-2.0851,50.5952],[-2.085,50.5951],[-2.085,50.595],[-2.0849,50.595],[-2.085,50.5952],[-2.0848,50.5951],[-2.0844,50.595],[-2.0843,50.595],[-2.0841,50.5949],[-2.0841,50.5948],[-2.084,50.5948],[-2.084,50.5947],[-2.0839,50.5945],[-2.0839,50.5946],[-2.0839,50.5947],[-2.084,50.5948],[-2.0838,50.5948],[-2.0838,50.5947],[-2.0838,50.5946],[-2.0837,50.5944],[-2.0837,50.5943],[-2.0837,50.5939],[-2.0837,50.5938],[-2.0836,50.5938],[-2.0836,50.594],[-2.0836,50.5941],[-2.0836,50.5942],[-2.0836,50.5943],[-2.0836,50.5944],[-2.0837,50.5945],[-2.0837,50.5946],[-2.0837,50.5947],[-2.0836,50.5948],[-2.0834,50.5947],[-2.0833,50.5946],[-2.0832,50.5945],[-2.0832,50.5946],[-2.0832,50.5947],[-2.083,50.5947],[-2.0827,50.5947],[-2.0822,50.5946],[-2.0817,50.5947],[-2.0814,50.5948],[-2.081,50.5948],[-2.0808,50.5947],[-2.0802,50.5949],[-2.08,50.595],[-2.0792,50.5952],[-2.0789,50.5952],[-2.0787,50.5953],[-2.0786,50.5953],[-2.0782,50.5954],[-2.0778,50.5954],[-2.0773,50.5954],[-2.077,50.5953],[-2.0764,50.5952],[-2.0762,50.5951],[-2.0761,50.595],[-2.076,50.595],[-2.0759,50.595],[-2.0758,50.5949],[-2.0757,50.5947],[-2.0758,50.5947],[-2.0758,50.5948],[-2.0759,50.5948],[-2.0759,50.5947],[-2.0759,50.5946],[-2.076,50.5947],[-2.076,50.5946],[-2.076,50.5945],[-2.0762,50.5944],[-2.0762,50.5943],[-2.076,50.5941],[-2.0759,50.594],[-2.0758,50.5939],[-2.0757,50.5937],[-2.0756,50.5935],[-2.0757,50.5935],[-2.0758,50.5935],[-2.0758,50.5936],[-2.0759,50.5937],[-2.076,50.5937],[-2.076,50.5938],[-2.076,50.5939],[-2.0761,50.5939],[-2.0762,50.5941],[-2.0763,50.5941],[-2.0762,50.5938],[-2.076,50.5935],[-2.0759,50.5934],[-2.0758,50.5934],[-2.0758,50.5933],[-2.0757,50.5933],[-2.0755,50.5932],[-2.0754,50.5931],[-2.0753,50.5931],[-2.0752,50.593],[-2.075,50.5931],[-2.075,50.593],[-2.075,50.5929],[-2.0749,50.5928],[-2.0748,50.5926],[-2.0747,50.5926],[-2.0745,50.5926],[-2.0744,50.5925],[-2.0743,50.5925],[-2.0741,50.5925],[-2.0741,50.5924],[-2.074,50.5923],[-2.074,50.5922],[-2.0739,50.5922],[-2.0739,50.5921],[-2.0738,50.5921],[-2.0737,50.592],[-2.0736,50.592],[-2.0736,50.5919],[-2.0735,50.5919],[-2.0735,50.5918],[-2.0734,50.5918],[-2.0729,50.5916],[-2.0728,50.5916],[-2.0725,50.5917],[-2.0723,50.5918],[-2.0724,50.5918],[-2.0724,50.5919],[-2.0725,50.5919],[-2.0727,50.5919],[-2.0727,50.5918],[-2.0728,50.5918],[-2.0728,50.5919],[-2.0729,50.5919],[-2.073,50.5919],[-2.0731,50.5919],[-2.0727,50.592],[-2.0725,50.592],[-2.0723,50.5922],[-2.0722,50.5923],[-2.0724,50.5923],[-2.0723,50.5925],[-2.0722,50.5925],[-2.0721,50.5925],[-2.072,50.5925],[-2.0719,50.5924],[-2.0719,50.5923],[-2.0716,50.5923],[-2.0711,50.5923],[-2.0709,50.5923],[-2.0709,50.5924],[-2.0709,50.5925],[-2.071,50.5925],[-2.0711,50.5925],[-2.0712,50.5925],[-2.071,50.5927],[-2.0709,50.5927],[-2.0708,50.5927],[-2.0708,50.5926],[-2.0706,50.5927],[-2.0704,50.5926],[-2.0701,50.5926],[-2.0699,50.5926],[-2.0698,50.5926],[-2.0695,50.5927],[-2.0695,50.5926],[-2.0696,50.5926],[-2.0696,50.5925],[-2.0698,50.5924],[-2.0697,50.5924],[-2.0696,50.5923],[-2.0695,50.5922],[-2.0694,50.5923],[-2.0695,50.5923],[-2.0695,50.5924],[-2.0694,50.5925],[-2.0694,50.5924],[-2.0692,50.5924],[-2.0691,50.5924],[-2.069,50.5924],[-2.0689,50.5924],[-2.0688,50.5924],[-2.0688,50.5923],[-2.0688,50.5921],[-2.0687,50.5921],[-2.0686,50.5921],[-2.0681,50.5921],[-2.0677,50.5922],[-2.0676,50.5924],[-2.0674,50.5924],[-2.0674,50.5925],[-2.0672,50.5926],[-2.067,50.5927],[-2.0668,50.5928],[-2.0666,50.5927],[-2.0665,50.5927],[-2.0662,50.5928],[-2.0661,50.5929],[-2.0661,50.593],[-2.0662,50.5931],[-2.0661,50.5932],[-2.0661,50.5933],[-2.0662,50.5933],[-2.0663,50.5932],[-2.0663,50.5933],[-2.0664,50.5934],[-2.0662,50.5934],[-2.0662,50.5935],[-2.0662,50.5936],[-2.0663,50.5936],[-2.0659,50.5937],[-2.0658,50.5937],[-2.0656,50.5937],[-2.0649,50.5937],[-2.0647,50.5937],[-2.0643,50.5936],[-2.0642,50.5936],[-2.064,50.5935],[-2.0639,50.5934],[-2.0638,50.5934],[-2.0637,50.5934],[-2.0637,50.5933],[-2.0636,50.5932],[-2.0635,50.5931],[-2.0633,50.5929],[-2.0631,50.5926],[-2.0632,50.5924],[-2.0632,50.5922],[-2.0631,50.5919],[-2.0631,50.5917],[-2.0632,50.5915],[-2.0633,50.5914],[-2.0634,50.5914],[-2.0635,50.5913],[-2.0636,50.5913],[-2.0637,50.5914],[-2.0638,50.5914],[-2.0641,50.5915],[-2.0644,50.5915],[-2.0645,50.5915],[-2.0647,50.5914],[-2.0648,50.5913],[-2.0648,50.5912],[-2.0647,50.5911],[-2.0646,50.5911],[-2.0646,50.591],[-2.0646,50.5909],[-2.0647,50.5909],[-2.0647,50.5908],[-2.0648,50.5907],[-2.0647,50.5904],[-2.0647,50.5902],[-2.0647,50.5901],[-2.0646,50.59],[-2.0647,50.5897],[-2.0646,50.5896],[-2.0646,50.5895],[-2.0647,50.5895],[-2.0647,50.5894],[-2.0647,50.5893],[-2.0647,50.5892],[-2.0646,50.5892],[-2.0646,50.5891],[-2.0646,50.589],[-2.0647,50.589],[-2.0646,50.5888],[-2.0647,50.5887],[-2.0647,50.5886],[-2.0647,50.5885],[-2.0646,50.5885],[-2.0646,50.5884],[-2.0645,50.5884],[-2.0645,50.5883],[-2.0644,50.5881],[-2.0644,50.588],[-2.0643,50.5879],[-2.0645,50.5878],[-2.0644,50.5877],[-2.0644,50.5876],[-2.0642,50.5874],[-2.0642,50.5873],[-2.0642,50.5872],[-2.0641,50.5872],[-2.0641,50.5871],[-2.064,50.587],[-2.0639,50.5869],[-2.0639,50.5868],[-2.0638,50.5867],[-2.0638,50.5866],[-2.0638,50.5865],[-2.0639,50.5864],[-2.064,50.5863],[-2.064,50.5862],[-2.0638,50.5861],[-2.0638,50.5859],[-2.0638,50.5858],[-2.0637,50.5857],[-2.0637,50.5856],[-2.0636,50.5856],[-2.0635,50.5855],[-2.0633,50.5855],[-2.0632,50.5855],[-2.0631,50.5854],[-2.0629,50.5853],[-2.0627,50.585],[-2.0626,50.585],[-2.0626,50.5849],[-2.0625,50.5848],[-2.0624,50.5847],[-2.0624,50.5846],[-2.0624,50.5845],[-2.0624,50.5844],[-2.0624,50.5843],[-2.0623,50.5842],[-2.0623,50.5841],[-2.0623,50.584],[-2.0623,50.5839],[-2.0622,50.5839],[-2.0621,50.5839],[-2.0622,50.5838],[-2.0622,50.5837],[-2.0619,50.5834],[-2.0618,50.5834],[-2.0617,50.583],[-2.0616,50.5829],[-2.0617,50.5829],[-2.0617,50.5828],[-2.0618,50.5828],[-2.0618,50.5827],[-2.0619,50.5826],[-2.062,50.5823],[-2.062,50.5821],[-2.0621,50.5821],[-2.0621,50.582],[-2.0622,50.582],[-2.0622,50.5819],[-2.0622,50.5818],[-2.0622,50.5817],[-2.0622,50.5816],[-2.0621,50.5816],[-2.0621,50.5815],[-2.062,50.5814],[-2.0619,50.5812],[-2.0619,50.5811],[-2.0617,50.5809],[-2.0617,50.5808],[-2.0616,50.5807],[-2.0614,50.5806],[-2.0613,50.5806],[-2.061,50.5805],[-2.061,50.5804],[-2.061,50.5803],[-2.0609,50.5803],[-2.0609,50.5802],[-2.0608,50.5802],[-2.0607,50.5801],[-2.0606,50.58],[-2.0605,50.5799],[-2.0605,50.5798],[-2.0604,50.5797],[-2.0603,50.5796],[-2.0602,50.5795],[-2.0601,50.5794],[-2.06,50.5793],[-2.0598,50.5793],[-2.0598,50.5792],[-2.0597,50.5792],[-2.0597,50.5791],[-2.0596,50.5791],[-2.0596,50.579],[-2.0594,50.5788],[-2.0593,50.5788],[-2.0592,50.5787],[-2.0592,50.5786],[-2.0591,50.5785],[-2.059,50.5783],[-2.0588,50.578],[-2.0586,50.5777],[-2.0585,50.5777],[-2.0584,50.5775],[-2.0583,50.5775],[-2.0582,50.5775],[-2.0581,50.5774],[-2.0578,50.5772],[-2.0577,50.577],[-2.0575,50.577],[-2.0573,50.5768],[-2.0571,50.5768],[-2.057,50.5768],[-2.0569,50.5768],[-2.0568,50.5768],[-2.0566,50.5768],[-2.0565,50.5767],[-2.0563,50.5766],[-2.0562,50.5766],[-2.0562,50.5765],[-2.0561,50.5764],[-2.0559,50.5764],[-2.0559,50.5765],[-2.0558,50.5765],[-2.0556,50.5764],[-2.0554,50.5765],[-2.0553,50.5765],[-2.0552,50.5765],[-2.0551,50.5765],[-2.055,50.5788],[-2.0551,50.5788]],[[-2.2806,50.6274],[-2.2802,50.6276],[-2.2788,50.6279],[-2.2771,50.6281],[-2.277,50.6275],[-2.278,50.6275],[-2.279,50.6271],[-2.2809,50.6239],[-2.2808,50.6232],[-2.2815,50.6232],[-2.2814,50.6258],[-2.2806,50.6274]]]},"properties":{"mtype":"SAC","name":"Isle of Portland to Studland Cliffs","code":"UK0019861"}},
{"type":"Feature","geometry":{"type":"Polygon","coordinates":[[[-2.4376,50.5282],[-2.4377,50.5282],[-2.4375,50.5294],[-2.4374,50.5298],[-2.4373,50.5302],[-2.4371,50.5303],[-2.4365,50.5306],[-2.436,50.5309],[-2.4354,50.5313],[-2.4352,50.5314],[-2.4349,50.5316],[-2.4345,50.5318],[-2.4341,50.5321],[-2.4335,50.5326],[-2.433,50.5331],[-2.4328,50.5332],[-2.4324,50.5335],[-2.4321,50.5337],[-2.4317,50.534],[-2.4309,50.5348],[-2.4307,50.535],[-2.4304,50.5353],[-2.4298,50.5357],[-2.4297,50.5358],[-2.4294,50.5362],[-2.4294,50.5363],[-2.4292,50.5365],[-2.4291,50.5367],[-2.429,50.5368],[-2.4287,50.5373],[-2.4286,50.5376],[-2.4284,50.5379],[-2.4281,50.538],[-2.4276,50.5382],[-2.4271,50.5383],[-2.4267,50.5383],[-2.4264,50.5382],[-2.4253,50.5386],[-2.4251,50.5387],[-2.4248,50.5389],[-2.4243,50.5392],[-2.4238,50.5395],[-2.4231,50.5399],[-2.4224,50.5402],[-2.4221,50.5404],[-2.4215,50.5406],[-2.4209,50.5409],[-2.4206,50.541],[-2.4202,50.5412],[-2.42,50.5413],[-2.4196,50.5416],[-2.4193,50.5418],[-2.419,50.542],[-2.4189,50.5423],[-2.4188,50.5424],[-2.4184,50.5426],[-2.4182,50.5428],[-2.418,50.5431],[-2.4179,50.544],[-2.4178,50.5441],[-2.418,50.5443],[-2.4181,50.5444],[-2.4178,50.545],[-2.4178,50.5452],[-2.4179,50.5459],[-2.4179,50.546],[-2.4178,50.5463],[-2.4177,50.5465],[-2.4177,50.5467],[-2.4176,50.547],[-2.4176,50.5471],[-2.4174,50.5474],[-2.4173,50.5476],[-2.4174,50.5479],[-2.4172,50.5482],[-2.4169,50.5485],[-2.4165,50.5487],[-2.416,50.5488],[-2.4158,50.549],[-2.4157,50.5493],[-2.4159,50.5495],[-2.4161,50.5497],[-2.4163,50.5498],[-2.4163,50.5499],[-2.4159,50.55],[-2.4158,50.5501],[-2.4157,50.5504],[-2.4158,50.5507],[-2.4157,50.5509],[-2.4158,50.5511],[-2.4161,50.5514],[-2.4163,50.5515],[-2.4166,50.5517],[-2.4167,50.5519],[-2.4172,50.5523],[-2.4173,50.5526],[-2.4174,50.5528],[-2.4175,50.5531],[-2.4178,50.5536],[-2.4179,50.5539],[-2.4181,50.5542],[-2.4184,50.5544],[-2.4185,50.5545],[-2.4188,50.5545],[-2.419,50.5547],[-2.4193,50.5551],[-2.4195,50.5555],[-2.4197,50.5559],[-2.4198,50.556],[-2.42,50.5564],[-2.4202,50.5567],[-2.4206,50.5572],[-2.4207,50.5574],[-2.421,50.5576],[-2.4214,50.5581],[-2.4216,50.5585],[-2.4216,50.559],[-2.4217,50.5592],[-2.4218,50.5595],[-2.422,50.5597],[-2.4222,50.56],[-2.4224,50.5603],[-2.4226,50.5606],[-2.4227,50.5609],[-2.423,50.5612],[-2.4243,50.5608],[-2.4242,50.5603],[-2.424,50.5599],[-2.4236,50.5593],[-2.4229,50.5585],[-2.4226,50.5577],[-2.4224,50.557],[-2.4225,50.557],[-2.4224,50.5567],[-2.4225,50.5564],[-2.4225,50.5562],[-2.4223,50.5558],[-2.4222,50.5553],[-2.4218,50.5548],[-2.4217,50.5547],[-2.4216,50.5545],[-2.4211,50.5541],[-2.4208,50.554],[-2.4207,50.5539],[-2.4201,50.5533],[-2.4199,50.5531],[-2.4205,50.5529],[-2.421,50.5528],[-2.4212,50.5529],[-2.4215,50.5532],[-2.4217,50.5535],[-2.422,50.5537],[-2.4223,50.554],[-2.4227,50.5541],[-2.423,50.5543],[-2.4231,50.5545],[-2.423,50.5546],[-2.4234,50.5549],[-2.4233,50.555],[-2.4233,50.5551],[-2.4237,50.5555],[-2.4241,50.5559],[-2.4246,50.556],[-2.4249,50.5562],[-2.425,50.5563],[-2.4252,50.5565],[-2.4253,50.5565],[-2.4256,50.5567],[-2.4258,50.557],[-2.4261,50.5573],[-2.4264,50.5573],[-2.4265,50.5574],[-2.4267,50.5579],[-2.4274,50.5584],[-2.4274,50.5585],[-2.4272,50.5587],[-2.4272,50.5589],[-2.4276,50.5591],[-2.4276,50.5593],[-2.428,50.5596],[-2.428,50.5598],[-2.4284,50.5604],[-2.4285,50.5606],[-2.4294,50.5607],[-2.4296,50.561],[-2.4297,50.5613],[-2.4299,50.5617],[-2.4303,50.562],[-2.431,50.5624],[-2.4313,50.5629],[-2.4313,50.5635],[-2.4315,50.5639],[-2.4317,50.5641],[-2.431,50.5648],[-2.4305,50.5651],[-2.4302,50.566],[-2.43,50.5661],[-2.4304,50.5662],[-2.4308,50.5665],[-2.4314,50.5668],[-2.432,50.5669],[-2.4326,50.5671],[-2.4334,50.5672],[-2.434,50.5672],[-2.4344,50.5673],[-2.4352,50.5674],[-2.4358,50.5676],[-2.4368,50.5678],[-2.4373,50.5679],[-2.4389,50.5681],[-2.4391,50.5681],[-2.4393,50.568],[-2.4402,50.568],[-2.4401,50.5678],[-2.4399,50.5676],[-2.4394,50.567],[-2.4399,50.5667],[-2.4395,50.5665],[-2.4395,50.5664],[-2.4383,50.5654],[-2.439,50.5651],[-2.4399,50.5647],[-2.4402,50.5646],[-2.4404,50.5644],[-2.4406,50.5642],[-2.4409,50.5642],[-2.4413,50.5642],[-2.4418,50.5639],[-2.4415,50.5636],[-2.4407,50.5636],[-2.4407,50.5634],[-2.4407,50.5628],[-2.4406,50.5628],[-2.4403,50.5636],[-2.4401,50.5637],[-2.44,50.5637],[-2.4398,50.5634],[-2.4392,50.5627],[-2.4393,50.5627],[-2.4398,50.5632],[-2.44,50.5635],[-2.4401,50.5635],[-2.4403,50.5632],[-2.4404,50.5629],[-2.4404,50.5625],[-2.4408,50.5622],[-2.441,50.562],[-2.4413,50.561],[-2.4414,50.5605],[-2.4413,50.5602],[-2.4403,50.5598],[-2.4397,50.5595],[-2.4393,50.5594],[-2.4389,50.5593],[-2.4385,50.5593],[-2.4371,50.5596],[-2.4371,50.5595],[-2.4367,50.5596],[-2.4365,50.5595],[-2.4362,50.5592],[-2.4358,50.5593],[-2.4358,50.5591],[-2.4356,50.5591],[-2.4345,50.5593],[-2.4341,50.5589],[-2.434,50.5587],[-2.4344,50.5587],[-2.435,50.5584],[-2.4354,50.5582],[-2.4351,50.558],[-2.4346,50.5575],[-2.4345,50.5572],[-2.4343,50.5572],[-2.434,50.5571],[-2.4335,50.5572],[-2.4333,50.5572],[-2.4329,50.5571],[-2.4327,50.5573],[-2.4325,50.5575],[-2.4321,50.5577],[-2.4317,50.5578],[-2.4316,50.5577],[-2.4312,50.5576],[-2.4315,50.558],[-2.4308,50.5572],[-2.4302,50.5566],[-2.4301,50.5564],[-2.4289,50.5559],[-2.429,50.556],[-2.4289,50.5562],[-2.4287,50.5563],[-2.4287,50.5564],[-2.4289,50.5567],[-2.4288,50.5568],[-2.4289,50.557],[-2.4291,50.5573],[-2.4291,50.5574],[-2.4294,50.5575],[-2.4298,50.5574],[-2.4301,50.5577],[-2.4304,50.5582],[-2.4299,50.5583],[-2.4292,50.5592],[-2.4294,50.5595],[-2.4293,50.5597],[-2.4294,50.5597],[-2.4297,50.5596],[-2.4298,50.5597],[-2.4301,50.5595],[-2.4303,50.5595],[-2.4306,50.5595],[-2.4312,50.5595],[-2.4316,50.5594],[-2.4317,50.5593],[-2.4314,50.5589],[-2.4317,50.5588],[-2.4316,50.5587],[-2.432,50.5585],[-2.4323,50.5589],[-2.433,50.5594],[-2.4333,50.5596],[-2.433,50.5598],[-2.4306,50.56],[-2.4301,50.56],[-2.43,50.56],[-2.4295,50.56],[-2.4292,50.5597],[-2.4291,50.5594],[-2.4291,50.5593],[-2.429,50.5592],[-2.4289,50.559],[-2.4288,50.5589],[-2.4285,50.5588],[-2.4283,50.5584],[-2.4282,50.5583],[-2.4281,50.5582],[-2.4279,50.5579],[-2.4279,50.5578],[-2.4276,50.5578],[-2.4273,50.5575],[-2.4273,50.5574],[-2.4272,50.5572],[-2.4269,50.557],[-2.4267,50.5567],[-2.4268,50.5566],[-2.4266,50.5563],[-2.4262,50.556],[-2.4258,50.5555],[-2.4257,50.5554],[-2.4253,50.5551],[-2.4251,50.5549],[-2.4249,50.5546],[-2.4246,50.5544],[-2.4244,50.5543],[-2.4243,50.5541],[-2.4234,50.5533],[-2.4219,50.5519],[-2.4212,50.5511],[-2.4211,50.5511],[-2.421,50.551],[-2.4207,50.5506],[-2.4203,50.5501],[-2.4204,50.55],[-2.4202,50.5499],[-2.4201,50.55],[-2.4198,50.5496],[-2.4196,50.5486],[-2.4195,50.5484],[-2.4196,50.5481],[-2.4197,50.5475],[-2.4202,50.5468],[-2.4201,50.5466],[-2.4203,50.546],[-2.4204,50.5457],[-2.4206,50.5455],[-2.4208,50.5451],[-2.4209,50.5449],[-2.4211,50.5446],[-2.4214,50.5442],[-2.4219,50.5438],[-2.4222,50.5437],[-2.4225,50.5435],[-2.4228,50.5433],[-2.4234,50.543],[-2.4239,50.5427],[-2.4241,50.5425],[-2.4244,50.5423],[-2.4246,50.5421],[-2.425,50.5418],[-2.4253,50.5415],[-2.4256,50.5413],[-2.4264,50.5409],[-2.4268,50.5407],[-2.4269,50.5405],[-2.4272,50.5399],[-2.4274,50.5398],[-2.4277,50.5396],[-2.4278,50.5397],[-2.4281,50.5396],[-2.4284,50.5393],[-2.4286,50.5391],[-2.4288,50.539],[-2.429,50.5391],[-2.4294,50.5389],[-2.4302,50.5396],[-2.4303,50.5397],[-2.4306,50.5395],[-2.4304,50.5393],[-2.4304,50.5391],[-2.4301,50.539],[-2.4299,50.5387],[-2.43,50.5385],[-2.4298,50.5385],[-2.4298,50.5383],[-2.4302,50.5381],[-2.4302,50.5379],[-2.4304,50.5378],[-2.4309,50.5373],[-2.4311,50.5371],[-2.4314,50.5369],[-2.4317,50.5365],[-2.432,50.536],[-2.4324,50.5354],[-2.4326,50.5351],[-2.4329,50.5348],[-2.4331,50.5345],[-2.4335,50.5343],[-2.4343,50.5339],[-2.4355,50.5333],[-2.4358,50.5332],[-2.4355,50.5329],[-2.4358,50.5327],[-2.4358,50.5326],[-2.4358,50.5324],[-2.4362,50.5318],[-2.4364,50.5317],[-2.4366,50.5316],[-2.4371,50.5314],[-2.4375,50.5316],[-2.4378,50.5317],[-2.4384,50.5307],[-2.4387,50.5305],[-2.4386,50.5304],[-2.4388,50.5301],[-2.4382,50.5298],[-2.4381,50.5296],[-2.4382,50.5294],[-2.438,50.5292],[-2.4381,50.5289],[-2.438,50.5287],[-2.4382,50.5284],[-2.4383,50.5284],[-2.4388,50.5284],[-2.4389,50.5282],[-2.4394,50.5282],[-2.4394,50.5279],[-2.4397,50.5279],[-2.4398,50.5278],[-2.4397,50.5277],[-2.4396,50.5276],[-2.4394,50.5276],[-2.4392,50.5275],[-2.4389,50.5274],[-2.4388,50.5273],[-2.4387,50.5271],[-2.4385,50.5271],[-2.4384,50.5271],[-2.4385,50.5268],[-2.4384,50.5267],[-2.4386,50.5264],[-2.4389,50.5265],[-2.439,50.5262],[-2.4391,50.5259],[-2.4394,50.5258],[-2.4397,50.5257],[-2.44,50.5255],[-2.4402,50.5253],[-2.4406,50.5252],[-2.4407,50.5252],[-2.4406,50.525],[-2.4408,50.5249],[-2.4411,50.5247],[-2.4412,50.5246],[-2.4413,50.5247],[-2.4416,50.5244],[-2.4417,50.5244],[-2.4421,50.5245],[-2.4422,50.5245],[-2.4424,50.5244],[-2.4426,50.5245],[-2.4427,50.5244],[-2.4424,50.5242],[-2.4425,50.5241],[-2.4427,50.5239],[-2.442,50.5236],[-2.4422,50.5234],[-2.4427,50.5234],[-2.4431,50.5233],[-2.4434,50.5233],[-2.4436,50.5231],[-2.4435,50.523],[-2.4435,50.5228],[-2.4435,50.5227],[-2.4433,50.5225],[-2.4435,50.5224],[-2.4436,50.5223],[-2.4429,50.5221],[-2.4428,50.522],[-2.4429,50.5219],[-2.443,50.5218],[-2.4429,50.5214],[-2.4429,50.5213],[-2.4428,50.5212],[-2.4428,50.5211],[-2.4427,50.521],[-2.4427,50.5209],[-2.4428,50.5206],[-2.443,50.5206],[-2.4432,50.5206],[-2.4433,50.5205],[-2.4432,50.5205],[-2.4433,50.5203],[-2.4429,50.5205],[-2.4427,50.5205],[-2.4426,50.5206],[-2.4424,50.5209],[-2.4425,50.5211],[-2.4426,50.5214],[-2.4425,50.5217],[-2.4423,50.5221],[-2.4423,50.5223],[-2.4423,50.5225],[-2.4422,50.5226],[-2.4419,50.5227],[-2.4417,50.5229],[-2.4416,50.523],[-2.4417,50.5233],[-2.4415,50.5236],[-2.4413,50.5238],[-2.4408,50.5241],[-2.4406,50.5241],[-2.4403,50.5242],[-2.44,50.5246],[-2.4397,50.5246],[-2.4394,50.5248],[-2.4392,50.5251],[-2.4391,50.5252],[-2.439,50.5254],[-2.4387,50.5256],[-2.4384,50.5258],[-2.4383,50.5259],[-2.4378,50.5266],[-2.4377,50.5268],[-2.4377,50.5272],[-2.4377,50.5278],[-2.4377,50.5282],[-2.4376,50.5282]],[[-2.4381,50.5652],[-2.4381,50.5653],[-2.4379,50.5654],[-2.4371,50.5656],[-2.436,50.5658],[-2.4356,50.5657],[-2.4352,50.5657],[-2.4353,50.5656],[-2.4369,50.5653],[-2.4381,50.5651],[-2.4381,50.5652]],[[-2.4364,50.5643],[-2.4358,50.5643],[-2.4352,50.5641],[-2.4349,50.564],[-2.4341,50.5637],[-2.4333,50.5633],[-2.433,50.5632],[-2.4325,50.563],[-2.4322,50.5628],[-2.4321,50.5627],[-2.432,50.5626],[-2.4318,50.5625],[-2.4318,50.5624],[-2.4315,50.5622],[-2.4313,50.5622],[-2.4311,50.562],[-2.4312,50.5619],[-2.4311,50.5618],[-2.4309,50.5616],[-2.4307,50.5616],[-2.4303,50.5611],[-2.4301,50.5608],[-2.43,50.5607],[-2.4301,50.5606],[-2.4299,50.5605],[-2.4298,50.5603],[-2.4311,50.5604],[-2.4312,50.5603],[-2.4315,50.5606],[-2.4318,50.5605],[-2.4337,50.5599],[-2.4341,50.5599],[-2.4342,50.5597],[-2.4344,50.5597],[-2.435,50.5605],[-2.4354,50.5605],[-2.4381,50.5605],[-2.4391,50.5605],[-2.439,50.5607],[-2.4388,50.5607],[-2.4387,50.5617],[-2.4387,50.5637],[-2.4367,50.564],[-2.4367,50.5642],[-2.4364,50.5643]]]},"properties":{"mtype":"SAC","name":"Isle of Portland to Studland Cliffs","code":"UK0019861"}},
{"type":"Feature","geometry":{"type":"Polygon","coordinates":[[[-1.925,50.6421],[-1.9253,50.6422],[-1.9254,50.6423],[-1.9256,50.6424],[-1.9258,50.6425],[-1.9262,50.6425],[-1.9265,50.6424],[-1.9268,50.6423],[-1.9273,50.6423],[-1.9276,50.6422],[-1.9277,50.642],[-1.9277,50.6419],[-1.9282,50.6419],[-1.9287,50.6421],[-1.9288,50.6422],[-1.9292,50.6422],[-1.9293,50.6423],[-1.9297,50.6424],[-1.9305,50.6423],[-1.9307,50.6422],[-1.9308,50.642],[-1.9311,50.6422],[-1.9313,50.6423],[-1.9314,50.6423],[-1.9318,50.6423],[-1.9322,50.6421],[-1.9325,50.6421],[-1.9327,50.6421],[-1.9341,50.6419],[-1.9345,50.6418],[-1.9347,50.6418],[-1.935,50.6418],[-1.9352,50.6418],[-1.9355,50.6417],[-1.936,50.6417],[-1.9363,50.6416],[-1.9365,50.6416],[-1.937,50.6415],[-1.9372,50.6415],[-1.9375,50.6415],[-1.9382,50.6414],[-1.9387,50.6414],[-1.9394,50.6414],[-1.9397,50.6412],[-1.9399,50.6412],[-1.9402,50.6412],[-1.9405,50.6412],[-1.9417,50.6417],[-1.942,50.6419],[-1.9421,50.6419],[-1.942,50.6417],[-1.9418,50.6415],[-1.9412,50.6412],[-1.9409,50.6411],[-1.9406,50.641],[-1.9407,50.6409],[-1.941,50.641],[-1.9414,50.6412],[-1.942,50.6416],[-1.9422,50.6417],[-1.9423,50.642],[-1.9424,50.642],[-1.9428,50.6422],[-1.9432,50.6423],[-1.9434,50.6425],[-1.9436,50.6427],[-1.944,50.643],[-1.9446,50.6433],[-1.945,50.6438],[-1.9458,50.6445],[-1.946,50.6447],[-1.9465,50.6451],[-1.9468,50.6453],[-1.9471,50.6454],[-1.9475,50.6457],[-1.9476,50.6458],[-1.9485,50.6459],[-1.9491,50.6456],[-1.9492,50.6456],[-1.9494,50.6456],[-1.9495,50.6454],[-1.9495,50.6453],[-1.9493,50.6452],[-1.9489,50.6451],[-1.9482,50.6452],[-1.9481,50.6453],[-1.9477,50.6452],[-1.9471,50.6449],[-1.9469,50.6448],[-1.9465,50.6443],[-1.9464,50.6442],[-1.9464,50.6441],[-1.9462,50.6439],[-1.9458,50.6436],[-1.9457,50.6435],[-1.9453,50.6431],[-1.9451,50.6429],[-1.9448,50.6426],[-1.9443,50.6423],[-1.944,50.642],[-1.944,50.6418],[-1.9438,50.6416],[-1.9436,50.6416],[-1.9436,50.6414],[-1.9434,50.6413],[-1.9434,50.641],[-1.943,50.6409],[-1.9427,50.6409],[-1.9424,50.6408],[-1.9416,50.6405],[-1.9414,50.6405],[-1.9406,50.6404],[-1.9398,50.6405],[-1.9396,50.6407],[-1.9393,50.6408],[-1.9388,50.6409],[-1.938,50.641],[-1.937,50.6411],[-1.9367,50.6411],[-1.9365,50.6412],[-1.9355,50.6413],[-1.9353,50.6414],[-1.935,50.6414],[-1.9341,50.6415],[-1.9336,50.6416],[-1.9328,50.6417],[-1.9326,50.6417],[-1.9324,50.6418],[-1.9324,50.6419],[-1.9319,50.6417],[-1.9315,50.6417],[-1.931,50.6416],[-1.9308,50.6416],[-1.9305,50.6415],[-1.9296,50.6416],[-1.9288,50.6417],[-1.9281,50.6416],[-1.927,50.6416],[-1.9267,50.6416],[-1.9254,50.6418],[-1.9248,50.6419],[-1.9247,50.6417],[-1.9249,50.6414],[-1.9253,50.6411],[-1.9258,50.6407],[-1.9261,50.64],[-1.9263,50.6394],[-1.9268,50.639],[-1.9278,50.6382],[-1.9279,50.6379],[-1.928,50.6377],[-1.9282,50.6374],[-1.9284,50.6373],[-1.9288,50.6371],[-1.9294,50.6367],[-1.9295,50.6366],[-1.9305,50.6353],[-1.9309,50.6349],[-1.9313,50.6347],[-1.9314,50.6343],[-1.9316,50.634],[-1.932,50.6334],[-1.9332,50.632],[-1.9333,50.632],[-1.936,50.6317],[-1.937,50.6316],[-1.9384,50.6315],[-1.9388,50.6317],[-1.9392,50.6317],[-1.9416,50.6316],[-1.9419,50.6316],[-1.9428,50.6315],[-1.9436,50.6315],[-1.9442,50.6316],[-1.9448,50.6316],[-1.9449,50.6319],[-1.9456,50.6319],[-1.9482,50.6316],[-1.9484,50.6315],[-1.9522,50.6314],[-1.9532,50.6314],[-1.9543,50.6313],[-1.9554,50.6313],[-1.959,50.6311],[-1.9618,50.631],[-1.9626,50.6309],[-1.9658,50.6309],[-1.9651,50.6295],[-1.9647,50.6287],[-1.9646,50.6286],[-1.9637,50.6287],[-1.9629,50.6288],[-1.9613,50.629],[-1.9608,50.629],[-1.9602,50.629],[-1.9599,50.6291],[-1.9596,50.6291],[-1.9595,50.6291],[-1.9581,50.6291],[-1.9575,50.6291],[-1.957,50.629],[-1.9563,50.629],[-1.9552,50.629],[-1.9546,50.629],[-1.9542,50.629],[-1.9538,50.629],[-1.953,50.6291],[-1.9524,50.6291],[-1.9517,50.6291],[-1.9506,50.6292],[-1.9505,50.6293],[-1.9501,50.6293],[-1.9496,50.6293],[-1.9477,50.6293],[-1.9471,50.6293],[-1.9473,50.6291],[-1.9472,50.6289],[-1.9479,50.6288],[-1.9481,50.6285],[-1.9482,50.6284],[-1.9481,50.6282],[-1.9482,50.628],[-1.9483,50.6279],[-1.9484,50.6278],[-1.9489,50.6277],[-1.9488,50.6276],[-1.9489,50.6275],[-1.9493,50.6274],[-1.9502,50.6272],[-1.9504,50.6271],[-1.9504,50.627],[-1.9504,50.6266],[-1.9501,50.6264],[-1.9501,50.6262],[-1.9504,50.6261],[-1.9505,50.626],[-1.9509,50.6261],[-1.9512,50.6261],[-1.9512,50.6259],[-1.951,50.6255],[-1.9516,50.6254],[-1.9518,50.6253],[-1.9519,50.6252],[-1.9518,50.625],[-1.9519,50.6248],[-1.9519,50.6246],[-1.9523,50.6244],[-1.9524,50.6242],[-1.9525,50.6239],[-1.9526,50.6238],[-1.9524,50.6237],[-1.9524,50.6236],[-1.9523,50.6235],[-1.9522,50.6235],[-1.9521,50.6237],[-1.9518,50.6241],[-1.9516,50.6243],[-1.951,50.6247],[-1.9494,50.6261],[-1.9487,50.6266],[-1.9477,50.6272],[-1.9471,50.6276],[-1.9467,50.6278],[-1.9464,50.628],[-1.9462,50.6281],[-1.9461,50.6282],[-1.9459,50.6283],[-1.9457,50.6284],[-1.9456,50.6284],[-1.9453,50.6286],[-1.9451,50.6287],[-1.9448,50.6288],[-1.9446,50.6289],[-1.9445,50.6289],[-1.9442,50.629],[-1.9439,50.6291],[-1.9432,50.6292],[-1.9428,50.6293],[-1.9424,50.6293],[-1.9414,50.6295],[-1.9404,50.6296],[-1.9399,50.6297],[-1.9396,50.6297],[-1.9387,50.6299],[-1.9383,50.63],[-1.9369,50.6303],[-1.9356,50.6307],[-1.9355,50.6307],[-1.9354,50.6307],[-1.935,50.6307],[-1.9346,50.6308],[-1.9344,50.6308],[-1.9343,50.6308],[-1.9342,50.6308],[-1.9341,50.6308],[-1.934,50.6308],[-1.9338,50.6309],[-1.9337,50.6309],[-1.9336,50.6309],[-1.9335,50.6309],[-1.9334,50.6309],[-1.9333,50.6309],[-1.9332,50.6309],[-1.9331,50.6309],[-1.933,50.6309],[-1.9332,50.6309],[-1.9332,50.631],[-1.933,50.6312],[-1.933,50.6313],[-1.9329,50.6313],[-1.9328,50.6313],[-1.9327,50.6313],[-1.9329,50.6315],[-1.9328,50.6316],[-1.9328,50.6318],[-1.9326,50.632],[-1.9326,50.6321],[-1.9324,50.6322],[-1.9323,50.6322],[-1.9322,50.6322],[-1.932,50.6321],[-1.9319,50.6321],[-1.9319,50.6322],[-1.932,50.6322],[-1.9322,50.6323],[-1.932,50.6325],[-1.9319,50.6325],[-1.9319,50.6326],[-1.9319,50.6327],[-1.9317,50.633],[-1.9316,50.6332],[-1.9316,50.6334],[-1.9315,50.6334],[-1.9314,50.6335],[-1.9313,50.6335],[-1.9314,50.6335],[-1.9314,50.6336],[-1.9314,50.6337],[-1.9313,50.6338],[-1.9312,50.6338],[-1.9311,50.6339],[-1.9312,50.6341],[-1.9309,50.6345],[-1.9302,50.6352],[-1.9299,50.6356],[-1.9297,50.6358],[-1.9296,50.6361],[-1.9292,50.6366],[-1.9287,50.6369],[-1.9283,50.6371],[-1.9279,50.6373],[-1.9277,50.6374],[-1.9276,50.6374],[-1.9275,50.6374],[-1.9274,50.6374],[-1.9273,50.6374],[-1.9272,50.6373],[-1.9272,50.6374],[-1.9271,50.6374],[-1.9272,50.6374],[-1.9273,50.6374],[-1.9273,50.6375],[-1.9275,50.6375],[-1.9275,50.6377],[-1.9275,50.6378],[-1.9275,50.6379],[-1.9274,50.638],[-1.9273,50.638],[-1.9272,50.6382],[-1.9271,50.6384],[-1.9267,50.6386],[-1.9266,50.6388],[-1.9265,50.6389],[-1.9264,50.6389],[-1.9264,50.639],[-1.9263,50.639],[-1.9261,50.6391],[-1.926,50.6391],[-1.9261,50.6393],[-1.926,50.6394],[-1.926,50.6395],[-1.926,50.6396],[-1.9259,50.6396],[-1.9259,50.6397],[-1.9258,50.6397],[-1.9257,50.6397],[-1.9256,50.6398],[-1.9258,50.6399],[-1.9256,50.64],[-1.9255,50.6401],[-1.9254,50.6401],[-1.9253,50.6401],[-1.9252,50.6402],[-1.9253,50.6403],[-1.9254,50.6404],[-1.9254,50.6406],[-1.9253,50.6407],[-1.9252,50.6409],[-1.9251,50.6409],[-1.9251,50.641],[-1.9249,50.641],[-1.9247,50.641],[-1.9243,50.6409],[-1.9243,50.6411],[-1.9243,50.6412],[-1.9244,50.6412],[-1.9244,50.6413],[-1.9243,50.6414],[-1.9242,50.6414],[-1.9243,50.6414],[-1.9244,50.6415],[-1.9245,50.6416],[-1.9245,50.6417],[-1.9242,50.6418],[-1.9242,50.6419],[-1.9241,50.6419],[-1.924,50.6419],[-1.9239,50.642],[-1.9238,50.6421],[-1.9237,50.6421],[-1.9235,50.6421],[-1.9232,50.642],[-1.9231,50.6421],[-1.9231,50.6422],[-1.9232,50.6422],[-1.9233,50.6422],[-1.9233,50.6423],[-1.9232,50.6424],[-1.9231,50.6424],[-1.923,50.6424],[-1.9228,50.6425],[-1.9227,50.6425],[-1.9227,50.6426],[-1.9225,50.6427],[-1.9224,50.6429],[-1.9227,50.6429],[-1.9231,50.6428],[-1.9236,50.6425],[-1.9238,50.6423],[-1.9242,50.6421],[-1.9245,50.642],[-1.9249,50.6421],[-1.925,50.6421]]]},"properties":{"mtype":"SAC","name":"Isle of Portland to Studland Cliffs","code":"UK0019861"}},
{"type":"Feature","geometry":{"type":"Polygon","coordinates":[[[-2.4483,50.5569],[-2.448,50.557],[-2.4478,50.5571],[-2.4476,50.5574],[-2.4476,50.5577],[-2.4476,50.5579],[-2.4477,50.5583],[-2.4481,50.5583],[-2.448,50.5577],[-2.448,50.5576],[-2.448,50.5575],[-2.448,50.5574],[-2.448,50.5572],[-2.448,50.5571],[-2.4481,50.557],[-2.4483,50.5569],[-2.4484,50.5569],[-2.4485,50.5568],[-2.4486,50.5568],[-2.4487,50.5567],[-2.4487,50.5566],[-2.4488,50.5566],[-2.4488,50.5565],[-2.449,50.5564],[-2.449,50.5563],[-2.4492,50.5561],[-2.4493,50.556],[-2.4494,50.5559],[-2.4494,50.5558],[-2.4495,50.5558],[-2.4496,50.5557],[-2.4497,50.5557],[-2.4497,50.5556],[-2.4498,50.5556],[-2.4498,50.5555],[-2.4499,50.5554],[-2.4499,50.5553],[-2.4499,50.5551],[-2.45,50.555],[-2.45,50.5549],[-2.4504,50.5544],[-2.4505,50.5542],[-2.4507,50.5538],[-2.4508,50.5535],[-2.4509,50.5533],[-2.451,50.5531],[-2.451,50.5529],[-2.4511,50.5525],[-2.4512,50.5524],[-2.4515,50.5521],[-2.4517,50.5521],[-2.4518,50.5519],[-2.4521,50.5515],[-2.4521,50.5513],[-2.4521,50.551],[-2.4519,50.5506],[-2.4517,50.5503],[-2.4516,50.5499],[-2.4516,50.5497],[-2.4517,50.5494],[-2.4517,50.5493],[-2.4517,50.5492],[-2.4517,50.549],[-2.4518,50.5488],[-2.4518,50.5487],[-2.4519,50.5486],[-2.4519,50.5485],[-2.4519,50.5484],[-2.4519,50.5481],[-2.452,50.548],[-2.452,50.5479],[-2.452,50.5476],[-2.4521,50.5476],[-2.4521,50.5475],[-2.4523,50.5473],[-2.4523,50.5472],[-2.4524,50.5472],[-2.4524,50.5471],[-2.4525,50.547],[-2.4526,50.547],[-2.4526,50.5469],[-2.4527,50.5466],[-2.4528,50.5466],[-2.4529,50.5465],[-2.453,50.5464],[-2.4532,50.5463],[-2.4534,50.546],[-2.4535,50.5459],[-2.4537,50.5459],[-2.4539,50.5457],[-2.4541,50.5456],[-2.4545,50.5454],[-2.4547,50.5452],[-2.4549,50.5448],[-2.4551,50.5447],[-2.4552,50.5445],[-2.4553,50.5444],[-2.4554,50.5443],[-2.4557,50.5439],[-2.4557,50.5437],[-2.4557,50.5436],[-2.4557,50.5435],[-2.4557,50.5434],[-2.4556,50.5434],[-2.4556,50.5433],[-2.4557,50.5433],[-2.4559,50.5432],[-2.456,50.5431],[-2.4561,50.5428],[-2.4562,50.5427],[-2.4564,50.5425],[-2.4564,50.5419],[-2.4563,50.5417],[-2.4561,50.5414],[-2.4558,50.5413],[-2.4553,50.5409],[-2.455,50.5408],[-2.4548,50.5407],[-2.4544,50.5403],[-2.4541,50.5399],[-2.4539,50.5395],[-2.4539,50.5394],[-2.4537,50.539],[-2.4537,50.5388],[-2.4537,50.5385],[-2.4541,50.5379],[-2.4543,50.5377],[-2.4544,50.5374],[-2.4544,50.5372],[-2.4544,50.5371],[-2.4545,50.5365],[-2.4545,50.5364],[-2.4545,50.5362],[-2.4546,50.536],[-2.4545,50.5359],[-2.4547,50.5356],[-2.4548,50.5351],[-2.4549,50.5346],[-2.4551,50.5342],[-2.4551,50.534],[-2.4552,50.5335],[-2.4554,50.5333],[-2.4554,50.5331],[-2.4556,50.5325],[-2.4556,50.5322],[-2.4558,50.532],[-2.4559,50.5319],[-2.4559,50.5316],[-2.4559,50.5314],[-2.456,50.5313],[-2.456,50.5311],[-2.4561,50.5308],[-2.4561,50.5305],[-2.456,50.5302],[-2.4559,50.5299],[-2.4559,50.5296],[-2.456,50.5291],[-2.456,50.5288],[-2.4558,50.5284],[-2.4558,50.5278],[-2.4558,50.5275],[-2.4558,50.527],[-2.4557,50.5269],[-2.4555,50.5266],[-2.4554,50.5264],[-2.4555,50.5261],[-2.4554,50.5258],[-2.4555,50.5257],[-2.4556,50.5255],[-2.4558,50.5249],[-2.456,50.5247],[-2.4564,50.5242],[-2.4565,50.524],[-2.4566,50.5238],[-2.4569,50.5236],[-2.4572,50.5234],[-2.4577,50.5231],[-2.4578,50.523],[-2.4581,50.5226],[-2.4584,50.5222],[-2.4587,50.5219],[-2.459,50.5213],[-2.4592,50.5207],[-2.4594,50.5204],[-2.4595,50.5201],[-2.4597,50.5199],[-2.4599,50.5193],[-2.4599,50.5188],[-2.4598,50.5186],[-2.4599,50.5184],[-2.4599,50.5182],[-2.46,50.518],[-2.46,50.5177],[-2.4601,50.5176],[-2.4601,50.5173],[-2.46,50.5172],[-2.4599,50.5168],[-2.46,50.5167],[-2.4601,50.5166],[-2.4601,50.5165],[-2.4598,50.5163],[-2.4597,50.5161],[-2.4594,50.5163],[-2.4594,50.5159],[-2.4593,50.5156],[-2.4594,50.5153],[-2.4595,50.5149],[-2.4595,50.5147],[-2.4594,50.5142],[-2.4593,50.5142],[-2.4591,50.5142],[-2.4591,50.5144],[-2.4584,50.5144],[-2.4583,50.5145],[-2.4579,50.5147],[-2.4578,50.5149],[-2.4576,50.515],[-2.4575,50.5152],[-2.4574,50.5154],[-2.4572,50.5154],[-2.4569,50.5153],[-2.4569,50.5163],[-2.456,50.5162],[-2.456,50.5167],[-2.4559,50.517],[-2.4558,50.5172],[-2.4556,50.5173],[-2.4553,50.5175],[-2.4554,50.5175],[-2.4558,50.5181],[-2.4558,50.5182],[-2.4554,50.5183],[-2.4551,50.5177],[-2.455,50.5177],[-2.4548,50.5179],[-2.4548,50.518],[-2.4548,50.5182],[-2.4554,50.5191],[-2.4555,50.5194],[-2.4557,50.5197],[-2.4562,50.5204],[-2.4565,50.5206],[-2.4569,50.5213],[-2.4569,50.5214],[-2.457,50.5215],[-2.4571,50.5216],[-2.4571,50.5219],[-2.4569,50.5219],[-2.4569,50.5221],[-2.4568,50.5222],[-2.4566,50.5224],[-2.4564,50.5228],[-2.4561,50.5231],[-2.4558,50.5236],[-2.4554,50.5244],[-2.455,50.5252],[-2.4548,50.5257],[-2.4547,50.5258],[-2.4548,50.5261],[-2.4548,50.5265],[-2.4549,50.5285],[-2.4549,50.5288],[-2.4548,50.5296],[-2.4547,50.5305],[-2.4546,50.5307],[-2.4545,50.5308],[-2.4543,50.5316],[-2.4542,50.532],[-2.4542,50.5324],[-2.454,50.533],[-2.454,50.5331],[-2.4538,50.5335],[-2.4535,50.5344],[-2.453,50.5353],[-2.4529,50.5357],[-2.4527,50.5365],[-2.4526,50.537],[-2.4525,50.5371],[-2.4525,50.5373],[-2.4524,50.5373],[-2.4524,50.5377],[-2.4524,50.5393],[-2.4526,50.5394],[-2.4526,50.5398],[-2.4528,50.5403],[-2.453,50.5405],[-2.4535,50.5408],[-2.4539,50.5412],[-2.4542,50.5415],[-2.4543,50.5416],[-2.4545,50.5421],[-2.4548,50.5428],[-2.4547,50.5431],[-2.4545,50.5435],[-2.4543,50.5436],[-2.4542,50.5438],[-2.4539,50.5441],[-2.4538,50.5443],[-2.4536,50.5446],[-2.4534,50.5448],[-2.4532,50.545],[-2.4526,50.5454],[-2.4524,50.5457],[-2.4521,50.5459],[-2.4519,50.546],[-2.4514,50.5464],[-2.451,50.5465],[-2.4508,50.5467],[-2.4504,50.547],[-2.4501,50.5474],[-2.45,50.5477],[-2.4499,50.5483],[-2.4497,50.5487],[-2.4493,50.5492],[-2.4492,50.5495],[-2.4491,50.5499],[-2.4492,50.5502],[-2.449,50.551],[-2.4489,50.5515],[-2.4487,50.5518],[-2.4486,50.552],[-2.4482,50.5527],[-2.448,50.5528],[-2.4475,50.5533],[-2.4468,50.5537],[-2.4464,50.5539],[-2.446,50.5541],[-2.4458,50.5544],[-2.4452,50.5547],[-2.4449,50.5549],[-2.4449,50.5551],[-2.4448,50.5552],[-2.4448,50.5554],[-2.4445,50.5557],[-2.4445,50.5559],[-2.4446,50.5562],[-2.4447,50.5564],[-2.445,50.5567],[-2.4451,50.5569],[-2.4453,50.557],[-2.4454,50.5573],[-2.4457,50.5576],[-2.4462,50.5578],[-2.4468,50.5581],[-2.4473,50.5583],[-2.4474,50.5581],[-2.4473,50.558],[-2.4473,50.5576],[-2.4474,50.5573],[-2.4475,50.5571],[-2.4477,50.557],[-2.448,50.5567],[-2.4483,50.5569]],[[-2.4587,50.5157],[-2.4585,50.5157],[-2.4587,50.5155],[-2.4588,50.5156],[-2.4587,50.5157]],[[-2.4583,50.516],[-2.4582,50.516],[-2.4581,50.5159],[-2.4579,50.5159],[-2.4579,50.5157],[-2.4583,50.5157],[-2.4583,50.516]]]},"properties":{"mtype":"SAC","name":"Isle of Portland to Studland Cliffs","code":"UK0019861"}},
{"type":"Feature","geometry":{"type":"Polygon","coordinates":[[[-1.9452,50.6076],[-1.9452,50.6072],[-1.9452,50.6068],[-1.9456,50.6068],[-1.9464,50.6067],[-1.9468,50.6065],[-1.9469,50.6064],[-1.9473,50.6063],[-1.9479,50.6062],[-1.9483,50.6061],[-1.9487,50.6058],[-1.9491,50.6057],[-1.9496,50.6055],[-1.9501,50.6052],[-1.9503,50.6051],[-1.9506,50.6049],[-1.9511,50.6045],[-1.9513,50.6042],[-1.9515,50.6041],[-1.9515,50.604],[-1.9519,50.6036],[-1.9521,50.6034],[-1.9521,50.603],[-1.9522,50.6029],[-1.9524,50.6028],[-1.9526,50.6025],[-1.9528,50.6025],[-1.9533,50.6018],[-1.9534,50.6017],[-1.9536,50.6017],[-1.9539,50.6016],[-1.954,50.6013],[-1.9538,50.601],[-1.954,50.6008],[-1.9542,50.6007],[-1.9544,50.6006],[-1.9545,50.6006],[-1.9546,50.6004],[-1.955,50.6005],[-1.9549,50.6],[-1.9548,50.5996],[-1.9548,50.5992],[-1.9548,50.5988],[-1.9558,50.5987],[-1.9558,50.5981],[-1.9557,50.597],[-1.9556,50.5964],[-1.9551,50.5958],[-1.9543,50.5958],[-1.9544,50.5957],[-1.9542,50.5957],[-1.954,50.5956],[-1.9538,50.5952],[-1.9537,50.5951],[-1.9535,50.5953],[-1.9533,50.5953],[-1.9528,50.5954],[-1.9521,50.5953],[-1.9519,50.5953],[-1.9516,50.5951],[-1.9514,50.595],[-1.9513,50.595],[-1.9516,50.5948],[-1.9522,50.5949],[-1.9531,50.5949],[-1.9532,50.595],[-1.9535,50.5949],[-1.9538,50.595],[-1.9539,50.5951],[-1.9541,50.5951],[-1.9544,50.5954],[-1.9545,50.5955],[-1.9551,50.5953],[-1.955,50.5952],[-1.9543,50.5941],[-1.9541,50.594],[-1.9541,50.5939],[-1.954,50.5939],[-1.9536,50.5941],[-1.9534,50.5942],[-1.9532,50.5942],[-1.9531,50.5943],[-1.953,50.5943],[-1.9529,50.5943],[-1.9528,50.5943],[-1.9527,50.5943],[-1.9526,50.5943],[-1.9525,50.5943],[-1.9524,50.5943],[-1.9523,50.5943],[-1.9522,50.5943],[-1.9516,50.5943],[-1.9511,50.5944],[-1.9509,50.5944],[-1.9507,50.5945],[-1.9509,50.5946],[-1.9506,50.5948],[-1.9505,50.5949],[-1.9504,50.5951],[-1.9505,50.5951],[-1.9506,50.5951],[-1.9507,50.5951],[-1.9507,50.5952],[-1.9508,50.5952],[-1.9508,50.5953],[-1.9508,50.5954],[-1.9509,50.5954],[-1.9508,50.5957],[-1.9509,50.5957],[-1.9511,50.5957],[-1.9512,50.5957],[-1.9513,50.5958],[-1.9517,50.5961],[-1.9518,50.5962],[-1.9521,50.5967],[-1.9522,50.5968],[-1.9524,50.5973],[-1.9524,50.5974],[-1.9524,50.5979],[-1.9526,50.5983],[-1.9529,50.5986],[-1.9529,50.5987],[-1.953,50.5988],[-1.953,50.5989],[-1.953,50.599],[-1.953,50.5991],[-1.9529,50.5991],[-1.953,50.5991],[-1.9531,50.5994],[-1.9531,50.5995],[-1.9529,50.5998],[-1.9529,50.5999],[-1.9527,50.6002],[-1.9526,50.6008],[-1.9526,50.6009],[-1.9525,50.6011],[-1.9522,50.6013],[-1.952,50.6014],[-1.952,50.6015],[-1.952,50.6016],[-1.9519,50.6016],[-1.9519,50.6017],[-1.9519,50.6018],[-1.9518,50.6018],[-1.9518,50.6019],[-1.9516,50.602],[-1.9516,50.6021],[-1.9515,50.6021],[-1.9515,50.6022],[-1.9515,50.6025],[-1.9513,50.6028],[-1.9509,50.6033],[-1.9509,50.6034],[-1.9508,50.6036],[-1.9507,50.6037],[-1.9507,50.6038],[-1.9506,50.6038],[-1.9506,50.6039],[-1.9505,50.604],[-1.9504,50.6041],[-1.9504,50.6042],[-1.9501,50.6046],[-1.95,50.6046],[-1.95,50.6047],[-1.9497,50.605],[-1.9496,50.605],[-1.9494,50.6051],[-1.9493,50.6051],[-1.9488,50.6053],[-1.9487,50.6053],[-1.9484,50.6054],[-1.9483,50.6054],[-1.9483,50.6055],[-1.9482,50.6055],[-1.9481,50.6055],[-1.9481,50.6056],[-1.948,50.6056],[-1.9479,50.6056],[-1.9478,50.6057],[-1.9477,50.6057],[-1.9476,50.6058],[-1.9475,50.6058],[-1.9474,50.6058],[-1.9474,50.6059],[-1.9473,50.6059],[-1.9472,50.6059],[-1.9471,50.6059],[-1.9471,50.606],[-1.947,50.606],[-1.9468,50.606],[-1.9467,50.606],[-1.9466,50.606],[-1.9466,50.6061],[-1.9465,50.6061],[-1.9466,50.6061],[-1.9465,50.6061],[-1.9465,50.6062],[-1.9464,50.6062],[-1.9463,50.6062],[-1.9462,50.6063],[-1.9457,50.6064],[-1.9454,50.6065],[-1.9453,50.6065],[-1.9452,50.6065],[-1.9451,50.6065],[-1.9448,50.6067],[-1.9447,50.6067],[-1.9446,50.6068],[-1.9445,50.6069],[-1.9444,50.6069],[-1.9442,50.6069],[-1.9441,50.6069],[-1.9437,50.6069],[-1.9435,50.6068],[-1.9434,50.6068],[-1.9433,50.6068],[-1.9433,50.6069],[-1.9437,50.6069],[-1.944,50.607],[-1.9441,50.607],[-1.944,50.6071],[-1.9439,50.6071],[-1.9438,50.6072],[-1.9437,50.6073],[-1.9437,50.6074],[-1.9436,50.6074],[-1.9436,50.6075],[-1.9434,50.6075],[-1.9432,50.6075],[-1.943,50.6075],[-1.9429,50.6076],[-1.9428,50.6076],[-1.9429,50.6076],[-1.943,50.6076],[-1.9434,50.6076],[-1.944,50.6077],[-1.9441,50.6077],[-1.9442,50.6077],[-1.9443,50.6077],[-1.9444,50.6077],[-1.9447,50.6077],[-1.9448,50.6077],[-1.9452,50.6076]]]},"properties":{"mtype":"SAC","name":"Isle of Portland to Studland Cliffs","code":"UK0019861"}},
{"type":"Feature","geometry":{"type":"Polygon","coordinates":[[[-2.4352,50.557],[-2.4354,50.557],[-2.436,50.5568],[-2.4364,50.5567],[-2.4365,50.5567],[-2.4368,50.5566],[-2.437,50.5566],[-2.4372,50.5564],[-2.4397,50.5553],[-2.4398,50.5552],[-2.4393,50.5547],[-2.439,50.5542],[-2.4388,50.5541],[-2.4385,50.5536],[-2.4383,50.5536],[-2.4381,50.5534],[-2.4379,50.5534],[-2.4376,50.5531],[-2.4375,50.5531],[-2.4374,50.5533],[-2.4373,50.5534],[-2.4367,50.5541],[-2.4365,50.5543],[-2.4364,50.5544],[-2.4359,50.5544],[-2.4355,50.5544],[-2.4352,50.5544],[-2.4349,50.5543],[-2.4343,50.5544],[-2.4332,50.5547],[-2.4328,50.5547],[-2.4325,50.5547],[-2.4323,50.5547],[-2.4321,50.5546],[-2.4334,50.5563],[-2.4338,50.556],[-2.4344,50.556],[-2.4346,50.556],[-2.4349,50.5561],[-2.4351,50.5562],[-2.4351,50.5565],[-2.4353,50.5568],[-2.4352,50.557]]]},"properties":{"mtype":"SAC","name":"Isle of Portland to Studland Cliffs","code":"UK0019861"}},
{"type":"Feature","geometry":{"type":"Polygon","coordinates":[[[-1.9582,50.5964],[-1.9567,50.5965],[-1.9559,50.5966],[-1.9559,50.5969],[-1.956,50.5981],[-1.9561,50.5986],[-1.9561,50.599],[-1.9575,50.599],[-1.9575,50.5987],[-1.9584,50.5985],[-1.9603,50.5985],[-1.9608,50.5985],[-1.9633,50.5984],[-1.9633,50.5982],[-1.9631,50.5975],[-1.9631,50.597],[-1.9631,50.5965],[-1.963,50.5965],[-1.9605,50.5968],[-1.9589,50.5969],[-1.9583,50.597],[-1.9582,50.5964]]]},"properties":{"mtype":"SAC","name":"Isle of Portland to Studland Cliffs","code":"UK0019861"}},
{"type":"Feature","geometry":{"type":"Polygon","coordinates":[[[-2.0382,50.5866],[-2.0376,50.5866],[-2.0376,50.5868],[-2.0377,50.5876],[-2.0376,50.5881],[-2.0374,50.5884],[-2.0367,50.589],[-2.0367,50.5893],[-2.0368,50.5894],[-2.037,50.5895],[-2.0374,50.5898],[-2.0377,50.5901],[-2.0379,50.5909],[-2.0379,50.591],[-2.0385,50.5912],[-2.039,50.5913],[-2.0395,50.5915],[-2.0395,50.5914],[-2.0392,50.5912],[-2.039,50.5909],[-2.0389,50.5904],[-2.0388,50.5903],[-2.0386,50.59],[-2.0386,50.5899],[-2.0372,50.5893],[-2.0373,50.5891],[-2.0374,50.5889],[-2.0377,50.5888],[-2.0379,50.5887],[-2.038,50.5885],[-2.0382,50.588],[-2.0383,50.5875],[-2.0383,50.587],[-2.0383,50.5866],[-2.0382,50.5866]]]},"properties":{"mtype":"SAC","name":"Isle of Portland to Studland Cliffs","code":"UK0019861"}},
{"type":"Feature","geometry":{"type":"Polygon","coordinates":[[[-2.4474,50.5189],[-2.4476,50.5192],[-2.4477,50.5192],[-2.4479,50.519],[-2.4484,50.5187],[-2.4486,50.5185],[-2.449,50.5184],[-2.4492,50.5183],[-2.4497,50.5179],[-2.4494,50.5176],[-2.4494,50.5175],[-2.4499,50.5173],[-2.4501,50.5173],[-2.4504,50.5172],[-2.4506,50.5169],[-2.4507,50.5169],[-2.4513,50.5169],[-2.4516,50.5168],[-2.4518,50.5167],[-2.452,50.5166],[-2.4523,50.5165],[-2.4526,50.5164],[-2.4529,50.5162],[-2.4531,50.516],[-2.4533,50.516],[-2.4535,50.5157],[-2.4536,50.5155],[-2.454,50.5153],[-2.4549,50.5151],[-2.455,50.5149],[-2.4554,50.5147],[-2.4555,50.5146],[-2.4557,50.5144],[-2.456,50.5141],[-2.4561,50.5138],[-2.4562,50.5137],[-2.4563,50.5135],[-2.4561,50.5134],[-2.456,50.5137],[-2.4557,50.5139],[-2.4555,50.5142],[-2.4553,50.5144],[-2.4551,50.5145],[-2.4551,50.5146],[-2.4548,50.5149],[-2.4546,50.5149],[-2.4544,50.5148],[-2.4543,50.5149],[-2.4543,50.5151],[-2.4542,50.5151],[-2.4539,50.5152],[-2.4538,50.5152],[-2.4535,50.5151],[-2.4535,50.5153],[-2.4534,50.5153],[-2.4531,50.5152],[-2.4529,50.5153],[-2.4528,50.5154],[-2.4528,50.5158],[-2.4527,50.5159],[-2.4525,50.516],[-2.4524,50.5161],[-2.4526,50.5162],[-2.4524,50.5162],[-2.4523,50.5162],[-2.4522,50.5162],[-2.4522,50.5163],[-2.4521,50.5164],[-2.4519,50.5165],[-2.4519,50.5166],[-2.4516,50.5166],[-2.4515,50.5167],[-2.4512,50.5166],[-2.4511,50.5166],[-2.4508,50.5166],[-2.4507,50.5166],[-2.4502,50.5171],[-2.45,50.5171],[-2.4498,50.5171],[-2.4497,50.5171],[-2.4497,50.5173],[-2.4496,50.5172],[-2.4491,50.5172],[-2.4492,50.5176],[-2.4491,50.5178],[-2.4488,50.518],[-2.4485,50.5181],[-2.4484,50.5181],[-2.4482,50.5181],[-2.4481,50.5182],[-2.4483,50.5185],[-2.4481,50.5186],[-2.4479,50.5186],[-2.4478,50.5186],[-2.4474,50.5186],[-2.4474,50.5189]]]},"properties":{"mtype":"SAC","name":"Isle of Portland to Studland Cliffs","code":"UK0019861"}},
{"type":"Feature","geometry":{"type":"Polygon","coordinates":[[[-3.032,50.6985],[-3.0321,50.6985],[-3.0321,50.6987],[-3.0322,50.6987],[-3.0323,50.6988],[-3.0325,50.6991],[-3.0324,50.6991],[-3.0329,50.6993],[-3.033,50.6993],[-3.0334,50.6994],[-3.0341,50.6995],[-3.0343,50.6995],[-3.0345,50.6995],[-3.0345,50.6994],[-3.0348,50.6995],[-3.0351,50.6995],[-3.0357,50.6996],[-3.036,50.6996],[-3.0357,50.6995],[-3.0358,50.6994],[-3.036,50.6995],[-3.0362,50.6996],[-3.0362,50.6995],[-3.0364,50.6995],[-3.0368,50.6995],[-3.037,50.6995],[-3.0372,50.6996],[-3.0373,50.6996],[-3.0379,50.6996],[-3.038,50.6997],[-3.0383,50.6997],[-3.0382,50.6998],[-3.0383,50.6999],[-3.0385,50.6999],[-3.0388,50.6999],[-3.0391,50.6999],[-3.0392,50.6999],[-3.0394,50.6998],[-3.0396,50.6998],[-3.0399,50.6998],[-3.0402,50.6997],[-3.0402,50.6999],[-3.0402,50.7001],[-3.0404,50.7],[-3.0407,50.6999],[-3.0407,50.7002],[-3.0409,50.7002],[-3.041,50.7001],[-3.0411,50.7],[-3.0413,50.7001],[-3.0411,50.7002],[-3.0414,50.7003],[-3.0416,50.7004],[-3.0417,50.7004],[-3.0423,50.7005],[-3.0429,50.7006],[-3.0436,50.7007],[-3.0442,50.7007],[-3.0453,50.7009],[-3.0457,50.701],[-3.0468,50.7011],[-3.0471,50.7012],[-3.0478,50.7013],[-3.0492,50.7013],[-3.0498,50.7013],[-3.0504,50.7014],[-3.0507,50.7014],[-3.0508,50.7013],[-3.05,50.7012],[-3.05,50.7011],[-3.0502,50.7011],[-3.0506,50.7011],[-3.0509,50.7012],[-3.0513,50.7012],[-3.0513,50.7013],[-3.0515,50.7014],[-3.0523,50.7015],[-3.0535,50.7016],[-3.0536,50.7014],[-3.0539,50.7014],[-3.0543,50.7014],[-3.0548,50.7014],[-3.0549,50.7015],[-3.0552,50.7017],[-3.0552,50.7019],[-3.0555,50.7021],[-3.0558,50.7022],[-3.0565,50.7024],[-3.0577,50.7026],[-3.0582,50.7026],[-3.0587,50.7027],[-3.0593,50.7027],[-3.0602,50.7028],[-3.0609,50.7028],[-3.0613,50.7028],[-3.0622,50.7029],[-3.0632,50.703],[-3.0639,50.703],[-3.0644,50.703],[-3.0652,50.703],[-3.0662,50.703],[-3.067,50.703],[-3.0678,50.703],[-3.0684,50.703],[-3.0689,50.703],[-3.0698,50.703],[-3.0704,50.703],[-3.0705,50.703],[-3.0715,50.7029],[-3.0722,50.7029],[-3.073,50.7028],[-3.0737,50.7027],[-3.0743,50.7027],[-3.0751,50.7026],[-3.0757,50.7025],[-3.0762,50.7024],[-3.0765,50.7024],[-3.0771,50.7023],[-3.0778,50.7023],[-3.0791,50.7021],[-3.0793,50.7021],[-3.0799,50.702],[-3.0808,50.7017],[-3.0814,50.7016],[-3.082,50.7015],[-3.0826,50.7012],[-3.083,50.701],[-3.0833,50.7009],[-3.0836,50.7008],[-3.0838,50.7007],[-3.084,50.7006],[-3.084,50.7004],[-3.0842,50.7003],[-3.084,50.7003],[-3.0839,50.7002],[-3.0838,50.7],[-3.0835,50.6998],[-3.0835,50.6997],[-3.0837,50.6996],[-3.0838,50.6995],[-3.0841,50.6994],[-3.084,50.6993],[-3.0838,50.6993],[-3.0837,50.6992],[-3.0837,50.6991],[-3.0842,50.6991],[-3.0842,50.6989],[-3.0841,50.6988],[-3.0842,50.6986],[-3.0845,50.6985],[-3.0846,50.6984],[-3.085,50.6983],[-3.0852,50.6981],[-3.0853,50.6982],[-3.0855,50.698],[-3.0857,50.698],[-3.0859,50.6978],[-3.086,50.6978],[-3.0863,50.6975],[-3.0865,50.6974],[-3.0865,50.6972],[-3.0866,50.6972],[-3.0868,50.6968],[-3.0871,50.6967],[-3.0873,50.6966],[-3.0874,50.6965],[-3.0876,50.6965],[-3.0876,50.6964],[-3.0877,50.6963],[-3.0877,50.6961],[-3.0878,50.6961],[-3.0878,50.6964],[-3.088,50.6963],[-3.088,50.6961],[-3.0883,50.6961],[-3.0884,50.6962],[-3.0886,50.6964],[-3.089,50.6964],[-3.0895,50.6964],[-3.0901,50.6963],[-3.0905,50.6962],[-3.0912,50.696],[-3.0916,50.6957],[-3.0918,50.6955],[-3.0919,50.6954],[-3.0918,50.6953],[-3.0919,50.6951],[-3.0919,50.695],[-3.092,50.6946],[-3.092,50.6942],[-3.0921,50.6937],[-3.0923,50.6933],[-3.0925,50.6931],[-3.0925,50.6929],[-3.0926,50.6928],[-3.0926,50.6925],[-3.0927,50.6922],[-3.0928,50.6923],[-3.0928,50.6919],[-3.0928,50.6916],[-3.093,50.6914],[-3.0929,50.6912],[-3.0928,50.6909],[-3.093,50.6908],[-3.0928,50.6908],[-3.0927,50.6906],[-3.0927,50.6904],[-3.0929,50.6904],[-3.0932,50.6903],[-3.0933,50.6902],[-3.0936,50.6902],[-3.094,50.6899],[-3.0943,50.6896],[-3.0943,50.689],[-3.0943,50.6886],[-3.0943,50.6881],[-3.0943,50.6877],[-3.0944,50.6876],[-3.0944,50.6875],[-3.0944,50.6874],[-3.0946,50.6872],[-3.0948,50.6869],[-3.0952,50.6865],[-3.0954,50.6863],[-3.0954,50.6861],[-3.0954,50.6859],[-3.0954,50.6856],[-3.0956,50.6852],[-3.0961,50.6851],[-3.0964,50.6853],[-3.0969,50.6852],[-3.0974,50.6851],[-3.0977,50.6852],[-3.0983,50.6853],[-3.099,50.6854],[-3.0994,50.6854],[-3.1002,50.6855],[-3.1008,50.6856],[-3.1017,50.6855],[-3.1018,50.6855],[-3.1021,50.6854],[-3.1024,50.6854],[-3.1028,50.6853],[-3.1031,50.6852],[-3.1033,50.6851],[-3.1035,50.685],[-3.1036,50.685],[-3.1039,50.685],[-3.1043,50.685],[-3.1044,50.685],[-3.1046,50.6852],[-3.1049,50.6851],[-3.1051,50.6853],[-3.1053,50.6853],[-3.1054,50.6853],[-3.106,50.6854],[-3.1065,50.6854],[-3.1067,50.6854],[-3.1072,50.6855],[-3.1075,50.6856],[-3.1088,50.6858],[-3.1099,50.6859],[-3.1112,50.6859],[-3.1119,50.686],[-3.1124,50.686],[-3.1132,50.6862],[-3.1138,50.6862],[-3.1137,50.6758],[-3.1443,50.664],[-3.1442,50.6544],[-3.082,50.6544],[-3.082,50.6357],[-3.0459,50.5986],[-3.0381,50.5986],[-3.0293,50.6387],[-2.9758,50.6387],[-2.9759,50.6269],[-2.9,50.6159],[-2.8555,50.6503],[-2.7422,50.65],[-2.7024,50.6272],[-2.6245,50.6378],[-2.6142,50.6392],[-2.6135,50.6502],[-2.6133,50.6532],[-2.6144,50.6537],[-2.616,50.6544],[-2.617,50.6548],[-2.618,50.6552],[-2.6192,50.6557],[-2.6203,50.6562],[-2.6212,50.6566],[-2.6218,50.6569],[-2.6235,50.6577],[-2.6238,50.6579],[-2.6248,50.6583],[-2.6255,50.6587],[-2.6304,50.6608],[-2.6317,50.6613],[-2.6343,50.6624],[-2.6358,50.663],[-2.6404,50.665],[-2.643,50.666],[-2.6484,50.6682],[-2.6502,50.6689],[-2.6509,50.6692],[-2.653,50.67],[-2.6542,50.6705],[-2.6575,50.6718],[-2.6579,50.672],[-2.6598,50.6727],[-2.6606,50.673],[-2.6613,50.6733],[-2.6658,50.6751],[-2.6679,50.6759],[-2.6693,50.6765],[-2.6727,50.6778],[-2.6747,50.6786],[-2.6763,50.6793],[-2.6784,50.6801],[-2.6808,50.6809],[-2.6816,50.6812],[-2.6833,50.6818],[-2.6835,50.6819],[-2.6853,50.6826],[-2.6886,50.6838],[-2.6892,50.684],[-2.6914,50.6848],[-2.6957,50.6863],[-2.6962,50.6864],[-2.6984,50.6872],[-2.6995,50.6876],[-2.7007,50.688],[-2.7025,50.6886],[-2.7038,50.689],[-2.7049,50.6894],[-2.7067,50.69],[-2.7092,50.6909],[-2.7094,50.691],[-2.7106,50.6914],[-2.7143,50.6928],[-2.7176,50.6939],[-2.7192,50.6945],[-2.7224,50.6956],[-2.7227,50.6957],[-2.7252,50.6966],[-2.7262,50.6969],[-2.728,50.6975],[-2.7288,50.6977],[-2.7301,50.6982],[-2.7311,50.6985],[-2.732,50.6988],[-2.7324,50.6989],[-2.7328,50.6991],[-2.7341,50.6996],[-2.7353,50.7002],[-2.7358,50.7004],[-2.7364,50.7007],[-2.737,50.7011],[-2.7373,50.7012],[-2.7383,50.7017],[-2.739,50.702],[-2.7397,50.7023],[-2.7411,50.7027],[-2.7419,50.703],[-2.7431,50.7034],[-2.7435,50.7036],[-2.7448,50.704],[-2.7454,50.7041],[-2.7466,50.7045],[-2.7476,50.7048],[-2.7478,50.7048],[-2.7488,50.7051],[-2.7492,50.7052],[-2.7497,50.7053],[-2.7515,50.7059],[-2.752,50.706],[-2.754,50.7066],[-2.7541,50.7067],[-2.7546,50.7068],[-2.7551,50.707],[-2.756,50.7072],[-2.7609,50.7089],[-2.7623,50.7093],[-2.7627,50.7094],[-2.7631,50.7094],[-2.7634,50.7093],[-2.7633,50.7091],[-2.7635,50.709],[-2.7638,50.7086],[-2.7638,50.7085],[-2.7641,50.7085],[-2.7643,50.7085],[-2.7645,50.7086],[-2.7646,50.7088],[-2.7649,50.7095],[-2.7652,50.7103],[-2.7653,50.7104],[-2.7656,50.7105],[-2.7663,50.7107],[-2.7667,50.7107],[-2.767,50.7107],[-2.7671,50.7106],[-2.7671,50.7105],[-2.7673,50.7104],[-2.7675,50.7105],[-2.7675,50.7107],[-2.7677,50.7109],[-2.7679,50.711],[-2.768,50.7109],[-2.7683,50.7108],[-2.7686,50.7109],[-2.7685,50.711],[-2.7688,50.7111],[-2.7688,50.7113],[-2.7691,50.7114],[-2.7696,50.7114],[-2.7703,50.7115],[-2.7706,50.7114],[-2.7706,50.7115],[-2.7709,50.7115],[-2.771,50.7115],[-2.7711,50.7116],[-2.7711,50.7117],[-2.771,50.7118],[-2.7711,50.7118],[-2.7712,50.7119],[-2.7713,50.7119],[-2.7716,50.7121],[-2.7718,50.7122],[-2.7723,50.7124],[-2.7729,50.7125],[-2.773,50.7125],[-2.7733,50.7126],[-2.7735,50.7125],[-2.7737,50.7126],[-2.7741,50.7128],[-2.7743,50.713],[-2.7747,50.7131],[-2.7762,50.7137],[-2.7768,50.7138],[-2.7774,50.714],[-2.7783,50.7143],[-2.7794,50.7147],[-2.7803,50.7149],[-2.7806,50.715],[-2.7822,50.7154],[-2.783,50.7155],[-2.7837,50.7157],[-2.7856,50.716],[-2.7857,50.7161],[-2.7858,50.7161],[-2.7865,50.7162],[-2.7871,50.7163],[-2.7876,50.7164],[-2.7891,50.7168],[-2.7898,50.7169],[-2.7903,50.7171],[-2.7917,50.7173],[-2.7924,50.7175],[-2.7927,50.7175],[-2.7935,50.7177],[-2.7938,50.7177],[-2.7946,50.7178],[-2.795,50.7178],[-2.7955,50.7177],[-2.7959,50.7176],[-2.7961,50.7175],[-2.7963,50.7174],[-2.7964,50.7172],[-2.7967,50.7171],[-2.7968,50.7171],[-2.7969,50.7172],[-2.7969,50.7173],[-2.7968,50.7174],[-2.7968,50.7175],[-2.7972,50.7176],[-2.7978,50.7175],[-2.7981,50.7175],[-2.7984,50.7175],[-2.7987,50.7174],[-2.8006,50.7172],[-2.8005,50.7174],[-2.8009,50.7175],[-2.801,50.7175],[-2.8012,50.7173],[-2.8014,50.7173],[-2.8013,50.7175],[-2.8014,50.7176],[-2.8026,50.7179],[-2.803,50.718],[-2.8034,50.7182],[-2.8038,50.7183],[-2.8041,50.7184],[-2.8045,50.7184],[-2.8049,50.7184],[-2.8049,50.7185],[-2.8049,50.7186],[-2.805,50.7186],[-2.8055,50.7186],[-2.8056,50.7185],[-2.8057,50.7185],[-2.8062,50.7184],[-2.8066,50.7185],[-2.8067,50.7185],[-2.8069,50.7184],[-2.8071,50.7185],[-2.8074,50.7184],[-2.8076,50.7183],[-2.8079,50.7181],[-2.8082,50.718],[-2.8086,50.7179],[-2.8091,50.718],[-2.8092,50.7179],[-2.8093,50.7178],[-2.8099,50.7178],[-2.8104,50.7176],[-2.8107,50.7174],[-2.8111,50.7172],[-2.8114,50.7173],[-2.8113,50.7173],[-2.8113,50.7174],[-2.8115,50.7174],[-2.8121,50.7174],[-2.8126,50.7174],[-2.8128,50.7175],[-2.8124,50.7177],[-2.8124,50.7178],[-2.8127,50.7179],[-2.8134,50.718],[-2.8143,50.7184],[-2.8147,50.7185],[-2.8151,50.7188],[-2.8162,50.7194],[-2.8165,50.7195],[-2.8173,50.7199],[-2.8182,50.7202],[-2.8187,50.7204],[-2.8194,50.7206],[-2.8197,50.7207],[-2.8205,50.7209],[-2.8222,50.7212],[-2.8229,50.7214],[-2.823,50.7214],[-2.8235,50.7216],[-2.8247,50.7219],[-2.8253,50.7221],[-2.8264,50.7222],[-2.8268,50.7223],[-2.8271,50.7223],[-2.8275,50.7224],[-2.8281,50.7225],[-2.8287,50.7226],[-2.8296,50.7227],[-2.8303,50.7228],[-2.8312,50.7229],[-2.8319,50.723],[-2.8322,50.723],[-2.8328,50.723],[-2.8335,50.7231],[-2.834,50.7231],[-2.8345,50.7232],[-2.8367,50.7233],[-2.8372,50.7234],[-2.8373,50.7234],[-2.8377,50.7232],[-2.838,50.723],[-2.8383,50.7229],[-2.8387,50.7228],[-2.8393,50.7227],[-2.8395,50.7225],[-2.8398,50.7225],[-2.8398,50.7223],[-2.8399,50.7223],[-2.8402,50.7222],[-2.8403,50.7221],[-2.8404,50.7221],[-2.8405,50.7223],[-2.8406,50.7224],[-2.8408,50.7223],[-2.8415,50.722],[-2.8417,50.7219],[-2.842,50.7219],[-2.8423,50.722],[-2.8427,50.7222],[-2.8431,50.7223],[-2.8436,50.7223],[-2.8438,50.7222],[-2.8437,50.7221],[-2.8439,50.7219],[-2.8441,50.7219],[-2.8444,50.722],[-2.8441,50.722],[-2.8439,50.7221],[-2.8439,50.7222],[-2.8439,50.7223],[-2.8444,50.7223],[-2.8444,50.7224],[-2.8444,50.7225],[-2.8442,50.7226],[-2.8442,50.7227],[-2.8443,50.7227],[-2.8443,50.7228],[-2.8441,50.7228],[-2.8438,50.7227],[-2.8437,50.7226],[-2.8433,50.7225],[-2.8432,50.7226],[-2.8438,50.7228],[-2.844,50.7228],[-2.8448,50.723],[-2.8454,50.7231],[-2.8451,50.723],[-2.8452,50.7229],[-2.8455,50.7229],[-2.8457,50.7229],[-2.8459,50.7229],[-2.8463,50.723],[-2.8464,50.723],[-2.8464,50.7231],[-2.8465,50.7232],[-2.8465,50.7233],[-2.8468,50.7234],[-2.847,50.7234],[-2.8467,50.7232],[-2.8472,50.7233],[-2.8473,50.7234],[-2.8475,50.7237],[-2.8476,50.7237],[-2.8493,50.7242],[-2.85,50.7244],[-2.851,50.7247],[-2.8518,50.7249],[-2.8546,50.7256],[-2.8565,50.726],[-2.857,50.7261],[-2.8574,50.7261],[-2.8573,50.7261],[-2.8575,50.7261],[-2.8578,50.726],[-2.8574,50.7262],[-2.8575,50.7262],[-2.858,50.7263],[-2.8587,50.7265],[-2.8599,50.7268],[-2.8605,50.727],[-2.8614,50.7272],[-2.8619,50.7273],[-2.8626,50.7274],[-2.8633,50.7276],[-2.8637,50.7276],[-2.8646,50.7277],[-2.8659,50.728],[-2.8679,50.7283],[-2.8693,50.7285],[-2.8698,50.7285],[-2.8699,50.7285],[-2.8701,50.7285],[-2.8702,50.7285],[-2.8703,50.7285],[-2.8704,50.7285],[-2.8708,50.7285],[-2.8709,50.7285],[-2.871,50.7285],[-2.8711,50.7285],[-2.8712,50.7285],[-2.8713,50.7285],[-2.8714,50.7285],[-2.8717,50.7285],[-2.8722,50.7287],[-2.8726,50.7288],[-2.8729,50.7289],[-2.873,50.7289],[-2.8734,50.7292],[-2.8739,50.7293],[-2.8744,50.7294],[-2.877,50.7299],[-2.8784,50.7302],[-2.8806,50.7305],[-2.8823,50.7307],[-2.883,50.7308],[-2.8834,50.7307],[-2.8837,50.7307],[-2.8842,50.7307],[-2.8846,50.7308],[-2.8851,50.7311],[-2.8856,50.7312],[-2.8865,50.7312],[-2.8873,50.7314],[-2.8885,50.7316],[-2.8893,50.7317],[-2.8902,50.7318],[-2.891,50.7319],[-2.8917,50.7319],[-2.8922,50.7319],[-2.8933,50.7321],[-2.894,50.7322],[-2.8942,50.7322],[-2.8943,50.7322],[-2.8946,50.7322],[-2.8947,50.7322],[-2.8948,50.7322],[-2.8955,50.7323],[-2.8956,50.7323],[-2.8957,50.7324],[-2.8958,50.7324],[-2.8959,50.7324],[-2.8962,50.7324],[-2.8965,50.7324],[-2.8967,50.7324],[-2.897,50.7324],[-2.8972,50.7324],[-2.8972,50.7323],[-2.8974,50.7323],[-2.8976,50.7323],[-2.8978,50.7323],[-2.8985,50.7325],[-2.8986,50.7325],[-2.8991,50.7325],[-2.8995,50.7324],[-2.8999,50.7324],[-2.9003,50.7324],[-2.9009,50.7325],[-2.9017,50.7325],[-2.9024,50.7326],[-2.9027,50.7327],[-2.9031,50.7328],[-2.9038,50.733],[-2.9045,50.733],[-2.9047,50.733],[-2.9048,50.733],[-2.9049,50.733],[-2.9051,50.733],[-2.9053,50.7327],[-2.9054,50.7327],[-2.9053,50.7329],[-2.9052,50.733],[-2.9055,50.7331],[-2.9058,50.733],[-2.9059,50.7328],[-2.9061,50.7327],[-2.9063,50.7326],[-2.9063,50.7327],[-2.9061,50.7328],[-2.906,50.7328],[-2.906,50.7329],[-2.9061,50.733],[-2.9066,50.733],[-2.9068,50.7328],[-2.9068,50.7329],[-2.9067,50.733],[-2.907,50.733],[-2.9073,50.7328],[-2.9074,50.7327],[-2.9075,50.7327],[-2.9074,50.7328],[-2.9073,50.7329],[-2.9073,50.7331],[-2.9075,50.7331],[-2.9076,50.733],[-2.9076,50.7329],[-2.9077,50.7328],[-2.9078,50.7329],[-2.9077,50.7331],[-2.9082,50.7332],[-2.9082,50.7331],[-2.9084,50.7329],[-2.9087,50.7329],[-2.9087,50.7331],[-2.9089,50.7329],[-2.909,50.7329],[-2.909,50.7328],[-2.9089,50.7327],[-2.909,50.7326],[-2.9092,50.7326],[-2.9091,50.7327],[-2.9092,50.7327],[-2.9095,50.7324],[-2.9098,50.7324],[-2.9094,50.7327],[-2.9094,50.7329],[-2.9097,50.7326],[-2.9099,50.7326],[-2.9097,50.7328],[-2.9093,50.7331],[-2.9094,50.7332],[-2.9095,50.7332],[-2.9096,50.7333],[-2.91,50.7332],[-2.9104,50.7329],[-2.9107,50.7328],[-2.9107,50.7326],[-2.9108,50.7326],[-2.911,50.7326],[-2.9112,50.7329],[-2.9113,50.7329],[-2.9126,50.733],[-2.9127,50.7329],[-2.9128,50.7327],[-2.9129,50.7325],[-2.9131,50.7323],[-2.9132,50.7322],[-2.9134,50.7322],[-2.9136,50.7321],[-2.9137,50.7321],[-2.9139,50.7321],[-2.9144,50.7321],[-2.915,50.7322],[-2.9151,50.7322],[-2.9153,50.7323],[-2.9155,50.7322],[-2.9157,50.7321],[-2.9158,50.732],[-2.9159,50.7321],[-2.9163,50.7319],[-2.9166,50.7319],[-2.9168,50.7317],[-2.9169,50.7317],[-2.9169,50.7319],[-2.917,50.7317],[-2.9171,50.7316],[-2.9171,50.7318],[-2.9172,50.7318],[-2.9174,50.7317],[-2.9174,50.7318],[-2.9185,50.7317],[-2.9186,50.7317],[-2.9188,50.7316],[-2.9189,50.7316],[-2.9193,50.7313],[-2.9194,50.7313],[-2.9193,50.7314],[-2.9191,50.7316],[-2.9194,50.7314],[-2.9205,50.7309],[-2.9207,50.7307],[-2.921,50.7306],[-2.9212,50.7304],[-2.9213,50.7304],[-2.9213,50.7305],[-2.921,50.7307],[-2.9205,50.731],[-2.9197,50.7315],[-2.9196,50.7316],[-2.92,50.7315],[-2.9198,50.7317],[-2.9201,50.7315],[-2.9201,50.7316],[-2.9206,50.7314],[-2.9208,50.7313],[-2.9211,50.7311],[-2.9213,50.7311],[-2.9215,50.731],[-2.9215,50.7308],[-2.9218,50.7307],[-2.9215,50.731],[-2.9216,50.731],[-2.9218,50.7309],[-2.9224,50.7304],[-2.9227,50.7301],[-2.9235,50.7297],[-2.9239,50.7293],[-2.924,50.7293],[-2.924,50.7294],[-2.9239,50.7294],[-2.9237,50.7296],[-2.9235,50.7298],[-2.9227,50.7302],[-2.9221,50.7307],[-2.9224,50.7306],[-2.9224,50.7307],[-2.9225,50.7307],[-2.9227,50.7306],[-2.9229,50.7304],[-2.9231,50.7303],[-2.9233,50.7301],[-2.9236,50.7299],[-2.9239,50.7297],[-2.9241,50.7296],[-2.924,50.7297],[-2.9239,50.7299],[-2.9244,50.7298],[-2.9244,50.7299],[-2.9246,50.7298],[-2.9246,50.7295],[-2.9251,50.7296],[-2.9254,50.7296],[-2.9257,50.7295],[-2.9261,50.7294],[-2.9266,50.7291],[-2.9276,50.7285],[-2.928,50.7283],[-2.9279,50.7283],[-2.9281,50.7281],[-2.9278,50.7281],[-2.9276,50.728],[-2.9282,50.7278],[-2.928,50.7277],[-2.9285,50.7274],[-2.9283,50.7274],[-2.9281,50.7275],[-2.9277,50.7276],[-2.9276,50.7276],[-2.9275,50.7276],[-2.9275,50.7277],[-2.9271,50.728],[-2.9268,50.7281],[-2.9268,50.7282],[-2.9266,50.7283],[-2.9264,50.7283],[-2.9266,50.7281],[-2.927,50.7278],[-2.927,50.7277],[-2.9272,50.7276],[-2.9275,50.7275],[-2.9274,50.7274],[-2.9276,50.7273],[-2.9277,50.7273],[-2.9279,50.7272],[-2.928,50.7272],[-2.9286,50.7269],[-2.9287,50.7268],[-2.9287,50.7264],[-2.9286,50.7264],[-2.9284,50.7265],[-2.9283,50.7266],[-2.9282,50.7267],[-2.9282,50.7268],[-2.9281,50.7268],[-2.9281,50.7269],[-2.9281,50.727],[-2.9281,50.7269],[-2.9283,50.7268],[-2.9284,50.7268],[-2.9284,50.7269],[-2.9281,50.727],[-2.928,50.7271],[-2.9278,50.7271],[-2.9278,50.727],[-2.928,50.7269],[-2.928,50.7267],[-2.9281,50.7264],[-2.928,50.7262],[-2.9278,50.726],[-2.9276,50.7258],[-2.9275,50.7258],[-2.9274,50.7256],[-2.9275,50.7255],[-2.9277,50.7255],[-2.9277,50.7257],[-2.9278,50.7258],[-2.9281,50.7258],[-2.9282,50.726],[-2.9283,50.726],[-2.9284,50.7263],[-2.9285,50.7263],[-2.9287,50.7262],[-2.9288,50.726],[-2.9286,50.7257],[-2.9285,50.7255],[-2.9284,50.7254],[-2.9283,50.7254],[-2.9281,50.7255],[-2.928,50.7254],[-2.9279,50.7253],[-2.9277,50.725],[-2.9276,50.7249],[-2.9275,50.7248],[-2.9276,50.7247],[-2.9276,50.7246],[-2.9276,50.7245],[-2.9275,50.7242],[-2.9275,50.7241],[-2.9275,50.724],[-2.9276,50.724],[-2.9277,50.724],[-2.9277,50.7239],[-2.9278,50.7239],[-2.9284,50.7237],[-2.9285,50.7237],[-2.9292,50.7235],[-2.9294,50.7236],[-2.9291,50.7237],[-2.9291,50.7238],[-2.9296,50.7237],[-2.9297,50.7238],[-2.9297,50.7241],[-2.9298,50.7242],[-2.9298,50.7244],[-2.9297,50.7246],[-2.9299,50.7246],[-2.93,50.7244],[-2.9301,50.7248],[-2.9303,50.7248],[-2.9304,50.7247],[-2.9305,50.7245],[-2.9306,50.7243],[-2.9306,50.7242],[-2.9307,50.724],[-2.9309,50.724],[-2.9309,50.7245],[-2.931,50.7246],[-2.9316,50.7246],[-2.9319,50.7244],[-2.9321,50.7244],[-2.9322,50.7242],[-2.9327,50.7242],[-2.9334,50.7239],[-2.9338,50.7239],[-2.9344,50.7237],[-2.935,50.7234],[-2.9351,50.7234],[-2.9351,50.7232],[-2.9354,50.7232],[-2.9357,50.7231],[-2.9362,50.7229],[-2.9365,50.7227],[-2.9366,50.7226],[-2.9368,50.7224],[-2.9372,50.7222],[-2.9374,50.7219],[-2.9372,50.7218],[-2.9367,50.7218],[-2.9372,50.7217],[-2.9373,50.7216],[-2.9373,50.7213],[-2.9374,50.7212],[-2.9374,50.7211],[-2.9372,50.7212],[-2.9371,50.721],[-2.937,50.7207],[-2.9368,50.7206],[-2.9367,50.7203],[-2.9367,50.7201],[-2.9368,50.7201],[-2.937,50.7203],[-2.9372,50.7203],[-2.9374,50.7201],[-2.9375,50.7201],[-2.9377,50.7202],[-2.9378,50.7199],[-2.9374,50.7197],[-2.9372,50.7197],[-2.9369,50.7199],[-2.9367,50.7199],[-2.9364,50.72],[-2.9362,50.7199],[-2.9362,50.7198],[-2.9367,50.7198],[-2.9367,50.7196],[-2.9366,50.7194],[-2.9361,50.7194],[-2.9359,50.7194],[-2.9357,50.7194],[-2.9355,50.7194],[-2.9355,50.7193],[-2.9352,50.7193],[-2.9352,50.7191],[-2.9352,50.719],[-2.9355,50.719],[-2.9358,50.7189],[-2.9361,50.719],[-2.9365,50.719],[-2.9372,50.7191],[-2.9373,50.7191],[-2.9379,50.7188],[-2.9381,50.7188],[-2.9383,50.7188],[-2.9387,50.7192],[-2.9388,50.7194],[-2.939,50.7195],[-2.94,50.7197],[-2.9408,50.7196],[-2.9416,50.7193],[-2.9419,50.7193],[-2.9423,50.7192],[-2.9426,50.7191],[-2.9427,50.7191],[-2.9431,50.719],[-2.9433,50.719],[-2.9435,50.7189],[-2.9436,50.7188],[-2.9437,50.7188],[-2.9438,50.7186],[-2.944,50.7186],[-2.944,50.7185],[-2.9441,50.7186],[-2.944,50.7188],[-2.9442,50.7187],[-2.9446,50.7186],[-2.9447,50.7185],[-2.945,50.7182],[-2.9452,50.7181],[-2.9453,50.7181],[-2.9452,50.7183],[-2.9449,50.7185],[-2.9448,50.7186],[-2.9448,50.7188],[-2.9451,50.7186],[-2.9458,50.7185],[-2.9461,50.7184],[-2.9464,50.7183],[-2.9465,50.7183],[-2.9467,50.7182],[-2.9468,50.7181],[-2.9471,50.7181],[-2.9473,50.718],[-2.9471,50.718],[-2.9471,50.7179],[-2.9471,50.7178],[-2.9466,50.7181],[-2.9465,50.718],[-2.947,50.7178],[-2.9474,50.7177],[-2.9483,50.7172],[-2.9491,50.7168],[-2.9492,50.7167],[-2.9482,50.7172],[-2.9476,50.7174],[-2.947,50.7177],[-2.9462,50.7182],[-2.9461,50.7181],[-2.9469,50.7177],[-2.9475,50.7174],[-2.9478,50.7173],[-2.9489,50.7168],[-2.9495,50.7165],[-2.9496,50.7163],[-2.9498,50.7162],[-2.9502,50.7161],[-2.9501,50.716],[-2.9496,50.7162],[-2.9495,50.7161],[-2.9498,50.7159],[-2.9501,50.7158],[-2.95,50.7158],[-2.9496,50.7159],[-2.9494,50.7159],[-2.9494,50.7158],[-2.9493,50.7157],[-2.9495,50.7157],[-2.9499,50.7158],[-2.9504,50.7155],[-2.9508,50.7153],[-2.9504,50.7154],[-2.9499,50.7155],[-2.9496,50.7157],[-2.9495,50.7156],[-2.9504,50.7154],[-2.9506,50.7153],[-2.9506,50.7152],[-2.951,50.7151],[-2.9512,50.715],[-2.9512,50.7149],[-2.9513,50.7149],[-2.9513,50.7148],[-2.9514,50.7147],[-2.9516,50.7146],[-2.9516,50.7145],[-2.9517,50.7145],[-2.9518,50.7145],[-2.9518,50.7144],[-2.9519,50.7144],[-2.9519,50.7143],[-2.952,50.7142],[-2.9521,50.7141],[-2.9522,50.7139],[-2.9523,50.7139],[-2.9521,50.7142],[-2.952,50.7143],[-2.952,50.7144],[-2.9519,50.7145],[-2.9518,50.7146],[-2.9519,50.7147],[-2.9521,50.7146],[-2.9522,50.7143],[-2.9524,50.7141],[-2.9525,50.7141],[-2.9525,50.714],[-2.9526,50.714],[-2.9529,50.7134],[-2.9531,50.7132],[-2.9531,50.713],[-2.9532,50.713],[-2.9533,50.7133],[-2.9533,50.7134],[-2.9531,50.7134],[-2.9533,50.7136],[-2.9536,50.7136],[-2.9535,50.7133],[-2.9536,50.7133],[-2.9537,50.7132],[-2.9538,50.713],[-2.9539,50.7131],[-2.9539,50.7132],[-2.9539,50.7133],[-2.9539,50.7134],[-2.9538,50.7135],[-2.9538,50.7136],[-2.9542,50.7135],[-2.9545,50.7134],[-2.9546,50.7134],[-2.9548,50.7134],[-2.955,50.7133],[-2.9551,50.7133],[-2.9553,50.7132],[-2.9557,50.7131],[-2.9555,50.713],[-2.9555,50.7129],[-2.9553,50.7126],[-2.9553,50.7125],[-2.9554,50.7125],[-2.9559,50.7129],[-2.9561,50.713],[-2.9561,50.7129],[-2.956,50.7127],[-2.9562,50.7127],[-2.9564,50.7128],[-2.9564,50.7127],[-2.9562,50.7124],[-2.9564,50.7125],[-2.9565,50.7124],[-2.9565,50.7123],[-2.9567,50.7123],[-2.9567,50.7122],[-2.9568,50.7122],[-2.9569,50.7121],[-2.9571,50.7122],[-2.9573,50.7122],[-2.9574,50.7121],[-2.9573,50.712],[-2.9574,50.712],[-2.9576,50.7121],[-2.9577,50.7122],[-2.9579,50.7124],[-2.958,50.7124],[-2.9578,50.712],[-2.9581,50.7123],[-2.9582,50.7124],[-2.9584,50.7124],[-2.9586,50.7125],[-2.9585,50.7123],[-2.9584,50.7121],[-2.9585,50.7121],[-2.9589,50.7123],[-2.9593,50.7123],[-2.9597,50.7123],[-2.9602,50.7124],[-2.9604,50.7123],[-2.9606,50.7123],[-2.9611,50.7124],[-2.9616,50.7125],[-2.9616,50.7126],[-2.9619,50.7126],[-2.9623,50.7127],[-2.9624,50.7126],[-2.9628,50.7126],[-2.9634,50.7126],[-2.9635,50.7126],[-2.9636,50.7127],[-2.9638,50.7127],[-2.9639,50.7127],[-2.964,50.7127],[-2.964,50.7128],[-2.964,50.7129],[-2.9645,50.7129],[-2.9652,50.7128],[-2.9656,50.7128],[-2.9663,50.7128],[-2.9668,50.7126],[-2.9669,50.7124],[-2.967,50.7124],[-2.9669,50.7122],[-2.967,50.7121],[-2.9671,50.7119],[-2.9672,50.7119],[-2.9673,50.7119],[-2.9671,50.7118],[-2.9675,50.7117],[-2.9673,50.7116],[-2.9676,50.7115],[-2.9676,50.7114],[-2.9677,50.7114],[-2.9678,50.7114],[-2.9677,50.7112],[-2.9678,50.711],[-2.9679,50.7109],[-2.9679,50.7108],[-2.968,50.7108],[-2.9679,50.7106],[-2.9682,50.7106],[-2.9683,50.7104],[-2.9684,50.7103],[-2.9685,50.7102],[-2.9686,50.7102],[-2.9686,50.7101],[-2.9687,50.71],[-2.9687,50.7099],[-2.9688,50.7098],[-2.9688,50.7097],[-2.9691,50.7097],[-2.9692,50.7094],[-2.9693,50.7093],[-2.9695,50.7092],[-2.9696,50.7091],[-2.9697,50.7091],[-2.9699,50.7091],[-2.97,50.7091],[-2.9699,50.7089],[-2.9701,50.7089],[-2.9701,50.709],[-2.9702,50.7089],[-2.9702,50.7088],[-2.9703,50.7089],[-2.9707,50.7089],[-2.9707,50.7088],[-2.9709,50.7087],[-2.9713,50.7086],[-2.9714,50.7085],[-2.9715,50.7085],[-2.9716,50.7085],[-2.9715,50.7084],[-2.9718,50.7084],[-2.9719,50.7084],[-2.9721,50.7084],[-2.9721,50.7083],[-2.9723,50.7083],[-2.9725,50.7083],[-2.9727,50.7082],[-2.9729,50.7082],[-2.9733,50.7082],[-2.9736,50.7081],[-2.9741,50.7081],[-2.9741,50.708],[-2.9745,50.708],[-2.9747,50.708],[-2.9751,50.7079],[-2.9752,50.7079],[-2.9755,50.7078],[-2.9756,50.7078],[-2.9756,50.7077],[-2.9757,50.7078],[-2.9758,50.7078],[-2.9758,50.7077],[-2.9759,50.7076],[-2.9761,50.7076],[-2.9762,50.7076],[-2.9763,50.7075],[-2.9765,50.7075],[-2.9765,50.7074],[-2.9766,50.7074],[-2.9767,50.7074],[-2.9769,50.7073],[-2.9769,50.7071],[-2.9771,50.7071],[-2.9771,50.707],[-2.9773,50.7071],[-2.9773,50.707],[-2.9773,50.7069],[-2.9774,50.7069],[-2.9775,50.7068],[-2.9775,50.7066],[-2.9776,50.7064],[-2.978,50.7063],[-2.9785,50.706],[-2.9788,50.7059],[-2.9791,50.7057],[-2.9793,50.7057],[-2.9795,50.7057],[-2.9798,50.7056],[-2.98,50.7056],[-2.9802,50.7055],[-2.9801,50.7053],[-2.9804,50.7052],[-2.9808,50.705],[-2.9812,50.7048],[-2.9818,50.7046],[-2.9824,50.7045],[-2.9831,50.7043],[-2.984,50.7042],[-2.9846,50.7042],[-2.9847,50.7042],[-2.9847,50.7043],[-2.9848,50.7043],[-2.9852,50.7042],[-2.9857,50.7043],[-2.9856,50.7044],[-2.9852,50.7043],[-2.9852,50.7044],[-2.9855,50.7045],[-2.9854,50.7046],[-2.9855,50.7047],[-2.9862,50.7047],[-2.9865,50.7047],[-2.9873,50.7048],[-2.9881,50.7048],[-2.9894,50.705],[-2.99,50.7051],[-2.9906,50.7051],[-2.9911,50.7052],[-2.9915,50.7052],[-2.9921,50.7052],[-2.9934,50.7052],[-2.9936,50.7052],[-2.9945,50.7051],[-2.9953,50.705],[-2.9958,50.7048],[-2.9962,50.7047],[-2.9964,50.7044],[-2.9968,50.7042],[-2.9969,50.7041],[-2.9971,50.7041],[-2.9972,50.7041],[-2.9973,50.7041],[-2.9975,50.7039],[-2.9978,50.7037],[-2.9978,50.7036],[-2.9982,50.7033],[-2.9986,50.703],[-2.9987,50.703],[-2.9989,50.7029],[-2.9991,50.703],[-2.9992,50.7031],[-2.9993,50.703],[-2.9993,50.7029],[-2.999,50.7028],[-2.999,50.7027],[-2.9992,50.7027],[-2.9993,50.7025],[-2.9996,50.7024],[-2.9997,50.7024],[-2.9998,50.7022],[-3,50.702],[-3.0005,50.7019],[-3.0005,50.7018],[-3.0007,50.7016],[-3.0015,50.7013],[-3.0021,50.7011],[-3.0024,50.7011],[-3.0026,50.701],[-3.0027,50.7009],[-3.003,50.7008],[-3.0034,50.7007],[-3.0037,50.7005],[-3.0038,50.7005],[-3.0037,50.7007],[-3.0039,50.7007],[-3.0043,50.7004],[-3.0052,50.7001],[-3.006,50.6999],[-3.0064,50.6998],[-3.0067,50.6998],[-3.0072,50.6998],[-3.0077,50.6998],[-3.008,50.6997],[-3.0085,50.6995],[-3.009,50.6995],[-3.0093,50.6995],[-3.0096,50.6995],[-3.0097,50.6995],[-3.01,50.6995],[-3.0104,50.6994],[-3.0106,50.6994],[-3.0106,50.6993],[-3.0108,50.6993],[-3.0109,50.6994],[-3.0111,50.6993],[-3.0112,50.6993],[-3.0114,50.6993],[-3.0119,50.6992],[-3.0128,50.6991],[-3.0136,50.699],[-3.0135,50.6988],[-3.0138,50.6988],[-3.014,50.6988],[-3.0145,50.6988],[-3.0159,50.6985],[-3.0161,50.6984],[-3.0165,50.6983],[-3.0168,50.6984],[-3.0169,50.6985],[-3.0171,50.6985],[-3.0175,50.6986],[-3.0181,50.6986],[-3.0181,50.6985],[-3.0183,50.6984],[-3.0185,50.6985],[-3.0186,50.6984],[-3.0189,50.6984],[-3.0193,50.6983],[-3.0199,50.6981],[-3.02,50.6982],[-3.0201,50.6981],[-3.0204,50.6981],[-3.0205,50.6981],[-3.0208,50.6981],[-3.0212,50.6981],[-3.0214,50.698],[-3.0215,50.698],[-3.0222,50.6979],[-3.0224,50.6979],[-3.0227,50.6979],[-3.0229,50.698],[-3.0232,50.6981],[-3.0239,50.6982],[-3.025,50.6983],[-3.0257,50.6983],[-3.0258,50.6982],[-3.0261,50.6982],[-3.0261,50.698],[-3.0265,50.6981],[-3.027,50.6981],[-3.0273,50.6981],[-3.0275,50.6981],[-3.0279,50.6981],[-3.028,50.6982],[-3.0284,50.6981],[-3.0286,50.6982],[-3.0287,50.6983],[-3.0292,50.6983],[-3.0299,50.6984],[-3.0302,50.6985],[-3.0307,50.6985],[-3.0319,50.6985],[-3.032,50.6985]]]},"properties":{"mtype":"SAC","name":"Lyme Bay and Torbay","code":"UK0030372"}},
{"type":"Feature","geometry":{"type":"MultiPolygon","coordinates":[[[[-1.9912,50.5907],[-1.9913,50.5907],[-1.9913,50.5909],[-1.9914,50.591],[-1.9916,50.591],[-1.992,50.591],[-1.9922,50.591],[-1.9927,50.591],[-1.993,50.591],[-1.9931,50.591],[-1.9933,50.591],[-1.9936,50.591],[-1.9937,50.591],[-1.9938,50.591],[-1.994,50.591],[-1.9944,50.591],[-1.9945,50.591],[-1.9949,50.5911],[-1.9951,50.5911],[-1.9954,50.5911],[-1.9955,50.5911],[-1.9958,50.5911],[-1.9959,50.5911],[-1.9961,50.5911],[-1.9964,50.5911],[-1.9965,50.5911],[-1.9966,50.5912],[-1.9968,50.5912],[-1.997,50.5912],[-1.9972,50.5912],[-1.9976,50.5912],[-1.998,50.5912],[-1.9981,50.5912],[-1.9983,50.5912],[-1.9984,50.5912],[-1.9985,50.5912],[-1.9988,50.5912],[-1.9988,50.5913],[-1.9989,50.5913],[-1.999,50.5913],[-1.9995,50.5913],[-1.9998,50.5914],[-2,50.5914],[-2.0001,50.5914],[-2.0003,50.5914],[-2.0009,50.5913],[-2.001,50.5913],[-2.0011,50.5913],[-2.0013,50.5914],[-2.0014,50.5914],[-2.0015,50.5914],[-2.0018,50.5914],[-2.0018,50.5915],[-2.0019,50.5915],[-2.0021,50.5915],[-2.0022,50.5915],[-2.0023,50.5915],[-2.0024,50.5915],[-2.0026,50.5916],[-2.0028,50.5917],[-2.003,50.5917],[-2.0033,50.5917],[-2.0034,50.5917],[-2.0035,50.5916],[-2.0039,50.5915],[-2.004,50.5914],[-2.0041,50.5914],[-2.0042,50.5914],[-2.0043,50.5913],[-2.0046,50.5914],[-2.0048,50.5914],[-2.0049,50.5915],[-2.005,50.5915],[-2.005,50.5916],[-2.0051,50.5916],[-2.0052,50.5916],[-2.0052,50.5915],[-2.0053,50.5915],[-2.0053,50.5916],[-2.0054,50.5916],[-2.0055,50.5916],[-2.0056,50.5917],[-2.0057,50.5917],[-2.0058,50.5917],[-2.0059,50.5916],[-2.0059,50.5915],[-2.006,50.5915],[-2.0061,50.5915],[-2.0061,50.5916],[-2.0062,50.5916],[-2.0062,50.5917],[-2.0063,50.5917],[-2.0064,50.5917],[-2.0065,50.5916],[-2.0066,50.5916],[-2.0066,50.5915],[-2.0067,50.5915],[-2.0067,50.5914],[-2.0069,50.5914],[-2.007,50.5914],[-2.007,50.5913],[-2.0072,50.5912],[-2.0073,50.5912],[-2.0078,50.5911],[-2.0081,50.5911],[-2.0082,50.5911],[-2.0084,50.5911],[-2.0085,50.5911],[-2.0088,50.5911],[-2.0088,50.591],[-2.0089,50.591],[-2.009,50.5909],[-2.0091,50.5908],[-2.0092,50.5908],[-2.0096,50.5909],[-2.01,50.5909],[-2.0102,50.5909],[-2.0103,50.5909],[-2.0104,50.5909],[-2.0105,50.591],[-2.0106,50.591],[-2.0107,50.591],[-2.0108,50.5909],[-2.0109,50.5909],[-2.011,50.5909],[-2.011,50.5908],[-2.0111,50.5908],[-2.0112,50.5907],[-2.0114,50.5908],[-2.0115,50.5908],[-2.0117,50.5907],[-2.0116,50.5907],[-2.0116,50.5906],[-2.0117,50.5906],[-2.0117,50.5907],[-2.0118,50.5907],[-2.0119,50.5907],[-2.012,50.5907],[-2.012,50.5908],[-2.0121,50.5907],[-2.0122,50.5907],[-2.0123,50.5906],[-2.0124,50.5906],[-2.0124,50.5905],[-2.0125,50.5905],[-2.0125,50.5906],[-2.0125,50.5907],[-2.0126,50.5907],[-2.0127,50.5908],[-2.0129,50.5907],[-2.0131,50.5906],[-2.0132,50.5906],[-2.0133,50.5907],[-2.0135,50.5906],[-2.0136,50.5906],[-2.0137,50.5906],[-2.0137,50.5905],[-2.0138,50.5905],[-2.014,50.5904],[-2.014,50.5905],[-2.0141,50.5905],[-2.0143,50.5904],[-2.0143,50.5903],[-2.0145,50.5902],[-2.0149,50.5901],[-2.0151,50.5901],[-2.0151,50.5902],[-2.0152,50.5902],[-2.0154,50.5902],[-2.0155,50.5902],[-2.0156,50.5902],[-2.0156,50.5901],[-2.0157,50.5901],[-2.0158,50.5901],[-2.0159,50.5901],[-2.016,50.5901],[-2.0161,50.5901],[-2.0162,50.59],[-2.0163,50.59],[-2.0164,50.5899],[-2.0164,50.59],[-2.0165,50.5901],[-2.0166,50.5899],[-2.0166,50.59],[-2.0167,50.59],[-2.0168,50.5901],[-2.0168,50.59],[-2.0168,50.5899],[-2.0169,50.5899],[-2.0169,50.59],[-2.017,50.59],[-2.0171,50.59],[-2.0172,50.59],[-2.0173,50.59],[-2.0173,50.5899],[-2.0172,50.5899],[-2.0173,50.5899],[-2.0176,50.5899],[-2.0177,50.5899],[-2.0177,50.5898],[-2.0178,50.5899],[-2.0179,50.5898],[-2.0178,50.5898],[-2.0179,50.5898],[-2.018,50.5898],[-2.0181,50.5898],[-2.0182,50.5896],[-2.0183,50.5896],[-2.0183,50.5897],[-2.0184,50.5897],[-2.0185,50.5896],[-2.0187,50.5896],[-2.0187,50.5897],[-2.0188,50.5897],[-2.0188,50.5896],[-2.0189,50.5896],[-2.019,50.5896],[-2.0192,50.5895],[-2.0193,50.5896],[-2.0194,50.5896],[-2.0195,50.5896],[-2.0196,50.5895],[-2.0196,50.5894],[-2.0197,50.5894],[-2.0198,50.5893],[-2.0199,50.5893],[-2.02,50.5893],[-2.0201,50.5893],[-2.0202,50.5893],[-2.0203,50.5893],[-2.0203,50.5892],[-2.0204,50.5892],[-2.0205,50.5892],[-2.0206,50.5892],[-2.0206,50.5893],[-2.0207,50.5892],[-2.0208,50.5892],[-2.0208,50.5891],[-2.0209,50.5891],[-2.0209,50.589],[-2.021,50.589],[-2.0212,50.5891],[-2.0213,50.5891],[-2.0213,50.5892],[-2.0215,50.5892],[-2.0216,50.5892],[-2.0217,50.5892],[-2.0217,50.5891],[-2.0218,50.5891],[-2.0219,50.5891],[-2.0219,50.589],[-2.0218,50.589],[-2.0219,50.589],[-2.022,50.589],[-2.0222,50.589],[-2.0223,50.5889],[-2.0224,50.589],[-2.0225,50.589],[-2.0226,50.589],[-2.0226,50.5891],[-2.0226,50.5892],[-2.0226,50.5893],[-2.0225,50.5893],[-2.0225,50.5894],[-2.0226,50.5894],[-2.0227,50.5892],[-2.0228,50.5892],[-2.0229,50.5892],[-2.0229,50.5893],[-2.0229,50.5892],[-2.023,50.5892],[-2.023,50.5891],[-2.0231,50.5891],[-2.0231,50.589],[-2.0232,50.589],[-2.0232,50.5891],[-2.0231,50.5892],[-2.0231,50.5893],[-2.0232,50.5893],[-2.0232,50.5892],[-2.0233,50.5891],[-2.0233,50.589],[-2.0234,50.5891],[-2.0236,50.5891],[-2.0237,50.589],[-2.0237,50.5889],[-2.0238,50.5889],[-2.0238,50.5888],[-2.0241,50.5888],[-2.0244,50.5888],[-2.0246,50.5888],[-2.0247,50.5888],[-2.0248,50.5888],[-2.025,50.5887],[-2.0251,50.5887],[-2.0252,50.5887],[-2.0254,50.5888],[-2.0254,50.5887],[-2.0255,50.5888],[-2.0255,50.5889],[-2.0254,50.589],[-2.0257,50.589],[-2.0258,50.589],[-2.0259,50.589],[-2.026,50.5889],[-2.0259,50.5888],[-2.026,50.5888],[-2.0261,50.5889],[-2.026,50.5889],[-2.026,50.589],[-2.0261,50.589],[-2.0263,50.589],[-2.0264,50.589],[-2.0268,50.5889],[-2.0267,50.5888],[-2.0267,50.5887],[-2.0268,50.5887],[-2.0269,50.5886],[-2.0271,50.5886],[-2.0272,50.5885],[-2.0273,50.5885],[-2.0274,50.5884],[-2.0275,50.5884],[-2.0276,50.5884],[-2.0277,50.5883],[-2.0278,50.5883],[-2.0278,50.5882],[-2.0279,50.5882],[-2.0279,50.5881],[-2.028,50.5881],[-2.0281,50.5881],[-2.0282,50.588],[-2.0283,50.588],[-2.0283,50.5879],[-2.0283,50.5878],[-2.0285,50.5877],[-2.0285,50.5876],[-2.0286,50.5876],[-2.0287,50.5875],[-2.0288,50.5874],[-2.0288,50.5873],[-2.0289,50.5873],[-2.0289,50.5872],[-2.029,50.5872],[-2.029,50.5871],[-2.0291,50.5871],[-2.0294,50.587],[-2.0295,50.5869],[-2.0296,50.5869],[-2.0296,50.5868],[-2.0297,50.5867],[-2.0298,50.5866],[-2.0299,50.5865],[-2.03,50.5865],[-2.0301,50.5864],[-2.0302,50.5864],[-2.0302,50.5863],[-2.0303,50.5863],[-2.0303,50.5862],[-2.0304,50.5861],[-2.0304,50.586],[-2.0305,50.5859],[-2.0306,50.5858],[-2.0306,50.5857],[-2.0307,50.5857],[-2.0307,50.5856],[-2.0308,50.5856],[-2.0309,50.5856],[-2.0309,50.5855],[-2.0309,50.5854],[-2.0309,50.5853],[-2.031,50.5853],[-2.031,50.5852],[-2.0312,50.5851],[-2.0313,50.5851],[-2.0314,50.585],[-2.0315,50.5849],[-2.0316,50.5849],[-2.0317,50.5848],[-2.0317,50.5847],[-2.0318,50.5847],[-2.0318,50.5846],[-2.0319,50.5846],[-2.0318,50.5846],[-2.0319,50.5845],[-2.0319,50.5844],[-2.032,50.5844],[-2.0321,50.5844],[-2.0321,50.5845],[-2.0322,50.5844],[-2.0322,50.5843],[-2.0323,50.5843],[-2.0323,50.5844],[-2.0324,50.5843],[-2.0323,50.5843],[-2.0324,50.5843],[-2.0326,50.5841],[-2.0328,50.584],[-2.0329,50.584],[-2.0331,50.5841],[-2.033,50.5841],[-2.033,50.5842],[-2.0331,50.5842],[-2.0331,50.5843],[-2.0332,50.5841],[-2.0333,50.5841],[-2.0334,50.5841],[-2.0335,50.5841],[-2.0334,50.584],[-2.0335,50.5839],[-2.0337,50.5838],[-2.0337,50.5837],[-2.0339,50.5836],[-2.034,50.5836],[-2.0341,50.5836],[-2.0341,50.5835],[-2.0342,50.5835],[-2.0343,50.5834],[-2.0344,50.5834],[-2.0345,50.5833],[-2.0346,50.5833],[-2.0347,50.5833],[-2.0347,50.5832],[-2.0348,50.5832],[-2.0349,50.5831],[-2.035,50.5831],[-2.035,50.583],[-2.0351,50.583],[-2.0352,50.5829],[-2.0353,50.5828],[-2.0354,50.5827],[-2.0356,50.5827],[-2.0357,50.5827],[-2.0358,50.5825],[-2.0359,50.5825],[-2.036,50.5825],[-2.0363,50.5823],[-2.0364,50.5823],[-2.0365,50.5822],[-2.0366,50.5822],[-2.0367,50.5821],[-2.0368,50.5821],[-2.0367,50.5821],[-2.0368,50.582],[-2.0369,50.582],[-2.0369,50.5819],[-2.037,50.5819],[-2.0371,50.5818],[-2.0373,50.5818],[-2.0373,50.5817],[-2.0374,50.5816],[-2.0375,50.5816],[-2.0376,50.5815],[-2.0377,50.5815],[-2.0378,50.5815],[-2.0379,50.5815],[-2.0378,50.5814],[-2.0379,50.5814],[-2.0379,50.5813],[-2.0381,50.5814],[-2.0382,50.5814],[-2.0384,50.5815],[-2.0385,50.5815],[-2.0386,50.5815],[-2.0387,50.5815],[-2.0387,50.5814],[-2.0387,50.5813],[-2.0386,50.5812],[-2.0386,50.5811],[-2.0387,50.581],[-2.0388,50.5808],[-2.039,50.5807],[-2.0391,50.5807],[-2.0391,50.5806],[-2.0392,50.5806],[-2.0392,50.5805],[-2.0394,50.5802],[-2.0396,50.5801],[-2.0397,50.5801],[-2.0398,50.5802],[-2.0399,50.5801],[-2.0401,50.5801],[-2.0402,50.5801],[-2.0402,50.58],[-2.0403,50.58],[-2.0404,50.5799],[-2.0405,50.5798],[-2.0406,50.5798],[-2.0408,50.5797],[-2.0409,50.5797],[-2.041,50.5797],[-2.0415,50.5797],[-2.0416,50.5796],[-2.0416,50.5795],[-2.0417,50.5795],[-2.0419,50.5795],[-2.0419,50.5794],[-2.042,50.5793],[-2.0421,50.5793],[-2.0422,50.5793],[-2.0423,50.5793],[-2.0425,50.5792],[-2.0426,50.5792],[-2.0428,50.5791],[-2.0429,50.5791],[-2.043,50.5791],[-2.0431,50.5791],[-2.0432,50.5791],[-2.0435,50.579],[-2.0437,50.579],[-2.044,50.5789],[-2.0441,50.5789],[-2.0443,50.5789],[-2.0444,50.5789],[-2.0445,50.5789],[-2.0448,50.5788],[-2.0449,50.5788],[-2.0453,50.5787],[-2.0454,50.5787],[-2.0456,50.5787],[-2.0457,50.5787],[-2.0458,50.5786],[-2.0462,50.5785],[-2.0463,50.5785],[-2.0465,50.5786],[-2.0466,50.5786],[-2.0467,50.5786],[-2.0469,50.5786],[-2.047,50.5786],[-2.0471,50.5786],[-2.0475,50.5785],[-2.0478,50.5784],[-2.048,50.5784],[-2.0488,50.5781],[-2.0489,50.5781],[-2.0491,50.578],[-2.0492,50.578],[-2.0494,50.5779],[-2.0496,50.5777],[-2.0498,50.5777],[-2.0502,50.5779],[-2.0503,50.5778],[-2.0504,50.5778],[-2.0505,50.5778],[-2.0507,50.5777],[-2.0509,50.5778],[-2.0511,50.5777],[-2.0513,50.5776],[-2.0516,50.5776],[-2.0519,50.5776],[-2.052,50.5776],[-2.0523,50.5776],[-2.0524,50.5776],[-2.0525,50.5776],[-2.0529,50.5774],[-2.053,50.5774],[-2.0531,50.5774],[-2.0532,50.5774],[-2.0533,50.5773],[-2.0533,50.5772],[-2.0534,50.5772],[-2.0536,50.577],[-2.0538,50.5769],[-2.0539,50.5768],[-2.054,50.5768],[-2.054,50.5767],[-2.0541,50.5767],[-2.0542,50.5766],[-2.0544,50.5765],[-2.0547,50.5765],[-2.0549,50.5765],[-2.0551,50.5765],[-2.0552,50.5765],[-2.0553,50.5765],[-2.0554,50.5765],[-2.0556,50.5764],[-2.0558,50.5765],[-2.0559,50.5765],[-2.0559,50.5764],[-2.0561,50.5764],[-2.0562,50.5765],[-2.0562,50.5766],[-2.0563,50.5766],[-2.0565,50.5767],[-2.0566,50.5768],[-2.0568,50.5768],[-2.0569,50.5768],[-2.057,50.5768],[-2.0571,50.5768],[-2.0573,50.5768],[-2.0575,50.577],[-2.0577,50.577],[-2.0578,50.5772],[-2.0581,50.5774],[-2.0582,50.5775],[-2.0583,50.5775],[-2.0584,50.5775],[-2.0585,50.5777],[-2.0586,50.5777],[-2.0588,50.578],[-2.059,50.5783],[-2.0591,50.5785],[-2.0592,50.5786],[-2.0592,50.5787],[-2.0593,50.5788],[-2.0594,50.5788],[-2.0596,50.579],[-2.0596,50.5791],[-2.0597,50.5791],[-2.0597,50.5792],[-2.0598,50.5792],[-2.0598,50.5793],[-2.06,50.5793],[-2.0601,50.5794],[-2.0602,50.5795],[-2.0603,50.5796],[-2.0604,50.5797],[-2.0605,50.5798],[-2.0605,50.5799],[-2.0606,50.58],[-2.0607,50.5801],[-2.0608,50.5802],[-2.0609,50.5802],[-2.0609,50.5803],[-2.061,50.5803],[-2.061,50.5804],[-2.061,50.5805],[-2.0613,50.5806],[-2.0614,50.5806],[-2.0616,50.5807],[-2.0617,50.5808],[-2.0617,50.5809],[-2.0619,50.5811],[-2.0619,50.5812],[-2.062,50.5814],[-2.0621,50.5815],[-2.0621,50.5816],[-2.0622,50.5816],[-2.0622,50.5817],[-2.0622,50.5818],[-2.0622,50.5819],[-2.0622,50.582],[-2.0621,50.582],[-2.0621,50.5821],[-2.062,50.5821],[-2.062,50.5823],[-2.0619,50.5826],[-2.0618,50.5827],[-2.0618,50.5828],[-2.0617,50.5828],[-2.0617,50.5829],[-2.0616,50.5829],[-2.0617,50.583],[-2.0618,50.5834],[-2.0619,50.5834],[-2.0622,50.5837],[-2.0622,50.5838],[-2.0621,50.5839],[-2.0622,50.5839],[-2.0623,50.5839],[-2.0623,50.584],[-2.0623,50.5841],[-2.0623,50.5842],[-2.0624,50.5843],[-2.0624,50.5844],[-2.0624,50.5845],[-2.0624,50.5846],[-2.0624,50.5847],[-2.0625,50.5848],[-2.0626,50.5849],[-2.0626,50.585],[-2.0627,50.585],[-2.0629,50.5853],[-2.0631,50.5854],[-2.0632,50.5855],[-2.0633,50.5855],[-2.0635,50.5855],[-2.0636,50.5856],[-2.0637,50.5856],[-2.0637,50.5857],[-2.0638,50.5858],[-2.0638,50.5859],[-2.0638,50.5861],[-2.064,50.5862],[-2.064,50.5863],[-2.0639,50.5864],[-2.0638,50.5865],[-2.0638,50.5866],[-2.0638,50.5867],[-2.0639,50.5868],[-2.0639,50.5869],[-2.064,50.587],[-2.0641,50.5871],[-2.0641,50.5872],[-2.0642,50.5872],[-2.0642,50.5873],[-2.0642,50.5874],[-2.0644,50.5876],[-2.0644,50.5877],[-2.0645,50.5878],[-2.0643,50.5879],[-2.0644,50.588],[-2.0644,50.5881],[-2.0645,50.5883],[-2.0645,50.5884],[-2.0646,50.5884],[-2.0646,50.5885],[-2.0647,50.5885],[-2.0647,50.5886],[-2.0647,50.5887],[-2.0646,50.5888],[-2.0647,50.589],[-2.0646,50.589],[-2.0646,50.5891],[-2.0646,50.5892],[-2.0647,50.5892],[-2.0647,50.5893],[-2.0647,50.5894],[-2.0647,50.5895],[-2.0646,50.5895],[-2.0646,50.5896],[-2.0647,50.5897],[-2.0646,50.59],[-2.0647,50.5901],[-2.0647,50.5902],[-2.0647,50.5904],[-2.0648,50.5907],[-2.0647,50.5908],[-2.0647,50.5909],[-2.0646,50.5909],[-2.0646,50.591],[-2.0646,50.5911],[-2.0647,50.5911],[-2.0648,50.5912],[-2.0648,50.5913],[-2.0647,50.5914],[-2.0645,50.5915],[-2.0644,50.5915],[-2.0641,50.5915],[-2.0638,50.5914],[-2.0637,50.5914],[-2.0636,50.5913],[-2.0635,50.5913],[-2.0635,50.5914],[-2.0634,50.5914],[-2.0633,50.5914],[-2.0633,50.5915],[-2.0632,50.5915],[-2.0632,50.5917],[-2.0632,50.5918],[-2.0632,50.5919],[-2.0632,50.592],[-2.0632,50.5922],[-2.0632,50.5923],[-2.0632,50.5924],[-2.0631,50.5926],[-2.0632,50.5927],[-2.0632,50.5928],[-2.0633,50.5929],[-2.0634,50.593],[-2.0635,50.5931],[-2.0636,50.5931],[-2.0636,50.5932],[-2.0637,50.5933],[-2.0637,50.5934],[-2.0638,50.5934],[-2.0639,50.5934],[-2.0642,50.5936],[-2.0643,50.5936],[-2.0644,50.5936],[-2.0646,50.5937],[-2.0647,50.5937],[-2.0648,50.5937],[-2.065,50.5938],[-2.0651,50.5938],[-2.0654,50.5938],[-2.0656,50.5938],[-2.0658,50.5937],[-2.0659,50.5937],[-2.0662,50.5936],[-2.0663,50.5936],[-2.0662,50.5935],[-2.0662,50.5934],[-2.0663,50.5934],[-2.0664,50.5934],[-2.0664,50.5933],[-2.0663,50.5932],[-2.0663,50.5933],[-2.0662,50.5933],[-2.0661,50.5933],[-2.0662,50.5932],[-2.0662,50.5931],[-2.0661,50.593],[-2.0661,50.5929],[-2.0664,50.5927],[-2.0665,50.5927],[-2.0667,50.5927],[-2.0669,50.5928],[-2.067,50.5928],[-2.067,50.5927],[-2.0671,50.5927],[-2.0672,50.5926],[-2.0673,50.5926],[-2.0674,50.5925],[-2.0675,50.5925],[-2.0675,50.5924],[-2.0676,50.5924],[-2.0676,50.5923],[-2.0677,50.5923],[-2.0678,50.5922],[-2.0681,50.5922],[-2.0681,50.5921],[-2.0682,50.5921],[-2.0682,50.5922],[-2.0683,50.5921],[-2.0685,50.5921],[-2.0686,50.5921],[-2.0687,50.5921],[-2.0688,50.5921],[-2.0688,50.5922],[-2.0688,50.5923],[-2.0688,50.5924],[-2.0689,50.5924],[-2.0691,50.5924],[-2.0692,50.5924],[-2.0694,50.5924],[-2.0694,50.5925],[-2.0695,50.5925],[-2.0695,50.5924],[-2.0695,50.5923],[-2.0694,50.5923],[-2.0694,50.5922],[-2.0695,50.5922],[-2.0696,50.5923],[-2.0697,50.5924],[-2.0698,50.5924],[-2.0696,50.5925],[-2.0696,50.5926],[-2.0695,50.5926],[-2.0695,50.5927],[-2.0696,50.5927],[-2.0697,50.5927],[-2.0698,50.5926],[-2.07,50.5927],[-2.0701,50.5926],[-2.0703,50.5927],[-2.0704,50.5926],[-2.0705,50.5927],[-2.0706,50.5927],[-2.0707,50.5927],[-2.0708,50.5927],[-2.0709,50.5927],[-2.071,50.5927],[-2.0711,50.5927],[-2.0712,50.5926],[-2.0712,50.5925],[-2.0711,50.5925],[-2.071,50.5925],[-2.0709,50.5925],[-2.0709,50.5924],[-2.0712,50.5923],[-2.0714,50.5923],[-2.0716,50.5923],[-2.0717,50.5924],[-2.0718,50.5924],[-2.0719,50.5924],[-2.072,50.5924],[-2.072,50.5925],[-2.0721,50.5925],[-2.0722,50.5925],[-2.0723,50.5925],[-2.0724,50.5924],[-2.0724,50.5923],[-2.0723,50.5923],[-2.0722,50.5923],[-2.0723,50.5922],[-2.0725,50.592],[-2.0727,50.592],[-2.0731,50.5919],[-2.073,50.5919],[-2.0729,50.5919],[-2.0728,50.5919],[-2.0728,50.5918],[-2.0727,50.5919],[-2.0725,50.5919],[-2.0724,50.5919],[-2.0724,50.5918],[-2.0726,50.5917],[-2.0727,50.5917],[-2.0728,50.5916],[-2.0733,50.5917],[-2.0735,50.5918],[-2.0736,50.5918],[-2.0736,50.5919],[-2.0735,50.5919],[-2.0734,50.5919],[-2.0735,50.5919],[-2.0736,50.5919],[-2.0737,50.5919],[-2.0737,50.592],[-2.0738,50.5921],[-2.0739,50.5921],[-2.0739,50.5922],[-2.074,50.5922],[-2.074,50.5923],[-2.0741,50.5923],[-2.0741,50.5924],[-2.0741,50.5925],[-2.0742,50.5925],[-2.0743,50.5925],[-2.0744,50.5925],[-2.0745,50.5926],[-2.0746,50.5926],[-2.0747,50.5926],[-2.0748,50.5926],[-2.0749,50.5927],[-2.0749,50.5928],[-2.075,50.5929],[-2.075,50.593],[-2.075,50.5931],[-2.0751,50.5931],[-2.0752,50.593],[-2.0753,50.5931],[-2.0754,50.5931],[-2.0755,50.5932],[-2.0756,50.5932],[-2.0757,50.5933],[-2.0758,50.5933],[-2.0758,50.5934],[-2.0759,50.5934],[-2.076,50.5935],[-2.076,50.5936],[-2.0761,50.5937],[-2.0762,50.5938],[-2.0763,50.5941],[-2.0762,50.5941],[-2.0762,50.594],[-2.0761,50.5939],[-2.076,50.5939],[-2.076,50.5938],[-2.076,50.5937],[-2.0759,50.5937],[-2.0758,50.5935],[-2.0757,50.5935],[-2.0756,50.5935],[-2.0757,50.5936],[-2.0757,50.5937],[-2.0759,50.594],[-2.076,50.5941],[-2.0761,50.5943],[-2.0762,50.5944],[-2.0762,50.5945],[-2.0761,50.5945],[-2.0761,50.5946],[-2.076,50.5946],[-2.076,50.5947],[-2.0759,50.5946],[-2.0759,50.5947],[-2.0759,50.5948],[-2.0758,50.5948],[-2.0758,50.5947],[-2.0757,50.5947],[-2.0758,50.5948],[-2.0758,50.5949],[-2.0759,50.5949],[-2.0759,50.595],[-2.076,50.595],[-2.0761,50.5951],[-2.0762,50.5951],[-2.0763,50.5952],[-2.0765,50.5952],[-2.0766,50.5953],[-2.077,50.5953],[-2.077,50.5954],[-2.0774,50.5954],[-2.0777,50.5954],[-2.0782,50.5954],[-2.0783,50.5954],[-2.0786,50.5953],[-2.0787,50.5953],[-2.0788,50.5953],[-2.0789,50.5952],[-2.0791,50.5952],[-2.0792,50.5952],[-2.0797,50.5951],[-2.0798,50.5951],[-2.0799,50.595],[-2.08,50.595],[-2.0801,50.595],[-2.0802,50.5949],[-2.0803,50.5949],[-2.0806,50.5949],[-2.0806,50.5948],[-2.0808,50.5948],[-2.0809,50.5948],[-2.081,50.5948],[-2.0812,50.5948],[-2.0815,50.5948],[-2.0816,50.5947],[-2.0822,50.5947],[-2.0827,50.5947],[-2.0828,50.5947],[-2.0831,50.5947],[-2.0832,50.5947],[-2.0832,50.5946],[-2.0832,50.5945],[-2.0833,50.5946],[-2.0834,50.5947],[-2.0834,50.5948],[-2.0835,50.5948],[-2.0836,50.5948],[-2.0837,50.5948],[-2.0837,50.5947],[-2.0837,50.5946],[-2.0837,50.5945],[-2.0836,50.5945],[-2.0836,50.5944],[-2.0836,50.5943],[-2.0836,50.5942],[-2.0836,50.5941],[-2.0836,50.594],[-2.0836,50.5939],[-2.0836,50.5938],[-2.0837,50.5938],[-2.0837,50.5939],[-2.0837,50.5943],[-2.0837,50.5944],[-2.0837,50.5945],[-2.0838,50.5946],[-2.0838,50.5947],[-2.0838,50.5948],[-2.084,50.5948],[-2.0839,50.5948],[-2.0839,50.5947],[-2.0839,50.5946],[-2.0839,50.5945],[-2.084,50.5947],[-2.084,50.5948],[-2.0841,50.5948],[-2.0841,50.5949],[-2.0842,50.5949],[-2.0842,50.595],[-2.0843,50.595],[-2.085,50.5952],[-2.085,50.5951],[-2.0849,50.595],[-2.085,50.595],[-2.085,50.5951],[-2.0851,50.5952],[-2.0853,50.5953],[-2.0853,50.5951],[-2.0853,50.595],[-2.0853,50.5949],[-2.0852,50.5949],[-2.0852,50.5948],[-2.0853,50.5949],[-2.0853,50.595],[-2.0854,50.5951],[-2.0855,50.5952],[-2.0856,50.5951],[-2.0856,50.595],[-2.0857,50.595],[-2.0857,50.5952],[-2.0858,50.5953],[-2.0859,50.5954],[-2.0861,50.5955],[-2.0862,50.5956],[-2.0863,50.5956],[-2.0863,50.5955],[-2.0862,50.5954],[-2.0862,50.5953],[-2.0861,50.5952],[-2.0861,50.5951],[-2.086,50.5949],[-2.086,50.5948],[-2.0861,50.5948],[-2.0861,50.5949],[-2.0861,50.595],[-2.0862,50.595],[-2.0862,50.5951],[-2.0863,50.5953],[-2.0863,50.5954],[-2.0865,50.5955],[-2.0865,50.5956],[-2.0866,50.5957],[-2.0866,50.5956],[-2.0864,50.5954],[-2.0864,50.5953],[-2.0864,50.5952],[-2.0865,50.5954],[-2.0866,50.5955],[-2.0866,50.5956],[-2.0867,50.5956],[-2.0868,50.5957],[-2.0868,50.5958],[-2.0869,50.5958],[-2.087,50.5958],[-2.0869,50.5957],[-2.087,50.5957],[-2.0871,50.5958],[-2.0873,50.5959],[-2.0874,50.5959],[-2.0875,50.5959],[-2.0875,50.5958],[-2.0874,50.5957],[-2.0875,50.5957],[-2.0876,50.5959],[-2.0877,50.5959],[-2.0877,50.5958],[-2.0876,50.5958],[-2.0876,50.5957],[-2.0875,50.5955],[-2.0875,50.5954],[-2.0874,50.5953],[-2.0874,50.5952],[-2.0875,50.5952],[-2.0875,50.5953],[-2.0876,50.5954],[-2.0877,50.5956],[-2.0878,50.5957],[-2.088,50.5959],[-2.0879,50.5959],[-2.0878,50.5956],[-2.0878,50.5955],[-2.0878,50.5954],[-2.0877,50.5953],[-2.0877,50.5952],[-2.0877,50.5951],[-2.0876,50.5951],[-2.0876,50.595],[-2.0877,50.595],[-2.0877,50.5951],[-2.0878,50.5952],[-2.088,50.5954],[-2.088,50.5955],[-2.088,50.5956],[-2.0881,50.5958],[-2.0882,50.5959],[-2.0883,50.596],[-2.0884,50.596],[-2.0885,50.5958],[-2.0886,50.5958],[-2.0886,50.5959],[-2.0887,50.5959],[-2.0887,50.596],[-2.0888,50.5962],[-2.0889,50.5963],[-2.0892,50.5965],[-2.0894,50.5966],[-2.0895,50.5966],[-2.0895,50.5965],[-2.0893,50.5964],[-2.0892,50.5962],[-2.0891,50.5961],[-2.0891,50.596],[-2.0892,50.596],[-2.0893,50.5961],[-2.0894,50.5962],[-2.0894,50.5963],[-2.0895,50.5964],[-2.0896,50.5965],[-2.0897,50.5965],[-2.0897,50.5964],[-2.0896,50.5963],[-2.0896,50.5962],[-2.0897,50.5963],[-2.0898,50.5964],[-2.0899,50.5965],[-2.09,50.5965],[-2.09,50.5964],[-2.0899,50.5964],[-2.0899,50.5963],[-2.09,50.5964],[-2.0901,50.5964],[-2.0902,50.5965],[-2.0903,50.5965],[-2.0904,50.5967],[-2.0905,50.5967],[-2.0906,50.5968],[-2.0907,50.5968],[-2.0907,50.5967],[-2.0906,50.5966],[-2.0907,50.5966],[-2.0908,50.5968],[-2.0909,50.5968],[-2.091,50.5969],[-2.0911,50.5969],[-2.0911,50.5968],[-2.0911,50.5967],[-2.091,50.5967],[-2.0911,50.5966],[-2.0911,50.5965],[-2.0911,50.5964],[-2.091,50.5963],[-2.091,50.5962],[-2.0911,50.5963],[-2.0913,50.5965],[-2.0914,50.5966],[-2.0917,50.5969],[-2.0918,50.5969],[-2.0918,50.5968],[-2.0917,50.5968],[-2.0917,50.5967],[-2.0918,50.5967],[-2.0918,50.5966],[-2.0918,50.5967],[-2.0919,50.5967],[-2.092,50.5967],[-2.092,50.5968],[-2.0921,50.5968],[-2.0922,50.5968],[-2.0923,50.597],[-2.0925,50.5971],[-2.0927,50.5972],[-2.0927,50.5971],[-2.0926,50.5969],[-2.0925,50.5969],[-2.0926,50.5969],[-2.0927,50.597],[-2.0928,50.5972],[-2.0929,50.5972],[-2.093,50.5972],[-2.0931,50.5972],[-2.0932,50.5972],[-2.0931,50.5971],[-2.093,50.5969],[-2.0931,50.5969],[-2.0932,50.5969],[-2.0931,50.5969],[-2.0931,50.5967],[-2.093,50.5967],[-2.093,50.5966],[-2.093,50.5965],[-2.0929,50.5964],[-2.0928,50.5963],[-2.0927,50.5961],[-2.0928,50.5961],[-2.0929,50.5962],[-2.0929,50.5963],[-2.093,50.5964],[-2.0931,50.5966],[-2.0931,50.5967],[-2.0933,50.5969],[-2.0935,50.597],[-2.0935,50.5971],[-2.0936,50.5973],[-2.0938,50.5974],[-2.0938,50.5973],[-2.0937,50.5972],[-2.0936,50.5971],[-2.0937,50.5971],[-2.0937,50.597],[-2.0936,50.5969],[-2.0937,50.5969],[-2.0937,50.597],[-2.0938,50.597],[-2.0939,50.5971],[-2.094,50.5972],[-2.0942,50.5974],[-2.0943,50.5974],[-2.0946,50.5975],[-2.0947,50.5975],[-2.0947,50.5974],[-2.0946,50.5973],[-2.0946,50.5972],[-2.0945,50.597],[-2.0944,50.5968],[-2.0943,50.5968],[-2.0943,50.5967],[-2.0943,50.5966],[-2.0944,50.5967],[-2.0944,50.5968],[-2.0945,50.5969],[-2.0947,50.5971],[-2.0947,50.5972],[-2.0948,50.5972],[-2.0948,50.5973],[-2.095,50.5975],[-2.0951,50.5975],[-2.0951,50.5976],[-2.0953,50.5976],[-2.0954,50.5976],[-2.0955,50.5976],[-2.0957,50.5976],[-2.0958,50.5976],[-2.0959,50.5976],[-2.0959,50.5975],[-2.0957,50.5973],[-2.0956,50.5973],[-2.0956,50.5972],[-2.0957,50.5973],[-2.0958,50.5974],[-2.0959,50.5975],[-2.096,50.5975],[-2.096,50.5976],[-2.0961,50.5977],[-2.0962,50.5977],[-2.0963,50.5977],[-2.0966,50.5978],[-2.0966,50.5977],[-2.0965,50.5976],[-2.0966,50.5976],[-2.0966,50.5977],[-2.0968,50.5978],[-2.0968,50.5979],[-2.0969,50.5978],[-2.0969,50.5977],[-2.0968,50.5977],[-2.0968,50.5976],[-2.0968,50.5975],[-2.0967,50.5974],[-2.0966,50.5974],[-2.0966,50.5973],[-2.0964,50.5972],[-2.0964,50.5971],[-2.0964,50.597],[-2.0963,50.5969],[-2.0963,50.5968],[-2.0962,50.5966],[-2.0964,50.5968],[-2.0964,50.5969],[-2.0966,50.597],[-2.0967,50.5972],[-2.0969,50.5973],[-2.0969,50.5974],[-2.097,50.5974],[-2.097,50.5975],[-2.097,50.5976],[-2.0971,50.5976],[-2.0972,50.5977],[-2.0974,50.5978],[-2.0975,50.5979],[-2.0976,50.598],[-2.0977,50.598],[-2.0978,50.5981],[-2.0984,50.5981],[-2.0985,50.5981],[-2.0987,50.5981],[-2.0988,50.5981],[-2.0991,50.5981],[-2.0993,50.5981],[-2.0996,50.598],[-2.0997,50.598],[-2.0999,50.598],[-2.1,50.598],[-2.1001,50.598],[-2.1002,50.5979],[-2.1003,50.5979],[-2.1005,50.5979],[-2.1006,50.5978],[-2.1007,50.5978],[-2.1008,50.5978],[-2.101,50.5977],[-2.1011,50.5977],[-2.1016,50.5975],[-2.1017,50.5974],[-2.1018,50.5974],[-2.1018,50.5973],[-2.1019,50.5973],[-2.102,50.5973],[-2.1021,50.5973],[-2.1022,50.5973],[-2.1023,50.5973],[-2.1024,50.5973],[-2.1025,50.5972],[-2.1026,50.5972],[-2.1027,50.5972],[-2.1031,50.5972],[-2.1031,50.5971],[-2.1032,50.597],[-2.1034,50.5971],[-2.1035,50.5971],[-2.1035,50.597],[-2.1034,50.597],[-2.1033,50.5969],[-2.1032,50.5969],[-2.103,50.5968],[-2.103,50.5967],[-2.1029,50.5967],[-2.1031,50.5967],[-2.1033,50.5968],[-2.1035,50.5968],[-2.1036,50.5969],[-2.1037,50.5969],[-2.1038,50.597],[-2.1039,50.597],[-2.104,50.597],[-2.104,50.5969],[-2.1041,50.5969],[-2.104,50.5969],[-2.1038,50.5968],[-2.1038,50.5967],[-2.1037,50.5967],[-2.1036,50.5966],[-2.1034,50.5965],[-2.1032,50.5964],[-2.1031,50.5963],[-2.103,50.5962],[-2.1031,50.5962],[-2.1031,50.5961],[-2.103,50.5961],[-2.103,50.596],[-2.1029,50.596],[-2.1027,50.5959],[-2.1026,50.5958],[-2.1025,50.5958],[-2.1026,50.5957],[-2.1026,50.5958],[-2.1027,50.5958],[-2.1029,50.5959],[-2.1029,50.596],[-2.103,50.596],[-2.1031,50.596],[-2.1031,50.5961],[-2.1032,50.5961],[-2.1033,50.5961],[-2.1032,50.5961],[-2.1031,50.596],[-2.103,50.5959],[-2.1029,50.5959],[-2.1028,50.5958],[-2.1027,50.5958],[-2.1027,50.5957],[-2.1027,50.5956],[-2.1026,50.5956],[-2.1026,50.5955],[-2.1025,50.5955],[-2.1025,50.5954],[-2.1026,50.5954],[-2.1026,50.5955],[-2.1027,50.5955],[-2.1028,50.5956],[-2.1029,50.5956],[-2.1032,50.5958],[-2.1033,50.5958],[-2.1036,50.5959],[-2.1037,50.596],[-2.1038,50.596],[-2.1041,50.5962],[-2.1042,50.5962],[-2.1043,50.5963],[-2.1044,50.5963],[-2.1047,50.5964],[-2.1048,50.5964],[-2.1047,50.5964],[-2.1046,50.5963],[-2.1045,50.5962],[-2.1044,50.5962],[-2.1044,50.5961],[-2.1043,50.5961],[-2.1042,50.596],[-2.1042,50.5959],[-2.1041,50.5959],[-2.1041,50.5958],[-2.1041,50.5957],[-2.104,50.5957],[-2.1039,50.5956],[-2.1038,50.5956],[-2.1038,50.5955],[-2.1038,50.5956],[-2.1039,50.5956],[-2.104,50.5957],[-2.1041,50.5957],[-2.1042,50.5958],[-2.1044,50.5958],[-2.1045,50.5959],[-2.1047,50.5959],[-2.1048,50.5959],[-2.1048,50.596],[-2.1049,50.596],[-2.105,50.596],[-2.105,50.5961],[-2.105,50.5962],[-2.105,50.5963],[-2.1051,50.5964],[-2.1052,50.5964],[-2.1053,50.5965],[-2.1054,50.5965],[-2.1054,50.5966],[-2.1055,50.5966],[-2.1056,50.5967],[-2.1058,50.5968],[-2.1059,50.5968],[-2.1059,50.5967],[-2.1059,50.5966],[-2.106,50.5966],[-2.106,50.5965],[-2.1062,50.5963],[-2.1063,50.5962],[-2.1063,50.5961],[-2.1063,50.596],[-2.1064,50.596],[-2.1064,50.5961],[-2.1065,50.5961],[-2.1066,50.5962],[-2.1066,50.5963],[-2.1067,50.5963],[-2.1067,50.5964],[-2.1068,50.5964],[-2.1068,50.5965],[-2.1069,50.5966],[-2.1069,50.5967],[-2.107,50.5968],[-2.107,50.5969],[-2.1071,50.5969],[-2.1071,50.597],[-2.1072,50.597],[-2.1073,50.5971],[-2.1074,50.5972],[-2.1075,50.5973],[-2.1076,50.5974],[-2.1076,50.5973],[-2.1075,50.5973],[-2.1074,50.5971],[-2.1074,50.597],[-2.1073,50.597],[-2.1073,50.5969],[-2.1072,50.5969],[-2.1072,50.5968],[-2.1072,50.5967],[-2.1072,50.5966],[-2.1072,50.5965],[-2.1073,50.5963],[-2.1074,50.5963],[-2.1074,50.5964],[-2.1076,50.5967],[-2.1076,50.5968],[-2.1077,50.5969],[-2.1081,50.5972],[-2.1083,50.5973],[-2.1083,50.5974],[-2.1084,50.5974],[-2.1086,50.5976],[-2.1087,50.5976],[-2.1087,50.5977],[-2.1088,50.5978],[-2.1088,50.5979],[-2.1089,50.5979],[-2.1089,50.5978],[-2.1088,50.5978],[-2.1088,50.5977],[-2.1087,50.5976],[-2.1087,50.5975],[-2.1086,50.5975],[-2.1087,50.5975],[-2.1088,50.5976],[-2.1089,50.5976],[-2.1089,50.5977],[-2.109,50.5977],[-2.1091,50.5979],[-2.1092,50.5979],[-2.1093,50.598],[-2.1094,50.598],[-2.1094,50.5981],[-2.1097,50.5982],[-2.1099,50.5982],[-2.1099,50.5981],[-2.11,50.5982],[-2.1101,50.5982],[-2.1102,50.5982],[-2.1102,50.5983],[-2.1104,50.5984],[-2.1104,50.5983],[-2.1103,50.5983],[-2.1103,50.5982],[-2.1102,50.5981],[-2.1103,50.5981],[-2.1103,50.5982],[-2.1104,50.5982],[-2.1105,50.5983],[-2.1106,50.5984],[-2.1107,50.5984],[-2.1106,50.5983],[-2.1106,50.5982],[-2.1106,50.5983],[-2.1107,50.5983],[-2.1107,50.5982],[-2.1106,50.5982],[-2.1108,50.5983],[-2.1109,50.5983],[-2.1109,50.5984],[-2.1109,50.5983],[-2.1108,50.5983],[-2.1108,50.5982],[-2.1108,50.5981],[-2.1109,50.5982],[-2.111,50.5983],[-2.1111,50.5983],[-2.1111,50.5984],[-2.1112,50.5984],[-2.1114,50.5986],[-2.1115,50.5986],[-2.1116,50.5987],[-2.1117,50.5987],[-2.1117,50.5988],[-2.1118,50.5988],[-2.1119,50.5988],[-2.112,50.5988],[-2.112,50.5987],[-2.1119,50.5987],[-2.1119,50.5986],[-2.1119,50.5985],[-2.1118,50.5985],[-2.1118,50.5984],[-2.1121,50.5987],[-2.1122,50.5987],[-2.1122,50.5988],[-2.1123,50.5988],[-2.1122,50.5987],[-2.1122,50.5986],[-2.1123,50.5987],[-2.1124,50.5988],[-2.1125,50.5988],[-2.1125,50.5989],[-2.1126,50.5989],[-2.1126,50.599],[-2.1127,50.599],[-2.1128,50.599],[-2.1129,50.599],[-2.1129,50.5989],[-2.113,50.599],[-2.1131,50.5991],[-2.1132,50.5991],[-2.1133,50.5991],[-2.1133,50.5992],[-2.1134,50.5992],[-2.1134,50.5991],[-2.1135,50.5991],[-2.1136,50.5992],[-2.1137,50.5992],[-2.1137,50.5991],[-2.1138,50.5991],[-2.1137,50.599],[-2.1138,50.599],[-2.1138,50.5989],[-2.114,50.5989],[-2.1141,50.599],[-2.1141,50.5989],[-2.1144,50.599],[-2.1145,50.599],[-2.1147,50.5991],[-2.1148,50.5991],[-2.1149,50.5991],[-2.1148,50.599],[-2.1146,50.5988],[-2.1145,50.5987],[-2.1144,50.5986],[-2.1143,50.5985],[-2.1144,50.5985],[-2.1145,50.5986],[-2.1146,50.5987],[-2.1147,50.5987],[-2.1148,50.5988],[-2.1149,50.599],[-2.115,50.5991],[-2.1151,50.5992],[-2.1152,50.5992],[-2.1152,50.5991],[-2.1152,50.599],[-2.1153,50.5991],[-2.1154,50.5992],[-2.1155,50.5993],[-2.1156,50.5993],[-2.1155,50.5993],[-2.1155,50.5992],[-2.1156,50.5992],[-2.1156,50.5993],[-2.1157,50.5993],[-2.1159,50.5992],[-2.116,50.5992],[-2.116,50.5993],[-2.1161,50.5994],[-2.1162,50.5995],[-2.1162,50.5996],[-2.1162,50.5997],[-2.1161,50.5997],[-2.1161,50.5998],[-2.1164,50.5999],[-2.1165,50.5998],[-2.1167,50.5998],[-2.1168,50.5999],[-2.1168,50.6],[-2.117,50.5999],[-2.1171,50.5999],[-2.1171,50.6],[-2.1171,50.6001],[-2.1172,50.6001],[-2.1172,50.6],[-2.1173,50.6],[-2.1173,50.6001],[-2.1174,50.6],[-2.1174,50.6001],[-2.1175,50.6002],[-2.1176,50.6002],[-2.1177,50.6003],[-2.1179,50.6003],[-2.118,50.6003],[-2.118,50.6002],[-2.118,50.6001],[-2.1181,50.6002],[-2.1181,50.6003],[-2.1181,50.6004],[-2.1182,50.6004],[-2.1182,50.6003],[-2.1182,50.6002],[-2.1183,50.6002],[-2.1183,50.6003],[-2.1184,50.6003],[-2.1185,50.6005],[-2.1186,50.6006],[-2.1186,50.6007],[-2.1186,50.6008],[-2.1187,50.6008],[-2.1188,50.6008],[-2.1188,50.6009],[-2.1188,50.6011],[-2.1187,50.601],[-2.1187,50.6011],[-2.1188,50.6011],[-2.1189,50.6012],[-2.119,50.6012],[-2.119,50.6013],[-2.1191,50.6013],[-2.1191,50.6014],[-2.1192,50.6015],[-2.1194,50.6016],[-2.1197,50.6018],[-2.1199,50.6019],[-2.12,50.602],[-2.1201,50.602],[-2.1205,50.6022],[-2.1206,50.6023],[-2.1211,50.6024],[-2.1212,50.6025],[-2.1213,50.6025],[-2.1214,50.6026],[-2.1216,50.6027],[-2.1216,50.6026],[-2.1215,50.6025],[-2.1216,50.6025],[-2.1217,50.6025],[-2.1219,50.6025],[-2.122,50.6025],[-2.1221,50.6025],[-2.1221,50.6024],[-2.122,50.6023],[-2.1221,50.6023],[-2.1221,50.6024],[-2.1222,50.6025],[-2.1223,50.6025],[-2.1223,50.6026],[-2.1224,50.6026],[-2.1224,50.6027],[-2.1224,50.6026],[-2.1224,50.6025],[-2.1224,50.6024],[-2.1225,50.6024],[-2.1225,50.6025],[-2.1226,50.6026],[-2.1226,50.6027],[-2.1227,50.6027],[-2.1227,50.6028],[-2.1227,50.6029],[-2.1228,50.6029],[-2.1228,50.6028],[-2.1228,50.6027],[-2.1229,50.6028],[-2.123,50.6028],[-2.123,50.6029],[-2.123,50.6031],[-2.1231,50.6031],[-2.1232,50.6031],[-2.1233,50.6032],[-2.1233,50.6031],[-2.1233,50.6029],[-2.1233,50.6028],[-2.1232,50.6028],[-2.1232,50.6026],[-2.1232,50.6025],[-2.1233,50.6025],[-2.1234,50.6028],[-2.1234,50.6029],[-2.1234,50.6031],[-2.1235,50.6031],[-2.1235,50.6032],[-2.1235,50.6033],[-2.1241,50.6034],[-2.1242,50.6032],[-2.1243,50.6031],[-2.1243,50.603],[-2.1242,50.6029],[-2.1243,50.6029],[-2.1244,50.603],[-2.1245,50.603],[-2.1246,50.6031],[-2.1246,50.6032],[-2.1246,50.6033],[-2.1246,50.6034],[-2.1247,50.6034],[-2.1247,50.6033],[-2.1247,50.6032],[-2.1247,50.603],[-2.1248,50.6028],[-2.1248,50.6029],[-2.1249,50.6029],[-2.1249,50.603],[-2.1249,50.6032],[-2.125,50.6033],[-2.125,50.6034],[-2.125,50.6035],[-2.1251,50.6034],[-2.125,50.6034],[-2.125,50.6033],[-2.125,50.603],[-2.1251,50.603],[-2.1251,50.6029],[-2.1252,50.603],[-2.1252,50.6031],[-2.1253,50.6032],[-2.1253,50.6033],[-2.1253,50.6034],[-2.1253,50.6033],[-2.1254,50.6033],[-2.1254,50.6034],[-2.1254,50.6033],[-2.1254,50.6031],[-2.1255,50.6031],[-2.1255,50.6034],[-2.1255,50.6035],[-2.1256,50.6035],[-2.1256,50.6034],[-2.1256,50.6033],[-2.1256,50.6032],[-2.1256,50.6031],[-2.1256,50.6028],[-2.1256,50.6027],[-2.1257,50.6027],[-2.1257,50.6028],[-2.1258,50.6032],[-2.1258,50.6033],[-2.1259,50.6034],[-2.1259,50.6035],[-2.126,50.6036],[-2.126,50.6037],[-2.1261,50.6037],[-2.1262,50.6037],[-2.1262,50.6036],[-2.1262,50.6035],[-2.1263,50.6034],[-2.1263,50.6035],[-2.1263,50.6036],[-2.1264,50.6036],[-2.1264,50.6035],[-2.1265,50.6035],[-2.1265,50.6036],[-2.1265,50.6037],[-2.1265,50.6038],[-2.1266,50.6038],[-2.1267,50.6038],[-2.1267,50.6037],[-2.1268,50.6036],[-2.1269,50.6037],[-2.1268,50.6037],[-2.1268,50.6038],[-2.1269,50.6038],[-2.127,50.6038],[-2.1271,50.6037],[-2.1271,50.6038],[-2.1272,50.6038],[-2.1272,50.6039],[-2.1273,50.6039],[-2.1273,50.6038],[-2.1274,50.6038],[-2.1274,50.6039],[-2.1276,50.6039],[-2.1277,50.6039],[-2.1277,50.604],[-2.1277,50.6041],[-2.1278,50.6041],[-2.1277,50.6041],[-2.1278,50.6042],[-2.1279,50.6042],[-2.128,50.6043],[-2.1281,50.6043],[-2.1282,50.6043],[-2.1282,50.6044],[-2.1283,50.6044],[-2.1284,50.6045],[-2.1284,50.6046],[-2.1285,50.6046],[-2.1286,50.6047],[-2.1287,50.6047],[-2.1289,50.6048],[-2.1291,50.605],[-2.1292,50.6049],[-2.1293,50.6049],[-2.1293,50.605],[-2.1293,50.6051],[-2.1294,50.6052],[-2.1296,50.6053],[-2.1297,50.6053],[-2.1297,50.6054],[-2.1298,50.6053],[-2.1299,50.6053],[-2.1299,50.6054],[-2.13,50.6053],[-2.13,50.6054],[-2.1301,50.6054],[-2.1301,50.6055],[-2.1301,50.6056],[-2.1301,50.6057],[-2.13,50.6059],[-2.1301,50.606],[-2.1302,50.6061],[-2.1302,50.6062],[-2.1303,50.6062],[-2.1304,50.6062],[-2.1304,50.6063],[-2.1304,50.6064],[-2.1306,50.6063],[-2.1307,50.6062],[-2.1307,50.6063],[-2.1307,50.6064],[-2.1307,50.6066],[-2.1308,50.6066],[-2.1308,50.6065],[-2.1309,50.6065],[-2.1309,50.6064],[-2.1309,50.6065],[-2.1309,50.6067],[-2.1308,50.6068],[-2.1309,50.6068],[-2.131,50.6068],[-2.1311,50.6067],[-2.1311,50.6066],[-2.1312,50.6066],[-2.1312,50.6065],[-2.1312,50.6066],[-2.1312,50.6067],[-2.1311,50.6067],[-2.1311,50.6068],[-2.131,50.6069],[-2.131,50.6071],[-2.1312,50.6073],[-2.1315,50.6075],[-2.1316,50.6075],[-2.1317,50.6075],[-2.1319,50.6074],[-2.1319,50.6076],[-2.1318,50.6076],[-2.1317,50.6077],[-2.1318,50.6078],[-2.1318,50.6079],[-2.1319,50.608],[-2.1318,50.6082],[-2.1315,50.6084],[-2.1314,50.6084],[-2.1313,50.6085],[-2.131,50.6086],[-2.1309,50.6087],[-2.1308,50.6087],[-2.1307,50.6089],[-2.1306,50.6091],[-2.1304,50.6092],[-2.1301,50.609],[-2.1297,50.6093],[-2.1294,50.6096],[-2.1295,50.6097],[-2.1295,50.6099],[-2.1297,50.6101],[-2.1302,50.6102],[-2.13,50.6104],[-2.13,50.6105],[-2.1304,50.6108],[-2.1306,50.6109],[-2.1307,50.611],[-2.1312,50.6112],[-2.1317,50.6115],[-2.1319,50.6116],[-2.1321,50.6115],[-2.1325,50.6112],[-2.1325,50.6113],[-2.1322,50.6115],[-2.1322,50.6116],[-2.1326,50.6116],[-2.1331,50.6113],[-2.133,50.6115],[-2.1326,50.6119],[-2.1327,50.6119],[-2.1329,50.6118],[-2.1329,50.612],[-2.1331,50.6118],[-2.1332,50.6119],[-2.133,50.6121],[-2.1334,50.6123],[-2.1339,50.6124],[-2.1341,50.6124],[-2.1342,50.6125],[-2.1345,50.6124],[-2.1345,50.6125],[-2.1349,50.6123],[-2.1354,50.6121],[-2.1364,50.6118],[-2.1372,50.6117],[-2.1375,50.6118],[-2.1378,50.6118],[-2.1378,50.6116],[-2.1379,50.6114],[-2.1379,50.6113],[-2.1381,50.6113],[-2.1383,50.6109],[-2.1383,50.6108],[-2.1385,50.6108],[-2.1384,50.6107],[-2.1387,50.6105],[-2.1386,50.6103],[-2.1389,50.6104],[-2.139,50.6102],[-2.1387,50.6101],[-2.1386,50.6101],[-2.139,50.61],[-2.1393,50.6099],[-2.14,50.6099],[-2.1401,50.6099],[-2.1407,50.61],[-2.1411,50.61],[-2.1419,50.61],[-2.1422,50.6101],[-2.1425,50.6103],[-2.1426,50.6105],[-2.1428,50.6104],[-2.1428,50.6106],[-2.143,50.6107],[-2.1434,50.6106],[-2.1435,50.6106],[-2.1434,50.6104],[-2.1437,50.6103],[-2.1438,50.6102],[-2.1437,50.61],[-2.1439,50.61],[-2.1439,50.6098],[-2.1441,50.6099],[-2.1443,50.6096],[-2.1444,50.6095],[-2.1444,50.6093],[-2.1445,50.6092],[-2.1446,50.6092],[-2.1447,50.6092],[-2.1448,50.6091],[-2.1452,50.6088],[-2.1454,50.6087],[-2.1456,50.6085],[-2.1457,50.6082],[-2.1456,50.608],[-2.1455,50.6079],[-2.1456,50.6078],[-2.1464,50.6079],[-2.1465,50.6079],[-2.1466,50.6079],[-2.1468,50.6079],[-2.1469,50.6078],[-2.1468,50.6077],[-2.1476,50.6077],[-2.1477,50.6077],[-2.1477,50.608],[-2.1476,50.6082],[-2.1474,50.6084],[-2.1471,50.6085],[-2.1471,50.6086],[-2.1471,50.6087],[-2.1471,50.6088],[-2.1471,50.6089],[-2.1471,50.609],[-2.1471,50.6091],[-2.1471,50.6092],[-2.1472,50.6093],[-2.1472,50.6094],[-2.1472,50.6095],[-2.1472,50.6096],[-2.1471,50.6097],[-2.1471,50.6098],[-2.1472,50.6099],[-2.1472,50.61],[-2.1472,50.6101],[-2.1471,50.6101],[-2.1471,50.6102],[-2.1472,50.6102],[-2.1474,50.6105],[-2.1475,50.6106],[-2.1476,50.6106],[-2.1477,50.6107],[-2.1479,50.6107],[-2.148,50.6107],[-2.148,50.6108],[-2.1481,50.6108],[-2.1482,50.6108],[-2.1483,50.6109],[-2.1485,50.6108],[-2.1487,50.6108],[-2.1488,50.6108],[-2.1488,50.6107],[-2.1488,50.6108],[-2.1489,50.6108],[-2.1489,50.6109],[-2.149,50.611],[-2.1492,50.611],[-2.1491,50.6111],[-2.1492,50.6111],[-2.1493,50.6111],[-2.1494,50.6111],[-2.1495,50.6111],[-2.1496,50.6111],[-2.1497,50.6111],[-2.1497,50.611],[-2.1499,50.611],[-2.15,50.6109],[-2.15,50.611],[-2.1499,50.6111],[-2.15,50.6111],[-2.1501,50.6111],[-2.1502,50.6111],[-2.1503,50.6111],[-2.1504,50.6111],[-2.1505,50.6111],[-2.1507,50.6111],[-2.1509,50.611],[-2.1511,50.6109],[-2.1512,50.6109],[-2.1511,50.611],[-2.151,50.6111],[-2.1509,50.6111],[-2.151,50.6111],[-2.1511,50.6111],[-2.1512,50.6111],[-2.1514,50.611],[-2.1515,50.611],[-2.1516,50.611],[-2.1518,50.611],[-2.1519,50.611],[-2.1521,50.611],[-2.1522,50.611],[-2.1523,50.611],[-2.1524,50.611],[-2.1525,50.611],[-2.1526,50.6109],[-2.1527,50.6109],[-2.1528,50.6108],[-2.1527,50.6108],[-2.1528,50.6108],[-2.1529,50.6108],[-2.1531,50.6108],[-2.1534,50.6107],[-2.1535,50.6107],[-2.1535,50.6106],[-2.1536,50.6106],[-2.1537,50.6106],[-2.1538,50.6106],[-2.1539,50.6106],[-2.1537,50.6106],[-2.1536,50.6107],[-2.1535,50.6107],[-2.1532,50.6108],[-2.1531,50.6108],[-2.1531,50.6109],[-2.1531,50.611],[-2.153,50.611],[-2.1529,50.6111],[-2.1527,50.6111],[-2.1526,50.6111],[-2.1525,50.6112],[-2.1523,50.6113],[-2.1521,50.6114],[-2.152,50.6114],[-2.1522,50.6114],[-2.1523,50.6113],[-2.1524,50.6113],[-2.1525,50.6113],[-2.1525,50.6114],[-2.1524,50.6114],[-2.1523,50.6114],[-2.152,50.6116],[-2.1519,50.6116],[-2.1523,50.6115],[-2.1524,50.6115],[-2.1527,50.6115],[-2.1528,50.6115],[-2.1529,50.6115],[-2.153,50.6115],[-2.153,50.6116],[-2.1529,50.6116],[-2.1528,50.6116],[-2.1525,50.6118],[-2.1524,50.6119],[-2.1522,50.6119],[-2.1522,50.612],[-2.1524,50.6119],[-2.1525,50.6119],[-2.1526,50.6118],[-2.1527,50.6118],[-2.1524,50.6119],[-2.1523,50.612],[-2.1522,50.612],[-2.1523,50.612],[-2.1524,50.612],[-2.1524,50.6121],[-2.1523,50.6121],[-2.1525,50.6121],[-2.1526,50.6121],[-2.1527,50.612],[-2.1529,50.612],[-2.1528,50.6121],[-2.1527,50.6121],[-2.1526,50.6121],[-2.1526,50.6122],[-2.1528,50.6121],[-2.1529,50.6121],[-2.153,50.612],[-2.1531,50.612],[-2.1528,50.6122],[-2.1527,50.6122],[-2.1526,50.6122],[-2.1526,50.6123],[-2.1527,50.6123],[-2.1528,50.6122],[-2.1529,50.6122],[-2.153,50.6122],[-2.1529,50.6122],[-2.1528,50.6123],[-2.1529,50.6123],[-2.153,50.6122],[-2.1531,50.6122],[-2.153,50.6122],[-2.1529,50.6123],[-2.153,50.6123],[-2.153,50.6124],[-2.1529,50.6124],[-2.1529,50.6125],[-2.153,50.6125],[-2.1529,50.6125],[-2.1529,50.6126],[-2.153,50.6126],[-2.153,50.6127],[-2.1533,50.6127],[-2.1534,50.6127],[-2.1533,50.6127],[-2.1534,50.6127],[-2.1535,50.6127],[-2.1535,50.6128],[-2.1534,50.6128],[-2.1533,50.6128],[-2.1534,50.6128],[-2.1534,50.6129],[-2.1535,50.6129],[-2.1534,50.6129],[-2.1533,50.6129],[-2.1532,50.6129],[-2.1533,50.6129],[-2.1532,50.6129],[-2.1533,50.613],[-2.1535,50.6132],[-2.1536,50.6132],[-2.1539,50.6132],[-2.154,50.6132],[-2.1538,50.6133],[-2.1539,50.6133],[-2.154,50.6133],[-2.1541,50.6133],[-2.1539,50.6134],[-2.1538,50.6134],[-2.1539,50.6135],[-2.154,50.6135],[-2.1541,50.6136],[-2.1545,50.6138],[-2.1545,50.6139],[-2.1548,50.6139],[-2.1549,50.6139],[-2.1552,50.6139],[-2.1552,50.614],[-2.1551,50.614],[-2.1549,50.614],[-2.1555,50.6144],[-2.1557,50.6145],[-2.1558,50.6145],[-2.1559,50.6146],[-2.156,50.6146],[-2.1562,50.6147],[-2.1563,50.6146],[-2.1566,50.6146],[-2.1567,50.6146],[-2.1568,50.6146],[-2.1569,50.6146],[-2.157,50.6146],[-2.1567,50.6146],[-2.1566,50.6146],[-2.1565,50.6147],[-2.1564,50.6147],[-2.1565,50.6147],[-2.1568,50.6147],[-2.1568,50.6146],[-2.1572,50.6147],[-2.1572,50.6148],[-2.1571,50.6149],[-2.1572,50.6149],[-2.1573,50.6149],[-2.1575,50.6149],[-2.1576,50.6149],[-2.1577,50.6149],[-2.1576,50.6149],[-2.1575,50.6149],[-2.1574,50.6149],[-2.1573,50.615],[-2.1574,50.615],[-2.1582,50.6149],[-2.1583,50.6149],[-2.1586,50.6149],[-2.1585,50.6149],[-2.1583,50.6149],[-2.1581,50.615],[-2.1578,50.615],[-2.1577,50.615],[-2.1576,50.615],[-2.1576,50.6151],[-2.1577,50.6151],[-2.1578,50.6151],[-2.1581,50.615],[-2.1582,50.615],[-2.158,50.6151],[-2.1579,50.6151],[-2.1578,50.6151],[-2.1581,50.6151],[-2.1583,50.6151],[-2.1584,50.6151],[-2.1583,50.6151],[-2.1582,50.6151],[-2.1581,50.6151],[-2.158,50.6152],[-2.1582,50.6152],[-2.1585,50.6152],[-2.1586,50.6152],[-2.1587,50.6152],[-2.1589,50.6151],[-2.159,50.6151],[-2.1591,50.6151],[-2.1592,50.6151],[-2.1593,50.6152],[-2.1594,50.6152],[-2.1596,50.6151],[-2.1597,50.6151],[-2.1598,50.6151],[-2.1598,50.615],[-2.1599,50.615],[-2.16,50.615],[-2.1601,50.615],[-2.1602,50.615],[-2.1603,50.615],[-2.1604,50.615],[-2.1605,50.615],[-2.1608,50.615],[-2.161,50.6149],[-2.1611,50.6149],[-2.1612,50.6149],[-2.1614,50.6148],[-2.1615,50.6148],[-2.1616,50.6148],[-2.1617,50.6149],[-2.1618,50.6149],[-2.1621,50.6149],[-2.1622,50.6149],[-2.1622,50.6148],[-2.1623,50.6148],[-2.1623,50.6147],[-2.1624,50.6147],[-2.1625,50.6147],[-2.1628,50.6146],[-2.1629,50.6145],[-2.163,50.6145],[-2.1631,50.6145],[-2.1633,50.6145],[-2.1634,50.6145],[-2.1635,50.6145],[-2.1635,50.6146],[-2.1636,50.6146],[-2.1638,50.6146],[-2.1638,50.6147],[-2.1637,50.6147],[-2.1638,50.6147],[-2.1639,50.6147],[-2.164,50.6147],[-2.1641,50.6147],[-2.1642,50.6148],[-2.1643,50.6147],[-2.1644,50.6147],[-2.1646,50.6147],[-2.1646,50.6146],[-2.1647,50.6146],[-2.1647,50.6145],[-2.1648,50.6145],[-2.1649,50.6145],[-2.1651,50.6145],[-2.1652,50.6145],[-2.1653,50.6146],[-2.1654,50.6146],[-2.1654,50.6147],[-2.1655,50.6147],[-2.1656,50.6147],[-2.1657,50.6147],[-2.1659,50.6147],[-2.1661,50.6146],[-2.1662,50.6145],[-2.1663,50.6145],[-2.1664,50.6145],[-2.1665,50.6145],[-2.1665,50.6144],[-2.1665,50.6143],[-2.1666,50.6143],[-2.1667,50.6143],[-2.1674,50.6141],[-2.1675,50.6141],[-2.1677,50.6142],[-2.1678,50.6142],[-2.1679,50.6142],[-2.168,50.6142],[-2.1681,50.6141],[-2.168,50.6141],[-2.168,50.614],[-2.1681,50.614],[-2.1682,50.614],[-2.1683,50.614],[-2.1686,50.6139],[-2.1687,50.6139],[-2.169,50.6139],[-2.1691,50.6138],[-2.1692,50.6138],[-2.1693,50.6139],[-2.1694,50.6139],[-2.1695,50.6139],[-2.1695,50.6138],[-2.1696,50.6138],[-2.1697,50.6138],[-2.1698,50.6137],[-2.17,50.6137],[-2.1701,50.6137],[-2.1702,50.6137],[-2.1703,50.6138],[-2.1704,50.6138],[-2.1705,50.6138],[-2.1706,50.6138],[-2.1707,50.6138],[-2.1709,50.6138],[-2.1709,50.6139],[-2.1709,50.614],[-2.1709,50.6141],[-2.171,50.6141],[-2.1711,50.6141],[-2.1711,50.6142],[-2.1711,50.6143],[-2.1712,50.6143],[-2.1713,50.6143],[-2.1714,50.6143],[-2.1715,50.6142],[-2.1716,50.6142],[-2.1719,50.6143],[-2.1722,50.6142],[-2.1723,50.6142],[-2.1724,50.6142],[-2.1725,50.6142],[-2.1726,50.6142],[-2.1727,50.6142],[-2.1727,50.6143],[-2.1728,50.6143],[-2.1729,50.6143],[-2.173,50.6143],[-2.1731,50.6143],[-2.1733,50.6142],[-2.1734,50.6143],[-2.1737,50.6143],[-2.1737,50.6144],[-2.1736,50.6144],[-2.1735,50.6144],[-2.1735,50.6145],[-2.1736,50.6145],[-2.1736,50.6146],[-2.1736,50.6147],[-2.1738,50.6147],[-2.1739,50.6147],[-2.174,50.6146],[-2.1744,50.6145],[-2.1745,50.6145],[-2.1745,50.6146],[-2.1746,50.6146],[-2.1747,50.6146],[-2.1748,50.6146],[-2.1749,50.6146],[-2.175,50.6146],[-2.1751,50.6146],[-2.1753,50.6146],[-2.1754,50.6146],[-2.1755,50.6146],[-2.1756,50.6146],[-2.1757,50.6146],[-2.1758,50.6145],[-2.1758,50.6146],[-2.176,50.6146],[-2.1762,50.6146],[-2.1763,50.6146],[-2.1765,50.6146],[-2.1766,50.6146],[-2.1767,50.6145],[-2.1768,50.6146],[-2.1769,50.6146],[-2.1768,50.6145],[-2.1768,50.6144],[-2.177,50.6144],[-2.1771,50.6145],[-2.1772,50.6145],[-2.1774,50.6144],[-2.1774,50.6145],[-2.1775,50.6145],[-2.1776,50.6145],[-2.1777,50.6145],[-2.1778,50.6145],[-2.1779,50.6145],[-2.178,50.6145],[-2.1781,50.6145],[-2.1782,50.6145],[-2.1783,50.6145],[-2.1784,50.6145],[-2.1784,50.6146],[-2.1785,50.6146],[-2.1786,50.6145],[-2.1787,50.6146],[-2.1788,50.6146],[-2.1789,50.6146],[-2.179,50.6146],[-2.1794,50.6146],[-2.1795,50.6147],[-2.1796,50.6147],[-2.1799,50.6148],[-2.1801,50.6148],[-2.1802,50.6148],[-2.1802,50.6149],[-2.1804,50.6149],[-2.1806,50.615],[-2.1807,50.615],[-2.1812,50.6151],[-2.1813,50.6151],[-2.1815,50.6152],[-2.1818,50.6152],[-2.1819,50.6152],[-2.182,50.6152],[-2.1821,50.6153],[-2.1822,50.6152],[-2.1822,50.6153],[-2.1823,50.6153],[-2.1822,50.6154],[-2.1823,50.6154],[-2.1824,50.6154],[-2.1826,50.6154],[-2.1827,50.6154],[-2.1828,50.6154],[-2.1829,50.6154],[-2.183,50.6155],[-2.1831,50.6155],[-2.1831,50.6156],[-2.1832,50.6157],[-2.1833,50.6158],[-2.1835,50.6158],[-2.1836,50.6159],[-2.1836,50.6158],[-2.1837,50.6158],[-2.1838,50.6158],[-2.1839,50.6157],[-2.184,50.6157],[-2.1841,50.6158],[-2.1843,50.6157],[-2.1843,50.6156],[-2.1842,50.6156],[-2.1841,50.6157],[-2.1841,50.6156],[-2.1842,50.6156],[-2.1842,50.6155],[-2.1843,50.6154],[-2.1843,50.6153],[-2.1846,50.6152],[-2.1847,50.6152],[-2.1848,50.6151],[-2.1852,50.615],[-2.1853,50.615],[-2.1855,50.615],[-2.1856,50.6149],[-2.1857,50.6149],[-2.1858,50.6149],[-2.1859,50.615],[-2.1861,50.6149],[-2.1862,50.6149],[-2.1863,50.6149],[-2.1864,50.6149],[-2.1866,50.6149],[-2.1867,50.6148],[-2.1868,50.6148],[-2.1871,50.6148],[-2.1876,50.6149],[-2.1877,50.6149],[-2.1878,50.6149],[-2.1876,50.615],[-2.1875,50.615],[-2.1868,50.6151],[-2.1868,50.6152],[-2.1868,50.6153],[-2.1869,50.6154],[-2.1868,50.6154],[-2.1869,50.6154],[-2.187,50.6154],[-2.1871,50.6154],[-2.1869,50.6155],[-2.1868,50.6155],[-2.1868,50.6158],[-2.1868,50.6159],[-2.1867,50.6159],[-2.1866,50.6161],[-2.1866,50.6162],[-2.1866,50.6163],[-2.1863,50.6163],[-2.1862,50.6164],[-2.1861,50.6165],[-2.1856,50.6167],[-2.1855,50.6167],[-2.1855,50.6168],[-2.1854,50.6168],[-2.1853,50.6168],[-2.1852,50.6168],[-2.1851,50.6168],[-2.185,50.6167],[-2.1849,50.6168],[-2.1848,50.6169],[-2.1848,50.617],[-2.1847,50.6173],[-2.1847,50.6175],[-2.1847,50.6176],[-2.1848,50.6177],[-2.1848,50.6179],[-2.1849,50.6181],[-2.185,50.6183],[-2.1851,50.6184],[-2.1852,50.6185],[-2.1853,50.6185],[-2.1854,50.6186],[-2.1854,50.6187],[-2.1855,50.6187],[-2.1856,50.6188],[-2.1857,50.6189],[-2.1859,50.6189],[-2.1859,50.619],[-2.1861,50.6191],[-2.1866,50.6194],[-2.1867,50.6194],[-2.1868,50.6195],[-2.1869,50.6195],[-2.187,50.6196],[-2.1872,50.6197],[-2.1876,50.6199],[-2.1885,50.6202],[-2.1893,50.6205],[-2.1897,50.6206],[-2.1901,50.6207],[-2.1908,50.6209],[-2.1911,50.621],[-2.1913,50.6211],[-2.1915,50.6212],[-2.1919,50.6213],[-2.1922,50.6214],[-2.1924,50.6214],[-2.193,50.6215],[-2.1931,50.6216],[-2.1932,50.6216],[-2.1933,50.6216],[-2.1934,50.6216],[-2.1935,50.6217],[-2.1938,50.6218],[-2.1945,50.622],[-2.1946,50.622],[-2.1957,50.6223],[-2.196,50.6224],[-2.1961,50.6224],[-2.1962,50.6224],[-2.1963,50.6224],[-2.1964,50.6225],[-2.1965,50.6225],[-2.1975,50.6227],[-2.1981,50.6227],[-2.1984,50.6228],[-2.1987,50.6228],[-2.1992,50.6228],[-2.1996,50.6226],[-2.1998,50.6226],[-2.1997,50.6226],[-2.1996,50.6227],[-2.1997,50.6227],[-2.1999,50.6226],[-2.2,50.6226],[-2.2,50.6225],[-2.2002,50.6225],[-2.2005,50.6224],[-2.2006,50.6225],[-2.2007,50.6225],[-2.2008,50.6225],[-2.2009,50.6224],[-2.201,50.6224],[-2.2011,50.6224],[-2.2012,50.6223],[-2.2014,50.6223],[-2.2015,50.6222],[-2.2019,50.6221],[-2.2022,50.6221],[-2.2023,50.6221],[-2.2024,50.6221],[-2.2025,50.6221],[-2.2025,50.622],[-2.2027,50.622],[-2.2028,50.6219],[-2.2029,50.6219],[-2.203,50.6219],[-2.2031,50.6218],[-2.2032,50.6218],[-2.2035,50.6217],[-2.2038,50.6217],[-2.2037,50.6217],[-2.204,50.6215],[-2.2042,50.6215],[-2.2042,50.6216],[-2.2041,50.6216],[-2.2041,50.6217],[-2.2042,50.6217],[-2.2043,50.6217],[-2.2044,50.6217],[-2.2045,50.6216],[-2.2046,50.6216],[-2.2047,50.6216],[-2.2047,50.6215],[-2.2048,50.6215],[-2.2048,50.6216],[-2.2047,50.6217],[-2.2048,50.6217],[-2.2048,50.6218],[-2.2047,50.6218],[-2.2047,50.6219],[-2.2049,50.622],[-2.2052,50.6221],[-2.2053,50.6221],[-2.2054,50.6221],[-2.2055,50.6221],[-2.2057,50.6222],[-2.2059,50.6222],[-2.2061,50.6222],[-2.2063,50.6222],[-2.2064,50.6222],[-2.2065,50.6222],[-2.2067,50.6222],[-2.2068,50.6223],[-2.2069,50.6223],[-2.207,50.6222],[-2.2071,50.6222],[-2.2074,50.6222],[-2.2075,50.6222],[-2.2077,50.6222],[-2.2079,50.6221],[-2.208,50.6221],[-2.2081,50.6221],[-2.2083,50.622],[-2.2084,50.622],[-2.2085,50.622],[-2.2087,50.6219],[-2.2087,50.6218],[-2.2088,50.6218],[-2.2088,50.6217],[-2.2089,50.6216],[-2.209,50.6215],[-2.2091,50.6213],[-2.2093,50.6212],[-2.2094,50.6212],[-2.2095,50.6212],[-2.2096,50.6212],[-2.2096,50.6211],[-2.2097,50.6211],[-2.2098,50.6211],[-2.21,50.621],[-2.2101,50.6211],[-2.2102,50.6211],[-2.2103,50.6211],[-2.2106,50.621],[-2.2107,50.621],[-2.211,50.621],[-2.2111,50.621],[-2.2112,50.621],[-2.2113,50.621],[-2.2114,50.621],[-2.2118,50.6209],[-2.2119,50.6209],[-2.212,50.6209],[-2.2121,50.6209],[-2.2123,50.6209],[-2.2123,50.6208],[-2.2124,50.6208],[-2.2125,50.6208],[-2.2126,50.6207],[-2.2127,50.6207],[-2.2128,50.6207],[-2.2129,50.6207],[-2.213,50.6206],[-2.2131,50.6206],[-2.2132,50.6206],[-2.2133,50.6206],[-2.2134,50.6206],[-2.2138,50.6206],[-2.2139,50.6207],[-2.2141,50.6206],[-2.2142,50.6206],[-2.2143,50.6206],[-2.2144,50.6206],[-2.2146,50.6206],[-2.2148,50.6206],[-2.2149,50.6206],[-2.215,50.6206],[-2.2152,50.6206],[-2.2153,50.6206],[-2.2155,50.6206],[-2.2159,50.6206],[-2.216,50.6206],[-2.2161,50.6206],[-2.2162,50.6206],[-2.2163,50.6206],[-2.2164,50.6206],[-2.2165,50.6206],[-2.2167,50.6206],[-2.2169,50.6205],[-2.217,50.6205],[-2.2171,50.6205],[-2.2172,50.6205],[-2.2172,50.6204],[-2.2173,50.6203],[-2.2174,50.6203],[-2.2175,50.6203],[-2.2174,50.6203],[-2.2173,50.6202],[-2.2174,50.6202],[-2.2175,50.6202],[-2.2176,50.6202],[-2.2178,50.6202],[-2.2179,50.6203],[-2.2179,50.6204],[-2.218,50.6204],[-2.2181,50.6204],[-2.2183,50.6203],[-2.2184,50.6203],[-2.2187,50.6203],[-2.2189,50.6202],[-2.2194,50.6202],[-2.2203,50.6201],[-2.2207,50.62],[-2.2212,50.6197],[-2.2215,50.6196],[-2.2217,50.6196],[-2.2217,50.6195],[-2.2221,50.6193],[-2.2222,50.6192],[-2.2226,50.6189],[-2.2227,50.6189],[-2.223,50.6186],[-2.2231,50.6184],[-2.2232,50.6184],[-2.2233,50.618],[-2.2234,50.6179],[-2.2234,50.6178],[-2.2233,50.6177],[-2.2232,50.6176],[-2.2232,50.6175],[-2.2231,50.6175],[-2.223,50.6175],[-2.2229,50.6175],[-2.2226,50.6174],[-2.2225,50.6174],[-2.2224,50.6174],[-2.2224,50.6173],[-2.2223,50.6173],[-2.2222,50.6173],[-2.2221,50.6172],[-2.222,50.6172],[-2.2219,50.6172],[-2.2218,50.6172],[-2.2217,50.6172],[-2.2217,50.6171],[-2.2216,50.6171],[-2.2216,50.617],[-2.2215,50.6169],[-2.2214,50.6169],[-2.2213,50.6169],[-2.2212,50.6168],[-2.2213,50.6167],[-2.2213,50.6166],[-2.2212,50.6166],[-2.2213,50.6166],[-2.2214,50.6166],[-2.2215,50.6166],[-2.2216,50.6166],[-2.2217,50.6166],[-2.2218,50.6166],[-2.2218,50.6167],[-2.2219,50.6167],[-2.222,50.6167],[-2.2221,50.6167],[-2.2222,50.6168],[-2.2223,50.6168],[-2.2224,50.6168],[-2.2225,50.6168],[-2.2226,50.6168],[-2.2227,50.6169],[-2.2227,50.6168],[-2.2228,50.6168],[-2.2229,50.6168],[-2.2231,50.6169],[-2.2233,50.6169],[-2.2234,50.6168],[-2.2235,50.6168],[-2.2237,50.6167],[-2.2238,50.6167],[-2.2239,50.6167],[-2.2241,50.6166],[-2.224,50.6166],[-2.2241,50.6166],[-2.2242,50.6166],[-2.2243,50.6166],[-2.2244,50.6166],[-2.2247,50.6166],[-2.2249,50.6165],[-2.225,50.6165],[-2.225,50.6164],[-2.2249,50.6164],[-2.225,50.6163],[-2.2251,50.6163],[-2.2252,50.6163],[-2.2252,50.6164],[-2.2253,50.6164],[-2.2254,50.6164],[-2.2253,50.6164],[-2.2253,50.6165],[-2.2252,50.6165],[-2.2253,50.6165],[-2.2253,50.6166],[-2.2252,50.6166],[-2.2253,50.6166],[-2.2254,50.6166],[-2.2255,50.6166],[-2.2257,50.6166],[-2.2256,50.6165],[-2.2256,50.6164],[-2.2257,50.6164],[-2.2258,50.6164],[-2.2259,50.6164],[-2.2259,50.6163],[-2.226,50.6162],[-2.2261,50.6162],[-2.2262,50.6162],[-2.2263,50.6162],[-2.2264,50.6162],[-2.2264,50.6163],[-2.2263,50.6163],[-2.2263,50.6164],[-2.2262,50.6164],[-2.2263,50.6165],[-2.2262,50.6165],[-2.2261,50.6165],[-2.2261,50.6166],[-2.226,50.6166],[-2.2261,50.6166],[-2.2262,50.6166],[-2.2262,50.6167],[-2.2263,50.6168],[-2.2265,50.6168],[-2.2266,50.6168],[-2.2268,50.6168],[-2.2266,50.6168],[-2.2265,50.6168],[-2.2264,50.6168],[-2.2265,50.6168],[-2.2265,50.6169],[-2.2266,50.6169],[-2.2267,50.617],[-2.2269,50.617],[-2.2271,50.617],[-2.2272,50.617],[-2.2273,50.617],[-2.2277,50.617],[-2.228,50.6168],[-2.2281,50.6168],[-2.2281,50.6167],[-2.2282,50.6167],[-2.2281,50.6167],[-2.2281,50.6166],[-2.2281,50.6165],[-2.2282,50.6165],[-2.2282,50.6164],[-2.2281,50.6164],[-2.2281,50.6163],[-2.228,50.6162],[-2.2281,50.6162],[-2.2282,50.6161],[-2.228,50.6161],[-2.2279,50.6161],[-2.228,50.6161],[-2.2281,50.616],[-2.2283,50.6161],[-2.2284,50.6161],[-2.2284,50.6162],[-2.2285,50.6162],[-2.2286,50.6162],[-2.2287,50.6162],[-2.2286,50.6162],[-2.2287,50.6161],[-2.2286,50.6161],[-2.2287,50.6161],[-2.2288,50.616],[-2.229,50.6161],[-2.229,50.616],[-2.2291,50.616],[-2.2291,50.6161],[-2.2292,50.6161],[-2.2293,50.6161],[-2.2294,50.6161],[-2.2295,50.616],[-2.2297,50.616],[-2.2299,50.616],[-2.23,50.616],[-2.2301,50.616],[-2.2302,50.616],[-2.2306,50.616],[-2.2308,50.616],[-2.231,50.616],[-2.2313,50.616],[-2.2316,50.616],[-2.2318,50.616],[-2.232,50.616],[-2.2321,50.616],[-2.2324,50.6161],[-2.2325,50.6161],[-2.2326,50.6161],[-2.2334,50.616],[-2.2335,50.616],[-2.2336,50.616],[-2.2338,50.616],[-2.234,50.616],[-2.2345,50.616],[-2.2347,50.616],[-2.2349,50.616],[-2.2351,50.616],[-2.2353,50.616],[-2.236,50.616],[-2.2361,50.616],[-2.2365,50.616],[-2.2372,50.616],[-2.2374,50.616],[-2.2375,50.6161],[-2.2377,50.6161],[-2.2379,50.6161],[-2.238,50.616],[-2.2384,50.6161],[-2.2385,50.6161],[-2.2387,50.6161],[-2.2388,50.616],[-2.2394,50.6161],[-2.2396,50.6161],[-2.24,50.6161],[-2.2404,50.6161],[-2.2405,50.6161],[-2.2407,50.6161],[-2.2408,50.6161],[-2.2408,50.6162],[-2.2409,50.6162],[-2.241,50.6162],[-2.2411,50.6162],[-2.2412,50.6162],[-2.2413,50.6162],[-2.2414,50.6162],[-2.2415,50.6162],[-2.2416,50.6162],[-2.2417,50.6162],[-2.2418,50.6162],[-2.2419,50.6162],[-2.242,50.6162],[-2.2421,50.6162],[-2.2422,50.6162],[-2.2423,50.6162],[-2.2424,50.6162],[-2.2426,50.6162],[-2.2426,50.6163],[-2.2427,50.6163],[-2.2428,50.6163],[-2.2428,50.6162],[-2.2429,50.6162],[-2.2432,50.6163],[-2.2433,50.6163],[-2.2434,50.6163],[-2.2436,50.6163],[-2.2436,50.6164],[-2.2438,50.6164],[-2.2439,50.6164],[-2.2439,50.6163],[-2.244,50.6163],[-2.2441,50.6163],[-2.2442,50.6163],[-2.2443,50.6164],[-2.2445,50.6164],[-2.2446,50.6164],[-2.2447,50.6164],[-2.2448,50.6164],[-2.2449,50.6164],[-2.245,50.6164],[-2.2451,50.6164],[-2.2452,50.6164],[-2.2452,50.6165],[-2.2453,50.6165],[-2.2454,50.6165],[-2.2455,50.6165],[-2.2456,50.6165],[-2.2457,50.6165],[-2.2458,50.6166],[-2.2459,50.6166],[-2.2461,50.6167],[-2.2462,50.6167],[-2.2462,50.6168],[-2.2461,50.6168],[-2.246,50.6168],[-2.2459,50.6167],[-2.2458,50.6167],[-2.2457,50.6167],[-2.2453,50.6167],[-2.2452,50.6168],[-2.2451,50.6169],[-2.2451,50.617],[-2.2449,50.6171],[-2.2449,50.6172],[-2.2448,50.6172],[-2.2448,50.6173],[-2.2449,50.6173],[-2.2449,50.6174],[-2.2448,50.6174],[-2.2448,50.6175],[-2.2447,50.6175],[-2.2446,50.6175],[-2.2445,50.6175],[-2.2445,50.6176],[-2.2446,50.6176],[-2.2445,50.6176],[-2.2444,50.6176],[-2.2443,50.6176],[-2.2443,50.6177],[-2.2442,50.6177],[-2.2441,50.6177],[-2.244,50.6178],[-2.244,50.6179],[-2.244,50.618],[-2.244,50.6182],[-2.2442,50.6185],[-2.2442,50.6186],[-2.2444,50.6187],[-2.2445,50.6188],[-2.2447,50.6189],[-2.2449,50.619],[-2.245,50.619],[-2.2451,50.619],[-2.2451,50.6191],[-2.2457,50.6192],[-2.246,50.6193],[-2.2461,50.6193],[-2.2464,50.6194],[-2.2465,50.6194],[-2.2467,50.6194],[-2.2469,50.6194],[-2.2473,50.6194],[-2.2478,50.6193],[-2.2483,50.6192],[-2.2486,50.6192],[-2.2488,50.6191],[-2.249,50.619],[-2.2491,50.6189],[-2.2492,50.6189],[-2.2493,50.6188],[-2.2494,50.6188],[-2.2494,50.6187],[-2.2495,50.6186],[-2.2495,50.6185],[-2.2496,50.6185],[-2.2496,50.6184],[-2.2496,50.6183],[-2.2496,50.6182],[-2.2496,50.6181],[-2.2496,50.618],[-2.2495,50.618],[-2.2493,50.6179],[-2.2492,50.6178],[-2.249,50.6178],[-2.2489,50.6177],[-2.2488,50.6177],[-2.2487,50.6177],[-2.2486,50.6177],[-2.2485,50.6177],[-2.2485,50.6176],[-2.2486,50.6176],[-2.2488,50.6176],[-2.2489,50.6176],[-2.2488,50.6176],[-2.2487,50.6175],[-2.2486,50.6175],[-2.2487,50.6175],[-2.2487,50.6174],[-2.2488,50.6174],[-2.2488,50.6173],[-2.2487,50.6173],[-2.2486,50.6173],[-2.2485,50.6172],[-2.2485,50.6171],[-2.2484,50.6171],[-2.2483,50.6171],[-2.2482,50.617],[-2.248,50.6169],[-2.2485,50.6169],[-2.2487,50.6169],[-2.2488,50.6169],[-2.2489,50.6169],[-2.2489,50.617],[-2.249,50.6169],[-2.2491,50.6169],[-2.2493,50.617],[-2.2494,50.617],[-2.2499,50.617],[-2.2499,50.6171],[-2.2502,50.6173],[-2.2503,50.6173],[-2.2503,50.6174],[-2.2504,50.6174],[-2.2505,50.6173],[-2.2506,50.6173],[-2.2507,50.6174],[-2.2508,50.6174],[-2.2509,50.6174],[-2.251,50.6174],[-2.2512,50.6175],[-2.2514,50.6175],[-2.2515,50.6175],[-2.2516,50.6176],[-2.2517,50.6176],[-2.2519,50.6176],[-2.252,50.6176],[-2.2523,50.6177],[-2.2528,50.6178],[-2.2529,50.6178],[-2.2531,50.618],[-2.2532,50.618],[-2.2533,50.618],[-2.2534,50.6179],[-2.2539,50.6179],[-2.254,50.6179],[-2.2541,50.6179],[-2.2544,50.6179],[-2.2547,50.618],[-2.2549,50.618],[-2.255,50.618],[-2.255,50.6179],[-2.2551,50.6179],[-2.2551,50.6178],[-2.2551,50.6179],[-2.2552,50.6179],[-2.2553,50.6179],[-2.2554,50.6179],[-2.2555,50.6179],[-2.2556,50.6179],[-2.2557,50.6179],[-2.2558,50.6179],[-2.256,50.6179],[-2.2561,50.6179],[-2.2562,50.6179],[-2.2563,50.6179],[-2.2564,50.6179],[-2.2565,50.6179],[-2.2567,50.6179],[-2.2568,50.618],[-2.2569,50.618],[-2.257,50.618],[-2.257,50.6179],[-2.2572,50.6179],[-2.2574,50.618],[-2.2575,50.6179],[-2.2576,50.6179],[-2.2576,50.618],[-2.2575,50.618],[-2.2577,50.6181],[-2.2581,50.6182],[-2.2582,50.6182],[-2.2584,50.6183],[-2.2587,50.6183],[-2.2588,50.6183],[-2.2589,50.6183],[-2.2591,50.6183],[-2.2595,50.6183],[-2.2598,50.6182],[-2.2599,50.6182],[-2.26,50.6182],[-2.2601,50.6181],[-2.2602,50.6181],[-2.2606,50.6182],[-2.2608,50.6182],[-2.2608,50.6183],[-2.2609,50.6183],[-2.2611,50.6185],[-2.2613,50.6185],[-2.2614,50.6185],[-2.2614,50.6186],[-2.2615,50.6186],[-2.2617,50.6187],[-2.2618,50.6188],[-2.2619,50.6188],[-2.2621,50.6189],[-2.2623,50.6189],[-2.2624,50.619],[-2.2625,50.6191],[-2.2626,50.6192],[-2.2627,50.6193],[-2.2628,50.6193],[-2.2628,50.6194],[-2.2629,50.6194],[-2.2632,50.6194],[-2.2634,50.6194],[-2.2636,50.6195],[-2.2637,50.6195],[-2.2638,50.6195],[-2.2638,50.6196],[-2.2637,50.6197],[-2.2636,50.6196],[-2.2635,50.6196],[-2.2636,50.6197],[-2.264,50.6199],[-2.2653,50.6204],[-2.2656,50.6206],[-2.2657,50.6206],[-2.2662,50.6208],[-2.2664,50.6208],[-2.2667,50.6209],[-2.2676,50.6211],[-2.2678,50.6212],[-2.2681,50.6212],[-2.2694,50.6214],[-2.2698,50.6215],[-2.2703,50.6215],[-2.2704,50.6215],[-2.2705,50.6215],[-2.2706,50.6214],[-2.2709,50.6213],[-2.271,50.6213],[-2.2711,50.6214],[-2.2715,50.6214],[-2.2717,50.6214],[-2.2718,50.6214],[-2.2719,50.6215],[-2.2721,50.6217],[-2.2725,50.6219],[-2.2726,50.6219],[-2.2728,50.622],[-2.2729,50.622],[-2.2731,50.622],[-2.2733,50.622],[-2.2734,50.622],[-2.2741,50.6218],[-2.2743,50.6217],[-2.2745,50.6214],[-2.2744,50.6214],[-2.2745,50.6214],[-2.2744,50.6214],[-2.2745,50.6213],[-2.2742,50.6213],[-2.2741,50.6213],[-2.2741,50.6212],[-2.2739,50.6212],[-2.2742,50.6211],[-2.2745,50.6211],[-2.2749,50.6211],[-2.2755,50.621],[-2.2758,50.6211],[-2.2759,50.621],[-2.276,50.621],[-2.2761,50.621],[-2.2764,50.621],[-2.2764,50.6211],[-2.2768,50.6211],[-2.2772,50.6211],[-2.2773,50.6211],[-2.2772,50.6211],[-2.2772,50.6212],[-2.2771,50.6212],[-2.2766,50.6212],[-2.2764,50.6212],[-2.2765,50.6214],[-2.2767,50.6216],[-2.2769,50.6217],[-2.2771,50.6218],[-2.2772,50.6218],[-2.2777,50.6219],[-2.2783,50.622],[-2.2784,50.622],[-2.2796,50.6219],[-2.2806,50.6221],[-2.2815,50.6222],[-2.282,50.6223],[-2.2833,50.6223],[-2.2836,50.6223],[-2.2841,50.6224],[-2.2843,50.6224],[-2.2845,50.6224],[-2.2849,50.6224],[-2.2854,50.6225],[-2.2855,50.6225],[-2.2856,50.6225],[-2.2858,50.6225],[-2.2864,50.6227],[-2.2869,50.6227],[-2.2872,50.6227],[-2.2882,50.6227],[-2.2886,50.6228],[-2.2887,50.6228],[-2.2887,50.6227],[-2.2888,50.6227],[-2.2891,50.6227],[-2.2896,50.6227],[-2.2899,50.6227],[-2.2901,50.6227],[-2.2903,50.6227],[-2.2905,50.6227],[-2.2907,50.6227],[-2.2909,50.6225],[-2.2909,50.6224],[-2.2909,50.6223],[-2.2911,50.6222],[-2.2912,50.6222],[-2.2913,50.6222],[-2.2914,50.6222],[-2.2915,50.6222],[-2.2914,50.6222],[-2.2913,50.6223],[-2.2914,50.6223],[-2.2915,50.6223],[-2.2916,50.6223],[-2.2915,50.6223],[-2.2913,50.6224],[-2.2913,50.6225],[-2.2913,50.6226],[-2.2914,50.6226],[-2.2917,50.6227],[-2.2919,50.6228],[-2.2932,50.6229],[-2.2936,50.623],[-2.2941,50.6231],[-2.2949,50.6233],[-2.2958,50.6235],[-2.2963,50.6236],[-2.2966,50.6237],[-2.2971,50.6238],[-2.2973,50.6239],[-2.2974,50.6239],[-2.298,50.624],[-2.2981,50.624],[-2.2984,50.624],[-2.2987,50.6241],[-2.299,50.6241],[-2.2999,50.6242],[-2.3,50.6243],[-2.3001,50.6243],[-2.3004,50.6243],[-2.3005,50.6244],[-2.3006,50.6244],[-2.3009,50.6245],[-2.3011,50.6245],[-2.3012,50.6246],[-2.3013,50.6246],[-2.3018,50.6247],[-2.3026,50.6249],[-2.304,50.6251],[-2.305,50.6252],[-2.3056,50.6252],[-2.306,50.6253],[-2.3067,50.6253],[-2.3076,50.6253],[-2.308,50.6253],[-2.3081,50.6253],[-2.3082,50.6254],[-2.3085,50.6254],[-2.3091,50.6255],[-2.3094,50.6255],[-2.3102,50.6256],[-2.3109,50.6256],[-2.3113,50.6256],[-2.3118,50.6256],[-2.3122,50.6256],[-2.3126,50.6256],[-2.3128,50.6255],[-2.313,50.6255],[-2.3132,50.6256],[-2.3134,50.6256],[-2.3135,50.6256],[-2.3137,50.6255],[-2.3138,50.6254],[-2.3139,50.6254],[-2.3141,50.6253],[-2.3142,50.6253],[-2.3144,50.6253],[-2.3146,50.6253],[-2.3148,50.6253],[-2.315,50.6253],[-2.3152,50.6254],[-2.3155,50.6253],[-2.3156,50.6254],[-2.3157,50.6254],[-2.3159,50.6254],[-2.316,50.6254],[-2.3161,50.6253],[-2.3162,50.6254],[-2.3163,50.6253],[-2.3164,50.6253],[-2.3165,50.6253],[-2.3167,50.6253],[-2.3167,50.6252],[-2.3168,50.6252],[-2.317,50.6252],[-2.3171,50.6252],[-2.3171,50.6251],[-2.3174,50.6252],[-2.3176,50.6252],[-2.3177,50.6252],[-2.3178,50.6252],[-2.3179,50.6252],[-2.318,50.6252],[-2.3181,50.6252],[-2.3181,50.6253],[-2.3184,50.6254],[-2.3189,50.6254],[-2.3193,50.6255],[-2.3195,50.6255],[-2.3197,50.6255],[-2.3199,50.6255],[-2.3201,50.6255],[-2.3201,50.6254],[-2.3203,50.6253],[-2.3204,50.6253],[-2.3205,50.6253],[-2.3205,50.6254],[-2.3205,50.6253],[-2.3206,50.6253],[-2.3207,50.6253],[-2.3211,50.6253],[-2.3212,50.6253],[-2.3212,50.6252],[-2.3212,50.6251],[-2.3213,50.6252],[-2.3214,50.6252],[-2.3215,50.6252],[-2.3217,50.6251],[-2.3218,50.6251],[-2.3219,50.625],[-2.322,50.625],[-2.3221,50.625],[-2.3222,50.625],[-2.3225,50.625],[-2.3226,50.6249],[-2.3227,50.6249],[-2.3228,50.6249],[-2.3229,50.6248],[-2.3233,50.6247],[-2.3234,50.6247],[-2.3233,50.6246],[-2.3234,50.6246],[-2.3235,50.6246],[-2.3235,50.6247],[-2.3238,50.6248],[-2.324,50.6249],[-2.3244,50.6251],[-2.3246,50.6252],[-2.3248,50.6253],[-2.325,50.6254],[-2.3256,50.6256],[-2.3258,50.6257],[-2.326,50.6257],[-2.3261,50.6257],[-2.3263,50.6258],[-2.3265,50.6258],[-2.3266,50.6259],[-2.3267,50.6259],[-2.3268,50.6259],[-2.3267,50.626],[-2.3269,50.626],[-2.3269,50.6261],[-2.327,50.6262],[-2.3271,50.6262],[-2.3272,50.6262],[-2.3273,50.6263],[-2.3274,50.6264],[-2.3275,50.6264],[-2.3276,50.6264],[-2.3278,50.6264],[-2.328,50.6263],[-2.3282,50.6263],[-2.3285,50.6264],[-2.3287,50.6262],[-2.3287,50.6263],[-2.3289,50.6263],[-2.329,50.6263],[-2.329,50.6264],[-2.3289,50.6264],[-2.3289,50.6265],[-2.329,50.6265],[-2.3291,50.6265],[-2.3294,50.6266],[-2.3295,50.6266],[-2.3294,50.6266],[-2.3296,50.6267],[-2.3299,50.6268],[-2.3301,50.6268],[-2.3303,50.6269],[-2.3304,50.627],[-2.3305,50.6271],[-2.3306,50.6272],[-2.3308,50.6275],[-2.3309,50.6276],[-2.331,50.6276],[-2.331,50.6277],[-2.3311,50.6277],[-2.3313,50.6278],[-2.3313,50.6279],[-2.3314,50.6279],[-2.3315,50.6279],[-2.3319,50.6282],[-2.3321,50.6283],[-2.3322,50.6284],[-2.3325,50.6287],[-2.3326,50.6288],[-2.3333,50.6291],[-2.334,50.6295],[-2.3342,50.6296],[-2.3344,50.6299],[-2.3346,50.6301],[-2.3346,50.6306],[-2.3346,50.6307],[-2.3347,50.6308],[-2.3348,50.631],[-2.3349,50.6311],[-2.3352,50.6311],[-2.3354,50.6312],[-2.3356,50.6313],[-2.3362,50.6315],[-2.3365,50.6315],[-2.3375,50.6317],[-2.3379,50.6318],[-2.3387,50.6319],[-2.3389,50.6319],[-2.3332,50.5724],[-2.3328,50.5678],[-2.2855,50.5676],[-2.2651,50.5676],[-2.2425,50.5675],[-2.2424,50.5565],[-2.2424,50.5489],[-2.2423,50.541],[-2.2422,50.5244],[-2.2409,50.5242],[-2.1003,50.4975],[-1.9008,50.5522],[-1.9007,50.5768],[-1.9007,50.5847],[-1.8869,50.5929],[-1.8869,50.6049],[-1.8915,50.6054],[-1.9131,50.6079],[-1.9122,50.6444],[-1.9222,50.6444],[-1.9224,50.643],[-1.9223,50.643],[-1.9222,50.643],[-1.9223,50.643],[-1.9223,50.6429],[-1.9224,50.6428],[-1.9225,50.6427],[-1.9226,50.6427],[-1.9226,50.6426],[-1.9227,50.6425],[-1.9228,50.6425],[-1.9229,50.6425],[-1.923,50.6425],[-1.9231,50.6424],[-1.9232,50.6424],[-1.9232,50.6423],[-1.9231,50.6423],[-1.923,50.6423],[-1.923,50.6422],[-1.923,50.6421],[-1.9231,50.6421],[-1.9232,50.6421],[-1.9232,50.6422],[-1.9232,50.6423],[-1.9233,50.6422],[-1.9233,50.6423],[-1.9234,50.6423],[-1.9236,50.6422],[-1.9237,50.6422],[-1.9237,50.6421],[-1.9238,50.642],[-1.9239,50.642],[-1.924,50.6419],[-1.9241,50.6419],[-1.9244,50.6417],[-1.9245,50.6416],[-1.9244,50.6415],[-1.9244,50.6414],[-1.9243,50.6414],[-1.9242,50.6414],[-1.9242,50.6413],[-1.9243,50.6413],[-1.9244,50.6413],[-1.9244,50.6412],[-1.9243,50.6412],[-1.9242,50.6411],[-1.9243,50.641],[-1.9243,50.6409],[-1.9245,50.641],[-1.9247,50.641],[-1.9248,50.641],[-1.9251,50.641],[-1.9251,50.6409],[-1.9252,50.6409],[-1.9255,50.6405],[-1.9255,50.6404],[-1.9254,50.6403],[-1.9254,50.6402],[-1.9253,50.6402],[-1.9252,50.6402],[-1.9253,50.6402],[-1.9254,50.6401],[-1.9255,50.6401],[-1.9256,50.6401],[-1.9257,50.64],[-1.9258,50.6398],[-1.9257,50.6397],[-1.9257,50.6396],[-1.9258,50.6397],[-1.9259,50.6397],[-1.926,50.6396],[-1.926,50.6395],[-1.9261,50.6395],[-1.9261,50.6394],[-1.9261,50.6393],[-1.9261,50.6392],[-1.9261,50.6391],[-1.9262,50.639],[-1.9264,50.639],[-1.9264,50.6389],[-1.9265,50.6389],[-1.9266,50.6389],[-1.9267,50.6387],[-1.9268,50.6386],[-1.927,50.6385],[-1.9271,50.6384],[-1.9273,50.6382],[-1.9273,50.6381],[-1.9273,50.638],[-1.9273,50.6379],[-1.9275,50.6379],[-1.9275,50.6378],[-1.9276,50.6377],[-1.9276,50.6376],[-1.9275,50.6376],[-1.9275,50.6375],[-1.9274,50.6375],[-1.9273,50.6375],[-1.9273,50.6374],[-1.9273,50.6375],[-1.9272,50.6374],[-1.9273,50.6374],[-1.9274,50.6374],[-1.9276,50.6374],[-1.9278,50.6374],[-1.928,50.6372],[-1.9282,50.6371],[-1.9284,50.6371],[-1.9288,50.6369],[-1.9291,50.6367],[-1.9292,50.6366],[-1.9293,50.6365],[-1.9294,50.6364],[-1.9294,50.6363],[-1.9295,50.6363],[-1.9295,50.6362],[-1.9296,50.6361],[-1.9297,50.636],[-1.9297,50.6359],[-1.9298,50.6357],[-1.93,50.6356],[-1.93,50.6355],[-1.9301,50.6353],[-1.9303,50.6352],[-1.9303,50.6351],[-1.9308,50.6347],[-1.931,50.6345],[-1.931,50.6344],[-1.9312,50.6342],[-1.9312,50.6341],[-1.9312,50.634],[-1.9312,50.6339],[-1.9313,50.6338],[-1.9315,50.6337],[-1.9315,50.6336],[-1.9315,50.6335],[-1.9314,50.6335],[-1.9313,50.6335],[-1.9314,50.6335],[-1.9315,50.6335],[-1.9316,50.6334],[-1.9316,50.6333],[-1.9317,50.6332],[-1.9317,50.6331],[-1.9317,50.633],[-1.9318,50.6329],[-1.9318,50.6328],[-1.9319,50.6327],[-1.932,50.6327],[-1.932,50.6326],[-1.932,50.6325],[-1.9321,50.6325],[-1.9322,50.6324],[-1.9322,50.6323],[-1.9322,50.6322],[-1.9321,50.6322],[-1.932,50.6322],[-1.932,50.6321],[-1.9321,50.6321],[-1.9323,50.6322],[-1.9324,50.6322],[-1.9326,50.6321],[-1.9326,50.632],[-1.9327,50.6319],[-1.9328,50.6318],[-1.9329,50.6317],[-1.9329,50.6316],[-1.933,50.6315],[-1.933,50.6314],[-1.9329,50.6314],[-1.9328,50.6314],[-1.9327,50.6313],[-1.9329,50.6313],[-1.933,50.6313],[-1.9331,50.6312],[-1.9332,50.6311],[-1.9332,50.631],[-1.9332,50.6309],[-1.9331,50.6309],[-1.9332,50.6309],[-1.9334,50.6309],[-1.9335,50.6309],[-1.9336,50.6309],[-1.9337,50.6309],[-1.9337,50.6308],[-1.9337,50.6309],[-1.9338,50.6309],[-1.9338,50.6308],[-1.9339,50.6308],[-1.934,50.6308],[-1.9341,50.6308],[-1.9342,50.6308],[-1.9343,50.6308],[-1.9344,50.6308],[-1.9346,50.6308],[-1.935,50.6307],[-1.9354,50.6307],[-1.9355,50.6307],[-1.9356,50.6307],[-1.9369,50.6303],[-1.9383,50.63],[-1.9387,50.6299],[-1.9396,50.6297],[-1.9399,50.6297],[-1.9404,50.6296],[-1.9414,50.6295],[-1.9424,50.6293],[-1.9428,50.6293],[-1.9432,50.6292],[-1.9439,50.6291],[-1.9442,50.629],[-1.9445,50.6289],[-1.9446,50.6289],[-1.9448,50.6288],[-1.9451,50.6287],[-1.9454,50.6285],[-1.9455,50.6285],[-1.9456,50.6284],[-1.946,50.6282],[-1.9461,50.6282],[-1.9462,50.6281],[-1.9463,50.628],[-1.9467,50.6278],[-1.9471,50.6276],[-1.9477,50.6272],[-1.9482,50.6269],[-1.9485,50.6267],[-1.9486,50.6267],[-1.9487,50.6266],[-1.9488,50.6265],[-1.9492,50.6262],[-1.9495,50.626],[-1.9507,50.6251],[-1.951,50.6248],[-1.9515,50.6244],[-1.9517,50.6242],[-1.9518,50.6241],[-1.9522,50.6235],[-1.9523,50.6235],[-1.9524,50.6232],[-1.9526,50.623],[-1.953,50.6225],[-1.9532,50.6222],[-1.9533,50.622],[-1.9536,50.6217],[-1.9537,50.6215],[-1.9537,50.6214],[-1.9544,50.6203],[-1.9547,50.6199],[-1.9549,50.6196],[-1.955,50.6194],[-1.955,50.6193],[-1.955,50.6192],[-1.9551,50.6191],[-1.9552,50.6191],[-1.9552,50.619],[-1.9553,50.6189],[-1.9554,50.6189],[-1.9554,50.6188],[-1.9557,50.6183],[-1.9557,50.6181],[-1.956,50.6177],[-1.9561,50.6176],[-1.9562,50.6175],[-1.9562,50.6174],[-1.9564,50.6172],[-1.9564,50.6171],[-1.9565,50.6169],[-1.9568,50.6163],[-1.9569,50.6161],[-1.9569,50.616],[-1.957,50.6158],[-1.9571,50.6151],[-1.9573,50.6146],[-1.9573,50.6143],[-1.9573,50.6141],[-1.9573,50.6137],[-1.9573,50.6135],[-1.9573,50.6133],[-1.9573,50.613],[-1.9573,50.6127],[-1.9573,50.6126],[-1.9572,50.6123],[-1.9572,50.6121],[-1.9571,50.6121],[-1.957,50.612],[-1.9571,50.612],[-1.9572,50.612],[-1.9571,50.6119],[-1.9571,50.6118],[-1.957,50.6116],[-1.9569,50.6115],[-1.9568,50.6112],[-1.9566,50.6108],[-1.9565,50.6108],[-1.9563,50.6102],[-1.9563,50.6101],[-1.9559,50.6096],[-1.9559,50.6095],[-1.956,50.6095],[-1.9563,50.6094],[-1.9564,50.6094],[-1.9565,50.6093],[-1.9564,50.6093],[-1.9564,50.6094],[-1.9563,50.6094],[-1.9561,50.6094],[-1.956,50.6094],[-1.956,50.6095],[-1.9559,50.6095],[-1.9558,50.6093],[-1.9557,50.6093],[-1.9557,50.6092],[-1.9557,50.6091],[-1.9556,50.609],[-1.9556,50.6089],[-1.9554,50.6087],[-1.9553,50.6086],[-1.9551,50.6084],[-1.955,50.6083],[-1.9549,50.6083],[-1.9548,50.6082],[-1.9547,50.6082],[-1.9546,50.6082],[-1.9545,50.6082],[-1.9543,50.6083],[-1.9542,50.6083],[-1.9541,50.6083],[-1.954,50.6083],[-1.9539,50.6083],[-1.9538,50.6083],[-1.9538,50.6082],[-1.9537,50.6081],[-1.9535,50.6082],[-1.9536,50.6082],[-1.9536,50.6081],[-1.9532,50.6078],[-1.9531,50.6078],[-1.9529,50.6077],[-1.9529,50.6076],[-1.9526,50.6075],[-1.9525,50.6075],[-1.9522,50.6075],[-1.9518,50.6076],[-1.9515,50.6077],[-1.9514,50.6078],[-1.9513,50.6079],[-1.9512,50.608],[-1.951,50.6081],[-1.9509,50.6085],[-1.9507,50.6087],[-1.9508,50.6088],[-1.9507,50.6088],[-1.9506,50.6089],[-1.9505,50.609],[-1.9501,50.6091],[-1.95,50.6093],[-1.9496,50.6094],[-1.9494,50.6093],[-1.9495,50.6092],[-1.9498,50.6091],[-1.9499,50.6091],[-1.9504,50.609],[-1.9508,50.6084],[-1.9509,50.6082],[-1.9508,50.6082],[-1.9507,50.6081],[-1.9508,50.6081],[-1.9508,50.6082],[-1.9509,50.6081],[-1.9509,50.608],[-1.9509,50.6081],[-1.9508,50.6081],[-1.9506,50.6079],[-1.9503,50.6077],[-1.9502,50.6077],[-1.9501,50.6076],[-1.9497,50.6076],[-1.9494,50.6076],[-1.949,50.6076],[-1.9488,50.6077],[-1.9483,50.6078],[-1.9482,50.6078],[-1.9481,50.6078],[-1.948,50.6078],[-1.9477,50.6077],[-1.9475,50.6077],[-1.9474,50.6077],[-1.9471,50.6076],[-1.947,50.6076],[-1.9465,50.6076],[-1.9463,50.6075],[-1.9461,50.6075],[-1.9456,50.6076],[-1.9455,50.6076],[-1.9452,50.6076],[-1.9448,50.6077],[-1.9447,50.6077],[-1.9444,50.6077],[-1.9443,50.6077],[-1.9442,50.6077],[-1.9441,50.6077],[-1.944,50.6077],[-1.9434,50.6076],[-1.943,50.6076],[-1.9429,50.6076],[-1.9428,50.6076],[-1.9429,50.6076],[-1.943,50.6075],[-1.9432,50.6075],[-1.9434,50.6075],[-1.9436,50.6075],[-1.9436,50.6074],[-1.9437,50.6074],[-1.9437,50.6073],[-1.9438,50.6072],[-1.9439,50.6071],[-1.944,50.6071],[-1.9441,50.607],[-1.944,50.607],[-1.9437,50.6069],[-1.9433,50.6069],[-1.9433,50.6068],[-1.9434,50.6068],[-1.9435,50.6068],[-1.9437,50.6069],[-1.9441,50.6069],[-1.9442,50.6069],[-1.9444,50.6069],[-1.9445,50.6069],[-1.9446,50.6068],[-1.9447,50.6067],[-1.9448,50.6067],[-1.9451,50.6065],[-1.9452,50.6065],[-1.9453,50.6065],[-1.9454,50.6065],[-1.9457,50.6064],[-1.9462,50.6063],[-1.9463,50.6062],[-1.9464,50.6062],[-1.9465,50.6062],[-1.9465,50.6061],[-1.9466,50.6061],[-1.9465,50.6061],[-1.9466,50.6061],[-1.9466,50.606],[-1.9467,50.606],[-1.9468,50.606],[-1.947,50.606],[-1.9471,50.606],[-1.9471,50.6059],[-1.9472,50.6059],[-1.9473,50.6059],[-1.9474,50.6059],[-1.9474,50.6058],[-1.9475,50.6058],[-1.9476,50.6058],[-1.9477,50.6057],[-1.9478,50.6057],[-1.9479,50.6056],[-1.948,50.6056],[-1.9481,50.6056],[-1.9481,50.6055],[-1.9482,50.6055],[-1.9483,50.6055],[-1.9483,50.6054],[-1.9484,50.6054],[-1.9487,50.6053],[-1.9488,50.6053],[-1.9493,50.6051],[-1.9494,50.6051],[-1.9496,50.605],[-1.9497,50.605],[-1.95,50.6047],[-1.95,50.6046],[-1.9501,50.6046],[-1.9504,50.6042],[-1.9504,50.6041],[-1.9505,50.604],[-1.9506,50.6039],[-1.9506,50.6038],[-1.9507,50.6038],[-1.9507,50.6037],[-1.9508,50.6036],[-1.9509,50.6034],[-1.9509,50.6033],[-1.9513,50.6028],[-1.9513,50.6026],[-1.9513,50.6025],[-1.9514,50.6025],[-1.9514,50.6024],[-1.9515,50.6023],[-1.9515,50.6022],[-1.9515,50.6021],[-1.9516,50.6021],[-1.9516,50.602],[-1.9518,50.6019],[-1.9518,50.6018],[-1.9519,50.6018],[-1.9519,50.6017],[-1.9519,50.6016],[-1.952,50.6016],[-1.952,50.6015],[-1.952,50.6014],[-1.9522,50.6013],[-1.9526,50.6011],[-1.9526,50.601],[-1.9527,50.6009],[-1.9526,50.6009],[-1.9526,50.6008],[-1.9527,50.6007],[-1.9527,50.6008],[-1.9527,50.6006],[-1.9527,50.6005],[-1.9528,50.6003],[-1.9528,50.6002],[-1.9529,50.6001],[-1.953,50.6],[-1.953,50.5999],[-1.9531,50.5998],[-1.9531,50.5997],[-1.9532,50.5995],[-1.9532,50.5994],[-1.9532,50.5993],[-1.9531,50.5992],[-1.9531,50.5991],[-1.9531,50.5989],[-1.9531,50.5988],[-1.953,50.5987],[-1.953,50.5986],[-1.9529,50.5984],[-1.9528,50.5984],[-1.9527,50.5983],[-1.9527,50.5982],[-1.9526,50.5981],[-1.9525,50.598],[-1.9525,50.5979],[-1.9525,50.5978],[-1.9525,50.5977],[-1.9525,50.5976],[-1.9525,50.5975],[-1.9525,50.5974],[-1.9525,50.5973],[-1.9525,50.5972],[-1.9525,50.5971],[-1.9524,50.5971],[-1.9524,50.597],[-1.9523,50.5969],[-1.9523,50.5967],[-1.9522,50.5967],[-1.9522,50.5966],[-1.9521,50.5964],[-1.9518,50.5961],[-1.9514,50.5958],[-1.9513,50.5958],[-1.9512,50.5957],[-1.9511,50.5957],[-1.9509,50.5957],[-1.9509,50.5956],[-1.951,50.5956],[-1.951,50.5955],[-1.9511,50.5955],[-1.9511,50.5954],[-1.951,50.5954],[-1.9509,50.5954],[-1.951,50.5953],[-1.9509,50.5953],[-1.9509,50.5952],[-1.9508,50.5951],[-1.9507,50.5951],[-1.9506,50.5951],[-1.9506,50.595],[-1.9507,50.5949],[-1.9507,50.595],[-1.9507,50.5949],[-1.951,50.5947],[-1.951,50.5946],[-1.9509,50.5946],[-1.9509,50.5945],[-1.951,50.5945],[-1.951,50.5944],[-1.9511,50.5944],[-1.9513,50.5944],[-1.9514,50.5944],[-1.9515,50.5943],[-1.9516,50.5943],[-1.9517,50.5943],[-1.9519,50.5943],[-1.952,50.5943],[-1.9521,50.5943],[-1.9522,50.5943],[-1.9523,50.5943],[-1.9524,50.5943],[-1.9525,50.5943],[-1.9526,50.5943],[-1.9527,50.5943],[-1.9528,50.5943],[-1.9529,50.5943],[-1.953,50.5943],[-1.9531,50.5943],[-1.9532,50.5942],[-1.9533,50.5942],[-1.9534,50.5942],[-1.9535,50.5942],[-1.9536,50.5942],[-1.9538,50.5941],[-1.9538,50.594],[-1.954,50.594],[-1.9541,50.594],[-1.9541,50.5939],[-1.9542,50.5939],[-1.9542,50.5938],[-1.9543,50.5938],[-1.9543,50.5937],[-1.9544,50.5937],[-1.9546,50.5937],[-1.9547,50.5936],[-1.9548,50.5936],[-1.9549,50.5935],[-1.955,50.5935],[-1.9551,50.5935],[-1.9554,50.5934],[-1.9555,50.5934],[-1.9556,50.5934],[-1.9558,50.5932],[-1.9559,50.5932],[-1.956,50.5931],[-1.9562,50.593],[-1.9563,50.593],[-1.9563,50.5929],[-1.9563,50.5928],[-1.9564,50.5928],[-1.9565,50.5927],[-1.9566,50.5927],[-1.9565,50.5926],[-1.9564,50.5926],[-1.9565,50.5926],[-1.9566,50.5926],[-1.9567,50.5926],[-1.9568,50.5926],[-1.9568,50.5925],[-1.9568,50.5924],[-1.9569,50.5924],[-1.9569,50.5923],[-1.957,50.5923],[-1.9571,50.5922],[-1.9572,50.5922],[-1.9573,50.5922],[-1.9573,50.5921],[-1.9572,50.5921],[-1.9573,50.5921],[-1.9573,50.592],[-1.9574,50.592],[-1.9575,50.5919],[-1.9576,50.592],[-1.9576,50.5921],[-1.9577,50.592],[-1.9578,50.592],[-1.9579,50.592],[-1.9579,50.5919],[-1.958,50.5919],[-1.9581,50.5919],[-1.9582,50.5919],[-1.9583,50.592],[-1.9584,50.592],[-1.9585,50.5919],[-1.9585,50.5918],[-1.9586,50.5917],[-1.9587,50.5916],[-1.9587,50.5915],[-1.9588,50.5914],[-1.9588,50.5915],[-1.9589,50.5915],[-1.959,50.5915],[-1.9592,50.5914],[-1.9593,50.5914],[-1.9593,50.5913],[-1.9594,50.5913],[-1.9595,50.5912],[-1.9596,50.5912],[-1.9596,50.5911],[-1.9598,50.5912],[-1.9599,50.5912],[-1.9601,50.5912],[-1.9602,50.5912],[-1.9604,50.5913],[-1.9605,50.5912],[-1.9606,50.5911],[-1.9608,50.591],[-1.9609,50.591],[-1.9608,50.591],[-1.9609,50.5908],[-1.9611,50.5908],[-1.9611,50.5909],[-1.9613,50.591],[-1.9614,50.591],[-1.9614,50.5911],[-1.9614,50.591],[-1.9615,50.591],[-1.9616,50.591],[-1.9617,50.591],[-1.9617,50.5911],[-1.9618,50.5911],[-1.9619,50.5911],[-1.962,50.5911],[-1.9622,50.5911],[-1.9624,50.5911],[-1.9625,50.5911],[-1.9628,50.5911],[-1.9634,50.5912],[-1.9636,50.5912],[-1.9644,50.5913],[-1.9647,50.5914],[-1.9651,50.5914],[-1.9653,50.5914],[-1.9656,50.5914],[-1.966,50.5915],[-1.9662,50.5914],[-1.9663,50.5914],[-1.9665,50.5914],[-1.9666,50.5914],[-1.9667,50.5914],[-1.9673,50.5914],[-1.9674,50.5914],[-1.9676,50.5914],[-1.9677,50.5913],[-1.9678,50.5913],[-1.9684,50.5913],[-1.9687,50.5914],[-1.9688,50.5914],[-1.9691,50.5914],[-1.9692,50.5914],[-1.9693,50.5914],[-1.9695,50.5913],[-1.9698,50.5912],[-1.9699,50.5912],[-1.97,50.5912],[-1.9703,50.5911],[-1.9706,50.5911],[-1.972,50.5911],[-1.9728,50.5911],[-1.973,50.591],[-1.9731,50.591],[-1.9734,50.591],[-1.9735,50.5909],[-1.9736,50.591],[-1.9737,50.591],[-1.974,50.591],[-1.9741,50.591],[-1.9742,50.591],[-1.9744,50.591],[-1.9745,50.591],[-1.9746,50.591],[-1.9749,50.5909],[-1.9751,50.5909],[-1.9751,50.591],[-1.9752,50.591],[-1.9752,50.5909],[-1.9753,50.5908],[-1.9755,50.5909],[-1.9756,50.5909],[-1.9757,50.5909],[-1.9758,50.5909],[-1.9759,50.5909],[-1.976,50.5909],[-1.9763,50.5909],[-1.9764,50.5909],[-1.9765,50.5908],[-1.9765,50.5909],[-1.9766,50.5909],[-1.9767,50.5908],[-1.9768,50.5907],[-1.9769,50.5908],[-1.977,50.5908],[-1.9771,50.5907],[-1.9773,50.5907],[-1.9777,50.5908],[-1.9777,50.5909],[-1.9779,50.5909],[-1.9782,50.591],[-1.9784,50.5909],[-1.9785,50.5909],[-1.9786,50.5909],[-1.979,50.591],[-1.9793,50.5909],[-1.9796,50.5908],[-1.9798,50.5909],[-1.98,50.5909],[-1.9799,50.5908],[-1.9801,50.5907],[-1.9802,50.5907],[-1.9804,50.5907],[-1.9804,50.5906],[-1.9806,50.5907],[-1.9807,50.5907],[-1.9808,50.5907],[-1.9809,50.5907],[-1.981,50.5907],[-1.981,50.5906],[-1.9812,50.5907],[-1.9815,50.5907],[-1.9816,50.5906],[-1.9819,50.5906],[-1.9822,50.5906],[-1.9824,50.5906],[-1.9828,50.5906],[-1.983,50.5906],[-1.9832,50.5906],[-1.9836,50.5906],[-1.9838,50.5906],[-1.984,50.5905],[-1.9842,50.5905],[-1.9844,50.5905],[-1.9845,50.5905],[-1.9844,50.5905],[-1.9845,50.5905],[-1.9846,50.5905],[-1.9847,50.5906],[-1.9848,50.5906],[-1.985,50.5906],[-1.985,50.5907],[-1.9851,50.5907],[-1.9855,50.5907],[-1.9856,50.5908],[-1.9858,50.5908],[-1.9861,50.5909],[-1.9863,50.5909],[-1.9866,50.591],[-1.9868,50.591],[-1.987,50.5911],[-1.9871,50.5911],[-1.9872,50.591],[-1.9873,50.591],[-1.9874,50.591],[-1.9876,50.591],[-1.988,50.5909],[-1.9881,50.5909],[-1.9883,50.5908],[-1.9884,50.5908],[-1.9887,50.5909],[-1.989,50.5908],[-1.9891,50.5908],[-1.9891,50.5907],[-1.9892,50.5907],[-1.9893,50.5907],[-1.9894,50.5907],[-1.9896,50.5907],[-1.9897,50.5906],[-1.9898,50.5906],[-1.9899,50.5906],[-1.99,50.5906],[-1.9901,50.5905],[-1.9902,50.5905],[-1.9904,50.5906],[-1.9905,50.5905],[-1.9906,50.5905],[-1.9908,50.5905],[-1.991,50.5905],[-1.991,50.5906],[-1.9909,50.5906],[-1.9909,50.5907],[-1.9912,50.5907]]],[[[-2.46,50.5167],[-2.4601,50.5169],[-2.4601,50.5171],[-2.4602,50.5173],[-2.4602,50.5175],[-2.46,50.5178],[-2.46,50.518],[-2.46,50.5182],[-2.46,50.5185],[-2.46,50.5189],[-2.46,50.5192],[-2.46,50.5195],[-2.4599,50.5199],[-2.4593,50.5211],[-2.4592,50.5213],[-2.4592,50.5216],[-2.459,50.5219],[-2.4586,50.5223],[-2.4583,50.5227],[-2.4581,50.5231],[-2.4578,50.5233],[-2.4573,50.5235],[-2.457,50.5237],[-2.4568,50.5239],[-2.4565,50.5243],[-2.4562,50.5246],[-2.4559,50.525],[-2.4557,50.5254],[-2.4557,50.5256],[-2.4556,50.5259],[-2.4557,50.5263],[-2.4558,50.5264],[-2.4559,50.5265],[-2.4558,50.5266],[-2.4559,50.5269],[-2.4561,50.5272],[-2.4561,50.5276],[-2.4561,50.5277],[-2.456,50.5278],[-2.4559,50.528],[-2.456,50.5282],[-2.4559,50.5283],[-2.4562,50.5286],[-2.4563,50.5293],[-2.4562,50.5294],[-2.4562,50.5298],[-2.4562,50.5301],[-2.4562,50.5302],[-2.4563,50.5304],[-2.4563,50.5306],[-2.4564,50.5307],[-2.4564,50.5308],[-2.4563,50.5309],[-2.4563,50.531],[-2.4562,50.5311],[-2.4563,50.5314],[-2.4561,50.5314],[-2.4561,50.5316],[-2.456,50.532],[-2.4558,50.5323],[-2.4557,50.5325],[-2.4557,50.5328],[-2.4556,50.5331],[-2.4556,50.5333],[-2.4555,50.5334],[-2.4555,50.5336],[-2.4553,50.5338],[-2.4553,50.5339],[-2.4552,50.5342],[-2.4552,50.5347],[-2.4552,50.5349],[-2.4551,50.5349],[-2.4549,50.5358],[-2.4548,50.5359],[-2.4548,50.5362],[-2.4548,50.5365],[-2.4548,50.5366],[-2.4548,50.5369],[-2.4549,50.5372],[-2.4548,50.5374],[-2.4544,50.5379],[-2.4542,50.538],[-2.4541,50.5382],[-2.454,50.5384],[-2.4539,50.5388],[-2.454,50.5389],[-2.4542,50.539],[-2.4542,50.5392],[-2.4542,50.5394],[-2.4542,50.5397],[-2.4543,50.5399],[-2.4545,50.5402],[-2.4548,50.5405],[-2.4551,50.5407],[-2.4555,50.5409],[-2.4561,50.5412],[-2.4564,50.5414],[-2.4566,50.5416],[-2.4567,50.542],[-2.4565,50.5426],[-2.4565,50.5427],[-2.4564,50.5427],[-2.4562,50.5431],[-2.4558,50.5434],[-2.4558,50.5435],[-2.4558,50.544],[-2.4556,50.5443],[-2.4555,50.5445],[-2.455,50.5451],[-2.4546,50.5455],[-2.4544,50.5457],[-2.4538,50.546],[-2.4535,50.5462],[-2.4533,50.5464],[-2.4532,50.5466],[-2.4528,50.5469],[-2.4528,50.547],[-2.4525,50.5472],[-2.4525,50.5473],[-2.4524,50.5475],[-2.4523,50.5477],[-2.4523,50.5478],[-2.4522,50.5481],[-2.4523,50.5485],[-2.4522,50.5489],[-2.4521,50.549],[-2.4521,50.5491],[-2.4522,50.5493],[-2.4522,50.5497],[-2.4521,50.5498],[-2.4522,50.55],[-2.4523,50.5502],[-2.4525,50.5507],[-2.4525,50.5514],[-2.4525,50.5518],[-2.4524,50.552],[-2.4521,50.5523],[-2.4518,50.5526],[-2.4515,50.5527],[-2.4514,50.553],[-2.4514,50.5531],[-2.4512,50.5532],[-2.451,50.5538],[-2.4506,50.5543],[-2.4506,50.5544],[-2.4504,50.5546],[-2.4502,50.5549],[-2.4501,50.5552],[-2.45,50.5553],[-2.4499,50.5556],[-2.4499,50.5558],[-2.4498,50.5558],[-2.4497,50.556],[-2.4495,50.5561],[-2.4495,50.5563],[-2.4493,50.5564],[-2.4492,50.5567],[-2.449,50.5568],[-2.4489,50.5569],[-2.4486,50.5571],[-2.4484,50.5572],[-2.4483,50.5574],[-2.4482,50.5577],[-2.4483,50.5581],[-2.4484,50.5584],[-2.4485,50.5587],[-2.4487,50.5591],[-2.4564,50.5603],[-2.4613,50.5457],[-2.4728,50.5116],[-2.4803,50.4894],[-2.4784,50.4856],[-2.4653,50.458],[-2.4339,50.458],[-2.433,50.4647],[-2.3033,50.4647],[-2.3033,50.4703],[-2.345,50.4833],[-2.4245,50.4946],[-2.3663,50.5234],[-2.4187,50.5423],[-2.4191,50.5419],[-2.4193,50.5417],[-2.4198,50.5414],[-2.4202,50.5411],[-2.421,50.5408],[-2.4221,50.5403],[-2.4225,50.5401],[-2.4233,50.5397],[-2.4239,50.5393],[-2.4247,50.5389],[-2.4253,50.5385],[-2.4262,50.5382],[-2.4266,50.5381],[-2.4268,50.5382],[-2.4271,50.5382],[-2.4281,50.5379],[-2.4282,50.5379],[-2.4284,50.5377],[-2.4285,50.5374],[-2.4285,50.5373],[-2.4286,50.5371],[-2.429,50.5366],[-2.4292,50.5364],[-2.4293,50.5361],[-2.4294,50.536],[-2.4296,50.5358],[-2.4298,50.5356],[-2.4301,50.5354],[-2.4305,50.5351],[-2.4307,50.5348],[-2.4312,50.5344],[-2.4315,50.534],[-2.4317,50.5338],[-2.4324,50.5334],[-2.4329,50.533],[-2.4334,50.5326],[-2.4337,50.5323],[-2.4345,50.5318],[-2.4349,50.5315],[-2.4351,50.5313],[-2.4354,50.5312],[-2.4362,50.5307],[-2.4368,50.5304],[-2.4372,50.5302],[-2.4375,50.5292],[-2.4376,50.5282],[-2.4376,50.5279],[-2.4376,50.5271],[-2.4377,50.5267],[-2.4382,50.5259],[-2.4383,50.5258],[-2.4386,50.5255],[-2.4388,50.5253],[-2.439,50.5251],[-2.4395,50.5247],[-2.4396,50.5245],[-2.4398,50.5245],[-2.4405,50.5241],[-2.4409,50.524],[-2.4411,50.5238],[-2.4413,50.5236],[-2.4415,50.5232],[-2.4416,50.5229],[-2.4421,50.5225],[-2.4423,50.5221],[-2.4425,50.5217],[-2.4425,50.5215],[-2.4425,50.5212],[-2.4424,50.5209],[-2.4426,50.5206],[-2.4427,50.5205],[-2.4429,50.5205],[-2.4433,50.5203],[-2.4433,50.5201],[-2.4436,50.52],[-2.4438,50.52],[-2.4441,50.5197],[-2.4443,50.5198],[-2.4447,50.5197],[-2.4449,50.5197],[-2.4452,50.5197],[-2.4454,50.5197],[-2.4458,50.5192],[-2.4458,50.519],[-2.4459,50.5189],[-2.4461,50.5191],[-2.4462,50.519],[-2.4463,50.519],[-2.4465,50.5191],[-2.4466,50.5191],[-2.4464,50.5189],[-2.4466,50.5188],[-2.4467,50.519],[-2.4469,50.5191],[-2.4472,50.5191],[-2.4474,50.5189],[-2.4474,50.5186],[-2.4475,50.5184],[-2.4478,50.5185],[-2.4478,50.5183],[-2.448,50.5183],[-2.4481,50.5182],[-2.4481,50.518],[-2.4481,50.5178],[-2.4482,50.5178],[-2.4483,50.5178],[-2.4484,50.5179],[-2.4487,50.5178],[-2.4488,50.5177],[-2.4487,50.5175],[-2.4489,50.5172],[-2.4489,50.517],[-2.4491,50.517],[-2.4492,50.517],[-2.4495,50.5169],[-2.4496,50.517],[-2.4497,50.5173],[-2.4497,50.5171],[-2.4497,50.517],[-2.4499,50.517],[-2.4501,50.5169],[-2.4501,50.5167],[-2.4504,50.5165],[-2.4505,50.5162],[-2.4508,50.5162],[-2.4507,50.5164],[-2.4509,50.5164],[-2.4512,50.5165],[-2.4516,50.5165],[-2.4521,50.5163],[-2.4522,50.5163],[-2.4522,50.5162],[-2.4523,50.5162],[-2.4524,50.5161],[-2.4525,50.516],[-2.4523,50.5159],[-2.4525,50.5157],[-2.4525,50.5156],[-2.4527,50.5152],[-2.4531,50.5152],[-2.4534,50.5153],[-2.4535,50.5153],[-2.4535,50.5151],[-2.4536,50.515],[-2.4539,50.5148],[-2.454,50.5149],[-2.4548,50.5146],[-2.4549,50.5144],[-2.4552,50.5142],[-2.4551,50.5141],[-2.4552,50.5139],[-2.4555,50.5139],[-2.4556,50.5138],[-2.4555,50.5137],[-2.4556,50.5135],[-2.4558,50.5136],[-2.4561,50.5133],[-2.4562,50.5132],[-2.4567,50.5129],[-2.4569,50.5129],[-2.457,50.5129],[-2.4575,50.5131],[-2.4578,50.5131],[-2.4579,50.5132],[-2.4581,50.5135],[-2.4583,50.5136],[-2.4586,50.5138],[-2.459,50.5139],[-2.4592,50.5141],[-2.4593,50.5141],[-2.4593,50.5142],[-2.4594,50.5142],[-2.4595,50.5147],[-2.4595,50.5149],[-2.4594,50.5153],[-2.4593,50.5156],[-2.4594,50.5159],[-2.4594,50.5163],[-2.4597,50.5161],[-2.4598,50.5163],[-2.4601,50.5165],[-2.4601,50.5166],[-2.46,50.5167]]]]},"properties":{"mtype":"SAC","name":"Studland to Portland","code":"UK0030382"}},
{"type":"Feature","geometry":{"type":"Polygon","coordinates":[[[-1.4,50.7301],[-1.4,50.7343],[-1.4,50.7679],[-1.4,50.7727],[-1.4014,50.7724],[-1.402,50.7722],[-1.4025,50.772],[-1.4032,50.7716],[-1.4036,50.7714],[-1.4038,50.7713],[-1.4041,50.7712],[-1.4046,50.7709],[-1.4051,50.7707],[-1.4052,50.7706],[-1.4054,50.7703],[-1.4056,50.7701],[-1.4061,50.7702],[-1.4064,50.7702],[-1.4073,50.77],[-1.4076,50.7698],[-1.4079,50.7698],[-1.4081,50.7697],[-1.4085,50.7696],[-1.4091,50.7694],[-1.4095,50.7693],[-1.41,50.769],[-1.4103,50.7689],[-1.4104,50.7689],[-1.4107,50.7687],[-1.4111,50.7685],[-1.4113,50.7685],[-1.4117,50.7685],[-1.4132,50.768],[-1.4138,50.7678],[-1.4141,50.7676],[-1.415,50.7673],[-1.4153,50.7672],[-1.4158,50.7671],[-1.4162,50.767],[-1.4166,50.767],[-1.4171,50.7669],[-1.4175,50.7668],[-1.4189,50.7664],[-1.419,50.7663],[-1.4194,50.7664],[-1.4198,50.7663],[-1.4205,50.7663],[-1.421,50.7663],[-1.4219,50.7662],[-1.4223,50.7661],[-1.4226,50.766],[-1.4228,50.7658],[-1.4232,50.7651],[-1.4233,50.765],[-1.4234,50.7649],[-1.4234,50.7652],[-1.4233,50.7654],[-1.4232,50.7657],[-1.4229,50.766],[-1.423,50.7661],[-1.4235,50.766],[-1.4237,50.7661],[-1.424,50.7659],[-1.4242,50.7659],[-1.4244,50.7658],[-1.4244,50.7656],[-1.4247,50.7654],[-1.4247,50.7653],[-1.4246,50.765],[-1.4247,50.7648],[-1.4248,50.7647],[-1.425,50.7647],[-1.4253,50.7647],[-1.4254,50.7649],[-1.4255,50.7651],[-1.4254,50.7654],[-1.4255,50.7655],[-1.4256,50.7655],[-1.4259,50.7655],[-1.4263,50.7654],[-1.4267,50.7651],[-1.4268,50.7651],[-1.4271,50.7649],[-1.4273,50.7651],[-1.4275,50.7652],[-1.4274,50.7654],[-1.4275,50.7654],[-1.4277,50.7655],[-1.428,50.7654],[-1.4285,50.7655],[-1.4288,50.7654],[-1.4292,50.7653],[-1.4297,50.7653],[-1.4305,50.7654],[-1.431,50.7653],[-1.4317,50.7652],[-1.4333,50.765],[-1.434,50.7649],[-1.4342,50.7649],[-1.4348,50.7648],[-1.4356,50.7646],[-1.4359,50.7645],[-1.4362,50.7643],[-1.4366,50.7642],[-1.437,50.7643],[-1.4376,50.7642],[-1.4377,50.7643],[-1.4382,50.7642],[-1.4385,50.7641],[-1.4388,50.7641],[-1.4391,50.764],[-1.4393,50.7639],[-1.4397,50.7639],[-1.4399,50.7639],[-1.4402,50.7638],[-1.4403,50.7639],[-1.4407,50.7638],[-1.441,50.7637],[-1.4411,50.7635],[-1.4416,50.7633],[-1.4418,50.7631],[-1.4418,50.7629],[-1.4416,50.7627],[-1.4418,50.7626],[-1.4424,50.7625],[-1.4425,50.7625],[-1.4431,50.7624],[-1.4442,50.7623],[-1.4443,50.7622],[-1.4444,50.7621],[-1.4446,50.762],[-1.4451,50.762],[-1.4453,50.762],[-1.4458,50.7621],[-1.4459,50.7621],[-1.4463,50.7621],[-1.4465,50.7621],[-1.4467,50.7617],[-1.4469,50.7616],[-1.4472,50.7616],[-1.4476,50.7616],[-1.4478,50.7615],[-1.448,50.7616],[-1.448,50.7617],[-1.4481,50.7619],[-1.4482,50.7621],[-1.4493,50.7621],[-1.4496,50.7621],[-1.4502,50.7621],[-1.4505,50.762],[-1.4506,50.7619],[-1.4508,50.7614],[-1.4508,50.7611],[-1.4509,50.7608],[-1.4509,50.7604],[-1.4508,50.7602],[-1.4508,50.7599],[-1.451,50.7598],[-1.4513,50.7597],[-1.4514,50.76],[-1.4516,50.7599],[-1.4519,50.76],[-1.4521,50.7601],[-1.4521,50.7602],[-1.4521,50.7605],[-1.4517,50.7608],[-1.4512,50.7613],[-1.4511,50.7616],[-1.451,50.762],[-1.4515,50.762],[-1.4517,50.7618],[-1.4523,50.7617],[-1.4526,50.7615],[-1.4533,50.7613],[-1.4535,50.7611],[-1.4537,50.7611],[-1.4541,50.761],[-1.4546,50.761],[-1.4554,50.761],[-1.4559,50.7609],[-1.4559,50.7608],[-1.4563,50.7607],[-1.4568,50.7603],[-1.4571,50.76],[-1.4573,50.7598],[-1.4577,50.7597],[-1.4578,50.7597],[-1.4579,50.7596],[-1.458,50.7596],[-1.4581,50.7596],[-1.4582,50.7596],[-1.4583,50.7596],[-1.4585,50.7596],[-1.459,50.7595],[-1.4596,50.7593],[-1.46,50.7591],[-1.46,50.7589],[-1.4601,50.7588],[-1.4608,50.7589],[-1.4609,50.759],[-1.461,50.759],[-1.4611,50.759],[-1.4612,50.759],[-1.4614,50.7589],[-1.4617,50.7589],[-1.4617,50.7591],[-1.462,50.7592],[-1.4622,50.7593],[-1.4625,50.7592],[-1.4626,50.7591],[-1.4626,50.759],[-1.4625,50.759],[-1.4623,50.7589],[-1.462,50.7587],[-1.462,50.7586],[-1.4621,50.7586],[-1.4624,50.7586],[-1.4628,50.7587],[-1.4631,50.7588],[-1.4632,50.7588],[-1.4632,50.7587],[-1.4632,50.7586],[-1.4634,50.7586],[-1.4637,50.759],[-1.464,50.7591],[-1.4641,50.7591],[-1.4643,50.7591],[-1.4647,50.7591],[-1.4652,50.759],[-1.4654,50.759],[-1.4658,50.7589],[-1.4664,50.7586],[-1.4666,50.7585],[-1.4667,50.7584],[-1.4677,50.758],[-1.468,50.7579],[-1.4683,50.7579],[-1.4685,50.758],[-1.4689,50.7581],[-1.4694,50.7581],[-1.4695,50.7581],[-1.4696,50.7581],[-1.4703,50.758],[-1.4706,50.7578],[-1.4707,50.7576],[-1.4708,50.7576],[-1.4711,50.7574],[-1.4713,50.7573],[-1.4717,50.7573],[-1.4722,50.7571],[-1.4723,50.7571],[-1.4723,50.757],[-1.4731,50.7566],[-1.4732,50.7566],[-1.4736,50.7563],[-1.4737,50.7563],[-1.4737,50.7562],[-1.4738,50.7562],[-1.4739,50.7561],[-1.474,50.7561],[-1.4742,50.756],[-1.4748,50.7556],[-1.4752,50.7554],[-1.4761,50.7548],[-1.4762,50.7547],[-1.4773,50.7541],[-1.4777,50.7539],[-1.4781,50.7538],[-1.4782,50.7538],[-1.4787,50.7536],[-1.4789,50.7536],[-1.4829,50.7536],[-1.483,50.7536],[-1.483,50.7535],[-1.4832,50.7534],[-1.4836,50.7533],[-1.4841,50.753],[-1.4847,50.7525],[-1.485,50.7522],[-1.4858,50.7516],[-1.4863,50.7513],[-1.4871,50.751],[-1.4877,50.7507],[-1.4882,50.7505],[-1.4885,50.7504],[-1.4892,50.75],[-1.4899,50.7497],[-1.49,50.7497],[-1.4902,50.7496],[-1.4904,50.7494],[-1.4908,50.7493],[-1.491,50.7492],[-1.4912,50.749],[-1.4914,50.7489],[-1.4917,50.7489],[-1.4922,50.7489],[-1.4922,50.7488],[-1.4925,50.7488],[-1.4928,50.7487],[-1.493,50.7487],[-1.4932,50.7489],[-1.4936,50.7492],[-1.4968,50.7486],[-1.4969,50.748],[-1.497,50.7479],[-1.4972,50.7476],[-1.498,50.7471],[-1.4984,50.7467],[-1.4988,50.7464],[-1.4993,50.7461],[-1.4994,50.7461],[-1.5007,50.7455],[-1.501,50.7454],[-1.5011,50.7454],[-1.5013,50.7453],[-1.5018,50.7453],[-1.5019,50.7452],[-1.5021,50.7451],[-1.5022,50.7451],[-1.5023,50.7451],[-1.5026,50.7449],[-1.5028,50.745],[-1.5029,50.7451],[-1.503,50.7452],[-1.5065,50.745],[-1.5068,50.7447],[-1.5071,50.7445],[-1.5076,50.7443],[-1.5079,50.7442],[-1.508,50.7442],[-1.5084,50.7443],[-1.5085,50.7443],[-1.5092,50.7444],[-1.5094,50.7445],[-1.5163,50.7421],[-1.5163,50.7418],[-1.5163,50.7417],[-1.5164,50.7412],[-1.5167,50.7407],[-1.5168,50.7406],[-1.517,50.7404],[-1.5176,50.74],[-1.5179,50.7397],[-1.5183,50.7395],[-1.5186,50.7394],[-1.5191,50.7392],[-1.5194,50.7391],[-1.5197,50.7388],[-1.5201,50.7386],[-1.5202,50.7386],[-1.5202,50.7385],[-1.5203,50.7384],[-1.5206,50.7383],[-1.5212,50.7378],[-1.5214,50.7377],[-1.5217,50.7374],[-1.5221,50.7368],[-1.5222,50.7365],[-1.5224,50.7364],[-1.5227,50.7363],[-1.5228,50.7362],[-1.5231,50.7362],[-1.5238,50.7362],[-1.5239,50.7363],[-1.524,50.7362],[-1.524,50.7361],[-1.5241,50.7361],[-1.5241,50.736],[-1.5253,50.7355],[-1.5293,50.7338],[-1.5293,50.7336],[-1.5295,50.7334],[-1.5299,50.7332],[-1.53,50.7331],[-1.5301,50.733],[-1.5302,50.7329],[-1.5303,50.7328],[-1.5303,50.7327],[-1.5301,50.7326],[-1.5302,50.7325],[-1.5305,50.7325],[-1.5306,50.7325],[-1.5309,50.7323],[-1.5313,50.7321],[-1.5312,50.732],[-1.5313,50.732],[-1.5315,50.7319],[-1.5317,50.7318],[-1.532,50.7317],[-1.5321,50.7316],[-1.5323,50.7315],[-1.5323,50.7314],[-1.5326,50.7314],[-1.533,50.7312],[-1.5333,50.7308],[-1.5334,50.7306],[-1.5335,50.7304],[-1.5336,50.7304],[-1.5336,50.7303],[-1.5338,50.7303],[-1.5341,50.7301],[-1.5342,50.73],[-1.5342,50.7299],[-1.5346,50.7298],[-1.5346,50.7297],[-1.5345,50.7294],[-1.5346,50.7293],[-1.5348,50.7292],[-1.5349,50.7292],[-1.535,50.7291],[-1.5355,50.729],[-1.5356,50.7288],[-1.5357,50.7288],[-1.5359,50.7286],[-1.5362,50.7285],[-1.5362,50.7283],[-1.5369,50.7278],[-1.5368,50.7277],[-1.537,50.7275],[-1.5369,50.7274],[-1.5371,50.7273],[-1.5373,50.7274],[-1.5372,50.7273],[-1.5373,50.7272],[-1.5374,50.7272],[-1.5376,50.7273],[-1.5378,50.7272],[-1.5379,50.7272],[-1.538,50.7273],[-1.5381,50.7273],[-1.5383,50.7273],[-1.5386,50.7272],[-1.5388,50.7271],[-1.5393,50.727],[-1.5438,50.726],[-1.5442,50.7257],[-1.5446,50.7255],[-1.5449,50.7254],[-1.545,50.7253],[-1.5451,50.7251],[-1.5452,50.7247],[-1.5453,50.7245],[-1.5455,50.7242],[-1.5454,50.7241],[-1.5451,50.7242],[-1.5448,50.724],[-1.5447,50.7239],[-1.5447,50.7238],[-1.5446,50.7237],[-1.5446,50.7236],[-1.545,50.7232],[-1.545,50.7231],[-1.5449,50.723],[-1.5449,50.7227],[-1.5451,50.7226],[-1.5453,50.7224],[-1.5458,50.7221],[-1.5465,50.7216],[-1.5468,50.7213],[-1.5475,50.7208],[-1.5479,50.7203],[-1.5481,50.7202],[-1.5483,50.7198],[-1.5487,50.7196],[-1.549,50.7195],[-1.5493,50.7193],[-1.5494,50.7193],[-1.5494,50.7192],[-1.5497,50.719],[-1.5499,50.7189],[-1.55,50.7189],[-1.5501,50.7189],[-1.5502,50.7188],[-1.5503,50.7187],[-1.5503,50.7186],[-1.5504,50.7186],[-1.5511,50.7183],[-1.5523,50.7179],[-1.5531,50.7175],[-1.5535,50.7173],[-1.554,50.7169],[-1.5542,50.7168],[-1.5545,50.7163],[-1.5548,50.7158],[-1.5551,50.7154],[-1.5555,50.7151],[-1.5559,50.7149],[-1.5561,50.7147],[-1.5563,50.7144],[-1.5564,50.7143],[-1.5565,50.7142],[-1.5556,50.7142],[-1.5555,50.7144],[-1.5554,50.7144],[-1.555,50.7145],[-1.5548,50.7145],[-1.5544,50.7143],[-1.5541,50.714],[-1.5539,50.7137],[-1.5537,50.7135],[-1.5532,50.713],[-1.5529,50.7127],[-1.5527,50.7121],[-1.5525,50.7114],[-1.552,50.7108],[-1.5516,50.7102],[-1.5512,50.7097],[-1.5512,50.7098],[-1.5509,50.7097],[-1.5506,50.7095],[-1.5503,50.7093],[-1.55,50.7088],[-1.5499,50.7087],[-1.5496,50.7086],[-1.5488,50.7085],[-1.5482,50.7084],[-1.548,50.7084],[-1.548,50.7082],[-1.5482,50.7081],[-1.5477,50.7078],[-1.5477,50.7077],[-1.5477,50.7075],[-1.5478,50.7074],[-1.548,50.7072],[-1.5485,50.7069],[-1.5488,50.7067],[-1.549,50.7064],[-1.5497,50.7059],[-1.5503,50.7057],[-1.5505,50.7058],[-1.5505,50.706],[-1.5507,50.706],[-1.5514,50.7059],[-1.5518,50.7059],[-1.5527,50.7059],[-1.5536,50.7059],[-1.5542,50.7059],[-1.5559,50.706],[-1.5565,50.7061],[-1.5571,50.7063],[-1.5596,50.7069],[-1.5617,50.7075],[-1.5658,50.7088],[-1.5676,50.7095],[-1.5682,50.7098],[-1.5705,50.711],[-1.5717,50.7116],[-1.5721,50.7118],[-1.5726,50.7121],[-1.5733,50.7126],[-1.5737,50.7129],[-1.5746,50.7134],[-1.5751,50.7137],[-1.5757,50.7141],[-1.5758,50.7142],[-1.5766,50.7148],[-1.5772,50.7152],[-1.5773,50.7152],[-1.5776,50.7153],[-1.5778,50.7155],[-1.5776,50.7156],[-1.578,50.7158],[-1.5785,50.7162],[-1.579,50.7165],[-1.5795,50.7168],[-1.5798,50.717],[-1.5806,50.7175],[-1.5809,50.7177],[-1.5817,50.7181],[-1.5823,50.7183],[-1.583,50.7186],[-1.5829,50.7187],[-1.5833,50.7188],[-1.5837,50.7188],[-1.5838,50.7189],[-1.5844,50.7192],[-1.5849,50.7193],[-1.5852,50.7193],[-1.5855,50.7194],[-1.5861,50.7195],[-1.5868,50.7197],[-1.587,50.7197],[-1.5874,50.7198],[-1.588,50.72],[-1.5886,50.7202],[-1.5886,50.7201],[-1.5892,50.7203],[-1.5897,50.7204],[-1.5902,50.7206],[-1.5909,50.7207],[-1.5911,50.7207],[-1.5915,50.7208],[-1.592,50.721],[-1.5922,50.721],[-1.5926,50.7212],[-1.5931,50.7212],[-1.594,50.7213],[-1.5942,50.7214],[-1.5947,50.7216],[-1.5949,50.7216],[-1.5955,50.7218],[-1.5958,50.7218],[-1.5964,50.722],[-1.5975,50.7223],[-1.5978,50.7223],[-1.5991,50.7226],[-1.5997,50.7227],[-1.6002,50.7228],[-1.6014,50.723],[-1.6019,50.7231],[-1.6029,50.7233],[-1.604,50.7236],[-1.6057,50.7239],[-1.6067,50.7241],[-1.6068,50.7241],[-1.6074,50.7243],[-1.6086,50.7246],[-1.6088,50.7246],[-1.6106,50.725],[-1.6123,50.7254],[-1.6133,50.7256],[-1.6136,50.7257],[-1.6142,50.7258],[-1.6151,50.726],[-1.6169,50.7264],[-1.618,50.7266],[-1.6186,50.7268],[-1.6192,50.7269],[-1.62,50.7271],[-1.621,50.7273],[-1.6213,50.7274],[-1.6219,50.7275],[-1.6224,50.7276],[-1.623,50.7277],[-1.6238,50.7279],[-1.6244,50.728],[-1.6259,50.7284],[-1.6262,50.7285],[-1.6265,50.7285],[-1.6274,50.7287],[-1.6278,50.7289],[-1.6293,50.7292],[-1.6298,50.7293],[-1.6311,50.7297],[-1.6313,50.7297],[-1.6321,50.7299],[-1.6334,50.7303],[-1.6346,50.7306],[-1.6352,50.7307],[-1.6356,50.7308],[-1.6367,50.7311],[-1.6372,50.7313],[-1.6379,50.7315],[-1.6397,50.7319],[-1.6404,50.7321],[-1.6408,50.7322],[-1.6413,50.7322],[-1.6419,50.732],[-1.6421,50.732],[-1.6424,50.7321],[-1.6428,50.7322],[-1.6437,50.7325],[-1.6455,50.7329],[-1.647,50.7333],[-1.6473,50.7333],[-1.6475,50.7333],[-1.6476,50.7332],[-1.6475,50.7331],[-1.6479,50.7332],[-1.6481,50.7332],[-1.6484,50.7331],[-1.6486,50.733],[-1.6487,50.733],[-1.6497,50.733],[-1.6498,50.7328],[-1.65,50.7328],[-1.65,50.7329],[-1.6504,50.7331],[-1.6508,50.7332],[-1.6517,50.7334],[-1.652,50.7335],[-1.6532,50.7337],[-1.6541,50.7338],[-1.6546,50.7338],[-1.6547,50.7338],[-1.6547,50.7336],[-1.6549,50.7335],[-1.6551,50.7335],[-1.6551,50.7337],[-1.6553,50.7338],[-1.6563,50.7339],[-1.657,50.734],[-1.6577,50.7342],[-1.6589,50.7344],[-1.6596,50.7345],[-1.6602,50.7345],[-1.6606,50.7345],[-1.6613,50.7346],[-1.6615,50.7345],[-1.6617,50.7342],[-1.6618,50.7343],[-1.6618,50.7344],[-1.6623,50.7346],[-1.6629,50.7346],[-1.6634,50.7347],[-1.6645,50.7348],[-1.6653,50.7349],[-1.6655,50.735],[-1.6663,50.735],[-1.6665,50.735],[-1.6665,50.7347],[-1.6667,50.7347],[-1.6667,50.7349],[-1.6671,50.735],[-1.6679,50.7351],[-1.6683,50.7351],[-1.6693,50.7353],[-1.6698,50.7353],[-1.6701,50.7354],[-1.6704,50.7353],[-1.6706,50.7351],[-1.6708,50.7351],[-1.6708,50.7353],[-1.6712,50.7352],[-1.6716,50.7353],[-1.6721,50.7353],[-1.6724,50.7354],[-1.6729,50.7355],[-1.6731,50.7355],[-1.6731,50.7356],[-1.6737,50.7357],[-1.6747,50.7358],[-1.6763,50.736],[-1.6783,50.7363],[-1.6791,50.7364],[-1.68,50.7365],[-1.6805,50.7366],[-1.6813,50.7367],[-1.6828,50.7368],[-1.6835,50.7369],[-1.6843,50.737],[-1.6857,50.7371],[-1.6867,50.7372],[-1.687,50.7372],[-1.688,50.7373],[-1.6883,50.7374],[-1.6893,50.7375],[-1.6908,50.7376],[-1.6913,50.7375],[-1.6915,50.7374],[-1.6913,50.7372],[-1.6915,50.7371],[-1.692,50.7372],[-1.6924,50.7372],[-1.6925,50.7372],[-1.6923,50.7369],[-1.6924,50.7368],[-1.6926,50.737],[-1.6928,50.737],[-1.6933,50.737],[-1.6935,50.7369],[-1.6936,50.7369],[-1.694,50.7369],[-1.6941,50.7368],[-1.6941,50.7366],[-1.6941,50.7363],[-1.6942,50.7362],[-1.6943,50.7363],[-1.6943,50.7367],[-1.6945,50.7367],[-1.6956,50.7368],[-1.696,50.7368],[-1.6961,50.7367],[-1.6963,50.7368],[-1.6966,50.7368],[-1.6972,50.7368],[-1.6975,50.7368],[-1.6978,50.7367],[-1.6978,50.7364],[-1.698,50.7364],[-1.6981,50.7365],[-1.6995,50.7365],[-1.7006,50.7366],[-1.701,50.7365],[-1.7011,50.7365],[-1.7012,50.7364],[-1.7014,50.7364],[-1.7019,50.7364],[-1.7039,50.7365],[-1.7047,50.7365],[-1.7051,50.7365],[-1.7058,50.7364],[-1.7071,50.7365],[-1.7077,50.7364],[-1.7079,50.7364],[-1.7089,50.7363],[-1.71,50.7363],[-1.711,50.7362],[-1.711,50.736],[-1.7111,50.736],[-1.7113,50.736],[-1.7125,50.7359],[-1.7138,50.7358],[-1.7144,50.7357],[-1.7156,50.7356],[-1.7187,50.7351],[-1.72,50.7349],[-1.7216,50.7347],[-1.7224,50.7345],[-1.7228,50.7344],[-1.7238,50.7342],[-1.7245,50.734],[-1.7253,50.7337],[-1.7257,50.7336],[-1.726,50.7335],[-1.726,50.7334],[-1.7268,50.7332],[-1.727,50.7331],[-1.7275,50.7329],[-1.7275,50.733],[-1.7283,50.7327],[-1.7286,50.7325],[-1.7294,50.7321],[-1.7298,50.7319],[-1.73,50.7317],[-1.7307,50.7314],[-1.7309,50.7312],[-1.7318,50.7307],[-1.7323,50.7303],[-1.7325,50.7301],[-1.7324,50.7301],[-1.7327,50.7299],[-1.7328,50.7298],[-1.7332,50.7295],[-1.7334,50.7294],[-1.7341,50.7289],[-1.7342,50.7288],[-1.734,50.7286],[-1.7346,50.7283],[-1.7348,50.7281],[-1.735,50.728],[-1.7349,50.7278],[-1.7353,50.7276],[-1.7356,50.7273],[-1.7355,50.7272],[-1.7357,50.727],[-1.736,50.7269],[-1.7367,50.7266],[-1.7373,50.7264],[-1.7376,50.7263],[-1.7377,50.7262],[-1.7382,50.726],[-1.7389,50.7257],[-1.7389,50.7255],[-1.7393,50.7255],[-1.7408,50.7244],[-1.7408,50.7242],[-1.7421,50.7236],[-1.7423,50.7235],[-1.7426,50.7236],[-1.7427,50.724],[-1.7425,50.7241],[-1.7426,50.7242],[-1.7424,50.7243],[-1.7423,50.7243],[-1.7424,50.7244],[-1.7422,50.7245],[-1.7419,50.7248],[-1.7418,50.7251],[-1.7418,50.7253],[-1.7418,50.7255],[-1.7417,50.7256],[-1.7412,50.7256],[-1.7411,50.7259],[-1.7413,50.726],[-1.7414,50.7261],[-1.7409,50.7263],[-1.7408,50.7264],[-1.7408,50.7271],[-1.7409,50.727],[-1.741,50.7271],[-1.7411,50.7272],[-1.7416,50.7271],[-1.7416,50.7272],[-1.7419,50.7273],[-1.7423,50.7273],[-1.7423,50.7274],[-1.7427,50.7275],[-1.7429,50.7275],[-1.7433,50.7276],[-1.7433,50.7277],[-1.7434,50.7278],[-1.7434,50.7279],[-1.7434,50.7283],[-1.7435,50.7282],[-1.7435,50.728],[-1.7436,50.7277],[-1.7437,50.7276],[-1.7444,50.7278],[-1.7452,50.7279],[-1.7455,50.7279],[-1.7458,50.7279],[-1.7459,50.7278],[-1.7459,50.7277],[-1.746,50.7276],[-1.7465,50.7276],[-1.7466,50.7275],[-1.7468,50.7274],[-1.7469,50.7272],[-1.747,50.7272],[-1.7468,50.7271],[-1.7464,50.7271],[-1.7462,50.7272],[-1.7459,50.7273],[-1.7457,50.7274],[-1.7459,50.7275],[-1.7459,50.7276],[-1.7457,50.7276],[-1.7455,50.7275],[-1.7455,50.7274],[-1.7458,50.7272],[-1.7458,50.7271],[-1.7461,50.7271],[-1.7467,50.7269],[-1.747,50.7268],[-1.7475,50.7266],[-1.7478,50.7266],[-1.7479,50.7265],[-1.7482,50.7264],[-1.7489,50.7264],[-1.7495,50.7263],[-1.7503,50.726],[-1.7506,50.726],[-1.7515,50.7261],[-1.7526,50.7266],[-1.7529,50.7266],[-1.7532,50.7266],[-1.7533,50.7268],[-1.7536,50.7269],[-1.7541,50.7275],[-1.7543,50.7276],[-1.7543,50.7277],[-1.7548,50.7284],[-1.755,50.7289],[-1.7553,50.7292],[-1.7553,50.7294],[-1.7555,50.7296],[-1.7557,50.7297],[-1.7558,50.7298],[-1.7562,50.7299],[-1.7565,50.7301],[-1.7567,50.7301],[-1.7567,50.7303],[-1.7567,50.7304],[-1.7569,50.7307],[-1.757,50.7308],[-1.7573,50.7307],[-1.7571,50.7305],[-1.757,50.7304],[-1.7572,50.7302],[-1.757,50.73],[-1.7572,50.7298],[-1.7572,50.7296],[-1.7574,50.7294],[-1.7578,50.7292],[-1.758,50.7292],[-1.7581,50.7293],[-1.7586,50.7292],[-1.7592,50.7292],[-1.7593,50.7291],[-1.7596,50.7291],[-1.7592,50.729],[-1.7591,50.729],[-1.7583,50.729],[-1.7579,50.729],[-1.7576,50.7289],[-1.7576,50.7288],[-1.7577,50.7286],[-1.7579,50.7285],[-1.7577,50.7284],[-1.7573,50.7282],[-1.7573,50.7281],[-1.7575,50.7281],[-1.7573,50.7279],[-1.7574,50.7278],[-1.7573,50.7277],[-1.7574,50.7276],[-1.7571,50.7276],[-1.7566,50.7274],[-1.7563,50.7271],[-1.7563,50.7267],[-1.7561,50.7263],[-1.7562,50.7263],[-1.7562,50.726],[-1.7564,50.7262],[-1.7566,50.7262],[-1.7569,50.7265],[-1.7572,50.7264],[-1.7574,50.7265],[-1.7576,50.7266],[-1.7576,50.7264],[-1.7577,50.7264],[-1.7578,50.7262],[-1.7579,50.726],[-1.7581,50.726],[-1.7582,50.7259],[-1.7584,50.7259],[-1.7584,50.726],[-1.7586,50.7261],[-1.7585,50.7262],[-1.7587,50.7262],[-1.7588,50.7264],[-1.7591,50.7267],[-1.7594,50.7267],[-1.7594,50.7266],[-1.7593,50.7265],[-1.7591,50.7264],[-1.759,50.726],[-1.7591,50.7259],[-1.7592,50.7259],[-1.7595,50.726],[-1.7595,50.7257],[-1.7594,50.7255],[-1.7592,50.7252],[-1.7593,50.7251],[-1.7594,50.725],[-1.7592,50.7249],[-1.7593,50.7249],[-1.7591,50.7245],[-1.759,50.7245],[-1.7589,50.7243],[-1.759,50.7242],[-1.7589,50.7241],[-1.7586,50.724],[-1.7579,50.7239],[-1.7578,50.7239],[-1.758,50.7237],[-1.7583,50.7237],[-1.7584,50.7236],[-1.7589,50.7234],[-1.7592,50.7235],[-1.76,50.7237],[-1.7601,50.7237],[-1.7603,50.7238],[-1.7604,50.7241],[-1.7608,50.7243],[-1.7612,50.7246],[-1.7615,50.7249],[-1.7618,50.7251],[-1.7618,50.7252],[-1.762,50.7253],[-1.7621,50.7253],[-1.7622,50.7254],[-1.7625,50.7254],[-1.7621,50.7252],[-1.7621,50.725],[-1.7623,50.725],[-1.7622,50.7248],[-1.762,50.7247],[-1.7621,50.7244],[-1.7618,50.7242],[-1.7617,50.7241],[-1.7613,50.7237],[-1.7613,50.7235],[-1.7614,50.7233],[-1.7616,50.7231],[-1.7618,50.7231],[-1.762,50.7231],[-1.7623,50.7232],[-1.7625,50.7232],[-1.7626,50.7233],[-1.763,50.7234],[-1.7632,50.7233],[-1.7634,50.7234],[-1.7636,50.7233],[-1.764,50.7234],[-1.765,50.7238],[-1.7654,50.7241],[-1.7662,50.7248],[-1.7664,50.7249],[-1.7666,50.7253],[-1.7668,50.7257],[-1.7669,50.7259],[-1.7669,50.7262],[-1.7668,50.7262],[-1.7667,50.7261],[-1.7666,50.7261],[-1.7664,50.7262],[-1.7664,50.7263],[-1.7662,50.7266],[-1.7662,50.7269],[-1.7661,50.7269],[-1.7661,50.7273],[-1.7663,50.7277],[-1.7662,50.7278],[-1.7658,50.7282],[-1.7657,50.7284],[-1.7657,50.7285],[-1.7658,50.7287],[-1.7657,50.729],[-1.7656,50.7291],[-1.7654,50.7293],[-1.7652,50.7297],[-1.765,50.73],[-1.7646,50.7302],[-1.7646,50.7303],[-1.7643,50.7305],[-1.7642,50.7305],[-1.7641,50.7306],[-1.7637,50.7309],[-1.7641,50.7307],[-1.7644,50.7304],[-1.7646,50.7303],[-1.7648,50.7301],[-1.7651,50.73],[-1.7652,50.7298],[-1.7653,50.7296],[-1.7656,50.7292],[-1.7658,50.7289],[-1.7661,50.7285],[-1.7665,50.7285],[-1.7669,50.7286],[-1.7673,50.7286],[-1.7675,50.7285],[-1.7677,50.7282],[-1.7679,50.728],[-1.7683,50.7278],[-1.7685,50.7278],[-1.7688,50.7278],[-1.769,50.7277],[-1.7698,50.7279],[-1.7703,50.7279],[-1.7708,50.728],[-1.7709,50.7281],[-1.7711,50.7282],[-1.7712,50.7284],[-1.7715,50.7288],[-1.7716,50.7289],[-1.7716,50.7291],[-1.7717,50.7291],[-1.7716,50.7293],[-1.7714,50.7296],[-1.7714,50.7298],[-1.7713,50.7299],[-1.771,50.7299],[-1.7707,50.7299],[-1.7702,50.73],[-1.7698,50.7301],[-1.7697,50.7301],[-1.7696,50.7302],[-1.7694,50.7302],[-1.7692,50.7304],[-1.7693,50.7306],[-1.7693,50.731],[-1.7694,50.7315],[-1.7695,50.7318],[-1.7695,50.732],[-1.7693,50.7322],[-1.7696,50.732],[-1.7697,50.7321],[-1.7698,50.7323],[-1.7697,50.7324],[-1.7695,50.7323],[-1.7693,50.7323],[-1.7692,50.7324],[-1.7692,50.7325],[-1.7693,50.7326],[-1.7696,50.7327],[-1.7697,50.7326],[-1.7698,50.7327],[-1.7694,50.7328],[-1.7695,50.7333],[-1.7698,50.7337],[-1.7696,50.7333],[-1.7694,50.7328],[-1.7698,50.7328],[-1.7699,50.7328],[-1.7699,50.7332],[-1.77,50.7334],[-1.7703,50.7339],[-1.7705,50.7343],[-1.7707,50.7347],[-1.7707,50.7348],[-1.7708,50.7349],[-1.7709,50.735],[-1.7709,50.7352],[-1.771,50.7354],[-1.7707,50.7354],[-1.7704,50.7355],[-1.7704,50.7357],[-1.7706,50.7358],[-1.7708,50.7357],[-1.7708,50.7355],[-1.771,50.7354],[-1.7713,50.7356],[-1.7714,50.7357],[-1.7714,50.7359],[-1.7714,50.736],[-1.7713,50.7363],[-1.7714,50.7365],[-1.7715,50.7367],[-1.7716,50.7367],[-1.772,50.7369],[-1.7723,50.7368],[-1.7725,50.7369],[-1.7727,50.7368],[-1.7726,50.7366],[-1.7725,50.7365],[-1.7727,50.7363],[-1.7729,50.7362],[-1.7731,50.7363],[-1.7733,50.7364],[-1.7734,50.7366],[-1.7737,50.7369],[-1.7737,50.7371],[-1.774,50.7375],[-1.7741,50.7377],[-1.7741,50.7379],[-1.7737,50.738],[-1.7736,50.7381],[-1.7734,50.7383],[-1.7734,50.7384],[-1.7733,50.7385],[-1.773,50.7385],[-1.7723,50.7388],[-1.7722,50.7389],[-1.7718,50.7389],[-1.7715,50.7389],[-1.771,50.7392],[-1.771,50.7395],[-1.7708,50.7397],[-1.7711,50.7394],[-1.7711,50.7392],[-1.7716,50.739],[-1.7719,50.7389],[-1.7721,50.739],[-1.7724,50.7388],[-1.773,50.7387],[-1.7732,50.7386],[-1.7734,50.7385],[-1.7735,50.7387],[-1.7739,50.7388],[-1.7741,50.7387],[-1.7745,50.7388],[-1.7747,50.7387],[-1.7747,50.7386],[-1.7743,50.7385],[-1.7741,50.7387],[-1.7737,50.7386],[-1.7736,50.7384],[-1.7736,50.7382],[-1.7738,50.738],[-1.774,50.7379],[-1.7743,50.738],[-1.7744,50.7381],[-1.7746,50.7383],[-1.7748,50.7384],[-1.7756,50.7385],[-1.7759,50.7387],[-1.7762,50.7391],[-1.7765,50.7392],[-1.7769,50.7393],[-1.7772,50.7393],[-1.7777,50.7392],[-1.7783,50.739],[-1.7785,50.7389],[-1.778,50.7386],[-1.7779,50.7389],[-1.7776,50.739],[-1.7772,50.7391],[-1.7771,50.739],[-1.7767,50.739],[-1.7763,50.7388],[-1.7759,50.7383],[-1.7754,50.7381],[-1.7749,50.7379],[-1.7747,50.7378],[-1.7744,50.7376],[-1.7743,50.7373],[-1.7744,50.7372],[-1.7744,50.7371],[-1.7742,50.7367],[-1.7739,50.7364],[-1.7737,50.7363],[-1.7734,50.736],[-1.7733,50.7359],[-1.7734,50.7357],[-1.7736,50.7356],[-1.7737,50.7357],[-1.7739,50.7356],[-1.7741,50.7352],[-1.7742,50.7351],[-1.7744,50.7348],[-1.7741,50.7348],[-1.7741,50.7346],[-1.7739,50.7344],[-1.7737,50.7341],[-1.7737,50.7338],[-1.7731,50.7332],[-1.773,50.7331],[-1.7725,50.7327],[-1.7717,50.7321],[-1.7716,50.732],[-1.7718,50.7318],[-1.7717,50.7318],[-1.7714,50.7319],[-1.7713,50.7318],[-1.7706,50.7313],[-1.7704,50.731],[-1.77,50.7308],[-1.77,50.7307],[-1.77,50.7305],[-1.7701,50.7305],[-1.7704,50.7304],[-1.7712,50.7303],[-1.7713,50.7303],[-1.7712,50.7306],[-1.7713,50.7307],[-1.7715,50.7303],[-1.7718,50.7302],[-1.772,50.7303],[-1.7723,50.7305],[-1.7727,50.7303],[-1.7729,50.7305],[-1.7731,50.7303],[-1.7732,50.7304],[-1.7735,50.7303],[-1.7739,50.7302],[-1.7743,50.7304],[-1.7746,50.7306],[-1.7745,50.7306],[-1.7747,50.7308],[-1.775,50.7305],[-1.7752,50.7306],[-1.7753,50.7304],[-1.7754,50.7304],[-1.7755,50.7305],[-1.7757,50.7306],[-1.7761,50.7307],[-1.7763,50.7307],[-1.7766,50.7305],[-1.7772,50.7303],[-1.7775,50.7303],[-1.7778,50.7303],[-1.778,50.7303],[-1.7783,50.7303],[-1.7787,50.7302],[-1.779,50.7301],[-1.7792,50.73],[-1.7795,50.73],[-1.7798,50.7299],[-1.7803,50.7299],[-1.7809,50.73],[-1.7811,50.73],[-1.7812,50.73],[-1.7817,50.73],[-1.782,50.7301],[-1.783,50.7303],[-1.7838,50.7303],[-1.7841,50.7303],[-1.7846,50.7303],[-1.7852,50.7303],[-1.786,50.7303],[-1.7862,50.7302],[-1.7867,50.7302],[-1.7869,50.73],[-1.7869,50.7299],[-1.7862,50.73],[-1.786,50.7301],[-1.7857,50.7302],[-1.7854,50.7302],[-1.7856,50.7301],[-1.7861,50.7298],[-1.7867,50.7297],[-1.7869,50.7296],[-1.7874,50.7297],[-1.788,50.7299],[-1.7885,50.7301],[-1.789,50.7302],[-1.7895,50.7304],[-1.7898,50.7304],[-1.79,50.7304],[-1.7898,50.7303],[-1.7896,50.7302],[-1.7894,50.7302],[-1.7892,50.7301],[-1.7894,50.73],[-1.7903,50.7301],[-1.791,50.7302],[-1.7913,50.7303],[-1.7909,50.7306],[-1.7906,50.7307],[-1.7905,50.7309],[-1.7902,50.7313],[-1.7906,50.7314],[-1.791,50.7309],[-1.7913,50.7307],[-1.7915,50.7305],[-1.7916,50.7304],[-1.7917,50.7303],[-1.7926,50.7305],[-1.7932,50.7307],[-1.7938,50.7309],[-1.7942,50.7312],[-1.7943,50.7315],[-1.7943,50.7316],[-1.794,50.7317],[-1.7932,50.7316],[-1.7928,50.7316],[-1.7924,50.7316],[-1.792,50.7317],[-1.7917,50.7319],[-1.7915,50.7321],[-1.7913,50.7325],[-1.7913,50.7329],[-1.7913,50.7334],[-1.7914,50.7336],[-1.7918,50.734],[-1.7918,50.7342],[-1.792,50.7343],[-1.7921,50.7345],[-1.7924,50.7344],[-1.7928,50.7345],[-1.7932,50.7348],[-1.7933,50.7351],[-1.7933,50.7353],[-1.7932,50.7355],[-1.7931,50.7356],[-1.793,50.736],[-1.7929,50.7363],[-1.793,50.7364],[-1.7929,50.7366],[-1.7928,50.7368],[-1.7928,50.7369],[-1.793,50.7372],[-1.7932,50.7373],[-1.7935,50.7373],[-1.7941,50.7375],[-1.7942,50.7374],[-1.7937,50.7372],[-1.7938,50.7372],[-1.7944,50.7372],[-1.7946,50.7372],[-1.7947,50.7373],[-1.7949,50.7375],[-1.7951,50.7378],[-1.7952,50.7379],[-1.7954,50.7382],[-1.7954,50.7384],[-1.7958,50.7391],[-1.7959,50.7393],[-1.7963,50.7395],[-1.7966,50.7396],[-1.797,50.7396],[-1.7972,50.7394],[-1.7973,50.7393],[-1.7981,50.7391],[-1.7988,50.7391],[-1.7993,50.7393],[-1.7999,50.7394],[-1.8006,50.7394],[-1.8011,50.7394],[-1.8014,50.7395],[-1.8021,50.7396],[-1.8027,50.7399],[-1.803,50.7401],[-1.8031,50.7404],[-1.8031,50.7405],[-1.8034,50.7407],[-1.8037,50.7411],[-1.8039,50.7413],[-1.804,50.7414],[-1.8041,50.7412],[-1.8042,50.7412],[-1.8055,50.7412],[-1.806,50.7413],[-1.8062,50.7414],[-1.8066,50.7411],[-1.8064,50.741],[-1.8053,50.741],[-1.8044,50.741],[-1.8039,50.7408],[-1.8037,50.7407],[-1.8036,50.7404],[-1.8036,50.7402],[-1.8035,50.7401],[-1.8033,50.7399],[-1.803,50.7397],[-1.8024,50.7395],[-1.8017,50.7393],[-1.8015,50.7392],[-1.801,50.7392],[-1.8002,50.7391],[-1.7999,50.739],[-1.7996,50.7389],[-1.7993,50.7389],[-1.7992,50.7389],[-1.7989,50.7389],[-1.7985,50.7388],[-1.7977,50.7389],[-1.7967,50.7391],[-1.7964,50.7392],[-1.7962,50.7391],[-1.796,50.7385],[-1.7959,50.7384],[-1.7959,50.7382],[-1.7956,50.7378],[-1.7954,50.7375],[-1.7955,50.7373],[-1.7952,50.7371],[-1.7946,50.7369],[-1.7941,50.7368],[-1.7938,50.7367],[-1.7935,50.7366],[-1.7934,50.7365],[-1.7934,50.7364],[-1.7934,50.7361],[-1.7936,50.7358],[-1.7937,50.7358],[-1.794,50.7358],[-1.794,50.736],[-1.7943,50.7362],[-1.7943,50.7361],[-1.7943,50.7358],[-1.7941,50.7355],[-1.794,50.7352],[-1.7938,50.7349],[-1.7936,50.7345],[-1.7932,50.7343],[-1.7927,50.734],[-1.7926,50.7339],[-1.7921,50.7337],[-1.7918,50.7334],[-1.7917,50.7331],[-1.7917,50.7327],[-1.7918,50.7324],[-1.7922,50.7321],[-1.7924,50.7321],[-1.7923,50.7319],[-1.7924,50.7318],[-1.7927,50.7318],[-1.7931,50.7319],[-1.7934,50.732],[-1.7936,50.7321],[-1.794,50.7321],[-1.7946,50.732],[-1.7947,50.7318],[-1.7948,50.7316],[-1.7948,50.7313],[-1.7947,50.7311],[-1.7944,50.7308],[-1.7938,50.7305],[-1.7934,50.7304],[-1.7928,50.7302],[-1.7924,50.7302],[-1.7922,50.7301],[-1.7913,50.73],[-1.791,50.7298],[-1.7907,50.7298],[-1.7899,50.7296],[-1.7898,50.7295],[-1.7897,50.7294],[-1.789,50.7294],[-1.7884,50.7294],[-1.7881,50.7295],[-1.7881,50.7294],[-1.7884,50.7293],[-1.7884,50.7291],[-1.788,50.7292],[-1.788,50.7291],[-1.7874,50.7291],[-1.7869,50.7292],[-1.7856,50.7295],[-1.7851,50.7298],[-1.7847,50.7299],[-1.7841,50.73],[-1.7838,50.73],[-1.7834,50.7299],[-1.7817,50.7296],[-1.7816,50.7295],[-1.7813,50.7294],[-1.7813,50.7293],[-1.7815,50.7292],[-1.7812,50.7292],[-1.7811,50.729],[-1.7808,50.7292],[-1.7806,50.7291],[-1.7806,50.729],[-1.7802,50.7289],[-1.78,50.729],[-1.7795,50.7289],[-1.7791,50.729],[-1.7786,50.7291],[-1.7783,50.7293],[-1.7783,50.7294],[-1.7773,50.7297],[-1.7773,50.7295],[-1.7782,50.7291],[-1.7773,50.7295],[-1.7772,50.7296],[-1.777,50.7298],[-1.7763,50.7299],[-1.7756,50.73],[-1.7751,50.7299],[-1.7744,50.7298],[-1.7741,50.7297],[-1.7737,50.7296],[-1.7735,50.7294],[-1.7732,50.7292],[-1.7731,50.7289],[-1.7728,50.7286],[-1.7723,50.7282],[-1.772,50.728],[-1.7717,50.7279],[-1.7711,50.7277],[-1.7701,50.7275],[-1.7695,50.7273],[-1.7695,50.7272],[-1.769,50.727],[-1.7687,50.7269],[-1.7685,50.7267],[-1.7684,50.7265],[-1.7682,50.7264],[-1.7681,50.7263],[-1.7682,50.7262],[-1.768,50.726],[-1.7679,50.7259],[-1.7678,50.7256],[-1.7679,50.7256],[-1.7678,50.7253],[-1.7679,50.7251],[-1.7681,50.725],[-1.7685,50.725],[-1.7687,50.725],[-1.7685,50.7247],[-1.7683,50.724],[-1.7682,50.7238],[-1.7684,50.7237],[-1.7683,50.7236],[-1.768,50.7235],[-1.7677,50.7231],[-1.7677,50.7229],[-1.7675,50.7228],[-1.7673,50.7226],[-1.7674,50.7224],[-1.767,50.7222],[-1.7671,50.722],[-1.7669,50.7219],[-1.7663,50.7217],[-1.7661,50.7216],[-1.7661,50.7214],[-1.7659,50.7214],[-1.7656,50.7213],[-1.7653,50.7213],[-1.7649,50.7212],[-1.7647,50.7211],[-1.7647,50.721],[-1.7641,50.721],[-1.7635,50.7207],[-1.763,50.7208],[-1.7629,50.7208],[-1.7627,50.7209],[-1.7622,50.7208],[-1.762,50.7207],[-1.7619,50.7207],[-1.7617,50.7207],[-1.7615,50.7205],[-1.7611,50.7204],[-1.761,50.7203],[-1.7608,50.7202],[-1.7608,50.72],[-1.761,50.7199],[-1.7611,50.72],[-1.7614,50.7198],[-1.7616,50.7199],[-1.7619,50.7201],[-1.7618,50.7201],[-1.762,50.7202],[-1.762,50.7203],[-1.7622,50.7203],[-1.7624,50.7202],[-1.7623,50.72],[-1.7623,50.7199],[-1.7622,50.7198],[-1.7623,50.7197],[-1.7626,50.7196],[-1.7626,50.7194],[-1.7623,50.7194],[-1.7624,50.7192],[-1.7624,50.7191],[-1.7626,50.719],[-1.7631,50.7191],[-1.763,50.719],[-1.7631,50.7188],[-1.7633,50.7188],[-1.7635,50.7189],[-1.7635,50.7191],[-1.7637,50.7194],[-1.7637,50.7195],[-1.7639,50.7197],[-1.7637,50.7198],[-1.7638,50.7199],[-1.764,50.7198],[-1.7642,50.7199],[-1.7643,50.7198],[-1.7641,50.7197],[-1.7639,50.7196],[-1.7638,50.7194],[-1.7638,50.7192],[-1.7637,50.7191],[-1.7636,50.7188],[-1.7632,50.7188],[-1.763,50.7188],[-1.763,50.719],[-1.7629,50.7191],[-1.7628,50.719],[-1.7627,50.7188],[-1.7625,50.7186],[-1.7617,50.7182],[-1.7615,50.7181],[-1.7611,50.718],[-1.7606,50.7179],[-1.7598,50.7177],[-1.7594,50.7177],[-1.7591,50.7177],[-1.7586,50.7177],[-1.7582,50.7179],[-1.7577,50.7181],[-1.7573,50.7183],[-1.7566,50.7184],[-1.7564,50.7185],[-1.7561,50.7184],[-1.7559,50.7183],[-1.7554,50.7183],[-1.755,50.7183],[-1.754,50.7184],[-1.7539,50.7183],[-1.7536,50.7183],[-1.7531,50.7184],[-1.7528,50.7185],[-1.7523,50.7185],[-1.7519,50.7186],[-1.7513,50.7186],[-1.7511,50.7185],[-1.7504,50.7183],[-1.7495,50.7181],[-1.7491,50.718],[-1.7481,50.7181],[-1.7477,50.718],[-1.7474,50.718],[-1.747,50.718],[-1.7467,50.7179],[-1.7466,50.7178],[-1.7467,50.7177],[-1.7468,50.7177],[-1.7468,50.7178],[-1.747,50.7179],[-1.7474,50.7179],[-1.7475,50.7178],[-1.7473,50.7178],[-1.747,50.7178],[-1.7468,50.7178],[-1.7468,50.7177],[-1.747,50.7175],[-1.7472,50.7175],[-1.7475,50.7176],[-1.7476,50.7176],[-1.7479,50.7176],[-1.7485,50.7176],[-1.7484,50.7178],[-1.7485,50.7179],[-1.7487,50.7176],[-1.7497,50.7176],[-1.75,50.7176],[-1.7501,50.7175],[-1.7502,50.7174],[-1.7504,50.7175],[-1.7504,50.7173],[-1.75,50.7175],[-1.7498,50.7174],[-1.7496,50.7175],[-1.7495,50.7175],[-1.7491,50.7175],[-1.7487,50.7175],[-1.7485,50.7175],[-1.7481,50.7175],[-1.7478,50.7175],[-1.7479,50.7171],[-1.7472,50.717],[-1.7468,50.717],[-1.7468,50.7164],[-1.7469,50.716],[-1.7472,50.7161],[-1.7478,50.7162],[-1.7483,50.7164],[-1.7485,50.7165],[-1.7489,50.7164],[-1.749,50.7162],[-1.7489,50.7161],[-1.749,50.7161],[-1.7487,50.716],[-1.7487,50.7159],[-1.7485,50.7158],[-1.7485,50.7156],[-1.748,50.7155],[-1.7476,50.7155],[-1.7472,50.7155],[-1.7468,50.7156],[-1.7467,50.7154],[-1.7466,50.7154],[-1.7465,50.7155],[-1.7463,50.7155],[-1.7461,50.7155],[-1.7459,50.7157],[-1.7461,50.7161],[-1.7462,50.7161],[-1.7466,50.716],[-1.7467,50.7163],[-1.7466,50.7169],[-1.7462,50.7168],[-1.746,50.7167],[-1.7458,50.7167],[-1.7459,50.7169],[-1.7458,50.717],[-1.7458,50.7173],[-1.7461,50.7173],[-1.7464,50.7174],[-1.7464,50.7175],[-1.7464,50.7177],[-1.7467,50.718],[-1.7464,50.7181],[-1.746,50.718],[-1.7456,50.7179],[-1.7453,50.718],[-1.7452,50.718],[-1.7448,50.718],[-1.7447,50.7181],[-1.7445,50.7182],[-1.7442,50.7183],[-1.7439,50.7185],[-1.7434,50.7189],[-1.7433,50.7192],[-1.7432,50.7195],[-1.7431,50.7197],[-1.7429,50.72],[-1.7428,50.7203],[-1.7428,50.7207],[-1.7429,50.7212],[-1.743,50.7216],[-1.7429,50.722],[-1.7428,50.7223],[-1.7427,50.7224],[-1.7425,50.7223],[-1.7424,50.7224],[-1.7423,50.7228],[-1.7422,50.7229],[-1.742,50.7229],[-1.7416,50.7233],[-1.741,50.7235],[-1.7407,50.7236],[-1.7403,50.7239],[-1.7399,50.7242],[-1.7397,50.7243],[-1.7397,50.7244],[-1.7395,50.7244],[-1.7394,50.7243],[-1.7395,50.7241],[-1.7399,50.7238],[-1.7401,50.7235],[-1.7402,50.7231],[-1.7403,50.7227],[-1.7402,50.7225],[-1.7404,50.7223],[-1.7406,50.722],[-1.7406,50.7218],[-1.7405,50.7217],[-1.7407,50.7215],[-1.7409,50.7214],[-1.741,50.7212],[-1.741,50.7211],[-1.7409,50.721],[-1.7412,50.7207],[-1.7413,50.7205],[-1.7413,50.7203],[-1.7412,50.7202],[-1.7415,50.7199],[-1.7416,50.7198],[-1.7416,50.7196],[-1.7413,50.7195],[-1.7417,50.7193],[-1.742,50.7191],[-1.7421,50.7189],[-1.7419,50.7188],[-1.7424,50.7184],[-1.7426,50.7182],[-1.7426,50.7181],[-1.7425,50.718],[-1.7429,50.7178],[-1.7431,50.7176],[-1.7432,50.7174],[-1.7431,50.7173],[-1.7435,50.7171],[-1.7436,50.7169],[-1.7438,50.7168],[-1.7436,50.7167],[-1.744,50.7164],[-1.7442,50.7162],[-1.744,50.7161],[-1.7443,50.716],[-1.7445,50.7158],[-1.7446,50.7156],[-1.7446,50.7154],[-1.7449,50.7152],[-1.7451,50.7151],[-1.7451,50.7149],[-1.7449,50.7148],[-1.7452,50.7145],[-1.7452,50.7143],[-1.7452,50.7141],[-1.7458,50.7139],[-1.7461,50.7137],[-1.746,50.7136],[-1.7464,50.7136],[-1.7467,50.7134],[-1.7467,50.7133],[-1.7469,50.7133],[-1.7472,50.7132],[-1.7475,50.713],[-1.748,50.7129],[-1.7483,50.7127],[-1.7481,50.7126],[-1.7482,50.7125],[-1.7485,50.7125],[-1.7488,50.7124],[-1.7488,50.7122],[-1.7488,50.7117],[-1.7488,50.7115],[-1.7487,50.7112],[-1.7488,50.7111],[-1.7489,50.7117],[-1.7494,50.7118],[-1.75,50.7121],[-1.7504,50.7122],[-1.7508,50.7123],[-1.7517,50.7126],[-1.7522,50.7127],[-1.7531,50.713],[-1.7539,50.7133],[-1.7542,50.7134],[-1.755,50.7136],[-1.7561,50.7138],[-1.7574,50.7141],[-1.7579,50.7142],[-1.7586,50.7144],[-1.759,50.7144],[-1.7599,50.7147],[-1.761,50.7149],[-1.7624,50.7152],[-1.7635,50.7155],[-1.764,50.7156],[-1.7646,50.7157],[-1.7658,50.716],[-1.7668,50.7162],[-1.7672,50.7162],[-1.7677,50.7163],[-1.7678,50.7162],[-1.7679,50.7163],[-1.7685,50.7163],[-1.7693,50.7165],[-1.7697,50.7165],[-1.7703,50.7166],[-1.7705,50.7166],[-1.7709,50.7167],[-1.7722,50.7169],[-1.7728,50.717],[-1.773,50.7169],[-1.7731,50.717],[-1.7737,50.717],[-1.7746,50.7171],[-1.7756,50.7172],[-1.7756,50.7171],[-1.7766,50.7172],[-1.7771,50.7173],[-1.7776,50.7173],[-1.7783,50.7173],[-1.7783,50.7174],[-1.7788,50.7175],[-1.7802,50.7177],[-1.7805,50.7177],[-1.7808,50.7176],[-1.7811,50.7177],[-1.7818,50.7178],[-1.7823,50.7178],[-1.7829,50.7179],[-1.7832,50.7179],[-1.7835,50.7179],[-1.7838,50.7179],[-1.7843,50.718],[-1.7848,50.718],[-1.7848,50.7179],[-1.7856,50.718],[-1.786,50.7181],[-1.7871,50.7182],[-1.7874,50.7182],[-1.7877,50.7183],[-1.7884,50.7184],[-1.789,50.7184],[-1.7892,50.7184],[-1.7897,50.7185],[-1.7904,50.7185],[-1.7916,50.7186],[-1.7922,50.7186],[-1.7931,50.7188],[-1.7935,50.7188],[-1.7944,50.7189],[-1.7947,50.7189],[-1.7948,50.719],[-1.7958,50.7191],[-1.7962,50.7191],[-1.7964,50.7192],[-1.7973,50.7193],[-1.798,50.7193],[-1.7979,50.7194],[-1.7985,50.7195],[-1.7991,50.7195],[-1.7993,50.7196],[-1.8008,50.7197],[-1.8011,50.7197],[-1.8021,50.7198],[-1.8021,50.7199],[-1.8031,50.72],[-1.8038,50.72],[-1.804,50.72],[-1.8048,50.7201],[-1.8056,50.7201],[-1.806,50.7201],[-1.8068,50.7201],[-1.8082,50.7201],[-1.8093,50.7202],[-1.8099,50.7203],[-1.8106,50.7203],[-1.812,50.7203],[-1.8127,50.7202],[-1.8127,50.7204],[-1.8133,50.7204],[-1.8148,50.7205],[-1.8152,50.7205],[-1.8152,50.7206],[-1.8158,50.7206],[-1.8172,50.7206],[-1.8174,50.7206],[-1.8186,50.7206],[-1.8193,50.7206],[-1.8193,50.7205],[-1.8196,50.7205],[-1.8205,50.7205],[-1.8212,50.7204],[-1.8212,50.7203],[-1.8224,50.7203],[-1.8233,50.7202],[-1.8235,50.7203],[-1.8247,50.7202],[-1.8254,50.7202],[-1.8255,50.7202],[-1.8265,50.7201],[-1.8279,50.7201],[-1.8286,50.7201],[-1.8295,50.72],[-1.83,50.7199],[-1.8305,50.7199],[-1.8313,50.72],[-1.8322,50.7199],[-1.8331,50.7199],[-1.834,50.7198],[-1.8348,50.7198],[-1.8355,50.7197],[-1.8362,50.7197],[-1.8375,50.7196],[-1.8385,50.7197],[-1.8396,50.7196],[-1.8402,50.7196],[-1.8405,50.7196],[-1.841,50.7196],[-1.8416,50.7196],[-1.842,50.7196],[-1.8425,50.7195],[-1.843,50.7194],[-1.8438,50.7194],[-1.8448,50.7194],[-1.8454,50.7194],[-1.8454,50.7193],[-1.8463,50.7193],[-1.8468,50.7193],[-1.847,50.7192],[-1.8477,50.7191],[-1.8477,50.719],[-1.8487,50.719],[-1.8489,50.7189],[-1.8499,50.7188],[-1.85,50.7187],[-1.8505,50.7187],[-1.8516,50.7186],[-1.8519,50.7186],[-1.8522,50.7185],[-1.8523,50.7184],[-1.8534,50.7183],[-1.854,50.7182],[-1.8548,50.7182],[-1.8551,50.7181],[-1.8557,50.7181],[-1.8566,50.718],[-1.8577,50.7179],[-1.8587,50.7178],[-1.8598,50.7177],[-1.8605,50.7176],[-1.862,50.7175],[-1.8622,50.7174],[-1.8623,50.7175],[-1.8631,50.7174],[-1.8637,50.7174],[-1.8644,50.7173],[-1.8647,50.7172],[-1.8648,50.7173],[-1.8666,50.7171],[-1.8672,50.7171],[-1.8672,50.717],[-1.868,50.7169],[-1.8692,50.7167],[-1.8696,50.7166],[-1.8707,50.7164],[-1.8719,50.7162],[-1.8719,50.716],[-1.8732,50.7158],[-1.8738,50.7157],[-1.8748,50.7155],[-1.8752,50.7154],[-1.876,50.7154],[-1.8767,50.7152],[-1.8773,50.7151],[-1.8781,50.7151],[-1.8788,50.7149],[-1.8795,50.7148],[-1.8808,50.7145],[-1.8818,50.7143],[-1.8818,50.7142],[-1.8825,50.7141],[-1.8835,50.714],[-1.8844,50.7139],[-1.8849,50.7138],[-1.8849,50.7137],[-1.8858,50.7135],[-1.8862,50.7135],[-1.8867,50.7134],[-1.8873,50.7132],[-1.8878,50.7131],[-1.8878,50.713],[-1.8891,50.7127],[-1.8903,50.7125],[-1.8909,50.7123],[-1.8908,50.7122],[-1.892,50.7119],[-1.893,50.7117],[-1.8934,50.7116],[-1.8933,50.7114],[-1.8934,50.7114],[-1.894,50.7113],[-1.8949,50.7111],[-1.8955,50.7109],[-1.8954,50.7108],[-1.8959,50.7107],[-1.8963,50.7106],[-1.8973,50.7103],[-1.8972,50.7102],[-1.8976,50.7101],[-1.8982,50.71],[-1.8987,50.7098],[-1.8986,50.7098],[-1.8991,50.7097],[-1.8999,50.7095],[-1.9,50.7094],[-1.8999,50.7093],[-1.9012,50.709],[-1.9019,50.7087],[-1.9021,50.7087],[-1.9022,50.7085],[-1.9021,50.7084],[-1.902,50.7083],[-1.9022,50.7083],[-1.9023,50.7084],[-1.9029,50.7082],[-1.904,50.7079],[-1.9041,50.7078],[-1.904,50.7075],[-1.9041,50.7075],[-1.9043,50.7077],[-1.9052,50.7074],[-1.9057,50.7072],[-1.9061,50.707],[-1.9059,50.7068],[-1.906,50.7068],[-1.9062,50.7069],[-1.9064,50.7068],[-1.9077,50.7063],[-1.9079,50.7063],[-1.908,50.7061],[-1.9082,50.7061],[-1.9088,50.7059],[-1.9095,50.7057],[-1.9101,50.7054],[-1.9118,50.7048],[-1.9121,50.7047],[-1.9128,50.7044],[-1.9136,50.704],[-1.9143,50.7037],[-1.9149,50.7033],[-1.9153,50.7031],[-1.9159,50.7027],[-1.9169,50.7022],[-1.9184,50.7014],[-1.9187,50.7012],[-1.9198,50.7006],[-1.9213,50.6998],[-1.9226,50.699],[-1.9231,50.6988],[-1.924,50.6981],[-1.9246,50.6976],[-1.9249,50.6973],[-1.9258,50.6967],[-1.9269,50.6961],[-1.9275,50.6956],[-1.9277,50.6953],[-1.9281,50.6951],[-1.9289,50.6946],[-1.9299,50.6939],[-1.9309,50.6933],[-1.9318,50.6927],[-1.9321,50.6924],[-1.9327,50.692],[-1.9328,50.6919],[-1.9335,50.6915],[-1.9338,50.6912],[-1.9338,50.6911],[-1.9335,50.691],[-1.9335,50.6909],[-1.9337,50.6909],[-1.9339,50.691],[-1.9341,50.6908],[-1.9348,50.6904],[-1.9349,50.6902],[-1.9346,50.69],[-1.9348,50.69],[-1.9349,50.69],[-1.935,50.69],[-1.9357,50.6896],[-1.9359,50.6894],[-1.9359,50.6893],[-1.9357,50.6892],[-1.9357,50.689],[-1.9359,50.6891],[-1.937,50.6885],[-1.9372,50.6882],[-1.9373,50.6881],[-1.9369,50.688],[-1.937,50.6878],[-1.9372,50.6879],[-1.9374,50.6879],[-1.9378,50.6877],[-1.9379,50.6876],[-1.9386,50.6872],[-1.9387,50.6869],[-1.9382,50.6867],[-1.9382,50.6866],[-1.9384,50.6866],[-1.9386,50.6867],[-1.9388,50.6867],[-1.9391,50.6865],[-1.9396,50.6863],[-1.9399,50.686],[-1.9399,50.6858],[-1.9395,50.6857],[-1.9395,50.6856],[-1.9397,50.6856],[-1.94,50.6858],[-1.9402,50.6858],[-1.9404,50.6857],[-1.9413,50.6852],[-1.9415,50.685],[-1.9415,50.6849],[-1.9413,50.6848],[-1.9414,50.6847],[-1.9416,50.6848],[-1.942,50.6846],[-1.9424,50.6844],[-1.9428,50.6842],[-1.943,50.6841],[-1.943,50.6838],[-1.9434,50.6833],[-1.9436,50.6833],[-1.9436,50.6834],[-1.9433,50.6837],[-1.9436,50.6838],[-1.9439,50.6838],[-1.9443,50.6838],[-1.9446,50.6838],[-1.9449,50.6836],[-1.9449,50.6835],[-1.9451,50.6835],[-1.9454,50.6835],[-1.9456,50.6833],[-1.9458,50.683],[-1.9455,50.6828],[-1.9456,50.6827],[-1.9459,50.6829],[-1.9461,50.683],[-1.9465,50.6829],[-1.9469,50.6828],[-1.9469,50.6827],[-1.9471,50.6825],[-1.9484,50.6815],[-1.9497,50.6804],[-1.9498,50.6803],[-1.9498,50.6802],[-1.9498,50.68],[-1.9498,50.6799],[-1.9493,50.6791],[-1.949,50.6788],[-1.9488,50.6785],[-1.9487,50.6784],[-1.9485,50.6782],[-1.9483,50.6781],[-1.9477,50.6777],[-1.9476,50.6775],[-1.9471,50.6767],[-1.9467,50.6762],[-1.9465,50.6759],[-1.9459,50.6754],[-1.9454,50.6751],[-1.9452,50.675],[-1.9447,50.6748],[-1.9443,50.6747],[-1.9438,50.6746],[-1.9434,50.6746],[-1.9428,50.6744],[-1.9426,50.6743],[-1.9422,50.6742],[-1.9419,50.6742],[-1.9415,50.674],[-1.9414,50.6739],[-1.9412,50.673],[-1.9412,50.6728],[-1.9411,50.6727],[-1.9411,50.6726],[-1.9411,50.6724],[-1.9411,50.6721],[-1.9412,50.6716],[-1.9412,50.6713],[-1.9414,50.6709],[-1.9417,50.6705],[-1.942,50.67],[-1.9424,50.6695],[-1.9427,50.6693],[-1.9431,50.6689],[-1.9433,50.6687],[-1.9438,50.6683],[-1.9444,50.6677],[-1.9449,50.6672],[-1.945,50.667],[-1.9452,50.6668],[-1.9455,50.6665],[-1.9459,50.6661],[-1.9461,50.6657],[-1.9463,50.6654],[-1.9469,50.6647],[-1.9472,50.6644],[-1.9476,50.6639],[-1.9481,50.6632],[-1.9483,50.663],[-1.9483,50.6629],[-1.9484,50.6628],[-1.9485,50.6628],[-1.9485,50.6627],[-1.9487,50.6624],[-1.9491,50.6621],[-1.9494,50.6616],[-1.9498,50.6611],[-1.9503,50.6602],[-1.9503,50.6601],[-1.9505,50.6598],[-1.9505,50.6597],[-1.9505,50.6596],[-1.9506,50.6596],[-1.9508,50.659],[-1.9513,50.6582],[-1.9515,50.6577],[-1.9521,50.6567],[-1.9523,50.6561],[-1.9525,50.6556],[-1.9525,50.6555],[-1.9525,50.6554],[-1.9525,50.6553],[-1.9525,50.6552],[-1.9525,50.6546],[-1.9526,50.6544],[-1.9527,50.6541],[-1.9528,50.6537],[-1.9528,50.6532],[-1.9527,50.6529],[-1.9528,50.6526],[-1.9529,50.6523],[-1.9529,50.652],[-1.9528,50.6516],[-1.9528,50.6514],[-1.9528,50.6513],[-1.9527,50.651],[-1.9526,50.6507],[-1.9522,50.6501],[-1.9518,50.6497],[-1.9515,50.6492],[-1.9513,50.6489],[-1.9512,50.6487],[-1.9509,50.6483],[-1.9508,50.648],[-1.9505,50.6475],[-1.9503,50.6472],[-1.9501,50.6468],[-1.95,50.6466],[-1.9498,50.6461],[-1.9497,50.646],[-1.9496,50.646],[-1.9496,50.6459],[-1.9495,50.6459],[-1.9491,50.6456],[-1.9488,50.6454],[-1.9486,50.6454],[-1.9485,50.6455],[-1.9484,50.6455],[-1.9482,50.6455],[-1.9481,50.6455],[-1.948,50.6455],[-1.948,50.6456],[-1.9478,50.6456],[-1.9478,50.6455],[-1.9477,50.6455],[-1.9476,50.6454],[-1.9475,50.6454],[-1.9473,50.6453],[-1.9471,50.6453],[-1.9469,50.6453],[-1.9469,50.6451],[-1.9457,50.6442],[-1.9449,50.6434],[-1.9446,50.643],[-1.9442,50.6427],[-1.9438,50.6424],[-1.9428,50.6419],[-1.9426,50.6417],[-1.9425,50.6416],[-1.9424,50.6416],[-1.9423,50.6415],[-1.9415,50.641],[-1.9409,50.6408],[-1.9408,50.6407],[-1.9406,50.6407],[-1.9405,50.6407],[-1.9403,50.6408],[-1.9399,50.641],[-1.9398,50.6411],[-1.9397,50.6411],[-1.9396,50.6411],[-1.9395,50.6411],[-1.9391,50.6411],[-1.9388,50.6411],[-1.9379,50.6411],[-1.9373,50.6412],[-1.937,50.6412],[-1.9367,50.6412],[-1.9364,50.6413],[-1.9363,50.6413],[-1.9362,50.6413],[-1.9361,50.6414],[-1.936,50.6414],[-1.9359,50.6414],[-1.9358,50.6414],[-1.9357,50.6414],[-1.9356,50.6414],[-1.9355,50.6414],[-1.9354,50.6414],[-1.9352,50.6415],[-1.9347,50.6415],[-1.9344,50.6416],[-1.9343,50.6416],[-1.934,50.6417],[-1.9332,50.6418],[-1.9331,50.6418],[-1.933,50.6418],[-1.9328,50.6419],[-1.9327,50.6419],[-1.9325,50.6418],[-1.9325,50.6419],[-1.9324,50.6419],[-1.9324,50.642],[-1.9322,50.642],[-1.9322,50.6419],[-1.9318,50.6418],[-1.9316,50.6418],[-1.9315,50.6418],[-1.9314,50.6418],[-1.9313,50.6418],[-1.9312,50.6417],[-1.9309,50.6417],[-1.9308,50.6417],[-1.9307,50.6417],[-1.9306,50.6417],[-1.9303,50.6419],[-1.9301,50.642],[-1.93,50.6421],[-1.9299,50.6421],[-1.9298,50.6421],[-1.9297,50.6421],[-1.9296,50.6421],[-1.9295,50.6421],[-1.9295,50.642],[-1.9292,50.642],[-1.9289,50.642],[-1.9288,50.6421],[-1.9285,50.6419],[-1.9278,50.6418],[-1.9275,50.6418],[-1.9274,50.6418],[-1.9273,50.6418],[-1.9272,50.6418],[-1.9271,50.6418],[-1.9266,50.6419],[-1.9266,50.642],[-1.9265,50.642],[-1.9264,50.642],[-1.9262,50.6421],[-1.9261,50.6421],[-1.926,50.6422],[-1.9259,50.6422],[-1.9259,50.6423],[-1.9258,50.6423],[-1.9257,50.6422],[-1.9256,50.6422],[-1.9256,50.6421],[-1.9255,50.6422],[-1.9254,50.6422],[-1.9253,50.6422],[-1.9253,50.6421],[-1.9252,50.6421],[-1.9251,50.6421],[-1.925,50.6421],[-1.9249,50.6421],[-1.9249,50.642],[-1.9248,50.642],[-1.9247,50.642],[-1.9246,50.642],[-1.9245,50.642],[-1.9242,50.6421],[-1.9239,50.6421],[-1.9238,50.6421],[-1.9239,50.642],[-1.924,50.6419],[-1.9241,50.6419],[-1.9244,50.6416],[-1.9244,50.6415],[-1.9244,50.6414],[-1.9243,50.6414],[-1.9244,50.6414],[-1.9246,50.6411],[-1.9251,50.641],[-1.9254,50.6408],[-1.9256,50.6405],[-1.9256,50.6403],[-1.9254,50.6402],[-1.9253,50.6402],[-1.9252,50.6402],[-1.9253,50.6402],[-1.9254,50.6401],[-1.9255,50.6401],[-1.9257,50.6401],[-1.926,50.6399],[-1.9258,50.6398],[-1.9257,50.6397],[-1.9257,50.6396],[-1.9258,50.6397],[-1.9259,50.6397],[-1.926,50.6397],[-1.9261,50.6396],[-1.926,50.6395],[-1.9261,50.6395],[-1.9261,50.6394],[-1.9261,50.6393],[-1.9261,50.6392],[-1.9261,50.6391],[-1.9265,50.639],[-1.9273,50.6384],[-1.9274,50.6382],[-1.9275,50.6381],[-1.9274,50.638],[-1.9273,50.6379],[-1.9275,50.6379],[-1.9275,50.6378],[-1.9276,50.6377],[-1.9276,50.6376],[-1.9276,50.6374],[-1.9279,50.6373],[-1.9283,50.6371],[-1.9286,50.6368],[-1.9289,50.6367],[-1.9292,50.6366],[-1.9293,50.6366],[-1.9293,50.6365],[-1.9294,50.6364],[-1.9294,50.6363],[-1.9295,50.6363],[-1.9295,50.6362],[-1.9296,50.6361],[-1.9297,50.636],[-1.9297,50.6359],[-1.9298,50.6357],[-1.93,50.6356],[-1.93,50.6355],[-1.9301,50.6353],[-1.9303,50.6352],[-1.9303,50.6351],[-1.9306,50.635],[-1.931,50.6345],[-1.931,50.6344],[-1.9312,50.6342],[-1.9312,50.6341],[-1.9312,50.634],[-1.9313,50.6338],[-1.9312,50.6338],[-1.9313,50.6338],[-1.9314,50.6338],[-1.9315,50.6337],[-1.9314,50.6336],[-1.9314,50.6335],[-1.9315,50.6335],[-1.9316,50.6335],[-1.9316,50.6334],[-1.9316,50.6333],[-1.9317,50.6332],[-1.9317,50.6331],[-1.9317,50.633],[-1.9318,50.6328],[-1.9319,50.6327],[-1.932,50.6326],[-1.932,50.6325],[-1.9322,50.6324],[-1.9322,50.6323],[-1.932,50.6322],[-1.932,50.6321],[-1.9323,50.6322],[-1.9326,50.6322],[-1.9326,50.6321],[-1.9326,50.632],[-1.9327,50.6319],[-1.9328,50.6318],[-1.9329,50.6317],[-1.9329,50.6316],[-1.933,50.6315],[-1.933,50.6314],[-1.9329,50.6314],[-1.9328,50.6314],[-1.9327,50.6313],[-1.9329,50.6313],[-1.933,50.6313],[-1.9331,50.6312],[-1.9332,50.6311],[-1.9332,50.631],[-1.9333,50.6309],[-1.9332,50.6309],[-1.9335,50.6309],[-1.9336,50.6309],[-1.9337,50.6309],[-1.9337,50.6308],[-1.9338,50.6308],[-1.9339,50.6308],[-1.934,50.6308],[-1.9342,50.6308],[-1.9343,50.6308],[-1.9344,50.6308],[-1.9343,50.6308],[-1.9346,50.6308],[-1.9349,50.6307],[-1.9352,50.6307],[-1.9353,50.6307],[-1.9355,50.6307],[-1.9357,50.6307],[-1.9363,50.6306],[-1.9366,50.6305],[-1.9371,50.6304],[-1.9374,50.6304],[-1.9377,50.6302],[-1.938,50.6302],[-1.9383,50.6301],[-1.9388,50.63],[-1.9391,50.63],[-1.9393,50.63],[-1.9396,50.63],[-1.9404,50.6299],[-1.9412,50.6298],[-1.9416,50.6297],[-1.9424,50.6295],[-1.9428,50.6294],[-1.944,50.6292],[-1.9446,50.6289],[-1.945,50.6287],[-1.9451,50.6287],[-1.9458,50.6283],[-1.9468,50.6278],[-1.9477,50.6273],[-1.9483,50.627],[-1.949,50.6264],[-1.9501,50.6257],[-1.9505,50.6254],[-1.9511,50.6249],[-1.9518,50.6243],[-1.9521,50.6241],[-1.9521,50.624],[-1.9524,50.6237],[-1.9524,50.6236],[-1.9523,50.6235],[-1.9528,50.6231],[-1.9526,50.623],[-1.9531,50.6226],[-1.9531,50.6225],[-1.9534,50.6222],[-1.9535,50.622],[-1.9539,50.6215],[-1.9538,50.6215],[-1.9541,50.6211],[-1.9541,50.621],[-1.9543,50.6207],[-1.9545,50.6204],[-1.9548,50.62],[-1.9551,50.6194],[-1.955,50.6194],[-1.9555,50.6189],[-1.9554,50.6189],[-1.9558,50.6184],[-1.9562,50.6179],[-1.9566,50.6173],[-1.9568,50.617],[-1.9572,50.6163],[-1.9573,50.6161],[-1.9574,50.6157],[-1.9573,50.6157],[-1.9575,50.6152],[-1.9574,50.615],[-1.9576,50.6146],[-1.9576,50.6139],[-1.9576,50.6133],[-1.9577,50.6129],[-1.9576,50.6125],[-1.9575,50.612],[-1.9572,50.6121],[-1.9571,50.6121],[-1.957,50.612],[-1.9571,50.612],[-1.9572,50.612],[-1.9574,50.612],[-1.9574,50.6117],[-1.9573,50.6113],[-1.9573,50.6112],[-1.9572,50.611],[-1.957,50.6106],[-1.9567,50.6097],[-1.9566,50.6095],[-1.9566,50.6094],[-1.9565,50.6093],[-1.956,50.6086],[-1.9556,50.6084],[-1.9556,50.6083],[-1.9551,50.6082],[-1.9543,50.6081],[-1.9541,50.6081],[-1.9541,50.6083],[-1.954,50.6083],[-1.9539,50.6081],[-1.9537,50.6079],[-1.9532,50.6077],[-1.953,50.6075],[-1.9526,50.6074],[-1.9523,50.6075],[-1.9519,50.6075],[-1.9513,50.6078],[-1.9513,50.6079],[-1.951,50.6081],[-1.9509,50.6082],[-1.9508,50.6082],[-1.9507,50.6081],[-1.9508,50.6081],[-1.9509,50.6081],[-1.9507,50.6079],[-1.9503,50.6077],[-1.95,50.6075],[-1.9495,50.6075],[-1.9482,50.6076],[-1.948,50.6077],[-1.9471,50.6075],[-1.9469,50.6075],[-1.9468,50.6075],[-1.9464,50.6074],[-1.9462,50.6074],[-1.9456,50.6075],[-1.9455,50.6075],[-1.9452,50.6076],[-1.9443,50.6076],[-1.944,50.6075],[-1.9441,50.6073],[-1.9445,50.607],[-1.9448,50.6068],[-1.9453,50.6066],[-1.946,50.6065],[-1.9467,50.6063],[-1.9467,50.6062],[-1.947,50.6061],[-1.9481,50.6057],[-1.9482,50.6056],[-1.9485,50.6055],[-1.9496,50.6051],[-1.95,50.6049],[-1.9502,50.6047],[-1.9503,50.6045],[-1.9505,50.6043],[-1.9506,50.6041],[-1.9509,50.6038],[-1.951,50.6036],[-1.9512,50.6033],[-1.9515,50.603],[-1.9513,50.6028],[-1.9513,50.6026],[-1.9513,50.6025],[-1.9514,50.6025],[-1.9514,50.6024],[-1.9515,50.6023],[-1.9515,50.6022],[-1.9518,50.6019],[-1.9518,50.6018],[-1.9519,50.6017],[-1.952,50.6016],[-1.952,50.6015],[-1.9521,50.6014],[-1.9522,50.6013],[-1.9524,50.6012],[-1.9525,50.6011],[-1.9526,50.601],[-1.9528,50.6009],[-1.9527,50.6008],[-1.9529,50.6005],[-1.9529,50.6002],[-1.9531,50.6001],[-1.9532,50.5998],[-1.9533,50.5995],[-1.9532,50.5991],[-1.9531,50.5989],[-1.9531,50.5988],[-1.953,50.5986],[-1.953,50.5983],[-1.9526,50.5979],[-1.9526,50.5976],[-1.9526,50.5974],[-1.9526,50.5972],[-1.9525,50.597],[-1.9523,50.5968],[-1.9523,50.5966],[-1.9522,50.5964],[-1.952,50.5961],[-1.9516,50.5958],[-1.9513,50.5956],[-1.951,50.5956],[-1.9509,50.5956],[-1.951,50.5955],[-1.951,50.5954],[-1.9509,50.5954],[-1.9509,50.5953],[-1.9508,50.5953],[-1.9507,50.5952],[-1.9507,50.5951],[-1.9508,50.5951],[-1.9508,50.595],[-1.9508,50.5949],[-1.951,50.5947],[-1.9511,50.5946],[-1.9512,50.5945],[-1.9513,50.5944],[-1.9514,50.5944],[-1.9515,50.5944],[-1.9516,50.5944],[-1.9516,50.5943],[-1.9518,50.5944],[-1.9519,50.5943],[-1.952,50.5943],[-1.9521,50.5943],[-1.9522,50.5943],[-1.9524,50.5943],[-1.9525,50.5943],[-1.9526,50.5944],[-1.9527,50.5943],[-1.9528,50.5943],[-1.9529,50.5943],[-1.9531,50.5943],[-1.9532,50.5942],[-1.9534,50.5942],[-1.9535,50.5942],[-1.9536,50.5942],[-1.9538,50.5941],[-1.9538,50.594],[-1.9539,50.594],[-1.954,50.5939],[-1.9541,50.5939],[-1.9542,50.5939],[-1.9542,50.5938],[-1.9543,50.5937],[-1.9546,50.5937],[-1.9547,50.5936],[-1.9549,50.5937],[-1.955,50.5935],[-1.9551,50.5935],[-1.9556,50.5934],[-1.9558,50.5932],[-1.9559,50.5932],[-1.956,50.5931],[-1.9559,50.5931],[-1.956,50.5931],[-1.9563,50.5929],[-1.9563,50.5928],[-1.9564,50.5928],[-1.9564,50.5927],[-1.9565,50.5927],[-1.9566,50.5927],[-1.9566,50.5926],[-1.9567,50.5926],[-1.9568,50.5926],[-1.957,50.5923],[-1.9571,50.5922],[-1.9572,50.5922],[-1.9573,50.5922],[-1.9573,50.5921],[-1.9574,50.5921],[-1.9577,50.5921],[-1.9579,50.592],[-1.9582,50.5921],[-1.9586,50.5919],[-1.9587,50.5917],[-1.9589,50.5916],[-1.9591,50.5915],[-1.9592,50.5914],[-1.9593,50.5914],[-1.9594,50.5914],[-1.9598,50.5912],[-1.9604,50.5913],[-1.9605,50.5912],[-1.9608,50.5911],[-1.961,50.591],[-1.9612,50.5911],[-1.9613,50.591],[-1.9614,50.591],[-1.9615,50.591],[-1.9616,50.591],[-1.9617,50.5911],[-1.9619,50.5911],[-1.962,50.5911],[-1.9622,50.5912],[-1.9624,50.5911],[-1.9624,50.5912],[-1.9628,50.5911],[-1.9628,50.5912],[-1.9632,50.5913],[-1.9634,50.5913],[-1.9638,50.5914],[-1.9648,50.5915],[-1.9653,50.5915],[-1.9659,50.5915],[-1.9661,50.5915],[-1.9663,50.5915],[-1.9664,50.5915],[-1.9666,50.5915],[-1.9668,50.5915],[-1.967,50.5915],[-1.9673,50.5915],[-1.9677,50.5914],[-1.9682,50.5915],[-1.9683,50.5914],[-1.9685,50.5915],[-1.9689,50.5915],[-1.9691,50.5914],[-1.9692,50.5914],[-1.9693,50.5914],[-1.9695,50.5914],[-1.9698,50.5914],[-1.97,50.5914],[-1.9703,50.5913],[-1.9705,50.5912],[-1.9708,50.5912],[-1.9711,50.5912],[-1.9713,50.5912],[-1.9716,50.5912],[-1.9719,50.5912],[-1.9722,50.5911],[-1.9723,50.5912],[-1.9725,50.5911],[-1.9728,50.5911],[-1.9732,50.5912],[-1.9736,50.5911],[-1.9739,50.5911],[-1.974,50.591],[-1.9741,50.591],[-1.9741,50.5911],[-1.974,50.5911],[-1.9741,50.5911],[-1.9744,50.5911],[-1.9748,50.591],[-1.975,50.591],[-1.9751,50.591],[-1.9752,50.591],[-1.9753,50.591],[-1.9754,50.5909],[-1.9756,50.5909],[-1.9757,50.5909],[-1.9758,50.5909],[-1.976,50.5909],[-1.9762,50.5909],[-1.9763,50.5909],[-1.9764,50.5909],[-1.9765,50.5909],[-1.9766,50.5909],[-1.9768,50.5909],[-1.977,50.5908],[-1.9772,50.5908],[-1.9776,50.5909],[-1.9778,50.591],[-1.9779,50.591],[-1.9783,50.591],[-1.979,50.591],[-1.9792,50.5911],[-1.9793,50.591],[-1.9794,50.591],[-1.9796,50.591],[-1.98,50.5909],[-1.9801,50.5908],[-1.9806,50.5907],[-1.9807,50.5907],[-1.9811,50.5907],[-1.9812,50.5907],[-1.9815,50.5907],[-1.9816,50.5907],[-1.9825,50.5907],[-1.9827,50.5907],[-1.9831,50.5907],[-1.9836,50.5906],[-1.984,50.5906],[-1.9842,50.5905],[-1.9845,50.5905],[-1.9846,50.5906],[-1.9847,50.5906],[-1.9849,50.5906],[-1.985,50.5907],[-1.9853,50.5907],[-1.9855,50.5908],[-1.9867,50.591],[-1.9871,50.5911],[-1.9873,50.5911],[-1.9878,50.591],[-1.988,50.5909],[-1.9885,50.5909],[-1.9888,50.5909],[-1.989,50.5908],[-1.9891,50.5907],[-1.9892,50.5908],[-1.9892,50.5907],[-1.9893,50.5907],[-1.9894,50.5907],[-1.9894,50.5906],[-1.9895,50.5906],[-1.9897,50.5906],[-1.9898,50.5906],[-1.9899,50.5906],[-1.99,50.5906],[-1.99,50.5905],[-1.9901,50.5905],[-1.9902,50.5905],[-1.9901,50.5905],[-1.9902,50.5905],[-1.9903,50.5905],[-1.9904,50.5906],[-1.9906,50.5906],[-1.9906,50.5905],[-1.9909,50.5906],[-1.9912,50.5907],[-1.9913,50.5909],[-1.9914,50.591],[-1.9915,50.591],[-1.9916,50.591],[-1.9917,50.591],[-1.9921,50.591],[-1.9922,50.591],[-1.9923,50.5909],[-1.9927,50.591],[-1.9928,50.591],[-1.993,50.5909],[-1.9931,50.5909],[-1.9932,50.5909],[-1.9933,50.591],[-1.9936,50.591],[-1.9937,50.591],[-1.994,50.591],[-1.9943,50.591],[-1.9945,50.591],[-1.9947,50.591],[-1.9949,50.5911],[-1.9953,50.5911],[-1.9954,50.5911],[-1.9955,50.5911],[-1.9958,50.5911],[-1.9959,50.5911],[-1.9961,50.5911],[-1.9964,50.5911],[-1.9965,50.5911],[-1.9966,50.5912],[-1.9968,50.5912],[-1.997,50.5912],[-1.9972,50.5912],[-1.9976,50.5912],[-1.998,50.5912],[-1.9981,50.5912],[-1.9983,50.5912],[-1.9984,50.5912],[-1.9985,50.5912],[-1.9988,50.5912],[-1.9988,50.5913],[-1.9989,50.5913],[-1.9992,50.5914],[-1.9997,50.5915],[-2.0001,50.5915],[-2.0005,50.5915],[-2.0008,50.5915],[-2.0009,50.5915],[-2.0011,50.5915],[-2.0016,50.5915],[-2.0019,50.5916],[-2.0021,50.5915],[-2.0022,50.5915],[-2.0023,50.5915],[-2.0026,50.5916],[-2.0028,50.5917],[-2.0031,50.5918],[-2.0035,50.5918],[-2.0039,50.5917],[-2.0043,50.5915],[-2.0048,50.5915],[-2.0049,50.5915],[-2.005,50.5916],[-2.0051,50.5916],[-2.0054,50.5916],[-2.0055,50.5916],[-2.0056,50.5917],[-2.0057,50.5917],[-2.0058,50.5917],[-2.0059,50.5916],[-2.0061,50.5916],[-2.0062,50.5916],[-2.0062,50.5917],[-2.0063,50.5917],[-2.0064,50.5917],[-2.0065,50.5916],[-2.0066,50.5916],[-2.0066,50.5915],[-2.0067,50.5915],[-2.0067,50.5914],[-2.0069,50.5914],[-2.007,50.5914],[-2.007,50.5913],[-2.0072,50.5912],[-2.0073,50.5912],[-2.0078,50.5911],[-2.0081,50.5911],[-2.0082,50.5911],[-2.0084,50.5911],[-2.0085,50.5911],[-2.0088,50.5911],[-2.0088,50.591],[-2.0089,50.591],[-2.009,50.5909],[-2.0091,50.5908],[-2.0092,50.5908],[-2.0096,50.5909],[-2.01,50.5909],[-2.0102,50.5909],[-2.0103,50.5909],[-2.0104,50.5909],[-2.0105,50.591],[-2.0106,50.591],[-2.0107,50.591],[-2.0108,50.5909],[-2.0109,50.5909],[-2.011,50.5909],[-2.0115,50.5908],[-2.012,50.5907],[-2.012,50.5908],[-2.0121,50.5907],[-2.0122,50.5907],[-2.0125,50.5907],[-2.0126,50.5907],[-2.0127,50.5908],[-2.013,50.5907],[-2.0133,50.5907],[-2.0135,50.5906],[-2.0137,50.5906],[-2.0138,50.5905],[-2.0144,50.5904],[-2.015,50.5902],[-2.0152,50.5902],[-2.0154,50.5902],[-2.0155,50.5902],[-2.0157,50.5901],[-2.0158,50.5901],[-2.0159,50.5901],[-2.016,50.5901],[-2.0165,50.5901],[-2.017,50.59],[-2.0171,50.59],[-2.0172,50.59],[-2.0173,50.59],[-2.0173,50.5899],[-2.0172,50.5899],[-2.0173,50.5899],[-2.0176,50.5899],[-2.0177,50.5899],[-2.0177,50.5898],[-2.0178,50.5899],[-2.0179,50.5898],[-2.0178,50.5898],[-2.0179,50.5898],[-2.018,50.5898],[-2.0181,50.5898],[-2.0184,50.5897],[-2.0187,50.5897],[-2.0187,50.5896],[-2.0187,50.5897],[-2.0188,50.5897],[-2.0188,50.5896],[-2.0189,50.5896],[-2.019,50.5896],[-2.0193,50.5896],[-2.0194,50.5896],[-2.0195,50.5896],[-2.0196,50.5895],[-2.0198,50.5894],[-2.02,50.5894],[-2.0202,50.5893],[-2.0203,50.5893],[-2.0205,50.5892],[-2.0206,50.5892],[-2.0206,50.5893],[-2.0207,50.5892],[-2.0209,50.5892],[-2.0211,50.5891],[-2.0213,50.5892],[-2.0215,50.5892],[-2.0216,50.5892],[-2.0217,50.5892],[-2.0221,50.5891],[-2.0224,50.5892],[-2.0225,50.5893],[-2.0225,50.5894],[-2.0226,50.5894],[-2.0227,50.5894],[-2.0229,50.5893],[-2.0229,50.5892],[-2.023,50.5892],[-2.0231,50.5892],[-2.0231,50.5893],[-2.0232,50.5893],[-2.0232,50.5892],[-2.0234,50.5892],[-2.0237,50.5892],[-2.0241,50.589],[-2.0242,50.589],[-2.0245,50.5889],[-2.0246,50.589],[-2.0248,50.589],[-2.025,50.5889],[-2.0254,50.589],[-2.0257,50.589],[-2.0258,50.589],[-2.0259,50.589],[-2.026,50.589],[-2.0261,50.589],[-2.0263,50.589],[-2.0264,50.589],[-2.0268,50.5889],[-2.0271,50.5886],[-2.0273,50.5886],[-2.0274,50.5884],[-2.0275,50.5884],[-2.0276,50.5884],[-2.0278,50.5883],[-2.0281,50.5882],[-2.0284,50.5879],[-2.0285,50.5877],[-2.0285,50.5876],[-2.0286,50.5876],[-2.0287,50.5875],[-2.0288,50.5874],[-2.0288,50.5873],[-2.0289,50.5873],[-2.0289,50.5872],[-2.029,50.5872],[-2.029,50.5871],[-2.0291,50.5871],[-2.0294,50.587],[-2.0295,50.5869],[-2.0296,50.5869],[-2.0296,50.5868],[-2.0297,50.5867],[-2.0298,50.5866],[-2.0299,50.5865],[-2.03,50.5865],[-2.0301,50.5864],[-2.0302,50.5864],[-2.0302,50.5863],[-2.0303,50.5863],[-2.0303,50.5862],[-2.0304,50.5861],[-2.0304,50.586],[-2.0305,50.5859],[-2.0306,50.5858],[-2.0306,50.5857],[-2.0307,50.5857],[-2.0307,50.5856],[-2.0308,50.5856],[-2.0309,50.5856],[-2.0309,50.5855],[-2.0309,50.5854],[-2.0309,50.5853],[-2.031,50.5853],[-2.031,50.5852],[-2.0312,50.5851],[-2.0313,50.5851],[-2.0314,50.585],[-2.0315,50.5849],[-2.0316,50.5849],[-2.0317,50.5848],[-2.0317,50.5847],[-2.0318,50.5847],[-2.0318,50.5846],[-2.0319,50.5846],[-2.0318,50.5846],[-2.0319,50.5845],[-2.0319,50.5844],[-2.032,50.5844],[-2.0321,50.5844],[-2.0321,50.5845],[-2.0322,50.5844],[-2.0323,50.5844],[-2.0324,50.5843],[-2.0328,50.5841],[-2.033,50.5841],[-2.033,50.5842],[-2.0331,50.5842],[-2.0331,50.5843],[-2.0334,50.5841],[-2.0335,50.5841],[-2.0334,50.584],[-2.0336,50.5841],[-2.0337,50.5839],[-2.0345,50.5835],[-2.0347,50.5834],[-2.0351,50.5831],[-2.0352,50.583],[-2.0355,50.5829],[-2.0358,50.5827],[-2.0358,50.5826],[-2.036,50.5827],[-2.0361,50.5826],[-2.0363,50.5825],[-2.0364,50.5824],[-2.0366,50.5824],[-2.0367,50.5823],[-2.0368,50.5823],[-2.0369,50.5822],[-2.0371,50.5821],[-2.0371,50.582],[-2.0374,50.5819],[-2.0375,50.5818],[-2.0378,50.5816],[-2.0381,50.5815],[-2.0384,50.5815],[-2.0385,50.5815],[-2.0386,50.5815],[-2.0387,50.5815],[-2.0387,50.5814],[-2.0387,50.5813],[-2.0387,50.5812],[-2.039,50.5807],[-2.0391,50.5807],[-2.0391,50.5806],[-2.0392,50.5806],[-2.0392,50.5805],[-2.0396,50.5802],[-2.0397,50.5802],[-2.0399,50.5802],[-2.0402,50.5802],[-2.0406,50.58],[-2.0406,50.5799],[-2.0408,50.5798],[-2.0411,50.5798],[-2.0415,50.5797],[-2.0416,50.5796],[-2.0416,50.5795],[-2.0417,50.5795],[-2.0419,50.5795],[-2.042,50.5794],[-2.0428,50.5792],[-2.0432,50.5792],[-2.0435,50.5791],[-2.0442,50.579],[-2.0443,50.579],[-2.0448,50.5789],[-2.0455,50.5788],[-2.0461,50.5787],[-2.0467,50.5786],[-2.0469,50.5786],[-2.047,50.5786],[-2.0471,50.5786],[-2.0475,50.5785],[-2.0478,50.5784],[-2.0487,50.5783],[-2.0497,50.5781],[-2.05,50.5781],[-2.0503,50.5781],[-2.0506,50.578],[-2.0511,50.5779],[-2.0514,50.5778],[-2.0525,50.5776],[-2.0531,50.5774],[-2.0532,50.5774],[-2.0533,50.5773],[-2.0536,50.5771],[-2.0543,50.5766],[-2.0549,50.5765],[-2.0551,50.5765],[-2.0552,50.5765],[-2.0553,50.5765],[-2.0557,50.5765],[-2.0561,50.5765],[-2.0562,50.5766],[-2.0565,50.5768],[-2.0566,50.5768],[-2.0568,50.5768],[-2.0569,50.5768],[-2.057,50.5768],[-2.0572,50.5769],[-2.0575,50.5771],[-2.0577,50.5771],[-2.0578,50.5774],[-2.0581,50.5776],[-2.0583,50.5777],[-2.0586,50.5779],[-2.0589,50.5783],[-2.0591,50.5786],[-2.0593,50.5789],[-2.0596,50.5791],[-2.0598,50.5793],[-2.0602,50.5796],[-2.0605,50.58],[-2.0611,50.5805],[-2.0615,50.5809],[-2.0618,50.5811],[-2.0619,50.5813],[-2.062,50.5817],[-2.0619,50.5823],[-2.0617,50.5827],[-2.0616,50.5828],[-2.0616,50.583],[-2.0617,50.5833],[-2.0619,50.5836],[-2.0621,50.5844],[-2.0622,50.5848],[-2.0623,50.5849],[-2.0626,50.5851],[-2.0627,50.5852],[-2.0629,50.5855],[-2.0633,50.5858],[-2.0634,50.5859],[-2.0637,50.5863],[-2.0638,50.5864],[-2.0637,50.5867],[-2.0639,50.587],[-2.0641,50.5873],[-2.0643,50.5876],[-2.0643,50.5877],[-2.0643,50.5879],[-2.0643,50.5883],[-2.0644,50.5886],[-2.0644,50.5899],[-2.0643,50.5901],[-2.0641,50.5907],[-2.0639,50.5909],[-2.0637,50.5912],[-2.0636,50.5913],[-2.0635,50.5913],[-2.0632,50.5913],[-2.063,50.5914],[-2.0628,50.5917],[-2.0628,50.5919],[-2.0628,50.5922],[-2.0629,50.5925],[-2.0631,50.5928],[-2.0634,50.5932],[-2.0637,50.5934],[-2.064,50.5935],[-2.0643,50.5937],[-2.0647,50.5937],[-2.065,50.5938],[-2.0656,50.5938],[-2.0663,50.5937],[-2.0664,50.5936],[-2.0666,50.5931],[-2.067,50.5928],[-2.0676,50.5925],[-2.068,50.5925],[-2.0684,50.5925],[-2.0693,50.5927],[-2.0696,50.5928],[-2.0699,50.5928],[-2.0703,50.5928],[-2.0705,50.5928],[-2.071,50.5927],[-2.0711,50.5927],[-2.0712,50.5926],[-2.0714,50.5925],[-2.0718,50.5926],[-2.0723,50.5926],[-2.0724,50.5925],[-2.0728,50.5923],[-2.0733,50.5924],[-2.0735,50.5925],[-2.0738,50.5926],[-2.074,50.5928],[-2.0745,50.593],[-2.0747,50.5931],[-2.0749,50.5934],[-2.0751,50.5936],[-2.0755,50.5943],[-2.0754,50.5947],[-2.0756,50.595],[-2.0758,50.5952],[-2.0764,50.5953],[-2.0771,50.5955],[-2.0779,50.5955],[-2.0785,50.5954],[-2.0791,50.5953],[-2.0801,50.5951],[-2.0806,50.595],[-2.0808,50.5948],[-2.0809,50.5948],[-2.081,50.5948],[-2.0812,50.5948],[-2.082,50.5948],[-2.0826,50.5947],[-2.0831,50.5948],[-2.0833,50.5948],[-2.0846,50.5952],[-2.0851,50.5953],[-2.0861,50.5956],[-2.0865,50.5957],[-2.0872,50.596],[-2.0879,50.5962],[-2.0888,50.5965],[-2.0895,50.5967],[-2.0896,50.5967],[-2.0899,50.5967],[-2.0901,50.5968],[-2.0909,50.5971],[-2.092,50.5972],[-2.0927,50.5973],[-2.0932,50.5974],[-2.0934,50.5973],[-2.0939,50.5975],[-2.0942,50.5976],[-2.095,50.5977],[-2.0966,50.5979],[-2.0971,50.598],[-2.0977,50.5981],[-2.0986,50.5982],[-2.0992,50.5982],[-2.0999,50.598],[-2.1003,50.598],[-2.1011,50.5978],[-2.1019,50.5974],[-2.1022,50.5974],[-2.1029,50.5972],[-2.1033,50.5971],[-2.1036,50.5971],[-2.1043,50.5971],[-2.1049,50.5969],[-2.1051,50.5969],[-2.1056,50.597],[-2.1066,50.5972],[-2.1079,50.5977],[-2.1086,50.5979],[-2.1091,50.5982],[-2.1093,50.5983],[-2.1101,50.5984],[-2.1114,50.5988],[-2.1122,50.599],[-2.1127,50.5991],[-2.1137,50.5993],[-2.1141,50.5993],[-2.1142,50.5991],[-2.1146,50.5991],[-2.1151,50.5993],[-2.1153,50.5995],[-2.1155,50.5994],[-2.116,50.5995],[-2.1161,50.5997],[-2.1161,50.5998],[-2.1162,50.5999],[-2.1166,50.6001],[-2.1177,50.6007],[-2.1182,50.601],[-2.1188,50.6014],[-2.1191,50.6016],[-2.1194,50.6018],[-2.1196,50.6019],[-2.1201,50.6022],[-2.1206,50.6024],[-2.1216,50.6028],[-2.1226,50.6032],[-2.1228,50.6032],[-2.1238,50.6035],[-2.1253,50.6038],[-2.1258,50.6038],[-2.126,50.6038],[-2.1266,50.604],[-2.1274,50.6044],[-2.1277,50.6046],[-2.1284,50.6049],[-2.1286,50.6051],[-2.1293,50.6057],[-2.1297,50.606],[-2.1302,50.6064],[-2.1304,50.6067],[-2.1307,50.607],[-2.1308,50.6073],[-2.1312,50.6075],[-2.1316,50.6076],[-2.1314,50.6077],[-2.1314,50.6078],[-2.1315,50.6081],[-2.1315,50.6082],[-2.1314,50.6083],[-2.1311,50.6084],[-2.131,50.6085],[-2.1309,50.6085],[-2.1307,50.6086],[-2.1306,50.6087],[-2.1303,50.6089],[-2.1301,50.609],[-2.13,50.6091],[-2.1298,50.6091],[-2.1297,50.6091],[-2.1296,50.6092],[-2.1295,50.6092],[-2.1293,50.6095],[-2.1292,50.6095],[-2.1293,50.6096],[-2.1293,50.6098],[-2.1294,50.61],[-2.1296,50.6102],[-2.1302,50.6107],[-2.1303,50.6108],[-2.1304,50.6108],[-2.1307,50.611],[-2.1309,50.6111],[-2.131,50.6112],[-2.1312,50.6113],[-2.1314,50.6115],[-2.1315,50.6115],[-2.1317,50.6116],[-2.1319,50.6117],[-2.132,50.6117],[-2.1321,50.6117],[-2.1323,50.6118],[-2.1324,50.6119],[-2.1326,50.612],[-2.1329,50.6121],[-2.1332,50.6122],[-2.1338,50.6124],[-2.1341,50.6125],[-2.1342,50.6125],[-2.1344,50.6126],[-2.1345,50.6126],[-2.1346,50.6127],[-2.1351,50.6126],[-2.1353,50.6126],[-2.1358,50.6124],[-2.136,50.6123],[-2.1361,50.6123],[-2.1362,50.6123],[-2.1363,50.6123],[-2.1364,50.6123],[-2.1365,50.6123],[-2.1366,50.6123],[-2.1367,50.6123],[-2.1367,50.6122],[-2.1368,50.6122],[-2.1369,50.6122],[-2.1371,50.6122],[-2.1374,50.6122],[-2.1374,50.6121],[-2.1376,50.6121],[-2.1377,50.612],[-2.1379,50.6119],[-2.138,50.6118],[-2.138,50.6117],[-2.138,50.6116],[-2.1383,50.6114],[-2.1384,50.6113],[-2.1386,50.611],[-2.1388,50.6109],[-2.1389,50.6108],[-2.139,50.6108],[-2.139,50.6107],[-2.1391,50.6106],[-2.1393,50.6105],[-2.1394,50.6106],[-2.1395,50.6106],[-2.1396,50.6105],[-2.1399,50.6106],[-2.14,50.6106],[-2.1403,50.6106],[-2.1406,50.6106],[-2.1409,50.6106],[-2.141,50.6106],[-2.1414,50.6107],[-2.1415,50.6107],[-2.1416,50.6107],[-2.142,50.6107],[-2.1422,50.6108],[-2.1423,50.6108],[-2.1424,50.6108],[-2.1427,50.6109],[-2.143,50.6108],[-2.1431,50.6108],[-2.1434,50.6106],[-2.1435,50.6106],[-2.1443,50.6098],[-2.1443,50.6097],[-2.1444,50.6096],[-2.1445,50.6095],[-2.1447,50.6094],[-2.145,50.6092],[-2.1451,50.6092],[-2.1452,50.6091],[-2.1453,50.6091],[-2.1453,50.609],[-2.1454,50.6089],[-2.1456,50.6088],[-2.1457,50.6088],[-2.1457,50.6087],[-2.1458,50.6087],[-2.1458,50.6086],[-2.1458,50.6085],[-2.146,50.6085],[-2.1464,50.6085],[-2.1466,50.6086],[-2.1469,50.6087],[-2.147,50.6094],[-2.147,50.6095],[-2.147,50.6098],[-2.1471,50.6099],[-2.1471,50.6101],[-2.147,50.6103],[-2.1468,50.6104],[-2.1474,50.6107],[-2.1478,50.6108],[-2.149,50.6112],[-2.1493,50.6113],[-2.1502,50.6113],[-2.1509,50.6114],[-2.1516,50.6113],[-2.1511,50.6115],[-2.1513,50.6118],[-2.1517,50.6122],[-2.1524,50.6126],[-2.1527,50.6128],[-2.153,50.613],[-2.1533,50.6133],[-2.1539,50.6136],[-2.1541,50.6139],[-2.1543,50.614],[-2.1554,50.6144],[-2.1556,50.6146],[-2.157,50.6152],[-2.1576,50.6154],[-2.158,50.6155],[-2.1582,50.6155],[-2.1586,50.6154],[-2.1587,50.6154],[-2.1591,50.6153],[-2.1598,50.6151],[-2.16,50.6151],[-2.1607,50.6151],[-2.1612,50.6149],[-2.1616,50.6149],[-2.1619,50.615],[-2.162,50.615],[-2.1623,50.6148],[-2.1625,50.6148],[-2.1627,50.6147],[-2.1632,50.6147],[-2.1634,50.6147],[-2.1638,50.6148],[-2.1647,50.6147],[-2.1653,50.6147],[-2.1656,50.6148],[-2.1658,50.6148],[-2.1662,50.6146],[-2.1665,50.6146],[-2.167,50.6145],[-2.1673,50.6144],[-2.1676,50.6144],[-2.1681,50.6142],[-2.1687,50.6141],[-2.1692,50.6141],[-2.1694,50.6141],[-2.1696,50.614],[-2.1699,50.6139],[-2.1702,50.6139],[-2.1707,50.6141],[-2.1709,50.6142],[-2.1711,50.6143],[-2.1716,50.6143],[-2.1718,50.6144],[-2.172,50.6143],[-2.1722,50.6143],[-2.1726,50.6143],[-2.1728,50.6143],[-2.1732,50.6143],[-2.1735,50.6144],[-2.1736,50.6147],[-2.1737,50.6147],[-2.174,50.6146],[-2.1746,50.6146],[-2.1749,50.6148],[-2.1754,50.6148],[-2.1758,50.6147],[-2.1762,50.6146],[-2.1777,50.6147],[-2.178,50.6147],[-2.1788,50.6147],[-2.1791,50.6146],[-2.1793,50.6147],[-2.1813,50.6152],[-2.1822,50.6153],[-2.1823,50.6154],[-2.1824,50.6154],[-2.1828,50.6154],[-2.183,50.6156],[-2.1833,50.616],[-2.1834,50.6161],[-2.1836,50.6162],[-2.1842,50.6161],[-2.1845,50.6159],[-2.1845,50.6158],[-2.1843,50.6155],[-2.1844,50.6154],[-2.1846,50.6152],[-2.185,50.6151],[-2.1851,50.6151],[-2.1857,50.615],[-2.1863,50.615],[-2.1868,50.6149],[-2.1873,50.6149],[-2.1875,50.6149],[-2.1876,50.615],[-2.1868,50.6151],[-2.1866,50.6152],[-2.1866,50.6154],[-2.1867,50.6155],[-2.1867,50.6156],[-2.1867,50.6159],[-2.1866,50.6161],[-2.1863,50.6163],[-2.1861,50.6164],[-2.1858,50.6165],[-2.1856,50.6166],[-2.1853,50.6166],[-2.1849,50.6167],[-2.1846,50.6168],[-2.1845,50.6172],[-2.1845,50.6174],[-2.1846,50.6178],[-2.1848,50.6181],[-2.1851,50.6185],[-2.1855,50.6189],[-2.1858,50.6191],[-2.1867,50.6196],[-2.1869,50.6197],[-2.1878,50.6201],[-2.189,50.6205],[-2.1901,50.6209],[-2.1908,50.6211],[-2.1919,50.6214],[-2.1929,50.6217],[-2.1935,50.6218],[-2.1948,50.6222],[-2.1957,50.6224],[-2.1967,50.6227],[-2.1969,50.6227],[-2.1979,50.6229],[-2.1985,50.623],[-2.199,50.6229],[-2.1993,50.6228],[-2.1996,50.6227],[-2.1997,50.6227],[-2.1999,50.6226],[-2.2,50.6226],[-2.2,50.6225],[-2.2004,50.6225],[-2.2008,50.6225],[-2.2009,50.6224],[-2.201,50.6224],[-2.2011,50.6224],[-2.2012,50.6223],[-2.2014,50.6223],[-2.2015,50.6222],[-2.2019,50.6221],[-2.2022,50.6221],[-2.2023,50.6221],[-2.2024,50.6221],[-2.2025,50.6221],[-2.2025,50.622],[-2.2027,50.622],[-2.2028,50.6219],[-2.2029,50.6219],[-2.203,50.6219],[-2.2031,50.6218],[-2.2032,50.6218],[-2.2035,50.6217],[-2.2038,50.6217],[-2.2037,50.6217],[-2.204,50.6215],[-2.2042,50.6215],[-2.2042,50.6216],[-2.2041,50.6216],[-2.2041,50.6217],[-2.2042,50.6217],[-2.2043,50.6217],[-2.2044,50.6217],[-2.2045,50.6216],[-2.2046,50.6216],[-2.2047,50.6216],[-2.2047,50.6215],[-2.2048,50.6215],[-2.2048,50.6216],[-2.2047,50.6217],[-2.2048,50.6217],[-2.2048,50.6218],[-2.2047,50.6218],[-2.2046,50.622],[-2.2047,50.6221],[-2.2051,50.6222],[-2.2055,50.6223],[-2.2065,50.6224],[-2.2072,50.6224],[-2.2083,50.6221],[-2.2083,50.622],[-2.2083,50.6167],[-2.125,50.5889],[-2.0583,50.5611],[-1.9194,50.5611],[-1.9007,50.5768],[-1.7836,50.6744],[-1.7805,50.6769],[-1.7763,50.6753],[-1.6194,50.6139],[-1.4271,50.5971],[-1.4,50.5947],[-1.4,50.6306],[-1.4003,50.6307],[-1.401,50.6311],[-1.4013,50.6312],[-1.4015,50.6313],[-1.4019,50.6315],[-1.4022,50.6316],[-1.403,50.6319],[-1.4034,50.6321],[-1.4041,50.6323],[-1.4043,50.6324],[-1.4045,50.6325],[-1.4048,50.6327],[-1.4055,50.633],[-1.406,50.6332],[-1.4068,50.6336],[-1.4068,50.6338],[-1.4072,50.6338],[-1.4075,50.6339],[-1.4077,50.634],[-1.4089,50.6344],[-1.4099,50.6348],[-1.4101,50.6349],[-1.4104,50.6349],[-1.4106,50.635],[-1.4111,50.6351],[-1.4115,50.6351],[-1.4121,50.6352],[-1.4122,50.6352],[-1.4129,50.6353],[-1.4137,50.6355],[-1.414,50.6356],[-1.4142,50.6356],[-1.4145,50.6356],[-1.4147,50.6357],[-1.4155,50.6359],[-1.4157,50.6359],[-1.4164,50.6359],[-1.4168,50.636],[-1.4181,50.6363],[-1.4186,50.6363],[-1.4188,50.6364],[-1.4196,50.6365],[-1.4203,50.6367],[-1.4204,50.6367],[-1.4217,50.6371],[-1.4222,50.6372],[-1.4225,50.6373],[-1.4228,50.6373],[-1.423,50.6374],[-1.4232,50.6374],[-1.4236,50.6375],[-1.4244,50.6376],[-1.4248,50.6377],[-1.4256,50.6378],[-1.4258,50.6379],[-1.4262,50.638],[-1.4269,50.6382],[-1.4271,50.6382],[-1.4276,50.6384],[-1.4281,50.6386],[-1.4283,50.6386],[-1.4286,50.6387],[-1.4289,50.6388],[-1.4293,50.639],[-1.4297,50.6391],[-1.43,50.6394],[-1.4303,50.6395],[-1.431,50.6397],[-1.4323,50.6402],[-1.4327,50.6403],[-1.4336,50.6405],[-1.4345,50.6407],[-1.435,50.6408],[-1.4351,50.6408],[-1.4361,50.6411],[-1.4363,50.6411],[-1.4364,50.6411],[-1.4367,50.6412],[-1.4371,50.6413],[-1.4374,50.6413],[-1.4379,50.6414],[-1.4386,50.6415],[-1.4388,50.6415],[-1.4392,50.6417],[-1.4393,50.6417],[-1.4397,50.6418],[-1.4401,50.6418],[-1.4403,50.6418],[-1.4404,50.6419],[-1.4412,50.6421],[-1.4416,50.6421],[-1.442,50.6422],[-1.4426,50.6422],[-1.4426,50.6423],[-1.4431,50.6424],[-1.4434,50.6424],[-1.4436,50.6426],[-1.4443,50.6427],[-1.4446,50.6429],[-1.445,50.6429],[-1.4454,50.643],[-1.4456,50.643],[-1.4462,50.6432],[-1.4471,50.6434],[-1.4475,50.6436],[-1.448,50.6438],[-1.4485,50.644],[-1.4487,50.6442],[-1.449,50.6443],[-1.4494,50.6446],[-1.4496,50.6447],[-1.4499,50.6447],[-1.4499,50.6448],[-1.4507,50.6452],[-1.4519,50.6459],[-1.4527,50.6464],[-1.4537,50.6471],[-1.4544,50.6477],[-1.4548,50.648],[-1.4551,50.6484],[-1.4553,50.6486],[-1.4557,50.649],[-1.4561,50.6494],[-1.4565,50.6497],[-1.4565,50.6498],[-1.4567,50.65],[-1.4568,50.6501],[-1.457,50.6502],[-1.4571,50.6503],[-1.4574,50.6505],[-1.4575,50.6506],[-1.4578,50.6508],[-1.4581,50.6509],[-1.4584,50.6511],[-1.4588,50.6512],[-1.4594,50.6514],[-1.4598,50.6516],[-1.4615,50.6521],[-1.4619,50.6522],[-1.4621,50.6522],[-1.4624,50.6523],[-1.4628,50.6524],[-1.4632,50.6524],[-1.4636,50.6524],[-1.4642,50.6524],[-1.4644,50.6524],[-1.4647,50.6524],[-1.465,50.6528],[-1.4653,50.6531],[-1.4654,50.6532],[-1.4656,50.6534],[-1.4658,50.6535],[-1.4663,50.6539],[-1.4667,50.6542],[-1.467,50.6546],[-1.467,50.6547],[-1.4672,50.6549],[-1.4672,50.655],[-1.4675,50.6553],[-1.4674,50.6554],[-1.4677,50.6556],[-1.4678,50.6557],[-1.4686,50.6564],[-1.4688,50.6564],[-1.4696,50.657],[-1.4698,50.6572],[-1.4702,50.6575],[-1.4704,50.6577],[-1.4707,50.6579],[-1.4708,50.658],[-1.4716,50.6586],[-1.4718,50.6587],[-1.4722,50.659],[-1.4727,50.6595],[-1.4731,50.6598],[-1.4733,50.66],[-1.474,50.6605],[-1.4742,50.6606],[-1.4745,50.6608],[-1.4749,50.6611],[-1.4751,50.6612],[-1.4756,50.6617],[-1.4759,50.6619],[-1.4761,50.662],[-1.4764,50.6622],[-1.4767,50.6623],[-1.4767,50.6624],[-1.4772,50.6627],[-1.4777,50.663],[-1.4783,50.6634],[-1.4785,50.6636],[-1.4791,50.6638],[-1.4794,50.6641],[-1.4799,50.6643],[-1.4806,50.6648],[-1.481,50.665],[-1.4812,50.6651],[-1.4819,50.6655],[-1.4823,50.6657],[-1.4826,50.6659],[-1.4827,50.666],[-1.483,50.6661],[-1.4833,50.6662],[-1.484,50.6666],[-1.4844,50.6667],[-1.4852,50.667],[-1.4858,50.667],[-1.486,50.6671],[-1.4862,50.6671],[-1.4868,50.6672],[-1.4872,50.6673],[-1.4876,50.6673],[-1.4878,50.6673],[-1.4881,50.6674],[-1.4883,50.6675],[-1.4884,50.6675],[-1.4888,50.6676],[-1.4894,50.6678],[-1.4898,50.6678],[-1.4901,50.6679],[-1.4909,50.668],[-1.4912,50.6681],[-1.4915,50.6681],[-1.4919,50.6682],[-1.4928,50.6683],[-1.4932,50.6683],[-1.4936,50.6684],[-1.4941,50.6684],[-1.4945,50.6684],[-1.4948,50.6684],[-1.4957,50.6684],[-1.4961,50.6685],[-1.4964,50.6685],[-1.4972,50.6685],[-1.4978,50.6685],[-1.4983,50.6685],[-1.499,50.6684],[-1.4995,50.6685],[-1.4996,50.6685],[-1.4999,50.6685],[-1.5003,50.6684],[-1.5007,50.6684],[-1.5011,50.6684],[-1.5017,50.6684],[-1.502,50.6683],[-1.5024,50.6684],[-1.5028,50.6684],[-1.5031,50.6684],[-1.5033,50.6684],[-1.5045,50.6683],[-1.505,50.6684],[-1.5053,50.6684],[-1.5056,50.6683],[-1.506,50.6684],[-1.5059,50.6685],[-1.506,50.6686],[-1.5065,50.6686],[-1.5068,50.6686],[-1.5074,50.6688],[-1.5074,50.6689],[-1.5078,50.6692],[-1.5083,50.6695],[-1.5089,50.6698],[-1.5093,50.6699],[-1.5101,50.67],[-1.5107,50.67],[-1.5112,50.67],[-1.5114,50.67],[-1.5115,50.6699],[-1.5115,50.6697],[-1.5116,50.6697],[-1.5121,50.6696],[-1.5129,50.6694],[-1.5133,50.6691],[-1.5133,50.669],[-1.5136,50.6689],[-1.5135,50.6685],[-1.5135,50.6684],[-1.5137,50.6684],[-1.5138,50.6683],[-1.5141,50.6683],[-1.5143,50.6682],[-1.5145,50.6683],[-1.5148,50.6683],[-1.5148,50.6682],[-1.515,50.6681],[-1.5155,50.6682],[-1.5157,50.6682],[-1.5167,50.6684],[-1.517,50.6684],[-1.517,50.6681],[-1.5173,50.6681],[-1.5176,50.6681],[-1.5182,50.6681],[-1.5185,50.668],[-1.5191,50.668],[-1.5195,50.6679],[-1.5196,50.668],[-1.5198,50.668],[-1.5203,50.668],[-1.5205,50.6679],[-1.521,50.6679],[-1.5211,50.6679],[-1.5215,50.6679],[-1.5218,50.6679],[-1.522,50.6679],[-1.5225,50.6679],[-1.5229,50.6679],[-1.5232,50.6678],[-1.5236,50.6679],[-1.5237,50.6679],[-1.5238,50.6678],[-1.5242,50.6678],[-1.5243,50.6677],[-1.5246,50.6677],[-1.525,50.6677],[-1.5252,50.6678],[-1.5255,50.6678],[-1.5258,50.6677],[-1.5259,50.6677],[-1.5264,50.6676],[-1.5268,50.6676],[-1.527,50.6676],[-1.5273,50.6675],[-1.5274,50.6675],[-1.5277,50.6674],[-1.5287,50.667],[-1.529,50.667],[-1.5293,50.667],[-1.5297,50.6669],[-1.5301,50.6669],[-1.5304,50.667],[-1.5307,50.667],[-1.5309,50.667],[-1.5311,50.667],[-1.5315,50.667],[-1.5316,50.667],[-1.532,50.6668],[-1.5324,50.6668],[-1.5325,50.6668],[-1.5329,50.6668],[-1.5333,50.6668],[-1.5337,50.6667],[-1.5339,50.6666],[-1.5342,50.6665],[-1.5346,50.6664],[-1.5348,50.6663],[-1.5349,50.6663],[-1.5352,50.6662],[-1.5359,50.6663],[-1.5362,50.6663],[-1.5363,50.6662],[-1.5366,50.6661],[-1.5371,50.6662],[-1.5373,50.6662],[-1.5377,50.666],[-1.538,50.6661],[-1.5384,50.666],[-1.5387,50.6659],[-1.5389,50.6659],[-1.5392,50.6659],[-1.5394,50.6658],[-1.5399,50.6657],[-1.5401,50.6656],[-1.5404,50.6655],[-1.5407,50.6655],[-1.5412,50.6653],[-1.5415,50.6654],[-1.5419,50.6653],[-1.542,50.6653],[-1.5428,50.665],[-1.543,50.665],[-1.5435,50.6649],[-1.5437,50.6648],[-1.5442,50.6647],[-1.5448,50.6646],[-1.5449,50.6646],[-1.5454,50.6645],[-1.5456,50.6644],[-1.5458,50.6644],[-1.5461,50.6644],[-1.5466,50.6642],[-1.5467,50.6641],[-1.5469,50.664],[-1.5472,50.6641],[-1.5474,50.664],[-1.5477,50.664],[-1.5479,50.664],[-1.5481,50.6639],[-1.5485,50.6638],[-1.5488,50.6636],[-1.549,50.6637],[-1.5491,50.6636],[-1.5495,50.6636],[-1.5498,50.6637],[-1.5502,50.6636],[-1.5504,50.6637],[-1.5508,50.6636],[-1.5511,50.6636],[-1.5515,50.6635],[-1.552,50.6634],[-1.5522,50.6634],[-1.5531,50.6633],[-1.5534,50.6632],[-1.5539,50.6632],[-1.5543,50.6632],[-1.5552,50.6631],[-1.5557,50.6632],[-1.5561,50.6632],[-1.5568,50.6631],[-1.557,50.6631],[-1.5578,50.6631],[-1.5584,50.6632],[-1.5585,50.6632],[-1.5588,50.6632],[-1.559,50.6632],[-1.5594,50.6631],[-1.5596,50.6632],[-1.5604,50.6631],[-1.5607,50.6631],[-1.561,50.6631],[-1.5615,50.6631],[-1.5619,50.663],[-1.5622,50.663],[-1.5627,50.6629],[-1.5629,50.6629],[-1.5634,50.6628],[-1.5635,50.6627],[-1.5639,50.6627],[-1.5641,50.6626],[-1.5646,50.6624],[-1.5649,50.6622],[-1.5652,50.6622],[-1.5657,50.662],[-1.566,50.662],[-1.5662,50.6621],[-1.5663,50.662],[-1.5666,50.6618],[-1.567,50.6618],[-1.5672,50.6617],[-1.5672,50.6616],[-1.5675,50.6615],[-1.5678,50.6614],[-1.568,50.6614],[-1.5683,50.6613],[-1.5688,50.6613],[-1.5689,50.6612],[-1.569,50.6611],[-1.5693,50.6611],[-1.5696,50.6613],[-1.5698,50.6612],[-1.5699,50.6611],[-1.5701,50.6611],[-1.5703,50.6609],[-1.5706,50.6609],[-1.5707,50.661],[-1.571,50.661],[-1.5712,50.6609],[-1.5717,50.6607],[-1.5721,50.6607],[-1.5722,50.6607],[-1.5724,50.6608],[-1.5727,50.6607],[-1.5734,50.6606],[-1.5739,50.6605],[-1.5743,50.6605],[-1.5745,50.6605],[-1.5747,50.6605],[-1.575,50.6605],[-1.5752,50.6605],[-1.5759,50.6604],[-1.5763,50.6604],[-1.5768,50.6604],[-1.5771,50.6603],[-1.5782,50.6603],[-1.5785,50.6602],[-1.5792,50.6602],[-1.5793,50.6602],[-1.5795,50.6603],[-1.5793,50.6605],[-1.5791,50.6608],[-1.5791,50.6611],[-1.5802,50.6614],[-1.5822,50.662],[-1.583,50.6622],[-1.5836,50.6624],[-1.584,50.6625],[-1.5844,50.6626],[-1.5848,50.6626],[-1.585,50.6627],[-1.5855,50.6629],[-1.5857,50.663],[-1.586,50.6631],[-1.5863,50.663],[-1.5866,50.6631],[-1.5857,50.6632],[-1.5855,50.6632],[-1.5847,50.6633],[-1.5845,50.6633],[-1.584,50.6633],[-1.5834,50.6634],[-1.5832,50.6634],[-1.5829,50.6635],[-1.5827,50.6635],[-1.5824,50.6634],[-1.5822,50.6634],[-1.5812,50.6635],[-1.5806,50.6636],[-1.5805,50.6636],[-1.5802,50.6636],[-1.58,50.6637],[-1.5799,50.6636],[-1.5796,50.6636],[-1.5794,50.6636],[-1.579,50.6637],[-1.5789,50.6637],[-1.5786,50.6638],[-1.5782,50.6637],[-1.5779,50.6638],[-1.5777,50.6637],[-1.5772,50.6639],[-1.5769,50.6639],[-1.5767,50.6637],[-1.5761,50.6639],[-1.576,50.6639],[-1.5753,50.664],[-1.5748,50.6642],[-1.5745,50.6642],[-1.5744,50.6643],[-1.5738,50.6645],[-1.5734,50.6646],[-1.5729,50.6646],[-1.5726,50.6646],[-1.5724,50.6647],[-1.5719,50.6648],[-1.5715,50.6649],[-1.5711,50.665],[-1.571,50.665],[-1.5706,50.6651],[-1.5704,50.6652],[-1.5697,50.6653],[-1.5695,50.6654],[-1.5693,50.6656],[-1.5691,50.6661],[-1.5691,50.6663],[-1.569,50.6664],[-1.569,50.6667],[-1.569,50.6671],[-1.5691,50.6677],[-1.5692,50.6684],[-1.5693,50.669],[-1.5694,50.6691],[-1.5694,50.6693],[-1.5696,50.67],[-1.5698,50.6707],[-1.5698,50.6711],[-1.57,50.6717],[-1.5699,50.6721],[-1.57,50.6722],[-1.57,50.6724],[-1.5702,50.6724],[-1.5702,50.6725],[-1.5702,50.6727],[-1.57,50.6728],[-1.5699,50.673],[-1.5698,50.6731],[-1.5696,50.6734],[-1.5691,50.6735],[-1.569,50.6736],[-1.5687,50.6738],[-1.5684,50.6738],[-1.5681,50.6739],[-1.5675,50.6739],[-1.5673,50.674],[-1.5669,50.6743],[-1.5664,50.6746],[-1.566,50.6747],[-1.5656,50.6748],[-1.5655,50.6747],[-1.5652,50.6748],[-1.5651,50.6749],[-1.5649,50.675],[-1.5647,50.675],[-1.5644,50.6751],[-1.5642,50.6751],[-1.5638,50.6754],[-1.5634,50.6756],[-1.563,50.6756],[-1.5627,50.6756],[-1.5625,50.6757],[-1.5618,50.6758],[-1.5613,50.676],[-1.5606,50.6761],[-1.5602,50.6762],[-1.5599,50.6761],[-1.5594,50.6762],[-1.5592,50.6762],[-1.5589,50.6762],[-1.5585,50.6762],[-1.558,50.6762],[-1.5575,50.6762],[-1.5572,50.6762],[-1.5565,50.6766],[-1.5562,50.6766],[-1.5559,50.6767],[-1.5552,50.6768],[-1.5545,50.677],[-1.5539,50.6771],[-1.5536,50.6773],[-1.5534,50.6773],[-1.553,50.6773],[-1.5525,50.6773],[-1.5522,50.6772],[-1.5518,50.6773],[-1.5512,50.6773],[-1.551,50.6773],[-1.5508,50.6774],[-1.5503,50.6774],[-1.5497,50.6775],[-1.5492,50.6777],[-1.5482,50.6783],[-1.548,50.6784],[-1.5481,50.6785],[-1.5479,50.6787],[-1.5476,50.6787],[-1.5474,50.679],[-1.5469,50.6793],[-1.5463,50.6801],[-1.5454,50.6812],[-1.5452,50.6816],[-1.5447,50.6822],[-1.5448,50.6822],[-1.5444,50.6829],[-1.5443,50.6832],[-1.5442,50.6834],[-1.544,50.6839],[-1.5436,50.685],[-1.5435,50.6853],[-1.543,50.6868],[-1.543,50.687],[-1.543,50.6871],[-1.5429,50.6873],[-1.5426,50.6881],[-1.5419,50.6887],[-1.5418,50.6889],[-1.5416,50.689],[-1.5408,50.689],[-1.5405,50.689],[-1.54,50.6891],[-1.5398,50.6891],[-1.5395,50.6891],[-1.539,50.6892],[-1.5385,50.6895],[-1.5384,50.6896],[-1.5382,50.6897],[-1.5378,50.6899],[-1.5376,50.6899],[-1.5375,50.69],[-1.5374,50.6902],[-1.537,50.6905],[-1.5368,50.6906],[-1.5364,50.6909],[-1.5361,50.6911],[-1.5359,50.6914],[-1.5358,50.6914],[-1.5355,50.6916],[-1.5352,50.6919],[-1.535,50.6921],[-1.5347,50.6925],[-1.5345,50.6927],[-1.5342,50.6933],[-1.5341,50.6935],[-1.534,50.694],[-1.5337,50.6951],[-1.5335,50.6956],[-1.5333,50.6964],[-1.5333,50.697],[-1.5334,50.6972],[-1.5338,50.6973],[-1.5339,50.6976],[-1.5339,50.6979],[-1.534,50.6983],[-1.534,50.6987],[-1.5341,50.6989],[-1.5342,50.6991],[-1.5342,50.6994],[-1.5343,50.6997],[-1.5343,50.7],[-1.5345,50.7001],[-1.5347,50.7],[-1.5348,50.7004],[-1.5345,50.7007],[-1.5343,50.7006],[-1.5334,50.7007],[-1.5324,50.7014],[-1.532,50.7018],[-1.5317,50.7021],[-1.5313,50.7021],[-1.5311,50.7022],[-1.5306,50.7026],[-1.5303,50.703],[-1.5299,50.7034],[-1.5298,50.7035],[-1.5295,50.7035],[-1.5291,50.7037],[-1.5285,50.7038],[-1.5284,50.7038],[-1.5281,50.7039],[-1.5277,50.7041],[-1.527,50.7043],[-1.5266,50.7044],[-1.5261,50.7048],[-1.5258,50.7049],[-1.5255,50.7052],[-1.5248,50.7055],[-1.5243,50.7059],[-1.5235,50.7063],[-1.523,50.7066],[-1.5221,50.7071],[-1.5219,50.7072],[-1.5212,50.7072],[-1.5204,50.7071],[-1.5198,50.7071],[-1.5189,50.707],[-1.5185,50.707],[-1.5179,50.707],[-1.5174,50.707],[-1.5173,50.707],[-1.5168,50.7069],[-1.5166,50.7069],[-1.5165,50.7071],[-1.5164,50.707],[-1.5158,50.707],[-1.5157,50.707],[-1.5155,50.707],[-1.5147,50.7069],[-1.5146,50.7068],[-1.5141,50.7067],[-1.514,50.7067],[-1.5136,50.7066],[-1.5124,50.7064],[-1.512,50.7064],[-1.5115,50.7063],[-1.5106,50.7062],[-1.5104,50.7063],[-1.51,50.7062],[-1.5099,50.7064],[-1.5098,50.7063],[-1.5093,50.7061],[-1.5087,50.706],[-1.5079,50.706],[-1.5076,50.706],[-1.5073,50.706],[-1.507,50.7061],[-1.5068,50.7062],[-1.5065,50.7061],[-1.5064,50.7061],[-1.5061,50.7063],[-1.5057,50.7065],[-1.5051,50.7067],[-1.5049,50.7068],[-1.5042,50.7068],[-1.504,50.7068],[-1.503,50.7069],[-1.5027,50.7068],[-1.5023,50.7069],[-1.5022,50.707],[-1.5019,50.7071],[-1.5016,50.707],[-1.5013,50.7071],[-1.5012,50.7069],[-1.5012,50.7068],[-1.5014,50.7066],[-1.5016,50.7065],[-1.502,50.7065],[-1.5023,50.7065],[-1.5031,50.7066],[-1.5035,50.7065],[-1.5038,50.7065],[-1.5041,50.7065],[-1.5045,50.7065],[-1.5047,50.7064],[-1.505,50.7063],[-1.5051,50.7062],[-1.5052,50.7059],[-1.5051,50.7056],[-1.505,50.7054],[-1.5049,50.7052],[-1.5054,50.705],[-1.5056,50.7048],[-1.5059,50.7046],[-1.5062,50.7046],[-1.5064,50.7045],[-1.5062,50.7045],[-1.5057,50.7047],[-1.5055,50.7048],[-1.5052,50.7049],[-1.5051,50.7048],[-1.5047,50.7046],[-1.5046,50.7047],[-1.5045,50.7044],[-1.5041,50.7045],[-1.504,50.7045],[-1.5036,50.7042],[-1.5033,50.7038],[-1.503,50.7035],[-1.503,50.7034],[-1.5033,50.7031],[-1.5034,50.7029],[-1.5038,50.7026],[-1.5039,50.7025],[-1.5044,50.7021],[-1.5046,50.7021],[-1.5047,50.7019],[-1.5049,50.7017],[-1.5047,50.7019],[-1.5046,50.702],[-1.5041,50.7023],[-1.5039,50.7024],[-1.5038,50.7025],[-1.5034,50.7029],[-1.5032,50.7032],[-1.503,50.7034],[-1.5029,50.7033],[-1.5027,50.703],[-1.5025,50.7026],[-1.5024,50.7024],[-1.5024,50.7019],[-1.5024,50.7012],[-1.5024,50.701],[-1.5023,50.7007],[-1.502,50.7],[-1.5018,50.6998],[-1.5015,50.6996],[-1.5011,50.6992],[-1.5003,50.6986],[-1.4998,50.6983],[-1.4997,50.6982],[-1.4997,50.698],[-1.4998,50.6978],[-1.5006,50.6973],[-1.501,50.697],[-1.5013,50.6967],[-1.5014,50.6965],[-1.5018,50.6961],[-1.5024,50.6958],[-1.503,50.6954],[-1.5036,50.6951],[-1.504,50.695],[-1.5044,50.6947],[-1.5046,50.6946],[-1.5049,50.6945],[-1.5054,50.6943],[-1.5058,50.6941],[-1.5062,50.6936],[-1.5063,50.6934],[-1.5062,50.6931],[-1.5059,50.6928],[-1.5057,50.6926],[-1.5054,50.6925],[-1.5049,50.6921],[-1.5047,50.6917],[-1.5046,50.6914],[-1.5049,50.6908],[-1.5049,50.6907],[-1.5046,50.6903],[-1.5043,50.6901],[-1.5039,50.6899],[-1.5038,50.6898],[-1.5037,50.6895],[-1.5036,50.6889],[-1.5036,50.6886],[-1.5036,50.6881],[-1.5034,50.6875],[-1.5032,50.6872],[-1.5031,50.687],[-1.503,50.6868],[-1.5031,50.6866],[-1.5036,50.6861],[-1.5041,50.6858],[-1.5047,50.6855],[-1.5051,50.6855],[-1.5055,50.6853],[-1.5058,50.6853],[-1.506,50.6851],[-1.5059,50.6849],[-1.5057,50.6851],[-1.5053,50.6853],[-1.5051,50.6853],[-1.5046,50.6854],[-1.5037,50.6859],[-1.5033,50.6861],[-1.5029,50.6865],[-1.5028,50.6867],[-1.5028,50.6869],[-1.503,50.6872],[-1.5032,50.6876],[-1.5034,50.6888],[-1.5033,50.6891],[-1.5034,50.6897],[-1.5035,50.6899],[-1.5042,50.6904],[-1.5044,50.6905],[-1.5044,50.6906],[-1.5044,50.6908],[-1.5043,50.6912],[-1.5043,50.6916],[-1.5044,50.6919],[-1.5048,50.6924],[-1.505,50.6926],[-1.5052,50.6928],[-1.5056,50.6932],[-1.5058,50.6933],[-1.5058,50.6935],[-1.5058,50.6936],[-1.5056,50.6938],[-1.5053,50.694],[-1.5049,50.6942],[-1.5035,50.6947],[-1.5026,50.6951],[-1.5019,50.6954],[-1.5014,50.6958],[-1.5012,50.696],[-1.501,50.6963],[-1.5008,50.6965],[-1.5006,50.6967],[-1.5002,50.6969],[-1.4997,50.6972],[-1.4993,50.6972],[-1.4978,50.697],[-1.4977,50.697],[-1.4991,50.6972],[-1.4995,50.6973],[-1.4996,50.6973],[-1.4992,50.6976],[-1.4992,50.6977],[-1.4991,50.6981],[-1.4992,50.6983],[-1.4994,50.6986],[-1.4996,50.6988],[-1.5002,50.6991],[-1.5004,50.6993],[-1.5007,50.6996],[-1.5009,50.6997],[-1.5012,50.7001],[-1.5015,50.7005],[-1.5016,50.7007],[-1.5017,50.7011],[-1.5017,50.7012],[-1.5014,50.7012],[-1.501,50.7014],[-1.5006,50.7014],[-1.5002,50.7015],[-1.4997,50.7017],[-1.4993,50.7019],[-1.4991,50.702],[-1.4986,50.702],[-1.4984,50.702],[-1.4981,50.7021],[-1.4978,50.7022],[-1.4976,50.7023],[-1.4972,50.7023],[-1.4969,50.7024],[-1.4967,50.7025],[-1.4967,50.7026],[-1.4969,50.7026],[-1.4973,50.7023],[-1.4977,50.7023],[-1.4979,50.7022],[-1.4982,50.7022],[-1.4985,50.7021],[-1.4987,50.7021],[-1.4992,50.7021],[-1.4994,50.7021],[-1.4999,50.7018],[-1.5001,50.7017],[-1.5009,50.7016],[-1.5012,50.7016],[-1.5014,50.7016],[-1.5016,50.7018],[-1.5017,50.7019],[-1.5016,50.7023],[-1.5017,50.7025],[-1.5016,50.7026],[-1.5017,50.7028],[-1.5017,50.7029],[-1.5016,50.7032],[-1.5019,50.7036],[-1.502,50.7038],[-1.5023,50.7042],[-1.5025,50.7044],[-1.5026,50.7044],[-1.503,50.7045],[-1.5031,50.7045],[-1.5033,50.7046],[-1.5032,50.7047],[-1.5033,50.7048],[-1.5035,50.7051],[-1.5028,50.7053],[-1.5022,50.7054],[-1.5017,50.7055],[-1.5012,50.7057],[-1.5008,50.7064],[-1.5007,50.7064],[-1.5008,50.7063],[-1.5007,50.7063],[-1.5006,50.7065],[-1.5005,50.7066],[-1.5004,50.7067],[-1.5003,50.7067],[-1.5003,50.7068],[-1.5001,50.7068],[-1.4999,50.7067],[-1.4995,50.7068],[-1.4993,50.7068],[-1.4987,50.7068],[-1.4983,50.7068],[-1.4978,50.7068],[-1.4975,50.7068],[-1.497,50.7068],[-1.497,50.7069],[-1.4966,50.7068],[-1.4965,50.7068],[-1.4956,50.7068],[-1.4955,50.7068],[-1.4947,50.7068],[-1.4943,50.7067],[-1.4935,50.7066],[-1.4927,50.7066],[-1.4895,50.7066],[-1.4889,50.7066],[-1.4875,50.7067],[-1.4868,50.7067],[-1.4855,50.707],[-1.4839,50.7073],[-1.4824,50.7077],[-1.4808,50.7081],[-1.4802,50.7083],[-1.4795,50.7085],[-1.4791,50.7085],[-1.4786,50.7086],[-1.478,50.7087],[-1.4775,50.7087],[-1.4773,50.7086],[-1.4767,50.7087],[-1.4768,50.7088],[-1.4764,50.7088],[-1.4764,50.7089],[-1.4763,50.7088],[-1.476,50.7089],[-1.4759,50.7088],[-1.4756,50.7089],[-1.4755,50.7089],[-1.4754,50.7089],[-1.4752,50.7089],[-1.4747,50.7088],[-1.4744,50.7089],[-1.4744,50.709],[-1.4741,50.7092],[-1.474,50.7093],[-1.4738,50.7094],[-1.4735,50.7094],[-1.4733,50.7094],[-1.473,50.7095],[-1.4725,50.7097],[-1.4722,50.7098],[-1.4717,50.7097],[-1.4715,50.7096],[-1.4711,50.7094],[-1.4709,50.7094],[-1.4704,50.7094],[-1.4696,50.7095],[-1.4695,50.7095],[-1.4688,50.7098],[-1.4684,50.71],[-1.4682,50.7101],[-1.4678,50.7103],[-1.467,50.7107],[-1.4668,50.7109],[-1.4665,50.7111],[-1.4663,50.7111],[-1.466,50.7113],[-1.4657,50.7114],[-1.4654,50.7115],[-1.4645,50.712],[-1.464,50.7123],[-1.4638,50.7123],[-1.4635,50.7124],[-1.4633,50.7126],[-1.4631,50.7126],[-1.4627,50.7129],[-1.4622,50.7131],[-1.4621,50.7131],[-1.4614,50.7135],[-1.461,50.7137],[-1.4608,50.7137],[-1.4604,50.7139],[-1.4598,50.7141],[-1.4595,50.7143],[-1.4589,50.7148],[-1.4585,50.7151],[-1.4578,50.7156],[-1.4574,50.7159],[-1.457,50.7161],[-1.4566,50.7163],[-1.4563,50.7164],[-1.4561,50.7164],[-1.4556,50.7166],[-1.4551,50.7168],[-1.4549,50.7169],[-1.4544,50.717],[-1.4539,50.7172],[-1.4534,50.7173],[-1.453,50.7174],[-1.4525,50.7175],[-1.4522,50.7178],[-1.4519,50.7179],[-1.4515,50.7181],[-1.451,50.7182],[-1.4507,50.7183],[-1.4503,50.7184],[-1.4493,50.7191],[-1.449,50.7193],[-1.4486,50.7193],[-1.4485,50.7193],[-1.448,50.7193],[-1.4478,50.7193],[-1.4475,50.7193],[-1.447,50.7194],[-1.4465,50.7195],[-1.4459,50.7197],[-1.4455,50.7199],[-1.4452,50.72],[-1.4447,50.7203],[-1.4441,50.7206],[-1.4431,50.7212],[-1.4428,50.7213],[-1.4425,50.7217],[-1.4419,50.722],[-1.4413,50.7223],[-1.4409,50.7225],[-1.4407,50.7225],[-1.4405,50.7226],[-1.4403,50.7226],[-1.4401,50.7227],[-1.4395,50.7228],[-1.4387,50.7229],[-1.4383,50.723],[-1.4382,50.7231],[-1.4373,50.7234],[-1.4371,50.7234],[-1.4364,50.7236],[-1.436,50.7236],[-1.4357,50.7237],[-1.4352,50.7238],[-1.4346,50.7239],[-1.4342,50.724],[-1.4337,50.7242],[-1.4334,50.7244],[-1.433,50.7245],[-1.4327,50.7246],[-1.4324,50.7247],[-1.4321,50.7247],[-1.4313,50.7249],[-1.4307,50.7251],[-1.4303,50.7253],[-1.43,50.7256],[-1.4296,50.7258],[-1.4293,50.726],[-1.4288,50.7261],[-1.4285,50.7262],[-1.4287,50.7265],[-1.4283,50.7266],[-1.4276,50.7266],[-1.4265,50.7269],[-1.4262,50.727],[-1.4256,50.7271],[-1.4253,50.7272],[-1.4246,50.7271],[-1.4234,50.7269],[-1.423,50.7268],[-1.4219,50.7266],[-1.4212,50.7264],[-1.4206,50.7263],[-1.4204,50.7262],[-1.4192,50.7262],[-1.4187,50.7262],[-1.4182,50.7262],[-1.4175,50.7262],[-1.4168,50.7262],[-1.4156,50.7262],[-1.4151,50.7263],[-1.4145,50.7264],[-1.4142,50.7264],[-1.4143,50.7263],[-1.4143,50.7262],[-1.4141,50.7261],[-1.4137,50.7261],[-1.4135,50.726],[-1.4136,50.7259],[-1.4134,50.7258],[-1.4129,50.7257],[-1.4128,50.7256],[-1.413,50.7255],[-1.4127,50.7254],[-1.4125,50.7252],[-1.4122,50.725],[-1.4119,50.7248],[-1.4116,50.7245],[-1.4115,50.7241],[-1.4114,50.7238],[-1.4113,50.7236],[-1.4111,50.7236],[-1.411,50.7233],[-1.4111,50.7231],[-1.4113,50.723],[-1.4119,50.7229],[-1.4127,50.7229],[-1.413,50.7229],[-1.4129,50.7228],[-1.4126,50.7228],[-1.4124,50.7228],[-1.4123,50.7227],[-1.412,50.7228],[-1.4117,50.7229],[-1.4114,50.7229],[-1.411,50.7229],[-1.4108,50.7228],[-1.4108,50.7226],[-1.4108,50.7225],[-1.4106,50.722],[-1.4106,50.7214],[-1.4106,50.7212],[-1.4108,50.7208],[-1.411,50.7204],[-1.4112,50.7201],[-1.4116,50.7196],[-1.4118,50.7192],[-1.4126,50.7183],[-1.4131,50.7178],[-1.4133,50.7176],[-1.4137,50.7173],[-1.414,50.7171],[-1.4144,50.7169],[-1.4147,50.7167],[-1.4149,50.7164],[-1.415,50.716],[-1.4152,50.7153],[-1.4154,50.7149],[-1.4162,50.7141],[-1.4164,50.7138],[-1.4171,50.7132],[-1.4172,50.7131],[-1.4181,50.7127],[-1.4186,50.7125],[-1.4189,50.7123],[-1.4193,50.7122],[-1.4196,50.7122],[-1.4199,50.7123],[-1.4203,50.7122],[-1.4205,50.7122],[-1.421,50.712],[-1.4224,50.7114],[-1.4227,50.7113],[-1.4234,50.7112],[-1.4237,50.711],[-1.4238,50.7109],[-1.4238,50.7107],[-1.4237,50.7107],[-1.4236,50.7109],[-1.4234,50.7111],[-1.4233,50.7111],[-1.4229,50.7111],[-1.4224,50.7112],[-1.4221,50.7113],[-1.4218,50.7115],[-1.4215,50.7115],[-1.4211,50.7117],[-1.4208,50.7118],[-1.4204,50.7119],[-1.4187,50.7122],[-1.4186,50.7122],[-1.4183,50.7124],[-1.4181,50.7124],[-1.4175,50.7126],[-1.417,50.7128],[-1.4167,50.713],[-1.4163,50.7133],[-1.4159,50.7137],[-1.4154,50.7143],[-1.415,50.7147],[-1.4148,50.715],[-1.4146,50.7154],[-1.4145,50.7158],[-1.4146,50.7161],[-1.4145,50.7162],[-1.4142,50.7165],[-1.4141,50.7166],[-1.4135,50.7169],[-1.413,50.7172],[-1.413,50.717],[-1.4131,50.7164],[-1.4132,50.716],[-1.4132,50.7157],[-1.4133,50.7154],[-1.4132,50.7153],[-1.4131,50.7151],[-1.4129,50.7148],[-1.4128,50.7146],[-1.4129,50.7142],[-1.4128,50.7137],[-1.4127,50.7133],[-1.4126,50.7134],[-1.4127,50.714],[-1.4126,50.7147],[-1.4127,50.7149],[-1.4129,50.7152],[-1.4129,50.7156],[-1.4128,50.7164],[-1.4127,50.7168],[-1.4127,50.7171],[-1.4124,50.7175],[-1.412,50.718],[-1.4118,50.7182],[-1.4115,50.7185],[-1.4111,50.7191],[-1.4107,50.7195],[-1.4104,50.7193],[-1.4101,50.7192],[-1.4097,50.7191],[-1.4094,50.719],[-1.4093,50.7189],[-1.4093,50.7187],[-1.4097,50.7185],[-1.4103,50.7184],[-1.4106,50.7183],[-1.4112,50.7181],[-1.4114,50.718],[-1.4116,50.7177],[-1.4117,50.7174],[-1.4117,50.7171],[-1.4116,50.7165],[-1.4115,50.7162],[-1.4113,50.7159],[-1.4108,50.7154],[-1.4105,50.7151],[-1.4102,50.7149],[-1.4098,50.7147],[-1.41,50.715],[-1.4104,50.7152],[-1.4106,50.7153],[-1.4109,50.7156],[-1.411,50.7158],[-1.4112,50.7161],[-1.4113,50.7165],[-1.4114,50.7171],[-1.4113,50.7175],[-1.4112,50.7177],[-1.4109,50.7179],[-1.4106,50.718],[-1.4103,50.7181],[-1.4099,50.7181],[-1.4095,50.7182],[-1.4092,50.7183],[-1.4089,50.7186],[-1.4089,50.7188],[-1.409,50.7194],[-1.4093,50.7203],[-1.4095,50.7206],[-1.4095,50.721],[-1.4096,50.7213],[-1.4093,50.7215],[-1.4091,50.7218],[-1.4087,50.7221],[-1.4084,50.7221],[-1.4083,50.7223],[-1.4081,50.7223],[-1.4079,50.7221],[-1.4073,50.7222],[-1.4069,50.7223],[-1.4063,50.7226],[-1.4053,50.7235],[-1.4051,50.7238],[-1.4048,50.7239],[-1.4046,50.7242],[-1.4043,50.7244],[-1.4041,50.7245],[-1.4039,50.7245],[-1.4034,50.7245],[-1.4032,50.7244],[-1.403,50.7243],[-1.4024,50.724],[-1.402,50.7238],[-1.4009,50.7233],[-1.4006,50.7232],[-1.4007,50.723],[-1.4007,50.7229],[-1.4012,50.7231],[-1.4013,50.7231],[-1.4017,50.7232],[-1.4019,50.7231],[-1.4022,50.723],[-1.4022,50.7229],[-1.4021,50.7229],[-1.402,50.723],[-1.4016,50.7231],[-1.4015,50.7231],[-1.4012,50.723],[-1.4009,50.7229],[-1.4009,50.7228],[-1.4007,50.7228],[-1.4006,50.7226],[-1.4005,50.7226],[-1.4005,50.7229],[-1.4002,50.7231],[-1.4,50.723],[-1.4,50.7239],[-1.4003,50.724],[-1.4005,50.7242],[-1.4008,50.7244],[-1.4012,50.7246],[-1.4014,50.7247],[-1.4023,50.725],[-1.4025,50.7251],[-1.4036,50.7252],[-1.4042,50.7253],[-1.4048,50.7253],[-1.4052,50.7252],[-1.4058,50.725],[-1.4064,50.7247],[-1.4067,50.7244],[-1.407,50.724],[-1.4073,50.7238],[-1.4075,50.7236],[-1.4077,50.7235],[-1.4083,50.7234],[-1.4089,50.7234],[-1.4092,50.7234],[-1.4095,50.7235],[-1.4099,50.7237],[-1.4101,50.7238],[-1.4103,50.7239],[-1.4105,50.7242],[-1.4106,50.7244],[-1.4107,50.7249],[-1.4106,50.7251],[-1.4105,50.7256],[-1.4106,50.7258],[-1.4105,50.726],[-1.4104,50.7263],[-1.41,50.7266],[-1.4099,50.7268],[-1.4105,50.7266],[-1.4103,50.7268],[-1.41,50.727],[-1.4099,50.727],[-1.4098,50.7271],[-1.41,50.7275],[-1.41,50.7278],[-1.4099,50.7279],[-1.4096,50.728],[-1.4095,50.728],[-1.4095,50.7278],[-1.4095,50.7277],[-1.4093,50.7276],[-1.4089,50.7276],[-1.4084,50.7278],[-1.4081,50.7279],[-1.4073,50.7281],[-1.407,50.7282],[-1.4066,50.7283],[-1.4057,50.7287],[-1.4053,50.7288],[-1.4048,50.7289],[-1.4041,50.729],[-1.4038,50.7289],[-1.4037,50.729],[-1.4036,50.7291],[-1.4037,50.7293],[-1.4036,50.7296],[-1.4037,50.7298],[-1.4038,50.7299],[-1.4039,50.73],[-1.4037,50.7303],[-1.4033,50.7306],[-1.4033,50.7305],[-1.4035,50.7301],[-1.4035,50.7299],[-1.4034,50.7298],[-1.4031,50.7298],[-1.4028,50.7297],[-1.4026,50.7296],[-1.4026,50.7294],[-1.4024,50.7293],[-1.4023,50.7292],[-1.4021,50.7291],[-1.4021,50.7293],[-1.402,50.7295],[-1.4018,50.7295],[-1.4015,50.7296],[-1.4012,50.7296],[-1.401,50.7296],[-1.4007,50.7297],[-1.4004,50.73],[-1.4001,50.7301],[-1.4,50.7301]]]},"properties":{"mtype":"SPA","name":"Solent and Dorset Coast","code":"UK9020330"}},
{"type":"Feature","geometry":{"type":"Polygon","coordinates":[[[-2.6157,50.656],[-2.6158,50.656],[-2.6156,50.6565],[-2.6155,50.6571],[-2.6154,50.6575],[-2.6152,50.6581],[-2.6163,50.6576],[-2.6178,50.6576],[-2.6184,50.6577],[-2.6196,50.6578],[-2.6199,50.6579],[-2.6203,50.6579],[-2.6203,50.6578],[-2.6199,50.6577],[-2.6205,50.6572],[-2.6212,50.6566],[-2.6203,50.6562],[-2.6192,50.6557],[-2.618,50.6552],[-2.617,50.6548],[-2.616,50.6544],[-2.6144,50.6537],[-2.6133,50.6532],[-2.6113,50.6523],[-2.6107,50.652],[-2.6099,50.6516],[-2.6087,50.6511],[-2.6081,50.6508],[-2.6079,50.6507],[-2.6065,50.6501],[-2.6053,50.6495],[-2.6021,50.648],[-2.6006,50.6473],[-2.6002,50.6471],[-2.5988,50.6465],[-2.5973,50.6457],[-2.5963,50.6453],[-2.5954,50.6448],[-2.5897,50.6421],[-2.584,50.6392],[-2.5824,50.6384],[-2.5806,50.6375],[-2.5765,50.6355],[-2.5749,50.6347],[-2.5721,50.6333],[-2.5688,50.6316],[-2.5665,50.6304],[-2.5657,50.6301],[-2.5637,50.629],[-2.56,50.6271],[-2.5572,50.6256],[-2.5563,50.6251],[-2.5524,50.6231],[-2.5503,50.622],[-2.5501,50.622],[-2.5483,50.6211],[-2.5465,50.6202],[-2.5443,50.619],[-2.5433,50.6184],[-2.5411,50.6173],[-2.538,50.6156],[-2.5358,50.6144],[-2.5349,50.6139],[-2.5328,50.6128],[-2.5312,50.612],[-2.5297,50.6112],[-2.5288,50.6106],[-2.5269,50.6096],[-2.5264,50.6093],[-2.5242,50.6081],[-2.5216,50.6065],[-2.5175,50.6042],[-2.5153,50.6029],[-2.5129,50.6015],[-2.5095,50.5995],[-2.5092,50.5993],[-2.5061,50.5976],[-2.5054,50.5971],[-2.5032,50.5959],[-2.503,50.5957],[-2.502,50.5951],[-2.5013,50.5948],[-2.5008,50.5946],[-2.4999,50.5941],[-2.4988,50.5934],[-2.4971,50.5924],[-2.4963,50.5919],[-2.496,50.5917],[-2.4948,50.5909],[-2.4935,50.5902],[-2.4919,50.5892],[-2.4914,50.5888],[-2.4908,50.5884],[-2.4897,50.5877],[-2.489,50.5873],[-2.4886,50.587],[-2.488,50.5866],[-2.487,50.586],[-2.4867,50.5858],[-2.486,50.5854],[-2.4856,50.5851],[-2.485,50.5847],[-2.4846,50.5845],[-2.4841,50.5841],[-2.4835,50.5838],[-2.4828,50.5834],[-2.4821,50.5829],[-2.4816,50.5826],[-2.481,50.5822],[-2.4804,50.5818],[-2.479,50.5809],[-2.4785,50.5805],[-2.4777,50.58],[-2.4773,50.5798],[-2.4767,50.5794],[-2.4756,50.5787],[-2.4751,50.5783],[-2.4744,50.5778],[-2.4733,50.5772],[-2.4724,50.5766],[-2.4712,50.5758],[-2.4708,50.5755],[-2.4706,50.5755],[-2.4702,50.5755],[-2.4699,50.5755],[-2.4695,50.5756],[-2.4693,50.5758],[-2.4692,50.5759],[-2.4692,50.5762],[-2.4693,50.5768],[-2.4694,50.5769],[-2.4694,50.5771],[-2.4693,50.5772],[-2.4693,50.5775],[-2.4694,50.5779],[-2.4695,50.578],[-2.4695,50.5782],[-2.4699,50.5784],[-2.4698,50.5785],[-2.4697,50.5786],[-2.4699,50.5787],[-2.4701,50.5789],[-2.4703,50.5789],[-2.4706,50.5791],[-2.4704,50.5792],[-2.4703,50.5794],[-2.4701,50.5795],[-2.4698,50.5796],[-2.4699,50.5798],[-2.4701,50.58],[-2.4702,50.5804],[-2.4705,50.5805],[-2.4707,50.5806],[-2.4709,50.5808],[-2.471,50.5811],[-2.4709,50.5812],[-2.4709,50.5813],[-2.4709,50.5815],[-2.4712,50.5815],[-2.4712,50.5817],[-2.4711,50.5819],[-2.4714,50.5822],[-2.4715,50.5825],[-2.4715,50.5827],[-2.4712,50.5827],[-2.4715,50.5834],[-2.4717,50.5835],[-2.4719,50.5836],[-2.472,50.5837],[-2.4722,50.5843],[-2.4724,50.5845],[-2.4726,50.5847],[-2.4731,50.5849],[-2.4741,50.5853],[-2.4747,50.5854],[-2.4755,50.5856],[-2.4757,50.5856],[-2.4759,50.5856],[-2.4762,50.5856],[-2.4768,50.5857],[-2.4772,50.5858],[-2.4774,50.586],[-2.4777,50.5862],[-2.4782,50.5863],[-2.4788,50.5867],[-2.4791,50.5871],[-2.4793,50.5872],[-2.4794,50.5873],[-2.4803,50.5882],[-2.4807,50.5884],[-2.4811,50.5887],[-2.4817,50.5888],[-2.4822,50.5887],[-2.4826,50.5888],[-2.4831,50.5889],[-2.4836,50.5889],[-2.4838,50.5891],[-2.484,50.5895],[-2.4842,50.5902],[-2.4842,50.5905],[-2.4841,50.5906],[-2.4841,50.5908],[-2.484,50.5911],[-2.4841,50.5912],[-2.4844,50.5914],[-2.4846,50.5915],[-2.4851,50.5917],[-2.4856,50.5917],[-2.4858,50.5916],[-2.486,50.5914],[-2.4863,50.5912],[-2.4866,50.5912],[-2.4871,50.591],[-2.4874,50.591],[-2.4881,50.5911],[-2.4885,50.5913],[-2.4889,50.5915],[-2.4892,50.5915],[-2.4895,50.5916],[-2.4898,50.5917],[-2.4903,50.5919],[-2.4908,50.5922],[-2.4911,50.5924],[-2.4914,50.5927],[-2.4922,50.5931],[-2.4924,50.5932],[-2.4926,50.5934],[-2.493,50.5935],[-2.4934,50.5937],[-2.4939,50.5938],[-2.4944,50.5939],[-2.4951,50.5943],[-2.4952,50.5944],[-2.4956,50.5946],[-2.4969,50.5953],[-2.4971,50.5954],[-2.4972,50.5956],[-2.4975,50.5959],[-2.4979,50.5961],[-2.4981,50.5963],[-2.4983,50.5966],[-2.4984,50.5968],[-2.4985,50.5969],[-2.4987,50.5971],[-2.499,50.5976],[-2.499,50.5977],[-2.4992,50.598],[-2.4994,50.5984],[-2.4994,50.5987],[-2.4994,50.599],[-2.4993,50.599],[-2.4991,50.5996],[-2.499,50.6],[-2.4988,50.6002],[-2.4982,50.6006],[-2.4973,50.601],[-2.4972,50.6011],[-2.4968,50.6012],[-2.4962,50.6014],[-2.4961,50.6015],[-2.4957,50.6018],[-2.4955,50.6021],[-2.4954,50.6024],[-2.4956,50.6029],[-2.4959,50.603],[-2.4964,50.6032],[-2.4969,50.6033],[-2.4971,50.6033],[-2.4976,50.6033],[-2.4979,50.6033],[-2.4983,50.6033],[-2.499,50.6034],[-2.4994,50.6034],[-2.5,50.6036],[-2.5005,50.604],[-2.5006,50.604],[-2.501,50.6044],[-2.5011,50.6046],[-2.5012,50.605],[-2.5014,50.6053],[-2.5014,50.6056],[-2.5013,50.6058],[-2.5012,50.606],[-2.5012,50.6062],[-2.5011,50.6063],[-2.5011,50.6065],[-2.5012,50.6067],[-2.5013,50.6068],[-2.5015,50.6069],[-2.5018,50.6069],[-2.5019,50.6067],[-2.5021,50.6065],[-2.5025,50.6063],[-2.5026,50.6061],[-2.503,50.6058],[-2.5033,50.6056],[-2.5042,50.6052],[-2.5044,50.6051],[-2.5047,50.6051],[-2.5052,50.6053],[-2.5057,50.6056],[-2.5064,50.6058],[-2.5069,50.6062],[-2.5072,50.6064],[-2.5075,50.6067],[-2.5077,50.6069],[-2.5078,50.6073],[-2.5078,50.6075],[-2.5077,50.6078],[-2.5076,50.608],[-2.5072,50.6081],[-2.5064,50.6084],[-2.506,50.6085],[-2.5053,50.6086],[-2.5052,50.6086],[-2.505,50.6088],[-2.505,50.609],[-2.5051,50.6094],[-2.5054,50.6097],[-2.5057,50.6099],[-2.5068,50.6103],[-2.5069,50.6103],[-2.5073,50.6105],[-2.508,50.611],[-2.5083,50.6112],[-2.5086,50.6113],[-2.5088,50.6114],[-2.5094,50.6116],[-2.51,50.6117],[-2.5104,50.6116],[-2.5107,50.6115],[-2.5116,50.6111],[-2.5121,50.6108],[-2.5124,50.6107],[-2.5126,50.6105],[-2.5129,50.6102],[-2.5131,50.6101],[-2.5134,50.6101],[-2.5136,50.6101],[-2.5138,50.6103],[-2.5141,50.6107],[-2.5143,50.6109],[-2.5146,50.6113],[-2.5147,50.6114],[-2.5147,50.6118],[-2.5147,50.6119],[-2.5147,50.6125],[-2.5147,50.6127],[-2.5148,50.6131],[-2.5147,50.6134],[-2.5147,50.6136],[-2.5146,50.614],[-2.5147,50.6143],[-2.5149,50.6144],[-2.5149,50.6146],[-2.5149,50.6147],[-2.5152,50.6149],[-2.5157,50.6151],[-2.516,50.6151],[-2.5164,50.6153],[-2.5165,50.6155],[-2.5165,50.6158],[-2.5163,50.6162],[-2.5164,50.6167],[-2.5166,50.6171],[-2.5168,50.6173],[-2.5171,50.6176],[-2.5176,50.6178],[-2.5178,50.6178],[-2.5182,50.6178],[-2.5185,50.6178],[-2.5193,50.6179],[-2.5202,50.618],[-2.5204,50.618],[-2.521,50.6181],[-2.5213,50.6181],[-2.5221,50.6178],[-2.5224,50.6178],[-2.5228,50.6178],[-2.5231,50.6179],[-2.5235,50.6179],[-2.524,50.6178],[-2.5241,50.6177],[-2.5243,50.6173],[-2.5245,50.617],[-2.5247,50.6169],[-2.5253,50.6169],[-2.5257,50.6169],[-2.5263,50.617],[-2.5268,50.617],[-2.5271,50.6169],[-2.5275,50.617],[-2.5282,50.6171],[-2.5291,50.6171],[-2.5297,50.6171],[-2.5304,50.6173],[-2.5307,50.6173],[-2.5316,50.6174],[-2.5321,50.6177],[-2.5324,50.6178],[-2.5327,50.6179],[-2.5331,50.6181],[-2.5336,50.6182],[-2.534,50.6182],[-2.5346,50.6185],[-2.5349,50.6185],[-2.5351,50.6185],[-2.5352,50.6186],[-2.5366,50.6191],[-2.5378,50.6196],[-2.5382,50.6198],[-2.5388,50.6201],[-2.5389,50.6202],[-2.5392,50.6203],[-2.5396,50.6207],[-2.5397,50.6212],[-2.5397,50.6214],[-2.5398,50.6216],[-2.5401,50.622],[-2.5402,50.6221],[-2.5405,50.6221],[-2.5407,50.6222],[-2.5408,50.6224],[-2.5411,50.6223],[-2.5414,50.6224],[-2.5416,50.6225],[-2.5418,50.6226],[-2.542,50.6227],[-2.542,50.6229],[-2.5422,50.623],[-2.5427,50.6231],[-2.5435,50.6231],[-2.5438,50.6233],[-2.5443,50.6234],[-2.5444,50.6236],[-2.5445,50.6238],[-2.5445,50.6244],[-2.5446,50.6248],[-2.5448,50.6249],[-2.5446,50.625],[-2.5446,50.6251],[-2.5446,50.6253],[-2.5448,50.6255],[-2.5452,50.6257],[-2.5457,50.6259],[-2.546,50.6259],[-2.5461,50.6258],[-2.5462,50.6257],[-2.5464,50.6255],[-2.5468,50.6253],[-2.5471,50.6251],[-2.5472,50.6249],[-2.5476,50.6247],[-2.5479,50.6246],[-2.5484,50.6247],[-2.5488,50.6248],[-2.5491,50.6251],[-2.5497,50.6254],[-2.55,50.6256],[-2.5502,50.6257],[-2.5506,50.6262],[-2.5508,50.6264],[-2.5514,50.6268],[-2.5516,50.6271],[-2.5518,50.6272],[-2.5519,50.6274],[-2.5516,50.6276],[-2.5513,50.6276],[-2.5505,50.6279],[-2.5503,50.628],[-2.5499,50.6282],[-2.5493,50.6283],[-2.5492,50.6282],[-2.5488,50.6282],[-2.5485,50.6281],[-2.5482,50.6281],[-2.5476,50.6278],[-2.547,50.6276],[-2.5467,50.6276],[-2.5463,50.628],[-2.5461,50.6282],[-2.546,50.6285],[-2.546,50.6288],[-2.5461,50.629],[-2.5461,50.6292],[-2.5461,50.6295],[-2.5459,50.6296],[-2.5458,50.6298],[-2.5455,50.6301],[-2.5457,50.6303],[-2.5458,50.6304],[-2.5456,50.6305],[-2.5454,50.6305],[-2.5456,50.6305],[-2.5462,50.6303],[-2.5464,50.6303],[-2.5468,50.6303],[-2.5476,50.63],[-2.5477,50.6301],[-2.5482,50.63],[-2.5486,50.63],[-2.549,50.6299],[-2.5492,50.63],[-2.5501,50.6302],[-2.5505,50.6303],[-2.5509,50.6304],[-2.5513,50.6303],[-2.5517,50.6304],[-2.552,50.6306],[-2.5521,50.6306],[-2.5523,50.6307],[-2.5523,50.6306],[-2.5528,50.6306],[-2.5531,50.6304],[-2.5536,50.6304],[-2.5539,50.6304],[-2.5543,50.6305],[-2.5546,50.6306],[-2.555,50.6305],[-2.5552,50.6304],[-2.5554,50.6303],[-2.5556,50.6303],[-2.557,50.6305],[-2.5575,50.6306],[-2.5579,50.6308],[-2.5582,50.6309],[-2.5583,50.6311],[-2.5584,50.6314],[-2.5584,50.6317],[-2.5585,50.6322],[-2.5586,50.6324],[-2.5587,50.6329],[-2.5589,50.6334],[-2.559,50.6335],[-2.5597,50.6343],[-2.5599,50.6345],[-2.5599,50.6349],[-2.5601,50.6352],[-2.5599,50.6356],[-2.5599,50.6359],[-2.56,50.6361],[-2.5602,50.6364],[-2.5602,50.6366],[-2.5603,50.6369],[-2.5604,50.6371],[-2.5604,50.6372],[-2.5604,50.6373],[-2.5604,50.6376],[-2.5603,50.6378],[-2.5603,50.638],[-2.5602,50.6382],[-2.5603,50.6387],[-2.5601,50.6388],[-2.5604,50.6392],[-2.5609,50.6389],[-2.5612,50.6388],[-2.5612,50.6387],[-2.5615,50.6386],[-2.5615,50.6384],[-2.5614,50.6383],[-2.5616,50.6382],[-2.5619,50.6381],[-2.5622,50.6382],[-2.5625,50.638],[-2.5626,50.638],[-2.5629,50.6379],[-2.5632,50.6379],[-2.5639,50.6379],[-2.5648,50.6379],[-2.5651,50.638],[-2.5653,50.638],[-2.5656,50.638],[-2.5663,50.638],[-2.5665,50.638],[-2.5668,50.638],[-2.5671,50.638],[-2.5674,50.6379],[-2.5677,50.6379],[-2.5681,50.6378],[-2.5688,50.6377],[-2.5692,50.6377],[-2.5701,50.6376],[-2.5704,50.6377],[-2.5707,50.6379],[-2.5709,50.638],[-2.5709,50.6381],[-2.5712,50.6382],[-2.5713,50.6383],[-2.5717,50.6384],[-2.5726,50.6387],[-2.5732,50.6388],[-2.5735,50.6388],[-2.5738,50.6388],[-2.5741,50.6389],[-2.5745,50.6389],[-2.5746,50.639],[-2.5748,50.6391],[-2.5751,50.6394],[-2.5753,50.6396],[-2.5757,50.6398],[-2.5763,50.6402],[-2.5765,50.6403],[-2.5771,50.6405],[-2.5774,50.6406],[-2.5777,50.6408],[-2.5781,50.641],[-2.5784,50.6411],[-2.5791,50.6412],[-2.5797,50.6412],[-2.5801,50.6413],[-2.5802,50.6414],[-2.5808,50.6416],[-2.5812,50.6416],[-2.5815,50.6417],[-2.582,50.6418],[-2.5824,50.642],[-2.5827,50.6422],[-2.583,50.6424],[-2.5833,50.6426],[-2.584,50.643],[-2.5845,50.6433],[-2.585,50.6437],[-2.5859,50.6441],[-2.5861,50.6443],[-2.5863,50.6445],[-2.5862,50.6447],[-2.5862,50.6449],[-2.5864,50.6451],[-2.5867,50.6452],[-2.5869,50.6451],[-2.5874,50.6452],[-2.5876,50.6452],[-2.5878,50.6454],[-2.5881,50.6455],[-2.588,50.6456],[-2.588,50.6458],[-2.5882,50.646],[-2.5884,50.6461],[-2.5887,50.6462],[-2.5896,50.6462],[-2.5903,50.6464],[-2.5909,50.6465],[-2.5912,50.6466],[-2.5917,50.6467],[-2.5921,50.6468],[-2.5928,50.6471],[-2.5932,50.6472],[-2.5937,50.6473],[-2.5941,50.6475],[-2.5947,50.6476],[-2.5952,50.6478],[-2.5957,50.648],[-2.5964,50.6484],[-2.5968,50.6485],[-2.5973,50.6487],[-2.5979,50.649],[-2.5984,50.6491],[-2.5987,50.6493],[-2.5991,50.6497],[-2.5996,50.6501],[-2.5998,50.6502],[-2.6,50.6504],[-2.6002,50.6505],[-2.6004,50.6507],[-2.6007,50.6508],[-2.6005,50.6511],[-2.5996,50.6511],[-2.5986,50.6512],[-2.5984,50.6513],[-2.5982,50.6514],[-2.5981,50.6515],[-2.5977,50.6514],[-2.5973,50.6515],[-2.5971,50.6516],[-2.5964,50.6518],[-2.5964,50.6521],[-2.5966,50.6536],[-2.5974,50.6543],[-2.598,50.6546],[-2.5989,50.6549],[-2.5991,50.6548],[-2.5995,50.6551],[-2.5997,50.6553],[-2.5999,50.6553],[-2.6012,50.6554],[-2.6036,50.6556],[-2.6046,50.6557],[-2.6046,50.6558],[-2.6048,50.6559],[-2.6049,50.6559],[-2.605,50.6557],[-2.607,50.6559],[-2.607,50.6558],[-2.6094,50.6553],[-2.6096,50.6552],[-2.611,50.6555],[-2.6127,50.6558],[-2.6141,50.656],[-2.6143,50.656],[-2.6145,50.6554],[-2.6148,50.6556],[-2.6153,50.6558],[-2.6157,50.656]]]},"properties":{"mtype":"SPA","name":"Chesil Beach & the Fleet","code":"UK9010091"}},
{"type":"Feature","geometry":{"type":"Polygon","coordinates":[[[-1.9469,50.6827],[-1.9471,50.6827],[-1.9478,50.6827],[-1.9482,50.6829],[-1.9486,50.6831],[-1.9488,50.6831],[-1.9488,50.6833],[-1.9492,50.6836],[-1.9503,50.6843],[-1.9508,50.6846],[-1.9507,50.6846],[-1.9508,50.6847],[-1.9509,50.6847],[-1.9513,50.6849],[-1.9516,50.6852],[-1.9517,50.6853],[-1.9518,50.6856],[-1.9517,50.6858],[-1.9514,50.6863],[-1.951,50.6866],[-1.9513,50.6866],[-1.951,50.6868],[-1.9507,50.6868],[-1.9501,50.6871],[-1.9497,50.6872],[-1.9493,50.6875],[-1.9487,50.6879],[-1.9482,50.688],[-1.9481,50.688],[-1.9471,50.6883],[-1.947,50.6884],[-1.9467,50.6885],[-1.9466,50.6883],[-1.9463,50.6884],[-1.9462,50.6884],[-1.946,50.6884],[-1.9462,50.6889],[-1.9456,50.6887],[-1.9454,50.6886],[-1.9457,50.6886],[-1.9456,50.6884],[-1.9455,50.6883],[-1.945,50.6883],[-1.9447,50.6883],[-1.9443,50.6885],[-1.9443,50.6884],[-1.944,50.6884],[-1.9438,50.6884],[-1.9437,50.6883],[-1.9431,50.6884],[-1.9429,50.6886],[-1.9427,50.6885],[-1.9422,50.6886],[-1.9412,50.6887],[-1.9406,50.6888],[-1.9404,50.689],[-1.9402,50.689],[-1.9399,50.6891],[-1.9395,50.6895],[-1.9387,50.6901],[-1.9375,50.6907],[-1.9375,50.6908],[-1.9372,50.6908],[-1.9369,50.691],[-1.9362,50.6913],[-1.9361,50.6915],[-1.9359,50.6915],[-1.9348,50.692],[-1.9347,50.6921],[-1.9345,50.6921],[-1.9339,50.6924],[-1.9332,50.6927],[-1.9328,50.6931],[-1.9324,50.6934],[-1.9321,50.6938],[-1.9318,50.6943],[-1.9317,50.6949],[-1.9317,50.6952],[-1.9318,50.6958],[-1.9319,50.6966],[-1.932,50.6968],[-1.9322,50.6973],[-1.9323,50.6974],[-1.9327,50.6978],[-1.9336,50.6988],[-1.9346,50.6998],[-1.935,50.7001],[-1.9352,50.7002],[-1.9356,50.7004],[-1.936,50.7005],[-1.9364,50.7006],[-1.9386,50.7009],[-1.9396,50.7011],[-1.9403,50.7011],[-1.9407,50.7011],[-1.9408,50.7011],[-1.9409,50.7013],[-1.9413,50.7015],[-1.9415,50.7018],[-1.9421,50.7021],[-1.9432,50.7028],[-1.9436,50.7032],[-1.9442,50.7036],[-1.9447,50.7042],[-1.9451,50.7044],[-1.9454,50.7047],[-1.9454,50.7048],[-1.9456,50.7049],[-1.9458,50.7051],[-1.946,50.7052],[-1.9462,50.7055],[-1.9465,50.7057],[-1.9467,50.706],[-1.9467,50.7061],[-1.9469,50.7064],[-1.9471,50.7066],[-1.9475,50.7068],[-1.9478,50.7069],[-1.9495,50.7054],[-1.9509,50.7041],[-1.9483,50.7065],[-1.9483,50.7067],[-1.9479,50.707],[-1.9478,50.7072],[-1.9482,50.7073],[-1.9483,50.7073],[-1.9488,50.7069],[-1.9485,50.7067],[-1.9487,50.7065],[-1.9497,50.7063],[-1.951,50.7051],[-1.9514,50.7053],[-1.9516,50.7052],[-1.9517,50.7053],[-1.9513,50.7055],[-1.9514,50.7056],[-1.9513,50.7057],[-1.9505,50.7066],[-1.9504,50.7067],[-1.9502,50.7068],[-1.9497,50.7072],[-1.9496,50.7072],[-1.9489,50.7076],[-1.9488,50.7078],[-1.9486,50.7082],[-1.9481,50.7086],[-1.9479,50.7087],[-1.9479,50.7089],[-1.948,50.7091],[-1.9482,50.7092],[-1.9484,50.7092],[-1.9483,50.7093],[-1.9486,50.7097],[-1.9486,50.71],[-1.9488,50.7102],[-1.9488,50.7103],[-1.9488,50.7105],[-1.9491,50.711],[-1.9492,50.7111],[-1.9495,50.7113],[-1.9498,50.7111],[-1.9501,50.7114],[-1.9504,50.7115],[-1.9507,50.7116],[-1.9508,50.7118],[-1.9513,50.7118],[-1.9518,50.7118],[-1.9523,50.7117],[-1.9528,50.7116],[-1.953,50.7116],[-1.9535,50.7111],[-1.9537,50.7108],[-1.9537,50.7103],[-1.9537,50.7102],[-1.9539,50.7094],[-1.954,50.7092],[-1.954,50.7087],[-1.9537,50.7083],[-1.9543,50.7087],[-1.9545,50.7088],[-1.955,50.709],[-1.9555,50.7092],[-1.9557,50.7093],[-1.9561,50.7095],[-1.9563,50.7097],[-1.9565,50.7097],[-1.9568,50.7099],[-1.957,50.7101],[-1.9572,50.7101],[-1.9576,50.7105],[-1.958,50.7107],[-1.9586,50.711],[-1.9594,50.7114],[-1.9597,50.7115],[-1.9604,50.7119],[-1.9604,50.7121],[-1.9601,50.7125],[-1.9597,50.7129],[-1.9594,50.7131],[-1.9595,50.7132],[-1.9594,50.7133],[-1.9592,50.7132],[-1.959,50.7133],[-1.9588,50.7134],[-1.9577,50.7132],[-1.9574,50.7132],[-1.9569,50.7133],[-1.9564,50.7136],[-1.9563,50.714],[-1.9572,50.7149],[-1.9577,50.7154],[-1.958,50.7155],[-1.9584,50.7156],[-1.9599,50.7156],[-1.9607,50.7156],[-1.9628,50.7157],[-1.9635,50.7157],[-1.9639,50.7157],[-1.9644,50.7156],[-1.9663,50.7153],[-1.9664,50.7153],[-1.9669,50.7151],[-1.967,50.7149],[-1.9675,50.7145],[-1.9676,50.7141],[-1.9677,50.7139],[-1.968,50.7137],[-1.9682,50.7133],[-1.9684,50.7131],[-1.9685,50.7129],[-1.9686,50.7128],[-1.9687,50.7125],[-1.969,50.7122],[-1.9693,50.7121],[-1.9698,50.7118],[-1.9703,50.7117],[-1.9709,50.7115],[-1.9716,50.7111],[-1.9725,50.7106],[-1.9727,50.7106],[-1.9731,50.7106],[-1.9738,50.7109],[-1.9746,50.7111],[-1.9752,50.7114],[-1.9756,50.7116],[-1.9763,50.7118],[-1.977,50.7119],[-1.9772,50.7119],[-1.9773,50.7117],[-1.9776,50.7117],[-1.9777,50.7118],[-1.9781,50.7119],[-1.9788,50.7119],[-1.9792,50.7119],[-1.9794,50.7119],[-1.98,50.7119],[-1.9802,50.7119],[-1.9804,50.7118],[-1.9816,50.7119],[-1.982,50.7117],[-1.9843,50.7118],[-1.9844,50.7118],[-1.985,50.7118],[-1.9872,50.712],[-1.9888,50.7121],[-1.99,50.7121],[-1.9907,50.7123],[-1.9916,50.7125],[-1.9919,50.7125],[-1.9921,50.7127],[-1.993,50.7134],[-1.993,50.7137],[-1.9929,50.7142],[-1.9928,50.7144],[-1.9925,50.7148],[-1.9924,50.7147],[-1.9922,50.715],[-1.9921,50.7152],[-1.9918,50.7153],[-1.9911,50.716],[-1.991,50.716],[-1.991,50.7161],[-1.9908,50.7163],[-1.9904,50.7166],[-1.9901,50.7171],[-1.99,50.7172],[-1.9898,50.7176],[-1.9894,50.718],[-1.9893,50.7179],[-1.9891,50.7179],[-1.9896,50.7183],[-1.9896,50.7188],[-1.9893,50.7188],[-1.9894,50.7189],[-1.9894,50.719],[-1.9892,50.719],[-1.9864,50.7194],[-1.9863,50.7194],[-1.9853,50.7193],[-1.9844,50.7192],[-1.9843,50.7193],[-1.9843,50.7196],[-1.9843,50.7198],[-1.9844,50.7201],[-1.9846,50.7204],[-1.9847,50.7205],[-1.9852,50.721],[-1.9856,50.7213],[-1.986,50.7215],[-1.9865,50.7218],[-1.9868,50.7219],[-1.9872,50.7221],[-1.9877,50.7222],[-1.9881,50.7222],[-1.989,50.7223],[-1.9896,50.7224],[-1.9903,50.7225],[-1.9909,50.7226],[-1.9913,50.7228],[-1.9916,50.7229],[-1.9919,50.7231],[-1.9922,50.7233],[-1.9923,50.7235],[-1.9925,50.7239],[-1.9926,50.7244],[-1.9927,50.7249],[-1.9927,50.7256],[-1.9927,50.7261],[-1.9926,50.7267],[-1.9925,50.7276],[-1.9923,50.7285],[-1.9921,50.7293],[-1.9922,50.7294],[-1.9923,50.7296],[-1.9933,50.7297],[-1.994,50.7297],[-1.9949,50.7298],[-1.995,50.7299],[-1.9949,50.73],[-1.9941,50.7299],[-1.9937,50.7299],[-1.9934,50.7299],[-1.9932,50.7299],[-1.992,50.7298],[-1.9919,50.7299],[-1.9917,50.7304],[-1.9917,50.7309],[-1.9916,50.7313],[-1.9916,50.7321],[-1.9917,50.7324],[-1.9918,50.7327],[-1.9921,50.7332],[-1.9922,50.7333],[-1.9926,50.7337],[-1.9936,50.7344],[-1.9941,50.7346],[-1.9938,50.7348],[-1.9939,50.7349],[-1.9942,50.7347],[-1.9944,50.7347],[-1.9945,50.7348],[-1.9955,50.7352],[-1.9963,50.7354],[-1.9967,50.7355],[-1.997,50.7355],[-1.9972,50.7355],[-1.9971,50.7359],[-1.9972,50.7359],[-1.9973,50.7355],[-1.9977,50.7356],[-1.9987,50.7357],[-1.9991,50.7357],[-1.9994,50.7357],[-1.9995,50.7357],[-1.9998,50.7358],[-2.0001,50.7358],[-2.0003,50.7359],[-2.0006,50.7359],[-2.001,50.7357],[-2.0013,50.7355],[-2.0018,50.7352],[-2.002,50.7352],[-2.0026,50.7349],[-2.0028,50.7348],[-2.0035,50.7347],[-2.0036,50.7347],[-2.0039,50.7348],[-2.004,50.7349],[-2.0043,50.7348],[-2.0046,50.7349],[-2.005,50.7349],[-2.0053,50.735],[-2.0054,50.735],[-2.0056,50.7352],[-2.0057,50.7353],[-2.0058,50.7354],[-2.006,50.7357],[-2.0064,50.7357],[-2.0063,50.7355],[-2.0062,50.7353],[-2.007,50.7354],[-2.0074,50.7354],[-2.0078,50.7353],[-2.0082,50.7351],[-2.0084,50.7349],[-2.009,50.7345],[-2.0093,50.7345],[-2.0096,50.7341],[-2.0097,50.734],[-2.0097,50.7338],[-2.0097,50.7337],[-2.0098,50.7336],[-2.0099,50.7336],[-2.0101,50.7335],[-2.0104,50.7332],[-2.0104,50.7331],[-2.0105,50.733],[-2.0111,50.7327],[-2.0111,50.7326],[-2.0112,50.7325],[-2.0115,50.7323],[-2.0116,50.7321],[-2.0118,50.732],[-2.0119,50.7318],[-2.0122,50.7319],[-2.0126,50.7311],[-2.0119,50.731],[-2.012,50.7308],[-2.0121,50.7306],[-2.0118,50.73],[-2.0118,50.7294],[-2.0118,50.7289],[-2.0117,50.7288],[-2.011,50.729],[-2.0106,50.7292],[-2.01,50.7292],[-2.0098,50.7293],[-2.0089,50.7294],[-2.0083,50.7295],[-2.0077,50.7296],[-2.0074,50.7296],[-2.0064,50.7297],[-2.0061,50.7297],[-2.0056,50.7297],[-2.0055,50.7296],[-2.0058,50.7295],[-2.006,50.7295],[-2.0068,50.7293],[-2.007,50.7293],[-2.0082,50.7291],[-2.0091,50.7291],[-2.01,50.7288],[-2.0118,50.7286],[-2.0118,50.7283],[-2.0118,50.7281],[-2.0117,50.7276],[-2.0115,50.7271],[-2.0113,50.7268],[-2.0115,50.7266],[-2.0115,50.7265],[-2.011,50.7262],[-2.0107,50.726],[-2.0103,50.726],[-2.0092,50.7258],[-2.009,50.7257],[-2.0091,50.7255],[-2.0093,50.7252],[-2.0093,50.725],[-2.0092,50.7249],[-2.0091,50.7246],[-2.0088,50.7246],[-2.0085,50.7246],[-2.0083,50.7243],[-2.0082,50.7242],[-2.0077,50.724],[-2.0075,50.7237],[-2.0073,50.7234],[-2.007,50.7235],[-2.0071,50.7237],[-2.007,50.7238],[-2.0066,50.7235],[-2.006,50.7231],[-2.006,50.723],[-2.0065,50.7228],[-2.0064,50.7228],[-2.0059,50.723],[-2.0044,50.7226],[-2.0031,50.7224],[-2.0033,50.7219],[-2.0033,50.7214],[-2.0035,50.7209],[-2.0037,50.7209],[-2.0045,50.721],[-2.0055,50.7213],[-2.0061,50.7215],[-2.0062,50.7213],[-2.006,50.7213],[-2.0059,50.7211],[-2.0062,50.721],[-2.0062,50.7209],[-2.0062,50.7206],[-2.0062,50.7204],[-2.0061,50.72],[-2.0061,50.7198],[-2.0059,50.7194],[-2.0059,50.7191],[-2.0058,50.7189],[-2.0049,50.718],[-2.0047,50.7179],[-2.0045,50.7177],[-2.0044,50.7177],[-2.0029,50.7187],[-2.003,50.7189],[-2.0028,50.719],[-2.0026,50.7189],[-2.0025,50.719],[-2.0025,50.7191],[-2.0024,50.7192],[-2.0022,50.7192],[-2.0021,50.7191],[-2.0022,50.719],[-2.0025,50.719],[-2.003,50.7186],[-2.0041,50.7178],[-2.0039,50.7176],[-2.0037,50.7174],[-2.0031,50.7171],[-2.0027,50.7173],[-2.0019,50.7173],[-2.0015,50.7173],[-2.0006,50.717],[-2.0004,50.7171],[-1.9988,50.7181],[-1.9987,50.7181],[-1.9945,50.7168],[-1.9949,50.7164],[-1.994,50.716],[-1.9937,50.7159],[-1.9937,50.7158],[-1.9941,50.7154],[-1.995,50.7141],[-1.9944,50.7134],[-1.9947,50.7135],[-1.9945,50.7132],[-1.9944,50.7131],[-1.9941,50.713],[-1.994,50.7131],[-1.9936,50.7126],[-1.9932,50.7122],[-1.9931,50.7122],[-1.9923,50.7118],[-1.9921,50.7118],[-1.9914,50.7118],[-1.9915,50.7116],[-1.9914,50.7116],[-1.9913,50.7118],[-1.9901,50.7116],[-1.9896,50.7115],[-1.9896,50.7114],[-1.9901,50.7111],[-1.99,50.711],[-1.9894,50.7114],[-1.9882,50.7114],[-1.9871,50.7112],[-1.9865,50.7105],[-1.9865,50.7104],[-1.9863,50.709],[-1.9865,50.709],[-1.9865,50.7087],[-1.9865,50.7085],[-1.9865,50.7084],[-1.9866,50.7081],[-1.9867,50.7081],[-1.9868,50.7082],[-1.9868,50.7084],[-1.9866,50.7085],[-1.9867,50.7086],[-1.9866,50.7089],[-1.988,50.7089],[-1.9882,50.7088],[-1.9888,50.7085],[-1.989,50.7085],[-1.989,50.7083],[-1.9884,50.7078],[-1.9882,50.7076],[-1.9883,50.7075],[-1.9886,50.7075],[-1.9889,50.7074],[-1.9892,50.7074],[-1.9904,50.7076],[-1.9907,50.7076],[-1.9908,50.7074],[-1.9905,50.7074],[-1.9905,50.7073],[-1.991,50.7073],[-1.9928,50.7075],[-1.993,50.7075],[-1.9931,50.7074],[-1.9929,50.7073],[-1.9934,50.7073],[-1.9935,50.7074],[-1.9949,50.7074],[-1.9949,50.7075],[-1.9946,50.7077],[-1.9946,50.7079],[-1.9949,50.7081],[-1.9954,50.7083],[-1.9958,50.7082],[-1.9958,50.708],[-1.9958,50.7079],[-1.9958,50.7076],[-1.9956,50.7076],[-1.9955,50.7074],[-1.9956,50.7074],[-1.9966,50.7074],[-1.9968,50.7075],[-1.9967,50.7075],[-1.9965,50.7076],[-1.9964,50.7076],[-1.9964,50.7078],[-1.9964,50.708],[-1.9965,50.7081],[-1.9969,50.7081],[-1.9974,50.7082],[-1.9978,50.7082],[-1.9979,50.7082],[-1.9978,50.7083],[-1.9975,50.7084],[-1.9972,50.7085],[-1.9972,50.7099],[-1.9992,50.7102],[-1.9993,50.7101],[-1.9995,50.7101],[-1.9995,50.7099],[-1.9997,50.7097],[-1.9997,50.7095],[-1.9989,50.7082],[-1.9987,50.708],[-1.9983,50.7078],[-1.9981,50.7077],[-1.9973,50.7076],[-1.9974,50.7075],[-1.9975,50.7075],[-1.998,50.7075],[-1.9985,50.7077],[-1.9988,50.7079],[-1.999,50.708],[-1.9992,50.7082],[-1.9999,50.7094],[-1.9999,50.7096],[-1.9999,50.7098],[-1.9994,50.7107],[-1.9995,50.7108],[-1.9995,50.7109],[-1.9998,50.711],[-2.0003,50.711],[-2.0007,50.7109],[-2.0007,50.7108],[-2.0014,50.7108],[-2.0019,50.7107],[-2.0027,50.7105],[-2.0033,50.7103],[-2.0035,50.7101],[-2.0038,50.7099],[-2.004,50.7098],[-2.0045,50.7099],[-2.0059,50.7102],[-2.0065,50.7103],[-2.0069,50.7104],[-2.0087,50.7105],[-2.0092,50.7104],[-2.0097,50.7104],[-2.0107,50.7104],[-2.012,50.7104],[-2.0121,50.7104],[-2.0125,50.7104],[-2.0127,50.7104],[-2.0136,50.7105],[-2.0142,50.7106],[-2.015,50.7108],[-2.0155,50.711],[-2.0161,50.7111],[-2.017,50.7112],[-2.017,50.7113],[-2.0172,50.7114],[-2.0175,50.7114],[-2.0176,50.7116],[-2.018,50.7117],[-2.0184,50.7117],[-2.0187,50.7118],[-2.019,50.7119],[-2.0186,50.712],[-2.0181,50.7126],[-2.0179,50.7127],[-2.0178,50.7128],[-2.0178,50.713],[-2.0179,50.7133],[-2.0182,50.7132],[-2.0182,50.7131],[-2.0183,50.713],[-2.0184,50.7131],[-2.0186,50.7131],[-2.0187,50.7129],[-2.0187,50.7128],[-2.0192,50.7122],[-2.0196,50.7123],[-2.0197,50.7123],[-2.0202,50.7125],[-2.0206,50.7126],[-2.0208,50.7124],[-2.0208,50.7125],[-2.0214,50.7126],[-2.0217,50.7126],[-2.0221,50.7128],[-2.0225,50.713],[-2.0223,50.7132],[-2.0229,50.7134],[-2.023,50.7134],[-2.0238,50.7136],[-2.0245,50.7136],[-2.0249,50.7136],[-2.0254,50.7139],[-2.0265,50.7146],[-2.027,50.7149],[-2.0274,50.7151],[-2.0277,50.7151],[-2.0281,50.7151],[-2.0289,50.7151],[-2.0292,50.7151],[-2.0297,50.7152],[-2.0308,50.7155],[-2.0323,50.716],[-2.0329,50.7162],[-2.0333,50.7162],[-2.0344,50.7164],[-2.0356,50.7168],[-2.0358,50.7168],[-2.0369,50.7172],[-2.0374,50.7173],[-2.0377,50.7176],[-2.0384,50.7179],[-2.0389,50.7183],[-2.0393,50.7184],[-2.0396,50.7186],[-2.0401,50.719],[-2.0402,50.7191],[-2.0401,50.7193],[-2.0402,50.7193],[-2.0396,50.7195],[-2.0392,50.7196],[-2.0389,50.7197],[-2.0388,50.7198],[-2.0388,50.72],[-2.039,50.7202],[-2.0392,50.7202],[-2.0393,50.7203],[-2.0402,50.7202],[-2.0403,50.7203],[-2.0402,50.7204],[-2.0391,50.7207],[-2.0381,50.721],[-2.0369,50.7213],[-2.0366,50.7214],[-2.036,50.7216],[-2.0351,50.7224],[-2.0349,50.7228],[-2.0349,50.723],[-2.0351,50.7237],[-2.0352,50.724],[-2.0353,50.724],[-2.0352,50.7243],[-2.0351,50.7244],[-2.035,50.7247],[-2.0349,50.7249],[-2.035,50.725],[-2.0347,50.7252],[-2.0341,50.7253],[-2.0342,50.7257],[-2.034,50.7261],[-2.0338,50.7262],[-2.0333,50.7264],[-2.0328,50.7266],[-2.0327,50.7267],[-2.0325,50.7268],[-2.0323,50.7269],[-2.0319,50.727],[-2.0303,50.7273],[-2.0294,50.7276],[-2.0288,50.7279],[-2.0281,50.7282],[-2.0278,50.7283],[-2.0275,50.7285],[-2.0272,50.7287],[-2.0269,50.729],[-2.0267,50.7292],[-2.0264,50.7293],[-2.0258,50.7295],[-2.0256,50.7295],[-2.0253,50.7293],[-2.025,50.7293],[-2.0249,50.7293],[-2.0247,50.7295],[-2.0248,50.7296],[-2.0256,50.7296],[-2.0263,50.7295],[-2.0265,50.7296],[-2.0268,50.7298],[-2.027,50.7298],[-2.0274,50.73],[-2.0272,50.7304],[-2.0268,50.7307],[-2.0267,50.7309],[-2.0283,50.7317],[-2.0291,50.7314],[-2.0295,50.7319],[-2.0298,50.7318],[-2.0306,50.7309],[-2.0316,50.7298],[-2.0317,50.7297],[-2.0321,50.7295],[-2.0322,50.7295],[-2.0329,50.7295],[-2.0331,50.7296],[-2.0335,50.7298],[-2.0339,50.7298],[-2.0347,50.7301],[-2.0347,50.7302],[-2.0343,50.7314],[-2.0341,50.7321],[-2.0339,50.7326],[-2.0339,50.7327],[-2.0336,50.7329],[-2.0329,50.7336],[-2.0337,50.7337],[-2.0358,50.7331],[-2.036,50.7332],[-2.0376,50.7332],[-2.04,50.7334],[-2.0403,50.7334],[-2.042,50.7333],[-2.0426,50.7336],[-2.0431,50.7332],[-2.0422,50.7328],[-2.0428,50.7323],[-2.0452,50.7333],[-2.0459,50.7329],[-2.0463,50.7326],[-2.0471,50.732],[-2.0471,50.7318],[-2.0463,50.7316],[-2.0455,50.7313],[-2.0449,50.731],[-2.045,50.731],[-2.0453,50.7308],[-2.046,50.7305],[-2.0467,50.7303],[-2.0473,50.73],[-2.0476,50.7299],[-2.048,50.7301],[-2.0474,50.7301],[-2.047,50.7305],[-2.0478,50.7308],[-2.0475,50.7311],[-2.049,50.7314],[-2.0492,50.7314],[-2.0498,50.7315],[-2.0503,50.7316],[-2.0511,50.7318],[-2.0513,50.7319],[-2.0511,50.7323],[-2.0508,50.7324],[-2.0504,50.7329],[-2.0501,50.7335],[-2.0499,50.734],[-2.0506,50.7344],[-2.0511,50.7348],[-2.0512,50.7348],[-2.0517,50.7343],[-2.0521,50.7339],[-2.0526,50.7336],[-2.0533,50.7331],[-2.0536,50.7329],[-2.0542,50.7326],[-2.055,50.7323],[-2.0555,50.7322],[-2.0561,50.732],[-2.0568,50.7319],[-2.0578,50.7317],[-2.0581,50.7317],[-2.0581,50.7316],[-2.0587,50.7311],[-2.0592,50.7313],[-2.0601,50.7313],[-2.0605,50.7314],[-2.0615,50.7316],[-2.0618,50.7316],[-2.0625,50.7316],[-2.0643,50.7316],[-2.0643,50.7315],[-2.0648,50.7315],[-2.0646,50.7312],[-2.0646,50.731],[-2.0644,50.731],[-2.064,50.7309],[-2.0633,50.7309],[-2.0634,50.7308],[-2.0634,50.7304],[-2.0631,50.7303],[-2.0629,50.7304],[-2.0621,50.7304],[-2.0619,50.7304],[-2.0612,50.7302],[-2.0606,50.7302],[-2.0603,50.7302],[-2.0597,50.7302],[-2.0596,50.7301],[-2.0597,50.7298],[-2.0601,50.7297],[-2.0603,50.7297],[-2.0604,50.7295],[-2.0605,50.7293],[-2.0606,50.7293],[-2.06,50.7287],[-2.0598,50.7288],[-2.0596,50.7287],[-2.0585,50.7285],[-2.0583,50.7285],[-2.0576,50.7283],[-2.0567,50.7281],[-2.0561,50.728],[-2.0552,50.7277],[-2.0543,50.7271],[-2.054,50.7269],[-2.0539,50.7268],[-2.0539,50.7264],[-2.0537,50.7262],[-2.0536,50.7261],[-2.0532,50.7258],[-2.0532,50.7257],[-2.053,50.7256],[-2.0531,50.7255],[-2.0532,50.7252],[-2.0531,50.7245],[-2.0532,50.7245],[-2.0534,50.7243],[-2.0534,50.7242],[-2.0532,50.724],[-2.053,50.7239],[-2.0529,50.7237],[-2.0528,50.7236],[-2.052,50.7234],[-2.0518,50.7232],[-2.0516,50.723],[-2.0515,50.7228],[-2.0511,50.7227],[-2.0509,50.7226],[-2.0506,50.7222],[-2.0505,50.722],[-2.0506,50.7218],[-2.0505,50.7217],[-2.0503,50.7216],[-2.0496,50.7216],[-2.0495,50.7216],[-2.0492,50.7214],[-2.049,50.7214],[-2.0488,50.7215],[-2.0485,50.7218],[-2.048,50.7221],[-2.0479,50.7222],[-2.0475,50.7222],[-2.0469,50.7221],[-2.0464,50.722],[-2.0461,50.7221],[-2.0462,50.7222],[-2.0462,50.7223],[-2.045,50.7226],[-2.0448,50.7226],[-2.0437,50.7224],[-2.0435,50.7223],[-2.0435,50.7221],[-2.0436,50.7215],[-2.0439,50.7212],[-2.0442,50.721],[-2.0445,50.7205],[-2.0448,50.7206],[-2.0449,50.7204],[-2.0451,50.7199],[-2.0452,50.7197],[-2.0454,50.7193],[-2.0455,50.7191],[-2.0447,50.7193],[-2.0443,50.7194],[-2.0441,50.7196],[-2.0437,50.7196],[-2.0424,50.7199],[-2.041,50.7202],[-2.0408,50.7202],[-2.0406,50.72],[-2.0423,50.7196],[-2.0435,50.7193],[-2.0444,50.7189],[-2.0446,50.7189],[-2.0447,50.7186],[-2.0446,50.7185],[-2.0445,50.7184],[-2.0443,50.7182],[-2.0441,50.7182],[-2.044,50.718],[-2.0437,50.7178],[-2.0438,50.7177],[-2.0441,50.7178],[-2.0448,50.7181],[-2.0454,50.7184],[-2.0458,50.7184],[-2.0463,50.7184],[-2.0466,50.7183],[-2.0487,50.718],[-2.0495,50.7179],[-2.0497,50.7179],[-2.0517,50.7177],[-2.052,50.7177],[-2.0523,50.7178],[-2.0527,50.7179],[-2.0529,50.7179],[-2.0544,50.7179],[-2.0549,50.7178],[-2.0562,50.7178],[-2.0569,50.7177],[-2.0582,50.7176],[-2.0602,50.7174],[-2.06,50.717],[-2.0617,50.7167],[-2.0627,50.7166],[-2.0632,50.7166],[-2.0639,50.7165],[-2.0641,50.7165],[-2.0648,50.7163],[-2.065,50.7163],[-2.065,50.7162],[-2.066,50.7158],[-2.0664,50.7155],[-2.0669,50.7153],[-2.067,50.7152],[-2.0672,50.715],[-2.0676,50.7151],[-2.0682,50.7151],[-2.0685,50.7149],[-2.068,50.7148],[-2.0674,50.7146],[-2.067,50.7145],[-2.0668,50.7143],[-2.0666,50.7139],[-2.0664,50.7137],[-2.0662,50.7136],[-2.0663,50.7136],[-2.0666,50.7136],[-2.0685,50.7132],[-2.0701,50.7128],[-2.0701,50.7127],[-2.0704,50.7126],[-2.0707,50.7124],[-2.0711,50.7121],[-2.0715,50.7118],[-2.0717,50.7117],[-2.072,50.7114],[-2.0722,50.7111],[-2.0723,50.7111],[-2.0726,50.7108],[-2.073,50.7107],[-2.0734,50.7105],[-2.0737,50.7105],[-2.0739,50.7104],[-2.074,50.7102],[-2.0738,50.7101],[-2.0741,50.7096],[-2.0755,50.7099],[-2.0761,50.71],[-2.0764,50.7097],[-2.0764,50.7095],[-2.0766,50.7095],[-2.0772,50.7096],[-2.0774,50.7094],[-2.0776,50.7092],[-2.0778,50.7088],[-2.078,50.7088],[-2.0784,50.7085],[-2.0786,50.7081],[-2.0787,50.7076],[-2.0786,50.7075],[-2.0787,50.7074],[-2.0782,50.7073],[-2.0775,50.7071],[-2.0784,50.707],[-2.0786,50.707],[-2.0787,50.7069],[-2.0785,50.7068],[-2.0783,50.7066],[-2.0781,50.7065],[-2.0777,50.7061],[-2.078,50.706],[-2.0789,50.7053],[-2.0794,50.705],[-2.08,50.7047],[-2.0804,50.7045],[-2.0808,50.7043],[-2.0816,50.704],[-2.0822,50.7037],[-2.0826,50.7035],[-2.0828,50.7034],[-2.0831,50.7033],[-2.0834,50.703],[-2.0842,50.7024],[-2.0848,50.7018],[-2.0847,50.7018],[-2.0844,50.7017],[-2.0842,50.7016],[-2.084,50.7016],[-2.0836,50.7015],[-2.0834,50.7015],[-2.0834,50.7014],[-2.0831,50.7013],[-2.083,50.7013],[-2.0823,50.7011],[-2.0819,50.701],[-2.0815,50.6999],[-2.0818,50.6998],[-2.083,50.6993],[-2.084,50.6989],[-2.0843,50.6992],[-2.0845,50.6993],[-2.0848,50.6992],[-2.0853,50.6989],[-2.0854,50.6989],[-2.0863,50.699],[-2.087,50.6991],[-2.0871,50.6989],[-2.0872,50.6986],[-2.0871,50.6982],[-2.0871,50.6977],[-2.0881,50.6974],[-2.0887,50.6973],[-2.0891,50.6973],[-2.0896,50.6973],[-2.0906,50.6973],[-2.0915,50.6975],[-2.0917,50.6977],[-2.092,50.6977],[-2.093,50.6981],[-2.0937,50.6981],[-2.0937,50.6989],[-2.0939,50.6991],[-2.0941,50.6992],[-2.0943,50.6992],[-2.0943,50.6988],[-2.095,50.6987],[-2.0953,50.6988],[-2.0954,50.6989],[-2.0957,50.699],[-2.0964,50.6991],[-2.097,50.6992],[-2.0974,50.6991],[-2.0975,50.699],[-2.0978,50.699],[-2.0982,50.6989],[-2.0984,50.6988],[-2.0982,50.6985],[-2.099,50.6983],[-2.1002,50.6978],[-2.1,50.6971],[-2.1,50.6968],[-2.1004,50.6964],[-2.1005,50.6961],[-2.1007,50.696],[-2.1009,50.6961],[-2.1011,50.6963],[-2.1012,50.6964],[-2.1015,50.6964],[-2.1018,50.6964],[-2.1022,50.6962],[-2.1025,50.696],[-2.1029,50.6958],[-2.1028,50.6955],[-2.1029,50.6953],[-2.1029,50.6952],[-2.1027,50.6951],[-2.1025,50.6952],[-2.102,50.6955],[-2.1017,50.6955],[-2.1016,50.6951],[-2.1016,50.6949],[-2.1018,50.6944],[-2.1019,50.6942],[-2.1021,50.694],[-2.1023,50.694],[-2.1026,50.694],[-2.1029,50.6941],[-2.103,50.6941],[-2.103,50.6937],[-2.103,50.6934],[-2.1034,50.693],[-2.1035,50.6928],[-2.1037,50.6928],[-2.1039,50.6925],[-2.1046,50.692],[-2.1044,50.692],[-2.1039,50.6923],[-2.1035,50.6926],[-2.1033,50.6925],[-2.1029,50.6926],[-2.102,50.6929],[-2.1016,50.693],[-2.1007,50.6935],[-2.1002,50.6936],[-2.0996,50.6936],[-2.0987,50.6936],[-2.0982,50.6937],[-2.0978,50.6937],[-2.0972,50.694],[-2.0966,50.6942],[-2.0962,50.6943],[-2.0954,50.6943],[-2.0952,50.6944],[-2.0947,50.6945],[-2.0943,50.6945],[-2.0939,50.6946],[-2.0933,50.6945],[-2.0931,50.6944],[-2.0925,50.6945],[-2.0922,50.6946],[-2.0922,50.6944],[-2.092,50.6944],[-2.0906,50.6943],[-2.0907,50.6938],[-2.0902,50.6938],[-2.0899,50.6937],[-2.0894,50.6936],[-2.0884,50.6935],[-2.0878,50.6935],[-2.0871,50.6936],[-2.0865,50.6936],[-2.0851,50.6934],[-2.085,50.6931],[-2.0848,50.6931],[-2.0845,50.693],[-2.084,50.6927],[-2.0837,50.6925],[-2.0833,50.6922],[-2.0832,50.692],[-2.083,50.6917],[-2.0829,50.6915],[-2.0829,50.6913],[-2.083,50.6913],[-2.0836,50.6911],[-2.0844,50.691],[-2.0847,50.6908],[-2.0851,50.6907],[-2.0853,50.6906],[-2.086,50.6905],[-2.0863,50.6905],[-2.0874,50.6903],[-2.0877,50.6901],[-2.088,50.69],[-2.0885,50.6899],[-2.0888,50.6899],[-2.0894,50.6901],[-2.0896,50.69],[-2.0901,50.6899],[-2.0904,50.6899],[-2.0909,50.6899],[-2.0912,50.6898],[-2.0921,50.6895],[-2.0924,50.6895],[-2.0932,50.6895],[-2.094,50.6896],[-2.0946,50.6896],[-2.0953,50.6895],[-2.0957,50.6894],[-2.0958,50.6893],[-2.0964,50.6888],[-2.0971,50.6881],[-2.0967,50.6875],[-2.0968,50.6874],[-2.0994,50.6865],[-2.0998,50.6864],[-2.1011,50.6859],[-2.1014,50.6858],[-2.1023,50.6853],[-2.1028,50.6851],[-2.1034,50.685],[-2.1046,50.6848],[-2.1043,50.684],[-2.1042,50.6836],[-2.1041,50.6833],[-2.1041,50.683],[-2.1047,50.6831],[-2.1057,50.6832],[-2.1067,50.6833],[-2.1075,50.6834],[-2.1085,50.6835],[-2.1093,50.6835],[-2.1095,50.6834],[-2.1095,50.6821],[-2.1095,50.68],[-2.1094,50.6783],[-2.1091,50.6783],[-2.1091,50.6782],[-2.1078,50.6785],[-2.1081,50.678],[-2.1074,50.6779],[-2.106,50.6775],[-2.1057,50.6775],[-2.1054,50.6775],[-2.1048,50.6776],[-2.1044,50.6777],[-2.1032,50.6779],[-2.1023,50.6781],[-2.1021,50.6778],[-2.1018,50.6778],[-2.1015,50.6777],[-2.1013,50.6777],[-2.101,50.6778],[-2.1007,50.678],[-2.1,50.6783],[-2.0995,50.6787],[-2.0996,50.6789],[-2.0992,50.6793],[-2.0988,50.6795],[-2.0993,50.6796],[-2.0996,50.6797],[-2.1004,50.6804],[-2.1002,50.6805],[-2.0999,50.6803],[-2.0996,50.6799],[-2.0994,50.6797],[-2.0994,50.6796],[-2.0989,50.6796],[-2.0988,50.6796],[-2.0986,50.6796],[-2.0981,50.6797],[-2.0979,50.6799],[-2.0975,50.6802],[-2.0975,50.6803],[-2.0971,50.6803],[-2.0962,50.6805],[-2.0959,50.6806],[-2.0958,50.6808],[-2.0955,50.6809],[-2.0952,50.6811],[-2.095,50.6813],[-2.0946,50.6814],[-2.0938,50.6818],[-2.0919,50.6825],[-2.0915,50.6827],[-2.0898,50.6834],[-2.0899,50.6836],[-2.0898,50.6841],[-2.0897,50.6843],[-2.0893,50.6846],[-2.0891,50.6845],[-2.0884,50.6844],[-2.0882,50.6844],[-2.0877,50.6847],[-2.0874,50.6851],[-2.0874,50.6855],[-2.0871,50.6855],[-2.087,50.685],[-2.0869,50.685],[-2.0865,50.6851],[-2.0843,50.6857],[-2.083,50.6861],[-2.0821,50.6863],[-2.0812,50.6862],[-2.0807,50.6862],[-2.0806,50.6863],[-2.0802,50.6863],[-2.0796,50.6863],[-2.0785,50.6864],[-2.0783,50.6865],[-2.0778,50.6866],[-2.0772,50.6867],[-2.0764,50.687],[-2.0757,50.6872],[-2.0755,50.6872],[-2.0754,50.687],[-2.0752,50.6867],[-2.0748,50.6861],[-2.0746,50.6859],[-2.0744,50.6858],[-2.0738,50.6856],[-2.0731,50.6855],[-2.0713,50.6854],[-2.071,50.6854],[-2.0706,50.6855],[-2.0702,50.6856],[-2.0695,50.6859],[-2.0691,50.6861],[-2.0688,50.6862],[-2.0684,50.6863],[-2.068,50.6863],[-2.0677,50.6863],[-2.0673,50.6861],[-2.0671,50.686],[-2.0666,50.6859],[-2.0665,50.6857],[-2.0663,50.6856],[-2.0654,50.6856],[-2.065,50.6856],[-2.0646,50.6859],[-2.0641,50.6862],[-2.0639,50.6863],[-2.0641,50.6865],[-2.0642,50.6867],[-2.0642,50.6869],[-2.0641,50.6872],[-2.0638,50.6873],[-2.0635,50.6874],[-2.0633,50.6874],[-2.0634,50.6876],[-2.0631,50.6877],[-2.063,50.6878],[-2.0628,50.6882],[-2.0629,50.6885],[-2.0629,50.6887],[-2.0629,50.689],[-2.0628,50.6891],[-2.0625,50.6892],[-2.0624,50.6892],[-2.0612,50.6898],[-2.061,50.6899],[-2.0607,50.69],[-2.0602,50.6903],[-2.0601,50.6904],[-2.0598,50.6905],[-2.0596,50.6906],[-2.0595,50.6906],[-2.0593,50.6907],[-2.0592,50.6909],[-2.0591,50.6911],[-2.0591,50.6916],[-2.0592,50.6919],[-2.0594,50.6926],[-2.0594,50.6931],[-2.0589,50.6938],[-2.0585,50.6941],[-2.0581,50.6945],[-2.0579,50.6947],[-2.058,50.6951],[-2.0577,50.6954],[-2.0575,50.6956],[-2.0573,50.6957],[-2.057,50.696],[-2.0568,50.6963],[-2.0567,50.6968],[-2.0566,50.6972],[-2.0563,50.6977],[-2.0561,50.698],[-2.056,50.6981],[-2.0558,50.6984],[-2.0556,50.6986],[-2.0556,50.6989],[-2.0534,50.6995],[-2.053,50.6996],[-2.0521,50.6998],[-2.0519,50.6997],[-2.0511,50.6998],[-2.0504,50.7001],[-2.0501,50.7],[-2.0499,50.7],[-2.0498,50.7001],[-2.0498,50.7002],[-2.0496,50.7002],[-2.0494,50.7004],[-2.049,50.7005],[-2.0488,50.7007],[-2.0487,50.701],[-2.0483,50.7012],[-2.048,50.7014],[-2.0479,50.7016],[-2.0476,50.7017],[-2.0474,50.7018],[-2.047,50.7018],[-2.0467,50.7018],[-2.0465,50.7019],[-2.0462,50.7019],[-2.0458,50.7021],[-2.0453,50.7024],[-2.0451,50.7025],[-2.0447,50.7026],[-2.0443,50.7028],[-2.0436,50.7029],[-2.0432,50.7029],[-2.043,50.703],[-2.0428,50.7032],[-2.0423,50.7037],[-2.0419,50.7042],[-2.0418,50.7045],[-2.0417,50.705],[-2.0417,50.7055],[-2.0417,50.7057],[-2.0416,50.7062],[-2.0415,50.7064],[-2.0409,50.7066],[-2.0405,50.7069],[-2.0399,50.7071],[-2.0397,50.7072],[-2.0393,50.7072],[-2.0388,50.7072],[-2.038,50.7072],[-2.0377,50.7072],[-2.0374,50.7072],[-2.0363,50.7075],[-2.036,50.7075],[-2.0357,50.7076],[-2.0352,50.7078],[-2.0342,50.7079],[-2.0336,50.7079],[-2.0332,50.7079],[-2.0329,50.7078],[-2.0324,50.7078],[-2.0319,50.7076],[-2.032,50.7075],[-2.0316,50.7074],[-2.0312,50.7073],[-2.0308,50.7072],[-2.0304,50.7073],[-2.03,50.7073],[-2.0295,50.7074],[-2.0294,50.7074],[-2.0289,50.7073],[-2.0285,50.7072],[-2.0278,50.707],[-2.0275,50.707],[-2.0266,50.7068],[-2.026,50.7067],[-2.0254,50.7066],[-2.025,50.7064],[-2.0248,50.7062],[-2.0245,50.7056],[-2.0243,50.7053],[-2.0242,50.705],[-2.0239,50.7047],[-2.0236,50.7045],[-2.0238,50.7043],[-2.0237,50.7042],[-2.0234,50.7039],[-2.0233,50.7037],[-2.0236,50.7037],[-2.0237,50.7037],[-2.0237,50.7035],[-2.0239,50.7035],[-2.0239,50.7034],[-2.0242,50.7033],[-2.0237,50.703],[-2.0234,50.7029],[-2.0233,50.7027],[-2.0232,50.7025],[-2.0233,50.7022],[-2.0235,50.7022],[-2.0236,50.7024],[-2.0243,50.7028],[-2.0245,50.7031],[-2.0252,50.7033],[-2.0261,50.7035],[-2.0264,50.7037],[-2.0269,50.7036],[-2.027,50.7036],[-2.0275,50.7035],[-2.028,50.7036],[-2.0301,50.7035],[-2.0303,50.7034],[-2.0306,50.7035],[-2.0314,50.7035],[-2.0318,50.7036],[-2.0328,50.7037],[-2.0326,50.7045],[-2.0333,50.7046],[-2.0335,50.7045],[-2.0336,50.7039],[-2.0335,50.7038],[-2.0333,50.7037],[-2.0335,50.7035],[-2.0338,50.7032],[-2.034,50.703],[-2.0341,50.7028],[-2.0342,50.7027],[-2.0344,50.7026],[-2.0348,50.7022],[-2.035,50.7022],[-2.035,50.702],[-2.0347,50.7019],[-2.0347,50.7018],[-2.0347,50.7016],[-2.0346,50.7013],[-2.0346,50.7012],[-2.0346,50.701],[-2.0346,50.7006],[-2.0346,50.7005],[-2.0345,50.7],[-2.0342,50.6999],[-2.034,50.6998],[-2.0338,50.6997],[-2.0335,50.6993],[-2.0334,50.6993],[-2.0332,50.699],[-2.0333,50.6988],[-2.0336,50.6985],[-2.0336,50.6984],[-2.0333,50.6979],[-2.033,50.6976],[-2.0324,50.6974],[-2.0323,50.6974],[-2.0319,50.6972],[-2.0317,50.6971],[-2.0317,50.6967],[-2.0316,50.6966],[-2.0314,50.6966],[-2.0312,50.6964],[-2.0309,50.6963],[-2.0301,50.6961],[-2.0299,50.6959],[-2.0298,50.6958],[-2.0294,50.6957],[-2.0292,50.6952],[-2.0284,50.6953],[-2.028,50.6955],[-2.0279,50.6956],[-2.0279,50.6958],[-2.028,50.696],[-2.0278,50.6961],[-2.0277,50.6962],[-2.0273,50.6965],[-2.027,50.6965],[-2.0266,50.6966],[-2.0262,50.6966],[-2.0259,50.6965],[-2.0256,50.6966],[-2.0255,50.6964],[-2.0251,50.696],[-2.0248,50.6958],[-2.0248,50.6954],[-2.0247,50.6944],[-2.0248,50.6942],[-2.025,50.6939],[-2.0253,50.6937],[-2.026,50.6933],[-2.0263,50.6933],[-2.0265,50.6931],[-2.0268,50.6927],[-2.0269,50.6925],[-2.0272,50.6922],[-2.0275,50.6921],[-2.0277,50.6919],[-2.0279,50.692],[-2.028,50.6919],[-2.0283,50.6918],[-2.0284,50.6917],[-2.0285,50.6914],[-2.0287,50.6911],[-2.0288,50.6908],[-2.0288,50.6906],[-2.0289,50.6903],[-2.0288,50.6901],[-2.0289,50.6899],[-2.0292,50.6896],[-2.0295,50.6893],[-2.0296,50.6892],[-2.0299,50.689],[-2.0299,50.6888],[-2.0298,50.6884],[-2.0297,50.6882],[-2.0298,50.688],[-2.0294,50.6878],[-2.0293,50.6877],[-2.0293,50.6875],[-2.0294,50.6874],[-2.0296,50.6872],[-2.0306,50.6867],[-2.0307,50.6866],[-2.0311,50.6864],[-2.0312,50.6861],[-2.0314,50.686],[-2.0316,50.6859],[-2.0319,50.6858],[-2.0322,50.6857],[-2.0326,50.6855],[-2.0328,50.6854],[-2.0331,50.6854],[-2.0335,50.6854],[-2.0338,50.6854],[-2.0344,50.6854],[-2.0348,50.6853],[-2.0352,50.6852],[-2.0354,50.685],[-2.0354,50.6848],[-2.0354,50.6846],[-2.0348,50.6845],[-2.0341,50.6843],[-2.0334,50.6839],[-2.0326,50.6839],[-2.0326,50.6836],[-2.0328,50.6835],[-2.0331,50.6835],[-2.0336,50.6835],[-2.034,50.6833],[-2.0344,50.6833],[-2.0352,50.6833],[-2.0355,50.6832],[-2.0355,50.6831],[-2.0354,50.6829],[-2.0349,50.6826],[-2.035,50.6825],[-2.0353,50.6823],[-2.0357,50.682],[-2.0359,50.6819],[-2.036,50.6819],[-2.0362,50.6817],[-2.0363,50.6815],[-2.0364,50.6813],[-2.0365,50.6812],[-2.0368,50.6809],[-2.0369,50.6808],[-2.0372,50.6805],[-2.0373,50.6805],[-2.0376,50.6805],[-2.0379,50.6804],[-2.0381,50.6805],[-2.0383,50.6804],[-2.0386,50.6804],[-2.0387,50.6804],[-2.039,50.6804],[-2.0393,50.6804],[-2.04,50.6806],[-2.0404,50.6806],[-2.0408,50.6807],[-2.0413,50.6807],[-2.0418,50.6807],[-2.042,50.6809],[-2.042,50.681],[-2.042,50.6812],[-2.0421,50.6814],[-2.0425,50.6814],[-2.0426,50.6814],[-2.0431,50.6811],[-2.0434,50.6812],[-2.0437,50.6813],[-2.0438,50.6815],[-2.0439,50.6817],[-2.0434,50.6823],[-2.0434,50.6826],[-2.0436,50.6829],[-2.0436,50.6831],[-2.0436,50.6834],[-2.0439,50.6836],[-2.044,50.6837],[-2.0442,50.6837],[-2.0444,50.6835],[-2.0446,50.6834],[-2.0447,50.6832],[-2.0448,50.6831],[-2.0449,50.683],[-2.0449,50.6826],[-2.0449,50.6822],[-2.0451,50.6821],[-2.0453,50.6821],[-2.0456,50.6821],[-2.0459,50.6823],[-2.0459,50.6824],[-2.0461,50.6824],[-2.0461,50.6825],[-2.0474,50.6831],[-2.0475,50.683],[-2.0477,50.683],[-2.0478,50.6832],[-2.0478,50.6833],[-2.0485,50.6833],[-2.0487,50.6834],[-2.0489,50.6832],[-2.0495,50.6832],[-2.0495,50.6833],[-2.0498,50.6833],[-2.0503,50.6833],[-2.0507,50.6832],[-2.0511,50.6831],[-2.051,50.6829],[-2.0513,50.6829],[-2.0515,50.683],[-2.0521,50.6828],[-2.0522,50.6827],[-2.0526,50.6825],[-2.0529,50.6823],[-2.0531,50.6821],[-2.0532,50.6819],[-2.0527,50.6817],[-2.0521,50.6814],[-2.0518,50.6814],[-2.0517,50.6808],[-2.0514,50.6808],[-2.0514,50.6804],[-2.0513,50.6803],[-2.0514,50.6799],[-2.0513,50.6796],[-2.0513,50.6793],[-2.0512,50.679],[-2.0512,50.6788],[-2.0519,50.6784],[-2.0524,50.6783],[-2.0527,50.6785],[-2.0531,50.6787],[-2.0534,50.6788],[-2.0534,50.679],[-2.0536,50.6791],[-2.0538,50.6791],[-2.054,50.679],[-2.0543,50.6788],[-2.0548,50.6787],[-2.0551,50.6786],[-2.0555,50.6785],[-2.0562,50.6789],[-2.0568,50.6792],[-2.0571,50.6794],[-2.057,50.6798],[-2.0573,50.6799],[-2.0575,50.68],[-2.0574,50.6806],[-2.0583,50.6804],[-2.0588,50.6803],[-2.0599,50.68],[-2.0605,50.6798],[-2.0604,50.6796],[-2.0603,50.6793],[-2.0599,50.6789],[-2.0602,50.6787],[-2.0605,50.6785],[-2.061,50.6783],[-2.0612,50.6782],[-2.0614,50.6782],[-2.0615,50.678],[-2.0616,50.6776],[-2.0614,50.6775],[-2.0611,50.6774],[-2.0607,50.6772],[-2.0604,50.677],[-2.0602,50.6767],[-2.06,50.6767],[-2.0596,50.6762],[-2.0592,50.6764],[-2.0588,50.6763],[-2.0587,50.6764],[-2.0583,50.6764],[-2.0581,50.6764],[-2.0574,50.6763],[-2.0572,50.6762],[-2.0571,50.6761],[-2.0565,50.6759],[-2.0562,50.6757],[-2.056,50.6755],[-2.0538,50.6756],[-2.0533,50.6756],[-2.0529,50.6757],[-2.0521,50.6759],[-2.0515,50.6761],[-2.0508,50.676],[-2.0499,50.6759],[-2.0497,50.6749],[-2.0498,50.6743],[-2.0497,50.6743],[-2.0493,50.6741],[-2.0493,50.674],[-2.0495,50.6738],[-2.0493,50.6737],[-2.0493,50.6736],[-2.0495,50.6733],[-2.0494,50.6732],[-2.0497,50.673],[-2.0499,50.6729],[-2.0504,50.6726],[-2.0507,50.6724],[-2.0511,50.6719],[-2.051,50.6719],[-2.0509,50.6714],[-2.051,50.6714],[-2.0507,50.6713],[-2.0503,50.6715],[-2.05,50.6717],[-2.0496,50.6721],[-2.0494,50.6723],[-2.0486,50.6728],[-2.0477,50.6734],[-2.0471,50.6739],[-2.0472,50.674],[-2.0471,50.6744],[-2.0471,50.6745],[-2.0469,50.675],[-2.0468,50.6753],[-2.0469,50.6756],[-2.047,50.6758],[-2.047,50.6761],[-2.047,50.6763],[-2.047,50.6764],[-2.047,50.6767],[-2.047,50.6769],[-2.047,50.6771],[-2.0469,50.6772],[-2.047,50.6773],[-2.0468,50.6774],[-2.0468,50.6775],[-2.0465,50.6776],[-2.0464,50.6777],[-2.0461,50.6778],[-2.0459,50.6777],[-2.0456,50.6776],[-2.0454,50.6777],[-2.0451,50.6776],[-2.045,50.6775],[-2.0447,50.6776],[-2.0439,50.6777],[-2.044,50.6779],[-2.044,50.6781],[-2.0428,50.6783],[-2.0418,50.6785],[-2.0415,50.6786],[-2.0415,50.6784],[-2.0415,50.6782],[-2.0414,50.678],[-2.0413,50.6779],[-2.0411,50.678],[-2.0408,50.6781],[-2.0394,50.6782],[-2.0385,50.6782],[-2.0378,50.6783],[-2.0372,50.6784],[-2.037,50.6784],[-2.037,50.6787],[-2.0365,50.6787],[-2.0361,50.6788],[-2.0351,50.679],[-2.0349,50.679],[-2.0347,50.6791],[-2.0341,50.6792],[-2.0334,50.6796],[-2.033,50.6797],[-2.0325,50.6798],[-2.0322,50.6796],[-2.0321,50.6795],[-2.0321,50.6791],[-2.0322,50.6789],[-2.0324,50.6786],[-2.0326,50.6785],[-2.0328,50.6785],[-2.0324,50.6783],[-2.032,50.6781],[-2.0318,50.6779],[-2.0322,50.6776],[-2.0327,50.6772],[-2.0331,50.6771],[-2.0336,50.677],[-2.0341,50.6771],[-2.0341,50.677],[-2.0352,50.6771],[-2.0353,50.6769],[-2.0363,50.6763],[-2.0359,50.6762],[-2.0353,50.6761],[-2.0349,50.676],[-2.0344,50.6759],[-2.0342,50.6758],[-2.0338,50.6756],[-2.034,50.675],[-2.0342,50.6745],[-2.0343,50.6743],[-2.0343,50.6742],[-2.0338,50.6736],[-2.0335,50.6732],[-2.0334,50.6731],[-2.0335,50.6729],[-2.0336,50.6728],[-2.0337,50.6728],[-2.0341,50.6728],[-2.0343,50.6728],[-2.0344,50.673],[-2.0346,50.6729],[-2.0346,50.6727],[-2.0345,50.6725],[-2.0352,50.6722],[-2.0358,50.672],[-2.037,50.6722],[-2.0374,50.6722],[-2.0377,50.6727],[-2.0386,50.6726],[-2.0388,50.6724],[-2.0389,50.6725],[-2.0393,50.6725],[-2.0397,50.6727],[-2.0399,50.6726],[-2.0399,50.6725],[-2.04,50.6724],[-2.0402,50.6723],[-2.0407,50.6724],[-2.0409,50.6723],[-2.0415,50.6723],[-2.0417,50.6722],[-2.0418,50.6723],[-2.0421,50.6723],[-2.0425,50.6722],[-2.0428,50.6722],[-2.0432,50.6723],[-2.0443,50.6723],[-2.0448,50.672],[-2.0453,50.6718],[-2.0461,50.6716],[-2.0469,50.6712],[-2.0476,50.6711],[-2.0479,50.6709],[-2.0481,50.6708],[-2.0484,50.6705],[-2.0485,50.6702],[-2.0484,50.6698],[-2.0478,50.6694],[-2.0478,50.6692],[-2.0478,50.669],[-2.048,50.6688],[-2.0487,50.668],[-2.0492,50.6675],[-2.0481,50.6673],[-2.0481,50.6676],[-2.0479,50.6677],[-2.0475,50.6678],[-2.0472,50.6678],[-2.0471,50.6678],[-2.0469,50.6677],[-2.0468,50.6676],[-2.0469,50.6673],[-2.0466,50.6673],[-2.0458,50.6675],[-2.046,50.6678],[-2.0461,50.6679],[-2.0459,50.6681],[-2.0453,50.6686],[-2.0454,50.6686],[-2.0449,50.669],[-2.0446,50.6692],[-2.0443,50.6693],[-2.0441,50.6694],[-2.044,50.6695],[-2.0437,50.6695],[-2.0432,50.6696],[-2.0429,50.6695],[-2.0427,50.6697],[-2.0426,50.67],[-2.0405,50.6702],[-2.0402,50.6701],[-2.0399,50.6702],[-2.0397,50.6703],[-2.0388,50.6704],[-2.0375,50.6706],[-2.0362,50.6706],[-2.0362,50.6707],[-2.0354,50.6708],[-2.0351,50.671],[-2.0347,50.6709],[-2.0344,50.6711],[-2.0343,50.6711],[-2.0337,50.6713],[-2.0333,50.6714],[-2.0328,50.6714],[-2.032,50.6717],[-2.0318,50.6718],[-2.0309,50.6721],[-2.0308,50.6723],[-2.03,50.6726],[-2.0298,50.6725],[-2.0294,50.672],[-2.0293,50.6718],[-2.0294,50.6717],[-2.0296,50.6714],[-2.0296,50.6712],[-2.0297,50.6707],[-2.0309,50.6705],[-2.031,50.6701],[-2.0311,50.6699],[-2.0313,50.6697],[-2.0312,50.6696],[-2.0309,50.6696],[-2.0308,50.6695],[-2.0306,50.6694],[-2.0303,50.6695],[-2.0296,50.6694],[-2.0295,50.6695],[-2.0292,50.6695],[-2.0287,50.6694],[-2.0284,50.6694],[-2.0282,50.6692],[-2.028,50.6693],[-2.028,50.6691],[-2.0281,50.6689],[-2.028,50.6687],[-2.028,50.6685],[-2.0279,50.6682],[-2.028,50.6679],[-2.0281,50.6678],[-2.0285,50.6677],[-2.0285,50.6666],[-2.0284,50.6667],[-2.0266,50.6674],[-2.0265,50.6675],[-2.0263,50.6678],[-2.0261,50.6678],[-2.0257,50.6683],[-2.0254,50.6684],[-2.0255,50.6685],[-2.0253,50.6687],[-2.0251,50.6687],[-2.0249,50.6689],[-2.0247,50.6689],[-2.0246,50.6692],[-2.0243,50.6694],[-2.0242,50.6695],[-2.0239,50.6697],[-2.0238,50.6698],[-2.0239,50.67],[-2.0236,50.6703],[-2.0233,50.6705],[-2.023,50.6709],[-2.0228,50.6711],[-2.0226,50.671],[-2.0223,50.671],[-2.0223,50.6718],[-2.0224,50.6722],[-2.0224,50.6725],[-2.0225,50.6726],[-2.0225,50.6728],[-2.022,50.6736],[-2.0222,50.6738],[-2.0222,50.6741],[-2.0233,50.674],[-2.0239,50.6736],[-2.024,50.6736],[-2.0245,50.6737],[-2.0248,50.6738],[-2.0253,50.6741],[-2.0256,50.6744],[-2.025,50.6746],[-2.0241,50.6748],[-2.0236,50.6748],[-2.0228,50.6751],[-2.0222,50.6752],[-2.0216,50.6755],[-2.021,50.676],[-2.0207,50.6764],[-2.0205,50.6767],[-2.0206,50.6773],[-2.0206,50.6777],[-2.0206,50.678],[-2.0208,50.6784],[-2.0208,50.6788],[-2.0208,50.6789],[-2.0206,50.6791],[-2.0204,50.6792],[-2.0201,50.6793],[-2.0197,50.6786],[-2.0196,50.6786],[-2.0179,50.6778],[-2.017,50.6788],[-2.0173,50.6789],[-2.0173,50.6791],[-2.0174,50.6793],[-2.0175,50.6793],[-2.0178,50.6793],[-2.0179,50.6794],[-2.018,50.6796],[-2.0178,50.6797],[-2.0178,50.6799],[-2.0179,50.68],[-2.0179,50.6803],[-2.0178,50.6804],[-2.0178,50.6806],[-2.0175,50.6811],[-2.0173,50.6813],[-2.017,50.6814],[-2.0168,50.6816],[-2.0166,50.6817],[-2.0161,50.6818],[-2.0155,50.6819],[-2.0141,50.6819],[-2.0136,50.6818],[-2.0128,50.6817],[-2.0127,50.6816],[-2.0124,50.6815],[-2.0127,50.6813],[-2.0121,50.6811],[-2.0118,50.681],[-2.0114,50.6809],[-2.0111,50.6808],[-2.0106,50.6806],[-2.0103,50.6805],[-2.0098,50.6803],[-2.0095,50.68],[-2.0093,50.6798],[-2.0092,50.6794],[-2.0091,50.6791],[-2.0093,50.6793],[-2.0096,50.6793],[-2.0109,50.6793],[-2.0119,50.6794],[-2.0121,50.6793],[-2.0122,50.6791],[-2.0122,50.679],[-2.012,50.679],[-2.0111,50.6788],[-2.0108,50.6787],[-2.0103,50.6787],[-2.0098,50.6788],[-2.0095,50.6787],[-2.0092,50.6785],[-2.0088,50.6785],[-2.0084,50.6782],[-2.0081,50.6781],[-2.0081,50.6779],[-2.0084,50.6778],[-2.0091,50.6775],[-2.0094,50.6772],[-2.0099,50.677],[-2.0101,50.6767],[-2.0103,50.6762],[-2.0104,50.6761],[-2.0105,50.6758],[-2.0105,50.6756],[-2.0105,50.6753],[-2.0107,50.6752],[-2.0109,50.6751],[-2.0112,50.6752],[-2.0114,50.6752],[-2.0116,50.675],[-2.0121,50.6749],[-2.0124,50.6749],[-2.0128,50.6745],[-2.0129,50.6745],[-2.0132,50.6745],[-2.0135,50.6745],[-2.0138,50.6745],[-2.0141,50.6746],[-2.0142,50.6745],[-2.0143,50.6741],[-2.0145,50.674],[-2.0144,50.6739],[-2.0142,50.6739],[-2.0137,50.6741],[-2.0135,50.674],[-2.0134,50.6737],[-2.0134,50.6735],[-2.013,50.6738],[-2.0126,50.6739],[-2.0125,50.6739],[-2.012,50.6741],[-2.0116,50.6742],[-2.0112,50.6742],[-2.0103,50.6742],[-2.0101,50.6741],[-2.01,50.6741],[-2.0101,50.6738],[-2.0102,50.6736],[-2.0102,50.6732],[-2.0104,50.673],[-2.0105,50.6729],[-2.0107,50.673],[-2.0109,50.673],[-2.0111,50.6728],[-2.0113,50.6728],[-2.0113,50.6727],[-2.0112,50.6724],[-2.0109,50.6719],[-2.0108,50.6717],[-2.0108,50.6716],[-2.0109,50.6714],[-2.0112,50.6711],[-2.0112,50.6709],[-2.0112,50.6707],[-2.0111,50.6706],[-2.0112,50.6703],[-2.0109,50.6702],[-2.0107,50.6697],[-2.0095,50.6698],[-2.0096,50.6701],[-2.0096,50.6704],[-2.0091,50.6712],[-2.0086,50.6713],[-2.009,50.6718],[-2.0091,50.672],[-2.009,50.6725],[-2.0088,50.6727],[-2.0085,50.673],[-2.0084,50.6733],[-2.0081,50.6737],[-2.0081,50.6742],[-2.008,50.6743],[-2.0076,50.6745],[-2.0074,50.6747],[-2.0073,50.6749],[-2.0072,50.675],[-2.0071,50.6751],[-2.0066,50.6752],[-2.0064,50.6753],[-2.0057,50.6753],[-2.0051,50.6754],[-2.0049,50.6754],[-2.0046,50.6753],[-2.0043,50.6753],[-2.0038,50.6753],[-2.0036,50.6753],[-2.0028,50.6753],[-2.0026,50.6753],[-2.0021,50.6754],[-2.0014,50.6754],[-2.0007,50.6753],[-2.0001,50.675],[-1.9996,50.6748],[-1.9989,50.6746],[-1.9986,50.6744],[-1.9978,50.6742],[-1.9969,50.6739],[-1.9968,50.6737],[-1.9966,50.6736],[-1.9963,50.6736],[-1.996,50.6736],[-1.9959,50.6735],[-1.9961,50.6734],[-1.9968,50.6734],[-1.9971,50.6733],[-1.9977,50.6733],[-1.9979,50.6733],[-1.998,50.6731],[-1.9987,50.673],[-1.9991,50.673],[-1.9998,50.6731],[-2.0007,50.6732],[-2.0011,50.6731],[-2.0013,50.6731],[-2.0016,50.6727],[-2.0017,50.6725],[-2.0017,50.6724],[-2.0024,50.6716],[-2.0023,50.6715],[-2.0021,50.6715],[-2.0018,50.6711],[-2.0018,50.671],[-2.002,50.6708],[-2.0019,50.6704],[-2.0018,50.6701],[-2.0014,50.6699],[-2.001,50.6699],[-2.0006,50.6697],[-2.0004,50.6695],[-2.0002,50.6694],[-1.9995,50.6692],[-1.9992,50.6691],[-1.9991,50.669],[-1.9988,50.6691],[-1.9983,50.6694],[-1.9983,50.6696],[-1.9982,50.6696],[-1.9981,50.6698],[-1.9977,50.6699],[-1.9975,50.6695],[-1.9975,50.6694],[-1.9974,50.669],[-1.9973,50.6688],[-1.9974,50.6685],[-1.9974,50.6684],[-1.9978,50.6683],[-1.998,50.6683],[-1.9983,50.6684],[-1.9986,50.6685],[-1.9989,50.6685],[-1.9981,50.6678],[-1.9976,50.6674],[-1.997,50.6671],[-1.9969,50.667],[-1.9968,50.6668],[-1.9965,50.6668],[-1.9962,50.6669],[-1.996,50.667],[-1.9957,50.6671],[-1.9955,50.667],[-1.9953,50.6671],[-1.9949,50.667],[-1.9946,50.6669],[-1.9944,50.6668],[-1.9943,50.6667],[-1.9939,50.6666],[-1.9938,50.6667],[-1.9928,50.6673],[-1.9927,50.6674],[-1.9928,50.6676],[-1.9925,50.6678],[-1.9924,50.6679],[-1.9923,50.6682],[-1.9927,50.6684],[-1.9929,50.6686],[-1.9932,50.6687],[-1.9933,50.6688],[-1.9934,50.6691],[-1.9933,50.6694],[-1.9932,50.6695],[-1.993,50.6697],[-1.9929,50.6698],[-1.9931,50.67],[-1.993,50.6702],[-1.9927,50.6703],[-1.9922,50.6704],[-1.9915,50.6704],[-1.9913,50.6704],[-1.991,50.6705],[-1.9909,50.6709],[-1.9909,50.6716],[-1.9911,50.6718],[-1.9914,50.672],[-1.9915,50.6721],[-1.9915,50.6724],[-1.9913,50.6725],[-1.9911,50.6724],[-1.9906,50.6725],[-1.9906,50.6726],[-1.9897,50.6724],[-1.9893,50.6724],[-1.9888,50.6726],[-1.9885,50.6727],[-1.9878,50.673],[-1.9874,50.6733],[-1.9867,50.6738],[-1.9863,50.6741],[-1.986,50.6743],[-1.9854,50.6745],[-1.9846,50.6749],[-1.9841,50.6752],[-1.9839,50.6754],[-1.9836,50.6756],[-1.9833,50.676],[-1.9829,50.6763],[-1.9826,50.6763],[-1.9823,50.6764],[-1.9818,50.6767],[-1.9815,50.6769],[-1.9813,50.6769],[-1.9809,50.6769],[-1.9805,50.6769],[-1.9803,50.677],[-1.9801,50.6772],[-1.9798,50.6771],[-1.9798,50.677],[-1.9798,50.6769],[-1.9795,50.6767],[-1.9792,50.6765],[-1.9791,50.6766],[-1.9786,50.6769],[-1.9784,50.6769],[-1.9784,50.6768],[-1.9788,50.6766],[-1.9792,50.6764],[-1.9792,50.6762],[-1.9792,50.676],[-1.9794,50.6757],[-1.9796,50.6757],[-1.98,50.6755],[-1.9803,50.6755],[-1.9807,50.6754],[-1.981,50.6752],[-1.9811,50.6751],[-1.9811,50.6749],[-1.9813,50.6747],[-1.9812,50.6745],[-1.9812,50.6744],[-1.9815,50.6743],[-1.9821,50.674],[-1.9829,50.6738],[-1.9832,50.6737],[-1.9834,50.6735],[-1.9834,50.6733],[-1.9835,50.6732],[-1.9836,50.6731],[-1.9833,50.673],[-1.9835,50.6727],[-1.9836,50.6723],[-1.9838,50.6721],[-1.984,50.6719],[-1.9841,50.6717],[-1.9844,50.6714],[-1.9846,50.6712],[-1.9849,50.6708],[-1.9849,50.6707],[-1.985,50.6706],[-1.9851,50.6704],[-1.9853,50.6702],[-1.9853,50.6697],[-1.9852,50.6696],[-1.985,50.6694],[-1.9847,50.6692],[-1.9846,50.6692],[-1.9843,50.6692],[-1.9841,50.6692],[-1.9839,50.6693],[-1.9834,50.6694],[-1.9832,50.6693],[-1.9831,50.669],[-1.9832,50.6689],[-1.9831,50.6686],[-1.9832,50.6684],[-1.9834,50.668],[-1.9835,50.6675],[-1.9834,50.6674],[-1.9835,50.6672],[-1.9834,50.6671],[-1.9835,50.667],[-1.9832,50.6667],[-1.9828,50.6665],[-1.9826,50.6663],[-1.9827,50.6663],[-1.9826,50.6662],[-1.9824,50.6661],[-1.9822,50.6657],[-1.982,50.6656],[-1.982,50.6655],[-1.982,50.6653],[-1.9821,50.6651],[-1.9823,50.6651],[-1.9823,50.6646],[-1.9816,50.6647],[-1.9815,50.6646],[-1.9818,50.6643],[-1.9821,50.6636],[-1.9822,50.6632],[-1.9817,50.6631],[-1.9815,50.6632],[-1.9815,50.6633],[-1.9813,50.6634],[-1.9809,50.6635],[-1.9808,50.6636],[-1.9806,50.6636],[-1.9794,50.664],[-1.9788,50.6641],[-1.9782,50.6644],[-1.9776,50.6646],[-1.9773,50.6648],[-1.9768,50.6651],[-1.9766,50.6651],[-1.9764,50.6653],[-1.9761,50.6653],[-1.9759,50.6652],[-1.9759,50.665],[-1.9758,50.6649],[-1.9755,50.6648],[-1.9752,50.6649],[-1.9751,50.6648],[-1.9753,50.6647],[-1.9756,50.6646],[-1.9762,50.6645],[-1.9764,50.6644],[-1.9766,50.6641],[-1.9768,50.6638],[-1.9769,50.6637],[-1.9771,50.6636],[-1.9772,50.6636],[-1.9774,50.6632],[-1.9777,50.6631],[-1.9778,50.6628],[-1.9779,50.6627],[-1.978,50.6625],[-1.9779,50.6622],[-1.9779,50.662],[-1.978,50.6619],[-1.9781,50.6617],[-1.9782,50.6616],[-1.9784,50.6615],[-1.9787,50.6613],[-1.9789,50.6613],[-1.9794,50.6612],[-1.9792,50.661],[-1.9789,50.661],[-1.9781,50.6611],[-1.978,50.6609],[-1.9772,50.6607],[-1.9769,50.6606],[-1.9772,50.6604],[-1.9772,50.6602],[-1.9775,50.6601],[-1.9771,50.66],[-1.977,50.6601],[-1.9768,50.6602],[-1.9767,50.6604],[-1.9767,50.6605],[-1.9764,50.6608],[-1.9765,50.6611],[-1.9766,50.6612],[-1.9767,50.6617],[-1.9767,50.6618],[-1.9765,50.662],[-1.9762,50.6621],[-1.9761,50.6625],[-1.9759,50.6627],[-1.9754,50.6632],[-1.9752,50.6633],[-1.9748,50.6632],[-1.9749,50.663],[-1.9745,50.6629],[-1.9744,50.6629],[-1.9737,50.6628],[-1.9732,50.6628],[-1.9731,50.6627],[-1.9727,50.6627],[-1.9724,50.6626],[-1.9721,50.6625],[-1.9713,50.6628],[-1.9711,50.6627],[-1.9709,50.6625],[-1.9707,50.6622],[-1.9706,50.6621],[-1.9701,50.662],[-1.9698,50.6619],[-1.9697,50.6617],[-1.9695,50.6614],[-1.9694,50.661],[-1.9691,50.6611],[-1.9692,50.6608],[-1.969,50.66],[-1.9689,50.66],[-1.9683,50.6603],[-1.9682,50.6605],[-1.9683,50.6608],[-1.9684,50.661],[-1.9684,50.6611],[-1.9685,50.6613],[-1.9684,50.6616],[-1.9686,50.6618],[-1.9687,50.662],[-1.9687,50.6623],[-1.9688,50.6624],[-1.9691,50.6627],[-1.9692,50.6628],[-1.9691,50.663],[-1.9693,50.6634],[-1.9695,50.6636],[-1.9694,50.6637],[-1.9691,50.6643],[-1.9691,50.6645],[-1.9691,50.6648],[-1.9689,50.665],[-1.9683,50.6655],[-1.968,50.6658],[-1.9679,50.6661],[-1.9679,50.6663],[-1.9679,50.6667],[-1.9681,50.6669],[-1.9681,50.6671],[-1.9683,50.6673],[-1.9685,50.6674],[-1.9689,50.6678],[-1.9692,50.6679],[-1.9697,50.6684],[-1.9698,50.6685],[-1.9703,50.6689],[-1.9706,50.6691],[-1.9709,50.6691],[-1.9711,50.6693],[-1.971,50.6694],[-1.9705,50.6694],[-1.9702,50.6695],[-1.9699,50.6695],[-1.9697,50.6694],[-1.9698,50.6692],[-1.9697,50.6691],[-1.9692,50.669],[-1.9691,50.669],[-1.9689,50.669],[-1.9687,50.6689],[-1.9686,50.6691],[-1.9684,50.6693],[-1.9684,50.6696],[-1.9681,50.6699],[-1.9682,50.6701],[-1.968,50.6702],[-1.968,50.6703],[-1.9677,50.6706],[-1.9672,50.6709],[-1.9669,50.6712],[-1.9666,50.6713],[-1.9662,50.6714],[-1.9659,50.6715],[-1.9656,50.6716],[-1.9653,50.6715],[-1.9653,50.6714],[-1.9655,50.6713],[-1.966,50.6712],[-1.9662,50.6711],[-1.9662,50.671],[-1.9661,50.6709],[-1.9659,50.6709],[-1.9656,50.6709],[-1.9656,50.6708],[-1.965,50.6706],[-1.9648,50.6704],[-1.9647,50.6703],[-1.9644,50.6703],[-1.9639,50.6704],[-1.9637,50.6704],[-1.9633,50.6706],[-1.9629,50.6709],[-1.9623,50.6715],[-1.9621,50.6716],[-1.9618,50.6717],[-1.9617,50.6719],[-1.9617,50.672],[-1.9615,50.6722],[-1.9614,50.6725],[-1.9615,50.6731],[-1.9614,50.6731],[-1.9615,50.6734],[-1.9617,50.6734],[-1.9615,50.6737],[-1.9615,50.6741],[-1.9615,50.6744],[-1.9615,50.6748],[-1.9614,50.6749],[-1.9612,50.6749],[-1.9609,50.6748],[-1.9608,50.6747],[-1.9609,50.6745],[-1.9608,50.6744],[-1.9606,50.6743],[-1.9597,50.6738],[-1.9595,50.6736],[-1.9598,50.6735],[-1.96,50.6736],[-1.9602,50.6735],[-1.9603,50.6733],[-1.9604,50.6733],[-1.9604,50.6732],[-1.9602,50.6731],[-1.96,50.6732],[-1.9599,50.6733],[-1.9596,50.6733],[-1.9594,50.6733],[-1.9591,50.6731],[-1.9591,50.673],[-1.9594,50.6728],[-1.9593,50.6727],[-1.9591,50.6728],[-1.9589,50.6727],[-1.9588,50.6726],[-1.9585,50.6726],[-1.9583,50.6725],[-1.9584,50.6724],[-1.9582,50.6723],[-1.9579,50.6724],[-1.9577,50.6725],[-1.9575,50.6727],[-1.9574,50.6729],[-1.9567,50.6733],[-1.9565,50.6734],[-1.9564,50.6736],[-1.9562,50.6739],[-1.9555,50.6743],[-1.955,50.6746],[-1.9546,50.6749],[-1.9543,50.6752],[-1.9541,50.6756],[-1.9541,50.6758],[-1.954,50.6761],[-1.9541,50.6763],[-1.954,50.6764],[-1.9541,50.6765],[-1.954,50.6766],[-1.954,50.6767],[-1.9542,50.6769],[-1.9539,50.6768],[-1.9535,50.6768],[-1.9532,50.6769],[-1.9528,50.6771],[-1.9526,50.6772],[-1.9523,50.6775],[-1.9521,50.6778],[-1.952,50.6782],[-1.9512,50.6785],[-1.9511,50.6787],[-1.9506,50.6793],[-1.9504,50.6793],[-1.9504,50.6795],[-1.9503,50.6796],[-1.9501,50.6802],[-1.95,50.6802],[-1.9498,50.6802],[-1.9498,50.6803],[-1.9497,50.6804],[-1.9484,50.6815],[-1.9471,50.6825],[-1.9469,50.6827]],[[-1.9602,50.7099],[-1.9602,50.71],[-1.9589,50.7108],[-1.9588,50.7107],[-1.96,50.7099],[-1.9602,50.7099]],[[-1.9853,50.7115],[-1.9852,50.7115],[-1.9852,50.7111],[-1.985,50.711],[-1.9848,50.7109],[-1.9795,50.7106],[-1.9793,50.7106],[-1.9787,50.711],[-1.9786,50.7109],[-1.9792,50.7106],[-1.9795,50.7105],[-1.9848,50.7108],[-1.9849,50.7107],[-1.985,50.7106],[-1.9851,50.7106],[-1.9851,50.7108],[-1.9851,50.711],[-1.9853,50.7111],[-1.9853,50.7115]],[[-1.9626,50.7107],[-1.9627,50.7108],[-1.9628,50.7111],[-1.9628,50.7112],[-1.9627,50.7114],[-1.9623,50.7116],[-1.962,50.7117],[-1.9615,50.7117],[-1.9614,50.7116],[-1.9615,50.7115],[-1.9619,50.7114],[-1.9621,50.7114],[-1.9623,50.7113],[-1.9624,50.7111],[-1.9623,50.7109],[-1.9611,50.7101],[-1.9603,50.7096],[-1.9604,50.7095],[-1.9607,50.7095],[-1.9609,50.7096],[-1.9626,50.7107]],[[-2,50.7301],[-1.9997,50.7302],[-1.9995,50.7301],[-1.9982,50.7301],[-1.9965,50.7301],[-1.996,50.73],[-1.9955,50.73],[-1.9955,50.7299],[-1.9965,50.7299],[-1.9971,50.7299],[-1.9976,50.7299],[-1.9985,50.73],[-1.9993,50.73],[-2.0006,50.7299],[-2.0013,50.7298],[-2.0016,50.7298],[-2.0022,50.7298],[-2.0034,50.7297],[-2.0041,50.7296],[-2.0043,50.7296],[-2.005,50.7296],[-2.0051,50.7297],[-2.005,50.7298],[-2.0042,50.7298],[-2.0028,50.7299],[-2.0014,50.7301],[-2,50.7301]],[[-1.9535,50.708],[-1.9534,50.7082],[-1.9534,50.7083],[-1.9536,50.7083],[-1.9536,50.7086],[-1.9535,50.7088],[-1.9533,50.709],[-1.9529,50.7092],[-1.9523,50.7091],[-1.9523,50.709],[-1.9522,50.7089],[-1.952,50.7089],[-1.9517,50.7089],[-1.9515,50.7088],[-1.9514,50.7088],[-1.9512,50.7089],[-1.9508,50.7086],[-1.9508,50.7085],[-1.9506,50.7085],[-1.9504,50.7086],[-1.9503,50.7085],[-1.95,50.7082],[-1.9498,50.708],[-1.9496,50.7076],[-1.9496,50.7075],[-1.9496,50.7073],[-1.9497,50.7073],[-1.95,50.7071],[-1.9504,50.7073],[-1.9507,50.7075],[-1.9509,50.7078],[-1.9509,50.708],[-1.9509,50.7083],[-1.9506,50.7084],[-1.9508,50.7085],[-1.9508,50.7086],[-1.9513,50.7089],[-1.9513,50.7088],[-1.9515,50.7088],[-1.9516,50.7088],[-1.9517,50.7089],[-1.952,50.7089],[-1.9522,50.7089],[-1.9523,50.7089],[-1.9524,50.7091],[-1.9526,50.7091],[-1.9529,50.709],[-1.9531,50.7089],[-1.9534,50.7086],[-1.9534,50.7084],[-1.953,50.7083],[-1.953,50.7082],[-1.9532,50.708],[-1.9537,50.7078],[-1.9536,50.7076],[-1.9532,50.7074],[-1.9533,50.7073],[-1.9535,50.7071],[-1.9537,50.7072],[-1.9537,50.7073],[-1.9539,50.7075],[-1.9539,50.7076],[-1.9537,50.7078],[-1.9537,50.7079],[-1.9535,50.708]],[[-2.019,50.6924],[-2.0188,50.6922],[-2.0184,50.6918],[-2.0181,50.6915],[-2.0179,50.6914],[-2.0173,50.691],[-2.0171,50.691],[-2.0167,50.6905],[-2.0166,50.6902],[-2.0168,50.6899],[-2.0172,50.6897],[-2.0174,50.6897],[-2.0177,50.6898],[-2.0183,50.69],[-2.0186,50.6902],[-2.0191,50.6907],[-2.0193,50.691],[-2.0195,50.6913],[-2.0196,50.6917],[-2.0198,50.6919],[-2.02,50.6922],[-2.0201,50.6923],[-2.0203,50.6924],[-2.0207,50.6926],[-2.021,50.6928],[-2.021,50.6932],[-2.0211,50.6932],[-2.021,50.6935],[-2.0208,50.6934],[-2.0209,50.6933],[-2.0208,50.6932],[-2.0205,50.693],[-2.0201,50.6929],[-2.0196,50.6927],[-2.0193,50.6926],[-2.019,50.6924]],[[-2.0162,50.687],[-2.0162,50.6868],[-2.0163,50.6866],[-2.0167,50.6862],[-2.0166,50.6861],[-2.0168,50.686],[-2.0169,50.686],[-2.0169,50.6857],[-2.0171,50.6856],[-2.0175,50.6856],[-2.0178,50.6856],[-2.0183,50.6859],[-2.0186,50.6861],[-2.0188,50.6863],[-2.019,50.6865],[-2.0195,50.687],[-2.0198,50.6874],[-2.0198,50.6876],[-2.0199,50.6877],[-2.0199,50.688],[-2.0197,50.688],[-2.0192,50.688],[-2.019,50.6879],[-2.0188,50.6877],[-2.0183,50.6875],[-2.0181,50.6876],[-2.0175,50.6875],[-2.0165,50.6873],[-2.0163,50.6872],[-2.0162,50.687]],[[-1.9943,50.68],[-1.994,50.68],[-1.9931,50.6804],[-1.992,50.6807],[-1.9916,50.6808],[-1.9918,50.6806],[-1.992,50.6805],[-1.9917,50.6803],[-1.9914,50.6802],[-1.9913,50.6799],[-1.9911,50.6798],[-1.9908,50.6795],[-1.9909,50.6793],[-1.9908,50.6792],[-1.9905,50.6791],[-1.9906,50.679],[-1.9907,50.6788],[-1.9909,50.6785],[-1.9909,50.6782],[-1.9912,50.6779],[-1.9913,50.6779],[-1.9922,50.6779],[-1.9931,50.6779],[-1.9939,50.6779],[-1.9943,50.6779],[-1.9946,50.6781],[-1.995,50.6784],[-1.9952,50.6787],[-1.9953,50.679],[-1.9954,50.6793],[-1.9956,50.6797],[-1.9955,50.68],[-1.9953,50.68],[-1.9948,50.68],[-1.9943,50.68]],[[-1.9839,50.6843],[-1.9833,50.6843],[-1.9831,50.6842],[-1.9831,50.684],[-1.9834,50.6841],[-1.9836,50.6841],[-1.9837,50.684],[-1.9834,50.6836],[-1.9833,50.6835],[-1.9826,50.6835],[-1.9821,50.6834],[-1.9817,50.6834],[-1.9814,50.6836],[-1.9813,50.6837],[-1.9811,50.6837],[-1.981,50.6833],[-1.9811,50.6829],[-1.9813,50.6828],[-1.9816,50.6826],[-1.9827,50.6821],[-1.9826,50.682],[-1.9827,50.6819],[-1.9829,50.682],[-1.9832,50.682],[-1.984,50.682],[-1.9846,50.6821],[-1.9851,50.6822],[-1.9853,50.6822],[-1.9856,50.6821],[-1.986,50.6822],[-1.9869,50.6823],[-1.9877,50.6822],[-1.9882,50.682],[-1.9885,50.682],[-1.9888,50.682],[-1.9889,50.6821],[-1.9893,50.6824],[-1.9895,50.6825],[-1.9896,50.6827],[-1.9896,50.6832],[-1.9896,50.6835],[-1.9895,50.6837],[-1.9893,50.6839],[-1.9891,50.684],[-1.9885,50.6841],[-1.988,50.6841],[-1.9877,50.6841],[-1.9868,50.684],[-1.9865,50.6841],[-1.9862,50.6841],[-1.9853,50.6843],[-1.9849,50.6842],[-1.9847,50.6841],[-1.9844,50.6841],[-1.9839,50.6843]],[[-1.9799,50.6963],[-1.979,50.6966],[-1.9753,50.6965],[-1.9747,50.6964],[-1.9739,50.6959],[-1.9726,50.6959],[-1.9722,50.6959],[-1.9708,50.6959],[-1.9706,50.6958],[-1.9696,50.6956],[-1.9682,50.6953],[-1.9675,50.6951],[-1.9672,50.695],[-1.9666,50.695],[-1.9659,50.6949],[-1.9651,50.6946],[-1.9647,50.6946],[-1.9639,50.6939],[-1.963,50.6929],[-1.963,50.6928],[-1.9635,50.6928],[-1.9637,50.6928],[-1.9642,50.6928],[-1.9644,50.6928],[-1.9647,50.6928],[-1.9652,50.6929],[-1.9654,50.692],[-1.9656,50.691],[-1.9649,50.6909],[-1.9636,50.6905],[-1.963,50.6903],[-1.9619,50.6902],[-1.9618,50.69],[-1.9613,50.6898],[-1.9607,50.6894],[-1.9603,50.6891],[-1.9602,50.689],[-1.9599,50.6888],[-1.9595,50.6888],[-1.9593,50.6888],[-1.9589,50.6889],[-1.958,50.6889],[-1.9576,50.689],[-1.9571,50.6894],[-1.9567,50.6896],[-1.9565,50.6895],[-1.9564,50.6894],[-1.9566,50.6892],[-1.9565,50.689],[-1.9562,50.6889],[-1.9562,50.6888],[-1.9565,50.6888],[-1.957,50.6886],[-1.9571,50.6884],[-1.9569,50.6884],[-1.9568,50.6883],[-1.9569,50.6882],[-1.957,50.6882],[-1.9576,50.688],[-1.9581,50.6879],[-1.9581,50.688],[-1.9585,50.6878],[-1.9589,50.6876],[-1.9598,50.6871],[-1.9605,50.6866],[-1.961,50.6864],[-1.9617,50.6863],[-1.9624,50.6863],[-1.9632,50.6862],[-1.9643,50.6862],[-1.9649,50.6862],[-1.9652,50.6861],[-1.9656,50.6862],[-1.966,50.6862],[-1.9667,50.6861],[-1.9684,50.6862],[-1.9689,50.6863],[-1.9696,50.6864],[-1.9703,50.6864],[-1.9706,50.6864],[-1.9713,50.6867],[-1.9717,50.6868],[-1.9722,50.6869],[-1.973,50.6871],[-1.9739,50.6873],[-1.975,50.6874],[-1.9755,50.6874],[-1.9766,50.6873],[-1.977,50.6872],[-1.978,50.6873],[-1.9785,50.6872],[-1.9791,50.6872],[-1.9794,50.6872],[-1.9802,50.687],[-1.9804,50.6871],[-1.9807,50.6871],[-1.9811,50.6871],[-1.9816,50.6872],[-1.9818,50.6873],[-1.982,50.6873],[-1.9823,50.6871],[-1.9825,50.6871],[-1.9828,50.6873],[-1.9829,50.6873],[-1.9834,50.6873],[-1.9836,50.6874],[-1.9838,50.6874],[-1.9839,50.6876],[-1.9839,50.6878],[-1.984,50.6879],[-1.9845,50.6881],[-1.9848,50.6883],[-1.985,50.6884],[-1.9852,50.6886],[-1.9853,50.6889],[-1.9854,50.689],[-1.9857,50.6895],[-1.986,50.6898],[-1.9862,50.6901],[-1.9864,50.6903],[-1.987,50.6912],[-1.9873,50.6915],[-1.9874,50.6919],[-1.9876,50.6922],[-1.9879,50.6924],[-1.9876,50.6924],[-1.9874,50.6925],[-1.9873,50.6926],[-1.9869,50.6933],[-1.9868,50.6936],[-1.9866,50.6937],[-1.9862,50.6941],[-1.9857,50.6942],[-1.9851,50.6944],[-1.9845,50.6945],[-1.9836,50.6947],[-1.9822,50.695],[-1.9808,50.6959],[-1.9799,50.6963]]]},"properties":{"mtype":"SPA","name":"Poole Harbour","code":"UK9010111"}},
{"type":"Feature","geometry":{"type":"Polygon","coordinates":[[[-1.9582,50.6697],[-1.9582,50.6698],[-1.9583,50.6699],[-1.9585,50.6699],[-1.9587,50.6698],[-1.9587,50.6697],[-1.9589,50.6697],[-1.9592,50.6695],[-1.9595,50.6694],[-1.9597,50.6693],[-1.9599,50.669],[-1.9599,50.6687],[-1.9602,50.6686],[-1.9602,50.6685],[-1.9601,50.6683],[-1.9602,50.6682],[-1.9604,50.668],[-1.9606,50.6679],[-1.9609,50.6678],[-1.9609,50.6676],[-1.9611,50.6675],[-1.9613,50.6675],[-1.9614,50.6674],[-1.9614,50.6673],[-1.9616,50.6671],[-1.9617,50.667],[-1.962,50.6668],[-1.9619,50.6666],[-1.962,50.6663],[-1.9623,50.6661],[-1.9625,50.6656],[-1.9626,50.6655],[-1.9627,50.6654],[-1.9624,50.6652],[-1.9623,50.6652],[-1.9619,50.6652],[-1.9617,50.6651],[-1.9613,50.665],[-1.9612,50.6649],[-1.9609,50.6647],[-1.9607,50.6644],[-1.9607,50.6641],[-1.9608,50.6641],[-1.961,50.6642],[-1.9615,50.6643],[-1.9618,50.6642],[-1.9621,50.6641],[-1.9623,50.6639],[-1.9627,50.6638],[-1.9628,50.6637],[-1.9629,50.6635],[-1.9633,50.6634],[-1.9637,50.6635],[-1.9639,50.6636],[-1.964,50.6635],[-1.9644,50.6635],[-1.9647,50.6635],[-1.9646,50.6634],[-1.9643,50.6633],[-1.9641,50.6631],[-1.9636,50.6629],[-1.9633,50.6627],[-1.9633,50.6626],[-1.9633,50.6624],[-1.963,50.6623],[-1.9627,50.6621],[-1.9625,50.6622],[-1.9619,50.6623],[-1.9615,50.6622],[-1.9615,50.6623],[-1.9618,50.6626],[-1.9619,50.6629],[-1.9619,50.663],[-1.9617,50.6633],[-1.9614,50.6635],[-1.961,50.6638],[-1.9608,50.6637],[-1.9605,50.6636],[-1.9602,50.6634],[-1.96,50.6631],[-1.96,50.6629],[-1.96,50.6627],[-1.96,50.6626],[-1.9602,50.6623],[-1.9601,50.662],[-1.9601,50.6618],[-1.96,50.6617],[-1.9597,50.6616],[-1.9596,50.6616],[-1.9592,50.6611],[-1.9596,50.661],[-1.9598,50.6611],[-1.9602,50.661],[-1.9604,50.6611],[-1.9608,50.6613],[-1.9609,50.6614],[-1.9612,50.6616],[-1.9615,50.6614],[-1.9617,50.6613],[-1.962,50.6613],[-1.9621,50.6612],[-1.9621,50.661],[-1.9618,50.6607],[-1.9618,50.6606],[-1.9616,50.6605],[-1.9615,50.6602],[-1.9616,50.66],[-1.9618,50.6597],[-1.9623,50.6594],[-1.9623,50.6593],[-1.9622,50.659],[-1.9621,50.6589],[-1.9617,50.659],[-1.9614,50.6588],[-1.961,50.6587],[-1.9606,50.6585],[-1.9603,50.6585],[-1.9597,50.6585],[-1.9594,50.6585],[-1.9592,50.6584],[-1.9591,50.6582],[-1.9587,50.6578],[-1.9586,50.6576],[-1.9588,50.6574],[-1.9586,50.6572],[-1.9583,50.6571],[-1.9583,50.657],[-1.9584,50.6569],[-1.9584,50.6565],[-1.9584,50.6563],[-1.9587,50.656],[-1.9587,50.6557],[-1.9585,50.6556],[-1.9583,50.6554],[-1.9581,50.6554],[-1.9579,50.6555],[-1.9577,50.6556],[-1.9572,50.6556],[-1.9571,50.6558],[-1.9571,50.656],[-1.9568,50.6561],[-1.9566,50.6563],[-1.9566,50.6565],[-1.9566,50.6568],[-1.9569,50.6572],[-1.9569,50.6573],[-1.9568,50.6575],[-1.9569,50.6577],[-1.9569,50.6579],[-1.9569,50.6583],[-1.9569,50.6586],[-1.9569,50.6588],[-1.9566,50.6594],[-1.9566,50.6597],[-1.9567,50.6598],[-1.9568,50.6601],[-1.957,50.6606],[-1.957,50.6608],[-1.957,50.6609],[-1.9571,50.6611],[-1.9575,50.6611],[-1.9578,50.6614],[-1.9579,50.6616],[-1.9584,50.662],[-1.9585,50.6622],[-1.9583,50.6624],[-1.9584,50.6625],[-1.9582,50.6626],[-1.9582,50.6628],[-1.9581,50.6629],[-1.9576,50.6632],[-1.9573,50.6633],[-1.9567,50.6635],[-1.9566,50.6636],[-1.9567,50.6639],[-1.957,50.664],[-1.9572,50.6642],[-1.9575,50.6644],[-1.9574,50.6645],[-1.9572,50.6645],[-1.9573,50.6646],[-1.9575,50.6646],[-1.9575,50.6649],[-1.9576,50.6649],[-1.9577,50.6652],[-1.9579,50.6653],[-1.9581,50.6654],[-1.9585,50.6652],[-1.959,50.665],[-1.9598,50.6648],[-1.96,50.6648],[-1.9603,50.6649],[-1.9608,50.6651],[-1.961,50.6653],[-1.9612,50.6655],[-1.9611,50.6658],[-1.9609,50.666],[-1.9608,50.666],[-1.9604,50.6659],[-1.9601,50.666],[-1.9597,50.6661],[-1.9596,50.6663],[-1.9592,50.6665],[-1.959,50.6667],[-1.9589,50.6669],[-1.9587,50.6672],[-1.9586,50.6673],[-1.9585,50.6676],[-1.9586,50.6677],[-1.9587,50.6678],[-1.9587,50.6679],[-1.959,50.668],[-1.9592,50.668],[-1.9594,50.6681],[-1.9599,50.668],[-1.9599,50.6681],[-1.9599,50.6683],[-1.9601,50.6686],[-1.9598,50.6687],[-1.9596,50.6688],[-1.9593,50.669],[-1.959,50.6691],[-1.9587,50.6692],[-1.9585,50.6693],[-1.9582,50.6697]]]},"properties":{"mtype":"SPA","name":"Poole Harbour","code":"UK9010111"}},
{"type":"Feature","geometry":{"type":"Polygon","coordinates":[[[-2.0283,50.6648],[-2.0273,50.665],[-2.0269,50.6652],[-2.0268,50.6653],[-2.0266,50.6655],[-2.0265,50.6658],[-2.0264,50.6661],[-2.0264,50.6663],[-2.0265,50.6666],[-2.0266,50.6668],[-2.0268,50.6671],[-2.0283,50.6665],[-2.0283,50.6662],[-2.0284,50.666],[-2.0285,50.6658],[-2.0287,50.6655],[-2.0289,50.6652],[-2.0288,50.665],[-2.0287,50.6649],[-2.0283,50.6648]]]},"properties":{"mtype":"SPA","name":"Poole Harbour","code":"UK9010111"}},
{"type":"Feature","geometry":{"type":"Polygon","coordinates":[[[-1.9513,50.6659],[-1.9516,50.666],[-1.9517,50.6659],[-1.9519,50.6658],[-1.9522,50.6658],[-1.9525,50.6656],[-1.9529,50.6654],[-1.9532,50.6653],[-1.9535,50.6652],[-1.954,50.6649],[-1.954,50.6647],[-1.9538,50.6646],[-1.9535,50.6645],[-1.9529,50.6644],[-1.9527,50.6644],[-1.9525,50.6643],[-1.9525,50.6641],[-1.9523,50.664],[-1.9522,50.664],[-1.9519,50.6643],[-1.9519,50.6644],[-1.9518,50.6647],[-1.9514,50.6651],[-1.9513,50.6652],[-1.9511,50.6652],[-1.9507,50.6652],[-1.9506,50.6653],[-1.9506,50.6655],[-1.9508,50.6657],[-1.9508,50.6658],[-1.9509,50.6659],[-1.9513,50.6659]]]},"properties":{"mtype":"SPA","name":"Poole Harbour","code":"UK9010111"}}
]}