{"type":"FeatureCollection", "features": [
{"type":"Feature","geometry":{"type":"Polygon","coordinates":[[[-2.72341,50.69638],[-2.72301,50.69684],[-2.72339,50.69692],[-2.72375,50.69653],[-2.72341,50.69638]]]},"properties":{"risk":1,"dist":6}},
{"type":"Feature","geometry":{"type":"Polygon","coordinates":[[[-2.15435,50.61399],[-2.1538,50.61449],[-2.15369,50.61453],[-2.15375,50.61465],[-2.1539,50.61457],[-2.15447,50.61405],[-2.15435,50.61399]]]},"properties":{"risk":1,"dist":9}},
{"type":"Feature","geometry":{"type":"Polygon","coordinates":[[[-2.15375,50.61465],[-2.15415,50.61491],[-2.15454,50.61539],[-2.15425,50.61567],[-2.15425,50.61595],[-2.15458,50.61629],[-2.15515,50.61651],[-2.15702,50.61681],[-2.15816,50.61696],[-2.15922,50.61699],[-2.15964,50.61708],[-2.15987,50.61719],[-2.16013,50.61716],[-2.16051,50.61722],[-2.16119,50.61715],[-2.16172,50.61716],[-2.16219,50.61708],[-2.16233,50.617],[-2.16287,50.61696],[-2.1632,50.61686],[-2.16366,50.61685],[-2.16458,50.61668],[-2.16539,50.61649],[-2.16589,50.61655],[-2.16616,50.61647],[-2.16672,50.61645],[-2.16699,50.61631],[-2.1672,50.61634],[-2.16837,50.61617],[-2.16887,50.61605],[-2.16902,50.61594],[-2.16962,50.61576],[-2.16994,50.61581],[-2.17017,50.61592],[-2.17072,50.61586],[-2.17144,50.61588],[-2.17167,50.61594],[-2.17208,50.61582],[-2.17316,50.616],[-2.17371,50.61592],[-2.17414,50.61599],[-2.17456,50.61592],[-2.17491,50.61594],[-2.17534,50.61582],[-2.1759,50.61579],[-2.17636,50.61587],[-2.17661,50.61582],[-2.1768,50.61567],[-2.17718,50.61567],[-2.17749,50.61557],[-2.17792,50.61561],[-2.17937,50.61553],[-2.17998,50.61563],[-2.1803,50.61561],[-2.18076,50.61569],[-2.18161,50.61576],[-2.1826,50.61558],[-2.18279,50.61571],[-2.18236,50.61583],[-2.18236,50.61601],[-2.18284,50.61644],[-2.18321,50.61654],[-2.18391,50.61653],[-2.18433,50.61645],[-2.18482,50.61618],[-2.18496,50.616],[-2.18496,50.61565],[-2.18461,50.61547],[-2.1848,50.61533],[-2.18562,50.61521],[-2.18565,50.61547],[-2.1855,50.61565],[-2.18553,50.6158],[-2.1853,50.61589],[-2.18518,50.61613],[-2.18426,50.6165],[-2.18409,50.61663],[-2.18463,50.61681],[-2.1848,50.61668],[-2.18557,50.61659],[-2.18609,50.61644],[-2.18662,50.61603],[-2.18672,50.61586],[-2.1867,50.61551],[-2.18655,50.61523],[-2.18728,50.61491],[-2.18678,50.6149],[-2.18635,50.61502],[-2.18559,50.61502],[-2.18501,50.61506],[-2.18454,50.61522],[-2.18434,50.61542],[-2.18454,50.61572],[-2.18447,50.61595],[-2.18423,50.61605],[-2.18364,50.61616],[-2.18331,50.61607],[-2.18302,50.61556],[-2.18282,50.61542],[-2.18226,50.61539],[-2.1821,50.61528],[-2.18123,50.61514],[-2.17935,50.61469],[-2.179,50.61464],[-2.17765,50.6147],[-2.17621,50.61461],[-2.17584,50.61466],[-2.17543,50.61479],[-2.17487,50.61475],[-2.17462,50.61465],[-2.17402,50.61463],[-2.17378,50.61472],[-2.17357,50.61466],[-2.17344,50.6144],[-2.17322,50.61431],[-2.17244,50.61427],[-2.17169,50.61433],[-2.17113,50.61432],[-2.17022,50.61388],[-2.16964,50.61397],[-2.16946,50.61408],[-2.16913,50.61413],[-2.1687,50.61412],[-2.16812,50.61418],[-2.16709,50.61452],[-2.16662,50.6146],[-2.16624,50.61458],[-2.16579,50.61478],[-2.1647,50.61473],[-2.16383,50.6148],[-2.16322,50.61468],[-2.16273,50.61468],[-2.162,50.61499],[-2.16155,50.61487],[-2.16124,50.6149],[-2.16076,50.61505],[-2.15981,50.61509],[-2.15912,50.61533],[-2.15871,50.61537],[-2.15847,50.61546],[-2.15798,50.61546],[-2.15761,50.6154],[-2.15702,50.61519],[-2.1556,50.61458],[-2.1554,50.61444],[-2.15447,50.61405],[-2.1539,50.61457],[-2.15375,50.61465]]]},"properties":{"risk":2,"dist":14}},
{"type":"Feature","geometry":{"type":"Polygon","coordinates":[[[-2.4553,50.59902],[-2.45595,50.59993],[-2.45599,50.59973],[-2.45618,50.59945],[-2.45554,50.59893],[-2.4553,50.59902]]]},"properties":{"risk":1,"dist":3}},
{"type":"Feature","geometry":{"type":"Polygon","coordinates":[[[-2.82359,50.72185],[-2.82309,50.72173],[-2.82269,50.72243],[-2.82312,50.72283],[-2.82359,50.72185]]]},"properties":{"risk":2,"dist":11}},
{"type":"Feature","geometry":{"type":"Polygon","coordinates":[[[-1.94906,50.60743],[-1.94909,50.60753],[-1.94958,50.60747],[-1.94992,50.6075],[-1.95017,50.60761],[-1.95031,50.60748],[-1.95006,50.6074],[-1.94959,50.60737],[-1.94906,50.60743]]]},"properties":{"risk":1,"dist":4}},
{"type":"Feature","geometry":{"type":"Polygon","coordinates":[[[-2.82312,50.72283],[-2.82319,50.72286],[-2.8237,50.72187],[-2.82359,50.72185],[-2.82312,50.72283]]]},"properties":{"risk":2,"dist":13}},
{"type":"Feature","geometry":{"type":"Polygon","coordinates":[[[-1.64821,50.73313],[-1.64749,50.73311],[-1.6475,50.73329],[-1.64771,50.73357],[-1.64768,50.73442],[-1.64846,50.73438],[-1.64852,50.73347],[-1.64821,50.73313]]]},"properties":{"risk":4,"dist":95}},
{"type":"Feature","geometry":{"type":"Polygon","coordinates":[[[-1.64846,50.73438],[-1.64855,50.73437],[-1.6486,50.73343],[-1.64829,50.7331],[-1.64821,50.73313],[-1.64852,50.73347],[-1.64846,50.73438]]]},"properties":{"risk":4,"dist":95}},
{"type":"Feature","geometry":{"type":"Polygon","coordinates":[[[-1.64855,50.73437],[-1.64867,50.73434],[-1.64873,50.73338],[-1.64829,50.7331],[-1.6486,50.73343],[-1.64855,50.73437]]]},"properties":{"risk":4,"dist":95}},
{"type":"Feature","geometry":{"type":"Polygon","coordinates":[[[-1.64867,50.73434],[-1.64915,50.7344],[-1.64912,50.73355],[-1.64932,50.733],[-1.64856,50.73296],[-1.64829,50.7331],[-1.64873,50.73338],[-1.64867,50.73434]]]},"properties":{"risk":4,"dist":86}},
{"type":"Feature","geometry":{"type":"Polygon","coordinates":[[[-1.66498,50.73489],[-1.66463,50.73649],[-1.66518,50.73654],[-1.6656,50.73665],[-1.66725,50.73691],[-1.66913,50.73693],[-1.66969,50.73707],[-1.66984,50.73629],[-1.67013,50.73537],[-1.66908,50.73527],[-1.66711,50.73497],[-1.66672,50.73487],[-1.66634,50.73504],[-1.66556,50.73497],[-1.66498,50.73489]]]},"properties":{"risk":4,"dist":86}},
{"type":"Feature","geometry":{"type":"Polygon","coordinates":[[[-1.66969,50.73707],[-1.67007,50.73714],[-1.67025,50.73637],[-1.67013,50.73537],[-1.66984,50.73629],[-1.66969,50.73707]]]},"properties":{"risk":4,"dist":86}},
{"type":"Feature","geometry":{"type":"Polygon","coordinates":[[[-1.69246,50.7374],[-1.69206,50.73781],[-1.69212,50.7386],[-1.6926,50.73827],[-1.69251,50.73762],[-1.69254,50.7374],[-1.69246,50.7374]]]},"properties":{"risk":3,"dist":36}},
{"type":"Feature","geometry":{"type":"Polygon","coordinates":[[[-1.6926,50.73827],[-1.69293,50.73796],[-1.69299,50.73774],[-1.69346,50.73781],[-1.69368,50.7379],[-1.69437,50.73793],[-1.69473,50.73785],[-1.69502,50.73786],[-1.69547,50.73798],[-1.69794,50.73813],[-1.69846,50.7381],[-1.69948,50.73814],[-1.70051,50.738],[-1.70091,50.73802],[-1.70183,50.73795],[-1.70245,50.73806],[-1.70282,50.73807],[-1.70322,50.73801],[-1.70398,50.738],[-1.70471,50.73804],[-1.70501,50.73799],[-1.7054,50.73803],[-1.70573,50.73795],[-1.70689,50.73795],[-1.7072,50.73788],[-1.70771,50.73792],[-1.70825,50.73779],[-1.70967,50.73769],[-1.71018,50.73769],[-1.71055,50.73749],[-1.71107,50.7374],[-1.71101,50.73712],[-1.71069,50.73619],[-1.70998,50.73625],[-1.70888,50.7363],[-1.70791,50.73638],[-1.70764,50.73645],[-1.70714,50.73647],[-1.70584,50.73645],[-1.70468,50.73648],[-1.70391,50.73648],[-1.70192,50.73639],[-1.70139,50.73642],[-1.70115,50.73652],[-1.70073,50.73656],[-1.69811,50.7365],[-1.69781,50.73639],[-1.69778,50.73674],[-1.69725,50.73683],[-1.69627,50.73679],[-1.69573,50.73679],[-1.69447,50.7367],[-1.69433,50.73666],[-1.69432,50.73626],[-1.69407,50.73633],[-1.69412,50.73679],[-1.69401,50.73685],[-1.69276,50.73701],[-1.6924,50.7368],[-1.69236,50.737],[-1.69254,50.73722],[-1.69254,50.7374],[-1.69251,50.73762],[-1.6926,50.73827]]]},"properties":{"risk":2,"dist":28}},
{"type":"Feature","geometry":{"type":"Polygon","coordinates":[[[-1.64915,50.7344],[-1.64956,50.7345],[-1.65049,50.73464],[-1.65088,50.73477],[-1.65185,50.73497],[-1.65275,50.73512],[-1.65313,50.73514],[-1.65396,50.73534],[-1.65472,50.73537],[-1.65601,50.73555],[-1.65654,50.73569],[-1.65693,50.73575],[-1.65788,50.73597],[-1.65804,50.73518],[-1.65841,50.73435],[-1.65665,50.73397],[-1.65507,50.73369],[-1.65487,50.73351],[-1.65464,50.73382],[-1.65441,50.73382],[-1.65338,50.73369],[-1.65199,50.73345],[-1.65027,50.73303],[-1.64996,50.73292],[-1.64958,50.73301],[-1.64932,50.733],[-1.64912,50.73355],[-1.64915,50.7344]]]},"properties":{"risk":4,"dist":86}},
{"type":"Feature","geometry":{"type":"Polygon","coordinates":[[[-1.65788,50.73597],[-1.65813,50.73601],[-1.6588,50.736],[-1.65895,50.73523],[-1.65925,50.73447],[-1.65841,50.73435],[-1.65804,50.73518],[-1.65788,50.73597]]]},"properties":{"risk":4,"dist":86}},
{"type":"Feature","geometry":{"type":"Polygon","coordinates":[[[-1.6588,50.736],[-1.65958,50.73606],[-1.66034,50.73607],[-1.66056,50.73612],[-1.66204,50.73631],[-1.66218,50.73554],[-1.66239,50.73458],[-1.66176,50.73443],[-1.6613,50.73459],[-1.66015,50.73454],[-1.65925,50.73447],[-1.65895,50.73523],[-1.6588,50.736]]]},"properties":{"risk":4,"dist":86}},
{"type":"Feature","geometry":{"type":"Polygon","coordinates":[[[-1.66498,50.73489],[-1.66348,50.73471],[-1.66283,50.73461],[-1.66239,50.73458],[-1.66218,50.73554],[-1.66204,50.73631],[-1.66396,50.7365],[-1.66463,50.73649],[-1.66498,50.73489]]]},"properties":{"risk":4,"dist":86}},
{"type":"Feature","geometry":{"type":"Polygon","coordinates":[[[-1.74514,50.71459],[-1.74564,50.71473],[-1.74624,50.71483],[-1.74623,50.71474],[-1.74517,50.71454],[-1.74514,50.71459]]]},"properties":{"risk":2,"dist":25}},
{"type":"Feature","geometry":{"type":"Polygon","coordinates":[[[-1.67007,50.73714],[-1.67103,50.73732],[-1.67157,50.73736],[-1.67235,50.73752],[-1.67263,50.73754],[-1.6733,50.73559],[-1.67294,50.7355],[-1.67244,50.73544],[-1.67173,50.73528],[-1.67092,50.73527],[-1.67059,50.73511],[-1.67039,50.73536],[-1.67013,50.73537],[-1.67025,50.73637],[-1.67007,50.73714]]]},"properties":{"risk":4,"dist":86}},
{"type":"Feature","geometry":{"type":"Polygon","coordinates":[[[-1.69246,50.7374],[-1.69234,50.73723],[-1.69198,50.73716],[-1.69141,50.73713],[-1.69133,50.73725],[-1.69152,50.73742],[-1.6913,50.73753],[-1.69083,50.73757],[-1.68929,50.73748],[-1.68801,50.73733],[-1.687,50.73724],[-1.68284,50.73681],[-1.68048,50.73658],[-1.67912,50.73642],[-1.67829,50.7363],[-1.67576,50.73598],[-1.6733,50.73559],[-1.67263,50.73754],[-1.6732,50.73754],[-1.6735,50.73746],[-1.67405,50.73753],[-1.67471,50.73778],[-1.67586,50.73788],[-1.67658,50.7379],[-1.67712,50.73805],[-1.67765,50.73812],[-1.67838,50.73827],[-1.67908,50.7383],[-1.67963,50.7384],[-1.6816,50.7385],[-1.68221,50.73847],[-1.68238,50.73858],[-1.68291,50.73873],[-1.68343,50.73873],[-1.68393,50.73864],[-1.68446,50.73867],[-1.68528,50.73882],[-1.68605,50.73881],[-1.68659,50.73889],[-1.68757,50.73908],[-1.68818,50.73903],[-1.68837,50.73906],[-1.68977,50.73909],[-1.69016,50.73901],[-1.69077,50.739],[-1.69118,50.73893],[-1.69176,50.73878],[-1.69212,50.7386],[-1.69206,50.73781],[-1.69246,50.7374]]]},"properties":{"risk":3,"dist":63}},
{"type":"Feature","geometry":{"type":"Polygon","coordinates":[[[-1.71107,50.7374],[-1.71137,50.73723],[-1.71158,50.73728],[-1.71207,50.73721],[-1.71224,50.73706],[-1.71281,50.73696],[-1.71276,50.73682],[-1.71259,50.73589],[-1.71128,50.73603],[-1.71101,50.73601],[-1.71097,50.73616],[-1.71069,50.73619],[-1.71101,50.73712],[-1.71107,50.7374]]]},"properties":{"risk":2,"dist":15}},
{"type":"Feature","geometry":{"type":"Polygon","coordinates":[[[-1.71281,50.73696],[-1.71379,50.73678],[-1.71463,50.73674],[-1.71493,50.73667],[-1.71529,50.73667],[-1.7156,50.73656],[-1.71681,50.73646],[-1.71713,50.73634],[-1.71742,50.73634],[-1.71807,50.73623],[-1.71881,50.73602],[-1.7194,50.73573],[-1.7191,50.73507],[-1.71569,50.73557],[-1.71382,50.7358],[-1.71259,50.73589],[-1.71276,50.73682],[-1.71281,50.73696]]]},"properties":{"risk":2,"dist":15}},
{"type":"Feature","geometry":{"type":"Polygon","coordinates":[[[-1.7194,50.73573],[-1.72034,50.73547],[-1.72092,50.7354],[-1.72067,50.73482],[-1.7191,50.73507],[-1.7194,50.73573]]]},"properties":{"risk":2,"dist":11}},
{"type":"Feature","geometry":{"type":"Polygon","coordinates":[[[-1.72092,50.7354],[-1.72164,50.73522],[-1.72136,50.73469],[-1.72067,50.73482],[-1.72092,50.7354]]]},"properties":{"risk":2,"dist":15}},
{"type":"Feature","geometry":{"type":"Polygon","coordinates":[[[-1.72164,50.73522],[-1.72165,50.73522],[-1.72137,50.73469],[-1.72136,50.73469],[-1.72164,50.73522]]]},"properties":{"risk":2,"dist":15}},
{"type":"Feature","geometry":{"type":"Polygon","coordinates":[[[-1.72165,50.73522],[-1.72209,50.73507],[-1.72289,50.73489],[-1.72334,50.73476],[-1.72378,50.7347],[-1.7253,50.73431],[-1.72579,50.73424],[-1.72539,50.73372],[-1.72446,50.73403],[-1.72385,50.73419],[-1.72284,50.73441],[-1.72137,50.73469],[-1.72165,50.73522]]]},"properties":{"risk":2,"dist":15}},
{"type":"Feature","geometry":{"type":"Polygon","coordinates":[[[-1.72579,50.73424],[-1.72709,50.73385],[-1.728,50.73355],[-1.72806,50.73339],[-1.72933,50.73288],[-1.73021,50.73242],[-1.73041,50.73237],[-1.72973,50.73192],[-1.72928,50.73218],[-1.72825,50.73267],[-1.72753,50.73295],[-1.72598,50.73344],[-1.72602,50.73349],[-1.72539,50.73372],[-1.72579,50.73424]]]},"properties":{"risk":2,"dist":15}},
{"type":"Feature","geometry":{"type":"Polygon","coordinates":[[[-1.73041,50.73237],[-1.73077,50.73218],[-1.73121,50.73202],[-1.7315,50.7318],[-1.73208,50.73151],[-1.73124,50.731],[-1.73053,50.73142],[-1.7298,50.73183],[-1.72973,50.73192],[-1.73041,50.73237]]]},"properties":{"risk":2,"dist":22}},
{"type":"Feature","geometry":{"type":"Polygon","coordinates":[[[-1.73208,50.73151],[-1.73264,50.73112],[-1.73272,50.73101],[-1.73334,50.73064],[-1.73378,50.7303],[-1.73282,50.72983],[-1.73241,50.73011],[-1.7324,50.73025],[-1.73178,50.73072],[-1.73124,50.731],[-1.73208,50.73151]]]},"properties":{"risk":2,"dist":22}},
{"type":"Feature","geometry":{"type":"Polygon","coordinates":[[[-1.73378,50.7303],[-1.73412,50.73004],[-1.73421,50.72977],[-1.73338,50.7294],[-1.73283,50.72975],[-1.73282,50.72983],[-1.73378,50.7303]]]},"properties":{"risk":2,"dist":22}},
{"type":"Feature","geometry":{"type":"Polygon","coordinates":[[[-1.73421,50.72977],[-1.73423,50.72951],[-1.73558,50.72837],[-1.73584,50.72821],[-1.73546,50.72809],[-1.73498,50.72798],[-1.73457,50.72831],[-1.73395,50.72864],[-1.73421,50.72878],[-1.73402,50.72899],[-1.73338,50.7294],[-1.73421,50.72977]]]},"properties":{"risk":2,"dist":24}},
{"type":"Feature","geometry":{"type":"Polygon","coordinates":[[[-1.73584,50.72821],[-1.73589,50.72809],[-1.7364,50.72771],[-1.73651,50.72757],[-1.73705,50.72726],[-1.73785,50.72671],[-1.73843,50.72625],[-1.73932,50.72578],[-1.73894,50.72565],[-1.73809,50.72608],[-1.73765,50.72616],[-1.73751,50.72633],[-1.73678,50.72655],[-1.73587,50.72694],[-1.73554,50.72718],[-1.73561,50.72731],[-1.73536,50.72754],[-1.73485,50.72789],[-1.73498,50.72798],[-1.73546,50.72809],[-1.73584,50.72821]]]},"properties":{"risk":2,"dist":30}},
{"type":"Feature","geometry":{"type":"Polygon","coordinates":[[[-1.74623,50.71474],[-1.74607,50.7146],[-1.74696,50.71422],[-1.7468,50.71405],[-1.74607,50.71378],[-1.74573,50.71395],[-1.74525,50.7141],[-1.74517,50.71454],[-1.74623,50.71474]]]},"properties":{"risk":2,"dist":20}},
{"type":"Feature","geometry":{"type":"Polygon","coordinates":[[[-1.94906,50.60743],[-1.94839,50.60754],[-1.94793,50.60758],[-1.94791,50.60766],[-1.94909,50.60753],[-1.94906,50.60743]]]},"properties":{"risk":1,"dist":4}},
{"type":"Feature","geometry":{"type":"Polygon","coordinates":[[[-1.75249,50.7265],[-1.75278,50.72667],[-1.75291,50.72662],[-1.75249,50.7265]]]},"properties":{"risk":1,"dist":3}},
{"type":"Feature","geometry":{"type":"Polygon","coordinates":[[[-1.76127,50.71801],[-1.76212,50.71844],[-1.76265,50.71875],[-1.76282,50.71901],[-1.76315,50.71879],[-1.76358,50.71883],[-1.76345,50.71861],[-1.76266,50.71862],[-1.76237,50.71854],[-1.76149,50.71807],[-1.76127,50.71801]]]},"properties":{"risk":0,"dist":0}},
{"type":"Feature","geometry":{"type":"Polygon","coordinates":[[[-1.75937,50.71763],[-1.75899,50.71764],[-1.75847,50.71772],[-1.75852,50.71779],[-1.75882,50.71771],[-1.75937,50.71763]]]},"properties":{"risk":1,"dist":4}},
{"type":"Feature","geometry":{"type":"Polygon","coordinates":[[[-1.74514,50.71459],[-1.74492,50.7148],[-1.74511,50.71488],[-1.74494,50.71521],[-1.74556,50.71547],[-1.74597,50.71554],[-1.74603,50.71509],[-1.74624,50.71483],[-1.74564,50.71473],[-1.74514,50.71459]]]},"properties":{"risk":2,"dist":28}},
{"type":"Feature","geometry":{"type":"Polygon","coordinates":[[[-1.74696,50.71422],[-1.7474,50.71407],[-1.74784,50.71384],[-1.74811,50.71362],[-1.7489,50.7133],[-1.74888,50.71312],[-1.74825,50.71273],[-1.74798,50.71288],[-1.74734,50.71303],[-1.74724,50.71318],[-1.74676,50.71331],[-1.74646,50.71354],[-1.74607,50.71363],[-1.74607,50.71378],[-1.7468,50.71405],[-1.74696,50.71422]]]},"properties":{"risk":2,"dist":20}},
{"type":"Feature","geometry":{"type":"Polygon","coordinates":[[[-1.7489,50.7133],[-1.74916,50.71321],[-1.74916,50.7131],[-1.74825,50.71273],[-1.74888,50.71312],[-1.7489,50.7133]]]},"properties":{"risk":1,"dist":9}},
{"type":"Feature","geometry":{"type":"Polygon","coordinates":[[[-1.74916,50.71321],[-1.74937,50.71319],[-1.75072,50.71334],[-1.75091,50.7134],[-1.75125,50.71337],[-1.75247,50.71358],[-1.75292,50.71291],[-1.75174,50.7126],[-1.75037,50.7122],[-1.74938,50.71181],[-1.74892,50.71166],[-1.74877,50.71236],[-1.74855,50.71249],[-1.74814,50.71255],[-1.74825,50.71273],[-1.74916,50.7131],[-1.74916,50.71321]]]},"properties":{"risk":1,"dist":9}},
{"type":"Feature","geometry":{"type":"Polygon","coordinates":[[[-1.75247,50.71358],[-1.75262,50.7136],[-1.75306,50.71295],[-1.75292,50.71291],[-1.75247,50.71358]]]},"properties":{"risk":1,"dist":9}},
{"type":"Feature","geometry":{"type":"Polygon","coordinates":[[[-1.77544,50.71719],[-1.77532,50.71786],[-1.77617,50.71794],[-1.77681,50.71806],[-1.77749,50.71813],[-1.77803,50.71831],[-1.77812,50.71796],[-1.77842,50.71742],[-1.77827,50.71734],[-1.77763,50.71732],[-1.77563,50.71707],[-1.77544,50.71719]]]},"properties":{"risk":2,"dist":26}},
{"type":"Feature","geometry":{"type":"Polygon","coordinates":[[[-1.75262,50.7136],[-1.75268,50.71365],[-1.75346,50.71381],[-1.75363,50.7139],[-1.75453,50.71409],[-1.75503,50.71426],[-1.75637,50.71451],[-1.75647,50.71458],[-1.75713,50.71465],[-1.75776,50.71482],[-1.75794,50.71491],[-1.75887,50.71502],[-1.75926,50.7152],[-1.75964,50.71524],[-1.76009,50.71543],[-1.76047,50.71552],[-1.76109,50.71549],[-1.76175,50.71566],[-1.76215,50.71569],[-1.76244,50.71584],[-1.76272,50.71591],[-1.76279,50.71607],[-1.76307,50.71622],[-1.76321,50.71592],[-1.76352,50.71547],[-1.76245,50.71521],[-1.76101,50.71488],[-1.75987,50.71465],[-1.7586,50.71437],[-1.75737,50.71407],[-1.75612,50.71382],[-1.75499,50.71356],[-1.7542,50.71336],[-1.75306,50.71295],[-1.75262,50.7136]]]},"properties":{"risk":1,"dist":9}},
{"type":"Feature","geometry":{"type":"Polygon","coordinates":[[[-1.77803,50.71831],[-1.77829,50.71835],[-1.7784,50.718],[-1.77863,50.71746],[-1.77842,50.71742],[-1.77812,50.71796],[-1.77803,50.71831]]]},"properties":{"risk":3,"dist":39}},
{"type":"Feature","geometry":{"type":"Polygon","coordinates":[[[-1.77829,50.71835],[-1.77885,50.71843],[-1.77942,50.71845],[-1.77968,50.7176],[-1.77863,50.71746],[-1.7784,50.718],[-1.77829,50.71835]]]},"properties":{"risk":3,"dist":39}},
{"type":"Feature","geometry":{"type":"Polygon","coordinates":[[[-1.76307,50.71622],[-1.7648,50.71651],[-1.76505,50.71661],[-1.7656,50.71665],[-1.7658,50.71672],[-1.76686,50.71687],[-1.76727,50.71707],[-1.76749,50.71662],[-1.76754,50.71626],[-1.76679,50.71617],[-1.76464,50.71574],[-1.76352,50.71547],[-1.76321,50.71592],[-1.76307,50.71622]]]},"properties":{"risk":3,"dist":34}},
{"type":"Feature","geometry":{"type":"Polygon","coordinates":[[[-1.76727,50.71707],[-1.76776,50.71707],[-1.76864,50.71712],[-1.76978,50.71736],[-1.77031,50.71756],[-1.77047,50.7171],[-1.77055,50.71664],[-1.77048,50.71656],[-1.77011,50.71659],[-1.76969,50.71654],[-1.76854,50.71634],[-1.76754,50.71626],[-1.76749,50.71662],[-1.76727,50.71707]]]},"properties":{"risk":3,"dist":53}},
{"type":"Feature","geometry":{"type":"Polygon","coordinates":[[[-1.77031,50.71756],[-1.77057,50.71757],[-1.77095,50.71746],[-1.77278,50.71766],[-1.77287,50.71736],[-1.77287,50.71695],[-1.77221,50.71689],[-1.77092,50.71667],[-1.77055,50.71664],[-1.77047,50.7171],[-1.77031,50.71756]]]},"properties":{"risk":3,"dist":34}},
{"type":"Feature","geometry":{"type":"Polygon","coordinates":[[[-1.77544,50.71719],[-1.77456,50.71714],[-1.77387,50.71702],[-1.77287,50.71695],[-1.77287,50.71736],[-1.77278,50.71766],[-1.77309,50.71763],[-1.77359,50.71774],[-1.77394,50.71772],[-1.77532,50.71786],[-1.77544,50.71719]]]},"properties":{"risk":2,"dist":26}},
{"type":"Feature","geometry":{"type":"Polygon","coordinates":[[[-1.95114,50.60334],[-1.95188,50.60354],[-1.95207,50.60334],[-1.95216,50.60303],[-1.95237,50.603],[-1.95207,50.60295],[-1.95146,50.60296],[-1.95114,50.60334]]]},"properties":{"risk":1,"dist":8}},
{"type":"Feature","geometry":{"type":"Polygon","coordinates":[[[-1.77942,50.71845],[-1.7799,50.71836],[-1.7807,50.71845],[-1.78231,50.7186],[-1.78304,50.7187],[-1.78362,50.71869],[-1.78391,50.71889],[-1.78412,50.71797],[-1.78356,50.71787],[-1.78293,50.71793],[-1.78086,50.71761],[-1.78042,50.71768],[-1.77968,50.7176],[-1.77942,50.71845]]]},"properties":{"risk":2,"dist":26}},
{"type":"Feature","geometry":{"type":"Polygon","coordinates":[[[-1.78391,50.71889],[-1.78398,50.71893],[-1.78419,50.71797],[-1.78412,50.71797],[-1.78391,50.71889]]]},"properties":{"risk":2,"dist":26}},
{"type":"Feature","geometry":{"type":"Polygon","coordinates":[[[-1.78398,50.71893],[-1.78436,50.71903],[-1.78453,50.71847],[-1.7846,50.71799],[-1.78419,50.71797],[-1.78398,50.71893]]]},"properties":{"risk":3,"dist":39}},
{"type":"Feature","geometry":{"type":"Polygon","coordinates":[[[-1.78436,50.71903],[-1.78472,50.71907],[-1.78507,50.71921],[-1.78574,50.71928],[-1.78611,50.71925],[-1.78695,50.71936],[-1.7874,50.71954],[-1.78797,50.71958],[-1.78822,50.71954],[-1.78962,50.71972],[-1.78986,50.71916],[-1.78993,50.71848],[-1.78915,50.71841],[-1.78896,50.71836],[-1.78837,50.71836],[-1.78714,50.71819],[-1.78485,50.71793],[-1.7846,50.71799],[-1.78453,50.71847],[-1.78436,50.71903]]]},"properties":{"risk":3,"dist":64}},
{"type":"Feature","geometry":{"type":"Polygon","coordinates":[[[-1.80701,50.72007],[-1.80708,50.72101],[-1.80706,50.72143],[-1.80734,50.72129],[-1.80834,50.72132],[-1.80934,50.72145],[-1.80971,50.72145],[-1.81004,50.72134],[-1.81086,50.72144],[-1.81159,50.72145],[-1.81195,50.72152],[-1.81254,50.72149],[-1.81415,50.72154],[-1.81429,50.72049],[-1.81272,50.7204],[-1.81273,50.72024],[-1.81203,50.72028],[-1.81055,50.72026],[-1.80989,50.72028],[-1.80816,50.72012],[-1.80817,50.72009],[-1.80701,50.72007]]]},"properties":{"risk":2,"dist":30}},
{"type":"Feature","geometry":{"type":"Polygon","coordinates":[[[-1.78962,50.71972],[-1.79022,50.71969],[-1.79056,50.71975],[-1.79102,50.71994],[-1.79222,50.72],[-1.79266,50.71989],[-1.79371,50.72009],[-1.79534,50.72035],[-1.79575,50.72052],[-1.79588,50.72011],[-1.79636,50.71918],[-1.79623,50.71913],[-1.79559,50.71908],[-1.79483,50.71897],[-1.79475,50.71891],[-1.7922,50.71865],[-1.79158,50.71864],[-1.79084,50.71855],[-1.78993,50.71848],[-1.78986,50.71916],[-1.78962,50.71972]]]},"properties":{"risk":3,"dist":47}},
{"type":"Feature","geometry":{"type":"Polygon","coordinates":[[[-1.79575,50.72052],[-1.79666,50.72062],[-1.79713,50.71928],[-1.79636,50.71918],[-1.79588,50.72011],[-1.79575,50.72052]]]},"properties":{"risk":3,"dist":47}},
{"type":"Feature","geometry":{"type":"Polygon","coordinates":[[[-1.79666,50.72062],[-1.79764,50.72074],[-1.79804,50.72088],[-1.79844,50.71946],[-1.79793,50.71941],[-1.7977,50.71934],[-1.79713,50.71928],[-1.79666,50.72062]]]},"properties":{"risk":3,"dist":45}},
{"type":"Feature","geometry":{"type":"Polygon","coordinates":[[[-1.79804,50.72088],[-1.79836,50.72092],[-1.79901,50.72088],[-1.79996,50.72103],[-1.80114,50.72117],[-1.8016,50.72125],[-1.80341,50.72143],[-1.80498,50.72154],[-1.8061,50.72157],[-1.8067,50.72153],[-1.80676,50.72098],[-1.8066,50.72008],[-1.8056,50.72011],[-1.80397,50.72005],[-1.80381,50.72001],[-1.80306,50.71997],[-1.80211,50.71987],[-1.80213,50.7198],[-1.8011,50.71972],[-1.80082,50.71966],[-1.79934,50.71955],[-1.7991,50.7195],[-1.79844,50.71946],[-1.79804,50.72088]]]},"properties":{"risk":3,"dist":54}},
{"type":"Feature","geometry":{"type":"Polygon","coordinates":[[[-1.80701,50.72007],[-1.8066,50.72008],[-1.80676,50.72098],[-1.8067,50.72153],[-1.80706,50.72143],[-1.80708,50.72101],[-1.80701,50.72007]]]},"properties":{"risk":2,"dist":30}},
{"type":"Feature","geometry":{"type":"Polygon","coordinates":[[[-1.81415,50.72154],[-1.81465,50.72156],[-1.81594,50.72165],[-1.81628,50.72164],[-1.8169,50.72152],[-1.81731,50.72152],[-1.81731,50.72125],[-1.81741,50.72061],[-1.81715,50.72059],[-1.81563,50.72059],[-1.81429,50.72049],[-1.81415,50.72154]]]},"properties":{"risk":2,"dist":30}},
{"type":"Feature","geometry":{"type":"Polygon","coordinates":[[[-1.81731,50.72152],[-1.81783,50.72158],[-1.81823,50.72154],[-1.81943,50.72154],[-1.81985,50.72162],[-1.81987,50.72135],[-1.8193,50.72058],[-1.81865,50.72062],[-1.81741,50.72061],[-1.81731,50.72125],[-1.81731,50.72152]]]},"properties":{"risk":2,"dist":30}},
{"type":"Feature","geometry":{"type":"Polygon","coordinates":[[[-1.81985,50.72162],[-1.82037,50.7216],[-1.82182,50.72162],[-1.82218,50.72157],[-1.82285,50.72154],[-1.82306,50.72176],[-1.82337,50.72185],[-1.82388,50.72186],[-1.82467,50.7217],[-1.82545,50.72148],[-1.82565,50.72147],[-1.82655,50.72155],[-1.82773,50.72154],[-1.82825,50.72151],[-1.82982,50.72151],[-1.82979,50.72124],[-1.82951,50.71998],[-1.82865,50.72007],[-1.82648,50.72013],[-1.82549,50.72019],[-1.82539,50.72016],[-1.82354,50.72025],[-1.82331,50.72023],[-1.8224,50.72032],[-1.82119,50.72035],[-1.82119,50.72043],[-1.8205,50.72047],[-1.8193,50.72047],[-1.8193,50.72058],[-1.81987,50.72135],[-1.81985,50.72162]]]},"properties":{"risk":2,"dist":30}},
{"type":"Feature","geometry":{"type":"Polygon","coordinates":[[[-1.82982,50.72151],[-1.83141,50.72137],[-1.83136,50.72109],[-1.83129,50.71996],[-1.83002,50.71995],[-1.82951,50.71998],[-1.82979,50.72124],[-1.82982,50.72151]]]},"properties":{"risk":2,"dist":30}},
{"type":"Feature","geometry":{"type":"Polygon","coordinates":[[[-1.83141,50.72137],[-1.83168,50.72136],[-1.83272,50.72141],[-1.83376,50.72135],[-1.83436,50.72126],[-1.8346,50.72129],[-1.83523,50.72118],[-1.83575,50.72111],[-1.83641,50.72115],[-1.83689,50.72113],[-1.83733,50.72119],[-1.83783,50.72119],[-1.83812,50.72113],[-1.83834,50.72093],[-1.83864,50.7208],[-1.83875,50.72047],[-1.83892,50.72044],[-1.84051,50.72034],[-1.84215,50.72022],[-1.84259,50.72016],[-1.84233,50.71951],[-1.84163,50.71959],[-1.84103,50.71956],[-1.84045,50.71956],[-1.84015,50.71962],[-1.83846,50.71966],[-1.83746,50.71964],[-1.83624,50.71966],[-1.83414,50.71979],[-1.83317,50.71992],[-1.83129,50.71996],[-1.83136,50.72109],[-1.83141,50.72137]]]},"properties":{"risk":3,"dist":31}},
{"type":"Feature","geometry":{"type":"Polygon","coordinates":[[[-1.84259,50.72016],[-1.84284,50.72013],[-1.84271,50.71986],[-1.84262,50.71947],[-1.84233,50.71951],[-1.84259,50.72016]]]},"properties":{"risk":3,"dist":31}},
{"type":"Feature","geometry":{"type":"Polygon","coordinates":[[[-1.84284,50.72013],[-1.84299,50.7201],[-1.84285,50.71984],[-1.84284,50.71977],[-1.84281,50.71945],[-1.84262,50.71947],[-1.84271,50.71986],[-1.84284,50.72013]]]},"properties":{"risk":3,"dist":31}},
{"type":"Feature","geometry":{"type":"Polygon","coordinates":[[[-1.84299,50.7201],[-1.84318,50.72003],[-1.84351,50.7201],[-1.84347,50.71944],[-1.84281,50.71945],[-1.84284,50.71977],[-1.84285,50.71984],[-1.84299,50.7201]]]},"properties":{"risk":3,"dist":31}},
{"type":"Feature","geometry":{"type":"Polygon","coordinates":[[[-1.87612,50.71533],[-1.87662,50.71647],[-1.87689,50.71633],[-1.87766,50.71607],[-1.87817,50.71594],[-1.87866,50.71591],[-1.8792,50.7158],[-1.88033,50.71564],[-1.88026,50.71542],[-1.87996,50.71467],[-1.87877,50.7149],[-1.8781,50.71506],[-1.87689,50.71519],[-1.87612,50.71533]]]},"properties":{"risk":2,"dist":24}},
{"type":"Feature","geometry":{"type":"Polygon","coordinates":[[[-2.90181,50.73327],[-2.90179,50.7335],[-2.90272,50.73358],[-2.90277,50.73334],[-2.90196,50.73325],[-2.90181,50.73327]]]},"properties":{"risk":2,"dist":21}},
{"type":"Feature","geometry":{"type":"Polygon","coordinates":[[[-1.84351,50.7201],[-1.844,50.72034],[-1.84452,50.72047],[-1.8453,50.72043],[-1.84573,50.72047],[-1.84643,50.72047],[-1.84774,50.72033],[-1.84833,50.72038],[-1.84975,50.72022],[-1.84971,50.71992],[-1.84942,50.71888],[-1.8488,50.71898],[-1.84771,50.71905],[-1.84773,50.71914],[-1.84679,50.71926],[-1.84541,50.71926],[-1.84543,50.71936],[-1.84485,50.71939],[-1.84347,50.71944],[-1.84351,50.7201]]]},"properties":{"risk":3,"dist":34}},
{"type":"Feature","geometry":{"type":"Polygon","coordinates":[[[-1.86484,50.71727],[-1.86511,50.71852],[-1.86562,50.71845],[-1.8658,50.71837],[-1.86633,50.71836],[-1.86672,50.71826],[-1.86726,50.71839],[-1.86776,50.7183],[-1.86819,50.71809],[-1.86859,50.71797],[-1.86894,50.71795],[-1.86987,50.71781],[-1.87137,50.71743],[-1.87246,50.71725],[-1.87386,50.71691],[-1.87367,50.71662],[-1.8734,50.71579],[-1.87195,50.71603],[-1.87182,50.71619],[-1.87073,50.71641],[-1.86961,50.71656],[-1.86964,50.71663],[-1.86796,50.71688],[-1.8672,50.71697],[-1.86723,50.71706],[-1.86662,50.71715],[-1.86484,50.71727]]]},"properties":{"risk":3,"dist":35}},
{"type":"Feature","geometry":{"type":"Polygon","coordinates":[[[-1.87386,50.71691],[-1.8747,50.71667],[-1.87491,50.71656],[-1.87473,50.71627],[-1.87442,50.7156],[-1.8734,50.71579],[-1.87367,50.71662],[-1.87386,50.71691]]]},"properties":{"risk":3,"dist":32}},
{"type":"Feature","geometry":{"type":"Polygon","coordinates":[[[-1.84975,50.72022],[-1.85056,50.72018],[-1.85173,50.72022],[-1.8523,50.7202],[-1.853,50.72009],[-1.85334,50.71992],[-1.85386,50.7199],[-1.85434,50.7198],[-1.85491,50.71975],[-1.85525,50.71964],[-1.85665,50.71959],[-1.85718,50.71947],[-1.85782,50.71939],[-1.8583,50.71938],[-1.85873,50.71925],[-1.85963,50.71917],[-1.86014,50.71918],[-1.86149,50.719],[-1.86203,50.71898],[-1.86301,50.71875],[-1.86388,50.71864],[-1.86456,50.71858],[-1.86487,50.7185],[-1.86511,50.71852],[-1.86484,50.71727],[-1.86444,50.71729],[-1.8637,50.71739],[-1.86306,50.71742],[-1.86226,50.71751],[-1.86187,50.71751],[-1.86047,50.71764],[-1.8587,50.71783],[-1.85769,50.71789],[-1.85566,50.71809],[-1.8551,50.71811],[-1.85475,50.71819],[-1.8534,50.71826],[-1.85219,50.71836],[-1.85224,50.71847],[-1.85157,50.7186],[-1.84998,50.71869],[-1.85,50.71879],[-1.84942,50.71888],[-1.84971,50.71992],[-1.84975,50.72022]]]},"properties":{"risk":3,"dist":34}},
{"type":"Feature","geometry":{"type":"Polygon","coordinates":[[[-1.87612,50.71533],[-1.87483,50.71549],[-1.87442,50.7156],[-1.87473,50.71627],[-1.87491,50.71656],[-1.87545,50.71639],[-1.87569,50.7162],[-1.87615,50.71641],[-1.87662,50.71647],[-1.87612,50.71533]]]},"properties":{"risk":3,"dist":32}},
{"type":"Feature","geometry":{"type":"Polygon","coordinates":[[[-1.88026,50.71542],[-1.88033,50.71564],[-1.88126,50.71554],[-1.88144,50.71547],[-1.88237,50.71545],[-1.88228,50.71523],[-1.8818,50.71435],[-1.87996,50.71467],[-1.88026,50.71542]]]},"properties":{"risk":2,"dist":24}},
{"type":"Feature","geometry":{"type":"Polygon","coordinates":[[[-1.88237,50.71545],[-1.88265,50.71534],[-1.88364,50.71511],[-1.88428,50.71511],[-1.88467,50.71507],[-1.88546,50.71479],[-1.88607,50.71464],[-1.88688,50.71451],[-1.88725,50.71464],[-1.88753,50.71462],[-1.8882,50.7144],[-1.88942,50.71397],[-1.89027,50.71363],[-1.8901,50.71346],[-1.88965,50.71262],[-1.88777,50.71301],[-1.88783,50.7131],[-1.88706,50.7133],[-1.88641,50.71343],[-1.88579,50.7135],[-1.88487,50.71366],[-1.88492,50.71378],[-1.88345,50.71405],[-1.88252,50.71412],[-1.88179,50.71425],[-1.8818,50.71435],[-1.88228,50.71523],[-1.88237,50.71545]]]},"properties":{"risk":2,"dist":22}},
{"type":"Feature","geometry":{"type":"Polygon","coordinates":[[[-1.89027,50.71363],[-1.89046,50.71353],[-1.89145,50.71323],[-1.89207,50.71307],[-1.89341,50.71266],[-1.89373,50.71253],[-1.89452,50.71234],[-1.89433,50.71216],[-1.89338,50.71157],[-1.89299,50.7117],[-1.89203,50.71192],[-1.89083,50.71223],[-1.89034,50.71247],[-1.88965,50.71262],[-1.8901,50.71346],[-1.89027,50.71363]]]},"properties":{"risk":2,"dist":22}},
{"type":"Feature","geometry":{"type":"Polygon","coordinates":[[[-1.89452,50.71234],[-1.8946,50.71234],[-1.8944,50.71215],[-1.89338,50.71157],[-1.89433,50.71216],[-1.89452,50.71234]]]},"properties":{"risk":2,"dist":22}},
{"type":"Feature","geometry":{"type":"Polygon","coordinates":[[[-1.8946,50.71234],[-1.89481,50.71224],[-1.89497,50.71188],[-1.89525,50.71198],[-1.89565,50.71201],[-1.89496,50.71108],[-1.89398,50.71129],[-1.89325,50.71141],[-1.89338,50.71157],[-1.8944,50.71215],[-1.8946,50.71234]]]},"properties":{"risk":2,"dist":22}},
{"type":"Feature","geometry":{"type":"Polygon","coordinates":[[[-1.89565,50.71201],[-1.89663,50.71175],[-1.89698,50.71155],[-1.89711,50.7113],[-1.8987,50.71093],[-1.89816,50.71],[-1.8972,50.71018],[-1.8973,50.71029],[-1.89635,50.71056],[-1.8954,50.71077],[-1.89551,50.7109],[-1.89496,50.71108],[-1.89565,50.71201]]]},"properties":{"risk":2,"dist":24}},
{"type":"Feature","geometry":{"type":"Polygon","coordinates":[[[-1.8987,50.71093],[-1.89889,50.7108],[-1.89933,50.7107],[-1.90034,50.71024],[-1.89977,50.70951],[-1.89877,50.70975],[-1.89867,50.70984],[-1.89816,50.71],[-1.8987,50.71093]]]},"properties":{"risk":2,"dist":17}},
{"type":"Feature","geometry":{"type":"Polygon","coordinates":[[[-1.90034,50.71024],[-1.90086,50.71017],[-1.90136,50.70991],[-1.90123,50.70977],[-1.90078,50.70907],[-1.89991,50.70928],[-1.9,50.70939],[-1.89977,50.70951],[-1.90034,50.71024]]]},"properties":{"risk":2,"dist":19}},
{"type":"Feature","geometry":{"type":"Polygon","coordinates":[[[-1.90136,50.70991],[-1.90187,50.70976],[-1.90219,50.7096],[-1.90271,50.70947],[-1.90366,50.70897],[-1.90386,50.70904],[-1.90438,50.70907],[-1.90438,50.7089],[-1.90369,50.70795],[-1.9023,50.70838],[-1.90221,50.70854],[-1.90192,50.70874],[-1.90078,50.70907],[-1.90123,50.70977],[-1.90136,50.70991]]]},"properties":{"risk":2,"dist":18}},
{"type":"Feature","geometry":{"type":"Polygon","coordinates":[[[-1.91538,50.70302],[-1.91658,50.70379],[-1.91743,50.70324],[-1.9164,50.70244],[-1.91538,50.70302]]]},"properties":{"risk":2,"dist":14}},
{"type":"Feature","geometry":{"type":"Polygon","coordinates":[[[-1.90438,50.70907],[-1.90479,50.70909],[-1.90527,50.70895],[-1.90557,50.70859],[-1.90581,50.70854],[-1.90607,50.70819],[-1.90605,50.70807],[-1.90661,50.70782],[-1.90673,50.70808],[-1.907,50.70817],[-1.90736,50.70811],[-1.9075,50.70801],[-1.90755,50.70779],[-1.90744,50.70754],[-1.90779,50.70744],[-1.90828,50.70741],[-1.90874,50.70752],[-1.90909,50.70739],[-1.90942,50.7075],[-1.90973,50.70731],[-1.90971,50.70688],[-1.91005,50.7067],[-1.91023,50.70646],[-1.91121,50.70608],[-1.91147,50.706],[-1.91176,50.70581],[-1.91192,50.70581],[-1.91255,50.70557],[-1.91371,50.7052],[-1.91399,50.70501],[-1.91311,50.70427],[-1.9118,50.7048],[-1.91012,50.70542],[-1.90876,50.70595],[-1.90817,50.70611],[-1.90796,50.70607],[-1.90788,50.70627],[-1.9062,50.70686],[-1.90606,50.70702],[-1.90574,50.7072],[-1.90431,50.70764],[-1.90369,50.70795],[-1.90438,50.7089],[-1.90438,50.70907]]]},"properties":{"risk":2,"dist":18}},
{"type":"Feature","geometry":{"type":"Polygon","coordinates":[[[-1.91538,50.70302],[-1.9141,50.70377],[-1.91311,50.70427],[-1.91399,50.70501],[-1.91445,50.70476],[-1.91562,50.70427],[-1.91589,50.70434],[-1.91638,50.70422],[-1.91658,50.70379],[-1.91538,50.70302]]]},"properties":{"risk":2,"dist":18}},
{"type":"Feature","geometry":{"type":"Polygon","coordinates":[[[-1.91743,50.70324],[-1.91785,50.70309],[-1.91804,50.70294],[-1.91826,50.70298],[-1.91708,50.70208],[-1.9164,50.70244],[-1.91743,50.70324]]]},"properties":{"risk":2,"dist":14}},
{"type":"Feature","geometry":{"type":"Polygon","coordinates":[[[-1.91826,50.70298],[-1.91869,50.70288],[-1.9189,50.7027],[-1.91924,50.70226],[-1.91956,50.7021],[-1.91853,50.7013],[-1.91708,50.70208],[-1.91826,50.70298]]]},"properties":{"risk":2,"dist":17}},
{"type":"Feature","geometry":{"type":"Polygon","coordinates":[[[-1.91956,50.7021],[-1.91998,50.70192],[-1.92045,50.70165],[-1.92104,50.7015],[-1.92084,50.70138],[-1.91977,50.70061],[-1.91853,50.7013],[-1.91956,50.7021]]]},"properties":{"risk":2,"dist":17}},
{"type":"Feature","geometry":{"type":"Polygon","coordinates":[[[-1.92104,50.7015],[-1.9213,50.70109],[-1.9218,50.7008],[-1.92227,50.70079],[-1.92246,50.70069],[-1.92248,50.70047],[-1.92291,50.70023],[-1.92333,50.69991],[-1.92351,50.69987],[-1.92412,50.69952],[-1.9244,50.69928],[-1.92326,50.69861],[-1.92129,50.69979],[-1.91977,50.70061],[-1.92084,50.70138],[-1.92104,50.7015]]]},"properties":{"risk":2,"dist":17}},
{"type":"Feature","geometry":{"type":"Polygon","coordinates":[[[-1.93582,50.68947],[-1.93654,50.68974],[-1.93829,50.68823],[-1.93764,50.68779],[-1.9374,50.68793],[-1.93712,50.68837],[-1.936,50.68904],[-1.93572,50.68904],[-1.93566,50.68916],[-1.93593,50.68927],[-1.93582,50.68947]]]},"properties":{"risk":4,"dist":160}},
{"type":"Feature","geometry":{"type":"Polygon","coordinates":[[[-1.9244,50.69928],[-1.92453,50.6989],[-1.92521,50.69846],[-1.92585,50.69818],[-1.92621,50.69807],[-1.92498,50.69729],[-1.92407,50.69802],[-1.92326,50.69861],[-1.9244,50.69928]]]},"properties":{"risk":2,"dist":17}},
{"type":"Feature","geometry":{"type":"Polygon","coordinates":[[[-1.92621,50.69807],[-1.9263,50.69792],[-1.92685,50.69775],[-1.92718,50.69756],[-1.92793,50.69687],[-1.92812,50.69661],[-1.92854,50.6962],[-1.92874,50.69611],[-1.92944,50.69624],[-1.93017,50.69623],[-1.93072,50.69611],[-1.93113,50.69594],[-1.93126,50.69587],[-1.92973,50.69483],[-1.92907,50.69444],[-1.9281,50.69506],[-1.9275,50.69557],[-1.92686,50.69605],[-1.92607,50.69658],[-1.92498,50.69729],[-1.92621,50.69807]]]},"properties":{"risk":2,"dist":18}},
{"type":"Feature","geometry":{"type":"Polygon","coordinates":[[[-1.93126,50.69587],[-1.93139,50.69578],[-1.92983,50.69476],[-1.92917,50.69438],[-1.92907,50.69444],[-1.92973,50.69483],[-1.93126,50.69587]]]},"properties":{"risk":4,"dist":159}},
{"type":"Feature","geometry":{"type":"Polygon","coordinates":[[[-1.93139,50.69578],[-1.93178,50.69547],[-1.93176,50.69535],[-1.93172,50.6951],[-1.93171,50.69497],[-1.93172,50.69486],[-1.93173,50.69472],[-1.93191,50.69429],[-1.93201,50.69405],[-1.93237,50.69355],[-1.93288,50.69303],[-1.93361,50.69254],[-1.93405,50.69232],[-1.93449,50.69212],[-1.93471,50.6921],[-1.93475,50.69201],[-1.93497,50.69191],[-1.93536,50.69173],[-1.93537,50.69173],[-1.93552,50.69166],[-1.93557,50.69164],[-1.93588,50.6915],[-1.93613,50.69147],[-1.93618,50.69137],[-1.93635,50.6913],[-1.93661,50.69117],[-1.93677,50.69109],[-1.93679,50.69108],[-1.93642,50.6909],[-1.9356,50.69051],[-1.9348,50.6903],[-1.93413,50.69082],[-1.93391,50.69095],[-1.93367,50.6909],[-1.93353,50.69104],[-1.93382,50.69114],[-1.93358,50.69143],[-1.93301,50.69181],[-1.93278,50.69202],[-1.93136,50.69298],[-1.92987,50.69388],[-1.92917,50.69438],[-1.92983,50.69476],[-1.93139,50.69578]]]},"properties":{"risk":4,"dist":158}},
{"type":"Feature","geometry":{"type":"Polygon","coordinates":[[[-1.93582,50.68947],[-1.93567,50.68961],[-1.93505,50.68999],[-1.93467,50.69009],[-1.9348,50.6903],[-1.9356,50.69051],[-1.93642,50.6909],[-1.93679,50.69108],[-1.93704,50.69095],[-1.93725,50.69083],[-1.93755,50.69071],[-1.93807,50.69044],[-1.93782,50.69033],[-1.93654,50.68974],[-1.93582,50.68947]]]},"properties":{"risk":4,"dist":144}},
{"type":"Feature","geometry":{"type":"Polygon","coordinates":[[[-1.93829,50.68823],[-1.93993,50.68914],[-1.94046,50.68882],[-1.94007,50.68838],[-1.94033,50.68831],[-1.94132,50.68816],[-1.9398,50.68732],[-1.93861,50.6871],[-1.93855,50.68718],[-1.93764,50.68779],[-1.93829,50.68823]]]},"properties":{"risk":4,"dist":160}},
{"type":"Feature","geometry":{"type":"Polygon","coordinates":[[[-1.94132,50.68816],[-1.94167,50.68812],[-1.94194,50.68778],[-1.94203,50.68756],[-1.94261,50.68703],[-1.94094,50.68616],[-1.94042,50.68571],[-1.94014,50.6858],[-1.93966,50.68559],[-1.93952,50.6857],[-1.93993,50.68585],[-1.93987,50.68603],[-1.93959,50.68628],[-1.93875,50.68671],[-1.93839,50.68659],[-1.93821,50.68671],[-1.9387,50.68691],[-1.93861,50.6871],[-1.9398,50.68732],[-1.94132,50.68816]]]},"properties":{"risk":4,"dist":146}},
{"type":"Feature","geometry":{"type":"Polygon","coordinates":[[[-1.94261,50.68703],[-1.94279,50.68681],[-1.94297,50.68642],[-1.94307,50.68602],[-1.94188,50.68534],[-1.94139,50.68513],[-1.94116,50.68531],[-1.94042,50.68571],[-1.94094,50.68616],[-1.94261,50.68703]]]},"properties":{"risk":4,"dist":100}},
{"type":"Feature","geometry":{"type":"Polygon","coordinates":[[[-1.94307,50.68602],[-1.9437,50.68549],[-1.94431,50.68544],[-1.94316,50.68451],[-1.94279,50.68424],[-1.94182,50.6847],[-1.94154,50.68476],[-1.94153,50.68497],[-1.94139,50.68513],[-1.94188,50.68534],[-1.94307,50.68602]]]},"properties":{"risk":4,"dist":109}},
{"type":"Feature","geometry":{"type":"Polygon","coordinates":[[[-1.94431,50.68544],[-1.94489,50.68526],[-1.94372,50.68423],[-1.94385,50.68381],[-1.94335,50.68368],[-1.94362,50.68339],[-1.94346,50.68327],[-1.94306,50.6837],[-1.94298,50.68406],[-1.94279,50.68424],[-1.94316,50.68451],[-1.94431,50.68544]]]},"properties":{"risk":4,"dist":109}},
{"type":"Feature","geometry":{"type":"Polygon","coordinates":[[[-1.94489,50.68526],[-1.94536,50.68512],[-1.94431,50.68398],[-1.94428,50.68383],[-1.94385,50.68381],[-1.94372,50.68423],[-1.94489,50.68526]]]},"properties":{"risk":4,"dist":141}},
{"type":"Feature","geometry":{"type":"Polygon","coordinates":[[[-2.72339,50.69692],[-2.72374,50.69701],[-2.72411,50.69702],[-2.72438,50.69678],[-2.72375,50.69653],[-2.72339,50.69692]]]},"properties":{"risk":1,"dist":6}},
{"type":"Feature","geometry":{"type":"Polygon","coordinates":[[[-1.94536,50.68512],[-1.94623,50.68482],[-1.94515,50.68367],[-1.9451,50.68353],[-1.94455,50.68376],[-1.94428,50.68383],[-1.94431,50.68398],[-1.94536,50.68512]]]},"properties":{"risk":4,"dist":147}},
{"type":"Feature","geometry":{"type":"Polygon","coordinates":[[[-1.94623,50.68482],[-1.94669,50.68457],[-1.94561,50.68352],[-1.94546,50.68343],[-1.9451,50.68353],[-1.94515,50.68367],[-1.94623,50.68482]]]},"properties":{"risk":4,"dist":138}},
{"type":"Feature","geometry":{"type":"Polygon","coordinates":[[[-1.94669,50.68457],[-1.9473,50.68431],[-1.94662,50.6837],[-1.94642,50.68339],[-1.94615,50.68326],[-1.94615,50.68313],[-1.94614,50.683],[-1.94598,50.683],[-1.94567,50.68274],[-1.94553,50.68282],[-1.94584,50.68302],[-1.94546,50.68343],[-1.94561,50.68352],[-1.94669,50.68457]]]},"properties":{"risk":4,"dist":138}},
{"type":"Feature","geometry":{"type":"Polygon","coordinates":[[[-1.9473,50.68431],[-1.94804,50.68477],[-1.94819,50.68423],[-1.94757,50.68394],[-1.94808,50.68283],[-1.94758,50.6827],[-1.94693,50.68278],[-1.94614,50.683],[-1.94615,50.68313],[-1.94615,50.68326],[-1.94642,50.68339],[-1.94662,50.6837],[-1.9473,50.68431]]]},"properties":{"risk":4,"dist":105}},
{"type":"Feature","geometry":{"type":"Polygon","coordinates":[[[-1.94819,50.68423],[-1.94853,50.68296],[-1.94808,50.68283],[-1.94757,50.68394],[-1.94819,50.68423]]]},"properties":{"risk":4,"dist":129}},
{"type":"Feature","geometry":{"type":"Polygon","coordinates":[[[-1.9325,50.69659],[-1.93197,50.69674],[-1.93122,50.69682],[-1.93134,50.69716],[-1.93176,50.6978],[-1.93233,50.69834],[-1.93249,50.69852],[-1.93396,50.69998],[-1.93447,50.70039],[-1.935,50.70006],[-1.93458,50.69972],[-1.934,50.69914],[-1.9339,50.69887],[-1.93333,50.69798],[-1.93273,50.69683],[-1.9325,50.69659]]]},"properties":{"risk":3,"dist":52}},
{"type":"Feature","geometry":{"type":"Polygon","coordinates":[[[-2.13072,50.60831],[-2.13092,50.60848],[-2.13114,50.60842],[-2.13147,50.6082],[-2.13147,50.60805],[-2.13087,50.60815],[-2.13072,50.60831]]]},"properties":{"risk":2,"dist":14}},
{"type":"Feature","geometry":{"type":"Polygon","coordinates":[[[-2.72411,50.69702],[-2.72436,50.69702],[-2.72456,50.69713],[-2.72505,50.69725],[-2.72531,50.69737],[-2.7256,50.6974],[-2.72584,50.69751],[-2.72613,50.69754],[-2.72676,50.69775],[-2.72738,50.69784],[-2.72842,50.69823],[-2.72911,50.69843],[-2.72945,50.69847],[-2.72982,50.69866],[-2.73029,50.69878],[-2.73123,50.69918],[-2.73181,50.69933],[-2.73223,50.69951],[-2.7324,50.69964],[-2.73318,50.69997],[-2.73384,50.70015],[-2.73482,50.70056],[-2.73512,50.70077],[-2.73603,50.70122],[-2.73632,50.70147],[-2.73649,50.70153],[-2.73667,50.70176],[-2.73702,50.70195],[-2.73737,50.70199],[-2.73819,50.70232],[-2.73868,50.70258],[-2.73912,50.70277],[-2.73913,50.70289],[-2.73923,50.70287],[-2.73959,50.70248],[-2.73831,50.70196],[-2.73713,50.70138],[-2.73599,50.70076],[-2.73513,50.70035],[-2.73419,50.69998],[-2.7338,50.6999],[-2.73357,50.69979],[-2.73203,50.6992],[-2.73037,50.6986],[-2.72857,50.69803],[-2.72712,50.69756],[-2.72586,50.69724],[-2.72438,50.69678],[-2.72411,50.69702]]]},"properties":{"risk":1,"dist":7}},
{"type":"Feature","geometry":{"type":"Polygon","coordinates":[[[-1.94804,50.68477],[-1.94896,50.6853],[-1.94938,50.68562],[-1.94902,50.68578],[-1.9504,50.68695],[-1.95087,50.68673],[-1.95168,50.68593],[-1.95183,50.68557],[-1.95166,50.68516],[-1.95125,50.68481],[-1.95081,50.68456],[-1.95077,50.68444],[-1.94975,50.6839],[-1.94965,50.68379],[-1.9492,50.68357],[-1.94889,50.68336],[-1.94896,50.68292],[-1.94862,50.68284],[-1.94853,50.68296],[-1.94819,50.68423],[-1.94804,50.68477]]]},"properties":{"risk":4,"dist":154}},
{"type":"Feature","geometry":{"type":"Polygon","coordinates":[[[-1.94902,50.68578],[-1.94864,50.68591],[-1.9479,50.68626],[-1.94738,50.68665],[-1.94717,50.6867],[-1.94824,50.68804],[-1.94864,50.68791],[-1.9494,50.68735],[-1.9499,50.68711],[-1.9504,50.68695],[-1.94902,50.68578]]]},"properties":{"risk":4,"dist":160}},
{"type":"Feature","geometry":{"type":"Polygon","coordinates":[[[-1.94717,50.6867],[-1.94598,50.68705],[-1.94701,50.68837],[-1.94703,50.68846],[-1.9472,50.68853],[-1.94752,50.68822],[-1.94824,50.68804],[-1.94717,50.6867]]]},"properties":{"risk":4,"dist":163}},
{"type":"Feature","geometry":{"type":"Polygon","coordinates":[[[-1.94137,50.70165],[-1.94128,50.70153],[-1.94086,50.70131],[-1.94068,50.70103],[-1.94026,50.70118],[-1.93849,50.70091],[-1.93832,50.7014],[-1.93999,50.70165],[-1.9403,50.70167],[-1.94079,50.70198],[-1.94137,50.70165]]]},"properties":{"risk":3,"dist":55}},
{"type":"Feature","geometry":{"type":"Polygon","coordinates":[[[-2.25047,50.61821],[-2.24981,50.61821],[-2.24976,50.61842],[-2.25034,50.61854],[-2.2502,50.61844],[-2.25054,50.61824],[-2.25047,50.61821]]]},"properties":{"risk":1,"dist":3}},
{"type":"Feature","geometry":{"type":"Polygon","coordinates":[[[-1.94046,50.68882],[-1.9415,50.68865],[-1.94296,50.68849],[-1.94372,50.68837],[-1.94432,50.68849],[-1.94512,50.68831],[-1.94557,50.68832],[-1.94572,50.68862],[-1.94604,50.68856],[-1.94597,50.6884],[-1.94656,50.68833],[-1.94667,50.68853],[-1.94703,50.68846],[-1.94701,50.68837],[-1.94598,50.68705],[-1.94549,50.68726],[-1.94509,50.68755],[-1.94489,50.68779],[-1.94411,50.68792],[-1.94355,50.68789],[-1.94274,50.68802],[-1.94167,50.68812],[-1.94132,50.68816],[-1.94033,50.68831],[-1.94007,50.68838],[-1.94046,50.68882]]]},"properties":{"risk":3,"dist":55}},
{"type":"Feature","geometry":{"type":"Polygon","coordinates":[[[-1.93654,50.68974],[-1.93782,50.69033],[-1.93807,50.69044],[-1.93755,50.69071],[-1.93725,50.69083],[-1.93704,50.69095],[-1.93679,50.69108],[-1.93677,50.69109],[-1.93661,50.69117],[-1.93635,50.6913],[-1.93618,50.69137],[-1.93613,50.69147],[-1.93588,50.6915],[-1.93557,50.69164],[-1.93552,50.69166],[-1.93537,50.69173],[-1.93588,50.6915],[-1.93613,50.69147],[-1.9363,50.69132],[-1.93635,50.6913],[-1.93661,50.69117],[-1.93677,50.69109],[-1.93704,50.69095],[-1.93725,50.69083],[-1.93755,50.69071],[-1.93866,50.69013],[-1.93933,50.68962],[-1.93982,50.6892],[-1.94009,50.68905],[-1.94022,50.68897],[-1.94032,50.68895],[-1.94046,50.68882],[-1.93993,50.68914],[-1.93829,50.68823],[-1.93654,50.68974]]]},"properties":{"risk":3,"dist":32}},
{"type":"Feature","geometry":{"type":"Polygon","coordinates":[[[-1.93191,50.69429],[-1.93201,50.69405],[-1.93237,50.69355],[-1.93289,50.69303],[-1.93361,50.69254],[-1.93449,50.69212],[-1.93471,50.6921],[-1.93488,50.69195],[-1.93497,50.69191],[-1.93523,50.69179],[-1.93537,50.69173],[-1.93536,50.69173],[-1.93497,50.69191],[-1.93475,50.69201],[-1.93471,50.6921],[-1.93449,50.69212],[-1.93405,50.69232],[-1.93361,50.69254],[-1.93288,50.69303],[-1.93237,50.69355],[-1.93201,50.69405],[-1.93191,50.69429]]]},"properties":{"risk":3,"dist":41}},
{"type":"Feature","geometry":{"type":"Polygon","coordinates":[[[-1.93113,50.69594],[-1.93117,50.69654],[-1.93122,50.69682],[-1.93197,50.69674],[-1.9325,50.69659],[-1.93217,50.69609],[-1.93197,50.6957],[-1.93195,50.69535],[-1.93173,50.69519],[-1.93172,50.6951],[-1.93172,50.69486],[-1.93173,50.69472],[-1.93191,50.69429],[-1.93173,50.69472],[-1.93172,50.69486],[-1.93171,50.69497],[-1.93172,50.6951],[-1.93176,50.69535],[-1.93178,50.69547],[-1.93139,50.69578],[-1.93126,50.69587],[-1.93113,50.69594]]]},"properties":{"risk":3,"dist":52}},
{"type":"Feature","geometry":{"type":"Polygon","coordinates":[[[-1.94079,50.70198],[-1.94149,50.70229],[-1.94227,50.70282],[-1.9429,50.70328],[-1.94305,50.70351],[-1.94362,50.70323],[-1.94351,50.70308],[-1.9422,50.70216],[-1.94137,50.70165],[-1.94079,50.70198]]]},"properties":{"risk":3,"dist":46}},
{"type":"Feature","geometry":{"type":"Polygon","coordinates":[[[-1.94305,50.70351],[-1.94374,50.70403],[-1.94464,50.70487],[-1.94598,50.706],[-1.94623,50.70661],[-1.94642,50.70682],[-1.94702,50.70642],[-1.94688,50.70636],[-1.94675,50.70597],[-1.94655,50.70569],[-1.94584,50.70513],[-1.94564,50.70489],[-1.94534,50.70469],[-1.94432,50.70375],[-1.94362,50.70323],[-1.94305,50.70351]]]},"properties":{"risk":3,"dist":51}},
{"type":"Feature","geometry":{"type":"Polygon","coordinates":[[[-1.94642,50.70682],[-1.94691,50.70695],[-1.94739,50.70714],[-1.94773,50.70723],[-1.948,50.70723],[-1.94797,50.70722],[-1.94782,50.70714],[-1.94781,50.70714],[-1.94803,50.70693],[-1.94799,50.70672],[-1.94702,50.70642],[-1.94642,50.70682]]]},"properties":{"risk":3,"dist":47}},
{"type":"Feature","geometry":{"type":"Polygon","coordinates":[[[-1.95819,50.71561],[-1.95786,50.71548],[-1.95757,50.71527],[-1.95689,50.71454],[-1.9566,50.71427],[-1.95609,50.71444],[-1.95634,50.71474],[-1.95651,50.71485],[-1.95685,50.71523],[-1.95729,50.71563],[-1.95794,50.71598],[-1.95819,50.71561]]]},"properties":{"risk":3,"dist":40}},
{"type":"Feature","geometry":{"type":"Polygon","coordinates":[[[-1.94739,50.70714],[-1.94755,50.70735],[-1.94792,50.70753],[-1.94825,50.70757],[-1.94866,50.7074],[-1.94909,50.70698],[-1.94909,50.70672],[-1.94981,50.70654],[-1.95032,50.70633],[-1.9504,50.7065],[-1.95089,50.70676],[-1.95107,50.70673],[-1.95089,50.70623],[-1.95138,50.7057],[-1.95131,50.70553],[-1.95172,50.70533],[-1.95139,50.7053],[-1.95096,50.70511],[-1.94966,50.70629],[-1.94871,50.70653],[-1.94848,50.70674],[-1.94872,50.70685],[-1.94822,50.7073],[-1.94782,50.70714],[-1.94832,50.70666],[-1.94799,50.70672],[-1.94803,50.70693],[-1.94781,50.70714],[-1.94782,50.70714],[-1.94797,50.70722],[-1.948,50.70723],[-1.94773,50.70723],[-1.94739,50.70714]]]},"properties":{"risk":2,"dist":30}},
{"type":"Feature","geometry":{"type":"Polygon","coordinates":[[[-1.9504,50.7065],[-1.95047,50.70675],[-1.95008,50.70685],[-1.94966,50.70721],[-1.94892,50.70756],[-1.94869,50.70801],[-1.94817,50.70852],[-1.94823,50.70854],[-1.94866,50.70817],[-1.94896,50.70769],[-1.94921,50.70749],[-1.94969,50.70727],[-1.95019,50.70689],[-1.95075,50.70702],[-1.95116,50.70727],[-1.95158,50.70741],[-1.95202,50.70737],[-1.95249,50.70757],[-1.95281,50.7079],[-1.953,50.70782],[-1.95222,50.70726],[-1.95194,50.70711],[-1.95117,50.70684],[-1.95107,50.70673],[-1.95089,50.70676],[-1.9504,50.7065]]]},"properties":{"risk":1,"dist":1}},
{"type":"Feature","geometry":{"type":"Polygon","coordinates":[[[-1.94817,50.70852],[-1.94793,50.70867],[-1.94787,50.70901],[-1.94827,50.70927],[-1.94868,50.70982],[-1.94863,50.70996],[-1.94877,50.71021],[-1.94858,50.71027],[-1.94904,50.71085],[-1.94921,50.71115],[-1.94943,50.71129],[-1.94944,50.71128],[-1.94921,50.71115],[-1.94904,50.71084],[-1.94876,50.7104],[-1.9488,50.71019],[-1.94863,50.70996],[-1.94868,50.70982],[-1.94836,50.70928],[-1.94806,50.70909],[-1.94802,50.70879],[-1.94823,50.70854],[-1.94817,50.70852]]]},"properties":{"risk":0,"dist":0}},
{"type":"Feature","geometry":{"type":"Polygon","coordinates":[[[-1.94943,50.71129],[-1.94978,50.71108],[-1.95005,50.71137],[-1.95041,50.7115],[-1.95054,50.71151],[-1.95075,50.7116],[-1.95081,50.71183],[-1.95088,50.7119],[-1.95093,50.71184],[-1.95088,50.71173],[-1.95076,50.71159],[-1.95062,50.71149],[-1.95045,50.7115],[-1.95007,50.71136],[-1.94978,50.71107],[-1.94944,50.71128],[-1.94943,50.71129]]]},"properties":{"risk":1,"dist":1}},
{"type":"Feature","geometry":{"type":"Polygon","coordinates":[[[-1.95794,50.71598],[-1.95827,50.71602],[-1.95983,50.71603],[-1.96006,50.71601],[-1.96134,50.71604],[-1.96319,50.71612],[-1.96409,50.71605],[-1.96399,50.71567],[-1.96302,50.71573],[-1.96135,50.71565],[-1.96012,50.71562],[-1.95912,50.71564],[-1.95819,50.71561],[-1.95794,50.71598]]]},"properties":{"risk":3,"dist":40}},
{"type":"Feature","geometry":{"type":"Polygon","coordinates":[[[-1.97496,50.71131],[-1.97445,50.71112],[-1.97393,50.71099],[-1.97338,50.71077],[-1.97325,50.71107],[-1.97475,50.71167],[-1.97496,50.71131]]]},"properties":{"risk":3,"dist":33}},
{"type":"Feature","geometry":{"type":"Polygon","coordinates":[[[-2.25054,50.61824],[-2.25079,50.61809],[-2.25074,50.61808],[-2.24981,50.61814],[-2.24981,50.61821],[-2.25047,50.61821],[-2.25054,50.61824]]]},"properties":{"risk":1,"dist":3}},
{"type":"Feature","geometry":{"type":"Polygon","coordinates":[[[-1.95088,50.7119],[-1.95101,50.71197],[-1.95165,50.71199],[-1.95257,50.71182],[-1.95288,50.71173],[-1.95322,50.71137],[-1.95367,50.71098],[-1.9538,50.71063],[-1.95376,50.71038],[-1.95382,50.7099],[-1.95412,50.70915],[-1.95439,50.70915],[-1.95504,50.70946],[-1.95423,50.70877],[-1.95429,50.70874],[-1.95432,50.70872],[-1.95358,50.70823],[-1.95383,50.70856],[-1.95387,50.709],[-1.95399,50.70915],[-1.95385,50.70976],[-1.95364,50.71005],[-1.9537,50.71067],[-1.95364,50.7109],[-1.95335,50.71126],[-1.95296,50.7116],[-1.95276,50.71171],[-1.95202,50.7119],[-1.95119,50.71192],[-1.95093,50.71184],[-1.95088,50.7119]]]},"properties":{"risk":1,"dist":1}},
{"type":"Feature","geometry":{"type":"Polygon","coordinates":[[[-1.95504,50.70946],[-1.95537,50.70958],[-1.95577,50.70987],[-1.95629,50.71017],[-1.95809,50.7113],[-1.95848,50.71097],[-1.95738,50.71032],[-1.95664,50.70984],[-1.95624,50.70961],[-1.95571,50.70925],[-1.95449,50.70871],[-1.95432,50.70872],[-1.95429,50.70874],[-1.95423,50.70877],[-1.95504,50.70946]]]},"properties":{"risk":3,"dist":43}},
{"type":"Feature","geometry":{"type":"Polygon","coordinates":[[[-1.95809,50.7113],[-1.95876,50.7116],[-1.95916,50.71128],[-1.95848,50.71097],[-1.95809,50.7113]]]},"properties":{"risk":3,"dist":44}},
{"type":"Feature","geometry":{"type":"Polygon","coordinates":[[[-1.97475,50.71167],[-1.97511,50.71183],[-1.97607,50.7121],[-1.97716,50.71221],[-1.97722,50.71192],[-1.9759,50.71165],[-1.97537,50.7115],[-1.97496,50.71131],[-1.97475,50.71167]]]},"properties":{"risk":3,"dist":33}},
{"type":"Feature","geometry":{"type":"Polygon","coordinates":[[[-1.99427,50.73478],[-1.99427,50.73471],[-1.99335,50.73419],[-1.99241,50.73349],[-1.99216,50.73323],[-1.99188,50.73279],[-1.99163,50.73212],[-1.99167,50.73181],[-1.99162,50.73149],[-1.99194,50.73134],[-1.99193,50.73111],[-1.9921,50.73101],[-1.99209,50.73073],[-1.99166,50.73045],[-1.99182,50.72991],[-1.99221,50.7298],[-1.99364,50.72991],[-1.99487,50.72994],[-1.99492,50.72981],[-1.99325,50.72969],[-1.99233,50.7296],[-1.99226,50.72974],[-1.99189,50.7297],[-1.9917,50.73005],[-1.99161,50.73053],[-1.99163,50.73096],[-1.99151,50.73149],[-1.99159,50.73229],[-1.9918,50.73277],[-1.99226,50.73342],[-1.99261,50.73375],[-1.99305,50.73407],[-1.99383,50.73455],[-1.99427,50.73478]]]},"properties":{"risk":0,"dist":0}},
{"type":"Feature","geometry":{"type":"Polygon","coordinates":[[[-2.00039,50.71112],[-2.00032,50.71101],[-1.99994,50.71095],[-1.99954,50.71078],[-1.99929,50.71097],[-2.00039,50.71112]]]},"properties":{"risk":0,"dist":0}},
{"type":"Feature","geometry":{"type":"Polygon","coordinates":[[[-1.99427,50.73478],[-1.99534,50.73517],[-1.99575,50.73529],[-1.99667,50.73547],[-1.99716,50.73549],[-1.99719,50.73552],[-1.9973,50.73551],[-1.9982,50.73568],[-1.99888,50.73575],[-1.99941,50.73573],[-1.99932,50.73504],[-1.99889,50.73498],[-1.99874,50.73515],[-1.99825,50.73522],[-1.99816,50.73502],[-1.99793,50.73496],[-1.9977,50.73504],[-1.99751,50.73538],[-1.99719,50.73552],[-1.99708,50.73538],[-1.99692,50.73528],[-1.99647,50.73531],[-1.99601,50.73526],[-1.99534,50.73509],[-1.99427,50.73471],[-1.99427,50.73478]]]},"properties":{"risk":0,"dist":0}},
{"type":"Feature","geometry":{"type":"Polygon","coordinates":[[[-1.99941,50.73573],[-1.99989,50.73581],[-2.00039,50.73582],[-2.00077,50.73577],[-2.00105,50.73559],[-2.00154,50.73546],[-2.00179,50.73526],[-2.00202,50.73532],[-2.00242,50.73508],[-2.00273,50.73496],[-2.00305,50.73495],[-2.00311,50.73484],[-2.00326,50.73478],[-2.00335,50.73469],[-2.0035,50.73468],[-2.00373,50.73475],[-2.0043,50.73479],[-2.00521,50.73493],[-2.00538,50.735],[-2.00586,50.73535],[-2.00624,50.73518],[-2.00748,50.73524],[-2.00782,50.73518],[-2.00805,50.73501],[-2.00818,50.73481],[-2.00849,50.73476],[-2.0089,50.73457],[-2.00921,50.73426],[-2.0093,50.73405],[-2.00967,50.73389],[-2.00973,50.73364],[-2.01,50.73362],[-2.01017,50.73326],[-2.01056,50.73284],[-2.01091,50.73276],[-2.01098,50.73261],[-2.01128,50.73232],[-2.01181,50.73214],[-2.01188,50.73186],[-2.01211,50.73177],[-2.01224,50.73158],[-2.01227,50.73133],[-2.01187,50.73101],[-2.01206,50.73077],[-2.01189,50.7299],[-2.01167,50.72972],[-2.01176,50.72944],[-2.01179,50.72907],[-2.01098,50.72952],[-2.01077,50.7297],[-2.01103,50.73],[-2.01099,50.73035],[-2.01083,50.73046],[-2.01063,50.73079],[-2.01084,50.73088],[-2.01126,50.73125],[-2.01113,50.73136],[-2.01112,50.73164],[-2.01089,50.73181],[-2.01022,50.73209],[-2.00972,50.732],[-2.00954,50.73218],[-2.00903,50.73223],[-2.00969,50.73302],[-2.00995,50.73312],[-2.0094,50.73322],[-2.00913,50.73335],[-2.00873,50.73307],[-2.00899,50.73302],[-2.00908,50.73276],[-2.00871,50.73276],[-2.00841,50.73315],[-2.00809,50.73322],[-2.0079,50.73335],[-2.00787,50.73357],[-2.00767,50.73365],[-2.00732,50.73364],[-2.00695,50.7338],[-2.00696,50.73394],[-2.00725,50.73433],[-2.00723,50.73459],[-2.00676,50.73491],[-2.00632,50.73501],[-2.00625,50.73486],[-2.00579,50.7347],[-2.00562,50.73474],[-2.00517,50.73458],[-2.00452,50.73466],[-2.00423,50.73476],[-2.00373,50.73475],[-2.0035,50.73468],[-2.00335,50.73468],[-2.00333,50.7347],[-2.00315,50.73471],[-2.00305,50.73475],[-2.00282,50.73475],[-2.00249,50.73486],[-2.0023,50.73504],[-2.00193,50.73516],[-2.00151,50.7352],[-2.00053,50.73504],[-1.99966,50.73496],[-1.99932,50.73504],[-1.99941,50.73573]]]},"properties":{"risk":0,"dist":0}},
{"type":"Feature","geometry":{"type":"Polygon","coordinates":[[[-2.01179,50.72907],[-2.0116,50.72892],[-2.01159,50.72857],[-2.01095,50.72837],[-2.01073,50.72831],[-2.01067,50.72796],[-2.01053,50.72787],[-2.0103,50.72802],[-2.01008,50.728],[-2.0097,50.72816],[-2.00961,50.72832],[-2.00993,50.72842],[-2.00999,50.72879],[-2.00953,50.72882],[-2.0092,50.72895],[-2.0089,50.72897],[-2.0087,50.72889],[-2.00851,50.72909],[-2.00764,50.72928],[-2.00651,50.72944],[-2.00566,50.7295],[-2.00563,50.7297],[-2.0079,50.72959],[-2.00873,50.72964],[-2.00896,50.7295],[-2.0096,50.72945],[-2.00973,50.72936],[-2.01038,50.7295],[-2.01069,50.72966],[-2.01098,50.72952],[-2.01179,50.72907]]]},"properties":{"risk":0,"dist":0}},
{"type":"Feature","geometry":{"type":"Polygon","coordinates":[[[-2.01159,50.72857],[-2.01173,50.72853],[-2.0118,50.72808],[-2.01172,50.72768],[-2.01131,50.72679],[-2.01145,50.72661],[-2.01093,50.72626],[-2.01069,50.72615],[-2.00999,50.726],[-2.00964,50.72601],[-2.00949,50.72592],[-2.00915,50.72592],[-2.00893,50.72614],[-2.00894,50.72627],[-2.0083,50.72664],[-2.00806,50.72654],[-2.00807,50.72631],[-2.00825,50.7258],[-2.00917,50.72525],[-2.0092,50.72495],[-2.00907,50.72462],[-2.00844,50.72457],[-2.00827,50.7243],[-2.00762,50.72396],[-2.00738,50.72351],[-2.00699,50.72355],[-2.00716,50.72369],[-2.00698,50.72384],[-2.00656,50.72351],[-2.00599,50.72312],[-2.0059,50.72298],[-2.00306,50.72235],[-2.00328,50.7219],[-2.00328,50.72156],[-2.00335,50.72129],[-2.00352,50.72091],[-2.00368,50.72089],[-2.00455,50.72103],[-2.00563,50.72129],[-2.00584,50.72137],[-2.00605,50.72147],[-2.00614,50.72148],[-2.00621,50.72135],[-2.00617,50.72126],[-2.00596,50.72117],[-2.00625,50.72103],[-2.00619,50.72089],[-2.00602,50.71991],[-2.00607,50.71982],[-2.00593,50.71949],[-2.00586,50.71913],[-2.00552,50.71875],[-2.0054,50.7187],[-2.00501,50.71819],[-2.00474,50.71808],[-2.00446,50.7178],[-2.00412,50.71779],[-2.00371,50.71739],[-2.00305,50.71717],[-2.00265,50.7172],[-2.00249,50.71729],[-2.00193,50.71743],[-2.00177,50.71733],[-2.00136,50.71741],[-2.00109,50.71758],[-2.00054,50.71761],[-2.00031,50.7174],[-2.00031,50.71723],[-1.99972,50.71754],[-1.9993,50.71779],[-1.99909,50.71796],[-1.99888,50.71809],[-1.99884,50.71811],[-1.99878,50.71813],[-1.99874,50.71813],[-1.99865,50.71811],[-1.99855,50.71808],[-1.99835,50.71802],[-1.998,50.7179],[-1.99774,50.71782],[-1.99706,50.7176],[-1.99453,50.7168],[-1.99477,50.71646],[-1.99465,50.71632],[-1.99426,50.71628],[-1.99424,50.71649],[-1.99409,50.7166],[-1.99405,50.71679],[-1.99434,50.71712],[-1.99497,50.71732],[-1.99502,50.71742],[-1.99556,50.71753],[-1.99575,50.71772],[-1.99602,50.71757],[-1.99631,50.71773],[-1.99665,50.71761],[-1.99716,50.71772],[-1.99747,50.71786],[-1.99796,50.71791],[-1.99811,50.71795],[-1.99858,50.71809],[-1.99865,50.71812],[-1.99874,50.71813],[-1.99878,50.71813],[-1.99884,50.71813],[-1.99903,50.71805],[-1.99937,50.71776],[-1.99967,50.71767],[-1.99978,50.71753],[-2.00038,50.71754],[-1.99982,50.71767],[-2.00009,50.7179],[-2.00039,50.71796],[-2.00051,50.71818],[-2.00075,50.71814],[-2.00094,50.71793],[-2.00112,50.71833],[-2.00172,50.71824],[-2.00199,50.7181],[-2.00209,50.7183],[-2.00256,50.71822],[-2.00255,50.71802],[-2.00271,50.71776],[-2.00315,50.71774],[-2.00334,50.71758],[-2.00369,50.71759],[-2.00339,50.7179],[-2.00336,50.71805],[-2.00314,50.71821],[-2.0033,50.71837],[-2.00239,50.71898],[-2.00198,50.71913],[-2.00225,50.71923],[-2.00247,50.71919],[-2.00265,50.71895],[-2.00359,50.71893],[-2.00372,50.71916],[-2.00396,50.71914],[-2.00404,50.719],[-2.00362,50.7187],[-2.00386,50.71845],[-2.0041,50.71862],[-2.00427,50.71889],[-2.00449,50.71885],[-2.00475,50.71868],[-2.0043,50.71862],[-2.00424,50.71844],[-2.00513,50.71856],[-2.00526,50.71875],[-2.00557,50.71892],[-2.00555,50.71907],[-2.00574,50.71923],[-2.00559,50.71931],[-2.00586,50.7197],[-2.00593,50.71988],[-2.00585,50.72042],[-2.00569,50.7206],[-2.00605,50.72068],[-2.0059,50.72096],[-2.00548,50.72103],[-2.00579,50.72119],[-2.00617,50.72128],[-2.00615,50.72144],[-2.00604,50.72146],[-2.00585,50.72137],[-2.00563,50.72129],[-2.00455,50.72103],[-2.00368,50.72089],[-2.00352,50.72091],[-2.00335,50.72129],[-2.00328,50.72156],[-2.00327,50.7219],[-2.00306,50.72235],[-2.0059,50.72298],[-2.00598,50.72311],[-2.00698,50.72384],[-2.00741,50.72379],[-2.00756,50.72406],[-2.00751,50.72419],[-2.0078,50.72425],[-2.00831,50.72445],[-2.00835,50.72461],[-2.00822,50.72488],[-2.00837,50.7251],[-2.00817,50.72553],[-2.00786,50.72571],[-2.0078,50.72591],[-2.0074,50.72616],[-2.00765,50.72667],[-2.00753,50.72686],[-2.0079,50.72696],[-2.00847,50.7272],[-2.00905,50.72764],[-2.00944,50.72778],[-2.00966,50.72771],[-2.00983,50.72753],[-2.00947,50.72722],[-2.00961,50.72689],[-2.0091,50.72692],[-2.00879,50.72686],[-2.00893,50.7267],[-2.00925,50.72671],[-2.00941,50.72679],[-2.00986,50.72671],[-2.01006,50.7268],[-2.01026,50.7267],[-2.0105,50.72683],[-2.00999,50.72714],[-2.01036,50.72745],[-2.01068,50.72741],[-2.01069,50.72778],[-2.01096,50.728],[-2.01095,50.72837],[-2.01159,50.72857]]]},"properties":{"risk":0,"dist":0}},
{"type":"Feature","geometry":{"type":"Polygon","coordinates":[[[-1.99499,50.71416],[-1.99493,50.71424],[-1.99441,50.71494],[-1.99465,50.71464],[-1.995,50.71416],[-1.99499,50.71416]]]},"properties":{"risk":0,"dist":0}},
{"type":"Feature","geometry":{"type":"Polygon","coordinates":[[[-1.995,50.71416],[-1.99468,50.71379],[-1.99447,50.71356],[-1.99437,50.71345],[-1.9945,50.71347],[-1.99452,50.71345],[-1.99466,50.71348],[-1.99463,50.71342],[-1.99454,50.71345],[-1.99452,50.71345],[-1.99451,50.71346],[-1.99445,50.71346],[-1.99438,50.71344],[-1.99437,50.71345],[-1.99468,50.71379],[-1.99499,50.71416],[-1.995,50.71416]]]},"properties":{"risk":0,"dist":0}},
{"type":"Feature","geometry":{"type":"Polygon","coordinates":[[[-1.94869,50.64489],[-1.94856,50.64516],[-1.94864,50.64544],[-1.94877,50.64544],[-1.94928,50.64574],[-1.94981,50.64614],[-1.95002,50.6466],[-1.95069,50.64647],[-1.95055,50.64616],[-1.95,50.64573],[-1.94973,50.64556],[-1.9494,50.64519],[-1.94869,50.64489]]]},"properties":{"risk":3,"dist":31}},
{"type":"Feature","geometry":{"type":"Polygon","coordinates":[[[-1.98825,50.70764],[-1.98818,50.70766],[-1.98868,50.70803],[-1.98901,50.70838],[-1.98899,50.70861],[-1.98919,50.70859],[-1.98918,50.7084],[-1.98864,50.70787],[-1.98825,50.70764]]]},"properties":{"risk":0,"dist":0}},
{"type":"Feature","geometry":{"type":"Polygon","coordinates":[[[-1.98825,50.70764],[-1.98583,50.70764],[-1.98582,50.70728],[-1.98863,50.70729],[-1.98921,50.70738],[-1.99044,50.70756],[-1.99046,50.70752],[-1.99038,50.70751],[-1.99043,50.70737],[-1.9909,50.70728],[-1.99043,50.70736],[-1.99038,50.70751],[-1.99044,50.70756],[-1.98915,50.70737],[-1.98864,50.70729],[-1.98582,50.70728],[-1.98583,50.70764],[-1.98817,50.70764],[-1.98818,50.70766],[-1.98825,50.70764]]]},"properties":{"risk":0,"dist":0}},
{"type":"Feature","geometry":{"type":"Polygon","coordinates":[[[-1.9909,50.70728],[-1.99098,50.70727],[-1.99284,50.70753],[-1.9929,50.70731],[-1.9934,50.7073],[-1.9929,50.70731],[-1.99285,50.7075],[-1.99123,50.7073],[-1.99098,50.70727],[-1.9909,50.70728]]]},"properties":{"risk":0,"dist":0}},
{"type":"Feature","geometry":{"type":"Polygon","coordinates":[[[-1.9934,50.7073],[-1.9936,50.70744],[-1.99453,50.7075],[-1.99448,50.70786],[-1.9948,50.70811],[-1.99544,50.7083],[-1.99595,50.70821],[-1.99596,50.70786],[-1.99586,50.70752],[-1.99612,50.70758],[-1.99624,50.70813],[-1.99632,50.70822],[-1.99727,50.70832],[-1.99715,50.70845],[-1.99715,50.7099],[-1.99723,50.7099],[-1.99725,50.70847],[-1.99783,50.70833],[-1.99782,50.70819],[-1.99684,50.70814],[-1.99646,50.70807],[-1.99636,50.70786],[-1.99636,50.7076],[-1.9967,50.70755],[-1.99658,50.70735],[-1.99556,50.70737],[-1.99548,50.7075],[-1.99579,50.70763],[-1.99583,50.70785],[-1.99575,50.70816],[-1.9954,50.70825],[-1.99494,50.70806],[-1.99468,50.70789],[-1.99461,50.70767],[-1.99497,50.70751],[-1.99494,50.7074],[-1.99437,50.70736],[-1.99352,50.70738],[-1.9934,50.7073]]]},"properties":{"risk":0,"dist":0}},
{"type":"Feature","geometry":{"type":"Polygon","coordinates":[[[-2.02295,50.71315],[-2.02255,50.71294],[-2.02209,50.71287],[-2.02173,50.71262],[-2.02173,50.71247],[-2.02151,50.7124],[-2.02138,50.71257],[-2.02085,50.71241],[-2.0206,50.71258],[-2.02022,50.71244],[-2.01916,50.71213],[-2.01916,50.71225],[-2.01865,50.71282],[-2.01856,50.71307],[-2.01793,50.71325],[-2.01779,50.71296],[-2.01784,50.71276],[-2.01812,50.71264],[-2.01866,50.71201],[-2.01843,50.71171],[-2.01802,50.71182],[-2.01704,50.71144],[-2.0169,50.71129],[-2.01593,50.71112],[-2.01528,50.71094],[-2.01516,50.71083],[-2.01474,50.71071],[-2.0145,50.71073],[-2.01376,50.71054],[-2.01272,50.71041],[-2.01222,50.7104],[-2.01214,50.71057],[-2.01284,50.71065],[-2.01314,50.71064],[-2.01445,50.71092],[-2.01537,50.7112],[-2.01615,50.71141],[-2.01662,50.71148],[-2.01707,50.71173],[-2.01802,50.71206],[-2.01826,50.71209],[-2.01792,50.71248],[-2.01767,50.7126],[-2.01752,50.71277],[-2.01751,50.71301],[-2.01766,50.71332],[-2.01792,50.71345],[-2.01833,50.71338],[-2.01877,50.71319],[-2.01895,50.71285],[-2.01931,50.71245],[-2.01977,50.71251],[-2.02001,50.71268],[-2.02054,50.71282],[-2.02081,50.71273],[-2.02149,50.71294],[-2.02232,50.71323],[-2.0223,50.71333],[-2.02257,50.71351],[-2.02295,50.71315]]]},"properties":{"risk":2,"dist":20}},
{"type":"Feature","geometry":{"type":"Polygon","coordinates":[[[-2.02257,50.71351],[-2.02361,50.71375],[-2.02379,50.71387],[-2.02426,50.71386],[-2.02441,50.71362],[-2.02382,50.71351],[-2.02295,50.71315],[-2.02257,50.71351]]]},"properties":{"risk":2,"dist":17}},
{"type":"Feature","geometry":{"type":"Polygon","coordinates":[[[-2.02426,50.71386],[-2.02471,50.7139],[-2.02489,50.71418],[-2.0251,50.71394],[-2.02528,50.7139],[-2.02492,50.71363],[-2.02441,50.71362],[-2.02426,50.71386]]]},"properties":{"risk":2,"dist":18}},
{"type":"Feature","geometry":{"type":"Polygon","coordinates":[[[-2.02489,50.71418],[-2.02547,50.71456],[-2.02605,50.71481],[-2.02634,50.71505],[-2.02656,50.71513],[-2.02681,50.71537],[-2.02721,50.71544],[-2.02802,50.71549],[-2.02901,50.71548],[-2.02992,50.71579],[-2.03036,50.71597],[-2.03079,50.71601],[-2.03121,50.7162],[-2.03177,50.71636],[-2.03192,50.71648],[-2.03229,50.71654],[-2.03269,50.71648],[-2.03358,50.71664],[-2.03387,50.71691],[-2.03417,50.71657],[-2.03424,50.71638],[-2.03292,50.7162],[-2.03228,50.71601],[-2.03075,50.7155],[-2.02985,50.71524],[-2.02919,50.71511],[-2.02807,50.71513],[-2.02737,50.71506],[-2.02704,50.71492],[-2.02651,50.7146],[-2.02547,50.71393],[-2.02528,50.7139],[-2.0251,50.71394],[-2.02489,50.71418]]]},"properties":{"risk":2,"dist":28}},
{"type":"Feature","geometry":{"type":"Polygon","coordinates":[[[-2.03387,50.71691],[-2.03404,50.71698],[-2.03508,50.71724],[-2.03587,50.71736],[-2.03629,50.71695],[-2.03578,50.71679],[-2.03556,50.7168],[-2.03443,50.71642],[-2.03424,50.71638],[-2.03417,50.71657],[-2.03387,50.71691]]]},"properties":{"risk":3,"dist":43}},
{"type":"Feature","geometry":{"type":"Polygon","coordinates":[[[-2.03587,50.71736],[-2.03656,50.71757],[-2.03674,50.71773],[-2.03705,50.71783],[-2.03766,50.71825],[-2.03829,50.71864],[-2.03848,50.71889],[-2.0389,50.71861],[-2.03925,50.71847],[-2.03917,50.71839],[-2.0379,50.7177],[-2.03731,50.71731],[-2.03629,50.71695],[-2.03587,50.71736]]]},"properties":{"risk":3,"dist":43}},
{"type":"Feature","geometry":{"type":"Polygon","coordinates":[[[-2.04368,50.71772],[-2.04446,50.71829],[-2.04469,50.71858],[-2.04442,50.7189],[-2.04423,50.71901],[-2.04444,50.71917],[-2.04486,50.71892],[-2.04499,50.71874],[-2.04492,50.71841],[-2.0454,50.71851],[-2.04636,50.71852],[-2.04711,50.71837],[-2.04883,50.71809],[-2.0499,50.71794],[-2.05025,50.71782],[-2.05041,50.71786],[-2.05212,50.7178],[-2.0525,50.71785],[-2.05296,50.71799],[-2.05353,50.71793],[-2.0544,50.71804],[-2.05587,50.71798],[-2.0563,50.71789],[-2.05664,50.71794],[-2.05814,50.71782],[-2.05893,50.71772],[-2.05936,50.71759],[-2.05945,50.71747],[-2.05986,50.7173],[-2.06054,50.71715],[-2.06082,50.71723],[-2.06209,50.71695],[-2.06252,50.7169],[-2.06274,50.71693],[-2.06317,50.71677],[-2.06362,50.71666],[-2.06436,50.71656],[-2.06504,50.7164],[-2.06525,50.71621],[-2.06598,50.71585],[-2.06632,50.71552],[-2.06616,50.71539],[-2.06723,50.715],[-2.06698,50.71464],[-2.06673,50.71448],[-2.06596,50.71432],[-2.06549,50.71417],[-2.06513,50.71415],[-2.06495,50.71424],[-2.06471,50.71457],[-2.06432,50.71479],[-2.06401,50.71514],[-2.06378,50.71519],[-2.06334,50.71544],[-2.06306,50.71571],[-2.06274,50.71587],[-2.06247,50.71611],[-2.06256,50.71631],[-2.06221,50.71645],[-2.06195,50.71648],[-2.06155,50.71662],[-2.06153,50.71677],[-2.06118,50.71685],[-2.06022,50.71694],[-2.05956,50.71702],[-2.05928,50.7172],[-2.05851,50.71727],[-2.05793,50.71729],[-2.05752,50.71735],[-2.05667,50.7176],[-2.05547,50.71778],[-2.05489,50.71782],[-2.05304,50.71773],[-2.05196,50.7176],[-2.05146,50.71763],[-2.05097,50.71752],[-2.05048,50.71736],[-2.04987,50.71709],[-2.04964,50.71704],[-2.04885,50.71666],[-2.04857,50.71669],[-2.04835,50.7165],[-2.04786,50.71633],[-2.04751,50.71601],[-2.04601,50.71545],[-2.04477,50.71504],[-2.04395,50.71488],[-2.04297,50.71456],[-2.04283,50.71464],[-2.04349,50.71482],[-2.04405,50.71508],[-2.04438,50.71514],[-2.04475,50.71529],[-2.04506,50.7155],[-2.04544,50.71564],[-2.04548,50.71578],[-2.04583,50.71584],[-2.04617,50.71602],[-2.04656,50.71638],[-2.04641,50.71662],[-2.0459,50.7167],[-2.04554,50.717],[-2.04562,50.71725],[-2.04545,50.71764],[-2.04552,50.7177],[-2.04536,50.71802],[-2.04515,50.71817],[-2.04425,50.7179],[-2.04383,50.71764],[-2.04368,50.71772]]]},"properties":{"risk":2,"dist":17}},
{"type":"Feature","geometry":{"type":"Polygon","coordinates":[[[-2.0558,50.69747],[-2.05562,50.69786],[-2.05526,50.69816],[-2.05518,50.69834],[-2.05554,50.69839],[-2.05563,50.69821],[-2.05609,50.69758],[-2.05634,50.69739],[-2.05655,50.69706],[-2.05663,50.69625],[-2.05675,50.69603],[-2.05699,50.69581],[-2.05748,50.69552],[-2.05781,50.69515],[-2.05789,50.69457],[-2.058,50.6943],[-2.05818,50.69411],[-2.05873,50.69383],[-2.0591,50.69337],[-2.05927,50.69295],[-2.05918,50.69249],[-2.05912,50.69184],[-2.05903,50.6915],[-2.05913,50.6909],[-2.05931,50.69066],[-2.05962,50.69056],[-2.06009,50.69031],[-2.06137,50.68966],[-2.06195,50.68941],[-2.06226,50.68921],[-2.06268,50.68912],[-2.06287,50.68894],[-2.06286,50.68869],[-2.06318,50.68832],[-2.06266,50.68828],[-2.06263,50.68884],[-2.06244,50.68904],[-2.06213,50.68908],[-2.06155,50.6894],[-2.06134,50.68942],[-2.06112,50.68961],[-2.05997,50.69016],[-2.05946,50.69045],[-2.05925,50.69047],[-2.05899,50.69065],[-2.0588,50.69098],[-2.05885,50.69124],[-2.0588,50.6915],[-2.05888,50.69185],[-2.05892,50.69229],[-2.05886,50.69246],[-2.05898,50.69279],[-2.0588,50.69339],[-2.05848,50.69374],[-2.05809,50.6939],[-2.05765,50.6942],[-2.0575,50.69451],[-2.05743,50.6949],[-2.05747,50.69517],[-2.05718,50.69546],[-2.0567,50.69558],[-2.05627,50.69601],[-2.0562,50.69618],[-2.05617,50.69707],[-2.05604,50.69728],[-2.0558,50.69747]]]},"properties":{"risk":2,"dist":17}},
{"type":"Feature","geometry":{"type":"Polygon","coordinates":[[[-2.03022,50.70316],[-2.02929,50.70337],[-2.02831,50.70342],[-2.02712,50.7034],[-2.02647,50.70329],[-2.02628,50.70318],[-2.02604,50.70319],[-2.0259,50.70356],[-2.02671,50.70367],[-2.0285,50.70364],[-2.0296,50.70358],[-2.03044,50.70357],[-2.03035,50.70318],[-2.03022,50.70316]]]},"properties":{"risk":2,"dist":13}},
{"type":"Feature","geometry":{"type":"Polygon","coordinates":[[[-2.00879,50.67713],[-2.0084,50.67723],[-2.00829,50.67748],[-2.00873,50.67764],[-2.00884,50.67774],[-2.00913,50.67761],[-2.00943,50.6773],[-2.00988,50.67705],[-2.01012,50.67684],[-2.01019,50.67654],[-2.01047,50.67618],[-2.01061,50.67544],[-2.01001,50.6753],[-2.00934,50.67565],[-2.00967,50.67594],[-2.00936,50.67604],[-2.00943,50.67626],[-2.0092,50.6765],[-2.00934,50.67668],[-2.00915,50.67694],[-2.00886,50.677],[-2.00879,50.67713]]]},"properties":{"risk":2,"dist":13}},
{"type":"Feature","geometry":{"type":"Polygon","coordinates":[[[-2.04272,50.70278],[-2.04241,50.703],[-2.04175,50.70367],[-2.04172,50.70384],[-2.04141,50.70453],[-2.04125,50.70517],[-2.04125,50.70564],[-2.04117,50.70613],[-2.04111,50.70623],[-2.04062,50.70638],[-2.04055,50.70647],[-2.03988,50.70675],[-2.04008,50.70699],[-2.04067,50.70671],[-2.04096,50.70652],[-2.0414,50.70638],[-2.04151,50.70621],[-2.04161,50.70573],[-2.04161,50.70528],[-2.04174,50.70455],[-2.04195,50.70407],[-2.04218,50.70368],[-2.04263,50.7032],[-2.04296,50.70295],[-2.0433,50.70279],[-2.04368,50.70275],[-2.04442,50.70251],[-2.04498,50.7024],[-2.04576,50.7019],[-2.04605,50.70177],[-2.04722,50.70153],[-2.04776,50.7014],[-2.04813,50.70106],[-2.04865,50.70084],[-2.04907,50.70093],[-2.04969,50.70087],[-2.04961,50.70071],[-2.04929,50.70074],[-2.04878,50.70063],[-2.0482,50.70074],[-2.04789,50.70089],[-2.04752,50.70119],[-2.04696,50.70137],[-2.04605,50.70155],[-2.04578,50.70163],[-2.04465,50.70231],[-2.04418,50.70236],[-2.04361,50.70258],[-2.04313,50.7026],[-2.04272,50.70278]]]},"properties":{"risk":2,"dist":17}},
{"type":"Feature","geometry":{"type":"Polygon","coordinates":[[[-2.03816,50.70705],[-2.03765,50.70708],[-2.0373,50.70705],[-2.03665,50.70714],[-2.03571,50.70736],[-2.03519,50.70752],[-2.0339,50.70769],[-2.03311,50.70769],[-2.03293,50.70758],[-2.03255,50.70758],[-2.03235,50.70747],[-2.03166,50.70724],[-2.0311,50.70715],[-2.03054,50.70711],[-2.02985,50.70716],[-2.02987,50.70734],[-2.03059,50.70732],[-2.03082,50.70741],[-2.03113,50.70774],[-2.03159,50.70791],[-2.03191,50.70795],[-2.0327,50.70795],[-2.03415,50.70787],[-2.03518,50.70772],[-2.03665,50.70732],[-2.03729,50.70723],[-2.03776,50.70726],[-2.03819,50.70723],[-2.03816,50.70705]]]},"properties":{"risk":2,"dist":13}},
{"type":"Feature","geometry":{"type":"Polygon","coordinates":[[[-2.00996,50.68039],[-2.00918,50.68071],[-2.00929,50.68083],[-2.00887,50.68105],[-2.00891,50.68124],[-2.00876,50.68134],[-2.009,50.6815],[-2.00966,50.68134],[-2.0102,50.68135],[-2.01057,50.6813],[-2.01103,50.68066],[-2.01053,50.68049],[-2.01005,50.68029],[-2.00996,50.68039]]]},"properties":{"risk":2,"dist":13}},
{"type":"Feature","geometry":{"type":"Polygon","coordinates":[[[-2.02806,50.69916],[-2.02871,50.69928],[-2.02882,50.6991],[-2.02848,50.69912],[-2.02836,50.69902],[-2.02799,50.69902],[-2.02781,50.69894],[-2.02795,50.69874],[-2.02782,50.69847],[-2.02752,50.69846],[-2.02734,50.69824],[-2.02758,50.69822],[-2.02794,50.69804],[-2.02811,50.69779],[-2.02858,50.69777],[-2.02877,50.69769],[-2.02889,50.69748],[-2.02878,50.69727],[-2.02835,50.69709],[-2.0283,50.69685],[-2.02789,50.69687],[-2.02769,50.69678],[-2.02777,50.69665],[-2.02761,50.69651],[-2.0272,50.69635],[-2.02701,50.69647],[-2.02611,50.69655],[-2.02591,50.69649],[-2.02566,50.69657],[-2.02523,50.69608],[-2.02479,50.69572],[-2.02489,50.69565],[-2.02511,50.69505],[-2.02494,50.69471],[-2.02505,50.69408],[-2.0253,50.69387],[-2.02569,50.69363],[-2.02634,50.69342],[-2.02655,50.69329],[-2.02671,50.69299],[-2.02699,50.69269],[-2.02709,50.69239],[-2.02763,50.69204],[-2.02846,50.69167],[-2.02746,50.69125],[-2.0271,50.69152],[-2.02644,50.69166],[-2.02622,50.69164],[-2.02586,50.69182],[-2.02607,50.6921],[-2.02597,50.69289],[-2.02572,50.69339],[-2.02503,50.6938],[-2.02472,50.69418],[-2.02468,50.69463],[-2.02476,50.69514],[-2.02476,50.69572],[-2.02517,50.69607],[-2.02564,50.6966],[-2.02585,50.69656],[-2.02605,50.69665],[-2.0262,50.69703],[-2.02663,50.69747],[-2.02686,50.69807],[-2.02702,50.69824],[-2.02724,50.6987],[-2.02751,50.69899],[-2.02806,50.69916]]]},"properties":{"risk":1,"dist":2}},
{"type":"Feature","geometry":{"type":"Polygon","coordinates":[[[-2.0221,50.67501],[-2.02168,50.67537],[-2.02133,50.67552],[-2.021,50.67578],[-2.02036,50.67653],[-2.02032,50.67689],[-2.02042,50.67719],[-2.0204,50.67772],[-2.02052,50.67791],[-2.02055,50.67839],[-2.02069,50.67874],[-2.02053,50.67902],[-2.02069,50.67908],[-2.02128,50.67956],[-2.02116,50.67984],[-2.02124,50.67997],[-2.02163,50.67973],[-2.02178,50.67931],[-2.02173,50.67861],[-2.02194,50.67837],[-2.0222,50.67825],[-2.02216,50.67797],[-2.02248,50.67795],[-2.02262,50.67775],[-2.02223,50.67764],[-2.02193,50.67743],[-2.02177,50.67711],[-2.02188,50.67698],[-2.02216,50.677],[-2.02208,50.67736],[-2.02251,50.67756],[-2.02262,50.67753],[-2.02324,50.67757],[-2.02339,50.67732],[-2.02364,50.67707],[-2.02384,50.67673],[-2.02401,50.67665],[-2.02391,50.67647],[-2.02351,50.67634],[-2.02342,50.67596],[-2.02312,50.67584],[-2.02251,50.67585],[-2.0221,50.67501]]]},"properties":{"risk":2,"dist":13}},
{"type":"Feature","geometry":{"type":"Polygon","coordinates":[[[-2.01416,50.68189],[-2.01377,50.68229],[-2.01354,50.68241],[-2.01348,50.68263],[-2.01408,50.68264],[-2.01428,50.68257],[-2.01455,50.68271],[-2.01485,50.68259],[-2.01516,50.68257],[-2.01555,50.68241],[-2.016,50.68239],[-2.01605,50.68229],[-2.01664,50.6823],[-2.01667,50.68213],[-2.01712,50.68219],[-2.01738,50.68202],[-2.01755,50.68163],[-2.01772,50.6817],[-2.0177,50.68189],[-2.01833,50.68144],[-2.01816,50.6812],[-2.01833,50.68106],[-2.0179,50.68055],[-2.01786,50.68041],[-2.01763,50.68033],[-2.01748,50.68075],[-2.01723,50.68109],[-2.0166,50.68153],[-2.01603,50.68172],[-2.01477,50.68179],[-2.01418,50.68177],[-2.01416,50.68189]]]},"properties":{"risk":2,"dist":13}},
{"type":"Feature","geometry":{"type":"Polygon","coordinates":[[[-2.00837,50.67355],[-2.00819,50.67386],[-2.00807,50.67425],[-2.0074,50.67476],[-2.00784,50.6749],[-2.00813,50.67479],[-2.00807,50.67433],[-2.00829,50.67399],[-2.00868,50.674],[-2.00863,50.67377],[-2.00837,50.67355]]]},"properties":{"risk":0,"dist":0}},
{"type":"Feature","geometry":{"type":"Polygon","coordinates":[[[-1.98509,50.66923],[-1.98483,50.66935],[-1.9846,50.66956],[-1.98477,50.6701],[-1.98455,50.67029],[-1.98461,50.67042],[-1.98443,50.67072],[-1.98409,50.67088],[-1.98415,50.67101],[-1.98387,50.67116],[-1.98391,50.67147],[-1.98382,50.67164],[-1.98401,50.67171],[-1.98383,50.67202],[-1.9835,50.6721],[-1.98293,50.67255],[-1.98311,50.6727],[-1.983,50.67289],[-1.98316,50.67298],[-1.9829,50.6734],[-1.98249,50.67369],[-1.98237,50.67386],[-1.98206,50.67394],[-1.98153,50.67426],[-1.98113,50.67437],[-1.98101,50.67471],[-1.98099,50.67498],[-1.98057,50.67529],[-1.97996,50.67549],[-1.97942,50.67562],[-1.97923,50.67591],[-1.9791,50.67629],[-1.97898,50.67645],[-1.97834,50.67683],[-1.97855,50.67689],[-1.97898,50.67662],[-1.9792,50.67662],[-1.97955,50.67672],[-1.9801,50.67722],[-1.98056,50.6769],[-1.98095,50.67682],[-1.98126,50.67691],[-1.98174,50.67673],[-1.98225,50.6764],[-1.98282,50.67622],[-1.98314,50.67601],[-1.98347,50.67568],[-1.98402,50.67542],[-1.98459,50.67497],[-1.98513,50.67478],[-1.98543,50.67458],[-1.98602,50.67439],[-1.98666,50.67401],[-1.98756,50.67325],[-1.98806,50.67294],[-1.98856,50.67273],[-1.98902,50.67272],[-1.98941,50.67254],[-1.99001,50.67258],[-1.99001,50.67246],[-1.9893,50.67239],[-1.98861,50.67254],[-1.98762,50.6729],[-1.98739,50.67303],[-1.98692,50.6734],[-1.98675,50.67368],[-1.98655,50.67386],[-1.98581,50.67426],[-1.98523,50.67451],[-1.98514,50.67464],[-1.9844,50.67492],[-1.98405,50.67512],[-1.98386,50.67532],[-1.98333,50.67559],[-1.98324,50.67574],[-1.98281,50.67607],[-1.98245,50.67617],[-1.9819,50.67643],[-1.98153,50.67668],[-1.9813,50.67674],[-1.98062,50.67676],[-1.9801,50.67695],[-1.97963,50.67656],[-1.97968,50.67625],[-1.9794,50.67617],[-1.9794,50.67593],[-1.97961,50.67569],[-1.97987,50.67566],[-1.98056,50.67546],[-1.98092,50.6753],[-1.98119,50.67505],[-1.98127,50.67445],[-1.98171,50.67434],[-1.98209,50.67414],[-1.98213,50.67405],[-1.98265,50.67384],[-1.98299,50.67385],[-1.98338,50.67358],[-1.98362,50.67324],[-1.98353,50.67299],[-1.98367,50.67272],[-1.98365,50.67254],[-1.98382,50.67222],[-1.98408,50.67206],[-1.98415,50.67175],[-1.98444,50.6714],[-1.98481,50.67111],[-1.98496,50.67088],[-1.98498,50.67059],[-1.98531,50.67012],[-1.98533,50.66976],[-1.98509,50.66923]]]},"properties":{"risk":1,"dist":7}},
{"type":"Feature","geometry":{"type":"Polygon","coordinates":[[[-1.95982,50.67387],[-1.96091,50.67438],[-1.9613,50.67464],[-1.96146,50.67459],[-1.96153,50.67358],[-1.96147,50.67303],[-1.96152,50.67239],[-1.96171,50.67199],[-1.96201,50.67166],[-1.96225,50.67153],[-1.96308,50.67089],[-1.96311,50.67081],[-1.96378,50.67034],[-1.96443,50.67027],[-1.96482,50.6704],[-1.96495,50.67052],[-1.96556,50.67072],[-1.96582,50.67097],[-1.9654,50.67105],[-1.96512,50.67131],[-1.96542,50.67145],[-1.96616,50.6712],[-1.96675,50.67094],[-1.96697,50.67078],[-1.96719,50.6705],[-1.96779,50.67008],[-1.96803,50.66946],[-1.96835,50.66926],[-1.9686,50.66917],[-1.96896,50.66895],[-1.96946,50.66899],[-1.96954,50.66928],[-1.96992,50.66936],[-1.97023,50.66924],[-1.9709,50.66932],[-1.97092,50.6692],[-1.97018,50.66887],[-1.96973,50.6685],[-1.96941,50.66815],[-1.96861,50.66754],[-1.96815,50.66716],[-1.96784,50.66632],[-1.96794,50.66597],[-1.96853,50.66534],[-1.96874,50.66521],[-1.96884,50.66499],[-1.9691,50.66482],[-1.96915,50.66436],[-1.96937,50.66428],[-1.9694,50.664],[-1.96971,50.66382],[-1.96962,50.66355],[-1.96942,50.66337],[-1.96908,50.66239],[-1.96881,50.6622],[-1.96876,50.66195],[-1.96885,50.66184],[-1.96861,50.6615],[-1.96865,50.66132],[-1.96831,50.66114],[-1.96789,50.6605],[-1.96747,50.66034],[-1.96741,50.66064],[-1.96663,50.66084],[-1.96635,50.66102],[-1.96626,50.66123],[-1.96645,50.6617],[-1.96672,50.66187],[-1.96704,50.66195],[-1.96679,50.66224],[-1.96678,50.66249],[-1.9669,50.66263],[-1.96719,50.66272],[-1.96764,50.66275],[-1.96788,50.66296],[-1.96783,50.66318],[-1.96822,50.66356],[-1.96856,50.66365],[-1.96854,50.66381],[-1.96831,50.66424],[-1.96835,50.66441],[-1.96818,50.66453],[-1.96795,50.66484],[-1.96766,50.66499],[-1.96749,50.66524],[-1.96695,50.66546],[-1.96674,50.66576],[-1.9669,50.66598],[-1.96687,50.66628],[-1.96696,50.66641],[-1.96685,50.6666],[-1.96693,50.66685],[-1.9667,50.6671],[-1.96674,50.66727],[-1.96727,50.66773],[-1.96752,50.66779],[-1.96801,50.66778],[-1.9682,50.66796],[-1.96868,50.66831],[-1.96832,50.66839],[-1.96783,50.66874],[-1.96743,50.66929],[-1.9674,50.66951],[-1.96719,50.66988],[-1.96687,50.67007],[-1.96652,50.67038],[-1.96591,50.67032],[-1.96546,50.67022],[-1.96503,50.6699],[-1.9645,50.66984],[-1.96368,50.66993],[-1.96332,50.66991],[-1.96299,50.67008],[-1.9628,50.6704],[-1.96255,50.67067],[-1.96208,50.671],[-1.96189,50.6712],[-1.96149,50.67139],[-1.96104,50.67187],[-1.96087,50.67219],[-1.96077,50.67258],[-1.9608,50.67295],[-1.96086,50.67358],[-1.96063,50.67383],[-1.95988,50.67382],[-1.95982,50.67387]]]},"properties":{"risk":3,"dist":35}},
{"type":"Feature","geometry":{"type":"Polygon","coordinates":[[[-1.95332,50.67623],[-1.95274,50.67651],[-1.95205,50.67719],[-1.95188,50.67716],[-1.95146,50.67727],[-1.9512,50.67754],[-1.95097,50.67788],[-1.95102,50.67809],[-1.95133,50.67823],[-1.95189,50.67823],[-1.95237,50.67744],[-1.95268,50.67706],[-1.95326,50.67662],[-1.95379,50.67642],[-1.95332,50.67623]]]},"properties":{"risk":2,"dist":24}},
{"type":"Feature","geometry":{"type":"Polygon","coordinates":[[[-1.95133,50.67823],[-1.95153,50.67832],[-1.95111,50.67845],[-1.95086,50.6786],[-1.95091,50.67865],[-1.95108,50.67852],[-1.9514,50.67847],[-1.95189,50.67823],[-1.95133,50.67823]]]},"properties":{"risk":1,"dist":4}},
{"type":"Feature","geometry":{"type":"Polygon","coordinates":[[[-1.9524,50.65585],[-1.95326,50.65594],[-1.95335,50.65575],[-1.95335,50.65534],[-1.9534,50.65511],[-1.95319,50.6549],[-1.95338,50.65427],[-1.95341,50.65372],[-1.95359,50.6532],[-1.95345,50.65249],[-1.95377,50.6524],[-1.95429,50.65201],[-1.95438,50.65187],[-1.95326,50.65197],[-1.95288,50.65198],[-1.95273,50.6529],[-1.9528,50.65363],[-1.9527,50.65411],[-1.95256,50.65451],[-1.95251,50.65543],[-1.9524,50.65585]]]},"properties":{"risk":2,"dist":20}},
{"type":"Feature","geometry":{"type":"Polygon","coordinates":[[[-1.9608,50.67295],[-1.96043,50.67283],[-1.96019,50.67284],[-1.96017,50.67266],[-1.95982,50.67243],[-1.95935,50.67237],[-1.95894,50.67223],[-1.95877,50.67209],[-1.95811,50.67189],[-1.95788,50.67189],[-1.95733,50.67207],[-1.95699,50.67237],[-1.95666,50.67283],[-1.95616,50.67288],[-1.95598,50.673],[-1.95579,50.67348],[-1.95534,50.67383],[-1.95472,50.67411],[-1.9542,50.67447],[-1.95376,50.6749],[-1.95339,50.67563],[-1.95332,50.67623],[-1.95379,50.67642],[-1.95406,50.67622],[-1.95414,50.67568],[-1.95444,50.67505],[-1.95476,50.6747],[-1.95509,50.67446],[-1.95577,50.67409],[-1.95617,50.67385],[-1.95656,50.67347],[-1.95737,50.67297],[-1.95746,50.6727],[-1.9581,50.67255],[-1.95856,50.67257],[-1.95904,50.67281],[-1.95915,50.67309],[-1.9593,50.67323],[-1.95944,50.67365],[-1.95982,50.67387],[-1.95988,50.67382],[-1.96063,50.67383],[-1.96086,50.67358],[-1.9608,50.67295]]]},"properties":{"risk":3,"dist":35}},
{"type":"Feature","geometry":{"type":"Polygon","coordinates":[[[-1.95438,50.65187],[-1.95439,50.65163],[-1.95415,50.65112],[-1.95334,50.64974],[-1.95315,50.64955],[-1.95269,50.64939],[-1.95173,50.64959],[-1.95232,50.65029],[-1.95256,50.65065],[-1.95279,50.65131],[-1.95288,50.65198],[-1.95326,50.65197],[-1.95438,50.65187]]]},"properties":{"risk":3,"dist":59}},
{"type":"Feature","geometry":{"type":"Polygon","coordinates":[[[-1.95086,50.6786],[-1.95071,50.67834],[-1.95016,50.67838],[-1.94962,50.6783],[-1.94929,50.67812],[-1.94912,50.67786],[-1.94935,50.67765],[-1.94932,50.67749],[-1.9488,50.67733],[-1.94866,50.67708],[-1.94844,50.67693],[-1.94827,50.67653],[-1.94794,50.67635],[-1.94743,50.67593],[-1.94687,50.67589],[-1.94676,50.67577],[-1.94622,50.67543],[-1.94537,50.67467],[-1.94508,50.67495],[-1.94538,50.67511],[-1.94617,50.67567],[-1.94664,50.67608],[-1.94711,50.67664],[-1.94776,50.67766],[-1.94828,50.67811],[-1.94871,50.67836],[-1.94884,50.67864],[-1.94926,50.67911],[-1.94984,50.67984],[-1.94981,50.68019],[-1.95013,50.68023],[-1.95028,50.67969],[-1.95051,50.67911],[-1.95091,50.67865],[-1.95086,50.6786]]]},"properties":{"risk":0,"dist":0}},
{"type":"Feature","geometry":{"type":"Polygon","coordinates":[[[-1.94537,50.67467],[-1.94461,50.67417],[-1.94383,50.67395],[-1.9435,50.67395],[-1.94246,50.67383],[-1.94234,50.67419],[-1.94334,50.67455],[-1.94462,50.67478],[-1.94508,50.67495],[-1.94537,50.67467]]]},"properties":{"risk":0,"dist":0}},
{"type":"Feature","geometry":{"type":"Polygon","coordinates":[[[-1.94246,50.67383],[-1.94223,50.67379],[-1.94193,50.67355],[-1.94178,50.6733],[-1.94174,50.67292],[-1.94167,50.6728],[-1.94175,50.67242],[-1.94196,50.67182],[-1.94116,50.67179],[-1.94112,50.67207],[-1.94118,50.67299],[-1.94138,50.67383],[-1.94149,50.67396],[-1.94203,50.67421],[-1.94234,50.67419],[-1.94246,50.67383]]]},"properties":{"risk":0,"dist":0}},
{"type":"Feature","geometry":{"type":"Polygon","coordinates":[[[-1.95002,50.6466],[-1.95032,50.64722],[-1.95079,50.64794],[-1.95112,50.64867],[-1.95148,50.64916],[-1.95173,50.64959],[-1.95269,50.64939],[-1.95254,50.64923],[-1.95219,50.64906],[-1.95197,50.64902],[-1.9516,50.64861],[-1.95139,50.64819],[-1.95088,50.64728],[-1.9508,50.64693],[-1.95063,50.64672],[-1.95069,50.64647],[-1.95002,50.6466]]]},"properties":{"risk":2,"dist":23}},
{"type":"Feature","geometry":{"type":"Polygon","coordinates":[[[-1.94196,50.67182],[-1.9422,50.67114],[-1.94215,50.67088],[-1.94266,50.67018],[-1.94334,50.66945],[-1.94354,50.66916],[-1.94379,50.66895],[-1.94447,50.66824],[-1.94506,50.66761],[-1.94586,50.66686],[-1.94592,50.66667],[-1.94652,50.66594],[-1.94677,50.66572],[-1.94716,50.66568],[-1.94708,50.66541],[-1.94652,50.66522],[-1.94613,50.66574],[-1.94553,50.6664],[-1.94489,50.66718],[-1.94433,50.66778],[-1.94272,50.66932],[-1.94243,50.66954],[-1.94204,50.66999],[-1.94143,50.67087],[-1.94125,50.67129],[-1.94116,50.67179],[-1.94196,50.67182]]]},"properties":{"risk":0,"dist":0}},
{"type":"Feature","geometry":{"type":"Polygon","coordinates":[[[-1.9524,50.65585],[-1.95205,50.65672],[-1.95154,50.65765],[-1.9513,50.65819],[-1.95083,50.65898],[-1.95055,50.65964],[-1.94978,50.66109],[-1.94945,50.66158],[-1.94906,50.66207],[-1.94867,50.66249],[-1.94812,50.6632],[-1.94764,50.66387],[-1.94652,50.66522],[-1.94708,50.66541],[-1.94726,50.66494],[-1.94782,50.66423],[-1.94792,50.66404],[-1.94824,50.6637],[-1.9486,50.66325],[-1.9492,50.66231],[-1.94947,50.66196],[-1.94978,50.66166],[-1.95028,50.66089],[-1.95062,50.66017],[-1.95067,50.65999],[-1.95114,50.65901],[-1.95147,50.65848],[-1.95167,50.65805],[-1.95222,50.65707],[-1.95247,50.65657],[-1.95258,50.65623],[-1.95279,50.65607],[-1.95326,50.65594],[-1.9524,50.65585]]]},"properties":{"risk":0,"dist":0}},
{"type":"Feature","geometry":{"type":"Polygon","coordinates":[[[-1.94869,50.64489],[-1.94821,50.64499],[-1.94812,50.64513],[-1.94785,50.64526],[-1.94742,50.64507],[-1.94719,50.64508],[-1.94707,50.64483],[-1.94679,50.64453],[-1.94637,50.64472],[-1.94688,50.64514],[-1.94694,50.64528],[-1.94725,50.64526],[-1.94746,50.64543],[-1.94783,50.64556],[-1.94864,50.64544],[-1.94856,50.64516],[-1.94869,50.64489]]]},"properties":{"risk":1,"dist":7}},
{"type":"Feature","geometry":{"type":"Polygon","coordinates":[[[-1.94679,50.64453],[-1.94655,50.64427],[-1.94637,50.64395],[-1.94611,50.64378],[-1.94575,50.6434],[-1.94524,50.64296],[-1.94522,50.64284],[-1.94465,50.64309],[-1.9457,50.64416],[-1.94637,50.64472],[-1.94679,50.64453]]]},"properties":{"risk":1,"dist":7}},
{"type":"Feature","geometry":{"type":"Polygon","coordinates":[[[-1.94522,50.64284],[-1.94493,50.64269],[-1.94472,50.64244],[-1.94434,50.64214],[-1.94413,50.64204],[-1.94405,50.64171],[-1.94367,50.64128],[-1.94321,50.64134],[-1.94323,50.64116],[-1.9431,50.64102],[-1.94242,50.6409],[-1.94223,50.64094],[-1.94179,50.64075],[-1.9416,50.6405],[-1.94114,50.64049],[-1.94096,50.64077],[-1.94147,50.64102],[-1.94308,50.64197],[-1.94313,50.64205],[-1.94404,50.64258],[-1.94465,50.64309],[-1.94522,50.64284]]]},"properties":{"risk":1,"dist":7}},
{"type":"Feature","geometry":{"type":"Polygon","coordinates":[[[-1.94114,50.64049],[-1.94053,50.6404],[-1.93983,50.64052],[-1.93938,50.64081],[-1.93919,50.64086],[-1.93825,50.64089],[-1.93745,50.64101],[-1.93716,50.64102],[-1.93716,50.64118],[-1.93794,50.64111],[-1.93872,50.64109],[-1.9397,50.64114],[-1.94033,50.64079],[-1.9407,50.64072],[-1.94096,50.64077],[-1.94114,50.64049]]]},"properties":{"risk":1,"dist":6}},
{"type":"Feature","geometry":{"type":"Polygon","coordinates":[[[-1.93716,50.64102],[-1.93679,50.64099],[-1.93638,50.64105],[-1.93607,50.64117],[-1.93536,50.64122],[-1.93525,50.64134],[-1.93489,50.64131],[-1.93412,50.64143],[-1.9335,50.6416],[-1.93249,50.64169],[-1.93222,50.64175],[-1.9319,50.64165],[-1.93164,50.64169],[-1.93132,50.64157],[-1.93069,50.64151],[-1.93013,50.64171],[-1.92983,50.64195],[-1.92915,50.64182],[-1.9287,50.64179],[-1.92792,50.64163],[-1.92724,50.64164],[-1.92667,50.64173],[-1.92605,50.64191],[-1.92586,50.64205],[-1.92531,50.64193],[-1.92483,50.64192],[-1.92452,50.64181],[-1.92466,50.64162],[-1.92458,50.64146],[-1.92475,50.6413],[-1.92465,50.64117],[-1.92522,50.64113],[-1.92559,50.64084],[-1.92581,50.64049],[-1.92583,50.64031],[-1.92611,50.64007],[-1.9261,50.63979],[-1.92623,50.63966],[-1.9262,50.6395],[-1.9263,50.63916],[-1.9268,50.63903],[-1.927,50.63891],[-1.92739,50.63854],[-1.92763,50.6382],[-1.9277,50.63798],[-1.92772,50.63754],[-1.92826,50.6374],[-1.9291,50.63694],[-1.92945,50.63667],[-1.92952,50.63647],[-1.92975,50.63628],[-1.92993,50.63584],[-1.93044,50.63525],[-1.93075,50.63509],[-1.93108,50.63473],[-1.93126,50.63465],[-1.93142,50.63404],[-1.93173,50.63387],[-1.93179,50.63353],[-1.93211,50.63323],[-1.93217,50.63284],[-1.9324,50.63259],[-1.9326,50.6325],[-1.93292,50.6321],[-1.93326,50.6316],[-1.9332,50.63142],[-1.93335,50.63134],[-1.93366,50.63139],[-1.93349,50.63114],[-1.93319,50.63105],[-1.93294,50.63143],[-1.93282,50.63183],[-1.93256,50.63216],[-1.93232,50.63219],[-1.93205,50.63252],[-1.93173,50.63301],[-1.93168,50.63324],[-1.93149,50.63368],[-1.93127,50.63376],[-1.93121,50.63413],[-1.93102,50.63439],[-1.93101,50.63454],[-1.93058,50.63497],[-1.93029,50.63514],[-1.92978,50.63576],[-1.92961,50.63609],[-1.92921,50.63661],[-1.92864,50.6368],[-1.92816,50.63716],[-1.92759,50.63741],[-1.92756,50.63771],[-1.92733,50.63795],[-1.92746,50.63806],[-1.92733,50.63836],[-1.92654,50.63896],[-1.92612,50.63909],[-1.9261,50.63956],[-1.92596,50.63969],[-1.92594,50.63991],[-1.92568,50.64013],[-1.92534,50.64023],[-1.92563,50.64038],[-1.9254,50.64077],[-1.9251,50.64102],[-1.92429,50.64113],[-1.92454,50.64123],[-1.92437,50.64145],[-1.92439,50.64159],[-1.92414,50.64187],[-1.92377,50.6421],[-1.92422,50.6421],[-1.92464,50.64199],[-1.9253,50.64206],[-1.92545,50.64223],[-1.92563,50.64216],[-1.92589,50.64224],[-1.92655,50.64191],[-1.92732,50.64177],[-1.92776,50.64177],[-1.92807,50.64188],[-1.9288,50.64205],[-1.92913,50.64198],[-1.93,50.64215],[-1.93031,50.64187],[-1.93089,50.64165],[-1.93162,50.64189],[-1.93181,50.64182],[-1.93238,50.64197],[-1.93254,50.64183],[-1.93277,50.64185],[-1.93331,50.6418],[-1.93472,50.64151],[-1.93525,50.6415],[-1.93608,50.64137],[-1.93669,50.64122],[-1.93716,50.64118],[-1.93716,50.64102]]]},"properties":{"risk":1,"dist":6}},
{"type":"Feature","geometry":{"type":"Polygon","coordinates":[[[-1.93366,50.63139],[-1.93443,50.63157],[-1.93483,50.63152],[-1.93571,50.63164],[-1.93649,50.63168],[-1.93752,50.63155],[-1.93797,50.63153],[-1.93839,50.63143],[-1.9387,50.6312],[-1.93898,50.63119],[-1.93926,50.63103],[-1.94002,50.63087],[-1.94028,50.6309],[-1.94027,50.63068],[-1.94,50.62992],[-1.93905,50.62999],[-1.93881,50.62996],[-1.93822,50.63008],[-1.93791,50.63022],[-1.93703,50.63044],[-1.93663,50.63048],[-1.93619,50.63065],[-1.93571,50.63073],[-1.93545,50.63066],[-1.9348,50.63071],[-1.93426,50.63084],[-1.93324,50.63086],[-1.93319,50.63105],[-1.93349,50.63114],[-1.93366,50.63139]]]},"properties":{"risk":2,"dist":25}},
{"type":"Feature","geometry":{"type":"Polygon","coordinates":[[[-1.95704,50.61655],[-1.95792,50.61674],[-1.95808,50.61647],[-1.95812,50.61597],[-1.95813,50.61504],[-1.95829,50.61394],[-1.95831,50.6126],[-1.95834,50.61249],[-1.95763,50.6125],[-1.95766,50.61292],[-1.95764,50.61386],[-1.95755,50.61459],[-1.95744,50.61501],[-1.95746,50.61519],[-1.95733,50.6157],[-1.95732,50.61599],[-1.95704,50.61655]]]},"properties":{"risk":2,"dist":26}},
{"type":"Feature","geometry":{"type":"Polygon","coordinates":[[[-1.95095,50.60795],[-1.95086,50.60806],[-1.95101,50.60812],[-1.95141,50.60777],[-1.95189,50.60754],[-1.95219,50.60747],[-1.95265,50.60744],[-1.95296,50.60752],[-1.95335,50.60778],[-1.95391,50.60804],[-1.95417,50.60808],[-1.95431,50.60782],[-1.95386,50.60792],[-1.95308,50.60748],[-1.95226,50.60731],[-1.95168,50.60745],[-1.9517,50.60752],[-1.95116,50.60779],[-1.95095,50.60795]]]},"properties":{"risk":1,"dist":3}},
{"type":"Feature","geometry":{"type":"Polygon","coordinates":[[[-1.94028,50.6309],[-1.94132,50.63089],[-1.94183,50.63084],[-1.94224,50.63075],[-1.94336,50.63068],[-1.944,50.63051],[-1.94427,50.63049],[-1.94469,50.63038],[-1.94526,50.63043],[-1.94574,50.63037],[-1.94594,50.63025],[-1.94648,50.63011],[-1.94678,50.62995],[-1.94742,50.62944],[-1.94755,50.62912],[-1.9481,50.62899],[-1.94852,50.62865],[-1.94859,50.62853],[-1.9485,50.6282],[-1.94878,50.62798],[-1.94924,50.62785],[-1.94941,50.62755],[-1.94966,50.62748],[-1.94849,50.62682],[-1.94773,50.62731],[-1.94682,50.62783],[-1.94504,50.6287],[-1.94392,50.62917],[-1.94283,50.62937],[-1.9416,50.62967],[-1.94081,50.62981],[-1.94,50.62992],[-1.94027,50.63068],[-1.94028,50.6309]]]},"properties":{"risk":2,"dist":25}},
{"type":"Feature","geometry":{"type":"Polygon","coordinates":[[[-1.95834,50.61249],[-1.95829,50.61206],[-1.95817,50.61153],[-1.95789,50.61081],[-1.95767,50.61008],[-1.95753,50.60993],[-1.95723,50.60941],[-1.95693,50.60924],[-1.95628,50.60837],[-1.95612,50.60822],[-1.95567,50.60803],[-1.95524,50.60793],[-1.95431,50.60782],[-1.95417,50.60808],[-1.95523,50.6082],[-1.95557,50.6083],[-1.95597,50.60856],[-1.95664,50.60947],[-1.95666,50.60959],[-1.95705,50.61055],[-1.95733,50.61131],[-1.95743,50.612],[-1.95753,50.61203],[-1.95763,50.6125],[-1.95834,50.61249]]]},"properties":{"risk":2,"dist":28}},
{"type":"Feature","geometry":{"type":"Polygon","coordinates":[[[-1.94966,50.62748],[-1.94975,50.62733],[-1.95013,50.62732],[-1.95049,50.62722],[-1.95055,50.62703],[-1.95045,50.62683],[-1.95043,50.62651],[-1.95019,50.62641],[-1.95014,50.62628],[-1.9505,50.62604],[-1.95092,50.62621],[-1.95134,50.62621],[-1.95139,50.62596],[-1.95114,50.62574],[-1.95102,50.62552],[-1.95149,50.62552],[-1.95175,50.62543],[-1.95197,50.62527],[-1.95203,50.6251],[-1.9519,50.62495],[-1.95213,50.62474],[-1.95216,50.62461],[-1.95277,50.6242],[-1.95288,50.62389],[-1.95239,50.62372],[-1.95212,50.62399],[-1.95216,50.62405],[-1.95059,50.62537],[-1.95014,50.6257],[-1.94849,50.62682],[-1.94966,50.62748]]]},"properties":{"risk":1,"dist":8}},
{"type":"Feature","geometry":{"type":"Polygon","coordinates":[[[-1.95288,50.62389],[-1.95303,50.62374],[-1.95247,50.62363],[-1.95239,50.62372],[-1.95288,50.62389]]]},"properties":{"risk":1,"dist":8}},
{"type":"Feature","geometry":{"type":"Polygon","coordinates":[[[-1.95303,50.62374],[-1.95341,50.62359],[-1.95378,50.62358],[-1.95396,50.62339],[-1.95377,50.62331],[-1.95325,50.62326],[-1.95386,50.62252],[-1.95449,50.62211],[-1.95367,50.62182],[-1.95312,50.62257],[-1.95264,50.62304],[-1.95275,50.62308],[-1.95228,50.62356],[-1.95247,50.62363],[-1.95303,50.62374]]]},"properties":{"risk":1,"dist":8}},
{"type":"Feature","geometry":{"type":"Polygon","coordinates":[[[-1.95449,50.62211],[-1.95505,50.62156],[-1.95522,50.6212],[-1.95531,50.62079],[-1.95525,50.62067],[-1.95577,50.6204],[-1.95608,50.62014],[-1.95622,50.61968],[-1.95618,50.61943],[-1.95585,50.61937],[-1.95527,50.61916],[-1.95485,50.61997],[-1.95434,50.62072],[-1.95409,50.62101],[-1.95411,50.62111],[-1.95379,50.62152],[-1.95367,50.62182],[-1.95449,50.62211]]]},"properties":{"risk":2,"dist":16}},
{"type":"Feature","geometry":{"type":"Polygon","coordinates":[[[-1.95618,50.61943],[-1.95625,50.61923],[-1.95665,50.61895],[-1.95698,50.61877],[-1.9572,50.61854],[-1.95725,50.61834],[-1.95671,50.61824],[-1.95609,50.61803],[-1.95585,50.61841],[-1.95542,50.61892],[-1.95527,50.61916],[-1.95585,50.61937],[-1.95618,50.61943]]]},"properties":{"risk":2,"dist":24}},
{"type":"Feature","geometry":{"type":"Polygon","coordinates":[[[-1.95704,50.61655],[-1.95661,50.61734],[-1.95609,50.61803],[-1.95671,50.61824],[-1.95725,50.61834],[-1.9571,50.61814],[-1.95726,50.61801],[-1.95757,50.61751],[-1.95776,50.61693],[-1.95792,50.61674],[-1.95704,50.61655]]]},"properties":{"risk":2,"dist":24}},
{"type":"Feature","geometry":{"type":"Polygon","coordinates":[[[-1.95017,50.60761],[-1.95056,50.60782],[-1.95086,50.60806],[-1.95095,50.60795],[-1.95069,50.60768],[-1.95031,50.60748],[-1.95017,50.60761]]]},"properties":{"risk":1,"dist":4}},
{"type":"Feature","geometry":{"type":"Polygon","coordinates":[[[-1.94793,50.60758],[-1.94682,50.60735],[-1.94645,50.60733],[-1.94524,50.60748],[-1.94504,50.60733],[-1.94503,50.60756],[-1.94554,50.60755],[-1.9462,50.60742],[-1.94687,50.60756],[-1.94715,50.60754],[-1.94791,50.60766],[-1.94793,50.60758]]]},"properties":{"risk":1,"dist":4}},
{"type":"Feature","geometry":{"type":"Polygon","coordinates":[[[-1.94504,50.60733],[-1.94469,50.60733],[-1.94457,50.60734],[-1.94446,50.60742],[-1.94448,50.60757],[-1.94503,50.60756],[-1.94504,50.60733]]]},"properties":{"risk":1,"dist":8}},
{"type":"Feature","geometry":{"type":"Polygon","coordinates":[[[-1.94469,50.60733],[-1.94475,50.60719],[-1.94503,50.60696],[-1.94538,50.60683],[-1.94603,50.60673],[-1.94643,50.6068],[-1.94687,50.6066],[-1.94725,50.60633],[-1.94775,50.60629],[-1.94846,50.60607],[-1.94812,50.60568],[-1.94697,50.6061],[-1.94671,50.60626],[-1.94596,50.60649],[-1.94523,50.60665],[-1.94478,50.60685],[-1.94403,50.60739],[-1.94408,50.60753],[-1.94448,50.60757],[-1.94446,50.60742],[-1.94457,50.60734],[-1.94469,50.60733]]]},"properties":{"risk":1,"dist":6}},
{"type":"Feature","geometry":{"type":"Polygon","coordinates":[[[-1.94846,50.60607],[-1.94862,50.60599],[-1.94812,50.60568],[-1.94846,50.60607]]]},"properties":{"risk":1,"dist":6}},
{"type":"Feature","geometry":{"type":"Polygon","coordinates":[[[-1.95114,50.60334],[-1.951,50.60369],[-1.95065,50.60407],[-1.95014,50.60474],[-1.9496,50.60508],[-1.94849,50.6055],[-1.94812,50.60568],[-1.94862,50.60599],[-1.94895,50.60581],[-1.94944,50.60568],[-1.95027,50.60525],[-1.95035,50.6051],[-1.95065,50.60494],[-1.95084,50.60473],[-1.95113,50.60452],[-1.95145,50.60417],[-1.95137,50.60401],[-1.95144,50.60379],[-1.95188,50.60354],[-1.95114,50.60334]]]},"properties":{"risk":1,"dist":6}},
{"type":"Feature","geometry":{"type":"Polygon","coordinates":[[[-1.95237,50.603],[-1.95268,50.60289],[-1.95274,50.60273],[-1.95267,50.60248],[-1.95229,50.60213],[-1.95231,50.60186],[-1.95293,50.6012],[-1.95326,50.60063],[-1.95329,50.60034],[-1.95352,50.60013],[-1.95344,50.59994],[-1.95364,50.59966],[-1.9536,50.59932],[-1.95341,50.59891],[-1.95331,50.59851],[-1.95332,50.59826],[-1.95321,50.59802],[-1.95295,50.59784],[-1.95302,50.59739],[-1.95286,50.59693],[-1.95264,50.59678],[-1.9526,50.59629],[-1.9524,50.59608],[-1.952,50.59578],[-1.95164,50.59589],[-1.95203,50.59612],[-1.95222,50.59639],[-1.95236,50.59692],[-1.95255,50.59713],[-1.95256,50.59757],[-1.95264,50.59796],[-1.95294,50.59827],[-1.95301,50.59865],[-1.9532,50.59907],[-1.95327,50.59946],[-1.95319,50.5998],[-1.95295,50.60022],[-1.95275,50.60071],[-1.95276,50.60089],[-1.95205,50.60143],[-1.95178,50.60197],[-1.9514,50.60241],[-1.95126,50.60271],[-1.95146,50.60296],[-1.95207,50.60295],[-1.95237,50.603]]]},"properties":{"risk":1,"dist":10}},
{"type":"Feature","geometry":{"type":"Polygon","coordinates":[[[-2.25079,50.61809],[-2.25077,50.61771],[-2.25056,50.61779],[-2.25074,50.61808],[-2.25079,50.61809]]]},"properties":{"risk":1,"dist":3}},
{"type":"Feature","geometry":{"type":"Polygon","coordinates":[[[-1.952,50.59578],[-1.95154,50.59546],[-1.95138,50.59542],[-1.95102,50.59512],[-1.95138,50.59489],[-1.95099,50.59473],[-1.95081,50.59492],[-1.95069,50.59521],[-1.95111,50.59559],[-1.95132,50.59564],[-1.95164,50.59589],[-1.952,50.59578]]]},"properties":{"risk":1,"dist":10}},
{"type":"Feature","geometry":{"type":"Polygon","coordinates":[[[-1.95138,50.59489],[-1.95154,50.59474],[-1.95194,50.59462],[-1.95284,50.59459],[-1.95318,50.59451],[-1.95352,50.59434],[-1.95373,50.59437],[-1.9542,50.5941],[-1.9545,50.59382],[-1.9548,50.5938],[-1.95505,50.59364],[-1.95561,50.59349],[-1.95607,50.59321],[-1.95637,50.59311],[-1.95677,50.59281],[-1.95712,50.59275],[-1.95734,50.59262],[-1.95747,50.59233],[-1.95812,50.59237],[-1.95858,50.59236],[-1.95881,50.59186],[-1.95927,50.59156],[-1.95957,50.59143],[-1.9598,50.59124],[-1.96044,50.59139],[-1.96058,50.59128],[-1.96104,50.59114],[-1.96169,50.59116],[-1.96213,50.59127],[-1.96335,50.59138],[-1.96411,50.59151],[-1.96587,50.59167],[-1.96646,50.5916],[-1.9668,50.59164],[-1.96754,50.59164],[-1.96796,50.59159],[-1.96864,50.59167],[-1.96933,50.59165],[-1.97031,50.59146],[-1.97109,50.59143],[-1.97186,50.59136],[-1.97271,50.59138],[-1.97267,50.59112],[-1.97234,50.59118],[-1.97202,50.59112],[-1.97182,50.59119],[-1.97127,50.59116],[-1.97107,50.59124],[-1.97031,50.59126],[-1.96997,50.59137],[-1.9691,50.59141],[-1.96893,50.5915],[-1.96846,50.59153],[-1.96823,50.59145],[-1.96764,50.59144],[-1.96733,50.59152],[-1.96698,50.59153],[-1.96604,50.59146],[-1.96582,50.59153],[-1.96422,50.59144],[-1.96344,50.59132],[-1.96216,50.59118],[-1.96151,50.59098],[-1.9609,50.59106],[-1.96043,50.5913],[-1.95975,50.59116],[-1.95938,50.59138],[-1.95926,50.59137],[-1.9587,50.59176],[-1.95859,50.59194],[-1.95829,50.59208],[-1.95795,50.59199],[-1.95756,50.59212],[-1.95733,50.59212],[-1.95706,50.59226],[-1.95682,50.5926],[-1.95617,50.59296],[-1.95585,50.59323],[-1.95553,50.59341],[-1.95497,50.59356],[-1.95468,50.59372],[-1.95433,50.59371],[-1.95423,50.59383],[-1.95385,50.59403],[-1.95357,50.59425],[-1.95336,50.59419],[-1.95257,50.59435],[-1.95202,50.59431],[-1.95161,50.59432],[-1.95132,50.5944],[-1.95099,50.59473],[-1.95138,50.59489]]]},"properties":{"risk":1,"dist":4}},
{"type":"Feature","geometry":{"type":"Polygon","coordinates":[[[-1.97271,50.59138],[-1.97331,50.59132],[-1.97483,50.59123],[-1.97529,50.59137],[-1.97556,50.5912],[-1.97588,50.59132],[-1.97643,50.59144],[-1.97674,50.59147],[-1.97731,50.59138],[-1.97761,50.59138],[-1.9778,50.59157],[-1.97812,50.59161],[-1.97829,50.59153],[-1.97864,50.59164],[-1.97917,50.59156],[-1.97947,50.59157],[-1.97972,50.59147],[-1.97981,50.5913],[-1.98004,50.59137],[-1.9804,50.59131],[-1.98056,50.59119],[-1.9808,50.59125],[-1.9818,50.59125],[-1.98232,50.59118],[-1.98259,50.5913],[-1.9828,50.59123],[-1.98294,50.59106],[-1.98348,50.59093],[-1.98378,50.59092],[-1.98452,50.59096],[-1.98467,50.59115],[-1.98542,50.59135],[-1.98588,50.59141],[-1.98615,50.59152],[-1.98672,50.59159],[-1.98754,50.59139],[-1.98771,50.59127],[-1.98852,50.59106],[-1.98907,50.59103],[-1.98932,50.59088],[-1.98977,50.59078],[-1.99071,50.59094],[-1.99102,50.59094],[-1.99118,50.59114],[-1.99216,50.59136],[-1.99243,50.59135],[-1.99258,50.59157],[-1.99309,50.59154],[-1.99364,50.59156],[-1.99365,50.591],[-1.99307,50.5909],[-1.99271,50.59096],[-1.99161,50.59102],[-1.99137,50.59098],[-1.99122,50.59074],[-1.9908,50.59055],[-1.99049,50.59057],[-1.98993,50.5905],[-1.98967,50.59059],[-1.98899,50.59075],[-1.98896,50.59082],[-1.98838,50.59091],[-1.98811,50.59091],[-1.98776,50.59102],[-1.98728,50.59108],[-1.98697,50.59106],[-1.98563,50.59085],[-1.98544,50.59077],[-1.98505,50.59072],[-1.98494,50.59061],[-1.98446,50.59052],[-1.98356,50.59059],[-1.98304,50.59071],[-1.98274,50.59067],[-1.98231,50.59075],[-1.98163,50.59067],[-1.98118,50.59074],[-1.98063,50.59072],[-1.98013,50.59083],[-1.97997,50.59095],[-1.97963,50.59102],[-1.97847,50.591],[-1.97815,50.59104],[-1.97725,50.59085],[-1.97686,50.59093],[-1.97601,50.59091],[-1.97494,50.59095],[-1.97415,50.59112],[-1.97405,50.59103],[-1.97311,50.59116],[-1.97267,50.59112],[-1.97271,50.59138]]]},"properties":{"risk":1,"dist":7}},
{"type":"Feature","geometry":{"type":"Polygon","coordinates":[[[-1.99364,50.59156],[-1.99409,50.59154],[-1.99466,50.59135],[-1.99506,50.59132],[-1.99603,50.59139],[-1.99653,50.59146],[-1.99706,50.59137],[-1.99799,50.59136],[-1.99887,50.5915],[-1.99897,50.59157],[-1.99989,50.59181],[-2.00001,50.5917],[-2.0004,50.59173],[-2.00097,50.59165],[-2.00171,50.59171],[-2.00194,50.59169],[-2.00238,50.5919],[-2.00267,50.59186],[-2.00286,50.59195],[-2.00355,50.59197],[-2.0041,50.59227],[-2.00461,50.59234],[-2.00505,50.59246],[-2.00565,50.59243],[-2.00577,50.59214],[-2.00613,50.59198],[-2.00656,50.59189],[-2.00664,50.59172],[-2.00703,50.59159],[-2.00722,50.59143],[-2.00795,50.59126],[-2.00846,50.59125],[-2.00878,50.59118],[-2.009,50.59132],[-2.00927,50.59132],[-2.00945,50.59122],[-2.00944,50.59105],[-2.01013,50.5911],[-2.01046,50.59115],[-2.01086,50.59113],[-2.01106,50.59105],[-2.01148,50.59132],[-2.01188,50.59146],[-2.01233,50.59172],[-2.01276,50.59178],[-2.01295,50.59173],[-2.01305,50.59147],[-2.01326,50.59142],[-2.01365,50.59113],[-2.01361,50.59078],[-2.01398,50.59079],[-2.01414,50.59063],[-2.01445,50.59054],[-2.01461,50.59069],[-2.01492,50.59079],[-2.01527,50.59072],[-2.0155,50.5905],[-2.01571,50.5904],[-2.01617,50.59032],[-2.0168,50.5903],[-2.01777,50.59004],[-2.01849,50.59009],[-2.01868,50.58995],[-2.01923,50.5899],[-2.01954,50.58981],[-2.02038,50.58968],[-2.0207,50.58959],[-2.02128,50.58933],[-2.02219,50.58943],[-2.02239,50.5894],[-2.02255,50.58951],[-2.02294,50.5894],[-2.0232,50.58981],[-2.02383,50.59005],[-2.02432,50.58998],[-2.02449,50.58964],[-2.02466,50.58952],[-2.02513,50.58946],[-2.02553,50.58927],[-2.02553,50.58898],[-2.02497,50.58888],[-2.02483,50.58898],[-2.02443,50.58891],[-2.02358,50.58921],[-2.02312,50.58917],[-2.02276,50.58935],[-2.02247,50.58923],[-2.02206,50.58913],[-2.02159,50.58918],[-2.02111,50.58916],[-2.02056,50.58923],[-2.01998,50.58944],[-2.01876,50.58963],[-2.01868,50.5897],[-2.01792,50.58978],[-2.01759,50.58995],[-2.01725,50.5899],[-2.01719,50.59003],[-2.01642,50.59014],[-2.01617,50.59011],[-2.01543,50.59019],[-2.01501,50.5902],[-2.01431,50.59044],[-2.01381,50.59052],[-2.01354,50.59064],[-2.01298,50.59071],[-2.01274,50.5908],[-2.01235,50.59067],[-2.01152,50.59082],[-2.011,50.59087],[-2.01057,50.59098],[-2.00996,50.59088],[-2.00969,50.59092],[-2.00914,50.59084],[-2.00882,50.59106],[-2.0081,50.59108],[-2.00773,50.59116],[-2.0073,50.5912],[-2.00702,50.59128],[-2.0069,50.59144],[-2.00669,50.59148],[-2.0063,50.59168],[-2.00614,50.59157],[-2.00571,50.59171],[-2.005,50.59157],[-2.00486,50.59145],[-2.00433,50.59152],[-2.00391,50.59171],[-2.00354,50.59182],[-2.00293,50.59175],[-2.00239,50.59153],[-2.00182,50.59157],[-2.00097,50.59148],[-1.99999,50.59153],[-1.99974,50.5915],[-1.99864,50.59122],[-1.99802,50.59117],[-1.99764,50.59119],[-1.99661,50.59115],[-1.99645,50.5911],[-1.99593,50.59113],[-1.99491,50.59105],[-1.9943,50.59104],[-1.99386,50.59095],[-1.99365,50.591],[-1.99364,50.59156]]]},"properties":{"risk":1,"dist":9}},
{"type":"Feature","geometry":{"type":"Polygon","coordinates":[[[-2.02553,50.58927],[-2.02601,50.58915],[-2.02631,50.58923],[-2.02678,50.58914],[-2.02725,50.58889],[-2.02739,50.58874],[-2.02785,50.58861],[-2.02798,50.58845],[-2.02826,50.5883],[-2.02864,50.588],[-2.02872,50.58776],[-2.02908,50.58749],[-2.02932,50.58739],[-2.03005,50.58684],[-2.03033,50.58657],[-2.03062,50.58646],[-2.03068,50.58614],[-2.03098,50.58602],[-2.03133,50.58563],[-2.03221,50.5853],[-2.03264,50.58492],[-2.03282,50.58486],[-2.03312,50.58513],[-2.03338,50.58523],[-2.03396,50.58532],[-2.03422,50.58526],[-2.03432,50.58514],[-2.03537,50.58471],[-2.03539,50.5845],[-2.03516,50.5842],[-2.03521,50.58397],[-2.03539,50.58381],[-2.03533,50.58337],[-2.03551,50.58317],[-2.03582,50.58294],[-2.03608,50.58286],[-2.03644,50.58264],[-2.03666,50.58259],[-2.03705,50.58229],[-2.03764,50.58207],[-2.03776,50.58191],[-2.03818,50.58165],[-2.03875,50.58158],[-2.03891,50.58135],[-2.03898,50.58105],[-2.03947,50.58048],[-2.03969,50.58038],[-2.03998,50.58038],[-2.04014,50.58029],[-2.04049,50.58024],[-2.04096,50.57994],[-2.04165,50.57977],[-2.0418,50.57966],[-2.04218,50.57951],[-2.04325,50.57929],[-2.04418,50.57913],[-2.04538,50.57899],[-2.0455,50.57901],[-2.04544,50.57881],[-2.04407,50.57898],[-2.0432,50.57915],[-2.04282,50.57917],[-2.04207,50.57936],[-2.04156,50.57962],[-2.04111,50.57977],[-2.04086,50.5798],[-2.04048,50.58002],[-2.03988,50.58023],[-2.0396,50.58024],[-2.03925,50.58046],[-2.03893,50.58078],[-2.0387,50.58123],[-2.03862,50.58149],[-2.03794,50.58151],[-2.03749,50.58186],[-2.03709,50.582],[-2.03665,50.58242],[-2.03637,50.58243],[-2.03607,50.58265],[-2.03579,50.58272],[-2.03522,50.58297],[-2.03496,50.58325],[-2.0337,50.58387],[-2.03369,50.58406],[-2.03313,50.58425],[-2.03287,50.58412],[-2.0322,50.58441],[-2.032,50.58437],[-2.03172,50.58481],[-2.03105,50.5852],[-2.03088,50.58554],[-2.03041,50.586],[-2.0303,50.58624],[-2.03003,50.58646],[-2.02979,50.58658],[-2.02962,50.58681],[-2.02939,50.58698],[-2.02898,50.58716],[-2.02852,50.58766],[-2.02839,50.58796],[-2.02812,50.58817],[-2.02774,50.58836],[-2.02732,50.58844],[-2.02675,50.58891],[-2.02635,50.589],[-2.02553,50.58898],[-2.02553,50.58927]]]},"properties":{"risk":1,"dist":9}},
{"type":"Feature","geometry":{"type":"Polygon","coordinates":[[[-2.0455,50.57901],[-2.0466,50.57884],[-2.04696,50.57914],[-2.04747,50.57916],[-2.04781,50.57904],[-2.04863,50.57893],[-2.04902,50.57875],[-2.0493,50.57876],[-2.04948,50.57862],[-2.0498,50.57854],[-2.05039,50.57859],[-2.05121,50.57843],[-2.05176,50.57847],[-2.0524,50.57859],[-2.05243,50.57849],[-2.05206,50.57769],[-2.05026,50.57806],[-2.04965,50.57811],[-2.04874,50.57831],[-2.0477,50.57846],[-2.04715,50.57862],[-2.04666,50.57856],[-2.0461,50.57872],[-2.04544,50.57881],[-2.0455,50.57901]]]},"properties":{"risk":2,"dist":12}},
{"type":"Feature","geometry":{"type":"Polygon","coordinates":[[[-2.0524,50.57859],[-2.05297,50.57862],[-2.05352,50.57878],[-2.05376,50.57906],[-2.05404,50.57916],[-2.05454,50.57917],[-2.05483,50.5791],[-2.05514,50.57887],[-2.05529,50.57893],[-2.0559,50.57888],[-2.05642,50.57895],[-2.05727,50.57945],[-2.05754,50.57972],[-2.05772,50.5798],[-2.0579,50.57967],[-2.05938,50.57894],[-2.05912,50.57864],[-2.05889,50.57827],[-2.05859,50.57789],[-2.05829,50.57768],[-2.05806,50.57761],[-2.05778,50.57736],[-2.05768,50.57713],[-2.05753,50.5771],[-2.0571,50.57683],[-2.05645,50.57677],[-2.05609,50.57652],[-2.05531,50.57648],[-2.05495,50.57649],[-2.05426,50.57663],[-2.05381,50.57698],[-2.05323,50.57736],[-2.05255,50.5776],[-2.05206,50.57769],[-2.05243,50.57849],[-2.0524,50.57859]]]},"properties":{"risk":2,"dist":12}},
{"type":"Feature","geometry":{"type":"Polygon","coordinates":[[[-2.05772,50.5798],[-2.05794,50.57977],[-2.05812,50.57989],[-2.05837,50.58031],[-2.05874,50.58061],[-2.05863,50.5807],[-2.05876,50.58104],[-2.05903,50.58122],[-2.05914,50.58167],[-2.05934,50.58187],[-2.05942,50.58231],[-2.05988,50.58272],[-2.05942,50.58297],[-2.05954,50.5833],[-2.05932,50.58382],[-2.05904,50.58422],[-2.05894,50.58453],[-2.05926,50.58497],[-2.05941,50.58555],[-2.05987,50.58599],[-2.06015,50.58641],[-2.06052,50.58666],[-2.06074,50.58667],[-2.06174,50.58718],[-2.06242,50.58738],[-2.06278,50.58739],[-2.06301,50.58718],[-2.0631,50.58744],[-2.06362,50.58771],[-2.06402,50.5878],[-2.06392,50.58809],[-2.06393,50.58835],[-2.06411,50.58851],[-2.06409,50.58876],[-2.06395,50.58907],[-2.064,50.58957],[-2.06397,50.58986],[-2.06403,50.5902],[-2.06385,50.59043],[-2.06379,50.59077],[-2.06364,50.59104],[-2.06338,50.59116],[-2.06306,50.59109],[-2.06284,50.59116],[-2.06254,50.59149],[-2.06233,50.5919],[-2.0624,50.59219],[-2.06232,50.59232],[-2.06236,50.59258],[-2.06254,50.593],[-2.0636,50.59404],[-2.06425,50.59433],[-2.06455,50.59441],[-2.06572,50.59457],[-2.06666,50.59442],[-2.06706,50.59447],[-2.06765,50.59476],[-2.06845,50.59486],[-2.06969,50.59486],[-2.07026,50.59473],[-2.07073,50.59481],[-2.07123,50.59496],[-2.07154,50.59512],[-2.0716,50.59506],[-2.07055,50.59282],[-2.06986,50.59282],[-2.06946,50.59271],[-2.06837,50.59248],[-2.068,50.59247],[-2.06732,50.59267],[-2.06674,50.59296],[-2.06655,50.5931],[-2.06636,50.59363],[-2.06561,50.59379],[-2.06461,50.59373],[-2.06396,50.59353],[-2.06335,50.59314],[-2.0631,50.59282],[-2.06281,50.5922],[-2.0628,50.59168],[-2.06301,50.5914],[-2.06319,50.5913],[-2.06362,50.59129],[-2.06395,50.59091],[-2.06436,50.58999],[-2.06443,50.58864],[-2.06426,50.58806],[-2.06429,50.58769],[-2.06416,50.58736],[-2.06382,50.5869],[-2.06371,50.58666],[-2.0637,50.58625],[-2.06334,50.58583],[-2.06295,50.58552],[-2.06254,50.58504],[-2.06224,50.58488],[-2.06209,50.5845],[-2.06188,50.58366],[-2.06169,50.58331],[-2.06157,50.58295],[-2.06187,50.58232],[-2.06203,50.58175],[-2.06185,50.58119],[-2.06157,50.58089],[-2.06107,50.58052],[-2.0602,50.57962],[-2.05979,50.57931],[-2.05938,50.57894],[-2.0579,50.57967],[-2.05772,50.5798]]]},"properties":{"risk":1,"dist":6}},
{"type":"Feature","geometry":{"type":"Polygon","coordinates":[[[-2.07154,50.59512],[-2.07208,50.59559],[-2.07241,50.5958],[-2.07294,50.59602],[-2.07359,50.59612],[-2.0742,50.59614],[-2.07478,50.5962],[-2.07494,50.59614],[-2.07515,50.59628],[-2.07572,50.59636],[-2.0763,50.59632],[-2.07675,50.59541],[-2.07583,50.59518],[-2.07556,50.595],[-2.0754,50.59479],[-2.07537,50.59452],[-2.07547,50.59432],[-2.07515,50.59368],[-2.07474,50.59314],[-2.0743,50.59295],[-2.07384,50.59264],[-2.07354,50.59256],[-2.07335,50.59238],[-2.07278,50.59229],[-2.07238,50.59255],[-2.07182,50.59261],[-2.07129,50.59253],[-2.071,50.5927],[-2.07055,50.59282],[-2.0716,50.59506],[-2.07154,50.59512]]]},"properties":{"risk":1,"dist":6}},
{"type":"Feature","geometry":{"type":"Polygon","coordinates":[[[-2.13072,50.60831],[-2.13066,50.60844],[-2.13004,50.60883],[-2.12978,50.60882],[-2.12961,50.60893],[-2.12977,50.60906],[-2.12988,50.60913],[-2.13046,50.6088],[-2.13092,50.60848],[-2.13072,50.60831]]]},"properties":{"risk":1,"dist":8}},
{"type":"Feature","geometry":{"type":"Polygon","coordinates":[[[-2.15435,50.61399],[-2.15387,50.61364],[-2.15349,50.61343],[-2.15273,50.61281],[-2.15183,50.61225],[-2.15159,50.61214],[-2.1509,50.61138],[-2.15057,50.61134],[-2.14933,50.61127],[-2.14904,50.61121],[-2.14787,50.61084],[-2.14748,50.6107],[-2.1468,50.61038],[-2.14704,50.6103],[-2.1471,50.61015],[-2.14694,50.609],[-2.14686,50.60866],[-2.1464,50.60853],[-2.14582,50.60849],[-2.14568,50.60878],[-2.14485,50.60933],[-2.14455,50.60943],[-2.14433,50.6097],[-2.14343,50.61065],[-2.143,50.61084],[-2.14265,50.61087],[-2.14201,50.61074],[-2.14068,50.61058],[-2.14,50.61059],[-2.13964,50.61051],[-2.13931,50.61052],[-2.13906,50.61062],[-2.13894,50.61079],[-2.13866,50.61098],[-2.13833,50.61137],[-2.13799,50.61164],[-2.13791,50.61189],[-2.13759,50.61208],[-2.13721,50.61221],[-2.1368,50.61217],[-2.1364,50.61234],[-2.13619,50.61228],[-2.13553,50.61245],[-2.13506,50.61263],[-2.13455,50.61265],[-2.13325,50.61223],[-2.13201,50.61171],[-2.13147,50.6115],[-2.13038,50.61084],[-2.12963,50.61028],[-2.12934,50.60998],[-2.12925,50.60952],[-2.12948,50.60922],[-2.12977,50.60906],[-2.12961,50.60893],[-2.12929,50.6092],[-2.12883,50.60968],[-2.12886,50.61008],[-2.12928,50.61044],[-2.12947,50.61067],[-2.13004,50.61106],[-2.13012,50.61123],[-2.13082,50.61152],[-2.131,50.61193],[-2.13139,50.61188],[-2.13196,50.61212],[-2.13232,50.61222],[-2.13341,50.61274],[-2.13379,50.61288],[-2.13441,50.61303],[-2.13504,50.61302],[-2.1363,50.61273],[-2.13724,50.61262],[-2.13768,50.6126],[-2.13842,50.61212],[-2.13876,50.61165],[-2.13907,50.61139],[-2.13925,50.61109],[-2.13954,50.61096],[-2.1398,50.611],[-2.14015,50.61095],[-2.1409,50.61093],[-2.14116,50.61108],[-2.14124,50.61129],[-2.1416,50.61136],[-2.14215,50.61117],[-2.14305,50.61118],[-2.1436,50.61104],[-2.14384,50.61083],[-2.14456,50.61012],[-2.14468,50.60981],[-2.14488,50.60954],[-2.14547,50.60931],[-2.14578,50.60913],[-2.14601,50.60918],[-2.14613,50.60935],[-2.14623,50.60976],[-2.14622,50.61018],[-2.1464,50.61048],[-2.1466,50.61065],[-2.14724,50.611],[-2.14764,50.61118],[-2.14829,50.61135],[-2.14868,50.6114],[-2.14894,50.61157],[-2.14962,50.61163],[-2.14991,50.61159],[-2.1501,50.61168],[-2.15049,50.61172],[-2.15099,50.61215],[-2.15115,50.61244],[-2.15136,50.61266],[-2.15172,50.61286],[-2.15196,50.61313],[-2.15215,50.61323],[-2.15248,50.61354],[-2.15279,50.61364],[-2.15321,50.61407],[-2.15352,50.61424],[-2.15369,50.61453],[-2.1538,50.61449],[-2.15435,50.61399]]]},"properties":{"risk":1,"dist":9}},
{"type":"Feature","geometry":{"type":"Polygon","coordinates":[[[-2.0763,50.59632],[-2.07663,50.59621],[-2.07682,50.59607],[-2.07762,50.59599],[-2.07791,50.59591],[-2.07836,50.59593],[-2.0789,50.59576],[-2.07939,50.59574],[-2.08031,50.59549],[-2.08076,50.59518],[-2.08079,50.59503],[-2.08112,50.5951],[-2.08166,50.5951],[-2.08184,50.59521],[-2.08246,50.59524],[-2.08269,50.59517],[-2.08305,50.59529],[-2.0839,50.5954],[-2.08478,50.59574],[-2.08547,50.59597],[-2.086,50.59605],[-2.08613,50.59613],[-2.08792,50.59673],[-2.08891,50.59739],[-2.08919,50.59746],[-2.08939,50.59759],[-2.08959,50.59755],[-2.09001,50.59768],[-2.09045,50.59762],[-2.09065,50.5977],[-2.09128,50.59769],[-2.09246,50.5979],[-2.09278,50.59791],[-2.09391,50.59805],[-2.09409,50.59814],[-2.09472,50.59829],[-2.09493,50.59818],[-2.09514,50.5977],[-2.09418,50.59762],[-2.09335,50.59735],[-2.09323,50.59744],[-2.09265,50.59729],[-2.092,50.59724],[-2.0909,50.59706],[-2.09038,50.59692],[-2.08978,50.59671],[-2.08966,50.59675],[-2.08884,50.59654],[-2.08788,50.59623],[-2.08717,50.59595],[-2.08612,50.59564],[-2.08518,50.59533],[-2.08341,50.59482],[-2.08309,50.59476],[-2.08216,50.59475],[-2.08101,50.59483],[-2.08075,50.59482],[-2.08058,50.59497],[-2.08018,50.5951],[-2.07927,50.59531],[-2.07847,50.59544],[-2.07787,50.5955],[-2.07714,50.59547],[-2.07675,50.59541],[-2.0763,50.59632]]]},"properties":{"risk":1,"dist":7}},
{"type":"Feature","geometry":{"type":"Polygon","coordinates":[[[-2.09493,50.59818],[-2.09537,50.59837],[-2.09606,50.59836],[-2.09663,50.59841],[-2.09698,50.59864],[-2.0973,50.59854],[-2.09798,50.5987],[-2.09886,50.5986],[-2.09977,50.59855],[-2.1002,50.59864],[-2.10042,50.59841],[-2.1007,50.59829],[-2.10116,50.59842],[-2.10164,50.59815],[-2.102,50.59788],[-2.10255,50.59783],[-2.10363,50.59759],[-2.10409,50.59755],[-2.10436,50.59764],[-2.10454,50.59755],[-2.1053,50.5974],[-2.10553,50.59753],[-2.10665,50.59779],[-2.10724,50.598],[-2.10886,50.59849],[-2.10936,50.59859],[-2.10961,50.59859],[-2.11002,50.59866],[-2.11113,50.59902],[-2.11158,50.5992],[-2.11207,50.59931],[-2.11197,50.5995],[-2.11216,50.59963],[-2.11243,50.59953],[-2.11292,50.5995],[-2.11331,50.59957],[-2.11389,50.59961],[-2.1142,50.59955],[-2.11435,50.59944],[-2.11473,50.59955],[-2.1149,50.59974],[-2.11568,50.59988],[-2.11606,50.60024],[-2.11629,50.6004],[-2.11657,50.60047],[-2.11706,50.60077],[-2.11748,50.60096],[-2.11748,50.60115],[-2.1178,50.60133],[-2.11859,50.60206],[-2.11905,50.60224],[-2.11974,50.60266],[-2.12076,50.60295],[-2.12112,50.60312],[-2.12163,50.60323],[-2.12197,50.60337],[-2.12272,50.60354],[-2.12305,50.60379],[-2.12336,50.60389],[-2.12391,50.60395],[-2.12493,50.60411],[-2.12528,50.60425],[-2.1257,50.60413],[-2.12624,50.60427],[-2.12684,50.60463],[-2.12754,50.60497],[-2.12773,50.60501],[-2.12808,50.60529],[-2.1286,50.60577],[-2.12926,50.60633],[-2.12955,50.60648],[-2.12958,50.60674],[-2.12986,50.60706],[-2.12995,50.60738],[-2.1301,50.60757],[-2.1301,50.60782],[-2.13098,50.60737],[-2.13074,50.60716],[-2.13066,50.60698],[-2.13036,50.60665],[-2.13023,50.60637],[-2.12926,50.60567],[-2.12861,50.60513],[-2.12816,50.60482],[-2.12739,50.60438],[-2.12663,50.60403],[-2.12597,50.60381],[-2.12528,50.60379],[-2.12379,50.6035],[-2.12259,50.60315],[-2.12155,50.60282],[-2.12059,50.60242],[-2.12007,50.60218],[-2.11962,50.6019],[-2.11905,50.60161],[-2.11821,50.60097],[-2.11769,50.60066],[-2.11665,50.60011],[-2.11625,50.59993],[-2.11598,50.59949],[-2.11528,50.59945],[-2.11516,50.59933],[-2.11457,50.59907],[-2.11419,50.59914],[-2.11402,50.59931],[-2.11367,50.59929],[-2.11269,50.59913],[-2.11231,50.59904],[-2.11142,50.59876],[-2.11007,50.59841],[-2.10935,50.59826],[-2.10784,50.59766],[-2.10665,50.59725],[-2.10561,50.59699],[-2.10506,50.59689],[-2.10422,50.5971],[-2.10331,50.59713],[-2.1019,50.59744],[-2.10117,50.59772],[-2.10013,50.598],[-2.09916,50.59816],[-2.09858,50.59818],[-2.09773,50.5981],[-2.09514,50.5977],[-2.09493,50.59818]]]},"properties":{"risk":1,"dist":7}},
{"type":"Feature","geometry":{"type":"Polygon","coordinates":[[[-2.13147,50.60805],[-2.13136,50.60779],[-2.13155,50.60765],[-2.13125,50.60755],[-2.13098,50.60737],[-2.1301,50.60782],[-2.13087,50.60815],[-2.13147,50.60805]]]},"properties":{"risk":2,"dist":22}},
{"type":"Feature","geometry":{"type":"Polygon","coordinates":[[[-2.18409,50.61663],[-2.18395,50.61671],[-2.18386,50.61702],[-2.1835,50.61718],[-2.18356,50.61759],[-2.1838,50.61784],[-2.18396,50.6179],[-2.18395,50.61836],[-2.18434,50.61866],[-2.18428,50.61875],[-2.18443,50.61902],[-2.18475,50.61917],[-2.18503,50.6195],[-2.1853,50.61958],[-2.18542,50.61972],[-2.18606,50.62009],[-2.18674,50.62057],[-2.18683,50.62093],[-2.18703,50.62117],[-2.18737,50.62139],[-2.18815,50.62146],[-2.18838,50.62178],[-2.18862,50.62186],[-2.18894,50.62181],[-2.18918,50.6221],[-2.18937,50.62222],[-2.1901,50.62243],[-2.19034,50.62264],[-2.19054,50.62259],[-2.19146,50.6213],[-2.19008,50.62089],[-2.18881,50.62045],[-2.18778,50.62007],[-2.18667,50.61959],[-2.18579,50.61908],[-2.18511,50.61854],[-2.18478,50.61811],[-2.18461,50.61777],[-2.18452,50.61718],[-2.18463,50.61681],[-2.18409,50.61663]]]},"properties":{"risk":1,"dist":7}},
{"type":"Feature","geometry":{"type":"Polygon","coordinates":[[[-2.35508,50.63089],[-2.35504,50.63124],[-2.35572,50.63135],[-2.35595,50.63144],[-2.35625,50.63166],[-2.35668,50.63178],[-2.35705,50.63132],[-2.35599,50.63099],[-2.35508,50.63089]]]},"properties":{"risk":1,"dist":3}},
{"type":"Feature","geometry":{"type":"Polygon","coordinates":[[[-2.19034,50.62264],[-2.19032,50.6228],[-2.19046,50.6233],[-2.1908,50.62379],[-2.19142,50.62417],[-2.19183,50.62422],[-2.19196,50.62432],[-2.19255,50.62444],[-2.19277,50.62459],[-2.19358,50.62464],[-2.19375,50.62469],[-2.19451,50.62463],[-2.1951,50.62451],[-2.19611,50.62445],[-2.19671,50.62425],[-2.19762,50.62421],[-2.19823,50.62397],[-2.19848,50.62392],[-2.19874,50.62375],[-2.19932,50.62352],[-2.19973,50.62342],[-2.20026,50.62316],[-2.20055,50.62317],[-2.20114,50.62303],[-2.20146,50.62284],[-2.20233,50.62249],[-2.20269,50.62243],[-2.20295,50.62222],[-2.20357,50.62202],[-2.20401,50.62195],[-2.20376,50.6217],[-2.20277,50.62192],[-2.20247,50.62206],[-2.20211,50.62208],[-2.20115,50.62231],[-2.20081,50.62249],[-2.20035,50.62246],[-2.19968,50.62267],[-2.1985,50.62298],[-2.19792,50.62293],[-2.1967,50.62268],[-2.19596,50.62245],[-2.19476,50.62216],[-2.19354,50.62184],[-2.19291,50.6217],[-2.19146,50.6213],[-2.19054,50.62259],[-2.19034,50.62264]]]},"properties":{"risk":1,"dist":7}},
{"type":"Feature","geometry":{"type":"Polygon","coordinates":[[[-2.41826,50.63533],[-2.41794,50.63577],[-2.41866,50.63596],[-2.41905,50.63574],[-2.41884,50.63557],[-2.41826,50.63533]]]},"properties":{"risk":2,"dist":16}},
{"type":"Feature","geometry":{"type":"Polygon","coordinates":[[[-2.41866,50.63596],[-2.41874,50.63599],[-2.41911,50.6358],[-2.41905,50.63574],[-2.41866,50.63596]]]},"properties":{"risk":2,"dist":15}},
{"type":"Feature","geometry":{"type":"Polygon","coordinates":[[[-2.20401,50.62195],[-2.20436,50.62185],[-2.20441,50.62209],[-2.20469,50.62233],[-2.2049,50.62236],[-2.20583,50.6227],[-2.20595,50.62232],[-2.20551,50.62227],[-2.20477,50.62207],[-2.20462,50.62191],[-2.20475,50.62178],[-2.20466,50.62159],[-2.20433,50.62169],[-2.20418,50.62151],[-2.20379,50.6216],[-2.20376,50.6217],[-2.20401,50.62195]]]},"properties":{"risk":2,"dist":11}},
{"type":"Feature","geometry":{"type":"Polygon","coordinates":[[[-2.20583,50.6227],[-2.20659,50.6227],[-2.20732,50.62294],[-2.20764,50.62298],[-2.20793,50.62293],[-2.20759,50.62229],[-2.20716,50.62237],[-2.2065,50.62237],[-2.20595,50.62232],[-2.20583,50.6227]]]},"properties":{"risk":1,"dist":8}},
{"type":"Feature","geometry":{"type":"Polygon","coordinates":[[[-2.20793,50.62293],[-2.20822,50.62283],[-2.20846,50.6226],[-2.20882,50.62248],[-2.209,50.62249],[-2.20934,50.62236],[-2.20945,50.62207],[-2.20964,50.62194],[-2.20955,50.62182],[-2.209,50.62186],[-2.20844,50.62211],[-2.20759,50.62229],[-2.20793,50.62293]]]},"properties":{"risk":1,"dist":8}},
{"type":"Feature","geometry":{"type":"Polygon","coordinates":[[[-2.25074,50.61808],[-2.25056,50.61779],[-2.25077,50.61771],[-2.25073,50.61768],[-2.25052,50.61755],[-2.25025,50.6175],[-2.25037,50.61738],[-2.24981,50.61704],[-2.249,50.61693],[-2.2481,50.61692],[-2.24808,50.617],[-2.24878,50.61719],[-2.24907,50.61745],[-2.2491,50.61768],[-2.24969,50.61785],[-2.24981,50.61814],[-2.25074,50.61808]]]},"properties":{"risk":2,"dist":17}},
{"type":"Feature","geometry":{"type":"Polygon","coordinates":[[[-2.20964,50.62194],[-2.20973,50.62188],[-2.21042,50.62186],[-2.21085,50.62167],[-2.21192,50.62168],[-2.21226,50.62162],[-2.21269,50.6216],[-2.21374,50.6215],[-2.21529,50.62156],[-2.21572,50.62147],[-2.2166,50.62154],[-2.21705,50.62147],[-2.21734,50.62131],[-2.21798,50.6214],[-2.21894,50.62142],[-2.21923,50.62133],[-2.21954,50.62135],[-2.22025,50.62133],[-2.22078,50.6212],[-2.22094,50.62124],[-2.22133,50.62113],[-2.22234,50.62106],[-2.22253,50.62094],[-2.22249,50.62068],[-2.22284,50.62051],[-2.22333,50.62044],[-2.2236,50.62033],[-2.22387,50.62006],[-2.22394,50.61977],[-2.2239,50.61956],[-2.2237,50.61921],[-2.22351,50.61919],[-2.2228,50.61881],[-2.22242,50.61913],[-2.22172,50.6196],[-2.22121,50.61987],[-2.2205,50.62013],[-2.21987,50.62027],[-2.21811,50.62039],[-2.2178,50.62034],[-2.21733,50.62036],[-2.21718,50.6205],[-2.21642,50.62069],[-2.21585,50.62074],[-2.21492,50.62071],[-2.21454,50.62067],[-2.21394,50.62072],[-2.21332,50.62068],[-2.2129,50.62074],[-2.21239,50.62089],[-2.21179,50.62101],[-2.21098,50.62111],[-2.21072,50.62109],[-2.20983,50.62115],[-2.20944,50.62126],[-2.20891,50.62162],[-2.209,50.62186],[-2.20955,50.62182],[-2.20964,50.62194]]]},"properties":{"risk":2,"dist":14}},
{"type":"Feature","geometry":{"type":"Polygon","coordinates":[[[-2.28451,50.62264],[-2.28438,50.62296],[-2.28445,50.623],[-2.28458,50.62266],[-2.28451,50.62264]]]},"properties":{"risk":1,"dist":5}},
{"type":"Feature","geometry":{"type":"Polygon","coordinates":[[[-2.2237,50.61921],[-2.22375,50.61898],[-2.22413,50.61862],[-2.2246,50.61825],[-2.22502,50.61813],[-2.22496,50.61773],[-2.22469,50.61747],[-2.22459,50.61719],[-2.22498,50.61718],[-2.22571,50.61723],[-2.22637,50.61744],[-2.22665,50.61775],[-2.22727,50.61801],[-2.22787,50.61797],[-2.22821,50.6177],[-2.2288,50.61753],[-2.22919,50.61729],[-2.22922,50.61695],[-2.22908,50.61675],[-2.22898,50.61639],[-2.22864,50.61623],[-2.22819,50.61611],[-2.22801,50.61622],[-2.22809,50.61636],[-2.2284,50.61639],[-2.22842,50.61659],[-2.22818,50.61695],[-2.22768,50.61711],[-2.22726,50.61717],[-2.22688,50.61714],[-2.2263,50.61697],[-2.22589,50.61679],[-2.22527,50.61678],[-2.22463,50.61668],[-2.22425,50.6167],[-2.22395,50.6168],[-2.22302,50.61696],[-2.22281,50.61714],[-2.22335,50.6176],[-2.2234,50.61797],[-2.22314,50.61847],[-2.2228,50.61881],[-2.22351,50.61919],[-2.2237,50.61921]]]},"properties":{"risk":1,"dist":7}},
{"type":"Feature","geometry":{"type":"Polygon","coordinates":[[[-2.22898,50.61639],[-2.22888,50.61622],[-2.22891,50.61611],[-2.22864,50.61623],[-2.22898,50.61639]]]},"properties":{"risk":0,"dist":0}},
{"type":"Feature","geometry":{"type":"Polygon","coordinates":[[[-2.28445,50.623],[-2.28533,50.62326],[-2.28582,50.62326],[-2.28627,50.62336],[-2.28714,50.62342],[-2.28734,50.62338],[-2.2883,50.62334],[-2.28892,50.62334],[-2.28955,50.62322],[-2.29054,50.6232],[-2.29087,50.62308],[-2.29104,50.62279],[-2.29137,50.62304],[-2.29213,50.6233],[-2.29261,50.62332],[-2.29304,50.62349],[-2.29359,50.62356],[-2.29383,50.62372],[-2.29411,50.62381],[-2.29463,50.6241],[-2.29529,50.62413],[-2.29555,50.62423],[-2.29616,50.62435],[-2.29682,50.6243],[-2.29737,50.62443],[-2.29823,50.62447],[-2.29916,50.62466],[-2.29999,50.62474],[-2.30088,50.62493],[-2.30093,50.62506],[-2.30122,50.62522],[-2.30173,50.6253],[-2.30194,50.6254],[-2.30284,50.62562],[-2.30334,50.62553],[-2.30394,50.62565],[-2.30451,50.62586],[-2.30508,50.62612],[-2.30531,50.62611],[-2.30562,50.62633],[-2.30589,50.62642],[-2.30636,50.62637],[-2.30648,50.6263],[-2.30695,50.62627],[-2.30735,50.62616],[-2.30858,50.62612],[-2.30885,50.62601],[-2.30989,50.62606],[-2.31018,50.62601],[-2.31078,50.62614],[-2.31133,50.62613],[-2.31186,50.62634],[-2.31215,50.62626],[-2.31215,50.62615],[-2.3118,50.62582],[-2.31064,50.62578],[-2.30966,50.62569],[-2.30804,50.62549],[-2.30692,50.62547],[-2.30593,50.62542],[-2.3039,50.62523],[-2.30272,50.62507],[-2.30157,50.62484],[-2.30097,50.62466],[-2.30031,50.62459],[-2.29865,50.62433],[-2.29698,50.62398],[-2.29613,50.62375],[-2.29532,50.62357],[-2.29422,50.62327],[-2.2935,50.62312],[-2.29247,50.623],[-2.29191,50.62289],[-2.29131,50.62267],[-2.29123,50.6225],[-2.29134,50.62222],[-2.29101,50.62225],[-2.29067,50.62269],[-2.29059,50.6229],[-2.28936,50.62285],[-2.2884,50.62296],[-2.28778,50.62295],[-2.28659,50.62289],[-2.28584,50.62282],[-2.28458,50.62266],[-2.28445,50.623]]]},"properties":{"risk":1,"dist":10}},
{"type":"Feature","geometry":{"type":"Polygon","coordinates":[[[-2.3514,50.63117],[-2.35133,50.63147],[-2.35199,50.6315],[-2.35337,50.63137],[-2.35387,50.63128],[-2.3542,50.63128],[-2.35409,50.63093],[-2.35278,50.63112],[-2.35217,50.63118],[-2.3514,50.63117]]]},"properties":{"risk":1,"dist":3}},
{"type":"Feature","geometry":{"type":"Polygon","coordinates":[[[-2.22888,50.61622],[-2.22929,50.61627],[-2.22951,50.61619],[-2.23006,50.61624],[-2.23121,50.61611],[-2.23176,50.61618],[-2.23199,50.6164],[-2.23225,50.61643],[-2.23265,50.61623],[-2.233,50.61613],[-2.23343,50.61619],[-2.23368,50.6161],[-2.23436,50.61612],[-2.23445,50.6162],[-2.23509,50.61625],[-2.23541,50.61652],[-2.23559,50.61654],[-2.23598,50.61625],[-2.23639,50.61626],[-2.23665,50.61637],[-2.23693,50.61639],[-2.23764,50.61657],[-2.23799,50.61653],[-2.23836,50.6164],[-2.23872,50.6164],[-2.23965,50.61658],[-2.23995,50.61657],[-2.24024,50.61647],[-2.24079,50.61657],[-2.24159,50.61647],[-2.2424,50.61644],[-2.24305,50.61646],[-2.24365,50.6166],[-2.24368,50.6167],[-2.24427,50.6167],[-2.24427,50.61658],[-2.24428,50.61637],[-2.244,50.61641],[-2.24341,50.6163],[-2.24232,50.61624],[-2.24218,50.61627],[-2.2415,50.61618],[-2.24008,50.61608],[-2.23978,50.6161],[-2.23885,50.61604],[-2.23802,50.61603],[-2.23779,50.61607],[-2.23717,50.616],[-2.23612,50.61601],[-2.2358,50.61604],[-2.23485,50.61601],[-2.23383,50.61603],[-2.23358,50.616],[-2.23253,50.61608],[-2.23197,50.61601],[-2.23089,50.616],[-2.2298,50.61611],[-2.22891,50.61611],[-2.22888,50.61622]]]},"properties":{"risk":1,"dist":1}},
{"type":"Feature","geometry":{"type":"Polygon","coordinates":[[[-2.34947,50.63089],[-2.34949,50.63143],[-2.34955,50.63162],[-2.34976,50.63152],[-2.34975,50.63132],[-2.35012,50.63125],[-2.35023,50.63097],[-2.34947,50.63089]]]},"properties":{"risk":1,"dist":5}},
{"type":"Feature","geometry":{"type":"Polygon","coordinates":[[[-2.3514,50.63117],[-2.35104,50.63113],[-2.35023,50.63097],[-2.35012,50.63125],[-2.35087,50.63136],[-2.35133,50.63147],[-2.3514,50.63117]]]},"properties":{"risk":1,"dist":4}},
{"type":"Feature","geometry":{"type":"Polygon","coordinates":[[[-2.24368,50.6167],[-2.24347,50.61678],[-2.2432,50.61707],[-2.24288,50.61719],[-2.24289,50.61747],[-2.24253,50.61784],[-2.24243,50.61807],[-2.24249,50.61826],[-2.24269,50.6184],[-2.24311,50.61849],[-2.24313,50.61894],[-2.24309,50.61918],[-2.24316,50.6194],[-2.24346,50.61966],[-2.24407,50.61989],[-2.24478,50.6201],[-2.24488,50.62035],[-2.24533,50.6205],[-2.24646,50.62049],[-2.24681,50.6204],[-2.24762,50.62039],[-2.24799,50.6202],[-2.24833,50.62018],[-2.2487,50.61995],[-2.24918,50.61973],[-2.24968,50.61932],[-2.24985,50.6191],[-2.25005,50.61897],[-2.24953,50.61872],[-2.24915,50.61902],[-2.24847,50.61928],[-2.24786,50.6194],[-2.24735,50.61946],[-2.24674,50.61946],[-2.2459,50.61937],[-2.24518,50.61918],[-2.24467,50.61897],[-2.24403,50.61859],[-2.24388,50.61843],[-2.24374,50.61812],[-2.24378,50.61776],[-2.24396,50.61758],[-2.24438,50.61744],[-2.24461,50.61729],[-2.24483,50.61693],[-2.24504,50.61676],[-2.24559,50.61672],[-2.2459,50.61674],[-2.24605,50.61666],[-2.24544,50.61648],[-2.24467,50.61636],[-2.24428,50.61637],[-2.24427,50.61658],[-2.24427,50.6167],[-2.24368,50.6167]]]},"properties":{"risk":2,"dist":22}},
{"type":"Feature","geometry":{"type":"Polygon","coordinates":[[[-2.24976,50.61842],[-2.24953,50.61872],[-2.25005,50.61897],[-2.25012,50.61879],[-2.25031,50.6187],[-2.25034,50.61854],[-2.24976,50.61842]]]},"properties":{"risk":1,"dist":7}},
{"type":"Feature","geometry":{"type":"Polygon","coordinates":[[[-2.42809,50.6342],[-2.42855,50.63461],[-2.42874,50.63484],[-2.4293,50.63472],[-2.42913,50.63453],[-2.42851,50.634],[-2.42809,50.6342]]]},"properties":{"risk":2,"dist":25}},
{"type":"Feature","geometry":{"type":"Polygon","coordinates":[[[-2.25073,50.61768],[-2.25129,50.61783],[-2.25136,50.61828],[-2.25199,50.61868],[-2.25255,50.61874],[-2.25283,50.61891],[-2.25344,50.61902],[-2.25386,50.61898],[-2.25434,50.61882],[-2.25448,50.61865],[-2.25452,50.6184],[-2.25438,50.61832],[-2.25439,50.61829],[-2.25448,50.61794],[-2.25393,50.61794],[-2.25338,50.61788],[-2.25312,50.61816],[-2.25258,50.61799],[-2.25201,50.61798],[-2.25189,50.6178],[-2.25284,50.61797],[-2.25278,50.61775],[-2.25189,50.61763],[-2.25106,50.61746],[-2.2508,50.61735],[-2.25037,50.61738],[-2.25025,50.6175],[-2.25052,50.61755],[-2.25073,50.61768]]]},"properties":{"risk":1,"dist":10}},
{"type":"Feature","geometry":{"type":"Polygon","coordinates":[[[-2.25452,50.6184],[-2.2547,50.61831],[-2.25513,50.61837],[-2.25589,50.61874],[-2.25605,50.6189],[-2.25688,50.61914],[-2.25744,50.61906],[-2.25766,50.61892],[-2.25812,50.61894],[-2.25859,50.61906],[-2.25888,50.61925],[-2.25917,50.61929],[-2.2594,50.61923],[-2.25969,50.61901],[-2.26006,50.61908],[-2.26064,50.61899],[-2.26111,50.61898],[-2.26142,50.61858],[-2.26037,50.61828],[-2.26015,50.61813],[-2.25987,50.61817],[-2.25976,50.6183],[-2.25936,50.61844],[-2.25858,50.6184],[-2.25769,50.61817],[-2.25719,50.61797],[-2.25695,50.61811],[-2.25664,50.61789],[-2.2564,50.61785],[-2.25571,50.61791],[-2.25508,50.61791],[-2.2549,50.61797],[-2.25448,50.61794],[-2.25439,50.61829],[-2.25438,50.61832],[-2.25452,50.6184]]]},"properties":{"risk":2,"dist":12}},
{"type":"Feature","geometry":{"type":"Polygon","coordinates":[[[-2.26111,50.61898],[-2.26129,50.61899],[-2.26176,50.61871],[-2.26142,50.61858],[-2.26111,50.61898]]]},"properties":{"risk":2,"dist":12}},
{"type":"Feature","geometry":{"type":"Polygon","coordinates":[[[-2.28451,50.62264],[-2.28303,50.62251],[-2.28197,50.62254],[-2.28087,50.62246],[-2.28005,50.62224],[-2.27954,50.62221],[-2.27894,50.62222],[-2.27806,50.62217],[-2.27743,50.62202],[-2.27687,50.62186],[-2.2765,50.6216],[-2.27634,50.6213],[-2.2768,50.6211],[-2.27538,50.62104],[-2.27447,50.62109],[-2.27392,50.62116],[-2.27414,50.62127],[-2.27462,50.6213],[-2.27459,50.6217],[-2.27416,50.62199],[-2.27363,50.62213],[-2.27324,50.62215],[-2.27274,50.62209],[-2.27237,50.62197],[-2.27172,50.62157],[-2.27076,50.62149],[-2.27047,50.62166],[-2.26975,50.62166],[-2.26894,50.62152],[-2.2681,50.62141],[-2.26726,50.62104],[-2.26625,50.62086],[-2.26574,50.62084],[-2.26534,50.62072],[-2.26457,50.62039],[-2.26315,50.61966],[-2.26283,50.61959],[-2.26218,50.6192],[-2.26206,50.61896],[-2.26176,50.61871],[-2.26129,50.61899],[-2.26098,50.61941],[-2.26111,50.61958],[-2.26094,50.61977],[-2.26062,50.61991],[-2.25988,50.62001],[-2.25928,50.61996],[-2.25896,50.62002],[-2.25906,50.62017],[-2.25957,50.6203],[-2.26021,50.62041],[-2.26041,50.6205],[-2.2607,50.62051],[-2.26125,50.62069],[-2.26176,50.62115],[-2.26221,50.62125],[-2.26263,50.62127],[-2.26329,50.6212],[-2.2636,50.62128],[-2.26381,50.62147],[-2.26406,50.62156],[-2.26447,50.62143],[-2.26501,50.62153],[-2.26531,50.62145],[-2.2658,50.62162],[-2.26603,50.62178],[-2.26636,50.62186],[-2.26667,50.62181],[-2.26755,50.62186],[-2.26807,50.62191],[-2.26831,50.62188],[-2.26905,50.62209],[-2.26951,50.6221],[-2.26968,50.62204],[-2.27021,50.62211],[-2.27093,50.62198],[-2.27141,50.62209],[-2.27165,50.62209],[-2.27209,50.62229],[-2.27264,50.62246],[-2.27383,50.6226],[-2.2747,50.62247],[-2.27483,50.62239],[-2.27522,50.62232],[-2.27544,50.62221],[-2.27563,50.62199],[-2.27601,50.62218],[-2.2763,50.62226],[-2.27698,50.62229],[-2.27745,50.62266],[-2.27793,50.6227],[-2.27825,50.62263],[-2.27887,50.62263],[-2.27958,50.62255],[-2.28001,50.62245],[-2.28023,50.6227],[-2.28087,50.62305],[-2.28149,50.62298],[-2.28183,50.62281],[-2.28256,50.62282],[-2.28335,50.62292],[-2.2841,50.62285],[-2.28438,50.62296],[-2.28451,50.62264]]]},"properties":{"risk":1,"dist":5}},
{"type":"Feature","geometry":{"type":"Polygon","coordinates":[[[-2.31215,50.62626],[-2.31229,50.62615],[-2.31255,50.62626],[-2.31303,50.62637],[-2.31366,50.62643],[-2.31381,50.62654],[-2.31478,50.62666],[-2.31537,50.62693],[-2.31593,50.62698],[-2.31629,50.62692],[-2.31641,50.62702],[-2.3169,50.62703],[-2.31735,50.6269],[-2.31771,50.62685],[-2.31877,50.62714],[-2.31949,50.62689],[-2.31975,50.62689],[-2.3203,50.62669],[-2.32055,50.62652],[-2.32072,50.62662],[-2.32121,50.62671],[-2.32149,50.62663],[-2.32175,50.62621],[-2.32194,50.62622],[-2.32224,50.62609],[-2.32233,50.62589],[-2.32265,50.62569],[-2.32292,50.62561],[-2.32308,50.62535],[-2.32359,50.62538],[-2.32375,50.62563],[-2.32388,50.62544],[-2.32409,50.62525],[-2.32391,50.625],[-2.32352,50.62484],[-2.32327,50.6248],[-2.32317,50.62493],[-2.32271,50.62491],[-2.32257,50.62509],[-2.3222,50.62508],[-2.32182,50.62521],[-2.32144,50.62527],[-2.32044,50.62537],[-2.32043,50.62545],[-2.31992,50.62558],[-2.31969,50.6257],[-2.31949,50.6256],[-2.31911,50.62566],[-2.31876,50.62553],[-2.31815,50.6255],[-2.31734,50.6254],[-2.31704,50.62545],[-2.31641,50.62542],[-2.31618,50.62549],[-2.31539,50.62545],[-2.31467,50.62536],[-2.31453,50.62548],[-2.31409,50.62563],[-2.31351,50.6257],[-2.31314,50.62566],[-2.31192,50.62576],[-2.3118,50.62582],[-2.31215,50.62615],[-2.31215,50.62626]]]},"properties":{"risk":1,"dist":4}},
{"type":"Feature","geometry":{"type":"Polygon","coordinates":[[[-2.32375,50.62563],[-2.32426,50.62578],[-2.32465,50.62531],[-2.32429,50.62522],[-2.32409,50.62525],[-2.32388,50.62544],[-2.32375,50.62563]]]},"properties":{"risk":2,"dist":22}},
{"type":"Feature","geometry":{"type":"Polygon","coordinates":[[[-2.32426,50.62578],[-2.32462,50.62593],[-2.32473,50.62609],[-2.32524,50.62641],[-2.32595,50.62651],[-2.32627,50.62671],[-2.32652,50.62675],[-2.32695,50.62693],[-2.32772,50.62702],[-2.32803,50.62698],[-2.32862,50.62715],[-2.3291,50.6271],[-2.32951,50.62717],[-2.32962,50.62729],[-2.33004,50.62757],[-2.33011,50.62793],[-2.33052,50.62835],[-2.33099,50.6285],[-2.33138,50.62871],[-2.33149,50.62901],[-2.33249,50.62968],[-2.33288,50.6298],[-2.33327,50.63001],[-2.33368,50.6303],[-2.33325,50.63057],[-2.33319,50.63073],[-2.33322,50.63115],[-2.33346,50.63144],[-2.33374,50.63145],[-2.33424,50.63131],[-2.33475,50.63151],[-2.33508,50.63121],[-2.33443,50.63091],[-2.33424,50.63054],[-2.33417,50.62997],[-2.33385,50.62964],[-2.33254,50.62917],[-2.33215,50.62893],[-2.33176,50.62845],[-2.33096,50.62804],[-2.33075,50.62791],[-2.33057,50.62767],[-2.33059,50.62752],[-2.33013,50.62703],[-2.32989,50.62689],[-2.32961,50.62688],[-2.32814,50.62654],[-2.32769,50.62648],[-2.32705,50.62629],[-2.32633,50.62592],[-2.32548,50.6258],[-2.3252,50.62558],[-2.32465,50.62531],[-2.32426,50.62578]]]},"properties":{"risk":2,"dist":22}},
{"type":"Feature","geometry":{"type":"Polygon","coordinates":[[[-2.35508,50.63089],[-2.35463,50.63088],[-2.35409,50.63093],[-2.3542,50.63128],[-2.35428,50.63122],[-2.35504,50.63124],[-2.35508,50.63089]]]},"properties":{"risk":1,"dist":3}},
{"type":"Feature","geometry":{"type":"Polygon","coordinates":[[[-2.34947,50.63089],[-2.3492,50.6309],[-2.34828,50.63103],[-2.34774,50.6312],[-2.34639,50.63156],[-2.34497,50.63186],[-2.34364,50.63202],[-2.34252,50.63209],[-2.34093,50.63209],[-2.33935,50.63201],[-2.33774,50.63186],[-2.33735,50.6318],[-2.33588,50.63147],[-2.33508,50.63121],[-2.33475,50.63151],[-2.33514,50.63175],[-2.3355,50.6318],[-2.3358,50.63205],[-2.33715,50.63225],[-2.33753,50.63236],[-2.33799,50.6324],[-2.33849,50.63236],[-2.33903,50.63252],[-2.33968,50.6326],[-2.3404,50.63252],[-2.3413,50.6326],[-2.34214,50.6325],[-2.34258,50.63253],[-2.34404,50.63242],[-2.3442,50.63257],[-2.34501,50.63269],[-2.34569,50.63264],[-2.34625,50.63251],[-2.34674,50.6325],[-2.34746,50.63226],[-2.34762,50.63215],[-2.34807,50.63202],[-2.34859,50.63173],[-2.34904,50.63172],[-2.34955,50.63162],[-2.34949,50.63143],[-2.34947,50.63089]]]},"properties":{"risk":2,"dist":22}},
{"type":"Feature","geometry":{"type":"Polygon","coordinates":[[[-2.4293,50.63472],[-2.42946,50.63463],[-2.42964,50.63433],[-2.42902,50.63375],[-2.42851,50.634],[-2.42913,50.63453],[-2.4293,50.63472]]]},"properties":{"risk":2,"dist":25}},
{"type":"Feature","geometry":{"type":"Polygon","coordinates":[[[-2.35668,50.63178],[-2.35744,50.63194],[-2.35788,50.63208],[-2.35869,50.63211],[-2.3597,50.632],[-2.36003,50.63194],[-2.36022,50.63181],[-2.36065,50.63187],[-2.36119,50.63175],[-2.36168,50.63174],[-2.36239,50.6315],[-2.36265,50.63158],[-2.36289,50.63152],[-2.36343,50.63153],[-2.36373,50.63148],[-2.3637,50.63115],[-2.36303,50.63117],[-2.36205,50.63116],[-2.36167,50.63121],[-2.36076,50.6314],[-2.36011,50.63146],[-2.35832,50.63151],[-2.35776,50.63149],[-2.35705,50.63132],[-2.35668,50.63178]]]},"properties":{"risk":1,"dist":3}},
{"type":"Feature","geometry":{"type":"Polygon","coordinates":[[[-2.36373,50.63148],[-2.36394,50.63146],[-2.36389,50.63115],[-2.3637,50.63115],[-2.36373,50.63148]]]},"properties":{"risk":1,"dist":3}},
{"type":"Feature","geometry":{"type":"Polygon","coordinates":[[[-2.36394,50.63146],[-2.36449,50.63136],[-2.36461,50.63141],[-2.36567,50.63141],[-2.36583,50.63164],[-2.36607,50.63175],[-2.36675,50.63186],[-2.3672,50.63207],[-2.36778,50.63217],[-2.36807,50.63216],[-2.36884,50.63238],[-2.36911,50.63238],[-2.36928,50.63247],[-2.3697,50.63248],[-2.37062,50.63258],[-2.37069,50.6324],[-2.36907,50.63202],[-2.36816,50.63179],[-2.3669,50.63152],[-2.36599,50.6313],[-2.36559,50.63107],[-2.3655,50.63111],[-2.36458,50.63111],[-2.36389,50.63115],[-2.36394,50.63146]]]},"properties":{"risk":1,"dist":1}},
{"type":"Feature","geometry":{"type":"Polygon","coordinates":[[[-2.37062,50.63258],[-2.3707,50.63261],[-2.37078,50.63242],[-2.37069,50.6324],[-2.37062,50.63258]]]},"properties":{"risk":2,"dist":11}},
{"type":"Feature","geometry":{"type":"Polygon","coordinates":[[[-2.42964,50.63433],[-2.42971,50.63413],[-2.42921,50.63366],[-2.42902,50.63375],[-2.42964,50.63433]]]},"properties":{"risk":2,"dist":23}},
{"type":"Feature","geometry":{"type":"Polygon","coordinates":[[[-2.42971,50.63413],[-2.42994,50.6338],[-2.43041,50.63361],[-2.43114,50.63324],[-2.43072,50.63291],[-2.42921,50.63366],[-2.42971,50.63413]]]},"properties":{"risk":2,"dist":14}},
{"type":"Feature","geometry":{"type":"Polygon","coordinates":[[[-2.3707,50.63261],[-2.37108,50.6327],[-2.37176,50.63301],[-2.37245,50.63317],[-2.37292,50.63333],[-2.37318,50.63353],[-2.3738,50.63382],[-2.37423,50.63385],[-2.3749,50.63395],[-2.37528,50.63416],[-2.37532,50.63433],[-2.37559,50.63446],[-2.37573,50.63475],[-2.37626,50.635],[-2.3766,50.63442],[-2.37636,50.63432],[-2.37614,50.63411],[-2.37607,50.63393],[-2.37584,50.63384],[-2.37515,50.63372],[-2.37379,50.63356],[-2.37346,50.63348],[-2.37302,50.63314],[-2.37257,50.63294],[-2.37078,50.63242],[-2.3707,50.63261]]]},"properties":{"risk":2,"dist":11}},
{"type":"Feature","geometry":{"type":"Polygon","coordinates":[[[-2.37626,50.635],[-2.37641,50.63519],[-2.37701,50.6353],[-2.37729,50.63539],[-2.37774,50.63543],[-2.37779,50.63592],[-2.37789,50.6357],[-2.37796,50.63553],[-2.37833,50.63522],[-2.3776,50.63477],[-2.37682,50.63447],[-2.3766,50.63442],[-2.37626,50.635]]]},"properties":{"risk":1,"dist":10}},
{"type":"Feature","geometry":{"type":"Polygon","coordinates":[[[-2.37779,50.63592],[-2.37786,50.63607],[-2.37877,50.63625],[-2.37912,50.63635],[-2.37986,50.6364],[-2.38049,50.63653],[-2.38158,50.63683],[-2.38215,50.63683],[-2.38222,50.63704],[-2.38266,50.63714],[-2.38322,50.63687],[-2.38391,50.63686],[-2.38435,50.63669],[-2.38462,50.63677],[-2.3857,50.63674],[-2.38632,50.63707],[-2.38658,50.63707],[-2.38695,50.63716],[-2.38737,50.63718],[-2.38777,50.637],[-2.38827,50.63699],[-2.38838,50.63711],[-2.38887,50.63739],[-2.38914,50.6374],[-2.38949,50.63761],[-2.38978,50.6376],[-2.39025,50.63728],[-2.39086,50.63744],[-2.39154,50.63753],[-2.3918,50.6374],[-2.39215,50.63744],[-2.39256,50.63732],[-2.39278,50.63732],[-2.39323,50.63712],[-2.39342,50.63745],[-2.39393,50.63745],[-2.39427,50.63738],[-2.39539,50.63723],[-2.3961,50.63717],[-2.39654,50.63717],[-2.39694,50.6371],[-2.39838,50.63709],[-2.39874,50.63706],[-2.4007,50.6367],[-2.40134,50.63652],[-2.40333,50.63616],[-2.40397,50.63612],[-2.40464,50.63618],[-2.40546,50.63615],[-2.40559,50.63608],[-2.40567,50.63568],[-2.4063,50.63557],[-2.40667,50.63539],[-2.40675,50.6352],[-2.40738,50.63531],[-2.40834,50.63531],[-2.40861,50.63524],[-2.40924,50.63476],[-2.40943,50.63484],[-2.40984,50.63515],[-2.41047,50.63522],[-2.41048,50.63511],[-2.41147,50.63433],[-2.41085,50.63392],[-2.41055,50.63358],[-2.41045,50.63334],[-2.41027,50.63317],[-2.41002,50.63308],[-2.40935,50.63296],[-2.40925,50.6331],[-2.40899,50.63295],[-2.40887,50.6331],[-2.40847,50.63299],[-2.40843,50.63318],[-2.40817,50.6336],[-2.40773,50.63396],[-2.40734,50.63421],[-2.4064,50.63452],[-2.40478,50.6349],[-2.40343,50.63524],[-2.40157,50.63558],[-2.40009,50.6359],[-2.39678,50.63646],[-2.39585,50.63659],[-2.39509,50.63667],[-2.39326,50.63665],[-2.39285,50.63662],[-2.39113,50.63645],[-2.38961,50.63617],[-2.3892,50.63612],[-2.38796,50.63606],[-2.38743,50.636],[-2.3868,50.63581],[-2.3851,50.63564],[-2.38397,50.63558],[-2.38315,50.6356],[-2.38208,50.63556],[-2.38095,50.63562],[-2.38039,50.6356],[-2.37923,50.63547],[-2.37873,50.63536],[-2.37833,50.63522],[-2.37796,50.63553],[-2.37789,50.6357],[-2.37779,50.63592]]]},"properties":{"risk":1,"dist":10}},
{"type":"Feature","geometry":{"type":"Polygon","coordinates":[[[-2.41047,50.63522],[-2.41072,50.63534],[-2.41074,50.63525],[-2.41162,50.63441],[-2.41147,50.63433],[-2.41048,50.63511],[-2.41047,50.63522]]]},"properties":{"risk":1,"dist":7}},
{"type":"Feature","geometry":{"type":"Polygon","coordinates":[[[-2.41826,50.63533],[-2.41777,50.63522],[-2.41609,50.63517],[-2.41522,50.63511],[-2.41387,50.63486],[-2.41162,50.63441],[-2.41074,50.63525],[-2.41072,50.63534],[-2.41096,50.63549],[-2.41155,50.63571],[-2.41229,50.63589],[-2.41294,50.63599],[-2.41356,50.63603],[-2.41366,50.63595],[-2.41447,50.63591],[-2.41495,50.63591],[-2.41547,50.63606],[-2.41571,50.63607],[-2.41651,50.63588],[-2.41753,50.63574],[-2.41767,50.63564],[-2.41794,50.63577],[-2.41826,50.63533]]]},"properties":{"risk":1,"dist":7}},
{"type":"Feature","geometry":{"type":"Polygon","coordinates":[[[-2.41874,50.63599],[-2.41897,50.63617],[-2.41877,50.63647],[-2.41896,50.63681],[-2.41934,50.63696],[-2.41955,50.63644],[-2.41911,50.6358],[-2.41874,50.63599]]]},"properties":{"risk":1,"dist":9}},
{"type":"Feature","geometry":{"type":"Polygon","coordinates":[[[-2.41934,50.63696],[-2.42023,50.63712],[-2.42072,50.6371],[-2.42046,50.63644],[-2.41955,50.63644],[-2.41934,50.63696]]]},"properties":{"risk":3,"dist":53}},
{"type":"Feature","geometry":{"type":"Polygon","coordinates":[[[-2.42199,50.63617],[-2.42144,50.63624],[-2.42107,50.63633],[-2.4214,50.63683],[-2.4217,50.63673],[-2.4222,50.63675],[-2.42199,50.63617]]]},"properties":{"risk":2,"dist":25}},
{"type":"Feature","geometry":{"type":"Polygon","coordinates":[[[-2.4222,50.63675],[-2.42273,50.63662],[-2.42302,50.63681],[-2.42271,50.63639],[-2.42258,50.63608],[-2.42199,50.63617],[-2.4222,50.63675]]]},"properties":{"risk":2,"dist":24}},
{"type":"Feature","geometry":{"type":"Polygon","coordinates":[[[-2.42809,50.6342],[-2.42715,50.63462],[-2.42572,50.63523],[-2.42496,50.63547],[-2.4237,50.63581],[-2.42258,50.63608],[-2.42271,50.63639],[-2.42302,50.63681],[-2.42339,50.63682],[-2.4238,50.63674],[-2.4242,50.63661],[-2.42466,50.63651],[-2.42531,50.63627],[-2.42556,50.6363],[-2.42592,50.63624],[-2.42639,50.63611],[-2.42714,50.63579],[-2.42736,50.63557],[-2.42777,50.63545],[-2.42821,50.63522],[-2.42847,50.63489],[-2.42874,50.63484],[-2.42855,50.63461],[-2.42809,50.6342]]]},"properties":{"risk":2,"dist":15}},
{"type":"Feature","geometry":{"type":"Polygon","coordinates":[[[-2.44888,50.61915],[-2.44838,50.61973],[-2.44688,50.62139],[-2.44585,50.62244],[-2.44491,50.62334],[-2.44439,50.62381],[-2.44394,50.62399],[-2.44403,50.62417],[-2.44438,50.62423],[-2.44559,50.62323],[-2.44712,50.62181],[-2.44807,50.62089],[-2.44868,50.62027],[-2.44872,50.62016],[-2.44953,50.6193],[-2.44893,50.61908],[-2.44888,50.61915]]]},"properties":{"risk":2,"dist":20}},
{"type":"Feature","geometry":{"type":"Polygon","coordinates":[[[-2.44384,50.60773],[-2.44357,50.60799],[-2.44341,50.60804],[-2.44271,50.60863],[-2.44134,50.60963],[-2.44144,50.60968],[-2.44346,50.60818],[-2.4437,50.60809],[-2.44394,50.60783],[-2.44384,50.60773]]]},"properties":{"risk":3,"dist":31}},
{"type":"Feature","geometry":{"type":"Polygon","coordinates":[[[-2.44384,50.60773],[-2.44347,50.60747],[-2.44356,50.60731],[-2.44395,50.60717],[-2.44453,50.60706],[-2.44422,50.60686],[-2.44407,50.60685],[-2.44342,50.60695],[-2.4432,50.60713],[-2.44305,50.60738],[-2.44305,50.60754],[-2.44325,50.60774],[-2.44341,50.60804],[-2.44357,50.60799],[-2.44384,50.60773]]]},"properties":{"risk":2,"dist":29}},
{"type":"Feature","geometry":{"type":"Polygon","coordinates":[[[-2.44453,50.60706],[-2.44456,50.60704],[-2.4442,50.6068],[-2.44406,50.60681],[-2.44407,50.60685],[-2.44422,50.60686],[-2.44453,50.60706]]]},"properties":{"risk":3,"dist":31}},
{"type":"Feature","geometry":{"type":"Polygon","coordinates":[[[-2.44456,50.60704],[-2.44467,50.60684],[-2.44461,50.6067],[-2.44512,50.60639],[-2.44558,50.6063],[-2.44627,50.60626],[-2.44621,50.60602],[-2.44567,50.60601],[-2.44481,50.60621],[-2.4443,50.60653],[-2.44409,50.6066],[-2.44406,50.60681],[-2.4442,50.6068],[-2.44456,50.60704]]]},"properties":{"risk":2,"dist":18}},
{"type":"Feature","geometry":{"type":"Polygon","coordinates":[[[-2.44911,50.60127],[-2.44887,50.60129],[-2.44913,50.60154],[-2.44936,50.60146],[-2.44911,50.60127]]]},"properties":{"risk":1,"dist":7}},
{"type":"Feature","geometry":{"type":"Polygon","coordinates":[[[-2.44627,50.60626],[-2.4466,50.60626],[-2.44692,50.60617],[-2.44739,50.60587],[-2.44714,50.60567],[-2.44681,50.60596],[-2.44621,50.60602],[-2.44627,50.60626]]]},"properties":{"risk":2,"dist":19}},
{"type":"Feature","geometry":{"type":"Polygon","coordinates":[[[-2.44739,50.60587],[-2.44768,50.60568],[-2.44824,50.60563],[-2.44816,50.60542],[-2.44805,50.60539],[-2.44731,50.60552],[-2.44714,50.60567],[-2.44739,50.60587]]]},"properties":{"risk":2,"dist":19}},
{"type":"Feature","geometry":{"type":"Polygon","coordinates":[[[-2.44824,50.60563],[-2.44908,50.60547],[-2.45038,50.60497],[-2.45066,50.60484],[-2.45139,50.60426],[-2.45146,50.60417],[-2.45088,50.60412],[-2.45073,50.60446],[-2.45042,50.60471],[-2.44993,50.60487],[-2.44948,50.60508],[-2.44892,50.60527],[-2.44816,50.60542],[-2.44824,50.60563]]]},"properties":{"risk":2,"dist":22}},
{"type":"Feature","geometry":{"type":"Polygon","coordinates":[[[-2.45146,50.60417],[-2.45137,50.604],[-2.45096,50.60395],[-2.45088,50.60412],[-2.45146,50.60417]]]},"properties":{"risk":1,"dist":6}},
{"type":"Feature","geometry":{"type":"Polygon","coordinates":[[[-2.45137,50.604],[-2.45111,50.60351],[-2.45042,50.60295],[-2.44995,50.60223],[-2.44978,50.60228],[-2.45033,50.60312],[-2.45072,50.60344],[-2.45098,50.60378],[-2.45096,50.60395],[-2.45137,50.604]]]},"properties":{"risk":1,"dist":9}},
{"type":"Feature","geometry":{"type":"Polygon","coordinates":[[[-2.44913,50.60154],[-2.44948,50.60186],[-2.44978,50.60228],[-2.44995,50.60223],[-2.44976,50.60189],[-2.44936,50.60146],[-2.44913,50.60154]]]},"properties":{"risk":1,"dist":10}},
{"type":"Feature","geometry":{"type":"Polygon","coordinates":[[[-2.44911,50.60127],[-2.44981,50.60132],[-2.45022,50.60128],[-2.45037,50.6012],[-2.45071,50.6008],[-2.45099,50.60082],[-2.45142,50.60057],[-2.45196,50.6008],[-2.45162,50.60056],[-2.4514,50.60047],[-2.45089,50.60076],[-2.45064,50.60069],[-2.45039,50.60102],[-2.44995,50.60117],[-2.44947,50.60118],[-2.449,50.60102],[-2.44809,50.60079],[-2.4475,50.60058],[-2.44733,50.60048],[-2.44731,50.6001],[-2.44765,50.59974],[-2.44737,50.59962],[-2.44701,50.60002],[-2.44706,50.6001],[-2.44671,50.60036],[-2.4466,50.60037],[-2.44494,50.59983],[-2.4433,50.59939],[-2.44204,50.59901],[-2.44171,50.59888],[-2.43993,50.59834],[-2.43973,50.59833],[-2.43897,50.59808],[-2.43565,50.59708],[-2.43543,50.59704],[-2.43471,50.5968],[-2.43312,50.5963],[-2.43288,50.59631],[-2.43268,50.59618],[-2.43245,50.59619],[-2.43235,50.59632],[-2.43284,50.59663],[-2.43316,50.59665],[-2.43355,50.59675],[-2.4388,50.59832],[-2.44183,50.59922],[-2.44228,50.59921],[-2.44385,50.5997],[-2.44634,50.60044],[-2.4472,50.60074],[-2.44807,50.60098],[-2.44887,50.60129],[-2.44911,50.60127]]]},"properties":{"risk":1,"dist":8}},
{"type":"Feature","geometry":{"type":"Polygon","coordinates":[[[-2.45196,50.6008],[-2.45214,50.60059],[-2.45229,50.60023],[-2.45251,50.60003],[-2.45227,50.59993],[-2.45162,50.60056],[-2.45196,50.6008]]]},"properties":{"risk":1,"dist":3}},
{"type":"Feature","geometry":{"type":"Polygon","coordinates":[[[-2.45251,50.60003],[-2.4529,50.59985],[-2.45332,50.59974],[-2.45359,50.59984],[-2.45345,50.59953],[-2.45303,50.59962],[-2.45234,50.59985],[-2.45227,50.59993],[-2.45251,50.60003]]]},"properties":{"risk":1,"dist":3}},
{"type":"Feature","geometry":{"type":"Polygon","coordinates":[[[-2.4553,50.59902],[-2.45447,50.59923],[-2.45379,50.59947],[-2.45345,50.59953],[-2.45359,50.59984],[-2.45413,50.60018],[-2.4544,50.60029],[-2.45468,50.60027],[-2.45495,50.60009],[-2.45549,50.59998],[-2.45595,50.59993],[-2.4553,50.59902]]]},"properties":{"risk":1,"dist":3}},
{"type":"Feature","geometry":{"type":"Polygon","coordinates":[[[-2.45618,50.59945],[-2.45663,50.59932],[-2.45694,50.59907],[-2.45754,50.59888],[-2.4577,50.5989],[-2.4581,50.59869],[-2.45838,50.59863],[-2.45854,50.59847],[-2.45902,50.59824],[-2.45939,50.59792],[-2.45951,50.5979],[-2.45947,50.59788],[-2.45947,50.59787],[-2.45917,50.5976],[-2.4588,50.59777],[-2.45794,50.59801],[-2.45676,50.59847],[-2.45606,50.59871],[-2.45554,50.59893],[-2.45618,50.59945]]]},"properties":{"risk":1,"dist":3}},
{"type":"Feature","geometry":{"type":"Polygon","coordinates":[[[-2.45951,50.5979],[-2.45967,50.5977],[-2.46001,50.59747],[-2.46033,50.59733],[-2.46049,50.59707],[-2.46048,50.59693],[-2.46061,50.59662],[-2.46056,50.59622],[-2.46066,50.59611],[-2.46061,50.59586],[-2.46034,50.59565],[-2.46023,50.59564],[-2.46009,50.59577],[-2.46024,50.5961],[-2.46026,50.5963],[-2.46002,50.59677],[-2.45943,50.59743],[-2.45917,50.5976],[-2.45947,50.59787],[-2.45947,50.59788],[-2.45951,50.5979]]]},"properties":{"risk":1,"dist":3}},
{"type":"Feature","geometry":{"type":"Polygon","coordinates":[[[-2.46034,50.59565],[-2.46066,50.59525],[-2.4607,50.5951],[-2.461,50.59505],[-2.46138,50.59518],[-2.46136,50.59496],[-2.46101,50.59489],[-2.46062,50.59501],[-2.46023,50.59564],[-2.46034,50.59565]]]},"properties":{"risk":1,"dist":5}},
{"type":"Feature","geometry":{"type":"Polygon","coordinates":[[[-2.46138,50.59518],[-2.46157,50.59516],[-2.46191,50.59497],[-2.4618,50.59482],[-2.46136,50.59496],[-2.46138,50.59518]]]},"properties":{"risk":1,"dist":3}},
{"type":"Feature","geometry":{"type":"Polygon","coordinates":[[[-2.41573,50.55046],[-2.4167,50.55047],[-2.41672,50.54992],[-2.41666,50.54984],[-2.41635,50.54986],[-2.41632,50.54993],[-2.41587,50.55004],[-2.41574,50.55018],[-2.41573,50.55046]]]},"properties":{"risk":1,"dist":7}},
{"type":"Feature","geometry":{"type":"Polygon","coordinates":[[[-2.46191,50.59497],[-2.46237,50.5948],[-2.46278,50.59448],[-2.46302,50.59452],[-2.46337,50.59445],[-2.46328,50.59433],[-2.463,50.59443],[-2.46268,50.59438],[-2.46221,50.59468],[-2.4618,50.59482],[-2.46191,50.59497]]]},"properties":{"risk":1,"dist":3}},
{"type":"Feature","geometry":{"type":"Polygon","coordinates":[[[-2.46337,50.59445],[-2.4638,50.59424],[-2.46439,50.59408],[-2.4645,50.59393],[-2.4642,50.59383],[-2.46378,50.59412],[-2.46328,50.59433],[-2.46337,50.59445]]]},"properties":{"risk":1,"dist":3}},
{"type":"Feature","geometry":{"type":"Polygon","coordinates":[[[-2.4645,50.59393],[-2.4646,50.59376],[-2.4642,50.59349],[-2.46489,50.59283],[-2.46529,50.5928],[-2.46548,50.59288],[-2.46543,50.59271],[-2.4651,50.59275],[-2.46502,50.59257],[-2.46469,50.59261],[-2.4648,50.5928],[-2.46431,50.59326],[-2.4639,50.59322],[-2.46381,50.59338],[-2.46434,50.59365],[-2.4642,50.59383],[-2.4645,50.59393]]]},"properties":{"risk":1,"dist":7}},
{"type":"Feature","geometry":{"type":"Polygon","coordinates":[[[-2.46548,50.59288],[-2.46599,50.59295],[-2.46636,50.59276],[-2.46691,50.59201],[-2.46629,50.59184],[-2.46595,50.59206],[-2.46571,50.59249],[-2.46543,50.59271],[-2.46548,50.59288]]]},"properties":{"risk":2,"dist":13}},
{"type":"Feature","geometry":{"type":"Polygon","coordinates":[[[-2.41666,50.54984],[-2.4164,50.54955],[-2.41599,50.54965],[-2.41635,50.54986],[-2.41666,50.54984]]]},"properties":{"risk":1,"dist":7}},
{"type":"Feature","geometry":{"type":"Polygon","coordinates":[[[-2.46691,50.59201],[-2.46708,50.59172],[-2.46732,50.59115],[-2.4673,50.59095],[-2.46748,50.59067],[-2.46749,50.59033],[-2.46761,50.59017],[-2.4679,50.58901],[-2.46801,50.58889],[-2.46819,50.58848],[-2.46824,50.58823],[-2.46861,50.58769],[-2.46898,50.58739],[-2.46923,50.58708],[-2.46948,50.58696],[-2.4691,50.58681],[-2.46874,50.58703],[-2.46855,50.58724],[-2.46819,50.58743],[-2.46805,50.58756],[-2.46774,50.58807],[-2.4674,50.58847],[-2.46731,50.58886],[-2.46717,50.58912],[-2.46702,50.58968],[-2.46706,50.58982],[-2.46686,50.58999],[-2.46677,50.59035],[-2.4666,50.59068],[-2.46659,50.59096],[-2.46638,50.59169],[-2.46629,50.59184],[-2.46691,50.59201]]]},"properties":{"risk":2,"dist":15}},
{"type":"Feature","geometry":{"type":"Polygon","coordinates":[[[-2.46948,50.58696],[-2.46994,50.58616],[-2.47038,50.58517],[-2.47022,50.58488],[-2.46999,50.58499],[-2.46987,50.58541],[-2.46971,50.58578],[-2.4691,50.58681],[-2.46948,50.58696]]]},"properties":{"risk":2,"dist":24}},
{"type":"Feature","geometry":{"type":"Polygon","coordinates":[[[-2.44147,50.56803],[-2.44189,50.56853],[-2.44262,50.56859],[-2.44259,50.56922],[-2.44266,50.56946],[-2.44344,50.56948],[-2.4435,50.56879],[-2.44371,50.5686],[-2.44431,50.56861],[-2.44456,50.56867],[-2.44507,50.56866],[-2.44567,50.56855],[-2.44582,50.56837],[-2.44524,50.56745],[-2.44508,50.56765],[-2.44478,50.56782],[-2.44428,50.56792],[-2.44373,50.56797],[-2.44346,50.56805],[-2.44255,50.56806],[-2.44147,50.56803]]]},"properties":{"risk":1,"dist":2}},
{"type":"Feature","geometry":{"type":"Polygon","coordinates":[[[-2.44147,50.56803],[-2.44089,50.5681],[-2.44123,50.56872],[-2.44171,50.5687],[-2.44189,50.56853],[-2.44147,50.56803]]]},"properties":{"risk":1,"dist":2}},
{"type":"Feature","geometry":{"type":"Polygon","coordinates":[[[-2.44089,50.5681],[-2.43947,50.56818],[-2.43895,50.56818],[-2.43758,50.56804],[-2.43745,50.56794],[-2.4373,50.56827],[-2.4374,50.5683],[-2.43733,50.56886],[-2.43764,50.56905],[-2.43857,50.5692],[-2.43876,50.5693],[-2.4392,50.56937],[-2.43972,50.56956],[-2.44081,50.56992],[-2.44089,50.57002],[-2.44029,50.57213],[-2.43995,50.57238],[-2.43772,50.57289],[-2.43799,50.57293],[-2.44029,50.57241],[-2.44038,50.57236],[-2.4411,50.5699],[-2.44104,50.56971],[-2.44112,50.56902],[-2.44123,50.56872],[-2.44089,50.5681]]]},"properties":{"risk":1,"dist":2}},
{"type":"Feature","geometry":{"type":"Polygon","coordinates":[[[-2.43745,50.56794],[-2.43624,50.56778],[-2.43596,50.56766],[-2.435,50.56754],[-2.43384,50.56737],[-2.43302,50.56721],[-2.43146,50.56693],[-2.43088,50.56678],[-2.4306,50.56652],[-2.43043,50.56667],[-2.43071,50.56764],[-2.43225,50.56771],[-2.43225,50.56778],[-2.43326,50.56792],[-2.43411,50.56806],[-2.43497,50.56816],[-2.43489,50.5689],[-2.43398,50.56919],[-2.43402,50.56927],[-2.43505,50.56898],[-2.4351,50.56823],[-2.43643,50.56833],[-2.43669,50.56813],[-2.4373,50.56827],[-2.43745,50.56794]]]},"properties":{"risk":2,"dist":11}},
{"type":"Feature","geometry":{"type":"Polygon","coordinates":[[[-2.4306,50.56652],[-2.43014,50.56634],[-2.42997,50.56648],[-2.42865,50.56651],[-2.42865,50.56707],[-2.42829,50.56742],[-2.42626,50.56799],[-2.42476,50.5684],[-2.42324,50.56876],[-2.42265,50.56892],[-2.4225,50.56903],[-2.42219,50.56905],[-2.42212,50.56919],[-2.42228,50.56931],[-2.4247,50.56868],[-2.42577,50.56844],[-2.42672,50.56827],[-2.4268,50.56815],[-2.42826,50.56778],[-2.4289,50.56774],[-2.42956,50.56788],[-2.4307,50.56822],[-2.43144,50.56839],[-2.43165,50.56812],[-2.431,50.56798],[-2.43064,50.56772],[-2.43071,50.56764],[-2.43043,50.56667],[-2.4306,50.56652]]]},"properties":{"risk":2,"dist":20}},
{"type":"Feature","geometry":{"type":"Polygon","coordinates":[[[-2.45645,50.51318],[-2.45659,50.51333],[-2.45661,50.5133],[-2.45662,50.51328],[-2.45658,50.51312],[-2.45645,50.51318]]]},"properties":{"risk":1,"dist":6}},
{"type":"Feature","geometry":{"type":"Polygon","coordinates":[[[-2.43014,50.56634],[-2.42963,50.56574],[-2.42933,50.56572],[-2.42902,50.56542],[-2.42863,50.56537],[-2.42841,50.56515],[-2.42817,50.56507],[-2.42782,50.56543],[-2.42804,50.56553],[-2.42842,50.56583],[-2.42858,50.56606],[-2.42865,50.56651],[-2.42997,50.56648],[-2.43014,50.56634]]]},"properties":{"risk":2,"dist":20}},
{"type":"Feature","geometry":{"type":"Polygon","coordinates":[[[-2.42817,50.56507],[-2.42763,50.565],[-2.42711,50.56484],[-2.42729,50.56473],[-2.42731,50.56453],[-2.42716,50.56443],[-2.42668,50.5644],[-2.42633,50.5641],[-2.42609,50.56378],[-2.42589,50.56364],[-2.42505,50.5629],[-2.4243,50.56206],[-2.4239,50.56222],[-2.42501,50.56338],[-2.42465,50.56355],[-2.42481,50.56364],[-2.42519,50.56351],[-2.42639,50.56468],[-2.42682,50.56499],[-2.42782,50.56543],[-2.42817,50.56507]]]},"properties":{"risk":2,"dist":13}},
{"type":"Feature","geometry":{"type":"Polygon","coordinates":[[[-2.45659,50.51333],[-2.45658,50.51335],[-2.45703,50.51344],[-2.45703,50.51359],[-2.45743,50.51372],[-2.45755,50.51386],[-2.45804,50.5142],[-2.45869,50.51447],[-2.45879,50.51457],[-2.45837,50.51473],[-2.45807,50.51461],[-2.45768,50.51489],[-2.45796,50.51497],[-2.45812,50.51485],[-2.4585,50.51503],[-2.45879,50.51488],[-2.45907,50.51503],[-2.45906,50.51556],[-2.45919,50.51569],[-2.45889,50.51594],[-2.45884,50.5161],[-2.45894,50.51635],[-2.45938,50.51658],[-2.45972,50.51665],[-2.45967,50.51692],[-2.45973,50.51715],[-2.45987,50.51725],[-2.45977,50.51769],[-2.45977,50.51801],[-2.4596,50.51825],[-2.45963,50.51898],[-2.45952,50.51927],[-2.4594,50.51984],[-2.45919,50.52006],[-2.45906,50.52048],[-2.45879,50.52096],[-2.4582,50.52141],[-2.45761,50.52202],[-2.45738,50.52235],[-2.45726,50.52265],[-2.45692,50.52281],[-2.45674,50.52305],[-2.45642,50.52332],[-2.45609,50.52372],[-2.45569,50.52439],[-2.45534,50.52479],[-2.4552,50.5253],[-2.45491,50.52583],[-2.45486,50.52666],[-2.45496,50.52703],[-2.455,50.52753],[-2.45492,50.52803],[-2.455,50.52887],[-2.45491,50.5291],[-2.45494,50.52967],[-2.45488,50.53014],[-2.45477,50.53025],[-2.45472,50.53069],[-2.45459,50.53095],[-2.45459,50.53124],[-2.45439,50.53161],[-2.45438,50.53204],[-2.45454,50.53221],[-2.45442,50.53236],[-2.45437,50.53263],[-2.45416,50.53277],[-2.454,50.53326],[-2.45398,50.53349],[-2.45381,50.53379],[-2.45365,50.53392],[-2.45349,50.53448],[-2.45354,50.53481],[-2.45328,50.53509],[-2.45316,50.53532],[-2.45306,50.53608],[-2.45298,50.53634],[-2.45277,50.53645],[-2.45271,50.53672],[-2.45269,50.53778],[-2.45261,50.53838],[-2.45273,50.53861],[-2.45276,50.53912],[-2.45261,50.53943],[-2.45257,50.53978],[-2.45272,50.54025],[-2.45301,50.54061],[-2.45316,50.54051],[-2.45351,50.54057],[-2.4537,50.54099],[-2.45391,50.54105],[-2.45405,50.54123],[-2.45436,50.54142],[-2.45463,50.54184],[-2.45498,50.5423],[-2.45578,50.54244],[-2.4563,50.54261],[-2.45642,50.54243],[-2.45642,50.54189],[-2.45615,50.54143],[-2.45577,50.54124],[-2.45536,50.54093],[-2.45492,50.54078],[-2.4544,50.54032],[-2.45413,50.53996],[-2.45385,50.53949],[-2.45395,50.53936],[-2.45366,50.53886],[-2.45377,50.53851],[-2.4544,50.53747],[-2.45436,50.53709],[-2.45454,50.53636],[-2.45453,50.53588],[-2.45468,50.53557],[-2.45496,50.53441],[-2.45537,50.53326],[-2.45535,50.53311],[-2.45557,50.53242],[-2.45561,50.5322],[-2.45587,50.53189],[-2.45593,50.53143],[-2.45604,50.53131],[-2.45601,50.53106],[-2.45609,50.53058],[-2.45594,50.52991],[-2.4559,50.5296],[-2.45598,50.52908],[-2.45593,50.52869],[-2.45577,50.52831],[-2.45577,50.52787],[-2.45583,50.52749],[-2.45579,50.52715],[-2.45567,50.52684],[-2.45541,50.52643],[-2.45548,50.52567],[-2.45584,50.52489],[-2.45598,50.52468],[-2.45643,50.52424],[-2.45656,50.52391],[-2.4568,50.52362],[-2.45762,50.52316],[-2.45781,50.52302],[-2.45805,50.5226],[-2.4587,50.52191],[-2.45899,50.52133],[-2.45922,50.52077],[-2.45945,50.52041],[-2.45953,50.52012],[-2.45971,50.51989],[-2.45992,50.51925],[-2.45989,50.51876],[-2.45983,50.51855],[-2.45988,50.51813],[-2.45997,50.51799],[-2.45998,50.51774],[-2.4601,50.51746],[-2.45999,50.51717],[-2.45993,50.51679],[-2.46013,50.51658],[-2.46008,50.51643],[-2.45977,50.51633],[-2.45956,50.51617],[-2.45929,50.5156],[-2.45944,50.51527],[-2.45948,50.51474],[-2.45938,50.51424],[-2.45915,50.51425],[-2.45829,50.51373],[-2.458,50.51362],[-2.45777,50.51334],[-2.45747,50.5132],[-2.45673,50.51309],[-2.45658,50.51312],[-2.45662,50.51328],[-2.45661,50.5133],[-2.45659,50.51333]]]},"properties":{"risk":1,"dist":6}},
{"type":"Feature","geometry":{"type":"Polygon","coordinates":[[[-2.45578,50.54244],[-2.45571,50.54261],[-2.45621,50.54271],[-2.4563,50.54261],[-2.45578,50.54244]]]},"properties":{"risk":1,"dist":6}},
{"type":"Feature","geometry":{"type":"Polygon","coordinates":[[[-2.48402,50.59103],[-2.48387,50.59105],[-2.48375,50.59107],[-2.48421,50.59148],[-2.48522,50.5919],[-2.48557,50.59191],[-2.48607,50.59176],[-2.48625,50.59146],[-2.48607,50.59134],[-2.48559,50.59166],[-2.48506,50.59166],[-2.48453,50.59147],[-2.48411,50.59119],[-2.48402,50.59103]]]},"properties":{"risk":1,"dist":8}},
{"type":"Feature","geometry":{"type":"Polygon","coordinates":[[[-2.41573,50.55046],[-2.41578,50.551],[-2.41599,50.5513],[-2.4165,50.55163],[-2.41682,50.55202],[-2.41719,50.55229],[-2.41729,50.55246],[-2.41739,50.55286],[-2.41778,50.55357],[-2.41783,50.55383],[-2.41809,50.55421],[-2.41824,50.55431],[-2.41881,50.55455],[-2.419,50.55471],[-2.4193,50.5551],[-2.41954,50.55548],[-2.41979,50.55599],[-2.42004,50.55633],[-2.42057,50.55725],[-2.42141,50.5581],[-2.42161,50.55846],[-2.4217,50.55918],[-2.42185,50.55953],[-2.42226,50.55997],[-2.42258,50.56064],[-2.42273,50.56087],[-2.42345,50.56174],[-2.4239,50.56222],[-2.4243,50.56206],[-2.42407,50.56199],[-2.42373,50.56161],[-2.42285,50.56075],[-2.42283,50.5605],[-2.42254,50.56001],[-2.42211,50.55951],[-2.42195,50.5591],[-2.42183,50.55841],[-2.4216,50.55804],[-2.42125,50.5576],[-2.42096,50.55733],[-2.42091,50.55715],[-2.42066,50.55674],[-2.42043,50.5565],[-2.42028,50.55616],[-2.42006,50.55596],[-2.41977,50.55556],[-2.41953,50.55515],[-2.41951,50.55495],[-2.41905,50.55447],[-2.41868,50.55428],[-2.41837,50.55422],[-2.41812,50.5539],[-2.41805,50.55355],[-2.41775,50.55317],[-2.41753,50.55237],[-2.41708,50.5519],[-2.41691,50.55159],[-2.41689,50.55137],[-2.41659,50.55123],[-2.41633,50.55122],[-2.4161,50.55106],[-2.416,50.55074],[-2.41607,50.55058],[-2.41643,50.5507],[-2.41668,50.55061],[-2.4167,50.55047],[-2.41573,50.55046]]]},"properties":{"risk":1,"dist":7}},
{"type":"Feature","geometry":{"type":"Polygon","coordinates":[[[-2.48625,50.59146],[-2.48636,50.59136],[-2.48678,50.59126],[-2.4875,50.59118],[-2.48814,50.59129],[-2.48829,50.59119],[-2.48759,50.59105],[-2.48715,50.59104],[-2.48631,50.59121],[-2.48607,50.59134],[-2.48625,50.59146]]]},"properties":{"risk":1,"dist":8}},
{"type":"Feature","geometry":{"type":"Polygon","coordinates":[[[-2.4164,50.54955],[-2.416,50.54932],[-2.41619,50.54903],[-2.4167,50.54893],[-2.4172,50.54872],[-2.41742,50.54854],[-2.41759,50.54824],[-2.41758,50.54802],[-2.41745,50.54787],[-2.41747,50.54757],[-2.41785,50.54722],[-2.41784,50.54705],[-2.41798,50.54659],[-2.41801,50.54631],[-2.41797,50.54572],[-2.41807,50.54558],[-2.41817,50.54477],[-2.41832,50.54438],[-2.41816,50.5438],[-2.41827,50.54361],[-2.41834,50.54324],[-2.41833,50.54292],[-2.41874,50.54252],[-2.41912,50.54236],[-2.41911,50.5422],[-2.41948,50.54192],[-2.41999,50.54168],[-2.42027,50.54141],[-2.42028,50.5413],[-2.42088,50.54099],[-2.42112,50.54095],[-2.42165,50.54074],[-2.4222,50.54058],[-2.42258,50.54033],[-2.42291,50.54022],[-2.42359,50.53984],[-2.42414,50.53958],[-2.42489,50.53903],[-2.42499,50.53889],[-2.42552,50.53858],[-2.42545,50.5385],[-2.42506,50.53867],[-2.42426,50.53925],[-2.42375,50.53956],[-2.42267,50.54008],[-2.42215,50.54038],[-2.42176,50.54052],[-2.42085,50.54093],[-2.4206,50.54099],[-2.42016,50.5412],[-2.41973,50.54155],[-2.41933,50.54177],[-2.41902,50.54207],[-2.41886,50.54235],[-2.4183,50.54263],[-2.41798,50.54307],[-2.4179,50.54397],[-2.4178,50.54412],[-2.41805,50.54431],[-2.41779,50.54519],[-2.41788,50.5457],[-2.41789,50.54609],[-2.41773,50.54649],[-2.41774,50.54666],[-2.41762,50.54715],[-2.41733,50.54749],[-2.41736,50.54796],[-2.41722,50.54819],[-2.41685,50.5485],[-2.41654,50.54865],[-2.41603,50.54882],[-2.4158,50.54898],[-2.41566,50.54922],[-2.41599,50.54965],[-2.4164,50.54955]]]},"properties":{"risk":1,"dist":7}},
{"type":"Feature","geometry":{"type":"Polygon","coordinates":[[[-2.42552,50.53858],[-2.4263,50.53835],[-2.42675,50.53851],[-2.42728,50.53856],[-2.42785,50.53871],[-2.42837,50.53873],[-2.42854,50.53853],[-2.42836,50.53847],[-2.42801,50.53804],[-2.42709,50.53831],[-2.42675,50.53828],[-2.42656,50.5382],[-2.4262,50.53826],[-2.42545,50.5385],[-2.42552,50.53858]]]},"properties":{"risk":1,"dist":6}},
{"type":"Feature","geometry":{"type":"Polygon","coordinates":[[[-2.45645,50.51318],[-2.45624,50.51323],[-2.45609,50.51342],[-2.456,50.51371],[-2.45566,50.51395],[-2.4553,50.51441],[-2.45473,50.51487],[-2.45449,50.51475],[-2.45428,50.51495],[-2.45433,50.51511],[-2.45389,50.5152],[-2.45351,50.51511],[-2.45346,50.51533],[-2.4531,50.51516],[-2.45279,50.5154],[-2.45277,50.51582],[-2.45269,50.51594],[-2.45217,50.5162],[-2.45217,50.51636],[-2.4518,50.51665],[-2.45154,50.51671],[-2.45115,50.51658],[-2.45063,50.51662],[-2.45029,50.51702],[-2.44974,50.51721],[-2.44917,50.51718],[-2.4491,50.51724],[-2.44916,50.51755],[-2.4491,50.51778],[-2.44889,50.518],[-2.44858,50.51812],[-2.44836,50.51808],[-2.44814,50.51819],[-2.44833,50.51846],[-2.44808,50.51863],[-2.44785,50.51858],[-2.44744,50.51864],[-2.44739,50.51888],[-2.44725,50.51907],[-2.44693,50.51914],[-2.44664,50.51901],[-2.44653,50.51912],[-2.44619,50.51907],[-2.44582,50.51923],[-2.44536,50.51967],[-2.44509,50.51974],[-2.44466,50.5197],[-2.44447,50.51978],[-2.44405,50.51976],[-2.4439,50.51994],[-2.44353,50.5201],[-2.44295,50.52047],[-2.44264,50.52056],[-2.44239,50.52086],[-2.44255,50.52113],[-2.4426,50.52137],[-2.44256,50.52163],[-2.44233,50.52205],[-2.44231,50.52243],[-2.44221,50.52256],[-2.44175,50.52285],[-2.44163,50.52305],[-2.44168,50.52328],[-2.44153,50.52358],[-2.44124,50.52384],[-2.44079,50.52406],[-2.44055,50.52409],[-2.43994,50.52457],[-2.43972,50.5246],[-2.43932,50.52489],[-2.43891,50.52544],[-2.43843,50.52577],[-2.43821,50.52597],[-2.43779,50.52665],[-2.43768,50.52724],[-2.43769,50.52779],[-2.43755,50.52934],[-2.43744,50.52985],[-2.43729,50.5301],[-2.43706,50.53034],[-2.43546,50.53123],[-2.4352,50.53133],[-2.43493,50.53157],[-2.43454,50.5318],[-2.43348,50.53261],[-2.43298,50.5331],[-2.43209,50.53369],[-2.4315,50.53416],[-2.43095,50.53475],[-2.43037,50.53528],[-2.42965,50.53584],[-2.42937,50.53631],[-2.42902,50.53672],[-2.42904,50.53679],[-2.42875,50.53725],[-2.42861,50.53763],[-2.42841,50.53786],[-2.42801,50.53804],[-2.42836,50.53847],[-2.42854,50.53853],[-2.42846,50.53846],[-2.4287,50.53813],[-2.42963,50.53793],[-2.43003,50.53795],[-2.43034,50.53771],[-2.43059,50.53738],[-2.43093,50.53716],[-2.43106,50.53697],[-2.43156,50.53647],[-2.43175,50.53593],[-2.43164,50.53561],[-2.43203,50.53547],[-2.43235,50.53528],[-2.43232,50.53514],[-2.43316,50.53428],[-2.43316,50.53414],[-2.43289,50.53399],[-2.43309,50.53378],[-2.43355,50.53359],[-2.43377,50.53338],[-2.43416,50.53326],[-2.43434,50.53295],[-2.43473,50.53273],[-2.43453,50.53252],[-2.43476,50.53243],[-2.43488,50.53213],[-2.43518,50.53198],[-2.43554,50.53158],[-2.4357,50.53153],[-2.43586,50.53131],[-2.43625,50.53104],[-2.43677,50.53091],[-2.43697,50.5308],[-2.43727,50.5311],[-2.43755,50.53117],[-2.43776,50.53138],[-2.43799,50.53132],[-2.43808,50.53102],[-2.4381,50.53058],[-2.43834,50.53028],[-2.43871,50.53019],[-2.43875,50.53004],[-2.43831,50.52972],[-2.43826,50.52937],[-2.43813,50.52919],[-2.4382,50.52902],[-2.43813,50.52874],[-2.43823,50.52849],[-2.43877,50.52832],[-2.43888,50.52817],[-2.43871,50.5279],[-2.43844,50.52771],[-2.43829,50.52744],[-2.43948,50.52766],[-2.43973,50.52789],[-2.44015,50.52795],[-2.44038,50.52757],[-2.44055,50.52752],[-2.44067,50.5273],[-2.44031,50.52719],[-2.43969,50.52714],[-2.43852,50.52699],[-2.43858,50.52679],[-2.4385,50.52664],[-2.43896,50.52653],[-2.43914,50.5263],[-2.43925,50.526],[-2.4398,50.5257],[-2.44005,50.52564],[-2.44029,50.52537],[-2.44068,50.5253],[-2.44077,50.52495],[-2.44122,50.5247],[-2.4414,50.52474],[-2.44173,50.52447],[-2.44228,50.52455],[-2.44241,50.52443],[-2.44257,50.5241],[-2.44283,50.52389],[-2.44267,50.52377],[-2.44214,50.52361],[-2.44226,50.52343],[-2.44282,50.52338],[-2.44339,50.5234],[-2.44366,50.52313],[-2.44356,50.52299],[-2.4436,50.5227],[-2.44345,50.52252],[-2.44364,50.52224],[-2.44297,50.52205],[-2.44306,50.52188],[-2.44297,50.52155],[-2.443,50.52128],[-2.44274,50.52096],[-2.44281,50.52076],[-2.44316,50.52072],[-2.44345,50.52058],[-2.44333,50.52048],[-2.44391,50.52028],[-2.4441,50.52],[-2.44454,50.51997],[-2.44513,50.51987],[-2.44552,50.51974],[-2.44575,50.51955],[-2.44637,50.51925],[-2.44657,50.51929],[-2.44713,50.51955],[-2.44749,50.51952],[-2.44763,50.51929],[-2.44745,50.51911],[-2.44752,50.51886],[-2.44793,50.51875],[-2.44829,50.51881],[-2.44868,50.51844],[-2.44905,50.51846],[-2.44963,50.51796],[-2.44938,50.51774],[-2.44942,50.51756],[-2.44988,50.51741],[-2.45025,50.51747],[-2.45041,50.51736],[-2.45065,50.51704],[-2.45113,50.51698],[-2.45143,50.51703],[-2.45155,50.51693],[-2.45182,50.51699],[-2.45208,50.51687],[-2.45223,50.51657],[-2.45243,50.51642],[-2.45266,50.5164],[-2.45279,50.5162],[-2.45298,50.51608],[-2.45315,50.51556],[-2.45369,50.51558],[-2.45385,50.51533],[-2.45441,50.51524],[-2.45464,50.51511],[-2.455,50.51504],[-2.45507,50.51487],[-2.45541,50.51471],[-2.45574,50.51432],[-2.45578,50.51418],[-2.45609,50.51402],[-2.4563,50.51377],[-2.45638,50.51352],[-2.45658,50.51335],[-2.45659,50.51333],[-2.45645,50.51318]]]},"properties":{"risk":1,"dist":6}},
{"type":"Feature","geometry":{"type":"Polygon","coordinates":[[[-2.45571,50.54261],[-2.45541,50.54335],[-2.45549,50.5435],[-2.45528,50.5436],[-2.45512,50.54425],[-2.45481,50.54454],[-2.45466,50.54487],[-2.45427,50.54498],[-2.45405,50.54531],[-2.4531,50.54558],[-2.453,50.5457],[-2.45284,50.54618],[-2.45309,50.54634],[-2.45349,50.54595],[-2.45393,50.54566],[-2.45434,50.54546],[-2.45456,50.54528],[-2.45524,50.54453],[-2.45567,50.54386],[-2.45566,50.54332],[-2.45601,50.5431],[-2.45621,50.54271],[-2.45571,50.54261]]]},"properties":{"risk":1,"dist":6}},
{"type":"Feature","geometry":{"type":"Polygon","coordinates":[[[-2.44733,50.55706],[-2.44718,50.55726],[-2.44705,50.55766],[-2.44706,50.55801],[-2.44728,50.55818],[-2.44734,50.55839],[-2.44813,50.55828],[-2.44799,50.55768],[-2.44798,50.5572],[-2.44733,50.55706]]]},"properties":{"risk":2,"dist":17}},
{"type":"Feature","geometry":{"type":"Polygon","coordinates":[[[-2.48402,50.59103],[-2.48417,50.59052],[-2.48421,50.59016],[-2.48381,50.58912],[-2.48354,50.58887],[-2.4832,50.5889],[-2.48258,50.58881],[-2.48219,50.5887],[-2.48165,50.58877],[-2.48105,50.58867],[-2.48028,50.58819],[-2.4794,50.58733],[-2.47876,50.58674],[-2.47818,50.58632],[-2.47751,50.58603],[-2.47718,50.58579],[-2.47684,50.58566],[-2.47554,50.58562],[-2.47479,50.58546],[-2.47471,50.58555],[-2.47524,50.58566],[-2.47546,50.58592],[-2.4759,50.58594],[-2.47656,50.5859],[-2.47693,50.58601],[-2.47745,50.58648],[-2.47778,50.58669],[-2.47791,50.58688],[-2.47958,50.58808],[-2.48037,50.58846],[-2.48136,50.58899],[-2.48207,50.58892],[-2.48232,50.589],[-2.48348,50.58921],[-2.48376,50.58996],[-2.48376,50.59025],[-2.48351,50.59078],[-2.48375,50.59107],[-2.48387,50.59105],[-2.48402,50.59103]]]},"properties":{"risk":1,"dist":8}},
{"type":"Feature","geometry":{"type":"Polygon","coordinates":[[[-2.45284,50.54618],[-2.45273,50.54636],[-2.45267,50.54673],[-2.45218,50.54694],[-2.45211,50.54714],[-2.4518,50.54731],[-2.45166,50.54747],[-2.45147,50.54791],[-2.4516,50.5481],[-2.45138,50.54823],[-2.45131,50.54857],[-2.45106,50.54931],[-2.45123,50.54953],[-2.45112,50.54983],[-2.45113,50.5504],[-2.45125,50.55061],[-2.45121,50.55121],[-2.45134,50.55179],[-2.45126,50.55209],[-2.451,50.55231],[-2.45084,50.55256],[-2.45087,50.55276],[-2.45101,50.55296],[-2.4504,50.5537],[-2.45024,50.55393],[-2.45029,50.55411],[-2.45006,50.55443],[-2.44973,50.55478],[-2.4495,50.55533],[-2.44922,50.55573],[-2.44887,50.55612],[-2.44831,50.55659],[-2.44733,50.55706],[-2.44798,50.5572],[-2.44814,50.557],[-2.44861,50.55675],[-2.44915,50.55619],[-2.4494,50.55588],[-2.44982,50.55548],[-2.44999,50.55494],[-2.45043,50.55446],[-2.45075,50.55386],[-2.45099,50.55327],[-2.45127,50.5531],[-2.45131,50.55264],[-2.45138,50.55247],[-2.45171,50.55218],[-2.45198,50.55203],[-2.45217,50.5518],[-2.45231,50.55134],[-2.45223,50.55101],[-2.45188,50.55031],[-2.45173,50.54992],[-2.45165,50.54935],[-2.45192,50.54833],[-2.45198,50.54782],[-2.45208,50.54752],[-2.45255,50.54699],[-2.45277,50.54658],[-2.45309,50.54634],[-2.45284,50.54618]]]},"properties":{"risk":1,"dist":6}},
{"type":"Feature","geometry":{"type":"Polygon","coordinates":[[[-2.48814,50.59129],[-2.48874,50.5916],[-2.49048,50.59227],[-2.49113,50.59285],[-2.49125,50.59303],[-2.49189,50.59332],[-2.4922,50.59337],[-2.49315,50.59379],[-2.49372,50.59388],[-2.49403,50.59397],[-2.49413,50.59387],[-2.49334,50.59371],[-2.49262,50.59337],[-2.49138,50.59268],[-2.49083,50.59218],[-2.49035,50.59192],[-2.48922,50.59152],[-2.48891,50.59146],[-2.48829,50.59119],[-2.48814,50.59129]]]},"properties":{"risk":1,"dist":9}},
{"type":"Feature","geometry":{"type":"Polygon","coordinates":[[[-2.49403,50.59397],[-2.49428,50.59394],[-2.49503,50.59434],[-2.49509,50.59442],[-2.49592,50.59483],[-2.49614,50.59501],[-2.49698,50.59548],[-2.4974,50.59564],[-2.49736,50.59584],[-2.49737,50.59583],[-2.49745,50.59576],[-2.49751,50.5956],[-2.49706,50.59542],[-2.49623,50.59491],[-2.49581,50.59463],[-2.49517,50.59435],[-2.49515,50.5943],[-2.4943,50.59385],[-2.49413,50.59387],[-2.49403,50.59397]]]},"properties":{"risk":1,"dist":9}},
{"type":"Feature","geometry":{"type":"Polygon","coordinates":[[[-2.49736,50.59584],[-2.49743,50.59596],[-2.49796,50.59632],[-2.49831,50.59683],[-2.49833,50.59696],[-2.49882,50.59767],[-2.499,50.5976],[-2.49868,50.5971],[-2.49849,50.59693],[-2.49813,50.59632],[-2.49782,50.59606],[-2.49753,50.5959],[-2.49745,50.59576],[-2.49737,50.59583],[-2.49736,50.59584]]]},"properties":{"risk":1,"dist":9}},
{"type":"Feature","geometry":{"type":"Polygon","coordinates":[[[-2.49882,50.59767],[-2.4992,50.59851],[-2.49908,50.59906],[-2.49886,50.59949],[-2.49869,50.60005],[-2.49855,50.60018],[-2.4979,50.6006],[-2.49733,50.60083],[-2.49687,50.60107],[-2.4967,50.60109],[-2.49594,50.60142],[-2.49566,50.60158],[-2.49522,50.60208],[-2.49514,50.60241],[-2.49545,50.60236],[-2.49548,50.60213],[-2.49574,50.60179],[-2.49607,50.60151],[-2.49673,50.60124],[-2.49712,50.60117],[-2.49739,50.60095],[-2.49819,50.60064],[-2.4988,50.6002],[-2.49904,50.5999],[-2.49913,50.59955],[-2.49945,50.5987],[-2.4994,50.59844],[-2.499,50.5976],[-2.49882,50.59767]]]},"properties":{"risk":1,"dist":9}},
{"type":"Feature","geometry":{"type":"Polygon","coordinates":[[[-2.49514,50.60241],[-2.49533,50.60276],[-2.49577,50.60315],[-2.49593,50.60304],[-2.49561,50.60282],[-2.49545,50.60236],[-2.49514,50.60241]]]},"properties":{"risk":1,"dist":9}},
{"type":"Feature","geometry":{"type":"Polygon","coordinates":[[[-2.49577,50.60315],[-2.49648,50.60346],[-2.49688,50.60353],[-2.49747,50.60351],[-2.49806,50.60343],[-2.49932,50.60362],[-2.49971,50.60374],[-2.50017,50.60399],[-2.50051,50.60426],[-2.50069,50.60448],[-2.50089,50.60489],[-2.50108,50.60515],[-2.50119,50.60551],[-2.50116,50.60573],[-2.50086,50.60632],[-2.50098,50.60668],[-2.50118,50.60671],[-2.50106,50.60638],[-2.50137,50.60564],[-2.50135,50.60525],[-2.50101,50.60446],[-2.50066,50.60404],[-2.49996,50.60364],[-2.49947,50.60346],[-2.49848,50.60332],[-2.49802,50.60329],[-2.49728,50.60335],[-2.49693,50.60332],[-2.49638,50.6032],[-2.49593,50.60304],[-2.49577,50.60315]]]},"properties":{"risk":1,"dist":9}},
{"type":"Feature","geometry":{"type":"Polygon","coordinates":[[[-2.5089,50.61143],[-2.50834,50.61122],[-2.50794,50.61096],[-2.50734,50.61049],[-2.50692,50.6103],[-2.50571,50.60992],[-2.50534,50.60943],[-2.50519,50.60931],[-2.50503,50.60896],[-2.50504,50.6088],[-2.50526,50.6086],[-2.50611,50.60844],[-2.50713,50.60813],[-2.50757,50.60795],[-2.50785,50.60748],[-2.50784,50.6073],[-2.50766,50.6069],[-2.50735,50.60654],[-2.50687,50.60616],[-2.50631,50.60581],[-2.50472,50.60513],[-2.5044,50.60511],[-2.50374,50.60539],[-2.50272,50.60605],[-2.50258,50.60626],[-2.50216,50.60656],[-2.50232,50.60667],[-2.50255,50.60655],[-2.50287,50.60629],[-2.50293,50.60609],[-2.50404,50.6054],[-2.5044,50.60526],[-2.50475,50.60535],[-2.50638,50.60614],[-2.50722,50.60681],[-2.50755,50.60741],[-2.50735,50.60775],[-2.5072,50.60787],[-2.50642,50.60816],[-2.50569,50.60835],[-2.50513,50.60845],[-2.50496,50.60855],[-2.50492,50.60898],[-2.50507,50.60933],[-2.50523,50.60947],[-2.50567,50.61002],[-2.50617,50.61015],[-2.507,50.61048],[-2.50725,50.61063],[-2.50795,50.61118],[-2.50878,50.61154],[-2.5089,50.61143]]]},"properties":{"risk":1,"dist":9}},
{"type":"Feature","geometry":{"type":"Polygon","coordinates":[[[-2.54577,50.62987],[-2.54566,50.62989],[-2.54598,50.63031],[-2.54655,50.6305],[-2.54706,50.6304],[-2.54776,50.63015],[-2.54773,50.63007],[-2.54759,50.62998],[-2.54677,50.63026],[-2.54609,50.63028],[-2.54577,50.62987]]]},"properties":{"risk":1,"dist":9}},
{"type":"Feature","geometry":{"type":"Polygon","coordinates":[[[-2.50878,50.61154],[-2.5093,50.61168],[-2.51006,50.61177],[-2.51059,50.61166],[-2.51148,50.61126],[-2.5116,50.61118],[-2.51214,50.61098],[-2.51269,50.61065],[-2.51299,50.6102],[-2.51336,50.61027],[-2.51399,50.61078],[-2.51409,50.61097],[-2.51451,50.61152],[-2.51451,50.61174],[-2.51473,50.6117],[-2.51468,50.61132],[-2.51425,50.61091],[-2.51413,50.61065],[-2.51385,50.61036],[-2.51346,50.61011],[-2.51324,50.61006],[-2.5129,50.61014],[-2.51263,50.61049],[-2.51213,50.61085],[-2.51155,50.61107],[-2.51068,50.6115],[-2.51033,50.61163],[-2.50981,50.61165],[-2.50943,50.61159],[-2.5089,50.61143],[-2.50878,50.61154]]]},"properties":{"risk":1,"dist":8}},
{"type":"Feature","geometry":{"type":"Polygon","coordinates":[[[-2.51451,50.61174],[-2.51448,50.61228],[-2.5145,50.61268],[-2.51461,50.613],[-2.51461,50.61322],[-2.51432,50.61427],[-2.51438,50.61453],[-2.51458,50.61476],[-2.51519,50.6151],[-2.51578,50.61528],[-2.51624,50.61554],[-2.51628,50.61564],[-2.51607,50.61611],[-2.51607,50.61671],[-2.5167,50.61742],[-2.51751,50.61797],[-2.51847,50.61794],[-2.51891,50.61795],[-2.51963,50.61802],[-2.52022,50.61813],[-2.52123,50.61821],[-2.52186,50.61804],[-2.52214,50.6179],[-2.52273,50.61789],[-2.52359,50.61809],[-2.52391,50.6181],[-2.52424,50.61801],[-2.52454,50.61746],[-2.52458,50.61707],[-2.5248,50.61697],[-2.52554,50.617],[-2.52716,50.61712],[-2.5272,50.61696],[-2.52637,50.61697],[-2.52527,50.61685],[-2.52484,50.61686],[-2.52455,50.61694],[-2.52405,50.61774],[-2.52344,50.6179],[-2.52243,50.61777],[-2.5221,50.61783],[-2.52129,50.61809],[-2.52092,50.6181],[-2.52021,50.61798],[-2.51895,50.61784],[-2.51844,50.61781],[-2.51803,50.61784],[-2.51771,50.61777],[-2.51754,50.61783],[-2.51719,50.61762],[-2.51662,50.61717],[-2.51639,50.61676],[-2.51628,50.61629],[-2.51648,50.61559],[-2.51636,50.61531],[-2.5152,50.61487],[-2.51484,50.61462],[-2.51494,50.61441],[-2.51468,50.61434],[-2.51459,50.61403],[-2.51469,50.61341],[-2.51478,50.6131],[-2.51467,50.6119],[-2.51473,50.6117],[-2.51451,50.61174]]]},"properties":{"risk":1,"dist":8}},
{"type":"Feature","geometry":{"type":"Polygon","coordinates":[[[-2.52716,50.61712],[-2.5285,50.61724],[-2.52908,50.61726],[-2.52961,50.61722],[-2.53014,50.61741],[-2.53055,50.61748],[-2.53112,50.61751],[-2.53142,50.61759],[-2.53216,50.61786],[-2.53273,50.61818],[-2.53332,50.61836],[-2.53386,50.61839],[-2.53455,50.61863],[-2.53503,50.61873],[-2.53643,50.61925],[-2.53779,50.61984],[-2.53796,50.61988],[-2.53905,50.62045],[-2.53935,50.62071],[-2.5395,50.62062],[-2.53924,50.62037],[-2.5384,50.61987],[-2.53776,50.61957],[-2.53667,50.61913],[-2.53521,50.6186],[-2.53457,50.61847],[-2.53396,50.61823],[-2.53339,50.61816],[-2.53282,50.61796],[-2.53166,50.61745],[-2.53068,50.61726],[-2.53037,50.61727],[-2.5299,50.61713],[-2.52942,50.61709],[-2.52903,50.61711],[-2.52818,50.61707],[-2.5272,50.61696],[-2.52716,50.61712]]]},"properties":{"risk":1,"dist":9}},
{"type":"Feature","geometry":{"type":"Polygon","coordinates":[[[-2.53935,50.62071],[-2.53945,50.62077],[-2.53957,50.62131],[-2.53996,50.62202],[-2.54087,50.62246],[-2.54112,50.62245],[-2.54186,50.6227],[-2.54196,50.62295],[-2.54227,50.62308],[-2.54273,50.62316],[-2.54314,50.62307],[-2.54372,50.62332],[-2.54418,50.62345],[-2.54433,50.6237],[-2.54433,50.62413],[-2.54428,50.62441],[-2.5444,50.6248],[-2.54444,50.62519],[-2.54473,50.62549],[-2.54485,50.62544],[-2.54462,50.62512],[-2.54479,50.62491],[-2.5446,50.62477],[-2.54449,50.62448],[-2.54452,50.62383],[-2.5443,50.62339],[-2.54389,50.62327],[-2.54323,50.62301],[-2.54285,50.62306],[-2.5423,50.62297],[-2.54206,50.62288],[-2.54191,50.6226],[-2.54169,50.62256],[-2.54118,50.62235],[-2.54086,50.62236],[-2.54067,50.62222],[-2.54017,50.62204],[-2.53995,50.62172],[-2.5397,50.62119],[-2.53961,50.6207],[-2.5395,50.62062],[-2.53935,50.62071]]]},"properties":{"risk":1,"dist":8}},
{"type":"Feature","geometry":{"type":"Polygon","coordinates":[[[-2.55039,50.62796],[-2.55132,50.62762],[-2.55162,50.62762],[-2.55193,50.62736],[-2.55143,50.62679],[-2.5507,50.62625],[-2.55033,50.62583],[-2.55004,50.62559],[-2.54882,50.62484],[-2.54833,50.62469],[-2.54774,50.62467],[-2.54741,50.6248],[-2.5471,50.62512],[-2.54665,50.62546],[-2.54674,50.62551],[-2.54719,50.62517],[-2.54749,50.62485],[-2.54789,50.62474],[-2.54853,50.62482],[-2.54887,50.62496],[-2.54929,50.62526],[-2.54995,50.62564],[-2.55033,50.62606],[-2.55097,50.6266],[-2.55169,50.62734],[-2.5516,50.62747],[-2.55115,50.62751],[-2.55022,50.62783],[-2.55039,50.62796]]]},"properties":{"risk":1,"dist":8}},
{"type":"Feature","geometry":{"type":"Polygon","coordinates":[[[-2.55022,50.62783],[-2.54985,50.62801],[-2.54923,50.62815],[-2.54825,50.62802],[-2.54807,50.62783],[-2.5472,50.62754],[-2.54686,50.62752],[-2.54664,50.62758],[-2.54617,50.62786],[-2.54631,50.62795],[-2.54674,50.62764],[-2.54709,50.62765],[-2.54755,50.62776],[-2.54807,50.62803],[-2.54848,50.62815],[-2.54931,50.62825],[-2.5499,50.62819],[-2.55039,50.62796],[-2.55022,50.62783]]]},"properties":{"risk":1,"dist":9}},
{"type":"Feature","geometry":{"type":"Polygon","coordinates":[[[-2.54577,50.62987],[-2.5461,50.62945],[-2.54614,50.62917],[-2.54602,50.62875],[-2.546,50.62846],[-2.54609,50.62819],[-2.54631,50.62795],[-2.54617,50.62786],[-2.5459,50.62809],[-2.54579,50.62836],[-2.54579,50.62862],[-2.54592,50.62935],[-2.54566,50.62989],[-2.54577,50.62987]]]},"properties":{"risk":1,"dist":9}},
{"type":"Feature","geometry":{"type":"Polygon","coordinates":[[[-2.54776,50.63015],[-2.54819,50.63009],[-2.54905,50.63004],[-2.54978,50.63028],[-2.55062,50.63052],[-2.55091,50.63071],[-2.55169,50.63095],[-2.55219,50.63104],[-2.55257,50.63095],[-2.55279,50.63078],[-2.55301,50.63089],[-2.55333,50.63088],[-2.55352,50.63061],[-2.55344,50.63044],[-2.553,50.63039],[-2.55282,50.63058],[-2.55225,50.63065],[-2.55174,50.63065],[-2.5512,50.63057],[-2.54901,50.62995],[-2.54773,50.63007],[-2.54776,50.63015]]]},"properties":{"risk":1,"dist":9}},
{"type":"Feature","geometry":{"type":"Polygon","coordinates":[[[-2.55352,50.63061],[-2.55391,50.63057],[-2.55465,50.63077],[-2.55478,50.63076],[-2.55532,50.6305],[-2.55623,50.63054],[-2.55684,50.6306],[-2.55741,50.63072],[-2.55779,50.63091],[-2.55806,50.63114],[-2.55814,50.63148],[-2.55805,50.63185],[-2.55805,50.63279],[-2.55835,50.63322],[-2.55881,50.63312],[-2.55872,50.63291],[-2.55842,50.63176],[-2.5584,50.63144],[-2.5582,50.63095],[-2.55794,50.63078],[-2.55733,50.63058],[-2.55682,50.63046],[-2.55558,50.63034],[-2.55522,50.63036],[-2.55485,50.63055],[-2.55435,50.63054],[-2.55382,50.63041],[-2.55344,50.63044],[-2.55352,50.63061]]]},"properties":{"risk":1,"dist":9}},
{"type":"Feature","geometry":{"type":"Polygon","coordinates":[[[-2.55835,50.63322],[-2.55899,50.63381],[-2.55918,50.63403],[-2.55913,50.63416],[-2.55929,50.63465],[-2.55978,50.63479],[-2.55997,50.63506],[-2.55976,50.63557],[-2.55985,50.63602],[-2.56005,50.63633],[-2.56028,50.63701],[-2.56051,50.63782],[-2.56082,50.63807],[-2.56132,50.63828],[-2.56169,50.63837],[-2.56205,50.63837],[-2.56282,50.63807],[-2.56342,50.63803],[-2.56351,50.63788],[-2.56326,50.63785],[-2.56262,50.63793],[-2.56221,50.63815],[-2.56189,50.63811],[-2.56152,50.63824],[-2.56089,50.638],[-2.56063,50.6378],[-2.56024,50.63643],[-2.55998,50.63601],[-2.55993,50.63556],[-2.56014,50.63521],[-2.55976,50.63437],[-2.55915,50.6337],[-2.55894,50.63341],[-2.55881,50.63312],[-2.55835,50.63322]]]},"properties":{"risk":1,"dist":9}},
{"type":"Feature","geometry":{"type":"Polygon","coordinates":[[[-2.58872,50.64613],[-2.58862,50.64626],[-2.58886,50.6463],[-2.58948,50.64626],[-2.59052,50.64653],[-2.59112,50.64662],[-2.592,50.64688],[-2.59277,50.64725],[-2.59404,50.64761],[-2.59479,50.64777],[-2.5953,50.64799],[-2.59594,50.6484],[-2.59664,50.64868],[-2.59721,50.64885],[-2.59831,50.6493],[-2.59913,50.64998],[-2.59931,50.65005],[-2.59994,50.65055],[-2.60006,50.65046],[-2.59979,50.65019],[-2.59908,50.6497],[-2.5984,50.64909],[-2.59785,50.64894],[-2.59728,50.64868],[-2.59677,50.64853],[-2.5963,50.64835],[-2.59566,50.64799],[-2.59519,50.64777],[-2.59462,50.64755],[-2.59415,50.64744],[-2.59349,50.64722],[-2.59303,50.6471],[-2.59245,50.64685],[-2.59184,50.64664],[-2.59057,50.64633],[-2.59029,50.6463],[-2.58966,50.64615],[-2.58872,50.64613]]]},"properties":{"risk":1,"dist":9}},
{"type":"Feature","geometry":{"type":"Polygon","coordinates":[[[-2.71014,50.69162],[-2.70944,50.69137],[-2.70865,50.69113],[-2.70692,50.69047],[-2.70548,50.68997],[-2.70433,50.68951],[-2.70249,50.68884],[-2.7013,50.68843],[-2.69793,50.68723],[-2.69528,50.68631],[-2.69002,50.68445],[-2.68611,50.68305],[-2.68367,50.68216],[-2.67988,50.68081],[-2.67733,50.67986],[-2.67176,50.67771],[-2.66907,50.67663],[-2.66453,50.67479],[-2.66096,50.67336],[-2.65699,50.6718],[-2.65442,50.67079],[-2.65229,50.66991],[-2.65152,50.6696],[-2.64332,50.66638],[-2.63916,50.66472],[-2.63742,50.664],[-2.63528,50.66309],[-2.6314,50.66145],[-2.62895,50.6604],[-2.62532,50.65879],[-2.62383,50.65809],[-2.62252,50.65746],[-2.62158,50.65825],[-2.62162,50.65833],[-2.62211,50.6585],[-2.62225,50.65846],[-2.6226,50.65858],[-2.62366,50.6592],[-2.62426,50.65938],[-2.62446,50.65952],[-2.62474,50.65952],[-2.62506,50.65974],[-2.62539,50.65983],[-2.62569,50.65982],[-2.62592,50.65991],[-2.62593,50.66011],[-2.62643,50.66035],[-2.62673,50.66057],[-2.62745,50.66082],[-2.62785,50.66087],[-2.62808,50.661],[-2.62882,50.6612],[-2.62926,50.66144],[-2.62961,50.66148],[-2.62963,50.66161],[-2.63037,50.66193],[-2.63057,50.66185],[-2.63092,50.66192],[-2.63142,50.66215],[-2.63171,50.66237],[-2.63191,50.66239],[-2.63217,50.66255],[-2.63257,50.66266],[-2.63287,50.66293],[-2.63416,50.66342],[-2.6346,50.66368],[-2.6349,50.66377],[-2.63618,50.66429],[-2.63723,50.66465],[-2.63742,50.66476],[-2.63806,50.66498],[-2.63892,50.66538],[-2.6397,50.66556],[-2.63999,50.66573],[-2.64057,50.66594],[-2.64091,50.66612],[-2.64136,50.66618],[-2.64154,50.66633],[-2.6418,50.66636],[-2.64277,50.66678],[-2.64311,50.66689],[-2.64335,50.66705],[-2.64377,50.66714],[-2.64463,50.66757],[-2.64532,50.66778],[-2.64606,50.6681],[-2.64632,50.66818],[-2.64649,50.66832],[-2.6469,50.6684],[-2.64728,50.66862],[-2.64759,50.66867],[-2.64807,50.6689],[-2.64905,50.66926],[-2.64923,50.66941],[-2.64945,50.66942],[-2.64974,50.66962],[-2.65025,50.66973],[-2.65052,50.66994],[-2.65073,50.66994],[-2.65161,50.67028],[-2.65171,50.67048],[-2.65213,50.67047],[-2.65229,50.6706],[-2.65263,50.67067],[-2.65267,50.67079],[-2.65347,50.67113],[-2.6539,50.67128],[-2.6544,50.67137],[-2.65477,50.67163],[-2.65509,50.67175],[-2.65563,50.67207],[-2.65585,50.67204],[-2.65659,50.6723],[-2.65679,50.67244],[-2.65845,50.67321],[-2.65891,50.67335],[-2.6596,50.67367],[-2.66032,50.67386],[-2.66092,50.67413],[-2.66102,50.67425],[-2.66141,50.67439],[-2.66195,50.67473],[-2.66457,50.67579],[-2.6649,50.67565],[-2.66517,50.67575],[-2.66584,50.67606],[-2.66565,50.67625],[-2.66582,50.67637],[-2.66677,50.67683],[-2.66828,50.6774],[-2.66881,50.67765],[-2.66935,50.67781],[-2.66962,50.67796],[-2.67092,50.67843],[-2.67124,50.67862],[-2.67163,50.67869],[-2.67258,50.67911],[-2.67395,50.67963],[-2.67413,50.67972],[-2.67485,50.67993],[-2.67521,50.68015],[-2.67574,50.68028],[-2.676,50.68028],[-2.67633,50.68055],[-2.6765,50.68059],[-2.67705,50.68087],[-2.67718,50.68084],[-2.67756,50.68105],[-2.67784,50.68108],[-2.67848,50.68136],[-2.67866,50.68134],[-2.67884,50.68148],[-2.67926,50.6817],[-2.67981,50.68188],[-2.67987,50.68196],[-2.68059,50.68217],[-2.68134,50.68246],[-2.68215,50.68268],[-2.68259,50.68285],[-2.68413,50.68332],[-2.68521,50.68375],[-2.68552,50.6838],[-2.6861,50.68407],[-2.68725,50.68452],[-2.68824,50.68483],[-2.68846,50.68498],[-2.68894,50.68514],[-2.68955,50.68542],[-2.68991,50.68554],[-2.69034,50.68553],[-2.6905,50.6858],[-2.69104,50.68581],[-2.69139,50.68605],[-2.69172,50.68607],[-2.69239,50.68629],[-2.69283,50.68651],[-2.69334,50.68659],[-2.69346,50.68656],[-2.69392,50.68681],[-2.69465,50.68705],[-2.69504,50.68724],[-2.69587,50.68755],[-2.69634,50.68766],[-2.69729,50.68805],[-2.69876,50.68849],[-2.69952,50.68885],[-2.69974,50.68892],[-2.69995,50.68912],[-2.70019,50.68909],[-2.70056,50.6892],[-2.70061,50.68935],[-2.70208,50.68977],[-2.70308,50.69019],[-2.70337,50.69017],[-2.70361,50.6903],[-2.70465,50.69068],[-2.70523,50.69085],[-2.70536,50.69107],[-2.70531,50.69122],[-2.7055,50.69131],[-2.70595,50.6912],[-2.70656,50.69129],[-2.70691,50.69145],[-2.70791,50.69173],[-2.70824,50.69168],[-2.70868,50.69187],[-2.70883,50.69181],[-2.70968,50.69198],[-2.70976,50.69204],[-2.71014,50.69162]]]},"properties":{"risk":1,"dist":6}},
{"type":"Feature","geometry":{"type":"Polygon","coordinates":[[[-2.56342,50.63803],[-2.56442,50.63815],[-2.56599,50.63851],[-2.56698,50.6384],[-2.56799,50.63802],[-2.56857,50.63791],[-2.56932,50.6379],[-2.57002,50.63774],[-2.57026,50.63774],[-2.57089,50.6383],[-2.57163,50.6388],[-2.57193,50.63896],[-2.57382,50.6392],[-2.57451,50.63916],[-2.57547,50.64015],[-2.57584,50.64035],[-2.57713,50.64083],[-2.57832,50.64123],[-2.57876,50.64129],[-2.57966,50.64134],[-2.58077,50.64167],[-2.5816,50.64178],[-2.58169,50.64188],[-2.58242,50.6422],[-2.58282,50.64251],[-2.58389,50.64312],[-2.58441,50.64337],[-2.58489,50.6438],[-2.5856,50.64417],[-2.58595,50.64443],[-2.58605,50.64458],[-2.586,50.64493],[-2.58643,50.6453],[-2.58723,50.64531],[-2.58749,50.64537],[-2.58764,50.64527],[-2.58741,50.64517],[-2.5864,50.64511],[-2.58622,50.64491],[-2.58623,50.64442],[-2.58597,50.64419],[-2.58503,50.64369],[-2.58466,50.64337],[-2.58403,50.64303],[-2.5829,50.6424],[-2.58226,50.64197],[-2.58158,50.64167],[-2.5808,50.64155],[-2.57974,50.64122],[-2.57842,50.6411],[-2.57775,50.64085],[-2.57736,50.6406],[-2.57707,50.64054],[-2.57619,50.64014],[-2.57566,50.63983],[-2.57509,50.63939],[-2.57478,50.63903],[-2.57454,50.63892],[-2.57369,50.63879],[-2.57324,50.6388],[-2.57265,50.6387],[-2.57171,50.63842],[-2.57095,50.63811],[-2.5704,50.63766],[-2.57018,50.63757],[-2.56922,50.63768],[-2.5688,50.63768],[-2.56811,50.63775],[-2.5671,50.63799],[-2.56648,50.63802],[-2.56609,50.63798],[-2.56569,50.63804],[-2.56516,50.63804],[-2.56478,50.63795],[-2.56351,50.63788],[-2.56342,50.63803]]]},"properties":{"risk":1,"dist":9}},
{"type":"Feature","geometry":{"type":"Polygon","coordinates":[[[-2.58872,50.64613],[-2.58839,50.64601],[-2.58818,50.64581],[-2.58824,50.64566],[-2.58764,50.64527],[-2.58749,50.64537],[-2.58786,50.64561],[-2.58805,50.646],[-2.58827,50.64618],[-2.58862,50.64626],[-2.58872,50.64613]]]},"properties":{"risk":1,"dist":9}},
{"type":"Feature","geometry":{"type":"Polygon","coordinates":[[[-2.70976,50.69204],[-2.71017,50.69227],[-2.7109,50.69244],[-2.71249,50.69304],[-2.71284,50.69329],[-2.7139,50.6936],[-2.71404,50.69375],[-2.71444,50.69378],[-2.71492,50.69397],[-2.71545,50.69428],[-2.71601,50.69444],[-2.71614,50.69464],[-2.71639,50.69468],[-2.71668,50.69461],[-2.71745,50.69493],[-2.71832,50.69527],[-2.71871,50.69536],[-2.71871,50.69552],[-2.71892,50.69573],[-2.71937,50.69575],[-2.71954,50.69559],[-2.71987,50.6957],[-2.71993,50.69586],[-2.72023,50.69595],[-2.72063,50.6959],[-2.72117,50.69612],[-2.72144,50.69617],[-2.72154,50.69635],[-2.72174,50.6964],[-2.72202,50.69665],[-2.72266,50.69608],[-2.72125,50.69554],[-2.72051,50.69531],[-2.71934,50.69487],[-2.71698,50.69405],[-2.71613,50.69378],[-2.7148,50.69327],[-2.71278,50.69256],[-2.71014,50.69162],[-2.70976,50.69204]]]},"properties":{"risk":1,"dist":10}},
{"type":"Feature","geometry":{"type":"Polygon","coordinates":[[[-2.72341,50.69638],[-2.72266,50.69608],[-2.72202,50.69665],[-2.72208,50.6968],[-2.72233,50.69687],[-2.72294,50.6968],[-2.72301,50.69684],[-2.72341,50.69638]]]},"properties":{"risk":1,"dist":2}},
{"type":"Feature","geometry":{"type":"Polygon","coordinates":[[[-2.73913,50.70289],[-2.73911,50.70306],[-2.73936,50.70326],[-2.73979,50.7034],[-2.74021,50.7036],[-2.74076,50.70288],[-2.73959,50.70248],[-2.73923,50.70287],[-2.73913,50.70289]]]},"properties":{"risk":1,"dist":1}},
{"type":"Feature","geometry":{"type":"Polygon","coordinates":[[[-2.74021,50.7036],[-2.74076,50.70377],[-2.74093,50.70394],[-2.74224,50.70429],[-2.74293,50.70438],[-2.74379,50.70442],[-2.74419,50.70395],[-2.74355,50.70374],[-2.74076,50.70288],[-2.74021,50.7036]]]},"properties":{"risk":1,"dist":3}},
{"type":"Feature","geometry":{"type":"Polygon","coordinates":[[[-2.74379,50.70442],[-2.74417,50.70447],[-2.74422,50.70473],[-2.74487,50.70473],[-2.74509,50.70487],[-2.74553,50.70486],[-2.74584,50.70492],[-2.7461,50.70519],[-2.74667,50.70521],[-2.74698,50.70538],[-2.7476,50.70541],[-2.74784,50.70551],[-2.74826,50.70557],[-2.74841,50.70566],[-2.74904,50.70575],[-2.74915,50.70588],[-2.74939,50.70587],[-2.75015,50.70605],[-2.75054,50.70627],[-2.75141,50.70639],[-2.75191,50.70654],[-2.75203,50.70665],[-2.753,50.7069],[-2.75337,50.70694],[-2.7535,50.70705],[-2.75393,50.70713],[-2.75426,50.70731],[-2.75446,50.70731],[-2.75486,50.70747],[-2.75698,50.70812],[-2.7575,50.70832],[-2.7577,50.70851],[-2.75804,50.70849],[-2.75816,50.7086],[-2.75869,50.70872],[-2.75883,50.70889],[-2.7597,50.70906],[-2.7599,50.70915],[-2.76017,50.70879],[-2.75813,50.70817],[-2.75684,50.70775],[-2.75255,50.7064],[-2.75058,50.7058],[-2.7469,50.70478],[-2.74575,50.70444],[-2.74419,50.70395],[-2.74379,50.70442]]]},"properties":{"risk":1,"dist":6}},
{"type":"Feature","geometry":{"type":"Polygon","coordinates":[[[-2.76778,50.7112],[-2.76768,50.71113],[-2.76734,50.71126],[-2.76713,50.71162],[-2.76729,50.71176],[-2.7676,50.7113],[-2.76778,50.7112]]]},"properties":{"risk":1,"dist":9}},
{"type":"Feature","geometry":{"type":"Polygon","coordinates":[[[-2.76729,50.71176],[-2.76783,50.71203],[-2.76869,50.71234],[-2.76915,50.71256],[-2.77006,50.71292],[-2.77036,50.71256],[-2.77109,50.71206],[-2.77077,50.7118],[-2.77011,50.71176],[-2.76917,50.71153],[-2.76813,50.7113],[-2.76778,50.7112],[-2.7676,50.7113],[-2.76729,50.71176]]]},"properties":{"risk":3,"dist":46}},
{"type":"Feature","geometry":{"type":"Polygon","coordinates":[[[-2.77006,50.71292],[-2.77078,50.71323],[-2.77109,50.7133],[-2.77143,50.71288],[-2.77189,50.71244],[-2.77109,50.71206],[-2.77036,50.71256],[-2.77006,50.71292]]]},"properties":{"risk":3,"dist":46}},
{"type":"Feature","geometry":{"type":"Polygon","coordinates":[[[-2.77109,50.7133],[-2.77164,50.71333],[-2.77191,50.71302],[-2.77232,50.71267],[-2.77189,50.71244],[-2.77143,50.71288],[-2.77109,50.7133]]]},"properties":{"risk":3,"dist":40}},
{"type":"Feature","geometry":{"type":"Polygon","coordinates":[[[-2.77164,50.71333],[-2.77213,50.71342],[-2.77276,50.7136],[-2.77333,50.71387],[-2.77404,50.71386],[-2.77419,50.71399],[-2.77491,50.7142],[-2.77521,50.71436],[-2.77564,50.71482],[-2.77568,50.71513],[-2.7762,50.71559],[-2.77678,50.7156],[-2.7777,50.71429],[-2.77402,50.71314],[-2.77232,50.71267],[-2.77191,50.71302],[-2.77164,50.71333]]]},"properties":{"risk":1,"dist":8}},
{"type":"Feature","geometry":{"type":"Polygon","coordinates":[[[-2.77678,50.7156],[-2.77682,50.71561],[-2.7777,50.71429],[-2.77678,50.7156]]]},"properties":{"risk":1,"dist":8}},
{"type":"Feature","geometry":{"type":"Polygon","coordinates":[[[-2.82251,50.72161],[-2.82219,50.72205],[-2.82259,50.72207],[-2.82281,50.72168],[-2.82251,50.72161]]]},"properties":{"risk":1,"dist":6}},
{"type":"Feature","geometry":{"type":"Polygon","coordinates":[[[-2.77682,50.71561],[-2.77696,50.71568],[-2.77774,50.71572],[-2.77828,50.71579],[-2.77858,50.71576],[-2.77979,50.71584],[-2.78038,50.71598],[-2.7808,50.716],[-2.78159,50.71595],[-2.78173,50.716],[-2.78304,50.71614],[-2.78331,50.71576],[-2.78175,50.71541],[-2.77947,50.71482],[-2.7777,50.71429],[-2.77682,50.71561]]]},"properties":{"risk":1,"dist":8}},
{"type":"Feature","geometry":{"type":"Polygon","coordinates":[[[-2.78304,50.71614],[-2.78319,50.71616],[-2.78347,50.71582],[-2.78331,50.71576],[-2.78304,50.71614]]]},"properties":{"risk":1,"dist":8}},
{"type":"Feature","geometry":{"type":"Polygon","coordinates":[[[-2.78411,50.71597],[-2.7837,50.71587],[-2.78344,50.71631],[-2.78381,50.71647],[-2.78411,50.71597]]]},"properties":{"risk":2,"dist":17}},
{"type":"Feature","geometry":{"type":"Polygon","coordinates":[[[-2.78381,50.71647],[-2.7842,50.71664],[-2.78488,50.71678],[-2.78519,50.71622],[-2.78411,50.71597],[-2.78381,50.71647]]]},"properties":{"risk":2,"dist":17}},
{"type":"Feature","geometry":{"type":"Polygon","coordinates":[[[-2.82251,50.72161],[-2.82163,50.72138],[-2.81941,50.72086],[-2.81811,50.72051],[-2.81701,50.72014],[-2.81636,50.71989],[-2.81529,50.71937],[-2.81424,50.71867],[-2.81393,50.71856],[-2.81328,50.71843],[-2.81325,50.71833],[-2.81244,50.71803],[-2.81206,50.71801],[-2.81157,50.71805],[-2.81093,50.71789],[-2.81036,50.71787],[-2.80972,50.71801],[-2.80927,50.71815],[-2.8087,50.71816],[-2.80832,50.71829],[-2.80785,50.71834],[-2.80703,50.71871],[-2.80671,50.71879],[-2.80511,50.71895],[-2.80464,50.71889],[-2.80405,50.71875],[-2.80361,50.71853],[-2.80168,50.71795],[-2.80042,50.71797],[-2.79919,50.71765],[-2.79863,50.71764],[-2.79753,50.71787],[-2.79635,50.71794],[-2.79581,50.71809],[-2.795,50.71823],[-2.7942,50.71822],[-2.79371,50.71817],[-2.79205,50.71786],[-2.79038,50.71746],[-2.78943,50.71724],[-2.78777,50.71679],[-2.78665,50.71656],[-2.78519,50.71622],[-2.78488,50.71678],[-2.78567,50.71737],[-2.78624,50.71753],[-2.78686,50.7176],[-2.78758,50.71779],[-2.78788,50.71782],[-2.78844,50.71801],[-2.78911,50.71847],[-2.78936,50.71857],[-2.79009,50.71856],[-2.79036,50.71858],[-2.79124,50.71902],[-2.79202,50.71914],[-2.79251,50.71913],[-2.79319,50.71937],[-2.79371,50.71945],[-2.79419,50.71946],[-2.79451,50.71937],[-2.79579,50.7194],[-2.79658,50.71931],[-2.79686,50.71923],[-2.79743,50.71925],[-2.79804,50.71922],[-2.79862,50.71946],[-2.7995,50.71961],[-2.79997,50.71958],[-2.80038,50.71962],[-2.80059,50.71988],[-2.80099,50.72003],[-2.80163,50.72004],[-2.8023,50.7201],[-2.80246,50.72004],[-2.80321,50.72026],[-2.80362,50.72023],[-2.80463,50.72039],[-2.8054,50.72021],[-2.80648,50.7202],[-2.80723,50.71992],[-2.80747,50.71975],[-2.80783,50.71971],[-2.80811,50.71977],[-2.80859,50.72003],[-2.80897,50.72011],[-2.80953,50.72012],[-2.8098,50.71999],[-2.8101,50.71975],[-2.81009,50.71956],[-2.81027,50.7194],[-2.81075,50.71918],[-2.81163,50.71894],[-2.81191,50.71908],[-2.81202,50.71927],[-2.81272,50.71982],[-2.8135,50.72006],[-2.81408,50.72036],[-2.8144,50.72045],[-2.81471,50.72066],[-2.81501,50.72076],[-2.81561,50.72085],[-2.81624,50.72103],[-2.8166,50.72104],[-2.81732,50.72117],[-2.81766,50.72114],[-2.81835,50.72127],[-2.81916,50.72147],[-2.81969,50.72165],[-2.81989,50.72164],[-2.82015,50.72177],[-2.8206,50.72185],[-2.8212,50.72186],[-2.82219,50.72205],[-2.82251,50.72161]]]},"properties":{"risk":2,"dist":17}},
{"type":"Feature","geometry":{"type":"Polygon","coordinates":[[[-2.82319,50.72286],[-2.82347,50.72315],[-2.82384,50.72335],[-2.82411,50.7234],[-2.82479,50.72212],[-2.8237,50.72187],[-2.82319,50.72286]]]},"properties":{"risk":3,"dist":66}},
{"type":"Feature","geometry":{"type":"Polygon","coordinates":[[[-2.82411,50.7234],[-2.82458,50.72342],[-2.82506,50.72325],[-2.82538,50.72332],[-2.82585,50.72234],[-2.82479,50.72212],[-2.82411,50.7234]]]},"properties":{"risk":3,"dist":31}},
{"type":"Feature","geometry":{"type":"Polygon","coordinates":[[[-2.82538,50.72332],[-2.82616,50.72351],[-2.82646,50.7235],[-2.82694,50.72369],[-2.82733,50.72398],[-2.82767,50.72414],[-2.82801,50.72419],[-2.82847,50.72436],[-2.82877,50.72454],[-2.82902,50.72461],[-2.82917,50.72482],[-2.82963,50.72523],[-2.83034,50.7255],[-2.83056,50.72553],[-2.83083,50.7257],[-2.83133,50.72583],[-2.83167,50.7258],[-2.83193,50.7257],[-2.8323,50.72534],[-2.83267,50.72487],[-2.83348,50.72516],[-2.83385,50.72543],[-2.83449,50.72567],[-2.83489,50.72593],[-2.83499,50.7256],[-2.83538,50.72379],[-2.83358,50.72363],[-2.83208,50.7234],[-2.83026,50.72314],[-2.82748,50.72265],[-2.82585,50.72234],[-2.82538,50.72332]]]},"properties":{"risk":3,"dist":31}},
{"type":"Feature","geometry":{"type":"Polygon","coordinates":[[[-2.83489,50.72593],[-2.8353,50.72597],[-2.83578,50.72587],[-2.8361,50.72586],[-2.83623,50.72616],[-2.83636,50.72626],[-2.83682,50.72637],[-2.83752,50.72625],[-2.83794,50.72626],[-2.83841,50.72645],[-2.83932,50.72655],[-2.8396,50.72651],[-2.83988,50.72638],[-2.84055,50.72637],[-2.84079,50.72633],[-2.84126,50.72635],[-2.84164,50.72614],[-2.84203,50.72604],[-2.84225,50.72584],[-2.84284,50.72589],[-2.84325,50.72584],[-2.84353,50.7257],[-2.84394,50.7256],[-2.8448,50.72579],[-2.84519,50.72596],[-2.84571,50.7261],[-2.8473,50.72631],[-2.84776,50.72648],[-2.84826,50.72648],[-2.84858,50.72664],[-2.8492,50.72684],[-2.84984,50.72699],[-2.85033,50.72704],[-2.85066,50.72701],[-2.85121,50.72713],[-2.85173,50.72716],[-2.85239,50.72728],[-2.85306,50.72727],[-2.85325,50.72721],[-2.85369,50.72721],[-2.85365,50.72757],[-2.85399,50.72782],[-2.85414,50.72755],[-2.85513,50.72594],[-2.85371,50.7256],[-2.85121,50.72497],[-2.84998,50.72463],[-2.84868,50.72434],[-2.84721,50.72396],[-2.84683,50.72381],[-2.84611,50.72374],[-2.84568,50.72365],[-2.8447,50.72362],[-2.84381,50.72351],[-2.84302,50.72332],[-2.84275,50.72321],[-2.84253,50.72301],[-2.84229,50.72303],[-2.84203,50.72317],[-2.84163,50.72323],[-2.84101,50.72318],[-2.84013,50.72302],[-2.83968,50.72309],[-2.83927,50.72299],[-2.83891,50.72316],[-2.83836,50.72325],[-2.83789,50.72344],[-2.83727,50.72358],[-2.83689,50.72387],[-2.83657,50.72389],[-2.83538,50.72379],[-2.83499,50.7256],[-2.83489,50.72593]]]},"properties":{"risk":3,"dist":31}},
{"type":"Feature","geometry":{"type":"Polygon","coordinates":[[[-2.85399,50.72782],[-2.85445,50.72785],[-2.85487,50.72796],[-2.855,50.72811],[-2.85549,50.72842],[-2.85613,50.72873],[-2.85642,50.729],[-2.85688,50.72917],[-2.85742,50.72961],[-2.85777,50.72977],[-2.85839,50.72998],[-2.85886,50.73023],[-2.85936,50.73031],[-2.8597,50.73044],[-2.85991,50.73062],[-2.86063,50.73093],[-2.86117,50.73106],[-2.86205,50.73109],[-2.86268,50.73097],[-2.86313,50.73079],[-2.8638,50.73026],[-2.86383,50.73013],[-2.86408,50.73001],[-2.86431,50.72953],[-2.86468,50.72966],[-2.86551,50.72955],[-2.86589,50.72955],[-2.86616,50.72902],[-2.86645,50.72831],[-2.86473,50.72799],[-2.86376,50.72785],[-2.86146,50.72743],[-2.85937,50.72698],[-2.85831,50.7267],[-2.85787,50.72656],[-2.85703,50.72636],[-2.85616,50.7262],[-2.85513,50.72594],[-2.85414,50.72755],[-2.85399,50.72782]]]},"properties":{"risk":3,"dist":31}},
{"type":"Feature","geometry":{"type":"Polygon","coordinates":[[[-2.86589,50.72955],[-2.86607,50.72953],[-2.86662,50.72966],[-2.86709,50.72957],[-2.86762,50.72974],[-2.86797,50.7299],[-2.8683,50.73019],[-2.86889,50.73059],[-2.86931,50.73067],[-2.86959,50.73065],[-2.87028,50.73049],[-2.87073,50.73008],[-2.87106,50.73023],[-2.8712,50.72994],[-2.8715,50.72909],[-2.87008,50.72886],[-2.86836,50.72863],[-2.86645,50.72831],[-2.86616,50.72902],[-2.86589,50.72955]]]},"properties":{"risk":3,"dist":31}},
{"type":"Feature","geometry":{"type":"Polygon","coordinates":[[[-2.87106,50.73023],[-2.87174,50.73014],[-2.87266,50.73078],[-2.8729,50.73083],[-2.87316,50.73106],[-2.87354,50.73122],[-2.87386,50.73129],[-2.87437,50.7313],[-2.87482,50.7312],[-2.8753,50.72995],[-2.87478,50.72986],[-2.87375,50.72961],[-2.87263,50.72931],[-2.8715,50.72909],[-2.8712,50.72994],[-2.87106,50.73023]]]},"properties":{"risk":3,"dist":31}},
{"type":"Feature","geometry":{"type":"Polygon","coordinates":[[[-2.87482,50.7312],[-2.87541,50.73154],[-2.87598,50.73176],[-2.8767,50.73192],[-2.87709,50.7323],[-2.87731,50.73241],[-2.87742,50.73261],[-2.87774,50.73286],[-2.87809,50.73303],[-2.87833,50.73325],[-2.87876,50.7335],[-2.87912,50.7336],[-2.8796,50.73366],[-2.88,50.7336],[-2.88038,50.73369],[-2.88097,50.73405],[-2.88169,50.7343],[-2.8831,50.73447],[-2.88341,50.73447],[-2.88435,50.73454],[-2.88458,50.73452],[-2.8853,50.73465],[-2.88648,50.73451],[-2.88791,50.73403],[-2.88823,50.73382],[-2.88944,50.73387],[-2.89065,50.73379],[-2.89127,50.73388],[-2.89171,50.73385],[-2.89242,50.73386],[-2.89255,50.73395],[-2.89315,50.73416],[-2.89386,50.73428],[-2.89443,50.7343],[-2.89528,50.73424],[-2.89582,50.73412],[-2.8966,50.73369],[-2.89705,50.73374],[-2.89755,50.73372],[-2.89779,50.73381],[-2.89831,50.73382],[-2.89846,50.7335],[-2.89846,50.7331],[-2.89797,50.7331],[-2.89642,50.73301],[-2.89535,50.73287],[-2.89485,50.73283],[-2.89258,50.73257],[-2.89063,50.73231],[-2.88954,50.73218],[-2.88812,50.73197],[-2.88695,50.73177],[-2.8859,50.73164],[-2.88395,50.73129],[-2.88235,50.7311],[-2.88163,50.73097],[-2.88049,50.73084],[-2.87909,50.73062],[-2.87695,50.73025],[-2.87588,50.73004],[-2.8753,50.72995],[-2.87482,50.7312]]]},"properties":{"risk":3,"dist":31}},
{"type":"Feature","geometry":{"type":"Polygon","coordinates":[[[-2.90161,50.73326],[-2.90147,50.73338],[-2.90168,50.73348],[-2.90161,50.73326]]]},"properties":{"risk":2,"dist":16}},
{"type":"Feature","geometry":{"type":"Polygon","coordinates":[[[-2.90181,50.73327],[-2.90161,50.73326],[-2.90168,50.73348],[-2.90179,50.7335],[-2.90181,50.73327]]]},"properties":{"risk":2,"dist":15}},
{"type":"Feature","geometry":{"type":"Polygon","coordinates":[[[-2.90272,50.73358],[-2.90314,50.73373],[-2.90316,50.7336],[-2.90298,50.73335],[-2.90277,50.73334],[-2.90272,50.73358]]]},"properties":{"risk":2,"dist":14}},
{"type":"Feature","geometry":{"type":"Polygon","coordinates":[[[-2.90314,50.73373],[-2.90366,50.73383],[-2.90432,50.73392],[-2.90464,50.73403],[-2.90478,50.73349],[-2.904,50.7334],[-2.90353,50.73339],[-2.90321,50.73328],[-2.90298,50.73335],[-2.90316,50.7336],[-2.90314,50.73373]]]},"properties":{"risk":2,"dist":14}},
{"type":"Feature","geometry":{"type":"Polygon","coordinates":[[[-2.90464,50.73403],[-2.90503,50.73416],[-2.90545,50.73445],[-2.90583,50.73476],[-2.90685,50.73513],[-2.90708,50.73512],[-2.90773,50.73484],[-2.90805,50.7348],[-2.90822,50.73365],[-2.90604,50.73356],[-2.90524,50.73353],[-2.90478,50.73349],[-2.90464,50.73403]]]},"properties":{"risk":2,"dist":14}},
{"type":"Feature","geometry":{"type":"Polygon","coordinates":[[[-2.92907,50.72754],[-2.9296,50.72763],[-2.92971,50.72712],[-2.92994,50.72705],[-2.93057,50.72657],[-2.93075,50.72631],[-2.93023,50.72617],[-2.93016,50.72631],[-2.92952,50.72665],[-2.92951,50.7268],[-2.92922,50.72695],[-2.92907,50.72754]]]},"properties":{"risk":2,"dist":26}},
{"type":"Feature","geometry":{"type":"Polygon","coordinates":[[[-2.93075,50.72631],[-2.93097,50.726],[-2.93104,50.72556],[-2.931,50.72543],[-2.93012,50.72542],[-2.93043,50.72559],[-2.93049,50.72587],[-2.93023,50.72617],[-2.93075,50.72631]]]},"properties":{"risk":2,"dist":26}},
{"type":"Feature","geometry":{"type":"Polygon","coordinates":[[[-2.931,50.72543],[-2.93079,50.72526],[-2.93011,50.72522],[-2.93012,50.72542],[-2.931,50.72543]]]},"properties":{"risk":2,"dist":14}},
{"type":"Feature","geometry":{"type":"Polygon","coordinates":[[[-2.90805,50.7348],[-2.90836,50.73482],[-2.90885,50.735],[-2.90968,50.73509],[-2.90997,50.73523],[-2.91036,50.73534],[-2.91084,50.73538],[-2.91122,50.73548],[-2.91159,50.73577],[-2.91206,50.73588],[-2.91261,50.73588],[-2.91268,50.73612],[-2.91323,50.73646],[-2.91392,50.73666],[-2.91446,50.73676],[-2.91485,50.73693],[-2.91579,50.73705],[-2.91676,50.73695],[-2.91714,50.73695],[-2.91748,50.73684],[-2.91819,50.73682],[-2.9185,50.73672],[-2.91917,50.73677],[-2.91964,50.73672],[-2.91985,50.73664],[-2.92042,50.73667],[-2.92082,50.73674],[-2.92114,50.73689],[-2.9216,50.73702],[-2.92218,50.73703],[-2.92213,50.7369],[-2.91947,50.73192],[-2.91867,50.73207],[-2.91806,50.73215],[-2.9174,50.73212],[-2.9171,50.73236],[-2.91499,50.73265],[-2.91391,50.73279],[-2.91346,50.73292],[-2.91297,50.73323],[-2.91203,50.73376],[-2.91175,50.73378],[-2.91017,50.73375],[-2.90929,50.73372],[-2.90822,50.73365],[-2.90805,50.7348]]]},"properties":{"risk":2,"dist":14}},
{"type":"Feature","geometry":{"type":"Polygon","coordinates":[[[-2.93778,50.72191],[-2.93846,50.72204],[-2.93867,50.72213],[-2.93892,50.72177],[-2.93781,50.72173],[-2.93778,50.72191]]]},"properties":{"risk":2,"dist":17}},
{"type":"Feature","geometry":{"type":"Polygon","coordinates":[[[-2.92218,50.73703],[-2.92289,50.7371],[-2.92358,50.7371],[-2.92393,50.73703],[-2.92416,50.73691],[-2.92443,50.73687],[-2.92488,50.73664],[-2.92539,50.73651],[-2.92611,50.73641],[-2.927,50.73605],[-2.92767,50.7358],[-2.92797,50.73563],[-2.92843,50.7351],[-2.92863,50.73497],[-2.92869,50.7346],[-2.92813,50.73406],[-2.92785,50.7336],[-2.92778,50.73323],[-2.92743,50.73292],[-2.92731,50.73261],[-2.92747,50.73232],[-2.92737,50.73212],[-2.92748,50.73175],[-2.92746,50.73153],[-2.92767,50.73144],[-2.92779,50.73125],[-2.92768,50.73086],[-2.92797,50.7306],[-2.92784,50.73043],[-2.92815,50.73019],[-2.92849,50.72971],[-2.92876,50.72958],[-2.92842,50.72951],[-2.92775,50.72891],[-2.92659,50.7294],[-2.92568,50.72962],[-2.92504,50.72979],[-2.92463,50.72994],[-2.92408,50.73031],[-2.92362,50.7307],[-2.92272,50.73106],[-2.92153,50.73143],[-2.91947,50.73192],[-2.92213,50.7369],[-2.92218,50.73703]]]},"properties":{"risk":2,"dist":14}},
{"type":"Feature","geometry":{"type":"Polygon","coordinates":[[[-2.92876,50.72958],[-2.929,50.72939],[-2.92902,50.72919],[-2.92885,50.72904],[-2.92895,50.72878],[-2.92828,50.72862],[-2.92775,50.72891],[-2.92842,50.72951],[-2.92876,50.72958]]]},"properties":{"risk":2,"dist":22}},
{"type":"Feature","geometry":{"type":"Polygon","coordinates":[[[-2.92907,50.72754],[-2.92875,50.72797],[-2.92823,50.72842],[-2.92828,50.72862],[-2.92895,50.72878],[-2.92893,50.72845],[-2.92928,50.72815],[-2.9296,50.72763],[-2.92907,50.72754]]]},"properties":{"risk":2,"dist":26}},
{"type":"Feature","geometry":{"type":"Polygon","coordinates":[[[-2.93079,50.72526],[-2.93123,50.72492],[-2.93157,50.72477],[-2.93144,50.72465],[-2.93112,50.72481],[-2.93095,50.72497],[-2.93013,50.72503],[-2.93011,50.72522],[-2.93079,50.72526]]]},"properties":{"risk":1,"dist":5}},
{"type":"Feature","geometry":{"type":"Polygon","coordinates":[[[-2.93157,50.72477],[-2.93195,50.72463],[-2.93229,50.72464],[-2.93268,50.72444],[-2.9332,50.72428],[-2.93309,50.72415],[-2.93265,50.72426],[-2.93265,50.72441],[-2.93239,50.72454],[-2.93203,50.72448],[-2.93173,50.72452],[-2.93144,50.72465],[-2.93157,50.72477]]]},"properties":{"risk":1,"dist":4}},
{"type":"Feature","geometry":{"type":"Polygon","coordinates":[[[-2.9332,50.72428],[-2.93352,50.7244],[-2.93347,50.72427],[-2.93332,50.72422],[-2.93309,50.72415],[-2.9332,50.72428]]]},"properties":{"risk":1,"dist":3}},
{"type":"Feature","geometry":{"type":"Polygon","coordinates":[[[-2.93352,50.7244],[-2.93486,50.72408],[-2.93537,50.72387],[-2.9356,50.72383],[-2.93674,50.72342],[-2.93787,50.72285],[-2.93717,50.72251],[-2.93651,50.72295],[-2.93592,50.72324],[-2.93543,50.72341],[-2.93433,50.72374],[-2.93355,50.72394],[-2.93311,50.72395],[-2.93309,50.72415],[-2.93332,50.72422],[-2.93347,50.72427],[-2.93352,50.7244]]]},"properties":{"risk":2,"dist":15}},
{"type":"Feature","geometry":{"type":"Polygon","coordinates":[[[-2.93778,50.72191],[-2.93748,50.72235],[-2.93717,50.72251],[-2.93787,50.72285],[-2.93804,50.72261],[-2.9385,50.7222],[-2.93867,50.72213],[-2.93846,50.72204],[-2.93778,50.72191]]]},"properties":{"risk":2,"dist":12}},
{"type":"Feature","geometry":{"type":"Polygon","coordinates":[[[-2.93892,50.72177],[-2.93862,50.72157],[-2.93883,50.7213],[-2.93815,50.72101],[-2.93768,50.72125],[-2.93781,50.72173],[-2.93892,50.72177]]]},"properties":{"risk":2,"dist":17}},
{"type":"Feature","geometry":{"type":"Polygon","coordinates":[[[-2.93883,50.7213],[-2.93923,50.7206],[-2.93881,50.72041],[-2.93849,50.72048],[-2.9385,50.72068],[-2.93815,50.72101],[-2.93883,50.7213]]]},"properties":{"risk":2,"dist":17}},
{"type":"Feature","geometry":{"type":"Polygon","coordinates":[[[-2.93923,50.7206],[-2.93925,50.7203],[-2.93907,50.72009],[-2.93869,50.72017],[-2.93881,50.72041],[-2.93923,50.7206]]]},"properties":{"risk":2,"dist":26}},
{"type":"Feature","geometry":{"type":"Polygon","coordinates":[[[-2.93925,50.7203],[-2.93944,50.72011],[-2.94107,50.71992],[-2.94165,50.71982],[-2.94205,50.71967],[-2.94281,50.71959],[-2.94354,50.71943],[-2.94368,50.71946],[-2.94351,50.719],[-2.94133,50.71929],[-2.94009,50.71952],[-2.93961,50.71955],[-2.93869,50.71954],[-2.93864,50.71938],[-2.93842,50.71908],[-2.93806,50.71885],[-2.93782,50.71885],[-2.93738,50.71904],[-2.93716,50.71908],[-2.93654,50.719],[-2.93523,50.71901],[-2.93433,50.71906],[-2.93442,50.71922],[-2.93533,50.71914],[-2.93663,50.71911],[-2.93704,50.71921],[-2.93711,50.71935],[-2.93671,50.7198],[-2.93619,50.71982],[-2.93623,50.71994],[-2.93695,50.71984],[-2.93772,50.71903],[-2.93812,50.71906],[-2.93838,50.71931],[-2.93855,50.71989],[-2.93869,50.72017],[-2.93907,50.72009],[-2.93925,50.7203]]]},"properties":{"risk":1,"dist":7}},
{"type":"Feature","geometry":{"type":"Polygon","coordinates":[[[-2.94368,50.71946],[-2.94438,50.71929],[-2.94461,50.71927],[-2.94551,50.71904],[-2.94566,50.71905],[-2.94555,50.71875],[-2.94351,50.719],[-2.94368,50.71946]]]},"properties":{"risk":1,"dist":7}},
{"type":"Feature","geometry":{"type":"Polygon","coordinates":[[[-2.94566,50.71905],[-2.94635,50.71885],[-2.94676,50.71884],[-2.94677,50.71873],[-2.94718,50.71854],[-2.9478,50.71836],[-2.9477,50.71824],[-2.94695,50.71846],[-2.94627,50.71862],[-2.94555,50.71875],[-2.94566,50.71905]]]},"properties":{"risk":1,"dist":7}},
{"type":"Feature","geometry":{"type":"Polygon","coordinates":[[[-2.9478,50.71836],[-2.94829,50.71822],[-2.94925,50.71776],[-2.94974,50.71736],[-2.95045,50.71701],[-2.95146,50.71629],[-2.95172,50.71615],[-2.95215,50.71576],[-2.95242,50.71544],[-2.95286,50.71512],[-2.95289,50.71501],[-2.95331,50.71474],[-2.95307,50.71463],[-2.95286,50.71479],[-2.95217,50.71544],[-2.9518,50.71583],[-2.95175,50.71596],[-2.95149,50.71606],[-2.9506,50.71665],[-2.94996,50.71694],[-2.94945,50.71729],[-2.94912,50.7176],[-2.9486,50.71784],[-2.94819,50.71809],[-2.9477,50.71824],[-2.9478,50.71836]]]},"properties":{"risk":1,"dist":7}},
{"type":"Feature","geometry":{"type":"Polygon","coordinates":[[[-2.95331,50.71474],[-2.95359,50.71456],[-2.9544,50.71424],[-2.9555,50.71392],[-2.95675,50.71366],[-2.95807,50.71331],[-2.95921,50.71322],[-2.95987,50.71319],[-2.96065,50.71321],[-2.96154,50.71328],[-2.96283,50.71326],[-2.96282,50.71305],[-2.96177,50.71307],[-2.96056,50.713],[-2.95962,50.71302],[-2.95879,50.7131],[-2.95826,50.7131],[-2.95761,50.71324],[-2.95697,50.7135],[-2.95619,50.71366],[-2.95507,50.71385],[-2.95431,50.71411],[-2.95383,50.71425],[-2.95339,50.71443],[-2.95307,50.71463],[-2.95331,50.71474]]]},"properties":{"risk":1,"dist":7}},
{"type":"Feature","geometry":{"type":"Polygon","coordinates":[[[-2.96283,50.71326],[-2.96347,50.71321],[-2.96482,50.71324],[-2.96523,50.71317],[-2.96574,50.71316],[-2.96633,50.71306],[-2.96677,50.71292],[-2.967,50.7128],[-2.9669,50.71271],[-2.96637,50.71287],[-2.9659,50.71295],[-2.96456,50.71304],[-2.96282,50.71305],[-2.96283,50.71326]]]},"properties":{"risk":1,"dist":7}},
{"type":"Feature","geometry":{"type":"Polygon","coordinates":[[[-2.967,50.7128],[-2.96723,50.71274],[-2.9677,50.71238],[-2.96886,50.71123],[-2.96863,50.71112],[-2.9682,50.71156],[-2.96777,50.71195],[-2.96737,50.71241],[-2.9669,50.71271],[-2.967,50.7128]]]},"properties":{"risk":1,"dist":7}},
{"type":"Feature","geometry":{"type":"Polygon","coordinates":[[[-2.96886,50.71123],[-2.96893,50.71115],[-2.96992,50.71039],[-2.97099,50.70972],[-2.97144,50.7095],[-2.97277,50.709],[-2.97308,50.70897],[-2.97341,50.70885],[-2.97472,50.70858],[-2.97503,50.70854],[-2.97528,50.70843],[-2.97558,50.7084],[-2.97629,50.70815],[-2.97686,50.70786],[-2.97724,50.70782],[-2.97827,50.70728],[-2.97893,50.7067],[-2.9793,50.7064],[-2.97951,50.7063],[-2.97995,50.70624],[-2.98056,50.706],[-2.98038,50.70586],[-2.97965,50.70615],[-2.97928,50.70624],[-2.97865,50.70666],[-2.97807,50.70721],[-2.97757,50.70747],[-2.97699,50.70769],[-2.97658,50.70781],[-2.97607,50.7081],[-2.97568,50.70826],[-2.97505,50.70839],[-2.97459,50.70845],[-2.97338,50.70869],[-2.97256,50.7089],[-2.97194,50.7091],[-2.97109,50.70945],[-2.9705,50.70977],[-2.96966,50.71032],[-2.96863,50.71112],[-2.96886,50.71123]]]},"properties":{"risk":1,"dist":7}},
{"type":"Feature","geometry":{"type":"Polygon","coordinates":[[[-2.98056,50.706],[-2.98119,50.70563],[-2.98179,50.70543],[-2.98302,50.7051],[-2.9833,50.70501],[-2.98413,50.70485],[-2.98463,50.70488],[-2.98511,50.70503],[-2.98679,50.70522],[-2.98701,50.7052],[-2.98766,50.70532],[-2.98812,50.70533],[-2.99,50.70557],[-2.99057,50.70577],[-2.99096,50.70583],[-2.9928,50.70598],[-2.99492,50.70596],[-2.9951,50.70587],[-2.99552,50.7058],[-2.99603,50.70566],[-2.99609,50.70558],[-2.99583,50.70524],[-2.99501,50.70546],[-2.99459,50.70552],[-2.99306,50.70555],[-2.99242,50.70559],[-2.9904,50.70543],[-2.98933,50.70528],[-2.9879,50.70513],[-2.98626,50.70502],[-2.98527,50.70489],[-2.98462,50.70465],[-2.98395,50.70466],[-2.9837,50.70474],[-2.98201,50.70509],[-2.98125,50.70535],[-2.98038,50.70586],[-2.98056,50.706]]]},"properties":{"risk":1,"dist":7}},
{"type":"Feature","geometry":{"type":"Polygon","coordinates":[[[-1.99017,50.67911],[-1.99011,50.67938],[-1.98997,50.67947],[-1.99021,50.67961],[-1.99031,50.67984],[-1.99031,50.68012],[-1.99046,50.6804],[-1.9909,50.68067],[-1.99144,50.68087],[-1.99204,50.6808],[-1.99232,50.68083],[-1.99264,50.68077],[-1.99303,50.68058],[-1.99334,50.68065],[-1.99387,50.68062],[-1.99427,50.68069],[-1.99461,50.68062],[-1.99494,50.68066],[-1.99514,50.68095],[-1.99555,50.68092],[-1.99566,50.68067],[-1.99551,50.67999],[-1.99554,50.67985],[-1.99528,50.67927],[-1.99517,50.67887],[-1.99479,50.67827],[-1.99448,50.67801],[-1.99387,50.6777],[-1.99366,50.67773],[-1.99323,50.67766],[-1.99306,50.67757],[-1.9926,50.67763],[-1.99231,50.67773],[-1.99169,50.6778],[-1.99156,50.67777],[-1.99079,50.67799],[-1.99027,50.67837],[-1.99,50.67849],[-1.99019,50.67874],[-1.99017,50.67898],[-1.99081,50.6789],[-1.99072,50.67905],[-1.99017,50.67911]],[[-1.99363,50.67805],[-1.994,50.6781],[-1.99432,50.67826],[-1.99457,50.67851],[-1.99483,50.67902],[-1.99492,50.6794],[-1.99512,50.67982],[-1.99433,50.67984],[-1.9935,50.68002],[-1.99316,50.68022],[-1.99225,50.68042],[-1.99187,50.68052],[-1.99179,50.68008],[-1.99137,50.67954],[-1.99139,50.67934],[-1.99112,50.67913],[-1.99113,50.67862],[-1.99134,50.67817],[-1.99168,50.67811],[-1.99244,50.67807],[-1.99272,50.67809],[-1.99363,50.67805]]]},"properties":{"risk":2,"dist":22}},
{"type":"Feature","geometry":{"type":"Polygon","coordinates":[[[-1.99017,50.67898],[-1.99017,50.67911],[-1.99072,50.67905],[-1.99081,50.6789],[-1.99017,50.67898]]]},"properties":{"risk":2,"dist":20}},
{"type":"Feature","geometry":{"type":"Polygon","coordinates":[[[-1.97116,50.69615],[-1.97194,50.69636],[-1.97234,50.69651],[-1.97276,50.69675],[-1.97333,50.69719],[-1.97365,50.69731],[-1.97424,50.6974],[-1.97463,50.69739],[-1.97543,50.6972],[-1.97637,50.69705],[-1.97666,50.69704],[-1.97725,50.6969],[-1.97825,50.69678],[-1.97902,50.69662],[-1.98043,50.69618],[-1.98087,50.69597],[-1.98131,50.69569],[-1.98188,50.69542],[-1.98223,50.69514],[-1.98258,50.69499],[-1.9831,50.69486],[-1.98379,50.69464],[-1.98437,50.69458],[-1.98486,50.69461],[-1.98531,50.69473],[-1.98555,50.69468],[-1.98571,50.69448],[-1.98683,50.69347],[-1.98691,50.69321],[-1.98726,50.69269],[-1.98763,50.69247],[-1.98804,50.69245],[-1.98777,50.6922],[-1.98701,50.69114],[-1.98634,50.69008],[-1.98559,50.68905],[-1.98506,50.68838],[-1.98476,50.68826],[-1.9846,50.68809],[-1.98423,50.6879],[-1.98388,50.6874],[-1.98362,50.68725],[-1.98352,50.68708],[-1.98302,50.68724],[-1.98229,50.68705],[-1.98166,50.6872],[-1.98105,50.68705],[-1.9807,50.68704],[-1.97954,50.68709],[-1.97923,50.68713],[-1.97653,50.6873],[-1.97509,50.68728],[-1.97367,50.68714],[-1.97273,50.68697],[-1.97145,50.68668],[-1.97038,50.68639],[-1.9689,50.68625],[-1.96822,50.68624],[-1.96675,50.68614],[-1.96505,50.6861],[-1.96438,50.68619],[-1.96317,50.68617],[-1.96203,50.68625],[-1.96128,50.68632],[-1.96051,50.6865],[-1.96023,50.6867],[-1.96053,50.68686],[-1.96171,50.68777],[-1.96219,50.68739],[-1.96235,50.6871],[-1.96238,50.68687],[-1.9632,50.68679],[-1.96386,50.6868],[-1.96453,50.68666],[-1.96522,50.68658],[-1.96605,50.68664],[-1.96684,50.6866],[-1.96767,50.68667],[-1.96775,50.68705],[-1.96788,50.68722],[-1.96828,50.68737],[-1.96864,50.68736],[-1.96921,50.68713],[-1.96978,50.68737],[-1.97012,50.68739],[-1.97091,50.68727],[-1.97182,50.68729],[-1.97233,50.6874],[-1.97249,50.68767],[-1.9729,50.68782],[-1.97343,50.68781],[-1.97386,50.68764],[-1.97455,50.68773],[-1.9753,50.68776],[-1.97694,50.68777],[-1.97746,50.68773],[-1.97813,50.68772],[-1.97848,50.68766],[-1.97923,50.68762],[-1.97927,50.68792],[-1.97955,50.68821],[-1.98009,50.68838],[-1.9806,50.68838],[-1.98111,50.68851],[-1.98132,50.68866],[-1.98166,50.68873],[-1.9823,50.68875],[-1.98305,50.68902],[-1.98357,50.68913],[-1.98387,50.68913],[-1.98409,50.68933],[-1.98453,50.68951],[-1.98492,50.68977],[-1.98484,50.69005],[-1.98487,50.69029],[-1.98518,50.69053],[-1.9855,50.69062],[-1.98577,50.69099],[-1.98582,50.69115],[-1.98575,50.69145],[-1.98596,50.69176],[-1.98571,50.69222],[-1.98579,50.6924],[-1.98608,50.69276],[-1.98594,50.69309],[-1.98568,50.6935],[-1.9851,50.69342],[-1.98439,50.69352],[-1.98397,50.69371],[-1.98367,50.6939],[-1.98342,50.69421],[-1.98316,50.69428],[-1.98227,50.69435],[-1.98166,50.6946],[-1.98091,50.69521],[-1.98044,50.69544],[-1.98022,50.69563],[-1.97953,50.69572],[-1.9793,50.69586],[-1.97892,50.6962],[-1.97777,50.69643],[-1.97617,50.69626],[-1.97565,50.69629],[-1.97442,50.69622],[-1.97373,50.69585],[-1.973,50.6957],[-1.9727,50.69569],[-1.97214,50.69577],[-1.97154,50.69555],[-1.97128,50.6959],[-1.97116,50.69615]]]},"properties":{"risk":3,"dist":40}},
{"type":"Feature","geometry":{"type":"Polygon","coordinates":[[[-1.97154,50.69555],[-1.97093,50.69536],[-1.97021,50.6953],[-1.96964,50.69508],[-1.96907,50.69493],[-1.96798,50.69471],[-1.96723,50.69451],[-1.96694,50.69449],[-1.9659,50.69421],[-1.9655,50.69391],[-1.96489,50.69376],[-1.96468,50.69356],[-1.96431,50.69347],[-1.9643,50.69383],[-1.96447,50.69484],[-1.96537,50.69482],[-1.96591,50.69488],[-1.96611,50.69494],[-1.96806,50.69528],[-1.96917,50.69555],[-1.97013,50.69581],[-1.97069,50.69604],[-1.97116,50.69615],[-1.97128,50.6959],[-1.97154,50.69555]]]},"properties":{"risk":3,"dist":40}},
{"type":"Feature","geometry":{"type":"Polygon","coordinates":[[[-1.96023,50.6867],[-1.95892,50.68754],[-1.95823,50.6879],[-1.95759,50.68806],[-1.95769,50.68825],[-1.95871,50.68924],[-1.95948,50.68902],[-1.96014,50.68866],[-1.96084,50.68837],[-1.96122,50.68814],[-1.96171,50.68777],[-1.96053,50.68686],[-1.96023,50.6867]]]},"properties":{"risk":4,"dist":131}}
]}