{"type":"FeatureCollection","features":[{"type":"Feature","properties":{"id":"SBB00090","name":"Beals Mill No 2 CSO","co":"South West Water","spills":0,"hours":0,"cover":0,"water":"River Inny","bathing":null,"year":"2025"},"geometry":{"type":"Point","coordinates":[-4.31788,50.57028]}},{"type":"Feature","properties":{"id":"SBB00089","name":"Beals Mill No 1 CSO","co":"South West Water","spills":0,"hours":0,"cover":0,"water":"River Inny","bathing":null,"year":"2025"},"geometry":{"type":"Point","coordinates":[-4.31788,50.57028]}},{"type":"Feature","properties":{"id":"SBB00861","name":"O/S 8 Callenick Street CSO","co":"South West Water","spills":0,"hours":0,"cover":0,"water":"Kenwyn River (E)","bathing":null,"year":"2025"},"geometry":{"type":"Point","coordinates":[-5.05298,50.26303]}},{"type":"Feature","properties":{"id":"SBB00943","name":"Playing Fields CSO","co":"South West Water","spills":0,"hours":0,"cover":0,"water":"River Lyd (S)","bathing":null,"year":"2025"},"geometry":{"type":"Point","coordinates":[-4.10623,50.68547]}},{"type":"Feature","properties":{"id":"SBB01250","name":"Topsham Road Jct Robers Road CSO","co":"South West Water","spills":0,"hours":0,"cover":0,"water":"River Exe Via Sws","bathing":null,"year":"2025"},"geometry":{"type":"Point","coordinates":[-3.52794,50.7166]}},{"type":"Feature","properties":{"id":"SBB01402","name":"Jubilee Buildings","co":"South West Water","spills":0,"hours":0,"cover":0,"water":"Stonehouse Creek","bathing":null,"year":"2025"},"geometry":{"type":"Point","coordinates":[-4.16378,50.36943]}},{"type":"Feature","properties":{"id":"SBB01404","name":"Industrial Estate CSO","co":"South West Water","spills":0,"hours":0,"cover":0,"water":"Trib Of River Deer","bathing":null,"year":"2025"},"geometry":{"type":"Point","coordinates":[-4.35347,50.81925]}},{"type":"Feature","properties":{"id":"WXW01332","name":"Not Applicable","co":"Wessex Water","spills":0,"hours":0,"cover":0,"water":"Unnamed Tributary Of The River Cale","bathing":null,"year":"2025"},"geometry":{"type":"Point","coordinates":[-2.35163,51.04402]}},{"type":"Feature","properties":{"id":"WXW01363","name":"Not Applicable","co":"Wessex Water","spills":0,"hours":0,"cover":0,"water":"Trib Of Moors River","bathing":null,"year":"2025"},"geometry":{"type":"Point","coordinates":[-1.8754,50.80505]}},{"type":"Feature","properties":{"id":"SWS00005","name":"Abbey Road Steyning CSO","co":"Southern Water","spills":14,"hours":19,"cover":99.98999786376953,"water":"Tributary Of River Adur","bathing":null,"year":"2025"},"geometry":{"type":"Point","coordinates":[-0.32119,50.89171]}},{"type":"Feature","properties":{"id":"SWS00007","name":"Albion CSO","co":"Southern Water","spills":0,"hours":0,"cover":99.63999938964844,"water":"Controlled Sea","bathing":"Brighton Central; Brighton Kemptown; Hove","year":"2025"},"geometry":{"type":"Point","coordinates":[-0.13697,50.81877]}},{"type":"Feature","properties":{"id":"SWS00009","name":"Alderbrook Way CSO","co":"Southern Water","spills":3,"hours":2.9,"cover":99.98999786376953,"water":"Jarvis Brook","bathing":null,"year":"2025"},"geometry":{"type":"Point","coordinates":[0.16936,51.03796]}},{"type":"Feature","properties":{"id":"SWS00010","name":"Alderbrook Way CSO","co":"Southern Water","spills":3,"hours":1.5,"cover":99.98999786376953,"water":"Jarvis Brook","bathing":null,"year":"2025"},"geometry":{"type":"Point","coordinates":[0.16936,51.03796]}},{"type":"Feature","properties":{"id":"SWS00011","name":"Aldwick Avenue CSO","co":"Southern Water","spills":4,"hours":15,"cover":99.16999816894531,"water":"Controlled Sea","bathing":"Bognor Regis (Aldwick); Bognor Regis East; Felpham; Pagham","year":"2025"},"geometry":{"type":"Point","coordinates":[-0.69959,50.7781]}},{"type":"Feature","properties":{"id":"SWS00012","name":"Aldwick Road/Victoria Road CSO","co":"Southern Water","spills":1,"hours":0.9,"cover":99.5,"water":"Controlled Sea","bathing":"Bognor Regis (Aldwick); Bognor Regis East; Felpham; Pagham","year":"2025"},"geometry":{"type":"Point","coordinates":[-0.68451,50.77964]}},{"type":"Feature","properties":{"id":"SWS00013","name":"Alexandra Road Hythe CSO","co":"Southern Water","spills":3,"hours":0.5,"cover":99.97000122070312,"water":"Southampton Water","bathing":null,"year":"2025"},"geometry":{"type":"Point","coordinates":[-1.39739,50.87003]}},{"type":"Feature","properties":{"id":"SWS00014","name":"Alver Road Gosport Ceo","co":"Southern Water","spills":1,"hours":0.9,"cover":99.94000244140625,"water":"Workhouse Lake","bathing":"Southsea East; Stokes Bay","year":"2025"},"geometry":{"type":"Point","coordinates":[-1.13637,50.79024]}},{"type":"Feature","properties":{"id":"SWS00015","name":"Alverstone PS","co":"Southern Water","spills":0,"hours":0,"cover":99.93000030517578,"water":"Eastern Yar","bathing":"St Helens","year":"2025"},"geometry":{"type":"Point","coordinates":[-1.18462,50.66747]}},{"type":"Feature","properties":{"id":"SWS00017","name":"Ancton Lane Middleton-On-Sea CSO","co":"Southern Water","spills":1,"hours":2,"cover":99.80000305175781,"water":"Ryebank Rife/River Arun","bathing":"Felpham; Middleton-on-sea","year":"2025"},"geometry":{"type":"Point","coordinates":[-0.61178,50.79741]}},{"type":"Feature","properties":{"id":"SWS00018","name":"Anton Lane Ceo","co":"Southern Water","spills":0,"hours":0,"cover":99.98999786376953,"water":"River Anton","bathing":null,"year":"2025"},"geometry":{"type":"Point","coordinates":[-1.4848,51.20298]}},{"type":"Feature","properties":{"id":"SWS00020","name":"Apse Heath PS","co":"Southern Water","spills":2,"hours":3,"cover":99.93000030517578,"water":"Unnamed Wc To Scotchells Brook","bathing":null,"year":"2025"},"geometry":{"type":"Point","coordinates":[-1.20043,50.64483]}},{"type":"Feature","properties":{"id":"SWS00021","name":"Ardingly WWTW","co":"Southern Water","spills":17,"hours":122.4,"cover":98.12999725341797,"water":"Lywood Stream","bathing":null,"year":"2025"},"geometry":{"type":"Point","coordinates":[-0.0753,51.04089]}},{"type":"Feature","properties":{"id":"SWS00022","name":"Ardingly WWTW, Ardingly","co":"Southern Water","spills":3,"hours":5.7,"cover":98.12999725341797,"water":"Lywood Stream Trib. River Ouse","bathing":null,"year":"2025"},"geometry":{"type":"Point","coordinates":[-0.0753,51.04089]}},{"type":"Feature","properties":{"id":"SWS00023","name":"Arundel Pumping Station","co":"Southern Water","spills":93,"hours":115.3,"cover":91.01000213623047,"water":"Tidal Waters Of River Arun","bathing":"Littlehampton","year":"2025"},"geometry":{"type":"Point","coordinates":[-0.56295,50.8488]}},{"type":"Feature","properties":{"id":"SWS00024","name":"Ashdene Road Ashurst CSO","co":"Southern Water","spills":48,"hours":311.9,"cover":84.30999755859375,"water":"Bartley Water","bathing":null,"year":"2025"},"geometry":{"type":"Point","coordinates":[-1.518,50.90116]}},{"type":"Feature","properties":{"id":"SWS00025","name":"Ashey Road CSO","co":"Southern Water","spills":4,"hours":1.6,"cover":99.81999969482422,"water":"Monktonmead Brook","bathing":"Ryde","year":"2025"},"geometry":{"type":"Point","coordinates":[-1.16625,50.71393]}},{"type":"Feature","properties":{"id":"SWS00027","name":"Ashington WWTW, London Road","co":"Southern Water","spills":59,"hours":742.3,"cover":99.98999786376953,"water":"Honeybridge Str.Trib. R.Adur","bathing":null,"year":"2025"},"geometry":{"type":"Point","coordinates":[-0.38476,50.9284]}},{"type":"Feature","properties":{"id":"SWS00028","name":"Ashlett Creek WWTW","co":"Southern Water","spills":2,"hours":15.2,"cover":99.93000030517578,"water":"Southampton Water","bathing":"Calshot","year":"2025"},"geometry":{"type":"Point","coordinates":[-1.31882,50.82913]}},{"type":"Feature","properties":{"id":"SWS00029","name":"Ashton Corner Ceo","co":"Southern Water","spills":1,"hours":1.7,"cover":99.72000122070312,"water":"Tributary Of The River Hamble","bathing":null,"year":"2025"},"geometry":{"type":"Point","coordinates":[-1.23289,50.96061]}},{"type":"Feature","properties":{"id":"SWS00030","name":"Ashurst Bridge Ceo","co":"Southern Water","spills":6,"hours":38.7,"cover":99.93000030517578,"water":"Bartley Water","bathing":null,"year":"2025"},"geometry":{"type":"Point","coordinates":[-1.51037,50.91084]}},{"type":"Feature","properties":{"id":"SWS00033","name":"Augusta Road CSO","co":"Southern Water","spills":3,"hours":1.9,"cover":99.79000091552734,"water":"The Solent","bathing":"Ryde","year":"2025"},"geometry":{"type":"Point","coordinates":[-1.16931,50.73302]}},{"type":"Feature","properties":{"id":"SWS00034","name":"Balcombe Wastewater Treatment Works","co":"Southern Water","spills":7,"hours":54.7,"cover":94.47000122070312,"water":"Unnamed Trib Of River Ouse","bathing":null,"year":"2025"},"geometry":{"type":"Point","coordinates":[-0.12764,51.04111]}},{"type":"Feature","properties":{"id":"SWS00035","name":"Balcombe Wastewater Treatment Works","co":"Southern Water","spills":33,"hours":416,"cover":99.98999786376953,"water":"Unnamed Trib Of River Ouse","bathing":null,"year":"2025"},"geometry":{"type":"Point","coordinates":[-0.12764,51.04111]}},{"type":"Feature","properties":{"id":"SWS00039","name":"Barcombe New S.T.W.","co":"Southern Water","spills":49,"hours":510.1,"cover":99.98999786376953,"water":"Bevern Stream","bathing":null,"year":"2025"},"geometry":{"type":"Point","coordinates":[0.01102,50.93233]}},{"type":"Feature","properties":{"id":"SWS00040","name":"Barge Lane Wootton Bridge 5 CSO","co":"Southern Water","spills":46,"hours":358.5,"cover":46.15999984741211,"water":"The Solent","bathing":null,"year":"2025"},"geometry":{"type":"Point","coordinates":[-1.22456,50.72539]}},{"type":"Feature","properties":{"id":"SWS00042","name":"Barnetts Bridge Graffham Ceo","co":"Southern Water","spills":64,"hours":989,"cover":99.93000030517578,"water":"Tributary Of River Rother","bathing":null,"year":"2025"},"geometry":{"type":"Point","coordinates":[-0.66107,50.96427]}},{"type":"Feature","properties":{"id":"SWS00043","name":"Barns Green WWTW","co":"Southern Water","spills":47,"hours":417.1,"cover":99.69000244140625,"water":"Parsons Brook","bathing":null,"year":"2025"},"geometry":{"type":"Point","coordinates":[-0.39611,51.0246]}},{"type":"Feature","properties":{"id":"SWS00047","name":"Beach Lane Netley Ceo","co":"Southern Water","spills":1,"hours":0.3,"cover":91.04000091552734,"water":"Southampton Water","bathing":null,"year":"2025"},"geometry":{"type":"Point","coordinates":[-1.36097,50.87289]}},{"type":"Feature","properties":{"id":"SWS00048","name":"Beach Road CSO, Newhaven","co":"Southern Water","spills":0,"hours":0,"cover":90.68000030517578,"water":"River Ouse (Estuary)","bathing":"Seaford","year":"2025"},"geometry":{"type":"Point","coordinates":[0.05562,50.78828]}},{"type":"Feature","properties":{"id":"SWS00050","name":"Beaulieu Village PS","co":"Southern Water","spills":6,"hours":47.9,"cover":98.83999633789062,"water":"Beaulieu River Estuary","bathing":null,"year":"2025"},"geometry":{"type":"Point","coordinates":[-1.45029,50.81885]}},{"type":"Feature","properties":{"id":"SWS00051","name":"Beaulieu Village WWTW","co":"Southern Water","spills":27,"hours":202.7,"cover":99.98999786376953,"water":"Beaulieu River","bathing":null,"year":"2025"},"geometry":{"type":"Point","coordinates":[-1.44593,50.81532]}},{"type":"Feature","properties":{"id":"SWS00053","name":"Becton Lane Barton On Sea Ceo","co":"Southern Water","spills":4,"hours":13.4,"cover":99.97000122070312,"water":"English Channel","bathing":"Christchurch Bay; Highcliffe; Milford-on-sea","year":"2025"},"geometry":{"type":"Point","coordinates":[-1.65024,50.73239]}},{"type":"Feature","properties":{"id":"SWS00054","name":"Bell Lane Pumping Station","co":"Southern Water","spills":3,"hours":14.1,"cover":99.83999633789062,"water":"Freshwater River","bathing":null,"year":"2025"},"geometry":{"type":"Point","coordinates":[0.09062,50.96825]}},{"type":"Feature","properties":{"id":"SWS00055","name":"The Point Bembridge New Ceo","co":"Southern Water","spills":9,"hours":20.9,"cover":100,"water":"The Solent","bathing":"Bembridge; Seagrove; St Helens","year":"2025"},"geometry":{"type":"Point","coordinates":[-1.09196,50.69557]}},{"type":"Feature","properties":{"id":"SWS00058","name":"Berwick WWTW","co":"Southern Water","spills":4,"hours":6.1,"cover":99.97000122070312,"water":"River Cuckmere","bathing":null,"year":"2025"},"geometry":{"type":"Point","coordinates":[0.17123,50.8397]}},{"type":"Feature","properties":{"id":"SWS00061","name":"Bexhill And Hastings WWTW","co":"Southern Water","spills":99,"hours":818.1,"cover":99.97000122070312,"water":"English Channel","bathing":"Bexhill; St Leonards","year":"2025"},"geometry":{"type":"Point","coordinates":[0.53026,50.82041]}},{"type":"Feature","properties":{"id":"SWS00065","name":"Billingshurst WWTW","co":"Southern Water","spills":44,"hours":420.6,"cover":99.98999786376953,"water":"Par Brook","bathing":null,"year":"2025"},"geometry":{"type":"Point","coordinates":[-0.46483,51.01177]}},{"type":"Feature","properties":{"id":"SWS00066","name":"Ladies Walk Binstead Ceo","co":"Southern Water","spills":14,"hours":59,"cover":99.70999908447266,"water":"Binstead Stream","bathing":"Ryde","year":"2025"},"geometry":{"type":"Point","coordinates":[-1.18308,50.73158]}},{"type":"Feature","properties":{"id":"SWS00067","name":"Bishops Waltham WWTW","co":"Southern Water","spills":36,"hours":335.9,"cover":99.62999725341797,"water":"The River Hamble","bathing":null,"year":"2025"},"geometry":{"type":"Point","coordinates":[-1.2308,50.94081]}},{"type":"Feature","properties":{"id":"SWS00068","name":"Black Rock Wastewater Pumping Statn","co":"Southern Water","spills":0,"hours":0,"cover":99.63999938964844,"water":"The English Channel","bathing":"Brighton Central; Brighton Kemptown","year":"2025"},"geometry":{"type":"Point","coordinates":[-0.11092,50.81358]}},{"type":"Feature","properties":{"id":"SWS00069","name":"Blackboys WWTW","co":"Southern Water","spills":48,"hours":397.3,"cover":99.19000244140625,"water":"Tickerage Stream","bathing":null,"year":"2025"},"geometry":{"type":"Point","coordinates":[0.16278,50.97018]}},{"type":"Feature","properties":{"id":"SWS00070","name":"Blackgang PS","co":"Southern Water","spills":2,"hours":1.1,"cover":99.9000015258789,"water":"Freshwater River","bathing":null,"year":"2025"},"geometry":{"type":"Point","coordinates":[-1.31396,50.58908]}},{"type":"Feature","properties":{"id":"SWS00071","name":"Blackmores Farm CSO","co":"Southern Water","spills":1,"hours":0.4,"cover":86.0999984741211,"water":"Freshwater River","bathing":null,"year":"2025"},"geometry":{"type":"Point","coordinates":[-0.09061,50.96677]}},{"type":"Feature","properties":{"id":"SWS00073","name":"Blechynden Terrace Southampton CSO","co":"Southern Water","spills":6,"hours":8.1,"cover":99.9800033569336,"water":"River Test","bathing":null,"year":"2025"},"geometry":{"type":"Point","coordinates":[-1.41125,50.8978]}},{"type":"Feature","properties":{"id":"SWS00077","name":"Bognor Regis Wastewater PS","co":"Southern Water","spills":62,"hours":159.1,"cover":99.98999786376953,"water":"Controlled Sea","bathing":"Bognor Regis (Aldwick); Bognor Regis East; Felpham; Pagham","year":"2025"},"geometry":{"type":"Point","coordinates":[-0.69468,50.75574]}},{"type":"Feature","properties":{"id":"SWS00078","name":"Boldre WWTW","co":"Southern Water","spills":38,"hours":520.3,"cover":99.95999908447266,"water":"Lymington River","bathing":null,"year":"2025"},"geometry":{"type":"Point","coordinates":[-1.54611,50.78869]}},{"type":"Feature","properties":{"id":"SWS00079","name":"Bolney Sewage Pumping Station","co":"Southern Water","spills":6,"hours":47.3,"cover":99.33999633789062,"water":"Freshwater River","bathing":null,"year":"2025"},"geometry":{"type":"Point","coordinates":[-0.21035,50.97892]}},{"type":"Feature","properties":{"id":"SWS00081","name":"Bosham WWTW","co":"Southern Water","spills":22,"hours":220.6,"cover":100,"water":"Chichester Harbour Channel","bathing":null,"year":"2025"},"geometry":{"type":"Point","coordinates":[-0.85338,50.81137]}},{"type":"Feature","properties":{"id":"SWS00082","name":"Botley Road WPS (North Baddesley)","co":"Southern Water","spills":0,"hours":0,"cover":99.62999725341797,"water":"Tributary Of The Tadburn Lake","bathing":null,"year":"2025"},"geometry":{"type":"Point","coordinates":[-1.44793,50.98224]}},{"type":"Feature","properties":{"id":"SWS00084","name":"Thorely Road Bouldner Ceo","co":"Southern Water","spills":13,"hours":42.8,"cover":99.91000366210938,"water":"Trib Of Thorely Brook","bathing":"Colwell Bay; Totland Bay","year":"2025"},"geometry":{"type":"Point","coordinates":[-1.49099,50.70456]}},{"type":"Feature","properties":{"id":"SWS00086","name":"Bow Bridge Combined Sewer Overflow","co":"Southern Water","spills":34,"hours":185.2,"cover":99.62000274658203,"water":"Western Yar","bathing":null,"year":"2025"},"geometry":{"type":"Point","coordinates":[-1.51599,50.68308]}},{"type":"Feature","properties":{"id":"SWS00088","name":"Brading Wastewater Pumping Station","co":"Southern Water","spills":23,"hours":105.2,"cover":100,"water":"River Yar (Or A Trib Of R.Yar)","bathing":"St Helens","year":"2025"},"geometry":{"type":"Point","coordinates":[-1.13512,50.68124]}},{"type":"Feature","properties":{"id":"SWS00092","name":"Brewers Lane Gosport CSO","co":"Southern Water","spills":2,"hours":13.7,"cover":99.72000122070312,"water":"Frater Lake, Portsmouth Hbr","bathing":null,"year":"2025"},"geometry":{"type":"Point","coordinates":[-1.15706,50.8234]}},{"type":"Feature","properties":{"id":"SWS00094","name":"Bridge Road Lymington CSO","co":"Southern Water","spills":1,"hours":0.5,"cover":99.72000122070312,"water":"Lymington River","bathing":null,"year":"2025"},"geometry":{"type":"Point","coordinates":[-1.53729,50.76302]}},{"type":"Feature","properties":{"id":"SWS00095","name":"Bridgefoot Pumping Station","co":"Southern Water","spills":0,"hours":0,"cover":100,"water":"Fareham Creek/Portsmouth Hbr","bathing":null,"year":"2025"},"geometry":{"type":"Point","coordinates":[-1.16777,50.85144]}},{"type":"Feature","properties":{"id":"SWS00096","name":"Bridgefoot Pumping Station","co":"Southern Water","spills":1,"hours":6.9,"cover":99.98999786376953,"water":"Freshwater River","bathing":null,"year":"2025"},"geometry":{"type":"Point","coordinates":[-0.55174,51.02726]}},{"type":"Feature","properties":{"id":"SWS00099","name":"Brighstone WWTW","co":"Southern Water","spills":48,"hours":692.6,"cover":99.98999786376953,"water":"Brighstone Stream","bathing":null,"year":"2025"},"geometry":{"type":"Point","coordinates":[-1.4029,50.63813]}},{"type":"Feature","properties":{"id":"SWS00100","name":"Britts Farm Buxted Ceo","co":"Southern Water","spills":0,"hours":0,"cover":99.9800033569336,"water":"Trib Of Tickerage Stream","bathing":null,"year":"2025"},"geometry":{"type":"Point","coordinates":[0.14,50.98894]}},{"type":"Feature","properties":{"id":"SWS00101","name":"Broad Oak Botley CSO","co":"Southern Water","spills":26,"hours":59.9,"cover":99.51000213623047,"water":"Tributary Of River Hamble","bathing":null,"year":"2025"},"geometry":{"type":"Point","coordinates":[-1.28356,50.91561]}},{"type":"Feature","properties":{"id":"SWS00104","name":"Broadmark Pumping Station","co":"Southern Water","spills":0,"hours":0,"cover":99.98999786376953,"water":"Controlled Sea","bathing":"Littlehampton","year":"2025"},"geometry":{"type":"Point","coordinates":[-0.50774,50.80287]}},{"type":"Feature","properties":{"id":"SWS00108","name":"Brockenhurst WWTW","co":"Southern Water","spills":10,"hours":59.3,"cover":99.97000122070312,"water":"Lymington River","bathing":null,"year":"2025"},"geometry":{"type":"Point","coordinates":[-1.56268,50.82211]}},{"type":"Feature","properties":{"id":"SWS00109","name":"Brockenhurst WWTW","co":"Southern Water","spills":52,"hours":439.4,"cover":99.97000122070312,"water":"Lymington River","bathing":null,"year":"2025"},"geometry":{"type":"Point","coordinates":[-1.56268,50.82211]}},{"type":"Feature","properties":{"id":"SWS00110","name":"Brook Lane PS","co":"Southern Water","spills":17,"hours":188.5,"cover":99.9000015258789,"water":"River Hamble (Tidal)","bathing":null,"year":"2025"},"geometry":{"type":"Point","coordinates":[-1.26874,50.89924]}},{"type":"Feature","properties":{"id":"SWS00112","name":"Brookside Dairy Wroxall CSO","co":"Southern Water","spills":0,"hours":0,"cover":0,"water":"Wroxall Stream","bathing":null,"year":"2025"},"geometry":{"type":"Point","coordinates":[-1.22214,50.61467]}},{"type":"Feature","properties":{"id":"SWS00116","name":"Brunel Road WPS","co":"Southern Water","spills":0,"hours":0,"cover":99.63999938964844,"water":"River Test Estuary","bathing":null,"year":"2025"},"geometry":{"type":"Point","coordinates":[-1.47455,50.9213]}},{"type":"Feature","properties":{"id":"SWS00120","name":"Budds Farm Havant Ceo","co":"Southern Water","spills":3,"hours":7.5,"cover":99.5,"water":"Brockhampton Creek","bathing":null,"year":"2025"},"geometry":{"type":"Point","coordinates":[-0.99755,50.84624]}},{"type":"Feature","properties":{"id":"SWS00121","name":"Budds Farm WWTW","co":"Southern Water","spills":52,"hours":628.4,"cover":99.48999786376953,"water":"The Solent/Langstone Harbour","bathing":null,"year":"2025"},"geometry":{"type":"Point","coordinates":[-1.05491,50.73502]}},{"type":"Feature","properties":{"id":"SWS00124","name":"Buriton WWTW","co":"Southern Water","spills":4,"hours":30.9,"cover":96.4000015258789,"water":"Trib Of Stanbridge Stream","bathing":null,"year":"2025"},"geometry":{"type":"Point","coordinates":[-0.94453,50.97994]}},{"type":"Feature","properties":{"id":"SWS00125","name":"Burnetts Lane WPS","co":"Southern Water","spills":11,"hours":93.3,"cover":99.94000244140625,"water":"Tributary Of River Itchen","bathing":null,"year":"2025"},"geometry":{"type":"Point","coordinates":[-1.29997,50.95051]}},{"type":"Feature","properties":{"id":"SWS00126","name":"Burrfields Road Portsmouth CSO","co":"Southern Water","spills":0,"hours":0,"cover":99.98999786376953,"water":"Great Salterns Lake","bathing":"Eastney; Beachlands West","year":"2025"},"geometry":{"type":"Point","coordinates":[-1.0475,50.81419]}},{"type":"Feature","properties":{"id":"SWS00129","name":"Bury Road Gosport Ceo","co":"Southern Water","spills":4,"hours":6.9,"cover":99.94999694824219,"water":"Workhouse Lake","bathing":"Southsea East; Stokes Bay","year":"2025"},"geometry":{"type":"Point","coordinates":[-1.1395,50.78972]}},{"type":"Feature","properties":{"id":"SWS00130","name":"Bury WWTW","co":"Southern Water","spills":17,"hours":183.8,"cover":99.7300033569336,"water":"River Arun","bathing":null,"year":"2025"},"geometry":{"type":"Point","coordinates":[-0.55612,50.90447]}},{"type":"Feature","properties":{"id":"SWS00131","name":"Buxted WWTW","co":"Southern Water","spills":19,"hours":170.6,"cover":99.94999694824219,"water":"River Uck","bathing":null,"year":"2025"},"geometry":{"type":"Point","coordinates":[0.12851,50.9932]}},{"type":"Feature","properties":{"id":"SWS00133","name":"Calbourne WWTW","co":"Southern Water","spills":34,"hours":280.4,"cover":99.98999786376953,"water":"Caul Bourne","bathing":null,"year":"2025"},"geometry":{"type":"Point","coordinates":[-1.40677,50.6788]}},{"type":"Feature","properties":{"id":"SWS00134","name":"Cambridge Road/Brockhurst Road PS","co":"Southern Water","spills":3,"hours":1.8,"cover":99.97000122070312,"water":"Portsmouth Harbour","bathing":"Southsea East; Stokes Bay","year":"2025"},"geometry":{"type":"Point","coordinates":[-1.13516,50.80228]}},{"type":"Feature","properties":{"id":"SWS00135","name":"Cams Hill, Fareham CSO","co":"Southern Water","spills":0,"hours":0,"cover":99.9000015258789,"water":"Fareham Creek/Portsmouth Hbr","bathing":null,"year":"2025"},"geometry":{"type":"Point","coordinates":[-1.16648,50.85242]}},{"type":"Feature","properties":{"id":"SWS00140","name":"Carlton Avenue Bognor CSO","co":"Southern Water","spills":3,"hours":14.9,"cover":99.98999786376953,"water":"Controlled Sea English Channel","bathing":"Bognor Regis (Aldwick); Bognor Regis East; Pagham","year":"2025"},"geometry":{"type":"Point","coordinates":[-0.71814,50.77381]}},{"type":"Feature","properties":{"id":"SWS00141","name":"Carnegie Road Worthing CSO","co":"Southern Water","spills":0,"hours":0,"cover":99.98999786376953,"water":"A Trib. Of The Teville Stream","bathing":"Lancing, Beach Green; Worthing; Worthing Beach House","year":"2025"},"geometry":{"type":"Point","coordinates":[-0.34602,50.82084]}},{"type":"Feature","properties":{"id":"SWS00145","name":"Castle Street Cowes CSO","co":"Southern Water","spills":9,"hours":2.4,"cover":99.98999786376953,"water":"River Medina","bathing":"Cowes; Gurnard","year":"2025"},"geometry":{"type":"Point","coordinates":[-1.28976,50.76061]}},{"type":"Feature","properties":{"id":"SWS00146","name":"Castle Street Cowes CSO","co":"Southern Water","spills":40,"hours":21.8,"cover":99.93000030517578,"water":"The Solent","bathing":"Cowes; Gurnard","year":"2025"},"geometry":{"type":"Point","coordinates":[-1.29089,50.76116]}},{"type":"Feature","properties":{"id":"SWS00149","name":"Cawte Road/Park Road CSO","co":"Southern Water","spills":10,"hours":4.8,"cover":99.98999786376953,"water":"Test Estuary","bathing":null,"year":"2025"},"geometry":{"type":"Point","coordinates":[-1.4417,50.90793]}},{"type":"Feature","properties":{"id":"SWS00150","name":"Cedar Road Southampton CSO","co":"Southern Water","spills":0,"hours":0,"cover":99.70999908447266,"water":"River Itchen","bathing":null,"year":"2025"},"geometry":{"type":"Point","coordinates":[-1.38835,50.91953]}},{"type":"Feature","properties":{"id":"SWS00154","name":"Chale PS","co":"Southern Water","spills":1,"hours":3,"cover":99.9000015258789,"water":"Unnamed Stream","bathing":null,"year":"2025"},"geometry":{"type":"Point","coordinates":[-1.31995,50.6044]}},{"type":"Feature","properties":{"id":"SWS00155","name":"Chale WWTW","co":"Southern Water","spills":29,"hours":231.4,"cover":99.91999816894531,"water":"River Medina","bathing":null,"year":"2025"},"geometry":{"type":"Point","coordinates":[-1.30794,50.62376]}},{"type":"Feature","properties":{"id":"SWS00156","name":"Chalice Court Hedge End Ceo","co":"Southern Water","spills":0,"hours":0,"cover":99.91000366210938,"water":"Wildern Stream","bathing":null,"year":"2025"},"geometry":{"type":"Point","coordinates":[-1.30977,50.91343]}},{"type":"Feature","properties":{"id":"SWS00159","name":"Chapel Street Petersfield CSO","co":"Southern Water","spills":5,"hours":11.2,"cover":99.55999755859375,"water":"Unnamed Strm To Tilmore Brook","bathing":null,"year":"2025"},"geometry":{"type":"Point","coordinates":[-0.93827,51.00498]}},{"type":"Feature","properties":{"id":"SWS00160","name":"Chapel Wharf WPS","co":"Southern Water","spills":3,"hours":9.5,"cover":26.420000076293945,"water":"River Itchen Estuary","bathing":null,"year":"2025"},"geometry":{"type":"Point","coordinates":[-1.38774,50.90109]}},{"type":"Feature","properties":{"id":"SWS00169","name":"Chestnut Avenue Ceo","co":"Southern Water","spills":2,"hours":0.1,"cover":99.94000244140625,"water":"The Monks Brook","bathing":null,"year":"2025"},"geometry":{"type":"Point","coordinates":[-1.371,50.96125]}},{"type":"Feature","properties":{"id":"SWS00171","name":"Chichester Road Bognor CSO","co":"Southern Water","spills":1,"hours":3.1,"cover":99.98999786376953,"water":"Bartons Lane Ditch Trib Of Ald","bathing":"Bognor Regis (Aldwick); Bognor Regis East; Felpham; Middleton-on-sea","year":"2025"},"geometry":{"type":"Point","coordinates":[-0.68649,50.80007]}},{"type":"Feature","properties":{"id":"SWS00172","name":"Chichester WWTW","co":"Southern Water","spills":62,"hours":984.6,"cover":98.31999969482422,"water":"Chichester Harbour","bathing":null,"year":"2025"},"geometry":{"type":"Point","coordinates":[-0.81054,50.82721]}},{"type":"Feature","properties":{"id":"SWS00173","name":"Chichester WWTW","co":"Southern Water","spills":4,"hours":3.5,"cover":98.31999969482422,"water":"Chichester Harbour","bathing":null,"year":"2025"},"geometry":{"type":"Point","coordinates":[-0.81054,50.82721]}},{"type":"Feature","properties":{"id":"SWS00174","name":"Chickenhall Eastleigh WWTW","co":"Southern Water","spills":31,"hours":436.2,"cover":99.94999694824219,"water":"The River Itchen","bathing":null,"year":"2025"},"geometry":{"type":"Point","coordinates":[-1.33487,50.95845]}},{"type":"Feature","properties":{"id":"SWS00175","name":"Chiddingfold WWTW","co":"Southern Water","spills":50,"hours":765,"cover":99.97000122070312,"water":"Chiddingfold Stream","bathing":null,"year":"2025"},"geometry":{"type":"Point","coordinates":[-0.61667,51.12149]}},{"type":"Feature","properties":{"id":"SWS00177","name":"Chidham Lane SPS Chidham","co":"Southern Water","spills":3,"hours":18.2,"cover":99.9800033569336,"water":"Ditch To Chichester Harbour","bathing":null,"year":"2025"},"geometry":{"type":"Point","coordinates":[-0.87509,50.83532]}},{"type":"Feature","properties":{"id":"SWS00178","name":"Chilbolton WWTW","co":"Southern Water","spills":2,"hours":14.1,"cover":99.1500015258789,"water":"The River Test","bathing":null,"year":"2025"},"geometry":{"type":"Point","coordinates":[-1.44875,51.15309]}},{"type":"Feature","properties":{"id":"SWS00180","name":"Church Lane Botley Ceo","co":"Southern Water","spills":5,"hours":46.7,"cover":99.93000030517578,"water":"River Hamble","bathing":null,"year":"2025"},"geometry":{"type":"Point","coordinates":[-1.26969,50.91102]}},{"type":"Feature","properties":{"id":"SWS00181","name":"Church Road Selsey CSO","co":"Southern Water","spills":0,"hours":0,"cover":85.54000091552734,"water":"English Channel","bathing":"Selsey","year":"2025"},"geometry":{"type":"Point","coordinates":[-0.78662,50.7365]}},{"type":"Feature","properties":{"id":"SWS00184","name":"Cliff End Wwps Seaford","co":"Southern Water","spills":11,"hours":9.6,"cover":99.98999786376953,"water":"English Channel","bathing":"Seaford","year":"2025"},"geometry":{"type":"Point","coordinates":[0.10728,50.76344]}},{"type":"Feature","properties":{"id":"SWS00191","name":"Coldwaltham WWTW","co":"Southern Water","spills":1,"hours":8.2,"cover":99.93000030517578,"water":"A Tributary Of The River Arun","bathing":null,"year":"2025"},"geometry":{"type":"Point","coordinates":[-0.54713,50.93296]}},{"type":"Feature","properties":{"id":"SWS00192","name":"College Street Petersfield CSO","co":"Southern Water","spills":4,"hours":8.5,"cover":98.16999816894531,"water":"Unnamed Strm To Tilmore Brook","bathing":null,"year":"2025"},"geometry":{"type":"Point","coordinates":[-0.93385,51.00476]}},{"type":"Feature","properties":{"id":"SWS00193","name":"Colwell Chine CSO","co":"Southern Water","spills":2,"hours":1.6,"cover":99.5999984741211,"water":"The Solent","bathing":"Colwell Bay; Totland Bay","year":"2025"},"geometry":{"type":"Point","coordinates":[-1.53829,50.68956]}},{"type":"Feature","properties":{"id":"SWS00194","name":"Commercial Road/Rudmore Road CSO","co":"Southern Water","spills":4,"hours":5.2,"cover":99.70999908447266,"water":"Portsmouth Harbour","bathing":"Southsea East; Stokes Bay","year":"2025"},"geometry":{"type":"Point","coordinates":[-1.09394,50.81267]}},{"type":"Feature","properties":{"id":"SWS00196","name":"Consort Road Eastleigh CSO","co":"Southern Water","spills":0,"hours":0,"cover":75.54000091552734,"water":"River Itchen","bathing":null,"year":"2025"},"geometry":{"type":"Point","coordinates":[-1.34677,51.01409]}},{"type":"Feature","properties":{"id":"SWS00199","name":"Cooksbridge Ceo","co":"Southern Water","spills":13,"hours":79.2,"cover":99.98999786376953,"water":"North End Stream","bathing":null,"year":"2025"},"geometry":{"type":"Point","coordinates":[-0.00629,50.90708]}},{"type":"Feature","properties":{"id":"SWS00201","name":"Coopers Green PS, Uckfield","co":"Southern Water","spills":14,"hours":43.6,"cover":99.55999755859375,"water":"Freshwater River","bathing":null,"year":"2025"},"geometry":{"type":"Point","coordinates":[0.10454,50.9895]}},{"type":"Feature","properties":{"id":"SWS00202","name":"Coopers Place Wormley Ceo","co":"Southern Water","spills":0,"hours":0,"cover":99.91000366210938,"water":"Unnamed Tributary River Arun","bathing":null,"year":"2025"},"geometry":{"type":"Point","coordinates":[-0.64459,51.12928]}},{"type":"Feature","properties":{"id":"SWS00205","name":"Cortis Avenue Worthing CSO","co":"Southern Water","spills":0,"hours":0,"cover":99.98999786376953,"water":"A Trib. Of The Teville Stream","bathing":"Lancing, Beach Green; Worthing; Worthing Beach House","year":"2025"},"geometry":{"type":"Point","coordinates":[-0.34588,50.82083]}},{"type":"Feature","properties":{"id":"SWS00206","name":"Cosham PS","co":"Southern Water","spills":22,"hours":85.9,"cover":100,"water":"Ports Creek","bathing":null,"year":"2025"},"geometry":{"type":"Point","coordinates":[-1.06097,50.83588]}},{"type":"Feature","properties":{"id":"SWS00207","name":"Cotswold Walk CSO","co":"Southern Water","spills":0,"hours":0,"cover":99.56999969482422,"water":"Hoeford Stream","bathing":null,"year":"2025"},"geometry":{"type":"Point","coordinates":[-1.19732,50.84337]}},{"type":"Feature","properties":{"id":"SWS00208","name":"Court Road Wwps, Lewes","co":"Southern Water","spills":8,"hours":3.4,"cover":99.38999938964844,"water":"The River Ouse","bathing":null,"year":"2025"},"geometry":{"type":"Point","coordinates":[0.01685,50.87305]}},{"type":"Feature","properties":{"id":"SWS00211","name":"Cow Lane Portchester Ceo","co":"Southern Water","spills":1,"hours":0.6,"cover":100,"water":"Portsmouth Harbour","bathing":null,"year":"2025"},"geometry":{"type":"Point","coordinates":[-1.11708,50.84288]}},{"type":"Feature","properties":{"id":"SWS00214","name":"Cowes (Springhill) Headworks WPS","co":"Southern Water","spills":60,"hours":615,"cover":99.98999786376953,"water":"The Solent","bathing":"Cowes; Gurnard","year":"2025"},"geometry":{"type":"Point","coordinates":[-1.27909,50.77259]}},{"type":"Feature","properties":{"id":"SWS00215","name":"Cowfold WWTW","co":"Southern Water","spills":0,"hours":0,"cover":99.9800033569336,"water":"Cowfold Stream Trib River Adur","bathing":null,"year":"2025"},"geometry":{"type":"Point","coordinates":[-0.26998,50.98431]}},{"type":"Feature","properties":{"id":"SWS00216","name":"Cowfold WWTW","co":"Southern Water","spills":45,"hours":499.5,"cover":99.9800033569336,"water":"Cowfold Stream Trib River Adur","bathing":null,"year":"2025"},"geometry":{"type":"Point","coordinates":[-0.26998,50.98431]}},{"type":"Feature","properties":{"id":"SWS00230","name":"CSO At The Wharf PS South Ambersham","co":"Southern Water","spills":3,"hours":12.2,"cover":100,"water":"Freshwater River","bathing":null,"year":"2025"},"geometry":{"type":"Point","coordinates":[-0.73356,50.98513]}},{"type":"Feature","properties":{"id":"SWS00231","name":"CSO At Town Quay PS Arundel","co":"Southern Water","spills":20,"hours":25.1,"cover":99.97000122070312,"water":"Freshwater River","bathing":"Littlehampton","year":"2025"},"geometry":{"type":"Point","coordinates":[-0.55343,50.85363]}},{"type":"Feature","properties":{"id":"SWS00233","name":"CSO Breakers Yard Nutbourne","co":"Southern Water","spills":19,"hours":189.4,"cover":99.31999969482422,"water":"The Ham Brook","bathing":null,"year":"2025"},"geometry":{"type":"Point","coordinates":[-0.89489,50.84477]}},{"type":"Feature","properties":{"id":"SWS00234","name":"CSO East St/Avon Rd Littlehampton","co":"Southern Water","spills":39,"hours":117.6,"cover":99.98999786376953,"water":"Tidal River Arun","bathing":"Littlehampton","year":"2025"},"geometry":{"type":"Point","coordinates":[-0.54289,50.8043]}},{"type":"Feature","properties":{"id":"SWS00237","name":"CSO Sompting/Penfold Road Worthing","co":"Southern Water","spills":0,"hours":0,"cover":99.98999786376953,"water":"A Trib. Of The Teville Stream","bathing":"Lancing, Beach Green; Worthing; Worthing Beach House","year":"2025"},"geometry":{"type":"Point","coordinates":[-0.35555,50.8243]}},{"type":"Feature","properties":{"id":"SWS00238","name":"CSO, Framfield Road, Uckfield, E/S","co":"Southern Water","spills":0,"hours":0,"cover":99.55000305175781,"water":"Framfield Stream","bathing":null,"year":"2025"},"geometry":{"type":"Point","coordinates":[0.09882,50.96685]}},{"type":"Feature","properties":{"id":"SWS00239","name":"Cuckfield Road","co":"Southern Water","spills":10,"hours":2.5,"cover":98.62000274658203,"water":"Freshwater River","bathing":null,"year":"2025"},"geometry":{"type":"Point","coordinates":[-0.17679,50.94449]}},{"type":"Feature","properties":{"id":"SWS00240","name":"Cuckfield WWTW","co":"Southern Water","spills":47,"hours":484.3,"cover":99.98999786376953,"water":"Trib Of River Adur","bathing":null,"year":"2025"},"geometry":{"type":"Point","coordinates":[-0.14405,50.99803]}},{"type":"Feature","properties":{"id":"SWS00245","name":"Danehill S.T.W.","co":"Southern Water","spills":49,"hours":636.6,"cover":99.80999755859375,"water":"Unnamed Trib Of River Ouse","bathing":null,"year":"2025"},"geometry":{"type":"Point","coordinates":[0.00661,51.02827]}},{"type":"Feature","properties":{"id":"SWS00247","name":"Denton Island Newhaven CSO","co":"Southern Water","spills":0,"hours":0,"cover":99.6500015258789,"water":"Tidal River Ouse","bathing":"Seaford","year":"2025"},"geometry":{"type":"Point","coordinates":[0.04969,50.7954]}},{"type":"Feature","properties":{"id":"SWS00250","name":"Dibles Road Warsash PS","co":"Southern Water","spills":0,"hours":0,"cover":99.98999786376953,"water":"Hook Lake","bathing":null,"year":"2025"},"geometry":{"type":"Point","coordinates":[-1.29121,50.85235]}},{"type":"Feature","properties":{"id":"SWS00251","name":"Ditchling WWTW","co":"Southern Water","spills":85,"hours":1140.9,"cover":98.88999938964844,"water":"Bevern Stream","bathing":null,"year":"2025"},"geometry":{"type":"Point","coordinates":[-0.09953,50.92267]}},{"type":"Feature","properties":{"id":"SWS00255","name":"Dodnor Lane CSO","co":"Southern Water","spills":23,"hours":64.8,"cover":99.98999786376953,"water":"Tributary Of River Medina","bathing":null,"year":"2025"},"geometry":{"type":"Point","coordinates":[-1.2914,50.70837]}},{"type":"Feature","properties":{"id":"SWS00256","name":"Dodnor Pumping Station CSO & EO","co":"Southern Water","spills":76,"hours":646.1,"cover":99.93000030517578,"water":"River Medina","bathing":null,"year":"2025"},"geometry":{"type":"Point","coordinates":[-1.28816,50.71653]}},{"type":"Feature","properties":{"id":"SWS00263","name":"Downs Park Totton Ceo","co":"Southern Water","spills":12,"hours":70,"cover":98.26000213623047,"water":"Bartley Water (Tidal)","bathing":null,"year":"2025"},"geometry":{"type":"Point","coordinates":[-1.4903,50.9113]}},{"type":"Feature","properties":{"id":"SWS00264","name":"Durley Lane Durley Ceo","co":"Southern Water","spills":29,"hours":223.8,"cover":99.91999816894531,"water":"Unnamed Trib Of River Hamble","bathing":null,"year":"2025"},"geometry":{"type":"Point","coordinates":[-1.25979,50.95242]}},{"type":"Feature","properties":{"id":"SWS00265","name":"East Beach Road Selsey Ceo","co":"Southern Water","spills":0,"hours":0,"cover":100,"water":"The English Channel","bathing":null,"year":"2025"},"geometry":{"type":"Point","coordinates":[-0.77343,50.7341]}},{"type":"Feature","properties":{"id":"SWS00266","name":"East Beach Road Selsey CSO","co":"Southern Water","spills":0,"hours":0,"cover":68.4000015258789,"water":"English Channel","bathing":"Selsey","year":"2025"},"geometry":{"type":"Point","coordinates":[-0.77181,50.73373]}},{"type":"Feature","properties":{"id":"SWS00267","name":"East Boldre S.T.W.","co":"Southern Water","spills":6,"hours":29.4,"cover":99.98999786376953,"water":"Hatchet Stream","bathing":null,"year":"2025"},"geometry":{"type":"Point","coordinates":[-1.46195,50.80461]}},{"type":"Feature","properties":{"id":"SWS00268","name":"East Dean WWTW","co":"Southern Water","spills":4,"hours":9.7,"cover":99.41999816894531,"water":"Groundwaters Via Infiltration","bathing":"Birling Gap","year":"2025"},"geometry":{"type":"Point","coordinates":[0.20642,50.7455]}},{"type":"Feature","properties":{"id":"SWS00269","name":"East Grimstead WWTW","co":"Southern Water","spills":64,"hours":973.4,"cover":99.62999725341797,"water":"Groundwater/River Dun","bathing":null,"year":"2025"},"geometry":{"type":"Point","coordinates":[-1.67283,51.04774]}},{"type":"Feature","properties":{"id":"SWS00270","name":"East Hoathly S.T.W.","co":"Southern Water","spills":48,"hours":360,"cover":100,"water":"Trib Of Glynde Reach","bathing":null,"year":"2025"},"geometry":{"type":"Point","coordinates":[0.16249,50.91802]}},{"type":"Feature","properties":{"id":"SWS00271","name":"East Meon WWTW","co":"Southern Water","spills":14,"hours":158.5,"cover":99.62999725341797,"water":"River Meon","bathing":null,"year":"2025"},"geometry":{"type":"Point","coordinates":[-1.04234,50.99679]}},{"type":"Feature","properties":{"id":"SWS00277","name":"Eastern Gardens WPS","co":"Southern Water","spills":2,"hours":1.2,"cover":90.33999633789062,"water":"English Channel","bathing":"Sandown; Shanklin; Yaverland","year":"2025"},"geometry":{"type":"Point","coordinates":[-1.14762,50.65543]}},{"type":"Feature","properties":{"id":"SWS00283","name":"Egypt Point PS","co":"Southern Water","spills":3,"hours":1.8,"cover":99.93000030517578,"water":"The Solent","bathing":"Cowes; Gurnard","year":"2025"},"geometry":{"type":"Point","coordinates":[-1.30837,50.76756]}},{"type":"Feature","properties":{"id":"SWS00284","name":"Egypt Point PS","co":"Southern Water","spills":44,"hours":77.2,"cover":99.93000030517578,"water":"The Solent","bathing":"Cowes; Gurnard","year":"2025"},"geometry":{"type":"Point","coordinates":[-1.30837,50.76756]}},{"type":"Feature","properties":{"id":"SWS00285","name":"Eight Acres Romsey CSO","co":"Southern Water","spills":0,"hours":0,"cover":48.91999816894531,"water":"Tadburn Lake","bathing":null,"year":"2025"},"geometry":{"type":"Point","coordinates":[-1.48117,50.99048]}},{"type":"Feature","properties":{"id":"SWS00286","name":"Elmhurst Road (Compass Point) CSO","co":"Southern Water","spills":19,"hours":37.1,"cover":99.63999938964844,"water":"Black Brook","bathing":null,"year":"2025"},"geometry":{"type":"Point","coordinates":[-1.18046,50.84874]}},{"type":"Feature","properties":{"id":"SWS00291","name":"Ensign Park Hamble Ceo","co":"Southern Water","spills":3,"hours":10.9,"cover":99.94000244140625,"water":"Southampton Water","bathing":null,"year":"2025"},"geometry":{"type":"Point","coordinates":[-1.33122,50.856]}},{"type":"Feature","properties":{"id":"SWS00293","name":"Fairlee Combined Sewer Overflow","co":"Southern Water","spills":52,"hours":479.5,"cover":99.62999725341797,"water":"River Medina","bathing":null,"year":"2025"},"geometry":{"type":"Point","coordinates":[-1.28586,50.71868]}},{"type":"Feature","properties":{"id":"SWS00294","name":"Fairlee Road Newport O/S 62 CSO","co":"Southern Water","spills":58,"hours":137,"cover":99.98999786376953,"water":"Tributary Of The River Medina","bathing":null,"year":"2025"},"geometry":{"type":"Point","coordinates":[-1.2906,50.70486]}},{"type":"Feature","properties":{"id":"SWS00297","name":"Fairplace Hill WPS","co":"Southern Water","spills":30,"hours":156.4,"cover":99.51000213623047,"water":"Unnamed Trib Of River Adur","bathing":null,"year":"2025"},"geometry":{"type":"Point","coordinates":[-0.13414,50.9685]}},{"type":"Feature","properties":{"id":"SWS00298","name":"Fairthorne Manor Ceo","co":"Southern Water","spills":3,"hours":7.7,"cover":99.98999786376953,"water":"Shawfords Lake","bathing":null,"year":"2025"},"geometry":{"type":"Point","coordinates":[-1.25697,50.90636]}},{"type":"Feature","properties":{"id":"SWS00299","name":"Fairwarp Pumping Station","co":"Southern Water","spills":10,"hours":53.3,"cover":99.79000091552734,"water":"Shortbridge Stream","bathing":null,"year":"2025"},"geometry":{"type":"Point","coordinates":[0.09781,51.01723]}},{"type":"Feature","properties":{"id":"SWS00300","name":"Fareham Road Gosport O/S 68 CSO","co":"Southern Water","spills":3,"hours":11.9,"cover":99.70999908447266,"water":"Frater Lake","bathing":null,"year":"2025"},"geometry":{"type":"Point","coordinates":[-1.15706,50.8234]}},{"type":"Feature","properties":{"id":"SWS00301","name":"Fareham Road Wickham Ceo","co":"Southern Water","spills":35,"hours":395,"cover":95.02999877929688,"water":"River Meon","bathing":null,"year":"2025"},"geometry":{"type":"Point","coordinates":[-1.18885,50.89763]}},{"type":"Feature","properties":{"id":"SWS00302","name":"Farhalls Crescent Horsham CSO","co":"Southern Water","spills":12,"hours":24.6,"cover":99.98999786376953,"water":"Freshwater River","bathing":null,"year":"2025"},"geometry":{"type":"Point","coordinates":[-0.30307,51.08084]}},{"type":"Feature","properties":{"id":"SWS00305","name":"Felride Haywards Heath CSO","co":"Southern Water","spills":17,"hours":62.7,"cover":39,"water":"Unnamed Trib Of River Adur","bathing":null,"year":"2025"},"geometry":{"type":"Point","coordinates":[-0.11255,50.98772]}},{"type":"Feature","properties":{"id":"SWS00308","name":"Fernhurst WWTW","co":"Southern Water","spills":34,"hours":322.6,"cover":99.98999786376953,"water":"River Lod","bathing":null,"year":"2025"},"geometry":{"type":"Point","coordinates":[-0.72309,51.03978]}},{"type":"Feature","properties":{"id":"SWS00311","name":"Fishbourne Lane Fishbourne Iow Ceo","co":"Southern Water","spills":18,"hours":74.2,"cover":99.98999786376953,"water":"Wootton Creek","bathing":"Ryde","year":"2025"},"geometry":{"type":"Point","coordinates":[-1.21221,50.73484]}},{"type":"Feature","properties":{"id":"SWS00312","name":"Fishbourne Weir CSO","co":"Southern Water","spills":28,"hours":144.4,"cover":77.01000213623047,"water":"The Solent","bathing":"Ryde","year":"2025"},"geometry":{"type":"Point","coordinates":[-1.21221,50.73484]}},{"type":"Feature","properties":{"id":"SWS00313","name":"Fishermans Cottage CSO","co":"Southern Water","spills":0,"hours":0,"cover":99.93000030517578,"water":"English Channel","bathing":"Sandown; Shanklin","year":"2025"},"geometry":{"type":"Point","coordinates":[-1.1736,50.62621]}},{"type":"Feature","properties":{"id":"SWS00314","name":"Fishery Lane PS","co":"Southern Water","spills":0,"hours":0,"cover":99.98999786376953,"water":"Chichester Harbour","bathing":"Beachlands Central; Beachlands West; Eastoke; West Wittering","year":"2025"},"geometry":{"type":"Point","coordinates":[-0.95549,50.78328]}},{"type":"Feature","properties":{"id":"SWS00316","name":"Fittleworth S.T.W.","co":"Southern Water","spills":92,"hours":599.3,"cover":99.5199966430664,"water":"River Rother","bathing":null,"year":"2025"},"geometry":{"type":"Point","coordinates":[-0.559,50.95388]}},{"type":"Feature","properties":{"id":"SWS00318","name":"Flexford Lane Sway WWTW","co":"Southern Water","spills":43,"hours":507.6,"cover":99.62999725341797,"water":"Avon Water","bathing":null,"year":"2025"},"geometry":{"type":"Point","coordinates":[-1.59183,50.76799]}},{"type":"Feature","properties":{"id":"SWS00319","name":"Floating Bridge Cowes CSO","co":"Southern Water","spills":3,"hours":0.3,"cover":99.98999786376953,"water":"River Medina","bathing":"Cowes; Gurnard","year":"2025"},"geometry":{"type":"Point","coordinates":[-1.29052,50.75747]}},{"type":"Feature","properties":{"id":"SWS00320","name":"Flowers Brook Transfer PS","co":"Southern Water","spills":0,"hours":0,"cover":99.93000030517578,"water":"English Channel","bathing":"Ventnor","year":"2025"},"geometry":{"type":"Point","coordinates":[-1.22128,50.58985]}},{"type":"Feature","properties":{"id":"SWS00325","name":"Fort Cumberland Stormwater Tanks","co":"Southern Water","spills":9,"hours":23.5,"cover":99.80999755859375,"water":"Langstone Harbour","bathing":"Beachlands Central; Beachlands West; Eastney; Southsea East","year":"2025"},"geometry":{"type":"Point","coordinates":[-1.02843,50.78912]}},{"type":"Feature","properties":{"id":"SWS00326","name":"Fort Road Wastewater PS","co":"Southern Water","spills":0,"hours":0,"cover":99.58999633789062,"water":"The River Ouse (Estuary)","bathing":"Seaford","year":"2025"},"geometry":{"type":"Point","coordinates":[0.05587,50.78423]}},{"type":"Feature","properties":{"id":"SWS00327","name":"Foster Road Gosport WPS Ceo","co":"Southern Water","spills":6,"hours":11,"cover":99.91999816894531,"water":"Workhouse Lake, Portsmouth Hbr","bathing":"Southsea East; Stokes Bay","year":"2025"},"geometry":{"type":"Point","coordinates":[-1.13936,50.78981]}},{"type":"Feature","properties":{"id":"SWS00329","name":"Foxhill Haywards Heath Ceo","co":"Southern Water","spills":59,"hours":758.3,"cover":99.94000244140625,"water":"River Adur","bathing":null,"year":"2025"},"geometry":{"type":"Point","coordinates":[-0.10368,50.97822]}},{"type":"Feature","properties":{"id":"SWS00330","name":"Framfield Ceo","co":"Southern Water","spills":33,"hours":213.1,"cover":99.97000122070312,"water":"Tributary Of Framfield Stream","bathing":null,"year":"2025"},"geometry":{"type":"Point","coordinates":[0.13184,50.96022]}},{"type":"Feature","properties":{"id":"SWS00331","name":"Framfield Road Sewage Pumping","co":"Southern Water","spills":1,"hours":0.6,"cover":99.94999694824219,"water":"Freshwater River","bathing":null,"year":"2025"},"geometry":{"type":"Point","coordinates":[0.10513,50.96781]}},{"type":"Feature","properties":{"id":"SWS00333","name":"Freeks Lane Burgess Hill CSO","co":"Southern Water","spills":30,"hours":123,"cover":82.27999877929688,"water":"Freshwater River","bathing":null,"year":"2025"},"geometry":{"type":"Point","coordinates":[-0.13405,50.96684]}},{"type":"Feature","properties":{"id":"SWS00334","name":"Freshwater Bay PS","co":"Southern Water","spills":15,"hours":84.7,"cover":99.95999908447266,"water":"Drain To Western Yar","bathing":null,"year":"2025"},"geometry":{"type":"Point","coordinates":[-1.51031,50.67101]}},{"type":"Feature","properties":{"id":"SWS00335","name":"Friars Walk Barton-On-Sea CSO","co":"Southern Water","spills":2,"hours":0.5,"cover":99.43000030517578,"water":"Becton Bunny","bathing":"Christchurch Bay","year":"2025"},"geometry":{"type":"Point","coordinates":[-1.65979,50.74375]}},{"type":"Feature","properties":{"id":"SWS00338","name":"Fullerton Wastewater Treatment Work","co":"Southern Water","spills":0,"hours":0,"cover":99.94999694824219,"water":"The River Test","bathing":null,"year":"2025"},"geometry":{"type":"Point","coordinates":[-1.45579,51.15052]}},{"type":"Feature","properties":{"id":"SWS00344","name":"Garnier Road","co":"Southern Water","spills":2,"hours":6.7,"cover":98.83999633789062,"water":"Freshwater River","bathing":null,"year":"2025"},"geometry":{"type":"Point","coordinates":[-1.31629,51.05114]}},{"type":"Feature","properties":{"id":"SWS00345","name":"Gaters Mill","co":"Southern Water","spills":2,"hours":4.6,"cover":99.98999786376953,"water":"River Itchen","bathing":null,"year":"2025"},"geometry":{"type":"Point","coordinates":[-1.35595,50.93788]}},{"type":"Feature","properties":{"id":"SWS00347","name":"Gillingham Road Gillingham CSO","co":"Southern Water","spills":6,"hours":0.7,"cover":99.56999969482422,"water":"The English Channel","bathing":null,"year":"2025"},"geometry":{"type":"Point","coordinates":[-0.77343,50.7341]}},{"type":"Feature","properties":{"id":"SWS00349","name":"Glebe Road Fernhurst CSO","co":"Southern Water","spills":11,"hours":48,"cover":96.9800033569336,"water":"Trib Of The R. Rother West","bathing":null,"year":"2025"},"geometry":{"type":"Point","coordinates":[-0.72091,51.04632]}},{"type":"Feature","properties":{"id":"SWS00350","name":"Glenfield Avenue CSO","co":"Southern Water","spills":0,"hours":0,"cover":71.80999755859375,"water":"River Midden","bathing":null,"year":"2025"},"geometry":{"type":"Point","coordinates":[-1.3633,50.92056]}},{"type":"Feature","properties":{"id":"SWS00351","name":"Gloucester Road CSO","co":"Southern Water","spills":3,"hours":2.7,"cover":99.19999694824219,"water":"Freshwater River","bathing":"Bognor Regis (Aldwick); Bognor Regis East; Felpham; Middleton-on-sea","year":"2025"},"geometry":{"type":"Point","coordinates":[-0.65853,50.78528]}},{"type":"Feature","properties":{"id":"SWS00352","name":"Glynde North Pumping Station","co":"Southern Water","spills":12,"hours":79.9,"cover":99.9800033569336,"water":"Glynde Reach","bathing":null,"year":"2025"},"geometry":{"type":"Point","coordinates":[0.06973,50.86025]}},{"type":"Feature","properties":{"id":"SWS00353","name":"Glynde South Ceo","co":"Southern Water","spills":0,"hours":0,"cover":100,"water":"Glynde Reach Trib River Ouse","bathing":null,"year":"2025"},"geometry":{"type":"Point","coordinates":[0.06794,50.85848]}},{"type":"Feature","properties":{"id":"SWS00354","name":"Goddards Green WWTW","co":"Southern Water","spills":72,"hours":817.9,"cover":95.1500015258789,"water":"River Adur East","bathing":null,"year":"2025"},"geometry":{"type":"Point","coordinates":[-0.16527,50.97336]}},{"type":"Feature","properties":{"id":"SWS00356","name":"Godshill WWTW","co":"Southern Water","spills":8,"hours":32.1,"cover":99.80999755859375,"water":"Tributary Of Godshill Stream","bathing":null,"year":"2025"},"geometry":{"type":"Point","coordinates":[-1.2579,50.64126]}},{"type":"Feature","properties":{"id":"SWS00364","name":"Grayswood WWTW","co":"Southern Water","spills":52,"hours":309.4,"cover":99.93000030517578,"water":"Two Tribs Of River Chidd","bathing":null,"year":"2025"},"geometry":{"type":"Point","coordinates":[-0.68239,51.10174]}},{"type":"Feature","properties":{"id":"SWS00365","name":"Great Preston Road CSO","co":"Southern Water","spills":4,"hours":3.6,"cover":99.08000183105469,"water":"Monktonmead Brook","bathing":"Ryde; Seagrove","year":"2025"},"geometry":{"type":"Point","coordinates":[-1.15965,50.71874]}},{"type":"Feature","properties":{"id":"SWS00366","name":"Green Crescent O/Flow","co":"Southern Water","spills":2,"hours":19.4,"cover":85.88999938964844,"water":"Saline Estuary","bathing":"Lee-on-Solent; Stokes Bay","year":"2025"},"geometry":{"type":"Point","coordinates":[-1.17038,50.81666]}},{"type":"Feature","properties":{"id":"SWS00367","name":"Green Lane Chilworth Ceo","co":"Southern Water","spills":6,"hours":29.3,"cover":99.70999908447266,"water":"Unnamed Trib Of River Itchen","bathing":null,"year":"2025"},"geometry":{"type":"Point","coordinates":[-1.40277,50.96007]}},{"type":"Feature","properties":{"id":"SWS00368","name":"Green Lane Hayling Island CSO","co":"Southern Water","spills":0,"hours":0,"cover":84.2300033569336,"water":"Hayling Bay","bathing":"Beachlands Central; Beachlands West; Eastoke","year":"2025"},"geometry":{"type":"Point","coordinates":[-0.9892,50.78582]}},{"type":"Feature","properties":{"id":"SWS00369","name":"Green Lane Lyndhurst Ceo","co":"Southern Water","spills":7,"hours":29.8,"cover":100,"water":"Matley Bog Stream","bathing":null,"year":"2025"},"geometry":{"type":"Point","coordinates":[-1.56652,50.86763]}},{"type":"Feature","properties":{"id":"SWS00374","name":"Grove Road Gosport Ceo","co":"Southern Water","spills":8,"hours":33.8,"cover":99.72000122070312,"water":"Portsmouth Harbour","bathing":"Southsea East; Stokes Bay","year":"2025"},"geometry":{"type":"Point","coordinates":[-1.13582,50.80498]}},{"type":"Feature","properties":{"id":"SWS00376","name":"Gruneison Road Storm PS","co":"Southern Water","spills":39,"hours":98.7,"cover":99.70999908447266,"water":"Portsmouth Harbour","bathing":"Southsea East; Stokes Bay","year":"2025"},"geometry":{"type":"Point","coordinates":[-1.09183,50.81904]}},{"type":"Feature","properties":{"id":"SWS00377","name":"Gruneison Road Storm PS","co":"Southern Water","spills":1,"hours":0.4,"cover":99.51000213623047,"water":"Portsmouth Harbour","bathing":"Southsea East; Stokes Bay","year":"2025"},"geometry":{"type":"Point","coordinates":[-1.09183,50.81904]}},{"type":"Feature","properties":{"id":"SWS00378","name":"Gruneison Road Storm PS","co":"Southern Water","spills":3,"hours":1.8,"cover":93.43000030517578,"water":"Portsmouth Harbour","bathing":"Southsea East; Stokes Bay","year":"2025"},"geometry":{"type":"Point","coordinates":[-1.09183,50.81904]}},{"type":"Feature","properties":{"id":"SWS00379","name":"Gruneison Road Storm PS","co":"Southern Water","spills":0,"hours":0,"cover":85.04000091552734,"water":"Portsmouth Harbour","bathing":"Southsea East; Stokes Bay","year":"2025"},"geometry":{"type":"Point","coordinates":[-1.09183,50.81904]}},{"type":"Feature","properties":{"id":"SWS00381","name":"Gurnard PS","co":"Southern Water","spills":22,"hours":130.8,"cover":99.91999816894531,"water":"The Solent","bathing":"Cowes; Gurnard","year":"2025"},"geometry":{"type":"Point","coordinates":[-1.32877,50.73935]}},{"type":"Feature","properties":{"id":"SWS00387","name":"Halland WWTW","co":"Southern Water","spills":76,"hours":1208.5,"cover":99.81999969482422,"water":"Ridgewood Stream","bathing":null,"year":"2025"},"geometry":{"type":"Point","coordinates":[0.13816,50.93349]}},{"type":"Feature","properties":{"id":"SWS00389","name":"Ham Lane Lewes Settles Storm Tank","co":"Southern Water","spills":155,"hours":2485.2,"cover":99.30000305175781,"water":"The Tidal River Ouse","bathing":null,"year":"2025"},"geometry":{"type":"Point","coordinates":[0.02047,50.86462]}},{"type":"Feature","properties":{"id":"SWS00391","name":"Hamble Lane Bursledon Wastewater PS","co":"Southern Water","spills":29,"hours":368.6,"cover":99.9000015258789,"water":"River Hamble Estuary","bathing":null,"year":"2025"},"geometry":{"type":"Point","coordinates":[-1.317,50.87606]}},{"type":"Feature","properties":{"id":"SWS00392","name":"Hambledon PS","co":"Southern Water","spills":36,"hours":328.5,"cover":100,"water":"Sheepwash Tributary","bathing":null,"year":"2025"},"geometry":{"type":"Point","coordinates":[-1.05905,50.8963]}},{"type":"Feature","properties":{"id":"SWS00393","name":"Hambledon Pumping Station","co":"Southern Water","spills":4,"hours":37.2,"cover":99.98999786376953,"water":"Unnamed Tributary River Arun","bathing":null,"year":"2025"},"geometry":{"type":"Point","coordinates":[-0.63002,51.12884]}},{"type":"Feature","properties":{"id":"SWS00394","name":"Hambleton Road Waterlooville CSO","co":"Southern Water","spills":2,"hours":16.3,"cover":99.44000244140625,"water":"The Potwell Tributary","bathing":null,"year":"2025"},"geometry":{"type":"Point","coordinates":[-1.04481,50.88998]}},{"type":"Feature","properties":{"id":"SWS00395","name":"Hamblewood Botley CSO","co":"Southern Water","spills":13,"hours":42,"cover":99.5999984741211,"water":"River Hamble","bathing":null,"year":"2025"},"geometry":{"type":"Point","coordinates":[-1.26865,50.9139]}},{"type":"Feature","properties":{"id":"SWS00397","name":"Harbour Road Gosport Ceo","co":"Southern Water","spills":1,"hours":0.5,"cover":99.70999908447266,"water":"Portsmouth Harbour","bathing":"Southsea East; Stokes Bay","year":"2025"},"geometry":{"type":"Point","coordinates":[-1.12078,50.79732]}},{"type":"Feature","properties":{"id":"SWS00398","name":"Hardway Ceo, Priory Road, Gosport","co":"Southern Water","spills":0,"hours":0,"cover":99.94999694824219,"water":"Portsmouth Harbour","bathing":"Southsea East; Stokes Bay","year":"2025"},"geometry":{"type":"Point","coordinates":[-1.13088,50.81088]}},{"type":"Feature","properties":{"id":"SWS00399","name":"Harestock Wastewater Treatment Work","co":"Southern Water","spills":4,"hours":31.8,"cover":99.63999938964844,"water":"The River Itchen","bathing":null,"year":"2025"},"geometry":{"type":"Point","coordinates":[-1.29787,51.07999]}},{"type":"Feature","properties":{"id":"SWS00406","name":"Havenstreet PS","co":"Southern Water","spills":6,"hours":20.1,"cover":99.95999908447266,"water":"Blackbridge Brook","bathing":"Ryde","year":"2025"},"geometry":{"type":"Point","coordinates":[-1.21493,50.70824]}},{"type":"Feature","properties":{"id":"SWS00413","name":"Hazelden PS CSO","co":"Southern Water","spills":35,"hours":255,"cover":99.66999816894531,"water":"Freshwater River","bathing":null,"year":"2025"},"geometry":{"type":"Point","coordinates":[-0.00897,50.97431]}},{"type":"Feature","properties":{"id":"SWS00415","name":"Heathen Lane Durley Ceo","co":"Southern Water","spills":47,"hours":525,"cover":99.91999816894531,"water":"Ford Lake Via Stream","bathing":null,"year":"2025"},"geometry":{"type":"Point","coordinates":[-1.2681,50.94006]}},{"type":"Feature","properties":{"id":"SWS00416","name":"Henderson Road Eastney WPS","co":"Southern Water","spills":86,"hours":499.6,"cover":97.5199966430664,"water":"The Solent","bathing":"Beachlands Central; Beachlands West; Eastney; Southsea East","year":"2025"},"geometry":{"type":"Point","coordinates":[-1.05491,50.73502]}},{"type":"Feature","properties":{"id":"SWS00417","name":"Henfield WWTW","co":"Southern Water","spills":36,"hours":327.1,"cover":93.0199966430664,"water":"Chess Brook","bathing":null,"year":"2025"},"geometry":{"type":"Point","coordinates":[-0.27127,50.94188]}},{"type":"Feature","properties":{"id":"SWS00421","name":"Heytesbury Pumping Station","co":"Southern Water","spills":5,"hours":13.1,"cover":99.98999786376953,"water":"Trib Of The Gunville Stream","bathing":null,"year":"2025"},"geometry":{"type":"Point","coordinates":[-1.30704,50.70442]}},{"type":"Feature","properties":{"id":"SWS00425","name":"High Street Fareham CSO","co":"Southern Water","spills":12,"hours":29.5,"cover":99.98999786376953,"water":"Wallington River","bathing":null,"year":"2025"},"geometry":{"type":"Point","coordinates":[-1.17265,50.85705]}},{"type":"Feature","properties":{"id":"SWS00426","name":"High Street Lymington CSO","co":"Southern Water","spills":21,"hours":10.7,"cover":99.69000244140625,"water":"Lymington River","bathing":null,"year":"2025"},"geometry":{"type":"Point","coordinates":[-1.53647,50.75951]}},{"type":"Feature","properties":{"id":"SWS00427","name":"High Street Polegate","co":"Southern Water","spills":0,"hours":0,"cover":39.54999923706055,"water":"Freshwater River","bathing":null,"year":"2025"},"geometry":{"type":"Point","coordinates":[0.24418,50.82078]}},{"type":"Feature","properties":{"id":"SWS00428","name":"High Street Pumping Station","co":"Southern Water","spills":61,"hours":225.6,"cover":99.97000122070312,"water":"River Medina Estuary","bathing":"Cowes; Gurnard","year":"2025"},"geometry":{"type":"Point","coordinates":[-1.29695,50.76344]}},{"type":"Feature","properties":{"id":"SWS00431","name":"High Street Uckfield CSO","co":"Southern Water","spills":16,"hours":40.1,"cover":99.05000305175781,"water":"Freshwater River","bathing":null,"year":"2025"},"geometry":{"type":"Point","coordinates":[0.09605,50.96879]}},{"type":"Feature","properties":{"id":"SWS00432","name":"High Street/Briton Street CSO","co":"Southern Water","spills":0,"hours":0,"cover":99.98999786376953,"water":"River Test Estuary","bathing":null,"year":"2025"},"geometry":{"type":"Point","coordinates":[-1.40317,50.89551]}},{"type":"Feature","properties":{"id":"SWS00436","name":"Hillway CSO (Hillway WPS)","co":"Southern Water","spills":21,"hours":131.5,"cover":99.91000366210938,"water":"Ditch Trib Of River Yar","bathing":"Bembridge; St Helens","year":"2025"},"geometry":{"type":"Point","coordinates":[-1.10008,50.67818]}},{"type":"Feature","properties":{"id":"SWS00437","name":"Hobbs Cottage CSO, Climping Street","co":"Southern Water","spills":1,"hours":0.5,"cover":97.05000305175781,"water":"Ryebank Rife Via Surface Sewer","bathing":"Littlehampton; Middleton-on-sea","year":"2025"},"geometry":{"type":"Point","coordinates":[-0.57859,50.80178]}},{"type":"Feature","properties":{"id":"SWS00438","name":"Hoeford Fareham Ceo","co":"Southern Water","spills":16,"hours":61.3,"cover":99.72000122070312,"water":"Hoeford Lake","bathing":null,"year":"2025"},"geometry":{"type":"Point","coordinates":[-1.1801,50.83705]}},{"type":"Feature","properties":{"id":"SWS00439","name":"Holbrook Road/Pyning Street CSO","co":"Southern Water","spills":0,"hours":0,"cover":99.66000366210938,"water":"Portsmouth Harbour","bathing":"Southsea East; Stokes Bay","year":"2025"},"geometry":{"type":"Point","coordinates":[-1.08153,50.80151]}},{"type":"Feature","properties":{"id":"SWS00441","name":"Hollands Road Henfield Ceo","co":"Southern Water","spills":40,"hours":206.3,"cover":99.58000183105469,"water":"River Adur","bathing":null,"year":"2025"},"geometry":{"type":"Point","coordinates":[-0.28627,50.9287]}},{"type":"Feature","properties":{"id":"SWS00443","name":"Hook Park WPS","co":"Southern Water","spills":13,"hours":76.5,"cover":99.91999816894531,"water":"Southampton Water","bathing":"Hillhead","year":"2025"},"geometry":{"type":"Point","coordinates":[-1.28809,50.83344]}},{"type":"Feature","properties":{"id":"SWS00444","name":"Hook Park WPS","co":"Southern Water","spills":5,"hours":35.4,"cover":99.91999816894531,"water":"Southampton Water","bathing":"Hillhead","year":"2025"},"geometry":{"type":"Point","coordinates":[-1.28809,50.83344]}},{"type":"Feature","properties":{"id":"SWS00445","name":"Hope Beach WPS","co":"Southern Water","spills":9,"hours":7.3,"cover":99.93000030517578,"water":"English Channel","bathing":"Sandown; Shanklin; Yaverland","year":"2025"},"geometry":{"type":"Point","coordinates":[-1.16626,50.63335]}},{"type":"Feature","properties":{"id":"SWS00449","name":"Horsham WWTW","co":"Southern Water","spills":27,"hours":268.2,"cover":99.68000030517578,"water":"Tributary Of The River Arun","bathing":null,"year":"2025"},"geometry":{"type":"Point","coordinates":[-0.36265,51.05543]}},{"type":"Feature","properties":{"id":"SWS00451","name":"Horsted Keynes WWTW","co":"Southern Water","spills":0,"hours":0,"cover":99.94999694824219,"water":"Cockhaise Brook","bathing":null,"year":"2025"},"geometry":{"type":"Point","coordinates":[-0.03878,51.03741]}},{"type":"Feature","properties":{"id":"SWS00452","name":"Horsted Keynes WWTW","co":"Southern Water","spills":11,"hours":78.1,"cover":99.94000244140625,"water":"Cockhaise Brook","bathing":null,"year":"2025"},"geometry":{"type":"Point","coordinates":[-0.03878,51.03741]}},{"type":"Feature","properties":{"id":"SWS00454","name":"Houghton Road Stockbridge Ceo","co":"Southern Water","spills":0,"hours":0,"cover":99.72000122070312,"water":"River Test","bathing":null,"year":"2025"},"geometry":{"type":"Point","coordinates":[-1.49852,51.11294]}},{"type":"Feature","properties":{"id":"SWS00455","name":"Huggetts Farm Pumping Station","co":"Southern Water","spills":31,"hours":157,"cover":99.45999908447266,"water":"Freshwater River","bathing":null,"year":"2025"},"geometry":{"type":"Point","coordinates":[0.23011,50.94544]}},{"type":"Feature","properties":{"id":"SWS00456","name":"Hungerford Bottom Bursledon Ceo","co":"Southern Water","spills":41,"hours":214.6,"cover":99.98999786376953,"water":"Hungerford Stream","bathing":null,"year":"2025"},"geometry":{"type":"Point","coordinates":[-1.32036,50.88004]}},{"type":"Feature","properties":{"id":"SWS00458","name":"Hurstpierpoint Pumping Station","co":"Southern Water","spills":27,"hours":139.1,"cover":99.94999694824219,"water":"Freshwater River","bathing":null,"year":"2025"},"geometry":{"type":"Point","coordinates":[-0.18291,50.94837]}},{"type":"Feature","properties":{"id":"SWS00459","name":"Hyde Allotments Shanklin","co":"Southern Water","spills":7,"hours":13.8,"cover":90.72000122070312,"water":"Unnamed Sm To Scotchells Brook","bathing":null,"year":"2025"},"geometry":{"type":"Point","coordinates":[-1.18207,50.63463]}},{"type":"Feature","properties":{"id":"SWS00462","name":"Imperial Road Mount Pleasant Ceo","co":"Southern Water","spills":7,"hours":15,"cover":99.9000015258789,"water":"River Itchen","bathing":null,"year":"2025"},"geometry":{"type":"Point","coordinates":[-1.39011,50.91549]}},{"type":"Feature","properties":{"id":"SWS00463","name":"Ingleside Netley Pumping Station","co":"Southern Water","spills":0,"hours":0,"cover":99.91000366210938,"water":"Tributary To Spear Pond Gully","bathing":null,"year":"2025"},"geometry":{"type":"Point","coordinates":[-1.34086,50.87763]}},{"type":"Feature","properties":{"id":"SWS00464","name":"Iping Nort CSO","co":"Southern Water","spills":9,"hours":59.5,"cover":99.98999786376953,"water":"Freshwater River","bathing":null,"year":"2025"},"geometry":{"type":"Point","coordinates":[-0.7859,50.99936]}},{"type":"Feature","properties":{"id":"SWS00465","name":"Ivyarch Road PS","co":"Southern Water","spills":1,"hours":0.3,"cover":81.08999633789062,"water":"Freshwater River","bathing":"Lancing, Beach Green; Worthing; Worthing Beach House","year":"2025"},"geometry":{"type":"Point","coordinates":[-0.36893,50.81936]}},{"type":"Feature","properties":{"id":"SWS00467","name":"Jackies Lane Newick Ceo","co":"Southern Water","spills":23,"hours":105.2,"cover":99.81999969482422,"water":"Tributary Of River Ouse","bathing":null,"year":"2025"},"geometry":{"type":"Point","coordinates":[0.00968,50.97723]}},{"type":"Feature","properties":{"id":"SWS00470","name":"Junction East Of Fairplace Hill","co":"Southern Water","spills":0,"hours":0,"cover":87.93000030517578,"water":"Freshwater River","bathing":null,"year":"2025"},"geometry":{"type":"Point","coordinates":[-0.13393,50.96612]}},{"type":"Feature","properties":{"id":"SWS00471","name":"Kerves Lane Horsham WPS","co":"Southern Water","spills":7,"hours":49.4,"cover":99.08000183105469,"water":"Horn Brook","bathing":null,"year":"2025"},"geometry":{"type":"Point","coordinates":[-0.31298,51.05176]}},{"type":"Feature","properties":{"id":"SWS00475","name":"Kings Manor Ceo","co":"Southern Water","spills":9,"hours":29,"cover":99.95999908447266,"water":"The Yar Estuary","bathing":null,"year":"2025"},"geometry":{"type":"Point","coordinates":[-1.50525,50.69554]}},{"type":"Feature","properties":{"id":"SWS00476","name":"Kings Road Emsworth CSO","co":"Southern Water","spills":2,"hours":10.1,"cover":99.9000015258789,"water":"Nore Rithe/Emsworth Harbour","bathing":null,"year":"2025"},"geometry":{"type":"Point","coordinates":[-0.94648,50.84283]}},{"type":"Feature","properties":{"id":"SWS00477","name":"Kings Somborne WWTW","co":"Southern Water","spills":0,"hours":0,"cover":99.62999725341797,"water":"Tributary Of The River Test","bathing":null,"year":"2025"},"geometry":{"type":"Point","coordinates":[-1.52009,51.0571]}},{"type":"Feature","properties":{"id":"SWS00478","name":"Kings Somborne WWTW","co":"Southern Water","spills":125,"hours":2800.5,"cover":99.62999725341797,"water":"Tributary Of The River Test","bathing":null,"year":"2025"},"geometry":{"type":"Point","coordinates":[-1.52009,51.0571]}},{"type":"Feature","properties":{"id":"SWS00479","name":"Kingsbarn Lane Pumping Station","co":"Southern Water","spills":1,"hours":0.4,"cover":99.8499984741211,"water":"Freshwater River","bathing":null,"year":"2025"},"geometry":{"type":"Point","coordinates":[-0.3165,50.89173]}},{"type":"Feature","properties":{"id":"SWS00482","name":"Kingston Hollow WWTW","co":"Southern Water","spills":19,"hours":32,"cover":99.83999633789062,"water":"Celery Sewer Trib.R. Ouse","bathing":null,"year":"2025"},"geometry":{"type":"Point","coordinates":[-0.00505,50.85607]}},{"type":"Feature","properties":{"id":"SWS00483","name":"Kirtley Close Drayton CSO","co":"Southern Water","spills":2,"hours":0.5,"cover":99.94999694824219,"water":"Langstone Harbour","bathing":null,"year":"2025"},"geometry":{"type":"Point","coordinates":[-1.04759,50.83739]}},{"type":"Feature","properties":{"id":"SWS00484","name":"Kite Hill Wootton Ceo","co":"Southern Water","spills":0,"hours":0,"cover":99.93000030517578,"water":"The Wootton Creek","bathing":null,"year":"2025"},"geometry":{"type":"Point","coordinates":[-1.22528,50.72459]}},{"type":"Feature","properties":{"id":"SWS00486","name":"Lake Green Road","co":"Southern Water","spills":5,"hours":4.5,"cover":58.279998779296875,"water":"Tributary Of River Yar","bathing":null,"year":"2025"},"geometry":{"type":"Point","coordinates":[-1.1706,50.65182]}},{"type":"Feature","properties":{"id":"SWS00488","name":"Lakeside Lee-On-Solent Ceo","co":"Southern Water","spills":1,"hours":0.9,"cover":98.54000091552734,"water":"The Solent","bathing":"Hillhead; Lee-on-Solent; Stokes Bay","year":"2025"},"geometry":{"type":"Point","coordinates":[-1.19675,50.79382]}},{"type":"Feature","properties":{"id":"SWS00489","name":"Land Adj. Billingshurst Pump. Stn","co":"Southern Water","spills":15,"hours":104.7,"cover":99.97000122070312,"water":"Par Brook","bathing":null,"year":"2025"},"geometry":{"type":"Point","coordinates":[-0.46224,51.01254]}},{"type":"Feature","properties":{"id":"SWS00491","name":"Lane End Transfer PS","co":"Southern Water","spills":27,"hours":162.7,"cover":99.98999786376953,"water":"The Solent","bathing":"Bembridge; St Helens","year":"2025"},"geometry":{"type":"Point","coordinates":[-1.06927,50.6899]}},{"type":"Feature","properties":{"id":"SWS00492","name":"Langbridge PS","co":"Southern Water","spills":7,"hours":26.7,"cover":99.87000274658203,"water":"Eastern Yar","bathing":null,"year":"2025"},"geometry":{"type":"Point","coordinates":[-1.20863,50.67016]}},{"type":"Feature","properties":{"id":"SWS00494","name":"Latimer Road St Helens Ceo","co":"Southern Water","spills":1,"hours":0.6,"cover":99.83999633789062,"water":"River Yar","bathing":"Bembridge; St Helens; Seagrove","year":"2025"},"geometry":{"type":"Point","coordinates":[-1.10756,50.69425]}},{"type":"Feature","properties":{"id":"SWS00495","name":"Laughton CSO","co":"Southern Water","spills":47,"hours":454.8,"cover":92.4000015258789,"water":"Tributary Of Glynde Reach","bathing":null,"year":"2025"},"geometry":{"type":"Point","coordinates":[0.13341,50.89184]}},{"type":"Feature","properties":{"id":"SWS00496","name":"Lavant WWTW","co":"Southern Water","spills":166,"hours":3582.9,"cover":90.58000183105469,"water":"River Lavant & Gw Via Wetland","bathing":null,"year":"2025"},"geometry":{"type":"Point","coordinates":[-0.77379,50.86398]}},{"type":"Feature","properties":{"id":"SWS00497","name":"Lawn Road/Osbourne Road","co":"Southern Water","spills":11,"hours":48.8,"cover":46.45000076293945,"water":"Itchen Estuary","bathing":null,"year":"2025"},"geometry":{"type":"Point","coordinates":[-1.38835,50.91953]}},{"type":"Feature","properties":{"id":"SWS00499","name":"Lees Lane Gosport Ceo","co":"Southern Water","spills":0,"hours":0,"cover":99.95999908447266,"water":"Portsmouth Harbour","bathing":"Southsea East; Stokes Bay","year":"2025"},"geometry":{"type":"Point","coordinates":[-1.13516,50.80231]}},{"type":"Feature","properties":{"id":"SWS00502","name":"Lewes Road Lindfield WPS","co":"Southern Water","spills":50,"hours":429.6,"cover":99.95999908447266,"water":"Scrase Stream","bathing":null,"year":"2025"},"geometry":{"type":"Point","coordinates":[-0.07695,51.00783]}},{"type":"Feature","properties":{"id":"SWS00503","name":"Lidsey WWTW","co":"Southern Water","spills":157,"hours":2406.9,"cover":100,"water":"Lidsey Rife","bathing":"Bognor Regis East; Felpham; Middleton-on-sea","year":"2025"},"geometry":{"type":"Point","coordinates":[-0.66007,50.82064]}},{"type":"Feature","properties":{"id":"SWS00506","name":"Linstone Chine CSO","co":"Southern Water","spills":9,"hours":65.1,"cover":89.18000030517578,"water":"Colwell Bay","bathing":"Colwell Bay; Totland Bay","year":"2025"},"geometry":{"type":"Point","coordinates":[-1.53341,50.69637]}},{"type":"Feature","properties":{"id":"SWS00507","name":"Linstone Drive CSO","co":"Southern Water","spills":4,"hours":2.2,"cover":99.98999786376953,"water":"Unnamed Stream","bathing":null,"year":"2025"},"geometry":{"type":"Point","coordinates":[-1.51452,50.70277]}},{"type":"Feature","properties":{"id":"SWS00509","name":"Lion Point Transfer PS","co":"Southern Water","spills":1,"hours":0.6,"cover":99.98999786376953,"water":"English Channel","bathing":"Ventnor","year":"2025"},"geometry":{"type":"Point","coordinates":[-1.20627,50.59172]}},{"type":"Feature","properties":{"id":"SWS00510","name":"Liss Wastewater Treatment Works","co":"Southern Water","spills":25,"hours":271.1,"cover":99.66999816894531,"water":"River Rother & Batt's Brook","bathing":null,"year":"2025"},"geometry":{"type":"Point","coordinates":[-0.90031,51.03709]}},{"type":"Feature","properties":{"id":"SWS00512","name":"Littlebrook Waldron Ceo","co":"Southern Water","spills":31,"hours":151.3,"cover":99.94999694824219,"water":"Controlled Waters","bathing":null,"year":"2025"},"geometry":{"type":"Point","coordinates":[0.21356,50.95385]}},{"type":"Feature","properties":{"id":"SWS00513","name":"Littlehampton Wwps","co":"Southern Water","spills":97,"hours":748.4,"cover":99.98999786376953,"water":"Controlled Sea","bathing":"Littlehampton","year":"2025"},"geometry":{"type":"Point","coordinates":[-0.51058,50.77602]}},{"type":"Feature","properties":{"id":"SWS00514","name":"Locksgreen PS CSO","co":"Southern Water","spills":0,"hours":0,"cover":99.98999786376953,"water":"Tributary Of Clamerkin Brook","bathing":null,"year":"2025"},"geometry":{"type":"Point","coordinates":[-1.37319,50.71361]}},{"type":"Feature","properties":{"id":"SWS00515","name":"London Road Burgess Hill CSO","co":"Southern Water","spills":2,"hours":1,"cover":97.4000015258789,"water":"Controlled Sea","bathing":"Bexhill","year":"2025"},"geometry":{"type":"Point","coordinates":[-0.13393,50.96612]}},{"type":"Feature","properties":{"id":"SWS00516","name":"Lone Valley Waterlooville CSO","co":"Southern Water","spills":1,"hours":1.1,"cover":82.44000244140625,"water":"Tributary Of River Wallington","bathing":null,"year":"2025"},"geometry":{"type":"Point","coordinates":[-1.04716,50.86572]}},{"type":"Feature","properties":{"id":"SWS00524","name":"Loxwood WWTW","co":"Southern Water","spills":64,"hours":1051.8,"cover":99.98999786376953,"water":"Loxwood Stream","bathing":null,"year":"2025"},"geometry":{"type":"Point","coordinates":[-0.50538,51.06742]}},{"type":"Feature","properties":{"id":"SWS00525","name":"Luccombe Ceo","co":"Southern Water","spills":5,"hours":2.4,"cover":99.98999786376953,"water":"Sandown Bay","bathing":"Shanklin; Ventnor","year":"2025"},"geometry":{"type":"Point","coordinates":[-1.17664,50.61382]}},{"type":"Feature","properties":{"id":"SWS00526","name":"Lumley Road Pumping Station","co":"Southern Water","spills":0,"hours":0,"cover":99.98999786376953,"water":"River Ems","bathing":null,"year":"2025"},"geometry":{"type":"Point","coordinates":[-0.93339,50.85079]}},{"type":"Feature","properties":{"id":"SWS00528","name":"Lurgashall WWTW","co":"Southern Water","spills":8,"hours":43.8,"cover":100,"water":"Tributary Of River Lod","bathing":null,"year":"2025"},"geometry":{"type":"Point","coordinates":[-0.66226,51.03209]}},{"type":"Feature","properties":{"id":"SWS00531","name":"Lymington Slipway Pennington CSO","co":"Southern Water","spills":2,"hours":0.6,"cover":99.72000122070312,"water":"Lymington River Estuary","bathing":null,"year":"2025"},"geometry":{"type":"Point","coordinates":[-1.53633,50.75915]}},{"type":"Feature","properties":{"id":"SWS00532","name":"Lymore (Northbrook Cottage) CSO","co":"Southern Water","spills":26,"hours":100.2,"cover":99.72000122070312,"water":"Lymore Stream","bathing":null,"year":"2025"},"geometry":{"type":"Point","coordinates":[-1.58178,50.73415]}},{"type":"Feature","properties":{"id":"SWS00533","name":"Lyndhurst Golf Club Ceo","co":"Southern Water","spills":3,"hours":13.9,"cover":100,"water":"Beaulieu River Via A Stream","bathing":null,"year":"2025"},"geometry":{"type":"Point","coordinates":[-1.56303,50.8767]}},{"type":"Feature","properties":{"id":"SWS00534","name":"Lyndhurst Wastewater Treatment Work","co":"Southern Water","spills":60,"hours":609.4,"cover":99.88999938964844,"water":"Bartley Water","bathing":null,"year":"2025"},"geometry":{"type":"Point","coordinates":[-1.56074,50.8784]}},{"type":"Feature","properties":{"id":"SWS00539","name":"Main Road Fishbourne CSO","co":"Southern Water","spills":8,"hours":46.3,"cover":100,"water":"Trib Of Chichester Harbour","bathing":null,"year":"2025"},"geometry":{"type":"Point","coordinates":[-0.81586,50.83572]}},{"type":"Feature","properties":{"id":"SWS00540","name":"Main Road Hunston Ceo","co":"Southern Water","spills":4,"hours":33.4,"cover":99.98999786376953,"water":"Bremere Rife","bathing":null,"year":"2025"},"geometry":{"type":"Point","coordinates":[-0.78009,50.80783]}},{"type":"Feature","properties":{"id":"SWS00541","name":"Mainland PS","co":"Southern Water","spills":11,"hours":27.7,"cover":99.93000030517578,"water":"Ports Creek","bathing":null,"year":"2025"},"geometry":{"type":"Point","coordinates":[-1.04681,50.83379]}},{"type":"Feature","properties":{"id":"SWS00543","name":"Malthouse Lane Pumping Station","co":"Southern Water","spills":30,"hours":82.6,"cover":99.93000030517578,"water":"Pook Bourne","bathing":null,"year":"2025"},"geometry":{"type":"Point","coordinates":[-0.1613,50.95837]}},{"type":"Feature","properties":{"id":"SWS00544","name":"Mannings Heath WWTW","co":"Southern Water","spills":76,"hours":1251.8,"cover":99.97000122070312,"water":"River Arun","bathing":null,"year":"2025"},"geometry":{"type":"Point","coordinates":[-0.28571,51.04849]}},{"type":"Feature","properties":{"id":"SWS00548","name":"Maresfield WWTW","co":"Southern Water","spills":13,"hours":114.4,"cover":97.66999816894531,"water":"Shortbridge Stream","bathing":null,"year":"2025"},"geometry":{"type":"Point","coordinates":[0.07626,50.98479]}},{"type":"Feature","properties":{"id":"SWS00551","name":"Marine Drive Sewage Pumping Station","co":"Southern Water","spills":36,"hours":119.7,"cover":100,"water":"The English Channel","bathing":"Saltdean; Rottingdean Beach; Seaford","year":"2025"},"geometry":{"type":"Point","coordinates":[-0.02705,50.79259]}},{"type":"Feature","properties":{"id":"SWS00553","name":"Market Hill Cowes CSO","co":"Southern Water","spills":23,"hours":39.5,"cover":99.98999786376953,"water":"The River Medina","bathing":"Cowes; Gurnard","year":"2025"},"geometry":{"type":"Point","coordinates":[-1.29666,50.76407]}},{"type":"Feature","properties":{"id":"SWS00554","name":"Marlborough Gardens Hedge End Ceo","co":"Southern Water","spills":0,"hours":0,"cover":99.88999938964844,"water":"Moorgreen Stream","bathing":null,"year":"2025"},"geometry":{"type":"Point","coordinates":[-1.30006,50.93477]}},{"type":"Feature","properties":{"id":"SWS00557","name":"Marshall Close CSO - Barnham","co":"Southern Water","spills":71,"hours":433.8,"cover":100,"water":"Barnham Rife","bathing":null,"year":"2025"},"geometry":{"type":"Point","coordinates":[-0.63935,50.83011]}},{"type":"Feature","properties":{"id":"SWS00558","name":"Martello Road Seaford CSO","co":"Southern Water","spills":0,"hours":0,"cover":99.98999786376953,"water":"English Channel At Seaford Bay","bathing":"Seaford","year":"2025"},"geometry":{"type":"Point","coordinates":[0.10728,50.76344]}},{"type":"Feature","properties":{"id":"SWS00563","name":"Memorial Park Romsey Ceo","co":"Southern Water","spills":1,"hours":8.1,"cover":75,"water":"River Test","bathing":null,"year":"2025"},"geometry":{"type":"Point","coordinates":[-1.50445,50.98537]}},{"type":"Feature","properties":{"id":"SWS00565","name":"Middlecroft Lane Gosport CSO","co":"Southern Water","spills":0,"hours":0,"cover":99.72000122070312,"water":"Portsmouth Harbour","bathing":"Southsea East; Stokes Bay","year":"2025"},"geometry":{"type":"Point","coordinates":[-1.13544,50.80219]}},{"type":"Feature","properties":{"id":"SWS00566","name":"Mile End Road CSO","co":"Southern Water","spills":18,"hours":19.7,"cover":99.70999908447266,"water":"Portsmouth Harbour","bathing":"Southsea East; Stokes Bay","year":"2025"},"geometry":{"type":"Point","coordinates":[-1.09394,50.81267]}},{"type":"Feature","properties":{"id":"SWS00569","name":"Mill Green Road Haywards","co":"Southern Water","spills":2,"hours":0.6,"cover":99.62000274658203,"water":"Scrase Bridge Stream","bathing":null,"year":"2025"},"geometry":{"type":"Point","coordinates":[-0.10358,51.00862]}},{"type":"Feature","properties":{"id":"SWS00572","name":"Mill Lane Shalfleet WPS","co":"Southern Water","spills":1,"hours":1.6,"cover":99.93000030517578,"water":"Newtown River","bathing":null,"year":"2025"},"geometry":{"type":"Point","coordinates":[-1.41369,50.70294]}},{"type":"Feature","properties":{"id":"SWS00573","name":"Mill Road / Tennyson Road Car Park","co":"Southern Water","spills":5,"hours":2.7,"cover":99.97000122070312,"water":"Western Yar Estuary","bathing":"Colwell Bay","year":"2025"},"geometry":{"type":"Point","coordinates":[-1.49721,50.70557]}},{"type":"Feature","properties":{"id":"SWS00574","name":"Mill Road West Chiltington CSO","co":"Southern Water","spills":5,"hours":11.5,"cover":99.98999786376953,"water":"Tributary Of River Chilt","bathing":null,"year":"2025"},"geometry":{"type":"Point","coordinates":[0.14264,50.88594]}},{"type":"Feature","properties":{"id":"SWS00575","name":"Mill Square Wootton CSO","co":"Southern Water","spills":23,"hours":45.5,"cover":99.98999786376953,"water":"Wootton Creek","bathing":null,"year":"2025"},"geometry":{"type":"Point","coordinates":[-1.22626,50.72513]}},{"type":"Feature","properties":{"id":"SWS00578","name":"Millbrook WWTW","co":"Southern Water","spills":6,"hours":9.4,"cover":99.91999816894531,"water":"The River Test","bathing":null,"year":"2025"},"geometry":{"type":"Point","coordinates":[-1.45085,50.90401]}},{"type":"Feature","properties":{"id":"SWS00579","name":"Millbrook WWTW","co":"Southern Water","spills":28,"hours":439.2,"cover":99.93000030517578,"water":"The River Test","bathing":null,"year":"2025"},"geometry":{"type":"Point","coordinates":[-1.45085,50.90401]}},{"type":"Feature","properties":{"id":"SWS00584","name":"Monks Gate WWTW","co":"Southern Water","spills":77,"hours":1103.9,"cover":99.9800033569336,"water":"Tributary Of Nuthurst Stream","bathing":null,"year":"2025"},"geometry":{"type":"Point","coordinates":[-0.29038,51.03408]}},{"type":"Feature","properties":{"id":"SWS00585","name":"Morestead WWTW","co":"Southern Water","spills":0,"hours":0,"cover":99.98999786376953,"water":"Groundwaters Via 2 Infilt Syst","bathing":null,"year":"2025"},"geometry":{"type":"Point","coordinates":[-1.29406,51.04912]}},{"type":"Feature","properties":{"id":"SWS00589","name":"Mumby Road Gosport WPS/Ceo","co":"Southern Water","spills":0,"hours":0,"cover":99.4800033569336,"water":"Portsmouth Harbour","bathing":"Southsea East; Stokes Bay","year":"2025"},"geometry":{"type":"Point","coordinates":[-1.11965,50.79659]}},{"type":"Feature","properties":{"id":"SWS00591","name":"Neaves Lane Ringmer WWTW","co":"Southern Water","spills":55,"hours":555.9,"cover":92.75,"water":"Bulldog Sewer / Glynde Reach","bathing":null,"year":"2025"},"geometry":{"type":"Point","coordinates":[0.0799,50.89416]}},{"type":"Feature","properties":{"id":"SWS00593","name":"New Alresford WWTW","co":"Southern Water","spills":0,"hours":0,"cover":98.05000305175781,"water":"Groundwater","bathing":null,"year":"2025"},"geometry":{"type":"Point","coordinates":[-1.15956,51.07107]}},{"type":"Feature","properties":{"id":"SWS00595","name":"New Road Wootton Ceo","co":"Southern Water","spills":38,"hours":133.3,"cover":100,"water":"Wootton Creek","bathing":null,"year":"2025"},"geometry":{"type":"Point","coordinates":[-1.22596,50.72594]}},{"type":"Feature","properties":{"id":"SWS00597","name":"Bognor Main Ceo","co":"Southern Water","spills":10,"hours":51.5,"cover":99.93000030517578,"water":"Ditch To Aldingbourne Rife","bathing":"Bognor Regis (Aldwick); Bognor Regis East; Felpham; Middleton-on-sea","year":"2025"},"geometry":{"type":"Point","coordinates":[-0.65987,50.7879]}},{"type":"Feature","properties":{"id":"SWS00598","name":"Newbridge Road Newbridge Ceo","co":"Southern Water","spills":3,"hours":7,"cover":99.98999786376953,"water":"Caul Bourne","bathing":null,"year":"2025"},"geometry":{"type":"Point","coordinates":[-1.41631,50.68586]}},{"type":"Feature","properties":{"id":"SWS00599","name":"Newgate Lane WPS Ceo","co":"Southern Water","spills":3,"hours":16.6,"cover":99.95999908447266,"water":"Ditch To The River Alver","bathing":"Hillhead; Lee-on-Solent","year":"2025"},"geometry":{"type":"Point","coordinates":[-1.18963,50.82003]}},{"type":"Feature","properties":{"id":"SWS00600","name":"Newhaven WWTW","co":"Southern Water","spills":72,"hours":256.8,"cover":99.62999725341797,"water":"English Channel","bathing":"Seaford","year":"2025"},"geometry":{"type":"Point","coordinates":[0.0678,50.75875]}},{"type":"Feature","properties":{"id":"SWS00601","name":"Newick WWTW","co":"Southern Water","spills":18,"hours":36.2,"cover":99.9800033569336,"water":"River Ouse","bathing":null,"year":"2025"},"geometry":{"type":"Point","coordinates":[0.02916,50.97977]}},{"type":"Feature","properties":{"id":"SWS00602","name":"Newick WWTW","co":"Southern Water","spills":15,"hours":64,"cover":99.9800033569336,"water":"River Ouse","bathing":null,"year":"2025"},"geometry":{"type":"Point","coordinates":[0.02916,50.97977]}},{"type":"Feature","properties":{"id":"SWS00603","name":"Newmans Bridge Southwick Ceo","co":"Southern Water","spills":3,"hours":17.6,"cover":99.94000244140625,"water":"River Wallington","bathing":null,"year":"2025"},"geometry":{"type":"Point","coordinates":[-1.11946,50.87474]}},{"type":"Feature","properties":{"id":"SWS00604","name":"Newtown Road Newtown Ceo","co":"Southern Water","spills":11,"hours":57.8,"cover":99.97000122070312,"water":"Hook Lake","bathing":null,"year":"2025"},"geometry":{"type":"Point","coordinates":[-1.29987,50.84305]}},{"type":"Feature","properties":{"id":"SWS00606","name":"Noahs Ark Lane PS","co":"Southern Water","spills":2,"hours":12.3,"cover":99.9800033569336,"water":"Freshwater River","bathing":null,"year":"2025"},"geometry":{"type":"Point","coordinates":[-0.07463,51.00878]}},{"type":"Feature","properties":{"id":"SWS00608","name":"North End Avenue Portsmouth CSO","co":"Southern Water","spills":31,"hours":63.3,"cover":99.70999908447266,"water":"Portsmouth Harbour","bathing":"Southsea East; Stokes Bay","year":"2025"},"geometry":{"type":"Point","coordinates":[-1.09185,50.81814]}},{"type":"Feature","properties":{"id":"SWS00612","name":"North Mundham WPS (Pagham Road)","co":"Southern Water","spills":8,"hours":2.1,"cover":99.98999786376953,"water":"Pagham Rife","bathing":null,"year":"2025"},"geometry":{"type":"Point","coordinates":[-0.75396,50.81385]}},{"type":"Feature","properties":{"id":"SWS00616","name":"Northbridge Wastewater Pumping Stn","co":"Southern Water","spills":0,"hours":0,"cover":99.63999938964844,"water":"Unnamed Tributary River Arun","bathing":null,"year":"2025"},"geometry":{"type":"Point","coordinates":[-0.62187,51.11957]}},{"type":"Feature","properties":{"id":"SWS00617","name":"Northchapel WWTW","co":"Southern Water","spills":40,"hours":471.2,"cover":99.79000091552734,"water":"River Kird","bathing":null,"year":"2025"},"geometry":{"type":"Point","coordinates":[-0.6424,51.05272]}},{"type":"Feature","properties":{"id":"SWS00620","name":"Norton Green CSO","co":"Southern Water","spills":0,"hours":0,"cover":99.95999908447266,"water":"Red Creek","bathing":"Colwell Bay; Totland Bay","year":"2025"},"geometry":{"type":"Point","coordinates":[-1.5051,50.69554]}},{"type":"Feature","properties":{"id":"SWS00621","name":"Norton Headworks WPS","co":"Southern Water","spills":9,"hours":19,"cover":99.93000030517578,"water":"The Solent","bathing":"Colwell Bay; Totland Bay","year":"2025"},"geometry":{"type":"Point","coordinates":[-1.5163,50.70853]}},{"type":"Feature","properties":{"id":"SWS00622","name":"Norton Headworks WPS","co":"Southern Water","spills":50,"hours":169.9,"cover":99.93000030517578,"water":"The Solent","bathing":"Colwell Bay; Totland Bay","year":"2025"},"geometry":{"type":"Point","coordinates":[-1.5163,50.70853]}},{"type":"Feature","properties":{"id":"SWS00623","name":"Norton WPS CSO","co":"Southern Water","spills":14,"hours":169.9,"cover":99.93000030517578,"water":"The Solent","bathing":null,"year":"2025"},"geometry":{"type":"Point","coordinates":[-1.50897,50.70518]}},{"type":"Feature","properties":{"id":"SWS00624","name":"Nursery Lane Pumping Station","co":"Southern Water","spills":23,"hours":56.7,"cover":99.98999786376953,"water":"Freshwater River","bathing":null,"year":"2025"},"geometry":{"type":"Point","coordinates":[0.05843,51.02944]}},{"type":"Feature","properties":{"id":"SWS00625","name":"Nutley WWTW","co":"Southern Water","spills":18,"hours":110.6,"cover":99.98999786376953,"water":"Pippingford Brook","bathing":null,"year":"2025"},"geometry":{"type":"Point","coordinates":[0.05389,51.03977]}},{"type":"Feature","properties":{"id":"SWS00628","name":"Onslow Arms Pumping Station","co":"Southern Water","spills":30,"hours":321,"cover":99.98999786376953,"water":"Loxwood Stream","bathing":null,"year":"2025"},"geometry":{"type":"Point","coordinates":[-0.51444,51.06987]}},{"type":"Feature","properties":{"id":"SWS00629","name":"Onslow Drive Ferring WPS, Ferring","co":"Southern Water","spills":1,"hours":10.6,"cover":99.58999633789062,"water":"Ferring Rife","bathing":"Goring Beach","year":"2025"},"geometry":{"type":"Point","coordinates":[-0.45322,50.81619]}},{"type":"Feature","properties":{"id":"SWS00632","name":"Outside 83 East Beach Selsey Ceo","co":"Southern Water","spills":9,"hours":61.5,"cover":99.6500015258789,"water":"English Channel","bathing":"Selsey","year":"2025"},"geometry":{"type":"Point","coordinates":[-0.77451,50.73329]}},{"type":"Feature","properties":{"id":"SWS00633","name":"Overton Wastewater Treatment Works","co":"Southern Water","spills":36,"hours":211.1,"cover":99.88999938964844,"water":"Groundwater","bathing":null,"year":"2025"},"geometry":{"type":"Point","coordinates":[-1.27841,51.24785]}},{"type":"Feature","properties":{"id":"SWS00640","name":"Summer Lane Pagham WWTW","co":"Southern Water","spills":22,"hours":358,"cover":98.58999633789062,"water":"Pagham Rife","bathing":"Pagham","year":"2025"},"geometry":{"type":"Point","coordinates":[-0.74923,50.78341]}},{"type":"Feature","properties":{"id":"SWS00641","name":"Park Road Burgess Hill CSO","co":"Southern Water","spills":2,"hours":0.6,"cover":62.279998779296875,"water":"Pookbourne Stream","bathing":null,"year":"2025"},"geometry":{"type":"Point","coordinates":[-0.14399,50.95324]}},{"type":"Feature","properties":{"id":"SWS00642","name":"Park Road Chandlers Ford CSO","co":"Southern Water","spills":3,"hours":8,"cover":99.61000061035156,"water":"Monks Brook","bathing":null,"year":"2025"},"geometry":{"type":"Point","coordinates":[-1.38277,50.98658]}},{"type":"Feature","properties":{"id":"SWS00643","name":"Park Road CSO","co":"Southern Water","spills":3,"hours":14.3,"cover":99.7300033569336,"water":"Monktonmead Brook","bathing":"Ryde; Seagrove","year":"2025"},"geometry":{"type":"Point","coordinates":[-1.15328,50.72589]}},{"type":"Feature","properties":{"id":"SWS00644","name":"Partridge Green S.T.W.","co":"Southern Water","spills":43,"hours":361.7,"cover":99.36000061035156,"water":"Unnamed Trib Of River Adur","bathing":null,"year":"2025"},"geometry":{"type":"Point","coordinates":[-0.30097,50.955]}},{"type":"Feature","properties":{"id":"SWS00646","name":"Pasture Hill Road Combined Sewer","co":"Southern Water","spills":10,"hours":50.8,"cover":99.81999969482422,"water":"Tributary Of Scrase Stream","bathing":null,"year":"2025"},"geometry":{"type":"Point","coordinates":[-0.11109,51.00604]}},{"type":"Feature","properties":{"id":"SWS00651","name":"Peel Common WWTW","co":"Southern Water","spills":37,"hours":282.8,"cover":99.79000091552734,"water":"The Solent","bathing":"Lee-on-Solent; Stokes Bay","year":"2025"},"geometry":{"type":"Point","coordinates":[-1.17734,50.77597]}},{"type":"Feature","properties":{"id":"SWS00653","name":"Penn Cresent Haywards Heath","co":"Southern Water","spills":5,"hours":10.7,"cover":85.3499984741211,"water":"Tributary Of The Scrase Stream","bathing":null,"year":"2025"},"geometry":{"type":"Point","coordinates":[-0.08779,51.00432]}},{"type":"Feature","properties":{"id":"SWS00655","name":"Milford Road Pennington WWTW","co":"Southern Water","spills":1,"hours":6.5,"cover":99.98999786376953,"water":"The Solent","bathing":null,"year":"2025"},"geometry":{"type":"Point","coordinates":[-1.53171,50.7255]}},{"type":"Feature","properties":{"id":"SWS00656","name":"Milford Road Pennington WWTW","co":"Southern Water","spills":66,"hours":922.1,"cover":99.98999786376953,"water":"The Solent","bathing":null,"year":"2025"},"geometry":{"type":"Point","coordinates":[-1.53171,50.7255]}},{"type":"Feature","properties":{"id":"SWS00658","name":"Petersfield WWTW","co":"Southern Water","spills":41,"hours":459.1,"cover":99.70999908447266,"water":"Criddell Stream","bathing":null,"year":"2025"},"geometry":{"type":"Point","coordinates":[-0.90263,50.99907]}},{"type":"Feature","properties":{"id":"SWS00660","name":"Petworth Wastewater Treatment Works","co":"Southern Water","spills":36,"hours":91.3,"cover":99.9800033569336,"water":"River Rother","bathing":null,"year":"2025"},"geometry":{"type":"Point","coordinates":[-0.60827,50.96329]}},{"type":"Feature","properties":{"id":"SWS00664","name":"Pier Road Southsea CSO","co":"Southern Water","spills":43,"hours":58.9,"cover":50.40999984741211,"water":"Portsmouth Harbour","bathing":"Southsea East; Stokes Bay","year":"2025"},"geometry":{"type":"Point","coordinates":[-1.10591,50.78821]}},{"type":"Feature","properties":{"id":"SWS00669","name":"Pollards Moor Cadnam Ceo","co":"Southern Water","spills":0,"hours":0,"cover":99.91000366210938,"water":"Pollards Moor Stream","bathing":null,"year":"2025"},"geometry":{"type":"Point","coordinates":[-1.57009,50.92798]}},{"type":"Feature","properties":{"id":"SWS00670","name":"Porchfield Main Road PS CSO","co":"Southern Water","spills":37,"hours":342.1,"cover":99.94000244140625,"water":"Rodge Brook","bathing":null,"year":"2025"},"geometry":{"type":"Point","coordinates":[-1.36773,50.71915]}},{"type":"Feature","properties":{"id":"SWS00671","name":"Portobello Sewage Pumping Station","co":"Southern Water","spills":6,"hours":17.8,"cover":99.6500015258789,"water":"The English Channel","bathing":"Saltdean; Rottingdean Beach; Seaford","year":"2025"},"geometry":{"type":"Point","coordinates":[-0.02705,50.79259]}},{"type":"Feature","properties":{"id":"SWS00672","name":"Portobello Sewage Pumping Station","co":"Southern Water","spills":0,"hours":0,"cover":99.98999786376953,"water":"The English Channel","bathing":"Saltdean; Rottingdean Beach","year":"2025"},"geometry":{"type":"Point","coordinates":[-0.02705,50.79259]}},{"type":"Feature","properties":{"id":"SWS00673","name":"Portsmouth Lane CSO","co":"Southern Water","spills":2,"hours":6.8,"cover":99.98999786376953,"water":"Freshwater River","bathing":null,"year":"2025"},"geometry":{"type":"Point","coordinates":[-0.09432,51.01539]}},{"type":"Feature","properties":{"id":"SWS00674","name":"Portswood WWTW","co":"Southern Water","spills":36,"hours":380.2,"cover":99.91000366210938,"water":"River Itchen Estuary","bathing":null,"year":"2025"},"geometry":{"type":"Point","coordinates":[-1.38154,50.92921]}},{"type":"Feature","properties":{"id":"SWS00675","name":"Pound Road Bursledon Ceo","co":"Southern Water","spills":6,"hours":47.1,"cover":99.94999694824219,"water":"Unnamed Trib Of River Itchen","bathing":null,"year":"2025"},"geometry":{"type":"Point","coordinates":[-1.32977,50.88755]}},{"type":"Feature","properties":{"id":"SWS00676","name":"Prince Consort WPS","co":"Southern Water","spills":32,"hours":41.1,"cover":100,"water":"The Solent","bathing":"Ryde","year":"2025"},"geometry":{"type":"Point","coordinates":[-1.16483,50.73766]}},{"type":"Feature","properties":{"id":"SWS00677","name":"Prior Crescent CSO","co":"Southern Water","spills":56,"hours":360.8,"cover":99.91999816894531,"water":"River Medina","bathing":null,"year":"2025"},"geometry":{"type":"Point","coordinates":[-1.30133,50.71661]}},{"type":"Feature","properties":{"id":"SWS00678","name":"Priorsdean Crescent Havant CSO","co":"Southern Water","spills":0,"hours":0,"cover":99.72000122070312,"water":"Hermitage Stream","bathing":null,"year":"2025"},"geometry":{"type":"Point","coordinates":[-0.9921,50.86202]}},{"type":"Feature","properties":{"id":"SWS00681","name":"Pulborough S.T.W.","co":"Southern Water","spills":40,"hours":559.4,"cover":99.98999786376953,"water":"River Stor","bathing":null,"year":"2025"},"geometry":{"type":"Point","coordinates":[-0.48969,50.95292]}},{"type":"Feature","properties":{"id":"SWS00685","name":"Pumping Station In Field Number","co":"Southern Water","spills":0,"hours":0,"cover":99.91999816894531,"water":"River Lavant","bathing":null,"year":"2025"},"geometry":{"type":"Point","coordinates":[-0.75965,50.90969]}},{"type":"Feature","properties":{"id":"SWS00687","name":"Quay Street, Fareham CSO","co":"Southern Water","spills":5,"hours":28.3,"cover":99.70999908447266,"water":"Fareham Creek/Portsmouth Hbr","bathing":null,"year":"2025"},"geometry":{"type":"Point","coordinates":[-1.17745,50.85034]}},{"type":"Feature","properties":{"id":"SWS00691","name":"Queens Road Lee-On-The-Solent Ceo","co":"Southern Water","spills":3,"hours":3.2,"cover":99.5199966430664,"water":"The Solent","bathing":"Hillhead; Lee-on-Solent; Stokes Bay","year":"2025"},"geometry":{"type":"Point","coordinates":[-1.19663,50.79238]}},{"type":"Feature","properties":{"id":"SWS00694","name":"Ramblers Way Waterlooville Ceo","co":"Southern Water","spills":0,"hours":0,"cover":92.01000213623047,"water":"Unnamed Trib Of R. Wallington","bathing":null,"year":"2025"},"geometry":{"type":"Point","coordinates":[-1.00538,50.88551]}},{"type":"Feature","properties":{"id":"SWS00695","name":"Rampart Road PS","co":"Southern Water","spills":0,"hours":0,"cover":99.98999786376953,"water":"River Itchen Estuary","bathing":null,"year":"2025"},"geometry":{"type":"Point","coordinates":[-1.37916,50.91543]}},{"type":"Feature","properties":{"id":"SWS00698","name":"Rear Of 35 Pelham Road","co":"Southern Water","spills":50,"hours":286.5,"cover":99.56999969482422,"water":"Freshwater River","bathing":null,"year":"2025"},"geometry":{"type":"Point","coordinates":[-0.08987,51.00579]}},{"type":"Feature","properties":{"id":"SWS00702","name":"Redlands Lane Fareham CSO","co":"Southern Water","spills":5,"hours":12.6,"cover":99.70999908447266,"water":"Black Brook","bathing":null,"year":"2025"},"geometry":{"type":"Point","coordinates":[-1.19043,50.84746]}},{"type":"Feature","properties":{"id":"SWS00703","name":"Redlynch WWTW","co":"Southern Water","spills":35,"hours":644.7,"cover":99.97000122070312,"water":"River Blackwater","bathing":null,"year":"2025"},"geometry":{"type":"Point","coordinates":[-1.68955,50.97917]}},{"type":"Feature","properties":{"id":"SWS00709","name":"Ringwood Drive North Baddesley Ceo","co":"Southern Water","spills":9,"hours":58.4,"cover":99.72000122070312,"water":"Unnamed Trib. Of River Test","bathing":null,"year":"2025"},"geometry":{"type":"Point","coordinates":[-1.45454,50.97714]}},{"type":"Feature","properties":{"id":"SWS00710","name":"Ripe WWTW","co":"Southern Water","spills":26,"hours":165.1,"cover":99.93000030517578,"water":"Unnamed Trib.Glynde Reach/Ouse","bathing":null,"year":"2025"},"geometry":{"type":"Point","coordinates":[0.14366,50.86737]}},{"type":"Feature","properties":{"id":"SWS00716","name":"Rogate WWTW","co":"Southern Water","spills":25,"hours":193.6,"cover":99.98999786376953,"water":"River Rother","bathing":null,"year":"2025"},"geometry":{"type":"Point","coordinates":[-0.8464,51.00213]}},{"type":"Feature","properties":{"id":"SWS00718","name":"Romsey WWTW","co":"Southern Water","spills":17,"hours":227.7,"cover":90.30000305175781,"water":"The River Test","bathing":null,"year":"2025"},"geometry":{"type":"Point","coordinates":[-1.50347,50.98392]}},{"type":"Feature","properties":{"id":"SWS00719","name":"Rookley PS","co":"Southern Water","spills":9,"hours":29.3,"cover":99.9800033569336,"water":"Freshwater River","bathing":null,"year":"2025"},"geometry":{"type":"Point","coordinates":[-1.27991,50.65434]}},{"type":"Feature","properties":{"id":"SWS00720","name":"Ropetackle Street, Shoreham P.S.","co":"Southern Water","spills":2,"hours":0.2,"cover":99.95999908447266,"water":"The River Adur (Tidal)","bathing":"Lancing, Beach Green; Shoreham Beach; Southwick","year":"2025"},"geometry":{"type":"Point","coordinates":[-0.2807,50.83284]}},{"type":"Feature","properties":{"id":"SWS00721","name":"Rosanna Sailing School Wootton CSO","co":"Southern Water","spills":41,"hours":222.8,"cover":88.37999725341797,"water":"The Wootton Creek (Tidal)","bathing":null,"year":"2025"},"geometry":{"type":"Point","coordinates":[-1.22453,50.72683]}},{"type":"Feature","properties":{"id":"SWS00723","name":"Roud WWTW","co":"Southern Water","spills":44,"hours":564.3,"cover":99.98999786376953,"water":"Tributary Of The River Yar","bathing":null,"year":"2025"},"geometry":{"type":"Point","coordinates":[-1.27427,50.61636]}},{"type":"Feature","properties":{"id":"SWS00724","name":"Rudgwick Recreation Ground CSO","co":"Southern Water","spills":13,"hours":88.1,"cover":93.11000061035156,"water":"Tributary Of River Arun","bathing":null,"year":"2025"},"geometry":{"type":"Point","coordinates":[-0.45848,51.08291]}},{"type":"Feature","properties":{"id":"SWS00725","name":"Rumbolds Lane Haywards Heath Ceo","co":"Southern Water","spills":13,"hours":41.6,"cover":100,"water":"River Adur Via Sws","bathing":null,"year":"2025"},"geometry":{"type":"Point","coordinates":[-0.11255,50.98772]}},{"type":"Feature","properties":{"id":"SWS00727","name":"Ryde (Appley Park) Headworks WPS","co":"Southern Water","spills":43,"hours":360.6,"cover":99.94999694824219,"water":"The Solent","bathing":"Cowes; Ryde; Seagrove","year":"2025"},"geometry":{"type":"Point","coordinates":[-1.15459,50.75539]}},{"type":"Feature","properties":{"id":"SWS00730","name":"Salterns Lane Bursledon Ceo","co":"Southern Water","spills":35,"hours":145.4,"cover":99.87999725341797,"water":"Badnam Creek","bathing":null,"year":"2025"},"geometry":{"type":"Point","coordinates":[-1.31644,50.87543]}},{"type":"Feature","properties":{"id":"SWS00731","name":"Salterns Lane Fareham Ceo","co":"Southern Water","spills":4,"hours":2.1,"cover":99.98999786376953,"water":"Portsmouth Harbour","bathing":null,"year":"2025"},"geometry":{"type":"Point","coordinates":[-1.1759,50.84152]}},{"type":"Feature","properties":{"id":"SWS00732","name":"Salterns Lane Fareham O/S 12 CSO","co":"Southern Water","spills":1,"hours":0.1,"cover":99.98999786376953,"water":"The Portsmouth Harbour","bathing":null,"year":"2025"},"geometry":{"type":"Point","coordinates":[-1.17615,50.84341]}},{"type":"Feature","properties":{"id":"SWS00733","name":"Salterns Road Hill Head WPS","co":"Southern Water","spills":8,"hours":22.9,"cover":99.94000244140625,"water":"The Solent","bathing":"Hillhead; Lee-on-Solent","year":"2025"},"geometry":{"type":"Point","coordinates":[-1.22763,50.81399]}},{"type":"Feature","properties":{"id":"SWS00734","name":"Salterns Road Stubbington CSO","co":"Southern Water","spills":1,"hours":2.4,"cover":99.72000122070312,"water":"The Solent","bathing":"Hillhead; Lee-on-Solent","year":"2025"},"geometry":{"type":"Point","coordinates":[-1.22101,50.81098]}},{"type":"Feature","properties":{"id":"SWS00735","name":"Salterns WPS CSO","co":"Southern Water","spills":1,"hours":0.4,"cover":100,"water":"The Solent","bathing":"Ryde; Seagrove; St Helens","year":"2025"},"geometry":{"type":"Point","coordinates":[-1.11468,50.722]}},{"type":"Feature","properties":{"id":"SWS00741","name":"Sandown WWTW","co":"Southern Water","spills":71,"hours":889.2,"cover":99.91999816894531,"water":"The English Channel","bathing":"Sandown; Shanklin; Yaverland; Whitecliff Bay","year":"2025"},"geometry":{"type":"Point","coordinates":[-1.13454,50.65866]}},{"type":"Feature","properties":{"id":"SWS00742","name":"Sandown WWTW","co":"Southern Water","spills":69,"hours":731.7,"cover":99.98999786376953,"water":"The English Channel","bathing":"Sandown; Shanklin; Yaverland; Whitecliff Bay","year":"2025"},"geometry":{"type":"Point","coordinates":[-1.13454,50.65866]}},{"type":"Feature","properties":{"id":"SWS00745","name":"Scaynes Hill WWTW","co":"Southern Water","spills":0,"hours":0,"cover":99.95999908447266,"water":"River Ouse","bathing":null,"year":"2025"},"geometry":{"type":"Point","coordinates":[-0.03575,51.00462]}},{"type":"Feature","properties":{"id":"SWS00746","name":"Scaynes Hill WWTW","co":"Southern Water","spills":32,"hours":291.1,"cover":99.95999908447266,"water":"River Ouse","bathing":null,"year":"2025"},"geometry":{"type":"Point","coordinates":[-0.03575,51.00462]}},{"type":"Feature","properties":{"id":"SWS00747","name":"School Green CSO, Freshwater, Iow","co":"Southern Water","spills":6,"hours":5,"cover":99.98999786376953,"water":"Western Yar","bathing":null,"year":"2025"},"geometry":{"type":"Point","coordinates":[-1.5232,50.68401]}},{"type":"Feature","properties":{"id":"SWS00748","name":"School Green Road Freshwater Ceo","co":"Southern Water","spills":31,"hours":115.1,"cover":99.93000030517578,"water":"Western Yar","bathing":null,"year":"2025"},"geometry":{"type":"Point","coordinates":[-1.5177,50.68264]}},{"type":"Feature","properties":{"id":"SWS00749","name":"School Lane Danehill CSO","co":"Southern Water","spills":2,"hours":2.8,"cover":59.34000015258789,"water":"Trib Of The River Ouze","bathing":null,"year":"2025"},"geometry":{"type":"Point","coordinates":[0.00708,51.03267]}},{"type":"Feature","properties":{"id":"SWS00750","name":"School Lane Hamble Ceo","co":"Southern Water","spills":12,"hours":31.6,"cover":99.91999816894531,"water":"River Hamble","bathing":null,"year":"2025"},"geometry":{"type":"Point","coordinates":[-1.3152,50.85366]}},{"type":"Feature","properties":{"id":"SWS00751","name":"School Lane PS","co":"Southern Water","spills":2,"hours":23.1,"cover":100,"water":"Ham Brook","bathing":null,"year":"2025"},"geometry":{"type":"Point","coordinates":[-0.89792,50.84282]}},{"type":"Feature","properties":{"id":"SWS00752","name":"Sea Lane CSO Goring Worthing","co":"Southern Water","spills":4,"hours":7.9,"cover":99.95999908447266,"water":"English Channel","bathing":"Worthing; Goring Beach","year":"2025"},"geometry":{"type":"Point","coordinates":[-0.42268,50.80427]}},{"type":"Feature","properties":{"id":"SWS00754","name":"Seaford Bay Outfall","co":"Southern Water","spills":1,"hours":1.6,"cover":41.66999816894531,"water":"Tidal River Ouse","bathing":"Seaford","year":"2025"},"geometry":{"type":"Point","coordinates":[0.05576,50.78828]}},{"type":"Feature","properties":{"id":"SWS00755","name":"Seagrove WPS CSO","co":"Southern Water","spills":18,"hours":104.4,"cover":99.94000244140625,"water":"The Solent","bathing":"Ryde; Seagrove; St Helens","year":"2025"},"geometry":{"type":"Point","coordinates":[-1.10767,50.71781]}},{"type":"Feature","properties":{"id":"SWS00758","name":"Seaview WPS","co":"Southern Water","spills":2,"hours":0.8,"cover":99.93000030517578,"water":"The Solent","bathing":"Ryde; Seagrove; St Helens","year":"2025"},"geometry":{"type":"Point","coordinates":[-1.10945,50.72124]}},{"type":"Feature","properties":{"id":"SWS00764","name":"Selmeston Crossing S.P.S, Selmeston","co":"Southern Water","spills":6,"hours":24.1,"cover":97.23999786376953,"water":"Unnamed Trib Of Glynde Reach","bathing":null,"year":"2025"},"geometry":{"type":"Point","coordinates":[0.14684,50.84681]}},{"type":"Feature","properties":{"id":"SWS00768","name":"Shide Path Newport No.1 CSO","co":"Southern Water","spills":11,"hours":4.7,"cover":99.9800033569336,"water":"River Medina","bathing":null,"year":"2025"},"geometry":{"type":"Point","coordinates":[-1.28839,50.69181]}},{"type":"Feature","properties":{"id":"SWS00769","name":"Shoreham WWTW","co":"Southern Water","spills":0,"hours":0,"cover":87.44999694824219,"water":"English Channel","bathing":"Shoreham Beach; Southwick","year":"2025"},"geometry":{"type":"Point","coordinates":[-0.23941,50.82431]}},{"type":"Feature","properties":{"id":"SWS00770","name":"Shoreham WWTW","co":"Southern Water","spills":39,"hours":109.9,"cover":99.98999786376953,"water":"English Channel","bathing":"Hove; Shoreham Beach; Southwick","year":"2025"},"geometry":{"type":"Point","coordinates":[-0.23941,50.82431]}},{"type":"Feature","properties":{"id":"SWS00771","name":"Shorwell WWTW","co":"Southern Water","spills":1,"hours":2.3,"cover":99.63999938964844,"water":"Shorwell Stream","bathing":null,"year":"2025"},"geometry":{"type":"Point","coordinates":[-1.36612,50.63902]}},{"type":"Feature","properties":{"id":"SWS00772","name":"Shorwell WWTW","co":"Southern Water","spills":42,"hours":440.5,"cover":99.6500015258789,"water":"Shorwell Stream","bathing":null,"year":"2025"},"geometry":{"type":"Point","coordinates":[-1.36612,50.63902]}},{"type":"Feature","properties":{"id":"SWS00773","name":"Shripney Road P.S.","co":"Southern Water","spills":0,"hours":0,"cover":99.94999694824219,"water":"Freshwater River","bathing":"Bognor Regis (Aldwick); Bognor Regis East; Felpham","year":"2025"},"geometry":{"type":"Point","coordinates":[-0.66714,50.79689]}},{"type":"Feature","properties":{"id":"SWS00774","name":"Sidlesham WWTW","co":"Southern Water","spills":37,"hours":435.8,"cover":99.9800033569336,"water":"The Broad Rife","bathing":"Pagham","year":"2025"},"geometry":{"type":"Point","coordinates":[-0.79456,50.75825]}},{"type":"Feature","properties":{"id":"SWS00775","name":"Simeon Street CSO","co":"Southern Water","spills":5,"hours":25,"cover":97.3499984741211,"water":"Monktonmead Brook","bathing":"Ryde; Seagrove","year":"2025"},"geometry":{"type":"Point","coordinates":[-1.15309,50.72894]}},{"type":"Feature","properties":{"id":"SWS00777","name":"Sirdar Road Southampton CSO","co":"Southern Water","spills":17,"hours":6.5,"cover":99.98999786376953,"water":"River Itchen","bathing":null,"year":"2025"},"geometry":{"type":"Point","coordinates":[-1.38107,50.93244]}},{"type":"Feature","properties":{"id":"SWS00780","name":"Sky End Lane Hordle CSO","co":"Southern Water","spills":2,"hours":1.8,"cover":95.12000274658203,"water":"Lymore Stream","bathing":null,"year":"2025"},"geometry":{"type":"Point","coordinates":[-1.60686,50.75222]}},{"type":"Feature","properties":{"id":"SWS00781","name":"Slinfold WWTW","co":"Southern Water","spills":40,"hours":392.3,"cover":99.98999786376953,"water":"Unnamed Trib Of River Arun","bathing":null,"year":"2025"},"geometry":{"type":"Point","coordinates":[-0.41227,51.07734]}},{"type":"Feature","properties":{"id":"SWS00782","name":"Slowhill Copse WWTW","co":"Southern Water","spills":22,"hours":229.4,"cover":99.94000244140625,"water":"Southampton Water","bathing":null,"year":"2025"},"geometry":{"type":"Point","coordinates":[-1.45217,50.90033]}},{"type":"Feature","properties":{"id":"SWS00783","name":"Small Dole WWTW","co":"Southern Water","spills":37,"hours":367.8,"cover":99.93000030517578,"water":"Unnamed Trib Tidal River Adur","bathing":null,"year":"2025"},"geometry":{"type":"Point","coordinates":[-0.27231,50.91006]}},{"type":"Feature","properties":{"id":"SWS00787","name":"Sompting Road CSO Opposite No 22","co":"Southern Water","spills":0,"hours":0,"cover":99.98999786376953,"water":"Unnamed Trib Of Teville Stream","bathing":"Lancing, Beach Green; Worthing; Worthing Beach House","year":"2025"},"geometry":{"type":"Point","coordinates":[-0.35555,50.82439]}},{"type":"Feature","properties":{"id":"SWS00788","name":"South Ambersham WWTW","co":"Southern Water","spills":28,"hours":316.1,"cover":99.98999786376953,"water":"Tributary Of The River Rother","bathing":null,"year":"2025"},"geometry":{"type":"Point","coordinates":[-0.69059,50.98304]}},{"type":"Feature","properties":{"id":"SWS00790","name":"South Harting WWTW","co":"Southern Water","spills":97,"hours":2201.1,"cover":99.9800033569336,"water":"Unnamed Trib Of River Rother","bathing":null,"year":"2025"},"geometry":{"type":"Point","coordinates":[-0.87092,50.9726]}},{"type":"Feature","properties":{"id":"SWS00791","name":"South Street Chailey SPS","co":"Southern Water","spills":1,"hours":8.1,"cover":99.4800033569336,"water":"Longford Stream","bathing":null,"year":"2025"},"geometry":{"type":"Point","coordinates":[-0.01944,50.94922]}},{"type":"Feature","properties":{"id":"SWS00792","name":"South Street Ditchling CSO","co":"Southern Water","spills":18,"hours":39.9,"cover":48.29999923706055,"water":"Unnamed Trib. Herrings Stream","bathing":null,"year":"2025"},"geometry":{"type":"Point","coordinates":[-0.11573,50.91978]}},{"type":"Feature","properties":{"id":"SWS00794","name":"South Street Newport CSO","co":"Southern Water","spills":13,"hours":4.1,"cover":96.98999786376953,"water":"The River Medina","bathing":null,"year":"2025"},"geometry":{"type":"Point","coordinates":[-1.29027,50.69883]}},{"type":"Feature","properties":{"id":"SWS00796","name":"South Terrace Littlehampton CSO","co":"Southern Water","spills":32,"hours":201.8,"cover":100,"water":"Tidal River Arun","bathing":"Littlehampton","year":"2025"},"geometry":{"type":"Point","coordinates":[-0.54171,50.80096]}},{"type":"Feature","properties":{"id":"SWS00798","name":"Southcliff Road/Liverpool Street","co":"Southern Water","spills":3,"hours":0.7,"cover":99.6500015258789,"water":"Itchen Estuary","bathing":null,"year":"2025"},"geometry":{"type":"Point","coordinates":[-1.38869,50.91548]}},{"type":"Feature","properties":{"id":"SWS00799","name":"Southern Road Pennington CSO","co":"Southern Water","spills":2,"hours":0.2,"cover":99.66000366210938,"water":"Buckland Stream","bathing":null,"year":"2025"},"geometry":{"type":"Point","coordinates":[-1.55507,50.75716]}},{"type":"Feature","properties":{"id":"SWS00800","name":"Southfield Polegate CSO E'bourne Rd","co":"Southern Water","spills":8,"hours":1.9,"cover":99.98999786376953,"water":"Wannock Mill Stream","bathing":null,"year":"2025"},"geometry":{"type":"Point","coordinates":[0.24485,50.81699]}},{"type":"Feature","properties":{"id":"SWS00801","name":"Southwick WWTW","co":"Southern Water","spills":9,"hours":93.3,"cover":99.44999694824219,"water":"River Wallington","bathing":null,"year":"2025"},"geometry":{"type":"Point","coordinates":[-1.12343,50.87522]}},{"type":"Feature","properties":{"id":"SWS00802","name":"Spencer Road Ryde CSO","co":"Southern Water","spills":0,"hours":0,"cover":99.98999786376953,"water":"The Solent","bathing":"Ryde; Seagrove; St Helens","year":"2025"},"geometry":{"type":"Point","coordinates":[-1.17213,50.73357]}},{"type":"Feature","properties":{"id":"SWS00804","name":"Spring Gardens PS","co":"Southern Water","spills":0,"hours":0,"cover":99.98999786376953,"water":"Ditch Trib Of River Itchen","bathing":null,"year":"2025"},"geometry":{"type":"Point","coordinates":[-1.17508,51.08099]}},{"type":"Feature","properties":{"id":"SWS00805","name":"Springvale WPS CSO","co":"Southern Water","spills":1,"hours":0.2,"cover":99.91999816894531,"water":"The Solent","bathing":"Ryde; Seagrove; St Helens","year":"2025"},"geometry":{"type":"Point","coordinates":[-1.12312,50.72512]}},{"type":"Feature","properties":{"id":"SWS00806","name":"Springvale WPS CSO","co":"Southern Water","spills":0,"hours":0,"cover":99.91999816894531,"water":"The Solent","bathing":"Ryde; Seagrove; St Helens","year":"2025"},"geometry":{"type":"Point","coordinates":[-1.12312,50.72512]}},{"type":"Feature","properties":{"id":"SWS00807","name":"St Andrews Road Portsmouth CSO","co":"Southern Water","spills":3,"hours":1.7,"cover":99.94000244140625,"water":"Broom Channel","bathing":null,"year":"2025"},"geometry":{"type":"Point","coordinates":[-1.02498,50.84575]}},{"type":"Feature","properties":{"id":"SWS00809","name":"St Helens Duver PS","co":"Southern Water","spills":0,"hours":0,"cover":99.91999816894531,"water":"The Solent","bathing":"Bembridge; Seagrove; St Helens","year":"2025"},"geometry":{"type":"Point","coordinates":[-1.09925,50.7012]}},{"type":"Feature","properties":{"id":"SWS00810","name":"St Helens WWTW","co":"Southern Water","spills":14,"hours":20.4,"cover":99.98999786376953,"water":"Tributary Of The Eastern Yar","bathing":"Bembridge; Seagrove; St Helens","year":"2025"},"geometry":{"type":"Point","coordinates":[-1.11583,50.69116]}},{"type":"Feature","properties":{"id":"SWS00811","name":"St Helens WWTW","co":"Southern Water","spills":57,"hours":516.4,"cover":99.98999786376953,"water":"Tributary Of The Eastern Yar","bathing":"Bembridge; Seagrove; St Helens","year":"2025"},"geometry":{"type":"Point","coordinates":[-1.11583,50.69116]}},{"type":"Feature","properties":{"id":"SWS00812","name":"St James Cottage Balcombe CSO","co":"Southern Water","spills":10,"hours":25.5,"cover":88.38999938964844,"water":"Unnamed Trib Of Balcombe Lake","bathing":null,"year":"2025"},"geometry":{"type":"Point","coordinates":[-0.12861,51.05957]}},{"type":"Feature","properties":{"id":"SWS00815","name":"St Mary Road Cowes Wwps CSO","co":"Southern Water","spills":51,"hours":97.6,"cover":99.98999786376953,"water":"The Solent","bathing":"Cowes; Gurnard","year":"2025"},"geometry":{"type":"Point","coordinates":[-1.29583,50.76271]}},{"type":"Feature","properties":{"id":"SWS00818","name":"St Matthews Square Gosport Ceo","co":"Southern Water","spills":0,"hours":0,"cover":99.70999908447266,"water":"Portsmouth Harbour","bathing":"Southsea East; Stokes Bay","year":"2025"},"geometry":{"type":"Point","coordinates":[-1.12078,50.79732]}},{"type":"Feature","properties":{"id":"SWS00823","name":"Staplefield WWTW","co":"Southern Water","spills":19,"hours":124.9,"cover":99.98999786376953,"water":"The River Ouse","bathing":null,"year":"2025"},"geometry":{"type":"Point","coordinates":[-0.1761,51.03136]}},{"type":"Feature","properties":{"id":"SWS00826","name":"Station Road Liss CSO","co":"Southern Water","spills":2,"hours":11,"cover":99.6500015258789,"water":"River Rother","bathing":null,"year":"2025"},"geometry":{"type":"Point","coordinates":[-0.89416,51.04351]}},{"type":"Feature","properties":{"id":"SWS00828","name":"Station Road Rustington Combined","co":"Southern Water","spills":0,"hours":0,"cover":19.770000457763672,"water":"A Culverted Watercourse","bathing":"Littlehampton","year":"2025"},"geometry":{"type":"Point","coordinates":[-0.48965,50.81616]}},{"type":"Feature","properties":{"id":"SWS00829","name":"Station Street Lymington No1 CSO","co":"Southern Water","spills":3,"hours":1.7,"cover":99.70999908447266,"water":"Lymington River","bathing":null,"year":"2025"},"geometry":{"type":"Point","coordinates":[-1.53729,50.76266]}},{"type":"Feature","properties":{"id":"SWS00830","name":"Steyning WWTW","co":"Southern Water","spills":17,"hours":129.7,"cover":99.91000366210938,"water":"Black Sewer Trib Of River Adur","bathing":null,"year":"2025"},"geometry":{"type":"Point","coordinates":[-0.31427,50.8944]}},{"type":"Feature","properties":{"id":"SWS00831","name":"Stockbridge WWTW","co":"Southern Water","spills":18,"hours":139.4,"cover":98.94000244140625,"water":"The Marshcourt River","bathing":null,"year":"2025"},"geometry":{"type":"Point","coordinates":[-1.49657,51.10817]}},{"type":"Feature","properties":{"id":"SWS00835","name":"Arundel Drive Fareham CSO","co":"Southern Water","spills":14,"hours":18.6,"cover":99.72000122070312,"water":"Trib Of Portsmouth Harbour","bathing":null,"year":"2025"},"geometry":{"type":"Point","coordinates":[-1.19142,50.8561]}},{"type":"Feature","properties":{"id":"SWS00836","name":"Storrington WWTW, Storrington","co":"Southern Water","spills":16,"hours":124.7,"cover":99.9800033569336,"water":"The River Stor","bathing":null,"year":"2025"},"geometry":{"type":"Point","coordinates":[-0.47142,50.92831]}},{"type":"Feature","properties":{"id":"SWS00837","name":"Strawlands Wwps","co":"Southern Water","spills":10,"hours":76.3,"cover":100,"water":"Unnamed Trib Of Bevern Stream","bathing":null,"year":"2025"},"geometry":{"type":"Point","coordinates":[-0.06,50.93578]}},{"type":"Feature","properties":{"id":"SWS00840","name":"Sunnyfield Road Barton-On-Sea CSO","co":"Southern Water","spills":1,"hours":0.1,"cover":93.73999786376953,"water":"Beckton Bunny","bathing":"Christchurch Bay","year":"2025"},"geometry":{"type":"Point","coordinates":[-1.65966,50.74285]}},{"type":"Feature","properties":{"id":"SWS00845","name":"Tangmere Wastewater Treatment Works","co":"Southern Water","spills":10,"hours":137.6,"cover":99.93000030517578,"water":"Aldingbourne Rife","bathing":"Bognor Regis East; Felpham","year":"2025"},"geometry":{"type":"Point","coordinates":[-0.69842,50.85066]}},{"type":"Feature","properties":{"id":"SWS00850","name":"Tates Copse PS","co":"Southern Water","spills":1,"hours":0.1,"cover":99.94000244140625,"water":"Southampton Water","bathing":null,"year":"2025"},"geometry":{"type":"Point","coordinates":[-1.38655,50.86197]}},{"type":"Feature","properties":{"id":"SWS00853","name":"Taylors Lane Bosham, Wwps","co":"Southern Water","spills":3,"hours":8.3,"cover":100,"water":"Chichester Harbour","bathing":null,"year":"2025"},"geometry":{"type":"Point","coordinates":[-0.85128,50.82771]}},{"type":"Feature","properties":{"id":"SWS00854","name":"Templars Way Chandlers Ford Ceo","co":"Southern Water","spills":6,"hours":41.1,"cover":99.72000122070312,"water":"Monks Brook Via Drain","bathing":null,"year":"2025"},"geometry":{"type":"Point","coordinates":[-1.3921,50.97027]}},{"type":"Feature","properties":{"id":"SWS00857","name":"Terminus Road Cowes CSO","co":"Southern Water","spills":5,"hours":1.5,"cover":99.98999786376953,"water":"The Solent","bathing":"Cowes; Gurnard","year":"2025"},"geometry":{"type":"Point","coordinates":[-1.29583,50.76271]}},{"type":"Feature","properties":{"id":"SWS00859","name":"The Anchorage Gosport Ceo","co":"Southern Water","spills":0,"hours":0,"cover":99.91999816894531,"water":"Portsmouth Harbour","bathing":"Southsea East; Stokes Bay","year":"2025"},"geometry":{"type":"Point","coordinates":[-1.1284,50.79153]}},{"type":"Feature","properties":{"id":"SWS00860","name":"The Gillies Fareham CSO","co":"Southern Water","spills":11,"hours":32.8,"cover":99.72000122070312,"water":"Blackbrook Stream","bathing":null,"year":"2025"},"geometry":{"type":"Point","coordinates":[-1.18853,50.85042]}},{"type":"Feature","properties":{"id":"SWS00861","name":"The Green Southwick CSO","co":"Southern Water","spills":1,"hours":0.6,"cover":90.41999816894531,"water":"The Adur Estuary","bathing":"Shoreham Beach; Southwick","year":"2025"},"geometry":{"type":"Point","coordinates":[-0.24315,50.83067]}},{"type":"Feature","properties":{"id":"SWS00862","name":"The Hundred Romsey CSO","co":"Southern Water","spills":0,"hours":0,"cover":53.400001525878906,"water":"Tadburn Lake","bathing":null,"year":"2025"},"geometry":{"type":"Point","coordinates":[-1.49546,50.98722]}},{"type":"Feature","properties":{"id":"SWS00863","name":"The Leys Fenhurst CSO","co":"Southern Water","spills":16,"hours":77.7,"cover":86.08999633789062,"water":"Trib Of The River Rother West","bathing":null,"year":"2025"},"geometry":{"type":"Point","coordinates":[-0.72656,51.04845]}},{"type":"Feature","properties":{"id":"SWS00864","name":"The Parade PS","co":"Southern Water","spills":1,"hours":1.2,"cover":99.91999816894531,"water":"Cowes Harbour","bathing":"Cowes; Gurnard","year":"2025"},"geometry":{"type":"Point","coordinates":[-1.29918,50.76615]}},{"type":"Feature","properties":{"id":"SWS00865","name":"The Quay Newport Ceo","co":"Southern Water","spills":10,"hours":16.4,"cover":99.61000061035156,"water":"The River Medina","bathing":null,"year":"2025"},"geometry":{"type":"Point","coordinates":[-1.2915,50.70181]}},{"type":"Feature","properties":{"id":"SWS00866","name":"The Spots P.S. Alfriston","co":"Southern Water","spills":34,"hours":29.1,"cover":99.94999694824219,"water":"River Cuckmere","bathing":null,"year":"2025"},"geometry":{"type":"Point","coordinates":[0.15866,50.80747]}},{"type":"Feature","properties":{"id":"SWS00869","name":"Thetis Wharf PS","co":"Southern Water","spills":48,"hours":37.9,"cover":99.97000122070312,"water":"Medina Estuary","bathing":"Cowes; Gurnard","year":"2025"},"geometry":{"type":"Point","coordinates":[-1.29248,50.75919]}},{"type":"Feature","properties":{"id":"SWS00870","name":"Thornham WWTW","co":"Southern Water","spills":4,"hours":5.9,"cover":99.9800033569336,"water":"Chichester Hbr Via Little Deep","bathing":null,"year":"2025"},"geometry":{"type":"Point","coordinates":[-0.92461,50.83713]}},{"type":"Feature","properties":{"id":"SWS00871","name":"Thornham WWTW","co":"Southern Water","spills":12,"hours":118.6,"cover":99.9800033569336,"water":"Chichester Hbr Via Little Deep","bathing":null,"year":"2025"},"geometry":{"type":"Point","coordinates":[-0.92461,50.83713]}},{"type":"Feature","properties":{"id":"SWS00872","name":"Thornham WWTW","co":"Southern Water","spills":21,"hours":236.9,"cover":99.9800033569336,"water":"Chichester Hbr Via Little Deep","bathing":null,"year":"2025"},"geometry":{"type":"Point","coordinates":[-0.92461,50.83713]}},{"type":"Feature","properties":{"id":"SWS00874","name":"Tilsmore P.S., Heathfield","co":"Southern Water","spills":27,"hours":148.1,"cover":99.70999908447266,"water":"Freshwater River","bathing":null,"year":"2025"},"geometry":{"type":"Point","coordinates":[0.23862,50.97145]}},{"type":"Feature","properties":{"id":"SWS00878","name":"Tottington Drive Small Dole Ceo","co":"Southern Water","spills":0,"hours":0,"cover":99.91999816894531,"water":"Unnamed Trib Of River Adur","bathing":null,"year":"2025"},"geometry":{"type":"Point","coordinates":[-0.27439,50.90362]}},{"type":"Feature","properties":{"id":"SWS00884","name":"Trafalgar Way Stockbridge Ceo","co":"Southern Water","spills":2,"hours":7.9,"cover":99.58999633789062,"water":"River Test","bathing":null,"year":"2025"},"geometry":{"type":"Point","coordinates":[-1.48938,51.11263]}},{"type":"Feature","properties":{"id":"SWS00890","name":"Turners Mead P.S.","co":"Southern Water","spills":13,"hours":84.3,"cover":99.95999908447266,"water":"Freshwater River","bathing":null,"year":"2025"},"geometry":{"type":"Point","coordinates":[-0.62905,51.1085]}},{"type":"Feature","properties":{"id":"SWS00891","name":"Turvills Field PS/The Pier PS","co":"Southern Water","spills":6,"hours":19.9,"cover":99.9800033569336,"water":"The Solent","bathing":"Colwell Bay; Totland Bay","year":"2025"},"geometry":{"type":"Point","coordinates":[-1.54738,50.68672]}},{"type":"Feature","properties":{"id":"SWS00892","name":"Uckfield Wastewater Treatment Works","co":"Southern Water","spills":6,"hours":40.8,"cover":98.06999969482422,"water":"The Ridgewood Stream","bathing":null,"year":"2025"},"geometry":{"type":"Point","coordinates":[0.08204,50.96445]}},{"type":"Feature","properties":{"id":"SWS00895","name":"Upper Dicker Sewage P.S.","co":"Southern Water","spills":47,"hours":359.6,"cover":99.44000244140625,"water":"Freshwater River","bathing":null,"year":"2025"},"geometry":{"type":"Point","coordinates":[0.20962,50.86767]}},{"type":"Feature","properties":{"id":"SWS00896","name":"Upper Shoreham Road Shoreham CSO","co":"Southern Water","spills":5,"hours":1.3,"cover":86.26000213623047,"water":"River Adur","bathing":"Shoreham Beach; Southwick","year":"2025"},"geometry":{"type":"Point","coordinates":[-0.28041,50.83302]}},{"type":"Feature","properties":{"id":"SWS00897","name":"Upr Shaftesbury Ave Southampton CSO","co":"Southern Water","spills":1,"hours":0.3,"cover":99.87000274658203,"water":"River Itchen","bathing":null,"year":"2025"},"geometry":{"type":"Point","coordinates":[-1.3814,50.92885]}},{"type":"Feature","properties":{"id":"SWS00898","name":"Valley Road Chandlers Ford CSO","co":"Southern Water","spills":4,"hours":2.4,"cover":99.69999694824219,"water":"Tributary Of The Monks Brook","bathing":null,"year":"2025"},"geometry":{"type":"Point","coordinates":[-1.38686,50.98966]}},{"type":"Feature","properties":{"id":"SWS00901","name":"Victoria Road Netley Ceo","co":"Southern Water","spills":0,"hours":0,"cover":99.91000366210938,"water":"Southampton Water","bathing":null,"year":"2025"},"geometry":{"type":"Point","coordinates":[-1.35276,50.87042]}},{"type":"Feature","properties":{"id":"SWS00902","name":"Village Road Alverstoke Ceo","co":"Southern Water","spills":2,"hours":1.1,"cover":100,"water":"Stoke Lake","bathing":"Southsea East; Stokes Bay","year":"2025"},"geometry":{"type":"Point","coordinates":[-1.14555,50.78473]}},{"type":"Feature","properties":{"id":"SWS00906","name":"Wallington Hill CSO","co":"Southern Water","spills":0,"hours":0,"cover":99.72000122070312,"water":"River Wallington","bathing":null,"year":"2025"},"geometry":{"type":"Point","coordinates":[-1.17265,50.85705]}},{"type":"Feature","properties":{"id":"SWS00907","name":"Wannock Rd Wannock CSO, Wannock","co":"Southern Water","spills":4,"hours":2.2,"cover":99.5999984741211,"water":"Wannock Mill Stream","bathing":null,"year":"2025"},"geometry":{"type":"Point","coordinates":[0.23559,50.81042]}},{"type":"Feature","properties":{"id":"SWS00910","name":"Warnham Wwps","co":"Southern Water","spills":29,"hours":275.9,"cover":99.98999786376953,"water":"Boldings Brook, Trib Of R.Arun","bathing":null,"year":"2025"},"geometry":{"type":"Point","coordinates":[-0.33473,51.09389]}},{"type":"Feature","properties":{"id":"SWS00912","name":"Water Lane/Arundel Road","co":"Southern Water","spills":0,"hours":0,"cover":99.66000366210938,"water":"Freshwater River","bathing":"Littlehampton","year":"2025"},"geometry":{"type":"Point","coordinates":[-0.54454,50.81494]}},{"type":"Feature","properties":{"id":"SWS00915","name":"Wellow Mill WPS","co":"Southern Water","spills":25,"hours":238.5,"cover":99.94999694824219,"water":"River Blackwater","bathing":null,"year":"2025"},"geometry":{"type":"Point","coordinates":[-1.55755,50.97461]}},{"type":"Feature","properties":{"id":"SWS00916","name":"Wells Close Whiteley Ceo","co":"Southern Water","spills":0,"hours":0,"cover":99.72000122070312,"water":"Burridge Stream","bathing":null,"year":"2025"},"geometry":{"type":"Point","coordinates":[-1.25883,50.88757]}},{"type":"Feature","properties":{"id":"SWS00917","name":"Wessex Lane Southampton","co":"Southern Water","spills":0,"hours":0,"cover":97.3499984741211,"water":"Saline Estuary","bathing":null,"year":"2025"},"geometry":{"type":"Point","coordinates":[-1.37468,50.94194]}},{"type":"Feature","properties":{"id":"SWS00918","name":"Wessex Lane Southampton Outside 11","co":"Southern Water","spills":2,"hours":0.2,"cover":95.02999877929688,"water":"Saline Estuary","bathing":null,"year":"2025"},"geometry":{"type":"Point","coordinates":[-1.37497,50.94167]}},{"type":"Feature","properties":{"id":"SWS00919","name":"Wessex Lane Southampton Outside 15","co":"Southern Water","spills":0,"hours":0,"cover":79.13999938964844,"water":"Saline Estuary","bathing":null,"year":"2025"},"geometry":{"type":"Point","coordinates":[-1.37497,50.94167]}},{"type":"Feature","properties":{"id":"SWS00920","name":"West Common Road Fawley Ceo","co":"Southern Water","spills":13,"hours":23.4,"cover":99.98999786376953,"water":"Dark Water","bathing":null,"year":"2025"},"geometry":{"type":"Point","coordinates":[-1.37067,50.80676]}},{"type":"Feature","properties":{"id":"SWS00921","name":"West Common Road Fawley Ceo","co":"Southern Water","spills":0,"hours":0,"cover":97.6500015258789,"water":"Dark Water","bathing":"Lepe","year":"2025"},"geometry":{"type":"Point","coordinates":[-1.37067,50.80676]}},{"type":"Feature","properties":{"id":"SWS00922","name":"West Hoathly Ceo","co":"Southern Water","spills":10,"hours":28.3,"cover":99.36000061035156,"water":"Cockhaise Brook","bathing":null,"year":"2025"},"geometry":{"type":"Point","coordinates":[-0.05377,51.07462]}},{"type":"Feature","properties":{"id":"SWS00926","name":"West Wellow WWTW","co":"Southern Water","spills":101,"hours":1303.4,"cover":99.9000015258789,"water":"River Blackwater","bathing":null,"year":"2025"},"geometry":{"type":"Point","coordinates":[-1.54961,50.97098]}},{"type":"Feature","properties":{"id":"SWS00928","name":"Westbrook Grove Purbrook Ceo","co":"Southern Water","spills":0,"hours":0,"cover":100,"water":"Wallington River Via Drain","bathing":null,"year":"2025"},"geometry":{"type":"Point","coordinates":[-1.04103,50.86648]}},{"type":"Feature","properties":{"id":"SWS00931","name":"Western Road Haywards Heath CSO","co":"Southern Water","spills":7,"hours":6.3,"cover":99.66000366210938,"water":"Trib. Of Scrase Bridge Stream","bathing":null,"year":"2025"},"geometry":{"type":"Point","coordinates":[-0.09185,50.99917]}},{"type":"Feature","properties":{"id":"SWS00936","name":"Westway Springhill Ceo","co":"Southern Water","spills":24,"hours":87.2,"cover":99.93000030517578,"water":"The Caul Bourne","bathing":null,"year":"2025"},"geometry":{"type":"Point","coordinates":[-1.4235,50.68842]}},{"type":"Feature","properties":{"id":"SWS00937","name":"Westwood Road CSO","co":"Southern Water","spills":11,"hours":12.8,"cover":62.97999954223633,"water":"The Solent","bathing":"Ryde; Seagrove; St Helens","year":"2025"},"geometry":{"type":"Point","coordinates":[-1.17199,50.73357]}},{"type":"Feature","properties":{"id":"SWS00939","name":"Whiteley WPS","co":"Southern Water","spills":0,"hours":0,"cover":99.91000366210938,"water":"Curbridge Stream","bathing":null,"year":"2025"},"geometry":{"type":"Point","coordinates":[-1.24126,50.88369]}},{"type":"Feature","properties":{"id":"SWS00940","name":"Whiteparish WWTW","co":"Southern Water","spills":0,"hours":0,"cover":99.94000244140625,"water":"Trib Of River Blackwater","bathing":null,"year":"2025"},"geometry":{"type":"Point","coordinates":[-1.65776,51.00174]}},{"type":"Feature","properties":{"id":"SWS00942","name":"Whitford Bridge CSO","co":"Southern Water","spills":4,"hours":7.5,"cover":99.98999786376953,"water":"Gurnard Luck Stream","bathing":"Cowes; Gurnard","year":"2025"},"geometry":{"type":"Point","coordinates":[-1.32877,50.73944]}},{"type":"Feature","properties":{"id":"SWS00943","name":"Wickham Road Fareham CSO","co":"Southern Water","spills":2,"hours":0.6,"cover":99.55000305175781,"water":"River Wallington","bathing":null,"year":"2025"},"geometry":{"type":"Point","coordinates":[-1.17265,50.85696]}},{"type":"Feature","properties":{"id":"SWS00944","name":"Wickham WWTW","co":"Southern Water","spills":59,"hours":1040.1,"cover":99.37999725341797,"water":"River Meon","bathing":null,"year":"2025"},"geometry":{"type":"Point","coordinates":[-1.1956,50.89345]}},{"type":"Feature","properties":{"id":"SWS00945","name":"Wicor Mill Lane Portchester Ceo","co":"Southern Water","spills":5,"hours":1.4,"cover":99.97000122070312,"water":"Portsmouth Harbour","bathing":null,"year":"2025"},"geometry":{"type":"Point","coordinates":[-1.13746,50.83908]}},{"type":"Feature","properties":{"id":"SWS00946","name":"Widley Road Portsmouth CSO","co":"Southern Water","spills":5,"hours":4.8,"cover":99.72000122070312,"water":"Portsmouth Harbour","bathing":"Southsea East; Stokes Bay","year":"2025"},"geometry":{"type":"Point","coordinates":[-1.09185,50.81814]}},{"type":"Feature","properties":{"id":"SWS00947","name":"Wigmore Road","co":"Southern Water","spills":0,"hours":0,"cover":99.98999786376953,"water":"A Trib. Of The Teville Stream","bathing":"Lancing, Beach Green; Worthing; Worthing Beach House","year":"2025"},"geometry":{"type":"Point","coordinates":[-0.35555,50.82439]}},{"type":"Feature","properties":{"id":"SWS00948","name":"William Allen Lane CSO","co":"Southern Water","spills":32,"hours":110.3,"cover":99.63999938964844,"water":"Scrase Stream","bathing":null,"year":"2025"},"geometry":{"type":"Point","coordinates":[-0.08276,51.00604]}},{"type":"Feature","properties":{"id":"SWS00952","name":"Willow Way Hurstpierpoint CSO","co":"Southern Water","spills":64,"hours":543.7,"cover":99.98999786376953,"water":"Unnamed Trib Herrings Stream","bathing":null,"year":"2025"},"geometry":{"type":"Point","coordinates":[-0.17935,50.94453]}},{"type":"Feature","properties":{"id":"SWS00956","name":"Winford Ceo","co":"Southern Water","spills":0,"hours":0,"cover":100,"water":"Drain To River Yar","bathing":null,"year":"2025"},"geometry":{"type":"Point","coordinates":[-1.21186,50.65435]}},{"type":"Feature","properties":{"id":"SWS00958","name":"Wisborough Green WWTW","co":"Southern Water","spills":25,"hours":258.9,"cover":100,"water":"River  Kird","bathing":null,"year":"2025"},"geometry":{"type":"Point","coordinates":[-0.49941,51.01824]}},{"type":"Feature","properties":{"id":"SWS00960","name":"Withypitts Turners Hill Ceo","co":"Southern Water","spills":29,"hours":176.3,"cover":99.4000015258789,"water":"Trib Of The River Medway","bathing":null,"year":"2025"},"geometry":{"type":"Point","coordinates":[-0.08394,51.1012]}},{"type":"Feature","properties":{"id":"SWS00962","name":"Wivelsfield Ceo","co":"Southern Water","spills":28,"hours":279,"cover":99.98999786376953,"water":"The Longford Ditch","bathing":null,"year":"2025"},"geometry":{"type":"Point","coordinates":[-0.07062,50.96113]}},{"type":"Feature","properties":{"id":"SWS00963","name":"Wivelsfield WWTW","co":"Southern Water","spills":42,"hours":346.2,"cover":99.98999786376953,"water":"Tributary Of River Adur","bathing":null,"year":"2025"},"geometry":{"type":"Point","coordinates":[-0.09505,50.96612]}},{"type":"Feature","properties":{"id":"SWS00967","name":"Woodvale Transfer Sst","co":"Southern Water","spills":70,"hours":201.6,"cover":99.93000030517578,"water":"The Solent","bathing":"Cowes; Gurnard","year":"2025"},"geometry":{"type":"Point","coordinates":[-1.32799,50.76434]}},{"type":"Feature","properties":{"id":"SWS00968","name":"Woolston WWTW","co":"Southern Water","spills":0,"hours":0,"cover":99.12000274658203,"water":"River Itchen Estuary","bathing":null,"year":"2025"},"geometry":{"type":"Point","coordinates":[-1.38445,50.89181]}},{"type":"Feature","properties":{"id":"SWS00969","name":"Woolston WWTW","co":"Southern Water","spills":18,"hours":78.1,"cover":99.13999938964844,"water":"River Itchen Estuary","bathing":null,"year":"2025"},"geometry":{"type":"Point","coordinates":[-1.38445,50.89181]}},{"type":"Feature","properties":{"id":"SWS00970","name":"Worthing WWTW","co":"Southern Water","spills":0,"hours":0,"cover":99.27999877929688,"water":"English Channel","bathing":"Lancing, Beach Green; Worthing; Worthing Beach House","year":"2025"},"geometry":{"type":"Point","coordinates":[-0.33858,50.80643]}},{"type":"Feature","properties":{"id":"SWS00971","name":"Worthing WWTW","co":"Southern Water","spills":39,"hours":166.4,"cover":99.27999877929688,"water":"English Channel","bathing":null,"year":"2025"},"geometry":{"type":"Point","coordinates":[-0.33858,50.80643]}},{"type":"Feature","properties":{"id":"SWS00973","name":"Wroxall WWTW","co":"Southern Water","spills":33,"hours":100.2,"cover":99.98999786376953,"water":"Wroxall Stream","bathing":null,"year":"2025"},"geometry":{"type":"Point","coordinates":[-1.22761,50.6255]}},{"type":"Feature","properties":{"id":"SWS00974","name":"Fareham Road Gosport Outside 359cso","co":"Southern Water","spills":26,"hours":46.8,"cover":99.72000122070312,"water":"Portsmouth Harbour","bathing":null,"year":"2025"},"geometry":{"type":"Point","coordinates":[-1.1727,50.83799]}},{"type":"Feature","properties":{"id":"SWS00975","name":"Wykeham Close Steyning CSO","co":"Southern Water","spills":2,"hours":0.7,"cover":24.65999984741211,"water":"The River Adur","bathing":null,"year":"2025"},"geometry":{"type":"Point","coordinates":[-0.32105,50.89171]}},{"type":"Feature","properties":{"id":"SWS00977","name":"Yarmouth PS","co":"Southern Water","spills":12,"hours":27.8,"cover":99.93000030517578,"water":"The Solent","bathing":"Colwell Bay","year":"2025"},"geometry":{"type":"Point","coordinates":[-1.49973,50.70792]}},{"type":"Feature","properties":{"id":"SWS00979","name":"Poynings WWTW, Brighton","co":"Southern Water","spills":0,"hours":0,"cover":99.95999908447266,"water":"Adjacent Stream. Trib.R.Adur","bathing":null,"year":"2025"},"geometry":{"type":"Point","coordinates":[-0.21149,50.89675]}},{"type":"Feature","properties":{"id":"SWS00983","name":"Morestead WWTW","co":"Southern Water","spills":7,"hours":13.7,"cover":99.98999786376953,"water":"Groundwaters Via 2 Infilt Syst","bathing":null,"year":"2025"},"geometry":{"type":"Point","coordinates":[-1.30705,51.0483]}},{"type":"Feature","properties":{"id":"WXW00059","name":"Abbotsbury WWTW","co":"Wessex Water","spills":40,"hours":616.9,"cover":99.970703125,"water":"Abbotsbury Brook","bathing":null,"year":"2025"},"geometry":{"type":"Point","coordinates":[-2.5835,50.66249]}},{"type":"Feature","properties":{"id":"WXW00104","name":"Barford St Martin WRC","co":"Wessex Water","spills":81,"hours":1550.8,"cover":99.93647766113281,"water":"River Nadder","bathing":null,"year":"2025"},"geometry":{"type":"Point","coordinates":[-1.91512,51.0798]}},{"type":"Feature","properties":{"id":"WXW00136","name":"Bishops Caundle WRC","co":"Wessex Water","spills":46,"hours":862.9,"cover":99.7818374633789,"water":"Caundle Brook","bathing":null,"year":"2025"},"geometry":{"type":"Point","coordinates":[-2.42268,50.91209]}},{"type":"Feature","properties":{"id":"WXW01315","name":"Not Applicable","co":"Wessex Water","spills":27,"hours":477.4,"cover":99.9984359741211,"water":"Caundle Brook","bathing":null,"year":"2025"},"geometry":{"type":"Point","coordinates":[-2.42268,50.91209]}},{"type":"Feature","properties":{"id":"WXW00157","name":"Bourton Water Recycling Centre","co":"Wessex Water","spills":62,"hours":812.4,"cover":99.9770278930664,"water":"River Stour","bathing":null,"year":"2025"},"geometry":{"type":"Point","coordinates":[-2.30622,51.06701]}},{"type":"Feature","properties":{"id":"WXW01003","name":"Sodom Lane Pumping Station","co":"Wessex Water","spills":31,"hours":268.5,"cover":100,"water":"The Chivricks Brook","bathing":null,"year":"2025"},"geometry":{"type":"Point","coordinates":[-2.30246,50.97343]}},{"type":"Feature","properties":{"id":"WXW01226","name":"West Road Foundry Pumping Station","co":"Wessex Water","spills":0,"hours":0,"cover":100,"water":"River Simene","bathing":null,"year":"2025"},"geometry":{"type":"Point","coordinates":[-2.77408,50.73461]}},{"type":"Feature","properties":{"id":"WXW00191","name":"Broadmayne WWTW","co":"Wessex Water","spills":32,"hours":460,"cover":99.98858642578125,"water":"Tadnoll Brook","bathing":null,"year":"2025"},"geometry":{"type":"Point","coordinates":[-2.37771,50.67988]}},{"type":"Feature","properties":{"id":"WXW00603","name":"Knighton Lane CSO","co":"Wessex Water","spills":31,"hours":28.3,"cover":99.93635559082031,"water":"Tadnoll Brook(S)","bathing":null,"year":"2025"},"geometry":{"type":"Point","coordinates":[-2.38236,50.67842]}},{"type":"Feature","properties":{"id":"WXW00269","name":"Chideock STW","co":"Wessex Water","spills":31,"hours":413.2,"cover":100,"water":"River Winniford(S)","bathing":"Seatown","year":"2025"},"geometry":{"type":"Point","coordinates":[-2.81545,50.72691]}},{"type":"Feature","properties":{"id":"WXW00325","name":"Corfe Mullen Water Recycling Centre","co":"Wessex Water","spills":30,"hours":226.5,"cover":99.91704559326172,"water":"River Stour","bathing":null,"year":"2025"},"geometry":{"type":"Point","coordinates":[-2.0156,50.79411]}},{"type":"Feature","properties":{"id":"WXW00470","name":"Godmanstone STW","co":"Wessex Water","spills":24,"hours":545.3,"cover":94.31963348388672,"water":"River Cerne","bathing":null,"year":"2025"},"geometry":{"type":"Point","coordinates":[-2.47511,50.76648]}},{"type":"Feature","properties":{"id":"WXW00337","name":"Cranborne Water Recycling Centre","co":"Wessex Water","spills":23,"hours":374.9,"cover":100,"water":"River Crane","bathing":null,"year":"2025"},"geometry":{"type":"Point","coordinates":[-1.90745,50.91667]}},{"type":"Feature","properties":{"id":"WXW00379","name":"Downton Sewage Treatment Works","co":"Wessex Water","spills":31,"hours":309.1,"cover":99.91895294189453,"water":"Hampshire Avon, River","bathing":null,"year":"2025"},"geometry":{"type":"Point","coordinates":[-1.75329,50.98293]}},{"type":"Feature","properties":{"id":"WXW00256","name":"Charmouth Sewage Disposal Works","co":"Wessex Water","spills":70,"hours":76.1,"cover":100,"water":"Lyme Bay(C) & River Char(S)","bathing":"Charmouth West","year":"2025"},"geometry":{"type":"Point","coordinates":[-2.89696,50.72155]}},{"type":"Feature","properties":{"id":"WXW00257","name":"Charmouth Sewage Disposal Works","co":"Wessex Water","spills":2,"hours":4.6,"cover":100,"water":"Lyme Bay(C) & River Char(S)","bathing":"Charmouth West","year":"2025"},"geometry":{"type":"Point","coordinates":[-2.89178,50.73984]}},{"type":"Feature","properties":{"id":"WXW01139","name":"Tisbury Combined Sewer Overflow","co":"Wessex Water","spills":36,"hours":71.2,"cover":100,"water":"River Nadder Via Sws","bathing":null,"year":"2025"},"geometry":{"type":"Point","coordinates":[-2.07762,51.063]}},{"type":"Feature","properties":{"id":"WXW00413","name":"Evershot Wastewater Treatment Works","co":"Wessex Water","spills":45,"hours":405.9,"cover":100,"water":"River Frome","bathing":null,"year":"2025"},"geometry":{"type":"Point","coordinates":[-2.60051,50.83745]}},{"type":"Feature","properties":{"id":"WXW00438","name":"Fordingbridge WRC","co":"Wessex Water","spills":21,"hours":217.1,"cover":100,"water":"Hampshire Avon","bathing":null,"year":"2025"},"geometry":{"type":"Point","coordinates":[-1.79293,50.91704]}},{"type":"Feature","properties":{"id":"WXW00443","name":"Fovant Water Recycling Centre","co":"Wessex Water","spills":81,"hours":1252,"cover":99.99048614501953,"water":"Fovant Brook","bathing":null,"year":"2025"},"geometry":{"type":"Point","coordinates":[-2.00375,51.07086]}},{"type":"Feature","properties":{"id":"WXW00461","name":"Gillingham Water Recycling Centre","co":"Wessex Water","spills":35,"hours":318.8,"cover":100,"water":"River Stour (Upper)","bathing":null,"year":"2025"},"geometry":{"type":"Point","coordinates":[-2.27726,51.03278]}},{"type":"Feature","properties":{"id":"WXW00516","name":"Hazelbury Bryan WRC","co":"Wessex Water","spills":79,"hours":1569.1,"cover":99.91970825195312,"water":"Tributary Of The River Lydden","bathing":null,"year":"2025"},"geometry":{"type":"Point","coordinates":[-2.36297,50.88297]}},{"type":"Feature","properties":{"id":"WXW00545","name":"Hindon Wastewater Treatment Works","co":"Wessex Water","spills":74,"hours":96.8,"cover":99.61910247802734,"water":"Groundwater Via Infilt System","bathing":null,"year":"2025"},"geometry":{"type":"Point","coordinates":[-2.12061,51.09399]}},{"type":"Feature","properties":{"id":"WXW00548","name":"Hinton St.Mary Water Recycling","co":"Wessex Water","spills":29,"hours":24.1,"cover":99.99163055419922,"water":"Trib Of Chivericks Brook","bathing":null,"year":"2025"},"geometry":{"type":"Point","coordinates":[-2.28973,50.94416]}},{"type":"Feature","properties":{"id":"WXW00296","name":"Clements Lane Combined Sewer Of","co":"Wessex Water","spills":23,"hours":216.9,"cover":100,"water":"Shreen Water","bathing":null,"year":"2025"},"geometry":{"type":"Point","coordinates":[-2.26521,51.0853]}},{"type":"Feature","properties":{"id":"WXW00571","name":"Hurdcott Wastewater Treatment Works","co":"Wessex Water","spills":167,"hours":3119,"cover":100,"water":"River Bourne","bathing":null,"year":"2025"},"geometry":{"type":"Point","coordinates":[-1.76086,51.10136]}},{"type":"Feature","properties":{"id":"WXW00582","name":"Iwerne Minster WRC","co":"Wessex Water","spills":83,"hours":1816.2,"cover":99.64459991455078,"water":"River Iwerne","bathing":null,"year":"2025"},"geometry":{"type":"Point","coordinates":[-2.19737,50.92578]}},{"type":"Feature","properties":{"id":"WXW00856","name":"Pewsey Wastewater Treatment Works","co":"Wessex Water","spills":46,"hours":743.4,"cover":99.93949890136719,"water":"River Avon (Hampshire)","bathing":null,"year":"2025"},"geometry":{"type":"Point","coordinates":[-1.77767,51.33326]}},{"type":"Feature","properties":{"id":"WXW00663","name":"Lydlinch Water Recycling Centre","co":"Wessex Water","spills":59,"hours":360.5,"cover":99.62084197998047,"water":"River Lydden","bathing":null,"year":"2025"},"geometry":{"type":"Point","coordinates":[-2.35665,50.92325]}},{"type":"Feature","properties":{"id":"WXW00673","name":"Maiden Bradley WWTW","co":"Wessex Water","spills":26,"hours":45.1,"cover":100,"water":"Groundwater Via Infilt System","bathing":null,"year":"2025"},"geometry":{"type":"Point","coordinates":[-2.27213,51.1458]}},{"type":"Feature","properties":{"id":"WXW00674","name":"Maiden Newton Water Recycling Centr","co":"Wessex Water","spills":41,"hours":669.9,"cover":99.84827423095703,"water":"River Frome","bathing":null,"year":"2025"},"geometry":{"type":"Point","coordinates":[-2.56504,50.77279]}},{"type":"Feature","properties":{"id":"WXW01301","name":"Mappowder STW","co":"Wessex Water","spills":62,"hours":1002.3,"cover":97.71080780029297,"water":"Trib Of The River Lydden","bathing":null,"year":"2025"},"geometry":{"type":"Point","coordinates":[-2.37335,50.85876]}},{"type":"Feature","properties":{"id":"WXW00690","name":"Marnhull Wastewater Treatment Works","co":"Wessex Water","spills":75,"hours":1365.4,"cover":100,"water":"River Stour","bathing":null,"year":"2025"},"geometry":{"type":"Point","coordinates":[-2.33668,50.95967]}},{"type":"Feature","properties":{"id":"WXW00713","name":"Mere Water Recycling Centre","co":"Wessex Water","spills":26,"hours":234.8,"cover":100,"water":"Shreen Water","bathing":null,"year":"2025"},"geometry":{"type":"Point","coordinates":[-2.26873,51.08321]}},{"type":"Feature","properties":{"id":"WXW01049","name":"Stanley Green Road CSO","co":"Wessex Water","spills":35,"hours":70.3,"cover":100,"water":"Creekmoor Lake(Via Sws)","bathing":null,"year":"2025"},"geometry":{"type":"Point","coordinates":[-1.98718,50.72778]}},{"type":"Feature","properties":{"id":"WXW00224","name":"Calveswater Pumping Station","co":"Wessex Water","spills":22,"hours":50.7,"cover":100,"water":"The Were Via Sws","bathing":null,"year":"2025"},"geometry":{"type":"Point","coordinates":[-2.17111,51.19707]}},{"type":"Feature","properties":{"id":"WXW01010","name":"South Bridge Comb. Storm Overflow","co":"Wessex Water","spills":26,"hours":96.9,"cover":100,"water":"River Asker(S)","bathing":null,"year":"2025"},"geometry":{"type":"Point","coordinates":[-2.75793,50.7273]}},{"type":"Feature","properties":{"id":"WXW00898","name":"Puncknowle WRC","co":"Wessex Water","spills":43,"hours":623.8,"cover":98.80767059326172,"water":"River Bride","bathing":null,"year":"2025"},"geometry":{"type":"Point","coordinates":[-2.66043,50.70439]}},{"type":"Feature","properties":{"id":"WXW00028","name":"37 Endless Street CSO","co":"Wessex Water","spills":22,"hours":9.3,"cover":99.8641586303711,"water":"River Avon Via Sws","bathing":null,"year":"2025"},"geometry":{"type":"Point","coordinates":[-1.78553,51.06381]}},{"type":"Feature","properties":{"id":"WXW00929","name":"Ringwood Sewage Treatment Works","co":"Wessex Water","spills":23,"hours":324.1,"cover":100,"water":"Hampshire Avon River","bathing":null,"year":"2025"},"geometry":{"type":"Point","coordinates":[-1.79616,50.82991]}},{"type":"Feature","properties":{"id":"WXW00949","name":"Salisbury (Petersfinger) WRC","co":"Wessex Water","spills":51,"hours":840.2,"cover":99.82952880859375,"water":"River Avon","bathing":null,"year":"2025"},"geometry":{"type":"Point","coordinates":[-1.77437,51.05663]}},{"type":"Feature","properties":{"id":"WXW00987","name":"Shillingstone Water Recycling Centr","co":"Wessex Water","spills":45,"hours":559.7,"cover":99.84322357177734,"water":"River Stour","bathing":null,"year":"2025"},"geometry":{"type":"Point","coordinates":[-2.23128,50.89428]}},{"type":"Feature","properties":{"id":"WXW00993","name":"Shrewton Water Recycling Centre","co":"Wessex Water","spills":116,"hours":2679.2,"cover":100,"water":"River Till","bathing":null,"year":"2025"},"geometry":{"type":"Point","coordinates":[-1.89497,51.18302]}},{"type":"Feature","properties":{"id":"WXW01078","name":"Stourton Caundle WRC","co":"Wessex Water","spills":37,"hours":666,"cover":99.96385192871094,"water":"Caundle Brook","bathing":null,"year":"2025"},"geometry":{"type":"Point","coordinates":[-2.39982,50.93004]}},{"type":"Feature","properties":{"id":"WXW01196","name":"Water Lane Pumping Station","co":"Wessex Water","spills":6,"hours":55,"cover":99.99524688720703,"water":"Tributary Of River Stour","bathing":null,"year":"2025"},"geometry":{"type":"Point","coordinates":[-2.20003,50.87857]}},{"type":"Feature","properties":{"id":"WXW01100","name":"Sydling St.Nicholas WRC","co":"Wessex Water","spills":97,"hours":2149.4,"cover":99.89688110351562,"water":"Sydling Water","bathing":null,"year":"2025"},"geometry":{"type":"Point","coordinates":[-2.52337,50.78432]}},{"type":"Feature","properties":{"id":"WXW01108","name":"Templecombe STW","co":"Wessex Water","spills":31,"hours":288.1,"cover":100,"water":"Tributary Of Bow Brook North","bathing":null,"year":"2025"},"geometry":{"type":"Point","coordinates":[-2.40852,51.00364]}},{"type":"Feature","properties":{"id":"WXW00374","name":"Dorchester (Louds Mill) STW","co":"Wessex Water","spills":36,"hours":561.8,"cover":100,"water":"River Frome(S)","bathing":null,"year":"2025"},"geometry":{"type":"Point","coordinates":[-2.40983,50.71196]}},{"type":"Feature","properties":{"id":"WXW00373","name":"Dorchester (Louds Mill) STW","co":"Wessex Water","spills":8,"hours":83,"cover":99.67770385742188,"water":"River Frome(S)","bathing":null,"year":"2025"},"geometry":{"type":"Point","coordinates":[-2.40983,50.71196]}},{"type":"Feature","properties":{"id":"WXW01143","name":"Toller Porcorum WRC","co":"Wessex Water","spills":35,"hours":520.7,"cover":99.98453521728516,"water":"River Hooke","bathing":null,"year":"2025"},"geometry":{"type":"Point","coordinates":[-2.61555,50.77967]}},{"type":"Feature","properties":{"id":"WXW00544","name":"Hindon Pumping Station","co":"Wessex Water","spills":4,"hours":2,"cover":100,"water":"Tributary Of The River Nadder","bathing":null,"year":"2025"},"geometry":{"type":"Point","coordinates":[-2.11955,51.09558]}},{"type":"Feature","properties":{"id":"WXW00756","name":"Morris Road Pumping Station","co":"Wessex Water","spills":36,"hours":187.3,"cover":100,"water":"Tributary Of The River Frome","bathing":null,"year":"2025"},"geometry":{"type":"Point","coordinates":[-2.22692,50.696]}},{"type":"Feature","properties":{"id":"WXW00009","name":"16 High Street CSO","co":"Wessex Water","spills":29,"hours":234.3,"cover":99.94292449951172,"water":"Dorchester Mill Stream","bathing":null,"year":"2025"},"geometry":{"type":"Point","coordinates":[-2.43153,50.71557]}},{"type":"Feature","properties":{"id":"WXW01244","name":"Weymouth Water Recycling Centre","co":"Wessex Water","spills":65,"hours":303,"cover":100,"water":"(C) English Channel","bathing":null,"year":"2025"},"geometry":{"type":"Point","coordinates":[-2.4796,50.56799]}},{"type":"Feature","properties":{"id":"WXW01264","name":"Wimborne Water Recycling Centre","co":"Wessex Water","spills":22,"hours":165.3,"cover":100,"water":"River Stour","bathing":null,"year":"2025"},"geometry":{"type":"Point","coordinates":[-1.9672,50.79153]}},{"type":"Feature","properties":{"id":"WXW01265","name":"Wincanton Water Recycling Centre","co":"Wessex Water","spills":32,"hours":251.1,"cover":99.98858642578125,"water":"River Cale","bathing":null,"year":"2025"},"geometry":{"type":"Point","coordinates":[-2.41419,51.04503]}},{"type":"Feature","properties":{"id":"WXW00481","name":"Great Wishford WRC","co":"Wessex Water","spills":10,"hours":190,"cover":99.84859466552734,"water":"River Wylye","bathing":null,"year":"2025"},"geometry":{"type":"Point","coordinates":[-1.87471,51.10317]}},{"type":"Feature","properties":{"id":"WXW00597","name":"King's Stag WWTW","co":"Wessex Water","spills":28,"hours":259.4,"cover":99.86529541015625,"water":"River Lydden","bathing":null,"year":"2025"},"geometry":{"type":"Point","coordinates":[-2.38986,50.89571]}},{"type":"Feature","properties":{"id":"WXW01289","name":"Worth Matravers WWTW","co":"Wessex Water","spills":19,"hours":22.6,"cover":100,"water":"Stream At Winspit Botttom","bathing":null,"year":"2025"},"geometry":{"type":"Point","coordinates":[-2.03862,50.5913]}},{"type":"Feature","properties":{"id":"WXW00267","name":"Chickerell Road CSO","co":"Wessex Water","spills":6,"hours":1.2,"cover":34.043758392333984,"water":"Weymouth Harbour","bathing":null,"year":"2025"},"geometry":{"type":"Point","coordinates":[-2.45951,50.60737]}},{"type":"Feature","properties":{"id":"WXW00962","name":"Sandy Lane PS","co":"Wessex Water","spills":6,"hours":5.8,"cover":99.84431457519531,"water":"Lytchett Bay(E)","bathing":null,"year":"2025"},"geometry":{"type":"Point","coordinates":[-2.0246,50.72941]}},{"type":"Feature","properties":{"id":"WXW01024","name":"Spaniel's Bridge Pumping Station","co":"Wessex Water","spills":52,"hours":1077.7,"cover":99.88843536376953,"water":"Tributary Of River Avon","bathing":null,"year":"2025"},"geometry":{"type":"Point","coordinates":[-1.94104,51.35901]}},{"type":"Feature","properties":{"id":"WXW00312","name":"Collingbourne Ducis Pumping Station","co":"Wessex Water","spills":106,"hours":730.3,"cover":100,"water":"River Bourne","bathing":null,"year":"2025"},"geometry":{"type":"Point","coordinates":[-1.65229,51.27987]}},{"type":"Feature","properties":{"id":"WXW00562","name":"Horton Farm Pumping Station","co":"Wessex Water","spills":75,"hours":113.9,"cover":99.98097229003906,"water":"Trib Of Etchilhampton Water(S)","bathing":null,"year":"2025"},"geometry":{"type":"Point","coordinates":[-1.92869,51.37063]}},{"type":"Feature","properties":{"id":"WXW00768","name":"Not Applicable","co":"Wessex Water","spills":23,"hours":9.7,"cover":95.17655944824219,"water":"River Stour","bathing":"Christchurch Avon Beach; Christchurch Friar`s Cliff","year":"2025"},"geometry":{"type":"Point","coordinates":[-1.81237,50.74244]}},{"type":"Feature","properties":{"id":"WXW00324","name":"Corfe Castle STW","co":"Wessex Water","spills":27,"hours":192.6,"cover":100,"water":"Corfe River (S)","bathing":null,"year":"2025"},"geometry":{"type":"Point","coordinates":[-2.05657,50.64804]}},{"type":"Feature","properties":{"id":"WXW00027","name":"35 Kings Road","co":"Wessex Water","spills":29,"hours":53,"cover":100,"water":"Mill Stream Via Sws","bathing":null,"year":"2025"},"geometry":{"type":"Point","coordinates":[-2.42455,50.71347]}},{"type":"Feature","properties":{"id":"WXW01059","name":"Station Road CSO","co":"Wessex Water","spills":23,"hours":110.3,"cover":100,"water":"Trib Of River Frome","bathing":null,"year":"2025"},"geometry":{"type":"Point","coordinates":[-2.22217,50.68234]}},{"type":"Feature","properties":{"id":"WXW00755","name":"Moorland Way Pumping Station","co":"Wessex Water","spills":17,"hours":49.7,"cover":100,"water":"Lytchett Bay(C)","bathing":"Poole Harbour Rockley Sands","year":"2025"},"geometry":{"type":"Point","coordinates":[-2.03579,50.73336]}},{"type":"Feature","properties":{"id":"WXW00207","name":"Buckingham Road Pumping Station","co":"Wessex Water","spills":32,"hours":183.7,"cover":99.99600219726562,"water":"River Stour","bathing":null,"year":"2025"},"geometry":{"type":"Point","coordinates":[-2.27506,51.03645]}},{"type":"Feature","properties":{"id":"WXW01103","name":"Tarrant Crawford WRC","co":"Wessex Water","spills":8,"hours":85.4,"cover":99.595703125,"water":"River Stour","bathing":null,"year":"2025"},"geometry":{"type":"Point","coordinates":[-2.1222,50.82624]}},{"type":"Feature","properties":{"id":"WXW00273","name":"Chilmark Pumping Station","co":"Wessex Water","spills":7,"hours":100.6,"cover":100,"water":"Trib Of The River Nadder","bathing":null,"year":"2025"},"geometry":{"type":"Point","coordinates":[-2.04296,51.08774]}},{"type":"Feature","properties":{"id":"WXW00127","name":"Bennetts Field CSO","co":"Wessex Water","spills":21,"hours":20.1,"cover":100,"water":"River Cale","bathing":null,"year":"2025"},"geometry":{"type":"Point","coordinates":[-2.41386,51.04959]}},{"type":"Feature","properties":{"id":"WXW00210","name":"Bulbury Lane Pumping Station","co":"Wessex Water","spills":49,"hours":467.2,"cover":100,"water":"Trib Of Sherford River (S)","bathing":null,"year":"2025"},"geometry":{"type":"Point","coordinates":[-2.09065,50.74691]}},{"type":"Feature","properties":{"id":"WXW00868","name":"Poole E STW","co":"Wessex Water","spills":12,"hours":84.1,"cover":100,"water":"Tributary Of Holes Bay(E)","bathing":"Poole Harbour Rockley Sands; Poole Harbour Lake","year":"2025"},"geometry":{"type":"Point","coordinates":[-1.9913,50.74164]}},{"type":"Feature","properties":{"id":"WXW00858","name":"Pilford Heath Pumping Station","co":"Wessex Water","spills":14,"hours":17.1,"cover":100,"water":"Trib Of Uddens Water (S)","bathing":null,"year":"2025"},"geometry":{"type":"Point","coordinates":[-1.95196,50.81456]}},{"type":"Feature","properties":{"id":"WXW00867","name":"Poole E STW","co":"Wessex Water","spills":0,"hours":0,"cover":100,"water":"Tributary Of Holes Bay(E)","bathing":"Poole Harbour Rockley Sands; Poole Harbour Lake","year":"2025"},"geometry":{"type":"Point","coordinates":[-1.98605,50.73894]}},{"type":"Feature","properties":{"id":"WXW00387","name":"Durlston Road PS","co":"Wessex Water","spills":20,"hours":19.2,"cover":99.99410247802734,"water":"Unnamed Stream To Durlston Bay","bathing":null,"year":"2025"},"geometry":{"type":"Point","coordinates":[-1.95373,50.60152]}},{"type":"Feature","properties":{"id":"WXW00527","name":"Henstridge Pumping Station","co":"Wessex Water","spills":21,"hours":175.1,"cover":100,"water":"Tributary Of River Cale","bathing":null,"year":"2025"},"geometry":{"type":"Point","coordinates":[-2.38242,50.98003]}},{"type":"Feature","properties":{"id":"WXW00946","name":"Rushcombe Bottom Pumping Station","co":"Wessex Water","spills":17,"hours":41,"cover":99.93244171142578,"water":"Rushcombe Stream","bathing":null,"year":"2025"},"geometry":{"type":"Point","coordinates":[-2.01015,50.77419]}},{"type":"Feature","properties":{"id":"WXW00916","name":"Railway Cottages Pumping Station","co":"Wessex Water","spills":20,"hours":22.3,"cover":99.98674774169922,"water":"Trib Of River Frome(S)","bathing":null,"year":"2025"},"geometry":{"type":"Point","coordinates":[-2.22358,50.68216]}},{"type":"Feature","properties":{"id":"WXW00975","name":"Shaftesbury WRC","co":"Wessex Water","spills":20,"hours":15.6,"cover":99.91400146484375,"water":"Stirchell Brook","bathing":null,"year":"2025"},"geometry":{"type":"Point","coordinates":[-2.19871,50.99371]}},{"type":"Feature","properties":{"id":"WXW00279","name":"Christchurch Sewage Treatment Works","co":"Wessex Water","spills":5,"hours":47.6,"cover":100,"water":"River Avon(E)","bathing":"Christchurch Avon Beach; Christchurch Friar`s Cliff","year":"2025"},"geometry":{"type":"Point","coordinates":[-1.77179,50.73674]}},{"type":"Feature","properties":{"id":"WXW01046","name":"Stalbridge Pumping Station","co":"Wessex Water","spills":40,"hours":399.8,"cover":100,"water":"Bibbern Brook","bathing":null,"year":"2025"},"geometry":{"type":"Point","coordinates":[-2.36171,50.95541]}},{"type":"Feature","properties":{"id":"WXW00075","name":"Allington Old Inn PS","co":"Wessex Water","spills":85,"hours":1977.6,"cover":99.97502136230469,"water":"River Bourne","bathing":null,"year":"2025"},"geometry":{"type":"Point","coordinates":[-1.70779,51.15281]}},{"type":"Feature","properties":{"id":"WXW00226","name":"Camp Road SPS","co":"Wessex Water","spills":33,"hours":697.6,"cover":99.52928924560547,"water":"River Till","bathing":null,"year":"2025"},"geometry":{"type":"Point","coordinates":[-1.95082,51.22946]}},{"type":"Feature","properties":{"id":"WXW00759","name":"Motcombe Attenuation Tank","co":"Wessex Water","spills":19,"hours":161.3,"cover":99.99547576904297,"water":"Tributary Of River Lodden (S)","bathing":null,"year":"2025"},"geometry":{"type":"Point","coordinates":[-2.21641,51.02893]}},{"type":"Feature","properties":{"id":"WXW00498","name":"Hanging Langford Pumping Station","co":"Wessex Water","spills":84,"hours":242.1,"cover":100,"water":"River Wylye Via A Reed Bed","bathing":null,"year":"2025"},"geometry":{"type":"Point","coordinates":[-1.9372,51.13342]}},{"type":"Feature","properties":{"id":"WXW00976","name":"Shaftesbury WRC","co":"Wessex Water","spills":8,"hours":30.1,"cover":100,"water":"Stirchell Brook","bathing":null,"year":"2025"},"geometry":{"type":"Point","coordinates":[-2.20311,50.98849]}},{"type":"Feature","properties":{"id":"WXW00554","name":"Hollyrood Farm CSO","co":"Wessex Water","spills":12,"hours":4.4,"cover":95.21461486816406,"water":"Trib Of Stirchell Brook","bathing":null,"year":"2025"},"geometry":{"type":"Point","coordinates":[-2.19893,50.99747]}},{"type":"Feature","properties":{"id":"WXW00725","name":"Milborne St. Andrew STW","co":"Wessex Water","spills":2,"hours":10.8,"cover":99.9410171508789,"water":"Bere Stream(S)","bathing":null,"year":"2025"},"geometry":{"type":"Point","coordinates":[-2.28142,50.76765]}},{"type":"Feature","properties":{"id":"WXW01276","name":"Wood Lane PS","co":"Wessex Water","spills":13,"hours":38,"cover":100,"water":"Trib Of The River Stour","bathing":null,"year":"2025"},"geometry":{"type":"Point","coordinates":[-1.92393,50.77219]}},{"type":"Feature","properties":{"id":"WXW01082","name":"Studland Road Pumping Station","co":"Wessex Water","spills":10,"hours":11.1,"cover":99.91323852539062,"water":"Corfe River","bathing":null,"year":"2025"},"geometry":{"type":"Point","coordinates":[-2.05712,50.6434]}},{"type":"Feature","properties":{"id":"WXW01019","name":"Southgate Pumping Station","co":"Wessex Water","spills":62,"hours":637.2,"cover":100,"water":"River Brit","bathing":null,"year":"2025"},"geometry":{"type":"Point","coordinates":[-2.74051,50.80576]}},{"type":"Feature","properties":{"id":"WXW00352","name":"CSO At Scout Hut","co":"Wessex Water","spills":9,"hours":127.5,"cover":99.46080780029297,"water":"(S) Mill Stream","bathing":null,"year":"2025"},"geometry":{"type":"Point","coordinates":[-2.41422,50.71186]}},{"type":"Feature","properties":{"id":"WXW00810","name":"North Street PS","co":"Wessex Water","spills":37,"hours":539.1,"cover":100,"water":"The River Frome","bathing":null,"year":"2025"},"geometry":{"type":"Point","coordinates":[-2.47391,50.73222]}},{"type":"Feature","properties":{"id":"WXW00268","name":"Chicksbridge PS","co":"Wessex Water","spills":112,"hours":1957.3,"cover":99.93984985351562,"water":"River Bride(S)","bathing":null,"year":"2025"},"geometry":{"type":"Point","coordinates":[-2.65179,50.70528]}},{"type":"Feature","properties":{"id":"WXW00283","name":"Church Lane Pumping Station","co":"Wessex Water","spills":11,"hours":63.2,"cover":88.15448760986328,"water":"River Stour","bathing":null,"year":"2025"},"geometry":{"type":"Point","coordinates":[-1.88192,50.77191]}},{"type":"Feature","properties":{"id":"WXW00072","name":"All Cannings PS","co":"Wessex Water","spills":6,"hours":52.5,"cover":99.89916229248047,"water":"River Avon (S)","bathing":null,"year":"2025"},"geometry":{"type":"Point","coordinates":[-1.90114,51.35532]}},{"type":"Feature","properties":{"id":"WXW01217","name":"Pumping Station At West Bay Sluices","co":"Wessex Water","spills":10,"hours":94.7,"cover":100,"water":"Bridport Harbour (Coastal)","bathing":"West Bay (West)","year":"2025"},"geometry":{"type":"Point","coordinates":[-2.763,50.71147]}},{"type":"Feature","properties":{"id":"WXW00144","name":"Blacknoll","co":"Wessex Water","spills":12,"hours":23.3,"cover":99.9518051147461,"water":"River Win (S)","bathing":null,"year":"2025"},"geometry":{"type":"Point","coordinates":[-2.27024,50.67379]}},{"type":"Feature","properties":{"id":"WXW00211","name":"Bull Inn CSO","co":"Wessex Water","spills":19,"hours":195.3,"cover":100,"water":"River Stour","bathing":null,"year":"2025"},"geometry":{"type":"Point","coordinates":[-2.30682,50.92121]}},{"type":"Feature","properties":{"id":"WXW00552","name":"Holdenhurst Water Recycling Centre","co":"Wessex Water","spills":4,"hours":19.9,"cover":100,"water":"River Stour","bathing":"Christchurch Avon Beach; Christchurch Friar`s Cliff","year":"2025"},"geometry":{"type":"Point","coordinates":[-1.80855,50.75484]}},{"type":"Feature","properties":{"id":"WXW00602","name":"Kinson Sewage Treatment Works","co":"Wessex Water","spills":12,"hours":54.9,"cover":100,"water":"River Stour","bathing":"Christchurch Avon Beach; Christchurch Friar`s Cliff","year":"2025"},"geometry":{"type":"Point","coordinates":[-1.87664,50.76816]}},{"type":"Feature","properties":{"id":"WXW00521","name":"Hengistbury Head Pumping Station","co":"Wessex Water","spills":17,"hours":86.8,"cover":99.99201202392578,"water":"Poole Bay (C)","bathing":"Bournemouth Hengistbury West","year":"2025"},"geometry":{"type":"Point","coordinates":[-1.77629,50.71409]}},{"type":"Feature","properties":{"id":"WXW00465","name":"Glebe Farm Pumping Station","co":"Wessex Water","spills":15,"hours":75,"cover":100,"water":"Tributary Of Corfe River","bathing":null,"year":"2025"},"geometry":{"type":"Point","coordinates":[-2.07114,50.63463]}},{"type":"Feature","properties":{"id":"WXW01099","name":"Sydling St Nicholas Pumping Station","co":"Wessex Water","spills":16,"hours":335.9,"cover":99.97869110107422,"water":"Tributary Of Sydling Water","bathing":null,"year":"2025"},"geometry":{"type":"Point","coordinates":[-2.52305,50.78859]}},{"type":"Feature","properties":{"id":"WXW01084","name":"Sturminster Newton WRC","co":"Wessex Water","spills":22,"hours":334.8,"cover":100,"water":"River Stour","bathing":null,"year":"2025"},"geometry":{"type":"Point","coordinates":[-2.28644,50.92493]}},{"type":"Feature","properties":{"id":"WXW01192","name":"Warminster WWTW","co":"Wessex Water","spills":18,"hours":238,"cover":100,"water":"River Wylye","bathing":null,"year":"2025"},"geometry":{"type":"Point","coordinates":[-2.18139,51.19211]}},{"type":"Feature","properties":{"id":"WXW00662","name":"Lulworth Beach Pumping Station","co":"Wessex Water","spills":7,"hours":1.4,"cover":100,"water":"English Channel(C)","bathing":"Lulworth Cove","year":"2025"},"geometry":{"type":"Point","coordinates":[-2.24985,50.617]}},{"type":"Feature","properties":{"id":"WXW00533","name":"High Street Sso","co":"Wessex Water","spills":7,"hours":10.1,"cover":100,"water":"River Avon Via Sw Sewer","bathing":null,"year":"2025"},"geometry":{"type":"Point","coordinates":[-1.78554,51.06381]}},{"type":"Feature","properties":{"id":"WXW00974","name":"Semley Water Recycling Centre","co":"Wessex Water","spills":17,"hours":39,"cover":99.84322357177734,"water":"Tributary Of River Sem","bathing":null,"year":"2025"},"geometry":{"type":"Point","coordinates":[-2.18055,51.04165]}},{"type":"Feature","properties":{"id":"WXW00881","name":"Potterne Way Pumping Station","co":"Wessex Water","spills":34,"hours":125.9,"cover":100,"water":"River Crane (S)","bathing":null,"year":"2025"},"geometry":{"type":"Point","coordinates":[-1.86139,50.86736]}},{"type":"Feature","properties":{"id":"WXW01083","name":"Sturminster Newton WRC","co":"Wessex Water","spills":26,"hours":85.1,"cover":99.9918212890625,"water":"River Stour","bathing":null,"year":"2025"},"geometry":{"type":"Point","coordinates":[-2.28644,50.92493]}},{"type":"Feature","properties":{"id":"WXW00617","name":"Langton Herring WRC","co":"Wessex Water","spills":38,"hours":27.9,"cover":99.99126434326172,"water":"Tributary Of West Fleet","bathing":null,"year":"2025"},"geometry":{"type":"Point","coordinates":[-2.55387,50.64322]}},{"type":"Feature","properties":{"id":"WXW00322","name":"Cooper Dean Combined Sewer Overflow","co":"Wessex Water","spills":12,"hours":29.5,"cover":97.74171447753906,"water":"River Stour Via Sws","bathing":null,"year":"2025"},"geometry":{"type":"Point","coordinates":[-1.8152,50.74369]}},{"type":"Feature","properties":{"id":"WXW01190","name":"Wareham Wastewater Treatment Works","co":"Wessex Water","spills":7,"hours":18.8,"cover":100,"water":"Tidal River Piddle","bathing":"Poole Harbour Rockley Sands","year":"2025"},"geometry":{"type":"Point","coordinates":[-2.09137,50.69736]}},{"type":"Feature","properties":{"id":"WXW00752","name":"Moor Lane Combined Sewer Overflow","co":"Wessex Water","spills":10,"hours":37.1,"cover":100,"water":"Trib Of River Cale Via Sws","bathing":null,"year":"2025"},"geometry":{"type":"Point","coordinates":[-2.41078,51.04954]}},{"type":"Feature","properties":{"id":"WXW00803","name":"North Newnton Pumping Station","co":"Wessex Water","spills":6,"hours":78.7,"cover":100,"water":"River Avon","bathing":null,"year":"2025"},"geometry":{"type":"Point","coordinates":[-1.80684,51.30988]}},{"type":"Feature","properties":{"id":"WXW01109","name":"Templecombe Combined Sewer Overflow","co":"Wessex Water","spills":16,"hours":15.7,"cover":100,"water":"Trib Of Bow Brook","bathing":null,"year":"2025"},"geometry":{"type":"Point","coordinates":[-2.41471,51.00206]}},{"type":"Feature","properties":{"id":"WXW00840","name":"Pardy's Hill PS","co":"Wessex Water","spills":8,"hours":23.5,"cover":99.9805908203125,"water":"Trib Of River Stour(S)","bathing":null,"year":"2025"},"geometry":{"type":"Point","coordinates":[-2.02547,50.77797]}},{"type":"Feature","properties":{"id":"WXW00531","name":"High Street CSO","co":"Wessex Water","spills":5,"hours":0.3,"cover":100,"water":"West Bay (Coastal)","bathing":null,"year":"2025"},"geometry":{"type":"Point","coordinates":[-2.44768,50.55826]}},{"type":"Feature","properties":{"id":"WXW00638","name":"Long Cross Pumping Station","co":"Wessex Water","spills":36,"hours":114.6,"cover":99.76042938232422,"water":"Key Brook To R Stour (S)","bathing":null,"year":"2025"},"geometry":{"type":"Point","coordinates":[-2.21588,51.00843]}},{"type":"Feature","properties":{"id":"WXW00400","name":"Ebblake Pumping Station","co":"Wessex Water","spills":6,"hours":39.7,"cover":99.45167541503906,"water":"(S) Ebblake Stream","bathing":null,"year":"2025"},"geometry":{"type":"Point","coordinates":[-1.84794,50.86964]}},{"type":"Feature","properties":{"id":"WXW00991","name":"Shore Road PS Overflow","co":"Wessex Water","spills":25,"hours":21.6,"cover":100,"water":"English Channel","bathing":"Poole Shore Road Beach","year":"2025"},"geometry":{"type":"Point","coordinates":[-1.92382,50.69146]}},{"type":"Feature","properties":{"id":"WXW00625","name":"Lee Lane Pumping Station","co":"Wessex Water","spills":15,"hours":66.9,"cover":100,"water":"River Asker","bathing":null,"year":"2025"},"geometry":{"type":"Point","coordinates":[-2.73707,50.74189]}},{"type":"Feature","properties":{"id":"WXW01116","name":"The Bridge PS","co":"Wessex Water","spills":12,"hours":89.4,"cover":95.58980560302734,"water":"The River Stour(S)","bathing":null,"year":"2025"},"geometry":{"type":"Point","coordinates":[-2.30583,50.92217]}},{"type":"Feature","properties":{"id":"WXW00570","name":"Hurdcott PS","co":"Wessex Water","spills":1,"hours":1.2,"cover":99.86681365966797,"water":"River Bourne(S)","bathing":null,"year":"2025"},"geometry":{"type":"Point","coordinates":[-1.75999,51.10298]}},{"type":"Feature","properties":{"id":"WXW00103","name":"Barford St Martin Pumping Station","co":"Wessex Water","spills":4,"hours":41.5,"cover":99.96458435058594,"water":"River Nadder","bathing":null,"year":"2025"},"geometry":{"type":"Point","coordinates":[-1.91994,51.0798]}},{"type":"Feature","properties":{"id":"WXW00281","name":"Church Knowle Animal Sanctuary PS","co":"Wessex Water","spills":9,"hours":36.3,"cover":100,"water":"A Tributary Of The Corfe River","bathing":null,"year":"2025"},"geometry":{"type":"Point","coordinates":[-2.08949,50.63391]}},{"type":"Feature","properties":{"id":"WXW00830","name":"Osmington Bay Holiday Centre PS","co":"Wessex Water","spills":15,"hours":27.8,"cover":99.95146179199219,"water":"English Channel","bathing":null,"year":"2025"},"geometry":{"type":"Point","coordinates":[-2.39702,50.63728]}},{"type":"Feature","properties":{"id":"WXW00905","name":"Queen Street CSO","co":"Wessex Water","spills":17,"hours":96.7,"cover":100,"water":"Shreen Water","bathing":null,"year":"2025"},"geometry":{"type":"Point","coordinates":[-2.27617,51.03897]}},{"type":"Feature","properties":{"id":"WXW00266","name":"Chickerell Boys Club CSO","co":"Wessex Water","spills":20,"hours":4.6,"cover":95.24923706054688,"water":"Weymouth Harbour(E)","bathing":null,"year":"2025"},"geometry":{"type":"Point","coordinates":[-2.45951,50.60737]}},{"type":"Feature","properties":{"id":"WXW01218","name":"West Bexington Pumping Station","co":"Wessex Water","spills":26,"hours":160.5,"cover":96.36624908447266,"water":"Chesil Beach","bathing":null,"year":"2025"},"geometry":{"type":"Point","coordinates":[-2.66726,50.67732]}},{"type":"Feature","properties":{"id":"WXW00783","name":"Netherbury Pumping Station","co":"Wessex Water","spills":52,"hours":588.4,"cover":99.12940979003906,"water":"River Brit","bathing":null,"year":"2025"},"geometry":{"type":"Point","coordinates":[-2.75018,50.79]}},{"type":"Feature","properties":{"id":"WXW00082","name":"Ameysford Road Pumping Station","co":"Wessex Water","spills":11,"hours":58.9,"cover":100,"water":"Tributary Of Uddens Water","bathing":null,"year":"2025"},"geometry":{"type":"Point","coordinates":[-1.90185,50.81861]}},{"type":"Feature","properties":{"id":"WXW00695","name":"Martinstown PS","co":"Wessex Water","spills":129,"hours":2029.6,"cover":100,"water":"The South Winterbourne(S)","bathing":null,"year":"2025"},"geometry":{"type":"Point","coordinates":[-2.49182,50.69726]}},{"type":"Feature","properties":{"id":"WXW00668","name":"Lytchett Minster STW","co":"Wessex Water","spills":13,"hours":162.8,"cover":100,"water":"Lytchett Bay(E)","bathing":"Poole Harbour Rockley Sands","year":"2025"},"geometry":{"type":"Point","coordinates":[-2.04599,50.7303]}},{"type":"Feature","properties":{"id":"WXW01224","name":"West Milton Water Recycling Centre","co":"Wessex Water","spills":23,"hours":89.5,"cover":100,"water":"Trib Of Mangerton River","bathing":null,"year":"2025"},"geometry":{"type":"Point","coordinates":[-2.71179,50.76384]}},{"type":"Feature","properties":{"id":"WXW00507","name":"Harman's Cross Pumping Station","co":"Wessex Water","spills":10,"hours":45.9,"cover":99.45585632324219,"water":"Unnamed Stream (S)","bathing":null,"year":"2025"},"geometry":{"type":"Point","coordinates":[-2.01393,50.61916]}},{"type":"Feature","properties":{"id":"WXW00321","name":"Coombe Pumping Station","co":"Wessex Water","spills":5,"hours":4.2,"cover":100,"water":"Studland Bay(C)","bathing":"Studland Knoll House","year":"2025"},"geometry":{"type":"Point","coordinates":[-1.95242,50.64469]}},{"type":"Feature","properties":{"id":"WXW00153","name":"Boscombe No.1 Pumping Station","co":"Wessex Water","spills":14,"hours":6.3,"cover":100,"water":"Poole Bay (C)","bathing":"Bournemouth Boscombe Pier","year":"2025"},"geometry":{"type":"Point","coordinates":[-1.83946,50.71356]}},{"type":"Feature","properties":{"id":"WXW00595","name":"Pumping Station At King Arms","co":"Wessex Water","spills":22,"hours":95.8,"cover":99.99410247802734,"water":"Tributary Of The River Frome","bathing":null,"year":"2025"},"geometry":{"type":"Point","coordinates":[-2.10906,50.67821]}},{"type":"Feature","properties":{"id":"WXW00877","name":"Portland Bill Storm Overflow","co":"Wessex Water","spills":3,"hours":0.2,"cover":99.9944076538086,"water":"English Channel(C)","bathing":null,"year":"2025"},"geometry":{"type":"Point","coordinates":[-2.45588,50.51337]}},{"type":"Feature","properties":{"id":"WXW00514","name":"Hayes Lane Pumping Station","co":"Wessex Water","spills":26,"hours":90.6,"cover":99.99201202392578,"water":"Trib Of River Stour","bathing":null,"year":"2025"},"geometry":{"type":"Point","coordinates":[-1.95191,50.79818]}},{"type":"Feature","properties":{"id":"WXW01307","name":"Not Applicable","co":"Wessex Water","spills":3,"hours":5.1,"cover":100,"water":"River Piddle","bathing":null,"year":"2025"},"geometry":{"type":"Point","coordinates":[-2.11244,50.68992]}},{"type":"Feature","properties":{"id":"WXW01022","name":"Southwell PS","co":"Wessex Water","spills":12,"hours":14.2,"cover":99.98859405517578,"water":"Freshwater Bay","bathing":null,"year":"2025"},"geometry":{"type":"Point","coordinates":[-2.43758,50.52786]}},{"type":"Feature","properties":{"id":"WXW00988","name":"Shipton Gorge Pumping Station","co":"Wessex Water","spills":4,"hours":15.3,"cover":99.80963134765625,"water":"Tributary Of The River Bride","bathing":null,"year":"2025"},"geometry":{"type":"Point","coordinates":[-2.71167,50.71766]}},{"type":"Feature","properties":{"id":"WXW00556","name":"Holt Sewage Treatment Works","co":"Wessex Water","spills":10,"hours":54,"cover":99.97830963134766,"water":"Tributary Of Uddens Water","bathing":null,"year":"2025"},"geometry":{"type":"Point","coordinates":[-1.95321,50.84064]}},{"type":"Feature","properties":{"id":"WXW00706","name":"Melcombe Avenue CSO","co":"Wessex Water","spills":13,"hours":4,"cover":99.80099487304688,"water":"Trib Of Weymouth Bay (Via Sws)","bathing":"Weymouth Lodmoor","year":"2025"},"geometry":{"type":"Point","coordinates":[-2.44531,50.62484]}},{"type":"Feature","properties":{"id":"WXW00576","name":"Not Applicable","co":"Wessex Water","spills":15,"hours":44.7,"cover":100,"water":"River Stour","bathing":"Christchurch Avon Beach; Christchurch Friar`s Cliff","year":"2025"},"geometry":{"type":"Point","coordinates":[-1.79745,50.73382]}},{"type":"Feature","properties":{"id":"WXW00793","name":"New Swanage Attenuation Tank","co":"Wessex Water","spills":4,"hours":8,"cover":100,"water":"Ulwell Stream","bathing":"Swanage Central","year":"2025"},"geometry":{"type":"Point","coordinates":[-1.95768,50.61645]}},{"type":"Feature","properties":{"id":"WXW00290","name":"Church Street Pumping Station","co":"Wessex Water","spills":10,"hours":12.5,"cover":99.96841430664062,"water":"Mill Stream","bathing":null,"year":"2025"},"geometry":{"type":"Point","coordinates":[-2.59971,50.66334]}},{"type":"Feature","properties":{"id":"WXW01077","name":"Stour Row Pumping Station","co":"Wessex Water","spills":19,"hours":110.8,"cover":100,"water":"Key Brook(S)","bathing":null,"year":"2025"},"geometry":{"type":"Point","coordinates":[-2.25681,50.98622]}},{"type":"Feature","properties":{"id":"WXW00179","name":"Bridport Water Recycling Centre PS","co":"Wessex Water","spills":8,"hours":26.3,"cover":99.94383239746094,"water":"Lyme Bay (C)","bathing":null,"year":"2025"},"geometry":{"type":"Point","coordinates":[-2.77235,50.69915]}},{"type":"Feature","properties":{"id":"WXW01259","name":"Wilcot Pumping Station","co":"Wessex Water","spills":1,"hours":19.1,"cover":99.93312072753906,"water":"Tributary Of The River Avon","bathing":null,"year":"2025"},"geometry":{"type":"Point","coordinates":[-1.79836,51.3453]}},{"type":"Feature","properties":{"id":"WXW01158","name":"Tuckton High Street CSO","co":"Wessex Water","spills":15,"hours":7.1,"cover":99.96955871582031,"water":"Tidal River Stour(E)","bathing":"Christchurch Avon Beach; Christchurch Friar`s Cliff","year":"2025"},"geometry":{"type":"Point","coordinates":[-1.79209,50.73003]}},{"type":"Feature","properties":{"id":"WXW01219","name":"West Bridge CSO","co":"Wessex Water","spills":11,"hours":6.8,"cover":99.3025131225586,"water":"River Brit","bathing":null,"year":"2025"},"geometry":{"type":"Point","coordinates":[-2.76272,50.73438]}},{"type":"Feature","properties":{"id":"WXW00667","name":"Lytchett Lane Pumping Station","co":"Wessex Water","spills":11,"hours":31,"cover":100,"water":"Tributary Of River Frome","bathing":null,"year":"2025"},"geometry":{"type":"Point","coordinates":[-2.22439,50.69095]}},{"type":"Feature","properties":{"id":"WXW00968","name":"Seatown Pumping Station","co":"Wessex Water","spills":6,"hours":22.2,"cover":99.99848175048828,"water":"Winniford (S)","bathing":"Seatown","year":"2025"},"geometry":{"type":"Point","coordinates":[-2.8219,50.72273]}},{"type":"Feature","properties":{"id":"WXW00724","name":"Milborne St Andrew PS","co":"Wessex Water","spills":1,"hours":0.1,"cover":99.92398834228516,"water":"Tributary Of Bere Stream","bathing":null,"year":"2025"},"geometry":{"type":"Point","coordinates":[-2.28258,50.77205]}},{"type":"Feature","properties":{"id":"WXW00994","name":"Shroton Pumping Station","co":"Wessex Water","spills":1,"hours":4.4,"cover":99.99163055419922,"water":"River Iwerne","bathing":null,"year":"2025"},"geometry":{"type":"Point","coordinates":[-2.19884,50.91032]}},{"type":"Feature","properties":{"id":"WXW01043","name":"St Leonards Forest Edge Drive PS","co":"Wessex Water","spills":7,"hours":36.8,"cover":99.4254150390625,"water":"Trib. The Moors River Via Sws","bathing":null,"year":"2025"},"geometry":{"type":"Point","coordinates":[-1.84709,50.84156]}},{"type":"Feature","properties":{"id":"WXW00497","name":"Hams Path Combined Sewer Overflow","co":"Wessex Water","spills":12,"hours":11.2,"cover":100,"water":"River Brit(S)","bathing":null,"year":"2025"},"geometry":{"type":"Point","coordinates":[-2.73944,50.80689]}},{"type":"Feature","properties":{"id":"WXW01222","name":"West Lulworth Pumping Station","co":"Wessex Water","spills":8,"hours":17.2,"cover":100,"water":"English Channel(C)","bathing":"Lulworth Cove","year":"2025"},"geometry":{"type":"Point","coordinates":[-2.24985,50.617]}},{"type":"Feature","properties":{"id":"WXW00575","name":"Iford Bridge Sewage Pumping Station","co":"Wessex Water","spills":2,"hours":0.8,"cover":100,"water":"River Stour(S)","bathing":"Christchurch Avon Beach; Christchurch Friar`s Cliff","year":"2025"},"geometry":{"type":"Point","coordinates":[-1.79363,50.7321]}},{"type":"Feature","properties":{"id":"WXW00243","name":"Chafey's Lake CSO","co":"Wessex Water","spills":14,"hours":32.6,"cover":96.0936050415039,"water":"Tributary Of The River Wey","bathing":null,"year":"2025"},"geometry":{"type":"Point","coordinates":[-2.48154,50.61915]}},{"type":"Feature","properties":{"id":"WXW00390","name":"East Chaldon Pumping Station","co":"Wessex Water","spills":10,"hours":50.4,"cover":99.89945983886719,"water":"A Tributary Of The River Win","bathing":null,"year":"2025"},"geometry":{"type":"Point","coordinates":[-2.29161,50.65054]}},{"type":"Feature","properties":{"id":"WXW00466","name":"Glebe Road Pumping Station","co":"Wessex Water","spills":1,"hours":0.1,"cover":88.28897094726562,"water":"Trib Of Sherford River","bathing":null,"year":"2025"},"geometry":{"type":"Point","coordinates":[-2.07777,50.74776]}},{"type":"Feature","properties":{"id":"WXW00063","name":"Admiral Hardy CSO","co":"Wessex Water","spills":6,"hours":9.4,"cover":88.08676147460938,"water":"Weymouth Harbour(E)","bathing":"Weymouth Central","year":"2025"},"geometry":{"type":"Point","coordinates":[-2.45951,50.60737]}},{"type":"Feature","properties":{"id":"WXW00336","name":"Craigside Pumping Station","co":"Wessex Water","spills":20,"hours":76.3,"cover":99.92085266113281,"water":"Trib Of Moors River","bathing":null,"year":"2025"},"geometry":{"type":"Point","coordinates":[-1.85032,50.83078]}},{"type":"Feature","properties":{"id":"WXW01241","name":"Weston Street Combined Sewer Of","co":"Wessex Water","spills":8,"hours":6.7,"cover":99.93036651611328,"water":"Groundwater Via Infilt System","bathing":null,"year":"2025"},"geometry":{"type":"Point","coordinates":[-2.44565,50.53685]}},{"type":"Feature","properties":{"id":"WXW00865","name":"Poole (Branksome Chine) Sewage Pump","co":"Wessex Water","spills":9,"hours":29,"cover":99.89269256591797,"water":"English Channel","bathing":null,"year":"2025"},"geometry":{"type":"Point","coordinates":[-1.90534,50.7041]}},{"type":"Feature","properties":{"id":"WXW00155","name":"Bournemouth No 1 Pumping Station","co":"Wessex Water","spills":11,"hours":31.2,"cover":100,"water":"Poole Bay (C)","bathing":"Bournemouth Pier","year":"2025"},"geometry":{"type":"Point","coordinates":[-1.87106,50.71144]}},{"type":"Feature","properties":{"id":"WXW00926","name":"Red Lane Pumping Station","co":"Wessex Water","spills":6,"hours":16.2,"cover":100,"water":"Trib Of Corfe River (S)","bathing":null,"year":"2025"},"geometry":{"type":"Point","coordinates":[-2.05127,50.63488]}},{"type":"Feature","properties":{"id":"WXW00672","name":"Maiden Bradley CSO","co":"Wessex Water","spills":12,"hours":2.5,"cover":88.92770385742188,"water":"Tributary Of River Wylye","bathing":null,"year":"2025"},"geometry":{"type":"Point","coordinates":[-2.27707,51.14621]}},{"type":"Feature","properties":{"id":"WXW00460","name":"George Street CSO","co":"Wessex Water","spills":3,"hours":0.9,"cover":100,"water":"The Were","bathing":null,"year":"2025"},"geometry":{"type":"Point","coordinates":[-2.18412,51.20561]}},{"type":"Feature","properties":{"id":"WXW00543","name":"Hinchcliffe Road CSO","co":"Wessex Water","spills":8,"hours":21.8,"cover":100,"water":"Holes Bay Estuarine","bathing":null,"year":"2025"},"geometry":{"type":"Point","coordinates":[-2.0044,50.7177]}},{"type":"Feature","properties":{"id":"WXW00171","name":"Briantspuddle Sewage","co":"Wessex Water","spills":1,"hours":6.8,"cover":100,"water":"Tributary Of River Piddle (S)","bathing":null,"year":"2025"},"geometry":{"type":"Point","coordinates":[-2.25545,50.7383]}},{"type":"Feature","properties":{"id":"WXW01124","name":"The Marsh Combined Sewer Overflow","co":"Wessex Water","spills":10,"hours":15.7,"cover":100,"water":"Weymouth Harbour(E)","bathing":"Weymouth Central","year":"2025"},"geometry":{"type":"Point","coordinates":[-2.45951,50.60737]}},{"type":"Feature","properties":{"id":"WXW00272","name":"Child Okeford PS","co":"Wessex Water","spills":4,"hours":15.2,"cover":99.93685150146484,"water":"Trib Of River Stour(S)","bathing":null,"year":"2025"},"geometry":{"type":"Point","coordinates":[-2.24607,50.92114]}},{"type":"Feature","properties":{"id":"WXW00689","name":"Marnhull Reedbeds WRC","co":"Wessex Water","spills":14,"hours":147.2,"cover":100,"water":"River Stour","bathing":null,"year":"2025"},"geometry":{"type":"Point","coordinates":[-2.29566,50.95691]}},{"type":"Feature","properties":{"id":"WXW00385","name":"Duncan Crescent Pumping Station","co":"Wessex Water","spills":0,"hours":0,"cover":100,"water":"Tributary Of The River Frome","bathing":null,"year":"2025"},"geometry":{"type":"Point","coordinates":[-2.22828,50.69982]}},{"type":"Feature","properties":{"id":"WXW01189","name":"Wareham Combined Sewer Overflow","co":"Wessex Water","spills":6,"hours":7.7,"cover":99.98279571533203,"water":"River Frome (Estuarine)","bathing":null,"year":"2025"},"geometry":{"type":"Point","coordinates":[-2.11038,50.6841]}},{"type":"Feature","properties":{"id":"WXW00213","name":"Burton Bradstock","co":"Wessex Water","spills":4,"hours":7.7,"cover":100,"water":"River Bride(S)","bathing":null,"year":"2025"},"geometry":{"type":"Point","coordinates":[-2.72442,50.70404]}},{"type":"Feature","properties":{"id":"WXW01161","name":"Turlin Main Pumping Station","co":"Wessex Water","spills":10,"hours":29,"cover":100,"water":"Lytchett Bay","bathing":"Poole Harbour Rockley Sands","year":"2025"},"geometry":{"type":"Point","coordinates":[-2.02464,50.72941]}},{"type":"Feature","properties":{"id":"WXW00339","name":"Cranford Avenue CSO","co":"Wessex Water","spills":17,"hours":4.9,"cover":95.90373229980469,"water":"Trib Of Weymouth Bay (Via Sws)","bathing":"Weymouth Lodmoor","year":"2025"},"geometry":{"type":"Point","coordinates":[-2.44531,50.62484]}},{"type":"Feature","properties":{"id":"WXW00920","name":"Rear Doncaster Road","co":"Wessex Water","spills":11,"hours":3.8,"cover":99.90315246582031,"water":"Portland Harbour (C)","bathing":"Portland Harbour Castle Cove; Portland Harbour Sandsfoot Castle","year":"2025"},"geometry":{"type":"Point","coordinates":[-2.46572,50.59188]}},{"type":"Feature","properties":{"id":"WXW01002","name":"Small Street PS","co":"Wessex Water","spills":10,"hours":122.4,"cover":99.97412109375,"water":"Unnamed Watercourse(S)","bathing":null,"year":"2025"},"geometry":{"type":"Point","coordinates":[-1.89291,51.3144]}},{"type":"Feature","properties":{"id":"WXW00837","name":"Palmersford Water Recycling Centre","co":"Wessex Water","spills":2,"hours":25.5,"cover":100,"water":"River Stour","bathing":"Christchurch Avon Beach; Christchurch Friar`s Cliff","year":"2025"},"geometry":{"type":"Point","coordinates":[-1.85216,50.77374]}},{"type":"Feature","properties":{"id":"WXW01198","name":"Watery Lane Pumping Station","co":"Wessex Water","spills":0,"hours":0,"cover":100,"water":"Tributary Of Studland Bay","bathing":null,"year":"2025"},"geometry":{"type":"Point","coordinates":[-1.94661,50.6417]}},{"type":"Feature","properties":{"id":"WXW00618","name":"Langton Road Pumping Station","co":"Wessex Water","spills":2,"hours":0.1,"cover":100,"water":"River Stour(S)","bathing":null,"year":"2025"},"geometry":{"type":"Point","coordinates":[-2.16062,50.85511]}},{"type":"Feature","properties":{"id":"WXW01012","name":"South East Pumping Station","co":"Wessex Water","spills":10,"hours":16.8,"cover":99.98292541503906,"water":"River Frome (Estuarine)","bathing":null,"year":"2025"},"geometry":{"type":"Point","coordinates":[-2.10511,50.68476]}},{"type":"Feature","properties":{"id":"WXW01263","name":"Wiltshire Gardens PS","co":"Wessex Water","spills":7,"hours":14.2,"cover":100,"water":"Clockhouse Stream(S)","bathing":null,"year":"2025"},"geometry":{"type":"Point","coordinates":[-1.74932,50.7795]}},{"type":"Feature","properties":{"id":"WXW01178","name":"Victoria Square Portland","co":"Wessex Water","spills":5,"hours":1.2,"cover":100,"water":"Portland Harbour","bathing":"Portland Harbour Castle Cove; Portland Harbour Sandsfoot Castle","year":"2025"},"geometry":{"type":"Point","coordinates":[-2.44601,50.56947]}},{"type":"Feature","properties":{"id":"WXW00587","name":"Kennart Road Pumping Station","co":"Wessex Water","spills":6,"hours":21.8,"cover":100,"water":"Holes Bay Via Sws (Estuarine)","bathing":null,"year":"2025"},"geometry":{"type":"Point","coordinates":[-1.99614,50.73772]}},{"type":"Feature","properties":{"id":"WXW00416","name":"Fairview Pumping Station","co":"Wessex Water","spills":4,"hours":9.5,"cover":100,"water":"Trib Of River Stour(S)","bathing":null,"year":"2025"},"geometry":{"type":"Point","coordinates":[-1.99427,50.76709]}},{"type":"Feature","properties":{"id":"WXW01179","name":"Wadmore Lane Pumping Station","co":"Wessex Water","spills":4,"hours":9.2,"cover":99.84475708007812,"water":"Tributary Of Little Sea","bathing":null,"year":"2025"},"geometry":{"type":"Point","coordinates":[-1.95921,50.64838]}},{"type":"Feature","properties":{"id":"WXW01101","name":"Talbot Cottage CSO","co":"Wessex Water","spills":1,"hours":0,"cover":100,"water":"Shreen Water","bathing":null,"year":"2025"},"geometry":{"type":"Point","coordinates":[-2.26509,51.09141]}},{"type":"Feature","properties":{"id":"WXW00517","name":"Hazzards Hill CSO","co":"Wessex Water","spills":1,"hours":0.1,"cover":100,"water":"Shreen Water","bathing":null,"year":"2025"},"geometry":{"type":"Point","coordinates":[-2.26497,51.09126]}},{"type":"Feature","properties":{"id":"WXW00644","name":"Longcroft Road CSO","co":"Wessex Water","spills":1,"hours":0.2,"cover":61.64346694946289,"water":"Weymouth Harbour(E)","bathing":null,"year":"2025"},"geometry":{"type":"Point","coordinates":[-2.45951,50.60737]}},{"type":"Feature","properties":{"id":"WXW00229","name":"Canford Main Pumping Station","co":"Wessex Water","spills":4,"hours":12.7,"cover":100,"water":"Trib River Stour (S)","bathing":null,"year":"2025"},"geometry":{"type":"Point","coordinates":[-1.97015,50.79056]}},{"type":"Feature","properties":{"id":"WXW00326","name":"Coronation Crescent CSO","co":"Wessex Water","spills":14,"hours":3.1,"cover":100,"water":"Radipole Lake Via Sws","bathing":null,"year":"2025"},"geometry":{"type":"Point","coordinates":[-2.46494,50.62749]}},{"type":"Feature","properties":{"id":"WXW00532","name":"High Street Pumping Station","co":"Wessex Water","spills":3,"hours":23.4,"cover":99.89038848876953,"water":"Tributary Of The River Avon","bathing":null,"year":"2025"},"geometry":{"type":"Point","coordinates":[-1.87713,51.31793]}},{"type":"Feature","properties":{"id":"WXW00116","name":"Bayford Pumping Station","co":"Wessex Water","spills":3,"hours":3.5,"cover":100,"water":"Tributary Of The River Cale","bathing":null,"year":"2025"},"geometry":{"type":"Point","coordinates":[-2.39399,51.05836]}},{"type":"Feature","properties":{"id":"WXW00928","name":"Ringstead STW","co":"Wessex Water","spills":1,"hours":5.9,"cover":99.88603210449219,"water":"Unnamed Stream(S)","bathing":"Ringstead Bay","year":"2025"},"geometry":{"type":"Point","coordinates":[-2.35249,50.63333]}},{"type":"Feature","properties":{"id":"WXW01094","name":"Swan Pumping Station","co":"Wessex Water","spills":6,"hours":1.9,"cover":100,"water":"River Avon (S)","bathing":null,"year":"2025"},"geometry":{"type":"Point","coordinates":[-1.76524,51.33642]}},{"type":"Feature","properties":{"id":"WXW00389","name":"East Burton Cross Road PS","co":"Wessex Water","spills":6,"hours":29.5,"cover":100,"water":"River Win","bathing":null,"year":"2025"},"geometry":{"type":"Point","coordinates":[-2.23968,50.68217]}},{"type":"Feature","properties":{"id":"WXW00955","name":"Sandbanks Pavilion Pumping Station","co":"Wessex Water","spills":2,"hours":1.2,"cover":100,"water":"Poole Harbour","bathing":null,"year":"2025"},"geometry":{"type":"Point","coordinates":[-1.9396,50.6894]}},{"type":"Feature","properties":{"id":"WXW00415","name":"Fairfield Sewage Pumping Station","co":"Wessex Water","spills":4,"hours":4.4,"cover":100,"water":"Trib Of The River Wey","bathing":null,"year":"2025"},"geometry":{"type":"Point","coordinates":[-2.49741,50.62309]}},{"type":"Feature","properties":{"id":"WXW00869","name":"Poole Park CSO","co":"Wessex Water","spills":6,"hours":10.2,"cover":100,"water":"Poole Park Boating Lake","bathing":null,"year":"2025"},"geometry":{"type":"Point","coordinates":[-1.96555,50.71851]}},{"type":"Feature","properties":{"id":"WXW01165","name":"Ullswater Crescent CSO","co":"Wessex Water","spills":8,"hours":1.5,"cover":100,"water":"Radipole Lake Via Sws","bathing":null,"year":"2025"},"geometry":{"type":"Point","coordinates":[-2.46494,50.62749]}},{"type":"Feature","properties":{"id":"WXW00459","name":"Gaunts Common STW","co":"Wessex Water","spills":8,"hours":20,"cover":99.89497375488281,"water":"Tributary Of Uddens Water","bathing":null,"year":"2025"},"geometry":{"type":"Point","coordinates":[-1.96443,50.84379]}},{"type":"Feature","properties":{"id":"WXW00404","name":"Egmont Road PS","co":"Wessex Water","spills":4,"hours":20.4,"cover":100,"water":"Lytchett Bay (Sws) Estuarine","bathing":"Poole Harbour Rockley Sands","year":"2025"},"geometry":{"type":"Point","coordinates":[-2.03469,50.72521]}},{"type":"Feature","properties":{"id":"WXW01177","name":"Victoria Road CSO","co":"Wessex Water","spills":5,"hours":0.9,"cover":99.95700073242188,"water":"The Mill Stream Via Sws","bathing":null,"year":"2025"},"geometry":{"type":"Point","coordinates":[-2.4327,50.71572]}},{"type":"Feature","properties":{"id":"WXW00847","name":"Patney Weir Pumping Station","co":"Wessex Water","spills":4,"hours":22.1,"cover":99.98887634277344,"water":"River Avon (S)","bathing":null,"year":"2025"},"geometry":{"type":"Point","coordinates":[-1.89633,51.32321]}},{"type":"Feature","properties":{"id":"WXW00792","name":"New Road CSO","co":"Wessex Water","spills":2,"hours":0.1,"cover":90.61073303222656,"water":"Tributary Of Fern Brook","bathing":null,"year":"2025"},"geometry":{"type":"Point","coordinates":[-2.20438,51.00956]}},{"type":"Feature","properties":{"id":"WXW00528","name":"Herston Cross Attenuation Tank CSO","co":"Wessex Water","spills":6,"hours":10,"cover":100,"water":"Trib Of River Swan(S)","bathing":"Swanage Central","year":"2025"},"geometry":{"type":"Point","coordinates":[-1.9769,50.61151]}},{"type":"Feature","properties":{"id":"WXW00477","name":"Grasmere Road CSO","co":"Wessex Water","spills":0,"hours":0,"cover":99.98744201660156,"water":"Radipole Lake","bathing":null,"year":"2025"},"geometry":{"type":"Point","coordinates":[-2.46601,50.62721]}},{"type":"Feature","properties":{"id":"WXW00854","name":"Pennington Copse Pumping Station","co":"Wessex Water","spills":3,"hours":9.2,"cover":100,"water":"Trib Of Uddens Water","bathing":null,"year":"2025"},"geometry":{"type":"Point","coordinates":[-1.891,50.82081]}},{"type":"Feature","properties":{"id":"WXW00351","name":"CSO At Princes Bridge","co":"Wessex Water","spills":3,"hours":24.5,"cover":100,"water":"(S) Mill Stream","bathing":null,"year":"2025"},"geometry":{"type":"Point","coordinates":[-2.42614,50.71415]}},{"type":"Feature","properties":{"id":"WXW01223","name":"West Mill Crescent Pumping Station","co":"Wessex Water","spills":0,"hours":0,"cover":100,"water":"Trib Of River Piddle","bathing":null,"year":"2025"},"geometry":{"type":"Point","coordinates":[-2.12005,50.69088]}},{"type":"Feature","properties":{"id":"WXW01200","name":"Wayside Road Pumping Station","co":"Wessex Water","spills":5,"hours":21.2,"cover":100,"water":"Tributary Of Moors River","bathing":null,"year":"2025"},"geometry":{"type":"Point","coordinates":[-1.84566,50.81922]}},{"type":"Feature","properties":{"id":"WXW00388","name":"East Bridge Combined Sewer Overflow","co":"Wessex Water","spills":2,"hours":0.3,"cover":100,"water":"River Asker(S)","bathing":null,"year":"2025"},"geometry":{"type":"Point","coordinates":[-2.75159,50.73285]}},{"type":"Feature","properties":{"id":"WXW00215","name":"Burton Southover PS","co":"Wessex Water","spills":0,"hours":0,"cover":100,"water":"River Bride (S)","bathing":"Hive","year":"2025"},"geometry":{"type":"Point","coordinates":[-2.73076,50.70158]}},{"type":"Feature","properties":{"id":"WXW01153","name":"Trickett's Cross Pumping Station","co":"Wessex Water","spills":3,"hours":15.6,"cover":100,"water":"Uddens Water","bathing":null,"year":"2025"},"geometry":{"type":"Point","coordinates":[-1.87183,50.81257]}},{"type":"Feature","properties":{"id":"WXW00087","name":"Ashley Road Combined Sewer Overflow","co":"Wessex Water","spills":1,"hours":0.5,"cover":99.7473373413086,"water":"Trib Of River Stour(S)","bathing":null,"year":"2025"},"geometry":{"type":"Point","coordinates":[-1.81523,50.74377]}},{"type":"Feature","properties":{"id":"WXW00712","name":"Mere Combined Sewer Overflow","co":"Wessex Water","spills":39,"hours":52.2,"cover":100,"water":"Shreen Water","bathing":null,"year":"2025"},"geometry":{"type":"Point","coordinates":[-2.26533,51.08541]}},{"type":"Feature","properties":{"id":"WXW00472","name":"New Rd PS Formerly Golf Links Rd PS","co":"Wessex Water","spills":4,"hours":4.4,"cover":100,"water":"Tributary Of The Moors River","bathing":null,"year":"2025"},"geometry":{"type":"Point","coordinates":[-1.88245,50.79939]}},{"type":"Feature","properties":{"id":"WXW00771","name":"Upton French's Farm Pumping Station","co":"Wessex Water","spills":0,"hours":0,"cover":100,"water":"Tributary Of Rock Lea River","bathing":null,"year":"2025"},"geometry":{"type":"Point","coordinates":[-2.04605,50.73798]}},{"type":"Feature","properties":{"id":"WXW01063","name":"Stoborough Ridge Pumping Station","co":"Wessex Water","spills":3,"hours":8.3,"cover":99.8946304321289,"water":"Tributary Of River Frome","bathing":null,"year":"2025"},"geometry":{"type":"Point","coordinates":[-2.08968,50.67933]}},{"type":"Feature","properties":{"id":"WXW00878","name":"Portland Railway Gravity Sewer","co":"Wessex Water","spills":7,"hours":0.9,"cover":90.00532531738281,"water":"Lyme Bay (C)","bathing":null,"year":"2025"},"geometry":{"type":"Point","coordinates":[-2.41491,50.54971]}},{"type":"Feature","properties":{"id":"WXW00158","name":"Bovington Terminal Pumping Station","co":"Wessex Water","spills":3,"hours":15,"cover":100,"water":"A Tributary Of The River Frome","bathing":null,"year":"2025"},"geometry":{"type":"Point","coordinates":[-2.23555,50.6914]}},{"type":"Feature","properties":{"id":"WXW00557","name":"Holton Heath Ww Pumping Station","co":"Wessex Water","spills":6,"hours":14.3,"cover":99.9688949584961,"water":"Trib Of Poole Harbour","bathing":"Poole Harbour Rockley Sands","year":"2025"},"geometry":{"type":"Point","coordinates":[-2.06974,50.71523]}},{"type":"Feature","properties":{"id":"WXW00201","name":"Brook Road Pumping Station","co":"Wessex Water","spills":2,"hours":6.5,"cover":99.9923095703125,"water":"Tributary Of The River Stour","bathing":null,"year":"2025"},"geometry":{"type":"Point","coordinates":[-1.96835,50.79872]}},{"type":"Feature","properties":{"id":"WXW00866","name":"Poole Bridge Pumping Station","co":"Wessex Water","spills":1,"hours":1.3,"cover":100,"water":"Backwater Channel,Poole Harb.","bathing":null,"year":"2025"},"geometry":{"type":"Point","coordinates":[-1.99243,50.71295]}},{"type":"Feature","properties":{"id":"WXW01299","name":"Glanvilles Wootton Water Recycling","co":"Wessex Water","spills":3,"hours":3.4,"cover":99.77630615234375,"water":"Trib Of Caundle Brook","bathing":null,"year":"2025"},"geometry":{"type":"Point","coordinates":[-2.46584,50.87927]}},{"type":"Feature","properties":{"id":"WXW00156","name":"Bournemouth Road Pumping Station","co":"Wessex Water","spills":0,"hours":0,"cover":99.97550201416016,"water":"The River Stour","bathing":null,"year":"2025"},"geometry":{"type":"Point","coordinates":[-2.16595,50.85307]}},{"type":"Feature","properties":{"id":"WXW01000","name":"Slades Hill PS","co":"Wessex Water","spills":0,"hours":0,"cover":100,"water":"Bow Brook(S)","bathing":null,"year":"2025"},"geometry":{"type":"Point","coordinates":[-2.41968,51.00563]}},{"type":"Feature","properties":{"id":"WXW01240","name":"Weston Road CSO","co":"Wessex Water","spills":3,"hours":0.9,"cover":100,"water":"Weymouth Harbour(E)","bathing":null,"year":"2025"},"geometry":{"type":"Point","coordinates":[-2.45951,50.60737]}},{"type":"Feature","properties":{"id":"WXW00529","name":"Hewitt Road Pumping Station","co":"Wessex Water","spills":0,"hours":0,"cover":100,"water":"Holes Bay (Via Sws) Estuarine","bathing":null,"year":"2025"},"geometry":{"type":"Point","coordinates":[-2.01259,50.72589]}},{"type":"Feature","properties":{"id":"WXW01129","name":"The Street CSO, Charmouth","co":"Wessex Water","spills":0,"hours":0,"cover":94.30669403076172,"water":"River Char(S)","bathing":"Charmouth West","year":"2025"},"geometry":{"type":"Point","coordinates":[-2.89716,50.73935]}},{"type":"Feature","properties":{"id":"WXW00233","name":"Castle Cove Pumping Station","co":"Wessex Water","spills":2,"hours":0.8,"cover":100,"water":"Portland Harbour","bathing":"Portland Harbour Castle Cove; Portland Harbour Sandsfoot Castle","year":"2025"},"geometry":{"type":"Point","coordinates":[-2.45794,50.59665]}},{"type":"Feature","properties":{"id":"WXW00143","name":"Blackheath WWTW","co":"Wessex Water","spills":0,"hours":0,"cover":100,"water":"Sherford River","bathing":null,"year":"2025"},"geometry":{"type":"Point","coordinates":[-2.12983,50.73292]}},{"type":"Feature","properties":{"id":"WXW00310","name":"College Street CSO","co":"Wessex Water","spills":4,"hours":0.4,"cover":100,"water":"River Avon Via Sws","bathing":null,"year":"2025"},"geometry":{"type":"Point","coordinates":[-1.78546,51.06382]}},{"type":"Feature","properties":{"id":"WXW00506","name":"Not Applicable","co":"Wessex Water","spills":2,"hours":1.6,"cover":100,"water":"Holes Bay Estuarine","bathing":null,"year":"2025"},"geometry":{"type":"Point","coordinates":[-2.00362,50.72374]}},{"type":"Feature","properties":{"id":"WXW00688","name":"Marlow Road Combined Sewer Overflow","co":"Wessex Water","spills":0,"hours":0,"cover":100,"water":"Weymouth Harbour Via Sws (E)","bathing":null,"year":"2025"},"geometry":{"type":"Point","coordinates":[-2.45273,50.60642]}},{"type":"Feature","properties":{"id":"WXW01016","name":"South Street CSO","co":"Wessex Water","spills":58,"hours":314.7,"cover":94.07344055175781,"water":"River Brit","bathing":null,"year":"2025"},"geometry":{"type":"Point","coordinates":[-2.76006,50.72765]}},{"type":"Feature","properties":{"id":"WXW00412","name":"Evershot Combined Sewer Overflow","co":"Wessex Water","spills":76,"hours":144.8,"cover":100,"water":"River Frome","bathing":null,"year":"2025"},"geometry":{"type":"Point","coordinates":[-2.60315,50.83958]}},{"type":"Feature","properties":{"id":"WXW01092","name":"Sutton Waldron Pumping Station","co":"Wessex Water","spills":1,"hours":3,"cover":99.98495483398438,"water":"Tributary Of Fontmell Brook","bathing":null,"year":"2025"},"geometry":{"type":"Point","coordinates":[-2.19449,50.93662]}},{"type":"Feature","properties":{"id":"WXW00180","name":"Bridport West Street CSO","co":"Wessex Water","spills":40,"hours":65.1,"cover":89.73782348632812,"water":"River Brit","bathing":null,"year":"2025"},"geometry":{"type":"Point","coordinates":[-2.76201,50.73429]}},{"type":"Feature","properties":{"id":"WXW00081","name":"Amesbury STW","co":"Wessex Water","spills":1,"hours":2.1,"cover":100,"water":"Hampshire Avon (S)","bathing":null,"year":"2025"},"geometry":{"type":"Point","coordinates":[-1.78448,51.16631]}},{"type":"Feature","properties":{"id":"WXW00540","name":"Hillcrest Road Pumpimg Station","co":"Wessex Water","spills":1,"hours":0.6,"cover":100,"water":"Portland Harbour","bathing":"Portland Harbour Castle Cove; Portland Harbour Sandsfoot Castle","year":"2025"},"geometry":{"type":"Point","coordinates":[-2.46217,50.59294]}},{"type":"Feature","properties":{"id":"WXW00937","name":"Rodwell Avenue CSO","co":"Wessex Water","spills":44,"hours":33.6,"cover":98.28610229492188,"water":"Weymouth Harbour Via Sws (E)","bathing":null,"year":"2025"},"geometry":{"type":"Point","coordinates":[-2.45272,50.60641]}},{"type":"Feature","properties":{"id":"WXW00350","name":"CSO At 97 High Street","co":"Wessex Water","spills":1,"hours":0.3,"cover":100,"water":"(S) Mill Stream","bathing":null,"year":"2025"},"geometry":{"type":"Point","coordinates":[-2.42557,50.71379]}},{"type":"Feature","properties":{"id":"WXW00769","name":"Not Applicable","co":"Wessex Water","spills":4,"hours":1.6,"cover":100,"water":"River Stour","bathing":"Christchurch Avon Beach; Christchurch Friar`s Cliff","year":"2025"},"geometry":{"type":"Point","coordinates":[-1.81237,50.74244]}},{"type":"Feature","properties":{"id":"WXW01113","name":"Thames Close Pumping Station","co":"Wessex Water","spills":0,"hours":0,"cover":99.90715026855469,"water":"Trib Of Moors River (S)","bathing":null,"year":"2025"},"geometry":{"type":"Point","coordinates":[-1.86752,50.80964]}},{"type":"Feature","properties":{"id":"WXW00610","name":"Lake Pleasure Gardens CSO","co":"Wessex Water","spills":45,"hours":55,"cover":100,"water":"River Wyle Via The Were (Sws)","bathing":null,"year":"2025"},"geometry":{"type":"Point","coordinates":[-2.18247,51.20289]}},{"type":"Feature","properties":{"id":"WXW00068","name":"Aldridge Road Pumping Station","co":"Wessex Water","spills":0,"hours":0,"cover":100,"water":"(S) Trib Of Moors River","bathing":null,"year":"2025"},"geometry":{"type":"Point","coordinates":[-1.8819,50.79383]}},{"type":"Feature","properties":{"id":"WXW00431","name":"Fishweir Fields PS","co":"Wessex Water","spills":3,"hours":11.9,"cover":100,"water":"River Asker Via Sws","bathing":null,"year":"2025"},"geometry":{"type":"Point","coordinates":[-2.73986,50.74104]}},{"type":"Feature","properties":{"id":"WXW00429","name":"Fisherman's Walk Overflow","co":"Wessex Water","spills":1,"hours":0.7,"cover":98.7332534790039,"water":"English Channel","bathing":"Bournemouth Fisherman`s Walk","year":"2025"},"geometry":{"type":"Point","coordinates":[-1.819,50.71573]}},{"type":"Feature","properties":{"id":"WXW00938","name":"Roman Road Combined Sewer Overflow","co":"Wessex Water","spills":38,"hours":26.9,"cover":100,"water":"Radipole Lake (S)","bathing":null,"year":"2025"},"geometry":{"type":"Point","coordinates":[-2.46494,50.62749]}},{"type":"Feature","properties":{"id":"WXW00896","name":"Pumping Station At Magna Road","co":"Wessex Water","spills":0,"hours":0,"cover":100,"water":"Knighton Stream(Trib.R.Stour)","bathing":null,"year":"2025"},"geometry":{"type":"Point","coordinates":[-1.93726,50.774]}},{"type":"Feature","properties":{"id":"WXW01032","name":"Spring Road Combined Sewer Overflow","co":"Wessex Water","spills":0,"hours":0,"cover":99.95504760742188,"water":"Weymouth Harbour(E) - Cove Row","bathing":null,"year":"2025"},"geometry":{"type":"Point","coordinates":[-2.45272,50.60641]}},{"type":"Feature","properties":{"id":"WXW00437","name":"Fordingbridge CSO","co":"Wessex Water","spills":31,"hours":25.6,"cover":100,"water":"River Avon(S)","bathing":"River Avon at Fordingbridge","year":"2025"},"geometry":{"type":"Point","coordinates":[-1.78793,50.92849]}},{"type":"Feature","properties":{"id":"WXW00574","name":"Idmiston Pumping Station","co":"Wessex Water","spills":1,"hours":0,"cover":99.97032165527344,"water":"River Bourne (S)","bathing":null,"year":"2025"},"geometry":{"type":"Point","coordinates":[-1.72042,51.13714]}},{"type":"Feature","properties":{"id":"WXW00951","name":"Salisbury Road Pumping Station","co":"Wessex Water","spills":0,"hours":0,"cover":100,"water":"River Avon","bathing":null,"year":"2025"},"geometry":{"type":"Point","coordinates":[-1.778,51.33307]}},{"type":"Feature","properties":{"id":"WXW00852","name":"Pen Mill Pumping Station","co":"Wessex Water","spills":0,"hours":0,"cover":100,"water":"River Stour","bathing":null,"year":"2025"},"geometry":{"type":"Point","coordinates":[-2.32752,51.08116]}},{"type":"Feature","properties":{"id":"WXW00253","name":"Charlton Musgrove STW","co":"Wessex Water","spills":59,"hours":939.1,"cover":99.91587829589844,"water":"Trib Of River Cale(S)","bathing":null,"year":"2025"},"geometry":{"type":"Point","coordinates":[-2.38412,51.08308]}},{"type":"Feature","properties":{"id":"WXW00173","name":"Brickyard Lane Pumping Station","co":"Wessex Water","spills":4,"hours":20.5,"cover":99.91191101074219,"water":"River Stour","bathing":null,"year":"2025"},"geometry":{"type":"Point","coordinates":[-2.27744,51.03212]}},{"type":"Feature","properties":{"id":"WXW00394","name":"East Knighton Pumping Station","co":"Wessex Water","spills":1,"hours":4.5,"cover":99.9750747680664,"water":"Tributary Of River Win","bathing":null,"year":"2025"},"geometry":{"type":"Point","coordinates":[-2.26456,50.66967]}},{"type":"Feature","properties":{"id":"WXW00515","name":"Haywards Bridge Pumping Station","co":"Wessex Water","spills":0,"hours":0,"cover":99.96595764160156,"water":"Cookwell Brook","bathing":null,"year":"2025"},"geometry":{"type":"Point","coordinates":[-2.25244,50.90718]}},{"type":"Feature","properties":{"id":"WXW00228","name":"Canford Heath Pumping Station","co":"Wessex Water","spills":0,"hours":0,"cover":99.77777862548828,"water":"Hatch Pond Stream","bathing":null,"year":"2025"},"geometry":{"type":"Point","coordinates":[-1.97396,50.74934]}},{"type":"Feature","properties":{"id":"WXW00342","name":"Creekmoor Lane Pumping Station","co":"Wessex Water","spills":0,"hours":0,"cover":100,"water":"Holes Bay Via Sws (Estuarine)","bathing":null,"year":"2025"},"geometry":{"type":"Point","coordinates":[-1.99607,50.73747]}},{"type":"Feature","properties":{"id":"WXW00762","name":"Mudeford Gardens PS","co":"Wessex Water","spills":0,"hours":0,"cover":100,"water":"River Mude(S)","bathing":"Christchurch Avon Beach; Christchurch Friar`s Cliff","year":"2025"},"geometry":{"type":"Point","coordinates":[-1.74335,50.72859]}},{"type":"Feature","properties":{"id":"WXW00306","name":"Cock And Bottle Pumping Station","co":"Wessex Water","spills":0,"hours":0,"cover":96.67672729492188,"water":"Trib Of The Sherford River","bathing":null,"year":"2025"},"geometry":{"type":"Point","coordinates":[-2.12392,50.75163]}},{"type":"Feature","properties":{"id":"WXW00870","name":"Poole Road Pumping Station","co":"Wessex Water","spills":0,"hours":0,"cover":100,"water":"River Allen (S)","bathing":null,"year":"2025"},"geometry":{"type":"Point","coordinates":[-1.9805,50.79406]}},{"type":"Feature","properties":{"id":"WXW00895","name":"Pumping Station Adjacent Rivendell","co":"Wessex Water","spills":76,"hours":1692.2,"cover":100,"water":"The River Piddle","bathing":null,"year":"2025"},"geometry":{"type":"Point","coordinates":[-2.4231,50.79985]}},{"type":"Feature","properties":{"id":"WXW00897","name":"Pumping Stn Adjacent The Piddle Inn","co":"Wessex Water","spills":78,"hours":1753.2,"cover":100,"water":"The River Piddle","bathing":null,"year":"2025"},"geometry":{"type":"Point","coordinates":[-2.42022,50.7966]}},{"type":"Feature","properties":{"id":"WXW00375","name":"Dorchester Road PS","co":"Wessex Water","spills":0,"hours":0,"cover":99.91084289550781,"water":"South Winterbourne","bathing":null,"year":"2025"},"geometry":{"type":"Point","coordinates":[-2.39072,50.70684]}},{"type":"Feature","properties":{"id":"WXW00341","name":"Crawford Bridge Pumping Station","co":"Wessex Water","spills":0,"hours":0,"cover":100,"water":"River Stour","bathing":null,"year":"2025"},"geometry":{"type":"Point","coordinates":[-2.11627,50.81715]}},{"type":"Feature","properties":{"id":"WXW00208","name":"Buckland Newton WRC","co":"Wessex Water","spills":108,"hours":1684.3,"cover":99.63945770263672,"water":"River Lydden","bathing":null,"year":"2025"},"geometry":{"type":"Point","coordinates":[-2.42638,50.85599]}},{"type":"Feature","properties":{"id":"WXW01305","name":"Not Applicable","co":"Wessex Water","spills":0,"hours":0,"cover":100,"water":"River Piddle","bathing":null,"year":"2025"},"geometry":{"type":"Point","coordinates":[-2.35486,50.75337]}},{"type":"Feature","properties":{"id":"WXW00957","name":"Sandford Lane Pumping Station","co":"Wessex Water","spills":1,"hours":0.7,"cover":100,"water":"Trib Of River Piddle(S)","bathing":null,"year":"2025"},"geometry":{"type":"Point","coordinates":[-2.11322,50.69318]}},{"type":"Feature","properties":{"id":"WXW00434","name":"Flower Lane Pumping Station","co":"Wessex Water","spills":0,"hours":0,"cover":100,"water":"River Avon","bathing":null,"year":"2025"},"geometry":{"type":"Point","coordinates":[-1.7814,51.16969]}},{"type":"Feature","properties":{"id":"WXW01075","name":"Stony Lane Pumping Station","co":"Wessex Water","spills":0,"hours":0,"cover":100,"water":"The Clockhouse Stream","bathing":null,"year":"2025"},"geometry":{"type":"Point","coordinates":[-1.77299,50.7523]}},{"type":"Feature","properties":{"id":"WXW00060","name":"Acacia Avenue Pumping Station","co":"Wessex Water","spills":0,"hours":0,"cover":100,"water":"Trib. Ebblake Stream Via Sws","bathing":null,"year":"2025"},"geometry":{"type":"Point","coordinates":[-1.85721,50.8684]}},{"type":"Feature","properties":{"id":"WXW01216","name":"West Bay Road CSO","co":"Wessex Water","spills":0,"hours":0,"cover":100,"water":"River Brit","bathing":null,"year":"2025"},"geometry":{"type":"Point","coordinates":[-2.76133,50.71929]}},{"type":"Feature","properties":{"id":"WXW01031","name":"Spring Lane CSO","co":"Wessex Water","spills":0,"hours":0,"cover":99.4522476196289,"water":"Weymouth Harbour Via Sws (E)","bathing":null,"year":"2025"},"geometry":{"type":"Point","coordinates":[-2.45273,50.60642]}},{"type":"Feature","properties":{"id":"WXW01023","name":"Spa Road Combined Sewer Overflow","co":"Wessex Water","spills":0,"hours":0,"cover":99.95661926269531,"water":"Radipole Lake Via Sws","bathing":null,"year":"2025"},"geometry":{"type":"Point","coordinates":[-2.46494,50.62749]}},{"type":"Feature","properties":{"id":"WXW00239","name":"Cedar Way Pumping Station","co":"Wessex Water","spills":0,"hours":0,"cover":100,"water":"Tributary Of Uddens Water","bathing":null,"year":"2025"},"geometry":{"type":"Point","coordinates":[-1.89674,50.81587]}},{"type":"Feature","properties":{"id":"WXW00396","name":"East Quay Pumping Station","co":"Wessex Water","spills":0,"hours":0,"cover":99.59017944335938,"water":"Poole Harbour (Estaurine)","bathing":null,"year":"2025"},"geometry":{"type":"Point","coordinates":[-1.98156,50.71188]}},{"type":"Feature","properties":{"id":"WXW00919","name":"Ratfyn STW","co":"Wessex Water","spills":0,"hours":0,"cover":100,"water":"Hampshire Avon River","bathing":null,"year":"2025"},"geometry":{"type":"Point","coordinates":[-1.77832,51.18359]}},{"type":"Feature","properties":{"id":"WXW00178","name":"Bridport Sewage Treatment Works","co":"Wessex Water","spills":52,"hours":400.9,"cover":99.92998504638672,"water":"Lyme Bay(C)","bathing":null,"year":"2025"},"geometry":{"type":"Point","coordinates":[-2.77235,50.69915]}},{"type":"Feature","properties":{"id":"WXW00064","name":"Affpuddle Pumping Station","co":"Wessex Water","spills":0,"hours":0,"cover":99.99172973632812,"water":"Tributary Of River Piddle","bathing":null,"year":"2025"},"geometry":{"type":"Point","coordinates":[-2.27621,50.74237]}},{"type":"Feature","properties":{"id":"WXW00495","name":"Halves Cottage Pumping Station","co":"Wessex Water","spills":0,"hours":0,"cover":99.95435333251953,"water":"A Tributary Of The Corfe River","bathing":null,"year":"2025"},"geometry":{"type":"Point","coordinates":[-2.05507,50.6318]}},{"type":"Feature","properties":{"id":"WXW00384","name":"Dugdell Close Pumping Station","co":"Wessex Water","spills":0,"hours":0,"cover":100,"water":"Trib Of Moors River","bathing":null,"year":"2025"},"geometry":{"type":"Point","coordinates":[-1.87538,50.80502]}},{"type":"Feature","properties":{"id":"WXW00558","name":"Holwell STW","co":"Wessex Water","spills":42,"hours":518.8,"cover":100,"water":"The Caundle Brook(S)","bathing":null,"year":"2025"},"geometry":{"type":"Point","coordinates":[-2.4123,50.89585]}},{"type":"Feature","properties":{"id":"WXW00797","name":"Newstead Road Pumping Station","co":"Wessex Water","spills":1,"hours":0.4,"cover":100,"water":"Weymouth Harbour(E)","bathing":null,"year":"2025"},"geometry":{"type":"Point","coordinates":[-2.45951,50.60737]}},{"type":"Feature","properties":{"id":"WXW00910","name":"Radipole Lake Pumping Station","co":"Wessex Water","spills":0,"hours":0,"cover":100,"water":"Weymouth Harbour (E)","bathing":"Weymouth Central","year":"2025"},"geometry":{"type":"Point","coordinates":[-2.45842,50.61169]}},{"type":"Feature","properties":{"id":"WXW00855","name":"Pennsylvania Road PS","co":"Wessex Water","spills":0,"hours":0,"cover":100,"water":"Ground","bathing":"Church Ope Cove","year":"2025"},"geometry":{"type":"Point","coordinates":[-2.43021,50.53949]}},{"type":"Feature","properties":{"id":"WXW00422","name":"Ferrybridge PS","co":"Wessex Water","spills":0,"hours":0,"cover":100,"water":"The Fleet","bathing":"Portland Harbour Castle Cove; Portland Harbour Sandsfoot Castle","year":"2025"},"geometry":{"type":"Point","coordinates":[-2.47328,50.58483]}},{"type":"Feature","properties":{"id":"WXW00293","name":"Churchill Gdns Sso","co":"Wessex Water","spills":0,"hours":0,"cover":100,"water":"River Avon","bathing":null,"year":"2025"},"geometry":{"type":"Point","coordinates":[-1.78931,51.06392]}},{"type":"Feature","properties":{"id":"WXW00353","name":"CSO At Top Of South Walks","co":"Wessex Water","spills":2,"hours":1.3,"cover":97.70658111572266,"water":"River Frome Via Sws","bathing":null,"year":"2025"},"geometry":{"type":"Point","coordinates":[-2.4327,50.71572]}},{"type":"Feature","properties":{"id":"WXW01188","name":"Wardcliffe Road CSO","co":"Wessex Water","spills":1,"hours":0.2,"cover":100,"water":"Weymouth Harbour(E)","bathing":null,"year":"2025"},"geometry":{"type":"Point","coordinates":[-2.45951,50.60737]}},{"type":"Feature","properties":{"id":"WXW00748","name":"Monkton Deverill WRC","co":"Wessex Water","spills":0,"hours":0,"cover":100,"water":"River Wylye","bathing":null,"year":"2025"},"geometry":{"type":"Point","coordinates":[-2.20981,51.13432]}},{"type":"Feature","properties":{"id":"WXW00777","name":"Not Applicable","co":"Wessex Water","spills":61,"hours":66.7,"cover":100,"water":"Groundwater Via An Infiltration System","bathing":null,"year":"2025"},"geometry":{"type":"Point","coordinates":[-2.27213,51.1458]}},{"type":"Feature","properties":{"id":"WXW01310","name":"Not Applicable","co":"Wessex Water","spills":0,"hours":0,"cover":100,"water":"Poole Bay","bathing":"Bournemouth Hengistbury West","year":"2025"},"geometry":{"type":"Point","coordinates":[-1.88841,50.70794]}},{"type":"Feature","properties":{"id":"WXW01097","name":"Swanage Tunnel","co":"Wessex Water","spills":20,"hours":75.9,"cover":100,"water":"Swanage Bay","bathing":"Swanage Central","year":"2025"},"geometry":{"type":"Point","coordinates":[-1.94139,50.60768]}},{"type":"Feature","properties":{"id":"WXW01095","name":"Swanage Tunnel","co":"Wessex Water","spills":1,"hours":0.4,"cover":100,"water":"Swanage Bay","bathing":"Swanage Central","year":"2025"},"geometry":{"type":"Point","coordinates":[-1.95564,50.60838]}},{"type":"Feature","properties":{"id":"WXW01096","name":"Swanage Tunnel","co":"Wessex Water","spills":1,"hours":0.3,"cover":100,"water":"Swanage Bay","bathing":"Swanage Central","year":"2025"},"geometry":{"type":"Point","coordinates":[-1.9559,50.60847]}},{"type":"Feature","properties":{"id":"WXW01339","name":"Not Applicable","co":"Wessex Water","spills":24,"hours":31.6,"cover":91.58999633789062,"water":"Tributary Of The River Brit","bathing":null,"year":"2025"},"geometry":{"type":"Point","coordinates":[-2.73183,50.77932]}},{"type":"Feature","properties":{"id":"WXW01338","name":"Not Applicable","co":"Wessex Water","spills":2,"hours":16.7,"cover":94.77169036865234,"water":"Unnamed Tributary Of The River Stour","bathing":null,"year":"2025"},"geometry":{"type":"Point","coordinates":[-2.07629,50.76736]}},{"type":"Feature","properties":{"id":"WXW01348","name":"Not Applicable","co":"Wessex Water","spills":0,"hours":0,"cover":99.92085266113281,"water":"River Avon","bathing":null,"year":"2025"},"geometry":{"type":"Point","coordinates":[-1.7855,51.0638]}},{"type":"Feature","properties":{"id":"WXW01318","name":"Not Applicable","co":"Wessex Water","spills":0,"hours":0,"cover":100,"water":"The Bourne","bathing":null,"year":"2025"},"geometry":{"type":"Point","coordinates":[-1.89142,50.72465]}},{"type":"Feature","properties":{"id":"WXW01344","name":"Not Applicable","co":"Wessex Water","spills":1,"hours":0.4,"cover":100,"water":"The Bourne","bathing":null,"year":"2025"},"geometry":{"type":"Point","coordinates":[-1.9157,50.73199]}},{"type":"Feature","properties":{"id":"WXW01343","name":"Not Applicable","co":"Wessex Water","spills":0,"hours":0,"cover":100,"water":"Holes Bay","bathing":"Poole Harbour Rockley Sands; Poole Harbour Lake","year":"2025"},"geometry":{"type":"Point","coordinates":[-1.98995,50.73729]}},{"type":"Feature","properties":{"id":"WXW01317","name":"Not Applicable","co":"Wessex Water","spills":1,"hours":0.4,"cover":99.73516082763672,"water":"River Stour","bathing":"Christchurch Avon Beach; Christchurch Friar`s Cliff","year":"2025"},"geometry":{"type":"Point","coordinates":[-1.79366,50.73205]}},{"type":"Feature","properties":{"id":"WXW01319","name":"Not Applicable","co":"Wessex Water","spills":1,"hours":0.5,"cover":100,"water":"River Stour","bathing":"Christchurch Avon Beach; Christchurch Friar`s Cliff","year":"2025"},"geometry":{"type":"Point","coordinates":[-1.79366,50.73205]}},{"type":"Feature","properties":{"id":"WXW01345","name":"Not Applicable","co":"Wessex Water","spills":0,"hours":0,"cover":100,"water":"Trib Of Poole Harbour","bathing":null,"year":"2025"},"geometry":{"type":"Point","coordinates":[-1.92242,50.72354]}},{"type":"Feature","properties":{"id":"WXW01354","name":"Not Applicable","co":"Wessex Water","spills":14,"hours":4.5,"cover":99.99505615234375,"water":"River Wyle Via The Were (Sws)","bathing":null,"year":"2025"},"geometry":{"type":"Point","coordinates":[-2.18247,51.20289]}},{"type":"Feature","properties":{"id":"WXW01320","name":"Not Applicable","co":"Wessex Water","spills":0,"hours":0,"cover":100,"water":"Poole Bay (C)","bathing":"Bournemouth Hengistbury West","year":"2025"},"geometry":{"type":"Point","coordinates":[-1.77669,50.7147]}},{"type":"Feature","properties":{"id":"WXW00560","name":"Home Farm Sewage Pumping Station","co":"Wessex Water","spills":0,"hours":0,"cover":100,"water":"Tributary Of River Avon (S)","bathing":null,"year":"2025"},"geometry":{"type":"Point","coordinates":[-1.75033,51.04073]}},{"type":"Feature","properties":{"id":"SBB01407","name":null,"co":"South West Water","spills":243,"hours":4966.9,"cover":100,"water":"Tributary Of Coombe Valley Stream","bathing":null,"year":"2025"},"geometry":{"type":"Point","coordinates":[-4.52088,50.90362]}},{"type":"Feature","properties":{"id":"SBB01043","name":"Salcombe Regis WWTW CSO","co":"South West Water","spills":235,"hours":5446.1,"cover":100,"water":"Salcombe Regis Stream","bathing":null,"year":"2025"},"geometry":{"type":"Point","coordinates":[-3.20864,50.68888]}},{"type":"Feature","properties":{"id":"SBB01268","name":"Town Quay Pumping Station","co":"South West Water","spills":198,"hours":634.9,"cover":100,"water":"River Fowey Estuary (E)","bathing":"Readymoney Cove","year":"2025"},"geometry":{"type":"Point","coordinates":[-4.63385,50.33499]}},{"type":"Feature","properties":{"id":"SBB01209","name":"Tatworth WWTW","co":"South West Water","spills":189,"hours":4141.5,"cover":100,"water":"Forton Brook","bathing":null,"year":"2025"},"geometry":{"type":"Point","coordinates":[-2.94281,50.83882]}},{"type":"Feature","properties":{"id":"SBB01024","name":"Rewe Wastewater Treatment Works","co":"South West Water","spills":175,"hours":2568,"cover":100,"water":"River Culm","bathing":null,"year":"2025"},"geometry":{"type":"Point","coordinates":[-3.49708,50.77951]}},{"type":"Feature","properties":{"id":"SBB01155","name":"St Neot STW","co":"South West Water","spills":167,"hours":2031.2,"cover":100,"water":"St Neot River","bathing":null,"year":"2025"},"geometry":{"type":"Point","coordinates":[-4.55666,50.47803]}},{"type":"Feature","properties":{"id":"SBB00514","name":"Gratton CSO","co":"South West Water","spills":167,"hours":2123.8,"cover":99.93721771240234,"water":"River Meavy","bathing":null,"year":"2025"},"geometry":{"type":"Point","coordinates":[-4.07599,50.48436]}},{"type":"Feature","properties":{"id":"SBB00043","name":"Altarnun STW (Storm Tank)","co":"South West Water","spills":165,"hours":3294.5,"cover":100,"water":"Penpont Water","bathing":null,"year":"2025"},"geometry":{"type":"Point","coordinates":[-4.51125,50.60521]}},{"type":"Feature","properties":{"id":"SBB00540","name":"Harewood Road CSO","co":"South West Water","spills":164,"hours":1029.4,"cover":99.86872100830078,"water":"River Tamar (Estuarine)","bathing":null,"year":"2025"},"geometry":{"type":"Point","coordinates":[-4.20603,50.49483]}},{"type":"Feature","properties":{"id":"SBB01247","name":"Tiverton STW","co":"South West Water","spills":160,"hours":3151.9,"cover":92.00342559814453,"water":"River Exe","bathing":null,"year":"2025"},"geometry":{"type":"Point","coordinates":[-3.48972,50.88267]}},{"type":"Feature","properties":{"id":"SBB00224","name":"Chacewater STW","co":"South West Water","spills":159,"hours":3542.4,"cover":99.71461486816406,"water":"(S) River Carnon","bathing":null,"year":"2025"},"geometry":{"type":"Point","coordinates":[-5.15398,50.25394]}},{"type":"Feature","properties":{"id":"SBB00517","name":"Greenacres CSO","co":"South West Water","spills":158,"hours":1651.3,"cover":96.1726303100586,"water":"Trib Of The River Teign","bathing":null,"year":"2025"},"geometry":{"type":"Point","coordinates":[-3.84593,50.67234]}},{"type":"Feature","properties":{"id":"SBB00027","name":"39 St Michaels Combined Sewer Of","co":"South West Water","spills":153,"hours":2438.4,"cover":100,"water":"River Kennall","bathing":null,"year":"2025"},"geometry":{"type":"Point","coordinates":[-5.13886,50.19677]}},{"type":"Feature","properties":{"id":"SBB00591","name":"Honiton Wastewater Treatment Works","co":"South West Water","spills":148,"hours":1329.1,"cover":100,"water":"River Otter","bathing":null,"year":"2025"},"geometry":{"type":"Point","coordinates":[-3.20446,50.80178]}},{"type":"Feature","properties":{"id":"SBB00994","name":"Pyworthy Sewage Treatment Works","co":"South West Water","spills":146,"hours":2919.5,"cover":100,"water":"Derril Water(S)","bathing":null,"year":"2025"},"geometry":{"type":"Point","coordinates":[-4.41302,50.80391]}},{"type":"Feature","properties":{"id":"SBB00515","name":"Gratton Wastewater Treatment Works","co":"South West Water","spills":143,"hours":2484.5,"cover":100,"water":"River Meavy","bathing":null,"year":"2025"},"geometry":{"type":"Point","coordinates":[-4.08263,50.48145]}},{"type":"Feature","properties":{"id":"SBB00526","name":"Gwennap Wastewater Treatment Works","co":"South West Water","spills":141,"hours":2673.2,"cover":98.30632019042969,"water":"Hicks Mill Stream","bathing":null,"year":"2025"},"geometry":{"type":"Point","coordinates":[-5.15755,50.22101]}},{"type":"Feature","properties":{"id":"SBB01058","name":"Scorriton STW","co":"South West Water","spills":141,"hours":1836.8,"cover":100,"water":"Holy Brook(S)","bathing":null,"year":"2025"},"geometry":{"type":"Point","coordinates":[-3.82408,50.50288]}},{"type":"Feature","properties":{"id":"SBB00242","name":"Cheriton Fitzpaine WWTW","co":"South West Water","spills":140,"hours":2808,"cover":98.67294311523438,"water":"Tributary Of Holly Water","bathing":null,"year":"2025"},"geometry":{"type":"Point","coordinates":[-3.62342,50.84356]}},{"type":"Feature","properties":{"id":"SBB01180","name":"Stoke Hill WWTW","co":"South West Water","spills":135,"hours":2367.6,"cover":99.94007110595703,"water":"Milton Stream","bathing":null,"year":"2025"},"geometry":{"type":"Point","coordinates":[-4.10779,50.48631]}},{"type":"Feature","properties":{"id":"SBB00725","name":"Lydford Wastewater Trtment Works","co":"South West Water","spills":133,"hours":1573.2,"cover":100,"water":"Trib Raddon Stream/Ground","bathing":null,"year":"2025"},"geometry":{"type":"Point","coordinates":[-4.11087,50.64383]}},{"type":"Feature","properties":{"id":"SBB00379","name":"Dulford Pscso/EO","co":"South West Water","spills":132,"hours":2411.3,"cover":100,"water":"Weaver (S)","bathing":null,"year":"2025"},"geometry":{"type":"Point","coordinates":[-3.32277,50.84565]}},{"type":"Feature","properties":{"id":"SBB00956","name":"Polyphant Pscso/EO","co":"South West Water","spills":132,"hours":1730.7,"cover":100,"water":"River Inny (S)","bathing":null,"year":"2025"},"geometry":{"type":"Point","coordinates":[-4.45374,50.61363]}},{"type":"Feature","properties":{"id":"SBB00510","name":"Grampound Road Pumping Station","co":"South West Water","spills":132,"hours":1932.4,"cover":100,"water":"River Fal","bathing":null,"year":"2025"},"geometry":{"type":"Point","coordinates":[-4.90036,50.31488]}},{"type":"Feature","properties":{"id":"SBB00761","name":"Menheniot WWTW","co":"South West Water","spills":131,"hours":1575,"cover":100,"water":"Tributary Of The River Seaton","bathing":"Seaton (Cornwall)","year":"2025"},"geometry":{"type":"Point","coordinates":[-4.4172,50.43298]}},{"type":"Feature","properties":{"id":"SBB00299","name":"Commonmoor STW","co":"South West Water","spills":127,"hours":1589.2,"cover":100,"water":"Trib Of River Fowey","bathing":null,"year":"2025"},"geometry":{"type":"Point","coordinates":[-4.49011,50.49647]}},{"type":"Feature","properties":{"id":"SBB00753","name":"Mary Tavy WWTW","co":"South West Water","spills":126,"hours":2546.6,"cover":100,"water":"Cholwell Brook","bathing":null,"year":"2025"},"geometry":{"type":"Point","coordinates":[-4.10784,50.58542]}},{"type":"Feature","properties":{"id":"SBB00495","name":"Golberdon STW","co":"South West Water","spills":126,"hours":1782.3,"cover":100,"water":"River Lynher","bathing":null,"year":"2025"},"geometry":{"type":"Point","coordinates":[-4.3714,50.51388]}},{"type":"Feature","properties":{"id":"SBB00957","name":"Ponsanooth STW Sso","co":"South West Water","spills":126,"hours":2646.1,"cover":100,"water":"River Kennal","bathing":null,"year":"2025"},"geometry":{"type":"Point","coordinates":[-5.13445,50.19788]}},{"type":"Feature","properties":{"id":"SBB00092","name":"Beals Mill WWTW","co":"South West Water","spills":125,"hours":1867.7,"cover":100,"water":"River Inny","bathing":null,"year":"2025"},"geometry":{"type":"Point","coordinates":[-4.31788,50.57028]}},{"type":"Feature","properties":{"id":"SBB00626","name":"Kenn And Kennford Pumping Station","co":"South West Water","spills":124,"hours":2542.6,"cover":100,"water":"River Kenn","bathing":null,"year":"2025"},"geometry":{"type":"Point","coordinates":[-3.51865,50.65719]}},{"type":"Feature","properties":{"id":"SBB01264","name":"Totnes STW","co":"South West Water","spills":123,"hours":698.3,"cover":100,"water":"Dart Estuary(E)","bathing":"Steamer Quay, Dart Estuary","year":"2025"},"geometry":{"type":"Point","coordinates":[-3.68114,50.43677]}},{"type":"Feature","properties":{"id":"SBB00537","name":"Harbertonford WWTW","co":"South West Water","spills":120,"hours":2494.4,"cover":97.80964660644531,"water":"Harbourne River","bathing":null,"year":"2025"},"geometry":{"type":"Point","coordinates":[-3.70147,50.39114]}},{"type":"Feature","properties":{"id":"SBB01396","name":"Payhembury STW","co":"South West Water","spills":119,"hours":2058.2,"cover":80,"water":"Little Mere River","bathing":null,"year":"2025"},"geometry":{"type":"Point","coordinates":[-3.29675,50.80349]}},{"type":"Feature","properties":{"id":"SBB00945","name":"Plymouth Central STW","co":"South West Water","spills":119,"hours":925.1,"cover":100,"water":"Plymouth Sound/Plym Estuary(E)","bathing":"Plymouth Hoe East","year":"2025"},"geometry":{"type":"Point","coordinates":[-4.11175,50.36616]}},{"type":"Feature","properties":{"id":"SBB00834","name":"Newport Industrial Estate CSO","co":"South West Water","spills":118,"hours":386.9,"cover":100,"water":"River Kensey","bathing":null,"year":"2025"},"geometry":{"type":"Point","coordinates":[-4.35597,50.64012]}},{"type":"Feature","properties":{"id":"SBB00764","name":"Metherell WWTW","co":"South West Water","spills":118,"hours":2299,"cover":93.28196716308594,"water":"Tributary Of River Tamar","bathing":null,"year":"2025"},"geometry":{"type":"Point","coordinates":[-4.24259,50.50159]}},{"type":"Feature","properties":{"id":"SBB00724","name":"Lutton STW","co":"South West Water","spills":118,"hours":1953.7,"cover":100,"water":"(S) River Piall","bathing":null,"year":"2025"},"geometry":{"type":"Point","coordinates":[-3.97374,50.41562]}},{"type":"Feature","properties":{"id":"SBB00119","name":"Blackbrook-CSO-Princetown","co":"South West Water","spills":117,"hours":723.1,"cover":94.30650329589844,"water":"Black Brook River (S)","bathing":null,"year":"2025"},"geometry":{"type":"Point","coordinates":[-3.99039,50.55079]}},{"type":"Feature","properties":{"id":"SBB00581","name":"Holne WWTW","co":"South West Water","spills":117,"hours":1405.3,"cover":100,"water":"Holy Brook","bathing":null,"year":"2025"},"geometry":{"type":"Point","coordinates":[-3.82294,50.50254]}},{"type":"Feature","properties":{"id":"SBB00678","name":"Lee Mill STW","co":"South West Water","spills":116,"hours":448.6,"cover":99.93721771240234,"water":"(S) Unnamed Trib River Yealm","bathing":null,"year":"2025"},"geometry":{"type":"Point","coordinates":[-3.97146,50.38445]}},{"type":"Feature","properties":{"id":"SBB00536","name":"Harberton WWTW","co":"South West Water","spills":116,"hours":1659.7,"cover":100,"water":"Harbeton Stream","bathing":null,"year":"2025"},"geometry":{"type":"Point","coordinates":[-3.72248,50.4117]}},{"type":"Feature","properties":{"id":"SBB00409","name":"Egloskerry STW","co":"South West Water","spills":116,"hours":1174.3,"cover":98.24201202392578,"water":"River Kensey (S)","bathing":null,"year":"2025"},"geometry":{"type":"Point","coordinates":[-4.44777,50.65109]}},{"type":"Feature","properties":{"id":"SBB00419","name":"Ernesettle Sewage Treatment Works","co":"South West Water","spills":114,"hours":1185.2,"cover":94.6147232055664,"water":"River Tamar (E)","bathing":null,"year":"2025"},"geometry":{"type":"Point","coordinates":[-4.19402,50.42121]}},{"type":"Feature","properties":{"id":"SBB01116","name":"Spreyton STW","co":"South West Water","spills":113,"hours":1683.8,"cover":100,"water":"Coombe Stream(S)","bathing":null,"year":"2025"},"geometry":{"type":"Point","coordinates":[-3.84679,50.76262]}},{"type":"Feature","properties":{"id":"SBB00364","name":"Diptford Sewage Treatment Works","co":"South West Water","spills":111,"hours":484.6,"cover":100,"water":"River Avon","bathing":null,"year":"2025"},"geometry":{"type":"Point","coordinates":[-3.79629,50.39466]}},{"type":"Feature","properties":{"id":"SBB00093","name":"Bedford Bridge CSO","co":"South West Water","spills":111,"hours":1592.8,"cover":100,"water":"River Walkham","bathing":null,"year":"2025"},"geometry":{"type":"Point","coordinates":[-4.11297,50.51391]}},{"type":"Feature","properties":{"id":"SBB00583","name":"Holsworthy (Derriton) STW","co":"South West Water","spills":111,"hours":1696.5,"cover":99.79451751708984,"water":"Coles Stream (S)","bathing":null,"year":"2025"},"geometry":{"type":"Point","coordinates":[-4.35658,50.80479]}},{"type":"Feature","properties":{"id":"SBB00631","name":"Kilmington WWTW","co":"South West Water","spills":110,"hours":995.3,"cover":99.7831039428711,"water":"River Axe","bathing":null,"year":"2025"},"geometry":{"type":"Point","coordinates":[-3.02446,50.77338]}},{"type":"Feature","properties":{"id":"SBB00388","name":"Dunsford WWTW","co":"South West Water","spills":110,"hours":2471.2,"cover":99.97716522216797,"water":"River Teign & Reedy Brook","bathing":null,"year":"2025"},"geometry":{"type":"Point","coordinates":[-3.67199,50.68837]}},{"type":"Feature","properties":{"id":"SBB00658","name":"Lamerton STW","co":"South West Water","spills":109,"hours":2167.5,"cover":100,"water":"River Lumburn (S)","bathing":null,"year":"2025"},"geometry":{"type":"Point","coordinates":[-4.18433,50.55928]}},{"type":"Feature","properties":{"id":"SBB00435","name":"Exton South Pumping Station","co":"South West Water","spills":108,"hours":1741.1,"cover":100,"water":"Woodbury Brook (Estuarine)","bathing":null,"year":"2025"},"geometry":{"type":"Point","coordinates":[-3.4434,50.66687]}},{"type":"Feature","properties":{"id":"SBB00024","name":"3 St Peters Close CSO","co":"South West Water","spills":107,"hours":841.4,"cover":99.94007110595703,"water":"Long Brook Via Sws","bathing":"Plymouth Hoe East","year":"2025"},"geometry":{"type":"Point","coordinates":[-4.04437,50.38211]}},{"type":"Feature","properties":{"id":"SBB01016","name":"Rattery WWTW CSO","co":"South West Water","spills":107,"hours":1712.6,"cover":100,"water":"Bidwell Brook","bathing":null,"year":"2025"},"geometry":{"type":"Point","coordinates":[-3.77155,50.44055]}},{"type":"Feature","properties":{"id":"SBB01120","name":"St Austell WWTW (Menagwins)","co":"South West Water","spills":106,"hours":1890.7,"cover":100,"water":"St Austell River","bathing":"Pentewan","year":"2025"},"geometry":{"type":"Point","coordinates":[-4.79474,50.32494]}},{"type":"Feature","properties":{"id":"SBB00557","name":"Heathfield STW","co":"South West Water","spills":106,"hours":2112.7,"cover":99.42066192626953,"water":"River Bovey(S)","bathing":null,"year":"2025"},"geometry":{"type":"Point","coordinates":[-3.64187,50.57575]}},{"type":"Feature","properties":{"id":"SBB00723","name":"Lutton STW","co":"South West Water","spills":106,"hours":940.5,"cover":99.94007110595703,"water":"(S)River Piall","bathing":null,"year":"2025"},"geometry":{"type":"Point","coordinates":[-3.97374,50.41562]}},{"type":"Feature","properties":{"id":"SBB00129","name":"Bolitho Road CSO","co":"South West Water","spills":106,"hours":329.5,"cover":99.46347045898438,"water":"Surface Water Drain To Chyandr","bathing":"Long Rock","year":"2025"},"geometry":{"type":"Point","coordinates":[-5.5502,50.12896]}},{"type":"Feature","properties":{"id":"SBB00791","name":"Minions STW","co":"South West Water","spills":105,"hours":362,"cover":100,"water":"Trib Of River Seaton (S)","bathing":null,"year":"2025"},"geometry":{"type":"Point","coordinates":[-4.45383,50.50929]}},{"type":"Feature","properties":{"id":"SBB01176","name":"Stoke Climsland STW","co":"South West Water","spills":105,"hours":802.5,"cover":100,"water":"(S) Luckett Stream","bathing":null,"year":"2025"},"geometry":{"type":"Point","coordinates":[-4.31808,50.54266]}},{"type":"Feature","properties":{"id":"SBB00608","name":"Ilsham Valley Pumping Station","co":"South West Water","spills":104,"hours":1314,"cover":100,"water":"English Channel(C)","bathing":"Meadfoot","year":"2025"},"geometry":{"type":"Point","coordinates":[-3.48155,50.4626]}},{"type":"Feature","properties":{"id":"SBB00146","name":"Bratton Clovelly WWTW CSO","co":"South West Water","spills":104,"hours":574.3,"cover":100,"water":"Trib Of River Thrushel","bathing":null,"year":"2025"},"geometry":{"type":"Point","coordinates":[-4.17183,50.70486]}},{"type":"Feature","properties":{"id":"SBB00055","name":"Ashwater STW","co":"South West Water","spills":104,"hours":855.5,"cover":100,"water":"(S) River Carey","bathing":null,"year":"2025"},"geometry":{"type":"Point","coordinates":[-4.27881,50.73501]}},{"type":"Feature","properties":{"id":"SBB00323","name":"Crockernwell Sewage Treatment Works","co":"South West Water","spills":104,"hours":458.8,"cover":100,"water":"Scotley Brook(S)","bathing":null,"year":"2025"},"geometry":{"type":"Point","coordinates":[-3.764,50.71804]}},{"type":"Feature","properties":{"id":"SBB01313","name":"Walkhampton WWTW Sso","co":"South West Water","spills":104,"hours":2011.6,"cover":100,"water":"Trib Of River Walkham","bathing":null,"year":"2025"},"geometry":{"type":"Point","coordinates":[-4.07354,50.51219]}},{"type":"Feature","properties":{"id":"SBB00644","name":"Kingston WWTW","co":"South West Water","spills":103,"hours":2042.6,"cover":100,"water":"Kingston Stream","bathing":null,"year":"2025"},"geometry":{"type":"Point","coordinates":[-3.91349,50.31068]}},{"type":"Feature","properties":{"id":"SBB00381","name":"Dulverton WWTW","co":"South West Water","spills":102,"hours":232.9,"cover":99.7802505493164,"water":"River Barle","bathing":null,"year":"2025"},"geometry":{"type":"Point","coordinates":[-3.54765,51.03462]}},{"type":"Feature","properties":{"id":"SBB00340","name":"CSO In High Street","co":"South West Water","spills":101,"hours":352.3,"cover":100,"water":"Penryn River(E)","bathing":null,"year":"2025"},"geometry":{"type":"Point","coordinates":[-5.06971,50.15661]}},{"type":"Feature","properties":{"id":"SBB00985","name":"Princetown Sewage Treatment Works","co":"South West Water","spills":101,"hours":1150.1,"cover":99.94007110595703,"water":"Blackbrook River(S)","bathing":null,"year":"2025"},"geometry":{"type":"Point","coordinates":[-3.98161,50.55013]}},{"type":"Feature","properties":{"id":"SBB01379","name":"WWTW At Bradninch","co":"South West Water","spills":98,"hours":1549.3,"cover":100,"water":"River Culm","bathing":null,"year":"2025"},"geometry":{"type":"Point","coordinates":[-3.41293,50.82076]}},{"type":"Feature","properties":{"id":"SBB00401","name":"Ebford Pumping Station","co":"South West Water","spills":98,"hours":1440.2,"cover":100,"water":"River Clyst (Estuarine)","bathing":null,"year":"2025"},"geometry":{"type":"Point","coordinates":[-3.45109,50.68206]}},{"type":"Feature","properties":{"id":"SBB01128","name":"St Dennis Wastewater Treatment Work","co":"South West Water","spills":97,"hours":617.3,"cover":99.68321990966797,"water":"River Fal","bathing":null,"year":"2025"},"geometry":{"type":"Point","coordinates":[-4.89745,50.38251]}},{"type":"Feature","properties":{"id":"SBB00170","name":"Brompton Regis STW","co":"South West Water","spills":97,"hours":1669.4,"cover":100,"water":"Pulham River(S)","bathing":null,"year":"2025"},"geometry":{"type":"Point","coordinates":[-3.49247,51.07059]}},{"type":"Feature","properties":{"id":"SBB00338","name":"CSO At North Parade","co":"South West Water","spills":97,"hours":212.4,"cover":100,"water":"Penryn River(E)","bathing":null,"year":"2025"},"geometry":{"type":"Point","coordinates":[-5.08337,50.16435]}},{"type":"Feature","properties":{"id":"SBB01392","name":"Yeolmbridge PS","co":"South West Water","spills":96,"hours":353.7,"cover":99.92864990234375,"water":"Trib Of River Ottery","bathing":null,"year":"2025"},"geometry":{"type":"Point","coordinates":[-4.38337,50.66187]}},{"type":"Feature","properties":{"id":"SBB01272","name":"Trebullett STW","co":"South West Water","spills":95,"hours":1319.2,"cover":100,"water":"The River Inny","bathing":null,"year":"2025"},"geometry":{"type":"Point","coordinates":[-4.37026,50.56994]}},{"type":"Feature","properties":{"id":"SBB00691","name":"Lipson Vale 1 CSO","co":"South West Water","spills":95,"hours":158.2,"cover":100,"water":"Trib Of The River Plym Via Sws","bathing":"Plymouth Hoe West","year":"2025"},"geometry":{"type":"Point","coordinates":[-4.1203,50.38129]}},{"type":"Feature","properties":{"id":"SBB00471","name":"Forder Valley Road CSO","co":"South West Water","spills":94,"hours":1134.1,"cover":100,"water":"Leigham Mill Stream","bathing":"Plymouth Hoe East","year":"2025"},"geometry":{"type":"Point","coordinates":[-4.09693,50.39692]}},{"type":"Feature","properties":{"id":"SBB01370","name":"Winsham Wastewater Treatment Works","co":"South West Water","spills":94,"hours":47.9,"cover":99.16951751708984,"water":"River Axe","bathing":null,"year":"2025"},"geometry":{"type":"Point","coordinates":[-2.88891,50.85003]}},{"type":"Feature","properties":{"id":"SBB00523","name":"Gunnislake WWTW","co":"South West Water","spills":94,"hours":955.8,"cover":100,"water":"River Tamar (Estuarine)","bathing":null,"year":"2025"},"geometry":{"type":"Point","coordinates":[-4.20978,50.51481]}},{"type":"Feature","properties":{"id":"SBB01131","name":"St Dominick WWTW","co":"South West Water","spills":93,"hours":1669.3,"cover":98.45604705810547,"water":"River Tamar Estuary","bathing":null,"year":"2025"},"geometry":{"type":"Point","coordinates":[-4.21908,50.48136]}},{"type":"Feature","properties":{"id":"SBB00179","name":"Buckfastleigh STW","co":"South West Water","spills":93,"hours":803.4,"cover":100,"water":"River Dart","bathing":"Steamer Quay, Dart Estuary","year":"2025"},"geometry":{"type":"Point","coordinates":[-3.76128,50.47875]}},{"type":"Feature","properties":{"id":"SBB00494","name":"Golant Pumping Station","co":"South West Water","spills":93,"hours":288.7,"cover":100,"water":"River Fowey Estuary (E)","bathing":null,"year":"2025"},"geometry":{"type":"Point","coordinates":[-4.63901,50.36213]}},{"type":"Feature","properties":{"id":"SBB01179","name":"Stoke Hill WWTW","co":"South West Water","spills":92,"hours":1538.1,"cover":100,"water":"Milton Stream","bathing":null,"year":"2025"},"geometry":{"type":"Point","coordinates":[-4.10779,50.48631]}},{"type":"Feature","properties":{"id":"SBB00804","name":"Moreleigh STW","co":"South West Water","spills":92,"hours":764.8,"cover":100,"water":"(S) Trib Of Torr Brook","bathing":null,"year":"2025"},"geometry":{"type":"Point","coordinates":[-3.73929,50.35964]}},{"type":"Feature","properties":{"id":"SBB00099","name":"Bere Alston STW","co":"South West Water","spills":91,"hours":1031.2,"cover":100,"water":"Tidal River Tamar","bathing":null,"year":"2025"},"geometry":{"type":"Point","coordinates":[-4.21809,50.47535]}},{"type":"Feature","properties":{"id":"SBB00661","name":"Landrake Wastewater Treatment Works","co":"South West Water","spills":91,"hours":1755.6,"cover":100,"water":"Landrake Stream","bathing":null,"year":"2025"},"geometry":{"type":"Point","coordinates":[-4.2828,50.42598]}},{"type":"Feature","properties":{"id":"SBB00803","name":"Morebath STW","co":"South West Water","spills":91,"hours":248.5,"cover":100,"water":"Shuttern Brook (S)","bathing":null,"year":"2025"},"geometry":{"type":"Point","coordinates":[-3.49318,51.01275]}},{"type":"Feature","properties":{"id":"SBB00255","name":"Chudleigh WWTW","co":"South West Water","spills":90,"hours":1527.2,"cover":100,"water":"River Teign","bathing":null,"year":"2025"},"geometry":{"type":"Point","coordinates":[-3.61172,50.60261]}},{"type":"Feature","properties":{"id":"SBB00254","name":"Chudleigh WWTW","co":"South West Water","spills":90,"hours":378.9,"cover":99.8658676147461,"water":"River Teign","bathing":null,"year":"2025"},"geometry":{"type":"Point","coordinates":[-3.61031,50.6029]}},{"type":"Feature","properties":{"id":"SBB00178","name":"Buckfastleigh STW","co":"South West Water","spills":90,"hours":1405.7,"cover":100,"water":"River Dart","bathing":"Steamer Quay, Dart Estuary","year":"2025"},"geometry":{"type":"Point","coordinates":[-3.76128,50.47875]}},{"type":"Feature","properties":{"id":"SBB01265","name":"Totnes Town Pumping Station","co":"South West Water","spills":90,"hours":244.6,"cover":99.77073669433594,"water":"River Dart (Estuarine)","bathing":"Steamer Quay, Dart Estuary","year":"2025"},"geometry":{"type":"Point","coordinates":[-3.68156,50.43271]}},{"type":"Feature","properties":{"id":"SBB00362","name":"Derril SPS","co":"South West Water","spills":89,"hours":753.7,"cover":100,"water":"River Derril (S)","bathing":null,"year":"2025"},"geometry":{"type":"Point","coordinates":[-4.40375,50.80851]}},{"type":"Feature","properties":{"id":"SBB00298","name":"Comminutor House CSO","co":"South West Water","spills":89,"hours":200.1,"cover":97.37718963623047,"water":"Shadycombe Creek","bathing":"Mill Bay","year":"2025"},"geometry":{"type":"Point","coordinates":[-3.76986,50.24001]}},{"type":"Feature","properties":{"id":"SBB00946","name":"Plymouth Road  CSO","co":"South West Water","spills":88,"hours":271.6,"cover":100,"water":"Tory Brook","bathing":"Plymouth Hoe East","year":"2025"},"geometry":{"type":"Point","coordinates":[-4.06565,50.38956]}},{"type":"Feature","properties":{"id":"SBB01382","name":"Yarcombe STW","co":"South West Water","spills":87,"hours":821.8,"cover":100,"water":"(S) Trib River Yarty","bathing":null,"year":"2025"},"geometry":{"type":"Point","coordinates":[-3.07112,50.86649]}},{"type":"Feature","properties":{"id":"SBB01191","name":"Summerhill Pumping Station","co":"South West Water","spills":87,"hours":1364.3,"cover":99.97003173828125,"water":"Liverton Brook","bathing":null,"year":"2025"},"geometry":{"type":"Point","coordinates":[-3.66851,50.5581]}},{"type":"Feature","properties":{"id":"SBB00655","name":"Laira Park CSO","co":"South West Water","spills":87,"hours":267.9,"cover":100,"water":"River Plym Via Sws (Estuarine)","bathing":"Plymouth Hoe East","year":"2025"},"geometry":{"type":"Point","coordinates":[-4.10527,50.3786]}},{"type":"Feature","properties":{"id":"SBB00936","name":"Pike Road Combined Sewer Overflow","co":"South West Water","spills":87,"hours":153,"cover":99.39497375488281,"water":"River Plym Via Sws (Estuarine)","bathing":"Plymouth Hoe East; Plymouth Hoe West","year":"2025"},"geometry":{"type":"Point","coordinates":[-4.09917,50.38383]}},{"type":"Feature","properties":{"id":"SBB01119","name":"St Austell North STW","co":"South West Water","spills":86,"hours":1557.9,"cover":99.48629760742188,"water":"(S) River Par","bathing":"Par Sands","year":"2025"},"geometry":{"type":"Point","coordinates":[-4.75431,50.39103]}},{"type":"Feature","properties":{"id":"SBB01095","name":"Smith Street CSO","co":"South West Water","spills":85,"hours":162,"cover":100,"water":"River Dart Via Sws (Estuarine)","bathing":"Warfleet Creek, Dart Estuary","year":"2025"},"geometry":{"type":"Point","coordinates":[-3.57659,50.35036]}},{"type":"Feature","properties":{"id":"SBB00530","name":"Halwill Sewage Treatment Works","co":"South West Water","spills":85,"hours":1014.1,"cover":100,"water":"(S) River Carey","bathing":null,"year":"2025"},"geometry":{"type":"Point","coordinates":[-4.22862,50.77052]}},{"type":"Feature","properties":{"id":"SBB00617","name":"Ivybridge STW","co":"South West Water","spills":84,"hours":1624.4,"cover":100,"water":"River Erme","bathing":"Mothecombe; Coastguards Beach, Erme Estuary","year":"2025"},"geometry":{"type":"Point","coordinates":[-3.92618,50.38485]}},{"type":"Feature","properties":{"id":"SBB00752","name":"Marsh Mills WWTW","co":"South West Water","spills":84,"hours":871.2,"cover":98.76712036132812,"water":"River Plym (Estuarine)","bathing":"Plymouth Hoe East","year":"2025"},"geometry":{"type":"Point","coordinates":[-4.08316,50.38772]}},{"type":"Feature","properties":{"id":"SBB00918","name":"Pelynt Wastewater Treatment Works","co":"South West Water","spills":84,"hours":1368.2,"cover":100,"water":"Tributary Of River Pol","bathing":null,"year":"2025"},"geometry":{"type":"Point","coordinates":[-4.53053,50.36625]}},{"type":"Feature","properties":{"id":"SBB00789","name":"Milton Abbot WWTW","co":"South West Water","spills":83,"hours":1455.3,"cover":100,"water":"Tributary Of The River Tamar","bathing":null,"year":"2025"},"geometry":{"type":"Point","coordinates":[-4.25826,50.59052]}},{"type":"Feature","properties":{"id":"SBB00541","name":"Harrowbeer CSO","co":"South West Water","spills":83,"hours":430.7,"cover":100,"water":"River Tavy (S)","bathing":null,"year":"2025"},"geometry":{"type":"Point","coordinates":[-4.08968,50.49752]}},{"type":"Feature","properties":{"id":"SBB00690","name":"Lime Kiln Tank CSO","co":"South West Water","spills":83,"hours":113.5,"cover":100,"water":"English Channel","bathing":"Budleigh Salterton","year":"2025"},"geometry":{"type":"Point","coordinates":[-3.30299,50.62967]}},{"type":"Feature","properties":{"id":"SBB00825","name":"Mylor Bridge WWTW","co":"South West Water","spills":83,"hours":1699.5,"cover":100,"water":"Mylor Creek","bathing":null,"year":"2025"},"geometry":{"type":"Point","coordinates":[-5.08424,50.18645]}},{"type":"Feature","properties":{"id":"SBB00434","name":"Exton North PS","co":"South West Water","spills":83,"hours":995.5,"cover":100,"water":"River Clyst (Estuarine)","bathing":null,"year":"2025"},"geometry":{"type":"Point","coordinates":[-3.44924,50.67264]}},{"type":"Feature","properties":{"id":"SBB00098","name":"Bere Alston STW","co":"South West Water","spills":82,"hours":978.8,"cover":100,"water":"(E)Tidal River Tamar","bathing":null,"year":"2025"},"geometry":{"type":"Point","coordinates":[-4.21809,50.47535]}},{"type":"Feature","properties":{"id":"SBB00230","name":"Chapel Car Park Pscso/EO","co":"South West Water","spills":82,"hours":1489,"cover":99.9029312133789,"water":"River Loveny (S)","bathing":null,"year":"2025"},"geometry":{"type":"Point","coordinates":[-4.55997,50.48191]}},{"type":"Feature","properties":{"id":"SBB00521","name":"Gunnislake No.2 CSO","co":"South West Water","spills":82,"hours":230.9,"cover":97.80821990966797,"water":"River Tamar Via Sws","bathing":null,"year":"2025"},"geometry":{"type":"Point","coordinates":[-4.21141,50.5254]}},{"type":"Feature","properties":{"id":"SBB01233","name":"The Old Orchard CSO","co":"South West Water","spills":82,"hours":360.4,"cover":100,"water":"Trib Of Aller Brook","bathing":null,"year":"2025"},"geometry":{"type":"Point","coordinates":[-3.61384,50.5076]}},{"type":"Feature","properties":{"id":"SBB01350","name":"Westexe Pumping Station","co":"South West Water","spills":81,"hours":1203.6,"cover":100,"water":"River Exe","bathing":null,"year":"2025"},"geometry":{"type":"Point","coordinates":[-3.48993,50.89804]}},{"type":"Feature","properties":{"id":"SBB01374","name":"Woodbury WWTW","co":"South West Water","spills":81,"hours":1002.5,"cover":100,"water":"Woodbury Brook","bathing":null,"year":"2025"},"geometry":{"type":"Point","coordinates":[-3.4195,50.67202]}},{"type":"Feature","properties":{"id":"SBB00390","name":"East Budleigh Pumping Station","co":"South West Water","spills":80,"hours":320.8,"cover":100,"water":"River Otter","bathing":null,"year":"2025"},"geometry":{"type":"Point","coordinates":[-3.30638,50.65005]}},{"type":"Feature","properties":{"id":"SBB01210","name":"Tavistock College Playing Field","co":"South West Water","spills":80,"hours":500.9,"cover":94.7831039428711,"water":"River Tavy","bathing":null,"year":"2025"},"geometry":{"type":"Point","coordinates":[-4.15143,50.54073]}},{"type":"Feature","properties":{"id":"SBB01335","name":"West Bridge CSO","co":"South West Water","spills":79,"hours":271.9,"cover":100,"water":"River Tavy","bathing":null,"year":"2025"},"geometry":{"type":"Point","coordinates":[-4.15156,50.54343]}},{"type":"Feature","properties":{"id":"SBB01111","name":"Sparkwell Wastewater Treatment Work","co":"South West Water","spills":79,"hours":1441,"cover":100,"water":"Tributary Of Silverbridge Lake","bathing":null,"year":"2025"},"geometry":{"type":"Point","coordinates":[-3.99768,50.39579]}},{"type":"Feature","properties":{"id":"SBB00104","name":"Bickleigh WWTW","co":"South West Water","spills":79,"hours":992.3,"cover":100,"water":"Trib Of River Exe","bathing":null,"year":"2025"},"geometry":{"type":"Point","coordinates":[-3.5071,50.85277]}},{"type":"Feature","properties":{"id":"SBB00311","name":"Coulson Park Pumping Station","co":"South West Water","spills":78,"hours":1371.9,"cover":100,"water":"River Fowey (Estuarine)","bathing":null,"year":"2025"},"geometry":{"type":"Point","coordinates":[-4.66822,50.40401]}},{"type":"Feature","properties":{"id":"SBB00582","name":"Holsworthy (Derriton) STW","co":"South West Water","spills":77,"hours":321.9,"cover":99.04109954833984,"water":"Coles Stream (S)","bathing":null,"year":"2025"},"geometry":{"type":"Point","coordinates":[-4.357,50.80469]}},{"type":"Feature","properties":{"id":"SBB00091","name":"Beals Mill Pumping Station","co":"South West Water","spills":77,"hours":1618.7,"cover":100,"water":"A Tributary Of River Inny","bathing":null,"year":"2025"},"geometry":{"type":"Point","coordinates":[-4.31884,50.56981]}},{"type":"Feature","properties":{"id":"SBB00550","name":"Haye Road Combined Sewer Overflow","co":"South West Water","spills":77,"hours":462.1,"cover":99.63755798339844,"water":"Haye Valley Stream","bathing":null,"year":"2025"},"geometry":{"type":"Point","coordinates":[-4.3281,50.50549]}},{"type":"Feature","properties":{"id":"SBB00203","name":"Cambridge Lane Combined Sewer Of","co":"South West Water","spills":76,"hours":252.5,"cover":99.54338073730469,"water":"Plymouth Sound Via Sws (Estu.)","bathing":"Plymouth Hoe West","year":"2025"},"geometry":{"type":"Point","coordinates":[-4.15308,50.36594]}},{"type":"Feature","properties":{"id":"SBB00291","name":"Colyton & Colyford WWTW","co":"South West Water","spills":75,"hours":976.4,"cover":100,"water":"River Axe","bathing":null,"year":"2025"},"geometry":{"type":"Point","coordinates":[-3.05098,50.72917]}},{"type":"Feature","properties":{"id":"SBB00297","name":"Commercial Road Pumping Station","co":"South West Water","spills":75,"hours":857,"cover":100,"water":"The Penryn River (E)","bathing":null,"year":"2025"},"geometry":{"type":"Point","coordinates":[-5.09905,50.16852]}},{"type":"Feature","properties":{"id":"SBB00986","name":"Princetown Sewage Treatment Works","co":"South West Water","spills":75,"hours":1134.8,"cover":94.7288818359375,"water":"Blackbrook River(S)","bathing":null,"year":"2025"},"geometry":{"type":"Point","coordinates":[-3.98161,50.55013]}},{"type":"Feature","properties":{"id":"SBB00579","name":"Holcombe Rogus WWTW","co":"South West Water","spills":75,"hours":1111.2,"cover":99.1552505493164,"water":"Trib Of River Lyner","bathing":null,"year":"2025"},"geometry":{"type":"Point","coordinates":[-3.3341,50.95362]}},{"type":"Feature","properties":{"id":"SBB00592","name":"Honiton Wastewater Treatment Works","co":"South West Water","spills":75,"hours":1095.6,"cover":100,"water":"River Otter","bathing":null,"year":"2025"},"geometry":{"type":"Point","coordinates":[-3.20446,50.80178]}},{"type":"Feature","properties":{"id":"SBB00183","name":"Buckland Wastewater Treatment Works","co":"South West Water","spills":75,"hours":953.7,"cover":100,"water":"English Channel (Coastal)","bathing":null,"year":"2025"},"geometry":{"type":"Point","coordinates":[-3.46797,50.53337]}},{"type":"Feature","properties":{"id":"SBB01422","name":null,"co":"South West Water","spills":74,"hours":933.5,"cover":98.7186050415039,"water":"Mounts Bay English Channel","bathing":null,"year":"2025"},"geometry":{"type":"Point","coordinates":[-5.53789,50.08157]}},{"type":"Feature","properties":{"id":"SBB01144","name":"St Leonards WWTW","co":"South West Water","spills":74,"hours":1273.4,"cover":100,"water":"River Tamar","bathing":null,"year":"2025"},"geometry":{"type":"Point","coordinates":[-4.33353,50.6412]}},{"type":"Feature","properties":{"id":"SBB00844","name":"North Petherwin WWTW","co":"South West Water","spills":74,"hours":1302.2,"cover":100,"water":"River Ottery","bathing":null,"year":"2025"},"geometry":{"type":"Point","coordinates":[-4.41552,50.66498]}},{"type":"Feature","properties":{"id":"SBB00697","name":"Little Silver Pumping Station","co":"South West Water","spills":74,"hours":622.2,"cover":100,"water":"River Lowman","bathing":null,"year":"2025"},"geometry":{"type":"Point","coordinates":[-3.48824,50.89869]}},{"type":"Feature","properties":{"id":"SBB00151","name":"Bridestowe WWTW","co":"South West Water","spills":74,"hours":1259.3,"cover":100,"water":"River Lew","bathing":null,"year":"2025"},"geometry":{"type":"Point","coordinates":[-4.12469,50.6836]}},{"type":"Feature","properties":{"id":"SBB01323","name":"Wembury WWTW","co":"South West Water","spills":74,"hours":1485.2,"cover":99.51483917236328,"water":"Wembury Bay","bathing":null,"year":"2025"},"geometry":{"type":"Point","coordinates":[-4.09449,50.31592]}},{"type":"Feature","properties":{"id":"SBB00807","name":"Moretonhampstead WWTW","co":"South West Water","spills":74,"hours":1221.7,"cover":79.31697082519531,"water":"The Wray Brook","bathing":null,"year":"2025"},"geometry":{"type":"Point","coordinates":[-3.74525,50.65186]}},{"type":"Feature","properties":{"id":"SBB00309","name":"Cornworthy WWTW","co":"South West Water","spills":74,"hours":1001.3,"cover":100,"water":"Trib Of The Dart Estuary","bathing":null,"year":"2025"},"geometry":{"type":"Point","coordinates":[-3.65287,50.38932]}},{"type":"Feature","properties":{"id":"SBB00561","name":"Hellarcher Pumping Station","co":"South West Water","spills":74,"hours":245.2,"cover":100,"water":"English Channel (Coastal)","bathing":null,"year":"2025"},"geometry":{"type":"Point","coordinates":[-5.21652,49.96749]}},{"type":"Feature","properties":{"id":"SBB01418","name":null,"co":"South West Water","spills":73,"hours":68.4,"cover":100,"water":"River Lowman","bathing":null,"year":"2025"},"geometry":{"type":"Point","coordinates":[-3.46141,50.90461]}},{"type":"Feature","properties":{"id":"SBB00693","name":"Liskeard STW","co":"South West Water","spills":73,"hours":789.4,"cover":97.46326446533203,"water":"East Looe River","bathing":"East Looe","year":"2025"},"geometry":{"type":"Point","coordinates":[-4.47775,50.44097]}},{"type":"Feature","properties":{"id":"SBB00446","name":"Ferry Boat Inn Pumping Station","co":"South West Water","spills":73,"hours":143.2,"cover":100,"water":"River Dart Estuary","bathing":"Dittisham, Dart Estuary","year":"2025"},"geometry":{"type":"Point","coordinates":[-3.59439,50.38232]}},{"type":"Feature","properties":{"id":"SBB00944","name":"Playing Fields Pumping Station","co":"South West Water","spills":73,"hours":660.7,"cover":100,"water":"River Tamar (Estuarine)","bathing":null,"year":"2025"},"geometry":{"type":"Point","coordinates":[-4.20603,50.49492]}},{"type":"Feature","properties":{"id":"SBB01093","name":"Slapton Wastewater Treatment Works","co":"South West Water","spills":72,"hours":997,"cover":100,"water":"Start Bay/Slapton Ley","bathing":null,"year":"2025"},"geometry":{"type":"Point","coordinates":[-3.65706,50.28754]}},{"type":"Feature","properties":{"id":"SBB00326","name":"Crowndale Cottages CSO","co":"South West Water","spills":72,"hours":815.5,"cover":74.92864990234375,"water":"Trib Of The River Tavy","bathing":null,"year":"2025"},"geometry":{"type":"Point","coordinates":[-4.15503,50.53293]}},{"type":"Feature","properties":{"id":"SBB00475","name":"Fowey Wastewater Treatment Works","co":"South West Water","spills":72,"hours":556.7,"cover":100,"water":"Fowey Estuary (E)","bathing":"Readymoney Cove","year":"2025"},"geometry":{"type":"Point","coordinates":[-4.63278,50.34104]}},{"type":"Feature","properties":{"id":"SBB00460","name":"Fluxton Wastewater Treatment Works","co":"South West Water","spills":72,"hours":400,"cover":100,"water":"Tributary Of The River Otter","bathing":null,"year":"2025"},"geometry":{"type":"Point","coordinates":[-3.29204,50.72548]}},{"type":"Feature","properties":{"id":"SBB00810","name":"Mosterton Pumping Station","co":"South West Water","spills":72,"hours":311.8,"cover":100,"water":"River Axe","bathing":null,"year":"2025"},"geometry":{"type":"Point","coordinates":[-2.7719,50.84439]}},{"type":"Feature","properties":{"id":"SBB00838","name":"North Fal STW (St Stephens Coombe)","co":"South West Water","spills":72,"hours":293.1,"cover":100,"water":"Gwindra Stream (S)","bathing":null,"year":"2025"},"geometry":{"type":"Point","coordinates":[-4.89364,50.32216]}},{"type":"Feature","properties":{"id":"SBB00522","name":"Gunnislake WWTW","co":"South West Water","spills":72,"hours":440.3,"cover":100,"water":"River Tamar (Estuarine)","bathing":null,"year":"2025"},"geometry":{"type":"Point","coordinates":[-4.20978,50.51481]}},{"type":"Feature","properties":{"id":"SBB01130","name":"St Dominick Pumping Station","co":"South West Water","spills":72,"hours":1066.8,"cover":99.9714584350586,"water":"Trib Of River Tamar","bathing":null,"year":"2025"},"geometry":{"type":"Point","coordinates":[-4.26032,50.48902]}},{"type":"Feature","properties":{"id":"SBB01340","name":"West Croft Road","co":"South West Water","spills":72,"hours":256.5,"cover":100,"water":"River Deer","bathing":null,"year":"2025"},"geometry":{"type":"Point","coordinates":[-4.35919,50.8087]}},{"type":"Feature","properties":{"id":"SBB00722","name":"Lustleigh Wastewater Treatment Work","co":"South West Water","spills":72,"hours":1124.3,"cover":99.47203063964844,"water":"Wray Brook","bathing":null,"year":"2025"},"geometry":{"type":"Point","coordinates":[-3.71619,50.61542]}},{"type":"Feature","properties":{"id":"SBB00866","name":"Offwell Wastewater Treatment Works","co":"South West Water","spills":71,"hours":1124.4,"cover":100,"water":"Trib Of Offwell Brook","bathing":null,"year":"2025"},"geometry":{"type":"Point","coordinates":[-3.1481,50.78392]}},{"type":"Feature","properties":{"id":"SBB00991","name":"Puddington STW","co":"South West Water","spills":70,"hours":377.6,"cover":100,"water":"River Creedy","bathing":null,"year":"2025"},"geometry":{"type":"Point","coordinates":[-3.65611,50.88429]}},{"type":"Feature","properties":{"id":"SBB00806","name":"Moretonhampstead WWTW","co":"South West Water","spills":70,"hours":1156.2,"cover":79.31697082519531,"water":"The Wray Brook","bathing":null,"year":"2025"},"geometry":{"type":"Point","coordinates":[-3.74525,50.65186]}},{"type":"Feature","properties":{"id":"SBB00686","name":"Lewdown Wastewater Treatment Works","co":"South West Water","spills":70,"hours":620.8,"cover":100,"water":"Tributary Of River Thrushel","bathing":null,"year":"2025"},"geometry":{"type":"Point","coordinates":[-4.19778,50.66615]}},{"type":"Feature","properties":{"id":"SBB00071","name":"Barn Park Road CSO","co":"South West Water","spills":69,"hours":75.4,"cover":100,"water":"Pennycomequick Stream Via Sws","bathing":null,"year":"2025"},"geometry":{"type":"Point","coordinates":[-4.15809,50.37412]}},{"type":"Feature","properties":{"id":"SBB00301","name":"Compton Castle CSO","co":"South West Water","spills":69,"hours":658.7,"cover":79.0211181640625,"water":"Trib Of Aller Brook","bathing":null,"year":"2025"},"geometry":{"type":"Point","coordinates":[-3.60109,50.47675]}},{"type":"Feature","properties":{"id":"SBB01102","name":"South Petherwin Pscso/EO","co":"South West Water","spills":69,"hours":1313.5,"cover":100,"water":"Lowley Brook (S)","bathing":null,"year":"2025"},"geometry":{"type":"Point","coordinates":[-4.3816,50.61846]}},{"type":"Feature","properties":{"id":"SBB01014","name":"Railway Station Combined Sewer Of","co":"South West Water","spills":68,"hours":587.3,"cover":99.843017578125,"water":"River Axe","bathing":null,"year":"2025"},"geometry":{"type":"Point","coordinates":[-3.00461,50.78029]}},{"type":"Feature","properties":{"id":"SBB00393","name":"East Ogwell WWTW","co":"South West Water","spills":68,"hours":1098.9,"cover":100,"water":"River Lemon","bathing":null,"year":"2025"},"geometry":{"type":"Point","coordinates":[-3.6362,50.52627]}},{"type":"Feature","properties":{"id":"SBB00342","name":"Culmstock Sewage Treatment Works","co":"South West Water","spills":68,"hours":580.7,"cover":100,"water":"River Culm","bathing":null,"year":"2025"},"geometry":{"type":"Point","coordinates":[-3.28279,50.91552]}},{"type":"Feature","properties":{"id":"SBB00633","name":"Kimberley Nurseries CSO","co":"South West Water","spills":68,"hours":67.9,"cover":100,"water":"Stream (S)","bathing":null,"year":"2025"},"geometry":{"type":"Point","coordinates":[-3.65593,50.29115]}},{"type":"Feature","properties":{"id":"SBB01381","name":"Harrowbarrow WWTW","co":"South West Water","spills":68,"hours":628.1,"cover":98.72431182861328,"water":"(S)Unnamed Trib River Tamar","bathing":null,"year":"2025"},"geometry":{"type":"Point","coordinates":[-4.25364,50.50552]}},{"type":"Feature","properties":{"id":"SBB00493","name":"Glenholt Pumping Station","co":"South West Water","spills":67,"hours":592.6,"cover":99.71461486816406,"water":"Trib Of The River Plym","bathing":"Plymouth Hoe East","year":"2025"},"geometry":{"type":"Point","coordinates":[-4.10094,50.43021]}},{"type":"Feature","properties":{"id":"SBB00490","name":"Gittisham Pumping Station","co":"South West Water","spills":67,"hours":621.5,"cover":99.52625274658203,"water":"Tributary Of River Otter","bathing":null,"year":"2025"},"geometry":{"type":"Point","coordinates":[-3.22951,50.78291]}},{"type":"Feature","properties":{"id":"SBB00940","name":"Pixon Lane Combined Sewer Overflow","co":"South West Water","spills":67,"hours":95.8,"cover":96.56697082519531,"water":"River Tavy","bathing":null,"year":"2025"},"geometry":{"type":"Point","coordinates":[-4.148,50.54592]}},{"type":"Feature","properties":{"id":"SBB00477","name":"Fraddon Wastewater Treatement Works","co":"South West Water","spills":67,"hours":1220.8,"cover":100,"water":"Trib Of River Gannel","bathing":null,"year":"2025"},"geometry":{"type":"Point","coordinates":[-4.94933,50.38202]}},{"type":"Feature","properties":{"id":"SBB01124","name":"St Cleer Wastewater Treatment Works","co":"South West Water","spills":67,"hours":1095.8,"cover":99.99980926513672,"water":"Tremar Stream","bathing":null,"year":"2025"},"geometry":{"type":"Point","coordinates":[-4.4537,50.4851]}},{"type":"Feature","properties":{"id":"SBB01066","name":"Seaton Pumping Station","co":"South West Water","spills":67,"hours":1071.3,"cover":100,"water":"English Channel","bathing":"Seaton (Cornwall)","year":"2025"},"geometry":{"type":"Point","coordinates":[-4.38932,50.36294]}},{"type":"Feature","properties":{"id":"SBB00554","name":"Health Centre Car Park Pseo/CSO","co":"South West Water","spills":67,"hours":279,"cover":100,"water":"Looe River (Harbour) (E)","bathing":"East Looe","year":"2025"},"geometry":{"type":"Point","coordinates":[-4.45552,50.35689]}},{"type":"Feature","properties":{"id":"SBB00578","name":"Holcombe Rogus WWTW","co":"South West Water","spills":67,"hours":229.5,"cover":99.62899780273438,"water":"Trib Of River Lyner","bathing":null,"year":"2025"},"geometry":{"type":"Point","coordinates":[-3.34256,50.95586]}},{"type":"Feature","properties":{"id":"SBB01403","name":null,"co":"South West Water","spills":66,"hours":1048.8,"cover":100,"water":"Tributary Of Middle River Ottery","bathing":null,"year":"2025"},"geometry":{"type":"Point","coordinates":[-4.53841,50.68692]}},{"type":"Feature","properties":{"id":"SBB01097","name":"South Brent WWTW","co":"South West Water","spills":66,"hours":1268.2,"cover":100,"water":"River Avon","bathing":null,"year":"2025"},"geometry":{"type":"Point","coordinates":[-3.83483,50.41997]}},{"type":"Feature","properties":{"id":"SBB00501","name":"Goonmarris Pscso/EO","co":"South West Water","spills":66,"hours":403.8,"cover":100,"water":"Gwindra Stream(S)","bathing":null,"year":"2025"},"geometry":{"type":"Point","coordinates":[-4.87456,50.35987]}},{"type":"Feature","properties":{"id":"SBB00784","name":"Millbrook STW","co":"South West Water","spills":66,"hours":847.3,"cover":100,"water":"Millbrook Lake","bathing":null,"year":"2025"},"geometry":{"type":"Point","coordinates":[-4.20042,50.34967]}},{"type":"Feature","properties":{"id":"SBB00100","name":"Bere Ferrers Pumping Station","co":"South West Water","spills":66,"hours":268.8,"cover":100,"water":"River Tavy (Estuarine)","bathing":null,"year":"2025"},"geometry":{"type":"Point","coordinates":[-4.16898,50.44947]}},{"type":"Feature","properties":{"id":"SBB01417","name":null,"co":"South West Water","spills":65,"hours":35.5,"cover":99.10673522949219,"water":"Aller Brook(S)","bathing":null,"year":"2025"},"geometry":{"type":"Point","coordinates":[-3.59284,50.52903]}},{"type":"Feature","properties":{"id":"SBB01129","name":"St Dennis Wastewater Treatment Work","co":"South West Water","spills":65,"hours":817.1,"cover":99.68310546875,"water":"River Fal","bathing":null,"year":"2025"},"geometry":{"type":"Point","coordinates":[-4.89745,50.38251]}},{"type":"Feature","properties":{"id":"SBB00345","name":"Dalwood Pumping Station","co":"South West Water","spills":65,"hours":1042,"cover":87.92808532714844,"water":"The Corry Brook (S)","bathing":null,"year":"2025"},"geometry":{"type":"Point","coordinates":[-3.06534,50.79361]}},{"type":"Feature","properties":{"id":"SBB01113","name":"Sparry Lane CSO","co":"South West Water","spills":64,"hours":38.7,"cover":100,"water":"Carnon River (S)","bathing":null,"year":"2025"},"geometry":{"type":"Point","coordinates":[-5.17618,50.22914]}},{"type":"Feature","properties":{"id":"SBB00290","name":"Colyford Pscso/EO","co":"South West Water","spills":64,"hours":557.4,"cover":100,"water":"River Coly(S)","bathing":null,"year":"2025"},"geometry":{"type":"Point","coordinates":[-3.05905,50.72873]}},{"type":"Feature","properties":{"id":"SBB01091","name":"Siphon Telephone Box CSO","co":"South West Water","spills":64,"hours":292.1,"cover":100,"water":"River Tavy","bathing":null,"year":"2025"},"geometry":{"type":"Point","coordinates":[-4.15085,50.5402]}},{"type":"Feature","properties":{"id":"SBB01228","name":"The Ham PS Tank & CSO - Sidmouth","co":"South West Water","spills":64,"hours":913.8,"cover":99.95053100585938,"water":"(S) River Sid And (C) Lyme Bay","bathing":"Sidmouth Town","year":"2025"},"geometry":{"type":"Point","coordinates":[-3.23023,50.67525]}},{"type":"Feature","properties":{"id":"SBB01419","name":"Halberton STW Halberton","co":"South West Water","spills":64,"hours":823.9,"cover":99.70738220214844,"water":"Halberton Stream","bathing":null,"year":"2025"},"geometry":{"type":"Point","coordinates":[-3.40742,50.90185]}},{"type":"Feature","properties":{"id":"SBB00045","name":"Antony STW (Inlet To Works) Sso","co":"South West Water","spills":64,"hours":133.8,"cover":98.0736312866211,"water":"River Lynher Estuary","bathing":null,"year":"2025"},"geometry":{"type":"Point","coordinates":[-4.25359,50.37123]}},{"type":"Feature","properties":{"id":"SBB00599","name":"Horslears Pumping Station","co":"South West Water","spills":64,"hours":576.7,"cover":100,"water":"River Axe(S)","bathing":null,"year":"2025"},"geometry":{"type":"Point","coordinates":[-3.01102,50.77475]}},{"type":"Feature","properties":{"id":"SBB00130","name":"Bolton Street CSO","co":"South West Water","spills":64,"hours":78.9,"cover":100,"water":"English Channel(C)","bathing":"St Mary's Bay (Devon)","year":"2025"},"geometry":{"type":"Point","coordinates":[-3.49267,50.38151]}},{"type":"Feature","properties":{"id":"SBB01292","name":"Uffculme Pumping Station","co":"South West Water","spills":64,"hours":463.8,"cover":100,"water":"River Culm","bathing":null,"year":"2025"},"geometry":{"type":"Point","coordinates":[-3.33354,50.89948]}},{"type":"Feature","properties":{"id":"SBB00154","name":"Bridge House CSO","co":"South West Water","spills":63,"hours":487.7,"cover":94.69463348388672,"water":"River Coly (S)","bathing":null,"year":"2025"},"geometry":{"type":"Point","coordinates":[-3.05891,50.72873]}},{"type":"Feature","properties":{"id":"SBB00206","name":"Camels Head WWTW","co":"South West Water","spills":63,"hours":1048.8,"cover":100,"water":"Weston Mill Lake(E)","bathing":null,"year":"2025"},"geometry":{"type":"Point","coordinates":[-4.18683,50.39355]}},{"type":"Feature","properties":{"id":"SBB00207","name":"Camels Head WWTW","co":"South West Water","spills":63,"hours":1139.3,"cover":99.73744201660156,"water":"Weston Mill Lake(E)","bathing":null,"year":"2025"},"geometry":{"type":"Point","coordinates":[-4.18683,50.39355]}},{"type":"Feature","properties":{"id":"SBB00707","name":"Love Lane Combined Sewer Overflow","co":"South West Water","spills":63,"hours":169.3,"cover":99.77169036865234,"water":"Trib Of Aller Brook","bathing":null,"year":"2025"},"geometry":{"type":"Point","coordinates":[-3.59677,50.46134]}},{"type":"Feature","properties":{"id":"SBB00567","name":"Heybrook Bay Pumping Station","co":"South West Water","spills":62,"hours":136.2,"cover":99.90582275390625,"water":"English Channel- Heybrook Bay","bathing":null,"year":"2025"},"geometry":{"type":"Point","coordinates":[-4.11387,50.31899]}},{"type":"Feature","properties":{"id":"SBB00202","name":"Callington WWTW","co":"South West Water","spills":62,"hours":1005.5,"cover":100,"water":"Haye Valley Stream","bathing":null,"year":"2025"},"geometry":{"type":"Point","coordinates":[-4.34119,50.49632]}},{"type":"Feature","properties":{"id":"SBB00820","name":"Musbury & Whitford STW","co":"South West Water","spills":61,"hours":281.4,"cover":100,"water":"(S) River Axe","bathing":null,"year":"2025"},"geometry":{"type":"Point","coordinates":[-3.04692,50.75052]}},{"type":"Feature","properties":{"id":"SBB00286","name":"Coinagehall Street CSO","co":"South West Water","spills":61,"hours":66.7,"cover":81.50779724121094,"water":"River Cober Via Sws","bathing":null,"year":"2025"},"geometry":{"type":"Point","coordinates":[-5.28004,50.09949]}},{"type":"Feature","properties":{"id":"SBB00406","name":"Efford Marsh CSO","co":"South West Water","spills":61,"hours":718.1,"cover":100,"water":"Leigham Mill Stream","bathing":"Plymouth Hoe East","year":"2025"},"geometry":{"type":"Point","coordinates":[-4.09168,50.3926]}},{"type":"Feature","properties":{"id":"SBB00251","name":"Christow Wastewater Treatment Works","co":"South West Water","spills":61,"hours":1054,"cover":100,"water":"River Teign","bathing":null,"year":"2025"},"geometry":{"type":"Point","coordinates":[-3.64172,50.65651]}},{"type":"Feature","properties":{"id":"SBB00544","name":"Hartopp Road CSO","co":"South West Water","spills":61,"hours":489.7,"cover":100,"water":"Exe Estuary","bathing":"Exmouth","year":"2025"},"geometry":{"type":"Point","coordinates":[-3.41566,50.62422]}},{"type":"Feature","properties":{"id":"SBB00534","name":"Hannafore Pumping Station","co":"South West Water","spills":61,"hours":115.9,"cover":100,"water":"Looe Bay","bathing":"East Looe","year":"2025"},"geometry":{"type":"Point","coordinates":[-4.45326,50.34308]}},{"type":"Feature","properties":{"id":"SBB00395","name":"East Prawle STW","co":"South West Water","spills":60,"hours":423.9,"cover":100,"water":"Unnamed Coastal Stream(S)","bathing":null,"year":"2025"},"geometry":{"type":"Point","coordinates":[-3.70641,50.21505]}},{"type":"Feature","properties":{"id":"SBB00038","name":"Adit Lane CSO","co":"South West Water","spills":60,"hours":89.6,"cover":97.37138366699219,"water":"Tributary Of Saltmill Creek(S)","bathing":null,"year":"2025"},"geometry":{"type":"Point","coordinates":[-4.21731,50.41339]}},{"type":"Feature","properties":{"id":"SBB01067","name":"Seaton STW","co":"South West Water","spills":60,"hours":825.2,"cover":100,"water":"River Axe Estuary(E)","bathing":"Seaton (Devon)","year":"2025"},"geometry":{"type":"Point","coordinates":[-3.05952,50.71209]}},{"type":"Feature","properties":{"id":"SBB00334","name":"CSO At Atlantic Hotel","co":"South West Water","spills":60,"hours":52.4,"cover":100,"water":"Atlantic Ocean","bathing":null,"year":"2025"},"geometry":{"type":"Point","coordinates":[-6.31691,49.91561]}},{"type":"Feature","properties":{"id":"SBB01187","name":"Stoneyford Pumping Station","co":"South West Water","spills":59,"hours":930.6,"cover":100,"water":"River Ken","bathing":null,"year":"2025"},"geometry":{"type":"Point","coordinates":[-3.38139,50.85837]}},{"type":"Feature","properties":{"id":"SBB00952","name":"Polkerris Fine Screening Plant & PS","co":"South West Water","spills":59,"hours":913.3,"cover":100,"water":"St Austell Bay (C)","bathing":null,"year":"2025"},"geometry":{"type":"Point","coordinates":[-4.68367,50.3361]}},{"type":"Feature","properties":{"id":"SBB00839","name":"North Fal STW (St Stephens Coombe)","co":"South West Water","spills":59,"hours":927.9,"cover":100,"water":"Gwindra Stream (S)","bathing":null,"year":"2025"},"geometry":{"type":"Point","coordinates":[-4.89364,50.32216]}},{"type":"Feature","properties":{"id":"SBB00458","name":"Florence Street CSO","co":"South West Water","spills":59,"hours":28.6,"cover":99.86016082763672,"water":"Weston Mill Lake(S)","bathing":null,"year":"2025"},"geometry":{"type":"Point","coordinates":[-4.18691,50.40443]}},{"type":"Feature","properties":{"id":"SBB00688","name":"Lezant Pscso/EO","co":"South West Water","spills":59,"hours":902,"cover":98.0964584350586,"water":"River Inny (S)","bathing":null,"year":"2025"},"geometry":{"type":"Point","coordinates":[-4.34846,50.58882]}},{"type":"Feature","properties":{"id":"SBB00173","name":"Brownston STW","co":"South West Water","spills":59,"hours":486.4,"cover":100,"water":"Shilston Brook(S)","bathing":null,"year":"2025"},"geometry":{"type":"Point","coordinates":[-3.83324,50.36036]}},{"type":"Feature","properties":{"id":"SBB00252","name":"Chudleigh Knighton WWTW","co":"South West Water","spills":59,"hours":229.8,"cover":100,"water":"River Teign","bathing":null,"year":"2025"},"geometry":{"type":"Point","coordinates":[-3.63067,50.58274]}},{"type":"Feature","properties":{"id":"SBB01288","name":"Trusham Sewage Treatment Works","co":"South West Water","spills":59,"hours":427,"cover":100,"water":"Trusham Stream(S)","bathing":null,"year":"2025"},"geometry":{"type":"Point","coordinates":[-3.62473,50.62761]}},{"type":"Feature","properties":{"id":"SBB00941","name":"Plaidy Pump Station","co":"South West Water","spills":58,"hours":61.9,"cover":98.26769256591797,"water":"Looe Bay (C)","bathing":"Millendreath","year":"2025"},"geometry":{"type":"Point","coordinates":[-4.44071,50.35882]}},{"type":"Feature","properties":{"id":"SBB00405","name":"Edward Street CSO","co":"South West Water","spills":57,"hours":31.2,"cover":98.05364990234375,"water":"River Kenwyn(S)","bathing":null,"year":"2025"},"geometry":{"type":"Point","coordinates":[-5.0564,50.26393]}},{"type":"Feature","properties":{"id":"SBB01035","name":"Roche Combined Sewer Overflow","co":"South West Water","spills":57,"hours":49.7,"cover":100,"water":"Par River","bathing":null,"year":"2025"},"geometry":{"type":"Point","coordinates":[-4.82613,50.40856]}},{"type":"Feature","properties":{"id":"SBB00917","name":"Pear Tree Cross CSO","co":"South West Water","spills":57,"hours":280.6,"cover":100,"water":"River Ashburton (S)","bathing":null,"year":"2025"},"geometry":{"type":"Point","coordinates":[-3.76314,50.50994]}},{"type":"Feature","properties":{"id":"SBB00687","name":"Lewdown Wastewater Treatment Works","co":"South West Water","spills":57,"hours":980.9,"cover":100,"water":"Tributary Of River Thrushel","bathing":null,"year":"2025"},"geometry":{"type":"Point","coordinates":[-4.19778,50.66615]}},{"type":"Feature","properties":{"id":"SBB01257","name":"Torpoint Wastewater Treatment Works","co":"South West Water","spills":57,"hours":548.1,"cover":100,"water":"St John's Lake (Estuarine)","bathing":null,"year":"2025"},"geometry":{"type":"Point","coordinates":[-4.23037,50.36493]}},{"type":"Feature","properties":{"id":"SBB00165","name":"Broadhempston WWTW CSO","co":"South West Water","spills":57,"hours":1038.7,"cover":99.85445404052734,"water":"Broadhempston Stream","bathing":null,"year":"2025"},"geometry":{"type":"Point","coordinates":[-3.69543,50.47811]}},{"type":"Feature","properties":{"id":"SBB00715","name":"Lower North Street CSO","co":"South West Water","spills":57,"hours":178.7,"cover":100,"water":"Higher Leat Via Sw Sewer","bathing":null,"year":"2025"},"geometry":{"type":"Point","coordinates":[-3.53888,50.72195]}},{"type":"Feature","properties":{"id":"SBB00118","name":"Blackawton Sewage Treatment Works","co":"South West Water","spills":56,"hours":973.9,"cover":100,"water":"Blackawton Stream","bathing":null,"year":"2025"},"geometry":{"type":"Point","coordinates":[-3.68073,50.34162]}},{"type":"Feature","properties":{"id":"SBB01050","name":"Sandford Wastewater Treatment Works","co":"South West Water","spills":56,"hours":137.9,"cover":98.59589385986328,"water":"Tributary Of River Creedy","bathing":null,"year":"2025"},"geometry":{"type":"Point","coordinates":[-3.65639,50.80793]}},{"type":"Feature","properties":{"id":"SBB00734","name":"Macey Steps CSO","co":"South West Water","spills":56,"hours":127.9,"cover":96.3740463256836,"water":"Hamoaze (Estuarine)","bathing":null,"year":"2025"},"geometry":{"type":"Point","coordinates":[-4.19547,50.37657]}},{"type":"Feature","properties":{"id":"SBB00651","name":"Ladock Valley STW","co":"South West Water","spills":55,"hours":715.9,"cover":100,"water":"Tresillian River Estuary(E)","bathing":null,"year":"2025"},"geometry":{"type":"Point","coordinates":[-4.99007,50.28481]}},{"type":"Feature","properties":{"id":"SBB00433","name":"Exmouth Sewage Treatment Works","co":"South West Water","spills":55,"hours":788.5,"cover":87.52873229980469,"water":"Lyme Bay(C)","bathing":"Sandy Bay","year":"2025"},"geometry":{"type":"Point","coordinates":[-3.36094,50.60446]}},{"type":"Feature","properties":{"id":"SBB00575","name":"Holbeton Sewage Treatment Works","co":"South West Water","spills":55,"hours":117.5,"cover":100,"water":"River Erme(E)","bathing":"Mothecombe; Coastguards Beach, Erme Estuary","year":"2025"},"geometry":{"type":"Point","coordinates":[-3.94049,50.33559]}},{"type":"Feature","properties":{"id":"SBB01168","name":"Steward Cottages Sso","co":"South West Water","spills":55,"hours":138.5,"cover":100,"water":"The Wray Brook","bathing":null,"year":"2025"},"geometry":{"type":"Point","coordinates":[-3.74758,50.65362]}},{"type":"Feature","properties":{"id":"SBB00060","name":"Aylesbeare STW","co":"South West Water","spills":55,"hours":831.4,"cover":100,"water":"Aylesbeare Brook","bathing":null,"year":"2025"},"geometry":{"type":"Point","coordinates":[-3.36721,50.71833]}},{"type":"Feature","properties":{"id":"SBB00167","name":"Broadwindsor WWTW","co":"South West Water","spills":55,"hours":70.7,"cover":100,"water":"Tributary Of Drimpton Stream","bathing":null,"year":"2025"},"geometry":{"type":"Point","coordinates":[-2.80667,50.82599]}},{"type":"Feature","properties":{"id":"SBB00614","name":"Ipplepen Wastewater Treatment Works","co":"South West Water","spills":55,"hours":239.2,"cover":94.93721771240234,"water":"Halwell Stream","bathing":null,"year":"2025"},"geometry":{"type":"Point","coordinates":[-3.65338,50.48888]}},{"type":"Feature","properties":{"id":"SBB00793","name":"Modbury Wastewater Treatment Works","co":"South West Water","spills":54,"hours":656.8,"cover":100,"water":"Ayleston Brook (S)","bathing":"Mothecombe; Coastguards Beach, Erme Estuary","year":"2025"},"geometry":{"type":"Point","coordinates":[-3.89358,50.34671]}},{"type":"Feature","properties":{"id":"SBB00508","name":"Grampound Playing Field CSO","co":"South West Water","spills":54,"hours":88.9,"cover":100,"water":"River Fal","bathing":null,"year":"2025"},"geometry":{"type":"Point","coordinates":[-4.90389,50.29896]}},{"type":"Feature","properties":{"id":"SBB01110","name":"Southway Drive CSO","co":"South West Water","spills":54,"hours":188.1,"cover":100,"water":"Southway Stream(S)","bathing":null,"year":"2025"},"geometry":{"type":"Point","coordinates":[-4.13477,50.42474]}},{"type":"Feature","properties":{"id":"SBB01294","name":"Ugborough STW","co":"South West Water","spills":54,"hours":144.2,"cover":98.07439422607422,"water":"(S) Trib Of Lud Brook","bathing":null,"year":"2025"},"geometry":{"type":"Point","coordinates":[-3.86466,50.38351]}},{"type":"Feature","properties":{"id":"SBB01231","name":"The Lizard Pumping Station","co":"South West Water","spills":54,"hours":693.6,"cover":99.8944091796875,"water":"English Channel (Church Cove )","bathing":null,"year":"2025"},"geometry":{"type":"Point","coordinates":[-5.18051,49.97137]}},{"type":"Feature","properties":{"id":"SBB00726","name":"Lyme Regis (Uplyme) STW","co":"South West Water","spills":54,"hours":382.4,"cover":100,"water":"Tributary Of The River Lim","bathing":"Lyme Regis Church Cliff Beach","year":"2025"},"geometry":{"type":"Point","coordinates":[-2.94541,50.73537]}},{"type":"Feature","properties":{"id":"SBB01362","name":"Willand Wastewater Treatment Works","co":"South West Water","spills":54,"hours":310.6,"cover":100,"water":"Trib Of River Culm","bathing":null,"year":"2025"},"geometry":{"type":"Point","coordinates":[-3.36347,50.88691]}},{"type":"Feature","properties":{"id":"SBB01208","name":"Tatworth WWTW","co":"South West Water","spills":54,"hours":310.1,"cover":100,"water":"Forton Brook","bathing":null,"year":"2025"},"geometry":{"type":"Point","coordinates":[-2.94324,50.83899]}},{"type":"Feature","properties":{"id":"SBB01096","name":"Smugglers Lane Pseo","co":"South West Water","spills":53,"hours":411.5,"cover":99.8858413696289,"water":"Babbacombe Bay(C)","bathing":"Teignmouth Holcombe","year":"2025"},"geometry":{"type":"Point","coordinates":[-3.47423,50.56216]}},{"type":"Feature","properties":{"id":"SBB00598","name":"Horrabridge WWTW","co":"South West Water","spills":53,"hours":985.4,"cover":97.44007110595703,"water":"River Walkham","bathing":null,"year":"2025"},"geometry":{"type":"Point","coordinates":[-4.12033,50.51432]}},{"type":"Feature","properties":{"id":"SBB00157","name":"Bridgend Pumping Station","co":"South West Water","spills":53,"hours":920.8,"cover":97.0091323852539,"water":"Newton Creek (Estuarine)","bathing":null,"year":"2025"},"geometry":{"type":"Point","coordinates":[-4.0314,50.3156]}},{"type":"Feature","properties":{"id":"SBB00181","name":"Buckland Monachorum WWTW","co":"South West Water","spills":52,"hours":941.5,"cover":100,"water":"Tributary Of The River Tavy","bathing":null,"year":"2025"},"geometry":{"type":"Point","coordinates":[-4.13485,50.49544]}},{"type":"Feature","properties":{"id":"SBB00450","name":"Finns CSO","co":"South West Water","spills":52,"hours":97.1,"cover":100,"water":"Local Stream (S)","bathing":"Long Rock","year":"2025"},"geometry":{"type":"Point","coordinates":[-5.52585,50.12701]}},{"type":"Feature","properties":{"id":"SBB00692","name":"Lipson Vale 2 CSO","co":"South West Water","spills":52,"hours":74.3,"cover":100,"water":"Trib Of The River Plym Via Sws","bathing":"Plymouth Hoe West","year":"2025"},"geometry":{"type":"Point","coordinates":[-4.1203,50.38129]}},{"type":"Feature","properties":{"id":"SBB00531","name":"Ham Lane CSO","co":"South West Water","spills":52,"hours":113.8,"cover":97.98516082763672,"water":"Woodbury Brook","bathing":null,"year":"2025"},"geometry":{"type":"Point","coordinates":[-3.4061,50.67353]}},{"type":"Feature","properties":{"id":"SBB01219","name":"Textile Mill","co":"South West Water","spills":52,"hours":251.8,"cover":97.21746826171875,"water":"Bidwell Brook","bathing":"Steamer Quay, Dart Estuary","year":"2025"},"geometry":{"type":"Point","coordinates":[-3.70441,50.44551]}},{"type":"Feature","properties":{"id":"SBB00535","name":"Harberton WWTW","co":"South West Water","spills":52,"hours":179,"cover":100,"water":"Harbeton Stream","bathing":null,"year":"2025"},"geometry":{"type":"Point","coordinates":[-3.72248,50.4117]}},{"type":"Feature","properties":{"id":"SBB01363","name":"Willand Wastewater Treatment Works","co":"South West Water","spills":52,"hours":871.8,"cover":100,"water":"Trib Of River Culm","bathing":null,"year":"2025"},"geometry":{"type":"Point","coordinates":[-3.36321,50.88295]}},{"type":"Feature","properties":{"id":"SBB00736","name":"Maer Pumping Station & Tank CSO","co":"South West Water","spills":51,"hours":611.6,"cover":100,"water":"English Channel","bathing":"Exmouth","year":"2025"},"geometry":{"type":"Point","coordinates":[-3.39893,50.60842]}},{"type":"Feature","properties":{"id":"SBB01287","name":"Newham Wastewater Treatment Works","co":"South West Water","spills":51,"hours":669,"cover":100,"water":"Truro River","bathing":null,"year":"2025"},"geometry":{"type":"Point","coordinates":[-5.0395,50.2498]}},{"type":"Feature","properties":{"id":"SBB00306","name":"Corner Lane Pumping Station","co":"South West Water","spills":51,"hours":94.9,"cover":100,"water":"Tributary Of Spratford Stream","bathing":null,"year":"2025"},"geometry":{"type":"Point","coordinates":[-3.4131,50.90628]}},{"type":"Feature","properties":{"id":"SBB01060","name":"Scout Hut CSO","co":"South West Water","spills":51,"hours":772.8,"cover":98.28767395019531,"water":"River Dart Estuary(E)","bathing":"Stoke Gabriel, Dart Estuary","year":"2025"},"geometry":{"type":"Point","coordinates":[-3.61929,50.40284]}},{"type":"Feature","properties":{"id":"SBB00032","name":"59 Bretonside CSO","co":"South West Water","spills":51,"hours":217.3,"cover":89.82876586914062,"water":"Sutton Harbour Via Sws (Estu.)","bathing":"Plymouth Hoe East","year":"2025"},"geometry":{"type":"Point","coordinates":[-4.1333,50.37008]}},{"type":"Feature","properties":{"id":"SBB00011","name":"178 Beaumont Road CSO","co":"South West Water","spills":51,"hours":31.5,"cover":99.29508972167969,"water":"River Plym Via Sws (Estuarine)","bathing":null,"year":"2025"},"geometry":{"type":"Point","coordinates":[-4.10871,50.37377]}},{"type":"Feature","properties":{"id":"SBB00504","name":"Gorran Haven Pscso/EO","co":"South West Water","spills":50,"hours":387,"cover":96.05593872070312,"water":"Atlantic Ocean (C)","bathing":"Gorran Haven Little Perhaver","year":"2025"},"geometry":{"type":"Point","coordinates":[-4.78485,50.23972]}},{"type":"Feature","properties":{"id":"SBB00156","name":"Bridge Street Quay CSO","co":"South West Water","spills":50,"hours":142,"cover":100,"water":"Kingsbridge Estuary(E)","bathing":null,"year":"2025"},"geometry":{"type":"Point","coordinates":[-3.77592,50.28255]}},{"type":"Feature","properties":{"id":"SBB01077","name":"Sherford Wastewater Treatment Works","co":"South West Water","spills":50,"hours":282.7,"cover":99.76598358154297,"water":"Sherford Stream","bathing":null,"year":"2025"},"geometry":{"type":"Point","coordinates":[-3.71611,50.28587]}},{"type":"Feature","properties":{"id":"SBB00929","name":"Perranuthnoe Pumping Station","co":"South West Water","spills":50,"hours":565.8,"cover":100,"water":"(C) Mounts Bay","bathing":"Perranuthnoe","year":"2025"},"geometry":{"type":"Point","coordinates":[-5.44885,50.11106]}},{"type":"Feature","properties":{"id":"SBB00358","name":"Denbury Wastewater Treatment Works","co":"South West Water","spills":50,"hours":231.6,"cover":100,"water":"Halwell Stream","bathing":null,"year":"2025"},"geometry":{"type":"Point","coordinates":[-3.65645,50.50008]}},{"type":"Feature","properties":{"id":"SBB00981","name":"Praze Tank CSO","co":"South West Water","spills":49,"hours":663.3,"cover":93.73573303222656,"water":"Praze Stream","bathing":null,"year":"2025"},"geometry":{"type":"Point","coordinates":[-5.10892,50.17167]}},{"type":"Feature","properties":{"id":"SBB00210","name":"Cargreen Pscso/EO","co":"South West Water","spills":49,"hours":131,"cover":100,"water":"River Tamar (E)","bathing":null,"year":"2025"},"geometry":{"type":"Point","coordinates":[-4.20344,50.44208]}},{"type":"Feature","properties":{"id":"SBB01190","name":"Strete WWTW","co":"South West Water","spills":49,"hours":432.8,"cover":99.83580780029297,"water":"Start Bay, English Channel","bathing":null,"year":"2025"},"geometry":{"type":"Point","coordinates":[-3.62325,50.30862]}},{"type":"Feature","properties":{"id":"SBB00636","name":"Kings Bridge CSO","co":"South West Water","spills":49,"hours":73.8,"cover":100,"water":"Wray Brook (S)","bathing":null,"year":"2025"},"geometry":{"type":"Point","coordinates":[-3.75566,50.65782]}},{"type":"Feature","properties":{"id":"SBB01053","name":"Sandy Lane Pumping Station","co":"South West Water","spills":49,"hours":73.9,"cover":100,"water":"Lyme Bay (Coastal)","bathing":null,"year":"2025"},"geometry":{"type":"Point","coordinates":[-3.45103,50.57909]}},{"type":"Feature","properties":{"id":"SBB00372","name":"Doddiscombsleigh STW","co":"South West Water","spills":49,"hours":364.8,"cover":97.45433807373047,"water":"Doddiscombsleigh Stream(S)","bathing":null,"year":"2025"},"geometry":{"type":"Point","coordinates":[-3.62453,50.67105]}},{"type":"Feature","properties":{"id":"SBB00794","name":"Molinnis Combined Sewer Overflow","co":"South West Water","spills":48,"hours":112,"cover":100,"water":"Tributary Of River Par","bathing":null,"year":"2025"},"geometry":{"type":"Point","coordinates":[-4.77852,50.40089]}},{"type":"Feature","properties":{"id":"SBB00792","name":"Mitchell Pumping Station","co":"South West Water","spills":48,"hours":578.4,"cover":98.80992889404297,"water":"Benny Stream(S)","bathing":null,"year":"2025"},"geometry":{"type":"Point","coordinates":[-5.01441,50.35453]}},{"type":"Feature","properties":{"id":"SBB00507","name":"Grampound Playing Field CSO","co":"South West Water","spills":48,"hours":66.9,"cover":100,"water":"River Fal","bathing":null,"year":"2025"},"geometry":{"type":"Point","coordinates":[-4.90389,50.29896]}},{"type":"Feature","properties":{"id":"SBB00893","name":"Outside 5 Trevarrack Lane CSO","co":"South West Water","spills":48,"hours":20.8,"cover":100,"water":"Local Stream (S)","bathing":"Long Rock","year":"2025"},"geometry":{"type":"Point","coordinates":[-5.52859,50.12998]}},{"type":"Feature","properties":{"id":"SBB01391","name":"Yeolmbridge CSO","co":"South West Water","spills":47,"hours":403.3,"cover":98.29052734375,"water":"River Yeolm (S)","bathing":null,"year":"2025"},"geometry":{"type":"Point","coordinates":[-4.38167,50.66172]}},{"type":"Feature","properties":{"id":"SBB01174","name":"Stockmeadow House CSO","co":"South West Water","spills":47,"hours":79.1,"cover":100,"water":"Tributary O Teign Estuary(S)","bathing":null,"year":"2025"},"geometry":{"type":"Point","coordinates":[-3.53895,50.55089]}},{"type":"Feature","properties":{"id":"SBB00420","name":"Ernesettle Sewage Treatment Works","co":"South West Water","spills":47,"hours":790.6,"cover":88.95548248291016,"water":"River Tamar (E)","bathing":null,"year":"2025"},"geometry":{"type":"Point","coordinates":[-4.19402,50.42121]}},{"type":"Feature","properties":{"id":"SBB00721","name":"Ludgvan School CSO","co":"South West Water","spills":47,"hours":568.9,"cover":100,"water":"Ludgvan Stream","bathing":null,"year":"2025"},"geometry":{"type":"Point","coordinates":[-5.48226,50.14542]}},{"type":"Feature","properties":{"id":"SBB00335","name":"CSO At Dunstanville Terrace","co":"South West Water","spills":47,"hours":85.2,"cover":99.94901275634766,"water":"Penryn River(E)","bathing":null,"year":"2025"},"geometry":{"type":"Point","coordinates":[-5.074,50.16019]}},{"type":"Feature","properties":{"id":"SBB00400","name":"Eastern Kings Pumping Station","co":"South West Water","spills":47,"hours":283.7,"cover":99.56050109863281,"water":"Plymouth Sound (E)","bathing":"Plymouth Firestone Bay","year":"2025"},"geometry":{"type":"Point","coordinates":[-4.15694,50.36119]}},{"type":"Feature","properties":{"id":"SBB01004","name":"Quilletts CSO","co":"South West Water","spills":47,"hours":29.8,"cover":100,"water":"Tributary Of Combe Stream","bathing":"Salcombe South Sands","year":"2025"},"geometry":{"type":"Point","coordinates":[-3.81338,50.24122]}},{"type":"Feature","properties":{"id":"SBB00164","name":"Broadhembury Pumping Station","co":"South West Water","spills":47,"hours":769.1,"cover":100,"water":"River Tale","bathing":null,"year":"2025"},"geometry":{"type":"Point","coordinates":[-3.28113,50.83451]}},{"type":"Feature","properties":{"id":"SBB00387","name":"Dunsford Road CSO","co":"South West Water","spills":47,"hours":111.5,"cover":100,"water":"River Exe Via Sws","bathing":null,"year":"2025"},"geometry":{"type":"Point","coordinates":[-3.51682,50.70578]}},{"type":"Feature","properties":{"id":"SBB01282","name":"Trelander Highway CSO","co":"South West Water","spills":46,"hours":32,"cover":100,"water":"River Allen(Estuarine) Via Sws","bathing":null,"year":"2025"},"geometry":{"type":"Point","coordinates":[-5.04723,50.26309]}},{"type":"Feature","properties":{"id":"SBB01337","name":"West Charleton STW","co":"South West Water","spills":46,"hours":390.7,"cover":100,"water":"Charleton Stream(S)","bathing":null,"year":"2025"},"geometry":{"type":"Point","coordinates":[-3.75251,50.26788]}},{"type":"Feature","properties":{"id":"SBB00576","name":"Holbeton Sewage Treatment Works","co":"South West Water","spills":46,"hours":388,"cover":48.809932708740234,"water":"River Erme(E)","bathing":"Mothecombe; Coastguards Beach, Erme Estuary","year":"2025"},"geometry":{"type":"Point","coordinates":[-3.93388,50.33193]}},{"type":"Feature","properties":{"id":"SBB00747","name":"Market Road CSO","co":"South West Water","spills":46,"hours":203,"cover":100,"water":"Longbrook","bathing":"Plymouth Hoe East","year":"2025"},"geometry":{"type":"Point","coordinates":[-4.06062,50.38695]}},{"type":"Feature","properties":{"id":"SBB00755","name":"Mayors Avenue Pumping Station","co":"South West Water","spills":46,"hours":116.9,"cover":100,"water":"Dart River Estuary(E)","bathing":"Dartmouth Castle and Sugary Cove; Warfleet Creek, Dart Estuary","year":"2025"},"geometry":{"type":"Point","coordinates":[-3.57555,50.35289]}},{"type":"Feature","properties":{"id":"SBB00365","name":"Dittisham WWTW","co":"South West Water","spills":46,"hours":212.4,"cover":99.86643981933594,"water":"River Dart Estuary","bathing":"Dittisham, Dart Estuary","year":"2025"},"geometry":{"type":"Point","coordinates":[-3.59656,50.38391]}},{"type":"Feature","properties":{"id":"SBB00410","name":"Elburton South PS","co":"South West Water","spills":46,"hours":118.7,"cover":99.78881072998047,"water":"Trib Of River Yealm Est (S)","bathing":null,"year":"2025"},"geometry":{"type":"Point","coordinates":[-4.05715,50.35886]}},{"type":"Feature","properties":{"id":"SBB00656","name":"Lake Lane CSO","co":"South West Water","spills":46,"hours":276.3,"cover":98.49029541015625,"water":"River Meavy (S)","bathing":null,"year":"2025"},"geometry":{"type":"Point","coordinates":[-4.07203,50.49369]}},{"type":"Feature","properties":{"id":"SBB01052","name":"Sandy Lane Pumping Station","co":"South West Water","spills":46,"hours":396.4,"cover":100,"water":"Lyme Bay (C)","bathing":"Dawlish Town","year":"2025"},"geometry":{"type":"Point","coordinates":[-3.45017,50.57892]}},{"type":"Feature","properties":{"id":"SBB01375","name":"Woodland Ave CSO","co":"South West Water","spills":46,"hours":68.1,"cover":100,"water":"Stream Dis To Lyme Bay (S)","bathing":"Teignmouth Holcombe","year":"2025"},"geometry":{"type":"Point","coordinates":[-3.48245,50.55882]}},{"type":"Feature","properties":{"id":"SBB00025","name":"31 Fore Street CSO","co":"South West Water","spills":46,"hours":35.5,"cover":98.76712036132812,"water":"Trib Of R.Dart(E) Via Sw Sewer","bathing":"Steamer Quay, Dart Estuary","year":"2025"},"geometry":{"type":"Point","coordinates":[-3.68286,50.42982]}},{"type":"Feature","properties":{"id":"SBB01369","name":"Winsford Pscso/EO","co":"South West Water","spills":45,"hours":597,"cover":95.36529541015625,"water":"River Exe(S)","bathing":null,"year":"2025"},"geometry":{"type":"Point","coordinates":[-3.56219,51.10232]}},{"type":"Feature","properties":{"id":"SBB00097","name":"Bere Alston Combined Sewer Overflow","co":"South West Water","spills":45,"hours":51.7,"cover":100,"water":"Trib Of River Tamar Via Sws","bathing":null,"year":"2025"},"geometry":{"type":"Point","coordinates":[-4.19126,50.48045]}},{"type":"Feature","properties":{"id":"SBB00349","name":"Dartington B CSO","co":"South West Water","spills":45,"hours":507.6,"cover":100,"water":"Bidwell Brook","bathing":"Steamer Quay, Dart Estuary","year":"2025"},"geometry":{"type":"Point","coordinates":[-3.70981,50.44696]}},{"type":"Feature","properties":{"id":"SBB01255","name":"Torbryan PS","co":"South West Water","spills":45,"hours":933.8,"cover":100,"water":"Halwell Stream(S)","bathing":null,"year":"2025"},"geometry":{"type":"Point","coordinates":[-3.66026,50.48815]}},{"type":"Feature","properties":{"id":"SBB01048","name":"Sampford Peverell WWTW","co":"South West Water","spills":45,"hours":545.6,"cover":100,"water":"Spratford Stream","bathing":null,"year":"2025"},"geometry":{"type":"Point","coordinates":[-3.36874,50.91167]}},{"type":"Feature","properties":{"id":"SBB00925","name":"Pennymoor Sewage Treatment Works","co":"South West Water","spills":44,"hours":347.3,"cover":84.89859008789062,"water":"A Tributary Of Binneford Water","bathing":null,"year":"2025"},"geometry":{"type":"Point","coordinates":[-3.61589,50.89295]}},{"type":"Feature","properties":{"id":"SBB01301","name":"Ventura CSO","co":"South West Water","spills":44,"hours":179.6,"cover":100,"water":"Ditch","bathing":null,"year":"2025"},"geometry":{"type":"Point","coordinates":[-3.207,50.79573]}},{"type":"Feature","properties":{"id":"SBB01358","name":"Whitleigh Wood CSO","co":"South West Water","spills":44,"hours":220.6,"cover":100,"water":"Tributary Of Tamerton Lake(S)","bathing":null,"year":"2025"},"geometry":{"type":"Point","coordinates":[-4.14626,50.42354]}},{"type":"Feature","properties":{"id":"SBB00569","name":"High Marsh Pseo (Half Moon Village)","co":"South West Water","spills":44,"hours":46.3,"cover":100,"water":"River Creedy(S)","bathing":null,"year":"2025"},"geometry":{"type":"Point","coordinates":[-3.56586,50.7662]}},{"type":"Feature","properties":{"id":"SBB01164","name":"Station Road Pseo","co":"South West Water","spills":44,"hours":1.3,"cover":100,"water":"River Creedy(S)","bathing":null,"year":"2025"},"geometry":{"type":"Point","coordinates":[-3.58845,50.77578]}},{"type":"Feature","properties":{"id":"SBB00642","name":"Kingsand Sewage Pumping Station","co":"South West Water","spills":44,"hours":37.8,"cover":95.9246597290039,"water":"Cawsand Bay (C)","bathing":"Kingsand","year":"2025"},"geometry":{"type":"Point","coordinates":[-4.20065,50.33339]}},{"type":"Feature","properties":{"id":"SBB00712","name":"Lower Ferry Pumping Station","co":"South West Water","spills":44,"hours":76.5,"cover":100,"water":"River Dart (Estuarine)","bathing":"Warfleet Creek, Dart Estuary","year":"2025"},"geometry":{"type":"Point","coordinates":[-3.57386,50.34851]}},{"type":"Feature","properties":{"id":"SBB00061","name":"Ayliffe's Bridge CSO","co":"South West Water","spills":43,"hours":189.5,"cover":100,"water":"River Bovey","bathing":null,"year":"2025"},"geometry":{"type":"Point","coordinates":[-3.67291,50.59068]}},{"type":"Feature","properties":{"id":"SBB00588","name":"Honda Garage CSO","co":"South West Water","spills":43,"hours":533.7,"cover":100,"water":"Weston Mill Stream(E)","bathing":null,"year":"2025"},"geometry":{"type":"Point","coordinates":[-4.17952,50.39675]}},{"type":"Feature","properties":{"id":"SBB01087","name":"Shute WWTW","co":"South West Water","spills":43,"hours":174.9,"cover":99.60901641845703,"water":"Trib Of River Creedy","bathing":null,"year":"2025"},"geometry":{"type":"Point","coordinates":[-3.56849,50.78972]}},{"type":"Feature","properties":{"id":"SBB00225","name":"Chagford Fire 1 CSO","co":"South West Water","spills":43,"hours":29.6,"cover":100,"water":"Trib Of River Teign","bathing":null,"year":"2025"},"geometry":{"type":"Point","coordinates":[-3.8346,50.67585]}},{"type":"Feature","properties":{"id":"SBB00371","name":"Dockyard No.3 Pumping Station","co":"South West Water","spills":43,"hours":338,"cover":100,"water":"River Tamar (Estuarine)","bathing":null,"year":"2025"},"geometry":{"type":"Point","coordinates":[-4.18534,50.36714]}},{"type":"Feature","properties":{"id":"SBB00673","name":"Latchley STW","co":"South West Water","spills":42,"hours":604,"cover":98.93264770507812,"water":"River Tamar (S)","bathing":null,"year":"2025"},"geometry":{"type":"Point","coordinates":[-4.24784,50.54377]}},{"type":"Feature","properties":{"id":"SBB01198","name":"Swanvale Pumping Station","co":"South West Water","spills":42,"hours":690,"cover":100,"water":"Falmouth Bay/Trib Bickland Wat","bathing":"Swanpool","year":"2025"},"geometry":{"type":"Point","coordinates":[-5.07319,50.13439]}},{"type":"Feature","properties":{"id":"SBB00426","name":"Exeter (Countess Wear) STW","co":"South West Water","spills":42,"hours":234.3,"cover":100,"water":"River Exe Estuary(E)","bathing":null,"year":"2025"},"geometry":{"type":"Point","coordinates":[-3.48833,50.69158]}},{"type":"Feature","properties":{"id":"SBB01137","name":"St John STW","co":"South West Water","spills":42,"hours":32.7,"cover":97.68264770507812,"water":"St Johns Leat (E)","bathing":null,"year":"2025"},"geometry":{"type":"Point","coordinates":[-4.23742,50.36219]}},{"type":"Feature","properties":{"id":"SBB00881","name":"Old Mill Road","co":"South West Water","spills":42,"hours":124.7,"cover":100,"water":"Cockington Stream To Sea","bathing":"Torre Abbey","year":"2025"},"geometry":{"type":"Point","coordinates":[-3.54791,50.45795]}},{"type":"Feature","properties":{"id":"SBB01276","name":"Trefius Park Combined Sewer Overflo","co":"South West Water","spills":42,"hours":31.3,"cover":86.58390045166016,"water":"Tributary Of The River Plym","bathing":"Plymouth Hoe East","year":"2025"},"geometry":{"type":"Point","coordinates":[-4.11996,50.38319]}},{"type":"Feature","properties":{"id":"SBB01173","name":"Stockland STW","co":"South West Water","spills":41,"hours":439.3,"cover":100,"water":"Watercourse","bathing":null,"year":"2025"},"geometry":{"type":"Point","coordinates":[-3.06776,50.83135]}},{"type":"Feature","properties":{"id":"SBB00303","name":"Constantine STW","co":"South West Water","spills":41,"hours":58.9,"cover":100,"water":"Lestraines River(S)","bathing":null,"year":"2025"},"geometry":{"type":"Point","coordinates":[-5.16718,50.11657]}},{"type":"Feature","properties":{"id":"SBB01310","name":"Victoria Square CSO","co":"South West Water","spills":41,"hours":36.4,"cover":97.87385559082031,"water":"River Kenwyn","bathing":null,"year":"2025"},"geometry":{"type":"Point","coordinates":[-5.05312,50.26311]}},{"type":"Feature","properties":{"id":"SBB00302","name":"Constantine Bridge Pumping Station","co":"South West Water","spills":41,"hours":488.7,"cover":100,"water":"Nanceroy Stream (S)","bathing":null,"year":"2025"},"geometry":{"type":"Point","coordinates":[-5.17718,50.11756]}},{"type":"Feature","properties":{"id":"SBB00232","name":"Chapel Lane CSO","co":"South West Water","spills":41,"hours":300.5,"cover":100,"water":"River Walkham (S)","bathing":null,"year":"2025"},"geometry":{"type":"Point","coordinates":[-4.09842,50.51013]}},{"type":"Feature","properties":{"id":"SBB00821","name":"Mutton Cove Pumping Station","co":"South West Water","spills":41,"hours":84.4,"cover":100,"water":"River Tamar (Estuarine)","bathing":null,"year":"2025"},"geometry":{"type":"Point","coordinates":[-4.17666,50.36505]}},{"type":"Feature","properties":{"id":"SBB00120","name":"Blackwater STW","co":"South West Water","spills":41,"hours":38.3,"cover":99.9832534790039,"water":"(S) River Carnon","bathing":null,"year":"2025"},"geometry":{"type":"Point","coordinates":[-5.17267,50.2671]}},{"type":"Feature","properties":{"id":"SBB00354","name":"Dawlish Sso (Brook Street)","co":"South West Water","spills":41,"hours":27.6,"cover":100,"water":"Dawlish Water(S)","bathing":"Dawlish Town","year":"2025"},"geometry":{"type":"Point","coordinates":[-3.47496,50.58104]}},{"type":"Feature","properties":{"id":"SBB00380","name":"Duloe STW","co":"South West Water","spills":41,"hours":88.4,"cover":100,"water":"Trib Of West Looe River","bathing":null,"year":"2025"},"geometry":{"type":"Point","coordinates":[-4.49109,50.39724]}},{"type":"Feature","properties":{"id":"SBB00615","name":"Ipplepen Wastewater Treatment Works","co":"South West Water","spills":41,"hours":549.8,"cover":95,"water":"Halwell Stream","bathing":null,"year":"2025"},"geometry":{"type":"Point","coordinates":[-3.65338,50.48888]}},{"type":"Feature","properties":{"id":"SBB00247","name":"Chilsworthy WWTW","co":"South West Water","spills":41,"hours":250.9,"cover":95.74486541748047,"water":"River Tamar","bathing":null,"year":"2025"},"geometry":{"type":"Point","coordinates":[-4.23428,50.53171]}},{"type":"Feature","properties":{"id":"SBB00330","name":"Crowsnest STW","co":"South West Water","spills":40,"hours":183.7,"cover":94.68607330322266,"water":"River Seaton (S)","bathing":null,"year":"2025"},"geometry":{"type":"Point","coordinates":[-4.44909,50.4968]}},{"type":"Feature","properties":{"id":"SBB00241","name":"Cheriton Bishop STW","co":"South West Water","spills":40,"hours":519.5,"cover":100,"water":"Ford Brook(S)","bathing":null,"year":"2025"},"geometry":{"type":"Point","coordinates":[-3.73606,50.72862]}},{"type":"Feature","properties":{"id":"SBB01256","name":"Torcross Pumping Station","co":"South West Water","spills":40,"hours":654,"cover":100,"water":"Start Bay (C)","bathing":"Slapton Sands Torcross","year":"2025"},"geometry":{"type":"Point","coordinates":[-3.65118,50.26352]}},{"type":"Feature","properties":{"id":"SBB00389","name":"East Allington WWTW","co":"South West Water","spills":40,"hours":471.8,"cover":100,"water":"Small Brook","bathing":null,"year":"2025"},"geometry":{"type":"Point","coordinates":[-3.7358,50.32561]}},{"type":"Feature","properties":{"id":"SBB01212","name":"Tedburn St Mary STW","co":"South West Water","spills":40,"hours":183.7,"cover":100,"water":"Lilly Brook(S)","bathing":null,"year":"2025"},"geometry":{"type":"Point","coordinates":[-3.66636,50.73315]}},{"type":"Feature","properties":{"id":"SBB00168","name":"Broadwindsor WWTW","co":"South West Water","spills":40,"hours":376.5,"cover":100,"water":"Tributary Of Drimpton Stream","bathing":null,"year":"2025"},"geometry":{"type":"Point","coordinates":[-2.80667,50.82599]}},{"type":"Feature","properties":{"id":"SBB00975","name":"Pottery Quay Pumping Station","co":"South West Water","spills":40,"hours":190,"cover":100,"water":"Plymouth Sound (Estuarine)","bathing":null,"year":"2025"},"geometry":{"type":"Point","coordinates":[-4.18467,50.37704]}},{"type":"Feature","properties":{"id":"SBB00227","name":"Chagford Wastewater Treatment Works","co":"South West Water","spills":40,"hours":336,"cover":100,"water":"River Teign","bathing":null,"year":"2025"},"geometry":{"type":"Point","coordinates":[-3.84037,50.67864]}},{"type":"Feature","properties":{"id":"SBB00355","name":"Dawlish Warren Road PS","co":"South West Water","spills":39,"hours":171.4,"cover":100,"water":"Shutterton Brook(S)","bathing":null,"year":"2025"},"geometry":{"type":"Point","coordinates":[-3.44817,50.60098]}},{"type":"Feature","properties":{"id":"SBB01143","name":"St Leonards WWTW","co":"South West Water","spills":39,"hours":147.6,"cover":100,"water":"River Tamar","bathing":null,"year":"2025"},"geometry":{"type":"Point","coordinates":[-4.33353,50.6412]}},{"type":"Feature","properties":{"id":"SBB00922","name":"Pennsylvania Road CSO","co":"South West Water","spills":39,"hours":107.3,"cover":100,"water":"Higher Least Via Sw Sewer","bathing":null,"year":"2025"},"geometry":{"type":"Point","coordinates":[-3.53888,50.72195]}},{"type":"Feature","properties":{"id":"SBB00896","name":"Oxen Cove Pumping Station","co":"South West Water","spills":39,"hours":75.6,"cover":100,"water":"Brixham Outer Harbour(C)","bathing":null,"year":"2025"},"geometry":{"type":"Point","coordinates":[-3.51391,50.39922]}},{"type":"Feature","properties":{"id":"SBB01366","name":"Wilton Road CSO","co":"South West Water","spills":39,"hours":34.5,"cover":100,"water":"Stonehouse Creek Via Sws (Est)","bathing":null,"year":"2025"},"geometry":{"type":"Point","coordinates":[-4.16378,50.36943]}},{"type":"Feature","properties":{"id":"SBB01360","name":"Widegates WWTW","co":"South West Water","spills":39,"hours":34.2,"cover":100,"water":"Tributary Of River Seaton","bathing":null,"year":"2025"},"geometry":{"type":"Point","coordinates":[-4.41268,50.39106]}},{"type":"Feature","properties":{"id":"SBB00432","name":"Exford STW","co":"South West Water","spills":39,"hours":551.6,"cover":100,"water":"River Exe","bathing":null,"year":"2025"},"geometry":{"type":"Point","coordinates":[-3.63535,51.13127]}},{"type":"Feature","properties":{"id":"SBB00486","name":"Garrick Close CSO","co":"South West Water","spills":39,"hours":49.8,"cover":97.00057220458984,"water":"Honicknowle Stream","bathing":"Plymouth Hoe East","year":"2025"},"geometry":{"type":"Point","coordinates":[-4.15094,50.4087]}},{"type":"Feature","properties":{"id":"SBB00904","name":"Paradise Road (Graveyard) CSO","co":"South West Water","spills":39,"hours":56.1,"cover":98.91552734375,"water":"Stonehouse Creek Via Sws (Est)","bathing":null,"year":"2025"},"geometry":{"type":"Point","coordinates":[-4.16378,50.36943]}},{"type":"Feature","properties":{"id":"SBB01167","name":"Steamer Quay Bridgetown CSO","co":"South West Water","spills":39,"hours":91,"cover":100,"water":"River Dart Estuary","bathing":"Steamer Quay, Dart Estuary","year":"2025"},"geometry":{"type":"Point","coordinates":[-3.6813,50.42948]}},{"type":"Feature","properties":{"id":"SBB01186","name":"Stonepark Crescent","co":"South West Water","spills":39,"hours":174.9,"cover":99.77739715576172,"water":"River Ashburn Via Sws","bathing":null,"year":"2025"},"geometry":{"type":"Point","coordinates":[-3.7595,50.51062]}},{"type":"Feature","properties":{"id":"SBB01409","name":null,"co":"South West Water","spills":38,"hours":423,"cover":97.78767395019531,"water":"Carnon River","bathing":null,"year":"2025"},"geometry":{"type":"Point","coordinates":[-5.15617,50.2573]}},{"type":"Feature","properties":{"id":"SBB01033","name":"Roberts Ope CSO","co":"South West Water","spills":38,"hours":56.4,"cover":100,"water":"River Kenwyn[S]","bathing":null,"year":"2025"},"geometry":{"type":"Point","coordinates":[-5.05155,50.26261]}},{"type":"Feature","properties":{"id":"SBB00440","name":"Falmouth STW Inlet & Storm PS","co":"South West Water","spills":38,"hours":582,"cover":100,"water":"Penryn River(E)","bathing":null,"year":"2025"},"geometry":{"type":"Point","coordinates":[-5.04386,50.14866]}},{"type":"Feature","properties":{"id":"SBB00823","name":"Mylor Bridge Pscso/EO","co":"South West Water","spills":38,"hours":390.7,"cover":100,"water":"Mylor Creek (E)","bathing":null,"year":"2025"},"geometry":{"type":"Point","coordinates":[-5.07579,50.18362]}},{"type":"Feature","properties":{"id":"SBB01295","name":"Ugborough STW","co":"South West Water","spills":38,"hours":654.3,"cover":99.99980926513672,"water":"(S) Trib Of Lud Brook","bathing":null,"year":"2025"},"geometry":{"type":"Point","coordinates":[-3.86466,50.38351]}},{"type":"Feature","properties":{"id":"SBB00199","name":"Caffa Mill Pumping Station","co":"South West Water","spills":38,"hours":106.8,"cover":100,"water":"River Fowey Estuary(E)","bathing":"Readymoney Cove","year":"2025"},"geometry":{"type":"Point","coordinates":[-4.6327,50.33951]}},{"type":"Feature","properties":{"id":"SBB00948","name":"Plymtree STW","co":"South West Water","spills":38,"hours":379,"cover":100,"water":"River Weaver","bathing":null,"year":"2025"},"geometry":{"type":"Point","coordinates":[-3.36357,50.82719]}},{"type":"Feature","properties":{"id":"SBB00367","name":"Dobles Lane Pscso/EO","co":"South West Water","spills":38,"hours":344.4,"cover":100,"water":"Trib River Deer (S)","bathing":null,"year":"2025"},"geometry":{"type":"Point","coordinates":[-4.3537,50.81825]}},{"type":"Feature","properties":{"id":"SBB01026","name":"Rilla Mill WWTW","co":"South West Water","spills":38,"hours":463.5,"cover":98.1877670288086,"water":"(S) River Lynher","bathing":null,"year":"2025"},"geometry":{"type":"Point","coordinates":[-4.40859,50.53515]}},{"type":"Feature","properties":{"id":"SBB00778","name":"Mill Race Combined Sewer Overflow","co":"South West Water","spills":37,"hours":123.7,"cover":100,"water":"Mill Race, River Exe","bathing":null,"year":"2025"},"geometry":{"type":"Point","coordinates":[-3.51086,50.70541]}},{"type":"Feature","properties":{"id":"SBB01099","name":"South Milton STW","co":"South West Water","spills":37,"hours":268.5,"cover":97.73020935058594,"water":"South Milton Stream","bathing":"Thurlestone South","year":"2025"},"geometry":{"type":"Point","coordinates":[-3.84393,50.2662]}},{"type":"Feature","properties":{"id":"SBB00618","name":"Ivybridge STW","co":"South West Water","spills":37,"hours":223.3,"cover":100,"water":"River Erme","bathing":"Mothecombe; Coastguards Beach, Erme Estuary","year":"2025"},"geometry":{"type":"Point","coordinates":[-3.92618,50.38485]}},{"type":"Feature","properties":{"id":"SBB00336","name":"CSO At Killigrew Street","co":"South West Water","spills":37,"hours":41.1,"cover":100,"water":"Penryn River(E)","bathing":null,"year":"2025"},"geometry":{"type":"Point","coordinates":[-5.06971,50.15661]}},{"type":"Feature","properties":{"id":"SBB00548","name":"Hawkchurch STW","co":"South West Water","spills":37,"hours":487.8,"cover":95.70205688476562,"water":"Blackwater River/Stream (S)","bathing":null,"year":"2025"},"geometry":{"type":"Point","coordinates":[-2.93713,50.8037]}},{"type":"Feature","properties":{"id":"SBB01177","name":"Stoke Fleming Pumping Station","co":"South West Water","spills":36,"hours":324.6,"cover":100,"water":"Leonards Cove Stream","bathing":null,"year":"2025"},"geometry":{"type":"Point","coordinates":[-3.5975,50.32408]}},{"type":"Feature","properties":{"id":"SBB00677","name":"Lee Mill Pumping Station","co":"South West Water","spills":36,"hours":359.5,"cover":100,"water":"River Yealm","bathing":null,"year":"2025"},"geometry":{"type":"Point","coordinates":[-3.97146,50.38427]}},{"type":"Feature","properties":{"id":"SBB00059","name":"Axmouth Pscso/EO","co":"South West Water","spills":36,"hours":105.6,"cover":100,"water":"River Axe (S)","bathing":"Seaton (Devon)","year":"2025"},"geometry":{"type":"Point","coordinates":[-3.05618,50.71446]}},{"type":"Feature","properties":{"id":"SBB00150","name":"Brent Mill CSO","co":"South West Water","spills":36,"hours":129.4,"cover":97.31088256835938,"water":"River Avon","bathing":null,"year":"2025"},"geometry":{"type":"Point","coordinates":[-3.83519,50.42194]}},{"type":"Feature","properties":{"id":"SBB01123","name":"St Buryan WWTW","co":"South West Water","spills":36,"hours":312,"cover":100,"water":"Trevedran Stream","bathing":null,"year":"2025"},"geometry":{"type":"Point","coordinates":[-5.62414,50.07027]}},{"type":"Feature","properties":{"id":"SBB01246","name":"Tipton St John Pumping Station","co":"South West Water","spills":36,"hours":111.3,"cover":100,"water":"River Otter","bathing":null,"year":"2025"},"geometry":{"type":"Point","coordinates":[-3.29057,50.71813]}},{"type":"Feature","properties":{"id":"SBB01222","name":"The Butts PS","co":"South West Water","spills":36,"hours":310.4,"cover":100,"water":"Trib Of River Teign(S)","bathing":null,"year":"2025"},"geometry":{"type":"Point","coordinates":[-3.59412,50.54196]}},{"type":"Feature","properties":{"id":"SBB00565","name":"Hemyock Wastewater Treatment Works","co":"South West Water","spills":36,"hours":192.4,"cover":100,"water":"River Culm","bathing":null,"year":"2025"},"geometry":{"type":"Point","coordinates":[-3.23349,50.91785]}},{"type":"Feature","properties":{"id":"SBB00727","name":"Lympstone Outfall Pumping Station","co":"South West Water","spills":36,"hours":49,"cover":100,"water":"River Exe Estuary","bathing":null,"year":"2025"},"geometry":{"type":"Point","coordinates":[-3.43355,50.64559]}},{"type":"Feature","properties":{"id":"SBB00930","name":"Perry Street CSO","co":"South West Water","spills":36,"hours":153.1,"cover":100,"water":"Stream (S)","bathing":null,"year":"2025"},"geometry":{"type":"Point","coordinates":[-2.94447,50.84402]}},{"type":"Feature","properties":{"id":"SBB00467","name":"Forde Park/Torquay Road CSO","co":"South West Water","spills":36,"hours":41.6,"cover":95.87899780273438,"water":"S/W Sewer To Aller Brook(S)","bathing":null,"year":"2025"},"geometry":{"type":"Point","coordinates":[-3.59511,50.52504]}},{"type":"Feature","properties":{"id":"SBB00461","name":"Fluxton Wastewater Treatment Works","co":"South West Water","spills":35,"hours":408.9,"cover":100,"water":"Tributary Of The River Otter","bathing":null,"year":"2025"},"geometry":{"type":"Point","coordinates":[-3.29204,50.72548]}},{"type":"Feature","properties":{"id":"SBB00509","name":"Grampound Pumping Station","co":"South West Water","spills":35,"hours":72.8,"cover":100,"water":"River Fal","bathing":null,"year":"2025"},"geometry":{"type":"Point","coordinates":[-4.90389,50.29905]}},{"type":"Feature","properties":{"id":"SBB00865","name":"Ocean Court Pumping Station","co":"South West Water","spills":35,"hours":80,"cover":100,"water":"Plymouth Sound (Estuarine)","bathing":null,"year":"2025"},"geometry":{"type":"Point","coordinates":[-4.16903,50.36429]}},{"type":"Feature","properties":{"id":"SBB00418","name":"Ernesettle Lane Sportsground CSO","co":"South West Water","spills":35,"hours":7,"cover":88.66647338867188,"water":"River Tamar Via Sws (E)","bathing":null,"year":"2025"},"geometry":{"type":"Point","coordinates":[-4.19402,50.42121]}},{"type":"Feature","properties":{"id":"SBB00934","name":"Phear Park Pseo/CSO","co":"South West Water","spills":35,"hours":325.8,"cover":100,"water":"Exe Estuary","bathing":"Exmouth","year":"2025"},"geometry":{"type":"Point","coordinates":[-3.41566,50.62422]}},{"type":"Feature","properties":{"id":"SBB00273","name":"Clements Farm Pumping Station","co":"South West Water","spills":35,"hours":434.5,"cover":100,"water":"Trib Of Aller Brook","bathing":null,"year":"2025"},"geometry":{"type":"Point","coordinates":[-3.55119,50.48525]}},{"type":"Feature","properties":{"id":"SBB00984","name":"Prince Of Wales Road CSO","co":"South West Water","spills":35,"hours":59.9,"cover":100,"water":"Kingsbridge Estuary(E)","bathing":null,"year":"2025"},"geometry":{"type":"Point","coordinates":[-3.7762,50.28245]}},{"type":"Feature","properties":{"id":"SBB00077","name":"Barton Hill Road CSO","co":"South West Water","spills":35,"hours":18.6,"cover":100,"water":"Aller Brook Via Sw Sewer","bathing":null,"year":"2025"},"geometry":{"type":"Point","coordinates":[-3.55078,50.48553]}},{"type":"Feature","properties":{"id":"SBB01432","name":null,"co":"South West Water","spills":34,"hours":498.8,"cover":100,"water":"Sheldon Stream","bathing":null,"year":"2025"},"geometry":{"type":"Point","coordinates":[-3.3008,50.89832]}},{"type":"Feature","properties":{"id":"SBB00159","name":"Bridgerule WWTW","co":"South West Water","spills":34,"hours":436.2,"cover":100,"water":"River Tamar","bathing":null,"year":"2025"},"geometry":{"type":"Point","coordinates":[-4.45372,50.79496]}},{"type":"Feature","properties":{"id":"SBB01150","name":"St Mawes No.1 PS","co":"South West Water","spills":34,"hours":22.4,"cover":100,"water":"Carrick Roads(E)","bathing":null,"year":"2025"},"geometry":{"type":"Point","coordinates":[-5.01598,50.15712]}},{"type":"Feature","properties":{"id":"SBB00308","name":"Cornwood Pumping Station","co":"South West Water","spills":34,"hours":247.9,"cover":99.69178009033203,"water":"River Yealm (S)","bathing":null,"year":"2025"},"geometry":{"type":"Point","coordinates":[-3.96075,50.41791]}},{"type":"Feature","properties":{"id":"SBB01039","name":"Rose Cottage CSO","co":"South West Water","spills":34,"hours":43.9,"cover":99.41780853271484,"water":"Lilly Brook (S)","bathing":null,"year":"2025"},"geometry":{"type":"Point","coordinates":[-3.66953,50.73472]}},{"type":"Feature","properties":{"id":"SBB00216","name":"Cattedown Road Pumping Station","co":"South West Water","spills":34,"hours":127.7,"cover":100,"water":"Plymouth Sound (Estuarine)","bathing":"Plymouth Hoe East","year":"2025"},"geometry":{"type":"Point","coordinates":[-4.12096,50.3614]}},{"type":"Feature","properties":{"id":"SBB00757","name":"Meavy Wastewater Treatment Works","co":"South West Water","spills":34,"hours":26.8,"cover":100,"water":"River Meavy (S)","bathing":null,"year":"2025"},"geometry":{"type":"Point","coordinates":[-4.06027,50.48608]}},{"type":"Feature","properties":{"id":"SBB01365","name":"Wilmington STW","co":"South West Water","spills":34,"hours":419.4,"cover":100,"water":"(S) Umborne Brook","bathing":null,"year":"2025"},"geometry":{"type":"Point","coordinates":[-3.11234,50.79515]}},{"type":"Feature","properties":{"id":"SBB00492","name":"Glebe Farm Pumping Station","co":"South West Water","spills":34,"hours":79.5,"cover":99.26655578613281,"water":"Trib Of The River Otter","bathing":null,"year":"2025"},"geometry":{"type":"Point","coordinates":[-3.2398,50.79656]}},{"type":"Feature","properties":{"id":"SBB01003","name":"Quethiock WWTW","co":"South West Water","spills":34,"hours":20.9,"cover":100,"water":"Tributary Of The River Tiddy","bathing":null,"year":"2025"},"geometry":{"type":"Point","coordinates":[-4.37813,50.45699]}},{"type":"Feature","properties":{"id":"SBB01175","name":"Stoke Canon Pseo","co":"South West Water","spills":34,"hours":293.7,"cover":59.28367614746094,"water":"R Culm (S)","bathing":null,"year":"2025"},"geometry":{"type":"Point","coordinates":[-3.50876,50.76785]}},{"type":"Feature","properties":{"id":"SBB00978","name":"Poundwell Meadow CSO","co":"South West Water","spills":33,"hours":436.7,"cover":99.27796936035156,"water":"Tributary Of Ayleston Brook","bathing":"Mothecombe; Coastguards Beach, Erme Estuary","year":"2025"},"geometry":{"type":"Point","coordinates":[-3.88855,50.34769]}},{"type":"Feature","properties":{"id":"SBB01275","name":"Tredrizzick Bridge Pumping Station","co":"South West Water","spills":33,"hours":296.1,"cover":100,"water":"(S) Polzeath Stream","bathing":"Polzeath","year":"2025"},"geometry":{"type":"Point","coordinates":[-4.88317,50.55729]}},{"type":"Feature","properties":{"id":"SBB00577","name":"Holcombe Pumping Station","co":"South West Water","spills":33,"hours":303.3,"cover":100,"water":"Shell Cove, Lyme Bay(C)","bathing":"Dawlish Coryton Cove","year":"2025"},"geometry":{"type":"Point","coordinates":[-3.46878,50.56852]}},{"type":"Feature","properties":{"id":"SBB00348","name":"Darthaven Marina Pumping Station","co":"South West Water","spills":33,"hours":11.1,"cover":100,"water":"River Dart (Estuarine)","bathing":null,"year":"2025"},"geometry":{"type":"Point","coordinates":[-3.57327,50.35193]}},{"type":"Feature","properties":{"id":"SBB01239","name":"Thompsons Transport CSO","co":"South West Water","spills":33,"hours":16.1,"cover":100,"water":"Wadley Brook (S)","bathing":null,"year":"2025"},"geometry":{"type":"Point","coordinates":[-3.76382,50.65671]}},{"type":"Feature","properties":{"id":"SBB01011","name":"Radford STW","co":"South West Water","spills":33,"hours":52.3,"cover":99.81449890136719,"water":"Hooe Lake","bathing":"Plymouth Hoe East","year":"2025"},"geometry":{"type":"Point","coordinates":[-4.10737,50.35625]}},{"type":"Feature","properties":{"id":"SBB00444","name":"Feniton Wastewater Treatment Works","co":"South West Water","spills":33,"hours":413.6,"cover":99.33504486083984,"water":"River Otter","bathing":null,"year":"2025"},"geometry":{"type":"Point","coordinates":[-3.25575,50.78281]}},{"type":"Feature","properties":{"id":"SBB00937","name":"Pillaton Wastewater Treatmemt Works","co":"South West Water","spills":33,"hours":452.5,"cover":100,"water":"River Lynher","bathing":null,"year":"2025"},"geometry":{"type":"Point","coordinates":[-4.31101,50.45285]}},{"type":"Feature","properties":{"id":"SBB00350","name":"Dartington C CSO","co":"South West Water","spills":33,"hours":270.9,"cover":98.74143981933594,"water":"Bidwell Brook","bathing":"Steamer Quay, Dart Estuary","year":"2025"},"geometry":{"type":"Point","coordinates":[-3.70283,50.44473]}},{"type":"Feature","properties":{"id":"SBB01408","name":null,"co":"South West Water","spills":32,"hours":51.4,"cover":100,"water":"River Mardle","bathing":null,"year":"2025"},"geometry":{"type":"Point","coordinates":[-3.78312,50.48229]}},{"type":"Feature","properties":{"id":"SBB00595","name":"Horn Bridge Pseo/CSO","co":"South West Water","spills":32,"hours":222.3,"cover":100,"water":"River Lim","bathing":"Lyme Regis Church Cliff Beach","year":"2025"},"geometry":{"type":"Point","coordinates":[-2.94136,50.73154]}},{"type":"Feature","properties":{"id":"SBB00563","name":"Helston WWTW","co":"South West Water","spills":32,"hours":340.3,"cover":97.38870239257812,"water":"River Cober","bathing":null,"year":"2025"},"geometry":{"type":"Point","coordinates":[-5.28296,50.09509]}},{"type":"Feature","properties":{"id":"SBB00132","name":"Bonhay Road CSO","co":"South West Water","spills":32,"hours":443.4,"cover":100,"water":"Tidal River Exe(E)","bathing":null,"year":"2025"},"geometry":{"type":"Point","coordinates":[-3.44588,50.62781]}},{"type":"Feature","properties":{"id":"SBB01071","name":"Seymour Place CSO","co":"South West Water","spills":32,"hours":45.9,"cover":100,"water":"Stonehouse Creek (E)","bathing":null,"year":"2025"},"geometry":{"type":"Point","coordinates":[-4.16378,50.36943]}},{"type":"Feature","properties":{"id":"SBB00058","name":"Awliscombe Pumping Station","co":"South West Water","spills":32,"hours":238.8,"cover":99.5633544921875,"water":"Trib Of River Wolf","bathing":null,"year":"2025"},"geometry":{"type":"Point","coordinates":[-3.22692,50.80317]}},{"type":"Feature","properties":{"id":"SBB00589","name":"Honicknowle CSO","co":"South West Water","spills":32,"hours":87.8,"cover":98.62442779541016,"water":"Honicknowle Stream (S)","bathing":null,"year":"2025"},"geometry":{"type":"Point","coordinates":[-4.1575,50.40768]}},{"type":"Feature","properties":{"id":"SBB01215","name":"Teign Village WWTW","co":"South West Water","spills":32,"hours":305.7,"cover":98.33048248291016,"water":"River Teign","bathing":null,"year":"2025"},"geometry":{"type":"Point","coordinates":[-3.62966,50.61891]}},{"type":"Feature","properties":{"id":"SBB01258","name":"Torquay Road CSO","co":"South West Water","spills":32,"hours":30.3,"cover":97.46004486083984,"water":"Aller Brook (S)","bathing":null,"year":"2025"},"geometry":{"type":"Point","coordinates":[-3.59511,50.52504]}},{"type":"Feature","properties":{"id":"SBB00341","name":"CSO Off Pendarves Road","co":"South West Water","spills":32,"hours":50,"cover":100,"water":"Penryn River","bathing":null,"year":"2025"},"geometry":{"type":"Point","coordinates":[-5.08337,50.16435]}},{"type":"Feature","properties":{"id":"SBB01285","name":"Trewidland STW","co":"South West Water","spills":32,"hours":22.5,"cover":100,"water":"East Looe River (S)","bathing":null,"year":"2025"},"geometry":{"type":"Point","coordinates":[-4.46302,50.41214]}},{"type":"Feature","properties":{"id":"SBB01149","name":"St Marychurch Road CSO","co":"South West Water","spills":32,"hours":103.9,"cover":100,"water":"Aller Brook(S)","bathing":null,"year":"2025"},"geometry":{"type":"Point","coordinates":[-3.59401,50.52613]}},{"type":"Feature","properties":{"id":"SBB00078","name":"Barton Hill/Brunswick CSO","co":"South West Water","spills":32,"hours":19,"cover":100,"water":"Dawlish Water (S)","bathing":"Dawlish Town","year":"2025"},"geometry":{"type":"Point","coordinates":[-3.47141,50.58045]}},{"type":"Feature","properties":{"id":"SBB01220","name":"Thanckes Park Pumping Station","co":"South West Water","spills":32,"hours":43.1,"cover":75.99030303955078,"water":"River Tamar (Estuarine)","bathing":null,"year":"2025"},"geometry":{"type":"Point","coordinates":[-4.20206,50.37896]}},{"type":"Feature","properties":{"id":"SBB01424","name":null,"co":"South West Water","spills":31,"hours":14.1,"cover":97.33447265625,"water":"Higher Brixham Stream(S)","bathing":null,"year":"2025"},"geometry":{"type":"Point","coordinates":[-3.51778,50.38811]}},{"type":"Feature","properties":{"id":"SBB00813","name":"Mousehole Pumping Station","co":"South West Water","spills":31,"hours":22.4,"cover":100,"water":"Mounts Bay (Coastal)","bathing":null,"year":"2025"},"geometry":{"type":"Point","coordinates":[-5.53776,50.08166]}},{"type":"Feature","properties":{"id":"SBB00760","name":"Memorial Gardens PS","co":"South West Water","spills":31,"hours":23.4,"cover":100,"water":"Lyme Bay And Seaton Bay (C)","bathing":"Beer","year":"2025"},"geometry":{"type":"Point","coordinates":[-3.09586,50.68495]}},{"type":"Feature","properties":{"id":"SBB00152","name":"Bridford WWTW","co":"South West Water","spills":31,"hours":9.9,"cover":97.03767395019531,"water":"Rookery Brook","bathing":null,"year":"2025"},"geometry":{"type":"Point","coordinates":[-3.67433,50.66252]}},{"type":"Feature","properties":{"id":"SBB00933","name":"Peverell Park Road CSO","co":"South West Water","spills":31,"hours":15.8,"cover":96.21289825439453,"water":"Stonehouse Creek Via Sws (Est)","bathing":null,"year":"2025"},"geometry":{"type":"Point","coordinates":[-4.16378,50.36943]}},{"type":"Feature","properties":{"id":"SBB01213","name":"Tedburn St Mary STW","co":"South West Water","spills":31,"hours":312.9,"cover":100,"water":"Lilly Brook(S)","bathing":null,"year":"2025"},"geometry":{"type":"Point","coordinates":[-3.66665,50.73323]}},{"type":"Feature","properties":{"id":"SBB01390","name":"Yeoford Wastewater Treatment Works","co":"South West Water","spills":31,"hours":124.1,"cover":99.88013458251953,"water":"River Yeo","bathing":null,"year":"2025"},"geometry":{"type":"Point","coordinates":[-3.71836,50.77556]}},{"type":"Feature","properties":{"id":"SBB00468","name":"Forde Road Pscso/EO","co":"South West Water","spills":31,"hours":291.7,"cover":100,"water":"River Teign Via S/W Sewer(S)","bathing":null,"year":"2025"},"geometry":{"type":"Point","coordinates":[-3.59231,50.53416]}},{"type":"Feature","properties":{"id":"SBB00353","name":"Dawlish Breakwater Sso","co":"South West Water","spills":31,"hours":29.6,"cover":100,"water":"Lyme Bay (C)","bathing":"Dawlish Town","year":"2025"},"geometry":{"type":"Point","coordinates":[-3.46346,50.57911]}},{"type":"Feature","properties":{"id":"SBB00590","name":"Honicknowle Lane CSO","co":"South West Water","spills":31,"hours":24.9,"cover":93.29052734375,"water":"Ham Brook","bathing":"Plymouth Hoe East","year":"2025"},"geometry":{"type":"Point","coordinates":[-4.1537,50.40146]}},{"type":"Feature","properties":{"id":"SBB00051","name":"Ash Grove CSO","co":"South West Water","spills":30,"hours":41.3,"cover":100,"water":"A Tributary Of The Exe Estuary","bathing":null,"year":"2025"},"geometry":{"type":"Point","coordinates":[-3.4151,50.63871]}},{"type":"Feature","properties":{"id":"SBB00890","name":"Ottery St Mary Attenuation Tank","co":"South West Water","spills":30,"hours":99.1,"cover":100,"water":"The River Otter","bathing":null,"year":"2025"},"geometry":{"type":"Point","coordinates":[-3.28459,50.74841]}},{"type":"Feature","properties":{"id":"SBB01291","name":"Turnchapel Slipway Pumping Station","co":"South West Water","spills":30,"hours":34.2,"cover":100,"water":"Cattewater (Estuarine)","bathing":"Plymouth Hoe East","year":"2025"},"geometry":{"type":"Point","coordinates":[-4.11956,50.35837]}},{"type":"Feature","properties":{"id":"SBB00463","name":"Follet Road CSO","co":"South West Water","spills":30,"hours":24.7,"cover":100,"water":"River Exe (E)","bathing":null,"year":"2025"},"geometry":{"type":"Point","coordinates":[-3.47039,50.68362]}},{"type":"Feature","properties":{"id":"SBB00236","name":"Charlestown Harbour Pscso/EO","co":"South West Water","spills":30,"hours":57.5,"cover":100,"water":"St Austell Bay (C)","bathing":"Charlestown","year":"2025"},"geometry":{"type":"Point","coordinates":[-4.7563,50.32837]}},{"type":"Feature","properties":{"id":"SBB00502","name":"Gorran Churchtown Pumping Station","co":"South West Water","spills":30,"hours":117.2,"cover":100,"water":"Portmellon Stream(S)","bathing":"Gorran Haven Little Perhaver","year":"2025"},"geometry":{"type":"Point","coordinates":[-4.80498,50.24814]}},{"type":"Feature","properties":{"id":"SBB00034","name":"78 Beaumont Road CSO","co":"South West Water","spills":30,"hours":9.4,"cover":99.08390045166016,"water":"River Plym Via Sws (Estuarine)","bathing":null,"year":"2025"},"geometry":{"type":"Point","coordinates":[-4.10871,50.37377]}},{"type":"Feature","properties":{"id":"SBB00253","name":"Chudleigh Knighton WWTW","co":"South West Water","spills":30,"hours":352.4,"cover":100,"water":"River Teign","bathing":null,"year":"2025"},"geometry":{"type":"Point","coordinates":[-3.63067,50.58274]}},{"type":"Feature","properties":{"id":"SBB01041","name":"Rowing Club No2 CSO","co":"South West Water","spills":30,"hours":32.7,"cover":100,"water":"River Tamar (Estuarine)","bathing":null,"year":"2025"},"geometry":{"type":"Point","coordinates":[-4.19269,50.3741]}},{"type":"Feature","properties":{"id":"SBB01216","name":"Temple Road CSO","co":"South West Water","spills":29,"hours":39.6,"cover":100,"water":"River Exe Via Sws","bathing":null,"year":"2025"},"geometry":{"type":"Point","coordinates":[-3.52794,50.71651]}},{"type":"Feature","properties":{"id":"SBB00430","name":"Exeter Road CSO - Exmouth","co":"South West Water","spills":29,"hours":20,"cover":100,"water":"Withycombe Brook","bathing":null,"year":"2025"},"geometry":{"type":"Point","coordinates":[-3.41566,50.62917]}},{"type":"Feature","properties":{"id":"SBB00220","name":"Cawsand South Pumping Station","co":"South West Water","spills":29,"hours":354.7,"cover":100,"water":"Cawsand Bay Estaurine Via Sws","bathing":"Cawsand","year":"2025"},"geometry":{"type":"Point","coordinates":[-4.20136,50.3305]}},{"type":"Feature","properties":{"id":"SBB01203","name":"Talaton Wastewater Treatment Works","co":"South West Water","spills":29,"hours":408.2,"cover":100,"water":"Trib Of River Tale","bathing":null,"year":"2025"},"geometry":{"type":"Point","coordinates":[-3.315,50.78117]}},{"type":"Feature","properties":{"id":"SBB01193","name":"Sungirt Lane CSO","co":"South West Water","spills":29,"hours":90.6,"cover":100,"water":"Tributary Of East Looe River","bathing":"East Looe","year":"2025"},"geometry":{"type":"Point","coordinates":[-4.4625,50.451]}},{"type":"Feature","properties":{"id":"SBB00108","name":"Bishop Mead Combined Sewer Overflow","co":"South West Water","spills":29,"hours":114.8,"cover":100,"water":"Tiddy Brook","bathing":null,"year":"2025"},"geometry":{"type":"Point","coordinates":[-4.14247,50.53604]}},{"type":"Feature","properties":{"id":"SBB00347","name":"Dark Street Lane CSO","co":"South West Water","spills":29,"hours":41.7,"cover":100,"water":"Longbrook Stream","bathing":"Plymouth Hoe East; Plymouth Hoe West","year":"2025"},"geometry":{"type":"Point","coordinates":[-4.05295,50.38538]}},{"type":"Feature","properties":{"id":"SBB01223","name":"The College Ide CSO","co":"South West Water","spills":29,"hours":40.8,"cover":98.37423706054688,"water":"Fordland Brook","bathing":null,"year":"2025"},"geometry":{"type":"Point","coordinates":[-3.55899,50.70459]}},{"type":"Feature","properties":{"id":"SBB00174","name":"Brunel Bridge CSO","co":"South West Water","spills":29,"hours":6.2,"cover":94.75457000732422,"water":"River Tamar (E)","bathing":null,"year":"2025"},"geometry":{"type":"Point","coordinates":[-4.2055,50.40768]}},{"type":"Feature","properties":{"id":"SBB00394","name":"East Portlemouth WWTW","co":"South West Water","spills":29,"hours":324.7,"cover":100,"water":"Salcombe Estuary (Estuarine)","bathing":null,"year":"2025"},"geometry":{"type":"Point","coordinates":[-3.75964,50.23674]}},{"type":"Feature","properties":{"id":"SBB00145","name":"Branscombe WWTW","co":"South West Water","spills":29,"hours":138.3,"cover":100,"water":"Branscombe Stream","bathing":null,"year":"2025"},"geometry":{"type":"Point","coordinates":[-3.12554,50.68908]}},{"type":"Feature","properties":{"id":"SBB00235","name":"Chard Road Combined Sewer Overflow","co":"South West Water","spills":29,"hours":86.6,"cover":98.8841323852539,"water":"River Axe","bathing":null,"year":"2025"},"geometry":{"type":"Point","coordinates":[-2.99604,50.79071]}},{"type":"Feature","properties":{"id":"SBB00285","name":"Cofton Pscso/EO","co":"South West Water","spills":28,"hours":244.3,"cover":100,"water":"Cofton Stream(S)","bathing":null,"year":"2025"},"geometry":{"type":"Point","coordinates":[-3.45556,50.61609]}},{"type":"Feature","properties":{"id":"SBB00580","name":"Holloway Street CSO","co":"South West Water","spills":28,"hours":47.5,"cover":99.92579650878906,"water":"River Exe Via Sws","bathing":null,"year":"2025"},"geometry":{"type":"Point","coordinates":[-3.52794,50.71651]}},{"type":"Feature","properties":{"id":"SBB00231","name":"Chapel Lane Combined Sewer Overflow","co":"South West Water","spills":28,"hours":8.1,"cover":100,"water":"Tributary Of The River Otter","bathing":null,"year":"2025"},"geometry":{"type":"Point","coordinates":[-3.2752,50.7522]}},{"type":"Feature","properties":{"id":"SBB01226","name":"The Ham PS Tank & CSO - Sidmouth","co":"South West Water","spills":28,"hours":59.7,"cover":99.50627899169922,"water":"(S) River Sid And (C) Lyme Bay","bathing":"Sidmouth Town","year":"2025"},"geometry":{"type":"Point","coordinates":[-3.23443,50.67898]}},{"type":"Feature","properties":{"id":"SBB01069","name":"Seymour Avenue/Beaumont Rd CSO","co":"South West Water","spills":28,"hours":9.2,"cover":99.1324234008789,"water":"River Plym Via Sws (Estuarine)","bathing":"Plymouth Hoe East; Plymouth Hoe West","year":"2025"},"geometry":{"type":"Point","coordinates":[-4.10871,50.37377]}},{"type":"Feature","properties":{"id":"SBB00469","name":"Forder No 1 Pscso/EO","co":"South West Water","spills":28,"hours":200.9,"cover":98.8641586303711,"water":"River Lyner (S)","bathing":null,"year":"2025"},"geometry":{"type":"Point","coordinates":[-4.2346,50.40389]}},{"type":"Feature","properties":{"id":"SBB01196","name":"Swallowfields CSO","co":"South West Water","spills":28,"hours":60.5,"cover":98.65582275390625,"water":"River Dart Estuary (E)","bathing":"Steamer Quay, Dart Estuary","year":"2025"},"geometry":{"type":"Point","coordinates":[-3.6898,50.43862]}},{"type":"Feature","properties":{"id":"SBB00007","name":"139 Outland Road CSO","co":"South West Water","spills":28,"hours":24.2,"cover":94.3464584350586,"water":"Stonehouse Creek (E)","bathing":null,"year":"2025"},"geometry":{"type":"Point","coordinates":[-4.16378,50.36943]}},{"type":"Feature","properties":{"id":"SBB00740","name":"Malborough Ejector PS","co":"South West Water","spills":28,"hours":108.2,"cover":100,"water":"Trib Of Blanksmill Creek (S)","bathing":null,"year":"2025"},"geometry":{"type":"Point","coordinates":[-3.80938,50.24686]}},{"type":"Feature","properties":{"id":"SBB00244","name":"Chillington & Frogmore STW","co":"South West Water","spills":28,"hours":284.4,"cover":100,"water":"Chillington Stream(S)","bathing":null,"year":"2025"},"geometry":{"type":"Point","coordinates":[-3.70828,50.27106]}},{"type":"Feature","properties":{"id":"SBB00221","name":"Central Park CSO","co":"South West Water","spills":28,"hours":71.8,"cover":98.75856018066406,"water":"Stonehouse Creek Via Sws (Est)","bathing":null,"year":"2025"},"geometry":{"type":"Point","coordinates":[-4.16378,50.36943]}},{"type":"Feature","properties":{"id":"SBB00990","name":"PS-Dy2, North Yard, Devonport","co":"South West Water","spills":28,"hours":201.1,"cover":100,"water":"River Tamar(E)","bathing":null,"year":"2025"},"geometry":{"type":"Point","coordinates":[-4.18399,50.3838]}},{"type":"Feature","properties":{"id":"SBB01184","name":"Stokenham Caravan Park CSO","co":"South West Water","spills":28,"hours":18.8,"cover":76.33856201171875,"water":"Slapton Ley (S)","bathing":null,"year":"2025"},"geometry":{"type":"Point","coordinates":[-3.66762,50.27228]}},{"type":"Feature","properties":{"id":"SBB00377","name":"Drimpton Pumping Station","co":"South West Water","spills":27,"hours":270.2,"cover":100,"water":"Temple Brook","bathing":null,"year":"2025"},"geometry":{"type":"Point","coordinates":[-2.83026,50.843]}},{"type":"Feature","properties":{"id":"SBB00911","name":"Parsonage Cottage Hill CSO","co":"South West Water","spills":27,"hours":296.6,"cover":100,"water":"River Erme","bathing":"Mothecombe; Coastguards Beach, Erme Estuary","year":"2025"},"geometry":{"type":"Point","coordinates":[-3.91656,50.35892]}},{"type":"Feature","properties":{"id":"SBB00368","name":"Dobwalls SPS","co":"South West Water","spills":27,"hours":272,"cover":100,"water":"Unnamed Trib To West Looe Rivr","bathing":null,"year":"2025"},"geometry":{"type":"Point","coordinates":[-4.51782,50.44739]}},{"type":"Feature","properties":{"id":"SBB00094","name":"Beer Car Park Pumping Station","co":"South West Water","spills":27,"hours":34.3,"cover":100,"water":"Lyme Bay/Seaton Bay(C)","bathing":"Beer","year":"2025"},"geometry":{"type":"Point","coordinates":[-3.09586,50.68495]}},{"type":"Feature","properties":{"id":"SBB01002","name":"Quenchwell Pumping Station","co":"South West Water","spills":27,"hours":182.2,"cover":100,"water":"Trib Of Carnon River","bathing":null,"year":"2025"},"geometry":{"type":"Point","coordinates":[-5.09032,50.22633]}},{"type":"Feature","properties":{"id":"SBB00374","name":"Downderry","co":"South West Water","spills":27,"hours":305.1,"cover":98.59857940673828,"water":"English Channel","bathing":"Downderry","year":"2025"},"geometry":{"type":"Point","coordinates":[-4.36283,50.35917]}},{"type":"Feature","properties":{"id":"SBB00190","name":"Bunkers Bridge CSO","co":"South West Water","spills":27,"hours":42.4,"cover":97.63127899169922,"water":"Trib Of The River Teign","bathing":null,"year":"2025"},"geometry":{"type":"Point","coordinates":[-3.63154,50.58327]}},{"type":"Feature","properties":{"id":"SBB00884","name":"Old Woodbury Salterton STW CSO","co":"South West Water","spills":27,"hours":191.8,"cover":97.40582275390625,"water":"Trib Of Grindle Brook Via Sws","bathing":null,"year":"2025"},"geometry":{"type":"Point","coordinates":[-3.39911,50.69529]}},{"type":"Feature","properties":{"id":"SBB00234","name":"Chapeldown Pumping Station","co":"South West Water","spills":27,"hours":22.1,"cover":100,"water":"Plymouth Sound (Estuarine)","bathing":null,"year":"2025"},"geometry":{"type":"Point","coordinates":[-4.19898,50.3703]}},{"type":"Feature","properties":{"id":"SBB01134","name":"St Germans WWTW","co":"South West Water","spills":27,"hours":295.3,"cover":100,"water":"Polbathic Lake (Estuarine)","bathing":null,"year":"2025"},"geometry":{"type":"Point","coordinates":[-4.30897,50.39083]}},{"type":"Feature","properties":{"id":"SBB00718","name":"Lower Trevilla Pumping Station","co":"South West Water","spills":26,"hours":223.6,"cover":100,"water":"Pill Creek","bathing":null,"year":"2025"},"geometry":{"type":"Point","coordinates":[-5.04901,50.20978]}},{"type":"Feature","properties":{"id":"SBB01028","name":"Ringmore STW","co":"South West Water","spills":26,"hours":394.6,"cover":100,"water":"Ringmore Stream(S)","bathing":null,"year":"2025"},"geometry":{"type":"Point","coordinates":[-3.90169,50.29639]}},{"type":"Feature","properties":{"id":"SBB00333","name":"CSO Adj Glenview","co":"South West Water","spills":26,"hours":87.6,"cover":100,"water":"River Meavy (S)","bathing":null,"year":"2025"},"geometry":{"type":"Point","coordinates":[-4.07854,50.47505]}},{"type":"Feature","properties":{"id":"SBB00013","name":"191 High Street CSO","co":"South West Water","spills":26,"hours":14.2,"cover":100,"water":"The Gissage (S)","bathing":null,"year":"2025"},"geometry":{"type":"Point","coordinates":[-3.19401,50.79838]}},{"type":"Feature","properties":{"id":"SBB00999","name":"Queen Mary Gardens Pumping Station","co":"South West Water","spills":26,"hours":19.2,"cover":100,"water":"Falmouth Bay (E)","bathing":"Swanpool; Gyllyngvase","year":"2025"},"geometry":{"type":"Point","coordinates":[-5.06999,50.14122]}},{"type":"Feature","properties":{"id":"SBB00272","name":"Clearbrook STW","co":"South West Water","spills":26,"hours":171,"cover":98.77568817138672,"water":"(S) Trib Of River Meavy","bathing":null,"year":"2025"},"geometry":{"type":"Point","coordinates":[-4.07918,50.47045]}},{"type":"Feature","properties":{"id":"SBB00079","name":"Bathpool STW","co":"South West Water","spills":26,"hours":399.3,"cover":98.41909790039062,"water":"River Lyner (S)","bathing":null,"year":"2025"},"geometry":{"type":"Point","coordinates":[-4.4234,50.54591]}},{"type":"Feature","properties":{"id":"SBB00474","name":"Fortescue Combined Sewer Overflow","co":"South West Water","spills":26,"hours":38.2,"cover":97.41096496582031,"water":"The River Sid Via Sws","bathing":null,"year":"2025"},"geometry":{"type":"Point","coordinates":[-3.22875,50.69442]}},{"type":"Feature","properties":{"id":"SBB00376","name":"Drewsteignton STW","co":"South West Water","spills":26,"hours":70.4,"cover":84.92028045654297,"water":"Fingle Brook","bathing":null,"year":"2025"},"geometry":{"type":"Point","coordinates":[-3.78888,50.70921]}},{"type":"Feature","properties":{"id":"SBB00481","name":"Furzegood Pumping Station","co":"South West Water","spills":26,"hours":21.4,"cover":99.94767761230469,"water":"Trib Of Gatcombe Brook","bathing":null,"year":"2025"},"geometry":{"type":"Point","coordinates":[-3.60095,50.45571]}},{"type":"Feature","properties":{"id":"SBB01290","name":"Turnchapel Barracks Pumping Station","co":"South West Water","spills":25,"hours":39.4,"cover":100,"water":"Cattewater (Estuarine)","bathing":"Plymouth Hoe East","year":"2025"},"geometry":{"type":"Point","coordinates":[-4.11792,50.35957]}},{"type":"Feature","properties":{"id":"SBB00662","name":"Langaton Lane CSO","co":"South West Water","spills":25,"hours":20.2,"cover":100,"water":"Pin Brook","bathing":null,"year":"2025"},"geometry":{"type":"Point","coordinates":[-3.45663,50.73766]}},{"type":"Feature","properties":{"id":"SBB00246","name":"Chillington Combined Sewer Overflow","co":"South West Water","spills":25,"hours":13.9,"cover":100,"water":"Tributary Of Frogmore Creek","bathing":null,"year":"2025"},"geometry":{"type":"Point","coordinates":[-3.69973,50.27145]}},{"type":"Feature","properties":{"id":"SBB00451","name":"Fire Station CSO","co":"South West Water","spills":25,"hours":4.7,"cover":100,"water":"River Coly (S)","bathing":null,"year":"2025"},"geometry":{"type":"Point","coordinates":[-3.06735,50.73873]}},{"type":"Feature","properties":{"id":"SBB00425","name":"Exeter (Countess Wear) STW","co":"South West Water","spills":25,"hours":95.7,"cover":99.51712036132812,"water":"River Exe Estuary(E)","bathing":null,"year":"2025"},"geometry":{"type":"Point","coordinates":[-3.49093,50.69325]}},{"type":"Feature","properties":{"id":"SBB01269","name":"Townstal Tank CSO","co":"South West Water","spills":25,"hours":228.6,"cover":95.17979431152344,"water":"Trib Of Old Mill Creek Via Sws","bathing":null,"year":"2025"},"geometry":{"type":"Point","coordinates":[-3.59628,50.35486]}},{"type":"Feature","properties":{"id":"SBB00880","name":"Old Mill PS","co":"South West Water","spills":25,"hours":98.5,"cover":91.30992889404297,"water":"Alren Stream","bathing":null,"year":"2025"},"geometry":{"type":"Point","coordinates":[-4.30208,50.54163]}},{"type":"Feature","properties":{"id":"SBB01206","name":"Tamerton Foliot Pumping Station","co":"South West Water","spills":25,"hours":98.2,"cover":94.51579284667969,"water":"Tamerton Lake(E)","bathing":null,"year":"2025"},"geometry":{"type":"Point","coordinates":[-4.16011,50.42778]}},{"type":"Feature","properties":{"id":"SBB01315","name":"War Memorial Pscso/EO","co":"South West Water","spills":25,"hours":432.5,"cover":100,"water":"Peneont Water (S)","bathing":null,"year":"2025"},"geometry":{"type":"Point","coordinates":[-4.5115,50.60458]}},{"type":"Feature","properties":{"id":"SBB00855","name":"Northbrook Park Golf Crse Upper CSO","co":"South West Water","spills":24,"hours":41.1,"cover":100,"water":"Northbrook","bathing":null,"year":"2025"},"geometry":{"type":"Point","coordinates":[-3.50485,50.7035]}},{"type":"Feature","properties":{"id":"SBB00547","name":"Hatt Wastewater Treatment Works","co":"South West Water","spills":24,"hours":304,"cover":90.25970458984375,"water":"River Lynher","bathing":null,"year":"2025"},"geometry":{"type":"Point","coordinates":[-4.27701,50.43131]}},{"type":"Feature","properties":{"id":"SBB00962","name":"Porthcurno Valley Pumping Station","co":"South West Water","spills":24,"hours":394.4,"cover":100,"water":"Atlantic Ocean, Off Porthcurno","bathing":"Porthcurno","year":"2025"},"geometry":{"type":"Point","coordinates":[-5.65046,50.04137]}},{"type":"Feature","properties":{"id":"SBB01056","name":"Scarne Industrial Estate Pscso/EO","co":"South West Water","spills":24,"hours":179.2,"cover":100,"water":"Lowley Brook (S)","bathing":null,"year":"2025"},"geometry":{"type":"Point","coordinates":[-4.34791,50.62598]}},{"type":"Feature","properties":{"id":"SBB00634","name":"King George's Field PS","co":"South West Water","spills":24,"hours":70.5,"cover":100,"water":"Teign Estuary(E)","bathing":"Shaldon","year":"2025"},"geometry":{"type":"Point","coordinates":[-3.51128,50.54208]}},{"type":"Feature","properties":{"id":"SBB00261","name":"Church Road CSO","co":"South West Water","spills":24,"hours":30.5,"cover":100,"water":"Alphin Brook","bathing":null,"year":"2025"},"geometry":{"type":"Point","coordinates":[-3.53412,50.70195]}},{"type":"Feature","properties":{"id":"SBB00895","name":"Overseas Estate West PS","co":"South West Water","spills":24,"hours":9.6,"cover":100,"water":"English Channel (Coastal)","bathing":null,"year":"2025"},"geometry":{"type":"Point","coordinates":[-3.59988,50.31946]}},{"type":"Feature","properties":{"id":"SBB01070","name":"Seymour Avenue/Salisbury Rd CSO","co":"South West Water","spills":24,"hours":5.2,"cover":99.98858642578125,"water":"River Plym Via Sws (Estuarine)","bathing":"Plymouth Hoe East","year":"2025"},"geometry":{"type":"Point","coordinates":[-4.10871,50.37377]}},{"type":"Feature","properties":{"id":"SBB00620","name":"Jephson Road CSO","co":"South West Water","spills":24,"hours":23,"cover":99.375,"water":"River Plym Via Sws (Estuarine)","bathing":null,"year":"2025"},"geometry":{"type":"Point","coordinates":[-4.10871,50.37377]}},{"type":"Feature","properties":{"id":"SBB00317","name":"Coverack Mill PS","co":"South West Water","spills":24,"hours":99.3,"cover":98.55593872070312,"water":"Coverack Cove(C)","bathing":"Coverack","year":"2025"},"geometry":{"type":"Point","coordinates":[-5.09757,50.02426]}},{"type":"Feature","properties":{"id":"SBB00627","name":"Keyberry Rd No.5 CSO","co":"South West Water","spills":24,"hours":127.7,"cover":98.0936050415039,"water":"Sewer To Aller Brook (S)","bathing":null,"year":"2025"},"geometry":{"type":"Point","coordinates":[-3.59463,50.52334]}},{"type":"Feature","properties":{"id":"SBB00346","name":"Daniels Lane CSO","co":"South West Water","spills":24,"hours":60.7,"cover":97.47431182861328,"water":"Sandy  River","bathing":"Shorthorn Beach","year":"2025"},"geometry":{"type":"Point","coordinates":[-4.76217,50.33984]}},{"type":"Feature","properties":{"id":"SBB01166","name":"Staverton WWTW","co":"South West Water","spills":24,"hours":295.5,"cover":96.37842559814453,"water":"River Dart","bathing":"Steamer Quay, Dart Estuary","year":"2025"},"geometry":{"type":"Point","coordinates":[-3.69732,50.46001]}},{"type":"Feature","properties":{"id":"SBB00276","name":"Clennon Valley Pumping Station","co":"South West Water","spills":24,"hours":201.3,"cover":94.28082275390625,"water":"English Channel","bathing":"Goodrington","year":"2025"},"geometry":{"type":"Point","coordinates":[-3.55684,50.42537]}},{"type":"Feature","properties":{"id":"SBB00886","name":"Opp 44 Carmarthen Road CSO","co":"South West Water","spills":24,"hours":4.2,"cover":96.69805908203125,"water":"River Plym (E)","bathing":"Plymouth Hoe East","year":"2025"},"geometry":{"type":"Point","coordinates":[-4.10857,50.37377]}},{"type":"Feature","properties":{"id":"SBB00017","name":"20 Commercial Road","co":"South West Water","spills":24,"hours":57.5,"cover":100,"water":"Plymouth Sound (C)","bathing":"Plymouth Hoe East","year":"2025"},"geometry":{"type":"Point","coordinates":[-4.12687,50.36471]}},{"type":"Feature","properties":{"id":"SBB00596","name":"Horns Close CSO","co":"South West Water","spills":24,"hours":44.1,"cover":40.00856018066406,"water":"Surface Water Sewer (S)","bathing":null,"year":"2025"},"geometry":{"type":"Point","coordinates":[-3.54787,50.55185]}},{"type":"Feature","properties":{"id":"SBB01160","name":"St Thomas Street CSO","co":"South West Water","spills":23,"hours":25.3,"cover":100,"water":"Trib Of Penryn River(S)","bathing":null,"year":"2025"},"geometry":{"type":"Point","coordinates":[-5.10144,50.16656]}},{"type":"Feature","properties":{"id":"SBB01044","name":"Saltash Road SPS Plymouth","co":"South West Water","spills":23,"hours":21,"cover":100,"water":"River Tamar (Estuarine)","bathing":null,"year":"2025"},"geometry":{"type":"Point","coordinates":[-4.18773,50.38238]}},{"type":"Feature","properties":{"id":"SBB00279","name":"Clyst Honiton Pumping Station","co":"South West Water","spills":23,"hours":269.1,"cover":100,"water":"River Clyst","bathing":null,"year":"2025"},"geometry":{"type":"Point","coordinates":[-3.43753,50.73394]}},{"type":"Feature","properties":{"id":"SBB01202","name":"Talaton Pumping Station","co":"South West Water","spills":23,"hours":77.1,"cover":100,"water":"Tributary Of River Clyst","bathing":null,"year":"2025"},"geometry":{"type":"Point","coordinates":[-3.32278,50.79043]}},{"type":"Feature","properties":{"id":"SBB00403","name":"Eden Park CSO","co":"South West Water","spills":23,"hours":75.6,"cover":100,"water":"Higher Brixham Stream(S)","bathing":null,"year":"2025"},"geometry":{"type":"Point","coordinates":[-3.51819,50.38783]}},{"type":"Feature","properties":{"id":"SBB00491","name":"Gladstone Terrace North","co":"South West Water","spills":23,"hours":125,"cover":100,"water":"Longrock Stream","bathing":"Long Rock","year":"2025"},"geometry":{"type":"Point","coordinates":[-5.50013,50.12931]}},{"type":"Feature","properties":{"id":"SBB01145","name":"St Lukes Church CSO","co":"South West Water","spills":23,"hours":8.1,"cover":100,"water":"Dean Burn","bathing":null,"year":"2025"},"geometry":{"type":"Point","coordinates":[-3.77825,50.48021]}},{"type":"Feature","properties":{"id":"SBB01274","name":"Tredinnick STW","co":"South West Water","spills":23,"hours":31.9,"cover":98.52339935302734,"water":"Un-Named Watercourse (S)","bathing":null,"year":"2025"},"geometry":{"type":"Point","coordinates":[-4.48407,50.38938]}},{"type":"Feature","properties":{"id":"SBB00995","name":"Quarry Close CSO","co":"South West Water","spills":23,"hours":43.2,"cover":96.41552734375,"water":"Tributary Of Malt Mill Lake","bathing":"Steamer Quay, Dart Estuary","year":"2025"},"geometry":{"type":"Point","coordinates":[-3.70449,50.4322]}},{"type":"Feature","properties":{"id":"SBB00860","name":"O/S 4 Keyberry Road CSO","co":"South West Water","spills":23,"hours":107.8,"cover":91.21289825439453,"water":"Surface Water Sewer(S)","bathing":null,"year":"2025"},"geometry":{"type":"Point","coordinates":[-3.59511,50.52504]}},{"type":"Feature","properties":{"id":"SBB00667","name":"Lanreath Pumping Station","co":"South West Water","spills":23,"hours":18.9,"cover":100,"water":"Tributary Of Pont Pill","bathing":null,"year":"2025"},"geometry":{"type":"Point","coordinates":[-4.56024,50.3826]}},{"type":"Feature","properties":{"id":"SBB00176","name":"Brushford WWTW","co":"South West Water","spills":23,"hours":178.6,"cover":99.8944091796875,"water":"River Barle","bathing":null,"year":"2025"},"geometry":{"type":"Point","coordinates":[-3.53213,51.02232]}},{"type":"Feature","properties":{"id":"SBB01088","name":"Shutterton Bridge PS","co":"South West Water","spills":23,"hours":23.2,"cover":100,"water":"Shutterton Brook(S)","bathing":null,"year":"2025"},"geometry":{"type":"Point","coordinates":[-3.46275,50.59738]}},{"type":"Feature","properties":{"id":"SBB00408","name":"Egloskerry Pumping Station","co":"South West Water","spills":22,"hours":236.9,"cover":100,"water":"Tributary Of The River Ottery","bathing":null,"year":"2025"},"geometry":{"type":"Point","coordinates":[-4.43809,50.65264]}},{"type":"Feature","properties":{"id":"SBB01153","name":"St Mellion Pumping Station","co":"South West Water","spills":22,"hours":145.9,"cover":100,"water":"St Mellion Stream(S)","bathing":null,"year":"2025"},"geometry":{"type":"Point","coordinates":[-4.26866,50.46592]}},{"type":"Feature","properties":{"id":"SBB00833","name":"Newnham Road CSO","co":"South West Water","spills":22,"hours":10.2,"cover":100,"water":"Tory Brook Via Sws","bathing":null,"year":"2025"},"geometry":{"type":"Point","coordinates":[-4.05217,50.39322]}},{"type":"Feature","properties":{"id":"SBB00927","name":"Pensilva Pumping Station","co":"South West Water","spills":22,"hours":206.4,"cover":98.0736312866211,"water":"Tributary Of The River Tiddy","bathing":null,"year":"2025"},"geometry":{"type":"Point","coordinates":[-4.41271,50.49405]}},{"type":"Feature","properties":{"id":"SBB01136","name":"St Giles On The Heath","co":"South West Water","spills":22,"hours":159.4,"cover":95.57648468017578,"water":"Tributary Of The River Tamar","bathing":null,"year":"2025"},"geometry":{"type":"Point","coordinates":[-4.32274,50.68621]}},{"type":"Feature","properties":{"id":"SBB01141","name":"St Keverne STW","co":"South West Water","spills":22,"hours":143.2,"cover":100,"water":"(S) St Keverne Stream","bathing":"Porthoustock","year":"2025"},"geometry":{"type":"Point","coordinates":[-5.08857,50.05158]}},{"type":"Feature","properties":{"id":"SBB00162","name":"Brixton Wastewater Treatment Works","co":"South West Water","spills":22,"hours":63.6,"cover":98.94691467285156,"water":"Broad Ooze, Yealm Estuary(E)","bathing":null,"year":"2025"},"geometry":{"type":"Point","coordinates":[-4.03297,50.34247]}},{"type":"Feature","properties":{"id":"SBB00766","name":"Mevagissey PS","co":"South West Water","spills":22,"hours":31.4,"cover":100,"water":"Mevagissey Bay","bathing":"Polstreath","year":"2025"},"geometry":{"type":"Point","coordinates":[-4.78275,50.27107]}},{"type":"Feature","properties":{"id":"SBB01012","name":"Radford STW","co":"South West Water","spills":21,"hours":215.4,"cover":99.81449890136719,"water":"Hooe Lake","bathing":"Plymouth Hoe East","year":"2025"},"geometry":{"type":"Point","coordinates":[-4.10737,50.35625]}},{"type":"Feature","properties":{"id":"SBB01302","name":"Veryan STW","co":"South West Water","spills":21,"hours":408.9,"cover":100,"water":"Carne Stream","bathing":null,"year":"2025"},"geometry":{"type":"Point","coordinates":[-4.93251,50.22097]}},{"type":"Feature","properties":{"id":"SBB00663","name":"Langore Pumping Station","co":"South West Water","spills":21,"hours":19.4,"cover":100,"water":"Tributary Of The River Otter","bathing":null,"year":"2025"},"geometry":{"type":"Point","coordinates":[-4.41113,50.65392]}},{"type":"Feature","properties":{"id":"SBB01188","name":"Stoodleigh STW","co":"South West Water","spills":21,"hours":11.6,"cover":100,"water":"Stoodleigh Stream","bathing":null,"year":"2025"},"geometry":{"type":"Point","coordinates":[-3.53307,50.96017]}},{"type":"Feature","properties":{"id":"SBB00609","name":"Imperial Road Tank CSO","co":"South West Water","spills":21,"hours":161.1,"cover":100,"water":"Exe Estuary","bathing":"Exmouth","year":"2025"},"geometry":{"type":"Point","coordinates":[-3.41697,50.62106]}},{"type":"Feature","properties":{"id":"SBB00624","name":"Jockey Hill CSO","co":"South West Water","spills":21,"hours":3.9,"cover":100,"water":"Tributary Of Iver Creedy","bathing":null,"year":"2025"},"geometry":{"type":"Point","coordinates":[-3.64035,50.7917]}},{"type":"Feature","properties":{"id":"SBB00549","name":"Hawkings Way Credition CSO","co":"South West Water","spills":21,"hours":9.4,"cover":98.47032165527344,"water":"Trib Of River Creedy Via Sws","bathing":null,"year":"2025"},"geometry":{"type":"Point","coordinates":[-3.64035,50.7917]}},{"type":"Feature","properties":{"id":"SBB00920","name":"Pencepool Farm Pumping Station","co":"South West Water","spills":21,"hours":157.7,"cover":98.46176147460938,"water":"Tributary Of River Clyst (S)","bathing":null,"year":"2025"},"geometry":{"type":"Point","coordinates":[-3.34688,50.81956]}},{"type":"Feature","properties":{"id":"SBB00641","name":"Kingsand Sewage Pumping Station","co":"South West Water","spills":21,"hours":84.6,"cover":95.78482055664062,"water":"Cawsand Bay (C)","bathing":"Kingsand","year":"2025"},"geometry":{"type":"Point","coordinates":[-4.20021,50.33304]}},{"type":"Feature","properties":{"id":"SBB00587","name":"Homers Lane CSO","co":"South West Water","spills":21,"hours":106.5,"cover":100,"water":"Trib O Riv.Teign Via Sw Sewer","bathing":null,"year":"2025"},"geometry":{"type":"Point","coordinates":[-3.59943,50.54441]}},{"type":"Feature","properties":{"id":"SBB00211","name":"Carnon Downs WWTW","co":"South West Water","spills":21,"hours":337.8,"cover":99.05821990966797,"water":"Carnon River","bathing":null,"year":"2025"},"geometry":{"type":"Point","coordinates":[-5.10383,50.2185]}},{"type":"Feature","properties":{"id":"SBB00384","name":"Dunkeswell WWTW","co":"South West Water","spills":21,"hours":121.1,"cover":98.3999252319336,"water":"River Madford","bathing":null,"year":"2025"},"geometry":{"type":"Point","coordinates":[-3.20665,50.87047]}},{"type":"Feature","properties":{"id":"SBB00604","name":"Ilsham Marine Drive CSO","co":"South West Water","spills":21,"hours":10,"cover":91.29566192626953,"water":"Tor Bay (Coastal)","bathing":null,"year":"2025"},"geometry":{"type":"Point","coordinates":[-3.4817,50.46259]}},{"type":"Feature","properties":{"id":"SBB01352","name":"Weston Mill Cemetery Tank CSO","co":"South West Water","spills":21,"hours":157.2,"cover":100,"water":"Weston Mill Stream(E)","bathing":null,"year":"2025"},"geometry":{"type":"Point","coordinates":[-4.17428,50.39909]}},{"type":"Feature","properties":{"id":"SBB01416","name":null,"co":"South West Water","spills":20,"hours":8,"cover":100,"water":"Preston Sands (C)","bathing":null,"year":"2025"},"geometry":{"type":"Point","coordinates":[-3.56747,50.44888]}},{"type":"Feature","properties":{"id":"SBB01178","name":"Stoke Gabriel Pscso/EO","co":"South West Water","spills":20,"hours":334.4,"cover":100,"water":"River Dart Estuary(E)","bathing":"Stoke Gabriel, Dart Estuary","year":"2025"},"geometry":{"type":"Point","coordinates":[-3.62259,50.40072]}},{"type":"Feature","properties":{"id":"SBB00191","name":"Burlescombe WWTW","co":"South West Water","spills":20,"hours":171.7,"cover":100,"water":"Fenacre Water","bathing":null,"year":"2025"},"geometry":{"type":"Point","coordinates":[-3.33185,50.94465]}},{"type":"Feature","properties":{"id":"SBB00647","name":"Kinterbury Creek Pumping Station","co":"South West Water","spills":20,"hours":246.5,"cover":100,"water":"River Tamar Viasws (Estuarine)","bathing":null,"year":"2025"},"geometry":{"type":"Point","coordinates":[-4.20272,50.40234]}},{"type":"Feature","properties":{"id":"SBB01032","name":"Riverview Pscso/EO","co":"South West Water","spills":20,"hours":211.8,"cover":100,"water":"Saltmill Creek(E)","bathing":null,"year":"2025"},"geometry":{"type":"Point","coordinates":[-4.21128,50.41405]}},{"type":"Feature","properties":{"id":"SBB01001","name":"Queensway Pumping Station","co":"South West Water","spills":20,"hours":124.5,"cover":100,"water":"Sws To The Aller Brook (S)","bathing":null,"year":"2025"},"geometry":{"type":"Point","coordinates":[-3.59286,50.52525]}},{"type":"Feature","properties":{"id":"SBB00750","name":"Marldon (Churscombe Cross) PS","co":"South West Water","spills":20,"hours":32.5,"cover":100,"water":"Kirkham Stream","bathing":"Paignton Preston Sands","year":"2025"},"geometry":{"type":"Point","coordinates":[-3.59139,50.45215]}},{"type":"Feature","properties":{"id":"SBB01138","name":"St Johns Terrace CSO","co":"South West Water","spills":20,"hours":5.2,"cover":98.66152954101562,"water":"Malt Mill Lake Via Sw Sewer","bathing":"Steamer Quay, Dart Estuary","year":"2025"},"geometry":{"type":"Point","coordinates":[-3.69033,50.43394]}},{"type":"Feature","properties":{"id":"SBB00186","name":"Buddle Lane CSO","co":"South West Water","spills":20,"hours":4.4,"cover":93.13356018066406,"water":"River Exe Via Sws","bathing":null,"year":"2025"},"geometry":{"type":"Point","coordinates":[-3.51668,50.70578]}},{"type":"Feature","properties":{"id":"SBB00854","name":"Northbrook Golf Course Lower CSO","co":"South West Water","spills":19,"hours":51,"cover":100,"water":"Northbrook","bathing":null,"year":"2025"},"geometry":{"type":"Point","coordinates":[-3.50499,50.70341]}},{"type":"Feature","properties":{"id":"SBB00682","name":"Lerryn Car Park Overflow","co":"South West Water","spills":19,"hours":13.2,"cover":100,"water":"Tidal River Lerryn","bathing":null,"year":"2025"},"geometry":{"type":"Point","coordinates":[-4.61751,50.38025]}},{"type":"Feature","properties":{"id":"SBB01183","name":"Stokeinteignhead Pumping Station","co":"South West Water","spills":19,"hours":313,"cover":100,"water":"The Arch Brook (S)","bathing":null,"year":"2025"},"geometry":{"type":"Point","coordinates":[-3.5335,50.5265]}},{"type":"Feature","properties":{"id":"SBB00913","name":"Pathfinder Terminal PS","co":"South West Water","spills":19,"hours":138.8,"cover":100,"water":"Lilly Brook(S)","bathing":null,"year":"2025"},"geometry":{"type":"Point","coordinates":[-3.66665,50.73323]}},{"type":"Feature","properties":{"id":"SBB00383","name":"Dunkeswell PS","co":"South West Water","spills":19,"hours":52.7,"cover":100,"water":"Dunkeswell Stream(S)","bathing":null,"year":"2025"},"geometry":{"type":"Point","coordinates":[-3.21966,50.86242]}},{"type":"Feature","properties":{"id":"SBB00456","name":"Fleet Walk No.1 CSO","co":"South West Water","spills":19,"hours":30.2,"cover":100,"water":"Torquay Harbour","bathing":"Beacon Cove","year":"2025"},"geometry":{"type":"Point","coordinates":[-3.52784,50.46047]}},{"type":"Feature","properties":{"id":"SBB00442","name":"Farringdon Road CSO","co":"South West Water","spills":19,"hours":22.2,"cover":100,"water":"River Plym Via Sws (Estuarine)","bathing":"Plymouth Hoe East","year":"2025"},"geometry":{"type":"Point","coordinates":[-4.10871,50.37377]}},{"type":"Feature","properties":{"id":"SBB00107","name":"Billacombe Pumping Station","co":"South West Water","spills":19,"hours":15.8,"cover":100,"water":"Pomphlett Creek (Estuarine)","bathing":"Plymouth Hoe East","year":"2025"},"geometry":{"type":"Point","coordinates":[-4.10174,50.36571]}},{"type":"Feature","properties":{"id":"SBB00029","name":"Harlech Close CSO","co":"South West Water","spills":19,"hours":14.9,"cover":100,"water":"Trib Of Leigham Mill Stream","bathing":"Plymouth Hoe East","year":"2025"},"geometry":{"type":"Point","coordinates":[-4.1252,50.39658]}},{"type":"Feature","properties":{"id":"SBB01235","name":"The Quay Combined Sewer Overflow","co":"South West Water","spills":19,"hours":7.4,"cover":100,"water":"River Tamar (Estuarine)","bathing":null,"year":"2025"},"geometry":{"type":"Point","coordinates":[-4.20706,50.4958]}},{"type":"Feature","properties":{"id":"SBB00378","name":"Duke Street Pumping Station","co":"South West Water","spills":19,"hours":217.5,"cover":99.72602844238281,"water":"Cullompton Mill Leat","bathing":null,"year":"2025"},"geometry":{"type":"Point","coordinates":[-3.38816,50.85181]}},{"type":"Feature","properties":{"id":"SBB00743","name":"Manstone Lane CSO","co":"South West Water","spills":19,"hours":7,"cover":99.00399780273438,"water":"Woolbrook","bathing":null,"year":"2025"},"geometry":{"type":"Point","coordinates":[-3.2385,50.6936]}},{"type":"Feature","properties":{"id":"SBB00840","name":"North Hill WWTW","co":"South West Water","spills":19,"hours":99.4,"cover":98.3788070678711,"water":"River Lynher","bathing":null,"year":"2025"},"geometry":{"type":"Point","coordinates":[-4.44351,50.56087]}},{"type":"Feature","properties":{"id":"SBB00763","name":"Metherell WWTW","co":"South West Water","spills":19,"hours":91.6,"cover":100,"water":"Tributary Of River Tamar","bathing":null,"year":"2025"},"geometry":{"type":"Point","coordinates":[-4.24259,50.50159]}},{"type":"Feature","properties":{"id":"SBB01243","name":"Throwleigh STW","co":"South West Water","spills":19,"hours":56.6,"cover":100,"water":"Unnamed Watercourse(S)","bathing":null,"year":"2025"},"geometry":{"type":"Point","coordinates":[-3.87617,50.69947]}},{"type":"Feature","properties":{"id":"SBB00053","name":"Ashprington WWTW","co":"South West Water","spills":19,"hours":28.7,"cover":97.06240844726562,"water":"River Harbourne (Estuarine)","bathing":null,"year":"2025"},"geometry":{"type":"Point","coordinates":[-3.66883,50.39512]}},{"type":"Feature","properties":{"id":"SBB00076","name":"Barton Drive CSO","co":"South West Water","spills":19,"hours":44,"cover":100,"water":"Tributary Of River Lemon(S)","bathing":null,"year":"2025"},"geometry":{"type":"Point","coordinates":[-3.62475,50.52976]}},{"type":"Feature","properties":{"id":"SBB00870","name":"Old Bridge Street Car Park CSO","co":"South West Water","spills":18,"hours":17.8,"cover":100,"water":"River Allen","bathing":null,"year":"2025"},"geometry":{"type":"Point","coordinates":[-5.04911,50.26394]}},{"type":"Feature","properties":{"id":"SBB01074","name":"Shand Park CSO","co":"South West Water","spills":18,"hours":50,"cover":100,"water":"Trib Of The River Axe","bathing":null,"year":"2025"},"geometry":{"type":"Point","coordinates":[-3.00307,50.78112]}},{"type":"Feature","properties":{"id":"SBB00237","name":"Charlestown Pumping Station","co":"South West Water","spills":18,"hours":51.4,"cover":100,"water":"St Austell Bay, English Chanel","bathing":"Charlestown","year":"2025"},"geometry":{"type":"Point","coordinates":[-4.75698,50.328]}},{"type":"Feature","properties":{"id":"SBB00457","name":"Fleet Walk No.2 CSO","co":"South West Water","spills":18,"hours":26.3,"cover":100,"water":"Torquay Harbour","bathing":"Beacon Cove","year":"2025"},"geometry":{"type":"Point","coordinates":[-3.52656,50.46022]}},{"type":"Feature","properties":{"id":"SBB00404","name":"Edinburgh Street (Ps5) PS","co":"South West Water","spills":18,"hours":23.4,"cover":100,"water":"River Tamar (Estuarine)","bathing":null,"year":"2025"},"geometry":{"type":"Point","coordinates":[-4.18534,50.36714]}},{"type":"Feature","properties":{"id":"SBB00594","name":"Hooe Road CSO","co":"South West Water","spills":18,"hours":4.7,"cover":100,"water":"Hooe Lake Via Sws (Estuarine)","bathing":"Plymouth Hoe East","year":"2025"},"geometry":{"type":"Point","coordinates":[-4.11262,50.35418]}},{"type":"Feature","properties":{"id":"SBB00398","name":"East Taphouse WWTW","co":"South West Water","spills":18,"hours":25.1,"cover":99.940185546875,"water":"Tributary Of River Fowey","bathing":null,"year":"2025"},"geometry":{"type":"Point","coordinates":[-4.56418,50.4426]}},{"type":"Feature","properties":{"id":"SBB01082","name":"Shinner's Bridge CSO","co":"South West Water","spills":18,"hours":25.6,"cover":88.99714660644531,"water":"Bidwell Brook","bathing":"Steamer Quay, Dart Estuary","year":"2025"},"geometry":{"type":"Point","coordinates":[-3.70853,50.44662]}},{"type":"Feature","properties":{"id":"SBB00885","name":"Old Woollen Mill CSO","co":"South West Water","spills":17,"hours":41.7,"cover":99.47773742675781,"water":"River Dart","bathing":null,"year":"2025"},"geometry":{"type":"Point","coordinates":[-3.77469,50.4906]}},{"type":"Feature","properties":{"id":"SBB00295","name":"Combeinteignhead Pumping Station","co":"South West Water","spills":17,"hours":107.4,"cover":100,"water":"Combe Stream","bathing":null,"year":"2025"},"geometry":{"type":"Point","coordinates":[-3.5517,50.53525]}},{"type":"Feature","properties":{"id":"SBB00973","name":"Portwrinkle Pscso/EO","co":"South West Water","spills":17,"hours":48.7,"cover":100,"water":"Whitsand Bay (C)","bathing":"Portwrinkle","year":"2025"},"geometry":{"type":"Point","coordinates":[-4.30426,50.36034]}},{"type":"Feature","properties":{"id":"SBB01090","name":"Silverton WWTW","co":"South West Water","spills":17,"hours":147.2,"cover":100,"water":"Heal-Eye Stream","bathing":null,"year":"2025"},"geometry":{"type":"Point","coordinates":[-3.46136,50.80317]}},{"type":"Feature","properties":{"id":"SBB00050","name":"Arnolds Point Pumping Station","co":"South West Water","spills":17,"hours":171.2,"cover":100,"water":"River Plym Via Sws (Estuarine)","bathing":null,"year":"2025"},"geometry":{"type":"Point","coordinates":[-4.10556,50.37877]}},{"type":"Feature","properties":{"id":"SBB00163","name":"Broadclyst (Side) Pumping Station","co":"South West Water","spills":17,"hours":16.1,"cover":100,"water":"River Clyst Valley Via Sws","bathing":null,"year":"2025"},"geometry":{"type":"Point","coordinates":[-3.44053,50.76727]}},{"type":"Feature","properties":{"id":"SBB00195","name":"Butts Hill Pumping Station","co":"South West Water","spills":17,"hours":20.7,"cover":100,"water":"Groundwater Via Infilt System","bathing":null,"year":"2025"},"geometry":{"type":"Point","coordinates":[-3.27659,50.7565]}},{"type":"Feature","properties":{"id":"SBB01140","name":"St Katherine's Way CSO","co":"South West Water","spills":17,"hours":7.8,"cover":100,"water":"River Dart Estuary Via Sws","bathing":"Steamer Quay, Dart Estuary","year":"2025"},"geometry":{"type":"Point","coordinates":[-3.68285,50.42937]}},{"type":"Feature","properties":{"id":"SBB00812","name":"Mousehole Harbour (South Slip) CSO","co":"South West Water","spills":17,"hours":7.1,"cover":100,"water":"Mounts Bay English Channel","bathing":null,"year":"2025"},"geometry":{"type":"Point","coordinates":[-5.53776,50.08166]}},{"type":"Feature","properties":{"id":"SBB00080","name":"Batson Green Pumping Station","co":"South West Water","spills":17,"hours":31.4,"cover":99.91438293457031,"water":"Baston Creek (Estuarine)","bathing":null,"year":"2025"},"geometry":{"type":"Point","coordinates":[-3.77547,50.24379]}},{"type":"Feature","properties":{"id":"SBB00506","name":"Gpo Exchange Sso","co":"South West Water","spills":17,"hours":4.3,"cover":100,"water":"The Wadley Brook(S)","bathing":null,"year":"2025"},"geometry":{"type":"Point","coordinates":[-3.76382,50.65671]}},{"type":"Feature","properties":{"id":"SBB00318","name":"Cowdry Close CSO","co":"South West Water","spills":17,"hours":37.4,"cover":92.15753173828125,"water":"River Tamar Estuary (E)","bathing":null,"year":"2025"},"geometry":{"type":"Point","coordinates":[-4.22037,50.40659]}},{"type":"Feature","properties":{"id":"SBB00113","name":"Bitton Park Road CSO","co":"South West Water","spills":17,"hours":25.1,"cover":100,"water":"Teign Estuary(E)","bathing":null,"year":"2025"},"geometry":{"type":"Point","coordinates":[-3.50775,50.54653]}},{"type":"Feature","properties":{"id":"SBB01094","name":"Slittercombe Lane Pscso/EO","co":"South West Water","spills":16,"hours":53.9,"cover":100,"water":"River Kenn(S)","bathing":null,"year":"2025"},"geometry":{"type":"Point","coordinates":[-3.47035,50.64162]}},{"type":"Feature","properties":{"id":"SBB00704","name":"Lords Meadow WWTW","co":"South West Water","spills":16,"hours":182.5,"cover":74.37689971923828,"water":"River Yeo/River Creedy","bathing":null,"year":"2025"},"geometry":{"type":"Point","coordinates":[-3.63474,50.79367]}},{"type":"Feature","properties":{"id":"SBB00288","name":"Colleton Grove CSO","co":"South West Water","spills":16,"hours":16.3,"cover":100,"water":"River Exe Via Sws","bathing":null,"year":"2025"},"geometry":{"type":"Point","coordinates":[-3.52794,50.7166]}},{"type":"Feature","properties":{"id":"SBB01199","name":"Sweetbrier Lane CSO","co":"South West Water","spills":16,"hours":12.4,"cover":100,"water":"Northbrook","bathing":null,"year":"2025"},"geometry":{"type":"Point","coordinates":[-3.49161,50.72346]}},{"type":"Feature","properties":{"id":"SBB00950","name":"Polbathic Village PS","co":"South West Water","spills":16,"hours":5.7,"cover":100,"water":"Polbathic Stream(S)","bathing":null,"year":"2025"},"geometry":{"type":"Point","coordinates":[-4.32534,50.38898]}},{"type":"Feature","properties":{"id":"SBB00484","name":"Galmpton (Hope Cove) STW","co":"South West Water","spills":16,"hours":287.8,"cover":93.16600036621094,"water":"Galmpton Stream(S)","bathing":"Hope Cove","year":"2025"},"geometry":{"type":"Point","coordinates":[-3.84868,50.24741]}},{"type":"Feature","properties":{"id":"SBB01254","name":"Torbridge South CSO","co":"South West Water","spills":16,"hours":20.4,"cover":99.55194091796875,"water":"River Yealm","bathing":null,"year":"2025"},"geometry":{"type":"Point","coordinates":[-3.9983,50.34676]}},{"type":"Feature","properties":{"id":"SBB00482","name":"Gabber Injector Pumping Station","co":"South West Water","spills":15,"hours":50.1,"cover":95.95604705810547,"water":"Hey Brook","bathing":null,"year":"2025"},"geometry":{"type":"Point","coordinates":[-4.0997,50.32887]}},{"type":"Feature","properties":{"id":"SBB00776","name":"Mill Creek Pumping Station","co":"South West Water","spills":15,"hours":16.4,"cover":100,"water":"Dittisham Mill Creek-Estuarine","bathing":"Dittisham, Dart Estuary","year":"2025"},"geometry":{"type":"Point","coordinates":[-3.6059,50.38576]}},{"type":"Feature","properties":{"id":"SBB00700","name":"Loddiswell WWTW","co":"South West Water","spills":15,"hours":151.5,"cover":100,"water":"River Avon","bathing":null,"year":"2025"},"geometry":{"type":"Point","coordinates":[-3.79537,50.31805]}},{"type":"Feature","properties":{"id":"SBB00889","name":"Oreston Quay (No 2) Pumping Station","co":"South West Water","spills":15,"hours":31.3,"cover":100,"water":"River Plym Estuary (Estuarine)","bathing":"Plymouth Hoe East; Plymouth Hoe West","year":"2025"},"geometry":{"type":"Point","coordinates":[-4.11031,50.36232]}},{"type":"Feature","properties":{"id":"SBB00413","name":"Elm Road Combined Sewer Overflow","co":"South West Water","spills":15,"hours":34.5,"cover":100,"water":"Trib Of River Teign","bathing":null,"year":"2025"},"geometry":{"type":"Point","coordinates":[-3.60846,50.53187]}},{"type":"Feature","properties":{"id":"SBB00787","name":"Millmoor Lane CSO","co":"South West Water","spills":15,"hours":6.7,"cover":100,"water":"Trib Of River Otter Via Sws","bathing":null,"year":"2025"},"geometry":{"type":"Point","coordinates":[-3.29046,50.69897]}},{"type":"Feature","properties":{"id":"SBB01339","name":"West Cliff Combined Sewer Overflow","co":"South West Water","spills":15,"hours":2.7,"cover":100,"water":"Dawlish Water (S)","bathing":"Dawlish Town","year":"2025"},"geometry":{"type":"Point","coordinates":[-3.47467,50.58077]}},{"type":"Feature","properties":{"id":"SBB00574","name":"Hms Cambridge Pumping Station","co":"South West Water","spills":15,"hours":88.2,"cover":100,"water":"English Channelat Wembury Bay","bathing":null,"year":"2025"},"geometry":{"type":"Point","coordinates":[-4.10166,50.31606]}},{"type":"Feature","properties":{"id":"SBB00391","name":"East Charleton Pumping Station","co":"South West Water","spills":15,"hours":221.6,"cover":99.39783477783203,"water":"Trib Of Frogmore Creek","bathing":null,"year":"2025"},"geometry":{"type":"Point","coordinates":[-3.73758,50.27036]}},{"type":"Feature","properties":{"id":"SBB01433","name":null,"co":"South West Water","spills":15,"hours":48.6,"cover":100,"water":"River Meavy","bathing":null,"year":"2025"},"geometry":{"type":"Point","coordinates":[-4.08263,50.48145]}},{"type":"Feature","properties":{"id":"SBB01224","name":"The Green Combined Sewer Overflow","co":"South West Water","spills":15,"hours":13.4,"cover":97.48573303222656,"water":"River Otter","bathing":null,"year":"2025"},"geometry":{"type":"Point","coordinates":[-3.30397,50.65997]}},{"type":"Feature","properties":{"id":"SBB00171","name":"Brook Cottage Pumping Station","co":"South West Water","spills":15,"hours":34.5,"cover":99.89022064208984,"water":"Nadder Brook","bathing":null,"year":"2025"},"geometry":{"type":"Point","coordinates":[-3.57258,50.72995]}},{"type":"Feature","properties":{"id":"SBB00448","name":"Field Adj Council Houses CSO","co":"South West Water","spills":15,"hours":3.8,"cover":97.29166412353516,"water":"Blackawton Stream","bathing":null,"year":"2025"},"geometry":{"type":"Point","coordinates":[-3.67932,50.34541]}},{"type":"Feature","properties":{"id":"SBB01161","name":"Station Car Park CSO","co":"South West Water","spills":15,"hours":32.3,"cover":100,"water":"Lyme Bay (Via Surf Wtr Sewer)","bathing":"Teignmouth Town","year":"2025"},"geometry":{"type":"Point","coordinates":[-3.48962,50.54901]}},{"type":"Feature","properties":{"id":"SBB01242","name":"Thorverton WWTW","co":"South West Water","spills":14,"hours":54.1,"cover":100,"water":"(S) River Exe","bathing":null,"year":"2025"},"geometry":{"type":"Point","coordinates":[-3.51152,50.80486]}},{"type":"Feature","properties":{"id":"SBB01325","name":"Weaver Crescent CSO","co":"South West Water","spills":14,"hours":6.7,"cover":100,"water":"River Exe","bathing":null,"year":"2025"},"geometry":{"type":"Point","coordinates":[-3.49758,50.91053]}},{"type":"Feature","properties":{"id":"SBB00086","name":"Beacon Hill","co":"South West Water","spills":14,"hours":5.7,"cover":88.86986541748047,"water":"New Harbour Torquay","bathing":"Beacon Cove","year":"2025"},"geometry":{"type":"Point","coordinates":[-3.52525,50.45879]}},{"type":"Feature","properties":{"id":"SBB01251","name":"Tor Park Road Pumping Station","co":"South West Water","spills":14,"hours":61.5,"cover":100,"water":"Yalberton Stream Via Sws","bathing":null,"year":"2025"},"geometry":{"type":"Point","coordinates":[-3.59827,50.42238]}},{"type":"Feature","properties":{"id":"SBB00892","name":"Outer Hope Pumping Station","co":"South West Water","spills":14,"hours":18.7,"cover":100,"water":"Hope Cove (C)","bathing":"Hope Cove","year":"2025"},"geometry":{"type":"Point","coordinates":[-3.86121,50.24515]}},{"type":"Feature","properties":{"id":"SBB01387","name":"Yealmpton WWTW","co":"South West Water","spills":14,"hours":128.8,"cover":100,"water":"River Yealm","bathing":null,"year":"2025"},"geometry":{"type":"Point","coordinates":[-4.0016,50.34508]}},{"type":"Feature","properties":{"id":"SBB00004","name":"1 Edna Terrace CSO","co":"South West Water","spills":14,"hours":17.9,"cover":100,"water":"River Plym Via Sws (Estuarine)","bathing":"Plymouth Hoe East","year":"2025"},"geometry":{"type":"Point","coordinates":[-4.10871,50.37377]}},{"type":"Feature","properties":{"id":"SBB01170","name":"Stibb Sewage Treatment Works","co":"South West Water","spills":14,"hours":23,"cover":100,"water":"Trib Of Coombe Valley Str (S)","bathing":null,"year":"2025"},"geometry":{"type":"Point","coordinates":[-4.52576,50.87033]}},{"type":"Feature","properties":{"id":"SBB00030","name":"49 Exeter Road CSO","co":"South West Water","spills":14,"hours":2.7,"cover":100,"water":"English Channel Via Sws","bathing":null,"year":"2025"},"geometry":{"type":"Point","coordinates":[-3.45923,50.58402]}},{"type":"Feature","properties":{"id":"SBB00382","name":"Dulverton WWTW","co":"South West Water","spills":14,"hours":48.4,"cover":99.77454376220703,"water":"River Barle","bathing":null,"year":"2025"},"geometry":{"type":"Point","coordinates":[-3.54765,51.03462]}},{"type":"Feature","properties":{"id":"SBB01245","name":"Tinwood Combined Sewer Overflow","co":"South West Water","spills":14,"hours":25.6,"cover":96.86358642578125,"water":"Trib Of Silverbridge Lake","bathing":null,"year":"2025"},"geometry":{"type":"Point","coordinates":[-3.9971,50.39858]}},{"type":"Feature","properties":{"id":"SBB01027","name":"Ringmore Road CSO","co":"South West Water","spills":14,"hours":11.8,"cover":93.72431182861328,"water":"Teign Estuary (E)","bathing":null,"year":"2025"},"geometry":{"type":"Point","coordinates":[-3.51647,50.54111]}},{"type":"Feature","properties":{"id":"SBB01359","name":"Widecombe STW","co":"South West Water","spills":14,"hours":20.9,"cover":89.1866455078125,"water":"East Webburn River(S)","bathing":null,"year":"2025"},"geometry":{"type":"Point","coordinates":[-3.81044,50.57397]}},{"type":"Feature","properties":{"id":"SBB00965","name":"Porthleven Harbour Attenuation","co":"South West Water","spills":13,"hours":53.5,"cover":100,"water":"Mounts Bay","bathing":"Porthleven Sands","year":"2025"},"geometry":{"type":"Point","coordinates":[-5.31807,50.08114]}},{"type":"Feature","properties":{"id":"SBB00081","name":"Batts Lane Combined Sewer Overflow","co":"South West Water","spills":13,"hours":4.5,"cover":100,"water":"Tributary Of River Otter","bathing":null,"year":"2025"},"geometry":{"type":"Point","coordinates":[-3.27774,50.75163]}},{"type":"Feature","properties":{"id":"SBB00738","name":"Magdalen Road CSO","co":"South West Water","spills":13,"hours":10.3,"cover":99.46061706542969,"water":"River Exe Via Sws","bathing":null,"year":"2025"},"geometry":{"type":"Point","coordinates":[-3.52794,50.71651]}},{"type":"Feature","properties":{"id":"SBB00525","name":"Gwennap Wastewater Treatment Works","co":"South West Water","spills":13,"hours":28.1,"cover":98.30632019042969,"water":"Hicks Mill Stream","bathing":null,"year":"2025"},"geometry":{"type":"Point","coordinates":[-5.15755,50.22101]}},{"type":"Feature","properties":{"id":"SBB00219","name":"Cavendish Road CSO","co":"South West Water","spills":13,"hours":4.6,"cover":100,"water":"River Plym Via Sws (Estuarine)","bathing":null,"year":"2025"},"geometry":{"type":"Point","coordinates":[-4.11024,50.37014]}},{"type":"Feature","properties":{"id":"SBB00293","name":"Colyton Chantry CSO","co":"South West Water","spills":13,"hours":6.1,"cover":100,"water":"River Coly","bathing":null,"year":"2025"},"geometry":{"type":"Point","coordinates":[-3.07028,50.74275]}},{"type":"Feature","properties":{"id":"SBB01329","name":"Wembury Beach Pscso/EO","co":"South West Water","spills":13,"hours":113.2,"cover":98.88127899169922,"water":"Wembury Bay (C)","bathing":"Wembury","year":"2025"},"geometry":{"type":"Point","coordinates":[-4.0839,50.31791]}},{"type":"Feature","properties":{"id":"SBB00717","name":"Lower Sticker Pumping Station","co":"South West Water","spills":13,"hours":42.7,"cover":100,"water":"Caerhays Stream","bathing":null,"year":"2025"},"geometry":{"type":"Point","coordinates":[-4.84109,50.31275]}},{"type":"Feature","properties":{"id":"SBB00319","name":"Cowleymoor Estate CSO","co":"South West Water","spills":13,"hours":20,"cover":100,"water":"Trib Of River Lowman Via Sws","bathing":null,"year":"2025"},"geometry":{"type":"Point","coordinates":[-3.47912,50.90699]}},{"type":"Feature","properties":{"id":"SBB00671","name":"Larkbeare House CSO","co":"South West Water","spills":13,"hours":9.4,"cover":100,"water":"River Exe Via Sws","bathing":null,"year":"2025"},"geometry":{"type":"Point","coordinates":[-3.52794,50.7166]}},{"type":"Feature","properties":{"id":"SBB01081","name":"Shillingford St George WWTW CSO","co":"South West Water","spills":13,"hours":40.6,"cover":100,"water":"Alphin Brook","bathing":null,"year":"2025"},"geometry":{"type":"Point","coordinates":[-3.54802,50.68118]}},{"type":"Feature","properties":{"id":"SBB00258","name":"Church Cove Road PS","co":"South West Water","spills":13,"hours":91.9,"cover":100,"water":"Church Cove (C)","bathing":null,"year":"2025"},"geometry":{"type":"Point","coordinates":[-5.18858,49.97105]}},{"type":"Feature","properties":{"id":"SBB00021","name":"27 Oaklea Combined Sewer Oveflow","co":"South West Water","spills":12,"hours":5.7,"cover":100,"water":"The Gissage","bathing":null,"year":"2025"},"geometry":{"type":"Point","coordinates":[-3.1966,50.79971]}},{"type":"Feature","properties":{"id":"SBB00888","name":"Orchard Close CSO","co":"South West Water","spills":12,"hours":1.6,"cover":100,"water":"Ringmore Stream (S)","bathing":null,"year":"2025"},"geometry":{"type":"Point","coordinates":[-3.51751,50.53822]}},{"type":"Feature","properties":{"id":"SBB00566","name":"Hendra Road CSO","co":"South West Water","spills":12,"hours":2.3,"cover":91.9063949584961,"water":"River Kenwyn(S)","bathing":null,"year":"2025"},"geometry":{"type":"Point","coordinates":[-5.05983,50.26491]}},{"type":"Feature","properties":{"id":"SBB00459","name":"Flushing Pumping Station","co":"South West Water","spills":12,"hours":23.3,"cover":100,"water":"Penryn River (E)","bathing":null,"year":"2025"},"geometry":{"type":"Point","coordinates":[-5.06862,50.16141]}},{"type":"Feature","properties":{"id":"SBB00953","name":"Polperro WWTW","co":"South West Water","spills":12,"hours":14.2,"cover":100,"water":"The English Channel","bathing":null,"year":"2025"},"geometry":{"type":"Point","coordinates":[-4.51246,50.3303]}},{"type":"Feature","properties":{"id":"SBB00676","name":"Lawhitton WWTW CSO","co":"South West Water","spills":12,"hours":25.5,"cover":100,"water":"Trib Of River Tamar","bathing":null,"year":"2025"},"geometry":{"type":"Point","coordinates":[-4.31701,50.61877]}},{"type":"Feature","properties":{"id":"SBB00271","name":"Clawton STW","co":"South West Water","spills":12,"hours":8.1,"cover":100,"water":"Trib Of River Claw(S)","bathing":null,"year":"2025"},"geometry":{"type":"Point","coordinates":[-4.33643,50.76805]}},{"type":"Feature","properties":{"id":"SBB01353","name":"Weston Pumping Station","co":"South West Water","spills":12,"hours":63.3,"cover":99.68321990966797,"water":"River Otter","bathing":null,"year":"2025"},"geometry":{"type":"Point","coordinates":[-3.21844,50.79373]}},{"type":"Feature","properties":{"id":"SBB00665","name":"Lanhydrock Road CSO","co":"South West Water","spills":12,"hours":4.3,"cover":96.59817504882812,"water":"River Plym (E)","bathing":null,"year":"2025"},"geometry":{"type":"Point","coordinates":[-4.10857,50.37377]}},{"type":"Feature","properties":{"id":"SBB00783","name":"Millbay Tanks","co":"South West Water","spills":12,"hours":65,"cover":100,"water":"Plymouth Sound(E)","bathing":"Plymouth Firestone Bay","year":"2025"},"geometry":{"type":"Point","coordinates":[-4.14995,50.36213]}},{"type":"Feature","properties":{"id":"SBB00702","name":"Looe Buller Quay","co":"South West Water","spills":12,"hours":21.4,"cover":100,"water":"Looe River (Harbour) (E)","bathing":"East Looe","year":"2025"},"geometry":{"type":"Point","coordinates":[-4.45511,50.35438]}},{"type":"Feature","properties":{"id":"SBB00775","name":"Mill Bridge CSO","co":"South West Water","spills":12,"hours":11.2,"cover":100,"water":"Stonehouse Creek Via Sws (Est)","bathing":null,"year":"2025"},"geometry":{"type":"Point","coordinates":[-4.16378,50.36943]}},{"type":"Feature","properties":{"id":"SBB00552","name":"Hayesend Farm CSO","co":"South West Water","spills":12,"hours":155.8,"cover":93.27910614013672,"water":"Tributary Of Tamerton Stream()","bathing":null,"year":"2025"},"geometry":{"type":"Point","coordinates":[-4.14329,50.43259]}},{"type":"Feature","properties":{"id":"SBB00270","name":"Clapton Pumping Station","co":"South West Water","spills":12,"hours":43,"cover":100,"water":"Clapton Stream","bathing":null,"year":"2025"},"geometry":{"type":"Point","coordinates":[-2.83514,50.85403]}},{"type":"Feature","properties":{"id":"SBB00265","name":"Church Square CSO","co":"South West Water","spills":12,"hours":56.8,"cover":100,"water":"Tributary Of The River Seaton","bathing":"Seaton (Cornwall)","year":"2025"},"geometry":{"type":"Point","coordinates":[-4.41707,50.43586]}},{"type":"Feature","properties":{"id":"SBB01163","name":"Pumping Station At Station Road","co":"South West Water","spills":12,"hours":3.5,"cover":100,"water":"Spratford Stream Via Sw Sewer","bathing":null,"year":"2025"},"geometry":{"type":"Point","coordinates":[-3.37907,50.89518]}},{"type":"Feature","properties":{"id":"SBB00759","name":"Meldon Road CSO","co":"South West Water","spills":12,"hours":3.5,"cover":96.10730743408203,"water":"River Teign (S)","bathing":null,"year":"2025"},"geometry":{"type":"Point","coordinates":[-3.84315,50.67005]}},{"type":"Feature","properties":{"id":"SBB00436","name":"Factory Houses Pumping Station","co":"South West Water","spills":12,"hours":107.1,"cover":100,"water":"Tributary Of The River Seaton","bathing":"Seaton (Cornwall)","year":"2025"},"geometry":{"type":"Point","coordinates":[-4.4172,50.43298]}},{"type":"Feature","properties":{"id":"SBB01114","name":"Spencer Gardens CSO","co":"South West Water","spills":12,"hours":5.2,"cover":98.9668960571289,"water":"Trib Of R. Tamar Estuary (Sws)","bathing":null,"year":"2025"},"geometry":{"type":"Point","coordinates":[-4.21795,50.40609]}},{"type":"Feature","properties":{"id":"SBB00006","name":"121a St. Katherines Road CSO","co":"South West Water","spills":11,"hours":30,"cover":99.99429321289062,"water":"Mincinglake Stream","bathing":null,"year":"2025"},"geometry":{"type":"Point","coordinates":[-3.50075,50.73476]}},{"type":"Feature","properties":{"id":"SBB00902","name":"Par Sewage Treatment Works","co":"South West Water","spills":11,"hours":55.3,"cover":99.94000244140625,"water":"(C) St Austell Bay","bathing":"Shorthorn Beach","year":"2025"},"geometry":{"type":"Point","coordinates":[-4.71823,50.32603]}},{"type":"Feature","properties":{"id":"SBB00001","name":null,"co":"South West Water","spills":11,"hours":5.1,"cover":100,"water":"Aller Brook (Teign)","bathing":null,"year":"2025"},"geometry":{"type":"Point","coordinates":[-3.59057,50.53275]}},{"type":"Feature","properties":{"id":"SBB00773","name":"Milbury Lane Pumping Station","co":"South West Water","spills":11,"hours":7.6,"cover":100,"water":"Trib Of The Berry Brook","bathing":null,"year":"2025"},"geometry":{"type":"Point","coordinates":[-3.48771,50.6852]}},{"type":"Feature","properties":{"id":"SBB00982","name":"Preston Green Attenuation Tank","co":"South West Water","spills":11,"hours":10.3,"cover":100,"water":"Preston Sands (C)","bathing":"Paignton Preston Sands","year":"2025"},"geometry":{"type":"Point","coordinates":[-3.55245,50.44611]}},{"type":"Feature","properties":{"id":"SBB01296","name":"Uplowman STW","co":"South West Water","spills":11,"hours":114.7,"cover":99.03823852539062,"water":"Uplowman Stream","bathing":null,"year":"2025"},"geometry":{"type":"Point","coordinates":[-3.40552,50.92841]}},{"type":"Feature","properties":{"id":"SBB00862","name":"Oakford STW","co":"South West Water","spills":11,"hours":32.5,"cover":100,"water":"Trib Of Iron Mill Stream (S)","bathing":null,"year":"2025"},"geometry":{"type":"Point","coordinates":[-3.55202,50.98186]}},{"type":"Feature","properties":{"id":"SBB00122","name":"Blunts STW","co":"South West Water","spills":11,"hours":3.2,"cover":100,"water":"Blunts Stream (S)(Lyhner Trib)","bathing":null,"year":"2025"},"geometry":{"type":"Point","coordinates":[-4.33251,50.44316]}},{"type":"Feature","properties":{"id":"SBB00223","name":"Chacewater STW","co":"South West Water","spills":11,"hours":10.3,"cover":96.27568817138672,"water":"(S) River Carnon","bathing":null,"year":"2025"},"geometry":{"type":"Point","coordinates":[-5.15398,50.25394]}},{"type":"Feature","properties":{"id":"SBB00226","name":"Chagford Fire 2 CSO","co":"South West Water","spills":11,"hours":3.8,"cover":100,"water":"Trib Of The River Teign","bathing":null,"year":"2025"},"geometry":{"type":"Point","coordinates":[-3.83405,50.67631]}},{"type":"Feature","properties":{"id":"SBB00867","name":"Okehampton Road CSO","co":"South West Water","spills":11,"hours":12.6,"cover":100,"water":"River Exe Via Sws","bathing":null,"year":"2025"},"geometry":{"type":"Point","coordinates":[-3.51682,50.70578]}},{"type":"Feature","properties":{"id":"SBB00872","name":"Old Ferry Road CSO","co":"South West Water","spills":11,"hours":7.9,"cover":100,"water":"Tamar Estuary(E)","bathing":null,"year":"2025"},"geometry":{"type":"Point","coordinates":[-4.20692,50.41098]}},{"type":"Feature","properties":{"id":"SBB00455","name":"First Avenue Service Lane CSO","co":"South West Water","spills":11,"hours":2.7,"cover":100,"water":"North Brook Via Sws","bathing":null,"year":"2025"},"geometry":{"type":"Point","coordinates":[-3.49167,50.72076]}},{"type":"Feature","properties":{"id":"SBB00527","name":"Gwindra Road CSO","co":"South West Water","spills":11,"hours":4.7,"cover":100,"water":"Lappa Valley (S)","bathing":null,"year":"2025"},"geometry":{"type":"Point","coordinates":[-4.88418,50.34227]}},{"type":"Feature","properties":{"id":"SBB00305","name":"Coombe Road CSO","co":"South West Water","spills":10,"hours":25.9,"cover":100,"water":"River Tamar Estuary(E)","bathing":null,"year":"2025"},"geometry":{"type":"Point","coordinates":[-4.21241,50.40485]}},{"type":"Feature","properties":{"id":"SBB00040","name":"Aller Brake Road CSO","co":"South West Water","spills":10,"hours":3,"cover":93.49600219726562,"water":"Surface Water Sewer (S)","bathing":null,"year":"2025"},"geometry":{"type":"Point","coordinates":[-3.58964,50.51783]}},{"type":"Feature","properties":{"id":"SBB00518","name":"Grove Place No.1 CSO","co":"South West Water","spills":10,"hours":12.4,"cover":100,"water":"Penryn River(E)","bathing":null,"year":"2025"},"geometry":{"type":"Point","coordinates":[-5.06267,50.15167]}},{"type":"Feature","properties":{"id":"SBB00485","name":"Galmpton Pumping Station","co":"South West Water","spills":10,"hours":13.6,"cover":100,"water":"Galmpton Stream","bathing":"Dittisham, Dart Estuary","year":"2025"},"geometry":{"type":"Point","coordinates":[-3.57273,50.39511]}},{"type":"Feature","properties":{"id":"SBB00876","name":"Old Hill PS","co":"South West Water","spills":10,"hours":12,"cover":100,"water":"Penryn River(E)","bathing":null,"year":"2025"},"geometry":{"type":"Point","coordinates":[-5.08549,50.1624]}},{"type":"Feature","properties":{"id":"SBB01278","name":"Tregony Bridge Pumping Station","co":"South West Water","spills":10,"hours":64,"cover":100,"water":"River Fal","bathing":null,"year":"2025"},"geometry":{"type":"Point","coordinates":[-4.91899,50.26584]}},{"type":"Feature","properties":{"id":"SBB01314","name":"War Memorial CSO","co":"South West Water","spills":10,"hours":5.9,"cover":100,"water":"River Culm (S)","bathing":null,"year":"2025"},"geometry":{"type":"Point","coordinates":[-3.28549,50.91558]}},{"type":"Feature","properties":{"id":"SBB01328","name":"Well Street CSO","co":"South West Water","spills":10,"hours":2,"cover":100,"water":"Higher Leat Via Sw Sewer","bathing":null,"year":"2025"},"geometry":{"type":"Point","coordinates":[-3.53888,50.72195]}},{"type":"Feature","properties":{"id":"SBB00198","name":"Cadgwith New Road Pscso/EO","co":"South West Water","spills":10,"hours":66.7,"cover":100,"water":"English Channel (C)","bathing":null,"year":"2025"},"geometry":{"type":"Point","coordinates":[-5.18006,49.98775]}},{"type":"Feature","properties":{"id":"SBB00739","name":"Main Road CSO","co":"South West Water","spills":10,"hours":1.8,"cover":100,"water":"Berry Brook","bathing":null,"year":"2025"},"geometry":{"type":"Point","coordinates":[-3.49364,50.67595]}},{"type":"Feature","properties":{"id":"SBB01412","name":null,"co":"South West Water","spills":10,"hours":1.4,"cover":98.47716522216797,"water":"River Exe","bathing":null,"year":"2025"},"geometry":{"type":"Point","coordinates":[-3.48887,50.90498]}},{"type":"Feature","properties":{"id":"SBB01252","name":"Torbay (Brokenbury) STW Inlet PS/","co":"South West Water","spills":10,"hours":17.8,"cover":100,"water":"Clennon Valley Watercourse","bathing":"Goodrington","year":"2025"},"geometry":{"type":"Point","coordinates":[-3.56516,50.42139]}},{"type":"Feature","properties":{"id":"SBB00777","name":"Mill Lane CSO","co":"South West Water","spills":10,"hours":36.1,"cover":8.34189510345459,"water":"River Lim (S)","bathing":"Lyme Regis Church Cliff Beach","year":"2025"},"geometry":{"type":"Point","coordinates":[-2.94909,50.73552]}},{"type":"Feature","properties":{"id":"SBB01057","name":"Scawns Hill CSO","co":"South West Water","spills":10,"hours":24.9,"cover":100,"water":"Tributary Of The River Seaton","bathing":"Seaton (Cornwall)","year":"2025"},"geometry":{"type":"Point","coordinates":[-4.41722,50.44152]}},{"type":"Feature","properties":{"id":"SBB00327","name":"Crowndale WWTW","co":"South West Water","spills":9,"hours":121.7,"cover":5.859018325805664,"water":"River Tavy","bathing":null,"year":"2025"},"geometry":{"type":"Point","coordinates":[-4.15654,50.52894]}},{"type":"Feature","properties":{"id":"SBB00359","name":"Denbury Wastewater Treatment Works","co":"South West Water","spills":9,"hours":141.3,"cover":100,"water":"Halwell Stream","bathing":null,"year":"2025"},"geometry":{"type":"Point","coordinates":[-3.65645,50.50008]}},{"type":"Feature","properties":{"id":"SBB00264","name":"Church Road Jct Of Cecil Road CSO","co":"South West Water","spills":9,"hours":5.8,"cover":100,"water":"River Exe Via Sws","bathing":null,"year":"2025"},"geometry":{"type":"Point","coordinates":[-3.51682,50.70578]}},{"type":"Feature","properties":{"id":"SBB00819","name":"Mullion Transfer PS","co":"South West Water","spills":9,"hours":11.9,"cover":100,"water":"Polurrian Cove (C)","bathing":"Polurrian Cove","year":"2025"},"geometry":{"type":"Point","coordinates":[-5.26131,50.02544]}},{"type":"Feature","properties":{"id":"SBB01009","name":"R/O Imperial Hotel CSO","co":"South West Water","spills":9,"hours":4.3,"cover":99.19901275634766,"water":"Taddiforde Brook","bathing":null,"year":"2025"},"geometry":{"type":"Point","coordinates":[-3.54002,50.73084]}},{"type":"Feature","properties":{"id":"SBB00714","name":"Lower Mill Combined Sewer Overflow","co":"South West Water","spills":9,"hours":1.5,"cover":98.48173522949219,"water":"River Barle","bathing":null,"year":"2025"},"geometry":{"type":"Point","coordinates":[-3.55249,51.03851]}},{"type":"Feature","properties":{"id":"SBB01372","name":"Winston Lane CSO","co":"South West Water","spills":9,"hours":2.1,"cover":100,"water":"Trib Of Silverbridge Lake(S)","bathing":null,"year":"2025"},"geometry":{"type":"Point","coordinates":[-4.03115,50.34907]}},{"type":"Feature","properties":{"id":"SBB01227","name":"The Ham PS Tank & CSO - Sidmouth","co":"South West Water","spills":9,"hours":8.1,"cover":99.50627899169922,"water":"(S) River Sid And (C) Lyme Bay","bathing":"Sidmouth Town","year":"2025"},"geometry":{"type":"Point","coordinates":[-3.23443,50.67907]}},{"type":"Feature","properties":{"id":"SBB00416","name":"Ermington STW","co":"South West Water","spills":9,"hours":30,"cover":100,"water":"River Erme","bathing":"Mothecombe; Coastguards Beach, Erme Estuary","year":"2025"},"geometry":{"type":"Point","coordinates":[-3.92175,50.35533]}},{"type":"Feature","properties":{"id":"SBB00363","name":"Devoran Pumping Station","co":"South West Water","spills":9,"hours":55.9,"cover":100,"water":"River Carnon Estuary(E)","bathing":null,"year":"2025"},"geometry":{"type":"Point","coordinates":[-5.09711,50.21211]}},{"type":"Feature","properties":{"id":"SBB00275","name":"Clennon Valley Pumping Station","co":"South West Water","spills":9,"hours":0.8,"cover":80.49657440185547,"water":"English Channel","bathing":"Paignton Paignton Sands","year":"2025"},"geometry":{"type":"Point","coordinates":[-3.55878,50.43299]}},{"type":"Feature","properties":{"id":"SBB00746","name":"Marine Road No 1 Pumping Station","co":"South West Water","spills":8,"hours":13.4,"cover":100,"water":"The Cattewater Plym Estuary","bathing":"Plymouth Hoe East; Plymouth Hoe West","year":"2025"},"geometry":{"type":"Point","coordinates":[-4.1115,50.36059]}},{"type":"Feature","properties":{"id":"SBB01040","name":"Rowing Club No1 CSO","co":"South West Water","spills":8,"hours":1.2,"cover":100,"water":"River Tamar (Estuarine)","bathing":null,"year":"2025"},"geometry":{"type":"Point","coordinates":[-4.19269,50.3741]}},{"type":"Feature","properties":{"id":"SBB00282","name":"Cobb Gate Pumping Station","co":"South West Water","spills":8,"hours":10.6,"cover":100,"water":"Lyme Bay (C)","bathing":"Lyme Regis Front Beach","year":"2025"},"geometry":{"type":"Point","coordinates":[-2.93855,50.7187]}},{"type":"Feature","properties":{"id":"SBB01109","name":"Southville Embankment PS","co":"South West Water","spills":8,"hours":10.7,"cover":100,"water":"Kingsbridge Estuary(E)","bathing":null,"year":"2025"},"geometry":{"type":"Point","coordinates":[-3.77012,50.27373]}},{"type":"Feature","properties":{"id":"SBB01303","name":"Viaduct High Level Storm Tank CSO","co":"South West Water","spills":8,"hours":3.3,"cover":100,"water":"Dawlish Water(C)","bathing":"Dawlish Town","year":"2025"},"geometry":{"type":"Point","coordinates":[-3.46604,50.58043]}},{"type":"Feature","properties":{"id":"SBB00914","name":"Pauls Terrace CSO","co":"South West Water","spills":8,"hours":3.2,"cover":94.01541137695312,"water":"River Allen","bathing":null,"year":"2025"},"geometry":{"type":"Point","coordinates":[-5.05261,50.266]}},{"type":"Feature","properties":{"id":"SBB00115","name":"Bitton Park Road Jct 2nd Avenue CSO","co":"South West Water","spills":8,"hours":22.8,"cover":84.70890045166016,"water":"Teign Estuary(E)","bathing":null,"year":"2025"},"geometry":{"type":"Point","coordinates":[-3.50761,50.54653]}},{"type":"Feature","properties":{"id":"SBB00621","name":"Jericho CSO","co":"South West Water","spills":8,"hours":1.1,"cover":100,"water":"River Lim","bathing":"Lyme Regis Church Cliff Beach","year":"2025"},"geometry":{"type":"Point","coordinates":[-2.9362,50.72843]}},{"type":"Feature","properties":{"id":"SBB00012","name":"19 Heavitree Road CSO","co":"South West Water","spills":8,"hours":4.9,"cover":94.47203063964844,"water":"River Exe Via Sws","bathing":null,"year":"2025"},"geometry":{"type":"Point","coordinates":[-3.52794,50.71651]}},{"type":"Feature","properties":{"id":"SBB00786","name":"Millmoor CSO","co":"South West Water","spills":8,"hours":8.5,"cover":100,"water":"River Culm(S)","bathing":null,"year":"2025"},"geometry":{"type":"Point","coordinates":[-3.28067,50.91626]}},{"type":"Feature","properties":{"id":"SBB01320","name":"Waterside Pumping Station","co":"South West Water","spills":8,"hours":10.3,"cover":99.7003402709961,"water":"River Tamar Estuary(E)","bathing":null,"year":"2025"},"geometry":{"type":"Point","coordinates":[-4.20723,50.40567]}},{"type":"Feature","properties":{"id":"SBB00713","name":"Lower Kelly Pscso/EO","co":"South West Water","spills":8,"hours":18.4,"cover":100,"water":"River Tamar (E)","bathing":null,"year":"2025"},"geometry":{"type":"Point","coordinates":[-4.20907,50.49657]}},{"type":"Feature","properties":{"id":"SBB01240","name":"Thorncombe WWTW","co":"South West Water","spills":8,"hours":8.3,"cover":100,"water":"River Synderford","bathing":null,"year":"2025"},"geometry":{"type":"Point","coordinates":[-2.87887,50.83005]}},{"type":"Feature","properties":{"id":"SBB00606","name":"Paignton (Cockington Lane) PS","co":"South West Water","spills":8,"hours":51,"cover":100,"water":"Cockington Stream","bathing":"Torre Abbey","year":"2025"},"geometry":{"type":"Point","coordinates":[-3.54548,50.45691]}},{"type":"Feature","properties":{"id":"SBB01426","name":null,"co":"South West Water","spills":8,"hours":1.1,"cover":99.39688110351562,"water":"Tributary Of River Creedy","bathing":null,"year":"2025"},"geometry":{"type":"Point","coordinates":[-3.64035,50.7917]}},{"type":"Feature","properties":{"id":"SBB00511","name":"Granary Lane (North) CSO","co":"South West Water","spills":8,"hours":1.3,"cover":100,"water":"Kersbrook Channel","bathing":"Budleigh Salterton","year":"2025"},"geometry":{"type":"Point","coordinates":[-3.31493,50.63691]}},{"type":"Feature","properties":{"id":"SBB00267","name":"Church Way CSO","co":"South West Water","spills":8,"hours":1.4,"cover":97.67123413085938,"water":"River Yealm","bathing":null,"year":"2025"},"geometry":{"type":"Point","coordinates":[-4.00069,50.34689]}},{"type":"Feature","properties":{"id":"SBB00887","name":"Opp 65 Highweek Road CSO","co":"South West Water","spills":8,"hours":58.7,"cover":98.91267395019531,"water":"River Lemon(S)","bathing":null,"year":"2025"},"geometry":{"type":"Point","coordinates":[-3.61349,50.53045]}},{"type":"Feature","properties":{"id":"SBB00131","name":"Bonhay Park CSO","co":"South West Water","spills":8,"hours":27.6,"cover":100,"water":"River Exe","bathing":null,"year":"2025"},"geometry":{"type":"Point","coordinates":[-3.53982,50.72023]}},{"type":"Feature","properties":{"id":"SBB01108","name":"Southmead CSO","co":"South West Water","spills":8,"hours":2.4,"cover":100,"water":"Wray Brook (S)","bathing":null,"year":"2025"},"geometry":{"type":"Point","coordinates":[-3.76249,50.66284]}},{"type":"Feature","properties":{"id":"SBB00744","name":"Mardon Sso","co":"South West Water","spills":8,"hours":1.5,"cover":100,"water":"The Wray Brook","bathing":null,"year":"2025"},"geometry":{"type":"Point","coordinates":[-3.76249,50.66284]}},{"type":"Feature","properties":{"id":"SBB00205","name":"Camels Head WWTW","co":"South West Water","spills":8,"hours":17.8,"cover":95.64117431640625,"water":"Weston Mill Lake(E)","bathing":null,"year":"2025"},"geometry":{"type":"Point","coordinates":[-4.18907,50.39333]}},{"type":"Feature","properties":{"id":"SBB00278","name":"Clocktower CSO","co":"South West Water","spills":8,"hours":1.7,"cover":100,"water":"River Lemon(S)","bathing":null,"year":"2025"},"geometry":{"type":"Point","coordinates":[-3.61292,50.53028]}},{"type":"Feature","properties":{"id":"SBB00138","name":"Bosvigo Lane CSO","co":"South West Water","spills":8,"hours":95.8,"cover":100,"water":"Freshwater(S)","bathing":null,"year":"2025"},"geometry":{"type":"Point","coordinates":[-5.06585,50.26674]}},{"type":"Feature","properties":{"id":"SBB01133","name":"St Georges Road (Rear Of No16) CSO","co":"South West Water","spills":8,"hours":2.1,"cover":100,"water":"River Kenwyn(S)","bathing":null,"year":"2025"},"geometry":{"type":"Point","coordinates":[-5.05782,50.26407]}},{"type":"Feature","properties":{"id":"SBB00901","name":"Par No2 Pumping Station","co":"South West Water","spills":7,"hours":28.1,"cover":100,"water":"River Par","bathing":"Par Sands","year":"2025"},"geometry":{"type":"Point","coordinates":[-4.7056,50.34863]}},{"type":"Feature","properties":{"id":"SBB00111","name":"Bishopsteignton PS","co":"South West Water","spills":7,"hours":44.2,"cover":99.99382019042969,"water":"Teign Estuary","bathing":null,"year":"2025"},"geometry":{"type":"Point","coordinates":[-3.53741,50.54686]}},{"type":"Feature","properties":{"id":"SBB00069","name":"Barbican (Sutton Harbour) Tanks","co":"South West Water","spills":7,"hours":22.7,"cover":100,"water":"Plymouth Sound (E)","bathing":"Plymouth Hoe East","year":"2025"},"geometry":{"type":"Point","coordinates":[-4.1337,50.36333]}},{"type":"Feature","properties":{"id":"SBB01073","name":"Shadycombe Lower Tunnel","co":"South West Water","spills":7,"hours":2.5,"cover":98.8555908203125,"water":"Batson Creek (Estuarine)","bathing":null,"year":"2025"},"geometry":{"type":"Point","coordinates":[-3.76595,50.24061]}},{"type":"Feature","properties":{"id":"SBB00233","name":"Chapel Street CSO","co":"South West Water","spills":7,"hours":28.8,"cover":100,"water":"Trib Of River Axe","bathing":null,"year":"2025"},"geometry":{"type":"Point","coordinates":[-3.05222,50.71476]}},{"type":"Feature","properties":{"id":"SBB00623","name":"Jewsons Yard CSO","co":"South West Water","spills":7,"hours":1.2,"cover":100,"water":"River Yeo (S)","bathing":null,"year":"2025"},"geometry":{"type":"Point","coordinates":[-3.63628,50.78088]}},{"type":"Feature","properties":{"id":"SBB00512","name":"Granary Lane CSO","co":"South West Water","spills":7,"hours":3.5,"cover":100,"water":"Trib Of River Otter (S)","bathing":"Budleigh Salterton","year":"2025"},"geometry":{"type":"Point","coordinates":[-3.31382,50.6327]}},{"type":"Feature","properties":{"id":"SBB00274","name":"Clennon Valley Pumping Station","co":"South West Water","spills":7,"hours":8.9,"cover":100,"water":"English Channel","bathing":"Paignton Paignton Sands","year":"2025"},"geometry":{"type":"Point","coordinates":[-3.55243,50.43271]}},{"type":"Feature","properties":{"id":"SBB01051","name":"Sandringham Park CSO","co":"South West Water","spills":7,"hours":5.9,"cover":100,"water":"Aller Brook(S)","bathing":null,"year":"2025"},"geometry":{"type":"Point","coordinates":[-3.59284,50.52912]}},{"type":"Feature","properties":{"id":"SBB00316","name":"Coverack Harbour Pseo/CSO","co":"South West Water","spills":7,"hours":1.5,"cover":99.18093872070312,"water":"Coverack Cove (C)","bathing":"Coverack","year":"2025"},"geometry":{"type":"Point","coordinates":[-5.09357,50.02293]}},{"type":"Feature","properties":{"id":"SBB01420","name":null,"co":"South West Water","spills":7,"hours":1.7,"cover":99.83447265625,"water":"River Lowman","bathing":null,"year":"2025"},"geometry":{"type":"Point","coordinates":[-3.48015,50.90815]}},{"type":"Feature","properties":{"id":"SBB01334","name":"West Bank Pumping Station","co":"South West Water","spills":7,"hours":51.5,"cover":100,"water":"Trib Of River Otter","bathing":null,"year":"2025"},"geometry":{"type":"Point","coordinates":[-3.28714,50.7482]}},{"type":"Feature","properties":{"id":"SBB01273","name":"Tredenham Close CSO","co":"South West Water","spills":7,"hours":17.3,"cover":100,"water":"St Blazey Stream","bathing":"Par Sands","year":"2025"},"geometry":{"type":"Point","coordinates":[-4.70998,50.35141]}},{"type":"Feature","properties":{"id":"SBB00600","name":"Howell Road CSO","co":"South West Water","spills":7,"hours":62.2,"cover":100,"water":"Higher Leat Via Sws","bathing":null,"year":"2025"},"geometry":{"type":"Point","coordinates":[-3.53902,50.72194]}},{"type":"Feature","properties":{"id":"SBB00532","name":"Ham Lane Storm Tank CSO","co":"South West Water","spills":7,"hours":4.8,"cover":92.38298797607422,"water":"Ham Brook(S)","bathing":null,"year":"2025"},"geometry":{"type":"Point","coordinates":[-4.16707,50.40139]}},{"type":"Feature","properties":{"id":"SBB01022","name":"Rescorla CSO","co":"South West Water","spills":7,"hours":2.4,"cover":93.83946990966797,"water":"Trib Of Par Sands (S)","bathing":null,"year":"2025"},"geometry":{"type":"Point","coordinates":[-4.76819,50.38782]}},{"type":"Feature","properties":{"id":"SBB00586","name":"Homer Park CSO","co":"South West Water","spills":7,"hours":0.9,"cover":100,"water":"Tributary Of Saltmill Creek(S)","bathing":null,"year":"2025"},"geometry":{"type":"Point","coordinates":[-4.22525,50.41477]}},{"type":"Feature","properties":{"id":"SBB01356","name":"Whitehouse Slip (Point) CSO","co":"South West Water","spills":7,"hours":1.3,"cover":100,"water":"River Fowey Estuary(E)","bathing":"Readymoney Cove","year":"2025"},"geometry":{"type":"Point","coordinates":[-4.63808,50.33256]}},{"type":"Feature","properties":{"id":"SBB00756","name":"Meadow Road Tank CSO","co":"South West Water","spills":6,"hours":2.4,"cover":100,"water":"Knowle Stream","bathing":"Budleigh Salterton","year":"2025"},"geometry":{"type":"Point","coordinates":[-3.33087,50.63062]}},{"type":"Feature","properties":{"id":"SBB00020","name":"23 King Edward Street CSO","co":"South West Water","spills":6,"hours":22.8,"cover":98.362060546875,"water":"River Exe Via Sws","bathing":null,"year":"2025"},"geometry":{"type":"Point","coordinates":[-3.54465,50.73356]}},{"type":"Feature","properties":{"id":"SBB00648","name":"Kinterbury Creek Riverside PS","co":"South West Water","spills":6,"hours":2.9,"cover":100,"water":"River Tamar (Estuarine)","bathing":"Plymouth Hoe East","year":"2025"},"geometry":{"type":"Point","coordinates":[-4.2013,50.40506]}},{"type":"Feature","properties":{"id":"SBB00830","name":"New Park (Garden) CSO","co":"South West Water","spills":6,"hours":3.5,"cover":91.09303283691406,"water":"Stream (S)","bathing":null,"year":"2025"},"geometry":{"type":"Point","coordinates":[-3.81261,50.5751]}},{"type":"Feature","properties":{"id":"SBB00268","name":"Churchinford STW","co":"South West Water","spills":6,"hours":17.7,"cover":95.1341323852539,"water":"River Otter","bathing":null,"year":"2025"},"geometry":{"type":"Point","coordinates":[-3.11045,50.90668]}},{"type":"Feature","properties":{"id":"SBB01316","name":"Warfleet Creek Pumping Station","co":"South West Water","spills":6,"hours":23.9,"cover":99.36073303222656,"water":"River Dart Estuary","bathing":"Warfleet Creek, Dart Estuary","year":"2025"},"geometry":{"type":"Point","coordinates":[-3.57147,50.34404]}},{"type":"Feature","properties":{"id":"SBB00629","name":"Keyberry Road No.18 CSO","co":"South West Water","spills":6,"hours":4.4,"cover":91.21289825439453,"water":"Aller Brook(S)","bathing":null,"year":"2025"},"geometry":{"type":"Point","coordinates":[-3.59509,50.52468]}},{"type":"Feature","properties":{"id":"SBB00529","name":"Hackney PS","co":"South West Water","spills":6,"hours":8.8,"cover":100,"water":"Trib Of R.Teign(S)","bathing":null,"year":"2025"},"geometry":{"type":"Point","coordinates":[-3.58979,50.53896]}},{"type":"Feature","properties":{"id":"SBB00352","name":"Dawes Lane Combined Sewer Overflow","co":"South West Water","spills":6,"hours":0.9,"cover":100,"water":"Millbrook Via Sws","bathing":null,"year":"2025"},"geometry":{"type":"Point","coordinates":[-4.21569,50.34857]}},{"type":"Feature","properties":{"id":"SBB00924","name":"Pennycomequick Roundabout CSO","co":"South West Water","spills":6,"hours":3.8,"cover":100,"water":"Plymouth Sound Via Sws","bathing":null,"year":"2025"},"geometry":{"type":"Point","coordinates":[-4.16378,50.36943]}},{"type":"Feature","properties":{"id":"SBB00593","name":"Hooe Lake Pumping Station","co":"South West Water","spills":6,"hours":19.7,"cover":100,"water":"Hooe Lake, Plym Estuary","bathing":"Plymouth Hoe East; Plymouth Hoe West","year":"2025"},"geometry":{"type":"Point","coordinates":[-4.11262,50.35418]}},{"type":"Feature","properties":{"id":"SBB00605","name":"Paignton (Cockington Lane) PS","co":"South West Water","spills":6,"hours":11.5,"cover":100,"water":"Cockington Stream","bathing":"Torre Abbey","year":"2025"},"geometry":{"type":"Point","coordinates":[-3.54548,50.45691]}},{"type":"Feature","properties":{"id":"SBB00741","name":"Malborough Village Pumping Station","co":"South West Water","spills":6,"hours":10.3,"cover":100,"water":"Combe Stream (S)","bathing":"Salcombe South Sands","year":"2025"},"geometry":{"type":"Point","coordinates":[-3.80768,50.23529]}},{"type":"Feature","properties":{"id":"SBB00344","name":"Dale Road CSO","co":"South West Water","spills":6,"hours":3.3,"cover":93.3961181640625,"water":"Stonehouse Creek Via Sws (Est)","bathing":null,"year":"2025"},"geometry":{"type":"Point","coordinates":[-4.16378,50.36943]}},{"type":"Feature","properties":{"id":"SBB01098","name":"South Milton CSO","co":"South West Water","spills":6,"hours":2.6,"cover":98.97830963134766,"water":"Stream (S)","bathing":"Thurlestone South","year":"2025"},"geometry":{"type":"Point","coordinates":[-3.83102,50.26982]}},{"type":"Feature","properties":{"id":"SBB00701","name":"Longrock Industrial Estate","co":"South West Water","spills":6,"hours":3.7,"cover":100,"water":"Mounts Bay (C)","bathing":"Long Rock","year":"2025"},"geometry":{"type":"Point","coordinates":[-5.50208,50.12728]}},{"type":"Feature","properties":{"id":"SBB00200","name":"Calenick Pumping Station","co":"South West Water","spills":6,"hours":17.1,"cover":100,"water":"River Tinney","bathing":null,"year":"2025"},"geometry":{"type":"Point","coordinates":[-5.05648,50.24764]}},{"type":"Feature","properties":{"id":"SBB00087","name":"Beacon Side Pscso/EO","co":"South West Water","spills":6,"hours":3.1,"cover":100,"water":"Stream (S)","bathing":null,"year":"2025"},"geometry":{"type":"Point","coordinates":[-4.86735,50.35699]}},{"type":"Feature","properties":{"id":"SBB00780","name":"Mill Road Pumping Station","co":"South West Water","spills":5,"hours":1,"cover":100,"water":"River Exe (Estuarine)","bathing":null,"year":"2025"},"geometry":{"type":"Point","coordinates":[-3.50279,50.70101]}},{"type":"Feature","properties":{"id":"SBB00470","name":"Forder No 2 Pscso/EO","co":"South West Water","spills":5,"hours":8,"cover":98.8641586303711,"water":"River Lyner (E)","bathing":null,"year":"2025"},"geometry":{"type":"Point","coordinates":[-4.23476,50.40137]}},{"type":"Feature","properties":{"id":"SBB00919","name":"Penbothidno CSO","co":"South West Water","spills":5,"hours":0.8,"cover":100,"water":"Polwheveral Stream(S)","bathing":null,"year":"2025"},"geometry":{"type":"Point","coordinates":[-5.16746,50.11656]}},{"type":"Feature","properties":{"id":"SBB00745","name":"Marine Parade CSO","co":"South West Water","spills":5,"hours":6.8,"cover":100,"water":"Knowle Stream","bathing":"Budleigh Salterton","year":"2025"},"geometry":{"type":"Point","coordinates":[-3.32135,50.62893]}},{"type":"Feature","properties":{"id":"SBB00263","name":"Church Road CSO","co":"South West Water","spills":5,"hours":21.8,"cover":100,"water":"Cranny Brook","bathing":null,"year":"2025"},"geometry":{"type":"Point","coordinates":[-3.36037,50.76581]}},{"type":"Feature","properties":{"id":"SBB01357","name":"Whitford Road Combined Sewer O/F","co":"South West Water","spills":5,"hours":22.9,"cover":100,"water":"River Axe","bathing":null,"year":"2025"},"geometry":{"type":"Point","coordinates":[-3.04678,50.75043]}},{"type":"Feature","properties":{"id":"SBB01020","name":"Recreation Ground CSO","co":"South West Water","spills":5,"hours":1.2,"cover":100,"water":"Back Brook","bathing":null,"year":"2025"},"geometry":{"type":"Point","coordinates":[-3.29378,50.70127]}},{"type":"Feature","properties":{"id":"SBB00841","name":"North Lawn Court CSO","co":"South West Water","spills":5,"hours":0.5,"cover":97.04585266113281,"water":"North Brook Via Sws","bathing":null,"year":"2025"},"geometry":{"type":"Point","coordinates":[-3.49181,50.72076]}},{"type":"Feature","properties":{"id":"SBB00987","name":"Priory Slip Pumping Station","co":"South West Water","spills":5,"hours":3.6,"cover":100,"water":"Dart Estuary","bathing":"Warfleet Creek, Dart Estuary","year":"2025"},"geometry":{"type":"Point","coordinates":[-3.5737,50.3477]}},{"type":"Feature","properties":{"id":"SBB00201","name":"Calenick Street CSO","co":"South West Water","spills":5,"hours":1.6,"cover":98.97830963134766,"water":"River Kenwyn Via Sws","bathing":null,"year":"2025"},"geometry":{"type":"Point","coordinates":[-5.05298,50.26303]}},{"type":"Feature","properties":{"id":"SBB00992","name":"Newham Road Pumping Station","co":"South West Water","spills":5,"hours":8.6,"cover":100,"water":"Truro River (Estuarine)","bathing":null,"year":"2025"},"geometry":{"type":"Point","coordinates":[-5.04617,50.25745]}},{"type":"Feature","properties":{"id":"SBB00564","name":"Hemyock Pscso/EO","co":"South West Water","spills":5,"hours":19.1,"cover":100,"water":"River Culm (S)","bathing":null,"year":"2025"},"geometry":{"type":"Point","coordinates":[-3.2271,50.91837]}},{"type":"Feature","properties":{"id":"SBB00385","name":"Dunkeswell WWTW","co":"South West Water","spills":5,"hours":52.1,"cover":98.39326477050781,"water":"River Madford","bathing":null,"year":"2025"},"geometry":{"type":"Point","coordinates":[-3.20665,50.87047]}},{"type":"Feature","properties":{"id":"SBB01065","name":"Searle Street CSO","co":"South West Water","spills":5,"hours":0.4,"cover":100,"water":"Stream (S)","bathing":null,"year":"2025"},"geometry":{"type":"Point","coordinates":[-3.64035,50.7917]}},{"type":"Feature","properties":{"id":"SBB00259","name":"Church Lane Combined Sewer Overflow","co":"South West Water","spills":5,"hours":0.3,"cover":99.20091247558594,"water":"Trib Of River Creedy Via Sws","bathing":null,"year":"2025"},"geometry":{"type":"Point","coordinates":[-3.64035,50.7917]}},{"type":"Feature","properties":{"id":"SBB00262","name":"Church Road CSO","co":"South West Water","spills":5,"hours":0.5,"cover":100,"water":"Cofton Stream(S)","bathing":null,"year":"2025"},"geometry":{"type":"Point","coordinates":[-3.45471,50.61628]}},{"type":"Feature","properties":{"id":"SBB00947","name":"Plymouth Road CSO","co":"South West Water","spills":5,"hours":2.3,"cover":99.95433807373047,"water":"River Tavy Via Sws","bathing":null,"year":"2025"},"geometry":{"type":"Point","coordinates":[-4.14911,50.54554]}},{"type":"Feature","properties":{"id":"SBB00141","name":"Bovey Bridge CSO","co":"South West Water","spills":5,"hours":19.5,"cover":99.30270385742188,"water":"River Bovey","bathing":null,"year":"2025"},"geometry":{"type":"Point","coordinates":[-3.67578,50.59199]}},{"type":"Feature","properties":{"id":"SBB01159","name":"St Thomas Road CSO","co":"South West Water","spills":5,"hours":1.7,"cover":100,"water":"River Kensey","bathing":null,"year":"2025"},"geometry":{"type":"Point","coordinates":[-4.36495,50.64156]}},{"type":"Feature","properties":{"id":"SBB00112","name":"Bittaford STW","co":"South West Water","spills":5,"hours":1.5,"cover":100,"water":"River Erme (S)","bathing":null,"year":"2025"},"geometry":{"type":"Point","coordinates":[-3.87956,50.39407]}},{"type":"Feature","properties":{"id":"SBB00637","name":"Kings Drive CSO","co":"South West Water","spills":5,"hours":2.4,"cover":100,"water":"Kings Drive Stream To Sea","bathing":"Torre Abbey","year":"2025"},"geometry":{"type":"Point","coordinates":[-3.54159,50.46299]}},{"type":"Feature","properties":{"id":"SBB00607","name":"Ilsham Road CSO","co":"South West Water","spills":5,"hours":2.2,"cover":100,"water":"(S) Ilsham Valley Stream","bathing":"Meadfoot","year":"2025"},"geometry":{"type":"Point","coordinates":[-3.49841,50.46535]}},{"type":"Feature","properties":{"id":"SBB01344","name":"West Hoe Tunnel Shaft 5b.2","co":"South West Water","spills":4,"hours":4.9,"cover":100,"water":"Plymouth Sound (E)","bathing":"Plymouth Firestone Bay","year":"2025"},"geometry":{"type":"Point","coordinates":[-4.14995,50.36213]}},{"type":"Feature","properties":{"id":"SBB00116","name":"Bitton Park Rugby Club CSO","co":"South West Water","spills":4,"hours":4.9,"cover":83.91704559326172,"water":"Teign Estuary (E)","bathing":null,"year":"2025"},"geometry":{"type":"Point","coordinates":[-3.50762,50.54662]}},{"type":"Feature","properties":{"id":"SBB01089","name":"Silverton Pumping Station","co":"South West Water","spills":4,"hours":0.6,"cover":100,"water":"Silverton Stream Via Sws","bathing":null,"year":"2025"},"geometry":{"type":"Point","coordinates":[-3.48806,50.81713]}},{"type":"Feature","properties":{"id":"SBB00160","name":"Bridgetown WWTW PS","co":"South West Water","spills":4,"hours":29,"cover":97.6141586303711,"water":"River Exe","bathing":null,"year":"2025"},"geometry":{"type":"Point","coordinates":[-3.53872,51.08797]}},{"type":"Feature","properties":{"id":"SBB00883","name":"Old Totnes Road CSO","co":"South West Water","spills":4,"hours":0.4,"cover":99.8944091796875,"water":"Trib Of River Lemon","bathing":null,"year":"2025"},"geometry":{"type":"Point","coordinates":[-3.61888,50.52309]}},{"type":"Feature","properties":{"id":"SBB00057","name":"Aveton Gifford WWTW","co":"South West Water","spills":4,"hours":6.9,"cover":95.32914733886719,"water":"River Avon Estuary(E)","bathing":"Bantham","year":"2025"},"geometry":{"type":"Point","coordinates":[-3.83977,50.31097]}},{"type":"Feature","properties":{"id":"SBB00788","name":"Millstreet CSO","co":"South West Water","spills":4,"hours":2.7,"cover":100,"water":"River Otter Via Sws","bathing":null,"year":"2025"},"geometry":{"type":"Point","coordinates":[-3.28573,50.74849]}},{"type":"Feature","properties":{"id":"SBB00698","name":"Littlegate Road CSO","co":"South West Water","spills":4,"hours":1.3,"cover":99.94939422607422,"water":"English Channel & Vict Park Wc","bathing":"Paignton Paignton Sands","year":"2025"},"geometry":{"type":"Point","coordinates":[-3.55243,50.43271]}},{"type":"Feature","properties":{"id":"SBB00519","name":"Gun Cliff Pumping Station","co":"South West Water","spills":4,"hours":18.7,"cover":100,"water":"River Lim","bathing":"Lyme Regis Church Cliff Beach","year":"2025"},"geometry":{"type":"Point","coordinates":[-2.93258,50.72451]}},{"type":"Feature","properties":{"id":"SBB00281","name":"Coach Road CSO","co":"South West Water","spills":4,"hours":0.7,"cover":96.64669036865234,"water":"The Wolborough Stream (S)","bathing":null,"year":"2025"},"geometry":{"type":"Point","coordinates":[-3.61006,50.52079]}},{"type":"Feature","properties":{"id":"SBB01225","name":"The Green Tank CSO","co":"South West Water","spills":4,"hours":4.4,"cover":93.03082275390625,"water":"Knowle Stream","bathing":"Budleigh Salterton","year":"2025"},"geometry":{"type":"Point","coordinates":[-3.32802,50.63002]}},{"type":"Feature","properties":{"id":"SBB00269","name":"Chute Street CSO","co":"South West Water","spills":4,"hours":2.5,"cover":100,"water":"River Exe Via Sws","bathing":null,"year":"2025"},"geometry":{"type":"Point","coordinates":[-3.52794,50.7166]}},{"type":"Feature","properties":{"id":"SBB00036","name":"A382 Bypass Verge CSO","co":"South West Water","spills":4,"hours":1.9,"cover":100,"water":"Trib Of River Bovey Via Sws","bathing":null,"year":"2025"},"geometry":{"type":"Point","coordinates":[-3.66835,50.58149]}},{"type":"Feature","properties":{"id":"SBB01386","name":"Yealmpton WWTW","co":"South West Water","spills":4,"hours":20.9,"cover":100,"water":"River Yealm","bathing":null,"year":"2025"},"geometry":{"type":"Point","coordinates":[-4.00107,50.34599]}},{"type":"Feature","properties":{"id":"SBB01217","name":"Temple Street CSO","co":"South West Water","spills":4,"hours":0.5,"cover":99.69596862792969,"water":"River Sid","bathing":null,"year":"2025"},"geometry":{"type":"Point","coordinates":[-3.23345,50.69033]}},{"type":"Feature","properties":{"id":"SBB00802","name":"Moorlands Pscso/EO","co":"South West Water","spills":4,"hours":0.6,"cover":100,"water":"River Lynher Estuary","bathing":null,"year":"2025"},"geometry":{"type":"Point","coordinates":[-4.23948,50.41791]}},{"type":"Feature","properties":{"id":"SBB00280","name":"Coach Road CSO","co":"South West Water","spills":4,"hours":0.4,"cover":99.8944091796875,"water":"Stream (S)","bathing":null,"year":"2025"},"geometry":{"type":"Point","coordinates":[-3.47966,50.81633]}},{"type":"Feature","properties":{"id":"SBB01072","name":"Shadycombe Lower Tunnel","co":"South West Water","spills":4,"hours":19,"cover":98.8555908203125,"water":"Shadycombe Creek","bathing":"Mill Bay","year":"2025"},"geometry":{"type":"Point","coordinates":[-3.76595,50.24061]}},{"type":"Feature","properties":{"id":"SBB00452","name":"Fire Station CSO","co":"South West Water","spills":4,"hours":2.2,"cover":100,"water":"Bitton Brook (S)","bathing":null,"year":"2025"},"geometry":{"type":"Point","coordinates":[-3.50771,50.54968]}},{"type":"Feature","properties":{"id":"SBB00824","name":"Mylor Bridge WWTW","co":"South West Water","spills":4,"hours":14.6,"cover":100,"water":"Mylor Creek","bathing":null,"year":"2025"},"geometry":{"type":"Point","coordinates":[-5.08424,50.18645]}},{"type":"Feature","properties":{"id":"SBB01346","name":"West Looe Square CSO","co":"South West Water","spills":4,"hours":4.6,"cover":100,"water":"Looe River (Harbour) (E)","bathing":"East Looe","year":"2025"},"geometry":{"type":"Point","coordinates":[-4.45574,50.35301]}},{"type":"Feature","properties":{"id":"SBB00427","name":"Exeter Bowling Club CSO","co":"South West Water","spills":4,"hours":0.7,"cover":100,"water":"River Exe Via Sws","bathing":null,"year":"2025"},"geometry":{"type":"Point","coordinates":[-3.52794,50.7166]}},{"type":"Feature","properties":{"id":"SBB00028","name":"45 Craven Avenue CSO","co":"South West Water","spills":4,"hours":1.9,"cover":100,"water":"River Plym Via Sws (Estuarine)","bathing":null,"year":"2025"},"geometry":{"type":"Point","coordinates":[-4.10871,50.37377]}},{"type":"Feature","properties":{"id":"SBB00412","name":"Elm Grove CSO","co":"South West Water","spills":4,"hours":0.5,"cover":100,"water":"Lyme Bay (C)","bathing":"Dawlish Town","year":"2025"},"geometry":{"type":"Point","coordinates":[-3.45923,50.58402]}},{"type":"Feature","properties":{"id":"SBB00558","name":"Heavitree Pleasure Ground CSO","co":"South West Water","spills":4,"hours":0.5,"cover":100,"water":"North Brook Via Sws","bathing":null,"year":"2025"},"geometry":{"type":"Point","coordinates":[-3.4918,50.72067]}},{"type":"Feature","properties":{"id":"SBB00314","name":"Courtwood Road Pscso/EO","co":"South West Water","spills":4,"hours":2.2,"cover":100,"water":"River Yealm Estuary (E)","bathing":null,"year":"2025"},"geometry":{"type":"Point","coordinates":[-4.05308,50.31657]}},{"type":"Feature","properties":{"id":"SBB01415","name":null,"co":"South West Water","spills":4,"hours":1.3,"cover":98.07648468017578,"water":"Tory Brook","bathing":null,"year":"2025"},"geometry":{"type":"Point","coordinates":[-4.05622,50.38604]}},{"type":"Feature","properties":{"id":"SBB01125","name":"St Clement's Hill CSO","co":"South West Water","spills":4,"hours":1.5,"cover":100,"water":"River Allen Via Sws(Estuarine)","bathing":null,"year":"2025"},"geometry":{"type":"Point","coordinates":[-5.04709,50.26318]}},{"type":"Feature","properties":{"id":"SBB00814","name":"Mowhay Road No.2 CSO","co":"South West Water","spills":4,"hours":4.4,"cover":100,"water":"Honicknowle Stream","bathing":null,"year":"2025"},"geometry":{"type":"Point","coordinates":[-4.16727,50.40579]}},{"type":"Feature","properties":{"id":"SBB00754","name":"Maunsell Close CSO","co":"South West Water","spills":4,"hours":0.9,"cover":100,"water":"Weston Mill Lake Via W'course","bathing":null,"year":"2025"},"geometry":{"type":"Point","coordinates":[-4.1735,50.39425]}},{"type":"Feature","properties":{"id":"SBB00497","name":"Goldsithney Pscso/EO","co":"South West Water","spills":4,"hours":8.6,"cover":100,"water":"Stream (S)","bathing":null,"year":"2025"},"geometry":{"type":"Point","coordinates":[-5.44087,50.12659]}},{"type":"Feature","properties":{"id":"SBB01305","name":"Vicarge Gardens CSO Milton Abbot","co":"South West Water","spills":4,"hours":0.5,"cover":100,"water":"River Tamar (S)","bathing":null,"year":"2025"},"geometry":{"type":"Point","coordinates":[-4.254,50.59015]}},{"type":"Feature","properties":{"id":"SBB01085","name":"Shirley Gardens CSO","co":"South West Water","spills":4,"hours":1.6,"cover":100,"water":"Ham Brook","bathing":"Plymouth Hoe East","year":"2025"},"geometry":{"type":"Point","coordinates":[-4.15079,50.40241]}},{"type":"Feature","properties":{"id":"SBB00016","name":"20 Commercial Road","co":"South West Water","spills":4,"hours":1.1,"cover":100,"water":"Cattewater (C)","bathing":"Plymouth Hoe East","year":"2025"},"geometry":{"type":"Point","coordinates":[-4.12096,50.3614]}},{"type":"Feature","properties":{"id":"SBB01059","name":"Scotts Bridge Pumping Station","co":"South West Water","spills":4,"hours":4,"cover":100,"water":"Aller Brook","bathing":null,"year":"2025"},"geometry":{"type":"Point","coordinates":[-3.56346,50.48536]}},{"type":"Feature","properties":{"id":"SBB00124","name":"Bodinnick Combined Sewer Overflow","co":"South West Water","spills":3,"hours":1.3,"cover":100,"water":"River Fowey Estuary","bathing":null,"year":"2025"},"geometry":{"type":"Point","coordinates":[-4.6306,50.33965]}},{"type":"Feature","properties":{"id":"SBB00562","name":"Helston Market Pumping Station","co":"South West Water","spills":3,"hours":1.3,"cover":100,"water":"River Cober","bathing":null,"year":"2025"},"geometry":{"type":"Point","coordinates":[-5.27993,50.09994]}},{"type":"Feature","properties":{"id":"SBB01118","name":"St Austell (London Apprentice) PS","co":"South West Water","spills":3,"hours":28.4,"cover":100,"water":"St Austell River(S)","bathing":null,"year":"2025"},"geometry":{"type":"Point","coordinates":[-4.79962,50.31708]}},{"type":"Feature","properties":{"id":"SBB01277","name":"Tregadillet PS","co":"South West Water","spills":3,"hours":0.7,"cover":100,"water":"River Kensey","bathing":null,"year":"2025"},"geometry":{"type":"Point","coordinates":[-4.40784,50.63951]}},{"type":"Feature","properties":{"id":"SBB00166","name":"Broadmeadow PS","co":"South West Water","spills":3,"hours":0.6,"cover":99.78719329833984,"water":"Teign Estuary(E)","bathing":null,"year":"2025"},"geometry":{"type":"Point","coordinates":[-3.51508,50.54608]}},{"type":"Feature","properties":{"id":"SBB01214","name":"Tehidy Terrace CSO","co":"South West Water","spills":3,"hours":0.7,"cover":92.30593872070312,"water":"Penryn River(E)","bathing":null,"year":"2025"},"geometry":{"type":"Point","coordinates":[-5.07818,50.16413]}},{"type":"Feature","properties":{"id":"SBB00612","name":"Inner Hope Pscso/EO","co":"South West Water","spills":3,"hours":4.1,"cover":100,"water":"Hope Cove(C)","bathing":"Hope Cove","year":"2025"},"geometry":{"type":"Point","coordinates":[-3.86085,50.2429]}},{"type":"Feature","properties":{"id":"SBB00496","name":"Gold Street CSO","co":"South West Water","spills":3,"hours":0.5,"cover":100,"water":"River Lowman","bathing":null,"year":"2025"},"geometry":{"type":"Point","coordinates":[-3.48383,50.90307]}},{"type":"Feature","properties":{"id":"SBB00073","name":"Barrington Street CSO","co":"South West Water","spills":3,"hours":0.3,"cover":100,"water":"River Lowman","bathing":null,"year":"2025"},"geometry":{"type":"Point","coordinates":[-3.4837,50.90325]}},{"type":"Feature","properties":{"id":"SBB00660","name":"Landrake Pumping Station","co":"South West Water","spills":3,"hours":6.1,"cover":100,"water":"Tributary Of The River Lyner","bathing":null,"year":"2025"},"geometry":{"type":"Point","coordinates":[-4.2844,50.42397]}},{"type":"Feature","properties":{"id":"SBB00781","name":"Mill Street Combined Sewer Overflow","co":"South West Water","spills":3,"hours":0.2,"cover":100,"water":"Trib Of River Creedy Via Sws","bathing":null,"year":"2025"},"geometry":{"type":"Point","coordinates":[-3.64443,50.79066]}},{"type":"Feature","properties":{"id":"SBB00900","name":"Paignton Green Tank Pscso/EO","co":"South West Water","spills":3,"hours":4,"cover":100,"water":"Paignton Sands(C)","bathing":"Paignton Paignton Sands","year":"2025"},"geometry":{"type":"Point","coordinates":[-3.55243,50.43271]}},{"type":"Feature","properties":{"id":"SBB01307","name":"Victoria Park CSO","co":"South West Water","spills":3,"hours":3.9,"cover":100,"water":"Stonehouse Creek Via Sws (Est)","bathing":null,"year":"2025"},"geometry":{"type":"Point","coordinates":[-4.16378,50.36943]}},{"type":"Feature","properties":{"id":"SBB00153","name":"Bridge House CSO","co":"South West Water","spills":3,"hours":0.3,"cover":99.03253173828125,"water":"River Exe","bathing":null,"year":"2025"},"geometry":{"type":"Point","coordinates":[-3.49008,50.90281]}},{"type":"Feature","properties":{"id":"SBB00328","name":"Crownhill Road CSO","co":"South West Water","spills":3,"hours":1,"cover":97.748291015625,"water":"Honicknowle Stream","bathing":null,"year":"2025"},"geometry":{"type":"Point","coordinates":[-4.14282,50.40984]}},{"type":"Feature","properties":{"id":"SBB00422","name":"Eton Place CSO","co":"South West Water","spills":3,"hours":0.7,"cover":94.78595733642578,"water":"Millbay Dock Via Sws-Estuarine","bathing":null,"year":"2025"},"geometry":{"type":"Point","coordinates":[-4.15308,50.36594]}},{"type":"Feature","properties":{"id":"SBB00832","name":"New Road CSO","co":"South West Water","spills":3,"hours":3.5,"cover":100,"water":"Tributary Of East Looe River","bathing":"East Looe","year":"2025"},"geometry":{"type":"Point","coordinates":[-4.48008,50.45045]}},{"type":"Feature","properties":{"id":"SBB00009","name":"146 St. Pancras Avenue CSO","co":"South West Water","spills":3,"hours":1.8,"cover":100,"water":"Trib Of Ham Brook","bathing":null,"year":"2025"},"geometry":{"type":"Point","coordinates":[-4.14544,50.40242]}},{"type":"Feature","properties":{"id":"SBB00749","name":"Market Walk CSO","co":"South West Water","spills":3,"hours":0.3,"cover":100,"water":"River Lemon(S)","bathing":null,"year":"2025"},"geometry":{"type":"Point","coordinates":[-3.60942,50.53114]}},{"type":"Feature","properties":{"id":"SBB01086","name":"Shobrooke PS","co":"South West Water","spills":3,"hours":8.6,"cover":100,"water":"Shobrooke Lake","bathing":null,"year":"2025"},"geometry":{"type":"Point","coordinates":[-3.60319,50.8004]}},{"type":"Feature","properties":{"id":"SBB00972","name":"Portscatho Sewage Treatment Works","co":"South West Water","spills":3,"hours":0.9,"cover":97.0595474243164,"water":"Pencabe Drang (Coastal)","bathing":null,"year":"2025"},"geometry":{"type":"Point","coordinates":[-4.97095,50.17834]}},{"type":"Feature","properties":{"id":"SBB01304","name":"Vicarage Road CSO","co":"South West Water","spills":3,"hours":0.3,"cover":100,"water":"River Sid Via Sws","bathing":null,"year":"2025"},"geometry":{"type":"Point","coordinates":[-3.23616,50.68562]}},{"type":"Feature","properties":{"id":"SBB01029","name":"River Side No 1 CSO","co":"South West Water","spills":3,"hours":0.1,"cover":98.24486541748047,"water":"Newton Creek (Estuarine)","bathing":null,"year":"2025"},"geometry":{"type":"Point","coordinates":[-4.04,50.31293]}},{"type":"Feature","properties":{"id":"SBB00837","name":"No 15 Lemon Road CSO","co":"South West Water","spills":3,"hours":0.3,"cover":100,"water":"River Lemon (S)","bathing":null,"year":"2025"},"geometry":{"type":"Point","coordinates":[-3.60478,50.53165]}},{"type":"Feature","properties":{"id":"SBB00878","name":"Old Laira Road Junction CSO","co":"South West Water","spills":3,"hours":0.7,"cover":100,"water":"River Plym (Estuarine)","bathing":"Plymouth Hoe East","year":"2025"},"geometry":{"type":"Point","coordinates":[-4.09917,50.38383]}},{"type":"Feature","properties":{"id":"SBB00997","name":"Quay Hill CSO","co":"South West Water","spills":3,"hours":0.6,"cover":100,"water":"Higher Leat Via Sw Sewer","bathing":null,"year":"2025"},"geometry":{"type":"Point","coordinates":[-3.53212,50.71889]}},{"type":"Feature","properties":{"id":"SBB00453","name":"Firlands Road 1 CSO","co":"South West Water","spills":3,"hours":0.4,"cover":100,"water":"Tributary Of River Fleet","bathing":null,"year":"2025"},"geometry":{"type":"Point","coordinates":[-3.53044,50.48858]}},{"type":"Feature","properties":{"id":"SBB01429","name":null,"co":"South West Water","spills":3,"hours":1.3,"cover":99.70319366455078,"water":"River Exe","bathing":null,"year":"2025"},"geometry":{"type":"Point","coordinates":[-3.49007,50.89786]}},{"type":"Feature","properties":{"id":"SBB00556","name":"Heathfield Road CSO","co":"South West Water","spills":3,"hours":0.8,"cover":100,"water":"River Plym (Estuarine)","bathing":null,"year":"2025"},"geometry":{"type":"Point","coordinates":[-4.10857,50.37377]}},{"type":"Feature","properties":{"id":"SBB00208","name":"Campfield Hill CSO","co":"South West Water","spills":3,"hours":1.2,"cover":100,"water":"River Allen","bathing":null,"year":"2025"},"geometry":{"type":"Point","coordinates":[-5.05055,50.26453]}},{"type":"Feature","properties":{"id":"SBB00505","name":"Goslings Bridge CSO","co":"South West Water","spills":3,"hours":0.7,"cover":95.83048248291016,"water":"River Lim(S)","bathing":"Lyme Regis Church Cliff Beach","year":"2025"},"geometry":{"type":"Point","coordinates":[-2.93489,50.72674]}},{"type":"Feature","properties":{"id":"SBB00635","name":"King Street CSO","co":"South West Water","spills":3,"hours":0.6,"cover":100,"water":"River Kenwyn Via Sws","bathing":null,"year":"2025"},"geometry":{"type":"Point","coordinates":[-5.05211,50.26269]}},{"type":"Feature","properties":{"id":"SBB01006","name":"R/O 615 Wolseley Road","co":"South West Water","spills":3,"hours":0.6,"cover":88.95738220214844,"water":"Kinterbury Creek Via W/Crse(S)","bathing":null,"year":"2025"},"geometry":{"type":"Point","coordinates":[-4.18818,50.40135]}},{"type":"Feature","properties":{"id":"SBB00829","name":"New Grimsby Pumping Station","co":"South West Water","spills":2,"hours":2.4,"cover":100,"water":"Atlantic Ocean","bathing":null,"year":"2025"},"geometry":{"type":"Point","coordinates":[-6.34204,49.95642]}},{"type":"Feature","properties":{"id":"SBB01394","name":"Shutterton Bridge PS","co":"South West Water","spills":2,"hours":0.3,"cover":100,"water":"Shutterton Brook(S)","bathing":null,"year":"2025"},"geometry":{"type":"Point","coordinates":[-3.46261,50.59738]}},{"type":"Feature","properties":{"id":"SBB00809","name":"Morlaix Avenue (Fyffes Slipway) CSO","co":"South West Water","spills":2,"hours":0.9,"cover":96.79508972167969,"water":"Trib Of Truro River(Estuarine)","bathing":null,"year":"2025"},"geometry":{"type":"Point","coordinates":[-5.0475,50.25858]}},{"type":"Feature","properties":{"id":"SBB01055","name":"Sawmill Sso","co":"South West Water","spills":2,"hours":0.1,"cover":98.7955322265625,"water":"The Wray Brook","bathing":null,"year":"2025"},"geometry":{"type":"Point","coordinates":[-3.75685,50.65933]}},{"type":"Feature","properties":{"id":"SBB01152","name":"St Mellion Pumping Station","co":"South West Water","spills":2,"hours":7,"cover":100,"water":"Stream (S)","bathing":null,"year":"2025"},"geometry":{"type":"Point","coordinates":[-4.2698,50.46608]}},{"type":"Feature","properties":{"id":"SBB00622","name":"Jetty Pumping Station","co":"South West Water","spills":2,"hours":4,"cover":99.70890045166016,"water":"River Plym Estuary","bathing":null,"year":"2025"},"geometry":{"type":"Point","coordinates":[-4.11079,50.3668]}},{"type":"Feature","properties":{"id":"SBB00266","name":"Church Street Combined Sewer Overfl","co":"South West Water","spills":2,"hours":0.2,"cover":99.64897155761719,"water":"Trib Of River Creedy (Sws)","bathing":null,"year":"2025"},"geometry":{"type":"Point","coordinates":[-3.64035,50.7917]}},{"type":"Feature","properties":{"id":"SBB01289","name":"Turlake SPS","co":"South West Water","spills":2,"hours":2.2,"cover":100,"water":"Trib Of R Exe","bathing":null,"year":"2025"},"geometry":{"type":"Point","coordinates":[-3.55383,50.75413]}},{"type":"Feature","properties":{"id":"SBB00307","name":"Cornwall Beach (Ps3)","co":"South West Water","spills":2,"hours":7.2,"cover":100,"water":"River Tamar (Estuarine)","bathing":null,"year":"2025"},"geometry":{"type":"Point","coordinates":[-4.18455,50.37156]}},{"type":"Feature","properties":{"id":"SBB00473","name":"Forge Way Car Park CSO","co":"South West Water","spills":2,"hours":0.6,"cover":100,"water":"Mill Stream (S)","bathing":null,"year":"2025"},"geometry":{"type":"Point","coordinates":[-3.38977,50.85818]}},{"type":"Feature","properties":{"id":"SBB00513","name":"Grange Road CSO","co":"South West Water","spills":2,"hours":0.2,"cover":100,"water":"River Cober (Via Sws)","bathing":null,"year":"2025"},"geometry":{"type":"Point","coordinates":[-5.28004,50.09949]}},{"type":"Feature","properties":{"id":"SBB00685","name":"Lewannick STW","co":"South West Water","spills":2,"hours":1.9,"cover":100,"water":"Penpont(S)","bathing":null,"year":"2025"},"geometry":{"type":"Point","coordinates":[-4.45112,50.60128]}},{"type":"Feature","properties":{"id":"SBB01253","name":"Torbridge North CSO","co":"South West Water","spills":2,"hours":0.6,"cover":97.95091247558594,"water":"River Yealm","bathing":null,"year":"2025"},"geometry":{"type":"Point","coordinates":[-3.99844,50.34684]}},{"type":"Feature","properties":{"id":"SBB00360","name":"Denham Close CSO","co":"South West Water","spills":2,"hours":2.2,"cover":99.62899780273438,"water":"Honicknowle Stream","bathing":null,"year":"2025"},"geometry":{"type":"Point","coordinates":[-4.14983,50.40917]}},{"type":"Feature","properties":{"id":"SBB00703","name":"Lords Meadow WWTW","co":"South West Water","spills":2,"hours":0.1,"cover":59.063926696777344,"water":"River Yeo/River Creedy","bathing":null,"year":"2025"},"geometry":{"type":"Point","coordinates":[-3.63474,50.79367]}},{"type":"Feature","properties":{"id":"SBB00906","name":"Park Hill CSO","co":"South West Water","spills":2,"hours":0.2,"cover":100,"water":"Surface Water Sewer (S)","bathing":null,"year":"2025"},"geometry":{"type":"Point","coordinates":[-3.50381,50.54667]}},{"type":"Feature","properties":{"id":"SBB00923","name":"Pennycomequick Hill CSO","co":"South West Water","spills":2,"hours":0.1,"cover":95.15505981445312,"water":"Stone House Creek Via Sws","bathing":null,"year":"2025"},"geometry":{"type":"Point","coordinates":[-4.16378,50.36943]}},{"type":"Feature","properties":{"id":"SBB00996","name":"Quay Hill Combined Sewer Overflow","co":"South West Water","spills":2,"hours":0.1,"cover":100,"water":"Higher Leat","bathing":null,"year":"2025"},"geometry":{"type":"Point","coordinates":[-3.53241,50.71906]}},{"type":"Feature","properties":{"id":"SBB00993","name":"Pumping Station At Warren Point","co":"South West Water","spills":2,"hours":0.3,"cover":100,"water":"Bigbury Bay (Coastal)","bathing":"Challaborough","year":"2025"},"geometry":{"type":"Point","coordinates":[-3.89775,50.28557]}},{"type":"Feature","properties":{"id":"SBB00828","name":"Nansladron Pumping Station","co":"South West Water","spills":2,"hours":1.9,"cover":100,"water":"Tributary Of White River","bathing":null,"year":"2025"},"geometry":{"type":"Point","coordinates":[-4.79949,50.30045]}},{"type":"Feature","properties":{"id":"SBB00951","name":"Polgooth Combined Sewer Overflow","co":"South West Water","spills":2,"hours":1.2,"cover":100,"water":"Polgooth Stream","bathing":null,"year":"2025"},"geometry":{"type":"Point","coordinates":[-4.81005,50.31755]}},{"type":"Feature","properties":{"id":"SBB00192","name":"Burnthouse Lane CSO","co":"South West Water","spills":2,"hours":0.3,"cover":100,"water":"Northbrook Via Sws","bathing":null,"year":"2025"},"geometry":{"type":"Point","coordinates":[-3.49858,50.71114]}},{"type":"Feature","properties":{"id":"SBB01017","name":"Readymoney Cove PS","co":"South West Water","spills":2,"hours":2.8,"cover":100,"water":"River Fowey Estuary(E)","bathing":"Readymoney Cove","year":"2025"},"geometry":{"type":"Point","coordinates":[-4.64447,50.32881]}},{"type":"Feature","properties":{"id":"SBB00771","name":"Middle Mill Lane CSO","co":"South West Water","spills":2,"hours":0.2,"cover":97.96517944335938,"water":"Mill Leat","bathing":null,"year":"2025"},"geometry":{"type":"Point","coordinates":[-3.38974,50.85737]}},{"type":"Feature","properties":{"id":"SBB00719","name":"Lowicke House PS","co":"South West Water","spills":2,"hours":0.2,"cover":99.5367202758789,"water":"The Aller Brook (S)","bathing":null,"year":"2025"},"geometry":{"type":"Point","coordinates":[-3.62535,50.53892]}},{"type":"Feature","properties":{"id":"SBB00928","name":"Pentewan Pscso/EO","co":"South West Water","spills":2,"hours":1.5,"cover":100,"water":"St Austell River (S)","bathing":"Pentewan","year":"2025"},"geometry":{"type":"Point","coordinates":[-4.78157,50.29188]}},{"type":"Feature","properties":{"id":"SBB00019","name":"21 Wonford Street CSO","co":"South West Water","spills":2,"hours":0.3,"cover":100,"water":"Northbrook Via Sws","bathing":null,"year":"2025"},"geometry":{"type":"Point","coordinates":[-3.49858,50.71114]}},{"type":"Feature","properties":{"id":"SBB00632","name":"Kiln Quay Pumping Station","co":"South West Water","spills":2,"hours":0.6,"cover":100,"water":"Newton Creek (Estuarine)","bathing":null,"year":"2025"},"geometry":{"type":"Point","coordinates":[-4.0456,50.31257]}},{"type":"Feature","properties":{"id":"SBB00585","name":"Home Close Pumping Station","co":"South West Water","spills":2,"hours":25.9,"cover":100,"water":"Frogmore Stream (Via Sws)","bathing":null,"year":"2025"},"geometry":{"type":"Point","coordinates":[-3.69243,50.27147]}},{"type":"Feature","properties":{"id":"SBB01200","name":"Tabernacle Street CSO","co":"South West Water","spills":2,"hours":0.4,"cover":100,"water":"River Kenwyn Via Sws","bathing":null,"year":"2025"},"geometry":{"type":"Point","coordinates":[-5.0504,50.26228]}},{"type":"Feature","properties":{"id":"SBB00454","name":"Firlands Road 2 CSO","co":"South West Water","spills":2,"hours":0.2,"cover":100,"water":"Tributary Of River Fleet","bathing":null,"year":"2025"},"geometry":{"type":"Point","coordinates":[-3.53044,50.48858]}},{"type":"Feature","properties":{"id":"SBB00616","name":"Ivy Cottage Pumping Station","co":"South West Water","spills":2,"hours":0.4,"cover":100,"water":"Trib Of Aller Brook","bathing":null,"year":"2025"},"geometry":{"type":"Point","coordinates":[-3.56658,50.48585]}},{"type":"Feature","properties":{"id":"SBB01361","name":"Wilcove STW","co":"South West Water","spills":2,"hours":2.7,"cover":100,"water":"The Hamoaze(S)","bathing":null,"year":"2025"},"geometry":{"type":"Point","coordinates":[-4.20705,50.38651]}},{"type":"Feature","properties":{"id":"SBB00023","name":"28 Finch Close CSO","co":"South West Water","spills":2,"hours":1.7,"cover":96.50399780273438,"water":"Trib Of River Plym Via Sws","bathing":null,"year":"2025"},"geometry":{"type":"Point","coordinates":[-4.1031,50.38367]}},{"type":"Feature","properties":{"id":"SBB00478","name":"Frances Street CSO Truro","co":"South West Water","spills":2,"hours":0.7,"cover":100,"water":"River Kenwyn(S)","bathing":null,"year":"2025"},"geometry":{"type":"Point","coordinates":[-5.05725,50.26399]}},{"type":"Feature","properties":{"id":"SBB00680","name":"Lemon Mews CSO","co":"South West Water","spills":2,"hours":0.3,"cover":100,"water":"River Kenwyn(S)","bathing":null,"year":"2025"},"geometry":{"type":"Point","coordinates":[-5.05224,50.26251]}},{"type":"Feature","properties":{"id":"SBB00438","name":"Fairmantle Street CSO","co":"South West Water","spills":2,"hours":0.6,"cover":100,"water":"River Kenwyn(E)","bathing":null,"year":"2025"},"geometry":{"type":"Point","coordinates":[-5.04798,50.26172]}},{"type":"Feature","properties":{"id":"SBB00942","name":"Playing Field CSO","co":"South West Water","spills":2,"hours":0.5,"cover":100,"water":"River Erme","bathing":"Mothecombe; Coastguards Beach, Erme Estuary","year":"2025"},"geometry":{"type":"Point","coordinates":[-3.9126,50.36187]}},{"type":"Feature","properties":{"id":"SBB01204","name":"Tamar Way CSO","co":"South West Water","spills":2,"hours":0.7,"cover":100,"water":"Honicknowle Stream(S)","bathing":null,"year":"2025"},"geometry":{"type":"Point","coordinates":[-4.16502,50.40592]}},{"type":"Feature","properties":{"id":"SBB01063","name":"Sea Lawns Pumping Station","co":"South West Water","spills":1,"hours":0.1,"cover":100,"water":"Lyme Bay","bathing":null,"year":"2025"},"geometry":{"type":"Point","coordinates":[-3.45923,50.58402]}},{"type":"Feature","properties":{"id":"SBB00018","name":"21 Lower Town CSO","co":"South West Water","spills":1,"hours":0.3,"cover":92.22032165527344,"water":"Tributary Of Spratford Stream","bathing":null,"year":"2025"},"geometry":{"type":"Point","coordinates":[-3.37736,50.91939]}},{"type":"Feature","properties":{"id":"SBB01078","name":"Sheviock STW SO","co":"South West Water","spills":1,"hours":0.6,"cover":99.3236312866211,"water":"River Lynher","bathing":null,"year":"2025"},"geometry":{"type":"Point","coordinates":[-4.28737,50.37165]}},{"type":"Feature","properties":{"id":"SBB00386","name":"Dunning Walk Combined Sewer Overflo","co":"South West Water","spills":1,"hours":0.1,"cover":98.37614440917969,"water":"Bitten Brook (S)","bathing":null,"year":"2025"},"geometry":{"type":"Point","coordinates":[-3.50976,50.55613]}},{"type":"Feature","properties":{"id":"SBB00653","name":"Laflouder Lane Pumping Station","co":"South West Water","spills":1,"hours":9.5,"cover":100,"water":"English Channel (Coastal)","bathing":null,"year":"2025"},"geometry":{"type":"Point","coordinates":[-5.26131,50.02544]}},{"type":"Feature","properties":{"id":"SBB00774","name":"Milford Park Pumping Station","co":"South West Water","spills":1,"hours":1.4,"cover":99.10816192626953,"water":"River Teign Via Sws Estuarine","bathing":"Shaldon","year":"2025"},"geometry":{"type":"Point","coordinates":[-3.50973,50.5466]}},{"type":"Feature","properties":{"id":"SBB00533","name":"Ham Woods Ham Lane CSO","co":"South West Water","spills":1,"hours":0.2,"cover":96.0789566040039,"water":"Ham Brook","bathing":null,"year":"2025"},"geometry":{"type":"Point","coordinates":[-4.16209,50.40031]}},{"type":"Feature","properties":{"id":"SBB00845","name":"North Rock Sewage Pumping Station","co":"South West Water","spills":1,"hours":0,"cover":95.78767395019531,"water":"Cawsand Bay (C)","bathing":"Kingsand","year":"2025"},"geometry":{"type":"Point","coordinates":[-4.199,50.33414]}},{"type":"Feature","properties":{"id":"SBB00240","name":"Cheriton Bishop STW","co":"South West Water","spills":1,"hours":0.5,"cover":100,"water":"Ford Brook(S)","bathing":null,"year":"2025"},"geometry":{"type":"Point","coordinates":[-3.73606,50.72862]}},{"type":"Feature","properties":{"id":"SBB01031","name":"Riverview CSO","co":"South West Water","spills":1,"hours":0.1,"cover":100,"water":"Saltmill Creek(E)","bathing":null,"year":"2025"},"geometry":{"type":"Point","coordinates":[-4.2103,50.41398]}},{"type":"Feature","properties":{"id":"SBB00182","name":"Buckland St Mary STW","co":"South West Water","spills":1,"hours":2,"cover":100,"water":"Tributary To The River Yarty","bathing":null,"year":"2025"},"geometry":{"type":"Point","coordinates":[-3.04422,50.91538]}},{"type":"Feature","properties":{"id":"SBB00800","name":"Moor Lane Pscso/EO","co":"South West Water","spills":1,"hours":0.1,"cover":99.9384536743164,"water":"Stream (S)","bathing":null,"year":"2025"},"geometry":{"type":"Point","coordinates":[-3.46964,50.76385]}},{"type":"Feature","properties":{"id":"SBB00909","name":"Parkland Drive Pumping Station","co":"South West Water","spills":1,"hours":0.3,"cover":100,"water":"Northbrook Via Sws","bathing":null,"year":"2025"},"geometry":{"type":"Point","coordinates":[-3.49844,50.71114]}},{"type":"Feature","properties":{"id":"SBB00846","name":"North Sands Pumping Station","co":"South West Water","spills":1,"hours":0.1,"cover":100,"water":"Trib Of Kingsbridge Estuary","bathing":"Salcombe North Sands","year":"2025"},"geometry":{"type":"Point","coordinates":[-3.78197,50.23029]}},{"type":"Feature","properties":{"id":"SBB00187","name":"Bullen Street Combined Sewer Of","co":"South West Water","spills":1,"hours":1.6,"cover":99.47773742675781,"water":"Trib Of The River Exe Via Sws","bathing":null,"year":"2025"},"geometry":{"type":"Point","coordinates":[-3.52583,50.80855]}},{"type":"Feature","properties":{"id":"SBB01062","name":"Sea Lawns Outfall CSO, Dawlish","co":"South West Water","spills":1,"hours":0.3,"cover":100,"water":"Lyme Bay(C)","bathing":"Dawlish Town","year":"2025"},"geometry":{"type":"Point","coordinates":[-3.45923,50.58402]}},{"type":"Feature","properties":{"id":"SBB00197","name":"Cadeleigh STW","co":"South West Water","spills":1,"hours":0.1,"cover":98.86129760742188,"water":"Unnamed Watercourse(S)","bathing":null,"year":"2025"},"geometry":{"type":"Point","coordinates":[-3.54265,50.86237]}},{"type":"Feature","properties":{"id":"SBB00300","name":"Compton And Marldon WWTW","co":"South West Water","spills":1,"hours":1,"cover":100,"water":"Trib Of The Aller Brook","bathing":null,"year":"2025"},"geometry":{"type":"Point","coordinates":[-3.60335,50.48113]}},{"type":"Feature","properties":{"id":"SBB00708","name":"Lower Avenue CSO","co":"South West Water","spills":1,"hours":0.1,"cover":100,"water":"North Brook Via Sws","bathing":null,"year":"2025"},"geometry":{"type":"Point","coordinates":[-3.4918,50.72067]}},{"type":"Feature","properties":{"id":"SBB01229","name":"Tuckenhay Bridge PS","co":"South West Water","spills":1,"hours":0.1,"cover":98.01541137695312,"water":"River Wash (S)","bathing":null,"year":"2025"},"geometry":{"type":"Point","coordinates":[-3.66381,50.39223]}},{"type":"Feature","properties":{"id":"SBB00008","name":"14 Clifton Road CSO","co":"South West Water","spills":1,"hours":0.2,"cover":100,"water":"River Exe Via Sws","bathing":null,"year":"2025"},"geometry":{"type":"Point","coordinates":[-3.52794,50.71651]}},{"type":"Feature","properties":{"id":"SBB00799","name":"Moon Cove CSO","co":"South West Water","spills":1,"hours":0.2,"cover":100,"water":"Hamoaze (Estuarine)","bathing":null,"year":"2025"},"geometry":{"type":"Point","coordinates":[-4.18497,50.37758]}},{"type":"Feature","properties":{"id":"SBB01241","name":"Thornton Hill CSO","co":"South West Water","spills":1,"hours":0.1,"cover":100,"water":"Higher Leat Via Sws","bathing":null,"year":"2025"},"geometry":{"type":"Point","coordinates":[-3.53888,50.72195]}},{"type":"Feature","properties":{"id":"SBB00222","name":"Central Station Yard CSO","co":"South West Water","spills":1,"hours":0.2,"cover":97.2490463256836,"water":"Higher Leat Via Sws","bathing":null,"year":"2025"},"geometry":{"type":"Point","coordinates":[-3.53888,50.72195]}},{"type":"Feature","properties":{"id":"SBB00010","name":"15 Hamlin Lane CSO","co":"South West Water","spills":1,"hours":0.1,"cover":98.33618927001953,"water":"North Brook","bathing":null,"year":"2025"},"geometry":{"type":"Point","coordinates":[-3.50091,50.73063]}},{"type":"Feature","properties":{"id":"SBB01000","name":"Queen Street CSO","co":"South West Water","spills":1,"hours":4.8,"cover":100,"water":"River Lemon Via Sws(S)","bathing":null,"year":"2025"},"geometry":{"type":"Point","coordinates":[-3.60942,50.53105]}},{"type":"Feature","properties":{"id":"SBB00654","name":"Laira Avenue CSO","co":"South West Water","spills":1,"hours":1.5,"cover":86.3555908203125,"water":"River Plym Via Sws (Estuarine)","bathing":null,"year":"2025"},"geometry":{"type":"Point","coordinates":[-4.10028,50.38345]}},{"type":"Feature","properties":{"id":"SBB00808","name":"Morice Yard CSO","co":"South West Water","spills":1,"hours":0.5,"cover":100,"water":"Hamoaze (Estuarine)","bathing":null,"year":"2025"},"geometry":{"type":"Point","coordinates":[-4.18425,50.37408]}},{"type":"Feature","properties":{"id":"SBB01197","name":"Swanpool Pscso/EO","co":"South West Water","spills":1,"hours":0.2,"cover":98.89839935302734,"water":"Swanpool (S)","bathing":"Swanpool","year":"2025"},"geometry":{"type":"Point","coordinates":[-5.08012,50.14428]}},{"type":"Feature","properties":{"id":"SBB00961","name":"Porthallow Sewage Pumping Station","co":"South West Water","spills":1,"hours":0.8,"cover":100,"water":"Porthallow Stream (S)","bathing":"Porthallow","year":"2025"},"geometry":{"type":"Point","coordinates":[-5.07955,50.06783]}},{"type":"Feature","properties":{"id":"SBB00329","name":"Crownhill Road CSO","co":"South West Water","spills":1,"hours":0.7,"cover":97.78538513183594,"water":"Honicknowle Stream Via Sws","bathing":null,"year":"2025"},"geometry":{"type":"Point","coordinates":[-4.14283,50.40993]}},{"type":"Feature","properties":{"id":"SBB00439","name":"Falmouth STW Inlet & Storm PS","co":"South West Water","spills":1,"hours":0.4,"cover":100,"water":"Penryn River(E)","bathing":null,"year":"2025"},"geometry":{"type":"Point","coordinates":[-5.04386,50.14866]}},{"type":"Feature","properties":{"id":"SBB00039","name":"Albert Pier Pumping Station","co":"South West Water","spills":1,"hours":0.8,"cover":100,"water":"Mounts Bay","bathing":"Long Rock","year":"2025"},"geometry":{"type":"Point","coordinates":[-5.53049,50.11976]}},{"type":"Feature","properties":{"id":"SBB01410","name":null,"co":"South West Water","spills":1,"hours":0.1,"cover":98.4404525756836,"water":"River Teign","bathing":null,"year":"2025"},"geometry":{"type":"Point","coordinates":[-3.84054,50.67567]}},{"type":"Feature","properties":{"id":"SBB01373","name":"Wolseley Road Tank CSO","co":"South West Water","spills":1,"hours":1.7,"cover":100,"water":"Weston Mill Creek Via Wtr Crse","bathing":null,"year":"2025"},"geometry":{"type":"Point","coordinates":[-4.18432,50.40017]}},{"type":"Feature","properties":{"id":"SBB00801","name":"Moorland Road CSO","co":"South West Water","spills":1,"hours":0.3,"cover":100,"water":"Tory Brook (Via Sws)","bathing":null,"year":"2025"},"geometry":{"type":"Point","coordinates":[-4.05408,50.39184]}},{"type":"Feature","properties":{"id":"SBB01326","name":"Webber Street CSO","co":"South West Water","spills":0,"hours":0,"cover":100,"water":"Penryn River(E)","bathing":null,"year":"2025"},"geometry":{"type":"Point","coordinates":[-5.06971,50.15661]}},{"type":"Feature","properties":{"id":"SBB00343","name":"Culver Road CSO","co":"South West Water","spills":0,"hours":0,"cover":100,"water":"River Tamar Estuary (E)","bathing":null,"year":"2025"},"geometry":{"type":"Point","coordinates":[-4.2055,50.40768]}},{"type":"Feature","properties":{"id":"SBB01354","name":"Westville/Tacketwood PS","co":"South West Water","spills":0,"hours":0,"cover":99.8944091796875,"water":"Kingsbridge Estuary(E)","bathing":null,"year":"2025"},"geometry":{"type":"Point","coordinates":[-3.77819,50.27927]}},{"type":"Feature","properties":{"id":"SBB01045","name":"Saltash Road SPS Plymouth","co":"South West Water","spills":0,"hours":0,"cover":100,"water":"River Tamar (Estuarine)","bathing":null,"year":"2025"},"geometry":{"type":"Point","coordinates":[-4.18399,50.3838]}},{"type":"Feature","properties":{"id":"SBB01018","name":"Readymoney Road Combined Sewer","co":"South West Water","spills":0,"hours":0,"cover":100,"water":"River Fowey Estuary(E)","bathing":"Readymoney Cove","year":"2025"},"geometry":{"type":"Point","coordinates":[-4.64284,50.32984]}},{"type":"Feature","properties":{"id":"SBB00284","name":"Cockwood Pseo","co":"South West Water","spills":0,"hours":0,"cover":100,"water":"Cofton Stream(S)","bathing":null,"year":"2025"},"geometry":{"type":"Point","coordinates":[-3.44937,50.61724]}},{"type":"Feature","properties":{"id":"SBB00447","name":"Ferry Road Pumping Station","co":"South West Water","spills":0,"hours":0,"cover":100,"water":"River Exe","bathing":null,"year":"2025"},"geometry":{"type":"Point","coordinates":[-3.47024,50.68362]}},{"type":"Feature","properties":{"id":"SBB00212","name":"Castle Copse Pumping Station","co":"South West Water","spills":0,"hours":0,"cover":100,"water":"Tributary Of River Otter","bathing":null,"year":"2025"},"geometry":{"type":"Point","coordinates":[-3.3126,50.74108]}},{"type":"Feature","properties":{"id":"SBB00188","name":"Buller Road Combined Sewer Overflow","co":"South West Water","spills":0,"hours":0,"cover":98.82991027832031,"water":"River Exe Via Sws","bathing":null,"year":"2025"},"geometry":{"type":"Point","coordinates":[-3.51695,50.70542]}},{"type":"Feature","properties":{"id":"SBB00811","name":"Mount House School PS","co":"South West Water","spills":0,"hours":0,"cover":100,"water":"Trib Of The River Tavy","bathing":null,"year":"2025"},"geometry":{"type":"Point","coordinates":[-4.13038,50.55272]}},{"type":"Feature","properties":{"id":"SBB01083","name":"Ship Inn CSO","co":"South West Water","spills":0,"hours":0,"cover":100,"water":"Cofton Stream(S)","bathing":null,"year":"2025"},"geometry":{"type":"Point","coordinates":[-3.44993,50.61688]}},{"type":"Feature","properties":{"id":"SBB00048","name":"Appletree CSO","co":"South West Water","spills":0,"hours":0,"cover":100,"water":"Trib Of The English Channel","bathing":null,"year":"2025"},"geometry":{"type":"Point","coordinates":[-3.9157,50.31325]}},{"type":"Feature","properties":{"id":"SBB00954","name":"Polruan Quay PS","co":"South West Water","spills":0,"hours":0,"cover":100,"water":"River Fowey Estuary(E)","bathing":"Readymoney Cove","year":"2025"},"geometry":{"type":"Point","coordinates":[-4.63482,50.32966]}},{"type":"Feature","properties":{"id":"SBB00101","name":"Berry Head Road CSO","co":"South West Water","spills":0,"hours":0,"cover":95.2397232055664,"water":"Torbay(C)","bathing":"Breakwater Beach (Shoalstone)","year":"2025"},"geometry":{"type":"Point","coordinates":[-3.50311,50.40017]}},{"type":"Feature","properties":{"id":"SBB00106","name":"Bigbury & Challaborough STW","co":"South West Water","spills":0,"hours":0,"cover":100,"water":"Bigbury Bay(C)","bathing":"Bigbury-on-Sea North","year":"2025"},"geometry":{"type":"Point","coordinates":[-3.89867,50.28421]}},{"type":"Feature","properties":{"id":"SBB01103","name":"South Sands PS","co":"South West Water","spills":0,"hours":0,"cover":99.89726257324219,"water":"Combe Stream","bathing":"Salcombe South Sands","year":"2025"},"geometry":{"type":"Point","coordinates":[-3.78487,50.22521]}},{"type":"Feature","properties":{"id":"SBB00983","name":"Prince Of Wales Pumping Station","co":"South West Water","spills":0,"hours":0,"cover":100,"water":"The Penryn River (E)","bathing":null,"year":"2025"},"geometry":{"type":"Point","coordinates":[-5.06971,50.15661]}},{"type":"Feature","properties":{"id":"SBB01181","name":"Stoke Meadow Close Pumping Station","co":"South West Water","spills":0,"hours":0,"cover":100,"water":"Mincinglake Stream Via Sws","bathing":null,"year":"2025"},"geometry":{"type":"Point","coordinates":[-3.51358,50.74134]}},{"type":"Feature","properties":{"id":"SBB00443","name":"Feniton Wastewater Treatment Works","co":"South West Water","spills":0,"hours":0,"cover":99.33504486083984,"water":"River Otter","bathing":null,"year":"2025"},"geometry":{"type":"Point","coordinates":[-3.25575,50.78281]}},{"type":"Feature","properties":{"id":"SBB01207","name":"Tan Lane Pumping Station","co":"South West Water","spills":0,"hours":0,"cover":100,"water":"Trib Of The Alphin Brook","bathing":null,"year":"2025"},"geometry":{"type":"Point","coordinates":[-3.53047,50.71171]}},{"type":"Feature","properties":{"id":"SBB00798","name":"Monument Road CSO","co":"South West Water","spills":0,"hours":0,"cover":100,"water":"River Cober Via Sws","bathing":null,"year":"2025"},"geometry":{"type":"Point","coordinates":[-5.28004,50.09949]}},{"type":"Feature","properties":{"id":"SBB01306","name":"Victoria Lodge PS CSO/EO","co":"South West Water","spills":0,"hours":0,"cover":100,"water":"Truro River Estuary System(E)","bathing":null,"year":"2025"},"geometry":{"type":"Point","coordinates":[-5.02884,50.24306]}},{"type":"Feature","properties":{"id":"SBB01385","name":"Yarrow Bank Pumping Station","co":"South West Water","spills":0,"hours":0,"cover":100,"water":"Dart Estuary (Tidal)","bathing":null,"year":"2025"},"geometry":{"type":"Point","coordinates":[-3.56944,50.3465]}},{"type":"Feature","properties":{"id":"SBB00228","name":"Challaborough Pscso/EO","co":"South West Water","spills":0,"hours":0,"cover":100,"water":"Challaborough Stream(S)","bathing":"Challaborough","year":"2025"},"geometry":{"type":"Point","coordinates":[-3.89816,50.28889]}},{"type":"Feature","properties":{"id":"SBB01084","name":"Shipwrights Pumping Station","co":"South West Water","spills":0,"hours":0,"cover":99.94292449951172,"water":"The Helford Creek(E)","bathing":null,"year":"2025"},"geometry":{"type":"Point","coordinates":[-5.13546,50.0935]}},{"type":"Feature","properties":{"id":"SBB01371","name":"Winsham Wastewater Treatment Works","co":"South West Water","spills":0,"hours":0,"cover":99.17237091064453,"water":"River Axe","bathing":null,"year":"2025"},"geometry":{"type":"Point","coordinates":[-2.88891,50.85003]}},{"type":"Feature","properties":{"id":"SBB00836","name":"Newton St Cyres STW","co":"South West Water","spills":0,"hours":0,"cover":100,"water":"(S) River Creedy","bathing":null,"year":"2025"},"geometry":{"type":"Point","coordinates":[-3.57769,50.77215]}},{"type":"Feature","properties":{"id":"SBB00172","name":"Brook House Sso","co":"South West Water","spills":0,"hours":0,"cover":98.6358413696289,"water":"Dawlish Water (S)","bathing":"Dawlish Town","year":"2025"},"geometry":{"type":"Point","coordinates":[-3.47822,50.58144]}},{"type":"Feature","properties":{"id":"SBB00022","name":"28 Clifton Road CSO","co":"South West Water","spills":0,"hours":0,"cover":100,"water":"River Exe Via Sws","bathing":null,"year":"2025"},"geometry":{"type":"Point","coordinates":[-3.5278,50.71652]}},{"type":"Feature","properties":{"id":"SBB00015","name":"2 Dryden Road CSO","co":"South West Water","spills":0,"hours":0,"cover":76.71232604980469,"water":"North Brook Via Sws","bathing":null,"year":"2025"},"geometry":{"type":"Point","coordinates":[-3.49844,50.71114]}},{"type":"Feature","properties":{"id":"SBB01148","name":"St Martins Lane CSO","co":"South West Water","spills":0,"hours":0,"cover":100,"water":"Stream (S)","bathing":null,"year":"2025"},"geometry":{"type":"Point","coordinates":[-3.64035,50.7917]}},{"type":"Feature","properties":{"id":"SBB01343","name":"West Hoe Pumping Station","co":"South West Water","spills":0,"hours":0,"cover":100,"water":"Plymouth Sound (E)","bathing":"Plymouth Firestone Bay","year":"2025"},"geometry":{"type":"Point","coordinates":[-4.14981,50.36213]}},{"type":"Feature","properties":{"id":"SBB00370","name":"Dockyard No.1","co":"South West Water","spills":0,"hours":0,"cover":87.10045623779297,"water":"River Tamar (Estuarine)","bathing":null,"year":"2025"},"geometry":{"type":"Point","coordinates":[-4.18716,50.3823]}},{"type":"Feature","properties":{"id":"SBB00905","name":"Paris Street CSO","co":"South West Water","spills":0,"hours":0,"cover":100,"water":"River Exe Via Sws","bathing":null,"year":"2025"},"geometry":{"type":"Point","coordinates":[-3.52794,50.71651]}},{"type":"Feature","properties":{"id":"SBB01030","name":"Riverside CSO","co":"South West Water","spills":0,"hours":0,"cover":100,"water":"River Bovey Via Sw Sewer","bathing":null,"year":"2025"},"geometry":{"type":"Point","coordinates":[-3.67364,50.59139]}},{"type":"Feature","properties":{"id":"SBB00711","name":"Lower Collapark CSO","co":"South West Water","spills":0,"hours":0,"cover":100,"water":"Malt Mill Lake Via Sws","bathing":"Steamer Quay, Dart Estuary","year":"2025"},"geometry":{"type":"Point","coordinates":[-3.69033,50.43394]}},{"type":"Feature","properties":{"id":"SBB00657","name":"Lake Lane Pumping Station","co":"South West Water","spills":0,"hours":0,"cover":99.80593872070312,"water":"Trib Of River Seaton","bathing":null,"year":"2025"},"geometry":{"type":"Point","coordinates":[-4.44957,50.45425]}},{"type":"Feature","properties":{"id":"SBB01428","name":"Mill Street Combined Sewer Overflow","co":"South West Water","spills":0,"hours":0,"cover":98.96118927001953,"water":"Tributary Of River Creedy","bathing":null,"year":"2025"},"geometry":{"type":"Point","coordinates":[-3.64457,50.79065]}},{"type":"Feature","properties":{"id":"SBB00177","name":"Buckerell Pumping Station","co":"South West Water","spills":0,"hours":0,"cover":98.89839935302734,"water":"Tributary Of River Otter","bathing":null,"year":"2025"},"geometry":{"type":"Point","coordinates":[-3.24686,50.80053]}},{"type":"Feature","properties":{"id":"SBB00031","name":"50 Castle Park CSO","co":"South West Water","spills":0,"hours":0,"cover":97.78253173828125,"water":"Stream (S)","bathing":null,"year":"2025"},"geometry":{"type":"Point","coordinates":[-3.23029,50.91519]}},{"type":"Feature","properties":{"id":"SBB00149","name":"Breageside Pumping Station (Porthle","co":"South West Water","spills":0,"hours":0,"cover":100,"water":"Mounts Bay, English Channel","bathing":"Porthleven Sands","year":"2025"},"geometry":{"type":"Point","coordinates":[-5.31682,50.08315]}},{"type":"Feature","properties":{"id":"SBB00835","name":"Newport Park Pumping Station","co":"South West Water","spills":0,"hours":0,"cover":100,"water":"Trib Of River Exe (Estuarine)","bathing":null,"year":"2025"},"geometry":{"type":"Point","coordinates":[-3.48209,50.69112]}},{"type":"Feature","properties":{"id":"SBB00573","name":"Higher Netherton SPS","co":"South West Water","spills":0,"hours":0,"cover":100,"water":"Netherton Brook","bathing":null,"year":"2025"},"geometry":{"type":"Point","coordinates":[-3.56484,50.53148]}},{"type":"Feature","properties":{"id":"SBB00065","name":"Bampton WWTW","co":"South West Water","spills":0,"hours":0,"cover":100,"water":"River Batherm","bathing":null,"year":"2025"},"geometry":{"type":"Point","coordinates":[-3.49146,50.98598]}},{"type":"Feature","properties":{"id":"SBB00424","name":"Exe Street CSO","co":"South West Water","spills":0,"hours":0,"cover":96.95909118652344,"water":"Higher Leat","bathing":null,"year":"2025"},"geometry":{"type":"Point","coordinates":[-3.53903,50.72203]}},{"type":"Feature","properties":{"id":"SBB00689","name":"Lifton Wastewater Treatment Works","co":"South West Water","spills":0,"hours":0,"cover":100,"water":"River Thrushel","bathing":null,"year":"2025"},"geometry":{"type":"Point","coordinates":[-4.27492,50.64299]}},{"type":"Feature","properties":{"id":"SBB00175","name":"Brunswick House CSO","co":"South West Water","spills":0,"hours":0,"cover":100,"water":"The River Lemon (S)","bathing":null,"year":"2025"},"geometry":{"type":"Point","coordinates":[-3.61154,50.5312]}},{"type":"Feature","properties":{"id":"SBB00539","name":"Harbour Road SPS (Seaton)","co":"South West Water","spills":0,"hours":0,"cover":100,"water":"River Axe Estuary","bathing":"Seaton (Devon)","year":"2025"},"geometry":{"type":"Point","coordinates":[-3.05898,50.70697]}},{"type":"Feature","properties":{"id":"SBB00046","name":"Apple Tree House Broomhill CSO","co":"South West Water","spills":0,"hours":0,"cover":96.6324234008789,"water":"River Teign (S)","bathing":null,"year":"2025"},"geometry":{"type":"Point","coordinates":[-3.83105,50.67905]}},{"type":"Feature","properties":{"id":"SBB01309","name":"Victoria Quay Pscso/EO","co":"South West Water","spills":0,"hours":0,"cover":100,"water":"(E) Truro & Tresillian Rvrs","bathing":null,"year":"2025"},"geometry":{"type":"Point","coordinates":[-5.02551,50.24368]}},{"type":"Feature","properties":{"id":"SBB00414","name":"Embankment Road Pumping Station","co":"South West Water","spills":0,"hours":0,"cover":99.92008972167969,"water":"River Plym (Estuarine)","bathing":null,"year":"2025"},"geometry":{"type":"Point","coordinates":[-4.11077,50.37256]}},{"type":"Feature","properties":{"id":"SBB01270","name":"Tracey Court CSO","co":"South West Water","spills":0,"hours":0,"cover":93.87557220458984,"water":"Millbay Docks Via Sws (Est)","bathing":null,"year":"2025"},"geometry":{"type":"Point","coordinates":[-4.15308,50.36594]}},{"type":"Feature","properties":{"id":"SBB00528","name":"Gwyn Road Combined Sewer Overflow","co":"South West Water","spills":0,"hours":0,"cover":98.71575164794922,"water":"River Plym (Estuarine)","bathing":null,"year":"2025"},"geometry":{"type":"Point","coordinates":[-4.10871,50.37377]}},{"type":"Feature","properties":{"id":"SBB00075","name":"Barton Drive CSO","co":"South West Water","spills":0,"hours":0,"cover":97.93093872070312,"water":"Trib Of River Lemon Via Sws","bathing":null,"year":"2025"},"geometry":{"type":"Point","coordinates":[-3.6236,50.52887]}},{"type":"Feature","properties":{"id":"SBB00325","name":"Crowlas Bridge Pumping Station","co":"South West Water","spills":0,"hours":0,"cover":100,"water":"Red River","bathing":null,"year":"2025"},"geometry":{"type":"Point","coordinates":[-5.4777,50.14627]}},{"type":"Feature","properties":{"id":"SBB00215","name":"Castle Street CSO","co":"South West Water","spills":0,"hours":0,"cover":92.7673110961914,"water":"River Kenwyn(S)","bathing":null,"year":"2025"},"geometry":{"type":"Point","coordinates":[-5.05556,50.26395]}},{"type":"Feature","properties":{"id":"SBB00796","name":"Monkerton Pumping Station","co":"South West Water","spills":0,"hours":0,"cover":100,"water":"Pin Brook","bathing":null,"year":"2025"},"geometry":{"type":"Point","coordinates":[-3.46509,50.73612]}},{"type":"Feature","properties":{"id":"SBB00144","name":"Branscombe Pscso/EO","co":"South West Water","spills":0,"hours":0,"cover":100,"water":"Branscombe (C)","bathing":null,"year":"2025"},"geometry":{"type":"Point","coordinates":[-3.12311,50.68775]}},{"type":"Feature","properties":{"id":"SBB00277","name":"Clifton Road/Jct Albert Road CSO","co":"South West Water","spills":0,"hours":0,"cover":100,"water":"River Exe Via Sws","bathing":null,"year":"2025"},"geometry":{"type":"Point","coordinates":[-3.52794,50.71651]}},{"type":"Feature","properties":{"id":"SBB00066","name":"Bampton WWTW","co":"South West Water","spills":0,"hours":0,"cover":100,"water":"River Batherm","bathing":null,"year":"2025"},"geometry":{"type":"Point","coordinates":[-3.49146,50.98598]}},{"type":"Feature","properties":{"id":"SBB00646","name":"Kingswood Road Pumping Station","co":"South West Water","spills":0,"hours":0,"cover":100,"water":"River Tamar","bathing":null,"year":"2025"},"geometry":{"type":"Point","coordinates":[-4.20816,50.5224]}},{"type":"Feature","properties":{"id":"SBB00790","name":"Minions CSO","co":"South West Water","spills":0,"hours":0,"cover":100,"water":"East Looe River (S)","bathing":null,"year":"2025"},"geometry":{"type":"Point","coordinates":[-4.45417,50.51324]}},{"type":"Feature","properties":{"id":"SBB01142","name":"St Keyne No.1 Pscso/EO","co":"South West Water","spills":0,"hours":0,"cover":99.66886138916016,"water":"West Looe River (S)","bathing":null,"year":"2025"},"geometry":{"type":"Point","coordinates":[-4.47749,50.41974]}},{"type":"Feature","properties":{"id":"SBB00772","name":"Milbury Lane Pumping Station","co":"South West Water","spills":0,"hours":0,"cover":100,"water":"Trib Of The Berry Brook","bathing":null,"year":"2025"},"geometry":{"type":"Point","coordinates":[-3.49001,50.68184]}},{"type":"Feature","properties":{"id":"SBB01237","name":"The Walronds CSO","co":"South West Water","spills":0,"hours":0,"cover":100,"water":"River Exe","bathing":null,"year":"2025"},"geometry":{"type":"Point","coordinates":[-3.49075,50.89713]}},{"type":"Feature","properties":{"id":"SBB00858","name":"Noss Mayo Pumping Station","co":"South West Water","spills":0,"hours":0,"cover":97.83961486816406,"water":"Newton Creek (Estuarine)","bathing":null,"year":"2025"},"geometry":{"type":"Point","coordinates":[-4.03621,50.313]}},{"type":"Feature","properties":{"id":"SBB00114","name":"Bitton Park Road Jct 2nd Avenue CSO","co":"South West Water","spills":0,"hours":0,"cover":99.38070678710938,"water":"Bitton Brook Via Sws","bathing":null,"year":"2025"},"geometry":{"type":"Point","coordinates":[-3.50762,50.5468]}},{"type":"Feature","properties":{"id":"SBB00196","name":"Byes Lane Combined Sewer Overflow","co":"South West Water","spills":0,"hours":0,"cover":100,"water":"River Sid Via Sws","bathing":null,"year":"2025"},"geometry":{"type":"Point","coordinates":[-3.22312,50.70132]}},{"type":"Feature","properties":{"id":"SBB01364","name":"Willowdale Pscso/EO","co":"South West Water","spills":0,"hours":0,"cover":100,"water":"Trib Of River Otter (S)","bathing":null,"year":"2025"},"geometry":{"type":"Point","coordinates":[-3.19962,50.80138]}},{"type":"Feature","properties":{"id":"SBB00939","name":"Pitt Hill Road CSO","co":"South West Water","spills":0,"hours":0,"cover":100,"water":"S/W Sewer Then To Whitelake(S)","bathing":null,"year":"2025"},"geometry":{"type":"Point","coordinates":[-3.60981,50.53842]}},{"type":"Feature","properties":{"id":"SBB01162","name":"Station Road CSO","co":"South West Water","spills":0,"hours":0,"cover":100,"water":"River Erm (S)","bathing":"Mothecombe; Coastguards Beach, Erme Estuary","year":"2025"},"geometry":{"type":"Point","coordinates":[-3.92015,50.39232]}},{"type":"Feature","properties":{"id":"SBB00628","name":"Keyberry Road No 2","co":"South West Water","spills":0,"hours":0,"cover":91.21289825439453,"water":"The Aller Brook (S)","bathing":null,"year":"2025"},"geometry":{"type":"Point","coordinates":[-3.59511,50.52504]}},{"type":"Feature","properties":{"id":"SBB00026","name":"34 Clifton Road CSO","co":"South West Water","spills":0,"hours":0,"cover":100,"water":"River Exe Via Sws","bathing":null,"year":"2025"},"geometry":{"type":"Point","coordinates":[-3.5278,50.71661]}},{"type":"Feature","properties":{"id":"SBB00322","name":"Creekavose Pumping Station","co":"South West Water","spills":0,"hours":0,"cover":100,"water":"River Fal","bathing":null,"year":"2025"},"geometry":{"type":"Point","coordinates":[-4.90425,50.3442]}},{"type":"Feature","properties":{"id":"SBB00158","name":"Bridgerule Pscso/EO","co":"South West Water","spills":0,"hours":0,"cover":100,"water":"River Tamar (S)","bathing":null,"year":"2025"},"geometry":{"type":"Point","coordinates":[-4.4527,50.79714]}},{"type":"Feature","properties":{"id":"SBB00894","name":"Overseas Estate East PS","co":"South West Water","spills":0,"hours":0,"cover":100,"water":"English Channel (Coastal)","bathing":null,"year":"2025"},"geometry":{"type":"Point","coordinates":[-3.59572,50.32123]}},{"type":"Feature","properties":{"id":"SBB01007","name":"R/O 68 Woolbrook Road CSO","co":"South West Water","spills":0,"hours":0,"cover":100,"water":"Woolbrook (S)","bathing":null,"year":"2025"},"geometry":{"type":"Point","coordinates":[-3.24236,50.69509]}},{"type":"Feature","properties":{"id":"SBB00123","name":"Boat Yard PS CSO/EO","co":"South West Water","spills":0,"hours":0,"cover":100,"water":"Tresillian River Estuary","bathing":null,"year":"2025"},"geometry":{"type":"Point","coordinates":[-5.023,50.24609]}},{"type":"Feature","properties":{"id":"SBB00859","name":"O/S 11 Kingsteignton Road CSO","co":"South West Water","spills":0,"hours":0,"cover":100,"water":"The Aller Brook (S)","bathing":null,"year":"2025"},"geometry":{"type":"Point","coordinates":[-3.60514,50.53372]}},{"type":"Feature","properties":{"id":"SBB01218","name":"Templers Road CSO","co":"South West Water","spills":0,"hours":0,"cover":100,"water":"River Lemon Via Sws","bathing":null,"year":"2025"},"geometry":{"type":"Point","coordinates":[-3.59978,50.53388]}},{"type":"Feature","properties":{"id":"SBB01157","name":"St Sidwells School CSO","co":"South West Water","spills":0,"hours":0,"cover":100,"water":"Higher Leat Via Sw Sewer","bathing":null,"year":"2025"},"geometry":{"type":"Point","coordinates":[-3.53888,50.72195]}},{"type":"Feature","properties":{"id":"SBB00847","name":"North Street Car Park CSO","co":"South West Water","spills":0,"hours":0,"cover":99.00114440917969,"water":"Trib Of River Creedy Via Sws","bathing":null,"year":"2025"},"geometry":{"type":"Point","coordinates":[-3.64035,50.7917]}},{"type":"Feature","properties":{"id":"SBB00068","name":"Bank Street CSO","co":"South West Water","spills":0,"hours":0,"cover":100,"water":"Trib O River Lemon Via Sw Sewr","bathing":null,"year":"2025"},"geometry":{"type":"Point","coordinates":[-3.61308,50.53073]}},{"type":"Feature","properties":{"id":"SBB00133","name":"Boobery Road Combined Sewer Overflo","co":"South West Water","spills":0,"hours":0,"cover":98.33085632324219,"water":"Trib Of Spratford Stream","bathing":null,"year":"2025"},"geometry":{"type":"Point","coordinates":[-3.38096,50.92061]}},{"type":"Feature","properties":{"id":"SBB00915","name":"Pavilion Pumping Station","co":"South West Water","spills":0,"hours":0,"cover":100,"water":"River Erme","bathing":null,"year":"2025"},"geometry":{"type":"Point","coordinates":[-3.92573,50.38414]}},{"type":"Feature","properties":{"id":"SBB00875","name":"Old Hill (Tresawle Rd) CSO","co":"South West Water","spills":0,"hours":0,"cover":100,"water":"Penryn River(E)","bathing":null,"year":"2025"},"geometry":{"type":"Point","coordinates":[-5.08549,50.1624]}},{"type":"Feature","properties":{"id":"SBB00949","name":"Plymtree STW","co":"South West Water","spills":0,"hours":0,"cover":100,"water":"An Unnamed Trib-River Clyst","bathing":null,"year":"2025"},"geometry":{"type":"Point","coordinates":[-3.3512,50.81681]}},{"type":"Feature","properties":{"id":"SBB01411","name":null,"co":"South West Water","spills":0,"hours":0,"cover":80.81999969482422,"water":"River Exe","bathing":null,"year":"2025"},"geometry":{"type":"Point","coordinates":[-3.49197,50.90395]}},{"type":"Feature","properties":{"id":"SBB01378","name":null,"co":"South West Water","spills":0,"hours":0,"cover":81.08999633789062,"water":"Tributary Of River Lowman","bathing":null,"year":"2025"},"geometry":{"type":"Point","coordinates":[-3.47223,50.90483]}},{"type":"Feature","properties":{"id":"SBB01401","name":null,"co":"South West Water","spills":0,"hours":0,"cover":100,"water":"Cullompton Mill Leat","bathing":null,"year":"2025"},"geometry":{"type":"Point","coordinates":[-3.3898,50.85935]}},{"type":"Feature","properties":{"id":"SBB01431","name":null,"co":"South West Water","spills":0,"hours":0,"cover":67.12000274658203,"water":"River Teign","bathing":null,"year":"2025"},"geometry":{"type":"Point","coordinates":[-3.65079,50.65314]}},{"type":"Feature","properties":{"id":"SBB00014","name":"2 Bickham Park Road CSO","co":"South West Water","spills":0,"hours":0,"cover":100,"water":"Pennycomequick Stream Via Sws","bathing":null,"year":"2025"},"geometry":{"type":"Point","coordinates":[-4.15809,50.37412]}},{"type":"Feature","properties":{"id":"SBB00064","name":"Bampton Street CSO","co":"South West Water","spills":0,"hours":0,"cover":100,"water":"River Exe","bathing":null,"year":"2025"},"geometry":{"type":"Point","coordinates":[-3.48973,50.90515]}},{"type":"Feature","properties":{"id":"SBB00431","name":"Exeter Road Pumping Station","co":"South West Water","spills":0,"hours":0,"cover":100,"water":"Cottey Brook","bathing":null,"year":"2025"},"geometry":{"type":"Point","coordinates":[-3.49551,50.89464]}},{"type":"Feature","properties":{"id":"SBB00366","name":"Dix's Field CSO","co":"South West Water","spills":0,"hours":0,"cover":99.80308532714844,"water":"River Exe Via Sw Sewer","bathing":null,"year":"2025"},"geometry":{"type":"Point","coordinates":[-3.5278,50.71652]}},{"type":"Feature","properties":{"id":"SBB00921","name":"Pennance Mill Tidal Tanks CSO","co":"South West Water","spills":0,"hours":0,"cover":100,"water":"Maenporth Stream(S)","bathing":"Maenporth","year":"2025"},"geometry":{"type":"Point","coordinates":[-5.09472,50.134]}},{"type":"Feature","properties":{"id":"SBB00041","name":"Allotment CSO","co":"South West Water","spills":0,"hours":0,"cover":100,"water":"Stonehouse Creek (E)","bathing":null,"year":"2025"},"geometry":{"type":"Point","coordinates":[-4.16378,50.36943]}},{"type":"Feature","properties":{"id":"SBB00049","name":"Argyll Road Pumping Station","co":"South West Water","spills":0,"hours":0,"cover":100,"water":"Tributary Of Duryard Stream","bathing":null,"year":"2025"},"geometry":{"type":"Point","coordinates":[-3.5304,50.74436]}},{"type":"Feature","properties":{"id":"SBB00103","name":"Bessom Bridge Pumping Station","co":"South West Water","spills":0,"hours":0,"cover":100,"water":"Wimbleball Lake","bathing":null,"year":"2025"},"geometry":{"type":"Point","coordinates":[-3.46598,51.07695]}},{"type":"Feature","properties":{"id":"SBB00189","name":"Buller Road CSO","co":"South West Water","spills":0,"hours":0,"cover":100,"water":"Stream (S)","bathing":null,"year":"2025"},"geometry":{"type":"Point","coordinates":[-3.64021,50.7917]}},{"type":"Feature","properties":{"id":"SBB00239","name":"Cheriton Bishop Pscso/EO","co":"South West Water","spills":0,"hours":0,"cover":100,"water":"Ford Brook (S)","bathing":null,"year":"2025"},"geometry":{"type":"Point","coordinates":[-3.7397,50.72362]}},{"type":"Feature","properties":{"id":"SBB00260","name":"Church Lane CSO","co":"South West Water","spills":0,"hours":0,"cover":100,"water":"River Tavy Via Sws","bathing":null,"year":"2025"},"geometry":{"type":"Point","coordinates":[-4.14912,50.54563]}},{"type":"Feature","properties":{"id":"SBB00287","name":"Colaton Raleigh Combined Sewer Of","co":"South West Water","spills":0,"hours":0,"cover":100,"water":"Trib Of The River Otter","bathing":null,"year":"2025"},"geometry":{"type":"Point","coordinates":[-3.29719,50.67578]}},{"type":"Feature","properties":{"id":"SBB00312","name":"Council Yard Pscso/EO","co":"South West Water","spills":0,"hours":0,"cover":100,"water":"Trib River Creedy (S)","bathing":null,"year":"2025"},"geometry":{"type":"Point","coordinates":[-3.64049,50.79152]}},{"type":"Feature","properties":{"id":"SBB01308","name":"Victoria Pscso/EO","co":"South West Water","spills":0,"hours":0,"cover":100,"water":"River Camel (S)","bathing":null,"year":"2025"},"geometry":{"type":"Point","coordinates":[-4.8287,50.41875]}},{"type":"Feature","properties":{"id":"SBB00321","name":"Creakavose Park Pscso/EO","co":"South West Water","spills":0,"hours":0,"cover":100,"water":"Un-Named Watercourse (S)","bathing":null,"year":"2025"},"geometry":{"type":"Point","coordinates":[-4.89853,50.34479]}},{"type":"Feature","properties":{"id":"SBB00337","name":"CSO At Market Street","co":"South West Water","spills":0,"hours":0,"cover":100,"water":"Penryn River","bathing":null,"year":"2025"},"geometry":{"type":"Point","coordinates":[-5.06971,50.15661]}},{"type":"Feature","properties":{"id":"SBB00428","name":"Exeter College CSO","co":"South West Water","spills":0,"hours":0,"cover":100,"water":"Higher Leat Via Sw Sewer","bathing":null,"year":"2025"},"geometry":{"type":"Point","coordinates":[-3.53888,50.72195]}},{"type":"Feature","properties":{"id":"SBB00449","name":"Field Near War Memorial CSO","co":"South West Water","spills":0,"hours":0,"cover":100,"water":"Tributary Of River Teign","bathing":null,"year":"2025"},"geometry":{"type":"Point","coordinates":[-3.56484,50.53148]}},{"type":"Feature","properties":{"id":"SBB00472","name":"Fore Street CSO","co":"South West Water","spills":0,"hours":0,"cover":100,"water":"Knowle Stream","bathing":"Budleigh Salterton","year":"2025"},"geometry":{"type":"Point","coordinates":[-3.32347,50.62908]}},{"type":"Feature","properties":{"id":"SBB00488","name":"Generals Lane Pumping Station","co":"South West Water","spills":0,"hours":0,"cover":100,"water":"S/Water System To Exe Estuary","bathing":null,"year":"2025"},"geometry":{"type":"Point","coordinates":[-3.44588,50.62781]}},{"type":"Feature","properties":{"id":"SBB00572","name":"Higher Coombe Drive CSO","co":"South West Water","spills":0,"hours":0,"cover":100,"water":"Bitton Brook Via Sws","bathing":null,"year":"2025"},"geometry":{"type":"Point","coordinates":[-3.50976,50.55622]}},{"type":"Feature","properties":{"id":"SBB00611","name":"Indian Queens Pscso/EO","co":"South West Water","spills":0,"hours":0,"cover":100,"water":"River Fal (S)","bathing":null,"year":"2025"},"geometry":{"type":"Point","coordinates":[-4.90351,50.3919]}},{"type":"Feature","properties":{"id":"SBB00668","name":"Lanteglos Pscso/EO","co":"South West Water","spills":0,"hours":0,"cover":100,"water":"River Fowey (E)","bathing":null,"year":"2025"},"geometry":{"type":"Point","coordinates":[-4.60673,50.3607]}},{"type":"Feature","properties":{"id":"SBB00675","name":"Laurel Lane CSO","co":"South West Water","spills":0,"hours":0,"cover":100,"water":"Ringmore Stream (S)","bathing":null,"year":"2025"},"geometry":{"type":"Point","coordinates":[-3.51726,50.53912]}},{"type":"Feature","properties":{"id":"SBB00681","name":"Leonards Cove PS","co":"South West Water","spills":0,"hours":0,"cover":100,"water":"Leonards Cove Stream (S)","bathing":null,"year":"2025"},"geometry":{"type":"Point","coordinates":[-3.59424,50.32314]}},{"type":"Feature","properties":{"id":"SBB00720","name":"Luckett Wastewater Treatment Works","co":"South West Water","spills":0,"hours":0,"cover":100,"water":"Alren Stream","bathing":null,"year":"2025"},"geometry":{"type":"Point","coordinates":[-4.27252,50.5405]}},{"type":"Feature","properties":{"id":"SBB00843","name":"North Petherwin Pscso/EO","co":"South West Water","spills":0,"hours":0,"cover":100,"water":"River Ottery (S)","bathing":null,"year":"2025"},"geometry":{"type":"Point","coordinates":[-4.43144,50.67185]}},{"type":"Feature","properties":{"id":"SBB00882","name":"Old Tiverton Road CSO","co":"South West Water","spills":0,"hours":0,"cover":100,"water":"Stream(S)","bathing":null,"year":"2025"},"geometry":{"type":"Point","coordinates":[-3.64021,50.7917]}},{"type":"Feature","properties":{"id":"SBB00926","name":"Penpont View CSO","co":"South West Water","spills":0,"hours":0,"cover":100,"water":"Tributary Of Mill Leat","bathing":null,"year":"2025"},"geometry":{"type":"Point","coordinates":[-4.51039,50.59974]}},{"type":"Feature","properties":{"id":"SBB00967","name":"Porthpean Pscso/EO","co":"South West Water","spills":0,"hours":0,"cover":100,"water":"St Austell Bay (C)","bathing":"Porthpean","year":"2025"},"geometry":{"type":"Point","coordinates":[-4.7656,50.32159]}},{"type":"Feature","properties":{"id":"SBB00971","name":"Portmellon Pscso/EO","co":"South West Water","spills":0,"hours":0,"cover":100,"water":"Stream (S)","bathing":"Portmellon","year":"2025"},"geometry":{"type":"Point","coordinates":[-4.7864,50.26154]}},{"type":"Feature","properties":{"id":"SBB00974","name":"Portwrinkle Tank CSO","co":"South West Water","spills":0,"hours":0,"cover":100,"water":"Whitsand Bay (C)","bathing":"Portwrinkle","year":"2025"},"geometry":{"type":"Point","coordinates":[-4.31171,50.36028]}},{"type":"Feature","properties":{"id":"SBB00977","name":"Poundshill Psco/EO","co":"South West Water","spills":0,"hours":0,"cover":100,"water":"Stream","bathing":null,"year":"2025"},"geometry":{"type":"Point","coordinates":[-3.33902,50.96138]}},{"type":"Feature","properties":{"id":"SBB01049","name":"Sandford Rose & Crown CSO","co":"South West Water","spills":0,"hours":0,"cover":100,"water":"The Sandford Stream (S)","bathing":null,"year":"2025"},"geometry":{"type":"Point","coordinates":[-3.66549,50.80834]}},{"type":"Feature","properties":{"id":"SBB01185","name":"Stone Cross CSO","co":"South West Water","spills":0,"hours":0,"cover":100,"water":"Stream (S)","bathing":null,"year":"2025"},"geometry":{"type":"Point","coordinates":[-3.78287,50.64041]}},{"type":"Feature","properties":{"id":"SBB01221","name":"The Anchorage CSO","co":"South West Water","spills":0,"hours":0,"cover":100,"water":"Stream (S)","bathing":null,"year":"2025"},"geometry":{"type":"Point","coordinates":[-3.67918,50.34551]}},{"type":"Feature","properties":{"id":"SBB01238","name":"The Warren Pumping Station","co":"South West Water","spills":0,"hours":0,"cover":100,"water":"Bigbury Bay (C)","bathing":"Bigbury-on-Sea North","year":"2025"},"geometry":{"type":"Point","coordinates":[-3.89937,50.28401]}},{"type":"Feature","properties":{"id":"SBB01283","name":"Treveneague Grdns Playing Field CSO","co":"South West Water","spills":0,"hours":0,"cover":100,"water":"Trib Of Ham Brook","bathing":null,"year":"2025"},"geometry":{"type":"Point","coordinates":[-4.14072,50.40071]}},{"type":"Feature","properties":{"id":"SBB01298","name":"Valley View Pscso/EO","co":"South West Water","spills":0,"hours":0,"cover":100,"water":"East Looe River (S)","bathing":null,"year":"2025"},"geometry":{"type":"Point","coordinates":[-4.47802,50.4218]}},{"type":"Feature","properties":{"id":"SBB01319","name":"Waterleat Park Pscso/EO","co":"South West Water","spills":0,"hours":0,"cover":100,"water":"Trib Of River Otter","bathing":null,"year":"2025"},"geometry":{"type":"Point","coordinates":[-3.18031,50.7952]}},{"type":"Feature","properties":{"id":"SBB00415","name":"Erme Road CSO","co":"South West Water","spills":0,"hours":0,"cover":99.96004486083984,"water":"River Erm (S)","bathing":"Mothecombe; Coastguards Beach, Erme Estuary","year":"2025"},"geometry":{"type":"Point","coordinates":[-3.92021,50.39016]}},{"type":"Feature","properties":{"id":"SBB00555","name":"Heather Park Pumping Station","co":"South West Water","spills":0,"hours":0,"cover":99.93436431884766,"water":"Trib Of Horse Brook Via Sws","bathing":null,"year":"2025"},"geometry":{"type":"Point","coordinates":[-3.8244,50.42697]}},{"type":"Feature","properties":{"id":"SBB00483","name":"Gales Hill Pumping Station","co":"South West Water","spills":0,"hours":0,"cover":99.917236328125,"water":"The Teign Estuary (E)","bathing":"Shaldon","year":"2025"},"geometry":{"type":"Point","coordinates":[-3.50025,50.54132]}},{"type":"Feature","properties":{"id":"SBB00695","name":"Little Knowle CSO","co":"South West Water","spills":0,"hours":0,"cover":99.91476440429688,"water":"Knowle Stream","bathing":"Budleigh Salterton","year":"2025"},"geometry":{"type":"Point","coordinates":[-3.33968,50.63231]}},{"type":"Feature","properties":{"id":"SBB00969","name":"Portloe Wastewater Treatment Works","co":"South West Water","spills":0,"hours":0,"cover":99.88298797607422,"water":"English Channel (Coastal)","bathing":null,"year":"2025"},"geometry":{"type":"Point","coordinates":[-4.89178,50.2175]}},{"type":"Feature","properties":{"id":"SBB01205","name":"Tamerton Close Pseo","co":"South West Water","spills":0,"hours":0,"cover":99.5633544921875,"water":"Tamerton Lake(E)","bathing":null,"year":"2025"},"geometry":{"type":"Point","coordinates":[-4.16586,50.42435]}},{"type":"Feature","properties":{"id":"SBB00243","name":"Chillaton STW","co":"South West Water","spills":0,"hours":0,"cover":99.28938293457031,"water":"Trib Of River Lyd (S)","bathing":null,"year":"2025"},"geometry":{"type":"Point","coordinates":[-4.21894,50.61969]}},{"type":"Feature","properties":{"id":"SBB00751","name":"Marsh Mills Pumping Station","co":"South West Water","spills":0,"hours":0,"cover":99.12957000732422,"water":"River Plym (Estuarine)","bathing":"Plymouth Hoe East; Plymouth Hoe West","year":"2025"},"geometry":{"type":"Point","coordinates":[-4.08903,50.38681]}},{"type":"Feature","properties":{"id":"SBB00520","name":"Gunnislake No.1 CSO","co":"South West Water","spills":0,"hours":0,"cover":98.62728118896484,"water":"River Tamar (S)","bathing":null,"year":"2025"},"geometry":{"type":"Point","coordinates":[-4.21141,50.5254]}},{"type":"Feature","properties":{"id":"SBB00095","name":"Belle Parade CSO","co":"South West Water","spills":0,"hours":0,"cover":97.60844421386719,"water":"Trib Of River Creedy Via Sws","bathing":null,"year":"2025"},"geometry":{"type":"Point","coordinates":[-3.64035,50.7917]}},{"type":"Feature","properties":{"id":"SBB00728","name":"Lynher Pscso/EO","co":"South West Water","spills":0,"hours":0,"cover":95.7509536743164,"water":"Polbathic Lake (E)","bathing":null,"year":"2025"},"geometry":{"type":"Point","coordinates":[-4.30656,50.39034]}},{"type":"Feature","properties":{"id":"SBB01355","name":"Whiddon Down STW","co":"South West Water","spills":0,"hours":0,"cover":100,"water":"Fingle Brook(S)","bathing":null,"year":"2025"},"geometry":{"type":"Point","coordinates":[-3.85292,50.71684]}},{"type":"Feature","properties":{"id":"SBB01293","name":"Uffculme WWTW","co":"South West Water","spills":0,"hours":0,"cover":100,"water":"River Culm","bathing":null,"year":"2025"},"geometry":{"type":"Point","coordinates":[-3.33494,50.89857]}},{"type":"Feature","properties":{"id":"SBB01297","name":"Upton Cross Combined Sewer Overflow","co":"South West Water","spills":0,"hours":0,"cover":95.13136291503906,"water":"Trib Of River Lyner","bathing":null,"year":"2025"},"geometry":{"type":"Point","coordinates":[-4.41955,50.52854]}},{"type":"Feature","properties":{"id":"SBB01332","name":"West Alvington CSO","co":"South West Water","spills":0,"hours":0,"cover":100,"water":"Kingsbridge Estuary(S)","bathing":null,"year":"2025"},"geometry":{"type":"Point","coordinates":[-3.78868,50.2783]}},{"type":"Feature","properties":{"id":"SBB00052","name":"Ashprington WWTW","co":"South West Water","spills":0,"hours":0,"cover":97.0633544921875,"water":"River Harbourne (Estuarine)","bathing":null,"year":"2025"},"geometry":{"type":"Point","coordinates":[-3.66883,50.39512]}},{"type":"Feature","properties":{"id":"SBB01115","name":"Spreyton STW","co":"South West Water","spills":0,"hours":0,"cover":92.54851531982422,"water":"Coombe Stream(S)","bathing":null,"year":"2025"},"geometry":{"type":"Point","coordinates":[-3.84679,50.76262]}},{"type":"Feature","properties":{"id":"TWL00109","name":"Colgate Wastewater Treatment Works","co":"Thames Water","spills":0,"hours":0,"cover":99.9800033569336,"water":"Ifield Brook","bathing":null,"year":"2025"},"geometry":{"type":"Point","coordinates":[-0.24245,51.08328]}},{"type":"Feature","properties":{"id":"TWL00356","name":"Rusper Sewage Pumping Station","co":"Thames Water","spills":18,"hours":85,"cover":99.6500015258789,"water":"Trib Of Baldhorns Brook","bathing":null,"year":"2025"},"geometry":{"type":"Point","coordinates":[-0.28444,51.1156]}}]}