{"type":"FeatureCollection","features":[{"type":"Feature","properties":{"name":"The Fleet","wtype":"water"},"geometry":{"type":"Polygon","coordinates":[[[-2.470135,50.5832448],[-2.470268,50.5832366],[-2.4703429,50.583232],[-2.4704177,50.5831308],[-2.4706846,50.5831785],[-2.4707962,50.5832926],[-2.4717618,50.5834425],[-2.4719058,50.5835244],[-2.4719764,50.583606],[-2.4720622,50.5838785],[-2.472216,50.5843163],[-2.472333,50.5845],[-2.4725772,50.5846278],[-2.473222,50.5849235],[-2.4733497,50.5849821],[-2.4741436,50.5852682],[-2.4752594,50.5855543],[-2.4756792,50.5856233],[-2.4758602,50.5855951],[-2.47674,50.5856496],[-2.4770833,50.585745],[-2.4774267,50.5860039],[-2.4781348,50.5863036],[-2.4784995,50.5865624],[-2.4792506,50.5872027],[-2.480066,50.5880065],[-2.480302,50.5882381],[-2.4807311,50.5884288],[-2.4809672,50.5885923],[-2.4812247,50.5886741],[-2.4815036,50.5887694],[-2.4821259,50.5886877],[-2.4823405,50.5887286],[-2.4827267,50.5888375],[-2.4831559,50.5888784],[-2.4835636,50.5888784],[-2.4837781,50.5890964],[-2.4840575,50.5897954],[-2.4841429,50.5900091],[-2.4842073,50.5903088],[-2.4841429,50.5907039],[-2.4840812,50.5908018],[-2.4840142,50.5909082],[-2.4840571,50.5911262],[-2.4843789,50.5913714],[-2.4850227,50.5916847],[-2.4856449,50.5916711],[-2.4856823,50.5916371],[-2.485981,50.591365],[-2.4863101,50.5912351],[-2.4870927,50.5910612],[-2.4871684,50.5910444],[-2.487898,50.5910717],[-2.4882628,50.5911806],[-2.4887992,50.5914258],[-2.4894359,50.5915622],[-2.4897863,50.5917255],[-2.4903013,50.591889],[-2.4907948,50.5921614],[-2.4911381,50.5924066],[-2.4914171,50.5926927],[-2.4921895,50.5931014],[-2.4930478,50.5935509],[-2.4934126,50.5937143],[-2.4939491,50.5938506],[-2.4943353,50.5938369],[-2.496011,50.594741],[-2.4960525,50.5947661],[-2.497511,50.5956486],[-2.4974896,50.5958257],[-2.4977256,50.5959891],[-2.4980046,50.5961526],[-2.4984552,50.5967927],[-2.4986483,50.5970107],[-2.4989702,50.5975283],[-2.4992491,50.5980186],[-2.4994422,50.598577],[-2.4993993,50.5989175],[-2.4991418,50.599476],[-2.499056,50.5998573],[-2.4988414,50.6001433],[-2.4982406,50.60062],[-2.4973394,50.6010014],[-2.4972106,50.6011512],[-2.49676,50.6012329],[-2.4964811,50.6013691],[-2.4960305,50.6015189],[-2.4956228,50.6019002],[-2.4954296,50.6021999],[-2.4955369,50.6027174],[-2.4956442,50.6028536],[-2.4962021,50.603126],[-2.49676,50.603303],[-2.4973394,50.6033439],[-2.498026,50.6032622],[-2.4986268,50.6033303],[-2.4993564,50.603412],[-2.4998285,50.6035618],[-2.5003864,50.603875],[-2.5006439,50.6040112],[-2.5009657,50.6044061],[-2.5011803,50.6048419],[-2.5013734,50.6052641],[-2.5014803,50.6055425],[-2.5014248,50.6058632],[-2.5012228,50.6062171],[-2.5011856,50.6063302],[-2.5012778,50.6066281],[-2.5015351,50.6068322],[-2.501824,50.6067757],[-2.5020172,50.606517],[-2.502339,50.6063944],[-2.5025107,50.6062582],[-2.5030042,50.605768],[-2.503821,50.6053703],[-2.5043346,50.6051007],[-2.5048066,50.6051415],[-2.5053016,50.6053976],[-2.5058809,50.6056563],[-2.5064603,50.6059287],[-2.5070597,50.6062446],[-2.5075532,50.6067621],[-2.5078751,50.6072932],[-2.5078107,50.6076064],[-2.5075961,50.6079332],[-2.5071997,50.6081879],[-2.5062316,50.6084563],[-2.5058478,50.6085206],[-2.5053333,50.60862],[-2.5051431,50.6088437],[-2.5051982,50.6091356],[-2.5053179,50.6094157],[-2.5056553,50.6097776],[-2.5063301,50.610112],[-2.5067378,50.6102617],[-2.5071241,50.6103435],[-2.5077678,50.6107792],[-2.5082828,50.6111741],[-2.5086476,50.6112694],[-2.5088621,50.6113919],[-2.5095703,50.6115962],[-2.5098921,50.6116506],[-2.51045,50.6115826],[-2.5109006,50.6113783],[-2.5112869,50.6111332],[-2.5120593,50.6108473],[-2.5124456,50.610643],[-2.512627,50.6103358],[-2.5128747,50.6101664],[-2.5130893,50.6100439],[-2.5134112,50.6100575],[-2.513733,50.6102481],[-2.5140764,50.6105341],[-2.5141837,50.61082],[-2.5146128,50.6112285],[-2.5147201,50.6115553],[-2.5146557,50.6118549],[-2.5147416,50.6129987],[-2.5147845,50.6131348],[-2.5147201,50.6132846],[-2.5145913,50.6140471],[-2.5146343,50.6141969],[-2.5145055,50.6142513],[-2.5148842,50.6143826],[-2.5149561,50.6144419],[-2.5148703,50.6145645],[-2.5150849,50.6147959],[-2.5157286,50.615041],[-2.516308,50.6152589],[-2.5164796,50.6154903],[-2.5164367,50.6156946],[-2.5163294,50.6161575],[-2.5163294,50.6165659],[-2.516544,50.616988],[-2.5165869,50.6171378],[-2.5171019,50.6175462],[-2.5174023,50.617696],[-2.5174881,50.6178049],[-2.5176813,50.6177368],[-2.5180031,50.6178049],[-2.5182606,50.6177913],[-2.518561,50.6177913],[-2.5200201,50.617941],[-2.5207926,50.6180908],[-2.5211789,50.6180772],[-2.521887,50.6179002],[-2.5222947,50.6177504],[-2.5226809,50.6177777],[-2.5229813,50.6178321],[-2.5234105,50.617873],[-2.5239683,50.6177368],[-2.5241615,50.6176007],[-2.5244286,50.6169997],[-2.5246979,50.6168519],[-2.5249769,50.616811],[-2.5260927,50.6169199],[-2.5268866,50.6169063],[-2.5277878,50.6170152],[-2.5288822,50.6170833],[-2.5297619,50.6170697],[-2.5300623,50.6171786],[-2.5304915,50.6172195],[-2.5315429,50.6173828],[-2.5318004,50.6175054],[-2.5327231,50.6178866],[-2.5333454,50.618118],[-2.5339033,50.6181861],[-2.5343109,50.6183359],[-2.5349118,50.6185265],[-2.5351693,50.618472],[-2.5352336,50.6185673],[-2.5374223,50.6193842],[-2.538345,50.6198334],[-2.5393106,50.620378],[-2.539611,50.6206639],[-2.5397183,50.6212221],[-2.5399758,50.6217121],[-2.5400426,50.6219232],[-2.5401903,50.6220661],[-2.5404478,50.6220933],[-2.5406624,50.622175],[-2.5408126,50.6222839],[-2.5409414,50.6223247],[-2.5411345,50.6223111],[-2.5415636,50.6224745],[-2.5419928,50.6226106],[-2.5420357,50.6226923],[-2.5420572,50.6228284],[-2.5422288,50.6229237],[-2.5428082,50.6230326],[-2.5434305,50.6230599],[-2.5436665,50.6231279],[-2.5439454,50.6232641],[-2.5443102,50.623373],[-2.5445248,50.6237677],[-2.5444604,50.6243803],[-2.5445463,50.624707],[-2.5447823,50.624884],[-2.5446321,50.6249657],[-2.5446106,50.6251154],[-2.5448252,50.625374],[-2.5452758,50.6257144],[-2.545426,50.6257007],[-2.545568,50.6257526],[-2.5457744,50.6258479],[-2.5459839,50.6258505],[-2.5461985,50.6257824],[-2.5463272,50.6255782],[-2.5465454,50.6254187],[-2.5469281,50.6252107],[-2.5473787,50.6247887],[-2.5477005,50.6246526],[-2.5480653,50.6246662],[-2.548473,50.6247206],[-2.5488378,50.6248568],[-2.549224,50.6250746],[-2.5501038,50.6256327],[-2.5503398,50.6258233],[-2.5506832,50.6262861],[-2.5511123,50.6265855],[-2.5514342,50.6267761],[-2.5516273,50.6270211],[-2.5519277,50.6272798],[-2.5519062,50.6273887],[-2.5517346,50.627552],[-2.5515629,50.6276064],[-2.5513269,50.6275928],[-2.5504257,50.6279467],[-2.5499536,50.6281917],[-2.5494386,50.6282462],[-2.5491167,50.6282326],[-2.5487576,50.628142],[-2.5484301,50.6281101],[-2.5481511,50.6280284],[-2.547722,50.6278378],[-2.547207,50.6276473],[-2.5467564,50.6276609],[-2.5463702,50.6278923],[-2.5461127,50.6282054],[-2.5460054,50.6285593],[-2.5460483,50.6287634],[-2.5461556,50.6290493],[-2.5460912,50.6294712],[-2.5458337,50.6297298],[-2.5455333,50.6300293],[-2.5455977,50.6302062],[-2.5457908,50.6303968],[-2.5460268,50.6303832],[-2.5466277,50.6302743],[-2.5470568,50.6301382],[-2.5475932,50.629934],[-2.5476576,50.6300293],[-2.5489578,50.6298573],[-2.5506162,50.6303351],[-2.5510216,50.6303083],[-2.5517519,50.6305652],[-2.5522281,50.6306418],[-2.5527002,50.6305737],[-2.5529147,50.6304648],[-2.5529577,50.6303423],[-2.5531508,50.630356],[-2.5534297,50.630424],[-2.5536443,50.6303696],[-2.5538589,50.6303696],[-2.554288,50.6305057],[-2.5546314,50.6305329],[-2.5549103,50.6304785],[-2.5551678,50.630356],[-2.5555326,50.6303287],[-2.5564982,50.630424],[-2.5570132,50.6304785],[-2.5576569,50.6306826],[-2.5577323,50.6307078],[-2.5580646,50.6308187],[-2.5582577,50.6310229],[-2.5583435,50.6312679],[-2.5584079,50.6316626],[-2.5585798,50.6323265],[-2.5587381,50.6328478],[-2.5590172,50.6334824],[-2.5598676,50.6343597],[-2.5599586,50.6345767],[-2.5601696,50.6350948],[-2.5600784,50.6352452],[-2.560085,50.6354009],[-2.5600069,50.635565],[-2.5600137,50.6358762],[-2.5602777,50.6363653],[-2.5605657,50.6375197],[-2.5612232,50.6381691],[-2.5621527,50.638199],[-2.5623779,50.6381166],[-2.5625602,50.6379865],[-2.5627151,50.6379868],[-2.56287,50.6379394],[-2.5629553,50.6378852],[-2.5629874,50.6378648],[-2.5630082,50.6377903],[-2.5631877,50.6378363],[-2.5639863,50.6379086],[-2.5647205,50.6379787],[-2.5650891,50.6380713],[-2.5655238,50.6381092],[-2.5663013,50.6381102],[-2.5669363,50.6380588],[-2.5674134,50.6379924],[-2.5676383,50.637926],[-2.5677583,50.6379022],[-2.5681365,50.6377734],[-2.5696676,50.6376257],[-2.5702229,50.6375251],[-2.5706505,50.6378196],[-2.5708418,50.6380035],[-2.571119,50.6381737],[-2.5714813,50.6383995],[-2.5719079,50.6384893],[-2.5733029,50.6388136],[-2.5746408,50.6389594],[-2.5754547,50.6396111],[-2.5763995,50.6402145],[-2.5775005,50.6406103],[-2.5782421,50.6410273],[-2.5801481,50.6412386],[-2.5815345,50.6416257],[-2.5821483,50.6417867],[-2.5831917,50.6425247],[-2.5846144,50.6432832],[-2.5849583,50.6436098],[-2.5864249,50.6443606],[-2.5865392,50.6449722],[-2.587027,50.6450423],[-2.5880017,50.6452693],[-2.588431,50.6457518],[-2.5885822,50.6460423],[-2.5895345,50.6460753],[-2.5903893,50.6462641],[-2.5919379,50.6466314],[-2.592959,50.6470065],[-2.5940081,50.647362],[-2.5951964,50.647721],[-2.596324,50.6483676],[-2.5975262,50.6487984],[-2.5983806,50.6490363],[-2.5995909,50.6500104],[-2.5999149,50.6501472],[-2.600233,50.6504203],[-2.6009394,50.650834],[-2.6006308,50.6511686],[-2.5992509,50.6512311],[-2.5987184,50.6513158],[-2.5983256,50.6514625],[-2.5980681,50.6516378],[-2.5977008,50.6518877],[-2.5974211,50.6526647],[-2.5974801,50.6532922],[-2.5978378,50.6537849],[-2.5982876,50.6540032],[-2.5989243,50.6540601],[-2.59898,50.6541077],[-2.5992311,50.6541602],[-2.5993203,50.6541123],[-2.5996665,50.6541017],[-2.5999223,50.6539149],[-2.6000573,50.6538163],[-2.6005289,50.6536893],[-2.6007448,50.6537365],[-2.6004701,50.6538949],[-2.6007546,50.6539568],[-2.6011974,50.6539127],[-2.6016962,50.6538806],[-2.6019647,50.6538123],[-2.6020698,50.6537702],[-2.6022171,50.653626],[-2.6026924,50.6537001],[-2.6027854,50.6536613],[-2.6028546,50.6536098],[-2.6028752,50.6536103],[-2.6032304,50.6536183],[-2.6032517,50.6536212],[-2.6035603,50.653663],[-2.6035283,50.6538773],[-2.6036168,50.6538335],[-2.6037442,50.6539357],[-2.6040538,50.6539854],[-2.6040754,50.6539028],[-2.6041855,50.6539815],[-2.6043644,50.6540859],[-2.6049083,50.654117],[-2.6062397,50.6536916],[-2.6063312,50.6539913],[-2.6062032,50.6543765],[-2.6064215,50.6547408],[-2.6069292,50.6549921],[-2.6075549,50.6549592],[-2.6085047,50.6547589],[-2.6093791,50.6544402],[-2.6100837,50.6542366],[-2.6116749,50.6541403],[-2.6100291,50.6533784],[-2.6082979,50.6525854],[-2.605868,50.651295],[-2.603861,50.650263],[-2.602656,50.649746],[-2.60065,50.648585],[-2.599043,50.647939],[-2.595028,50.646131],[-2.5914787,50.6445186],[-2.589409,50.643292],[-2.582183,50.639935],[-2.578572,50.638128],[-2.575364,50.636322],[-2.57135,50.634513],[-2.567738,50.632962],[-2.566133,50.632187],[-2.564127,50.631154],[-2.563326,50.630639],[-2.562525,50.630123],[-2.561323,50.62935],[-2.558915,50.628315],[-2.5580333,50.6279592],[-2.557313,50.627284],[-2.555308,50.626251],[-2.553704,50.625476],[-2.549897,50.623411],[-2.5481976,50.6226629],[-2.5446278,50.6208462],[-2.5441933,50.6208802],[-2.5428666,50.6198937],[-2.5426111,50.6199216],[-2.541676,50.619278],[-2.540876,50.618762],[-2.536871,50.616311],[-2.533662,50.614889],[-2.531656,50.614112],[-2.530855,50.613596],[-2.530055,50.613081],[-2.528854,50.612307],[-2.526447,50.611272],[-2.525247,50.610498],[-2.5221951,50.6088795],[-2.5216098,50.6082481],[-2.520902,50.608086],[-2.5192777,50.6070562],[-2.514438,50.604046],[-2.512437,50.602756],[-2.5097638,50.601572],[-2.5067376,50.5997426],[-2.5054131,50.5991047],[-2.504279,50.5985343],[-2.503226,50.597847],[-2.5022816,50.5974808],[-2.5013574,50.5974418],[-2.5013722,50.5971386],[-2.499903,50.5963607],[-2.496422,50.5941467],[-2.4939415,50.5930475],[-2.491592,50.5917011],[-2.491589,50.5914329],[-2.4893994,50.5901259],[-2.4857139,50.5877973],[-2.4846601,50.5869679],[-2.4830589,50.586054],[-2.4826206,50.5858942],[-2.4820338,50.5854324],[-2.4814389,50.5852172],[-2.4809908,50.5848622],[-2.4804493,50.5844477],[-2.4796043,50.5838978],[-2.4791173,50.5837455],[-2.4788905,50.5836275],[-2.4786926,50.5833552],[-2.4773233,50.582662],[-2.4764007,50.582007],[-2.4736811,50.5802915],[-2.473626,50.580032],[-2.4732452,50.5798885],[-2.4721842,50.5794309],[-2.4713903,50.5790444],[-2.471035,50.5789258],[-2.4708006,50.5788333],[-2.4704462,50.5787631],[-2.470116,50.5784121],[-2.4697643,50.5782223],[-2.4695699,50.5780196],[-2.4693919,50.5778913],[-2.469424,50.5780215],[-2.4694916,50.5781869],[-2.4696818,50.5784382],[-2.4699059,50.5788245],[-2.4700381,50.5789915],[-2.4703736,50.5791502],[-2.4698067,50.579337],[-2.4696813,50.5795242],[-2.4697492,50.5796139],[-2.470327,50.5805937],[-2.4708193,50.5814813],[-2.4711338,50.5819936],[-2.471371,50.5823998],[-2.4714727,50.5826478],[-2.4714916,50.5827308],[-2.4714348,50.5827631],[-2.470896,50.5826958],[-2.4704612,50.5826278],[-2.470524,50.5825127],[-2.4704241,50.5825001],[-2.4703442,50.5825781],[-2.4698583,50.5825146],[-2.4699053,50.5823197],[-2.4698009,50.5823028],[-2.4696573,50.5824904],[-2.4695087,50.5824689],[-2.470135,50.5832448]]]}},{"type":"Feature","properties":{"name":"Poole Harbour","wtype":"water"},"geometry":{"type":"Polygon","coordinates":[[[-1.9500576,50.7113696],[-1.9501951,50.7114374],[-1.950214,50.7114441],[-1.9504272,50.7114984],[-1.9505446,50.7115142],[-1.9506271,50.7115335],[-1.9507079,50.7115574],[-1.9507899,50.7116305],[-1.9508109,50.7116918],[-1.9508243,50.7117665],[-1.9508163,50.7118531],[-1.9507716,50.711945],[-1.9508407,50.7119517],[-1.9511327,50.7119799],[-1.9515269,50.7119806],[-1.9516602,50.7119809],[-1.9518996,50.7119584],[-1.9522281,50.7119041],[-1.95233,50.7118872],[-1.9525628,50.7118045],[-1.9526083,50.7117883],[-1.9529562,50.7116136],[-1.9531009,50.7114964],[-1.9534283,50.7112156],[-1.9534398,50.7112058],[-1.9534986,50.7111499],[-1.9535988,50.7110545],[-1.9536093,50.7110328],[-1.9536595,50.7109291],[-1.9537226,50.7107984],[-1.953795,50.7106486],[-1.9538033,50.7106313],[-1.9537866,50.710524],[-1.9537621,50.7103673],[-1.9537399,50.7102252],[-1.9537746,50.7100879],[-1.953832,50.7098599],[-1.953853,50.7097766],[-1.953887,50.7096418],[-1.9539527,50.709453],[-1.9540095,50.7092898],[-1.9541753,50.7087017],[-1.9541884,50.7086553],[-1.9539895,50.7085362],[-1.9534194,50.7081562],[-1.9534496,50.7081322],[-1.954412,50.7087157],[-1.9556184,50.7091924],[-1.9559566,50.7094153],[-1.9561183,50.7095219],[-1.956326,50.7096588],[-1.956435,50.7097307],[-1.9566438,50.7098683],[-1.9568915,50.7100315],[-1.957175,50.7102184],[-1.9574696,50.7104126],[-1.9577396,50.7105561],[-1.957844,50.7106169],[-1.9581011,50.7107668],[-1.9581577,50.7108003],[-1.9584921,50.7109983],[-1.9590651,50.7112754],[-1.9593362,50.7114065],[-1.9596588,50.7115155],[-1.9598961,50.7116511],[-1.9602965,50.7118916],[-1.9603861,50.7119536],[-1.9605331,50.7120585],[-1.9600798,50.7124974],[-1.9598136,50.7128562],[-1.959578,50.7130397],[-1.9595489,50.7130763],[-1.9594037,50.7132809],[-1.9591451,50.7132026],[-1.9590728,50.713275],[-1.9589739,50.7132811],[-1.9589427,50.7133098],[-1.9588574,50.7132877],[-1.9587814,50.7133811],[-1.9586176,50.7133583],[-1.9582378,50.7132964],[-1.9581694,50.7132852],[-1.957891,50.7132302],[-1.9576412,50.7131809],[-1.9571762,50.7132717],[-1.9569264,50.7133862],[-1.9567407,50.7135485],[-1.956575,50.7137867],[-1.9564226,50.7140547],[-1.956508,50.7141661],[-1.9567219,50.7143938],[-1.9573288,50.715019],[-1.9576185,50.7152994],[-1.9580211,50.7155594],[-1.9583714,50.7156316],[-1.9591946,50.7156437],[-1.9602367,50.7156241],[-1.9612146,50.7156379],[-1.9628088,50.7157147],[-1.9632169,50.7157325],[-1.9636039,50.7157136],[-1.9643629,50.7156205],[-1.9656438,50.7154268],[-1.9664578,50.7152994],[-1.9664894,50.7152944],[-1.9668964,50.7150921],[-1.9671935,50.7148511],[-1.967581,50.7143788],[-1.9677744,50.7140151],[-1.9679967,50.7136969],[-1.9680765,50.7134975],[-1.9682403,50.7132732],[-1.9683402,50.7131296],[-1.9686599,50.7127298],[-1.9688776,50.7125156],[-1.9690106,50.71238],[-1.9691448,50.712259],[-1.9693602,50.7121501],[-1.9695859,50.7120272],[-1.9698368,50.7119455],[-1.9704819,50.7116859],[-1.9706964,50.7116038],[-1.9707836,50.7115704],[-1.9708642,50.7115349],[-1.9709677,50.7115139],[-1.971282,50.7114087],[-1.9715469,50.7112841],[-1.9717097,50.7111897],[-1.9718082,50.7111328],[-1.9719279,50.7110634],[-1.9721317,50.7109057],[-1.9722813,50.7108036],[-1.9724458,50.7106922],[-1.9725569,50.7106664],[-1.9727193,50.7106417],[-1.9730917,50.7106761],[-1.9732621,50.710689],[-1.9733314,50.7107277],[-1.97436,50.7111096],[-1.9748119,50.7112347],[-1.9753465,50.7114821],[-1.975615,50.7115813],[-1.9759526,50.7116939],[-1.976616,50.7118261],[-1.9769489,50.7118545],[-1.9771625,50.7118544],[-1.9773171,50.7118091],[-1.9773681,50.7117431],[-1.9773819,50.7117253],[-1.9773887,50.7117165],[-1.9774758,50.7117198],[-1.9775999,50.7117245],[-1.9776319,50.711783],[-1.9777017,50.7118557],[-1.977894,50.7118568],[-1.9783307,50.7118684],[-1.9788783,50.7119087],[-1.979193,50.7118522],[-1.9792995,50.7118352],[-1.9794291,50.7119089],[-1.979984,50.7118544],[-1.9801869,50.711832],[-1.9802444,50.7118298],[-1.9803323,50.7118289],[-1.9805189,50.7118365],[-1.9806464,50.711845],[-1.9807886,50.7118566],[-1.981224,50.711882],[-1.9812914,50.7118854],[-1.9814,50.7118908],[-1.9813821,50.71203],[-1.9814125,50.7120311],[-1.9814374,50.712032],[-1.9815007,50.7119425],[-1.9816521,50.7119538],[-1.9819608,50.7117764],[-1.9820055,50.7116691],[-1.9821376,50.7116763],[-1.982906,50.7117204],[-1.9845177,50.7118083],[-1.9853103,50.7118509],[-1.9856576,50.7119011],[-1.9856805,50.7119024],[-1.9864398,50.7119467],[-1.9867539,50.7119371],[-1.9867601,50.71195],[-1.98677,50.711964],[-1.9887494,50.7120653],[-1.9900047,50.7121357],[-1.9916621,50.7124805],[-1.9918879,50.712542],[-1.992201,50.7127272],[-1.9923009,50.712837],[-1.9923736,50.7129043],[-1.9924597,50.7129665],[-1.9930086,50.7134418],[-1.9930366,50.7135219],[-1.993058,50.7137818],[-1.993033,50.7139419],[-1.9929763,50.7141647],[-1.9929004,50.7143252],[-1.992796,50.7144951],[-1.992502,50.7148111],[-1.9924456,50.7147927],[-1.992245,50.7150319],[-1.9922868,50.7150714],[-1.9922774,50.7150808],[-1.9921401,50.7152173],[-1.9921306,50.7152267],[-1.9920484,50.7151929],[-1.9920384,50.7151888],[-1.9920433,50.715184],[-1.9920256,50.7151767],[-1.9919404,50.7151859],[-1.9920678,50.7152592],[-1.9920712,50.7152606],[-1.9920557,50.7152737],[-1.9919163,50.7153982],[-1.9918965,50.7153888],[-1.9918807,50.7154034],[-1.9913548,50.7158845],[-1.9913215,50.7159149],[-1.9912133,50.7160137],[-1.9912018,50.7160241],[-1.9911713,50.7160101],[-1.9911626,50.7160176],[-1.9911401,50.7160218],[-1.9910547,50.7161322],[-1.9910305,50.7161209],[-1.9909825,50.7161618],[-1.9908029,50.7163144],[-1.9907394,50.7163755],[-1.9905296,50.7165779],[-1.9904487,50.7166576],[-1.9902845,50.7168721],[-1.990266,50.7169324],[-1.990145,50.7171043],[-1.9900877,50.7171915],[-1.9900562,50.7172589],[-1.9899989,50.7174755],[-1.9899129,50.7176192],[-1.9899057,50.7176312],[-1.9897783,50.7177589],[-1.9896804,50.7178506],[-1.9894523,50.7180635],[-1.9893209,50.7179639],[-1.9892791,50.7179807],[-1.9892373,50.7179964],[-1.9893584,50.7181176],[-1.9895702,50.7183147],[-1.9896342,50.7185199],[-1.9896354,50.7185345],[-1.9896572,50.7187982],[-1.9893528,50.7188187],[-1.989533,50.7188746],[-1.9896517,50.7188882],[-1.9896519,50.7188928],[-1.9895752,50.7189137],[-1.9894737,50.7189407],[-1.9893376,50.7189564],[-1.9893738,50.7190574],[-1.989251,50.7190752],[-1.9889813,50.7191542],[-1.9889581,50.7191577],[-1.9886219,50.7192076],[-1.9883899,50.7192254],[-1.9882176,50.7192421],[-1.9880055,50.7192696],[-1.9877016,50.7193124],[-1.9875672,50.7193315],[-1.9872318,50.7193796],[-1.9870242,50.7194139],[-1.9866074,50.7194758],[-1.9864602,50.7194977],[-1.9863125,50.719499],[-1.986186,50.7194797],[-1.9859837,50.7194483],[-1.9857371,50.7194122],[-1.9854546,50.7193751],[-1.9852609,50.7193463],[-1.9850345,50.7193129],[-1.9847336,50.7192684],[-1.9844338,50.7192179],[-1.9844026,50.7192228],[-1.9843791,50.7192447],[-1.9843763,50.7192644],[-1.9843493,50.7193599],[-1.9843395,50.7195316],[-1.9843413,50.7196005],[-1.9843518,50.7197095],[-1.984371,50.7198179],[-1.9843883,50.7198876],[-1.9844229,50.7199975],[-1.9844514,50.7200773],[-1.9844769,50.7201447],[-1.9845049,50.7202116],[-1.9845374,50.7202777],[-1.9845752,50.7203459],[-1.9846347,50.720437],[-1.9846925,50.7205031],[-1.9847542,50.7205605],[-1.9847942,50.7205541],[-1.9847725,50.7205774],[-1.9849029,50.72071],[-1.9849858,50.720795],[-1.9850843,50.7208922],[-1.9851669,50.7209636],[-1.9853306,50.721097],[-1.9854382,50.7211793],[-1.9855693,50.7212782],[-1.9856889,50.7213632],[-1.9858199,50.7214527],[-1.9859314,50.7215258],[-1.9860423,50.7215939],[-1.9861769,50.7216699],[-1.9863022,50.7217383],[-1.9864311,50.721804],[-1.9865352,50.721853],[-1.9866719,50.7219119],[-1.9867831,50.7219582],[-1.9868822,50.7219992],[-1.9870027,50.7220432],[-1.9871316,50.7220846],[-1.9872435,50.7221199],[-1.9873531,50.7221481],[-1.9873605,50.7221351],[-1.9873794,50.7221545],[-1.9875737,50.7221897],[-1.9877252,50.7222205],[-1.9878745,50.7222472],[-1.988042,50.7222683],[-1.9881972,50.7222815],[-1.9883748,50.7222915],[-1.9885524,50.7223082],[-1.988717,50.7223217],[-1.9888753,50.7223382],[-1.9889809,50.7223497],[-1.9890938,50.7223656],[-1.9890975,50.7223474],[-1.9891266,50.7223498],[-1.9891253,50.7223595],[-1.989124,50.7223681],[-1.9893476,50.7223817],[-1.9895019,50.7223925],[-1.9896395,50.7224029],[-1.9898626,50.7224237],[-1.989993,50.7224411],[-1.9901053,50.7224634],[-1.9902241,50.7224818],[-1.9903318,50.7224984],[-1.990472,50.7225218],[-1.9906055,50.7225653],[-1.990729,50.7226016],[-1.9908869,50.7226488],[-1.991025,50.7226951],[-1.9912014,50.7227621],[-1.9913778,50.7228354],[-1.9914932,50.722888],[-1.9916441,50.7229623],[-1.9917631,50.7230302],[-1.991892,50.7231142],[-1.9919685,50.7231718],[-1.9921937,50.723362],[-1.9922588,50.7234227],[-1.9923197,50.7234929],[-1.9923785,50.7235801],[-1.9924337,50.723679],[-1.9924791,50.7237676],[-1.9925095,50.7238373],[-1.992547,50.7239268],[-1.9925739,50.7240019],[-1.9926037,50.7240999],[-1.9926299,50.724188],[-1.9926539,50.7242891],[-1.9926801,50.724415],[-1.9926936,50.7244959],[-1.9927028,50.7246038],[-1.9927155,50.7247144],[-1.9927247,50.7248188],[-1.9927342,50.7249389],[-1.992749,50.7250387],[-1.9927566,50.7251315],[-1.9927596,50.725207],[-1.9927614,50.7252761],[-1.992759,50.7254163],[-1.9927595,50.725485],[-1.9927515,50.725611],[-1.9927508,50.7256937],[-1.9927401,50.7258673],[-1.9927245,50.7261321],[-1.9927068,50.7263376],[-1.9926897,50.7264819],[-1.9926564,50.7267688],[-1.9925318,50.7276517],[-1.9925295,50.7276681],[-1.9924855,50.7278749],[-1.9924104,50.7282256],[-1.9923352,50.7285592],[-1.9922714,50.7288776],[-1.9922198,50.7291436],[-1.9921957,50.7292829],[-1.9921872,50.7293576],[-1.9922141,50.7294232],[-1.9922409,50.7294908],[-1.9921149,50.7295051],[-1.9919449,50.7295176],[-1.991806,50.7295167],[-1.9916587,50.729505],[-1.9915397,50.7294897],[-1.991427,50.7294756],[-1.9912712,50.7294529],[-1.9910711,50.7294239],[-1.990811,50.7293253],[-1.9907481,50.7293101],[-1.9905805,50.7293044],[-1.9901101,50.729183],[-1.9899628,50.7291425],[-1.9897531,50.7290858],[-1.9895448,50.7290193],[-1.9893323,50.7289482],[-1.9891552,50.7288816],[-1.988913,50.728789],[-1.9887727,50.7287269],[-1.9885376,50.7286235],[-1.9884398,50.7285767],[-1.9881735,50.7284445],[-1.9880672,50.7283869],[-1.9878703,50.7282763],[-1.9877561,50.7281982],[-1.9876754,50.7281449],[-1.9875989,50.7280975],[-1.9874941,50.7280292],[-1.9873164,50.7278845],[-1.9872575,50.7278007],[-1.9871718,50.7278542],[-1.9872419,50.7279062],[-1.9874289,50.7280318],[-1.9874997,50.7280822],[-1.9876286,50.7281677],[-1.9877479,50.7282465],[-1.987825,50.7283006],[-1.9879567,50.7283761],[-1.9881097,50.7284589],[-1.9883321,50.7285677],[-1.988437,50.7286181],[-1.9885432,50.7286685],[-1.9887515,50.7287593],[-1.9888478,50.7288007],[-1.9890022,50.7288645],[-1.9890971,50.7289023],[-1.989253,50.7289599],[-1.9894612,50.7290318],[-1.9895632,50.7290651],[-1.9896907,50.7291047],[-1.9899798,50.7291875],[-1.9901441,50.7292306],[-1.990385,50.7292909],[-1.9905748,50.7293386],[-1.9907958,50.7293926],[-1.9910609,50.7294513],[-1.9912598,50.7294867],[-1.9914144,50.7295143],[-1.9915609,50.7295347],[-1.9916742,50.7295491],[-1.9917819,50.7295554],[-1.9918924,50.7295572],[-1.9920313,50.7295563],[-1.9921446,50.7295473],[-1.9922611,50.7295356],[-1.9923824,50.7296608],[-1.9927791,50.7297021],[-1.9930596,50.7297264],[-1.9933021,50.7297455],[-1.9935749,50.7297624],[-1.9937256,50.7297706],[-1.9940942,50.7297969],[-1.9943161,50.7298124],[-1.9946836,50.7298426],[-1.9949643,50.7298442],[-1.9950304,50.7299271],[-1.9950032,50.7299413],[-1.9949853,50.7299357],[-1.9948812,50.7299524],[-1.9946784,50.7299437],[-1.9943683,50.7299335],[-1.994246,50.7299292],[-1.9941271,50.7299377],[-1.993879,50.7299333],[-1.9937682,50.7299272],[-1.9936497,50.7299208],[-1.9935171,50.7299104],[-1.9932807,50.7298894],[-1.9931673,50.729882],[-1.9930403,50.7298726],[-1.9928748,50.7298602],[-1.9927252,50.7298481],[-1.9926124,50.7298401],[-1.9924933,50.7298496],[-1.9923816,50.7298273],[-1.9922155,50.7298119],[-1.992083,50.7298091],[-1.991976,50.7298181],[-1.9918883,50.7298622],[-1.9918304,50.7299189],[-1.9917756,50.7300386],[-1.9917453,50.7301189],[-1.9917058,50.7302588],[-1.991681,50.7303751],[-1.9916707,50.7304614],[-1.9917217,50.7305242],[-1.9918059,50.7305655],[-1.9919224,50.7305778],[-1.9919815,50.7306371],[-1.9920116,50.7307026],[-1.9920989,50.7307439],[-1.992107,50.7308127],[-1.9920784,50.7308799],[-1.992081,50.7309515],[-1.9921108,50.7310169],[-1.9920083,50.7310607],[-1.9919404,50.7311169],[-1.9919144,50.7311824],[-1.9919286,50.7312759],[-1.9919506,50.7313533],[-1.9919021,50.7314152],[-1.9917834,50.7314058],[-1.9916298,50.7315001],[-1.9915746,50.7316451],[-1.9916381,50.7317107],[-1.9916764,50.7318183],[-1.9916693,50.7318936],[-1.991641,50.7319924],[-1.991632,50.7320648],[-1.9916373,50.7321331],[-1.9916631,50.7322375],[-1.9916843,50.7323069],[-1.9917295,50.7323697],[-1.9917284,50.7324543],[-1.9917512,50.7325245],[-1.991785,50.7325941],[-1.9918283,50.7326634],[-1.9918647,50.7327319],[-1.9918886,50.7328044],[-1.9919332,50.7328754],[-1.9919904,50.7329758],[-1.992039,50.73306],[-1.992102,50.7331583],[-1.9921666,50.7332433],[-1.9922197,50.7333021],[-1.9922809,50.7333745],[-1.9923469,50.7334408],[-1.9924137,50.7335039],[-1.9924885,50.7335569],[-1.9925703,50.7336122],[-1.9926499,50.733678],[-1.9927448,50.7337591],[-1.9928435,50.7338314],[-1.9929185,50.7338867],[-1.9930195,50.7339559],[-1.9931073,50.7340225],[-1.9932029,50.7340706],[-1.9932697,50.7341308],[-1.9933539,50.7342046],[-1.9934562,50.7342712],[-1.9935675,50.7343317],[-1.9936479,50.7343852],[-1.9937271,50.7344358],[-1.9938269,50.7344899],[-1.9939331,50.7345348],[-1.9940988,50.7346056],[-1.9941288,50.7346842],[-1.9941075,50.7347248],[-1.9940049,50.7347508],[-1.9938418,50.7348498],[-1.9937241,50.7349217],[-1.9937107,50.7349298],[-1.9936636,50.7349585],[-1.993585,50.7350065],[-1.9929747,50.7353695],[-1.9919118,50.7360097],[-1.9909013,50.7366121],[-1.9907419,50.7367052],[-1.9905775,50.7368032],[-1.9904358,50.7368873],[-1.9902664,50.7369911],[-1.990102,50.7370891],[-1.9899504,50.7371781],[-1.98982,50.7372433],[-1.9898214,50.7372563],[-1.9899617,50.7373229],[-1.989985,50.737322],[-1.9900042,50.7373211],[-1.9900311,50.7372555],[-1.9902444,50.7371264],[-1.9906448,50.7368891],[-1.99088,50.7367479],[-1.991122,50.7366121],[-1.9917899,50.736212],[-1.9935727,50.7351465],[-1.9936787,50.7350828],[-1.9938111,50.7350097],[-1.9938645,50.7349801],[-1.9939444,50.7349359],[-1.9941041,50.734839],[-1.9941764,50.7347607],[-1.9942176,50.7347223],[-1.9943726,50.7347231],[-1.9944684,50.7347637],[-1.9945571,50.7348094],[-1.9946628,50.7348535],[-1.9947849,50.7348963],[-1.9948803,50.7349275],[-1.9949827,50.7349727],[-1.9950019,50.7349788],[-1.9951074,50.735012],[-1.9952281,50.7350576],[-1.9953504,50.7351021],[-1.9954567,50.7351327],[-1.9955781,50.7351512],[-1.9956962,50.7351876],[-1.9958038,50.7352191],[-1.9959043,50.7352515],[-1.9960208,50.7352709],[-1.9961486,50.7352646],[-1.9962517,50.7352478],[-1.996368,50.735291],[-1.9964714,50.7353199],[-1.9965935,50.7353359],[-1.9967106,50.7353288],[-1.9968098,50.7352908],[-1.9969262,50.7352879],[-1.9970194,50.7353403],[-1.9970901,50.7353921],[-1.9971663,50.7354955],[-1.9971733,50.7355162],[-1.9971847,50.7355252],[-1.9971719,50.7356754],[-1.9971393,50.7358615],[-1.9971258,50.7359536],[-1.9971155,50.7360242],[-1.9971009,50.7361245],[-1.9970911,50.73617],[-1.9970755,50.7361808],[-1.9968459,50.7364119],[-1.9966475,50.7366124],[-1.9960282,50.7372756],[-1.9959992,50.7373426],[-1.9959985,50.7374181],[-1.9960183,50.7374896],[-1.9960261,50.7375081],[-1.9961225,50.737491],[-1.9961005,50.7374694],[-1.996092,50.7373439],[-1.9961366,50.7372734],[-1.9965108,50.7368957],[-1.9965537,50.7368564],[-1.9967987,50.7366124],[-1.997179,50.7361916],[-1.9971577,50.7361736],[-1.9971676,50.7361305],[-1.9971838,50.7360303],[-1.9971953,50.7359583],[-1.9972102,50.7358661],[-1.9972286,50.7357419],[-1.9972456,50.735643],[-1.9972569,50.7355423],[-1.9973271,50.7354634],[-1.9974101,50.7354184],[-1.9975124,50.7353889],[-1.9975521,50.7353096],[-1.9975788,50.7351958],[-1.9976432,50.7351232],[-1.9977017,50.7350468],[-1.997796,50.7349971],[-1.9979341,50.7349651],[-1.9980805,50.7349858],[-1.9981704,50.7350319],[-1.9982091,50.735096],[-1.9982221,50.7351686],[-1.9982597,50.7352327],[-1.99839,50.7352491],[-1.9985256,50.7352346],[-1.9986526,50.7352059],[-1.9987438,50.7351552],[-1.998748,50.7350726],[-1.9987862,50.7350026],[-1.9988991,50.7349883],[-1.9990295,50.7350097],[-1.999141,50.7350387],[-1.9992663,50.7350542],[-1.9993814,50.7350482],[-1.9995172,50.7350008],[-1.9996707,50.7349727],[-1.9997861,50.7349754],[-1.9998991,50.734988],[-2.0002268,50.7350217],[-2.0005386,50.7350489],[-2.0006879,50.7350684],[-2.0008138,50.7350855],[-2.0010284,50.735118],[-2.0013068,50.7351669],[-2.0014067,50.7351923],[-2.0015154,50.7352098],[-2.0016957,50.735215],[-2.0018273,50.7351957],[-2.0019389,50.7351743],[-2.0020669,50.7351286],[-2.0023015,50.7350471],[-2.0024192,50.734974],[-2.0024943,50.7348732],[-2.0024829,50.7348058],[-2.0025694,50.7348463],[-2.0026799,50.7348777],[-2.0027224,50.7348076],[-2.002823,50.7347608],[-2.0029449,50.7347689],[-2.0030511,50.7347599],[-2.0031546,50.734723],[-2.003275,50.734714],[-2.0033919,50.7347065],[-2.0035188,50.734697],[-2.0035888,50.7347534],[-2.0036959,50.7347761],[-2.0038644,50.7347867],[-2.0039934,50.7347852],[-2.0042351,50.7347727],[-2.0042735,50.7347629],[-2.0043429,50.7347451],[-2.004424,50.7346982],[-2.0045303,50.7346732],[-2.0046395,50.73466],[-2.0047545,50.7346521],[-2.004869,50.7346204],[-2.004977,50.7346263],[-2.0051051,50.7346378],[-2.005125,50.7347093],[-2.0052284,50.7346565],[-2.0051777,50.7345924],[-2.0052331,50.7345332],[-2.0053416,50.7345412],[-2.0053745,50.7346096],[-2.0055002,50.7346234],[-2.0054282,50.7346791],[-2.0055326,50.7347091],[-2.0056209,50.7347528],[-2.0056152,50.7348228],[-2.0056569,50.7347362],[-2.0056395,50.7346495],[-2.005699,50.7345908],[-2.0057718,50.7346403],[-2.0058004,50.734707],[-2.0057801,50.7347887],[-2.0056985,50.7348497],[-2.0056616,50.7349193],[-2.0057255,50.7348599],[-2.0058415,50.7348778],[-2.0058715,50.7348114],[-2.005934,50.7347481],[-2.0060662,50.7347654],[-2.0061369,50.7348353],[-2.0062566,50.7348741],[-2.0062983,50.7349422],[-2.0063102,50.7350105],[-2.0063287,50.7350186],[-2.0064326,50.7349671],[-2.0065404,50.734984],[-2.0066518,50.7349564],[-2.0067681,50.7349221],[-2.0068708,50.7348781],[-2.006955,50.7348195],[-2.0069502,50.7347459],[-2.0070084,50.7348064],[-2.0070964,50.7348695],[-2.0072004,50.7348526],[-2.0071103,50.7347918],[-2.0070714,50.7347199],[-2.0071217,50.7346414],[-2.0072234,50.7346696],[-2.0072379,50.7346027],[-2.007361,50.7346091],[-2.0074998,50.7346214],[-2.0075874,50.7345731],[-2.0076004,50.7346406],[-2.0075447,50.7347009],[-2.0076491,50.734688],[-2.0077564,50.7346803],[-2.0078352,50.7347311],[-2.0079408,50.7347388],[-2.0078399,50.7347017],[-2.0078121,50.7346354],[-2.0077208,50.7345953],[-2.0077448,50.7345213],[-2.0078525,50.7345333],[-2.0079348,50.7344887],[-2.0080613,50.734499],[-2.0081805,50.7345158],[-2.0083089,50.7345106],[-2.0084548,50.7345124],[-2.0085476,50.7344746],[-2.0084665,50.7344301],[-2.0083942,50.734496],[-2.0082782,50.7344963],[-2.0081765,50.7344685],[-2.0080476,50.7344508],[-2.0079291,50.734434],[-2.007791,50.7344241],[-2.0077785,50.7343557],[-2.0076885,50.734298],[-2.0076934,50.7343738],[-2.0077022,50.7344418],[-2.0075878,50.7344685],[-2.0074923,50.7345007],[-2.0073701,50.7345117],[-2.0072651,50.7344855],[-2.0072629,50.734417],[-2.0072566,50.7343409],[-2.007213,50.7342616],[-2.0071829,50.7341905],[-2.0073007,50.7341696],[-2.0071797,50.7341297],[-2.0070798,50.7340981],[-2.0070776,50.7340276],[-2.0071789,50.7339969],[-2.007065,50.7339828],[-2.006966,50.7339544],[-2.0069557,50.7338827],[-2.0069584,50.7338112],[-2.0070283,50.7337601],[-2.0071786,50.7337498],[-2.0072697,50.7337113],[-2.0073249,50.7336483],[-2.0074461,50.7336699],[-2.0075558,50.7336306],[-2.0076758,50.7336548],[-2.0077592,50.7336035],[-2.0078741,50.7335806],[-2.0078705,50.7335093],[-2.00789,50.7334368],[-2.0079108,50.7333559],[-2.0079845,50.7333024],[-2.0080919,50.7332253],[-2.0081915,50.7331869],[-2.0083111,50.7331788],[-2.0084146,50.7331577],[-2.008381,50.7330875],[-2.0084068,50.7330139],[-2.0084752,50.7329614],[-2.0086005,50.732964],[-2.0086473,50.7328988],[-2.0086735,50.7328324],[-2.0087176,50.7327668],[-2.0088211,50.7327342],[-2.0089282,50.732735],[-2.0090898,50.7327691],[-2.0090953,50.7328499],[-2.0090673,50.7329238],[-2.008997,50.7330246],[-2.0088853,50.7330493],[-2.0087333,50.7330755],[-2.0086366,50.7331319],[-2.0085676,50.7332147],[-2.0085344,50.7332824],[-2.0085036,50.7333637],[-2.0085439,50.7334289],[-2.0085692,50.7334998],[-2.0085002,50.7335935],[-2.0084962,50.733687],[-2.0085934,50.7337335],[-2.0085389,50.7336691],[-2.0085814,50.7336017],[-2.008654,50.7335407],[-2.0086808,50.7334655],[-2.0086789,50.7333892],[-2.0086552,50.7333179],[-2.008692,50.7332398],[-2.0087574,50.7331854],[-2.0088684,50.7331823],[-2.008971,50.7332427],[-2.0090473,50.7333019],[-2.0091312,50.7333633],[-2.0092184,50.7333193],[-2.0093646,50.733331],[-2.0094645,50.7333616],[-2.0094037,50.7333016],[-2.0094046,50.7332279],[-2.0094967,50.7331915],[-2.0096232,50.73321],[-2.0097251,50.7331897],[-2.0098532,50.7331493],[-2.0099602,50.7331283],[-2.0099795,50.7330563],[-2.009911,50.7330836],[-2.0098879,50.7330928],[-2.0097799,50.7330803],[-2.0096964,50.7330254],[-2.0096215,50.7329422],[-2.0095683,50.7328611],[-2.0095188,50.7327916],[-2.009433,50.7327069],[-2.0093377,50.7326068],[-2.0092674,50.7325515],[-2.0092309,50.7324879],[-2.009128,50.7324668],[-2.0090299,50.7323904],[-2.0090019,50.7323239],[-2.0090192,50.7322861],[-2.0090402,50.7322402],[-2.0091519,50.7322158],[-2.0092517,50.7321922],[-2.0093652,50.7321762],[-2.0094888,50.7321944],[-2.0095976,50.7322494],[-2.0095413,50.7321918],[-2.009604,50.7321358],[-2.0096631,50.7320665],[-2.0097258,50.732008],[-2.0098312,50.7320267],[-2.0099725,50.7320589],[-2.0100449,50.7321173],[-2.010139,50.7321727],[-2.0101796,50.7322368],[-2.010187,50.732164],[-2.0102211,50.7320949],[-2.0103151,50.7321486],[-2.0104179,50.7321973],[-2.0105278,50.7322379],[-2.0105767,50.7322993],[-2.0105548,50.7323654],[-2.0104778,50.7324226],[-2.0105479,50.732477],[-2.0105312,50.7324103],[-2.0106085,50.7323511],[-2.0106188,50.7322775],[-2.010591,50.7322037],[-2.0105322,50.7321204],[-2.010494,50.7320571],[-2.0105436,50.7319813],[-2.0106277,50.7319399],[-2.0107251,50.7318955],[-2.0108498,50.731893],[-2.0109103,50.7319514],[-2.0108764,50.7318857],[-2.0108992,50.7318155],[-2.0110668,50.7317194],[-2.0111289,50.7316452],[-2.0111168,50.7315765],[-2.011116,50.731509],[-2.0111499,50.7314362],[-2.0111404,50.7313684],[-2.0112305,50.7313093],[-2.0113224,50.7313505],[-2.011436,50.7313511],[-2.0115086,50.7312882],[-2.011436,50.7313381],[-2.0113179,50.7313227],[-2.0112641,50.7312566],[-2.0111963,50.7311948],[-2.0111352,50.7311356],[-2.0110695,50.7310806],[-2.0109917,50.7310328],[-2.0110115,50.7309564],[-2.010953,50.7308794],[-2.0108476,50.7308914],[-2.0107503,50.7308612],[-2.0106399,50.7308042],[-2.010669,50.7307155],[-2.0107867,50.7307476],[-2.0107472,50.7306786],[-2.0107526,50.7306043],[-2.0108127,50.7305339],[-2.0108343,50.7304646],[-2.0109043,50.7304011],[-2.0110008,50.7303612],[-2.0110118,50.7302927],[-2.0109901,50.7302198],[-2.0109963,50.7301511],[-2.011019,50.7300802],[-2.0110344,50.7300055],[-2.0109547,50.7299275],[-2.0109056,50.7298635],[-2.0108076,50.7298108],[-2.0107748,50.7297085],[-2.01084,50.7296434],[-2.0109153,50.7295871],[-2.0109836,50.7295296],[-2.0108696,50.7295745],[-2.0107914,50.7296346],[-2.0106952,50.7296704],[-2.0105966,50.7296342],[-2.010488,50.729626],[-2.0104101,50.7295775],[-2.0103857,50.7295076],[-2.0102804,50.7294969],[-2.0102948,50.7294202],[-2.0103653,50.7293526],[-2.0102798,50.7294013],[-2.0102668,50.729476],[-2.010163,50.7294953],[-2.0100496,50.729467],[-2.0099515,50.7294392],[-2.009845,50.7294066],[-2.0097407,50.7293682],[-2.0096411,50.7293925],[-2.0096043,50.729459],[-2.0094697,50.7294809],[-2.0093002,50.7294974],[-2.0091786,50.729482],[-2.0090766,50.7295026],[-2.0089701,50.7295071],[-2.0089226,50.7295684],[-2.0088141,50.7295544],[-2.0087015,50.7295846],[-2.0087342,50.7296498],[-2.0086777,50.7297128],[-2.008622,50.7296544],[-2.0085099,50.7296303],[-2.0083872,50.7296305],[-2.0082711,50.7296265],[-2.0081559,50.7296083],[-2.0080242,50.7296054],[-2.0079093,50.7295987],[-2.0077919,50.7296084],[-2.0076794,50.7296138],[-2.0075733,50.7296243],[-2.0074616,50.7296275],[-2.0073458,50.7296338],[-2.0071712,50.7296392],[-2.0070408,50.729642],[-2.0069063,50.7296419],[-2.0067985,50.7296535],[-2.0066857,50.7296516],[-2.0065742,50.7296608],[-2.0064631,50.7296711],[-2.0063261,50.729668],[-2.006206,50.729691],[-2.006091,50.7296926],[-2.005973,50.7296942],[-2.0057957,50.729704],[-2.0056407,50.7297115],[-2.0055254,50.7296753],[-2.0055096,50.7296129],[-2.0055038,50.7295907],[-2.0056673,50.7295096],[-2.0057735,50.729498],[-2.0059292,50.7294805],[-2.0060671,50.7294702],[-2.0061789,50.7294572],[-2.0062856,50.7294541],[-2.0063926,50.7294557],[-2.0065121,50.7294478],[-2.006631,50.7294276],[-2.0067451,50.7294112],[-2.006859,50.7293929],[-2.0069619,50.7293697],[-2.007114,50.7293451],[-2.0072688,50.7293294],[-2.0074494,50.7293106],[-2.0076506,50.7292893],[-2.0077796,50.7292705],[-2.0079201,50.7292411],[-2.0080448,50.7292114],[-2.0082247,50.7291789],[-2.0083926,50.7291465],[-2.0085148,50.7291023],[-2.0085805,50.7290465],[-2.008666,50.7289682],[-2.0087088,50.7288971],[-2.0088069,50.7289444],[-2.0089058,50.7289801],[-2.0089999,50.7289466],[-2.0090996,50.728974],[-2.0092086,50.7289592],[-2.0092603,50.728896],[-2.0093653,50.7289089],[-2.0094742,50.7288871],[-2.0095337,50.7288254],[-2.0096403,50.7288212],[-2.0097437,50.7287938],[-2.0098644,50.7287923],[-2.0099982,50.7287956],[-2.0100013,50.728727],[-2.0100028,50.7286455],[-2.0098979,50.7286282],[-2.009967,50.7285742],[-2.0099335,50.7284985],[-2.0099349,50.7284247],[-2.0098088,50.7284123],[-2.0097144,50.7283711],[-2.0096155,50.7283332],[-2.0096141,50.7282612],[-2.0097039,50.7281696],[-2.0098059,50.7281302],[-2.0098856,50.7280818],[-2.0099928,50.7280533],[-2.010085,50.7280108],[-2.0101976,50.7280154],[-2.0103027,50.7280325],[-2.0103979,50.7280663],[-2.0103518,50.7280054],[-2.0103992,50.7279344],[-2.0103552,50.7278689],[-2.0104123,50.7278102],[-2.0104164,50.7277428],[-2.0104578,50.7276761],[-2.0105662,50.7276663],[-2.0105727,50.7277363],[-2.0105744,50.7278088],[-2.0105375,50.7278778],[-2.010595,50.7279371],[-2.0106857,50.7279019],[-2.0106803,50.7279704],[-2.0107159,50.7280367],[-2.0107351,50.7281074],[-2.0107375,50.7281763],[-2.0107254,50.7282439],[-2.0105993,50.7282647],[-2.010489,50.7282874],[-2.0103879,50.7283142],[-2.0104973,50.7283313],[-2.0106201,50.7283193],[-2.0107337,50.7283192],[-2.0108278,50.7282832],[-2.0108494,50.7283502],[-2.0109593,50.7283761],[-2.0109677,50.7283044],[-2.0109729,50.7282124],[-2.0109121,50.7281508],[-2.0109281,50.7280801],[-2.010968,50.7280073],[-2.0109079,50.7279514],[-2.0108262,50.7279054],[-2.0107334,50.7278585],[-2.010697,50.7277846],[-2.0107308,50.727716],[-2.0107294,50.7276319],[-2.0107473,50.7275505],[-2.0107022,50.7274867],[-2.0106894,50.7274148],[-2.0105786,50.7274286],[-2.0104709,50.7274436],[-2.0103671,50.7274589],[-2.0102689,50.7274938],[-2.010156,50.7275122],[-2.010183,50.7274365],[-2.0102836,50.7273984],[-2.0102081,50.7273374],[-2.0101401,50.7272851],[-2.0102006,50.7272276],[-2.0100903,50.7272042],[-2.0099961,50.7271498],[-2.0100711,50.7270924],[-2.0101758,50.7271053],[-2.0102901,50.7271138],[-2.0102285,50.7270501],[-2.0102498,50.7269781],[-2.0103659,50.7269618],[-2.010425,50.7268942],[-2.0105098,50.7268418],[-2.0104521,50.7267795],[-2.0103685,50.7267364],[-2.0102629,50.726708],[-2.0102108,50.7266423],[-2.0102048,50.7265721],[-2.0101731,50.7266765],[-2.0101484,50.7267632],[-2.0100646,50.7268078],[-2.0099387,50.7267902],[-2.009862,50.7267245],[-2.0097488,50.726717],[-2.0097079,50.7267803],[-2.009558,50.7267911],[-2.0094192,50.7268039],[-2.0093539,50.7267499],[-2.0092538,50.7267194],[-2.0091491,50.7267052],[-2.0090398,50.7267014],[-2.0089326,50.7267143],[-2.008955,50.7266323],[-2.0089798,50.7265652],[-2.0089186,50.7266206],[-2.0088392,50.7266727],[-2.0088244,50.7267407],[-2.0087817,50.7268031],[-2.008797,50.7268718],[-2.0089036,50.7268706],[-2.0090369,50.7268742],[-2.0091066,50.7269263],[-2.0092246,50.7269311],[-2.0093179,50.7268968],[-2.0094304,50.7268931],[-2.0094857,50.7269534],[-2.0095037,50.7268856],[-2.0096118,50.7269012],[-2.0096574,50.7269651],[-2.0095864,50.7270297],[-2.0095507,50.7270955],[-2.0095093,50.7271604],[-2.0094783,50.7272286],[-2.0095497,50.7272882],[-2.0096047,50.7273496],[-2.0096468,50.7274125],[-2.0097568,50.7274029],[-2.0098208,50.7274602],[-2.009838,50.7275378],[-2.0097984,50.7276028],[-2.0097311,50.7276646],[-2.0096704,50.7277208],[-2.009557,50.7277563],[-2.0094417,50.7277882],[-2.0093152,50.7277635],[-2.0092201,50.727733],[-2.0091488,50.7276781],[-2.0090529,50.7276452],[-2.0089943,50.7275762],[-2.0090191,50.7275097],[-2.009009,50.7274384],[-2.0089182,50.7274833],[-2.0087795,50.7274656],[-2.0087227,50.7273924],[-2.0086447,50.727342],[-2.0085693,50.7272918],[-2.008621,50.7272235],[-2.0086817,50.7271667],[-2.0087907,50.7271368],[-2.0089004,50.7271448],[-2.0090126,50.7271464],[-2.0088955,50.7271231],[-2.0089147,50.7270554],[-2.0088083,50.7270325],[-2.0087606,50.7270968],[-2.0086664,50.7271342],[-2.0085655,50.7271722],[-2.0084731,50.7272079],[-2.0083425,50.7271849],[-2.0082679,50.7271145],[-2.0081742,50.7270817],[-2.0082447,50.7270262],[-2.0081389,50.7270066],[-2.0081411,50.7270763],[-2.0080387,50.7270975],[-2.007938,50.7270714],[-2.00799,50.7270117],[-2.007908,50.7269677],[-2.0077922,50.7269588],[-2.0077067,50.7269176],[-2.0075883,50.7269312],[-2.0075345,50.7268679],[-2.0075826,50.7268077],[-2.0076189,50.7267402],[-2.0076605,50.726677],[-2.0077817,50.7266348],[-2.0076892,50.7265915],[-2.0075679,50.7265761],[-2.0074912,50.7265223],[-2.0074563,50.726453],[-2.0075613,50.7264403],[-2.0075108,50.7263789],[-2.0074667,50.7263143],[-2.0074492,50.7262332],[-2.0074042,50.7261661],[-2.0074204,50.726099],[-2.0075071,50.7261389],[-2.007597,50.7260901],[-2.0075941,50.7260172],[-2.0076834,50.7259778],[-2.0078034,50.7259199],[-2.0079144,50.7259264],[-2.0079674,50.7258649],[-2.007855,50.7258601],[-2.0078402,50.7257932],[-2.0078654,50.7257194],[-2.0079244,50.7256619],[-2.0080409,50.7256351],[-2.0081218,50.7255876],[-2.0082302,50.7255873],[-2.0083322,50.7255578],[-2.0084374,50.7255432],[-2.0083251,50.7255431],[-2.0081752,50.7255354],[-2.0081606,50.7254622],[-2.0082159,50.7253915],[-2.0082537,50.7253138],[-2.0083129,50.7252201],[-2.0082054,50.7251994],[-2.0082265,50.7251307],[-2.0083214,50.7251667],[-2.0083792,50.725108],[-2.0084947,50.7251051],[-2.0085742,50.7251541],[-2.0085982,50.7250871],[-2.0087052,50.7250683],[-2.0088046,50.7251004],[-2.0088562,50.7250402],[-2.0089835,50.725018],[-2.0090842,50.7249961],[-2.0091488,50.7249381],[-2.0090836,50.7248824],[-2.00907,50.7249538],[-2.008964,50.7249818],[-2.0088501,50.7250012],[-2.008695,50.7250136],[-2.0085609,50.7250089],[-2.0084689,50.7250429],[-2.0084418,50.7249768],[-2.0085027,50.7249214],[-2.0085923,50.7248724],[-2.0084871,50.7249058],[-2.0084136,50.7249634],[-2.0082894,50.7249567],[-2.0082719,50.7249429],[-2.0083314,50.7248828],[-2.0083531,50.7248076],[-2.0084241,50.7247568],[-2.0085424,50.7247386],[-2.0086432,50.7247108],[-2.0085103,50.7247056],[-2.0084062,50.7246683],[-2.008349,50.7245842],[-2.008361,50.7245101],[-2.0084141,50.7244454],[-2.0083183,50.7244752],[-2.0082067,50.7244604],[-2.0081072,50.7244312],[-2.008016,50.7243892],[-2.0079849,50.7243231],[-2.0080477,50.7242545],[-2.0079652,50.7242988],[-2.0078544,50.7243121],[-2.007858,50.724243],[-2.0077673,50.7242907],[-2.0076677,50.7242655],[-2.0075626,50.7242478],[-2.0075762,50.7241793],[-2.0076117,50.7241148],[-2.0074781,50.7241236],[-2.0074087,50.7240639],[-2.0074734,50.7240089],[-2.0075714,50.7239812],[-2.0075883,50.72391],[-2.0075937,50.7239025],[-2.0075803,50.7238977],[-2.0074651,50.7238455],[-2.0073701,50.7238786],[-2.0073439,50.7238113],[-2.0072888,50.7238707],[-2.0072391,50.7238102],[-2.0071991,50.723746],[-2.0071098,50.7238184],[-2.0070234,50.723885],[-2.0067383,50.723688],[-2.0067316,50.7236834],[-2.0067197,50.7236752],[-2.006712,50.7236698],[-2.0067011,50.7236621],[-2.0066723,50.723642],[-2.006454,50.7234582],[-2.0060359,50.7231687],[-2.0060586,50.7230851],[-2.0063762,50.7229514],[-2.0065484,50.7228797],[-2.0064888,50.7228164],[-2.0063135,50.7228846],[-2.0061602,50.7229415],[-2.0058778,50.7230195],[-2.0058652,50.7230166],[-2.0052698,50.7228825],[-2.0052517,50.7228785],[-2.0052317,50.7228741],[-2.0044012,50.7226895],[-2.0042191,50.7225929],[-2.0041949,50.7225878],[-2.0041922,50.7225872],[-2.0040947,50.7225663],[-2.0040683,50.7225607],[-2.0038073,50.7225623],[-2.0031586,50.7224174],[-2.0031369,50.7224126],[-2.0033222,50.7219827],[-2.0033222,50.7219789],[-2.0033222,50.7219579],[-2.0033222,50.7218092],[-2.0033264,50.7217062],[-2.0033339,50.7216333],[-2.0033363,50.7216104],[-2.0033576,50.7214917],[-2.0033802,50.7214121],[-2.0034038,50.7213436],[-2.0034105,50.7213239],[-2.0034522,50.7212416],[-2.0034978,50.7211352],[-2.0035346,50.7210542],[-2.0035414,50.7210359],[-2.0035913,50.7209665],[-2.0036968,50.7209571],[-2.0038045,50.7209652],[-2.0039483,50.7209926],[-2.0041034,50.7210124],[-2.0042656,50.7210371],[-2.0044051,50.7210591],[-2.0045624,50.7210843],[-2.0047182,50.7211212],[-2.0048634,50.7211558],[-2.0050376,50.7211967],[-2.0053068,50.7212605],[-2.0054237,50.7212889],[-2.0055321,50.721314],[-2.0056518,50.7213513],[-2.0057786,50.7213909],[-2.0058926,50.7214269],[-2.0059826,50.7214714],[-2.0060683,50.721513],[-2.0060888,50.7215226],[-2.0062153,50.7214954],[-2.0062693,50.7214079],[-2.0062367,50.7213956],[-2.00622,50.7213847],[-2.0062186,50.7213648],[-2.0062317,50.7213433],[-2.0061212,50.7213257],[-2.006016,50.7212968],[-2.0059531,50.7212347],[-2.0058376,50.7212466],[-2.0057664,50.7211964],[-2.0056606,50.7211857],[-2.0055468,50.7211529],[-2.0056651,50.7211524],[-2.0055277,50.7210857],[-2.0055046,50.7210836],[-2.0054589,50.7210838],[-2.0054511,50.7210835],[-2.0054461,50.7210821],[-2.0055745,50.7210443],[-2.0057091,50.7210389],[-2.0058338,50.7210267],[-2.0059528,50.7210135],[-2.0059903,50.7210042],[-2.0059961,50.7209934],[-2.0059974,50.7209871],[-2.0059971,50.7209828],[-2.0060336,50.7209788],[-2.0060313,50.7209633],[-2.0059479,50.7209646],[-2.0059794,50.7208873],[-2.0061217,50.7208452],[-2.006118,50.7208131],[-2.0061169,50.7208087],[-2.006114,50.7207973],[-2.0061003,50.7207434],[-2.0060995,50.7207403],[-2.0059509,50.720763],[-2.0059717,50.7207326],[-2.0059588,50.7207106],[-2.0059529,50.7207042],[-2.0059306,50.7206849],[-2.0059141,50.7206818],[-2.005872,50.7206927],[-2.0058361,50.7206816],[-2.0057811,50.7206725],[-2.0057628,50.7206692],[-2.005738,50.720659],[-2.0057369,50.7206361],[-2.0057418,50.720627],[-2.0058595,50.7206236],[-2.0057806,50.7205845],[-2.0059422,50.720524],[-2.0060992,50.7205505],[-2.0060878,50.7204741],[-2.0058992,50.7204771],[-2.0060492,50.7204006],[-2.0059262,50.7204125],[-2.0059748,50.7203517],[-2.0059695,50.7203423],[-2.0058923,50.7203665],[-2.0059932,50.7202826],[-2.0058889,50.7203003],[-2.00581,50.7202532],[-2.0058778,50.7201974],[-2.0059639,50.720146],[-2.0059992,50.7200803],[-2.005893,50.7200741],[-2.0059334,50.7200082],[-2.0059782,50.7199422],[-2.0059699,50.7199322],[-2.0058456,50.7198619],[-2.0058141,50.7197968],[-2.0059146,50.7197548],[-2.0058728,50.7196784],[-2.0058256,50.7196106],[-2.005813,50.7195982],[-2.0057896,50.7195493],[-2.0057816,50.7195509],[-2.0057783,50.7195441],[-2.0057194,50.719556],[-2.0057588,50.7194829],[-2.0056997,50.7194267],[-2.0056417,50.7193661],[-2.0057536,50.719363],[-2.0056501,50.7193473],[-2.0055484,50.7193246],[-2.0055899,50.7192623],[-2.0056863,50.7192997],[-2.0057934,50.7192916],[-2.0057701,50.7192253],[-2.0056601,50.7192124],[-2.0057388,50.719194],[-2.0057341,50.719186],[-2.0056712,50.7191466],[-2.005749,50.7190665],[-2.0055993,50.7191239],[-2.0055553,50.7190363],[-2.0056197,50.7189825],[-2.0055329,50.7189288],[-2.0054272,50.718947],[-2.0054708,50.7188837],[-2.0053764,50.7188474],[-2.005498,50.7187914],[-2.0053151,50.7188049],[-2.0053129,50.7187335],[-2.005202,50.7187539],[-2.0052377,50.7186851],[-2.0051015,50.7187026],[-2.004993,50.7187025],[-2.0051815,50.7186136],[-2.0053221,50.7185322],[-2.0052181,50.7185528],[-2.0050432,50.7185975],[-2.0049483,50.718535],[-2.0049226,50.7184677],[-2.0050045,50.7184212],[-2.0050038,50.718414],[-2.0050692,50.7183411],[-2.0049635,50.7183631],[-2.0048544,50.7183306],[-2.0047918,50.7182624],[-2.0047877,50.7181947],[-2.0048956,50.718164],[-2.0047596,50.7181582],[-2.0046529,50.7181758],[-2.0045904,50.7181199],[-2.0046096,50.7180444],[-2.0045093,50.7180689],[-2.0043932,50.7180606],[-2.0043323,50.7179995],[-2.0043293,50.7179229],[-2.0043135,50.7180122],[-2.0043611,50.7180879],[-2.0044247,50.7181498],[-2.0045285,50.7181835],[-2.0046031,50.718239],[-2.0046722,50.7182969],[-2.0046444,50.7183632],[-2.0046639,50.7184325],[-2.0045561,50.7184499],[-2.0045762,50.7185247],[-2.0046586,50.7184799],[-2.0047605,50.7185071],[-2.0047352,50.7185791],[-2.0046159,50.7185934],[-2.0045013,50.7186267],[-2.0044866,50.7185468],[-2.0044071,50.7185001],[-2.0042915,50.7184965],[-2.0042291,50.7185661],[-2.0042503,50.7186338],[-2.0043491,50.7186755],[-2.0044701,50.7186634],[-2.00453,50.718725],[-2.0045867,50.7186678],[-2.0046836,50.7186149],[-2.0047588,50.7186704],[-2.0047984,50.7187351],[-2.0047298,50.7187897],[-2.0046189,50.7187802],[-2.0046281,50.718851],[-2.0045449,50.7189097],[-2.0044321,50.7189085],[-2.0043244,50.7189523],[-2.0042678,50.7190152],[-2.0042597,50.7189476],[-2.0042953,50.7188772],[-2.0042563,50.7188031],[-2.0041856,50.718749],[-2.0041495,50.7186807],[-2.0040666,50.7186305],[-2.0039581,50.7186256],[-2.0039867,50.718554],[-2.0039077,50.7185068],[-2.0039133,50.718436],[-2.0039371,50.7183578],[-2.0040437,50.7183676],[-2.0041422,50.7183279],[-2.0042541,50.7183129],[-2.0041637,50.7182719],[-2.0041282,50.7182042],[-2.0041267,50.7181321],[-2.0040276,50.7180957],[-2.0039906,50.7181592],[-2.0040033,50.7182309],[-2.0039009,50.7182635],[-2.0038056,50.7182943],[-2.0037182,50.718344],[-2.003719,50.7184118],[-2.0036066,50.7184213],[-2.0037071,50.7184433],[-2.0037777,50.7184937],[-2.0038172,50.7185641],[-2.0037755,50.7186319],[-2.0036793,50.7185949],[-2.0036055,50.718656],[-2.0037052,50.7186866],[-2.0037761,50.7187373],[-2.0038798,50.7187559],[-2.0037852,50.7187879],[-2.0036759,50.7187616],[-2.003561,50.7187758],[-2.0036626,50.7188197],[-2.003696,50.718888],[-2.0037897,50.7188514],[-2.0038542,50.7189099],[-2.0038424,50.7189795],[-2.003914,50.7189277],[-2.0040215,50.718905],[-2.0040892,50.7188469],[-2.0040878,50.7189174],[-2.0040801,50.7189935],[-2.0040913,50.7190612],[-2.0040686,50.7191313],[-2.0040099,50.719199],[-2.0038931,50.7192152],[-2.0037731,50.7192177],[-2.003643,50.719257],[-2.0036672,50.71919],[-2.0036771,50.7191195],[-2.003768,50.7190832],[-2.0038329,50.719138],[-2.0038864,50.7190734],[-2.0038261,50.7190039],[-2.0037285,50.7190345],[-2.0036382,50.7189868],[-2.0035301,50.7189974],[-2.0035259,50.7189295],[-2.0034718,50.7189899],[-2.0033699,50.7189636],[-2.0033415,50.718896],[-2.003225,50.7188851],[-2.0032734,50.718948],[-2.0032281,50.7190108],[-2.0031214,50.7190078],[-2.0030079,50.7189994],[-2.0028009,50.719037],[-2.0026998,50.719011],[-2.0026018,50.7190401],[-2.0025423,50.7191049],[-2.0025533,50.7191765],[-2.0025182,50.7192512],[-2.0024132,50.7192823],[-2.0023059,50.7192911],[-2.002201,50.7192656],[-2.0020885,50.7192487],[-2.0020302,50.7191849],[-2.0021294,50.7191578],[-2.0022061,50.7191046],[-2.002314,50.7190713],[-2.0024373,50.7190376],[-2.0025273,50.7189902],[-2.0026365,50.718922],[-2.0027027,50.7188563],[-2.0028016,50.7187977],[-2.0028949,50.7187553],[-2.0029667,50.7186979],[-2.0030963,50.7186103],[-2.0031685,50.7185501],[-2.0032629,50.7184901],[-2.0033527,50.7184243],[-2.0032597,50.7183238],[-2.0031948,50.7182679],[-2.0032372,50.718205],[-2.0033453,50.7181909],[-2.0034584,50.7182077],[-2.0035693,50.7181913],[-2.0034575,50.7181717],[-2.0034084,50.7181099],[-2.003291,50.7180964],[-2.0032416,50.7180216],[-2.0033218,50.7179705],[-2.0034366,50.7179625],[-2.0034618,50.7178844],[-2.003564,50.7178556],[-2.0035973,50.7177832],[-2.0036571,50.717727],[-2.0037731,50.7177277],[-2.0038198,50.717791],[-2.0038396,50.7178579],[-2.0039388,50.7178233],[-2.003874,50.7177626],[-2.0038556,50.7176905],[-2.0037435,50.7176438],[-2.0036357,50.7176363],[-2.003585,50.717574],[-2.0035313,50.7176363],[-2.003474,50.7175783],[-2.0033883,50.7175303],[-2.0032818,50.7175063],[-2.0031772,50.7174733],[-2.003059,50.7174838],[-2.0029958,50.7174269],[-2.0029241,50.717368],[-2.0028186,50.7173983],[-2.0029136,50.7174332],[-2.0029874,50.7174825],[-2.0030542,50.7175354],[-2.0031538,50.7175621],[-2.0030682,50.7176076],[-2.0031813,50.7175899],[-2.0033042,50.717584],[-2.0032826,50.7176505],[-2.0033922,50.7176392],[-2.0033696,50.7177166],[-2.003284,50.7177576],[-2.0032043,50.717803],[-2.0030982,50.7178153],[-2.0029948,50.7177942],[-2.0028901,50.7177466],[-2.0027952,50.7177116],[-2.0026867,50.7176942],[-2.0025791,50.7176583],[-2.002488,50.7176211],[-2.0023652,50.7176261],[-2.00225,50.7176137],[-2.0022115,50.7175451],[-2.0020899,50.7175464],[-2.001966,50.7175409],[-2.0018844,50.7175943],[-2.0017703,50.7176017],[-2.0016607,50.7175929],[-2.0015423,50.7176053],[-2.0014366,50.7175867],[-2.0014815,50.717525],[-2.0013757,50.7175535],[-2.0013471,50.7176278],[-2.0012379,50.717614],[-2.0012028,50.7176779],[-2.0013056,50.7176584],[-2.0014115,50.7176695],[-2.0015155,50.7176522],[-2.0016234,50.7176536],[-2.0017344,50.7176625],[-2.0018808,50.7176509],[-2.001994,50.7176492],[-2.0021059,50.7176481],[-2.0021803,50.7176973],[-2.0022903,50.7176904],[-2.0023998,50.7176865],[-2.0025042,50.717706],[-2.0025592,50.7177657],[-2.0026684,50.717778],[-2.002766,50.7178141],[-2.0028054,50.7178806],[-2.0027017,50.7178658],[-2.0025972,50.7178344],[-2.002546,50.7178963],[-2.002436,50.7179123],[-2.0024928,50.7179708],[-2.0025794,50.7179309],[-2.002655,50.7178781],[-2.0026624,50.7179471],[-2.0027506,50.7179899],[-2.00281,50.7180486],[-2.0027166,50.7180831],[-2.0026045,50.7180822],[-2.0025996,50.718151],[-2.0024888,50.7181745],[-2.0025865,50.7182086],[-2.0026159,50.7182739],[-2.0025121,50.7182992],[-2.0024019,50.7182968],[-2.0024637,50.718352],[-2.0023577,50.7183424],[-2.0022514,50.7183682],[-2.0021426,50.7183602],[-2.0021206,50.7182899],[-2.0020824,50.7182174],[-2.0020433,50.7181532],[-2.0021503,50.7181433],[-2.0021271,50.7180738],[-2.002158,50.7180084],[-2.0022529,50.71804],[-2.0022223,50.7179718],[-2.0021277,50.7179361],[-2.0020487,50.7178861],[-2.0019507,50.7178506],[-2.0018387,50.7178248],[-2.0017269,50.7178046],[-2.0017118,50.7178753],[-2.0018095,50.7178489],[-2.0018494,50.7179119],[-2.0019635,50.7179011],[-2.0019219,50.7179649],[-2.002029,50.7179681],[-2.0020375,50.7180374],[-2.0019414,50.718085],[-2.0018933,50.7181601],[-2.0019607,50.7182314],[-2.0018768,50.7182825],[-2.0017683,50.7182958],[-2.0017164,50.7182321],[-2.0017335,50.7181609],[-2.0016371,50.7182072],[-2.0015258,50.7182282],[-2.0014177,50.7182338],[-2.0014542,50.7182982],[-2.0015693,50.7183034],[-2.0016049,50.7183682],[-2.0015563,50.7184314],[-2.0014797,50.7184787],[-2.0014258,50.7184031],[-2.0014523,50.7183324],[-2.0013469,50.7183609],[-2.0013032,50.7182979],[-2.0012698,50.718363],[-2.0011681,50.7183913],[-2.001204,50.7184643],[-2.0011276,50.7184166],[-2.00112,50.7183471],[-2.0011451,50.7182716],[-2.0011098,50.7182054],[-2.0011234,50.7181348],[-2.0011749,50.7180751],[-2.0010638,50.7180617],[-2.0011471,50.7180112],[-2.0012228,50.7179537],[-2.0011222,50.7179139],[-2.0010304,50.7178753],[-2.0010719,50.7179403],[-2.0009923,50.7179855],[-2.0009659,50.7180516],[-2.0009043,50.7181075],[-2.0007997,50.7180879],[-2.0007944,50.7181558],[-2.0009026,50.7181843],[-2.0007978,50.7181975],[-2.0006945,50.7182297],[-2.00078,50.7182718],[-2.0006573,50.7182809],[-2.0005664,50.7182336],[-2.0004997,50.7181676],[-2.0004683,50.7180941],[-2.0005493,50.7180504],[-2.0004404,50.7180166],[-2.0003248,50.7180327],[-2.0002335,50.7179926],[-2.0001405,50.7179573],[-2.0000234,50.7179425],[-2.0001273,50.7179258],[-2.000248,50.7178855],[-2.0003008,50.717821],[-2.0001954,50.7178405],[-2.0000988,50.7178748],[-1.9999933,50.7178495],[-1.9998765,50.7178451],[-1.9997639,50.7178622],[-1.9996541,50.7178635],[-1.9996916,50.7177985],[-1.9997748,50.717756],[-1.9998679,50.7177232],[-1.9999221,50.7176643],[-2.0000348,50.7176918],[-2.0001328,50.7176573],[-2.0002398,50.7176478],[-2.0003511,50.7176569],[-2.0004853,50.7176568],[-2.0004296,50.7175971],[-2.0003239,50.7176053],[-2.0002099,50.7175741],[-2.0001025,50.7175822],[-2.0000038,50.7175453],[-2.0000758,50.7174936],[-2.0001541,50.7174258],[-2.0002066,50.7173403],[-2.0001458,50.7174059],[-2.0000771,50.7174607],[-1.9999747,50.7175129],[-1.9998336,50.7175873],[-1.9997472,50.717647],[-1.9997252,50.7177292],[-1.9996185,50.717746],[-1.9995498,50.7178084],[-1.9994208,50.7178141],[-1.9993203,50.7179057],[-1.9992415,50.7179558],[-1.9991698,50.7180124],[-1.9990767,50.718107],[-1.9989802,50.7181392],[-1.9988908,50.7181849],[-1.9987806,50.7181847],[-1.9986115,50.7181428],[-1.9984479,50.71809],[-1.9982755,50.7180423],[-1.9981626,50.7180072],[-1.9980154,50.7179693],[-1.9978425,50.7179558],[-1.9977346,50.7179424],[-1.9976336,50.71792],[-1.9975265,50.7179142],[-1.9974034,50.717931],[-1.9974113,50.7178634],[-1.9973128,50.7178364],[-1.9972088,50.7177778],[-1.9970981,50.7177543],[-1.9969392,50.7177311],[-1.9968189,50.7176938],[-1.9967054,50.7176703],[-1.9965887,50.7176626],[-1.9966627,50.7177149],[-1.9965542,50.7177157],[-1.9964545,50.7177437],[-1.9963573,50.7177844],[-1.9962587,50.7177567],[-1.9961607,50.7177274],[-1.9961708,50.7176602],[-1.9960724,50.7176259],[-1.9959787,50.7176741],[-1.9959003,50.717725],[-1.9958059,50.717776],[-1.9957089,50.7177405],[-1.9956478,50.7176828],[-1.9957258,50.7176354],[-1.9958272,50.7175967],[-1.9959637,50.7175958],[-1.9959733,50.7175252],[-1.9958497,50.7175208],[-1.9957341,50.717535],[-1.9956216,50.7175209],[-1.9956107,50.7175891],[-1.9955004,50.7175887],[-1.9954887,50.7175176],[-1.99542,50.7174581],[-1.9953544,50.7174035],[-1.9954068,50.7174689],[-1.9954648,50.7175309],[-1.9953984,50.717586],[-1.9953667,50.7175131],[-1.9952609,50.7175303],[-1.995173,50.7175765],[-1.9951438,50.717509],[-1.9951685,50.7174413],[-1.9950752,50.7174808],[-1.9950146,50.7175453],[-1.9949071,50.7175471],[-1.9948705,50.7174756],[-1.9949284,50.7174178],[-1.9950188,50.7173732],[-1.9949343,50.7173298],[-1.9948372,50.7172901],[-1.9947196,50.7172595],[-1.9947074,50.7171852],[-1.9945986,50.7171886],[-1.9944912,50.7171658],[-1.9943871,50.7171796],[-1.9943067,50.7171275],[-1.9943702,50.7170724],[-1.9943109,50.7170097],[-1.9942888,50.7169393],[-1.9943226,50.7168682],[-1.9943511,50.7167985],[-1.994281,50.7168543],[-1.9942392,50.7169209],[-1.9942955,50.7169852],[-1.9942562,50.7170524],[-1.9941722,50.7169991],[-1.9941849,50.7169306],[-1.994206,50.716861],[-1.9940996,50.7168473],[-1.9940939,50.7167776],[-1.9941414,50.7166577],[-1.9942285,50.7166092],[-1.9942944,50.7165517],[-1.9943241,50.7164815],[-1.9943212,50.7163972],[-1.99442,50.716431],[-1.9945243,50.7164797],[-1.9945757,50.7165483],[-1.9945747,50.7166288],[-1.9946089,50.7165583],[-1.9945986,50.7164868],[-1.994503,50.7164478],[-1.9943918,50.716401],[-1.9943096,50.7163334],[-1.9941736,50.716255],[-1.9940764,50.7162015],[-1.9940288,50.7161371],[-1.9939364,50.7160776],[-1.9938843,50.7160013],[-1.9939001,50.7159837],[-1.9939185,50.7159633],[-1.9938267,50.7159261],[-1.9937655,50.7159012],[-1.9937454,50.7158931],[-1.993847,50.7157771],[-1.9939551,50.7156536],[-1.9940395,50.7155571],[-1.9945847,50.7148292],[-1.9950602,50.714187],[-1.9944326,50.7134805],[-1.9945424,50.7134992],[-1.9946227,50.7134858],[-1.9946521,50.713454],[-1.9944776,50.7131445],[-1.9940914,50.7130936],[-1.993453,50.7125025],[-1.9933894,50.7124036],[-1.9932551,50.7123048],[-1.9932288,50.7122881],[-1.9931614,50.7122527],[-1.9931594,50.7122519],[-1.993151,50.7122565],[-1.9927392,50.7120727],[-1.9926921,50.7120519],[-1.9923387,50.711896],[-1.9922997,50.7118874],[-1.9914703,50.7117813],[-1.9914801,50.7117535],[-1.9915261,50.7116167],[-1.9914335,50.7116055],[-1.9913696,50.7117882],[-1.9912821,50.7117767],[-1.9913671,50.7115323],[-1.9912225,50.7115111],[-1.9911489,50.7117759],[-1.9911345,50.7117743],[-1.990509,50.7117037],[-1.9904835,50.7116997],[-1.9904513,50.7116947],[-1.9901971,50.7116548],[-1.9902113,50.711627],[-1.9901722,50.7116205],[-1.9901659,50.7116422],[-1.989588,50.7115289],[-1.9893412,50.7114614],[-1.9892384,50.7114399],[-1.9892384,50.7114278],[-1.9891942,50.7114287],[-1.9891953,50.7114409],[-1.9881802,50.7114591],[-1.9871846,50.7112252],[-1.9865155,50.7105173],[-1.9863733,50.7090948],[-1.9864134,50.7090923],[-1.9864434,50.7090904],[-1.9865923,50.7090829],[-1.9866758,50.7089778],[-1.9881339,50.7089228],[-1.9884153,50.7087809],[-1.988744,50.7086094],[-1.9891501,50.708389],[-1.988668,50.7080899],[-1.9882392,50.7076563],[-1.9858329,50.7076459],[-1.9857842,50.7076153],[-1.9857734,50.7073282],[-1.9858347,50.7072789],[-1.9886083,50.7072901],[-1.9907157,50.7076323],[-1.9907227,50.7076112],[-1.9904909,50.7075773],[-1.9905093,50.7075276],[-1.9905298,50.7074756],[-1.9907651,50.7075113],[-1.9907714,50.7074899],[-1.9905385,50.7074561],[-1.9905729,50.7073643],[-1.9910189,50.7072738],[-1.9932221,50.7075661],[-1.9932394,50.7075161],[-1.9928595,50.7074601],[-1.9928688,50.7074293],[-1.9928753,50.7074055],[-1.9933086,50.7074711],[-1.9933178,50.7074418],[-1.9929393,50.707386],[-1.9929561,50.707346],[-1.9931193,50.7073436],[-1.9933859,50.7073349],[-1.9936126,50.7074654],[-1.9944172,50.7074393],[-1.9945054,50.7074364],[-1.9949206,50.7074229],[-1.9949502,50.7074264],[-1.9949765,50.7074363],[-1.9949933,50.7074459],[-1.9949998,50.7074643],[-1.9950006,50.7075596],[-1.99499,50.7075825],[-1.9949609,50.7075981],[-1.9946783,50.7077043],[-1.9946479,50.7077268],[-1.9946339,50.7077508],[-1.9946344,50.7077839],[-1.9947178,50.7078984],[-1.9949738,50.7080808],[-1.9954539,50.7083088],[-1.9958219,50.7082125],[-1.9958059,50.7080301],[-1.9958699,50.7078781],[-1.9958539,50.7077058],[-1.9955099,50.7075792],[-1.9955307,50.7074988],[-1.9956238,50.7074198],[-1.9963958,50.7074046],[-1.996606,50.7074069],[-1.9967383,50.7074234],[-1.9968302,50.7074664],[-1.9968548,50.7075255],[-1.996814,50.7076045],[-1.996494,50.7076552],[-1.99639,50.707797],[-1.9964455,50.7079986],[-1.9965721,50.7081619],[-1.996978,50.7082087],[-1.9973867,50.708256],[-1.9978161,50.7082404],[-1.9978857,50.7082616],[-1.9979219,50.7083052],[-1.9979216,50.70836],[-1.9978769,50.7084182],[-1.9972886,50.7084805],[-1.997292,50.7085458],[-1.9972819,50.7099624],[-1.9975878,50.7100172],[-1.9976444,50.7100273],[-1.9980445,50.7100939],[-1.9984879,50.7101738],[-1.9986029,50.7101945],[-1.9990004,50.7102594],[-1.9992613,50.710297],[-1.9993423,50.7101277],[-1.9994426,50.7101303],[-1.9995423,50.7101328],[-1.9995717,50.7100021],[-1.9996051,50.7100021],[-1.9996424,50.7100019],[-1.9997624,50.709751],[-1.9997573,50.7096211],[-1.9989835,50.7082934],[-1.9989259,50.7081945],[-1.9985722,50.7079444],[-1.9981898,50.7078079],[-1.9978718,50.7077079],[-1.99748,50.7076627],[-1.9973449,50.7076258],[-1.9973633,50.7075684],[-1.9974315,50.7075161],[-1.997557,50.7074948],[-1.9978887,50.7075312],[-1.998218,50.7075969],[-1.9987541,50.7078156],[-1.9991661,50.7081952],[-1.9997563,50.7092306],[-1.9999132,50.7094905],[-1.9999753,50.7097479],[-1.9996543,50.7103897],[-1.9994719,50.7107464],[-1.9997255,50.7108736],[-1.9999387,50.7109676],[-2.0001525,50.7110336],[-2.0003246,50.7110535],[-2.0005046,50.711032],[-2.0005698,50.7109709],[-2.0004993,50.7109048],[-2.0005489,50.7108784],[-2.0005776,50.7109131],[-2.0006558,50.7109164],[-2.0007445,50.7109048],[-2.0007586,50.7108439],[-2.0010869,50.7108942],[-2.0015763,50.7109263],[-2.0018423,50.7109296],[-2.0020352,50.7109065],[-2.0021573,50.7108582],[-2.0021287,50.7107223],[-2.0021799,50.7107099],[-2.0021937,50.7107951],[-2.0023935,50.7107541],[-2.0023806,50.7107109],[-2.0025882,50.7106618],[-2.0028754,50.7105704],[-2.0032409,50.7104145],[-2.0033809,50.7103347],[-2.0037433,50.7100715],[-2.0038537,50.7100054],[-2.0040106,50.709929],[-2.0041382,50.7099096],[-2.0044166,50.7099284],[-2.0054715,50.7101105],[-2.006842,50.7103613],[-2.0075501,50.7103924],[-2.0081756,50.7104199],[-2.0108169,50.7104747],[-2.0126693,50.7104938],[-2.0130193,50.7104974],[-2.0144296,50.7107501],[-2.0149561,50.710876],[-2.0156159,50.7110587],[-2.0162611,50.7111975],[-2.0166055,50.711187],[-2.0170025,50.7112682],[-2.017261,50.7114818],[-2.0175587,50.7116007],[-2.0181596,50.7118045],[-2.0185136,50.7117841],[-2.0190136,50.7118871],[-2.0191047,50.7118807],[-2.0191369,50.7119658],[-2.0190207,50.7120482],[-2.0187431,50.7120813],[-2.018189,50.7127111],[-2.0180214,50.7127503],[-2.0178867,50.712841],[-2.017818,50.7129737],[-2.0179849,50.7133307],[-2.0182231,50.7132953],[-2.0182847,50.713239],[-2.0182188,50.7131233],[-2.0183523,50.7130932],[-2.0184221,50.7132097],[-2.0186262,50.7131501],[-2.0187174,50.7130185],[-2.0187005,50.7129062],[-2.0193139,50.7122381],[-2.0197055,50.7123636],[-2.0197562,50.7123284],[-2.0201091,50.7124498],[-2.0202422,50.7124956],[-2.0203093,50.7125187],[-2.0204903,50.7123193],[-2.0214406,50.7126443],[-2.0215546,50.7125234],[-2.0219108,50.7126612],[-2.0222082,50.71282],[-2.0233135,50.7134103],[-2.0241342,50.7136243],[-2.0245281,50.7136603],[-2.0246739,50.7136736],[-2.024978,50.7136964],[-2.0251266,50.7137534],[-2.0251997,50.7137997],[-2.0252339,50.7138213],[-2.0253186,50.7138589],[-2.0253949,50.7138927],[-2.025588,50.713998],[-2.0257006,50.7141202],[-2.0259849,50.7142629],[-2.02628,50.7144429],[-2.0265337,50.7146114],[-2.0268272,50.7148064],[-2.0272188,50.715017],[-2.0277605,50.7152266],[-2.0281905,50.715255],[-2.028826,50.7152341],[-2.0295469,50.7153467],[-2.0307178,50.7156202],[-2.0308491,50.7156616],[-2.0314245,50.7159216],[-2.031474,50.7159357],[-2.0316649,50.7159902],[-2.0319136,50.7160611],[-2.0321864,50.7161389],[-2.0323088,50.7161738],[-2.0330469,50.7162678],[-2.0339633,50.7163772],[-2.0341217,50.7163961],[-2.0343823,50.7164192],[-2.0344637,50.7164289],[-2.0353924,50.7167227],[-2.0357719,50.7167668],[-2.0373444,50.7173392],[-2.037885,50.717695],[-2.0383044,50.717881],[-2.0391157,50.7183935],[-2.0391708,50.7185213],[-2.0392833,50.7186048],[-2.0392097,50.718912],[-2.0394708,50.719056],[-2.0397513,50.71913],[-2.0398289,50.7190471],[-2.0401923,50.719181],[-2.0400788,50.7192507],[-2.0401843,50.7193404],[-2.040091,50.7193758],[-2.0397752,50.7194893],[-2.039629,50.7195442],[-2.0395956,50.7195014],[-2.0393864,50.719576],[-2.0393434,50.7195365],[-2.0391683,50.7196225],[-2.0388518,50.719703],[-2.0388221,50.719765],[-2.0387982,50.7199476],[-2.0390973,50.7201997],[-2.0391236,50.7201606],[-2.0391687,50.7201699],[-2.0392063,50.7201909],[-2.0391771,50.7202273],[-2.0392194,50.7202424],[-2.0392702,50.7202634],[-2.0392223,50.7203236],[-2.0392416,50.7203392],[-2.0392791,50.7203439],[-2.039382,50.7203332],[-2.0395937,50.7202956],[-2.0397406,50.7202578],[-2.0398804,50.7202024],[-2.0401108,50.7201633],[-2.0401602,50.7201604],[-2.0401817,50.7201708],[-2.0401942,50.7201916],[-2.0402653,50.7203183],[-2.0402897,50.7203594],[-2.0403006,50.7203881],[-2.0402855,50.7204147],[-2.0402436,50.7204358],[-2.0373048,50.72119],[-2.0362802,50.7215296],[-2.0358749,50.7218272],[-2.0358293,50.721941],[-2.0356635,50.7220605],[-2.0355294,50.7220894],[-2.0352987,50.7222634],[-2.0351519,50.7224155],[-2.0351217,50.7224468],[-2.0351023,50.7224701],[-2.0350812,50.7224954],[-2.0350083,50.7225829],[-2.0349647,50.7226631],[-2.0349339,50.7227522],[-2.0349218,50.722804],[-2.0349258,50.722866],[-2.03495,50.7229581],[-2.0351067,50.7232886],[-2.0352165,50.7234749],[-2.0359396,50.7242843],[-2.0361975,50.72457],[-2.0365175,50.7247924],[-2.0366231,50.7250093],[-2.0368756,50.7256727],[-2.0366664,50.7260361],[-2.0355184,50.7259376],[-2.0352026,50.7259061],[-2.0351687,50.7259028],[-2.0349391,50.7258799],[-2.0342524,50.7259138],[-2.0336141,50.7262975],[-2.0331044,50.7265386],[-2.0327075,50.7267424],[-2.0324446,50.7270888],[-2.0311947,50.7272348],[-2.0302935,50.7274317],[-2.0299233,50.7275777],[-2.0296659,50.7277645],[-2.0293923,50.7278426],[-2.0292528,50.7280226],[-2.0287271,50.7280565],[-2.0279063,50.7283995],[-2.0274986,50.7286644],[-2.0270856,50.7289258],[-2.0269568,50.7291024],[-2.0266497,50.7292277],[-2.0265491,50.7292688],[-2.0268871,50.729279],[-2.0270633,50.729324],[-2.027386,50.7296185],[-2.0277883,50.7297136],[-2.0281135,50.7296482],[-2.0285454,50.7297813],[-2.0294352,50.7297849],[-2.030669,50.7296389],[-2.0311357,50.7294725],[-2.0316239,50.7294046],[-2.0320906,50.7292688],[-2.0329737,50.7289243],[-2.0338749,50.7281548],[-2.0348191,50.72789],[-2.035164,50.7278404],[-2.0358061,50.7280166],[-2.0359161,50.7281857],[-2.0358383,50.7284132],[-2.0353464,50.7289691],[-2.0351409,50.7291382],[-2.0348614,50.7295216],[-2.034744,50.7298248],[-2.0348052,50.7302289],[-2.0349524,50.730381],[-2.0352809,50.7305005],[-2.0354735,50.7309525],[-2.0356344,50.7313877],[-2.0360636,50.7315789],[-2.0361618,50.732019],[-2.0362476,50.7315446],[-2.0362154,50.7313114],[-2.0369342,50.7308207],[-2.0372679,50.7306105],[-2.0382571,50.731312],[-2.0381788,50.731076],[-2.0371998,50.7304703],[-2.0372153,50.7303202],[-2.0378773,50.7302],[-2.0383016,50.730053],[-2.0391052,50.7296183],[-2.0393858,50.7295681],[-2.0401062,50.7297121],[-2.0410509,50.730093],[-2.0414087,50.7305586],[-2.0415519,50.7310448],[-2.0419575,50.7313521],[-2.0419875,50.7315524],[-2.0418679,50.7316431],[-2.0416855,50.7316567],[-2.0414296,50.7316],[-2.041258,50.7316747],[-2.0409881,50.7319894],[-2.0414511,50.731729],[-2.0418143,50.7319487],[-2.0420412,50.7319123],[-2.0425025,50.731892],[-2.0427278,50.731729],[-2.0427278,50.7315728],[-2.042878,50.7314098],[-2.0426098,50.7313555],[-2.0426618,50.7312356],[-2.0430068,50.7311721],[-2.0433914,50.7311541],[-2.0435647,50.7309548],[-2.043393,50.7307443],[-2.0431983,50.7305973],[-2.043327,50.7302713],[-2.0434772,50.7301219],[-2.0437454,50.7302781],[-2.04396,50.7305226],[-2.0440367,50.7308733],[-2.0444911,50.7309083],[-2.0452349,50.7307072],[-2.0457544,50.7304672],[-2.0461616,50.7302421],[-2.0480327,50.7284778],[-2.0479592,50.7282231],[-2.0481279,50.7281432],[-2.0482965,50.7271669],[-2.0489348,50.7270141],[-2.0497663,50.7266847],[-2.0497767,50.7264998],[-2.0495299,50.7264726],[-2.0494639,50.7263935],[-2.0499253,50.7262169],[-2.050347,50.7262593],[-2.0504119,50.7261872],[-2.0505207,50.7260664],[-2.050717,50.726058],[-2.0511677,50.7262624],[-2.0518736,50.7269867],[-2.0519096,50.7268787],[-2.0511741,50.7260614],[-2.0509987,50.7260505],[-2.0508512,50.72599],[-2.0505878,50.7257768],[-2.0507664,50.7254372],[-2.0507117,50.7251866],[-2.0501315,50.7248313],[-2.0498099,50.7244537],[-2.0496399,50.7241087],[-2.0494473,50.7237535],[-2.0491474,50.7234674],[-2.0487934,50.723168],[-2.0484608,50.722858],[-2.0476845,50.7226844],[-2.0462716,50.7226844],[-2.0456072,50.7228779],[-2.0452201,50.7228936],[-2.0448596,50.7229062],[-2.0444273,50.7228267],[-2.0439981,50.7230471],[-2.0435218,50.7230393],[-2.0430352,50.7232692],[-2.0425959,50.7228827],[-2.0420455,50.7225693],[-2.0420026,50.7222429],[-2.0421393,50.7221091],[-2.0422289,50.7218563],[-2.0428649,50.7211336],[-2.0433398,50.7203851],[-2.0435972,50.7201949],[-2.0441365,50.7197246],[-2.043967,50.7195107],[-2.042393,50.7198773],[-2.0415165,50.7201034],[-2.04091,50.7202586],[-2.0408736,50.7202582],[-2.040836,50.7202549],[-2.0408076,50.7202496],[-2.0407913,50.7202442],[-2.0407689,50.7202313],[-2.0407076,50.7201694],[-2.0406937,50.7201495],[-2.0406679,50.7201124],[-2.0406643,50.7201073],[-2.0406504,50.7200874],[-2.0406441,50.7200723],[-2.0406435,50.7200617],[-2.0406458,50.7200472],[-2.0406581,50.7200386],[-2.0413388,50.7198699],[-2.0421289,50.7196752],[-2.0424351,50.7195925],[-2.0431957,50.7193934],[-2.043744,50.7192358],[-2.0442456,50.7190664],[-2.0445199,50.7188805],[-2.044664,50.7187029],[-2.0447015,50.7185363],[-2.0445701,50.7182867],[-2.0436509,50.7177189],[-2.0438172,50.7176578],[-2.0441807,50.7178763],[-2.044589,50.7179756],[-2.0449377,50.7180741],[-2.0450933,50.7180809],[-2.0452327,50.7180571],[-2.0453347,50.7180129],[-2.0456619,50.7167664],[-2.0457531,50.7166544],[-2.045973,50.7166102],[-2.0463217,50.7166442],[-2.046488,50.7165864],[-2.0464558,50.7164438],[-2.0463764,50.7162415],[-2.0461071,50.7160294],[-2.0456244,50.7157509],[-2.0452435,50.7155743],[-2.0448143,50.7153093],[-2.044471,50.7151429],[-2.0440858,50.7151003],[-2.0437908,50.7149406],[-2.0434367,50.7148048],[-2.0427018,50.7146044],[-2.0427286,50.71455],[-2.0424819,50.7144821],[-2.0425237,50.7144466],[-2.0428467,50.7144787],[-2.0439507,50.7148576],[-2.0446588,50.7150206],[-2.0454849,50.7152346],[-2.0465041,50.7156218],[-2.0475877,50.7160973],[-2.0483398,50.7164861],[-2.0486338,50.7165966],[-2.0496595,50.7170023],[-2.0513488,50.7176204],[-2.0520999,50.7176204],[-2.0528966,50.7177621],[-2.0531753,50.7177346],[-2.0543112,50.7178156],[-2.0549737,50.7178474],[-2.0555751,50.7178112],[-2.056016,50.7177015],[-2.0565873,50.7176862],[-2.0570034,50.7176191],[-2.0573942,50.7174836],[-2.0578547,50.7173264],[-2.0586854,50.7173106],[-2.0588546,50.717224],[-2.0593272,50.7172391],[-2.0595917,50.7171249],[-2.0602717,50.717],[-2.0608969,50.7169136],[-2.0615734,50.7167713],[-2.0626624,50.7165879],[-2.0629574,50.7164317],[-2.063349,50.7159731],[-2.0635207,50.7156029],[-2.06397,50.715354],[-2.0642878,50.7153142],[-2.0645185,50.71509],[-2.0644702,50.7148285],[-2.064894,50.7143971],[-2.065409,50.7140846],[-2.0658918,50.713728],[-2.0667125,50.7130928],[-2.067029,50.7127972],[-2.067258,50.712433],[-2.067463,50.712307],[-2.067877,50.711797],[-2.068291,50.711288],[-2.0690371,50.7112607],[-2.068699,50.711035],[-2.0689588,50.7108588],[-2.0689763,50.7105723],[-2.0694698,50.7097808],[-2.070144,50.70938],[-2.0703648,50.7096023],[-2.0705085,50.7099406],[-2.0708958,50.709606],[-2.0709608,50.7091736],[-2.0712655,50.7087662],[-2.0716286,50.7086895],[-2.0719467,50.7086878],[-2.0717445,50.7084235],[-2.0717917,50.7082502],[-2.0720508,50.7081344],[-2.0719215,50.7079112],[-2.0727616,50.7076269],[-2.0722874,50.7076258],[-2.0715793,50.7079441],[-2.0711389,50.7077546],[-2.0711678,50.7079445],[-2.070987,50.7080185],[-2.0711435,50.7082623],[-2.0701404,50.708388],[-2.0693196,50.7084457],[-2.0688798,50.7082759],[-2.0684399,50.7081502],[-2.0679893,50.7080245],[-2.0677961,50.707661],[-2.0668359,50.7078445],[-2.0661654,50.7080007],[-2.0651944,50.70796],[-2.0647048,50.7078351],[-2.0646205,50.7076357],[-2.0651849,50.7072182],[-2.0653163,50.7068866],[-2.0646377,50.7073731],[-2.0639659,50.7076101],[-2.0634885,50.7076712],[-2.0624532,50.7072601],[-2.0616592,50.7070495],[-2.06064,50.7066079],[-2.0601089,50.7064176],[-2.0593418,50.7063701],[-2.0586788,50.7060912],[-2.0582571,50.7059276],[-2.0580546,50.7057468],[-2.0580863,50.7056658],[-2.0582865,50.7055742],[-2.0585548,50.7054616],[-2.0594383,50.7053961],[-2.0599388,50.7055134],[-2.060284,50.7056386],[-2.0604393,50.7059279],[-2.0609244,50.7062678],[-2.0621788,50.706661],[-2.0634312,50.7067121],[-2.0640752,50.7062667],[-2.0645024,50.7056532],[-2.0652875,50.705573],[-2.0661278,50.7053531],[-2.0667263,50.7052746],[-2.0671007,50.704956],[-2.0674679,50.7048043],[-2.0676871,50.7045],[-2.0678712,50.7042603],[-2.068177,50.7042637],[-2.0687671,50.7042569],[-2.0693679,50.704386],[-2.0702669,50.7045841],[-2.0705887,50.7047812],[-2.0710501,50.7049307],[-2.0714929,50.7049383],[-2.0718014,50.7050901],[-2.0721337,50.7050733],[-2.0723882,50.7048594],[-2.0723619,50.705084],[-2.0726178,50.705029],[-2.0728335,50.7050677],[-2.072638,50.7052331],[-2.07301,50.705351],[-2.0730035,50.7050847],[-2.0734977,50.7048761],[-2.0739815,50.7048061],[-2.074232,50.7048914],[-2.0742153,50.7050628],[-2.0745324,50.7050612],[-2.0747861,50.7051737],[-2.0750661,50.7051322],[-2.0746037,50.7049138],[-2.0744691,50.704678],[-2.073747,50.7046767],[-2.0734525,50.7047881],[-2.0730266,50.704853],[-2.072724,50.7047208],[-2.072407,50.7045724],[-2.0724606,50.7044742],[-2.0727193,50.704481],[-2.0728571,50.7043417],[-2.0724478,50.7040984],[-2.072539,50.7038416],[-2.0724448,50.7033814],[-2.0723855,50.7028974],[-2.072917,50.701842],[-2.0728599,50.7016696],[-2.0727452,50.7013293],[-2.072633,50.7011684],[-2.0725199,50.7010235],[-2.072595,50.7006566],[-2.072544,50.700301],[-2.072554,50.699788],[-2.0722624,50.6993586],[-2.0720479,50.6989917],[-2.07144,50.6983371],[-2.070814,50.6981694],[-2.0709908,50.6979436],[-2.0713463,50.6980074],[-2.071664,50.6978403],[-2.0718974,50.6978593],[-2.0723432,50.6975532],[-2.0727745,50.6976385],[-2.073118,50.6978786],[-2.0737767,50.6980375],[-2.0745416,50.6979565],[-2.074898,50.6976951],[-2.0757834,50.6974283],[-2.0754811,50.6971636],[-2.075843,50.696739],[-2.0759548,50.6964045],[-2.0763394,50.6962394],[-2.0767149,50.69592],[-2.0769524,50.6952529],[-2.0776352,50.6949696],[-2.0777449,50.6954171],[-2.0780387,50.6956904],[-2.0784748,50.6956929],[-2.0787896,50.6958765],[-2.0790344,50.6958765],[-2.079363,50.6957565],[-2.0793909,50.6960572],[-2.0798692,50.6962309],[-2.0801738,50.6961816],[-2.0807928,50.6957612],[-2.08081,50.6954819],[-2.0811039,50.6952248],[-2.0815872,50.6950218],[-2.0816394,50.6940578],[-2.0821192,50.6937773],[-2.0823688,50.6934853],[-2.0821432,50.6931994],[-2.081375,50.6934944],[-2.0810652,50.6936853],[-2.0806548,50.6938199],[-2.079972,50.6943102],[-2.0796496,50.6944168],[-2.0793086,50.6943597],[-2.0790019,50.6941256],[-2.0789842,50.693885],[-2.0789025,50.6923757],[-2.0784392,50.6909084],[-2.0784957,50.6903959],[-2.0785937,50.6898272],[-2.0782998,50.6895169],[-2.0782345,50.6892377],[-2.0785773,50.6885758],[-2.0793319,50.6882077],[-2.0802501,50.6883377],[-2.0805634,50.6885391],[-2.080845,50.6887415],[-2.0810104,50.6890059],[-2.081243,50.6891566],[-2.0815227,50.6893934],[-2.0817534,50.6895844],[-2.0818391,50.689642],[-2.0819891,50.6897607],[-2.0821065,50.6898907],[-2.0830607,50.6908086],[-2.0836052,50.6907856],[-2.0831197,50.6904186],[-2.0829684,50.690065],[-2.0821359,50.6893618],[-2.081449,50.688581],[-2.0807456,50.6878332],[-2.0807017,50.68766],[-2.0812485,50.6876984],[-2.0817473,50.6873242],[-2.0819666,50.6870111],[-2.0817798,50.6868334],[-2.0815941,50.6866404],[-2.0813451,50.6864961],[-2.081587,50.6870632],[-2.080879,50.6872624],[-2.0804188,50.6872932],[-2.0799505,50.6872178],[-2.0790242,50.6869769],[-2.0774673,50.6870763],[-2.0767164,50.6873865],[-2.076243,50.6875003],[-2.075786,50.6878933],[-2.0750677,50.6878623],[-2.0742026,50.6877692],[-2.073468,50.6876864],[-2.0727661,50.6875313],[-2.0720315,50.6872107],[-2.0713786,50.6867867],[-2.0692565,50.6871073],[-2.0678037,50.6873555],[-2.0663672,50.6873555],[-2.0657603,50.6876251],[-2.0652217,50.6878161],[-2.0649923,50.6878829],[-2.064573,50.6880144],[-2.0642587,50.6880976],[-2.0639221,50.6880113],[-2.0632356,50.688378],[-2.0627238,50.6891037],[-2.0623718,50.6892557],[-2.0619139,50.6894983],[-2.0613916,50.6897203],[-2.0608846,50.6898906],[-2.0606725,50.6900298],[-2.0598299,50.6905138],[-2.0597218,50.6907791],[-2.0593355,50.6907789],[-2.0592275,50.6914883],[-2.0594854,50.6925999],[-2.0594855,50.6932044],[-2.0588316,50.6939641],[-2.0582217,50.694256],[-2.0580094,50.6946564],[-2.0579986,50.6951347],[-2.0576396,50.6954404],[-2.0575734,50.6956097],[-2.0567635,50.6960296],[-2.0566229,50.6965116],[-2.0566056,50.697138],[-2.0562855,50.6975041],[-2.0559745,50.6977881],[-2.0555505,50.698593],[-2.0555332,50.6988667],[-2.0551038,50.6994954],[-2.0541407,50.7001261],[-2.0526389,50.7005707],[-2.0509081,50.7006139],[-2.0503046,50.7007878],[-2.0493251,50.7009842],[-2.048681,50.7009286],[-2.0482791,50.7010286],[-2.0474458,50.7015706],[-2.0458849,50.7018983],[-2.0448688,50.7025247],[-2.043367,50.7028659],[-2.0426324,50.7033104],[-2.0417509,50.7043959],[-2.0415762,50.7054207],[-2.0415703,50.7059193],[-2.041341,50.7064717],[-2.0407595,50.7066754],[-2.040172,50.7069904],[-2.0396452,50.7071665],[-2.0388779,50.7072595],[-2.0374051,50.7073288],[-2.0360176,50.7076389],[-2.0359609,50.7076501],[-2.0344995,50.7079387],[-2.0328016,50.7080404],[-2.0319619,50.7078991],[-2.0313517,50.7074437],[-2.0303696,50.7074632],[-2.0291453,50.7075149],[-2.0280154,50.7072664],[-2.0274522,50.7072108],[-2.0270533,50.7072761],[-2.0262259,50.7074902],[-2.0261718,50.7074431],[-2.0258545,50.7071668],[-2.0255016,50.7067502],[-2.0248432,50.7063627],[-2.0246737,50.7059993],[-2.0245257,50.7057575],[-2.0242971,50.7052406],[-2.0237095,50.704703],[-2.0231871,50.7043825],[-2.0225831,50.7038759],[-2.0216864,50.7034901],[-2.020611,50.7031818],[-2.0202457,50.7028504],[-2.0195865,50.7025904],[-2.0190763,50.7022176],[-2.0188803,50.7019596],[-2.0185512,50.7017979],[-2.0182588,50.7013826],[-2.0182931,50.7012474],[-2.0183553,50.7010018],[-2.0188776,50.7006606],[-2.0200047,50.7006103],[-2.0200366,50.7006089],[-2.0215221,50.7008054],[-2.0220199,50.7007659],[-2.0221518,50.7007555],[-2.022175,50.7007537],[-2.0227954,50.7011052],[-2.0232851,50.701281],[-2.0240523,50.7016635],[-2.0245257,50.701922],[-2.0243298,50.7022631],[-2.0247052,50.7028007],[-2.0258805,50.703235],[-2.0273823,50.7035141],[-2.0285181,50.7035181],[-2.0291299,50.7034635],[-2.0297787,50.7033942],[-2.0300958,50.7033013],[-2.0306651,50.7030217],[-2.0310451,50.7027301],[-2.0313279,50.7026217],[-2.0315467,50.7025731],[-2.031556,50.7025211],[-2.0314292,50.7024462],[-2.0312666,50.7023758],[-2.0311783,50.7023035],[-2.0311886,50.7022417],[-2.0312667,50.7021567],[-2.031339,50.7020836],[-2.0313495,50.7020243],[-2.0314205,50.7019628],[-2.0315603,50.7019266],[-2.0317091,50.7019316],[-2.0318787,50.7019371],[-2.0320491,50.7019035],[-2.0322365,50.7018758],[-2.0325799,50.7019653],[-2.0325488,50.7018413],[-2.0324392,50.7017715],[-2.0323037,50.7017522],[-2.032141,50.7017111],[-2.0320147,50.7017241],[-2.0319902,50.7016945],[-2.032012,50.7016357],[-2.0319613,50.7015864],[-2.0319664,50.7014923],[-2.03198,50.7014063],[-2.0319545,50.7013571],[-2.0319622,50.7013079],[-2.0320378,50.7012521],[-2.0321158,50.701226],[-2.0321354,50.7011265],[-2.0321102,50.701078],[-2.0321504,50.7009985],[-2.032271,50.7008628],[-2.0324267,50.7006886],[-2.0323121,50.700666],[-2.0321565,50.700803],[-2.0321139,50.7009081],[-2.0319212,50.7009649],[-2.03172,50.7009866],[-2.0313955,50.7009663],[-2.0310668,50.7009645],[-2.0306258,50.7010639],[-2.0304589,50.7010901],[-2.0301771,50.7011535],[-2.0299768,50.7011609],[-2.0298381,50.7011886],[-2.029636,50.7012377],[-2.0294362,50.7012462],[-2.0293048,50.7012314],[-2.0292364,50.7011591],[-2.0291969,50.7010553],[-2.0291911,50.7008889],[-2.0293666,50.70063],[-2.0295215,50.7004542],[-2.0295501,50.7005434],[-2.0295955,50.7005546],[-2.0295847,50.7003562],[-2.0297425,50.7001729],[-2.029695,50.6997399],[-2.0296655,50.6993775],[-2.0297259,50.699161],[-2.0298546,50.69908],[-2.0300122,50.6990382],[-2.0301729,50.699046],[-2.0304896,50.6990622],[-2.0306189,50.699129],[-2.0306752,50.6992074],[-2.0307662,50.6992986],[-2.0307323,50.6993274],[-2.0306566,50.6993344],[-2.0306159,50.6993689],[-2.0305753,50.6993917],[-2.0305137,50.6994063],[-2.0304271,50.6994275],[-2.0304927,50.6994249],[-2.0305917,50.6994132],[-2.0306567,50.6993899],[-2.0307349,50.6993637],[-2.0308636,50.6993524],[-2.030943,50.6994062],[-2.0309131,50.6994634],[-2.0308333,50.6995501],[-2.0307522,50.6995935],[-2.03062,50.6996357],[-2.0308137,50.6996152],[-2.0308857,50.6995742],[-2.0309698,50.6995236],[-2.0310084,50.6994944],[-2.0310603,50.699494],[-2.0311205,50.6995324],[-2.0310999,50.6996334],[-2.0311617,50.6997067],[-2.0313062,50.6997985],[-2.0314223,50.6998391],[-2.0315872,50.6998454],[-2.0315089,50.699808],[-2.0313485,50.6997627],[-2.0312571,50.6996982],[-2.0311889,50.699626],[-2.0312266,50.6995726],[-2.0312313,50.6995239],[-2.0311282,50.6993912],[-2.0310226,50.6993341],[-2.0309494,50.6992502],[-2.0308601,50.6992071],[-2.0308254,50.6991751],[-2.0308245,50.6991466],[-2.0308769,50.6991374],[-2.0311153,50.6991235],[-2.0312954,50.6991169],[-2.0311429,50.69899],[-2.0311003,50.698989],[-2.0311456,50.6989063],[-2.0312637,50.6988061],[-2.0314854,50.6986416],[-2.0316615,50.6985205],[-2.0315138,50.6984785],[-2.0310336,50.6987881],[-2.0308766,50.6988192],[-2.0304707,50.6988172],[-2.0302371,50.6987809],[-2.0299592,50.6987278],[-2.0297531,50.6986732],[-2.0294687,50.6985228],[-2.029284,50.6984724],[-2.0290605,50.6984692],[-2.0288895,50.6984506],[-2.0287898,50.698401],[-2.0287054,50.6983352],[-2.0287132,50.6982595],[-2.0287715,50.6982094],[-2.0288722,50.6981759],[-2.0289994,50.6981661],[-2.0291404,50.6981937],[-2.029207,50.6980922],[-2.0292077,50.698002],[-2.02924,50.6977586],[-2.0293123,50.6976272],[-2.029366,50.6974856],[-2.029333,50.6974203],[-2.0293454,50.6973527],[-2.0293918,50.69731],[-2.0294951,50.6972588],[-2.0294718,50.6970942],[-2.0293886,50.6970433],[-2.0292495,50.6970879],[-2.02914,50.6971281],[-2.0290774,50.6971865],[-2.0290578,50.6972503],[-2.0289759,50.6972502],[-2.0289099,50.6971926],[-2.0288251,50.6971244],[-2.0287471,50.6971289],[-2.0287055,50.6970917],[-2.0286446,50.6970181],[-2.0285618,50.69708],[-2.0286229,50.6971762],[-2.0287139,50.6972987],[-2.0288702,50.6974268],[-2.0289076,50.6975623],[-2.0288722,50.6976932],[-2.0286998,50.6978063],[-2.0284875,50.6978471],[-2.028287,50.6978277],[-2.0281704,50.6978767],[-2.028027,50.6980443],[-2.027873,50.6981377],[-2.0276685,50.6982218],[-2.027498,50.6982671],[-2.0274139,50.6983994],[-2.0274829,50.6984672],[-2.0275811,50.6984926],[-2.0277556,50.6984679],[-2.0278683,50.6985599],[-2.0279347,50.6987142],[-2.0279849,50.6988735],[-2.027956,50.6989329],[-2.028005,50.6989892],[-2.0281731,50.6990477],[-2.0284167,50.6991631],[-2.028641,50.6992246],[-2.0288672,50.6992282],[-2.0290885,50.6992441],[-2.0292076,50.6993082],[-2.0292171,50.699358],[-2.0291509,50.6993804],[-2.0289066,50.699382],[-2.0285664,50.699336],[-2.0281569,50.6992054],[-2.0277668,50.6990327],[-2.0276097,50.698953],[-2.0274452,50.6988727],[-2.0273513,50.6987597],[-2.0272881,50.6985792],[-2.0271944,50.6984078],[-2.0270381,50.6981206],[-2.0268474,50.6977607],[-2.0266701,50.6974593],[-2.0263802,50.6971825],[-2.0262326,50.696984],[-2.0261074,50.6967849],[-2.0258896,50.6966163],[-2.0257764,50.6966592],[-2.0257014,50.6966583],[-2.0256266,50.6965972],[-2.0255518,50.6964839],[-2.0252624,50.6962033],[-2.0248612,50.6958457],[-2.0247919,50.6957362],[-2.0246582,50.6945596],[-2.0246664,50.6943331],[-2.0247407,50.6941663],[-2.0248517,50.6940034],[-2.0249783,50.6938734],[-2.0251942,50.6937038],[-2.0254795,50.6935841],[-2.0257293,50.6934097],[-2.0258421,50.6932414],[-2.0259916,50.6929798],[-2.0261042,50.6921296],[-2.0259686,50.6919796],[-2.0258476,50.6919781],[-2.025856,50.6920875],[-2.0258495,50.6921982],[-2.0257357,50.6922646],[-2.0253977,50.6922934],[-2.0251975,50.6923092],[-2.0249962,50.6922873],[-2.0248033,50.6921478],[-2.0246004,50.6916247],[-2.0242029,50.6911922],[-2.0241539,50.6907993],[-2.02432,50.690424],[-2.0245046,50.6902404],[-2.024529,50.690041],[-2.024734,50.689915],[-2.024938,50.689788],[-2.025094,50.6897344],[-2.025297,50.6897625],[-2.0254888,50.6897138],[-2.0258031,50.6897257],[-2.0262549,50.6901631],[-2.0263961,50.6902998],[-2.0266858,50.6898384],[-2.0274262,50.6896392],[-2.027328,50.6894704],[-2.0266608,50.6895014],[-2.0263854,50.6892954],[-2.0261229,50.6889815],[-2.0259332,50.6888551],[-2.025623,50.6888034],[-2.025623,50.6886793],[-2.025166,50.6886689],[-2.0246518,50.6884441],[-2.0247179,50.6882481],[-2.0246188,50.6879286],[-2.0247156,50.6875568],[-2.0251135,50.6872949],[-2.0256376,50.6869804],[-2.0260692,50.6869155],[-2.0271901,50.6870452],[-2.0273044,50.6869211],[-2.0269942,50.6868384],[-2.0271901,50.686404],[-2.0277614,50.6862489],[-2.0288335,50.6858684],[-2.0292365,50.6857266],[-2.0296713,50.6856697],[-2.0305528,50.6855973],[-2.0305202,50.6854112],[-2.0310534,50.6851959],[-2.0302916,50.6852043],[-2.0303733,50.6848527],[-2.0308847,50.6845959],[-2.0313009,50.6843034],[-2.03131,50.684074],[-2.031675,50.6838339],[-2.031879,50.6837069],[-2.032084,50.6835809],[-2.032287,50.6834539],[-2.0323272,50.6834507],[-2.0329034,50.6834047],[-2.0332147,50.6833718],[-2.0332634,50.6833667],[-2.0333931,50.683353],[-2.0337918,50.6832016],[-2.0339968,50.6830746],[-2.0342008,50.6830003],[-2.0344405,50.6829752],[-2.0348514,50.682385],[-2.0350554,50.682259],[-2.035463,50.6820162],[-2.0357012,50.6818744],[-2.0359846,50.6814885],[-2.0363822,50.6809278],[-2.0365852,50.6808008],[-2.0368555,50.6806024],[-2.0372144,50.6805258],[-2.03767,50.6804362],[-2.038274,50.6804052],[-2.0385693,50.6801626],[-2.0394385,50.6799515],[-2.039678,50.6798015],[-2.0399831,50.6797632],[-2.040224,50.6798634],[-2.0404057,50.6800865],[-2.0411143,50.680188],[-2.0420013,50.6800378],[-2.042385,50.6800755],[-2.0431267,50.680309],[-2.0440857,50.6802086],[-2.0447055,50.680219],[-2.045355,50.6806307],[-2.0454785,50.6803583],[-2.0457666,50.6798156],[-2.0461096,50.679625],[-2.0463136,50.6793945],[-2.0470246,50.6792735],[-2.0464032,50.6788847],[-2.0464685,50.6785537],[-2.0470408,50.6784052],[-2.0470732,50.6781741],[-2.0471565,50.677851],[-2.0464865,50.6781963],[-2.0457829,50.6784296],[-2.0444117,50.6784916],[-2.0428219,50.6786078],[-2.0417732,50.6788925],[-2.0399735,50.6788415],[-2.0391012,50.6788251],[-2.0376086,50.6787465],[-2.0358834,50.679066],[-2.0348319,50.6793019],[-2.0338878,50.6796309],[-2.0335745,50.6798159],[-2.033375,50.680066],[-2.0331214,50.6803755],[-2.0325819,50.6807613],[-2.032135,50.6811174],[-2.031559,50.68177],[-2.0313367,50.6821806],[-2.0305461,50.6823645],[-2.0299575,50.6825348],[-2.0296801,50.682674],[-2.0290384,50.6828541],[-2.028506,50.6830884],[-2.0277706,50.6834029],[-2.0272503,50.6836924],[-2.0267434,50.6839661],[-2.0259332,50.6844907],[-2.0247866,50.6846082],[-2.0249709,50.6844238],[-2.0257832,50.6836111],[-2.0261291,50.6829807],[-2.0265275,50.6825364],[-2.0268611,50.6822227],[-2.0276798,50.6819567],[-2.0275852,50.6818271],[-2.0277892,50.6817011],[-2.028447,50.6817291],[-2.029146,50.681365],[-2.029351,50.681239],[-2.0296902,50.6807545],[-2.0296844,50.6803684],[-2.0291131,50.6811076],[-2.0283001,50.6814706],[-2.0277339,50.681426],[-2.0272064,50.6815326],[-2.0268218,50.6814786],[-2.026831,50.6808396],[-2.0268989,50.6803522],[-2.0271325,50.6798479],[-2.0270421,50.679876],[-2.0266039,50.680012],[-2.0262385,50.6795348],[-2.026576,50.678909],[-2.026592,50.67814],[-2.0268806,50.6777981],[-2.0275297,50.6775487],[-2.0279716,50.6775636],[-2.0275498,50.6772919],[-2.0277912,50.6771161],[-2.0280266,50.6768501],[-2.0283883,50.6765189],[-2.028756,50.6761866],[-2.0292212,50.6759852],[-2.0294784,50.6757996],[-2.0297546,50.6756859],[-2.0299387,50.6753943],[-2.0301227,50.6751901],[-2.0304538,50.6748626],[-2.030559,50.6748471],[-2.0306946,50.6746766],[-2.0308642,50.6745691],[-2.0309139,50.6744187],[-2.0310015,50.6743212],[-2.0314248,50.6740706],[-2.0318384,50.6737911],[-2.0319516,50.673711],[-2.0321221,50.6733615],[-2.0341214,50.6722228],[-2.0347592,50.6718682],[-2.0356159,50.6718218],[-2.0371203,50.6720006],[-2.0381441,50.6722191],[-2.0393978,50.6723648],[-2.0402127,50.6722456],[-2.0412365,50.6721794],[-2.0418006,50.6719079],[-2.0424797,50.6718417],[-2.0430647,50.6716696],[-2.0428976,50.6714776],[-2.0433468,50.671173],[-2.0438901,50.6711465],[-2.0442244,50.6710075],[-2.043514,50.671067],[-2.0433886,50.6710273],[-2.0430647,50.6709611],[-2.0427618,50.670789],[-2.0421663,50.6707691],[-2.0417275,50.6709611],[-2.0415395,50.6712988],[-2.0412574,50.6713915],[-2.0408604,50.6713782],[-2.0408204,50.671387],[-2.0399828,50.6715702],[-2.039053,50.6716232],[-2.0382486,50.6717689],[-2.0374546,50.6718417],[-2.0364621,50.6717159],[-2.0357413,50.6715107],[-2.0349577,50.6715107],[-2.0345607,50.6716629],[-2.0342473,50.6716762],[-2.0337354,50.6720072],[-2.0332653,50.6722853],[-2.0330145,50.6723118],[-2.0328369,50.672431],[-2.0323459,50.6726693],[-2.03174,50.6730931],[-2.0308065,50.6735197],[-2.030151,50.6737965],[-2.029764,50.6741858],[-2.0290536,50.6744718],[-2.0285772,50.6742123],[-2.0285772,50.6740481],[-2.0282429,50.6738521],[-2.0280132,50.6737971],[-2.0280089,50.6736774],[-2.0276821,50.6735954],[-2.0276863,50.6734635],[-2.0275826,50.6734284],[-2.0271397,50.673349],[-2.0268806,50.6733437],[-2.0264794,50.6732271],[-2.0259715,50.6731859],[-2.0259278,50.6730206],[-2.0257105,50.6731477],[-2.0254013,50.6731901],[-2.0248831,50.6730471],[-2.0246825,50.672814],[-2.0247744,50.6726339],[-2.0245007,50.6725864],[-2.0244652,50.6724432],[-2.0242562,50.6723638],[-2.0243983,50.6722367],[-2.0247004,50.6723155],[-2.024697,50.6721284],[-2.024703,50.671973],[-2.025122,50.671208],[-2.0252842,50.6709919],[-2.0255768,50.6709283],[-2.0257188,50.6707588],[-2.025443,50.6707217],[-2.0252769,50.6706344],[-2.0252652,50.6705003],[-2.0252675,50.6702821],[-2.0255329,50.6699333],[-2.0248373,50.6703637],[-2.0247818,50.6705498],[-2.0245517,50.6706562],[-2.0244067,50.6709389],[-2.023787,50.671342],[-2.0239721,50.6714951],[-2.0235233,50.67178],[-2.0234016,50.6722054],[-2.0232617,50.6728034],[-2.0231134,50.6728107],[-2.0232518,50.6730773],[-2.0236419,50.6733149],[-2.0247431,50.6736148],[-2.0253433,50.6738454],[-2.0260949,50.6745672],[-2.0259696,50.6747843],[-2.0257017,50.6748573],[-2.0255435,50.6753582],[-2.0250079,50.6756813],[-2.0248695,50.6760292],[-2.0245404,50.6765374],[-2.0235352,50.676352],[-2.0240557,50.6765798],[-2.0238019,50.6768595],[-2.02363,50.6771804],[-2.0232784,50.6776232],[-2.0223854,50.6775831],[-2.0226348,50.6778403],[-2.0223777,50.6780122],[-2.0219645,50.6779532],[-2.0222838,50.6781051],[-2.021741,50.678612],[-2.021736,50.678868],[-2.0216737,50.679678],[-2.0213922,50.6798882],[-2.0214531,50.6800277],[-2.0214956,50.6804419],[-2.0216152,50.6807002],[-2.0212809,50.6811503],[-2.0210218,50.6810815],[-2.0209841,50.681224],[-2.0211973,50.6813727],[-2.0213645,50.681574],[-2.0215218,50.6814714],[-2.0216737,50.6815528],[-2.0216403,50.6818811],[-2.0214647,50.6822412],[-2.0210803,50.682183],[-2.0211973,50.6820347],[-2.0209048,50.6820082],[-2.0203615,50.6819394],[-2.0202027,50.6819923],[-2.0197848,50.6819605],[-2.019743,50.6818652],[-2.019601,50.6818758],[-2.0195508,50.6820029],[-2.0193335,50.6820982],[-2.019041,50.6820506],[-2.0190661,50.6818917],[-2.0186732,50.6818546],[-2.0186587,50.6816088],[-2.0190383,50.6814955],[-2.019268,50.681154],[-2.0192765,50.6810019],[-2.0185145,50.6815104],[-2.0184894,50.6813251],[-2.018314,50.6813123],[-2.0181356,50.6811971],[-2.0182789,50.6815109],[-2.0181857,50.6816648],[-2.0183767,50.6822751],[-2.0181771,50.6823136],[-2.0173444,50.6824742],[-2.0176202,50.6821883],[-2.0174158,50.6820107],[-2.0165902,50.6823016],[-2.0154392,50.6824757],[-2.0143606,50.6826702],[-2.0134831,50.6827178],[-2.0135165,50.682453],[-2.0134079,50.6824424],[-2.0133243,50.6826437],[-2.0131153,50.6826225],[-2.0131237,50.6824954],[-2.0129816,50.6824901],[-2.0130067,50.6825907],[-2.012898,50.6826755],[-2.0123046,50.6826649],[-2.0123882,50.6827655],[-2.0123474,50.6827714],[-2.0120205,50.6828184],[-2.011911,50.6827276],[-2.0119928,50.6826071],[-2.0118617,50.6825854],[-2.0115106,50.6824636],[-2.0116611,50.6826331],[-2.0115859,50.6827761],[-2.011076,50.682686],[-2.0110342,50.6825113],[-2.0107417,50.6824742],[-2.0105913,50.6825642],[-2.0100564,50.6824319],[-2.0101149,50.6822306],[-2.0103656,50.6819711],[-2.0100279,50.6819918],[-2.0096134,50.6821883],[-2.0094463,50.6818017],[-2.0096051,50.6816004],[-2.0099477,50.6813515],[-2.0092533,50.6815159],[-2.0092036,50.6815134],[-2.0090063,50.6815036],[-2.0087797,50.6814031],[-2.0088947,50.6812435],[-2.008748,50.6810564],[-2.0083775,50.6808143],[-2.0084015,50.6806843],[-2.0084935,50.6804989],[-2.0084266,50.680393],[-2.0082845,50.6804565],[-2.007926,50.6804572],[-2.0079753,50.6802924],[-2.0075491,50.6802606],[-2.0075363,50.6800923],[-2.0075646,50.6797952],[-2.007407,50.6800223],[-2.0071646,50.6800011],[-2.0069974,50.6797893],[-2.0070309,50.6796039],[-2.0070138,50.6793692],[-2.0070341,50.6792489],[-2.0072497,50.6792011],[-2.0075658,50.6791061],[-2.0079335,50.679265],[-2.0080338,50.6794132],[-2.0081007,50.6793497],[-2.0081341,50.6792067],[-2.007875,50.679016],[-2.0078499,50.6787936],[-2.0080481,50.6786779],[-2.0081538,50.6784768],[-2.0077914,50.6786612],[-2.0076076,50.6788731],[-2.0072064,50.6788889],[-2.0070977,50.6786559],[-2.0068637,50.6787354],[-2.0068017,50.6784509],[-2.0068721,50.6783435],[-2.0066715,50.6782958],[-2.0066455,50.6781974],[-2.0065461,50.6781581],[-2.0064625,50.6783699],[-2.0063539,50.6785235],[-2.006145,50.6785076],[-2.0060614,50.6783276],[-2.0056936,50.6781581],[-2.0055515,50.6779621],[-2.0052841,50.6779251],[-2.0052089,50.6778827],[-2.0056055,50.6777297],[-2.0062537,50.6776888],[-2.0063743,50.677595],[-2.0067487,50.6775058],[-2.0073449,50.6775035],[-2.00729,50.6773372],[-2.0076476,50.6773529],[-2.0080866,50.6774017],[-2.0083073,50.6773912],[-2.0083091,50.6772151],[-2.0085179,50.6771141],[-2.0084935,50.6769506],[-2.0086941,50.6768605],[-2.0089114,50.6769347],[-2.009112,50.6768817],[-2.0091955,50.676691],[-2.0092039,50.6764686],[-2.0091037,50.6762888],[-2.0094414,50.6761618],[-2.0091533,50.676057],[-2.0092708,50.6759337],[-2.0095466,50.6758118],[-2.0093042,50.6757642],[-2.0093794,50.6755205],[-2.0097722,50.6754199],[-2.0097764,50.6751717],[-2.0102324,50.6751512],[-2.0103039,50.6749949],[-2.0097029,50.6749951],[-2.009611,50.6748627],[-2.0092349,50.674725],[-2.0089842,50.6746561],[-2.0089424,50.6744495],[-2.0093686,50.6743542],[-2.0095191,50.6741741],[-2.0096361,50.6740258],[-2.0099369,50.6738881],[-2.0099286,50.6738298],[-2.0096026,50.6738775],[-2.0093018,50.6738192],[-2.009344,50.6739237],[-2.0091136,50.6739273],[-2.0086582,50.6736127],[-2.0087185,50.6735158],[-2.0091847,50.673618],[-2.0091269,50.6734499],[-2.0087855,50.6734438],[-2.0086607,50.6733707],[-2.0085746,50.6735279],[-2.0086833,50.6738669],[-2.0088233,50.6739905],[-2.0084576,50.6740735],[-2.00836,50.6740048],[-2.0082575,50.674398],[-2.0082111,50.6748041],[-2.0078546,50.6749628],[-2.0070476,50.6754857],[-2.0059336,50.6755353],[-2.0058166,50.6756148],[-2.0056076,50.6754876],[-2.0053318,50.6754029],[-2.0050226,50.6754876],[-2.0049139,50.6756307],[-2.0047468,50.6754559],[-2.0044772,50.6754057],[-2.0034773,50.6754798],[-2.0029564,50.6756664],[-2.0025237,50.6758657],[-2.0018334,50.67622],[-2.001334,50.6761218],[-2.0007852,50.6762662],[-2.0005679,50.6764993],[-2.00015,50.6763457],[-1.9999079,50.6763458],[-1.9997951,50.6762023],[-1.9993364,50.6763896],[-1.998954,50.6762965],[-1.9987646,50.6761663],[-1.9991554,50.6758425],[-1.9990886,50.6757472],[-1.999356,50.6756254],[-1.9995707,50.6754322],[-1.9990468,50.6755724],[-1.9983878,50.6755639],[-1.9980773,50.6754771],[-1.9979501,50.6752562],[-1.9979428,50.6749453],[-1.9973501,50.674619],[-1.9972855,50.6743779],[-1.9965763,50.6740715],[-1.9962759,50.6738539],[-1.9960399,50.6737179],[-1.9958467,50.6735003],[-1.9958219,50.6733742],[-1.9977409,50.673242],[-1.9984738,50.6729262],[-2.0002885,50.6731332],[-2.0011039,50.673106],[-2.0015545,50.6725348],[-2.0016893,50.6719349],[-2.0012714,50.6713065],[-2.0016033,50.6709776],[-2.0007651,50.6702903],[-2.0000481,50.670225],[-1.9996471,50.6700147],[-1.9997657,50.669704],[-1.9992372,50.6697085],[-1.9985185,50.6696627],[-1.9983449,50.6698277],[-1.9980149,50.6702063],[-1.997286,50.6702287],[-1.9969563,50.6698383],[-1.9967682,50.6695042],[-1.996815,50.6691528],[-1.9969607,50.6684612],[-1.9966808,50.6676688],[-1.9965442,50.6675462],[-1.9963221,50.6676112],[-1.9957872,50.6675265],[-1.995691,50.6674049],[-1.9957091,50.6671949],[-1.9949385,50.6672198],[-1.9948595,50.6673252],[-1.9948261,50.6675],[-1.9950518,50.6674894],[-1.995152,50.66759],[-1.9946935,50.6677159],[-1.9943594,50.6675257],[-1.9941152,50.6674538],[-1.9940606,50.6674703],[-1.9937157,50.6675748],[-1.9932506,50.6677503],[-1.9931694,50.6679798],[-1.9930348,50.668427],[-1.993314,50.66863],[-1.9935306,50.6690203],[-1.9934387,50.6694705],[-1.9930793,50.6697831],[-1.9931462,50.6702015],[-1.9928212,50.6703967],[-1.9924927,50.670652],[-1.9919343,50.6705935],[-1.9915207,50.6706197],[-1.9913844,50.6706718],[-1.9912796,50.6708365],[-1.9911576,50.6710396],[-1.9911266,50.6711792],[-1.9910858,50.6713633],[-1.9911562,50.6715625],[-1.9913438,50.6718125],[-1.9915625,50.672],[-1.9919009,50.6725798],[-1.9918176,50.6727723],[-1.9909081,50.6727426],[-1.9898462,50.6725392],[-1.9893096,50.6725905],[-1.9887663,50.6727203],[-1.9883165,50.6728992],[-1.9877738,50.6731459],[-1.987323,50.6734253],[-1.9868056,50.6738284],[-1.9865089,50.6741315],[-1.9861678,50.6743305],[-1.9859266,50.6744242],[-1.9854953,50.6746462],[-1.9850574,50.6749232],[-1.9844629,50.675211],[-1.9840151,50.6755045],[-1.9835894,50.6757204],[-1.9832454,50.6760118],[-1.98292,50.676286],[-1.9826572,50.6763086],[-1.9822644,50.6764675],[-1.9819301,50.6767217],[-1.981579,50.6768965],[-1.9810943,50.6769494],[-1.9805427,50.6769865],[-1.9801356,50.6772764],[-1.9797821,50.6769547],[-1.9794491,50.6766741],[-1.9791029,50.676313],[-1.9792674,50.6756536],[-1.9795879,50.6755248],[-1.9799916,50.6754047],[-1.9806037,50.6752553],[-1.9808839,50.6750127],[-1.9810449,50.6743749],[-1.9812656,50.6743485],[-1.9815291,50.6741854],[-1.9818752,50.6740266],[-1.9821888,50.6738795],[-1.9832142,50.6735257],[-1.9831398,50.6730333],[-1.9835046,50.6722173],[-1.9838693,50.6719997],[-1.984011,50.6714565],[-1.9852631,50.6700507],[-1.9850569,50.6695956],[-1.9846068,50.6691574],[-1.9835001,50.6694453],[-1.9831552,50.669342],[-1.9829948,50.6685858],[-1.98324,50.6681479],[-1.9835935,50.6671932],[-1.9826263,50.6661752],[-1.9818935,50.6655965],[-1.9818094,50.6647373],[-1.9814661,50.6648597],[-1.9812515,50.6647101],[-1.9811013,50.6642205],[-1.9807494,50.6638131],[-1.9801638,50.6638687],[-1.9777239,50.6645884],[-1.9762519,50.6654854],[-1.9756296,50.6650365],[-1.9751704,50.6652956],[-1.9748271,50.6652004],[-1.9748271,50.665078],[-1.9751146,50.6649957],[-1.9748571,50.6648597],[-1.9754293,50.6645671],[-1.976156,50.6644407],[-1.9764707,50.6641162],[-1.9770853,50.6635625],[-1.9774864,50.6630966],[-1.9778343,50.6626361],[-1.9779518,50.6620483],[-1.9779126,50.6615103],[-1.977368,50.6610948],[-1.976672,50.6610715],[-1.9768177,50.6618488],[-1.9762626,50.6621867],[-1.9760504,50.6626875],[-1.9756273,50.6630334],[-1.9753139,50.6633397],[-1.9754053,50.6635052],[-1.9750788,50.6637784],[-1.9744781,50.6639026],[-1.9738121,50.6639771],[-1.9739161,50.6637181],[-1.9734987,50.6635963],[-1.9738121,50.6634473],[-1.9741713,50.6634369],[-1.9742393,50.6634349],[-1.9742845,50.6631333],[-1.973799,50.6632735],[-1.9733825,50.6632208],[-1.9730677,50.6632735],[-1.9730416,50.66305],[-1.9724627,50.6629514],[-1.9724379,50.663215],[-1.9726982,50.6633985],[-1.9724801,50.6637619],[-1.9725902,50.6642051],[-1.9721275,50.6640267],[-1.9717475,50.6639958],[-1.9716312,50.663588],[-1.9713566,50.6632411],[-1.9706854,50.6629811],[-1.9703788,50.6625804],[-1.9700144,50.6621968],[-1.9697359,50.6618694],[-1.9696875,50.6618125],[-1.9694893,50.6614632],[-1.9681461,50.6608199],[-1.9686894,50.662314],[-1.9694582,50.6639266],[-1.9685216,50.6652622],[-1.9677899,50.6662843],[-1.9683339,50.6674302],[-1.9692019,50.6680056],[-1.9698736,50.6686686],[-1.9704709,50.6689931],[-1.9709056,50.6691827],[-1.9711835,50.6693039],[-1.9710999,50.6694416],[-1.9703979,50.6693886],[-1.9696766,50.6694958],[-1.969209,50.6692505],[-1.9691136,50.6689905],[-1.9683536,50.6693856],[-1.9679953,50.6701367],[-1.967775,50.670314],[-1.9672856,50.6707378],[-1.9667208,50.6711266],[-1.9655247,50.6715593],[-1.9651074,50.6713326],[-1.9652554,50.6711286],[-1.965649,50.6709103],[-1.9655169,50.6706583],[-1.9652617,50.6705851],[-1.9649877,50.670535],[-1.9646875,50.670278],[-1.9643077,50.6702842],[-1.9639093,50.670344],[-1.9634655,50.6705243],[-1.9631721,50.6708133],[-1.9627912,50.6711526],[-1.9624018,50.6714528],[-1.9618347,50.6719118],[-1.9615219,50.6724714],[-1.9614712,50.6729575],[-1.9614439,50.6732359],[-1.9615086,50.6743299],[-1.9614971,50.6746237],[-1.9613046,50.6747914],[-1.960616,50.6742756],[-1.9603686,50.6741816],[-1.9598435,50.6739057],[-1.9592892,50.6736478],[-1.9593815,50.6732929],[-1.9592667,50.6728521],[-1.9584633,50.6725136],[-1.9581497,50.6724828],[-1.9578539,50.672546],[-1.957531,50.672673],[-1.9573544,50.6729973],[-1.9569939,50.6732312],[-1.9564591,50.6736205],[-1.9560326,50.6740253],[-1.9557065,50.6741994],[-1.9549873,50.6745325],[-1.9544089,50.6750704],[-1.9540607,50.6755467],[-1.9539588,50.6760456],[-1.9537823,50.6765755],[-1.9530771,50.6768124],[-1.9525006,50.6771978],[-1.9523241,50.6776449],[-1.9520935,50.6781524],[-1.9520641,50.6782171],[-1.952044,50.6782237],[-1.9516785,50.6783432],[-1.951063,50.6785553],[-1.9504291,50.6792746],[-1.9504519,50.6793263],[-1.9503628,50.679535],[-1.9502804,50.6795894],[-1.950205,50.6798704],[-1.9501348,50.6802011],[-1.9489057,50.6830757],[-1.9488962,50.6830946],[-1.9488574,50.6831226],[-1.9488176,50.6832869],[-1.9489732,50.6834156],[-1.9491963,50.6835923],[-1.9493488,50.6836616],[-1.9497078,50.6838596],[-1.9500892,50.6840409],[-1.950384,50.6842333],[-1.9509809,50.6846427],[-1.951375,50.6848906],[-1.9517603,50.6852188],[-1.9518473,50.6856099],[-1.951739,50.6859549],[-1.9513413,50.6864659],[-1.9508964,50.6867687],[-1.9508092,50.6868281],[-1.9504521,50.6869744],[-1.9502241,50.6870652],[-1.9499844,50.6871574],[-1.949592,50.6873084],[-1.9490216,50.6876841],[-1.9486702,50.6879095],[-1.9483022,50.6880275],[-1.9479707,50.6880958],[-1.9478265,50.6881237],[-1.9477436,50.6881427],[-1.9476558,50.6881716],[-1.9475219,50.6882156],[-1.9473656,50.6882671],[-1.9473099,50.6882854],[-1.9470446,50.6883727],[-1.9470263,50.6884504],[-1.9469773,50.6884623],[-1.9467063,50.6885177],[-1.9465948,50.6883063],[-1.9465487,50.688316],[-1.9462187,50.6883809],[-1.9460436,50.6884217],[-1.9459868,50.6884349],[-1.9460361,50.6885624],[-1.9457179,50.6886207],[-1.945703,50.6885816],[-1.9456863,50.6885453],[-1.9455626,50.6882767],[-1.945189,50.6882478],[-1.9443058,50.6884479],[-1.9442635,50.6883724],[-1.9438938,50.6883803],[-1.9437515,50.6883834],[-1.9436917,50.6883552],[-1.9427945,50.6884815],[-1.9422268,50.6885478],[-1.9418567,50.6885921],[-1.9413513,50.6886526],[-1.9412065,50.6886699],[-1.9405468,50.6887773],[-1.9404905,50.6888184],[-1.9403941,50.6888899],[-1.9398076,50.6892074],[-1.9393273,50.6896342],[-1.9388627,50.6899938],[-1.9386816,50.6901224],[-1.9381732,50.6903838],[-1.9375363,50.690707],[-1.9374729,50.6907805],[-1.9373069,50.69081],[-1.9362229,50.6913585],[-1.9361433,50.6914508],[-1.9359595,50.6914814],[-1.9357748,50.6915924],[-1.9350922,50.6918965],[-1.9347679,50.6920439],[-1.9347061,50.6921031],[-1.9345841,50.6921212],[-1.9339864,50.6923726],[-1.9334538,50.6926661],[-1.9329753,50.6929909],[-1.9326881,50.693251],[-1.9323213,50.6936634],[-1.9320116,50.6941223],[-1.9318469,50.6944812],[-1.9317598,50.6948683],[-1.931804,50.6951334],[-1.9318693,50.6955555],[-1.9319711,50.6955456],[-1.9319801,50.6957242],[-1.9320543,50.6960569],[-1.9321344,50.6962258],[-1.9323287,50.6964155],[-1.9327344,50.6963992],[-1.9330938,50.6965469],[-1.9332829,50.6966032],[-1.9333857,50.6967848],[-1.933339,50.6970095],[-1.9330822,50.6972015],[-1.9330938,50.6977969],[-1.9336478,50.6986492],[-1.9339457,50.6990431],[-1.9340873,50.699193],[-1.9344995,50.6996069],[-1.9349339,50.7000062],[-1.9353505,50.7002572],[-1.9358317,50.7004464],[-1.936357,50.7005877],[-1.937855,50.700837],[-1.9383313,50.7009039],[-1.9403963,50.7011938],[-1.9407671,50.7011293],[-1.9414774,50.7017196],[-1.9417897,50.7018949],[-1.9422025,50.7021334],[-1.9425312,50.7023594],[-1.9428325,50.7025528],[-1.943079,50.7027294],[-1.943471,50.703049],[-1.94375,50.7032423],[-1.943949,50.7033723],[-1.9439928,50.7034118],[-1.9441088,50.7035164],[-1.9442462,50.7036284],[-1.9444338,50.7037846],[-1.9446525,50.7040034],[-1.9449338,50.7042534],[-1.9452775,50.7045346],[-1.9454338,50.7047221],[-1.9455638,50.7048471],[-1.9456981,50.7049925],[-1.9459924,50.7052465],[-1.9462685,50.7054971],[-1.9464804,50.7056338],[-1.9467258,50.7059829],[-1.9468713,50.7063388],[-1.9480387,50.7067113],[-1.9482134,50.7065585],[-1.9483964,50.7066242],[-1.9483553,50.7066696],[-1.9483197,50.7066589],[-1.9477797,50.7071405],[-1.9481675,50.7073142],[-1.9482381,50.7073111],[-1.9482762,50.7072768],[-1.9483197,50.7072666],[-1.9484533,50.7071395],[-1.9484311,50.7071299],[-1.9487376,50.7068478],[-1.948486,50.7067379],[-1.9484954,50.7067294],[-1.9484566,50.7067119],[-1.9485029,50.7066643],[-1.9487215,50.7065756],[-1.9496227,50.7063616],[-1.9496657,50.7063752],[-1.9499403,50.7061161],[-1.950034,50.7060277],[-1.9507989,50.705306],[-1.9509799,50.7051352],[-1.9510227,50.7051535],[-1.9514306,50.7053288],[-1.9516663,50.7052235],[-1.9517241,50.7052467],[-1.9517926,50.7052742],[-1.9517484,50.7053225],[-1.9513384,50.7055569],[-1.9514839,50.7056567],[-1.9511038,50.7059865],[-1.9508175,50.7063049],[-1.9509574,50.7067702],[-1.9512784,50.7068679],[-1.9517584,50.7070263],[-1.9521199,50.7071799],[-1.9524876,50.707396],[-1.9529786,50.707761],[-1.9532202,50.7079854],[-1.952504,50.7075387],[-1.9519088,50.7072517],[-1.951521,50.707092],[-1.950719,50.706829],[-1.9501783,50.7068173],[-1.949449,50.7073564],[-1.948975,50.7075586],[-1.948775,50.7079873],[-1.9482951,50.7084421],[-1.947955,50.7087656],[-1.9482812,50.7091094],[-1.9483499,50.7092535],[-1.948657,50.7098565],[-1.9486356,50.7099694],[-1.9487093,50.7100832],[-1.9487894,50.7101618],[-1.9487737,50.7102437],[-1.9487402,50.7103491],[-1.949016,50.710786],[-1.9492238,50.7111562],[-1.9494248,50.7112696],[-1.9494651,50.7112887],[-1.9497913,50.711077],[-1.9499256,50.7112187],[-1.9500576,50.7113696]],[[-1.961909,50.7114388],[-1.9620797,50.7114022],[-1.9621877,50.7113641],[-1.9622872,50.7112995],[-1.962355,50.7112163],[-1.9623824,50.711109],[-1.96237,50.7110269],[-1.9623194,50.7109421],[-1.9622297,50.7108665],[-1.9616134,50.7104799],[-1.9607812,50.7099425],[-1.9603584,50.7096879],[-1.9603226,50.7096519],[-1.9603107,50.7096212],[-1.9596622,50.7096402],[-1.9596574,50.7096221],[-1.9603142,50.7096032],[-1.9603321,50.7095736],[-1.9603732,50.7095521],[-1.9604353,50.7095367],[-1.9604971,50.7095294],[-1.9605677,50.7095309],[-1.9606444,50.7095445],[-1.9607203,50.7095662],[-1.9607962,50.7096023],[-1.9615096,50.7100573],[-1.9623609,50.7106012],[-1.9625075,50.7106936],[-1.9626208,50.7107937],[-1.9626908,50.7108733],[-1.9627374,50.7109543],[-1.9627674,50.7110501],[-1.9627601,50.7111495],[-1.9627314,50.7112299],[-1.962666,50.7113451],[-1.9625472,50.711465],[-1.9624428,50.7115503],[-1.9623322,50.7116066],[-1.9622035,50.7116433],[-1.9620748,50.7116672],[-1.9618577,50.7116894],[-1.9616143,50.7117053],[-1.9614867,50.711694],[-1.9614526,50.7116421],[-1.9614637,50.7115844],[-1.9614839,50.7115447],[-1.9615026,50.7115135],[-1.9615373,50.711492],[-1.9615923,50.7114782],[-1.9617467,50.7114647],[-1.961909,50.7114388]],[[-1.96014,50.7100216],[-1.9588913,50.7107914],[-1.9588425,50.7107977],[-1.9587981,50.7107794],[-1.9587856,50.7107561],[-1.9587976,50.710727],[-1.960063,50.7099699],[-1.9601089,50.7099641],[-1.9601465,50.7099781],[-1.960153,50.7100011],[-1.96014,50.7100216]],[[-1.9850346,50.7109998],[-1.9849966,50.7109983],[-1.984961,50.7109877],[-1.9848684,50.7109114],[-1.9848255,50.710895],[-1.9794336,50.7105875],[-1.9793696,50.7105934],[-1.9793197,50.7106082],[-1.9787009,50.7109922],[-1.9786434,50.7109981],[-1.9785958,50.710983],[-1.978586,50.710956],[-1.9785945,50.7109198],[-1.9792287,50.7105337],[-1.979294,50.7105121],[-1.9793575,50.7104983],[-1.9794446,50.7104964],[-1.9847805,50.71079],[-1.9848201,50.7107819],[-1.9848621,50.7107648],[-1.9849886,50.710587],[-1.9850206,50.7105699],[-1.9850668,50.7105648],[-1.9851939,50.7104053],[-1.9852459,50.7104204],[-1.9851202,50.7105805],[-1.9851416,50.7106076],[-1.9851439,50.7106348],[-1.9850237,50.7108125],[-1.9850198,50.7108468],[-1.9850396,50.7108781],[-1.985107,50.7109365],[-1.9851102,50.7109588],[-1.9850897,50.710976],[-1.9852603,50.7111292],[-1.9852609,50.7114731],[-1.9851964,50.7114719],[-1.9851996,50.7111457],[-1.9850346,50.7109998]],[[-2.0023229,50.7307274],[-2.0024271,50.7307429],[-2.0025411,50.7307468],[-2.0027027,50.7307536],[-2.0028508,50.7307629],[-2.0029561,50.7307882],[-2.0030431,50.730855],[-2.0031037,50.7309129],[-2.0032121,50.7309102],[-2.0032907,50.7308643],[-2.0034038,50.7308995],[-2.0035024,50.7309496],[-2.0036115,50.7310191],[-2.0036715,50.7310789],[-2.0037364,50.7311476],[-2.0037294,50.7312187],[-2.0036456,50.7312622],[-2.0035518,50.7313209],[-2.0034434,50.7313497],[-2.0034058,50.731418],[-2.003468,50.7314769],[-2.0034163,50.7315444],[-2.0033872,50.7316103],[-2.0032975,50.7316508],[-2.0032476,50.7317123],[-2.0031996,50.7317743],[-2.003199,50.7318439],[-2.0031933,50.7319348],[-2.0032046,50.7320045],[-2.0032088,50.7321142],[-2.0032529,50.7321835],[-2.0032691,50.7322559],[-2.0032827,50.7323245],[-2.0032596,50.7323921],[-2.0032621,50.7324611],[-2.0031994,50.7325182],[-2.0031148,50.7325632],[-2.003056,50.7326232],[-2.0029984,50.7326814],[-2.0029118,50.7327271],[-2.003017,50.7327493],[-2.0030134,50.7328211],[-2.0029629,50.7328808],[-2.0030731,50.7328677],[-2.0031588,50.732827],[-2.0032157,50.7328859],[-2.0031705,50.7329573],[-2.0031089,50.7330303],[-2.0031026,50.7331083],[-2.0030782,50.7331859],[-2.0030415,50.7332493],[-2.003016,50.7333153],[-2.0029417,50.7333679],[-2.0028682,50.7334306],[-2.0028208,50.733492],[-2.0027335,50.7335405],[-2.0027666,50.7336072],[-2.0027194,50.7336733],[-2.0026747,50.7337371],[-2.0026355,50.7338053],[-2.0026261,50.7338751],[-2.0025755,50.7339422],[-2.002523,50.7340045],[-2.0024316,50.7340436],[-2.0023773,50.734104],[-2.0023044,50.7341798],[-2.0022236,50.7342451],[-2.0021254,50.7342841],[-2.0019405,50.7343436],[-2.0018288,50.7343721],[-2.0017187,50.7343742],[-2.0015742,50.7344586],[-2.0014764,50.7345018],[-2.0013684,50.7345132],[-2.0012471,50.7345074],[-2.0011365,50.7345006],[-2.0009892,50.734493],[-2.0008799,50.7344945],[-2.0007369,50.7345107],[-2.0005962,50.734526],[-2.0004758,50.7345311],[-2.0003634,50.7344742],[-2.0002719,50.7344344],[-2.0001705,50.7344121],[-2.0000704,50.7344563],[-1.9999642,50.7344292],[-1.9999404,50.7344976],[-1.9998518,50.7345447],[-1.999811,50.734617],[-1.9996748,50.7346842],[-1.9994729,50.7346985],[-1.9993544,50.7347222],[-1.9991684,50.7347544],[-1.9990612,50.7347588],[-1.9988545,50.7347574],[-1.9987431,50.7347432],[-1.9986383,50.7347191],[-1.9985425,50.7346498],[-1.9985078,50.7345334],[-1.998481,50.7344378],[-1.9984458,50.7343516],[-1.9983584,50.7342946],[-1.9983003,50.7342299],[-1.9982558,50.7341665],[-1.9982234,50.7340918],[-1.9981976,50.7340114],[-1.9982742,50.7339307],[-1.9983228,50.7338582],[-1.9983614,50.7337936],[-1.9983848,50.7337199],[-1.9984412,50.7336601],[-1.998461,50.7335695],[-1.998542,50.7335125],[-1.9984928,50.7334517],[-1.998431,50.7333961],[-1.9985037,50.7333414],[-1.998596,50.7333786],[-1.9987086,50.733377],[-1.9987941,50.7334187],[-1.9988711,50.7334653],[-1.9989158,50.733535],[-1.9990171,50.7335121],[-1.9989483,50.7334512],[-1.9988548,50.7333911],[-1.9987724,50.7333465],[-1.9987423,50.7332761],[-1.998757,50.7332047],[-1.9987046,50.7331365],[-1.9987011,50.7330587],[-1.9986548,50.7329889],[-1.9985864,50.7329322],[-1.9987098,50.73293],[-1.998819,50.7329474],[-1.9988854,50.7328939],[-1.998761,50.7328665],[-1.9986461,50.7328551],[-1.9984723,50.7328965],[-1.9984109,50.7329687],[-1.9983581,50.7330285],[-1.9982296,50.7330276],[-1.9982065,50.7329613],[-1.9981662,50.7328839],[-1.9982312,50.7328232],[-1.9982681,50.7327577],[-1.9983146,50.7326947],[-1.9983466,50.7326286],[-1.9984206,50.7325755],[-1.9984741,50.7325136],[-1.9985295,50.7324509],[-1.9985707,50.7323799],[-1.9985803,50.7323088],[-1.998671,50.7322675],[-1.9986059,50.732207],[-1.9986596,50.7321487],[-1.9987648,50.7321353],[-1.9988827,50.7321487],[-1.9988542,50.7320827],[-1.9989227,50.7320222],[-1.9990028,50.7319732],[-1.9990259,50.7319013],[-1.9990869,50.7318271],[-1.9990821,50.7317557],[-1.9991498,50.7316814],[-1.9992681,50.7316968],[-1.9993774,50.7316683],[-1.9994758,50.7316966],[-1.9995038,50.7317639],[-1.9995638,50.7317044],[-1.9996671,50.7316835],[-1.9997424,50.731734],[-1.9998439,50.7317045],[-1.9999114,50.7316481],[-2.0000044,50.7316813],[-2.0000605,50.7316203],[-1.9999826,50.7315727],[-2.0000925,50.7315449],[-2.0001967,50.7315081],[-2.0003098,50.7314827],[-2.0003921,50.7314262],[-2.0004421,50.7313605],[-2.0005276,50.7313147],[-2.0005167,50.7312433],[-2.0005868,50.7311921],[-2.0007088,50.7311841],[-2.0007771,50.7311289],[-2.0008189,50.7310595],[-2.0009001,50.7310053],[-2.0009822,50.7309601],[-2.0010848,50.7309957],[-2.0011501,50.7309422],[-2.0012616,50.7309226],[-2.0013645,50.730881],[-2.0014564,50.7308384],[-2.0015804,50.7308384],[-2.0016893,50.7308052],[-2.0017951,50.7308242],[-2.0018926,50.7307865],[-2.0019905,50.7307536],[-2.0021042,50.7307424],[-2.0022123,50.7307388],[-2.0023229,50.7307274]],[[-2.0061458,50.7313024],[-2.0061896,50.7313643],[-2.0061787,50.7314337],[-2.0061654,50.7315045],[-2.0061453,50.7315801],[-2.0062023,50.7316414],[-2.0062354,50.7317066],[-2.0063411,50.7317186],[-2.0063787,50.7317819],[-2.0063875,50.731854],[-2.0064833,50.7318924],[-2.0064965,50.731963],[-2.0064923,50.7320309],[-2.0065782,50.7319899],[-2.0065707,50.7320573],[-2.0065358,50.732137],[-2.0065651,50.732205],[-2.0065525,50.7322735],[-2.0066329,50.7323226],[-2.0067365,50.7323413],[-2.0068166,50.7323858],[-2.0068976,50.7324324],[-2.0068329,50.7324912],[-2.0068847,50.7325528],[-2.0070124,50.7325479],[-2.007087,50.7325961],[-2.0070516,50.7326613],[-2.0069724,50.7326139],[-2.0068767,50.7326445],[-2.0069635,50.732689],[-2.0068712,50.732733],[-2.0069264,50.7327928],[-2.006954,50.7328581],[-2.0070201,50.7329198],[-2.0070506,50.7329877],[-2.0070417,50.733055],[-2.0069445,50.7330844],[-2.0068652,50.7330396],[-2.006788,50.7329874],[-2.0068943,50.7329724],[-2.0068665,50.7329005],[-2.0068423,50.7328316],[-2.0067018,50.7327804],[-2.0066582,50.732846],[-2.0067672,50.7328295],[-2.0067788,50.7328974],[-2.0067313,50.7329617],[-2.0066178,50.7329542],[-2.0065092,50.7329438],[-2.0064234,50.7329864],[-2.0063371,50.7329458],[-2.0062406,50.7329035],[-2.0062267,50.7328274],[-2.0062802,50.7327648],[-2.0062558,50.7326911],[-2.0062629,50.7326206],[-2.0063055,50.7325357],[-2.0063147,50.7324607],[-2.0063424,50.7323951],[-2.006249,50.7323602],[-2.0061663,50.7323122],[-2.0061415,50.7322277],[-2.0060638,50.7321621],[-2.005998,50.7320852],[-2.0059086,50.7320379],[-2.0059311,50.7319676],[-2.0058207,50.7319779],[-2.0057168,50.7319401],[-2.0056813,50.7318696],[-2.0057034,50.7317991],[-2.0057718,50.7317435],[-2.0058085,50.7316757],[-2.0058319,50.7316046],[-2.005823,50.7315358],[-2.0058772,50.7314745],[-2.0059669,50.7314341],[-2.0059562,50.7313646],[-2.0060467,50.7313287],[-2.0061458,50.7313024]],[[-1.9954507,50.729972],[-1.9954331,50.7299321],[-1.9954499,50.7298706],[-1.99554,50.7298626],[-1.9956558,50.7298647],[-1.9957513,50.7298649],[-1.9958958,50.729887],[-1.9961119,50.7298939],[-1.9963744,50.7298977],[-1.9966365,50.7299171],[-1.9968018,50.7299236],[-1.9969211,50.7299319],[-1.997085,50.7299441],[-1.9972889,50.7299523],[-1.9974113,50.7299671],[-1.9975368,50.729978],[-1.9977136,50.7299834],[-1.9979247,50.7299858],[-1.9980589,50.7299907],[-1.9981913,50.7299927],[-1.9983387,50.7299892],[-1.9984975,50.7299935],[-1.9987058,50.7299958],[-1.9988343,50.729996],[-1.9990432,50.7299948],[-1.9992549,50.7299915],[-1.9995035,50.7299839],[-1.9996224,50.729982],[-1.9998111,50.7299733],[-1.9999179,50.729968],[-2.0000536,50.7299597],[-2.0001657,50.7299483],[-2.0002853,50.7299511],[-2.0004018,50.7299329],[-2.0005108,50.7299217],[-2.0006172,50.7299282],[-2.0007497,50.7299205],[-2.0008938,50.7299114],[-2.0009842,50.7298727],[-2.0010975,50.7298708],[-2.001206,50.7298724],[-2.0013132,50.7298686],[-2.0014187,50.7298568],[-2.0015203,50.7298316],[-2.0015372,50.7297649],[-2.0016325,50.7297299],[-2.0017164,50.7297725],[-2.0018049,50.7297348],[-2.0019011,50.7296989],[-2.0018817,50.7296317],[-2.0018385,50.7295693],[-2.0018626,50.7295034],[-2.0018446,50.7294788],[-2.0018137,50.729437],[-2.0018021,50.7293673],[-2.0017051,50.7293364],[-2.001726,50.7292695],[-2.0017557,50.7292027],[-2.0018514,50.729173],[-2.0019519,50.7291458],[-2.0019294,50.7290777],[-2.0020198,50.7290367],[-2.0021127,50.729001],[-2.0022565,50.728938],[-2.0021958,50.7288794],[-2.0020876,50.7288581],[-2.0019777,50.7288697],[-2.0019612,50.7288026],[-2.0018987,50.7287448],[-2.0019421,50.7286823],[-2.0019525,50.7286124],[-2.0018793,50.7285631],[-2.0017829,50.7285202],[-2.0017576,50.7284527],[-2.0018675,50.7284612],[-2.0019802,50.7284713],[-2.0020842,50.7284525],[-2.0021888,50.7284349],[-2.0022187,50.7283668],[-2.0022446,50.7282947],[-2.0023421,50.7282605],[-2.0022363,50.7282727],[-2.0021944,50.7283387],[-2.0021587,50.728407],[-2.0020385,50.7284273],[-2.0019164,50.7284138],[-2.0017976,50.7283975],[-2.0016974,50.7283548],[-2.0018149,50.7283591],[-2.0019147,50.7283318],[-2.0020166,50.7283553],[-2.0020481,50.7282878],[-2.0019416,50.7282905],[-2.0018373,50.7282728],[-2.0017759,50.7283294],[-2.0016678,50.7283201],[-2.0015803,50.7283596],[-2.0014722,50.7283661],[-2.0014216,50.728302],[-2.0013667,50.7282397],[-2.0013562,50.728167],[-2.0014343,50.7280902],[-2.0013388,50.7281251],[-2.0012292,50.7281174],[-2.0011381,50.728081],[-2.0010546,50.7280334],[-2.0010444,50.7279623],[-2.0011111,50.7279058],[-2.0012076,50.7278769],[-2.0010954,50.7278784],[-2.0010213,50.7279297],[-2.000946,50.7279783],[-2.0008426,50.7279594],[-2.0008498,50.7278919],[-2.0009696,50.7278774],[-2.0010697,50.7278339],[-2.0010658,50.7277629],[-2.0009801,50.7278179],[-2.0008694,50.7278424],[-2.0007563,50.7278536],[-2.00065,50.7278778],[-2.00058,50.7278148],[-2.0005102,50.7277624],[-2.0004159,50.7277286],[-2.0004746,50.7278012],[-2.0005958,50.7278952],[-2.0006098,50.72797],[-2.0006423,50.7280383],[-2.0007322,50.7280784],[-2.0008199,50.7281243],[-2.000957,50.7281783],[-2.0010546,50.7282063],[-2.0011086,50.7282684],[-2.0011985,50.7283415],[-2.001187,50.7284148],[-2.0012168,50.7284958],[-2.0012686,50.7285611],[-2.0013234,50.7286235],[-2.001309,50.7286991],[-2.0012498,50.7287619],[-2.0011766,50.7286925],[-2.0011064,50.7286255],[-2.0010901,50.7285571],[-2.0010143,50.7284978],[-2.0009167,50.7284561],[-2.0008051,50.7284269],[-2.0006675,50.7284011],[-2.0005242,50.7283835],[-2.000389,50.7283923],[-2.0002691,50.7284122],[-2.0001618,50.7284144],[-2.0000463,50.728382],[-1.9999649,50.7283273],[-1.9999624,50.72825],[-2.0000465,50.7282024],[-2.0001579,50.7281977],[-2.0002548,50.7282302],[-2.0003596,50.7282542],[-2.0004509,50.7282119],[-2.0003213,50.728201],[-2.0002104,50.728178],[-2.0001226,50.7281261],[-2.0000088,50.7281054],[-1.9999377,50.7280532],[-1.9998405,50.7280212],[-1.9998992,50.7279611],[-1.9997896,50.7279455],[-1.9997275,50.7278896],[-1.9996484,50.7278382],[-1.9996502,50.7277676],[-1.9997588,50.7277839],[-1.9996888,50.7277254],[-1.9998012,50.7277086],[-1.9997142,50.7276673],[-1.9997831,50.7276159],[-1.999811,50.7275494],[-1.9997233,50.7275899],[-1.9996498,50.7275381],[-1.9997457,50.7275058],[-1.9996341,50.7275056],[-1.99959,50.7274419],[-1.9995005,50.7274783],[-1.9994423,50.7274172],[-1.9994032,50.7273525],[-1.9994931,50.727305],[-1.9995847,50.7273456],[-1.9996841,50.7273708],[-1.9996654,50.7273038],[-1.9996341,50.7272366],[-1.999729,50.7272694],[-1.9998319,50.727288],[-1.9998931,50.7272268],[-1.9999726,50.7271755],[-1.9999482,50.7271083],[-1.999848,50.7271345],[-1.9997844,50.7270732],[-1.9999102,50.7270663],[-2.0000212,50.7270432],[-2.0000737,50.7269834],[-2.0001467,50.7269341],[-2.0002392,50.7268962],[-2.0001427,50.7268649],[-2.0000759,50.7269192],[-2.0000304,50.7269813],[-1.999923,50.7269762],[-1.9998351,50.7269368],[-1.9998086,50.7268656],[-1.9999189,50.7268722],[-2.0000199,50.726849],[-2.0000364,50.7267818],[-1.9999328,50.7268214],[-1.9998366,50.7267891],[-1.9999369,50.7267551],[-1.9998832,50.7266949],[-1.999771,50.7266755],[-1.9998339,50.7266188],[-1.9997305,50.7265967],[-1.9997174,50.7265294],[-1.999616,50.7265596],[-1.9995248,50.7265198],[-1.9994173,50.7265052],[-1.9995249,50.7264878],[-1.9996505,50.726471],[-1.9997563,50.7264509],[-1.9998632,50.7264705],[-1.9999699,50.7264799],[-1.9999152,50.7264187],[-1.9997969,50.7264027],[-1.9997788,50.7263325],[-1.9998805,50.7262883],[-1.9999695,50.7263334],[-2.0000503,50.7263847],[-2.000152,50.7264077],[-2.0002163,50.7264652],[-2.0001391,50.7265157],[-2.0000386,50.7265419],[-2.0001475,50.7265392],[-2.0002564,50.7265548],[-2.0003332,50.726508],[-2.0002842,50.7264449],[-2.000391,50.7264349],[-2.000491,50.7264613],[-2.0005744,50.7265087],[-2.0006621,50.7265485],[-2.0006171,50.7266129],[-2.0005365,50.7265661],[-2.0004499,50.7266052],[-2.0005605,50.7266272],[-2.0006444,50.7266687],[-2.0006306,50.7267365],[-2.0006441,50.7268038],[-2.0007501,50.7268156],[-2.0008571,50.7268187],[-2.0009119,50.72676],[-2.0008483,50.7267029],[-2.0008356,50.7266335],[-2.0009428,50.7266386],[-2.001003,50.7265654],[-2.0010019,50.7264953],[-2.0010674,50.7264421],[-2.0010656,50.7263746],[-2.0011863,50.7263671],[-2.0012863,50.7263929],[-2.001267,50.7264628],[-2.0013534,50.7265042],[-2.0012701,50.7265547],[-2.001288,50.7266241],[-2.0012957,50.7266965],[-2.001386,50.7267361],[-2.0014291,50.7268019],[-2.0013657,50.7268621],[-2.0014018,50.7269261],[-2.0014156,50.7269938],[-2.0014239,50.7269263],[-2.0014549,50.7268598],[-2.0015553,50.7268231],[-2.0016181,50.7268811],[-2.0017191,50.7269128],[-2.0017468,50.7269788],[-2.0018331,50.7270263],[-2.0018968,50.7270842],[-2.0019874,50.7271203],[-2.0019794,50.7271886],[-2.0020748,50.7272218],[-2.0021482,50.727276],[-2.0021951,50.7273385],[-2.0022616,50.7272827],[-2.0022524,50.7272149],[-2.0023155,50.7272715],[-2.0023579,50.7273347],[-2.0023686,50.7274041],[-2.0024802,50.72742],[-2.0025925,50.7274342],[-2.0026733,50.7274808],[-2.002773,50.727505],[-2.0027731,50.7275742],[-2.0028396,50.7276282],[-2.0028776,50.7276931],[-2.0028697,50.727762],[-2.0028779,50.7278302],[-2.0029628,50.7278733],[-2.0029978,50.7279375],[-2.0030509,50.727996],[-2.0031187,50.7280488],[-2.003121,50.7281243],[-2.0030501,50.7281806],[-2.003023,50.7282504],[-2.0029918,50.7283208],[-2.0029334,50.7283793],[-2.0028554,50.7284516],[-2.0029099,50.7285129],[-2.0029681,50.7285698],[-2.0028646,50.7285991],[-2.0029651,50.7286298],[-2.0030095,50.7286939],[-2.0030946,50.7286505],[-2.0031938,50.728686],[-2.0031512,50.7287507],[-2.0031041,50.7288121],[-2.0030745,50.7288861],[-2.0030721,50.728958],[-2.0030359,50.7290239],[-2.0030219,50.7290966],[-2.003005,50.7291636],[-2.0030102,50.7292379],[-2.0030258,50.7293067],[-2.0029404,50.7293499],[-2.0029665,50.7293819],[-2.0029922,50.7294134],[-2.0029311,50.7294711],[-2.0029396,50.7295404],[-2.0029537,50.7296075],[-2.0028766,50.7296578],[-2.002805,50.7297167],[-2.0029227,50.7297179],[-2.0030197,50.729747],[-2.0031314,50.7297416],[-2.0032472,50.7297476],[-2.0033678,50.7297273],[-2.0034747,50.7297175],[-2.0035824,50.7297165],[-2.0036898,50.7297046],[-2.0037514,50.7296765],[-2.0038776,50.7296843],[-2.0040406,50.7296688],[-2.0042571,50.7296487],[-2.0044896,50.72963],[-2.0047512,50.7296096],[-2.0050226,50.7295942],[-2.0050526,50.729628],[-2.0050713,50.7297036],[-2.0050561,50.7297372],[-2.0050351,50.7297724],[-2.0050261,50.7297925],[-2.0049948,50.7298229],[-2.0049297,50.7298358],[-2.0047231,50.7298559],[-2.0045375,50.7298813],[-2.0044135,50.7298989],[-2.0042574,50.7299149],[-2.0041359,50.7299332],[-2.0040231,50.7299268],[-2.0039286,50.7299643],[-2.0038197,50.729971],[-2.0036402,50.7299609],[-2.0035256,50.729963],[-2.0032817,50.7299893],[-2.0031702,50.730001],[-2.0030633,50.7300186],[-2.0029448,50.7300269],[-2.002848,50.7300602],[-2.0027325,50.7300725],[-2.0026143,50.7300769],[-2.0025297,50.7301259],[-2.0024333,50.7301671],[-2.0023277,50.7302079],[-2.0022276,50.7302372],[-2.002125,50.7302731],[-2.0020116,50.730276],[-2.0019,50.730269],[-2.001792,50.7302722],[-2.0016858,50.7302629],[-2.001621,50.7302081],[-2.0014953,50.7301849],[-2.0014058,50.7302249],[-2.0012968,50.7302434],[-2.0011519,50.7302668],[-2.0010469,50.7302524],[-2.0009353,50.7302526],[-2.0008471,50.7302917],[-2.0007531,50.7303291],[-2.0006508,50.7303497],[-2.0005445,50.7303262],[-2.0004409,50.7303417],[-2.000358,50.7303862],[-2.0002524,50.7303717],[-2.0001483,50.7303517],[-2.0000378,50.7303579],[-1.9999264,50.7303401],[-1.9998202,50.7303233],[-1.9997212,50.7302954],[-1.9996123,50.7302823],[-1.9995147,50.7302439],[-1.9994097,50.7302144],[-1.9993008,50.7302027],[-1.9991934,50.7301957],[-1.9990816,50.7302099],[-1.998976,50.7302249],[-1.9988474,50.730211],[-1.9987341,50.7302042],[-1.9984567,50.7301992],[-1.9983304,50.7301988],[-1.9981939,50.7301952],[-1.9980615,50.7301954],[-1.9979373,50.7301926],[-1.9977411,50.7301884],[-1.9976042,50.7301791],[-1.9974916,50.7301751],[-1.9973847,50.730191],[-1.9972689,50.7302125],[-1.9971686,50.7302401],[-1.9970577,50.7302474],[-1.9969544,50.7302266],[-1.9968439,50.7302153],[-1.9967558,50.7301709],[-1.9966473,50.7301546],[-1.996522,50.7301377],[-1.9963751,50.7301179],[-1.9962512,50.7301045],[-1.9961363,50.7301072],[-1.996032,50.730084],[-1.9959,50.7300709],[-1.9957491,50.7300633],[-1.9956063,50.7300427],[-1.9954782,50.7300062],[-1.9954507,50.729972]],[[-2.007416,50.7243315],[-2.0075614,50.7243319],[-2.0076749,50.724345],[-2.0077559,50.7243977],[-2.007841,50.724443],[-2.0079556,50.7244341],[-2.0080093,50.7245017],[-2.008114,50.7245241],[-2.008161,50.7246005],[-2.0082551,50.7246334],[-2.008205,50.7247061],[-2.0081799,50.7247781],[-2.0080789,50.7248279],[-2.0079924,50.7248699],[-2.0080272,50.7249347],[-2.0081129,50.7248926],[-2.0081356,50.7249642],[-2.0081559,50.7250306],[-2.0080761,50.725076],[-2.0079765,50.7251008],[-2.0078789,50.7251287],[-2.0079684,50.72518],[-2.0079685,50.7252488],[-2.0078767,50.7252889],[-2.0077801,50.7252528],[-2.007783,50.7251836],[-2.0077077,50.725123],[-2.0076277,50.7250676],[-2.0076743,50.7251339],[-2.0077414,50.7252334],[-2.00764,50.7252624],[-2.007581,50.7251967],[-2.0074739,50.7252169],[-2.0073657,50.7252097],[-2.0074623,50.7252451],[-2.007518,50.7253043],[-2.0076441,50.7253208],[-2.007767,50.7253128],[-2.0078036,50.7253818],[-2.0077835,50.7254701],[-2.0077431,50.7255346],[-2.0076801,50.7255922],[-2.0075214,50.7256737],[-2.0074345,50.7256272],[-2.0073525,50.7255836],[-2.007286,50.725531],[-2.0071801,50.7255462],[-2.0072778,50.7255759],[-2.0072665,50.7256449],[-2.007184,50.7256017],[-2.007125,50.7256598],[-2.007053,50.7256001],[-2.0070968,50.7255383],[-2.0071543,50.725469],[-2.0072138,50.7254053],[-2.0073275,50.7254016],[-2.0074337,50.7254065],[-2.0073415,50.7253689],[-2.0072823,50.7253007],[-2.0072033,50.725254],[-2.0071368,50.7253085],[-2.0070204,50.7253155],[-2.0070873,50.7252592],[-2.007044,50.7251946],[-2.0070416,50.7251257],[-2.0070628,50.7250523],[-2.0070971,50.7249848],[-2.0072057,50.7250059],[-2.0072693,50.7249465],[-2.0071828,50.7249028],[-2.007081,50.72488],[-2.0070899,50.7248053],[-2.007051,50.7247343],[-2.0071212,50.7246801],[-2.0071051,50.7246029],[-2.0070172,50.7246409],[-2.0069074,50.7246385],[-2.0069623,50.7245777],[-2.0070668,50.7245911],[-2.0071077,50.7245243],[-2.0071956,50.7244526],[-2.0073036,50.7244325],[-2.0074105,50.7244048],[-2.007416,50.7243315]],[[-2.0068983,50.7241466],[-2.0069929,50.7241814],[-2.0070311,50.7242467],[-2.0069808,50.72431],[-2.0069303,50.7243728],[-2.0068671,50.724429],[-2.0067704,50.7243973],[-2.0066271,50.724395],[-2.0065177,50.72438],[-2.0064146,50.7244184],[-2.0063318,50.7244951],[-2.0062229,50.7245113],[-2.0061987,50.7244428],[-2.0061147,50.7243836],[-2.0060059,50.7243841],[-2.0059766,50.7243031],[-2.0058781,50.7242709],[-2.0057685,50.7242487],[-2.0056629,50.7242389],[-2.0056329,50.7241708],[-2.0055295,50.7241967],[-2.0055796,50.7241145],[-2.0055182,50.7240533],[-2.0054057,50.7240317],[-2.0053056,50.7240028],[-2.0052482,50.7240624],[-2.0051849,50.7239636],[-2.0052137,50.7238963],[-2.0051649,50.7238337],[-2.0050608,50.7237884],[-2.0049321,50.7237162],[-2.0048278,50.7236817],[-2.0046889,50.723661],[-2.004581,50.7236522],[-2.0044256,50.7236375],[-2.0043217,50.7236558],[-2.0042558,50.72371],[-2.0042387,50.7237788],[-2.0041663,50.7238348],[-2.0040853,50.7237894],[-2.0040488,50.723716],[-2.0039478,50.7236851],[-2.0038753,50.7236218],[-2.0037754,50.7235924],[-2.0037972,50.7235053],[-2.0039166,50.7235157],[-2.0038564,50.7234601],[-2.0037371,50.7233969],[-2.0035796,50.7233467],[-2.0034635,50.7233453],[-2.003358,50.7233664],[-2.0032858,50.7233064],[-2.0032099,50.7232558],[-2.0030574,50.7232055],[-2.0029479,50.7231515],[-2.002847,50.7231299],[-2.0027277,50.7231408],[-2.0026137,50.723148],[-2.002524,50.7230898],[-2.0024138,50.7230522],[-2.0023076,50.7230411],[-2.0022115,50.7230084],[-2.0020944,50.7229996],[-2.0019537,50.7229742],[-2.0018427,50.7229786],[-2.0017301,50.7229655],[-2.0016357,50.7229306],[-2.0015126,50.7228937],[-2.0014087,50.7228713],[-2.0013009,50.7228344],[-2.0011271,50.7228333],[-2.0010136,50.722778],[-2.0009301,50.7227312],[-2.0009949,50.7226711],[-2.0011113,50.7226551],[-2.0012205,50.7226269],[-2.0013347,50.7226409],[-2.0014503,50.7226336],[-2.0016168,50.7226655],[-2.0017394,50.7226844],[-2.0018447,50.7227132],[-2.0019992,50.7227543],[-2.0021179,50.7227714],[-2.0022259,50.7227791],[-2.0023606,50.7228004],[-2.0024644,50.7228201],[-2.0026119,50.7228524],[-2.0027549,50.7228819],[-2.0028666,50.7228931],[-2.0029872,50.7229189],[-2.0031431,50.7229271],[-2.0032566,50.7229537],[-2.0033783,50.7229893],[-2.0034708,50.7230268],[-2.0035783,50.7230629],[-2.0036953,50.7231011],[-2.00381,50.7231226],[-2.0039597,50.7231425],[-2.0041049,50.72317],[-2.0042191,50.7231856],[-2.0043297,50.7232298],[-2.0044927,50.7232671],[-2.0046326,50.723287],[-2.0047383,50.723298],[-2.0048654,50.7233051],[-2.0050301,50.7233519],[-2.0051591,50.7234184],[-2.0052546,50.7234964],[-2.0053423,50.723549],[-2.0054347,50.7236055],[-2.005486,50.7236719],[-2.0056011,50.7237786],[-2.0056853,50.7238467],[-2.0057279,50.7239257],[-2.0057639,50.7240012],[-2.0058536,50.7240473],[-2.0059072,50.7241091],[-2.0059789,50.7241621],[-2.0061159,50.7242018],[-2.0062315,50.724242],[-2.0063401,50.724243],[-2.0064764,50.7242097],[-2.0065801,50.7241746],[-2.0066874,50.7241631],[-2.0067997,50.7241722],[-2.0068983,50.7241466]],[[-2.004828,50.7198707],[-2.0048888,50.7198095],[-2.0050053,50.7198009],[-2.0051985,50.719785],[-2.0053385,50.7197681],[-2.005463,50.7197473],[-2.005572,50.719728],[-2.0056774,50.7197565],[-2.0057608,50.7198917],[-2.0057892,50.719959],[-2.0057856,50.7200476],[-2.0057643,50.7201178],[-2.0056809,50.7201872],[-2.0055599,50.7202281],[-2.0054798,50.720172],[-2.0054951,50.7200972],[-2.0054681,50.7200226],[-2.0055312,50.7199674],[-2.0054343,50.7200081],[-2.0054469,50.7200878],[-2.0053552,50.720126],[-2.0053211,50.720062],[-2.0052394,50.7200106],[-2.0052798,50.7200795],[-2.0051729,50.7200713],[-2.0051367,50.720006],[-2.0051329,50.7199362],[-2.0050234,50.7199475],[-2.0050638,50.7200177],[-2.0049953,50.7200745],[-2.0051197,50.7200893],[-2.0051182,50.7201611],[-2.0050987,50.7202356],[-2.0050689,50.7203118],[-2.0050752,50.7203799],[-2.0051456,50.7204427],[-2.0051337,50.7203747],[-2.0051448,50.7202981],[-2.0051675,50.7202322],[-2.0052308,50.7201696],[-2.0053091,50.7202258],[-2.0053953,50.7202675],[-2.0054259,50.7203334],[-2.0053832,50.7204038],[-2.0053343,50.7204687],[-2.0054249,50.7204335],[-2.0055155,50.7203918],[-2.0055494,50.7203167],[-2.0056726,50.720338],[-2.0056667,50.7204086],[-2.005619,50.7204707],[-2.0055382,50.7205468],[-2.0055558,50.7206205],[-2.0055636,50.7206918],[-2.0056263,50.7207601],[-2.0056905,50.720821],[-2.0056905,50.7208915],[-2.0055913,50.720863],[-2.0054928,50.7208309],[-2.0054036,50.7207907],[-2.0054006,50.7207166],[-2.0053624,50.7206489],[-2.0053015,50.7205822],[-2.0051886,50.7205833],[-2.0052692,50.7206326],[-2.0051698,50.7206086],[-2.0050737,50.7206423],[-2.0049749,50.7206875],[-2.0050895,50.7206987],[-2.0051612,50.7206481],[-2.0052593,50.720677],[-2.0052369,50.7207444],[-2.0053256,50.7207044],[-2.0053041,50.7207827],[-2.0052212,50.7208303],[-2.0051246,50.7208618],[-2.0050153,50.7208382],[-2.00491,50.7208145],[-2.0048555,50.7208734],[-2.0048577,50.7207917],[-2.0047676,50.7207494],[-2.0047527,50.720669],[-2.0047701,50.7206001],[-2.0048514,50.7205567],[-2.0049291,50.720612],[-2.0049289,50.7205406],[-2.0050179,50.7205026],[-2.0049514,50.7204473],[-2.0048347,50.7204657],[-2.004862,50.7203983],[-2.0048879,50.720331],[-2.004861,50.7202628],[-2.0048606,50.7201948],[-2.0049742,50.7202113],[-2.0049618,50.7201443],[-2.0048541,50.7201497],[-2.0047688,50.7201057],[-2.004827,50.720044],[-2.0047596,50.7199911],[-2.0046736,50.7200318],[-2.0046375,50.720114],[-2.0046086,50.720181],[-2.0045269,50.7202265],[-2.0044053,50.7202337],[-2.0043032,50.7202089],[-2.004197,50.7201716],[-2.0042806,50.7201116],[-2.0042304,50.720048],[-2.0043283,50.7200188],[-2.0044481,50.7200228],[-2.0045472,50.7200517],[-2.0045528,50.7199843],[-2.0045541,50.7199142],[-2.004615,50.7198556],[-2.0047202,50.719836],[-2.004828,50.7198707]],[[-2.0045168,50.71915],[-2.0046202,50.7191338],[-2.0045204,50.7191068],[-2.0044453,50.7190506],[-2.0045515,50.7190286],[-2.0046571,50.7190196],[-2.0047633,50.7190299],[-2.0048412,50.7190771],[-2.0049156,50.719127],[-2.004951,50.7191918],[-2.0050311,50.7192372],[-2.005002,50.7191698],[-2.0049673,50.719105],[-2.0048752,50.719069],[-2.0047902,50.7190232],[-2.0047605,50.7189553],[-2.0047647,50.7188852],[-2.004866,50.7188636],[-2.0049786,50.7188618],[-2.0050218,50.7187997],[-2.0051436,50.7187894],[-2.0052272,50.7188424],[-2.0052959,50.718895],[-2.0053391,50.7189575],[-2.0053802,50.7190209],[-2.0054645,50.7190654],[-2.0055006,50.7191324],[-2.005473,50.719199],[-2.0054957,50.7192651],[-2.0055587,50.7193833],[-2.0054412,50.7194229],[-2.0053349,50.7194472],[-2.0052329,50.7194795],[-2.0051196,50.7195317],[-2.0050098,50.7195371],[-2.0049652,50.7196046],[-2.0048809,50.719654],[-2.0048158,50.7197089],[-2.0048611,50.7197826],[-2.0047719,50.7198285],[-2.0046508,50.7198231],[-2.0045375,50.7198442],[-2.0044255,50.7198559],[-2.0044262,50.7197871],[-2.0044397,50.7197107],[-2.0044723,50.7196428],[-2.0043887,50.7196882],[-2.0043781,50.719757],[-2.0043257,50.7198164],[-2.0042017,50.7198299],[-2.00407,50.719851],[-2.0039857,50.7199027],[-2.0039099,50.7199549],[-2.0038341,50.7200048],[-2.0038398,50.7199355],[-2.0037314,50.7199171],[-2.0036209,50.7199185],[-2.0035154,50.7199072],[-2.0034821,50.7198375],[-2.0035473,50.7197737],[-2.0036762,50.7197363],[-2.0037406,50.7196819],[-2.0037718,50.7196158],[-2.0037923,50.7195475],[-2.0038128,50.7194679],[-2.0039226,50.7194405],[-2.004026,50.7194184],[-2.0041294,50.7193892],[-2.004252,50.7193937],[-2.004281,50.7194589],[-2.0041854,50.7194944],[-2.0041295,50.7195542],[-2.004053,50.7196104],[-2.0040487,50.7196779],[-2.0040955,50.7196149],[-2.0041741,50.7195547],[-2.0042732,50.7195254],[-2.0043391,50.7194715],[-2.0044368,50.7194414],[-2.0044871,50.7195066],[-2.0045948,50.7195209],[-2.0045254,50.7194683],[-2.00457,50.7194],[-2.0044609,50.7194184],[-2.0044,50.7193618],[-2.0042945,50.7193537],[-2.0041903,50.7193371],[-2.0042605,50.7192817],[-2.0042463,50.7192013],[-2.0043362,50.7191644],[-2.0044241,50.719114],[-2.0045168,50.71915]],[[-2.0480705,50.7244482],[-2.0479632,50.7249236],[-2.0478774,50.7252768],[-2.0476414,50.7254398],[-2.0467342,50.7256315],[-2.0460664,50.72567],[-2.0458821,50.7259629],[-2.0445576,50.7262743],[-2.0427208,50.7263272],[-2.0420771,50.7260698],[-2.0417107,50.7257252],[-2.0416222,50.7252732],[-2.0425186,50.7253849],[-2.0427915,50.7252464],[-2.0424317,50.725281],[-2.0418266,50.725212],[-2.0417864,50.7250708],[-2.0423351,50.7246779],[-2.0420755,50.7243074],[-2.0421672,50.7242075],[-2.0419881,50.7239535],[-2.0413776,50.7235419],[-2.041398,50.7232971],[-2.0416029,50.7230529],[-2.0419832,50.7228977],[-2.0423357,50.7229629],[-2.0425646,50.7231065],[-2.0425063,50.7234407],[-2.0423518,50.7238397],[-2.0440521,50.7242366],[-2.0442604,50.7247091],[-2.0443844,50.7243682],[-2.0442181,50.7241389],[-2.0425942,50.7237616],[-2.0431049,50.7233579],[-2.0439836,50.7233721],[-2.0447684,50.7231887],[-2.0458708,50.7231337],[-2.0462799,50.7233194],[-2.0465899,50.7232664],[-2.0467616,50.7233887],[-2.0475126,50.72328],[-2.048092,50.7237418],[-2.0479418,50.7242716],[-2.0480705,50.7244482]],[[-2.0534346,50.71447],[-2.0531985,50.7143817],[-2.0530698,50.7143341],[-2.0530912,50.7139945],[-2.0530161,50.7137839],[-2.052823,50.7137227],[-2.0532414,50.713417],[-2.0536277,50.7133015],[-2.0539281,50.7133491],[-2.0541534,50.7135257],[-2.0543572,50.7137295],[-2.0544651,50.7139102],[-2.0544002,50.7140692],[-2.0541856,50.7142051],[-2.0540139,50.7143545],[-2.0538101,50.7144021],[-2.0534346,50.71447]],[[-2.0511606,50.7124224],[-2.0511493,50.712561],[-2.0510533,50.7127214],[-2.0509138,50.7128029],[-2.0506558,50.7127784],[-2.0503661,50.7127037],[-2.0502159,50.7126018],[-2.0501193,50.7122349],[-2.0502052,50.7119768],[-2.0500657,50.7118069],[-2.0499906,50.7116507],[-2.0501086,50.711576],[-2.0502052,50.7115352],[-2.0501623,50.7114537],[-2.0500013,50.7114129],[-2.0500013,50.7112634],[-2.0500442,50.7111479],[-2.0499906,50.7111004],[-2.0500013,50.7109713],[-2.0502159,50.7109102],[-2.050077,50.7108803],[-2.0500979,50.7108083],[-2.0501193,50.7106316],[-2.0499906,50.710455],[-2.0497117,50.710387],[-2.0497546,50.7103194],[-2.0499155,50.7103194],[-2.0505056,50.7104482],[-2.0511922,50.7105773],[-2.0516321,50.7107403],[-2.0517507,50.7109822],[-2.0516648,50.7112335],[-2.0515575,50.7116751],[-2.0515575,50.7118518],[-2.0512781,50.7121195],[-2.0512995,50.7123029],[-2.0511606,50.7124224]],[[-2.0480809,50.7111751],[-2.0479629,50.7111479],[-2.047877,50.7109985],[-2.0477054,50.7109237],[-2.0476195,50.7107199],[-2.0478448,50.710652],[-2.0479092,50.7105229],[-2.0477375,50.7104686],[-2.0475444,50.7104074],[-2.0474157,50.7103466],[-2.0476517,50.7102175],[-2.0483491,50.7100069],[-2.0485637,50.7100069],[-2.0485529,50.7101156],[-2.0484998,50.7102213],[-2.0482633,50.7102719],[-2.0483067,50.7103368],[-2.0484784,50.7103911],[-2.0485637,50.7104482],[-2.0485213,50.7106153],[-2.0483496,50.710758],[-2.0483496,50.7109074],[-2.0482418,50.7110596],[-2.0480809,50.7111751]],[[-2.0717608,50.6900016],[-2.0716739,50.6898955],[-2.0716142,50.6898838],[-2.0715536,50.6898558],[-2.0715285,50.6897901],[-2.0714671,50.689726],[-2.0714597,50.6896748],[-2.0716028,50.6896435],[-2.0716504,50.6895956],[-2.0717793,50.6895662],[-2.0718903,50.6895661],[-2.071988,50.6895401],[-2.0720741,50.689492],[-2.0721518,50.689457],[-2.0722644,50.6894442],[-2.0723026,50.6894983],[-2.0722933,50.6895628],[-2.0723395,50.6895871],[-2.0723528,50.6896531],[-2.0723297,50.6897156],[-2.0723208,50.6897618],[-2.0722848,50.6897722],[-2.0722474,50.6897718],[-2.0722309,50.6897844],[-2.072244,50.689806],[-2.0722338,50.6898322],[-2.0721991,50.6898611],[-2.0721677,50.6898879],[-2.0721722,50.6899388],[-2.0721285,50.6899862],[-2.0721196,50.6900259],[-2.0721046,50.6900411],[-2.0721205,50.6900624],[-2.0721618,50.6900758],[-2.0722091,50.6900723],[-2.0722451,50.6901038],[-2.0723095,50.690127],[-2.072325,50.6901487],[-2.0723199,50.690164],[-2.072318,50.6901815],[-2.0723265,50.6901983],[-2.0723394,50.6902153],[-2.0723681,50.6902263],[-2.0724147,50.6902278],[-2.0724583,50.6902221],[-2.0724965,50.6902338],[-2.0725417,50.6902671],[-2.0725498,50.6902925],[-2.0725401,50.690324],[-2.072538,50.6903427],[-2.0725418,50.6903565],[-2.0725706,50.6903677],[-2.0726008,50.6903659],[-2.072642,50.6903545],[-2.0726815,50.6903623],[-2.0727446,50.6903967],[-2.0727879,50.6904344],[-2.0728185,50.6904659],[-2.0728434,50.690479],[-2.0728683,50.6904777],[-2.0729203,50.6904381],[-2.0729475,50.6904394],[-2.0729343,50.6904676],[-2.0729373,50.6904948],[-2.0729217,50.6905203],[-2.0728576,50.6905459],[-2.072798,50.6905745],[-2.0727531,50.6906009],[-2.0726934,50.690615],[-2.0725793,50.6906737],[-2.0725684,50.6907505],[-2.072573,50.6907867],[-2.0726011,50.6908128],[-2.0726119,50.6908585],[-2.0725985,50.6909043],[-2.0725717,50.6909488],[-2.0725317,50.6909992],[-2.0725092,50.6910352],[-2.0725157,50.6910664],[-2.0725601,50.6910728],[-2.0725739,50.6911053],[-2.0726093,50.6911558],[-2.0726779,50.6912019],[-2.0727283,50.6912419],[-2.0727349,50.6912859],[-2.0727278,50.691312],[-2.0727303,50.6913319],[-2.0727569,50.6913191],[-2.0728637,50.6912712],[-2.0729971,50.6912341],[-2.073104,50.6911877],[-2.073195,50.6911217],[-2.0732626,50.6910773],[-2.0733177,50.6910645],[-2.0733492,50.6910786],[-2.0734091,50.6910895],[-2.0734386,50.6911244],[-2.0734326,50.6911697],[-2.0734205,50.6912014],[-2.0734443,50.691237],[-2.0735106,50.6912638],[-2.0735723,50.6912788],[-2.0735951,50.6913037],[-2.0736014,50.6913323],[-2.0736248,50.6913576],[-2.0736855,50.6913658],[-2.0736776,50.6914001],[-2.0737008,50.6914509],[-2.0737507,50.6914388],[-2.073808,50.6914649],[-2.0738653,50.6915294],[-2.0739497,50.691566],[-2.0740212,50.6915817],[-2.0740792,50.6916303],[-2.0741135,50.6916697],[-2.0741888,50.6916888],[-2.0742635,50.6916906],[-2.0742677,50.6917355],[-2.0742826,50.6917804],[-2.0742425,50.691849],[-2.0741958,50.691913],[-2.0740969,50.6919544],[-2.0740201,50.6920116],[-2.0739605,50.6920565],[-2.0738851,50.6920771],[-2.0738538,50.6921188],[-2.0738148,50.6921567],[-2.0736483,50.6924877],[-2.0736047,50.6924966],[-2.0735166,50.6924711],[-2.0734513,50.6924256],[-2.0733474,50.692399],[-2.073221,50.6923761],[-2.0731533,50.6923848],[-2.0730654,50.692381],[-2.0730018,50.6923368],[-2.072996,50.6922869],[-2.0730577,50.6922457],[-2.0731004,50.6922107],[-2.0731122,50.6921388],[-2.0731755,50.6919743],[-2.0732299,50.6918864],[-2.0732329,50.6918202],[-2.073169,50.6917638],[-2.0730775,50.6917203],[-2.0729423,50.6916918],[-2.072864,50.691665],[-2.0727964,50.6916373],[-2.0726971,50.6916318],[-2.0726217,50.6916521],[-2.0725506,50.6916651],[-2.0724907,50.6916361],[-2.0724122,50.6916081],[-2.0723414,50.6915888],[-2.0723099,50.6915555],[-2.0723362,50.6915222],[-2.072328,50.6914556],[-2.0722904,50.6913955],[-2.0721893,50.6912811],[-2.0721281,50.6912278],[-2.0720809,50.6912319],[-2.0720633,50.6912022],[-2.072094,50.6911682],[-2.0720973,50.691062],[-2.0721339,50.690989],[-2.0721947,50.6908976],[-2.0722646,50.690813],[-2.0723661,50.6906682],[-2.0724198,50.6906064],[-2.0724524,50.6904147],[-2.0723928,50.6903506],[-2.0723365,50.6903198],[-2.0723144,50.6902899],[-2.07227,50.6902904],[-2.0722432,50.690307],[-2.0722177,50.6903181],[-2.0721716,50.6903276],[-2.0721345,50.6902899],[-2.0720694,50.6902729],[-2.0720272,50.6902062],[-2.0718934,50.690122],[-2.0718265,50.6901168],[-2.0717839,50.6901011],[-2.0717691,50.6900661],[-2.0717608,50.6900016]],[[-2.0173952,50.6845456],[-2.0182176,50.6847418],[-2.0185453,50.685148],[-2.0185546,50.6853097],[-2.0186969,50.6854411],[-2.0188879,50.6854772],[-2.018924,50.6856006],[-2.0188514,50.6859253],[-2.0192135,50.6862634],[-2.0193717,50.686448],[-2.0195988,50.6866311],[-2.0195506,50.6868056],[-2.0196022,50.6870106],[-2.0196424,50.6870979],[-2.0197465,50.6873369],[-2.0199407,50.6874854],[-2.0199005,50.6876169],[-2.0200545,50.6878121],[-2.0200505,50.6878323],[-2.0200478,50.687846],[-2.0201993,50.6879033],[-2.0202634,50.6880012],[-2.0202547,50.688088],[-2.0201118,50.688088],[-2.0200885,50.6881988],[-2.0201917,50.6883149],[-2.0201789,50.6883945],[-2.0200048,50.6884968],[-2.0194572,50.6890297],[-2.0192947,50.6900157],[-2.0192761,50.6901101],[-2.0192317,50.6903349],[-2.0190867,50.6905461],[-2.019058,50.6908374],[-2.0195965,50.6914232],[-2.019799,50.6916861],[-2.019942,50.6919912],[-2.0201195,50.6922811],[-2.0204464,50.6924704],[-2.0211357,50.6928573],[-2.0212227,50.6930877],[-2.0215233,50.6933382],[-2.0220848,50.6936538],[-2.0217368,50.6935586],[-2.0213967,50.6934234],[-2.0211278,50.6933633],[-2.0209855,50.6934584],[-2.0199514,50.6940975],[-2.019475,50.6941862],[-2.0189987,50.6940442],[-2.0187839,50.6939259],[-2.0185504,50.6938786],[-2.0185224,50.6936597],[-2.0186344,50.6934703],[-2.018485,50.6931508],[-2.0184383,50.6928846],[-2.018018,50.6926538],[-2.0178312,50.6924172],[-2.017523,50.6921095],[-2.0167478,50.6916421],[-2.0159539,50.6913758],[-2.0155709,50.6914468],[-2.015272,50.6909971],[-2.0151973,50.6905534],[-2.0153453,50.6902768],[-2.0155709,50.689938],[-2.0158324,50.6899143],[-2.0160777,50.6896743],[-2.0162247,50.6895382],[-2.0164582,50.6893581],[-2.016561,50.6891865],[-2.0168593,50.6891964],[-2.0175043,50.6893345],[-2.0177752,50.6892457],[-2.0173829,50.6892457],[-2.0170747,50.68908],[-2.0169532,50.6890386],[-2.016673,50.6890268],[-2.0163648,50.6889084],[-2.016322,50.688778],[-2.0161559,50.688738],[-2.0160137,50.6888333],[-2.0158145,50.6887998],[-2.015725,50.6888281],[-2.0156681,50.6887921],[-2.015725,50.6887097],[-2.0155868,50.6886427],[-2.015473,50.6886504],[-2.0154933,50.6884959],[-2.0153591,50.6884109],[-2.0152656,50.6883001],[-2.0151152,50.6883079],[-2.0150339,50.6882332],[-2.0149241,50.6882409],[-2.0147656,50.6881121],[-2.0144688,50.6880477],[-2.0142452,50.6880864],[-2.01405,50.6878082],[-2.0140907,50.6874321],[-2.0139998,50.6873362],[-2.014196,50.686742],[-2.0144221,50.6862279],[-2.0144501,50.685719],[-2.0144595,50.6853698],[-2.0147795,50.6851415],[-2.0152397,50.6849494],[-2.0159806,50.6848862],[-2.0165462,50.6849131],[-2.0166585,50.6847174],[-2.016949,50.6846004],[-2.0173952,50.6845456]],[[-2.0099713,50.6831997],[-2.0102991,50.6831243],[-2.0103998,50.6831625],[-2.0103918,50.6832724],[-2.0106023,50.6833168],[-2.0107785,50.6832228],[-2.0112002,50.6833798],[-2.01171,50.6836676],[-2.0110521,50.6839553],[-2.0102296,50.6837581],[-2.009693,50.6836558],[-2.0099177,50.6833956],[-2.0099713,50.6831997]],[[-2.0091754,50.68375],[-2.0093621,50.6838483],[-2.0094982,50.6840619],[-2.0092322,50.6841469],[-2.0090902,50.6843149],[-2.0086842,50.6844389],[-2.0082772,50.6845649],[-2.0080672,50.6843277],[-2.0082882,50.6840519],[-2.0089602,50.6839699],[-2.0091754,50.68375]],[[-2.0050891,50.6836625],[-2.0056758,50.6837287],[-2.0057164,50.684046],[-2.0060781,50.6842217],[-2.0064876,50.6843806],[-2.0066842,50.6847434],[-2.0058988,50.6847649],[-2.0052925,50.6847142],[-2.0050167,50.6846348],[-2.0051867,50.684344],[-2.0050891,50.6836625]],[[-2.0052278,50.6792614],[-2.0057709,50.6794401],[-2.0062294,50.6799745],[-2.0058457,50.6801981],[-2.005257,50.6805141],[-2.0049749,50.6799534],[-2.0052278,50.6792614]],[[-1.9936261,50.6777072],[-1.9940263,50.677781],[-1.9941721,50.6778675],[-1.9944061,50.677957],[-1.9949402,50.6783603],[-1.99528,50.6788951],[-1.9955848,50.6795625],[-1.9956994,50.6798193],[-1.9957202,50.6799942],[-1.995841,50.6802369],[-1.99597,50.6804725],[-1.9958714,50.6806987],[-1.9955541,50.6809783],[-1.9950917,50.6809277],[-1.9950598,50.6806756],[-1.9946894,50.6806438],[-1.994157,50.6806467],[-1.993339,50.6806261],[-1.993017,50.6805827],[-1.9927052,50.6806711],[-1.992687,50.6806773],[-1.9923692,50.6807855],[-1.9921711,50.6807514],[-1.9916651,50.6808921],[-1.9915825,50.6808729],[-1.99136,50.6808214],[-1.9911478,50.6807276],[-1.990856,50.680693],[-1.9902873,50.6803379],[-1.9899419,50.6797165],[-1.9899204,50.679089],[-1.9899762,50.6785431],[-1.9903174,50.6782423],[-1.990768,50.6780655],[-1.9909182,50.6778877],[-1.9911435,50.677814],[-1.9917572,50.6777392],[-1.9925618,50.6776454],[-1.9929266,50.677678],[-1.9936261,50.6777072]],[[-1.9880991,50.6819996],[-1.988515,50.6818997],[-1.988731,50.6819316],[-1.9891103,50.682063],[-1.9896817,50.6822468],[-1.9898172,50.6825385],[-1.9898758,50.6829578],[-1.9897719,50.6836163],[-1.9893854,50.684027],[-1.9888424,50.6841167],[-1.9884799,50.6841766],[-1.9879383,50.6842906],[-1.9876161,50.684272],[-1.9875577,50.6842861],[-1.9872766,50.6843537],[-1.986735,50.6844083],[-1.9861934,50.6844272],[-1.985846,50.6843698],[-1.9856469,50.6843575],[-1.9853726,50.6843405],[-1.9845503,50.6841744],[-1.9842714,50.6842369],[-1.9840716,50.6843023],[-1.9839034,50.6843773],[-1.9837095,50.684406],[-1.9835486,50.6843831],[-1.9832978,50.6843261],[-1.9830564,50.6843176],[-1.982869,50.6842975],[-1.9827144,50.6842616],[-1.9825615,50.6842922],[-1.98241,50.684304],[-1.9822638,50.6842981],[-1.9820703,50.6843094],[-1.9817957,50.6843984],[-1.9816576,50.6844867],[-1.9815518,50.6845714],[-1.981447,50.6846465],[-1.981333,50.6846958],[-1.981177,50.6847357],[-1.9810246,50.6847884],[-1.9811064,50.6846924],[-1.9811842,50.6845173],[-1.9811738,50.6843493],[-1.9810857,50.6841198],[-1.9808925,50.6835797],[-1.9808257,50.6832709],[-1.980831,50.6829545],[-1.9810377,50.6827746],[-1.981372,50.6825625],[-1.9816289,50.6824522],[-1.9818339,50.6823408],[-1.9822804,50.6821919],[-1.9824801,50.6820299],[-1.9826938,50.6818997],[-1.9828316,50.6819499],[-1.9829408,50.6819014],[-1.9828153,50.6817161],[-1.9833057,50.6819043],[-1.9837099,50.6819628],[-1.9842526,50.6819994],[-1.9849939,50.6819974],[-1.9854547,50.6820004],[-1.9859037,50.682014],[-1.9866173,50.6819193],[-1.9872282,50.6819233],[-1.9875381,50.6820168],[-1.9880991,50.6819996]],[[-1.9604106,50.6952816],[-1.9597275,50.6952391],[-1.9594024,50.6952188],[-1.9587385,50.6951822],[-1.9582189,50.6950542],[-1.9579591,50.6948256],[-1.9575778,50.6944127],[-1.9573187,50.6939734],[-1.9570719,50.693432],[-1.9567954,50.6928607],[-1.956591,50.6925634],[-1.95625,50.6922188],[-1.9561251,50.6919519],[-1.9559962,50.6914518],[-1.9559588,50.691321],[-1.9558678,50.6910025],[-1.9559096,50.6907843],[-1.956076,50.6903944],[-1.9561484,50.6901837],[-1.9561754,50.6899505],[-1.9562693,50.6895802],[-1.9563093,50.6895034],[-1.9563873,50.6893265],[-1.9564268,50.689247],[-1.9564531,50.6891455],[-1.9564697,50.6890189],[-1.9564126,50.689021],[-1.9564123,50.6889885],[-1.956412,50.6889547],[-1.9563724,50.688953],[-1.9563694,50.6889635],[-1.9561585,50.6889486],[-1.9561743,50.6888861],[-1.9561911,50.6888103],[-1.9565256,50.6888259],[-1.9569165,50.6886103],[-1.9569279,50.6885937],[-1.9569485,50.688564],[-1.9569595,50.6884755],[-1.9569382,50.6883942],[-1.9568844,50.6883561],[-1.9568464,50.688323],[-1.9568893,50.6883022],[-1.9569437,50.6882747],[-1.9570065,50.688244],[-1.9577379,50.6879505],[-1.9582235,50.6878451],[-1.958717,50.6876323],[-1.9591989,50.6873454],[-1.9603923,50.686545],[-1.9615558,50.686286],[-1.9629675,50.6862398],[-1.9632781,50.6861925],[-1.9639722,50.6862197],[-1.9647226,50.6861414],[-1.9661047,50.6861371],[-1.9669117,50.6861075],[-1.967631,50.6861642],[-1.9689717,50.6862398],[-1.9700689,50.6863358],[-1.9704068,50.68624],[-1.9709323,50.6864745],[-1.9714488,50.6866045],[-1.9720798,50.6867802],[-1.9737743,50.6871273],[-1.975238,50.6872419],[-1.9759296,50.6872276],[-1.9767272,50.6871798],[-1.9775198,50.6871411],[-1.978601,50.687084],[-1.9793986,50.6870545],[-1.9800191,50.6869844],[-1.9804899,50.68698],[-1.9810673,50.6870076],[-1.9814133,50.6870628],[-1.9817019,50.6871633],[-1.9819473,50.6871633],[-1.9821638,50.6870628],[-1.9824184,50.6869969],[-1.982669,50.6870902],[-1.9829567,50.6872423],[-1.9832463,50.6872274],[-1.9834628,50.6870719],[-1.9835927,50.6870536],[-1.9836347,50.687218],[-1.9838845,50.6873216],[-1.9841201,50.6875808],[-1.9842711,50.687904],[-1.984803,50.6880579],[-1.9849299,50.6882137],[-1.985519,50.688812],[-1.9859254,50.6893371],[-1.986303,50.6898349],[-1.9866527,50.69036],[-1.987183,50.691132],[-1.9875616,50.6915647],[-1.9877759,50.6918826],[-1.9878608,50.6921805],[-1.9878679,50.6924135],[-1.9876102,50.692482],[-1.9872262,50.6927925],[-1.9869431,50.6932339],[-1.9865784,50.693751],[-1.9861073,50.6941341],[-1.9856607,50.6945333],[-1.9853846,50.694831],[-1.9851659,50.6948622],[-1.9848663,50.6947143],[-1.98458,50.694622],[-1.9844403,50.6946412],[-1.984076,50.6946911],[-1.9834285,50.6947834],[-1.9829525,50.6949831],[-1.9823194,50.6951758],[-1.98184,50.6954697],[-1.9814765,50.6956286],[-1.9813432,50.6956808],[-1.9813048,50.6957018],[-1.9808054,50.6959756],[-1.9802809,50.6962011],[-1.9795544,50.696444],[-1.9788586,50.6966816],[-1.9777611,50.6969003],[-1.9769481,50.6969664],[-1.9762606,50.6971296],[-1.9756688,50.6971844],[-1.974976,50.6973124],[-1.9744275,50.6973764],[-1.9738791,50.6974587],[-1.9732823,50.6973989],[-1.9728788,50.6972163],[-1.9724233,50.6968491],[-1.9718523,50.6965486],[-1.9712378,50.6963526],[-1.9706535,50.6961646],[-1.9702697,50.6960673],[-1.9693967,50.6957363],[-1.9680616,50.695391],[-1.966194,50.6950804],[-1.9652438,50.6949176],[-1.9648613,50.6948521],[-1.9640821,50.6948939],[-1.962824,50.6951136],[-1.9617655,50.6952477],[-1.9604106,50.6952816]],[[-1.9786334,50.6665823],[-1.9782656,50.6660475],[-1.9779952,50.6658898],[-1.9782223,50.6658007],[-1.9780384,50.6656979],[-1.9783197,50.6656156],[-1.9789254,50.6655607],[-1.9791526,50.6654373],[-1.9794555,50.6654373],[-1.9798773,50.6654922],[-1.9801369,50.6655745],[-1.9803208,50.6656979],[-1.9805804,50.6658418],[-1.9805956,50.6661449],[-1.9803187,50.6662765],[-1.9799812,50.6661943],[-1.9797735,50.6664246],[-1.9794879,50.6663972],[-1.9793581,50.6665412],[-1.979131,50.6665275],[-1.9789471,50.6665823],[-1.9786334,50.6665823]]]}}]}