{"type":"FeatureCollection","features":[{"type":"Feature","properties":{"n":1142,"res":2000},"geometry":{"type":"Point","coordinates":[-5.673894,50.02964]}},{"type":"Feature","properties":{"n":337,"res":2000},"geometry":{"type":"Point","coordinates":[-5.712453,50.118896]}},{"type":"Feature","properties":{"n":249,"res":2000},"geometry":{"type":"Point","coordinates":[-5.707007,50.084981]}},{"type":"Feature","properties":{"n":171,"res":2000},"geometry":{"type":"Point","coordinates":[-5.645629,50.031532]}},{"type":"Feature","properties":{"n":131,"res":2000},"geometry":{"type":"Point","coordinates":[-5.644227,50.042232]}},{"type":"Feature","properties":{"n":124,"res":2000},"geometry":{"type":"Point","coordinates":[-5.712222,50.057276]}},{"type":"Feature","properties":{"n":111,"res":2000},"geometry":{"type":"Point","coordinates":[-5.800856,50.224761]}},{"type":"Feature","properties":{"n":101,"res":2000},"geometry":{"type":"Point","coordinates":[-5.687915,50.158894]}},{"type":"Feature","properties":{"n":82,"res":2000},"geometry":{"type":"Point","coordinates":[-5.56197,50.051091]}},{"type":"Feature","properties":{"n":74,"res":2000},"geometry":{"type":"Point","coordinates":[-5.805148,50.278602]}},{"type":"Feature","properties":{"n":63,"res":2000},"geometry":{"type":"Point","coordinates":[-5.160623,50.003557]}},{"type":"Feature","properties":{"n":61,"res":2000},"geometry":{"type":"Point","coordinates":[-5.16447,49.990971]}},{"type":"Feature","properties":{"n":60,"res":2000},"geometry":{"type":"Point","coordinates":[-5.672404,50.012972]}},{"type":"Feature","properties":{"n":56,"res":2000},"geometry":{"type":"Point","coordinates":[-5.732292,50.065041]}},{"type":"Feature","properties":{"n":50,"res":2000},"geometry":{"type":"Point","coordinates":[-5.083494,50.026582]}},{"type":"Feature","properties":{"n":50,"res":2000},"geometry":{"type":"Point","coordinates":[-4.927575,50.593922]}},{"type":"Feature","properties":{"n":49,"res":2000},"geometry":{"type":"Point","coordinates":[-5.701641,50.030036]}},{"type":"Feature","properties":{"n":47,"res":2000},"geometry":{"type":"Point","coordinates":[-5.617609,50.045318]}},{"type":"Feature","properties":{"n":47,"res":2000},"geometry":{"type":"Point","coordinates":[-5.193069,49.954211]}},{"type":"Feature","properties":{"n":46,"res":2000},"geometry":{"type":"Point","coordinates":[-5.535746,50.053209]}},{"type":"Feature","properties":{"n":44,"res":2000},"geometry":{"type":"Point","coordinates":[-5.711282,50.138352]}},{"type":"Feature","properties":{"n":44,"res":2000},"geometry":{"type":"Point","coordinates":[-5.660328,50.165359]}},{"type":"Feature","properties":{"n":42,"res":2000},"geometry":{"type":"Point","coordinates":[-5.535395,50.106249]}},{"type":"Feature","properties":{"n":42,"res":2000},"geometry":{"type":"Point","coordinates":[-5.222377,49.953913]}},{"type":"Feature","properties":{"n":36,"res":2000},"geometry":{"type":"Point","coordinates":[-5.530872,50.089388]}},{"type":"Feature","properties":{"n":36,"res":2000},"geometry":{"type":"Point","coordinates":[-5.183845,49.972415]}},{"type":"Feature","properties":{"n":35,"res":2000},"geometry":{"type":"Point","coordinates":[-5.708856,50.101573]}},{"type":"Feature","properties":{"n":35,"res":2000},"geometry":{"type":"Point","coordinates":[-5.463459,50.217384]}},{"type":"Feature","properties":{"n":34,"res":2000},"geometry":{"type":"Point","coordinates":[-5.779988,50.315412]}},{"type":"Feature","properties":{"n":34,"res":2000},"geometry":{"type":"Point","coordinates":[-5.59098,50.047217]}},{"type":"Feature","properties":{"n":31,"res":2000},"geometry":{"type":"Point","coordinates":[-5.61804,50.032676]}},{"type":"Feature","properties":{"n":31,"res":2000},"geometry":{"type":"Point","coordinates":[-5.055738,50.048008]}},{"type":"Feature","properties":{"n":30,"res":2000},"geometry":{"type":"Point","coordinates":[-5.562114,50.061887]}},{"type":"Feature","properties":{"n":30,"res":2000},"geometry":{"type":"Point","coordinates":[-5.058693,50.030493]}},{"type":"Feature","properties":{"n":30,"res":2000},"geometry":{"type":"Point","coordinates":[-3.72614,50.200216]}},{"type":"Feature","properties":{"n":29,"res":2000},"geometry":{"type":"Point","coordinates":[-5.483995,50.108609]}},{"type":"Feature","properties":{"n":29,"res":2000},"geometry":{"type":"Point","coordinates":[-5.427012,50.091999]}},{"type":"Feature","properties":{"n":28,"res":2000},"geometry":{"type":"Point","coordinates":[-3.755361,50.214828]}},{"type":"Feature","properties":{"n":27,"res":2000},"geometry":{"type":"Point","coordinates":[-5.533964,50.070136]}},{"type":"Feature","properties":{"n":25,"res":2000},"geometry":{"type":"Point","coordinates":[-5.704229,50.047162]}},{"type":"Feature","properties":{"n":25,"res":2000},"geometry":{"type":"Point","coordinates":[-3.780856,50.201342]}},{"type":"Feature","properties":{"n":24,"res":2000},"geometry":{"type":"Point","coordinates":[-5.117172,50.004573]}},{"type":"Feature","properties":{"n":24,"res":2000},"geometry":{"type":"Point","coordinates":[-5.037757,50.138933]}},{"type":"Feature","properties":{"n":23,"res":2000},"geometry":{"type":"Point","coordinates":[-5.751959,50.316322]}},{"type":"Feature","properties":{"n":22,"res":2000},"geometry":{"type":"Point","coordinates":[-4.093552,50.304051]}},{"type":"Feature","properties":{"n":21,"res":2000},"geometry":{"type":"Point","coordinates":[-5.510486,50.089963]}},{"type":"Feature","properties":{"n":21,"res":2000},"geometry":{"type":"Point","coordinates":[-5.603153,50.195977]}},{"type":"Feature","properties":{"n":21,"res":2000},"geometry":{"type":"Point","coordinates":[-4.954156,50.591224]}},{"type":"Feature","properties":{"n":20,"res":2000},"geometry":{"type":"Point","coordinates":[-5.491019,50.221249]}},{"type":"Feature","properties":{"n":20,"res":2000},"geometry":{"type":"Point","coordinates":[-5.083782,50.42679]}},{"type":"Feature","properties":{"n":20,"res":2000},"geometry":{"type":"Point","coordinates":[-3.776009,50.218289]}},{"type":"Feature","properties":{"n":20,"res":2000},"geometry":{"type":"Point","coordinates":[-3.752863,50.201788]}},{"type":"Feature","properties":{"n":19,"res":2000},"geometry":{"type":"Point","coordinates":[-5.063521,50.137232]}},{"type":"Feature","properties":{"n":19,"res":2000},"geometry":{"type":"Point","coordinates":[-4.256084,50.175111]}},{"type":"Feature","properties":{"n":18,"res":2000},"geometry":{"type":"Point","coordinates":[-5.697289,50.336069]}},{"type":"Feature","properties":{"n":18,"res":2000},"geometry":{"type":"Point","coordinates":[-5.064979,50.120585]}},{"type":"Feature","properties":{"n":18,"res":2000},"geometry":{"type":"Point","coordinates":[-4.953258,50.573934]}},{"type":"Feature","properties":{"n":18,"res":2000},"geometry":{"type":"Point","coordinates":[-4.840375,50.599173]}},{"type":"Feature","properties":{"n":18,"res":2000},"geometry":{"type":"Point","coordinates":[-4.814254,50.599815]}},{"type":"Feature","properties":{"n":17,"res":2000},"geometry":{"type":"Point","coordinates":[-5.760176,50.06414]}},{"type":"Feature","properties":{"n":16,"res":2000},"geometry":{"type":"Point","coordinates":[-5.684828,50.174547]}},{"type":"Feature","properties":{"n":16,"res":2000},"geometry":{"type":"Point","coordinates":[-5.167195,49.973877]}},{"type":"Feature","properties":{"n":16,"res":2000},"geometry":{"type":"Point","coordinates":[-5.032502,50.049472]}},{"type":"Feature","properties":{"n":16,"res":2000},"geometry":{"type":"Point","coordinates":[-4.759839,50.322517]}},{"type":"Feature","properties":{"n":16,"res":2000},"geometry":{"type":"Point","coordinates":[-3.477979,50.403906]}},{"type":"Feature","properties":{"n":15,"res":2000},"geometry":{"type":"Point","coordinates":[-5.59017,50.033543]}},{"type":"Feature","properties":{"n":15,"res":2000},"geometry":{"type":"Point","coordinates":[-5.562298,50.034403]}},{"type":"Feature","properties":{"n":15,"res":2000},"geometry":{"type":"Point","coordinates":[-5.529147,50.120205]}},{"type":"Feature","properties":{"n":15,"res":2000},"geometry":{"type":"Point","coordinates":[-5.011059,50.138145]}},{"type":"Feature","properties":{"n":15,"res":2000},"geometry":{"type":"Point","coordinates":[-4.956535,50.177362]}},{"type":"Feature","properties":{"n":15,"res":2000},"geometry":{"type":"Point","coordinates":[-4.709739,50.691312]}},{"type":"Feature","properties":{"n":15,"res":2000},"geometry":{"type":"Point","coordinates":[-3.868798,50.234688]}},{"type":"Feature","properties":{"n":14,"res":2000},"geometry":{"type":"Point","coordinates":[-5.398877,50.093178]}},{"type":"Feature","properties":{"n":14,"res":2000},"geometry":{"type":"Point","coordinates":[-5.037043,50.12132]}},{"type":"Feature","properties":{"n":14,"res":2000},"geometry":{"type":"Point","coordinates":[-4.954231,50.194143]}},{"type":"Feature","properties":{"n":14,"res":2000},"geometry":{"type":"Point","coordinates":[-4.931271,50.195123]}},{"type":"Feature","properties":{"n":14,"res":2000},"geometry":{"type":"Point","coordinates":[-4.934891,50.735632]}},{"type":"Feature","properties":{"n":14,"res":2000},"geometry":{"type":"Point","coordinates":[-4.628411,50.323689]}},{"type":"Feature","properties":{"n":13,"res":2000},"geometry":{"type":"Point","coordinates":[-5.511799,50.107917]}},{"type":"Feature","properties":{"n":13,"res":2000},"geometry":{"type":"Point","coordinates":[-5.316528,50.075222]}},{"type":"Feature","properties":{"n":13,"res":2000},"geometry":{"type":"Point","coordinates":[-5.089048,50.099559]}},{"type":"Feature","properties":{"n":13,"res":2000},"geometry":{"type":"Point","coordinates":[-5.059249,50.068004]}},{"type":"Feature","properties":{"n":13,"res":2000},"geometry":{"type":"Point","coordinates":[-4.972173,50.176586]}},{"type":"Feature","properties":{"n":12,"res":2000},"geometry":{"type":"Point","coordinates":[-5.644548,50.013852]}},{"type":"Feature","properties":{"n":12,"res":2000},"geometry":{"type":"Point","coordinates":[-5.457321,50.108594]}},{"type":"Feature","properties":{"n":12,"res":2000},"geometry":{"type":"Point","coordinates":[-5.486947,50.122485]}},{"type":"Feature","properties":{"n":12,"res":2000},"geometry":{"type":"Point","coordinates":[-5.335545,49.987171]}},{"type":"Feature","properties":{"n":12,"res":2000},"geometry":{"type":"Point","coordinates":[-4.15141,50.339]}},{"type":"Feature","properties":{"n":11,"res":2000},"geometry":{"type":"Point","coordinates":[-4.93034,50.574883]}},{"type":"Feature","properties":{"n":11,"res":2000},"geometry":{"type":"Point","coordinates":[-4.377215,50.352359]}},{"type":"Feature","properties":{"n":11,"res":2000},"geometry":{"type":"Point","coordinates":[-4.178028,50.320473]}},{"type":"Feature","properties":{"n":11,"res":2000},"geometry":{"type":"Point","coordinates":[-4.150598,50.321026]}},{"type":"Feature","properties":{"n":11,"res":2000},"geometry":{"type":"Point","coordinates":[-3.724204,50.184228]}},{"type":"Feature","properties":{"n":10,"res":2000},"geometry":{"type":"Point","coordinates":[-5.723927,50.317224]}},{"type":"Feature","properties":{"n":10,"res":2000},"geometry":{"type":"Point","coordinates":[-5.465753,49.857396]}},{"type":"Feature","properties":{"n":10,"res":2000},"geometry":{"type":"Point","coordinates":[-5.482579,50.090805]}},{"type":"Feature","properties":{"n":10,"res":2000},"geometry":{"type":"Point","coordinates":[-5.26381,50.012484]}},{"type":"Feature","properties":{"n":10,"res":2000},"geometry":{"type":"Point","coordinates":[-5.246946,50.313694]}},{"type":"Feature","properties":{"n":10,"res":2000},"geometry":{"type":"Point","coordinates":[-5.14135,50.004592]}},{"type":"Feature","properties":{"n":10,"res":2000},"geometry":{"type":"Point","coordinates":[-5.084673,50.011664]}},{"type":"Feature","properties":{"n":10,"res":2000},"geometry":{"type":"Point","coordinates":[-4.928578,50.178083]}},{"type":"Feature","properties":{"n":10,"res":2000},"geometry":{"type":"Point","coordinates":[-4.764643,50.669867]}},{"type":"Feature","properties":{"n":10,"res":2000},"geometry":{"type":"Point","coordinates":[-4.320913,50.353143]}},{"type":"Feature","properties":{"n":10,"res":2000},"geometry":{"type":"Point","coordinates":[-3.507053,50.406006]}},{"type":"Feature","properties":{"n":9,"res":2000},"geometry":{"type":"Point","coordinates":[-5.70026,50.012086]}},{"type":"Feature","properties":{"n":9,"res":2000},"geometry":{"type":"Point","coordinates":[-5.643189,49.995901]}},{"type":"Feature","properties":{"n":9,"res":2000},"geometry":{"type":"Point","coordinates":[-5.730898,50.047092]}},{"type":"Feature","properties":{"n":9,"res":2000},"geometry":{"type":"Point","coordinates":[-5.586456,50.357537]}},{"type":"Feature","properties":{"n":9,"res":2000},"geometry":{"type":"Point","coordinates":[-5.409089,50.23693]}},{"type":"Feature","properties":{"n":9,"res":2000},"geometry":{"type":"Point","coordinates":[-5.263889,50.02388]}},{"type":"Feature","properties":{"n":9,"res":2000},"geometry":{"type":"Point","coordinates":[-5.062625,50.084673]}},{"type":"Feature","properties":{"n":9,"res":2000},"geometry":{"type":"Point","coordinates":[-5.063832,50.102624]}},{"type":"Feature","properties":{"n":9,"res":2000},"geometry":{"type":"Point","coordinates":[-5.06444,50.158621]}},{"type":"Feature","properties":{"n":9,"res":2000},"geometry":{"type":"Point","coordinates":[-4.12174,50.303564]}},{"type":"Feature","properties":{"n":9,"res":2000},"geometry":{"type":"Point","coordinates":[-4.126048,50.320383]}},{"type":"Feature","properties":{"n":9,"res":2000},"geometry":{"type":"Point","coordinates":[-4.15158,50.355431]}},{"type":"Feature","properties":{"n":8,"res":2000},"geometry":{"type":"Point","coordinates":[-5.828831,50.223841]}},{"type":"Feature","properties":{"n":8,"res":2000},"geometry":{"type":"Point","coordinates":[-5.733688,50.08299]}},{"type":"Feature","properties":{"n":8,"res":2000},"geometry":{"type":"Point","coordinates":[-5.736487,50.118888]}},{"type":"Feature","properties":{"n":8,"res":2000},"geometry":{"type":"Point","coordinates":[-5.631051,50.177559]}},{"type":"Feature","properties":{"n":8,"res":2000},"geometry":{"type":"Point","coordinates":[-5.386199,49.913729]}},{"type":"Feature","properties":{"n":8,"res":2000},"geometry":{"type":"Point","coordinates":[-5.374448,50.090978]}},{"type":"Feature","properties":{"n":8,"res":2000},"geometry":{"type":"Point","coordinates":[-5.341778,50.076956]}},{"type":"Feature","properties":{"n":8,"res":2000},"geometry":{"type":"Point","coordinates":[-5.140556,49.992619]}},{"type":"Feature","properties":{"n":8,"res":2000},"geometry":{"type":"Point","coordinates":[-5.130592,50.694556]}},{"type":"Feature","properties":{"n":8,"res":2000},"geometry":{"type":"Point","coordinates":[-5.058113,50.012815]}},{"type":"Feature","properties":{"n":8,"res":2000},"geometry":{"type":"Point","coordinates":[-4.740219,50.325859]}},{"type":"Feature","properties":{"n":8,"res":2000},"geometry":{"type":"Point","coordinates":[-4.737602,50.675129]}},{"type":"Feature","properties":{"n":8,"res":2000},"geometry":{"type":"Point","coordinates":[-4.064818,50.286602]}},{"type":"Feature","properties":{"n":8,"res":2000},"geometry":{"type":"Point","coordinates":[-4.065298,50.296112]}},{"type":"Feature","properties":{"n":8,"res":2000},"geometry":{"type":"Point","coordinates":[-4.03661,50.286271]}},{"type":"Feature","properties":{"n":8,"res":2000},"geometry":{"type":"Point","coordinates":[-3.615232,50.275736]}},{"type":"Feature","properties":{"n":7,"res":2000},"geometry":{"type":"Point","coordinates":[-5.799428,50.206814]}},{"type":"Feature","properties":{"n":7,"res":2000},"geometry":{"type":"Point","coordinates":[-5.671035,49.995022]}},{"type":"Feature","properties":{"n":7,"res":2000},"geometry":{"type":"Point","coordinates":[-5.657119,50.175666]}},{"type":"Feature","properties":{"n":7,"res":2000},"geometry":{"type":"Point","coordinates":[-5.521296,49.85572]}},{"type":"Feature","properties":{"n":7,"res":2000},"geometry":{"type":"Point","coordinates":[-5.61669,50.014725]}},{"type":"Feature","properties":{"n":7,"res":2000},"geometry":{"type":"Point","coordinates":[-5.507862,50.054057]}},{"type":"Feature","properties":{"n":7,"res":2000},"geometry":{"type":"Point","coordinates":[-5.51241,50.121981]}},{"type":"Feature","properties":{"n":7,"res":2000},"geometry":{"type":"Point","coordinates":[-5.436335,50.105114]}},{"type":"Feature","properties":{"n":7,"res":2000},"geometry":{"type":"Point","coordinates":[-5.290777,50.058537]}},{"type":"Feature","properties":{"n":7,"res":2000},"geometry":{"type":"Point","coordinates":[-5.111536,49.975409]}},{"type":"Feature","properties":{"n":7,"res":2000},"geometry":{"type":"Point","coordinates":[-5.112696,49.99337]}},{"type":"Feature","properties":{"n":7,"res":2000},"geometry":{"type":"Point","coordinates":[-5.219133,50.332314]}},{"type":"Feature","properties":{"n":7,"res":2000},"geometry":{"type":"Point","coordinates":[-5.033635,50.067434]}},{"type":"Feature","properties":{"n":7,"res":2000},"geometry":{"type":"Point","coordinates":[-4.955441,50.15941]}},{"type":"Feature","properties":{"n":7,"res":2000},"geometry":{"type":"Point","coordinates":[-5.008132,50.554125]}},{"type":"Feature","properties":{"n":7,"res":2000},"geometry":{"type":"Point","coordinates":[-4.845722,50.198135]}},{"type":"Feature","properties":{"n":7,"res":2000},"geometry":{"type":"Point","coordinates":[-4.89732,50.59318]}},{"type":"Feature","properties":{"n":7,"res":2000},"geometry":{"type":"Point","coordinates":[-4.785627,50.233346]}},{"type":"Feature","properties":{"n":7,"res":2000},"geometry":{"type":"Point","coordinates":[-4.515482,50.3137]}},{"type":"Feature","properties":{"n":7,"res":2000},"geometry":{"type":"Point","coordinates":[-4.205911,50.302]}},{"type":"Feature","properties":{"n":7,"res":2000},"geometry":{"type":"Point","coordinates":[-4.177849,50.30253]}},{"type":"Feature","properties":{"n":7,"res":2000},"geometry":{"type":"Point","coordinates":[-3.640142,50.221134]}},{"type":"Feature","properties":{"n":7,"res":2000},"geometry":{"type":"Point","coordinates":[-3.558931,50.329456]}},{"type":"Feature","properties":{"n":6,"res":2000},"geometry":{"type":"Point","coordinates":[-5.704303,50.785672]}},{"type":"Feature","properties":{"n":6,"res":2000},"geometry":{"type":"Point","coordinates":[-4.827084,50.828246]}},{"type":"Feature","properties":{"n":6,"res":2000},"geometry":{"type":"Point","coordinates":[-5.728114,50.011193]}},{"type":"Feature","properties":{"n":6,"res":2000},"geometry":{"type":"Point","coordinates":[-5.694962,50.142407]}},{"type":"Feature","properties":{"n":6,"res":2000},"geometry":{"type":"Point","coordinates":[-5.509173,50.07201]}},{"type":"Feature","properties":{"n":6,"res":2000},"geometry":{"type":"Point","coordinates":[-5.467039,49.875351]}},{"type":"Feature","properties":{"n":6,"res":2000},"geometry":{"type":"Point","coordinates":[-5.481277,50.072851]}},{"type":"Feature","properties":{"n":6,"res":2000},"geometry":{"type":"Point","coordinates":[-5.436014,50.202446]}},{"type":"Feature","properties":{"n":6,"res":2000},"geometry":{"type":"Point","coordinates":[-5.447443,50.379739]}},{"type":"Feature","properties":{"n":6,"res":2000},"geometry":{"type":"Point","coordinates":[-5.281181,50.00673]}},{"type":"Feature","properties":{"n":6,"res":2000},"geometry":{"type":"Point","coordinates":[-5.227781,49.968469]}},{"type":"Feature","properties":{"n":6,"res":2000},"geometry":{"type":"Point","coordinates":[-5.301848,50.263497]}},{"type":"Feature","properties":{"n":6,"res":2000},"geometry":{"type":"Point","coordinates":[-5.166446,50.352846]}},{"type":"Feature","properties":{"n":6,"res":2000},"geometry":{"type":"Point","coordinates":[-5.038705,50.157572]}},{"type":"Feature","properties":{"n":6,"res":2000},"geometry":{"type":"Point","coordinates":[-4.975884,50.156556]}},{"type":"Feature","properties":{"n":6,"res":2000},"geometry":{"type":"Point","coordinates":[-5.038073,50.554406]}},{"type":"Feature","properties":{"n":6,"res":2000},"geometry":{"type":"Point","coordinates":[-5.04693,50.714766]}},{"type":"Feature","properties":{"n":6,"res":2000},"geometry":{"type":"Point","coordinates":[-4.932923,50.556444]}},{"type":"Feature","properties":{"n":6,"res":2000},"geometry":{"type":"Point","coordinates":[-4.871838,50.59612]}},{"type":"Feature","properties":{"n":6,"res":2000},"geometry":{"type":"Point","coordinates":[-4.673767,50.130261]}},{"type":"Feature","properties":{"n":6,"res":2000},"geometry":{"type":"Point","coordinates":[-4.789561,50.216862]}},{"type":"Feature","properties":{"n":6,"res":2000},"geometry":{"type":"Point","coordinates":[-4.739942,50.308626]}},{"type":"Feature","properties":{"n":6,"res":2000},"geometry":{"type":"Point","coordinates":[-4.734849,50.687236]}},{"type":"Feature","properties":{"n":6,"res":2000},"geometry":{"type":"Point","coordinates":[-4.533999,50.133397]}},{"type":"Feature","properties":{"n":6,"res":2000},"geometry":{"type":"Point","coordinates":[-4.488585,50.32917]}},{"type":"Feature","properties":{"n":6,"res":2000},"geometry":{"type":"Point","coordinates":[-4.432512,50.351047]}},{"type":"Feature","properties":{"n":6,"res":2000},"geometry":{"type":"Point","coordinates":[-4.233972,50.301464]}},{"type":"Feature","properties":{"n":6,"res":2000},"geometry":{"type":"Point","coordinates":[-4.149787,50.303052]}},{"type":"Feature","properties":{"n":6,"res":2000},"geometry":{"type":"Point","coordinates":[-3.924805,50.288004]}},{"type":"Feature","properties":{"n":6,"res":2000},"geometry":{"type":"Point","coordinates":[-3.901436,50.284792]}},{"type":"Feature","properties":{"n":6,"res":2000},"geometry":{"type":"Point","coordinates":[-3.532095,50.330156]}},{"type":"Feature","properties":{"n":5,"res":2000},"geometry":{"type":"Point","coordinates":[-5.802285,50.242708]}},{"type":"Feature","properties":{"n":5,"res":2000},"geometry":{"type":"Point","coordinates":[-5.757368,50.028242]}},{"type":"Feature","properties":{"n":5,"res":2000},"geometry":{"type":"Point","coordinates":[-5.729506,50.029143]}},{"type":"Feature","properties":{"n":5,"res":2000},"geometry":{"type":"Point","coordinates":[-5.458354,50.20289]}},{"type":"Feature","properties":{"n":5,"res":2000},"geometry":{"type":"Point","coordinates":[-5.410352,50.220056]}},{"type":"Feature","properties":{"n":5,"res":2000},"geometry":{"type":"Point","coordinates":[-5.22053,49.936447]}},{"type":"Feature","properties":{"n":5,"res":2000},"geometry":{"type":"Point","coordinates":[-5.285629,50.041929]}},{"type":"Feature","properties":{"n":5,"res":2000},"geometry":{"type":"Point","coordinates":[-5.248714,50.296398]}},{"type":"Feature","properties":{"n":5,"res":2000},"geometry":{"type":"Point","coordinates":[-5.258267,50.493149]}},{"type":"Feature","properties":{"n":5,"res":2000},"geometry":{"type":"Point","coordinates":[-5.084834,49.994115]}},{"type":"Feature","properties":{"n":5,"res":2000},"geometry":{"type":"Point","coordinates":[-5.087762,50.088835]}},{"type":"Feature","properties":{"n":5,"res":2000},"geometry":{"type":"Point","coordinates":[-5.084599,50.119878]}},{"type":"Feature","properties":{"n":5,"res":2000},"geometry":{"type":"Point","coordinates":[-5.035906,50.103358]}},{"type":"Feature","properties":{"n":5,"res":2000},"geometry":{"type":"Point","coordinates":[-4.982233,50.140701]}},{"type":"Feature","properties":{"n":5,"res":2000},"geometry":{"type":"Point","coordinates":[-5.085833,50.443879]}},{"type":"Feature","properties":{"n":5,"res":2000},"geometry":{"type":"Point","coordinates":[-5.009441,50.571817]}},{"type":"Feature","properties":{"n":5,"res":2000},"geometry":{"type":"Point","coordinates":[-5.101132,50.677354]}},{"type":"Feature","properties":{"n":5,"res":2000},"geometry":{"type":"Point","coordinates":[-5.044601,50.678846]}},{"type":"Feature","properties":{"n":5,"res":2000},"geometry":{"type":"Point","coordinates":[-4.900804,50.196311]}},{"type":"Feature","properties":{"n":5,"res":2000},"geometry":{"type":"Point","coordinates":[-4.848239,50.230022]}},{"type":"Feature","properties":{"n":5,"res":2000},"geometry":{"type":"Point","coordinates":[-4.781995,50.269418]}},{"type":"Feature","properties":{"n":5,"res":2000},"geometry":{"type":"Point","coordinates":[-4.78933,50.614622]}},{"type":"Feature","properties":{"n":5,"res":2000},"geometry":{"type":"Point","coordinates":[-4.258628,50.229031]}},{"type":"Feature","properties":{"n":5,"res":2000},"geometry":{"type":"Point","coordinates":[-4.236051,50.319704]}},{"type":"Feature","properties":{"n":5,"res":2000},"geometry":{"type":"Point","coordinates":[-4.127768,50.357103]}},{"type":"Feature","properties":{"n":5,"res":2000},"geometry":{"type":"Point","coordinates":[-4.00853,50.287477]}},{"type":"Feature","properties":{"n":5,"res":2000},"geometry":{"type":"Point","coordinates":[-3.615841,50.293715]}},{"type":"Feature","properties":{"n":4,"res":2000},"geometry":{"type":"Point","coordinates":[-4.386013,51.089935]}},{"type":"Feature","properties":{"n":4,"res":2000},"geometry":{"type":"Point","coordinates":[-6.189217,50.175395]}},{"type":"Feature","properties":{"n":4,"res":2000},"geometry":{"type":"Point","coordinates":[-5.803716,50.260655]}},{"type":"Feature","properties":{"n":4,"res":2000},"geometry":{"type":"Point","coordinates":[-5.762989,50.100037]}},{"type":"Feature","properties":{"n":4,"res":2000},"geometry":{"type":"Point","coordinates":[-5.690851,50.090104]}},{"type":"Feature","properties":{"n":4,"res":2000},"geometry":{"type":"Point","coordinates":[-5.493525,49.856561]}},{"type":"Feature","properties":{"n":4,"res":2000},"geometry":{"type":"Point","coordinates":[-5.577637,50.200665]}},{"type":"Feature","properties":{"n":4,"res":2000},"geometry":{"type":"Point","coordinates":[-5.478677,50.036943]}},{"type":"Feature","properties":{"n":4,"res":2000},"geometry":{"type":"Point","coordinates":[-5.454672,50.09164]}},{"type":"Feature","properties":{"n":4,"res":2000},"geometry":{"type":"Point","coordinates":[-5.392568,50.399347]}},{"type":"Feature","properties":{"n":4,"res":2000},"geometry":{"type":"Point","coordinates":[-5.277398,49.952844]}},{"type":"Feature","properties":{"n":4,"res":2000},"geometry":{"type":"Point","coordinates":[-5.278619,49.970803]}},{"type":"Feature","properties":{"n":4,"res":2000},"geometry":{"type":"Point","coordinates":[-5.282289,50.024677]}},{"type":"Feature","properties":{"n":4,"res":2000},"geometry":{"type":"Point","coordinates":[-5.192704,49.937216]}},{"type":"Feature","properties":{"n":4,"res":2000},"geometry":{"type":"Point","coordinates":[-5.139386,49.974658]}},{"type":"Feature","properties":{"n":4,"res":2000},"geometry":{"type":"Point","coordinates":[-5.006853,50.086123]}},{"type":"Feature","properties":{"n":4,"res":2000},"geometry":{"type":"Point","coordinates":[-5.007978,50.104086]}},{"type":"Feature","properties":{"n":4,"res":2000},"geometry":{"type":"Point","coordinates":[-5.04209,50.192704]}},{"type":"Feature","properties":{"n":4,"res":2000},"geometry":{"type":"Point","coordinates":[-5.090164,50.405744]}},{"type":"Feature","properties":{"n":4,"res":2000},"geometry":{"type":"Point","coordinates":[-5.062862,50.429917]}},{"type":"Feature","properties":{"n":4,"res":2000},"geometry":{"type":"Point","coordinates":[-4.998899,50.54297]}},{"type":"Feature","properties":{"n":4,"res":2000},"geometry":{"type":"Point","coordinates":[-4.981237,50.572543]}},{"type":"Feature","properties":{"n":4,"res":2000},"geometry":{"type":"Point","coordinates":[-4.924014,50.537506]}},{"type":"Feature","properties":{"n":4,"res":2000},"geometry":{"type":"Point","coordinates":[-4.906587,50.736342]}},{"type":"Feature","properties":{"n":4,"res":2000},"geometry":{"type":"Point","coordinates":[-4.763324,50.253966]}},{"type":"Feature","properties":{"n":4,"res":2000},"geometry":{"type":"Point","coordinates":[-4.76539,50.288929]}},{"type":"Feature","properties":{"n":4,"res":2000},"geometry":{"type":"Point","coordinates":[-4.738892,50.290644]}},{"type":"Feature","properties":{"n":4,"res":2000},"geometry":{"type":"Point","coordinates":[-4.712916,50.327247]}},{"type":"Feature","properties":{"n":4,"res":2000},"geometry":{"type":"Point","coordinates":[-4.655678,50.310525]}},{"type":"Feature","properties":{"n":4,"res":2000},"geometry":{"type":"Point","coordinates":[-4.599664,50.311847]}},{"type":"Feature","properties":{"n":4,"res":2000},"geometry":{"type":"Point","coordinates":[-4.514534,50.295731]}},{"type":"Feature","properties":{"n":4,"res":2000},"geometry":{"type":"Point","coordinates":[-4.452649,50.342642]}},{"type":"Feature","properties":{"n":4,"res":2000},"geometry":{"type":"Point","coordinates":[-4.177028,50.284556]}},{"type":"Feature","properties":{"n":4,"res":2000},"geometry":{"type":"Point","coordinates":[-3.917313,50.109244]}},{"type":"Feature","properties":{"n":4,"res":2000},"geometry":{"type":"Point","coordinates":[-3.921635,50.217106]}},{"type":"Feature","properties":{"n":4,"res":2000},"geometry":{"type":"Point","coordinates":[-3.8656,50.21802]}},{"type":"Feature","properties":{"n":4,"res":2000},"geometry":{"type":"Point","coordinates":[-3.895676,50.27135]}},{"type":"Feature","properties":{"n":4,"res":2000},"geometry":{"type":"Point","coordinates":[-3.808882,50.200929]}},{"type":"Feature","properties":{"n":4,"res":2000},"geometry":{"type":"Point","coordinates":[-3.696002,50.202119]}},{"type":"Feature","properties":{"n":4,"res":2000},"geometry":{"type":"Point","coordinates":[-3.640817,50.203425]}},{"type":"Feature","properties":{"n":4,"res":2000},"geometry":{"type":"Point","coordinates":[-3.416162,50.188393]}},{"type":"Feature","properties":{"n":3,"res":2000},"geometry":{"type":"Point","coordinates":[-4.854349,50.809592]}},{"type":"Feature","properties":{"n":3,"res":2000},"geometry":{"type":"Point","coordinates":[-5.790892,50.099128]}},{"type":"Feature","properties":{"n":3,"res":2000},"geometry":{"type":"Point","coordinates":[-5.806582,50.296549]}},{"type":"Feature","properties":{"n":3,"res":2000},"geometry":{"type":"Point","coordinates":[-5.735085,50.10094]}},{"type":"Feature","properties":{"n":3,"res":2000},"geometry":{"type":"Point","coordinates":[-5.686887,50.040748]}},{"type":"Feature","properties":{"n":3,"res":2000},"geometry":{"type":"Point","coordinates":[-5.712739,50.173633]}},{"type":"Feature","properties":{"n":3,"res":2000},"geometry":{"type":"Point","coordinates":[-5.50263,49.982241]}},{"type":"Feature","properties":{"n":3,"res":2000},"geometry":{"type":"Point","coordinates":[-5.415276,49.930869]}},{"type":"Feature","properties":{"n":3,"res":2000},"geometry":{"type":"Point","coordinates":[-5.452089,50.055731]}},{"type":"Feature","properties":{"n":3,"res":2000},"geometry":{"type":"Point","coordinates":[-5.425481,50.074513]}},{"type":"Feature","properties":{"n":3,"res":2000},"geometry":{"type":"Point","coordinates":[-5.435769,50.218152]}},{"type":"Feature","properties":{"n":3,"res":2000},"geometry":{"type":"Point","coordinates":[-5.41035,50.254887]}},{"type":"Feature","properties":{"n":3,"res":2000},"geometry":{"type":"Point","coordinates":[-5.381672,50.246222]}},{"type":"Feature","properties":{"n":3,"res":2000},"geometry":{"type":"Point","coordinates":[-5.273742,49.898969]}},{"type":"Feature","properties":{"n":3,"res":2000},"geometry":{"type":"Point","coordinates":[-5.306461,49.970011]}},{"type":"Feature","properties":{"n":3,"res":2000},"geometry":{"type":"Point","coordinates":[-5.249564,49.953629]}},{"type":"Feature","properties":{"n":3,"res":2000},"geometry":{"type":"Point","coordinates":[-5.311398,50.041842]}},{"type":"Feature","properties":{"n":3,"res":2000},"geometry":{"type":"Point","coordinates":[-5.353305,50.243149]}},{"type":"Feature","properties":{"n":3,"res":2000},"geometry":{"type":"Point","coordinates":[-5.326697,50.257534]}},{"type":"Feature","properties":{"n":3,"res":2000},"geometry":{"type":"Point","coordinates":[-5.299608,50.27611]}},{"type":"Feature","properties":{"n":3,"res":2000},"geometry":{"type":"Point","coordinates":[-5.274007,50.312788]}},{"type":"Feature","properties":{"n":3,"res":2000},"geometry":{"type":"Point","coordinates":[-5.341443,50.472796]}},{"type":"Feature","properties":{"n":3,"res":2000},"geometry":{"type":"Point","coordinates":[-5.166056,49.95594]}},{"type":"Feature","properties":{"n":3,"res":2000},"geometry":{"type":"Point","coordinates":[-5.117646,50.098422]}},{"type":"Feature","properties":{"n":3,"res":2000},"geometry":{"type":"Point","coordinates":[-5.194492,50.334598]}},{"type":"Feature","properties":{"n":3,"res":2000},"geometry":{"type":"Point","coordinates":[-5.140891,50.424413]}},{"type":"Feature","properties":{"n":3,"res":2000},"geometry":{"type":"Point","coordinates":[-5.112947,50.425203]}},{"type":"Feature","properties":{"n":3,"res":2000},"geometry":{"type":"Point","coordinates":[-5.055832,49.976891]}},{"type":"Feature","properties":{"n":3,"res":2000},"geometry":{"type":"Point","coordinates":[-5.009105,50.122048]}},{"type":"Feature","properties":{"n":3,"res":2000},"geometry":{"type":"Point","coordinates":[-5.011006,50.155979]}},{"type":"Feature","properties":{"n":3,"res":2000},"geometry":{"type":"Point","coordinates":[-5.018641,50.715502]}},{"type":"Feature","properties":{"n":3,"res":2000},"geometry":{"type":"Point","coordinates":[-5.020953,50.751423]}},{"type":"Feature","properties":{"n":3,"res":2000},"geometry":{"type":"Point","coordinates":[-4.930406,50.663785]}},{"type":"Feature","properties":{"n":3,"res":2000},"geometry":{"type":"Point","coordinates":[-4.842365,50.611998]}},{"type":"Feature","properties":{"n":3,"res":2000},"geometry":{"type":"Point","coordinates":[-4.763834,50.236095]}},{"type":"Feature","properties":{"n":3,"res":2000},"geometry":{"type":"Point","coordinates":[-4.737883,50.272691]}},{"type":"Feature","properties":{"n":3,"res":2000},"geometry":{"type":"Point","coordinates":[-4.684498,50.30946]}},{"type":"Feature","properties":{"n":3,"res":2000},"geometry":{"type":"Point","coordinates":[-4.814133,50.612684]}},{"type":"Feature","properties":{"n":3,"res":2000},"geometry":{"type":"Point","coordinates":[-4.786965,50.631328]}},{"type":"Feature","properties":{"n":3,"res":2000},"geometry":{"type":"Point","coordinates":[-4.627723,50.311215]}},{"type":"Feature","properties":{"n":3,"res":2000},"geometry":{"type":"Point","coordinates":[-4.652593,50.322729]}},{"type":"Feature","properties":{"n":3,"res":2000},"geometry":{"type":"Point","coordinates":[-4.600296,50.323416]}},{"type":"Feature","properties":{"n":3,"res":2000},"geometry":{"type":"Point","coordinates":[-4.422166,50.135785]}},{"type":"Feature","properties":{"n":3,"res":2000},"geometry":{"type":"Point","coordinates":[-4.48742,50.314304]}},{"type":"Feature","properties":{"n":3,"res":2000},"geometry":{"type":"Point","coordinates":[-4.514325,50.326123]}},{"type":"Feature","properties":{"n":3,"res":2000},"geometry":{"type":"Point","coordinates":[-4.284069,50.174564]}},{"type":"Feature","properties":{"n":3,"res":2000},"geometry":{"type":"Point","coordinates":[-4.26118,50.282948]}},{"type":"Feature","properties":{"n":3,"res":2000},"geometry":{"type":"Point","coordinates":[-4.262885,50.318894]}},{"type":"Feature","properties":{"n":3,"res":2000},"geometry":{"type":"Point","coordinates":[-4.270739,50.348998]}},{"type":"Feature","properties":{"n":3,"res":2000},"geometry":{"type":"Point","coordinates":[-4.204249,50.266053]}},{"type":"Feature","properties":{"n":3,"res":2000},"geometry":{"type":"Point","coordinates":[-4.130399,50.338833]}},{"type":"Feature","properties":{"n":3,"res":2000},"geometry":{"type":"Point","coordinates":[-4.085804,50.124328]}},{"type":"Feature","properties":{"n":3,"res":2000},"geometry":{"type":"Point","coordinates":[-3.97841,50.234142]}},{"type":"Feature","properties":{"n":3,"res":2000},"geometry":{"type":"Point","coordinates":[-3.892906,50.199589]}},{"type":"Feature","properties":{"n":3,"res":2000},"geometry":{"type":"Point","coordinates":[-3.951119,50.252592]}},{"type":"Feature","properties":{"n":3,"res":2000},"geometry":{"type":"Point","coordinates":[-3.690497,50.022826]}},{"type":"Feature","properties":{"n":3,"res":2000},"geometry":{"type":"Point","coordinates":[-3.535046,50.453726]}},{"type":"Feature","properties":{"n":2,"res":2000},"geometry":{"type":"Point","coordinates":[-5.253635,50.835111]}},{"type":"Feature","properties":{"n":2,"res":2000},"geometry":{"type":"Point","coordinates":[-4.853254,50.791629]}},{"type":"Feature","properties":{"n":2,"res":2000},"geometry":{"type":"Point","coordinates":[-4.855445,50.827555]}},{"type":"Feature","properties":{"n":2,"res":2000},"geometry":{"type":"Point","coordinates":[-4.798721,50.82893]}},{"type":"Feature","properties":{"n":2,"res":2000},"geometry":{"type":"Point","coordinates":[-4.570994,50.798133]}},{"type":"Feature","properties":{"n":2,"res":2000},"geometry":{"type":"Point","coordinates":[-5.805992,49.936683]}},{"type":"Feature","properties":{"n":2,"res":2000},"geometry":{"type":"Point","coordinates":[-5.725336,49.975294]}},{"type":"Feature","properties":{"n":2,"res":2000},"geometry":{"type":"Point","coordinates":[-5.758771,50.046191]}},{"type":"Feature","properties":{"n":2,"res":2000},"geometry":{"type":"Point","coordinates":[-5.711347,50.155683]}},{"type":"Feature","properties":{"n":2,"res":2000},"geometry":{"type":"Point","coordinates":[-5.714133,50.191582]}},{"type":"Feature","properties":{"n":2,"res":2000},"geometry":{"type":"Point","coordinates":[-5.777141,50.279517]}},{"type":"Feature","properties":{"n":2,"res":2000},"geometry":{"type":"Point","coordinates":[-5.778564,50.297465]}},{"type":"Feature","properties":{"n":2,"res":2000},"geometry":{"type":"Point","coordinates":[-5.67063,50.354908]}},{"type":"Feature","properties":{"n":2,"res":2000},"geometry":{"type":"Point","coordinates":[-5.533107,50.017303]}},{"type":"Feature","properties":{"n":2,"res":2000},"geometry":{"type":"Point","coordinates":[-5.505244,50.018149]}},{"type":"Feature","properties":{"n":2,"res":2000},"geometry":{"type":"Point","coordinates":[-5.611544,50.18343]}},{"type":"Feature","properties":{"n":2,"res":2000},"geometry":{"type":"Point","coordinates":[-5.549847,50.216883]}},{"type":"Feature","properties":{"n":2,"res":2000},"geometry":{"type":"Point","coordinates":[-5.587812,50.375488]}},{"type":"Feature","properties":{"n":2,"res":2000},"geometry":{"type":"Point","coordinates":[-5.43798,49.858224]}},{"type":"Feature","properties":{"n":2,"res":2000},"geometry":{"type":"Point","coordinates":[-5.440533,49.894135]}},{"type":"Feature","properties":{"n":2,"res":2000},"geometry":{"type":"Point","coordinates":[-5.441812,49.91209]}},{"type":"Feature","properties":{"n":2,"res":2000},"geometry":{"type":"Point","coordinates":[-5.479977,50.054897]}},{"type":"Feature","properties":{"n":2,"res":2000},"geometry":{"type":"Point","coordinates":[-5.45338,50.073685]}},{"type":"Feature","properties":{"n":2,"res":2000},"geometry":{"type":"Point","coordinates":[-5.397581,50.075334]}},{"type":"Feature","properties":{"n":2,"res":2000},"geometry":{"type":"Point","coordinates":[-5.465053,50.235274]}},{"type":"Feature","properties":{"n":2,"res":2000},"geometry":{"type":"Point","coordinates":[-5.382344,50.255706]}},{"type":"Feature","properties":{"n":2,"res":2000},"geometry":{"type":"Point","coordinates":[-5.384892,50.291617]}},{"type":"Feature","properties":{"n":2,"res":2000},"geometry":{"type":"Point","coordinates":[-5.474206,50.360949]}},{"type":"Feature","properties":{"n":2,"res":2000},"geometry":{"type":"Point","coordinates":[-5.443539,50.325877]}},{"type":"Feature","properties":{"n":2,"res":2000},"geometry":{"type":"Point","coordinates":[-5.504919,50.396012]}},{"type":"Feature","properties":{"n":2,"res":2000},"geometry":{"type":"Point","coordinates":[-5.21694,49.882568]}},{"type":"Feature","properties":{"n":2,"res":2000},"geometry":{"type":"Point","coordinates":[-5.251723,49.970857]}},{"type":"Feature","properties":{"n":2,"res":2000},"geometry":{"type":"Point","coordinates":[-5.327582,50.275281]}},{"type":"Feature","properties":{"n":2,"res":2000},"geometry":{"type":"Point","coordinates":[-5.272773,50.294831]}},{"type":"Feature","properties":{"n":2,"res":2000},"geometry":{"type":"Point","coordinates":[-5.252809,50.284304]}},{"type":"Feature","properties":{"n":2,"res":2000},"geometry":{"type":"Point","coordinates":[-5.302049,50.311994]}},{"type":"Feature","properties":{"n":2,"res":2000},"geometry":{"type":"Point","coordinates":[-5.340176,50.454841]}},{"type":"Feature","properties":{"n":2,"res":2000},"geometry":{"type":"Point","coordinates":[-5.312051,50.455645]}},{"type":"Feature","properties":{"n":2,"res":2000},"geometry":{"type":"Point","coordinates":[-5.191517,49.919257]}},{"type":"Feature","properties":{"n":2,"res":2000},"geometry":{"type":"Point","coordinates":[-5.11221,50.084178]}},{"type":"Feature","properties":{"n":2,"res":2000},"geometry":{"type":"Point","coordinates":[-5.077509,50.071507]}},{"type":"Feature","properties":{"n":2,"res":2000},"geometry":{"type":"Point","coordinates":[-5.220349,50.350272]}},{"type":"Feature","properties":{"n":2,"res":2000},"geometry":{"type":"Point","coordinates":[-5.192282,50.351047]}},{"type":"Feature","properties":{"n":2,"res":2000},"geometry":{"type":"Point","coordinates":[-5.113958,50.443129]}},{"type":"Feature","properties":{"n":2,"res":2000},"geometry":{"type":"Point","coordinates":[-5.030239,50.013547]}},{"type":"Feature","properties":{"n":2,"res":2000},"geometry":{"type":"Point","coordinates":[-4.981166,50.122769]}},{"type":"Feature","properties":{"n":2,"res":2000},"geometry":{"type":"Point","coordinates":[-5.022957,50.177048]}},{"type":"Feature","properties":{"n":2,"res":2000},"geometry":{"type":"Point","coordinates":[-5.037246,50.534759]}},{"type":"Feature","properties":{"n":2,"res":2000},"geometry":{"type":"Point","coordinates":[-4.886544,49.945248]}},{"type":"Feature","properties":{"n":2,"res":2000},"geometry":{"type":"Point","coordinates":[-4.915468,49.962515]}},{"type":"Feature","properties":{"n":2,"res":2000},"geometry":{"type":"Point","coordinates":[-4.927479,50.160119]}},{"type":"Feature","properties":{"n":2,"res":2000},"geometry":{"type":"Point","coordinates":[-4.937757,50.205828]}},{"type":"Feature","properties":{"n":2,"res":2000},"geometry":{"type":"Point","coordinates":[-4.898429,50.142857]}},{"type":"Feature","properties":{"n":2,"res":2000},"geometry":{"type":"Point","coordinates":[-4.900604,50.178785]}},{"type":"Feature","properties":{"n":2,"res":2000},"geometry":{"type":"Point","coordinates":[-4.87263,50.179481]}},{"type":"Feature","properties":{"n":2,"res":2000},"geometry":{"type":"Point","coordinates":[-4.817735,50.198818]}},{"type":"Feature","properties":{"n":2,"res":2000},"geometry":{"type":"Point","coordinates":[-4.819352,50.216422]}},{"type":"Feature","properties":{"n":2,"res":2000},"geometry":{"type":"Point","coordinates":[-4.927054,50.609899]}},{"type":"Feature","properties":{"n":2,"res":2000},"geometry":{"type":"Point","coordinates":[-4.844533,50.647925]}},{"type":"Feature","properties":{"n":2,"res":2000},"geometry":{"type":"Point","coordinates":[-4.78128,50.2465]}},{"type":"Feature","properties":{"n":2,"res":2000},"geometry":{"type":"Point","coordinates":[-4.77085,50.636197]}},{"type":"Feature","properties":{"n":2,"res":2000},"geometry":{"type":"Point","coordinates":[-4.767977,50.649929]}},{"type":"Feature","properties":{"n":2,"res":2000},"geometry":{"type":"Point","coordinates":[-4.790156,50.68522]}},{"type":"Feature","properties":{"n":2,"res":2000},"geometry":{"type":"Point","coordinates":[-4.791223,50.703184]}},{"type":"Feature","properties":{"n":2,"res":2000},"geometry":{"type":"Point","coordinates":[-4.761878,50.685894]}},{"type":"Feature","properties":{"n":2,"res":2000},"geometry":{"type":"Point","coordinates":[-4.645815,50.130901]}},{"type":"Feature","properties":{"n":2,"res":2000},"geometry":{"type":"Point","coordinates":[-4.6478,50.166837]}},{"type":"Feature","properties":{"n":2,"res":2000},"geometry":{"type":"Point","coordinates":[-4.541627,50.277151]}},{"type":"Feature","properties":{"n":2,"res":2000},"geometry":{"type":"Point","coordinates":[-4.431291,50.315492]}},{"type":"Feature","properties":{"n":2,"res":2000},"geometry":{"type":"Point","coordinates":[-4.459739,50.332333]}},{"type":"Feature","properties":{"n":2,"res":2000},"geometry":{"type":"Point","coordinates":[-4.307726,50.084147]}},{"type":"Feature","properties":{"n":2,"res":2000},"geometry":{"type":"Point","coordinates":[-4.367132,50.15491]}},{"type":"Feature","properties":{"n":2,"res":2000},"geometry":{"type":"Point","coordinates":[-4.316404,50.263871]}},{"type":"Feature","properties":{"n":2,"res":2000},"geometry":{"type":"Point","coordinates":[-4.144132,50.177233]}},{"type":"Feature","properties":{"n":2,"res":2000},"geometry":{"type":"Point","coordinates":[-4.148976,50.285078]}},{"type":"Feature","properties":{"n":2,"res":2000},"geometry":{"type":"Point","coordinates":[-4.240355,50.333901]}},{"type":"Feature","properties":{"n":2,"res":2000},"geometry":{"type":"Point","coordinates":[-4.059387,50.160778]}},{"type":"Feature","properties":{"n":2,"res":2000},"geometry":{"type":"Point","coordinates":[-4.007191,50.251637]}},{"type":"Feature","properties":{"n":2,"res":2000},"geometry":{"type":"Point","coordinates":[-3.981611,50.301954]}},{"type":"Feature","properties":{"n":2,"res":2000},"geometry":{"type":"Point","coordinates":[-3.89433,50.235544]}},{"type":"Feature","properties":{"n":2,"res":2000},"geometry":{"type":"Point","coordinates":[-3.864899,50.200042]}},{"type":"Feature","properties":{"n":2,"res":2000},"geometry":{"type":"Point","coordinates":[-3.836891,50.200489]}},{"type":"Feature","properties":{"n":2,"res":2000},"geometry":{"type":"Point","coordinates":[-3.838655,50.217777]}},{"type":"Feature","properties":{"n":2,"res":2000},"geometry":{"type":"Point","coordinates":[-3.952686,50.288464]}},{"type":"Feature","properties":{"n":2,"res":2000},"geometry":{"type":"Point","coordinates":[-3.895043,50.25352]}},{"type":"Feature","properties":{"n":2,"res":2000},"geometry":{"type":"Point","coordinates":[-3.870126,50.254092]}},{"type":"Feature","properties":{"n":2,"res":2000},"geometry":{"type":"Point","coordinates":[-3.774878,50.039555]}},{"type":"Feature","properties":{"n":2,"res":2000},"geometry":{"type":"Point","coordinates":[-3.804817,50.093059]}},{"type":"Feature","properties":{"n":2,"res":2000},"geometry":{"type":"Point","coordinates":[-3.72291,50.14827]}},{"type":"Feature","properties":{"n":2,"res":2000},"geometry":{"type":"Point","coordinates":[-3.772738,50.230564]}},{"type":"Feature","properties":{"n":2,"res":2000},"geometry":{"type":"Point","coordinates":[-3.662589,50.023229]}},{"type":"Feature","properties":{"n":2,"res":2000},"geometry":{"type":"Point","coordinates":[-3.668829,50.203025]}},{"type":"Feature","properties":{"n":2,"res":2000},"geometry":{"type":"Point","coordinates":[-3.612803,50.203817]}},{"type":"Feature","properties":{"n":2,"res":2000},"geometry":{"type":"Point","coordinates":[-3.61341,50.221797]}},{"type":"Feature","properties":{"n":2,"res":2000},"geometry":{"type":"Point","coordinates":[-3.55619,50.186601]}},{"type":"Feature","properties":{"n":2,"res":2000},"geometry":{"type":"Point","coordinates":[-3.55736,50.222562]}},{"type":"Feature","properties":{"n":2,"res":2000},"geometry":{"type":"Point","coordinates":[-3.641745,50.257034]}},{"type":"Feature","properties":{"n":2,"res":2000},"geometry":{"type":"Point","coordinates":[-3.639377,50.274866]}},{"type":"Feature","properties":{"n":2,"res":2000},"geometry":{"type":"Point","coordinates":[-3.586579,50.258142]}},{"type":"Feature","properties":{"n":2,"res":2000},"geometry":{"type":"Point","coordinates":[-3.587775,50.294102]}},{"type":"Feature","properties":{"n":2,"res":2000},"geometry":{"type":"Point","coordinates":[-3.55912,50.276502]}},{"type":"Feature","properties":{"n":2,"res":2000},"geometry":{"type":"Point","coordinates":[-3.560296,50.312462]}},{"type":"Feature","properties":{"n":2,"res":2000},"geometry":{"type":"Point","coordinates":[-3.553817,50.421095]}},{"type":"Feature","properties":{"n":2,"res":2000},"geometry":{"type":"Point","coordinates":[-3.497931,50.115415]}},{"type":"Feature","properties":{"n":2,"res":2000},"geometry":{"type":"Point","coordinates":[-3.500744,50.205319]}},{"type":"Feature","properties":{"n":2,"res":2000},"geometry":{"type":"Point","coordinates":[-3.504488,50.348974]}},{"type":"Feature","properties":{"n":2,"res":2000},"geometry":{"type":"Point","coordinates":[-3.478241,50.385453]}},{"type":"Feature","properties":{"n":2,"res":2000},"geometry":{"type":"Point","coordinates":[-3.480708,50.475624]}},{"type":"Feature","properties":{"n":2,"res":2000},"geometry":{"type":"Point","coordinates":[-3.42553,50.600417]}},{"type":"Feature","properties":{"n":2,"res":2000},"geometry":{"type":"Point","coordinates":[-3.397627,50.512392]}},{"type":"Feature","properties":{"n":2,"res":2000},"geometry":{"type":"Point","coordinates":[-3.103088,49.975934]}},{"type":"Feature","properties":{"n":2,"res":2000},"geometry":{"type":"Point","coordinates":[-2.906856,49.92367]}},{"type":"Feature","properties":{"n":2,"res":2000},"geometry":{"type":"Point","coordinates":[-2.853364,50.049992]}},{"type":"Feature","properties":{"n":2,"res":2000},"geometry":{"type":"Point","coordinates":[-2.672784,50.674891]}},{"type":"Feature","properties":{"n":2,"res":2000},"geometry":{"type":"Point","coordinates":[-2.581639,50.626818]}},{"type":"Feature","properties":{"n":2,"res":2000},"geometry":{"type":"Point","coordinates":[-2.464378,50.268047]}},{"type":"Feature","properties":{"n":2,"res":2000},"geometry":{"type":"Point","coordinates":[-2.41105,50.592002]}},{"type":"Feature","properties":{"n":2,"res":2000},"geometry":{"type":"Point","coordinates":[-1.874165,50.610646]}},{"type":"Feature","properties":{"n":2,"res":2000},"geometry":{"type":"Point","coordinates":[-1.310848,50.571625]}},{"type":"Feature","properties":{"n":2,"res":2000},"geometry":{"type":"Point","coordinates":[-1.22197,50.585242]}},{"type":"Feature","properties":{"n":2,"res":2000},"geometry":{"type":"Point","coordinates":[-1.195073,50.5881]}},{"type":"Feature","properties":{"n":2,"res":2000},"geometry":{"type":"Point","coordinates":[-1.167887,50.589758]}},{"type":"Feature","properties":{"n":2,"res":2000},"geometry":{"type":"Point","coordinates":[-1.159579,50.641971]}},{"type":"Feature","properties":{"n":2,"res":2000},"geometry":{"type":"Point","coordinates":[-0.908879,50.793838]}},{"type":"Feature","properties":{"n":2,"res":2000},"geometry":{"type":"Point","coordinates":[-0.142481,50.811055]}},{"type":"Feature","properties":{"n":2,"res":2000},"geometry":{"type":"Point","coordinates":[-0.114318,50.793315]}},{"type":"Feature","properties":{"n":2,"res":2000},"geometry":{"type":"Point","coordinates":[0.025921,50.754989]}},{"type":"Feature","properties":{"n":1,"res":2000},"geometry":{"type":"Point","coordinates":[-5.623531,50.84219]}},{"type":"Feature","properties":{"n":1,"res":2000},"geometry":{"type":"Point","coordinates":[-5.107071,50.767148]}},{"type":"Feature","properties":{"n":1,"res":2000},"geometry":{"type":"Point","coordinates":[-5.052773,50.804564]}},{"type":"Feature","properties":{"n":1,"res":2000},"geometry":{"type":"Point","coordinates":[-5.000695,50.877876]}},{"type":"Feature","properties":{"n":1,"res":2000},"geometry":{"type":"Point","coordinates":[-4.799796,50.846894]}},{"type":"Feature","properties":{"n":1,"res":2000},"geometry":{"type":"Point","coordinates":[-4.771422,50.847572]}},{"type":"Feature","properties":{"n":1,"res":2000},"geometry":{"type":"Point","coordinates":[-4.625496,50.778993]}},{"type":"Feature","properties":{"n":1,"res":2000},"geometry":{"type":"Point","coordinates":[-4.600151,50.833528]}},{"type":"Feature","properties":{"n":1,"res":2000},"geometry":{"type":"Point","coordinates":[-4.576008,50.888015]}},{"type":"Feature","properties":{"n":1,"res":2000},"geometry":{"type":"Point","coordinates":[-4.636634,50.976618]}},{"type":"Feature","properties":{"n":1,"res":2000},"geometry":{"type":"Point","coordinates":[-4.352922,51.000669]}},{"type":"Feature","properties":{"n":1,"res":2000},"geometry":{"type":"Point","coordinates":[-4.300413,51.091652]}},{"type":"Feature","properties":{"n":1,"res":2000},"geometry":{"type":"Point","coordinates":[-6.188932,49.851478]}},{"type":"Feature","properties":{"n":1,"res":2000},"geometry":{"type":"Point","coordinates":[-6.080964,49.891327]}},{"type":"Feature","properties":{"n":1,"res":2000},"geometry":{"type":"Point","coordinates":[-6.190788,50.193334]}},{"type":"Feature","properties":{"n":1,"res":2000},"geometry":{"type":"Point","coordinates":[-6.14112,50.267099]}},{"type":"Feature","properties":{"n":1,"res":2000},"geometry":{"type":"Point","coordinates":[-5.966915,49.859301]}},{"type":"Feature","properties":{"n":1,"res":2000},"geometry":{"type":"Point","coordinates":[-5.975772,49.966969]}},{"type":"Feature","properties":{"n":1,"res":2000},"geometry":{"type":"Point","coordinates":[-5.918671,49.95092]}},{"type":"Feature","properties":{"n":1,"res":2000},"geometry":{"type":"Point","coordinates":[-5.92013,49.968866]}},{"type":"Feature","properties":{"n":1,"res":2000},"geometry":{"type":"Point","coordinates":[-5.923053,50.004757]}},{"type":"Feature","properties":{"n":1,"res":2000},"geometry":{"type":"Point","coordinates":[-6.035919,50.018875]}},{"type":"Feature","properties":{"n":1,"res":2000},"geometry":{"type":"Point","coordinates":[-6.009566,50.037785]}},{"type":"Feature","properties":{"n":1,"res":2000},"geometry":{"type":"Point","coordinates":[-5.955321,50.057644]}},{"type":"Feature","properties":{"n":1,"res":2000},"geometry":{"type":"Point","coordinates":[-6.057148,50.270066]}},{"type":"Feature","properties":{"n":1,"res":2000},"geometry":{"type":"Point","coordinates":[-6.029154,50.271042]}},{"type":"Feature","properties":{"n":1,"res":2000},"geometry":{"type":"Point","coordinates":[-5.999653,50.254067]}},{"type":"Feature","properties":{"n":1,"res":2000},"geometry":{"type":"Point","coordinates":[-6.001158,50.27201]}},{"type":"Feature","properties":{"n":1,"res":2000},"geometry":{"type":"Point","coordinates":[-6.080229,50.53918]}},{"type":"Feature","properties":{"n":1,"res":2000},"geometry":{"type":"Point","coordinates":[-6.011032,50.721531]}},{"type":"Feature","properties":{"n":1,"res":2000},"geometry":{"type":"Point","coordinates":[-5.895208,50.005696]}},{"type":"Feature","properties":{"n":1,"res":2000},"geometry":{"type":"Point","coordinates":[-5.808827,49.972579]}},{"type":"Feature","properties":{"n":1,"res":2000},"geometry":{"type":"Point","coordinates":[-5.81309,50.026422]}},{"type":"Feature","properties":{"n":1,"res":2000},"geometry":{"type":"Point","coordinates":[-5.906876,50.149261]}},{"type":"Feature","properties":{"n":1,"res":2000},"geometry":{"type":"Point","coordinates":[-5.918638,50.29282]}},{"type":"Feature","properties":{"n":1,"res":2000},"geometry":{"type":"Point","coordinates":[-5.633714,49.87024]}},{"type":"Feature","properties":{"n":1,"res":2000},"geometry":{"type":"Point","coordinates":[-5.726724,49.993244]}},{"type":"Feature","properties":{"n":1,"res":2000},"geometry":{"type":"Point","coordinates":[-5.698881,49.994136]}},{"type":"Feature","properties":{"n":1,"res":2000},"geometry":{"type":"Point","coordinates":[-5.761582,50.082088]}},{"type":"Feature","properties":{"n":1,"res":2000},"geometry":{"type":"Point","coordinates":[-5.691725,50.0937]}},{"type":"Feature","properties":{"n":1,"res":2000},"geometry":{"type":"Point","coordinates":[-5.764398,50.117986]}},{"type":"Feature","properties":{"n":1,"res":2000},"geometry":{"type":"Point","coordinates":[-5.737883,50.136837]}},{"type":"Feature","properties":{"n":1,"res":2000},"geometry":{"type":"Point","coordinates":[-5.686173,50.192474]}},{"type":"Feature","properties":{"n":1,"res":2000},"geometry":{"type":"Point","coordinates":[-5.771463,50.207726]}},{"type":"Feature","properties":{"n":1,"res":2000},"geometry":{"type":"Point","coordinates":[-5.77288,50.225674]}},{"type":"Feature","properties":{"n":1,"res":2000},"geometry":{"type":"Point","coordinates":[-5.775719,50.261569]}},{"type":"Feature","properties":{"n":1,"res":2000},"geometry":{"type":"Point","coordinates":[-5.746311,50.244529]}},{"type":"Feature","properties":{"n":1,"res":2000},"geometry":{"type":"Point","coordinates":[-5.690331,50.246322]}},{"type":"Feature","properties":{"n":1,"res":2000},"geometry":{"type":"Point","coordinates":[-5.694502,50.30017]}},{"type":"Feature","properties":{"n":1,"res":2000},"geometry":{"type":"Point","coordinates":[-5.695895,50.318119]}},{"type":"Feature","properties":{"n":1,"res":2000},"geometry":{"type":"Point","coordinates":[-5.685961,50.552348]}},{"type":"Feature","properties":{"n":1,"res":2000},"geometry":{"type":"Point","coordinates":[-5.694396,50.660038]}},{"type":"Feature","properties":{"n":1,"res":2000},"geometry":{"type":"Point","coordinates":[-5.576834,49.854017]}},{"type":"Feature","properties":{"n":1,"res":2000},"geometry":{"type":"Point","coordinates":[-5.49872,49.928379]}},{"type":"Feature","properties":{"n":1,"res":2000},"geometry":{"type":"Point","coordinates":[-5.613994,49.978821]}},{"type":"Feature","properties":{"n":1,"res":2000},"geometry":{"type":"Point","coordinates":[-5.615341,49.996773]}},{"type":"Feature","properties":{"n":1,"res":2000},"geometry":{"type":"Point","coordinates":[-5.58883,50.015591]}},{"type":"Feature","properties":{"n":1,"res":2000},"geometry":{"type":"Point","coordinates":[-5.558315,49.980545]}},{"type":"Feature","properties":{"n":1,"res":2000},"geometry":{"type":"Point","coordinates":[-5.531789,49.999349]}},{"type":"Feature","properties":{"n":1,"res":2000},"geometry":{"type":"Point","coordinates":[-5.503936,50.000195]}},{"type":"Feature","properties":{"n":1,"res":2000},"geometry":{"type":"Point","coordinates":[-5.534426,50.035256]}},{"type":"Feature","properties":{"n":1,"res":2000},"geometry":{"type":"Point","coordinates":[-5.63025,50.194237]}},{"type":"Feature","properties":{"n":1,"res":2000},"geometry":{"type":"Point","coordinates":[-5.606351,50.248962]}},{"type":"Feature","properties":{"n":1,"res":2000},"geometry":{"type":"Point","coordinates":[-5.575665,50.213926]}},{"type":"Feature","properties":{"n":1,"res":2000},"geometry":{"type":"Point","coordinates":[-5.521034,50.233589]}},{"type":"Feature","properties":{"n":1,"res":2000},"geometry":{"type":"Point","coordinates":[-5.614516,50.356668]}},{"type":"Feature","properties":{"n":1,"res":2000},"geometry":{"type":"Point","coordinates":[-5.615881,50.374618]}},{"type":"Feature","properties":{"n":1,"res":2000},"geometry":{"type":"Point","coordinates":[-5.5824,50.303684]}},{"type":"Feature","properties":{"n":1,"res":2000},"geometry":{"type":"Point","coordinates":[-5.55437,50.304545]}},{"type":"Feature","properties":{"n":1,"res":2000},"geometry":{"type":"Point","coordinates":[-5.555711,50.322497]}},{"type":"Feature","properties":{"n":1,"res":2000},"geometry":{"type":"Point","coordinates":[-5.52634,50.3054]}},{"type":"Feature","properties":{"n":1,"res":2000},"geometry":{"type":"Point","coordinates":[-5.562434,50.412256]}},{"type":"Feature","properties":{"n":1,"res":2000},"geometry":{"type":"Point","coordinates":[-5.567836,50.484061]}},{"type":"Feature","properties":{"n":1,"res":2000},"geometry":{"type":"Point","coordinates":[-5.470907,49.929215]}},{"type":"Feature","properties":{"n":1,"res":2000},"geometry":{"type":"Point","coordinates":[-5.387459,49.931686]}},{"type":"Feature","properties":{"n":1,"res":2000},"geometry":{"type":"Point","coordinates":[-5.358392,49.914539]}},{"type":"Feature","properties":{"n":1,"res":2000},"geometry":{"type":"Point","coordinates":[-5.359641,49.932496]}},{"type":"Feature","properties":{"n":1,"res":2000},"geometry":{"type":"Point","coordinates":[-5.477378,50.018988]}},{"type":"Feature","properties":{"n":1,"res":2000},"geometry":{"type":"Point","coordinates":[-5.446941,49.983911]}},{"type":"Feature","properties":{"n":1,"res":2000},"geometry":{"type":"Point","coordinates":[-5.419093,49.984736]}},{"type":"Feature","properties":{"n":1,"res":2000},"geometry":{"type":"Point","coordinates":[-5.360892,49.950453]}},{"type":"Feature","properties":{"n":1,"res":2000},"geometry":{"type":"Point","coordinates":[-5.36465,50.004323]}},{"type":"Feature","properties":{"n":1,"res":2000},"geometry":{"type":"Point","coordinates":[-5.365906,50.022279]}},{"type":"Feature","properties":{"n":1,"res":2000},"geometry":{"type":"Point","coordinates":[-5.4508,50.037776]}},{"type":"Feature","properties":{"n":1,"res":2000},"geometry":{"type":"Point","coordinates":[-5.424201,50.056558]}},{"type":"Feature","properties":{"n":1,"res":2000},"geometry":{"type":"Point","coordinates":[-5.465244,50.120635]}},{"type":"Feature","properties":{"n":1,"res":2000},"geometry":{"type":"Point","coordinates":[-5.493044,50.234435]}},{"type":"Feature","properties":{"n":1,"res":2000},"geometry":{"type":"Point","coordinates":[-5.494358,50.252388]}},{"type":"Feature","properties":{"n":1,"res":2000},"geometry":{"type":"Point","coordinates":[-5.467661,50.271181]}},{"type":"Feature","properties":{"n":1,"res":2000},"geometry":{"type":"Point","coordinates":[-5.498309,50.306248]}},{"type":"Feature","properties":{"n":1,"res":2000},"geometry":{"type":"Point","coordinates":[-5.503594,50.37806]}},{"type":"Feature","properties":{"n":1,"res":2000},"geometry":{"type":"Point","coordinates":[-5.475519,50.378903]}},{"type":"Feature","properties":{"n":1,"res":2000},"geometry":{"type":"Point","coordinates":[-5.444839,50.343832]}},{"type":"Feature","properties":{"n":1,"res":2000},"geometry":{"type":"Point","coordinates":[-5.414205,50.308751]}},{"type":"Feature","properties":{"n":1,"res":2000},"geometry":{"type":"Point","coordinates":[-5.390004,50.363437]}},{"type":"Feature","properties":{"n":1,"res":2000},"geometry":{"type":"Point","coordinates":[-5.48607,50.522526]}},{"type":"Feature","properties":{"n":1,"res":2000},"geometry":{"type":"Point","coordinates":[-5.329345,49.897385]}},{"type":"Feature","properties":{"n":1,"res":2000},"geometry":{"type":"Point","coordinates":[-5.301544,49.89818]}},{"type":"Feature","properties":{"n":1,"res":2000},"geometry":{"type":"Point","coordinates":[-5.302772,49.916138]}},{"type":"Feature","properties":{"n":1,"res":2000},"geometry":{"type":"Point","coordinates":[-5.276178,49.934886]}},{"type":"Feature","properties":{"n":1,"res":2000},"geometry":{"type":"Point","coordinates":[-5.248355,49.93567]}},{"type":"Feature","properties":{"n":1,"res":2000},"geometry":{"type":"Point","coordinates":[-5.218136,49.900527]}},{"type":"Feature","properties":{"n":1,"res":2000},"geometry":{"type":"Point","coordinates":[-5.336789,50.005128]}},{"type":"Feature","properties":{"n":1,"res":2000},"geometry":{"type":"Point","coordinates":[-5.307694,49.987969]}},{"type":"Feature","properties":{"n":1,"res":2000},"geometry":{"type":"Point","coordinates":[-5.308927,50.005927]}},{"type":"Feature","properties":{"n":1,"res":2000},"geometry":{"type":"Point","coordinates":[-5.258126,49.988072]}},{"type":"Feature","properties":{"n":1,"res":2000},"geometry":{"type":"Point","coordinates":[-5.343457,50.088592]}},{"type":"Feature","properties":{"n":1,"res":2000},"geometry":{"type":"Point","coordinates":[-5.298026,50.070225]}},{"type":"Feature","properties":{"n":1,"res":2000},"geometry":{"type":"Point","coordinates":[-5.267845,50.036086]}},{"type":"Feature","properties":{"n":1,"res":2000},"geometry":{"type":"Point","coordinates":[-5.354337,50.256519]}},{"type":"Feature","properties":{"n":1,"res":2000},"geometry":{"type":"Point","coordinates":[-5.273534,50.27978]}},{"type":"Feature","properties":{"n":1,"res":2000},"geometry":{"type":"Point","coordinates":[-5.35813,50.310386]}},{"type":"Feature","properties":{"n":1,"res":2000},"geometry":{"type":"Point","coordinates":[-5.359397,50.328342]}},{"type":"Feature","properties":{"n":1,"res":2000},"geometry":{"type":"Point","coordinates":[-5.276479,50.348703]}},{"type":"Feature","properties":{"n":1,"res":2000},"geometry":{"type":"Point","coordinates":[-5.248415,50.349491]}},{"type":"Feature","properties":{"n":1,"res":2000},"geometry":{"type":"Point","coordinates":[-5.25087,50.385406]}},{"type":"Feature","properties":{"n":1,"res":2000},"geometry":{"type":"Point","coordinates":[-5.338911,50.436885]}},{"type":"Feature","properties":{"n":1,"res":2000},"geometry":{"type":"Point","coordinates":[-5.257031,50.475192]}},{"type":"Feature","properties":{"n":1,"res":2000},"geometry":{"type":"Point","coordinates":[-5.297692,50.653961]}},{"type":"Feature","properties":{"n":1,"res":2000},"geometry":{"type":"Point","coordinates":[-5.187961,49.865377]}},{"type":"Feature","properties":{"n":1,"res":2000},"geometry":{"type":"Point","coordinates":[-5.189145,49.883337]}},{"type":"Feature","properties":{"n":1,"res":2000},"geometry":{"type":"Point","coordinates":[-5.160176,49.866138]}},{"type":"Feature","properties":{"n":1,"res":2000},"geometry":{"type":"Point","coordinates":[-5.161349,49.884099]}},{"type":"Feature","properties":{"n":1,"res":2000},"geometry":{"type":"Point","coordinates":[-5.137049,49.938737]}},{"type":"Feature","properties":{"n":1,"res":2000},"geometry":{"type":"Point","coordinates":[-5.080243,49.922269]}},{"type":"Feature","properties":{"n":1,"res":2000},"geometry":{"type":"Point","coordinates":[-5.110377,49.957448]}},{"type":"Feature","properties":{"n":1,"res":2000},"geometry":{"type":"Point","coordinates":[-5.080601,50.130412]}},{"type":"Feature","properties":{"n":1,"res":2000},"geometry":{"type":"Point","coordinates":[-5.219603,50.322011]}},{"type":"Feature","properties":{"n":1,"res":2000},"geometry":{"type":"Point","coordinates":[-5.167073,50.387826]}},{"type":"Feature","properties":{"n":1,"res":2000},"geometry":{"type":"Point","coordinates":[-5.149797,50.371645]}},{"type":"Feature","properties":{"n":1,"res":2000},"geometry":{"type":"Point","coordinates":[-5.226444,50.440061]}},{"type":"Feature","properties":{"n":1,"res":2000},"geometry":{"type":"Point","coordinates":[-5.228891,50.475977]}},{"type":"Feature","properties":{"n":1,"res":2000},"geometry":{"type":"Point","coordinates":[-5.195904,50.404922]}},{"type":"Feature","properties":{"n":1,"res":2000},"geometry":{"type":"Point","coordinates":[-5.197113,50.42288]}},{"type":"Feature","properties":{"n":1,"res":2000},"geometry":{"type":"Point","coordinates":[-5.171405,50.459567]}},{"type":"Feature","properties":{"n":1,"res":2000},"geometry":{"type":"Point","coordinates":[-5.172608,50.477526]}},{"type":"Feature","properties":{"n":1,"res":2000},"geometry":{"type":"Point","coordinates":[-5.141475,50.408893]}},{"type":"Feature","properties":{"n":1,"res":2000},"geometry":{"type":"Point","coordinates":[-5.143272,50.460332]}},{"type":"Feature","properties":{"n":1,"res":2000},"geometry":{"type":"Point","coordinates":[-5.113241,50.415522]}},{"type":"Feature","properties":{"n":1,"res":2000},"geometry":{"type":"Point","coordinates":[-5.154045,50.62196]}},{"type":"Feature","properties":{"n":1,"res":2000},"geometry":{"type":"Point","coordinates":[-5.128201,50.658639]}},{"type":"Feature","properties":{"n":1,"res":2000},"geometry":{"type":"Point","coordinates":[-5.003484,50.032235]}},{"type":"Feature","properties":{"n":1,"res":2000},"geometry":{"type":"Point","coordinates":[-4.975597,50.032954]}},{"type":"Feature","properties":{"n":1,"res":2000},"geometry":{"type":"Point","coordinates":[-5.03477,50.085396]}},{"type":"Feature","properties":{"n":1,"res":2000},"geometry":{"type":"Point","coordinates":[-4.976708,50.050917]}},{"type":"Feature","properties":{"n":1,"res":2000},"geometry":{"type":"Point","coordinates":[-4.952121,50.105521]}},{"type":"Feature","properties":{"n":1,"res":2000},"geometry":{"type":"Point","coordinates":[-5.038292,50.175888]}},{"type":"Feature","properties":{"n":1,"res":2000},"geometry":{"type":"Point","coordinates":[-4.946754,50.205232]}},{"type":"Feature","properties":{"n":1,"res":2000},"geometry":{"type":"Point","coordinates":[-5.045848,50.258915]}},{"type":"Feature","properties":{"n":1,"res":2000},"geometry":{"type":"Point","coordinates":[-5.088173,50.479799]}},{"type":"Feature","properties":{"n":1,"res":2000},"geometry":{"type":"Point","coordinates":[-5.058321,50.444936]}},{"type":"Feature","properties":{"n":1,"res":2000},"geometry":{"type":"Point","coordinates":[-5.040405,50.465653]}},{"type":"Feature","properties":{"n":1,"res":2000},"geometry":{"type":"Point","coordinates":[-5.091693,50.533678]}},{"type":"Feature","properties":{"n":1,"res":2000},"geometry":{"type":"Point","coordinates":[-5.094046,50.569598]}},{"type":"Feature","properties":{"n":1,"res":2000},"geometry":{"type":"Point","coordinates":[-5.061187,50.498503]}},{"type":"Feature","properties":{"n":1,"res":2000},"geometry":{"type":"Point","coordinates":[-5.042037,50.499268]}},{"type":"Feature","properties":{"n":1,"res":2000},"geometry":{"type":"Point","coordinates":[-5.070522,50.642184]}},{"type":"Feature","properties":{"n":1,"res":2000},"geometry":{"type":"Point","coordinates":[-5.043439,50.660886]}},{"type":"Feature","properties":{"n":1,"res":2000},"geometry":{"type":"Point","coordinates":[-5.102317,50.695313]}},{"type":"Feature","properties":{"n":1,"res":2000},"geometry":{"type":"Point","coordinates":[-5.103504,50.713272]}},{"type":"Feature","properties":{"n":1,"res":2000},"geometry":{"type":"Point","coordinates":[-5.045765,50.696806]}},{"type":"Feature","properties":{"n":1,"res":2000},"geometry":{"type":"Point","coordinates":[-5.019796,50.733462]}},{"type":"Feature","properties":{"n":1,"res":2000},"geometry":{"type":"Point","coordinates":[-4.989208,50.698271]}},{"type":"Feature","properties":{"n":1,"res":2000},"geometry":{"type":"Point","coordinates":[-4.991496,50.734193]}},{"type":"Feature","properties":{"n":1,"res":2000},"geometry":{"type":"Point","coordinates":[-4.916554,49.98048]}},{"type":"Feature","properties":{"n":1,"res":2000},"geometry":{"type":"Point","coordinates":[-4.887619,49.963212]}},{"type":"Feature","properties":{"n":1,"res":2000},"geometry":{"type":"Point","coordinates":[-4.888695,49.981177]}},{"type":"Feature","properties":{"n":1,"res":2000},"geometry":{"type":"Point","coordinates":[-4.861901,49.999833]}},{"type":"Feature","properties":{"n":1,"res":2000},"geometry":{"type":"Point","coordinates":[-4.83403,50.000518]}},{"type":"Feature","properties":{"n":1,"res":2000},"geometry":{"type":"Point","coordinates":[-4.895184,50.21063]}},{"type":"Feature","properties":{"n":1,"res":2000},"geometry":{"type":"Point","coordinates":[-4.873709,50.197445]}},{"type":"Feature","properties":{"n":1,"res":2000},"geometry":{"type":"Point","coordinates":[-4.874263,50.215103]}},{"type":"Feature","properties":{"n":1,"res":2000},"geometry":{"type":"Point","coordinates":[-4.846792,50.2161]}},{"type":"Feature","properties":{"n":1,"res":2000},"geometry":{"type":"Point","coordinates":[-4.823809,50.228447]}},{"type":"Feature","properties":{"n":1,"res":2000},"geometry":{"type":"Point","coordinates":[-4.937645,50.541612]}},{"type":"Feature","properties":{"n":1,"res":2000},"geometry":{"type":"Point","coordinates":[-4.942791,50.559231]}},{"type":"Feature","properties":{"n":1,"res":2000},"geometry":{"type":"Point","coordinates":[-4.882256,50.583578]}},{"type":"Feature","properties":{"n":1,"res":2000},"geometry":{"type":"Point","coordinates":[-4.843471,50.523417]}},{"type":"Feature","properties":{"n":1,"res":2000},"geometry":{"type":"Point","coordinates":[-4.955282,50.609185]}},{"type":"Feature","properties":{"n":1,"res":2000},"geometry":{"type":"Point","coordinates":[-4.898825,50.610605]}},{"type":"Feature","properties":{"n":1,"res":2000},"geometry":{"type":"Point","coordinates":[-4.963195,50.734916]}},{"type":"Feature","properties":{"n":1,"res":2000},"geometry":{"type":"Point","coordinates":[-4.964329,50.752877]}},{"type":"Feature","properties":{"n":1,"res":2000},"geometry":{"type":"Point","coordinates":[-4.936016,50.753594]}},{"type":"Feature","properties":{"n":1,"res":2000},"geometry":{"type":"Point","coordinates":[-4.879384,50.755007]}},{"type":"Feature","properties":{"n":1,"res":2000},"geometry":{"type":"Point","coordinates":[-4.718479,49.931321]}},{"type":"Feature","properties":{"n":1,"res":2000},"geometry":{"type":"Point","coordinates":[-4.752462,50.038466]}},{"type":"Feature","properties":{"n":1,"res":2000},"geometry":{"type":"Point","coordinates":[-4.695662,50.021809]}},{"type":"Feature","properties":{"n":1,"res":2000},"geometry":{"type":"Point","coordinates":[-4.696669,50.039776]}},{"type":"Feature","properties":{"n":1,"res":2000},"geometry":{"type":"Point","coordinates":[-4.664791,49.96855]}},{"type":"Feature","properties":{"n":1,"res":2000},"geometry":{"type":"Point","coordinates":[-4.783478,50.091699]}},{"type":"Feature","properties":{"n":1,"res":2000},"geometry":{"type":"Point","coordinates":[-4.726603,50.075058]}},{"type":"Feature","properties":{"n":1,"res":2000},"geometry":{"type":"Point","coordinates":[-4.669768,50.05839]}},{"type":"Feature","properties":{"n":1,"res":2000},"geometry":{"type":"Point","coordinates":[-4.761758,50.200163]}},{"type":"Feature","properties":{"n":1,"res":2000},"geometry":{"type":"Point","coordinates":[-4.73274,50.182859]}},{"type":"Feature","properties":{"n":1,"res":2000},"geometry":{"type":"Point","coordinates":[-4.703744,50.165547]}},{"type":"Feature","properties":{"n":1,"res":2000},"geometry":{"type":"Point","coordinates":[-4.765853,50.271994]}},{"type":"Feature","properties":{"n":1,"res":2000},"geometry":{"type":"Point","coordinates":[-4.70985,50.273348]}},{"type":"Feature","properties":{"n":1,"res":2000},"geometry":{"type":"Point","coordinates":[-4.711893,50.309281]}},{"type":"Feature","properties":{"n":1,"res":2000},"geometry":{"type":"Point","coordinates":[-4.690689,50.327905]}},{"type":"Feature","properties":{"n":1,"res":2000},"geometry":{"type":"Point","coordinates":[-4.693243,50.341409]}},{"type":"Feature","properties":{"n":1,"res":2000},"geometry":{"type":"Point","coordinates":[-4.78909,50.667256]}},{"type":"Feature","properties":{"n":1,"res":2000},"geometry":{"type":"Point","coordinates":[-4.79229,50.721148]}},{"type":"Feature","properties":{"n":1,"res":2000},"geometry":{"type":"Point","coordinates":[-4.762934,50.703858]}},{"type":"Feature","properties":{"n":1,"res":2000},"geometry":{"type":"Point","coordinates":[-4.706355,50.705187]}},{"type":"Feature","properties":{"n":1,"res":2000},"geometry":{"type":"Point","coordinates":[-4.584103,50.024349]}},{"type":"Feature","properties":{"n":1,"res":2000},"geometry":{"type":"Point","coordinates":[-4.587002,50.078256]}},{"type":"Feature","properties":{"n":1,"res":2000},"geometry":{"type":"Point","coordinates":[-4.588939,50.114194]}},{"type":"Feature","properties":{"n":1,"res":2000},"geometry":{"type":"Point","coordinates":[-4.589909,50.132162]}},{"type":"Feature","properties":{"n":1,"res":2000},"geometry":{"type":"Point","coordinates":[-4.649789,50.202773]}},{"type":"Feature","properties":{"n":1,"res":2000},"geometry":{"type":"Point","coordinates":[-4.592825,50.186068]}},{"type":"Feature","properties":{"n":1,"res":2000},"geometry":{"type":"Point","coordinates":[-4.593799,50.204037]}},{"type":"Feature","properties":{"n":1,"res":2000},"geometry":{"type":"Point","coordinates":[-4.562915,50.150752]}},{"type":"Feature","properties":{"n":1,"res":2000},"geometry":{"type":"Point","coordinates":[-4.626733,50.293248]}},{"type":"Feature","properties":{"n":1,"res":2000},"geometry":{"type":"Point","coordinates":[-4.681485,50.708244]}},{"type":"Feature","properties":{"n":1,"res":2000},"geometry":{"type":"Point","coordinates":[-4.625879,50.761651]}},{"type":"Feature","properties":{"n":1,"res":2000},"geometry":{"type":"Point","coordinates":[-4.600063,50.767619]}},{"type":"Feature","properties":{"n":1,"res":2000},"geometry":{"type":"Point","coordinates":[-4.439172,49.919545]}},{"type":"Feature","properties":{"n":1,"res":2000},"geometry":{"type":"Point","coordinates":[-4.478085,50.134604]}},{"type":"Feature","properties":{"n":1,"res":2000},"geometry":{"type":"Point","coordinates":[-4.394206,50.136365]}},{"type":"Feature","properties":{"n":1,"res":2000},"geometry":{"type":"Point","coordinates":[-4.395104,50.154337]}},{"type":"Feature","properties":{"n":1,"res":2000},"geometry":{"type":"Point","coordinates":[-4.397804,50.20825]}},{"type":"Feature","properties":{"n":1,"res":2000},"geometry":{"type":"Point","coordinates":[-4.486482,50.296334]}},{"type":"Feature","properties":{"n":1,"res":2000},"geometry":{"type":"Point","coordinates":[-4.457503,50.278961]}},{"type":"Feature","properties":{"n":1,"res":2000},"geometry":{"type":"Point","coordinates":[-4.458429,50.296932]}},{"type":"Feature","properties":{"n":1,"res":2000},"geometry":{"type":"Point","coordinates":[-4.401415,50.280134]}},{"type":"Feature","properties":{"n":1,"res":2000},"geometry":{"type":"Point","coordinates":[-4.40232,50.298105]}},{"type":"Feature","properties":{"n":1,"res":2000},"geometry":{"type":"Point","coordinates":[-4.403226,50.316076]}},{"type":"Feature","properties":{"n":1,"res":2000},"geometry":{"type":"Point","coordinates":[-4.432203,50.333461]}},{"type":"Feature","properties":{"n":1,"res":2000},"geometry":{"type":"Point","coordinates":[-4.404133,50.334047]}},{"type":"Feature","properties":{"n":1,"res":2000},"geometry":{"type":"Point","coordinates":[-4.405477,50.36224]}},{"type":"Feature","properties":{"n":1,"res":2000},"geometry":{"type":"Point","coordinates":[-4.33304,50.029671]}},{"type":"Feature","properties":{"n":1,"res":2000},"geometry":{"type":"Point","coordinates":[-4.366245,50.136939]}},{"type":"Feature","properties":{"n":1,"res":2000},"geometry":{"type":"Point","coordinates":[-4.251018,50.067272]}},{"type":"Feature","properties":{"n":1,"res":2000},"geometry":{"type":"Point","coordinates":[-4.254391,50.139165]}},{"type":"Feature","properties":{"n":1,"res":2000},"geometry":{"type":"Point","coordinates":[-4.368021,50.172882]}},{"type":"Feature","properties":{"n":1,"res":2000},"geometry":{"type":"Point","coordinates":[-4.342676,50.227365]}},{"type":"Feature","properties":{"n":1,"res":2000},"geometry":{"type":"Point","coordinates":[-4.311187,50.156038]}},{"type":"Feature","properties":{"n":1,"res":2000},"geometry":{"type":"Point","coordinates":[-4.312054,50.17401]}},{"type":"Feature","properties":{"n":1,"res":2000},"geometry":{"type":"Point","coordinates":[-4.255237,50.157138]}},{"type":"Feature","properties":{"n":1,"res":2000},"geometry":{"type":"Point","coordinates":[-4.256931,50.193084]}},{"type":"Feature","properties":{"n":1,"res":2000},"geometry":{"type":"Point","coordinates":[-4.37516,50.316653]}},{"type":"Feature","properties":{"n":1,"res":2000},"geometry":{"type":"Point","coordinates":[-4.345324,50.28128]}},{"type":"Feature","properties":{"n":1,"res":2000},"geometry":{"type":"Point","coordinates":[-4.346208,50.299252]}},{"type":"Feature","properties":{"n":1,"res":2000},"geometry":{"type":"Point","coordinates":[-4.315532,50.245899]}},{"type":"Feature","properties":{"n":1,"res":2000},"geometry":{"type":"Point","coordinates":[-4.289229,50.282399]}},{"type":"Feature","properties":{"n":1,"res":2000},"geometry":{"type":"Point","coordinates":[-4.290955,50.318344]}},{"type":"Feature","properties":{"n":1,"res":2000},"geometry":{"type":"Point","coordinates":[-4.349043,50.352452]}},{"type":"Feature","properties":{"n":1,"res":2000},"geometry":{"type":"Point","coordinates":[-4.3199,50.335759]}},{"type":"Feature","properties":{"n":1,"res":2000},"geometry":{"type":"Point","coordinates":[-4.293645,50.351972]}},{"type":"Feature","properties":{"n":1,"res":2000},"geometry":{"type":"Point","coordinates":[-4.263863,50.336779]}},{"type":"Feature","properties":{"n":1,"res":2000},"geometry":{"type":"Point","coordinates":[-4.197635,50.122264]}},{"type":"Feature","properties":{"n":1,"res":2000},"geometry":{"type":"Point","coordinates":[-4.227261,50.157678]}},{"type":"Feature","properties":{"n":1,"res":2000},"geometry":{"type":"Point","coordinates":[-4.228934,50.193625]}},{"type":"Feature","properties":{"n":1,"res":2000},"geometry":{"type":"Point","coordinates":[-4.229772,50.211599]}},{"type":"Feature","properties":{"n":1,"res":2000},"geometry":{"type":"Point","coordinates":[-4.171306,50.158738]}},{"type":"Feature","properties":{"n":1,"res":2000},"geometry":{"type":"Point","coordinates":[-4.116937,50.195721]}},{"type":"Feature","properties":{"n":1,"res":2000},"geometry":{"type":"Point","coordinates":[-4.23313,50.283491]}},{"type":"Feature","properties":{"n":1,"res":2000},"geometry":{"type":"Point","coordinates":[-4.20342,50.24808]}},{"type":"Feature","properties":{"n":1,"res":2000},"geometry":{"type":"Point","coordinates":[-4.20508,50.284027]}},{"type":"Feature","properties":{"n":1,"res":2000},"geometry":{"type":"Point","coordinates":[-4.205461,50.314289]}},{"type":"Feature","properties":{"n":1,"res":2000},"geometry":{"type":"Point","coordinates":[-4.176209,50.266582]}},{"type":"Feature","properties":{"n":1,"res":2000},"geometry":{"type":"Point","coordinates":[-4.120124,50.267619]}},{"type":"Feature","properties":{"n":1,"res":2000},"geometry":{"type":"Point","coordinates":[-4.120924,50.285594]}},{"type":"Feature","properties":{"n":1,"res":2000},"geometry":{"type":"Point","coordinates":[-4.178222,50.336051]}},{"type":"Feature","properties":{"n":1,"res":2000},"geometry":{"type":"Point","coordinates":[-4.189595,50.374122]}},{"type":"Feature","properties":{"n":1,"res":2000},"geometry":{"type":"Point","coordinates":[-4.081128,50.016475]}},{"type":"Feature","properties":{"n":1,"res":2000},"geometry":{"type":"Point","coordinates":[-4.051699,49.98102]}},{"type":"Feature","properties":{"n":1,"res":2000},"geometry":{"type":"Point","coordinates":[-4.087368,50.160278]}},{"type":"Feature","properties":{"n":1,"res":2000},"geometry":{"type":"Point","coordinates":[-4.088152,50.178253]}},{"type":"Feature","properties":{"n":1,"res":2000},"geometry":{"type":"Point","coordinates":[-4.06016,50.178753]}},{"type":"Feature","properties":{"n":1,"res":2000},"geometry":{"type":"Point","coordinates":[-4.031405,50.161271]}},{"type":"Feature","properties":{"n":1,"res":2000},"geometry":{"type":"Point","coordinates":[-4.032168,50.179247]}},{"type":"Feature","properties":{"n":1,"res":2000},"geometry":{"type":"Point","coordinates":[-4.003423,50.161757]}},{"type":"Feature","properties":{"n":1,"res":2000},"geometry":{"type":"Point","coordinates":[-4.004928,50.197709]}},{"type":"Feature","properties":{"n":1,"res":2000},"geometry":{"type":"Point","coordinates":[-4.091293,50.250153]}},{"type":"Feature","properties":{"n":1,"res":2000},"geometry":{"type":"Point","coordinates":[-4.092081,50.268128]}},{"type":"Feature","properties":{"n":1,"res":2000},"geometry":{"type":"Point","coordinates":[-4.09287,50.286102]}},{"type":"Feature","properties":{"n":1,"res":2000},"geometry":{"type":"Point","coordinates":[-4.09351,50.314932]}},{"type":"Feature","properties":{"n":1,"res":2000},"geometry":{"type":"Point","coordinates":[-4.043554,50.312458]}},{"type":"Feature","properties":{"n":1,"res":2000},"geometry":{"type":"Point","coordinates":[-4.046716,50.326592]}},{"type":"Feature","properties":{"n":1,"res":2000},"geometry":{"type":"Point","coordinates":[-4.007947,50.269612]}},{"type":"Feature","properties":{"n":1,"res":2000},"geometry":{"type":"Point","coordinates":[-4.005869,50.299746]}},{"type":"Feature","properties":{"n":1,"res":2000},"geometry":{"type":"Point","coordinates":[-3.9799,50.270094]}},{"type":"Feature","properties":{"n":1,"res":2000},"geometry":{"type":"Point","coordinates":[-3.980646,50.28807]}},{"type":"Feature","properties":{"n":1,"res":2000},"geometry":{"type":"Point","coordinates":[-4.034844,50.336659]}},{"type":"Feature","properties":{"n":1,"res":2000},"geometry":{"type":"Point","coordinates":[-3.945267,50.108779]}},{"type":"Feature","properties":{"n":1,"res":2000},"geometry":{"type":"Point","coordinates":[-3.945995,50.126756]}},{"type":"Feature","properties":{"n":1,"res":2000},"geometry":{"type":"Point","coordinates":[-3.946725,50.144733]}},{"type":"Feature","properties":{"n":1,"res":2000},"geometry":{"type":"Point","coordinates":[-3.832762,50.092621]}},{"type":"Feature","properties":{"n":1,"res":2000},"geometry":{"type":"Point","coordinates":[-3.834823,50.146556]}},{"type":"Feature","properties":{"n":1,"res":2000},"geometry":{"type":"Point","coordinates":[-3.919471,50.163176]}},{"type":"Feature","properties":{"n":1,"res":2000},"geometry":{"type":"Point","coordinates":[-3.920191,50.181153]}},{"type":"Feature","properties":{"n":1,"res":2000},"geometry":{"type":"Point","coordinates":[-3.922357,50.235083]}},{"type":"Feature","properties":{"n":1,"res":2000},"geometry":{"type":"Point","coordinates":[-3.835512,50.164533]}},{"type":"Feature","properties":{"n":1,"res":2000},"geometry":{"type":"Point","coordinates":[-3.846196,50.229016]}},{"type":"Feature","properties":{"n":1,"res":2000},"geometry":{"type":"Point","coordinates":[-3.951853,50.270568]}},{"type":"Feature","properties":{"n":1,"res":2000},"geometry":{"type":"Point","coordinates":[-3.953474,50.30372]}},{"type":"Feature","properties":{"n":1,"res":2000},"geometry":{"type":"Point","coordinates":[-3.923806,50.271036]}},{"type":"Feature","properties":{"n":1,"res":2000},"geometry":{"type":"Point","coordinates":[-3.746962,50.039978]}},{"type":"Feature","properties":{"n":1,"res":2000},"geometry":{"type":"Point","coordinates":[-3.69176,50.058785]}},{"type":"Feature","properties":{"n":1,"res":2000},"geometry":{"type":"Point","coordinates":[-3.75089,50.147852]}},{"type":"Feature","properties":{"n":1,"res":2000},"geometry":{"type":"Point","coordinates":[-3.69366,50.112723]}},{"type":"Feature","properties":{"n":1,"res":2000},"geometry":{"type":"Point","coordinates":[-3.807524,50.164972]}},{"type":"Feature","properties":{"n":1,"res":2000},"geometry":{"type":"Point","coordinates":[-3.780204,50.183383]}},{"type":"Feature","properties":{"n":1,"res":2000},"geometry":{"type":"Point","coordinates":[-3.751547,50.16583]}},{"type":"Feature","properties":{"n":1,"res":2000},"geometry":{"type":"Point","coordinates":[-3.752204,50.183809]}},{"type":"Feature","properties":{"n":1,"res":2000},"geometry":{"type":"Point","coordinates":[-3.696204,50.184641]}},{"type":"Feature","properties":{"n":1,"res":2000},"geometry":{"type":"Point","coordinates":[-3.664455,50.077169]}},{"type":"Feature","properties":{"n":1,"res":2000},"geometry":{"type":"Point","coordinates":[-3.665701,50.113128]}},{"type":"Feature","properties":{"n":1,"res":2000},"geometry":{"type":"Point","coordinates":[-3.666951,50.149087]}},{"type":"Feature","properties":{"n":1,"res":2000},"geometry":{"type":"Point","coordinates":[-3.610987,50.149877]}},{"type":"Feature","properties":{"n":1,"res":2000},"geometry":{"type":"Point","coordinates":[-3.553275,50.096699]}},{"type":"Feature","properties":{"n":1,"res":2000},"geometry":{"type":"Point","coordinates":[-3.670252,50.216408]}},{"type":"Feature","properties":{"n":1,"res":2000},"geometry":{"type":"Point","coordinates":[-3.639584,50.167465]}},{"type":"Feature","properties":{"n":1,"res":2000},"geometry":{"type":"Point","coordinates":[-3.642051,50.239383]}},{"type":"Feature","properties":{"n":1,"res":2000},"geometry":{"type":"Point","coordinates":[-3.614017,50.239776]}},{"type":"Feature","properties":{"n":1,"res":2000},"geometry":{"type":"Point","coordinates":[-3.585981,50.240162]}},{"type":"Feature","properties":{"n":1,"res":2000},"geometry":{"type":"Point","coordinates":[-3.556774,50.204581]}},{"type":"Feature","properties":{"n":1,"res":2000},"geometry":{"type":"Point","coordinates":[-3.635633,50.291125]}},{"type":"Feature","properties":{"n":1,"res":2000},"geometry":{"type":"Point","coordinates":[-3.587177,50.276122]}},{"type":"Feature","properties":{"n":1,"res":2000},"geometry":{"type":"Point","coordinates":[-3.588155,50.31192]}},{"type":"Feature","properties":{"n":1,"res":2000},"geometry":{"type":"Point","coordinates":[-3.558533,50.258522]}},{"type":"Feature","properties":{"n":1,"res":2000},"geometry":{"type":"Point","coordinates":[-3.5604,50.340105]}},{"type":"Feature","properties":{"n":1,"res":2000},"geometry":{"type":"Point","coordinates":[-3.55255,50.408745]}},{"type":"Feature","properties":{"n":1,"res":2000},"geometry":{"type":"Point","coordinates":[-3.553938,50.438167]}},{"type":"Feature","properties":{"n":1,"res":2000},"geometry":{"type":"Point","coordinates":[-3.463398,49.899992]}},{"type":"Feature","properties":{"n":1,"res":2000},"geometry":{"type":"Point","coordinates":[-3.527039,50.151012]}},{"type":"Feature","properties":{"n":1,"res":2000},"geometry":{"type":"Point","coordinates":[-3.470518,50.133753]}},{"type":"Feature","properties":{"n":1,"res":2000},"geometry":{"type":"Point","coordinates":[-3.47107,50.151734]}},{"type":"Feature","properties":{"n":1,"res":2000},"geometry":{"type":"Point","coordinates":[-3.442544,50.134104]}},{"type":"Feature","properties":{"n":1,"res":2000},"geometry":{"type":"Point","coordinates":[-3.414568,50.134448]}},{"type":"Feature","properties":{"n":1,"res":2000},"geometry":{"type":"Point","coordinates":[-3.52876,50.204954]}},{"type":"Feature","properties":{"n":1,"res":2000},"geometry":{"type":"Point","coordinates":[-3.473282,50.223659]}},{"type":"Feature","properties":{"n":1,"res":2000},"geometry":{"type":"Point","coordinates":[-3.444169,50.188048]}},{"type":"Feature","properties":{"n":1,"res":2000},"geometry":{"type":"Point","coordinates":[-3.416694,50.206375]}},{"type":"Feature","properties":{"n":1,"res":2000},"geometry":{"type":"Point","coordinates":[-3.531063,50.276875]}},{"type":"Feature","properties":{"n":1,"res":2000},"geometry":{"type":"Point","coordinates":[-3.532218,50.312836]}},{"type":"Feature","properties":{"n":1,"res":2000},"geometry":{"type":"Point","coordinates":[-3.475502,50.295582]}},{"type":"Feature","properties":{"n":1,"res":2000},"geometry":{"type":"Point","coordinates":[-3.535697,50.420716]}},{"type":"Feature","properties":{"n":1,"res":2000},"geometry":{"type":"Point","coordinates":[-3.504315,50.366705]}},{"type":"Feature","properties":{"n":1,"res":2000},"geometry":{"type":"Point","coordinates":[-3.500335,50.376748]}},{"type":"Feature","properties":{"n":1,"res":2000},"geometry":{"type":"Point","coordinates":[-3.507554,50.421084]}},{"type":"Feature","properties":{"n":1,"res":2000},"geometry":{"type":"Point","coordinates":[-3.477732,50.367504]}},{"type":"Feature","properties":{"n":1,"res":2000},"geometry":{"type":"Point","coordinates":[-3.422046,50.386186]}},{"type":"Feature","properties":{"n":1,"res":2000},"geometry":{"type":"Point","coordinates":[-3.423123,50.422147]}},{"type":"Feature","properties":{"n":1,"res":2000},"geometry":{"type":"Point","coordinates":[-3.536279,50.438696]}},{"type":"Feature","properties":{"n":1,"res":2000},"geometry":{"type":"Point","coordinates":[-3.502388,50.479447]}},{"type":"Feature","properties":{"n":1,"res":2000},"geometry":{"type":"Point","coordinates":[-3.479972,50.439426]}},{"type":"Feature","properties":{"n":1,"res":2000},"geometry":{"type":"Point","coordinates":[-3.482219,50.511346]}},{"type":"Feature","properties":{"n":1,"res":2000},"geometry":{"type":"Point","coordinates":[-3.425284,50.49407]}},{"type":"Feature","properties":{"n":1,"res":2000},"geometry":{"type":"Point","coordinates":[-3.500342,50.526104]}},{"type":"Feature","properties":{"n":1,"res":2000},"geometry":{"type":"Point","coordinates":[-3.511574,50.543342]}},{"type":"Feature","properties":{"n":1,"res":2000},"geometry":{"type":"Point","coordinates":[-3.480781,50.54612]}},{"type":"Feature","properties":{"n":1,"res":2000},"geometry":{"type":"Point","coordinates":[-3.452186,50.581317]}},{"type":"Feature","properties":{"n":1,"res":2000},"geometry":{"type":"Point","coordinates":[-3.271825,50.028171]}},{"type":"Feature","properties":{"n":1,"res":2000},"geometry":{"type":"Point","coordinates":[-3.388154,50.188731]}},{"type":"Feature","properties":{"n":1,"res":2000},"geometry":{"type":"Point","coordinates":[-3.392869,50.350564]}},{"type":"Feature","properties":{"n":1,"res":2000},"geometry":{"type":"Point","coordinates":[-3.281908,50.405803]}},{"type":"Feature","properties":{"n":1,"res":2000},"geometry":{"type":"Point","coordinates":[-3.399755,50.584314]}},{"type":"Feature","properties":{"n":1,"res":2000},"geometry":{"type":"Point","coordinates":[-3.371837,50.600978]}},{"type":"Feature","properties":{"n":1,"res":2000},"geometry":{"type":"Point","coordinates":[-3.315556,50.620587]}},{"type":"Feature","properties":{"n":1,"res":2000},"geometry":{"type":"Point","coordinates":[-3.18852,50.047043]}},{"type":"Feature","properties":{"n":1,"res":2000},"geometry":{"type":"Point","coordinates":[-3.188965,50.065026]}},{"type":"Feature","properties":{"n":1,"res":2000},"geometry":{"type":"Point","coordinates":[-3.163204,50.155227]}},{"type":"Feature","properties":{"n":1,"res":2000},"geometry":{"type":"Point","coordinates":[-3.134362,50.119537]}},{"type":"Feature","properties":{"n":1,"res":2000},"geometry":{"type":"Point","coordinates":[-3.192537,50.208892]}},{"type":"Feature","properties":{"n":1,"res":2000},"geometry":{"type":"Point","coordinates":[-3.164953,50.22716]}},{"type":"Feature","properties":{"n":1,"res":2000},"geometry":{"type":"Point","coordinates":[-3.25046,50.280234]}},{"type":"Feature","properties":{"n":1,"res":2000},"geometry":{"type":"Point","coordinates":[-3.251876,50.334181]}},{"type":"Feature","properties":{"n":1,"res":2000},"geometry":{"type":"Point","coordinates":[-3.138206,50.281388]}},{"type":"Feature","properties":{"n":1,"res":2000},"geometry":{"type":"Point","coordinates":[-3.232176,50.658154]}},{"type":"Feature","properties":{"n":1,"res":2000},"geometry":{"type":"Point","coordinates":[-3.231464,50.672973]}},{"type":"Feature","properties":{"n":1,"res":2000},"geometry":{"type":"Point","coordinates":[-3.203888,50.65845]}},{"type":"Feature","properties":{"n":1,"res":2000},"geometry":{"type":"Point","coordinates":[-3.076004,50.012165]}},{"type":"Feature","properties":{"n":1,"res":2000},"geometry":{"type":"Point","coordinates":[-2.991907,49.994926]}},{"type":"Feature","properties":{"n":1,"res":2000},"geometry":{"type":"Point","coordinates":[-3.051633,50.174279]}},{"type":"Feature","properties":{"n":1,"res":2000},"geometry":{"type":"Point","coordinates":[-2.999385,50.354613]}},{"type":"Feature","properties":{"n":1,"res":2000},"geometry":{"type":"Point","coordinates":[-2.920986,50.66103]}},{"type":"Feature","properties":{"n":1,"res":2000},"geometry":{"type":"Point","coordinates":[-2.826669,50.122136]}},{"type":"Feature","properties":{"n":1,"res":2000},"geometry":{"type":"Point","coordinates":[-2.803524,50.410091]}},{"type":"Feature","properties":{"n":1,"res":2000},"geometry":{"type":"Point","coordinates":[-2.777739,50.554158]}},{"type":"Feature","properties":{"n":1,"res":2000},"geometry":{"type":"Point","coordinates":[-2.602416,50.087541]}},{"type":"Feature","properties":{"n":1,"res":2000},"geometry":{"type":"Point","coordinates":[-2.579907,50.537326]}},{"type":"Feature","properties":{"n":1,"res":2000},"geometry":{"type":"Point","coordinates":[-2.637804,50.644938]}},{"type":"Feature","properties":{"n":1,"res":2000},"geometry":{"type":"Point","coordinates":[-2.611107,50.643847]}},{"type":"Feature","properties":{"n":1,"res":2000},"geometry":{"type":"Point","coordinates":[-2.460913,49.908313]}},{"type":"Feature","properties":{"n":1,"res":2000},"geometry":{"type":"Point","coordinates":[-2.434518,50.070304]}},{"type":"Feature","properties":{"n":1,"res":2000},"geometry":{"type":"Point","coordinates":[-2.492254,50.249945]}},{"type":"Feature","properties":{"n":1,"res":2000},"geometry":{"type":"Point","coordinates":[-2.437307,50.376072]}},{"type":"Feature","properties":{"n":1,"res":2000},"geometry":{"type":"Point","coordinates":[-2.551057,50.483507]}},{"type":"Feature","properties":{"n":1,"res":2000},"geometry":{"type":"Point","coordinates":[-2.468849,50.519788]}},{"type":"Feature","properties":{"n":1,"res":2000},"geometry":{"type":"Point","coordinates":[-2.438469,50.501972]}},{"type":"Feature","properties":{"n":1,"res":2000},"geometry":{"type":"Point","coordinates":[-2.552667,50.60931]}},{"type":"Feature","properties":{"n":1,"res":2000},"geometry":{"type":"Point","coordinates":[-2.468069,50.537908]}},{"type":"Feature","properties":{"n":1,"res":2000},"geometry":{"type":"Point","coordinates":[-2.472692,50.57083]}},{"type":"Feature","properties":{"n":1,"res":2000},"geometry":{"type":"Point","coordinates":[-2.451399,50.556567]}},{"type":"Feature","properties":{"n":1,"res":2000},"geometry":{"type":"Point","coordinates":[-2.437833,50.610077]}},{"type":"Feature","properties":{"n":1,"res":2000},"geometry":{"type":"Point","coordinates":[-2.405662,49.962483]}},{"type":"Feature","properties":{"n":1,"res":2000},"geometry":{"type":"Point","coordinates":[-2.407794,50.214299]}},{"type":"Feature","properties":{"n":1,"res":2000},"geometry":{"type":"Point","coordinates":[-2.379621,50.196407]}},{"type":"Feature","properties":{"n":1,"res":2000},"geometry":{"type":"Point","coordinates":[-2.379764,50.214394]}},{"type":"Feature","properties":{"n":1,"res":2000},"geometry":{"type":"Point","coordinates":[-2.381345,50.412242]}},{"type":"Feature","properties":{"n":1,"res":2000},"geometry":{"type":"Point","coordinates":[-2.408497,50.556688]}},{"type":"Feature","properties":{"n":1,"res":2000},"geometry":{"type":"Point","coordinates":[-2.328796,50.623767]}},{"type":"Feature","properties":{"n":1,"res":2000},"geometry":{"type":"Point","coordinates":[-2.210395,49.945014]}},{"type":"Feature","properties":{"n":1,"res":2000},"geometry":{"type":"Point","coordinates":[-2.266441,49.998862]}},{"type":"Feature","properties":{"n":1,"res":2000},"geometry":{"type":"Point","coordinates":[-2.238625,50.01691]}},{"type":"Feature","properties":{"n":1,"res":2000},"geometry":{"type":"Point","coordinates":[-2.182931,50.052986]}},{"type":"Feature","properties":{"n":1,"res":2000},"geometry":{"type":"Point","coordinates":[-2.155226,50.124976]}},{"type":"Feature","properties":{"n":1,"res":2000},"geometry":{"type":"Point","coordinates":[-2.239612,50.214768]}},{"type":"Feature","properties":{"n":1,"res":2000},"geometry":{"type":"Point","coordinates":[-2.239702,50.232754]}},{"type":"Feature","properties":{"n":1,"res":2000},"geometry":{"type":"Point","coordinates":[-2.241158,50.520534]}},{"type":"Feature","properties":{"n":1,"res":2000},"geometry":{"type":"Point","coordinates":[-2.04315,49.945197]}},{"type":"Feature","properties":{"n":1,"res":2000},"geometry":{"type":"Point","coordinates":[-2.043692,50.538762]}},{"type":"Feature","properties":{"n":1,"res":2000},"geometry":{"type":"Point","coordinates":[-2.015475,50.556756]}},{"type":"Feature","properties":{"n":1,"res":2000},"geometry":{"type":"Point","coordinates":[-1.959391,50.107086]}},{"type":"Feature","properties":{"n":1,"res":2000},"geometry":{"type":"Point","coordinates":[-1.902873,50.394841]}},{"type":"Feature","properties":{"n":1,"res":2000},"geometry":{"type":"Point","coordinates":[-1.959071,50.484806]}},{"type":"Feature","properties":{"n":1,"res":2000},"geometry":{"type":"Point","coordinates":[-1.987356,50.587345]}},{"type":"Feature","properties":{"n":1,"res":2000},"geometry":{"type":"Point","coordinates":[-1.930688,50.610695]}},{"type":"Feature","properties":{"n":1,"res":2000},"geometry":{"type":"Point","coordinates":[-1.928751,50.627273]}},{"type":"Feature","properties":{"n":1,"res":2000},"geometry":{"type":"Point","coordinates":[-1.901159,50.699747]}},{"type":"Feature","properties":{"n":1,"res":2000},"geometry":{"type":"Point","coordinates":[-1.79127,50.178854]}},{"type":"Feature","properties":{"n":1,"res":2000},"geometry":{"type":"Point","coordinates":[-1.73243,50.68235]}},{"type":"Feature","properties":{"n":1,"res":2000},"geometry":{"type":"Point","coordinates":[-1.647909,50.628168]}},{"type":"Feature","properties":{"n":1,"res":2000},"geometry":{"type":"Point","coordinates":[-1.619052,50.70002]}},{"type":"Feature","properties":{"n":1,"res":2000},"geometry":{"type":"Point","coordinates":[-1.591436,50.66401]}},{"type":"Feature","properties":{"n":1,"res":2000},"geometry":{"type":"Point","coordinates":[-1.533919,50.717697]}},{"type":"Feature","properties":{"n":1,"res":2000},"geometry":{"type":"Point","coordinates":[-1.50559,50.71758]}},{"type":"Feature","properties":{"n":1,"res":2000},"geometry":{"type":"Point","coordinates":[-1.365887,50.573018]}},{"type":"Feature","properties":{"n":1,"res":2000},"geometry":{"type":"Point","coordinates":[-1.197664,50.500036]}},{"type":"Feature","properties":{"n":1,"res":2000},"geometry":{"type":"Point","coordinates":[-1.280327,50.570707]}},{"type":"Feature","properties":{"n":1,"res":2000},"geometry":{"type":"Point","coordinates":[-1.25261,50.571966]}},{"type":"Feature","properties":{"n":1,"res":2000},"geometry":{"type":"Point","coordinates":[-1.165039,50.607272]}},{"type":"Feature","properties":{"n":1,"res":2000},"geometry":{"type":"Point","coordinates":[-1.167334,50.781818]}},{"type":"Feature","properties":{"n":1,"res":2000},"geometry":{"type":"Point","coordinates":[-1.139309,50.607536]}},{"type":"Feature","properties":{"n":1,"res":2000},"geometry":{"type":"Point","coordinates":[-1.083487,50.571139]}},{"type":"Feature","properties":{"n":1,"res":2000},"geometry":{"type":"Point","coordinates":[-0.702382,50.775782]}},{"type":"Feature","properties":{"n":1,"res":2000},"geometry":{"type":"Point","coordinates":[-0.566456,50.794638]}},{"type":"Feature","properties":{"n":1,"res":2000},"geometry":{"type":"Point","coordinates":[-0.170338,50.812195]}},{"type":"Feature","properties":{"n":1,"res":2000},"geometry":{"type":"Point","coordinates":[-0.487697,50.654862]}},{"type":"Feature","properties":{"n":1,"res":2000},"geometry":{"type":"Point","coordinates":[-0.286195,49.968525]}}]}