{"type":"FeatureCollection", "features": [
{"type":"Feature","geometry":{"type":"Polygon","coordinates":[[[-2.31646,51.07982],[-2.31681,51.07984],[-2.31726,51.07992],[-2.31753,51.07999],[-2.31802,51.08014],[-2.31898,51.08049],[-2.31928,51.08057],[-2.31962,51.08063],[-2.31996,51.08085],[-2.32022,51.08095],[-2.32055,51.08099],[-2.32076,51.08098],[-2.32186,51.08081],[-2.32286,51.08059],[-2.32364,51.0803],[-2.3238,51.08026],[-2.32424,51.08026],[-2.32435,51.08023],[-2.32466,51.07996],[-2.32492,51.07983],[-2.32514,51.07979],[-2.32554,51.07977],[-2.32585,51.07968],[-2.3261,51.07943],[-2.32623,51.07924],[-2.32647,51.07897],[-2.32667,51.07882],[-2.32761,51.07827],[-2.32775,51.07821],[-2.3281,51.07814],[-2.3284,51.07805],[-2.3285,51.07796],[-2.32843,51.0778],[-2.32868,51.07764],[-2.32878,51.07749],[-2.32896,51.07731],[-2.32919,51.07713],[-2.32996,51.07671],[-2.3304,51.07652],[-2.33095,51.07636],[-2.33186,51.07604],[-2.33285,51.07571],[-2.33364,51.0755],[-2.33437,51.07526],[-2.33486,51.07515],[-2.33517,51.0751],[-2.33595,51.07488],[-2.33661,51.07473],[-2.33754,51.07462],[-2.33802,51.0746],[-2.33913,51.07465],[-2.34016,51.07483],[-2.34115,51.07497],[-2.34172,51.075],[-2.34218,51.07502],[-2.34255,51.07501],[-2.34272,51.07498],[-2.34318,51.07483],[-2.34367,51.07464],[-2.34428,51.07432],[-2.34436,51.07432],[-2.34462,51.07419],[-2.34512,51.07382],[-2.34577,51.0734],[-2.3462,51.07319],[-2.347,51.07275],[-2.34709,51.07269],[-2.34766,51.07185],[-2.34764,51.0718],[-2.34791,51.07163],[-2.34817,51.07143],[-2.34846,51.07114],[-2.34889,51.07089],[-2.34912,51.07073],[-2.34913,51.07035],[-2.34925,51.07033],[-2.34934,51.07004],[-2.34958,51.06958],[-2.34983,51.06917],[-2.3499,51.06901],[-2.34996,51.06858],[-2.34946,51.06689],[-2.34941,51.06659],[-2.3494,51.06631],[-2.34944,51.06596],[-2.3495,51.0656],[-2.34952,51.06529],[-2.34952,51.06501],[-2.34944,51.06478],[-2.34946,51.06412],[-2.3496,51.06394],[-2.34994,51.06366],[-2.34975,51.06351],[-2.34959,51.06318],[-2.34952,51.06301],[-2.34951,51.06267],[-2.34961,51.06231],[-2.34966,51.06204],[-2.34962,51.06181],[-2.34955,51.06167],[-2.34926,51.06124],[-2.34909,51.06106],[-2.34875,51.06073],[-2.34851,51.06042],[-2.34831,51.06027],[-2.3478,51.05997],[-2.3476,51.05978],[-2.3473,51.05939],[-2.34684,51.05894],[-2.34644,51.05849],[-2.34619,51.05805],[-2.346,51.05776],[-2.34589,51.05777],[-2.3454,51.05704],[-2.34517,51.05673],[-2.34497,51.05636],[-2.34472,51.05588],[-2.34467,51.05574],[-2.34448,51.05548],[-2.34281,51.05593],[-2.34234,51.05604],[-2.34201,51.05608],[-2.34138,51.05608],[-2.34071,51.05609],[-2.34011,51.05606],[-2.3399,51.0559],[-2.33893,51.05519],[-2.33803,51.05452],[-2.33691,51.05399],[-2.33612,51.05359],[-2.33555,51.05311],[-2.33507,51.05277],[-2.33485,51.05258],[-2.33493,51.05243],[-2.3345,51.05211],[-2.33395,51.0518],[-2.33358,51.05156],[-2.33344,51.05152],[-2.33327,51.05153],[-2.33315,51.05143],[-2.33327,51.05123],[-2.33325,51.0511],[-2.33317,51.05105],[-2.33292,51.05099],[-2.33285,51.05092],[-2.33281,51.05076],[-2.33264,51.05059],[-2.33268,51.05029],[-2.3328,51.05013],[-2.33268,51.04974],[-2.33254,51.04953],[-2.33259,51.04928],[-2.33272,51.04887],[-2.33271,51.04872],[-2.33287,51.04816],[-2.33303,51.04798],[-2.33302,51.0479],[-2.33321,51.04771],[-2.33321,51.04756],[-2.33327,51.04749],[-2.33323,51.04735],[-2.33329,51.04715],[-2.33331,51.04674],[-2.33308,51.04644],[-2.33286,51.0463],[-2.3327,51.0461],[-2.33243,51.04602],[-2.33225,51.04563],[-2.33196,51.04519],[-2.33171,51.04469],[-2.33145,51.04438],[-2.33132,51.0443],[-2.33099,51.04419],[-2.3306,51.04388],[-2.33037,51.0438],[-2.33016,51.04338],[-2.33005,51.04299],[-2.32993,51.04287],[-2.32992,51.04251],[-2.32986,51.04236],[-2.32965,51.04224],[-2.32964,51.04215],[-2.33008,51.04205],[-2.32996,51.04168],[-2.32996,51.04146],[-2.33001,51.04135],[-2.33015,51.04119],[-2.3304,51.04102],[-2.33077,51.04065],[-2.33097,51.0405],[-2.33134,51.04032],[-2.33171,51.04011],[-2.33174,51.03998],[-2.33183,51.03988],[-2.33209,51.03977],[-2.33231,51.03971],[-2.3326,51.03971],[-2.3329,51.03968],[-2.33428,51.03964],[-2.33478,51.03961],[-2.33542,51.03961],[-2.33553,51.0398],[-2.33566,51.0399],[-2.33588,51.03994],[-2.33608,51.03993],[-2.33623,51.03957],[-2.3364,51.03929],[-2.33647,51.03902],[-2.33648,51.03855],[-2.33653,51.03823],[-2.33663,51.03805],[-2.33683,51.03784],[-2.33717,51.03754],[-2.33773,51.03699],[-2.33792,51.0369],[-2.33842,51.03683],[-2.33892,51.03691],[-2.33921,51.0367],[-2.33936,51.03673],[-2.33969,51.03644],[-2.34004,51.03621],[-2.34058,51.03601],[-2.34121,51.03576],[-2.3416,51.03564],[-2.34154,51.03548],[-2.34221,51.03531],[-2.34275,51.03522],[-2.34287,51.03479],[-2.34293,51.03432],[-2.34317,51.03382],[-2.34341,51.03336],[-2.34353,51.03319],[-2.34378,51.03298],[-2.34432,51.0327],[-2.34425,51.03252],[-2.34453,51.03244],[-2.34492,51.03235],[-2.34575,51.03221],[-2.34605,51.03216],[-2.34705,51.03189],[-2.34729,51.03181],[-2.34736,51.03154],[-2.34755,51.03133],[-2.34753,51.03125],[-2.3484,51.03085],[-2.34907,51.03062],[-2.34935,51.03051],[-2.34947,51.0304],[-2.34959,51.03015],[-2.34977,51.03008],[-2.34989,51.02998],[-2.35024,51.02986],[-2.35046,51.02973],[-2.35061,51.02944],[-2.3507,51.02935],[-2.3511,51.02914],[-2.35169,51.02873],[-2.35194,51.0286],[-2.35276,51.02832],[-2.35307,51.02812],[-2.35347,51.02784],[-2.35373,51.02775],[-2.35433,51.02748],[-2.35473,51.02741],[-2.35527,51.02726],[-2.35615,51.02704],[-2.35671,51.02686],[-2.3571,51.02668],[-2.35755,51.0264],[-2.35784,51.02628],[-2.35809,51.02623],[-2.35817,51.02608],[-2.35877,51.02583],[-2.35905,51.02571],[-2.35939,51.02565],[-2.3596,51.02555],[-2.3602,51.02539],[-2.36067,51.02518],[-2.36054,51.02498],[-2.36054,51.02486],[-2.36039,51.02451],[-2.36038,51.02411],[-2.36029,51.02393],[-2.3603,51.02381],[-2.36043,51.02346],[-2.36058,51.02329],[-2.36085,51.02318],[-2.36111,51.02315],[-2.36147,51.02307],[-2.36159,51.02299],[-2.36159,51.02284],[-2.36171,51.02255],[-2.36175,51.02233],[-2.36213,51.02165],[-2.36259,51.02107],[-2.36275,51.02082],[-2.36314,51.02041],[-2.36326,51.02031],[-2.36348,51.01999],[-2.36414,51.01945],[-2.36482,51.01916],[-2.36515,51.01904],[-2.36568,51.01865],[-2.36589,51.01851],[-2.36625,51.01832],[-2.36667,51.01813],[-2.36725,51.01778],[-2.36764,51.01743],[-2.36793,51.01692],[-2.3683,51.0166],[-2.36853,51.01635],[-2.36898,51.01604],[-2.36915,51.01584],[-2.36927,51.01558],[-2.3693,51.01543],[-2.36928,51.01526],[-2.36931,51.015],[-2.3693,51.01471],[-2.36927,51.01463],[-2.36912,51.0145],[-2.36909,51.01433],[-2.36925,51.01425],[-2.36971,51.0142],[-2.36983,51.01417],[-2.37041,51.01383],[-2.37104,51.01351],[-2.37146,51.01339],[-2.37235,51.01318],[-2.37327,51.01293],[-2.37557,51.01236],[-2.37805,51.01171],[-2.37807,51.01141],[-2.37825,51.01121],[-2.37816,51.01112],[-2.378,51.01107],[-2.37767,51.01093],[-2.37753,51.01094],[-2.3773,51.01111],[-2.37684,51.01112],[-2.37653,51.01108],[-2.37619,51.01099],[-2.37598,51.0109],[-2.3759,51.01081],[-2.37594,51.01064],[-2.3759,51.01048],[-2.37592,51.01019],[-2.37603,51.01003],[-2.37625,51.00979],[-2.37625,51.00963],[-2.37604,51.00949],[-2.3757,51.00936],[-2.37567,51.00925],[-2.37585,51.00916],[-2.37606,51.00916],[-2.37637,51.00921],[-2.3765,51.00919],[-2.37665,51.00887],[-2.37677,51.00877],[-2.37699,51.00869],[-2.37707,51.00862],[-2.37708,51.00844],[-2.37717,51.00834],[-2.37763,51.00826],[-2.37776,51.00819],[-2.37785,51.00806],[-2.37767,51.00785],[-2.37764,51.00762],[-2.37758,51.00743],[-2.37765,51.0073],[-2.37781,51.00723],[-2.37804,51.00723],[-2.37844,51.00729],[-2.37862,51.0072],[-2.37868,51.00712],[-2.37893,51.00689],[-2.37913,51.00677],[-2.37932,51.0067],[-2.37959,51.00648],[-2.37965,51.00632],[-2.37957,51.00619],[-2.3792,51.00606],[-2.37902,51.00594],[-2.37936,51.00575],[-2.37944,51.00566],[-2.37958,51.00534],[-2.37973,51.00519],[-2.37994,51.00515],[-2.38006,51.00519],[-2.38022,51.00516],[-2.38046,51.00496],[-2.38088,51.00491],[-2.38135,51.00492],[-2.38129,51.00448],[-2.38124,51.00422],[-2.38128,51.0036],[-2.38135,51.00309],[-2.38141,51.00244],[-2.38145,51.0023],[-2.38156,51.00214],[-2.38174,51.00202],[-2.38175,51.00192],[-2.38168,51.00185],[-2.38146,51.00175],[-2.38154,51.00157],[-2.38127,51.00145],[-2.3811,51.00129],[-2.38094,51.00124],[-2.38093,51.00114],[-2.38105,51.00099],[-2.38125,51.00056],[-2.38146,51.00037],[-2.38149,51.00024],[-2.38139,51.00013],[-2.38118,51.00008],[-2.38102,50.99997],[-2.38103,50.99986],[-2.38115,50.99975],[-2.38119,50.99956],[-2.38111,50.99944],[-2.38107,50.99924],[-2.38098,50.99905],[-2.38104,50.9989],[-2.38105,50.99874],[-2.38119,50.9986],[-2.38121,50.99838],[-2.38105,50.99819],[-2.38104,50.99795],[-2.38109,50.99781],[-2.38104,50.99762],[-2.38107,50.99747],[-2.38096,50.99721],[-2.38099,50.99691],[-2.38095,50.99671],[-2.38078,50.99653],[-2.38037,50.99635],[-2.38031,50.99629],[-2.38021,50.99602],[-2.38004,50.99592],[-2.37975,50.99586],[-2.37967,50.99581],[-2.37967,50.99563],[-2.37959,50.99534],[-2.37934,50.99502],[-2.37906,50.99484],[-2.37889,50.99479],[-2.37891,50.9947],[-2.37924,50.99458],[-2.37942,50.99442],[-2.37927,50.99426],[-2.37882,50.99423],[-2.37859,50.99419],[-2.37847,50.9941],[-2.37848,50.994],[-2.37835,50.9938],[-2.37834,50.99352],[-2.37813,50.99341],[-2.37785,50.99352],[-2.37771,50.99365],[-2.37748,50.99364],[-2.3774,50.9934],[-2.37742,50.99328],[-2.37752,50.99309],[-2.37783,50.99287],[-2.37784,50.99267],[-2.37772,50.99255],[-2.37753,50.99253],[-2.3773,50.99246],[-2.37721,50.99234],[-2.37723,50.99217],[-2.37719,50.99202],[-2.37707,50.99192],[-2.37703,50.9918],[-2.37712,50.99171],[-2.37727,50.99167],[-2.37766,50.99166],[-2.37779,50.9916],[-2.37783,50.99152],[-2.37776,50.99141],[-2.37755,50.99128],[-2.37725,50.99119],[-2.377,50.99124],[-2.3769,50.9912],[-2.37691,50.99104],[-2.37696,50.99087],[-2.37692,50.99077],[-2.37669,50.99073],[-2.37639,50.99089],[-2.37627,50.9909],[-2.376,50.99076],[-2.37574,50.99071],[-2.37545,50.99054],[-2.37521,50.99056],[-2.37508,50.99062],[-2.37496,50.99061],[-2.37463,50.99046],[-2.37451,50.99047],[-2.37406,50.99068],[-2.37391,50.99063],[-2.37369,50.99043],[-2.37348,50.9904],[-2.3733,50.99047],[-2.37309,50.99067],[-2.37293,50.99074],[-2.37282,50.99071],[-2.37268,50.99047],[-2.37259,50.99044],[-2.37235,50.99046],[-2.37223,50.99052],[-2.37211,50.99064],[-2.37203,50.99089],[-2.37191,50.9909],[-2.37179,50.99096],[-2.37162,50.99134],[-2.37151,50.99135],[-2.37124,50.99123],[-2.37107,50.99125],[-2.37097,50.99131],[-2.37074,50.9917],[-2.37061,50.99175],[-2.37031,50.9917],[-2.37014,50.99158],[-2.3698,50.99151],[-2.36926,50.99153],[-2.36894,50.9917],[-2.36868,50.99176],[-2.36851,50.99167],[-2.36837,50.9915],[-2.36825,50.99143],[-2.36803,50.99138],[-2.36777,50.99129],[-2.36744,50.99125],[-2.36694,50.99141],[-2.36669,50.99147],[-2.36624,50.99147],[-2.366,50.99143],[-2.36581,50.99128],[-2.36563,50.99119],[-2.3655,50.99101],[-2.36525,50.99082],[-2.3652,50.99074],[-2.36526,50.99056],[-2.3652,50.99049],[-2.36493,50.99043],[-2.36478,50.99042],[-2.3646,50.99048],[-2.36437,50.99061],[-2.36367,50.99086],[-2.36319,50.991],[-2.36275,50.99109],[-2.36124,50.99127],[-2.36023,50.99128],[-2.35923,50.99125],[-2.35757,50.99116],[-2.35618,50.99104],[-2.35586,50.99102],[-2.35557,50.99095],[-2.3549,50.99088],[-2.35482,50.99078],[-2.35485,50.99065],[-2.35501,50.99033],[-2.35476,50.9902],[-2.35456,50.99018],[-2.35419,50.99022],[-2.35389,50.99023],[-2.35301,50.99015],[-2.35281,50.99003],[-2.35269,50.98993],[-2.35263,50.98979],[-2.35268,50.98948],[-2.35261,50.98933],[-2.35243,50.98919],[-2.35197,50.98877],[-2.35197,50.98864],[-2.35211,50.98857],[-2.35233,50.98857],[-2.35248,50.98847],[-2.35245,50.9883],[-2.35229,50.98814],[-2.35197,50.98813],[-2.35165,50.98792],[-2.35136,50.98789],[-2.3512,50.98796],[-2.35088,50.98818],[-2.35078,50.9882],[-2.3505,50.98816],[-2.35033,50.98809],[-2.35004,50.98779],[-2.34984,50.9876],[-2.34911,50.9869],[-2.34888,50.98665],[-2.34857,50.98637],[-2.34827,50.98612],[-2.34763,50.98568],[-2.34698,50.98526],[-2.34663,50.98507],[-2.34595,50.98476],[-2.34562,50.98473],[-2.34518,50.98484],[-2.34493,50.98488],[-2.34442,50.9849],[-2.34402,50.98484],[-2.34389,50.98474],[-2.3438,50.98443],[-2.3439,50.98424],[-2.34386,50.98393],[-2.34396,50.98378],[-2.34451,50.98361],[-2.34462,50.98353],[-2.34462,50.98341],[-2.34456,50.98333],[-2.34434,50.98321],[-2.34425,50.98309],[-2.3442,50.98293],[-2.34388,50.9823],[-2.34399,50.98219],[-2.3444,50.98205],[-2.34454,50.98199],[-2.34476,50.98183],[-2.34475,50.98176],[-2.34453,50.98146],[-2.34448,50.98127],[-2.34459,50.98104],[-2.34484,50.98065],[-2.34493,50.98035],[-2.34492,50.98028],[-2.34477,50.98018],[-2.34453,50.98017],[-2.34434,50.98008],[-2.34424,50.97999],[-2.34414,50.97979],[-2.34413,50.97961],[-2.34422,50.97933],[-2.3444,50.97895],[-2.34456,50.97883],[-2.34468,50.97898],[-2.3455,50.97901],[-2.34592,50.97904],[-2.34629,50.97896],[-2.34805,50.97876],[-2.34878,50.9787],[-2.34915,50.97868],[-2.35118,50.97858],[-2.35121,50.97849],[-2.35192,50.97822],[-2.35251,50.97802],[-2.35321,50.97788],[-2.35402,50.97776],[-2.35485,50.97771],[-2.35639,50.97761],[-2.35646,50.97767],[-2.35707,50.97756],[-2.35747,50.97753],[-2.35826,50.97742],[-2.3589,50.97729],[-2.36024,50.977],[-2.36068,50.97696],[-2.3612,50.97685],[-2.36197,50.97665],[-2.36256,50.97656],[-2.36271,50.9765],[-2.36268,50.97639],[-2.36309,50.97622],[-2.36354,50.97607],[-2.36454,50.97581],[-2.36556,50.9755],[-2.36613,50.97535],[-2.36679,50.97521],[-2.36817,50.97489],[-2.36958,50.97458],[-2.37048,50.97431],[-2.37132,50.97414],[-2.37145,50.97402],[-2.37162,50.97398],[-2.37183,50.97398],[-2.3722,50.97394],[-2.37306,50.97373],[-2.3738,50.97348],[-2.37446,50.9733],[-2.37511,50.97317],[-2.37577,50.97311],[-2.37622,50.97305],[-2.377,50.97302],[-2.37795,50.97299],[-2.37866,50.97295],[-2.3795,50.9729],[-2.38038,50.97282],[-2.3808,50.97283],[-2.38142,50.97277],[-2.38231,50.97263],[-2.38354,50.97236],[-2.38379,50.97227],[-2.38415,50.97212],[-2.38504,50.97181],[-2.3863,50.9713],[-2.38699,50.97103],[-2.38808,50.97064],[-2.38866,50.97044],[-2.39157,50.96959],[-2.39274,50.96924],[-2.39329,50.96912],[-2.39466,50.96884],[-2.39533,50.96873],[-2.39642,50.96856],[-2.39674,50.96849],[-2.39704,50.9684],[-2.39809,50.96799],[-2.40134,50.96615],[-2.40314,50.96517],[-2.40349,50.96509],[-2.40383,50.96497],[-2.40436,50.96473],[-2.40581,50.96412],[-2.40645,50.96383],[-2.40686,50.96378],[-2.40713,50.9637],[-2.40837,50.96317],[-2.40924,50.96279],[-2.40975,50.96253],[-2.41109,50.96187],[-2.41159,50.9617],[-2.41225,50.96159],[-2.41251,50.96153],[-2.41289,50.96139],[-2.41306,50.9613],[-2.41353,50.96113],[-2.41401,50.96088],[-2.41426,50.96079],[-2.41493,50.96058],[-2.41511,50.96072],[-2.41546,50.96102],[-2.41592,50.96148],[-2.4161,50.9616],[-2.41686,50.96192],[-2.41791,50.96227],[-2.41835,50.96233],[-2.41915,50.9632],[-2.41927,50.9633],[-2.41931,50.96345],[-2.41944,50.96365],[-2.4195,50.9638],[-2.41964,50.96449],[-2.41957,50.96511],[-2.41968,50.96525],[-2.41988,50.9654],[-2.42003,50.96561],[-2.42064,50.96622],[-2.42082,50.96637],[-2.42096,50.96657],[-2.42112,50.96689],[-2.42134,50.96717],[-2.42193,50.96751],[-2.4224,50.96794],[-2.42271,50.96828],[-2.42291,50.96846],[-2.42314,50.96863],[-2.4237,50.96897],[-2.42374,50.96903],[-2.42426,50.96946],[-2.42441,50.9696],[-2.42463,50.96991],[-2.42495,50.97027],[-2.42518,50.97025],[-2.42545,50.9703],[-2.42614,50.97058],[-2.42709,50.97108],[-2.42727,50.97115],[-2.42753,50.97121],[-2.42799,50.97139],[-2.42933,50.97104],[-2.43004,50.97089],[-2.43056,50.97076],[-2.43114,50.97068],[-2.43125,50.97085],[-2.43165,50.9711],[-2.43177,50.97134],[-2.43311,50.97067],[-2.43389,50.97023],[-2.43586,50.96963],[-2.4367,50.96942],[-2.43666,50.96933],[-2.43835,50.96907],[-2.43895,50.96896],[-2.43976,50.96877],[-2.44031,50.96863],[-2.44136,50.9684],[-2.44145,50.96864],[-2.44197,50.96853],[-2.44292,50.96838],[-2.44408,50.96817],[-2.44539,50.968],[-2.44599,50.96797],[-2.44718,50.96785],[-2.44694,50.96744],[-2.44678,50.96724],[-2.44646,50.96673],[-2.44616,50.96638],[-2.4461,50.96616],[-2.44599,50.96596],[-2.44586,50.96562],[-2.44582,50.96524],[-2.44561,50.96497],[-2.44552,50.96477],[-2.44533,50.96456],[-2.4451,50.96441],[-2.44485,50.96399],[-2.44489,50.96384],[-2.44481,50.96337],[-2.44479,50.96311],[-2.44467,50.96302],[-2.44406,50.96293],[-2.44321,50.96297],[-2.44303,50.96299],[-2.44288,50.96297],[-2.44272,50.96289],[-2.44248,50.9627],[-2.4424,50.9627],[-2.44227,50.96252],[-2.44231,50.96245],[-2.4426,50.96233],[-2.44274,50.96219],[-2.4431,50.96194],[-2.44366,50.96161],[-2.44371,50.96152],[-2.44401,50.96136],[-2.44434,50.96106],[-2.4443,50.96102],[-2.44367,50.96125],[-2.44358,50.96102],[-2.44332,50.96116],[-2.4432,50.96112],[-2.44238,50.9608],[-2.44269,50.96012],[-2.44287,50.95966],[-2.44308,50.95927],[-2.44348,50.95846],[-2.44365,50.95837],[-2.44475,50.95808],[-2.44501,50.95754],[-2.44508,50.95727],[-2.44519,50.95695],[-2.44533,50.95663],[-2.4455,50.95634],[-2.44573,50.95585],[-2.44586,50.95571],[-2.44615,50.95551],[-2.44723,50.95436],[-2.44796,50.95356],[-2.4486,50.95291],[-2.44936,50.95231],[-2.4501,50.95179],[-2.45069,50.95134],[-2.45102,50.95113],[-2.45147,50.95087],[-2.45185,50.95067],[-2.45243,50.95046],[-2.45249,50.95027],[-2.4529,50.95027],[-2.45323,50.9502],[-2.4537,50.95002],[-2.45411,50.94981],[-2.45434,50.94964],[-2.45464,50.9495],[-2.45536,50.94927],[-2.4562,50.94934],[-2.45684,50.94945],[-2.45741,50.94958],[-2.45777,50.94975],[-2.45799,50.94996],[-2.45866,50.94975],[-2.45888,50.94995],[-2.45901,50.94995],[-2.46042,50.95113],[-2.45993,50.95141],[-2.45941,50.95176],[-2.45887,50.95223],[-2.45845,50.95255],[-2.45823,50.95268],[-2.45791,50.95279],[-2.45806,50.95296],[-2.45854,50.95323],[-2.45863,50.95325],[-2.45881,50.95344],[-2.45899,50.95347],[-2.45903,50.95355],[-2.45898,50.95369],[-2.45878,50.95392],[-2.45861,50.95398],[-2.45854,50.95408],[-2.45863,50.95427],[-2.45888,50.95435],[-2.45907,50.9545],[-2.45921,50.95456],[-2.45936,50.95473],[-2.45987,50.9551],[-2.46072,50.95577],[-2.46145,50.95631],[-2.46279,50.95575],[-2.46381,50.95535],[-2.46428,50.956],[-2.465,50.95687],[-2.46605,50.95838],[-2.46652,50.95918],[-2.46682,50.95981],[-2.46763,50.95964],[-2.46946,50.95935],[-2.46998,50.95923],[-2.4705,50.95907],[-2.47101,50.95888],[-2.47212,50.95839],[-2.47303,50.95803],[-2.47364,50.95802],[-2.47474,50.95795],[-2.47488,50.9583],[-2.47516,50.95886],[-2.47544,50.95997],[-2.47551,50.96009],[-2.4757,50.96022],[-2.47585,50.96027],[-2.47624,50.9605],[-2.47638,50.96065],[-2.47642,50.96076],[-2.47636,50.96099],[-2.47622,50.96121],[-2.47563,50.96161],[-2.47493,50.96205],[-2.47458,50.96251],[-2.47474,50.96265],[-2.47487,50.9626],[-2.47546,50.96286],[-2.47569,50.9634],[-2.47592,50.96359],[-2.4764,50.96386],[-2.4772,50.96425],[-2.47792,50.96463],[-2.47886,50.9652],[-2.47972,50.96565],[-2.47995,50.96573],[-2.48019,50.96587],[-2.48044,50.96609],[-2.4808,50.96655],[-2.48146,50.96731],[-2.48179,50.96778],[-2.48213,50.96815],[-2.48237,50.96833],[-2.48402,50.96975],[-2.48418,50.96994],[-2.48431,50.97019],[-2.48442,50.97026],[-2.48456,50.97051],[-2.48484,50.97089],[-2.48509,50.97114],[-2.48567,50.97162],[-2.4859,50.97159],[-2.48679,50.97224],[-2.4872,50.9725],[-2.48741,50.97271],[-2.48755,50.97288],[-2.48778,50.97311],[-2.4884,50.97303],[-2.48848,50.97291],[-2.49034,50.97277],[-2.49035,50.97309],[-2.49032,50.97348],[-2.49024,50.97376],[-2.49048,50.97416],[-2.48997,50.97425],[-2.48934,50.9744],[-2.48897,50.97444],[-2.48822,50.97445],[-2.48816,50.97492],[-2.48818,50.97525],[-2.48824,50.97551],[-2.48833,50.97576],[-2.48841,50.97589],[-2.48861,50.97612],[-2.48899,50.97645],[-2.48921,50.9766],[-2.49113,50.9778],[-2.49191,50.97837],[-2.49214,50.97852],[-2.49222,50.97863],[-2.49211,50.97871],[-2.49244,50.9791],[-2.49272,50.97952],[-2.493,50.98017],[-2.49333,50.98089],[-2.49371,50.98162],[-2.49395,50.98193],[-2.49447,50.98246],[-2.4946,50.98264],[-2.49493,50.98326],[-2.4954,50.98399],[-2.49567,50.9845],[-2.49607,50.9854],[-2.4966,50.98634],[-2.49718,50.98735],[-2.49756,50.98785],[-2.49827,50.98872],[-2.49865,50.98931],[-2.49868,50.98947],[-2.4988,50.98961],[-2.49895,50.98953],[-2.50006,50.99098],[-2.50129,50.99252],[-2.50125,50.9926],[-2.50112,50.99265],[-2.50183,50.99335],[-2.50201,50.9935],[-2.50219,50.99372],[-2.50241,50.99387],[-2.50268,50.99392],[-2.50336,50.9939],[-2.50413,50.99394],[-2.50448,50.99401],[-2.50605,50.99431],[-2.50705,50.99446],[-2.50853,50.99466],[-2.50977,50.99458],[-2.51086,50.99443],[-2.5114,50.99435],[-2.51194,50.99422],[-2.51259,50.99401],[-2.51281,50.99398],[-2.51301,50.99401],[-2.51359,50.99414],[-2.51427,50.99428],[-2.51492,50.99435],[-2.51594,50.9945],[-2.51638,50.99449],[-2.51669,50.99438],[-2.51716,50.99399],[-2.51752,50.99382],[-2.51799,50.99355],[-2.51818,50.99337],[-2.51837,50.99346],[-2.5185,50.99367],[-2.51839,50.99384],[-2.5174,50.99427],[-2.51741,50.99441],[-2.5173,50.99443],[-2.51731,50.99461],[-2.51805,50.9945],[-2.51886,50.99437],[-2.51959,50.99418],[-2.5201,50.99401],[-2.5208,50.99372],[-2.52096,50.99363],[-2.52141,50.99333],[-2.52184,50.99307],[-2.52264,50.99269],[-2.52332,50.99232],[-2.52376,50.99219],[-2.52398,50.99216],[-2.52523,50.99204],[-2.52552,50.99202],[-2.52579,50.99196],[-2.52589,50.99202],[-2.52626,50.99191],[-2.52642,50.99191],[-2.52662,50.99196],[-2.52686,50.99211],[-2.52647,50.9926],[-2.52706,50.99264],[-2.52783,50.99273],[-2.52813,50.99259],[-2.52826,50.99263],[-2.52887,50.9926],[-2.52912,50.99261],[-2.52957,50.99269],[-2.53099,50.99313],[-2.53158,50.99328],[-2.53228,50.99342],[-2.53275,50.99345],[-2.53337,50.99353],[-2.53389,50.99362],[-2.53556,50.99402],[-2.53564,50.99445],[-2.53572,50.99507],[-2.53572,50.99594],[-2.53575,50.99623],[-2.53585,50.99669],[-2.53586,50.99686],[-2.53582,50.99708],[-2.53547,50.99814],[-2.53517,50.99937],[-2.53698,50.99942],[-2.5377,50.99952],[-2.53806,50.99954],[-2.53857,50.9995],[-2.53996,50.99948],[-2.54013,50.99951],[-2.54069,50.99953],[-2.54151,50.99957],[-2.54201,50.99948],[-2.54272,50.99953],[-2.54316,50.99954],[-2.54345,50.99958],[-2.54395,50.99958],[-2.54424,50.99956],[-2.54514,50.99964],[-2.54554,50.99961],[-2.54625,50.9996],[-2.54743,50.99954],[-2.54735,50.99885],[-2.54722,50.99859],[-2.54719,50.99842],[-2.547,50.99792],[-2.54692,50.99725],[-2.54693,50.99707],[-2.54698,50.99686],[-2.54715,50.99655],[-2.5474,50.99635],[-2.54767,50.99623],[-2.54791,50.99615],[-2.54854,50.99599],[-2.5495,50.99617],[-2.55038,50.99636],[-2.55149,50.99635],[-2.55138,50.99545],[-2.55139,50.99519],[-2.55145,50.99494],[-2.55152,50.99474],[-2.55186,50.99403],[-2.55192,50.9937],[-2.55171,50.99374],[-2.55128,50.99355],[-2.55088,50.9934],[-2.55026,50.99322],[-2.55001,50.99311],[-2.54981,50.99309],[-2.54964,50.99299],[-2.54935,50.99297],[-2.54914,50.99286],[-2.5489,50.99284],[-2.54845,50.99265],[-2.54801,50.99255],[-2.54774,50.99245],[-2.54738,50.99221],[-2.54698,50.99237],[-2.54677,50.99223],[-2.54652,50.99221],[-2.54622,50.99206],[-2.54605,50.99214],[-2.54579,50.9921],[-2.54562,50.99212],[-2.54535,50.99201],[-2.54533,50.9919],[-2.54516,50.99185],[-2.54489,50.99169],[-2.54474,50.99168],[-2.5451,50.99061],[-2.54534,50.99012],[-2.54543,50.98981],[-2.54548,50.98897],[-2.54554,50.98766],[-2.54546,50.98551],[-2.54542,50.98508],[-2.54642,50.9851],[-2.54695,50.98507],[-2.54757,50.98498],[-2.54809,50.98485],[-2.54838,50.98476],[-2.54881,50.98458],[-2.54943,50.98426],[-2.54991,50.98395],[-2.55022,50.9838],[-2.55144,50.98347],[-2.55333,50.98283],[-2.5535,50.98274],[-2.55373,50.98258],[-2.55468,50.98165],[-2.55493,50.9815],[-2.55513,50.98142],[-2.55572,50.98063],[-2.55602,50.98025],[-2.55613,50.97999],[-2.55619,50.97977],[-2.55621,50.97954],[-2.55717,50.97924],[-2.55767,50.97911],[-2.55965,50.9788],[-2.56,50.97872],[-2.56031,50.97863],[-2.56102,50.97832],[-2.56166,50.97805],[-2.56237,50.97771],[-2.56303,50.97854],[-2.56348,50.97904],[-2.56392,50.9794],[-2.56439,50.98],[-2.5647,50.98046],[-2.56527,50.98134],[-2.56558,50.98172],[-2.56588,50.98198],[-2.56597,50.982],[-2.56645,50.98236],[-2.56674,50.98269],[-2.56697,50.98299],[-2.56721,50.98336],[-2.56749,50.98362],[-2.56794,50.98422],[-2.5691,50.98537],[-2.56939,50.98551],[-2.5703,50.9858],[-2.57124,50.98598],[-2.5715,50.98605],[-2.57228,50.98621],[-2.57279,50.98634],[-2.57356,50.98651],[-2.5739,50.98655],[-2.57408,50.98663],[-2.57454,50.98669],[-2.57474,50.98666],[-2.57462,50.98612],[-2.57461,50.98572],[-2.57435,50.98509],[-2.57445,50.98479],[-2.57443,50.98451],[-2.57447,50.98422],[-2.57457,50.98385],[-2.57468,50.98362],[-2.57494,50.98332],[-2.57542,50.98305],[-2.57569,50.98296],[-2.57599,50.98279],[-2.57634,50.98266],[-2.57674,50.98236],[-2.57693,50.98229],[-2.57732,50.98225],[-2.57787,50.98215],[-2.57834,50.98215],[-2.5783,50.98201],[-2.57848,50.98189],[-2.57871,50.9818],[-2.57919,50.98164],[-2.57948,50.98153],[-2.58027,50.98144],[-2.58082,50.98135],[-2.58145,50.9807],[-2.5817,50.9804],[-2.58212,50.98001],[-2.58249,50.97963],[-2.58318,50.97886],[-2.58384,50.97887],[-2.58426,50.97889],[-2.58648,50.97793],[-2.58673,50.97781],[-2.58618,50.97693],[-2.58602,50.97687],[-2.58623,50.97682],[-2.58662,50.97676],[-2.58742,50.97674],[-2.58784,50.97679],[-2.58792,50.97684],[-2.58891,50.97696],[-2.58929,50.97692],[-2.58962,50.97711],[-2.59018,50.9775],[-2.5907,50.97791],[-2.59087,50.97817],[-2.59115,50.97841],[-2.5913,50.97858],[-2.59155,50.97876],[-2.59183,50.97891],[-2.59258,50.97938],[-2.59363,50.9801],[-2.59408,50.98038],[-2.59429,50.98057],[-2.59452,50.98073],[-2.59473,50.98086],[-2.59536,50.98115],[-2.59585,50.98134],[-2.59593,50.98125],[-2.59696,50.98061],[-2.59727,50.98043],[-2.59838,50.97969],[-2.59948,50.97882],[-2.6,50.97849],[-2.6002,50.9784],[-2.60026,50.97844],[-2.60073,50.97822],[-2.60114,50.97801],[-2.60135,50.97785],[-2.60187,50.97751],[-2.60237,50.97712],[-2.60257,50.97691],[-2.60294,50.97667],[-2.60339,50.97634],[-2.60342,50.97628],[-2.60282,50.97611],[-2.6027,50.97604],[-2.60266,50.97596],[-2.60276,50.9757],[-2.60275,50.9756],[-2.60263,50.97543],[-2.60246,50.97525],[-2.60198,50.97494],[-2.60155,50.97476],[-2.60124,50.97466],[-2.60095,50.97463],[-2.60026,50.97472],[-2.59994,50.97474],[-2.59965,50.97472],[-2.59925,50.97463],[-2.59881,50.97449],[-2.59867,50.9744],[-2.59856,50.97428],[-2.59845,50.97406],[-2.59832,50.97389],[-2.59806,50.97361],[-2.59802,50.97341],[-2.59804,50.97333],[-2.59829,50.9731],[-2.59876,50.97285],[-2.59889,50.97275],[-2.59896,50.97258],[-2.59891,50.97242],[-2.59858,50.97194],[-2.59853,50.97182],[-2.59851,50.97165],[-2.59856,50.97152],[-2.59877,50.97132],[-2.59945,50.97095],[-2.59955,50.97084],[-2.59959,50.97071],[-2.59952,50.97053],[-2.59924,50.97018],[-2.59927,50.96995],[-2.59961,50.96965],[-2.59965,50.9695],[-2.59945,50.96925],[-2.59942,50.96915],[-2.59954,50.96866],[-2.59955,50.96828],[-2.5996,50.96813],[-2.59986,50.96757],[-2.59988,50.9674],[-2.59982,50.96725],[-2.59971,50.96709],[-2.59945,50.96688],[-2.59908,50.96664],[-2.59836,50.96621],[-2.59806,50.96608],[-2.59738,50.96584],[-2.59726,50.96575],[-2.59722,50.96561],[-2.59731,50.9654],[-2.59747,50.96515],[-2.59748,50.96496],[-2.5974,50.96485],[-2.59719,50.96474],[-2.59695,50.96467],[-2.59668,50.96463],[-2.59615,50.96466],[-2.596,50.96462],[-2.59584,50.96417],[-2.5957,50.96393],[-2.59544,50.96365],[-2.59533,50.96344],[-2.59523,50.96294],[-2.59511,50.96262],[-2.59497,50.96239],[-2.59491,50.96223],[-2.59495,50.96191],[-2.59503,50.96173],[-2.59529,50.96146],[-2.59533,50.96137],[-2.59538,50.96094],[-2.59549,50.96086],[-2.59564,50.96087],[-2.59582,50.96093],[-2.59623,50.96116],[-2.59663,50.96121],[-2.59694,50.96119],[-2.5972,50.96112],[-2.59746,50.96101],[-2.59782,50.96083],[-2.59805,50.96067],[-2.59812,50.96057],[-2.59823,50.96028],[-2.59833,50.96014],[-2.59835,50.96004],[-2.59833,50.95971],[-2.59838,50.95951],[-2.59865,50.95909],[-2.5987,50.95894],[-2.59873,50.95857],[-2.59869,50.95841],[-2.59853,50.95819],[-2.59817,50.95793],[-2.59815,50.95775],[-2.5982,50.95759],[-2.59835,50.95728],[-2.59845,50.95694],[-2.59855,50.95672],[-2.59879,50.95636],[-2.59883,50.95616],[-2.59875,50.95576],[-2.5988,50.95553],[-2.5989,50.95538],[-2.59919,50.95506],[-2.59946,50.95465],[-2.59955,50.95435],[-2.59953,50.95409],[-2.59945,50.95383],[-2.59929,50.95365],[-2.59875,50.9534],[-2.59859,50.95319],[-2.59856,50.95301],[-2.59858,50.9529],[-2.59876,50.95278],[-2.59921,50.9527],[-2.59936,50.95256],[-2.59936,50.95227],[-2.59925,50.9521],[-2.59897,50.952],[-2.59859,50.95195],[-2.59848,50.95188],[-2.59838,50.95169],[-2.59836,50.95157],[-2.5984,50.95141],[-2.59867,50.95096],[-2.59869,50.95088],[-2.59866,50.9506],[-2.59854,50.95046],[-2.59804,50.95022],[-2.59799,50.95016],[-2.59865,50.94973],[-2.59864,50.94968],[-2.5992,50.94926],[-2.59907,50.9491],[-2.59891,50.94901],[-2.59857,50.94895],[-2.59816,50.94898],[-2.5982,50.94857],[-2.59829,50.94845],[-2.59863,50.94826],[-2.59872,50.94817],[-2.59875,50.94793],[-2.59883,50.94785],[-2.59926,50.94766],[-2.59987,50.94753],[-2.60153,50.94745],[-2.60172,50.94738],[-2.60175,50.9473],[-2.60165,50.94698],[-2.60175,50.9468],[-2.60189,50.94673],[-2.60274,50.94649],[-2.60304,50.94639],[-2.60354,50.94616],[-2.60394,50.94605],[-2.60438,50.946],[-2.60457,50.94592],[-2.60464,50.94579],[-2.60461,50.9456],[-2.60473,50.94547],[-2.60496,50.94538],[-2.60544,50.94532],[-2.60563,50.94537],[-2.60588,50.94559],[-2.60609,50.9457],[-2.60675,50.94589],[-2.60694,50.94587],[-2.60717,50.94576],[-2.60728,50.94565],[-2.60749,50.94518],[-2.60746,50.94495],[-2.60729,50.94464],[-2.60724,50.94442],[-2.60724,50.94426],[-2.60731,50.94403],[-2.60746,50.94389],[-2.6077,50.94387],[-2.60782,50.94391],[-2.60797,50.94401],[-2.60814,50.94402],[-2.60841,50.94388],[-2.60862,50.94365],[-2.60866,50.94351],[-2.60867,50.94328],[-2.60865,50.94315],[-2.60853,50.94286],[-2.60851,50.9427],[-2.60852,50.94246],[-2.60861,50.94221],[-2.60881,50.94203],[-2.60898,50.94193],[-2.60981,50.9414],[-2.61014,50.94104],[-2.61048,50.94087],[-2.61076,50.94065],[-2.61106,50.94047],[-2.61134,50.94034],[-2.6115,50.94024],[-2.61171,50.94015],[-2.61209,50.94007],[-2.61241,50.94009],[-2.61343,50.94024],[-2.61383,50.94026],[-2.61397,50.94031],[-2.61401,50.94042],[-2.61385,50.94063],[-2.61384,50.9408],[-2.61396,50.94104],[-2.61394,50.94118],[-2.614,50.94134],[-2.61413,50.94138],[-2.61433,50.9414],[-2.61534,50.94127],[-2.61565,50.9412],[-2.61586,50.94126],[-2.61603,50.94145],[-2.61609,50.94094],[-2.61609,50.94058],[-2.61604,50.94015],[-2.61592,50.93975],[-2.61571,50.93931],[-2.61553,50.93904],[-2.61524,50.9387],[-2.6149,50.93838],[-2.6146,50.93815],[-2.61429,50.93796],[-2.61375,50.93768],[-2.61332,50.93746],[-2.61302,50.93734],[-2.61252,50.93717],[-2.61203,50.93705],[-2.61093,50.93681],[-2.61036,50.9367],[-2.61052,50.93651],[-2.60967,50.93629],[-2.6094,50.93621],[-2.60867,50.93594],[-2.60786,50.93563],[-2.60757,50.93548],[-2.60716,50.93532],[-2.60671,50.93502],[-2.60639,50.93479],[-2.6062,50.93459],[-2.60588,50.93398],[-2.60474,50.93271],[-2.60453,50.93236],[-2.60445,50.93212],[-2.60443,50.93182],[-2.60448,50.93172],[-2.60442,50.93153],[-2.60403,50.93098],[-2.60416,50.93068],[-2.60417,50.93058],[-2.60415,50.92997],[-2.60418,50.92927],[-2.60428,50.92915],[-2.60434,50.92884],[-2.60429,50.92864],[-2.60436,50.92821],[-2.60447,50.92773],[-2.60442,50.92764],[-2.60404,50.92673],[-2.60455,50.92665],[-2.6052,50.9266],[-2.6054,50.92637],[-2.60575,50.92618],[-2.60602,50.92607],[-2.6063,50.926],[-2.6066,50.92594],[-2.60659,50.92583],[-2.60759,50.92575],[-2.60805,50.92565],[-2.60821,50.92565],[-2.60815,50.92552],[-2.60937,50.92525],[-2.60951,50.92536],[-2.60978,50.9253],[-2.61,50.92521],[-2.60994,50.92509],[-2.61047,50.92486],[-2.611,50.92455],[-2.61115,50.92461],[-2.61216,50.92416],[-2.61344,50.92369],[-2.61341,50.92355],[-2.61398,50.92353],[-2.61416,50.92362],[-2.61439,50.92347],[-2.61435,50.92337],[-2.61469,50.92325],[-2.6148,50.92326],[-2.61489,50.92305],[-2.61506,50.92293],[-2.61519,50.92244],[-2.61508,50.92233],[-2.61467,50.92221],[-2.61462,50.92216],[-2.61487,50.92197],[-2.61485,50.92184],[-2.61461,50.92172],[-2.61469,50.92152],[-2.61453,50.92131],[-2.61454,50.92112],[-2.61477,50.92105],[-2.61488,50.92095],[-2.61489,50.92074],[-2.61511,50.92038],[-2.61508,50.92016],[-2.61531,50.91999],[-2.61534,50.91994],[-2.61517,50.91959],[-2.61526,50.91941],[-2.61548,50.91935],[-2.61588,50.91935],[-2.61605,50.91924],[-2.61601,50.91915],[-2.61603,50.91877],[-2.61586,50.91863],[-2.61578,50.91851],[-2.61569,50.91817],[-2.61538,50.9181],[-2.61529,50.91798],[-2.61531,50.91765],[-2.61547,50.91758],[-2.61563,50.91762],[-2.61586,50.91762],[-2.61607,50.91753],[-2.61613,50.9174],[-2.61609,50.9173],[-2.61595,50.91724],[-2.61579,50.91724],[-2.61561,50.91717],[-2.61556,50.91708],[-2.61556,50.91683],[-2.61563,50.91665],[-2.61599,50.91626],[-2.61608,50.91606],[-2.61618,50.91596],[-2.61631,50.91592],[-2.61666,50.91588],[-2.61684,50.91582],[-2.61699,50.91567],[-2.61693,50.91547],[-2.61653,50.91516],[-2.61645,50.91504],[-2.61673,50.91486],[-2.61674,50.9146],[-2.617,50.91441],[-2.61704,50.91428],[-2.61691,50.91405],[-2.61686,50.91385],[-2.61661,50.91342],[-2.61664,50.91333],[-2.61678,50.91329],[-2.61713,50.91335],[-2.61724,50.91334],[-2.61735,50.91324],[-2.61723,50.91296],[-2.61724,50.91288],[-2.61756,50.91265],[-2.61758,50.91259],[-2.61734,50.91236],[-2.61785,50.9121],[-2.61821,50.91205],[-2.6186,50.91182],[-2.61878,50.91167],[-2.61896,50.91161],[-2.61942,50.91175],[-2.61979,50.91165],[-2.62002,50.91149],[-2.62025,50.91115],[-2.62027,50.91103],[-2.61999,50.91058],[-2.62005,50.91036],[-2.62024,50.91031],[-2.62043,50.91002],[-2.62157,50.90999],[-2.62173,50.91012],[-2.62199,50.91015],[-2.6221,50.91011],[-2.62215,50.91002],[-2.62213,50.90987],[-2.62242,50.90959],[-2.62243,50.90951],[-2.6223,50.90939],[-2.62212,50.90938],[-2.62202,50.90931],[-2.6224,50.90875],[-2.62251,50.9087],[-2.62283,50.90865],[-2.62323,50.90845],[-2.62338,50.90816],[-2.62352,50.90811],[-2.6237,50.90817],[-2.62387,50.90816],[-2.62403,50.90799],[-2.62407,50.90777],[-2.62379,50.90761],[-2.62376,50.90755],[-2.62376,50.90733],[-2.62381,50.90726],[-2.6237,50.90713],[-2.62324,50.90704],[-2.62307,50.90682],[-2.62292,50.90671],[-2.62287,50.90657],[-2.62272,50.90639],[-2.62269,50.90623],[-2.62241,50.90614],[-2.62233,50.90607],[-2.62239,50.90591],[-2.62226,50.90571],[-2.62229,50.90559],[-2.62221,50.90543],[-2.62179,50.90512],[-2.62159,50.9051],[-2.62142,50.90515],[-2.62129,50.90512],[-2.62113,50.90514],[-2.62094,50.90503],[-2.62072,50.90501],[-2.62067,50.90481],[-2.6203,50.90469],[-2.62006,50.9047],[-2.61991,50.90464],[-2.61987,50.9045],[-2.61978,50.90444],[-2.61975,50.90424],[-2.61962,50.90406],[-2.61933,50.90404],[-2.61931,50.90396],[-2.61935,50.90381],[-2.61927,50.90362],[-2.61939,50.90346],[-2.61915,50.90344],[-2.61887,50.90325],[-2.61918,50.90282],[-2.61895,50.90265],[-2.61898,50.90253],[-2.61907,50.90247],[-2.61926,50.90244],[-2.61951,50.90248],[-2.61963,50.90245],[-2.61966,50.90234],[-2.61951,50.90221],[-2.61913,50.90214],[-2.619,50.90175],[-2.6187,50.90136],[-2.61763,50.90156],[-2.61771,50.90124],[-2.61769,50.90094],[-2.61779,50.90088],[-2.61773,50.90081],[-2.61757,50.90079],[-2.61753,50.90068],[-2.61768,50.90056],[-2.6177,50.90042],[-2.61756,50.9003],[-2.61751,50.90018],[-2.61752,50.90008],[-2.61743,50.90001],[-2.61721,50.89998],[-2.61704,50.89962],[-2.61696,50.89959],[-2.61652,50.89956],[-2.6162,50.89949],[-2.61622,50.89934],[-2.61617,50.89922],[-2.61604,50.8991],[-2.61609,50.89889],[-2.61601,50.89879],[-2.61603,50.89866],[-2.61621,50.89853],[-2.61593,50.89832],[-2.6158,50.89818],[-2.61564,50.89807],[-2.61577,50.89796],[-2.61578,50.89788],[-2.61553,50.89727],[-2.61574,50.89716],[-2.616,50.8969],[-2.61638,50.89675],[-2.61629,50.89658],[-2.61591,50.89642],[-2.61576,50.89642],[-2.61552,50.89646],[-2.61545,50.89628],[-2.61562,50.89606],[-2.61571,50.89586],[-2.61556,50.89555],[-2.61537,50.89534],[-2.61538,50.89516],[-2.61506,50.89502],[-2.61505,50.89492],[-2.61522,50.89481],[-2.61527,50.89473],[-2.61522,50.89462],[-2.61499,50.89445],[-2.61528,50.89441],[-2.61541,50.89433],[-2.61537,50.89424],[-2.6151,50.89418],[-2.61483,50.89409],[-2.61467,50.89398],[-2.61453,50.89373],[-2.61472,50.89355],[-2.61486,50.8933],[-2.6147,50.89312],[-2.61447,50.89311],[-2.61438,50.89307],[-2.61428,50.89295],[-2.61428,50.89281],[-2.61392,50.89269],[-2.61381,50.89257],[-2.61354,50.89264],[-2.61333,50.89266],[-2.61306,50.8926],[-2.61296,50.89238],[-2.61279,50.89226],[-2.61256,50.89219],[-2.61239,50.89221],[-2.61231,50.89232],[-2.61208,50.89221],[-2.6118,50.89227],[-2.61161,50.89234],[-2.61151,50.89233],[-2.61126,50.89216],[-2.61086,50.8923],[-2.61078,50.89239],[-2.6103,50.89236],[-2.61022,50.89222],[-2.61005,50.89202],[-2.60978,50.89192],[-2.60977,50.89185],[-2.6099,50.89174],[-2.60983,50.89166],[-2.60957,50.89155],[-2.60955,50.89121],[-2.60956,50.89106],[-2.60944,50.89091],[-2.60958,50.8907],[-2.60962,50.89058],[-2.60981,50.89051],[-2.60992,50.89041],[-2.6102,50.89035],[-2.61036,50.89016],[-2.61047,50.88993],[-2.61042,50.88964],[-2.61024,50.88961],[-2.61008,50.88947],[-2.6101,50.88932],[-2.61027,50.88924],[-2.61027,50.88915],[-2.61017,50.88908],[-2.61017,50.88891],[-2.61032,50.88882],[-2.61036,50.88873],[-2.61049,50.88864],[-2.61051,50.88855],[-2.61036,50.88835],[-2.61043,50.88826],[-2.6109,50.88807],[-2.611,50.88799],[-2.61104,50.88788],[-2.61094,50.88783],[-2.61117,50.8877],[-2.61118,50.88763],[-2.61097,50.88749],[-2.611,50.88734],[-2.61122,50.88703],[-2.61137,50.88674],[-2.61137,50.88667],[-2.61157,50.88657],[-2.61161,50.88646],[-2.61151,50.88637],[-2.61148,50.88627],[-2.61125,50.88617],[-2.61127,50.88608],[-2.61143,50.88604],[-2.61159,50.88589],[-2.61157,50.88569],[-2.61176,50.88561],[-2.61129,50.88523],[-2.61122,50.8851],[-2.61124,50.88502],[-2.61154,50.88509],[-2.61165,50.88504],[-2.61165,50.88492],[-2.61174,50.88491],[-2.6119,50.88498],[-2.61198,50.88485],[-2.61232,50.88479],[-2.61226,50.88493],[-2.6123,50.88497],[-2.61262,50.88505],[-2.61291,50.88504],[-2.61298,50.8849],[-2.61313,50.88474],[-2.61315,50.88459],[-2.6131,50.88445],[-2.61341,50.88442],[-2.6135,50.88434],[-2.6137,50.88429],[-2.61386,50.88421],[-2.61396,50.88406],[-2.61395,50.88396],[-2.61416,50.88391],[-2.61432,50.88395],[-2.61436,50.88381],[-2.6145,50.88371],[-2.61483,50.88391],[-2.61497,50.88382],[-2.61492,50.88368],[-2.61489,50.8834],[-2.61495,50.88304],[-2.61518,50.88253],[-2.61539,50.88217],[-2.61555,50.88193],[-2.6161,50.88163],[-2.61678,50.88139],[-2.61756,50.88107],[-2.61774,50.88102],[-2.61814,50.88101],[-2.61935,50.88103],[-2.61983,50.8811],[-2.62052,50.88126],[-2.62072,50.88118],[-2.62084,50.88106],[-2.62091,50.88092],[-2.62102,50.88089],[-2.62121,50.88101],[-2.62154,50.8809],[-2.62172,50.88088],[-2.6218,50.8808],[-2.62219,50.88076],[-2.6223,50.88063],[-2.62252,50.88057],[-2.62263,50.88043],[-2.62261,50.88028],[-2.62275,50.88025],[-2.62283,50.88034],[-2.62302,50.88031],[-2.62307,50.88023],[-2.62329,50.88013],[-2.62333,50.87991],[-2.62328,50.87966],[-2.62333,50.87957],[-2.62356,50.87943],[-2.62401,50.87941],[-2.62413,50.87934],[-2.62413,50.87926],[-2.62449,50.87941],[-2.62478,50.87946],[-2.62512,50.87948],[-2.6252,50.87952],[-2.62561,50.87955],[-2.62628,50.87967],[-2.62672,50.87968],[-2.62684,50.87973],[-2.62691,50.87983],[-2.62715,50.87986],[-2.62728,50.88013],[-2.62735,50.88058],[-2.62742,50.88156],[-2.62743,50.88209],[-2.62745,50.88229],[-2.62739,50.88245],[-2.6273,50.88245],[-2.62731,50.88266],[-2.62728,50.88282],[-2.62741,50.88304],[-2.62757,50.88345],[-2.62778,50.8838],[-2.62791,50.88407],[-2.62803,50.88455],[-2.62803,50.88496],[-2.62796,50.88521],[-2.62783,50.88535],[-2.62788,50.88563],[-2.62786,50.88605],[-2.6279,50.88621],[-2.62796,50.88631],[-2.62867,50.88624],[-2.6289,50.8862],[-2.62932,50.88608],[-2.62978,50.88599],[-2.63024,50.88587],[-2.63073,50.8858],[-2.6309,50.88581],[-2.63112,50.88587],[-2.632,50.88603],[-2.63268,50.88614],[-2.63307,50.88626],[-2.63361,50.88636],[-2.6339,50.88644],[-2.63437,50.88653],[-2.63458,50.88649],[-2.63481,50.88656],[-2.63492,50.8865],[-2.6356,50.88652],[-2.63585,50.88655],[-2.63635,50.88666],[-2.63712,50.88678],[-2.63709,50.88684],[-2.63734,50.88686],[-2.6376,50.88696],[-2.63803,50.88691],[-2.63861,50.8869],[-2.63872,50.88691],[-2.63932,50.88692],[-2.63966,50.887],[-2.64077,50.88698],[-2.6411,50.88689],[-2.64162,50.88679],[-2.64201,50.88673],[-2.64251,50.8867],[-2.64256,50.88694],[-2.64263,50.88704],[-2.6428,50.88715],[-2.64313,50.88727],[-2.64332,50.88733],[-2.64431,50.8875],[-2.64473,50.88767],[-2.64477,50.88772],[-2.64538,50.88791],[-2.64576,50.88809],[-2.64615,50.88819],[-2.64671,50.88831],[-2.6471,50.88835],[-2.64702,50.88814],[-2.64699,50.88782],[-2.64667,50.88769],[-2.6465,50.88755],[-2.64616,50.8874],[-2.64615,50.88735],[-2.64635,50.88718],[-2.6464,50.88708],[-2.64622,50.88692],[-2.64648,50.88638],[-2.64661,50.88621],[-2.64696,50.88596],[-2.64718,50.88574],[-2.64734,50.88547],[-2.64737,50.88534],[-2.64736,50.88498],[-2.64731,50.8849],[-2.64732,50.88471],[-2.64686,50.88443],[-2.6468,50.88425],[-2.64686,50.88411],[-2.64694,50.88405],[-2.64725,50.88399],[-2.64742,50.88398],[-2.64764,50.88404],[-2.64792,50.88415],[-2.64812,50.88417],[-2.64835,50.88416],[-2.64858,50.88411],[-2.64883,50.88402],[-2.64905,50.884],[-2.64923,50.88404],[-2.64942,50.88414],[-2.64958,50.88413],[-2.64983,50.88391],[-2.65003,50.88381],[-2.65011,50.88372],[-2.65023,50.88346],[-2.65042,50.88331],[-2.65059,50.88344],[-2.65076,50.88348],[-2.65144,50.88369],[-2.65209,50.88399],[-2.65264,50.88428],[-2.6529,50.88433],[-2.65324,50.88444],[-2.65396,50.8847],[-2.65417,50.88483],[-2.65438,50.88504],[-2.65449,50.88511],[-2.65489,50.88527],[-2.6551,50.88534],[-2.65559,50.88543],[-2.65638,50.88571],[-2.65668,50.8859],[-2.65743,50.88621],[-2.65843,50.8866],[-2.65913,50.88684],[-2.65935,50.8869],[-2.65975,50.88698],[-2.66033,50.88703],[-2.66061,50.88711],[-2.66077,50.88698],[-2.66114,50.88662],[-2.66109,50.88658],[-2.66133,50.88642],[-2.66178,50.88618],[-2.66281,50.88574],[-2.66408,50.88521],[-2.66435,50.88508],[-2.66443,50.88511],[-2.66467,50.88497],[-2.66495,50.88476],[-2.66549,50.88428],[-2.6661,50.88376],[-2.66625,50.88362],[-2.66654,50.88346],[-2.66719,50.8832],[-2.66718,50.88315],[-2.6674,50.88302],[-2.66786,50.88285],[-2.66828,50.88272],[-2.66886,50.88245],[-2.66949,50.88203],[-2.67017,50.88157],[-2.67179,50.88058],[-2.67194,50.88062],[-2.6735,50.87988],[-2.67394,50.87951],[-2.67448,50.87924],[-2.67485,50.87914],[-2.67513,50.87911],[-2.67553,50.87903],[-2.67599,50.87884],[-2.67628,50.87866],[-2.67652,50.87847],[-2.67677,50.87834],[-2.67718,50.87822],[-2.67803,50.87791],[-2.67874,50.87759],[-2.67904,50.87746],[-2.67928,50.87744],[-2.67974,50.87734],[-2.68006,50.87723],[-2.68037,50.87719],[-2.6805,50.87714],[-2.68157,50.87708],[-2.68203,50.87709],[-2.6824,50.87704],[-2.68335,50.87701],[-2.68418,50.87698],[-2.68463,50.877],[-2.68504,50.87694],[-2.68544,50.8769],[-2.68595,50.87689],[-2.68663,50.87673],[-2.68716,50.87666],[-2.68788,50.87653],[-2.68829,50.87652],[-2.68864,50.87657],[-2.68897,50.87658],[-2.68922,50.87655],[-2.68997,50.87654],[-2.69032,50.87652],[-2.69089,50.87643],[-2.69128,50.87647],[-2.692,50.87636],[-2.6926,50.87629],[-2.69297,50.8762],[-2.69367,50.87618],[-2.69418,50.87611],[-2.69469,50.87607],[-2.69487,50.87609],[-2.69511,50.87603],[-2.69533,50.876],[-2.69554,50.87602],[-2.69573,50.87599],[-2.69611,50.87581],[-2.69641,50.87555],[-2.69649,50.87545],[-2.69634,50.87532],[-2.69608,50.87493],[-2.69593,50.87481],[-2.69568,50.87468],[-2.69661,50.87388],[-2.69688,50.87369],[-2.69699,50.87364],[-2.6971,50.8735],[-2.6973,50.87343],[-2.69822,50.87334],[-2.69856,50.87327],[-2.69876,50.8732],[-2.69958,50.87282],[-2.69987,50.87289],[-2.7001,50.87285],[-2.70024,50.87291],[-2.70033,50.87288],[-2.70077,50.87302],[-2.70102,50.873],[-2.70135,50.87306],[-2.70174,50.8731],[-2.70261,50.87329],[-2.70275,50.8733],[-2.70297,50.87324],[-2.7039,50.87264],[-2.7042,50.87252],[-2.70433,50.87229],[-2.70461,50.87202],[-2.70489,50.87178],[-2.7051,50.87154],[-2.70568,50.87122],[-2.70614,50.87084],[-2.70642,50.87063],[-2.70666,50.87049],[-2.70682,50.87035],[-2.70714,50.86977],[-2.70777,50.86978],[-2.70782,50.86974],[-2.7093,50.86992],[-2.71121,50.87006],[-2.71129,50.87031],[-2.7114,50.87051],[-2.71158,50.87073],[-2.71176,50.8709],[-2.71194,50.87087],[-2.71404,50.87112],[-2.71439,50.87114],[-2.71437,50.87086],[-2.71428,50.8706],[-2.71417,50.87042],[-2.71415,50.87007],[-2.71419,50.86985],[-2.71426,50.86933],[-2.71425,50.86878],[-2.71426,50.86827],[-2.7142,50.86801],[-2.71394,50.86722],[-2.7138,50.867],[-2.71378,50.86665],[-2.71381,50.86633],[-2.71386,50.86609],[-2.71408,50.86583],[-2.71442,50.86547],[-2.71456,50.86496],[-2.71464,50.8646],[-2.71455,50.86409],[-2.71456,50.86389],[-2.7154,50.86389],[-2.71642,50.86392],[-2.7167,50.86395],[-2.71751,50.86398],[-2.718,50.86403],[-2.71836,50.86413],[-2.71876,50.86426],[-2.7192,50.86445],[-2.71954,50.86458],[-2.72032,50.8648],[-2.72065,50.86487],[-2.72102,50.86491],[-2.72138,50.86493],[-2.72161,50.86521],[-2.72185,50.8654],[-2.72237,50.86568],[-2.72269,50.86592],[-2.72309,50.86619],[-2.72319,50.86613],[-2.72338,50.8661],[-2.72403,50.86608],[-2.72427,50.86578],[-2.72446,50.86563],[-2.72479,50.86547],[-2.72499,50.86541],[-2.7253,50.86535],[-2.7261,50.8653],[-2.72647,50.86526],[-2.72705,50.86512],[-2.72752,50.865],[-2.72793,50.86491],[-2.72842,50.86486],[-2.72848,50.86491],[-2.72991,50.8647],[-2.73119,50.86481],[-2.73203,50.86492],[-2.73262,50.86496],[-2.73315,50.86496],[-2.73367,50.86493],[-2.73416,50.86485],[-2.73534,50.86458],[-2.73634,50.86437],[-2.73707,50.86423],[-2.73732,50.86424],[-2.73746,50.86446],[-2.73747,50.86458],[-2.73824,50.86467],[-2.73915,50.86462],[-2.73943,50.86462],[-2.73978,50.86453],[-2.74019,50.86447],[-2.74065,50.86446],[-2.74211,50.86426],[-2.74269,50.86421],[-2.74306,50.86429],[-2.74335,50.86429],[-2.74421,50.86423],[-2.74478,50.86421],[-2.7455,50.86414],[-2.74624,50.86404],[-2.74768,50.86394],[-2.74872,50.86385],[-2.74954,50.86381],[-2.75045,50.86381],[-2.75094,50.86384],[-2.75184,50.86393],[-2.75281,50.86408],[-2.75336,50.86414],[-2.75383,50.86433],[-2.75433,50.86468],[-2.75448,50.86489],[-2.75456,50.86525],[-2.75478,50.86544],[-2.75481,50.86564],[-2.75467,50.8659],[-2.75501,50.86615],[-2.75515,50.86636],[-2.75513,50.86655],[-2.75499,50.86678],[-2.75516,50.86684],[-2.75558,50.8668],[-2.75648,50.86665],[-2.75688,50.8666],[-2.75703,50.86662],[-2.75719,50.86669],[-2.7575,50.8669],[-2.75772,50.86684],[-2.75913,50.86625],[-2.75966,50.86605],[-2.75992,50.86598],[-2.76007,50.8658],[-2.76019,50.86537],[-2.76034,50.86474],[-2.76042,50.86458],[-2.76063,50.86413],[-2.76089,50.86343],[-2.76096,50.86318],[-2.76103,50.86262],[-2.76108,50.86236],[-2.76092,50.86233],[-2.76092,50.86204],[-2.76096,50.86172],[-2.76093,50.86146],[-2.76097,50.86129],[-2.76111,50.8611],[-2.76141,50.8609],[-2.76169,50.8608],[-2.76205,50.86088],[-2.76211,50.86073],[-2.76259,50.86065],[-2.76388,50.86059],[-2.76438,50.86061],[-2.76509,50.86072],[-2.76547,50.86072],[-2.76619,50.86068],[-2.76686,50.8607],[-2.7674,50.8607],[-2.76775,50.86068],[-2.76803,50.86062],[-2.76831,50.86063],[-2.76862,50.86054],[-2.76896,50.86051],[-2.76971,50.86033],[-2.76996,50.86031],[-2.77017,50.86035],[-2.77046,50.86032],[-2.77096,50.86041],[-2.77155,50.86041],[-2.7717,50.86027],[-2.7721,50.86039],[-2.77236,50.86044],[-2.7733,50.86051],[-2.77384,50.86065],[-2.77431,50.86069],[-2.77541,50.86068],[-2.77548,50.86063],[-2.77606,50.8606],[-2.77726,50.86055],[-2.77781,50.86055],[-2.77855,50.86051],[-2.77912,50.86045],[-2.78006,50.86032],[-2.78078,50.86015],[-2.78203,50.85978],[-2.78229,50.8597],[-2.7824,50.85958],[-2.78278,50.859],[-2.78307,50.85851],[-2.78331,50.85811],[-2.78391,50.8571],[-2.78408,50.85684],[-2.78421,50.85671],[-2.78479,50.85624],[-2.78518,50.85582],[-2.78552,50.85522],[-2.78597,50.85473],[-2.7862,50.85451],[-2.78683,50.85421],[-2.7871,50.85398],[-2.78754,50.85375],[-2.7878,50.85365],[-2.7892,50.85341],[-2.78969,50.85326],[-2.79044,50.85321],[-2.79075,50.85316],[-2.79178,50.85287],[-2.79201,50.85283],[-2.79229,50.85282],[-2.79263,50.85289],[-2.79344,50.85322],[-2.7938,50.85347],[-2.79397,50.85375],[-2.79426,50.85414],[-2.79466,50.85443],[-2.79492,50.85458],[-2.79525,50.85472],[-2.79588,50.85488],[-2.79668,50.85509],[-2.79708,50.85517],[-2.79745,50.85521],[-2.7978,50.85528],[-2.79815,50.8554],[-2.7986,50.8554],[-2.79905,50.85545],[-2.79941,50.8556],[-2.79987,50.85589],[-2.80002,50.85594],[-2.80027,50.85617],[-2.80075,50.8561],[-2.80102,50.85612],[-2.80114,50.85617],[-2.80138,50.85638],[-2.80159,50.85671],[-2.80169,50.85679],[-2.80198,50.85688],[-2.80212,50.85694],[-2.80252,50.85708],[-2.8029,50.85724],[-2.80338,50.85737],[-2.80387,50.85755],[-2.80418,50.85765],[-2.80474,50.85779],[-2.80537,50.85799],[-2.80609,50.85817],[-2.80718,50.85852],[-2.80752,50.85863],[-2.80784,50.85868],[-2.80747,50.85889],[-2.80705,50.85894],[-2.80697,50.85932],[-2.80681,50.8597],[-2.80658,50.86008],[-2.80609,50.86067],[-2.80575,50.86115],[-2.80563,50.86138],[-2.80561,50.86151],[-2.80559,50.86189],[-2.80584,50.8619],[-2.80631,50.86202],[-2.8065,50.86205],[-2.80682,50.86221],[-2.80766,50.86277],[-2.80781,50.86288],[-2.80731,50.86325],[-2.8078,50.86346],[-2.80807,50.86363],[-2.80832,50.86335],[-2.80868,50.86316],[-2.80907,50.863],[-2.80942,50.86288],[-2.80984,50.86272],[-2.81015,50.86257],[-2.81075,50.863],[-2.81107,50.86322],[-2.81142,50.86341],[-2.81181,50.86313],[-2.81192,50.86297],[-2.81243,50.86266],[-2.81288,50.86219],[-2.81294,50.86209],[-2.8127,50.86183],[-2.81258,50.86164],[-2.81252,50.86142],[-2.81237,50.86123],[-2.81264,50.86089],[-2.81309,50.86048],[-2.81324,50.8603],[-2.81357,50.85977],[-2.81379,50.85927],[-2.8139,50.8591],[-2.81444,50.85852],[-2.81453,50.85853],[-2.81468,50.85835],[-2.8149,50.85801],[-2.81501,50.85788],[-2.81539,50.85752],[-2.81558,50.85742],[-2.8158,50.85715],[-2.8161,50.85685],[-2.81626,50.85675],[-2.81656,50.85665],[-2.81677,50.85655],[-2.81732,50.85601],[-2.81754,50.85577],[-2.81773,50.85562],[-2.8181,50.85542],[-2.81844,50.85516],[-2.81891,50.85494],[-2.81949,50.85456],[-2.81991,50.8544],[-2.82025,50.85419],[-2.82036,50.85401],[-2.82054,50.85391],[-2.82125,50.85368],[-2.82159,50.85364],[-2.82202,50.85353],[-2.82217,50.85346],[-2.82234,50.85334],[-2.82247,50.85314],[-2.8227,50.85294],[-2.82273,50.85285],[-2.82287,50.85277],[-2.82313,50.85256],[-2.82314,50.85249],[-2.82331,50.85242],[-2.82368,50.85234],[-2.82446,50.85203],[-2.82529,50.85127],[-2.82568,50.85102],[-2.82578,50.85088],[-2.826,50.85082],[-2.82636,50.85066],[-2.82671,50.85068],[-2.82706,50.85062],[-2.82719,50.85065],[-2.8274,50.85096],[-2.8274,50.85112],[-2.82748,50.85126],[-2.82756,50.85129],[-2.82778,50.85112],[-2.82794,50.85114],[-2.82809,50.85126],[-2.82833,50.85134],[-2.82833,50.85146],[-2.82822,50.85172],[-2.82835,50.85191],[-2.82868,50.85204],[-2.8287,50.85191],[-2.82855,50.85176],[-2.82869,50.85173],[-2.82898,50.85177],[-2.82916,50.85168],[-2.829,50.85158],[-2.82902,50.8515],[-2.82919,50.85132],[-2.82914,50.85118],[-2.82919,50.85096],[-2.82932,50.85096],[-2.82946,50.85075],[-2.8294,50.85056],[-2.82942,50.85047],[-2.82924,50.8504],[-2.82916,50.84999],[-2.82898,50.84969],[-2.82875,50.84917],[-2.82865,50.84903],[-2.82855,50.84881],[-2.82862,50.84878],[-2.8296,50.84862],[-2.82968,50.84873],[-2.82978,50.8487],[-2.82998,50.84893],[-2.83071,50.84956],[-2.83091,50.84975],[-2.83103,50.84993],[-2.83166,50.84979],[-2.83143,50.84947],[-2.83196,50.84937],[-2.83273,50.84928],[-2.83298,50.84923],[-2.83333,50.8492],[-2.83429,50.84915],[-2.8343,50.84925],[-2.83478,50.8492],[-2.83572,50.84904],[-2.83712,50.84883],[-2.83727,50.84881],[-2.83726,50.84871],[-2.83845,50.84826],[-2.83897,50.84808],[-2.84036,50.84779],[-2.84077,50.84772],[-2.84126,50.84758],[-2.8417,50.84743],[-2.84198,50.84736],[-2.84239,50.8473],[-2.84293,50.8474],[-2.84313,50.84752],[-2.84313,50.84759],[-2.84282,50.84773],[-2.84293,50.8479],[-2.84297,50.84811],[-2.8432,50.84818],[-2.84323,50.84825],[-2.84309,50.84832],[-2.84305,50.84844],[-2.84318,50.8486],[-2.84319,50.84881],[-2.84328,50.84888],[-2.8435,50.84893],[-2.84364,50.849],[-2.84376,50.84916],[-2.84378,50.84928],[-2.8437,50.84931],[-2.84344,50.8493],[-2.84354,50.8496],[-2.84379,50.84976],[-2.84393,50.84995],[-2.84388,50.85015],[-2.844,50.85027],[-2.84443,50.85022],[-2.84457,50.85012],[-2.84477,50.85017],[-2.84481,50.85028],[-2.84461,50.85034],[-2.84454,50.85045],[-2.84483,50.85059],[-2.84499,50.85071],[-2.8449,50.8508],[-2.84496,50.851],[-2.84492,50.85114],[-2.84504,50.85122],[-2.84524,50.85119],[-2.84537,50.85125],[-2.84524,50.85141],[-2.84506,50.8515],[-2.8452,50.85161],[-2.84568,50.85153],[-2.84635,50.85138],[-2.84652,50.85118],[-2.8465,50.85103],[-2.8464,50.85088],[-2.84653,50.85079],[-2.84696,50.85074],[-2.84717,50.85075],[-2.84743,50.85093],[-2.84745,50.85115],[-2.84752,50.85133],[-2.84765,50.85136],[-2.84785,50.85129],[-2.84794,50.85114],[-2.84805,50.85112],[-2.84851,50.85125],[-2.84863,50.85117],[-2.84847,50.85097],[-2.84849,50.85088],[-2.8489,50.85063],[-2.84905,50.85066],[-2.8491,50.85089],[-2.84935,50.85087],[-2.84967,50.85068],[-2.84989,50.85082],[-2.85011,50.85085],[-2.85025,50.85068],[-2.85048,50.85066],[-2.85061,50.85075],[-2.85074,50.85075],[-2.85114,50.85052],[-2.85125,50.8504],[-2.85128,50.85027],[-2.85159,50.84994],[-2.85176,50.84987],[-2.85219,50.84976],[-2.85239,50.84948],[-2.85247,50.84943],[-2.85272,50.84941],[-2.85311,50.84948],[-2.85338,50.8496],[-2.85367,50.84964],[-2.8539,50.84958],[-2.85397,50.84951],[-2.85397,50.84934],[-2.8541,50.84926],[-2.85422,50.84927],[-2.85448,50.84937],[-2.85474,50.84952],[-2.85504,50.84962],[-2.85509,50.84976],[-2.85522,50.85],[-2.85519,50.85021],[-2.85535,50.8503],[-2.85559,50.85031],[-2.85575,50.85021],[-2.85586,50.85006],[-2.85597,50.85],[-2.85621,50.85002],[-2.85678,50.85024],[-2.85698,50.85022],[-2.85713,50.85006],[-2.8574,50.85013],[-2.85764,50.85027],[-2.85782,50.85035],[-2.85805,50.85037],[-2.85816,50.85032],[-2.85823,50.85008],[-2.85841,50.85002],[-2.85895,50.85008],[-2.85916,50.85006],[-2.85928,50.84991],[-2.85939,50.84985],[-2.8596,50.84981],[-2.85987,50.84964],[-2.85997,50.84962],[-2.86032,50.84977],[-2.86041,50.84976],[-2.86045,50.84964],[-2.86063,50.84946],[-2.86075,50.84943],[-2.8613,50.84935],[-2.86151,50.84927],[-2.86181,50.84911],[-2.86188,50.84892],[-2.86197,50.84887],[-2.86221,50.84885],[-2.86246,50.84888],[-2.86289,50.84903],[-2.86308,50.84897],[-2.86315,50.84889],[-2.86314,50.84874],[-2.86321,50.84867],[-2.86349,50.84856],[-2.86375,50.84854],[-2.86391,50.84869],[-2.86412,50.84877],[-2.86426,50.84871],[-2.86433,50.84851],[-2.86442,50.84844],[-2.86457,50.84843],[-2.86468,50.84849],[-2.86482,50.84863],[-2.86497,50.8487],[-2.86523,50.84865],[-2.86533,50.84841],[-2.86545,50.84836],[-2.86573,50.84841],[-2.86584,50.84849],[-2.8659,50.84881],[-2.86603,50.849],[-2.86619,50.84905],[-2.86641,50.84906],[-2.86656,50.84911],[-2.86683,50.84929],[-2.86705,50.84929],[-2.86712,50.84906],[-2.86719,50.84899],[-2.86748,50.84885],[-2.86763,50.84883],[-2.86787,50.84908],[-2.86819,50.84906],[-2.86839,50.84901],[-2.86856,50.84899],[-2.86912,50.849],[-2.8694,50.84887],[-2.86961,50.84882],[-2.86971,50.84874],[-2.86962,50.84865],[-2.86942,50.84859],[-2.86926,50.84845],[-2.86925,50.84837],[-2.86934,50.84824],[-2.86955,50.84811],[-2.86973,50.84807],[-2.87005,50.84811],[-2.87035,50.84812],[-2.8705,50.84815],[-2.87073,50.84834],[-2.87088,50.84831],[-2.87108,50.84821],[-2.87123,50.84828],[-2.87121,50.8485],[-2.87131,50.84871],[-2.87137,50.84891],[-2.87158,50.84905],[-2.87196,50.84891],[-2.87224,50.84886],[-2.87256,50.84887],[-2.87264,50.84901],[-2.87258,50.84927],[-2.87267,50.84936],[-2.87296,50.84943],[-2.8733,50.84942],[-2.87345,50.84937],[-2.87367,50.84913],[-2.87381,50.84892],[-2.8739,50.84885],[-2.87423,50.84881],[-2.87441,50.84882],[-2.87473,50.84903],[-2.87488,50.84903],[-2.87508,50.84895],[-2.87543,50.84888],[-2.87571,50.8489],[-2.87605,50.84915],[-2.8763,50.84921],[-2.87663,50.84916],[-2.87679,50.84907],[-2.87694,50.84931],[-2.87712,50.84927],[-2.87711,50.8491],[-2.87694,50.84898],[-2.87713,50.84873],[-2.87721,50.84866],[-2.87744,50.84858],[-2.87767,50.84856],[-2.87788,50.84859],[-2.87804,50.84866],[-2.87793,50.84891],[-2.87802,50.84895],[-2.87832,50.84893],[-2.87855,50.84879],[-2.87862,50.84853],[-2.87892,50.84829],[-2.87897,50.84818],[-2.87861,50.84777],[-2.87837,50.84792],[-2.87821,50.84793],[-2.87805,50.84779],[-2.87785,50.84772],[-2.87783,50.84755],[-2.87792,50.84735],[-2.87815,50.84732],[-2.87845,50.84721],[-2.87882,50.84717],[-2.87891,50.84701],[-2.87881,50.84687],[-2.87892,50.84671],[-2.8792,50.84667],[-2.87929,50.8466],[-2.87923,50.84651],[-2.87903,50.84642],[-2.87908,50.84637],[-2.87928,50.84638],[-2.87957,50.84646],[-2.87992,50.8466],[-2.88023,50.84671],[-2.88045,50.84661],[-2.88056,50.8466],[-2.88084,50.84673],[-2.88091,50.84682],[-2.88091,50.84691],[-2.88097,50.84709],[-2.88097,50.84719],[-2.88068,50.84741],[-2.88072,50.84752],[-2.88104,50.84757],[-2.88116,50.84768],[-2.88125,50.84796],[-2.88134,50.84799],[-2.88185,50.84804],[-2.88209,50.84814],[-2.88213,50.84826],[-2.88203,50.84842],[-2.8821,50.84854],[-2.88223,50.84852],[-2.8829,50.84827],[-2.88305,50.84837],[-2.88308,50.84868],[-2.88304,50.84881],[-2.8828,50.84898],[-2.8826,50.84922],[-2.88334,50.84948],[-2.88353,50.84942],[-2.88339,50.84933],[-2.8834,50.84916],[-2.88367,50.84918],[-2.88384,50.84931],[-2.88389,50.84951],[-2.88396,50.84958],[-2.88433,50.84958],[-2.88475,50.84961],[-2.88493,50.84972],[-2.88477,50.84986],[-2.88491,50.85019],[-2.88506,50.85031],[-2.88609,50.85054],[-2.88637,50.85051],[-2.8864,50.85042],[-2.88619,50.85029],[-2.88624,50.85011],[-2.88652,50.85019],[-2.88672,50.85032],[-2.88684,50.85036],[-2.88737,50.85028],[-2.88765,50.85019],[-2.88802,50.85015],[-2.88824,50.85008],[-2.88839,50.84994],[-2.88857,50.84984],[-2.8887,50.84984],[-2.88881,50.84999],[-2.88903,50.85005],[-2.88933,50.84999],[-2.88972,50.84989],[-2.89012,50.84961],[-2.89024,50.84934],[-2.89026,50.84904],[-2.89037,50.84895],[-2.89066,50.84899],[-2.89085,50.84894],[-2.89098,50.84885],[-2.89122,50.84881],[-2.89134,50.84873],[-2.8914,50.84856],[-2.8916,50.84843],[-2.89177,50.84842],[-2.89192,50.84855],[-2.89209,50.84858],[-2.89213,50.84849],[-2.89209,50.84834],[-2.89225,50.84828],[-2.89245,50.84835],[-2.89253,50.84827],[-2.89256,50.84787],[-2.89253,50.84769],[-2.89261,50.84764],[-2.89297,50.84764],[-2.89311,50.84758],[-2.89336,50.8474],[-2.89316,50.84725],[-2.89315,50.84715],[-2.89341,50.84679],[-2.89369,50.84673],[-2.89378,50.84676],[-2.89388,50.84688],[-2.89389,50.84709],[-2.894,50.84719],[-2.89421,50.84725],[-2.89441,50.84727],[-2.89447,50.84722],[-2.89443,50.84697],[-2.89446,50.84691],[-2.89486,50.84669],[-2.89508,50.84666],[-2.89526,50.84672],[-2.89531,50.84689],[-2.89571,50.84714],[-2.89591,50.84717],[-2.89624,50.84706],[-2.89642,50.84704],[-2.89659,50.84709],[-2.89671,50.84731],[-2.89696,50.84741],[-2.89726,50.8475],[-2.89747,50.8475],[-2.89796,50.84735],[-2.89804,50.8473],[-2.89817,50.84711],[-2.89835,50.84694],[-2.89843,50.84677],[-2.8986,50.84676],[-2.89885,50.8469],[-2.89898,50.84711],[-2.89912,50.84723],[-2.89928,50.84728],[-2.89944,50.84727],[-2.89957,50.84717],[-2.89954,50.84689],[-2.89971,50.84673],[-2.90006,50.84673],[-2.90038,50.84666],[-2.90077,50.84664],[-2.90098,50.84652],[-2.90105,50.84639],[-2.90082,50.84626],[-2.9006,50.84608],[-2.90058,50.84597],[-2.90074,50.84586],[-2.90107,50.84585],[-2.90136,50.84594],[-2.90159,50.84591],[-2.90171,50.84577],[-2.90175,50.84567],[-2.90198,50.84541],[-2.90223,50.84502],[-2.9025,50.84481],[-2.90256,50.84472],[-2.9024,50.84463],[-2.90219,50.84468],[-2.90191,50.84477],[-2.90172,50.84477],[-2.90145,50.84471],[-2.90128,50.8446],[-2.90127,50.84449],[-2.90158,50.84421],[-2.90174,50.84412],[-2.90191,50.84408],[-2.90246,50.84405],[-2.90273,50.84407],[-2.90291,50.84403],[-2.90297,50.84395],[-2.90299,50.84379],[-2.90318,50.84374],[-2.9041,50.84386],[-2.90423,50.84385],[-2.90464,50.84365],[-2.90494,50.84364],[-2.90548,50.84372],[-2.90581,50.84369],[-2.90652,50.84369],[-2.90663,50.84375],[-2.90665,50.84405],[-2.90668,50.84418],[-2.90684,50.84422],[-2.90714,50.84406],[-2.90753,50.84402],[-2.90785,50.84401],[-2.90834,50.84405],[-2.90855,50.84411],[-2.90865,50.84425],[-2.90874,50.84446],[-2.9089,50.84455],[-2.90916,50.84456],[-2.90947,50.84447],[-2.90962,50.8445],[-2.91013,50.84475],[-2.91031,50.84474],[-2.91041,50.84469],[-2.91046,50.8445],[-2.91039,50.84414],[-2.91046,50.844],[-2.91061,50.84394],[-2.91084,50.84389],[-2.91106,50.84388],[-2.9111,50.84402],[-2.91091,50.84431],[-2.91094,50.84441],[-2.9111,50.84438],[-2.91148,50.84417],[-2.91163,50.8441],[-2.912,50.84412],[-2.91224,50.84404],[-2.91236,50.84394],[-2.91242,50.84382],[-2.91255,50.84337],[-2.9126,50.84313],[-2.91268,50.84306],[-2.91307,50.84297],[-2.91319,50.8429],[-2.91307,50.84271],[-2.91305,50.84259],[-2.91339,50.84238],[-2.91355,50.84235],[-2.91385,50.84241],[-2.91402,50.84238],[-2.91413,50.84222],[-2.9142,50.84202],[-2.91441,50.84201],[-2.91478,50.84203],[-2.91507,50.84208],[-2.91523,50.84204],[-2.91552,50.84191],[-2.91595,50.84181],[-2.91656,50.84177],[-2.91697,50.8418],[-2.91731,50.84178],[-2.91732,50.84171],[-2.91705,50.84164],[-2.91714,50.84156],[-2.91739,50.84156],[-2.91754,50.84158],[-2.91756,50.84181],[-2.91796,50.84181],[-2.91827,50.84176],[-2.91855,50.84167],[-2.91869,50.84165],[-2.91895,50.84168],[-2.91924,50.84179],[-2.91939,50.84174],[-2.9192,50.84166],[-2.9191,50.84152],[-2.91928,50.84145],[-2.91952,50.8415],[-2.91991,50.84144],[-2.92008,50.84139],[-2.92031,50.84125],[-2.92049,50.84099],[-2.92072,50.84086],[-2.92082,50.84064],[-2.92096,50.84056],[-2.92137,50.84045],[-2.92169,50.84029],[-2.92187,50.84025],[-2.92214,50.84037],[-2.92227,50.84032],[-2.92235,50.84008],[-2.92273,50.84001],[-2.92321,50.83994],[-2.92379,50.83988],[-2.92401,50.83983],[-2.9242,50.83984],[-2.92438,50.83995],[-2.92451,50.83997],[-2.92484,50.83997],[-2.92502,50.83993],[-2.92509,50.83976],[-2.92497,50.83961],[-2.925,50.83952],[-2.92515,50.83945],[-2.92543,50.83947],[-2.92579,50.83965],[-2.92617,50.83977],[-2.92631,50.83987],[-2.92649,50.83988],[-2.92695,50.8397],[-2.92714,50.83968],[-2.92731,50.83972],[-2.92739,50.83981],[-2.92756,50.83989],[-2.92766,50.83998],[-2.92778,50.84002],[-2.9282,50.83995],[-2.92837,50.83996],[-2.92849,50.84003],[-2.92852,50.84015],[-2.92838,50.84024],[-2.92799,50.84034],[-2.92785,50.84045],[-2.92786,50.84069],[-2.92796,50.84081],[-2.9281,50.84081],[-2.92852,50.84066],[-2.92886,50.84044],[-2.92915,50.84045],[-2.92962,50.84083],[-2.92977,50.84089],[-2.93003,50.84094],[-2.93025,50.84086],[-2.93032,50.8408],[-2.93034,50.84049],[-2.92988,50.8405],[-2.92985,50.8404],[-2.92992,50.84034],[-2.92988,50.84022],[-2.93004,50.84005],[-2.93012,50.83981],[-2.93016,50.83952],[-2.93027,50.83907],[-2.93047,50.83895],[-2.93068,50.83866],[-2.93114,50.83884],[-2.93144,50.83889],[-2.93189,50.83893],[-2.93226,50.8389],[-2.93279,50.83877],[-2.93274,50.83866],[-2.93246,50.83829],[-2.93244,50.83822],[-2.93297,50.83805],[-2.93374,50.83783],[-2.93454,50.83765],[-2.93437,50.83709],[-2.93428,50.83663],[-2.93436,50.83648],[-2.93475,50.83643],[-2.93526,50.83629],[-2.93554,50.83619],[-2.93607,50.83596],[-2.93622,50.83593],[-2.93655,50.83577],[-2.93675,50.83571],[-2.93753,50.8354],[-2.93761,50.83532],[-2.938,50.83509],[-2.93826,50.83536],[-2.93848,50.83554],[-2.93872,50.83585],[-2.93882,50.83591],[-2.93913,50.83599],[-2.93952,50.83617],[-2.93975,50.83635],[-2.93995,50.83635],[-2.94008,50.83643],[-2.94033,50.83634],[-2.94096,50.83619],[-2.94122,50.83607],[-2.94137,50.83591],[-2.94162,50.83591],[-2.94176,50.83582],[-2.94186,50.8357],[-2.94209,50.835],[-2.9422,50.83502],[-2.94224,50.83488],[-2.94264,50.83487],[-2.94287,50.83478],[-2.94298,50.83479],[-2.94328,50.83447],[-2.94375,50.83386],[-2.94426,50.83323],[-2.94411,50.83304],[-2.94417,50.83278],[-2.94393,50.83274],[-2.94385,50.83264],[-2.94391,50.83248],[-2.94433,50.83239],[-2.94443,50.83228],[-2.94406,50.83219],[-2.94397,50.83207],[-2.94403,50.83193],[-2.94417,50.83187],[-2.94431,50.83188],[-2.94455,50.832],[-2.94466,50.83198],[-2.94456,50.8318],[-2.94459,50.83156],[-2.9446,50.83125],[-2.94455,50.83103],[-2.94442,50.83085],[-2.94399,50.83045],[-2.94389,50.83029],[-2.94388,50.83016],[-2.94395,50.83],[-2.94412,50.82987],[-2.94467,50.82968],[-2.94462,50.82958],[-2.94443,50.82957],[-2.94411,50.82929],[-2.94414,50.82913],[-2.94455,50.82882],[-2.94481,50.82871],[-2.94497,50.82872],[-2.94501,50.82878],[-2.94493,50.8289],[-2.94533,50.82885],[-2.94531,50.8288],[-2.9451,50.82875],[-2.94498,50.82863],[-2.94502,50.82856],[-2.94523,50.8285],[-2.94541,50.82852],[-2.94553,50.82858],[-2.94555,50.8288],[-2.94561,50.8289],[-2.94591,50.82888],[-2.94602,50.82883],[-2.9461,50.82859],[-2.94605,50.82852],[-2.94611,50.82836],[-2.94628,50.82811],[-2.94616,50.82784],[-2.9459,50.82756],[-2.94584,50.82734],[-2.94596,50.82723],[-2.94599,50.82697],[-2.94607,50.82685],[-2.94625,50.82671],[-2.94607,50.82628],[-2.94619,50.82611],[-2.94643,50.82601],[-2.94657,50.82611],[-2.94681,50.82615],[-2.94702,50.82607],[-2.94724,50.82607],[-2.94751,50.82592],[-2.94746,50.82584],[-2.94717,50.8257],[-2.9471,50.82559],[-2.94708,50.82531],[-2.9474,50.82528],[-2.94787,50.82532],[-2.94802,50.82526],[-2.94783,50.82505],[-2.94759,50.82485],[-2.94775,50.8246],[-2.94774,50.82453],[-2.94751,50.82429],[-2.94744,50.82429],[-2.9474,50.82397],[-2.94732,50.82382],[-2.94734,50.82374],[-2.94752,50.82363],[-2.94769,50.82344],[-2.94797,50.82339],[-2.94827,50.82329],[-2.94855,50.82326],[-2.94865,50.82334],[-2.94871,50.82354],[-2.94878,50.82364],[-2.94896,50.82371],[-2.94919,50.82375],[-2.94942,50.82375],[-2.94954,50.8237],[-2.94969,50.82355],[-2.94968,50.82331],[-2.94949,50.82305],[-2.94944,50.82285],[-2.94936,50.82275],[-2.94959,50.82248],[-2.94982,50.82241],[-2.94994,50.82246],[-2.9501,50.82272],[-2.95028,50.82277],[-2.95054,50.82272],[-2.9511,50.82288],[-2.95127,50.8229],[-2.95154,50.82287],[-2.95171,50.82274],[-2.95194,50.82264],[-2.95219,50.82246],[-2.95245,50.82238],[-2.95284,50.82237],[-2.95295,50.82234],[-2.95306,50.82224],[-2.95322,50.82196],[-2.95329,50.82163],[-2.95357,50.82135],[-2.95371,50.82117],[-2.95388,50.82085],[-2.95429,50.82113],[-2.95438,50.82094],[-2.9546,50.82073],[-2.95493,50.82058],[-2.95551,50.82018],[-2.9557,50.82014],[-2.95579,50.82035],[-2.95601,50.82047],[-2.95616,50.82045],[-2.95642,50.82031],[-2.9566,50.82036],[-2.95672,50.82048],[-2.95691,50.82048],[-2.957,50.82037],[-2.95734,50.82039],[-2.958,50.82009],[-2.95817,50.81999],[-2.95846,50.81963],[-2.95848,50.81948],[-2.95844,50.81921],[-2.95851,50.81905],[-2.95878,50.81881],[-2.95882,50.81862],[-2.95872,50.81839],[-2.95866,50.81831],[-2.95839,50.81817],[-2.9581,50.81817],[-2.95792,50.81828],[-2.95763,50.8183],[-2.95735,50.81824],[-2.95731,50.81814],[-2.95748,50.81794],[-2.95772,50.81776],[-2.95809,50.81801],[-2.95862,50.81776],[-2.95893,50.81781],[-2.95916,50.81794],[-2.95935,50.81794],[-2.95947,50.81782],[-2.95934,50.81767],[-2.95915,50.81753],[-2.95912,50.81744],[-2.95918,50.81725],[-2.95948,50.81711],[-2.95962,50.8168],[-2.95989,50.81681],[-2.96072,50.81674],[-2.96109,50.81666],[-2.96123,50.81657],[-2.96132,50.81642],[-2.96131,50.81632],[-2.9614,50.81622],[-2.9616,50.81614],[-2.9616,50.81607],[-2.96133,50.81578],[-2.96137,50.81561],[-2.96127,50.81554],[-2.96107,50.81557],[-2.96092,50.81547],[-2.96081,50.81554],[-2.96079,50.81569],[-2.96061,50.81578],[-2.96059,50.81597],[-2.96046,50.81607],[-2.96048,50.81619],[-2.95999,50.8164],[-2.95906,50.81604],[-2.95891,50.8162],[-2.95872,50.81636],[-2.95843,50.81634],[-2.95829,50.81623],[-2.95828,50.81604],[-2.95841,50.81593],[-2.95832,50.81581],[-2.95817,50.81581],[-2.95801,50.81589],[-2.95776,50.81588],[-2.95742,50.81583],[-2.95675,50.81586],[-2.95647,50.81584],[-2.956,50.81571],[-2.95576,50.8156],[-2.95547,50.81554],[-2.95507,50.81556],[-2.95482,50.81538],[-2.95456,50.81539],[-2.95434,50.81553],[-2.95411,50.81553],[-2.9539,50.81545],[-2.95379,50.81537],[-2.95347,50.81521],[-2.95303,50.8151],[-2.95258,50.81506],[-2.9525,50.81512],[-2.95213,50.81516],[-2.95194,50.81521],[-2.95175,50.81545],[-2.95147,50.81544],[-2.95145,50.81532],[-2.95133,50.81524],[-2.9513,50.81501],[-2.95092,50.81499],[-2.95024,50.81503],[-2.9502,50.81507],[-2.94992,50.81499],[-2.94977,50.8151],[-2.94954,50.81522],[-2.94949,50.81529],[-2.94954,50.81538],[-2.94945,50.81542],[-2.94912,50.81542],[-2.94921,50.81523],[-2.94904,50.81515],[-2.94877,50.81528],[-2.94853,50.81536],[-2.94825,50.81538],[-2.94796,50.81543],[-2.94784,50.81537],[-2.94756,50.81508],[-2.94732,50.81475],[-2.94714,50.81466],[-2.94684,50.81461],[-2.94722,50.81436],[-2.94717,50.81429],[-2.94693,50.81421],[-2.94649,50.81415],[-2.94631,50.8141],[-2.94615,50.814],[-2.94596,50.81406],[-2.94567,50.81407],[-2.9455,50.81397],[-2.94535,50.81375],[-2.94504,50.81368],[-2.94501,50.81349],[-2.94481,50.81337],[-2.9446,50.81337],[-2.94436,50.81344],[-2.94416,50.81342],[-2.9441,50.81331],[-2.94396,50.81324],[-2.94395,50.81308],[-2.94378,50.8129],[-2.94344,50.81296],[-2.94335,50.81289],[-2.94337,50.81271],[-2.94323,50.81254],[-2.94325,50.81244],[-2.94312,50.81236],[-2.94285,50.81242],[-2.94272,50.8124],[-2.94269,50.81226],[-2.94277,50.81216],[-2.9426,50.81205],[-2.94259,50.81194],[-2.94234,50.81189],[-2.94214,50.81189],[-2.94215,50.81175],[-2.94178,50.81169],[-2.94151,50.81173],[-2.94149,50.81163],[-2.94158,50.81147],[-2.94165,50.81115],[-2.94158,50.8111],[-2.94134,50.8111],[-2.94099,50.811],[-2.94082,50.8111],[-2.94071,50.81108],[-2.94076,50.81094],[-2.94049,50.81085],[-2.9403,50.81069],[-2.93995,50.81063],[-2.93979,50.81048],[-2.93946,50.81048],[-2.93927,50.81042],[-2.93901,50.81044],[-2.93899,50.8104],[-2.93911,50.81025],[-2.93904,50.81008],[-2.93893,50.81003],[-2.93869,50.80999],[-2.93851,50.80988],[-2.93823,50.80979],[-2.9381,50.80991],[-2.93787,50.80986],[-2.93759,50.80986],[-2.93728,50.80993],[-2.93705,50.81008],[-2.93688,50.81009],[-2.93661,50.81006],[-2.93651,50.81002],[-2.93639,50.80987],[-2.93638,50.80976],[-2.93613,50.80971],[-2.93577,50.80968],[-2.93552,50.80983],[-2.93527,50.80964],[-2.93497,50.80943],[-2.93465,50.80943],[-2.93459,50.80935],[-2.93462,50.80924],[-2.93446,50.80918],[-2.93432,50.80918],[-2.93388,50.80924],[-2.93366,50.80918],[-2.93343,50.80908],[-2.93327,50.80911],[-2.9331,50.80924],[-2.93285,50.80923],[-2.93268,50.80909],[-2.93248,50.80906],[-2.93223,50.8092],[-2.93182,50.80918],[-2.93159,50.80914],[-2.93154,50.809],[-2.93155,50.8087],[-2.93128,50.80864],[-2.93099,50.80871],[-2.93088,50.80889],[-2.93075,50.80901],[-2.93055,50.80894],[-2.93035,50.80905],[-2.93017,50.80909],[-2.92989,50.80909],[-2.92966,50.80902],[-2.92957,50.80884],[-2.92937,50.80863],[-2.92909,50.80852],[-2.92896,50.80842],[-2.92859,50.80834],[-2.92812,50.80837],[-2.92777,50.80835],[-2.92758,50.8084],[-2.92746,50.80832],[-2.92699,50.80825],[-2.92712,50.80809],[-2.92687,50.80794],[-2.92652,50.80787],[-2.92641,50.80796],[-2.92629,50.80815],[-2.92631,50.80824],[-2.92592,50.80828],[-2.92578,50.80826],[-2.92544,50.80818],[-2.92531,50.80799],[-2.92519,50.80802],[-2.92515,50.8082],[-2.925,50.8083],[-2.92449,50.80818],[-2.92425,50.80798],[-2.9242,50.80789],[-2.92407,50.80784],[-2.92387,50.80785],[-2.92352,50.80779],[-2.92338,50.8078],[-2.92311,50.80774],[-2.9229,50.80764],[-2.92272,50.80759],[-2.9224,50.80741],[-2.92232,50.80733],[-2.92238,50.80715],[-2.92205,50.80706],[-2.92191,50.80691],[-2.92141,50.80695],[-2.92102,50.80692],[-2.92076,50.80681],[-2.92063,50.80679],[-2.92054,50.80666],[-2.92017,50.80668],[-2.92024,50.80653],[-2.92013,50.80647],[-2.91982,50.80648],[-2.9196,50.80632],[-2.91927,50.80618],[-2.91906,50.80599],[-2.91918,50.80586],[-2.91912,50.80578],[-2.91884,50.80574],[-2.91856,50.80563],[-2.91837,50.80569],[-2.91825,50.80586],[-2.91797,50.80583],[-2.91765,50.80592],[-2.91744,50.80588],[-2.91703,50.80584],[-2.91673,50.80561],[-2.9165,50.80551],[-2.91635,50.80562],[-2.9161,50.80556],[-2.9158,50.80561],[-2.91569,50.80557],[-2.91571,50.80545],[-2.91559,50.80536],[-2.91543,50.80535],[-2.91528,50.80529],[-2.91514,50.80531],[-2.91489,50.80524],[-2.91455,50.80523],[-2.91438,50.80525],[-2.91405,50.80534],[-2.91381,50.80524],[-2.9137,50.80531],[-2.91359,50.8053],[-2.91339,50.80506],[-2.9133,50.80501],[-2.91309,50.80502],[-2.91299,50.80507],[-2.91278,50.80502],[-2.91258,50.80514],[-2.91237,50.8051],[-2.91213,50.80524],[-2.91202,50.80523],[-2.91182,50.80508],[-2.91159,50.805],[-2.91155,50.80478],[-2.91139,50.80465],[-2.91072,50.80462],[-2.91048,50.80476],[-2.91016,50.80477],[-2.91003,50.80469],[-2.90987,50.80471],[-2.90964,50.80467],[-2.90934,50.80473],[-2.90902,50.80475],[-2.90881,50.80472],[-2.90862,50.80476],[-2.90849,50.80472],[-2.90833,50.80479],[-2.90821,50.80478],[-2.90809,50.80468],[-2.90778,50.80476],[-2.90745,50.80468],[-2.9072,50.80471],[-2.90716,50.8048],[-2.90699,50.80481],[-2.90676,50.80488],[-2.90647,50.80488],[-2.90637,50.80499],[-2.90608,50.80496],[-2.90584,50.80503],[-2.90562,50.80523],[-2.90543,50.80527],[-2.90524,50.80526],[-2.90509,50.80519],[-2.90473,50.80516],[-2.90461,50.80507],[-2.90448,50.80503],[-2.90427,50.80503],[-2.90417,50.80496],[-2.90394,50.80496],[-2.90384,50.80488],[-2.90357,50.8049],[-2.90354,50.80486],[-2.90282,50.80475],[-2.90261,50.80462],[-2.90212,50.80479],[-2.90204,50.80479],[-2.90174,50.80467],[-2.90137,50.80463],[-2.90111,50.80476],[-2.90075,50.80473],[-2.90021,50.80492],[-2.90024,50.80499],[-2.90012,50.80509],[-2.89991,50.80509],[-2.89957,50.80514],[-2.89931,50.80509],[-2.89925,50.80493],[-2.899,50.80482],[-2.89867,50.80475],[-2.89844,50.80474],[-2.89826,50.80469],[-2.89787,50.80471],[-2.89773,50.80466],[-2.89755,50.80472],[-2.8975,50.80459],[-2.89719,50.80452],[-2.89699,50.80454],[-2.89674,50.80467],[-2.89645,50.80479],[-2.89602,50.80486],[-2.89587,50.80492],[-2.89564,50.80494],[-2.89536,50.80482],[-2.89512,50.80466],[-2.89491,50.80465],[-2.89471,50.80472],[-2.89436,50.80492],[-2.89423,50.80495],[-2.89392,50.80494],[-2.89373,50.80488],[-2.89367,50.80472],[-2.89325,50.80478],[-2.89307,50.80468],[-2.89296,50.80469],[-2.89287,50.80479],[-2.89254,50.80462],[-2.89236,50.80451],[-2.89198,50.80429],[-2.89201,50.80409],[-2.89182,50.80401],[-2.89172,50.80389],[-2.89156,50.80383],[-2.89156,50.80378],[-2.8912,50.80364],[-2.89106,50.80353],[-2.89093,50.80348],[-2.89061,50.80346],[-2.89035,50.80348],[-2.89023,50.80345],[-2.89022,50.8033],[-2.89038,50.80311],[-2.89034,50.80294],[-2.8904,50.80282],[-2.8904,50.80255],[-2.89022,50.80251],[-2.88995,50.80234],[-2.88988,50.80219],[-2.88997,50.80206],[-2.89018,50.80187],[-2.89014,50.80175],[-2.8902,50.80161],[-2.89007,50.80149],[-2.88998,50.80148],[-2.89001,50.80133],[-2.8899,50.80123],[-2.88969,50.80113],[-2.88966,50.801],[-2.88982,50.8007],[-2.88952,50.80065],[-2.88935,50.80047],[-2.88928,50.80034],[-2.88909,50.80021],[-2.88897,50.80008],[-2.88894,50.79996],[-2.88875,50.79972],[-2.88872,50.79962],[-2.88876,50.79941],[-2.88872,50.79931],[-2.88888,50.79922],[-2.8889,50.79887],[-2.8889,50.79867],[-2.88881,50.79841],[-2.88871,50.79819],[-2.88854,50.79813],[-2.88853,50.79788],[-2.88848,50.79772],[-2.8883,50.79748],[-2.88819,50.79738],[-2.88769,50.79712],[-2.88753,50.79699],[-2.88734,50.79689],[-2.88723,50.79677],[-2.8872,50.79654],[-2.887,50.79608],[-2.88706,50.79584],[-2.88705,50.7955],[-2.887,50.79538],[-2.88666,50.79489],[-2.88666,50.79473],[-2.88672,50.79468],[-2.88703,50.79458],[-2.88742,50.7944],[-2.88795,50.79423],[-2.88848,50.79413],[-2.88889,50.79409],[-2.8892,50.7941],[-2.88929,50.794],[-2.8893,50.79387],[-2.88916,50.79392],[-2.88866,50.79374],[-2.88813,50.79357],[-2.88776,50.79344],[-2.88787,50.79319],[-2.88782,50.79292],[-2.88754,50.79269],[-2.88704,50.79252],[-2.88766,50.79202],[-2.88797,50.79178],[-2.88857,50.79146],[-2.88893,50.79132],[-2.88949,50.79116],[-2.88995,50.79098],[-2.89058,50.79052],[-2.89095,50.79045],[-2.8916,50.7904],[-2.89219,50.79032],[-2.89269,50.79027],[-2.89311,50.79016],[-2.89346,50.79002],[-2.89374,50.78986],[-2.89396,50.78969],[-2.89427,50.78941],[-2.89448,50.78919],[-2.89466,50.78894],[-2.89479,50.78871],[-2.89512,50.7882],[-2.89522,50.788],[-2.89564,50.78754],[-2.89592,50.78731],[-2.89677,50.78655],[-2.89703,50.7864],[-2.89727,50.78623],[-2.89746,50.78614],[-2.89779,50.78603],[-2.89812,50.78596],[-2.89844,50.78595],[-2.89864,50.78588],[-2.89917,50.78586],[-2.89971,50.78595],[-2.89974,50.78591],[-2.89997,50.78592],[-2.90023,50.78591],[-2.9006,50.78585],[-2.90109,50.78572],[-2.90177,50.78559],[-2.90276,50.78545],[-2.90411,50.7853],[-2.9052,50.78523],[-2.90633,50.78515],[-2.90734,50.78505],[-2.9083,50.78498],[-2.90958,50.78486],[-2.91053,50.78479],[-2.91265,50.78459],[-2.91356,50.78449],[-2.91459,50.78432],[-2.91631,50.78399],[-2.91664,50.78395],[-2.91873,50.78373],[-2.91873,50.78362],[-2.91944,50.78355],[-2.92049,50.78342],[-2.92113,50.78335],[-2.92161,50.78328],[-2.9232,50.78312],[-2.92424,50.783],[-2.92753,50.78266],[-2.92847,50.78258],[-2.92927,50.7825],[-2.92965,50.78243],[-2.93005,50.78233],[-2.93079,50.78215],[-2.93162,50.78193],[-2.93192,50.78183],[-2.93302,50.78134],[-2.93411,50.78087],[-2.93548,50.78024],[-2.93683,50.77959],[-2.93815,50.77892],[-2.93917,50.77841],[-2.94077,50.77755],[-2.94111,50.77737],[-2.94229,50.77668],[-2.94265,50.77643],[-2.94355,50.77587],[-2.94467,50.77507],[-2.9455,50.77445],[-2.94582,50.77423],[-2.9466,50.77363],[-2.94774,50.77283],[-2.9483,50.77243],[-2.9489,50.77203],[-2.9503,50.77097],[-2.95025,50.77093],[-2.95105,50.77037],[-2.95146,50.77008],[-2.95235,50.76934],[-2.95289,50.76891],[-2.95314,50.76868],[-2.95387,50.76812],[-2.95433,50.76771],[-2.95474,50.76701],[-2.95488,50.76673],[-2.95495,50.76653],[-2.95517,50.7661],[-2.95528,50.76594],[-2.95552,50.76566],[-2.95587,50.76513],[-2.95598,50.76485],[-2.95581,50.76452],[-2.9557,50.76422],[-2.95571,50.76411],[-2.95596,50.76381],[-2.95604,50.76364],[-2.95567,50.76343],[-2.95499,50.76306],[-2.95431,50.76276],[-2.95386,50.76259],[-2.95316,50.76224],[-2.9528,50.76198],[-2.95267,50.76184],[-2.95263,50.7617],[-2.95259,50.76138],[-2.95209,50.76136],[-2.9516,50.76132],[-2.95124,50.76127],[-2.95024,50.76108],[-2.94961,50.76092],[-2.94897,50.7607],[-2.94858,50.76054],[-2.94819,50.76035],[-2.94759,50.76009],[-2.94712,50.75991],[-2.9464,50.75964],[-2.94564,50.75935],[-2.94491,50.75905],[-2.94429,50.75881],[-2.94353,50.75856],[-2.94193,50.75797],[-2.9413,50.75771],[-2.94043,50.75747],[-2.93979,50.75726],[-2.93907,50.75696],[-2.93868,50.75678],[-2.93759,50.75588],[-2.93717,50.75553],[-2.93691,50.75532],[-2.93663,50.75515],[-2.93552,50.75457],[-2.9353,50.75444],[-2.93506,50.75427],[-2.93553,50.75377],[-2.93594,50.75351],[-2.93611,50.75337],[-2.93633,50.75312],[-2.93651,50.75299],[-2.93664,50.75294],[-2.93703,50.7529],[-2.9372,50.75286],[-2.9377,50.75257],[-2.93789,50.75243],[-2.93828,50.75238],[-2.93855,50.75233],[-2.93872,50.75232],[-2.9389,50.75226],[-2.93917,50.75213],[-2.93955,50.75189],[-2.93968,50.75184],[-2.93977,50.75172],[-2.93992,50.75162],[-2.93982,50.75145],[-2.93996,50.75102],[-2.94001,50.75091],[-2.94002,50.75076],[-2.94012,50.75057],[-2.94027,50.75043],[-2.94022,50.75032],[-2.94042,50.75016],[-2.94049,50.74995],[-2.94057,50.74989],[-2.9405,50.74954],[-2.94058,50.74935],[-2.94068,50.74931],[-2.94069,50.74887],[-2.9406,50.74877],[-2.94059,50.74864],[-2.94043,50.74849],[-2.94026,50.7484],[-2.9402,50.74825],[-2.9401,50.74817],[-2.93996,50.74787],[-2.93986,50.74784],[-2.93967,50.74771],[-2.93952,50.74746],[-2.93934,50.74727],[-2.93914,50.74711],[-2.93898,50.74684],[-2.93884,50.7467],[-2.93888,50.74652],[-2.93862,50.74637],[-2.9385,50.74607],[-2.93838,50.74607],[-2.93825,50.74597],[-2.93825,50.74578],[-2.93831,50.74562],[-2.93822,50.74556],[-2.93824,50.74545],[-2.93823,50.74511],[-2.93828,50.74506],[-2.93802,50.74493],[-2.93803,50.74483],[-2.93792,50.74478],[-2.93803,50.74458],[-2.93801,50.74435],[-2.93786,50.7441],[-2.93807,50.74414],[-2.93829,50.74399],[-2.93842,50.74395],[-2.93836,50.74383],[-2.93845,50.74377],[-2.93845,50.74366],[-2.93883,50.74351],[-2.93886,50.74336],[-2.93894,50.74333],[-2.93908,50.74341],[-2.93934,50.74328],[-2.9395,50.74325],[-2.93955,50.74318],[-2.93987,50.74297],[-2.94013,50.74296],[-2.94023,50.74284],[-2.94044,50.74284],[-2.94063,50.7427],[-2.94071,50.74261],[-2.9406,50.74253],[-2.94077,50.74248],[-2.94078,50.74236],[-2.941,50.7423],[-2.94101,50.74213],[-2.94124,50.74203],[-2.94127,50.74181],[-2.94151,50.74168],[-2.94172,50.74152],[-2.94179,50.74143],[-2.94197,50.74138],[-2.94206,50.74128],[-2.94224,50.74123],[-2.94248,50.74108],[-2.94273,50.74081],[-2.94295,50.74063],[-2.94304,50.74048],[-2.94309,50.7402],[-2.94325,50.74014],[-2.94332,50.74004],[-2.9437,50.73995],[-2.94403,50.73956],[-2.94402,50.73945],[-2.94417,50.73939],[-2.94434,50.73919],[-2.94473,50.73895],[-2.9448,50.73882],[-2.94488,50.73878],[-2.94494,50.73862],[-2.94518,50.73849],[-2.94527,50.73832],[-2.94541,50.73822],[-2.94563,50.73798],[-2.94565,50.73782],[-2.94615,50.73762],[-2.94629,50.73754],[-2.94658,50.73729],[-2.94667,50.73705],[-2.94679,50.73691],[-2.94666,50.73679],[-2.94663,50.73648],[-2.94658,50.73637],[-2.94662,50.73616],[-2.94647,50.73619],[-2.94645,50.73608],[-2.94656,50.73599],[-2.94662,50.73585],[-2.94651,50.73574],[-2.9465,50.7356],[-2.94633,50.73548],[-2.94631,50.73526],[-2.94603,50.73526],[-2.94584,50.73518],[-2.94606,50.73506],[-2.94631,50.73502],[-2.94673,50.73509],[-2.94678,50.73493],[-2.94702,50.73499],[-2.94712,50.73488],[-2.94729,50.73453],[-2.94744,50.73428],[-2.9476,50.73408],[-2.94766,50.73393],[-2.94778,50.73378],[-2.94805,50.73357],[-2.94837,50.73326],[-2.9493,50.73263],[-2.94972,50.73223],[-2.95016,50.73159],[-2.95054,50.73111],[-2.95064,50.73106],[-2.95092,50.73101],[-2.95109,50.73065],[-2.95148,50.73035],[-2.95173,50.73008],[-2.95211,50.72972],[-2.95231,50.72951],[-2.9528,50.72892],[-2.95298,50.72872],[-2.95307,50.7285],[-2.9531,50.72814],[-2.9531,50.72787],[-2.95308,50.72762],[-2.95286,50.72653],[-2.95267,50.72517],[-2.95254,50.72479],[-2.9526,50.72459],[-2.95244,50.72438],[-2.9522,50.72412],[-2.95162,50.72357],[-2.95139,50.72347],[-2.95075,50.72314],[-2.95064,50.72305],[-2.95025,50.72263],[-2.95005,50.7225],[-2.9498,50.72219],[-2.94962,50.72207],[-2.94947,50.7219],[-2.94893,50.72146],[-2.94873,50.72126],[-2.94871,50.72107],[-2.94881,50.72046],[-2.94878,50.71999],[-2.94865,50.71968],[-2.94834,50.71918],[-2.94822,50.71901],[-2.94818,50.71888],[-2.94793,50.71842],[-2.94781,50.7183],[-2.94724,50.71796],[-2.94688,50.71806],[-2.94677,50.71807],[-2.94647,50.71819],[-2.94572,50.7184],[-2.94525,50.71847],[-2.94488,50.7185],[-2.9445,50.71858],[-2.94429,50.71867],[-2.94411,50.71859],[-2.9437,50.71875],[-2.94299,50.71886],[-2.94234,50.71897],[-2.94212,50.71899],[-2.94181,50.71907],[-2.94144,50.71911],[-2.94064,50.71928],[-2.93967,50.7194],[-2.93943,50.7194],[-2.93868,50.71934],[-2.93854,50.71924],[-2.93842,50.71908],[-2.93806,50.71885],[-2.93782,50.71885],[-2.93738,50.71904],[-2.93716,50.71908],[-2.9366,50.71899],[-2.93602,50.71896],[-2.93588,50.71892],[-2.93564,50.71896],[-2.93509,50.71899],[-2.93428,50.71905],[-2.93411,50.71912],[-2.93411,50.71919],[-2.93431,50.71926],[-2.93559,50.71917],[-2.93604,50.71917],[-2.93623,50.71925],[-2.93644,50.7196],[-2.93666,50.71977],[-2.93646,50.71981],[-2.93619,50.71982],[-2.93621,50.71994],[-2.93645,50.71996],[-2.93674,50.71991],[-2.93695,50.71984],[-2.93711,50.71966],[-2.93744,50.71972],[-2.93756,50.71983],[-2.93763,50.72012],[-2.93744,50.72023],[-2.93741,50.72036],[-2.93745,50.7205],[-2.93717,50.72056],[-2.93676,50.7201],[-2.93666,50.72011],[-2.93706,50.72058],[-2.93723,50.7208],[-2.93735,50.72102],[-2.93702,50.72114],[-2.93682,50.72148],[-2.93684,50.72171],[-2.93669,50.72199],[-2.93655,50.72212],[-2.93633,50.7224],[-2.93613,50.72257],[-2.93572,50.72282],[-2.93552,50.72289],[-2.93514,50.72289],[-2.93494,50.72295],[-2.93497,50.72302],[-2.93525,50.72308],[-2.93514,50.72321],[-2.93491,50.72336],[-2.9345,50.72347],[-2.93427,50.72355],[-2.93372,50.7237],[-2.93327,50.72379],[-2.93305,50.72379],[-2.93269,50.72399],[-2.93252,50.72411],[-2.93234,50.7242],[-2.93226,50.72433],[-2.93264,50.72441],[-2.93275,50.72461],[-2.93245,50.72442],[-2.93189,50.72435],[-2.93138,50.72455],[-2.931,50.72462],[-2.93081,50.72456],[-2.93072,50.72442],[-2.93053,50.72447],[-2.93029,50.72482],[-2.93017,50.7248],[-2.92997,50.72485],[-2.9296,50.72482],[-2.92962,50.72467],[-2.92955,50.72462],[-2.92966,50.72441],[-2.92957,50.72438],[-2.92956,50.7241],[-2.9296,50.72388],[-2.92958,50.72381],[-2.92939,50.72378],[-2.92913,50.72393],[-2.92903,50.72391],[-2.9291,50.72365],[-2.92919,50.72355],[-2.92888,50.7236],[-2.92844,50.72372],[-2.92804,50.72386],[-2.92799,50.72393],[-2.92773,50.72405],[-2.92751,50.72427],[-2.92756,50.72455],[-2.92775,50.72462],[-2.92782,50.72469],[-2.92803,50.72478],[-2.92831,50.725],[-2.92841,50.72503],[-2.92863,50.7252],[-2.92869,50.72542],[-2.92876,50.72557],[-2.92864,50.72561],[-2.92868,50.72568],[-2.92872,50.72589],[-2.92883,50.72601],[-2.92886,50.72615],[-2.92881,50.72628],[-2.92861,50.7263],[-2.92855,50.72643],[-2.92859,50.7265],[-2.9286,50.72678],[-2.92854,50.72692],[-2.92843,50.72704],[-2.92833,50.72707],[-2.9282,50.72718],[-2.92801,50.72725],[-2.928,50.72742],[-2.92779,50.72745],[-2.92769,50.72739],[-2.92735,50.7276],[-2.92748,50.72769],[-2.92769,50.72769],[-2.92789,50.72763],[-2.92826,50.72741],[-2.92848,50.7274],[-2.92848,50.72748],[-2.92818,50.7277],[-2.92799,50.72778],[-2.92815,50.72783],[-2.92789,50.72798],[-2.92784,50.72811],[-2.92785,50.72826],[-2.92765,50.72833],[-2.92769,50.72839],[-2.9275,50.7286],[-2.9272,50.72885],[-2.92694,50.72896],[-2.92655,50.72917],[-2.92619,50.72927],[-2.92597,50.72931],[-2.92569,50.72933],[-2.92544,50.72938],[-2.92501,50.72948],[-2.92476,50.72959],[-2.92431,50.72973],[-2.92375,50.73005],[-2.92345,50.73013],[-2.92366,50.72995],[-2.92388,50.72983],[-2.92383,50.72979],[-2.92322,50.73018],[-2.92303,50.73032],[-2.92268,50.73049],[-2.92234,50.73055],[-2.92208,50.73073],[-2.92164,50.73085],[-2.92105,50.73103],[-2.92072,50.73106],[-2.92027,50.73115],[-2.92011,50.73112],[-2.9203,50.73099],[-2.92072,50.73075],[-2.92104,50.73054],[-2.92122,50.7304],[-2.92104,50.7304],[-2.92085,50.73058],[-2.92041,50.73083],[-2.91977,50.73111],[-2.91954,50.73122],[-2.91931,50.73138],[-2.9191,50.73155],[-2.91881,50.73166],[-2.91865,50.73169],[-2.91791,50.73165],[-2.91756,50.7316],[-2.91734,50.73149],[-2.91721,50.73152],[-2.91736,50.73163],[-2.91725,50.73176],[-2.91686,50.73181],[-2.91657,50.73188],[-2.91649,50.7318],[-2.91672,50.73165],[-2.91664,50.7316],[-2.9163,50.73179],[-2.91603,50.73202],[-2.91572,50.73217],[-2.91543,50.73222],[-2.91487,50.73209],[-2.9146,50.73205],[-2.91425,50.73203],[-2.91423,50.73217],[-2.91453,50.73219],[-2.91478,50.73231],[-2.91454,50.73233],[-2.91412,50.73228],[-2.91396,50.73231],[-2.91362,50.73257],[-2.91337,50.73266],[-2.91311,50.73271],[-2.91303,50.73247],[-2.91288,50.73277],[-2.91264,50.73303],[-2.91254,50.7331],[-2.91227,50.73309],[-2.91152,50.73314],[-2.91107,50.73309],[-2.91085,50.73293],[-2.91086,50.7327],[-2.91082,50.73262],[-2.91064,50.73264],[-2.91056,50.73279],[-2.91047,50.73285],[-2.91032,50.73276],[-2.91019,50.73281],[-2.91004,50.73297],[-2.9098,50.73312],[-2.90942,50.73321],[-2.90919,50.73323],[-2.90908,50.73319],[-2.90909,50.73305],[-2.90934,50.73286],[-2.9093,50.73267],[-2.90945,50.73251],[-2.90926,50.73252],[-2.90896,50.73286],[-2.90865,50.73299],[-2.90872,50.73316],[-2.90863,50.73331],[-2.90852,50.73336],[-2.90844,50.73313],[-2.90843,50.73292],[-2.90829,50.73277],[-2.90809,50.73296],[-2.90795,50.73315],[-2.90774,50.73321],[-2.90763,50.73318],[-2.90747,50.73307],[-2.90706,50.73313],[-2.90661,50.73314],[-2.9065,50.73311],[-2.90636,50.73319],[-2.90614,50.73323],[-2.90592,50.73317],[-2.90584,50.73311],[-2.90583,50.73296],[-2.90594,50.73273],[-2.90617,50.73253],[-2.90607,50.73251],[-2.90586,50.73274],[-2.90563,50.73312],[-2.90553,50.73316],[-2.90531,50.73316],[-2.90514,50.73303],[-2.90508,50.73288],[-2.90476,50.7331],[-2.90466,50.73312],[-2.90405,50.73311],[-2.90355,50.73306],[-2.90317,50.733],[-2.90294,50.73293],[-2.90279,50.73281],[-2.90268,50.73278],[-2.90189,50.73268],[-2.90169,50.73261],[-2.90145,50.73237],[-2.90125,50.7323],[-2.90094,50.73227],[-2.90049,50.73225],[-2.89974,50.73226],[-2.89915,50.73238],[-2.89891,50.73237],[-2.89867,50.73238],[-2.89841,50.73244],[-2.89811,50.73241],[-2.89779,50.7325],[-2.89742,50.73254],[-2.89727,50.73264],[-2.89729,50.7328],[-2.89719,50.73283],[-2.89678,50.73279],[-2.89624,50.73272],[-2.89603,50.73266],[-2.89584,50.73247],[-2.89574,50.73244],[-2.89561,50.73247],[-2.89525,50.73244],[-2.89497,50.73239],[-2.89434,50.7323],[-2.89408,50.7323],[-2.89385,50.73232],[-2.89361,50.73229],[-2.89344,50.73237],[-2.89322,50.73238],[-2.89276,50.73234],[-2.89272,50.73217],[-2.89209,50.73212],[-2.89141,50.73199],[-2.89151,50.73211],[-2.89188,50.73215],[-2.89172,50.73221],[-2.89149,50.73222],[-2.89089,50.73213],[-2.88959,50.73199],[-2.88858,50.73181],[-2.88838,50.73175],[-2.88813,50.73175],[-2.88751,50.73165],[-2.8874,50.73162],[-2.88736,50.73148],[-2.88705,50.7314],[-2.88631,50.73139],[-2.88607,50.73136],[-2.88575,50.73128],[-2.88545,50.7313],[-2.88553,50.73121],[-2.88546,50.73114],[-2.88514,50.73123],[-2.88489,50.73123],[-2.88467,50.73117],[-2.8844,50.73099],[-2.88416,50.73098],[-2.88397,50.73092],[-2.88333,50.73097],[-2.88323,50.73094],[-2.88321,50.7308],[-2.88314,50.73074],[-2.88298,50.73093],[-2.88287,50.73094],[-2.88242,50.7309],[-2.88173,50.73075],[-2.88111,50.73069],[-2.88026,50.73057],[-2.87898,50.73037],[-2.87772,50.73014],[-2.87682,50.72998],[-2.8765,50.72991],[-2.87595,50.72984],[-2.87546,50.72975],[-2.87463,50.72963],[-2.8743,50.72957],[-2.87379,50.72944],[-2.87369,50.72939],[-2.87357,50.72923],[-2.8733,50.729],[-2.87321,50.72896],[-2.87299,50.72895],[-2.87278,50.72886],[-2.87255,50.72884],[-2.8721,50.72869],[-2.87167,50.7286],[-2.87141,50.72858],[-2.87116,50.72872],[-2.87066,50.72867],[-2.87044,50.7286],[-2.86995,50.72862],[-2.86968,50.7286],[-2.86945,50.72862],[-2.86919,50.7286],[-2.86812,50.72845],[-2.86709,50.72827],[-2.8665,50.72818],[-2.86588,50.72807],[-2.86472,50.72784],[-2.86385,50.72774],[-2.86265,50.72749],[-2.86171,50.72728],[-2.86106,50.72714],[-2.86044,50.72703],[-2.85942,50.72681],[-2.85873,50.72663],[-2.85784,50.72637],[-2.85757,50.72632],[-2.85665,50.72619],[-2.85607,50.72606],[-2.85525,50.72584],[-2.85412,50.72557],[-2.85296,50.72528],[-2.85264,50.72519],[-2.85132,50.72486],[-2.85038,50.72459],[-2.84792,50.724],[-2.8476,50.72387],[-2.84742,50.72375],[-2.84746,50.72362],[-2.84736,50.72354],[-2.84713,50.72345],[-2.84653,50.72346],[-2.84579,50.72341],[-2.84557,50.72335],[-2.84539,50.72322],[-2.84519,50.72311],[-2.84495,50.7231],[-2.84466,50.72324],[-2.84442,50.72328],[-2.84406,50.72322],[-2.84404,50.72315],[-2.84378,50.72318],[-2.84347,50.72311],[-2.84338,50.72296],[-2.84327,50.72295],[-2.8432,50.72312],[-2.84295,50.7231],[-2.84291,50.72304],[-2.84308,50.72296],[-2.84287,50.7228],[-2.84298,50.72267],[-2.84309,50.72265],[-2.84349,50.7227],[-2.8438,50.72278],[-2.8438,50.72267],[-2.84389,50.72262],[-2.84417,50.7226],[-2.84423,50.72249],[-2.84398,50.72242],[-2.84365,50.72236],[-2.84363,50.72225],[-2.84396,50.72213],[-2.84397,50.72206],[-2.84371,50.7221],[-2.84352,50.72219],[-2.84326,50.7224],[-2.84316,50.72242],[-2.8429,50.7224],[-2.84265,50.72231],[-2.84199,50.72202],[-2.84171,50.72196],[-2.84124,50.72203],[-2.84086,50.72226],[-2.84049,50.72243],[-2.84025,50.72242],[-2.84016,50.72236],[-2.8402,50.7222],[-2.84007,50.72208],[-2.83981,50.72209],[-2.83942,50.7222],[-2.83932,50.72235],[-2.83912,50.72242],[-2.83902,50.72262],[-2.83882,50.72272],[-2.83849,50.72276],[-2.83835,50.7228],[-2.83807,50.72297],[-2.83792,50.7232],[-2.83773,50.72328],[-2.83732,50.72341],[-2.83683,50.72364],[-2.83662,50.72369],[-2.83636,50.72368],[-2.83611,50.72362],[-2.83566,50.7236],[-2.8353,50.72361],[-2.83483,50.72358],[-2.83385,50.72348],[-2.83345,50.72344],[-2.83233,50.72327],[-2.83161,50.72319],[-2.83067,50.72305],[-2.82983,50.72294],[-2.82885,50.72278],[-2.82792,50.7226],[-2.82746,50.72252],[-2.82663,50.72234],[-2.82621,50.72226],[-2.82535,50.72206],[-2.82477,50.72193],[-2.82376,50.7217],[-2.82327,50.72156],[-2.82276,50.72145],[-2.82243,50.72136],[-2.82186,50.72123],[-2.82132,50.72108],[-2.82051,50.72091],[-2.81966,50.72071],[-2.81852,50.7204],[-2.8182,50.72029],[-2.81746,50.72005],[-2.81659,50.71974],[-2.81589,50.71945],[-2.81545,50.71922],[-2.81508,50.71898],[-2.81461,50.7187],[-2.81446,50.71852],[-2.81428,50.71843],[-2.81414,50.71833],[-2.81318,50.71804],[-2.81265,50.7179],[-2.81241,50.71786],[-2.81234,50.7178],[-2.81272,50.71756],[-2.81259,50.71744],[-2.81214,50.71739],[-2.81193,50.71739],[-2.81176,50.71754],[-2.81168,50.7175],[-2.81124,50.71753],[-2.81101,50.71745],[-2.81098,50.71731],[-2.81078,50.71726],[-2.81069,50.71739],[-2.8105,50.71746],[-2.81044,50.71753],[-2.81015,50.71764],[-2.80972,50.71774],[-2.80933,50.71787],[-2.80909,50.71788],[-2.80899,50.71792],[-2.80876,50.71794],[-2.80853,50.71792],[-2.80848,50.71798],[-2.80812,50.71801],[-2.80772,50.71816],[-2.80746,50.71829],[-2.80735,50.71841],[-2.80714,50.71849],[-2.80691,50.71849],[-2.80688,50.71856],[-2.80666,50.71861],[-2.80648,50.71862],[-2.80616,50.7186],[-2.8061,50.71865],[-2.8059,50.71862],[-2.80579,50.71865],[-2.80562,50.71855],[-2.80538,50.71871],[-2.80505,50.71874],[-2.80486,50.71865],[-2.80462,50.7186],[-2.80456,50.71854],[-2.80417,50.71851],[-2.80404,50.71852],[-2.80296,50.71816],[-2.80267,50.71803],[-2.80215,50.71786],[-2.80194,50.71782],[-2.80174,50.71774],[-2.8013,50.71774],[-2.80095,50.71777],[-2.80043,50.71767],[-2.80013,50.71753],[-2.80014,50.71748],[-2.80046,50.71747],[-2.80055,50.71743],[-2.8006,50.71728],[-2.8004,50.71722],[-2.79996,50.71728],[-2.79973,50.71729],[-2.7994,50.71733],[-2.79922,50.71726],[-2.79886,50.71727],[-2.79858,50.71738],[-2.79852,50.71746],[-2.79833,50.71752],[-2.79798,50.71755],[-2.79779,50.71762],[-2.79721,50.71767],[-2.79677,50.71773],[-2.79655,50.71771],[-2.79648,50.71759],[-2.79656,50.71754],[-2.79661,50.71731],[-2.79633,50.71733],[-2.79592,50.71759],[-2.7958,50.71771],[-2.79558,50.71778],[-2.79523,50.7178],[-2.79499,50.71794],[-2.79478,50.71794],[-2.79463,50.71804],[-2.79423,50.71803],[-2.79364,50.71796],[-2.79298,50.71784],[-2.79222,50.71771],[-2.7916,50.71755],[-2.79076,50.71737],[-2.78996,50.71717],[-2.78946,50.71707],[-2.78884,50.71688],[-2.78824,50.71674],[-2.78785,50.71662],[-2.78694,50.71643],[-2.78612,50.71624],[-2.78575,50.71614],[-2.78506,50.71598],[-2.78432,50.7158],[-2.78262,50.71533],[-2.78145,50.71506],[-2.77957,50.71463],[-2.77913,50.71449],[-2.77809,50.71419],[-2.77679,50.71378],[-2.77563,50.71341],[-2.77529,50.71329],[-2.77472,50.71314],[-2.7739,50.71289],[-2.77331,50.71275],[-2.77303,50.71266],[-2.7724,50.71252],[-2.7719,50.71231],[-2.7716,50.71216],[-2.77125,50.71206],[-2.77107,50.71196],[-2.77097,50.71182],[-2.77105,50.71162],[-2.77088,50.71157],[-2.77074,50.7117],[-2.77063,50.71172],[-2.77034,50.71165],[-2.77011,50.71158],[-2.76949,50.71143],[-2.76927,50.7114],[-2.76853,50.71121],[-2.76791,50.71109],[-2.76774,50.71098],[-2.76763,50.71084],[-2.76757,50.71069],[-2.76754,50.71048],[-2.76737,50.7104],[-2.76714,50.71041],[-2.76707,50.71046],[-2.76708,50.7106],[-2.76699,50.71065],[-2.76675,50.71068],[-2.76653,50.71066],[-2.76599,50.71057],[-2.76542,50.71041],[-2.76523,50.71031],[-2.76512,50.71018],[-2.76499,50.70982],[-2.76487,50.70959],[-2.76464,50.70898],[-2.76442,50.70858],[-2.76421,50.70848],[-2.7641,50.70848],[-2.76391,50.70857],[-2.76395,50.70881],[-2.76413,50.70887],[-2.76476,50.71018],[-2.76463,50.71017],[-2.76457,50.71005],[-2.76441,50.71009],[-2.76448,50.71024],[-2.76393,50.71035],[-2.76383,50.71012],[-2.76368,50.71017],[-2.76365,50.71032],[-2.76351,50.71049],[-2.76351,50.71059],[-2.76363,50.71064],[-2.76379,50.71089],[-2.76386,50.71109],[-2.76403,50.71125],[-2.76383,50.71153],[-2.76316,50.71152],[-2.76306,50.71147],[-2.76293,50.71148],[-2.7624,50.71139],[-2.76217,50.71134],[-2.76171,50.71127],[-2.76155,50.7112],[-2.76167,50.71098],[-2.76177,50.7109],[-2.76248,50.71103],[-2.76279,50.71108],[-2.76292,50.71106],[-2.76304,50.71092],[-2.76307,50.7108],[-2.76318,50.71062],[-2.76319,50.71052],[-2.76346,50.71011],[-2.7638,50.70944],[-2.76388,50.70927],[-2.76374,50.70918],[-2.76356,50.709],[-2.76345,50.70901],[-2.7634,50.70923],[-2.76334,50.70928],[-2.76288,50.7093],[-2.76242,50.70923],[-2.76185,50.7091],[-2.76029,50.70865],[-2.75857,50.70813],[-2.75678,50.70755],[-2.75631,50.70741],[-2.75565,50.70718],[-2.75498,50.70697],[-2.75323,50.70642],[-2.75262,50.70628],[-2.75178,50.70602],[-2.75164,50.70592],[-2.75083,50.70566],[-2.75026,50.70551],[-2.74965,50.70532],[-2.7492,50.70521],[-2.74837,50.70498],[-2.74815,50.70494],[-2.74761,50.70478],[-2.7475,50.70477],[-2.74732,50.70469],[-2.74721,50.70469],[-2.74703,50.7046],[-2.74681,50.70459],[-2.74658,50.70453],[-2.74612,50.70438],[-2.74566,50.70429],[-2.74494,50.70404],[-2.74474,50.70395],[-2.7443,50.7038],[-2.74407,50.70375],[-2.74358,50.7036],[-2.7425,50.70323],[-2.74196,50.70309],[-2.74163,50.70299],[-2.74109,50.7028],[-2.74065,50.70266],[-2.74041,50.70256],[-2.7402,50.70251],[-2.74001,50.70242],[-2.73978,50.70254],[-2.7397,50.70235],[-2.73961,50.70229],[-2.73919,50.70217],[-2.73845,50.70189],[-2.73779,50.70154],[-2.73744,50.70138],[-2.73715,50.70122],[-2.73691,50.70098],[-2.73622,50.70061],[-2.73579,50.7004],[-2.73484,50.70001],[-2.73462,50.69993],[-2.73414,50.69978],[-2.73395,50.69969],[-2.7333,50.69946],[-2.73276,50.69923],[-2.73241,50.6991],[-2.73158,50.69882],[-2.7307,50.69847],[-2.73017,50.6983],[-2.7292,50.69806],[-2.72842,50.69781],[-2.72802,50.69769],[-2.72747,50.69751],[-2.72662,50.69727],[-2.72594,50.6971],[-2.72498,50.69681],[-2.72468,50.69669],[-2.72407,50.69648],[-2.72262,50.69589],[-2.72168,50.69553],[-2.72145,50.69543],[-2.72037,50.69504],[-2.71977,50.69483],[-2.71934,50.69467],[-2.71854,50.69439],[-2.71738,50.69397],[-2.71646,50.69365],[-2.71518,50.69318],[-2.71432,50.69287],[-2.71413,50.69279],[-2.71338,50.69252],[-2.71319,50.69244],[-2.71242,50.69218],[-2.71203,50.69203],[-2.71121,50.69175],[-2.711,50.69167],[-2.7101,50.69138],[-2.70989,50.6913],[-2.70916,50.69105],[-2.70814,50.69069],[-2.70562,50.68964],[-2.70494,50.6894],[-2.70379,50.68903],[-2.70345,50.68893],[-2.70248,50.68862],[-2.70066,50.68801],[-2.6995,50.68761],[-2.69839,50.68722],[-2.69628,50.68648],[-2.69566,50.68626],[-2.69143,50.68477],[-2.68777,50.68346],[-2.68329,50.68185],[-2.68157,50.68122],[-2.68081,50.68095],[-2.67844,50.68007],[-2.6763,50.67925],[-2.67469,50.67862],[-2.67268,50.67783],[-2.66928,50.67649],[-2.66788,50.67592],[-2.66548,50.67496],[-2.66391,50.67434],[-2.66125,50.67328],[-2.65794,50.67198],[-2.65748,50.6718],[-2.65417,50.6705],[-2.65305,50.67003],[-2.65268,50.66989],[-2.65115,50.66926],[-2.64964,50.66868],[-2.64839,50.66818],[-2.64379,50.66635],[-2.64297,50.66602],[-2.64036,50.66496],[-2.63806,50.664],[-2.63578,50.66304],[-2.63549,50.66293],[-2.63427,50.66241],[-2.63168,50.66131],[-2.63043,50.66077],[-2.62549,50.65866],[-2.6248,50.65835],[-2.62383,50.65788],[-2.62349,50.6577],[-2.62175,50.65687],[-2.62027,50.65619],[-2.61917,50.65571],[-2.61795,50.6552],[-2.61704,50.65482],[-2.61603,50.65439],[-2.6144,50.65369],[-2.61105,50.65215],[-2.61074,50.65199],[-2.6099,50.6516],[-2.60869,50.65106],[-2.60812,50.65079],[-2.6078,50.65065],[-2.60415,50.64898],[-2.60243,50.64819],[-2.60209,50.64804],[-2.60056,50.64732],[-2.60016,50.64712],[-2.5988,50.64648],[-2.59726,50.64574],[-2.59626,50.64528],[-2.59537,50.64483],[-2.5897,50.64208],[-2.58397,50.63922],[-2.5824,50.63843],[-2.58059,50.63753],[-2.57802,50.63625],[-2.577,50.63573],[-2.57651,50.63549],[-2.57489,50.63468],[-2.57425,50.63436],[-2.57271,50.63359],[-2.5721,50.6333],[-2.5688,50.63164],[-2.56691,50.63067],[-2.56594,50.63017],[-2.56547,50.62991],[-2.5607,50.62744],[-2.55759,50.62582],[-2.55604,50.62502],[-2.55276,50.6233],[-2.55167,50.62274],[-2.54964,50.62172],[-2.54838,50.6211],[-2.54656,50.62016],[-2.54527,50.61949],[-2.54435,50.619],[-2.54331,50.61843],[-2.54021,50.61676],[-2.53976,50.61652],[-2.53802,50.61558],[-2.53581,50.6144],[-2.53488,50.61391],[-2.53283,50.61284],[-2.53122,50.61199],[-2.52974,50.61118],[-2.52878,50.61064],[-2.52686,50.60956],[-2.5264,50.60929],[-2.52424,50.60806],[-2.52159,50.60654],[-2.51747,50.60415],[-2.51532,50.60291],[-2.51294,50.60153],[-2.51002,50.59982],[-2.50907,50.59925],[-2.50566,50.5973],[-2.50534,50.59712],[-2.50416,50.59644],[-2.503,50.59575],[-2.502,50.59517],[-2.50134,50.59482],[-2.50077,50.59455],[-2.50021,50.59427],[-2.49987,50.59408],[-2.49878,50.59344],[-2.49862,50.59334],[-2.49711,50.59244],[-2.49627,50.59189],[-2.49606,50.59174],[-2.49558,50.59142],[-2.49481,50.59092],[-2.49413,50.59053],[-2.4939,50.59038],[-2.49349,50.59016],[-2.49282,50.58974],[-2.49251,50.58955],[-2.49194,50.58919],[-2.49141,50.58883],[-2.49077,50.58844],[-2.48966,50.58772],[-2.48898,50.58725],[-2.48859,50.587],[-2.48809,50.58665],[-2.48772,50.58642],[-2.487,50.58602],[-2.48673,50.58584],[-2.48598,50.58537],[-2.4856,50.58512],[-2.485,50.58474],[-2.48463,50.58454],[-2.48407,50.58414],[-2.48353,50.58378],[-2.48284,50.58337],[-2.4821,50.58289],[-2.48159,50.58258],[-2.48102,50.5822],[-2.48011,50.58162],[-2.47904,50.5809],[-2.47847,50.58054],[-2.47804,50.58028],[-2.47767,50.58004],[-2.47732,50.5798],[-2.47673,50.57944],[-2.47564,50.57871],[-2.47508,50.57833],[-2.47482,50.57816],[-2.47436,50.57785],[-2.47333,50.57719],[-2.47242,50.57657],[-2.47124,50.5758],[-2.47048,50.57531],[-2.46988,50.5749],[-2.46957,50.57467],[-2.4688,50.57418],[-2.467,50.57296],[-2.4652,50.57175],[-2.46475,50.57145],[-2.46374,50.57074],[-2.46213,50.56959],[-2.46111,50.56886],[-2.46084,50.56868],[-2.45898,50.56736],[-2.45698,50.56595],[-2.45583,50.56515],[-2.45549,50.5649],[-2.45433,50.5641],[-2.45378,50.56371],[-2.4533,50.56335],[-2.45275,50.56296],[-2.45222,50.56257],[-2.45145,50.56198],[-2.45097,50.56161],[-2.45053,50.56126],[-2.45015,50.56093],[-2.44991,50.5607],[-2.44952,50.56028],[-2.44907,50.55971],[-2.44871,50.55914],[-2.44852,50.55881],[-2.44835,50.5584],[-2.44827,50.55812],[-2.44824,50.55791],[-2.44824,50.55758],[-2.44827,50.55742],[-2.44838,50.55721],[-2.44876,50.55705],[-2.44916,50.55671],[-2.44923,50.5565],[-2.44932,50.55637],[-2.4495,50.55628],[-2.44954,50.5561],[-2.4497,50.55599],[-2.44976,50.55586],[-2.44993,50.55579],[-2.44992,50.55562],[-2.45002,50.55532],[-2.45013,50.55519],[-2.45015,50.55504],[-2.45041,50.55462],[-2.45058,50.55442],[-2.45061,50.55429],[-2.45097,50.5538],[-2.45104,50.55359],[-2.45118,50.55325],[-2.45143,50.55314],[-2.4514,50.55297],[-2.45152,50.55268],[-2.45184,50.55259],[-2.45212,50.55235],[-2.45241,50.55199],[-2.45245,50.55191],[-2.45255,50.55133],[-2.45249,50.55071],[-2.45229,50.55021],[-2.45216,50.55001],[-2.45212,50.54985],[-2.45221,50.54963],[-2.45223,50.54939],[-2.45212,50.54917],[-2.45209,50.54902],[-2.4522,50.54886],[-2.45228,50.54846],[-2.45222,50.54812],[-2.4523,50.54789],[-2.45229,50.54766],[-2.45237,50.54752],[-2.45252,50.54737],[-2.45255,50.54723],[-2.45267,50.54719],[-2.45284,50.54701],[-2.45289,50.54687],[-2.45322,50.54659],[-2.45326,50.54645],[-2.45343,50.54626],[-2.4536,50.54613],[-2.45436,50.54569],[-2.45458,50.54554],[-2.45492,50.54518],[-2.45549,50.54451],[-2.45555,50.54431],[-2.45574,50.54404],[-2.45579,50.54381],[-2.45578,50.54355],[-2.4559,50.54334],[-2.45635,50.54282],[-2.45651,50.54257],[-2.45665,50.54198],[-2.45662,50.54175],[-2.45655,50.54159],[-2.45637,50.54139],[-2.45613,50.5412],[-2.45556,50.54092],[-2.45508,50.54072],[-2.45484,50.54057],[-2.45452,50.54024],[-2.45432,50.53994],[-2.45421,50.53972],[-2.45417,50.53957],[-2.45418,50.53942],[-2.45425,50.53928],[-2.45424,50.53914],[-2.45414,50.53902],[-2.454,50.5389],[-2.45393,50.53877],[-2.45397,50.53852],[-2.45407,50.5382],[-2.4542,50.53801],[-2.4544,50.53783],[-2.45474,50.53744],[-2.45485,50.53721],[-2.45478,50.53706],[-2.45476,50.53691],[-2.45478,50.53656],[-2.45476,50.53642],[-2.4548,50.5362],[-2.4548,50.5359],[-2.45487,50.53576],[-2.45488,50.53561],[-2.45494,50.53546],[-2.45506,50.53494],[-2.45515,50.53491],[-2.45517,50.53451],[-2.45534,50.53392],[-2.45532,50.53384],[-2.45545,50.5336],[-2.45548,50.53345],[-2.45561,50.53333],[-2.45556,50.53309],[-2.45568,50.53286],[-2.45573,50.53254],[-2.45582,50.53231],[-2.45602,50.53199],[-2.45613,50.53167],[-2.4561,50.53144],[-2.45628,50.53136],[-2.45622,50.53115],[-2.45627,50.53109],[-2.45626,50.5309],[-2.45638,50.53078],[-2.45639,50.53069],[-2.45625,50.5306],[-2.45628,50.53039],[-2.45621,50.53033],[-2.45619,50.53017],[-2.45622,50.53002],[-2.45618,50.52988],[-2.45621,50.52942],[-2.45628,50.52929],[-2.45621,50.5289],[-2.45619,50.52867],[-2.45606,50.52847],[-2.45595,50.52834],[-2.456,50.52814],[-2.45593,50.52798],[-2.45597,50.52778],[-2.45611,50.52766],[-2.45611,50.52751],[-2.45604,50.52718],[-2.45588,50.52687],[-2.45583,50.52661],[-2.45587,50.52647],[-2.45577,50.52642],[-2.45568,50.52627],[-2.45564,50.52596],[-2.45567,50.52551],[-2.45569,50.52543],[-2.45589,50.52502],[-2.45613,50.52469],[-2.45653,50.52432],[-2.45681,50.52393],[-2.45701,50.52374],[-2.45731,50.52354],[-2.45752,50.52344],[-2.45779,50.52334],[-2.45806,50.52308],[-2.45819,50.52284],[-2.45837,50.5226],[-2.45867,50.5223],[-2.45882,50.52212],[-2.45917,50.52161],[-2.45923,50.52123],[-2.4593,50.52104],[-2.45963,50.52033],[-2.45975,50.52011],[-2.45985,50.51987],[-2.45996,50.51948],[-2.46,50.51925],[-2.46002,50.51885],[-2.45997,50.51851],[-2.45997,50.5182],[-2.46005,50.51797],[-2.46006,50.51773],[-2.46016,50.51746],[-2.46016,50.5173],[-2.46009,50.51717],[-2.46007,50.51687],[-2.46001,50.51673],[-2.46013,50.51658],[-2.46007,50.51643],[-2.45977,50.51633],[-2.45972,50.51617],[-2.45956,50.51617],[-2.45944,50.51628],[-2.45942,50.51587],[-2.45928,50.5156],[-2.45944,50.51527],[-2.45948,50.5149],[-2.45948,50.51474],[-2.4594,50.51461],[-2.45943,50.51453],[-2.45938,50.51424],[-2.45932,50.5141],[-2.45914,50.51405],[-2.459,50.51394],[-2.45861,50.51379],[-2.45809,50.51342],[-2.45792,50.51324],[-2.45775,50.51315],[-2.45765,50.51317],[-2.45733,50.51305],[-2.45707,50.51291],[-2.45687,50.51285],[-2.45666,50.51291],[-2.4562,50.51317],[-2.45603,50.51335],[-2.45583,50.51352],[-2.45564,50.51351],[-2.4555,50.51364],[-2.45557,50.51384],[-2.45534,50.514],[-2.45526,50.51388],[-2.45516,50.514],[-2.45501,50.51408],[-2.45513,50.5142],[-2.45495,50.51435],[-2.45485,50.51448],[-2.45471,50.51459],[-2.45402,50.5149],[-2.45382,50.51486],[-2.45357,50.51501],[-2.4535,50.51515],[-2.45353,50.51521],[-2.45346,50.51533],[-2.4531,50.51516],[-2.45273,50.51521],[-2.45249,50.51536],[-2.45261,50.51538],[-2.4525,50.51559],[-2.45249,50.51572],[-2.45225,50.51588],[-2.45241,50.51596],[-2.4524,50.51611],[-2.45222,50.51613],[-2.45211,50.51633],[-2.45171,50.51646],[-2.4515,50.5165],[-2.45125,50.5165],[-2.45096,50.5164],[-2.45074,50.51641],[-2.45075,50.5162],[-2.45053,50.5162],[-2.45045,50.51638],[-2.45049,50.51659],[-2.45028,50.51664],[-2.45012,50.51674],[-2.45009,50.51688],[-2.44971,50.51704],[-2.44974,50.51714],[-2.44964,50.51721],[-2.44955,50.51694],[-2.44947,50.51689],[-2.44926,50.51697],[-2.44914,50.51696],[-2.44894,50.51703],[-2.44893,50.51728],[-2.44871,50.51745],[-2.44867,50.51752],[-2.44875,50.51766],[-2.44867,50.51779],[-2.44848,50.51787],[-2.44834,50.51776],[-2.44807,50.51788],[-2.44811,50.51805],[-2.44811,50.51826],[-2.44792,50.51833],[-2.44783,50.5183],[-2.44777,50.51843],[-2.44753,50.51844],[-2.44749,50.51858],[-2.44725,50.51907],[-2.44692,50.51909],[-2.44681,50.51907],[-2.44666,50.51897],[-2.44657,50.51884],[-2.44636,50.5188],[-2.44657,50.51906],[-2.44647,50.51909],[-2.44633,50.51898],[-2.44617,50.51906],[-2.44606,50.51907],[-2.44592,50.51893],[-2.4458,50.51894],[-2.44578,50.51917],[-2.44571,50.5193],[-2.44536,50.51968],[-2.44509,50.51974],[-2.44487,50.51974],[-2.44465,50.5197],[-2.44447,50.51978],[-2.44422,50.5198],[-2.44405,50.51976],[-2.4439,50.51994],[-2.4437,50.52003],[-2.44344,50.52007],[-2.44325,50.52016],[-2.44321,50.5203],[-2.44295,50.52047],[-2.44274,50.5205],[-2.44261,50.52061],[-2.44251,50.52075],[-2.44237,50.52088],[-2.44249,50.5212],[-2.44254,50.5215],[-2.4425,50.52177],[-2.44215,50.52238],[-2.4419,50.52266],[-2.44165,50.52286],[-2.44156,50.52299],[-2.4415,50.52322],[-2.4414,50.52343],[-2.44124,50.52368],[-2.44109,50.52384],[-2.44091,50.52396],[-2.44045,50.52411],[-2.43978,50.52449],[-2.43955,50.52449],[-2.43949,50.52469],[-2.43923,50.52488],[-2.43897,50.5251],[-2.43883,50.52526],[-2.43865,50.52553],[-2.43829,50.52575],[-2.43816,50.5259],[-2.43768,50.52674],[-2.43761,50.52708],[-2.43759,50.52787],[-2.43752,50.52876],[-2.43747,50.52919],[-2.43718,50.53012],[-2.43714,50.53018],[-2.43681,50.53041],[-2.43622,50.53072],[-2.43558,50.53112],[-2.43506,50.53134],[-2.43468,50.53164],[-2.43445,50.53178],[-2.4337,50.53235],[-2.4334,50.53252],[-2.43303,50.53291],[-2.43288,50.53303],[-2.43239,50.53339],[-2.43154,50.53396],[-2.43119,50.53439],[-2.43094,50.53461],[-2.43034,50.53518],[-2.43012,50.53537],[-2.42982,50.53556],[-2.42955,50.53583],[-2.42946,50.53596],[-2.42927,50.53615],[-2.42918,50.53639],[-2.42898,50.5366],[-2.42893,50.53669],[-2.42862,50.5371],[-2.42855,50.53736],[-2.42838,50.5377],[-2.42826,50.53782],[-2.42809,50.53792],[-2.42716,50.53824],[-2.42679,50.53822],[-2.42651,50.53813],[-2.42627,50.53815],[-2.42524,50.53847],[-2.4247,50.53889],[-2.42453,50.539],[-2.42393,50.53932],[-2.42328,50.53972],[-2.42248,50.54009],[-2.42211,50.54029],[-2.42104,50.54074],[-2.42015,50.54116],[-2.41979,50.54143],[-2.4193,50.54171],[-2.41912,50.54185],[-2.41879,50.5422],[-2.41863,50.54232],[-2.41844,50.54241],[-2.41825,50.54256],[-2.41805,50.54282],[-2.41786,50.54316],[-2.41783,50.54335],[-2.4179,50.54379],[-2.4179,50.54397],[-2.4178,50.54412],[-2.41796,50.54419],[-2.41795,50.54427],[-2.41781,50.54462],[-2.41773,50.54489],[-2.41759,50.54551],[-2.41758,50.54567],[-2.41752,50.54582],[-2.4175,50.54597],[-2.41753,50.54614],[-2.41744,50.54656],[-2.41732,50.54677],[-2.41736,50.54692],[-2.41732,50.54706],[-2.41708,50.54725],[-2.41704,50.5474],[-2.4171,50.5477],[-2.41706,50.54784],[-2.41715,50.54806],[-2.4171,50.54813],[-2.41684,50.54829],[-2.41671,50.5484],[-2.41642,50.54856],[-2.41613,50.54868],[-2.41592,50.54865],[-2.41572,50.54871],[-2.41562,50.54878],[-2.41555,50.54893],[-2.41547,50.54897],[-2.41538,50.54911],[-2.41536,50.54924],[-2.41546,50.54942],[-2.41534,50.54956],[-2.41537,50.54986],[-2.4152,50.55019],[-2.41533,50.5503],[-2.41541,50.5505],[-2.41548,50.55056],[-2.41551,50.55086],[-2.41561,50.55116],[-2.41588,50.5514],[-2.41588,50.55147],[-2.41605,50.55165],[-2.41628,50.55196],[-2.41656,50.55247],[-2.41665,50.55281],[-2.41647,50.55292],[-2.4165,50.55309],[-2.41659,50.55306],[-2.4167,50.55294],[-2.417,50.55313],[-2.41714,50.55329],[-2.41723,50.55346],[-2.41726,50.5536],[-2.4174,50.55375],[-2.41753,50.55395],[-2.41758,50.55418],[-2.41789,50.55445],[-2.41822,50.5545],[-2.41836,50.55462],[-2.41878,50.55489],[-2.41892,50.55505],[-2.41899,50.55521],[-2.4192,50.55554],[-2.41937,50.55575],[-2.41937,50.5559],[-2.41964,50.55614],[-2.4198,50.55637],[-2.41992,50.55662],[-2.42015,50.55699],[-2.42033,50.55724],[-2.42062,50.5576],[-2.42122,50.55821],[-2.42133,50.55837],[-2.42143,50.55863],[-2.42146,50.5588],[-2.42145,50.55901],[-2.4213,50.55911],[-2.42145,50.55921],[-2.42154,50.55948],[-2.42163,50.55962],[-2.42213,50.56019],[-2.4223,50.5604],[-2.42243,50.56071],[-2.42268,50.56109],[-2.42321,50.56178],[-2.42351,50.5621],[-2.42402,50.56254],[-2.42442,50.56289],[-2.42492,50.56336],[-2.42459,50.56359],[-2.42472,50.56368],[-2.42501,50.56356],[-2.4252,50.56363],[-2.426,50.5644],[-2.42643,50.56479],[-2.42658,50.5649],[-2.42685,50.56505],[-2.4277,50.56542],[-2.42792,50.56552],[-2.42809,50.56567],[-2.42834,50.56598],[-2.42841,50.56617],[-2.42844,50.56674],[-2.42842,50.56712],[-2.42829,50.56724],[-2.42825,50.56734],[-2.42814,50.56741],[-2.42775,50.56754],[-2.42748,50.5676],[-2.42699,50.56775],[-2.42663,50.56784],[-2.42567,50.56811],[-2.42409,50.56853],[-2.42328,50.5687],[-2.42306,50.56875],[-2.42285,50.56885],[-2.42219,50.56905],[-2.42212,50.56919],[-2.42228,50.56931],[-2.42251,50.56929],[-2.42259,50.56922],[-2.42305,50.56911],[-2.42316,50.56911],[-2.42339,50.56904],[-2.42384,50.56894],[-2.42404,50.56886],[-2.42496,50.56866],[-2.42513,50.5686],[-2.42577,50.56844],[-2.42597,50.56836],[-2.42607,50.56839],[-2.42672,50.56828],[-2.4268,50.56815],[-2.42797,50.56785],[-2.42838,50.56776],[-2.42866,50.56774],[-2.4289,50.56774],[-2.42902,50.56779],[-2.42917,50.56778],[-2.42956,50.56788],[-2.43085,50.56826],[-2.43144,50.56839],[-2.43165,50.56812],[-2.43133,50.56803],[-2.43123,50.56793],[-2.4311,50.568],[-2.431,50.56798],[-2.43064,50.56772],[-2.43071,50.56764],[-2.43225,50.56771],[-2.43225,50.56778],[-2.43326,50.56792],[-2.43411,50.56806],[-2.43497,50.56816],[-2.43489,50.5689],[-2.43398,50.56919],[-2.43402,50.56927],[-2.43505,50.56898],[-2.43505,50.56877],[-2.4351,50.56823],[-2.43574,50.56827],[-2.43621,50.56834],[-2.43643,50.56833],[-2.43665,50.56815],[-2.43684,50.5682],[-2.43711,50.56824],[-2.4372,50.5683],[-2.4374,50.5683],[-2.43732,50.56886],[-2.43745,50.56898],[-2.43764,50.56905],[-2.43857,50.5692],[-2.4388,50.56931],[-2.43857,50.56962],[-2.43851,50.56961],[-2.43819,50.56981],[-2.43797,50.5699],[-2.43766,50.56998],[-2.4371,50.56998],[-2.43383,50.57005],[-2.43196,50.57111],[-2.43203,50.57117],[-2.43141,50.57157],[-2.43124,50.57163],[-2.43133,50.57169],[-2.43143,50.57158],[-2.43203,50.57119],[-2.43207,50.57129],[-2.4323,50.5713],[-2.43281,50.57119],[-2.4328,50.57131],[-2.43268,50.57138],[-2.43204,50.57151],[-2.43211,50.57163],[-2.43412,50.57119],[-2.43405,50.57109],[-2.43341,50.57122],[-2.43324,50.57122],[-2.4331,50.57114],[-2.4351,50.57072],[-2.43701,50.57032],[-2.43753,50.57025],[-2.43793,50.57016],[-2.43828,50.57004],[-2.43878,50.56982],[-2.43883,50.56974],[-2.4387,50.56965],[-2.43893,50.56933],[-2.43919,50.56937],[-2.43972,50.56956],[-2.44032,50.56976],[-2.44042,50.56977],[-2.44081,50.56992],[-2.44089,50.57003],[-2.44029,50.57213],[-2.43995,50.57238],[-2.43772,50.57289],[-2.43738,50.573],[-2.43714,50.57301],[-2.43719,50.57311],[-2.4374,50.57306],[-2.43775,50.57294],[-2.43799,50.57293],[-2.44028,50.57241],[-2.44037,50.57236],[-2.44109,50.5699],[-2.44096,50.56986],[-2.44104,50.56971],[-2.44112,50.56902],[-2.44117,50.56878],[-2.44123,50.56872],[-2.44144,50.56869],[-2.44171,50.5687],[-2.44179,50.56857],[-2.4419,50.56853],[-2.44245,50.56855],[-2.44262,50.56859],[-2.44259,50.56922],[-2.44252,50.56928],[-2.44258,50.56941],[-2.44266,50.56946],[-2.44344,50.56949],[-2.44348,50.56937],[-2.44345,50.56912],[-2.4435,50.56879],[-2.44377,50.56869],[-2.4441,50.5686],[-2.44431,50.56861],[-2.44456,50.56867],[-2.4448,50.56868],[-2.445,50.56876],[-2.44517,50.56865],[-2.44579,50.56854],[-2.44588,50.56846],[-2.44623,50.56841],[-2.4466,50.56844],[-2.44698,50.56853],[-2.44733,50.56864],[-2.44756,50.56873],[-2.44757,50.56935],[-2.44762,50.56931],[-2.44767,50.56907],[-2.44762,50.56881],[-2.44797,50.56882],[-2.44867,50.56914],[-2.45101,50.56987],[-2.45116,50.57004],[-2.45117,50.5704],[-2.45125,50.57054],[-2.4515,50.57074],[-2.45201,50.57103],[-2.45201,50.57115],[-2.45212,50.57118],[-2.4523,50.57104],[-2.45243,50.57108],[-2.45238,50.57121],[-2.45284,50.57135],[-2.4531,50.57116],[-2.4535,50.57061],[-2.45398,50.57065],[-2.45445,50.57075],[-2.45494,50.57091],[-2.45526,50.57107],[-2.45519,50.57118],[-2.45584,50.57177],[-2.45656,50.57166],[-2.45697,50.5715],[-2.45709,50.57148],[-2.45756,50.57117],[-2.45765,50.57112],[-2.4579,50.57113],[-2.45846,50.57122],[-2.45901,50.57129],[-2.45946,50.57129],[-2.45975,50.57133],[-2.46009,50.57148],[-2.46022,50.57159],[-2.46032,50.57162],[-2.4606,50.57163],[-2.4607,50.5716],[-2.46053,50.57138],[-2.46047,50.57107],[-2.4606,50.57106],[-2.46063,50.57118],[-2.46057,50.57124],[-2.46057,50.57137],[-2.46072,50.57154],[-2.46094,50.57155],[-2.46127,50.57172],[-2.46172,50.57201],[-2.46222,50.57236],[-2.4626,50.57268],[-2.46293,50.57299],[-2.46337,50.57343],[-2.46349,50.57358],[-2.46414,50.57421],[-2.46436,50.57451],[-2.46449,50.57472],[-2.4646,50.57497],[-2.46487,50.57537],[-2.46509,50.57578],[-2.46533,50.5761],[-2.4655,50.57644],[-2.46576,50.57694],[-2.46592,50.5772],[-2.46634,50.57779],[-2.46692,50.57846],[-2.46712,50.57874],[-2.4675,50.57918],[-2.46796,50.57966],[-2.46811,50.57984],[-2.46849,50.58042],[-2.46873,50.58086],[-2.46909,50.58157],[-2.46941,50.5822],[-2.46947,50.58241],[-2.46956,50.58246],[-2.47006,50.58329],[-2.47004,50.58345],[-2.47012,50.58365],[-2.47012,50.58385],[-2.4702,50.58397],[-2.47015,50.58436],[-2.47015,50.58479],[-2.46997,50.58486],[-2.46986,50.58507],[-2.46962,50.58559],[-2.46945,50.58602],[-2.46935,50.58615],[-2.46912,50.58632],[-2.46898,50.58654],[-2.4688,50.58672],[-2.46834,50.58716],[-2.46807,50.58739],[-2.46788,50.58764],[-2.46771,50.58782],[-2.4676,50.58802],[-2.46735,50.58833],[-2.46707,50.58909],[-2.46704,50.58931],[-2.4669,50.58962],[-2.46681,50.58978],[-2.46675,50.59001],[-2.46659,50.59029],[-2.46636,50.59078],[-2.46627,50.59131],[-2.46614,50.59159],[-2.46588,50.59192],[-2.4657,50.59228],[-2.46559,50.59242],[-2.46534,50.59264],[-2.46515,50.5927],[-2.46498,50.59261],[-2.46472,50.59263],[-2.46483,50.59276],[-2.46441,50.59279],[-2.46442,50.5929],[-2.46435,50.59295],[-2.4643,50.59309],[-2.46409,50.59312],[-2.464,50.59317],[-2.46421,50.59325],[-2.46412,50.5933],[-2.46395,50.59325],[-2.46377,50.59349],[-2.46343,50.59371],[-2.46306,50.59384],[-2.46282,50.59384],[-2.4628,50.59391],[-2.46263,50.59402],[-2.46243,50.59387],[-2.4622,50.59392],[-2.46224,50.59403],[-2.46193,50.59411],[-2.46188,50.59418],[-2.46155,50.59425],[-2.46146,50.5943],[-2.4613,50.59431],[-2.461,50.59441],[-2.46062,50.59446],[-2.4603,50.59456],[-2.46008,50.59458],[-2.45993,50.59468],[-2.46025,50.59466],[-2.46045,50.5946],[-2.46054,50.59463],[-2.46046,50.59474],[-2.46061,50.59488],[-2.46026,50.59506],[-2.46023,50.59527],[-2.46011,50.59539],[-2.45983,50.59549],[-2.45932,50.5955],[-2.45908,50.5956],[-2.45849,50.59588],[-2.45813,50.59598],[-2.4581,50.59605],[-2.45847,50.59599],[-2.45869,50.59598],[-2.45874,50.59588],[-2.45916,50.59583],[-2.45897,50.59592],[-2.45902,50.59604],[-2.45947,50.59607],[-2.45971,50.59606],[-2.45988,50.59615],[-2.45985,50.59633],[-2.45976,50.59637],[-2.45961,50.59627],[-2.45939,50.59625],[-2.45928,50.59637],[-2.45931,50.59677],[-2.4592,50.5969],[-2.45929,50.59702],[-2.45916,50.59714],[-2.45917,50.59728],[-2.45894,50.59752],[-2.45701,50.59796],[-2.45597,50.59821],[-2.45579,50.59831],[-2.45521,50.59848],[-2.45521,50.59856],[-2.4549,50.59863],[-2.4547,50.59876],[-2.45368,50.59901],[-2.4537,50.59905],[-2.45411,50.59896],[-2.45431,50.59889],[-2.45485,50.59883],[-2.45488,50.5989],[-2.45466,50.59894],[-2.45325,50.59928],[-2.45219,50.5995],[-2.45232,50.59956],[-2.45204,50.59962],[-2.45191,50.59968],[-2.45213,50.59975],[-2.45177,50.5998],[-2.45189,50.59987],[-2.45185,50.6],[-2.45192,50.60006],[-2.45165,50.6002],[-2.45169,50.60026],[-2.45159,50.6004],[-2.4514,50.60047],[-2.45089,50.60077],[-2.45064,50.60069],[-2.45039,50.60102],[-2.45021,50.60111],[-2.44995,50.60117],[-2.44947,50.60118],[-2.44921,50.60112],[-2.449,50.60102],[-2.44824,50.60081],[-2.44809,50.60079],[-2.4475,50.60058],[-2.44733,50.60048],[-2.44736,50.60023],[-2.44731,50.6001],[-2.44749,50.59984],[-2.44765,50.59974],[-2.4475,50.59962],[-2.44737,50.59962],[-2.44714,50.5999],[-2.44701,50.60002],[-2.44706,50.6001],[-2.44671,50.60036],[-2.4466,50.60037],[-2.44583,50.60014],[-2.44494,50.59983],[-2.4433,50.59939],[-2.44309,50.5993],[-2.44286,50.59925],[-2.44204,50.59901],[-2.44171,50.59888],[-2.44085,50.59863],[-2.44025,50.59844],[-2.4395,50.59821],[-2.43927,50.59818],[-2.43919,50.59811],[-2.43897,50.59808],[-2.43565,50.59708],[-2.43543,50.59704],[-2.43496,50.5969],[-2.43471,50.5968],[-2.43312,50.5963],[-2.43288,50.59631],[-2.43268,50.59618],[-2.43245,50.59619],[-2.43235,50.59632],[-2.43247,50.59644],[-2.43258,50.59646],[-2.43284,50.59663],[-2.43316,50.59665],[-2.43355,50.59675],[-2.4388,50.59832],[-2.43884,50.59842],[-2.43899,50.59839],[-2.43952,50.59854],[-2.44183,50.59922],[-2.4421,50.59927],[-2.44228,50.59921],[-2.4428,50.59938],[-2.44299,50.59946],[-2.44317,50.59949],[-2.44385,50.5997],[-2.44517,50.6001],[-2.44634,50.60044],[-2.44691,50.60062],[-2.4472,50.60074],[-2.44807,50.60098],[-2.44841,50.60109],[-2.44875,50.60122],[-2.44905,50.60145],[-2.44944,50.60185],[-2.44973,50.60229],[-2.44991,50.60251],[-2.44973,50.60262],[-2.44983,50.60267],[-2.44978,50.60281],[-2.45003,50.60286],[-2.45017,50.60307],[-2.45058,50.6034],[-2.45069,50.60345],[-2.45093,50.60381],[-2.45088,50.60411],[-2.45081,50.60421],[-2.45046,50.60453],[-2.45037,50.60457],[-2.44998,50.60464],[-2.44894,50.60482],[-2.44895,50.6049],[-2.44792,50.60502],[-2.44699,50.60517],[-2.4467,50.60528],[-2.44671,50.60537],[-2.44651,50.60544],[-2.44661,50.60557],[-2.44683,50.60561],[-2.44687,50.60568],[-2.44671,50.60577],[-2.4465,50.60583],[-2.44577,50.60591],[-2.44548,50.606],[-2.44515,50.60598],[-2.44494,50.60604],[-2.44471,50.60605],[-2.44455,50.60613],[-2.44477,50.60622],[-2.44455,50.60632],[-2.44428,50.60654],[-2.44409,50.6066],[-2.44394,50.60671],[-2.44324,50.60674],[-2.44314,50.60676],[-2.44317,50.60692],[-2.44309,50.60705],[-2.4429,50.60722],[-2.44287,50.60765],[-2.44318,50.60793],[-2.44325,50.60814],[-2.44305,50.60831],[-2.44302,50.60839],[-2.44284,50.60849],[-2.44271,50.60863],[-2.44134,50.60963],[-2.44144,50.60968],[-2.44272,50.60873],[-2.44294,50.60876],[-2.44378,50.60903],[-2.4447,50.60922],[-2.445,50.60947],[-2.44625,50.61028],[-2.44646,50.61032],[-2.44678,50.61015],[-2.44713,50.60994],[-2.44835,50.60939],[-2.44861,50.6095],[-2.44904,50.60971],[-2.44937,50.60993],[-2.44973,50.61022],[-2.45,50.61047],[-2.45021,50.6107],[-2.45037,50.61093],[-2.45074,50.61156],[-2.4509,50.61194],[-2.45104,50.61243],[-2.45111,50.61293],[-2.45118,50.6131],[-2.45121,50.61332],[-2.45113,50.61384],[-2.4512,50.61441],[-2.45117,50.61464],[-2.45103,50.61493],[-2.45092,50.61543],[-2.45069,50.61571],[-2.45068,50.61588],[-2.45061,50.61609],[-2.4505,50.6163],[-2.45025,50.61663],[-2.45,50.61678],[-2.44985,50.61676],[-2.44986,50.61698],[-2.44975,50.61702],[-2.4494,50.61762],[-2.44933,50.6178],[-2.44926,50.61822],[-2.44895,50.6187],[-2.44816,50.61971],[-2.44761,50.62039],[-2.44708,50.62102],[-2.44665,50.6215],[-2.44551,50.62265],[-2.44461,50.62352],[-2.44434,50.62376],[-2.44404,50.62391],[-2.44378,50.6239],[-2.44375,50.62375],[-2.44362,50.62372],[-2.44341,50.62378],[-2.44337,50.62394],[-2.44347,50.62397],[-2.44318,50.62426],[-2.4425,50.62487],[-2.44152,50.62566],[-2.44098,50.62609],[-2.44068,50.6263],[-2.44051,50.62645],[-2.43978,50.62698],[-2.43923,50.62741],[-2.43845,50.62797],[-2.43678,50.62915],[-2.43597,50.62967],[-2.43498,50.63027],[-2.43436,50.63067],[-2.43217,50.63194],[-2.43128,50.63244],[-2.43054,50.63284],[-2.42935,50.63345],[-2.42817,50.63402],[-2.4275,50.63432],[-2.42627,50.63485],[-2.42573,50.63508],[-2.42496,50.63533],[-2.42389,50.63564],[-2.42332,50.63579],[-2.42222,50.63602],[-2.42174,50.63608],[-2.42154,50.63597],[-2.42126,50.63594],[-2.42102,50.63599],[-2.42101,50.63614],[-2.42089,50.63627],[-2.42087,50.63639],[-2.42063,50.63628],[-2.41997,50.63622],[-2.41974,50.63617],[-2.41957,50.63595],[-2.41939,50.63579],[-2.41889,50.63545],[-2.41832,50.63521],[-2.41792,50.63512],[-2.41733,50.63507],[-2.41594,50.63508],[-2.41515,50.63497],[-2.41406,50.63479],[-2.41338,50.63462],[-2.41266,50.63453],[-2.41238,50.63442],[-2.41216,50.63437],[-2.41158,50.63409],[-2.41142,50.63382],[-2.41108,50.63355],[-2.41092,50.63339],[-2.4103,50.63293],[-2.41008,50.63284],[-2.40993,50.63283],[-2.40934,50.63274],[-2.4091,50.63272],[-2.4087,50.63273],[-2.40836,50.63272],[-2.40809,50.63267],[-2.40784,50.63266],[-2.40759,50.63277],[-2.40716,50.63322],[-2.40719,50.6333],[-2.40731,50.63335],[-2.40744,50.63333],[-2.40762,50.63319],[-2.40785,50.63317],[-2.40804,50.63339],[-2.40797,50.63359],[-2.40767,50.63385],[-2.40717,50.63409],[-2.40664,50.63425],[-2.4061,50.63439],[-2.40505,50.63465],[-2.40376,50.63503],[-2.40321,50.63515],[-2.40254,50.63529],[-2.40151,50.63551],[-2.40082,50.63565],[-2.40014,50.6358],[-2.39781,50.63619],[-2.39695,50.63632],[-2.39624,50.63647],[-2.39556,50.63658],[-2.39516,50.6366],[-2.39474,50.6366],[-2.39387,50.63656],[-2.39303,50.63645],[-2.39265,50.63642],[-2.39221,50.63634],[-2.39149,50.63623],[-2.39116,50.63623],[-2.39091,50.63619],[-2.39069,50.63613],[-2.39031,50.63611],[-2.38988,50.63602],[-2.38944,50.63598],[-2.38907,50.6359],[-2.38878,50.63592],[-2.38846,50.63587],[-2.38772,50.63579],[-2.38758,50.63576],[-2.3869,50.63568],[-2.38654,50.63561],[-2.3856,50.63553],[-2.3849,50.63541],[-2.38437,50.63535],[-2.3842,50.63535],[-2.38387,50.6354],[-2.38353,50.63548],[-2.38317,50.63554],[-2.38238,50.6355],[-2.38163,50.63553],[-2.38094,50.63549],[-2.38062,50.63546],[-2.38,50.63533],[-2.37916,50.63529],[-2.37878,50.63522],[-2.37818,50.63499],[-2.37812,50.63493],[-2.37827,50.63483],[-2.37851,50.63482],[-2.37889,50.63474],[-2.37885,50.63468],[-2.37815,50.63459],[-2.37782,50.63449],[-2.37792,50.63438],[-2.37804,50.63438],[-2.37837,50.63447],[-2.37848,50.63438],[-2.37857,50.63423],[-2.37829,50.63413],[-2.37797,50.63421],[-2.37761,50.63421],[-2.37728,50.63427],[-2.37707,50.63422],[-2.37723,50.63409],[-2.37731,50.63394],[-2.37725,50.63387],[-2.37704,50.63385],[-2.37686,50.63394],[-2.37667,50.63414],[-2.37658,50.63411],[-2.37656,50.6339],[-2.37662,50.63384],[-2.37699,50.63373],[-2.37732,50.63351],[-2.37726,50.63346],[-2.377,50.63349],[-2.37665,50.63347],[-2.37644,50.63352],[-2.37625,50.63344],[-2.37617,50.63328],[-2.37593,50.6333],[-2.37572,50.63326],[-2.37552,50.63331],[-2.37524,50.63354],[-2.37501,50.6336],[-2.37482,50.63354],[-2.37455,50.63351],[-2.37464,50.63336],[-2.37443,50.63339],[-2.37406,50.63349],[-2.3739,50.63339],[-2.37379,50.6334],[-2.37363,50.63328],[-2.37359,50.63312],[-2.37362,50.63291],[-2.37349,50.63285],[-2.37337,50.63298],[-2.37319,50.63289],[-2.3728,50.63281],[-2.37235,50.63266],[-2.37186,50.63248],[-2.37169,50.63259],[-2.37117,50.6323],[-2.37095,50.63222],[-2.36945,50.63196],[-2.36887,50.63182],[-2.3684,50.63175],[-2.36804,50.63167],[-2.36778,50.63158],[-2.36733,50.63146],[-2.36708,50.63129],[-2.36687,50.6312],[-2.36664,50.6312],[-2.36648,50.63106],[-2.36645,50.63123],[-2.36625,50.63121],[-2.36616,50.63125],[-2.36605,50.63112],[-2.36582,50.63097],[-2.36573,50.63072],[-2.36562,50.63074],[-2.36543,50.631],[-2.36519,50.63101],[-2.36497,50.63097],[-2.3649,50.63092],[-2.36474,50.631],[-2.36452,50.63103],[-2.36449,50.63088],[-2.36436,50.63068],[-2.36421,50.6306],[-2.36377,50.63095],[-2.36338,50.63104],[-2.36309,50.63113],[-2.36268,50.63107],[-2.36267,50.63114],[-2.3623,50.63112],[-2.36198,50.63102],[-2.36178,50.63106],[-2.36172,50.63114],[-2.36145,50.63117],[-2.36121,50.63122],[-2.36043,50.63135],[-2.35991,50.63139],[-2.35888,50.6314],[-2.35808,50.63138],[-2.35774,50.63134],[-2.35744,50.63128],[-2.35608,50.63091],[-2.35558,50.63082],[-2.3552,50.63079],[-2.35485,50.63078],[-2.35443,50.63081],[-2.35368,50.6309],[-2.35276,50.63106],[-2.35249,50.6311],[-2.35206,50.63112],[-2.35167,50.63112],[-2.35131,50.63109],[-2.35099,50.63103],[-2.35012,50.63083],[-2.34967,50.63077],[-2.34919,50.63077],[-2.3489,50.63081],[-2.34813,50.63097],[-2.34744,50.63119],[-2.34637,50.63147],[-2.34552,50.63166],[-2.34487,50.63179],[-2.34423,50.63189],[-2.34335,50.632],[-2.34232,50.63205],[-2.34144,50.63206],[-2.34072,50.63203],[-2.3399,50.63198],[-2.33894,50.63189],[-2.33785,50.63175],[-2.33725,50.63166],[-2.33665,50.63155],[-2.33623,50.63145],[-2.3355,50.63125],[-2.33502,50.63109],[-2.33479,50.63097],[-2.33462,50.63066],[-2.33458,50.63012],[-2.33448,50.62994],[-2.33417,50.62964],[-2.33405,50.62955],[-2.33325,50.62913],[-2.33262,50.62878],[-2.33252,50.62871],[-2.33224,50.62841],[-2.33199,50.62822],[-2.33162,50.62799],[-2.33135,50.62787],[-2.33092,50.6276],[-2.3304,50.62702],[-2.33008,50.62679],[-2.32935,50.62663],[-2.32932,50.62653],[-2.32892,50.62649],[-2.32899,50.62635],[-2.32879,50.62632],[-2.32873,50.62625],[-2.32845,50.62638],[-2.32817,50.62632],[-2.32793,50.62635],[-2.32785,50.62643],[-2.32772,50.62646],[-2.32749,50.62642],[-2.32737,50.6263],[-2.32697,50.62616],[-2.32687,50.62603],[-2.32669,50.62595],[-2.32672,50.62588],[-2.32623,50.62575],[-2.32561,50.62563],[-2.32504,50.62535],[-2.32436,50.62511],[-2.32384,50.62484],[-2.32354,50.62474],[-2.32344,50.62458],[-2.32326,50.62473],[-2.32282,50.62484],[-2.32266,50.62493],[-2.32219,50.625],[-2.32201,50.62498],[-2.32181,50.62507],[-2.3216,50.62511],[-2.32142,50.62522],[-2.32123,50.62515],[-2.32109,50.62528],[-2.32088,50.62532],[-2.32062,50.62528],[-2.32023,50.62532],[-2.32013,50.62538],[-2.32007,50.62552],[-2.31979,50.62553],[-2.31929,50.62549],[-2.3188,50.62543],[-2.31846,50.62537],[-2.31811,50.62533],[-2.31815,50.62526],[-2.31776,50.62522],[-2.31733,50.62513],[-2.31679,50.62521],[-2.3167,50.62527],[-2.31643,50.62528],[-2.3162,50.62536],[-2.316,50.62538],[-2.31586,50.62535],[-2.3156,50.62536],[-2.3155,50.62534],[-2.31525,50.62538],[-2.31499,50.62534],[-2.31477,50.62535],[-2.3145,50.62531],[-2.31405,50.62533],[-2.31373,50.62543],[-2.31363,50.62555],[-2.31339,50.62559],[-2.31291,50.62554],[-2.31238,50.62557],[-2.31171,50.62564],[-2.31129,50.62564],[-2.31068,50.62561],[-2.31021,50.62557],[-2.30939,50.62548],[-2.30872,50.62542],[-2.30807,50.62534],[-2.30724,50.62534],[-2.30671,50.62532],[-2.30578,50.62526],[-2.30497,50.62518],[-2.30365,50.62504],[-2.3025,50.62487],[-2.30168,50.62469],[-2.30129,50.62458],[-2.30088,50.6245],[-2.30052,50.62438],[-2.29975,50.62422],[-2.29823,50.62403],[-2.29787,50.624],[-2.29728,50.62389],[-2.29659,50.62371],[-2.29578,50.62348],[-2.29492,50.62326],[-2.29408,50.62307],[-2.29361,50.62298],[-2.29323,50.62292],[-2.29185,50.62276],[-2.29143,50.62264],[-2.29125,50.62252],[-2.29129,50.62229],[-2.29134,50.62222],[-2.29101,50.62225],[-2.29094,50.6223],[-2.29088,50.62246],[-2.29068,50.62268],[-2.29027,50.62271],[-2.2896,50.62266],[-2.28921,50.62267],[-2.28871,50.62274],[-2.28815,50.62275],[-2.28707,50.62271],[-2.28631,50.62264],[-2.28601,50.6226],[-2.2852,50.62241],[-2.28488,50.62237],[-2.28452,50.62236],[-2.28415,50.62236],[-2.28361,50.62231],[-2.28306,50.62228],[-2.28197,50.62227],[-2.28146,50.62223],[-2.28061,50.62211],[-2.27963,50.62195],[-2.27876,50.622],[-2.27825,50.622],[-2.2777,50.62192],[-2.27725,50.62183],[-2.27682,50.62166],[-2.27657,50.62147],[-2.27644,50.62123],[-2.27684,50.62118],[-2.2772,50.62117],[-2.27723,50.6211],[-2.2768,50.6211],[-2.27638,50.62107],[-2.2762,50.62103],[-2.27567,50.62105],[-2.27538,50.62104],[-2.27447,50.62109],[-2.27417,50.62112],[-2.27392,50.62117],[-2.27414,50.62127],[-2.27453,50.6213],[-2.27441,50.62142],[-2.2744,50.62154],[-2.27421,50.62177],[-2.2741,50.62184],[-2.27356,50.62199],[-2.27327,50.62203],[-2.27297,50.62201],[-2.27254,50.62193],[-2.27218,50.62174],[-2.27187,50.62145],[-2.27174,50.62142],[-2.27129,50.62139],[-2.2709,50.62132],[-2.27079,50.62134],[-2.27039,50.62152],[-2.27013,50.62153],[-2.26962,50.62147],[-2.26851,50.62128],[-2.26796,50.6212],[-2.26767,50.62113],[-2.26745,50.62104],[-2.26684,50.62088],[-2.26624,50.62078],[-2.2656,50.62055],[-2.26482,50.62024],[-2.26403,50.6199],[-2.26364,50.61971],[-2.26376,50.61963],[-2.26378,50.61955],[-2.26367,50.61948],[-2.26334,50.61936],[-2.263,50.6194],[-2.26286,50.61939],[-2.26255,50.61921],[-2.26241,50.61905],[-2.26232,50.61889],[-2.26209,50.61887],[-2.26193,50.6188],[-2.26154,50.61859],[-2.26142,50.61858],[-2.26102,50.61843],[-2.26092,50.61828],[-2.26057,50.6182],[-2.26007,50.61813],[-2.25987,50.61817],[-2.25971,50.61828],[-2.25925,50.61832],[-2.25871,50.6183],[-2.25779,50.6181],[-2.25748,50.61802],[-2.25754,50.61796],[-2.25714,50.61792],[-2.25692,50.61802],[-2.2568,50.61803],[-2.25664,50.61789],[-2.2564,50.61785],[-2.25571,50.61791],[-2.25549,50.61792],[-2.25517,50.61786],[-2.25506,50.61787],[-2.2549,50.61797],[-2.25414,50.61791],[-2.25393,50.61794],[-2.25349,50.61788],[-2.25338,50.61788],[-2.25327,50.61801],[-2.25304,50.61798],[-2.25288,50.61779],[-2.25278,50.61775],[-2.25189,50.61763],[-2.25106,50.61746],[-2.2508,50.61735],[-2.25047,50.61735],[-2.25037,50.61738],[-2.24981,50.61704],[-2.24961,50.617],[-2.24937,50.61699],[-2.24928,50.61695],[-2.249,50.61693],[-2.24862,50.61695],[-2.2481,50.61692],[-2.24808,50.617],[-2.24844,50.61711],[-2.24847,50.61717],[-2.24878,50.61731],[-2.2488,50.61738],[-2.24862,50.61746],[-2.24881,50.61756],[-2.24881,50.61762],[-2.24856,50.61762],[-2.24868,50.61773],[-2.24878,50.61771],[-2.24901,50.61776],[-2.24918,50.61784],[-2.24956,50.61805],[-2.24963,50.61812],[-2.24958,50.6184],[-2.24949,50.61852],[-2.2495,50.6186],[-2.24918,50.61888],[-2.24896,50.61901],[-2.24865,50.61914],[-2.24834,50.61922],[-2.24798,50.61928],[-2.24749,50.61934],[-2.24692,50.61939],[-2.24666,50.6194],[-2.24611,50.61934],[-2.24569,50.61924],[-2.24508,50.61905],[-2.24463,50.61886],[-2.24437,50.6187],[-2.24411,50.61842],[-2.24397,50.61814],[-2.24398,50.61783],[-2.24403,50.61777],[-2.24421,50.6177],[-2.24449,50.61755],[-2.24471,50.61751],[-2.24494,50.61737],[-2.24483,50.61725],[-2.24485,50.61718],[-2.24507,50.61698],[-2.24525,50.61676],[-2.24559,50.61672],[-2.24609,50.61676],[-2.24615,50.6167],[-2.24572,50.61654],[-2.24522,50.61645],[-2.245,50.61638],[-2.24476,50.61635],[-2.2444,50.61637],[-2.24402,50.61632],[-2.2438,50.61638],[-2.24333,50.61627],[-2.24256,50.61623],[-2.24233,50.61624],[-2.24181,50.61619],[-2.24081,50.61615],[-2.24008,50.61608],[-2.23977,50.6161],[-2.23935,50.61606],[-2.23885,50.61604],[-2.23858,50.61606],[-2.23802,50.61603],[-2.23779,50.61607],[-2.23755,50.61606],[-2.23717,50.616],[-2.23685,50.61602],[-2.23643,50.616],[-2.23612,50.61601],[-2.2358,50.61604],[-2.23549,50.61602],[-2.23485,50.61601],[-2.23383,50.61603],[-2.23358,50.616],[-2.23346,50.61603],[-2.23302,50.61605],[-2.23275,50.61604],[-2.23253,50.61608],[-2.2322,50.61608],[-2.23197,50.61601],[-2.23089,50.616],[-2.23067,50.61602],[-2.22997,50.61604],[-2.22984,50.61602],[-2.22943,50.61605],[-2.22937,50.6161],[-2.22905,50.61603],[-2.22885,50.61603],[-2.22875,50.61606],[-2.22852,50.61622],[-2.22846,50.61617],[-2.22825,50.61611],[-2.22808,50.61602],[-2.22811,50.61619],[-2.22801,50.61622],[-2.22812,50.61639],[-2.22815,50.61666],[-2.22809,50.6168],[-2.2278,50.61696],[-2.22727,50.61702],[-2.22717,50.617],[-2.22691,50.61704],[-2.22662,50.61694],[-2.22624,50.61669],[-2.22601,50.61663],[-2.22609,50.6165],[-2.22619,50.61645],[-2.22637,50.61626],[-2.22617,50.61617],[-2.22605,50.61618],[-2.22593,50.61634],[-2.22559,50.61644],[-2.22567,50.61654],[-2.22549,50.61663],[-2.22525,50.6166],[-2.22533,50.61643],[-2.22505,50.61629],[-2.22495,50.61634],[-2.22495,50.61648],[-2.22472,50.61657],[-2.22429,50.61656],[-2.22406,50.61658],[-2.22405,50.61665],[-2.22356,50.61675],[-2.22337,50.61683],[-2.22309,50.61687],[-2.22285,50.61683],[-2.22262,50.61684],[-2.22236,50.61681],[-2.22204,50.6167],[-2.22178,50.61664],[-2.22128,50.61656],[-2.22134,50.61669],[-2.22122,50.61682],[-2.22128,50.61688],[-2.22151,50.61693],[-2.22173,50.61714],[-2.22198,50.61719],[-2.22228,50.61729],[-2.22237,50.61734],[-2.22302,50.61748],[-2.22324,50.61757],[-2.22334,50.6177],[-2.22336,50.61785],[-2.22333,50.61802],[-2.22324,50.61826],[-2.22311,50.61846],[-2.22288,50.6187],[-2.22225,50.61921],[-2.22172,50.61954],[-2.22122,50.61971],[-2.22076,50.61994],[-2.22037,50.62005],[-2.21938,50.62015],[-2.21894,50.62025],[-2.21837,50.6203],[-2.21811,50.62037],[-2.21797,50.62037],[-2.21793,50.62029],[-2.21763,50.62015],[-2.21753,50.62018],[-2.21727,50.62016],[-2.2174,50.62028],[-2.21719,50.62045],[-2.2165,50.62059],[-2.21624,50.62056],[-2.21587,50.62064],[-2.21559,50.62061],[-2.21534,50.62062],[-2.21491,50.6206],[-2.21445,50.62061],[-2.21421,50.6206],[-2.21395,50.62065],[-2.21327,50.62058],[-2.21275,50.6207],[-2.21256,50.62078],[-2.21198,50.62093],[-2.21126,50.621],[-2.21094,50.62105],[-2.21067,50.62103],[-2.21043,50.62106],[-2.20995,50.62105],[-2.20959,50.62116],[-2.20946,50.62117],[-2.20912,50.62133],[-2.20908,50.6214],[-2.20892,50.62154],[-2.20872,50.62184],[-2.20848,50.62197],[-2.20774,50.62216],[-2.20731,50.62219],[-2.2069,50.62225],[-2.20638,50.62225],[-2.20607,50.62222],[-2.20525,50.6221],[-2.20492,50.62201],[-2.20468,50.62192],[-2.20477,50.62177],[-2.20476,50.62162],[-2.20466,50.62159],[-2.20432,50.62169],[-2.20421,50.62166],[-2.20418,50.62151],[-2.20396,50.62154],[-2.20379,50.62161],[-2.20381,50.62168],[-2.20369,50.62173],[-2.20355,50.62173],[-2.20335,50.62179],[-2.20277,50.62192],[-2.20248,50.62206],[-2.20211,50.62208],[-2.20194,50.62211],[-2.20152,50.62223],[-2.20115,50.62231],[-2.20092,50.62244],[-2.20084,50.62242],[-2.20057,50.62247],[-2.20063,50.62238],[-2.2003,50.62244],[-2.19991,50.6226],[-2.1997,50.62264],[-2.19948,50.62264],[-2.19915,50.62276],[-2.19854,50.62277],[-2.19811,50.62275],[-2.19752,50.62268],[-2.19646,50.6225],[-2.19627,50.62244],[-2.19596,50.6224],[-2.19541,50.62222],[-2.1947,50.62203],[-2.1945,50.62196],[-2.1936,50.62173],[-2.19298,50.62152],[-2.19247,50.62142],[-2.19192,50.62128],[-2.19127,50.62108],[-2.19104,50.62102],[-2.19062,50.62087],[-2.19011,50.62072],[-2.18959,50.62059],[-2.18815,50.62008],[-2.18725,50.61972],[-2.18697,50.61959],[-2.18577,50.6189],[-2.1853,50.61857],[-2.18513,50.61843],[-2.1849,50.61806],[-2.18472,50.61753],[-2.18471,50.61712],[-2.18475,50.61696],[-2.18485,50.61682],[-2.18503,50.61675],[-2.18524,50.61684],[-2.18554,50.61673],[-2.18571,50.6166],[-2.18612,50.61648],[-2.18637,50.61631],[-2.18651,50.6163],[-2.18673,50.61592],[-2.18683,50.61587],[-2.18679,50.61579],[-2.1868,50.61556],[-2.18706,50.61542],[-2.18684,50.61542],[-2.18679,50.61528],[-2.18683,50.61515],[-2.18755,50.615],[-2.18763,50.61493],[-2.18739,50.61487],[-2.18689,50.61479],[-2.18655,50.61488],[-2.18631,50.61488],[-2.186,50.61494],[-2.18564,50.61494],[-2.185,50.61505],[-2.1844,50.61525],[-2.1843,50.61531],[-2.18415,50.6156],[-2.18427,50.61571],[-2.18418,50.61576],[-2.18393,50.61573],[-2.18364,50.61585],[-2.18338,50.61582],[-2.18309,50.61565],[-2.18311,50.61557],[-2.18275,50.61537],[-2.18253,50.61539],[-2.18224,50.61536],[-2.18226,50.61527],[-2.18195,50.61519],[-2.1815,50.61516],[-2.18107,50.61505],[-2.18078,50.61501],[-2.18049,50.61491],[-2.18024,50.61486],[-2.17924,50.61461],[-2.17884,50.6146],[-2.17865,50.61452],[-2.17847,50.61459],[-2.1783,50.6145],[-2.17816,50.61451],[-2.17778,50.61446],[-2.17753,50.61452],[-2.1773,50.61444],[-2.17719,50.61453],[-2.17708,50.61452],[-2.17689,50.61441],[-2.17679,50.61445],[-2.17687,50.61455],[-2.17637,50.61458],[-2.17625,50.61456],[-2.17594,50.61458],[-2.17576,50.6145],[-2.17561,50.61462],[-2.17538,50.61461],[-2.1753,50.61456],[-2.17495,50.61464],[-2.17475,50.61459],[-2.17436,50.61453],[-2.17401,50.61458],[-2.17381,50.61468],[-2.17367,50.61469],[-2.17354,50.61448],[-2.1735,50.61433],[-2.1733,50.61426],[-2.17317,50.61424],[-2.17281,50.61429],[-2.17259,50.61419],[-2.17186,50.61426],[-2.1716,50.61421],[-2.17136,50.61428],[-2.17111,50.61425],[-2.1711,50.6141],[-2.17088,50.61406],[-2.17093,50.61388],[-2.17066,50.61383],[-2.1706,50.61377],[-2.17026,50.61376],[-2.17019,50.61371],[-2.16987,50.61367],[-2.16931,50.61394],[-2.16915,50.6138],[-2.169,50.61389],[-2.16871,50.61388],[-2.16845,50.61395],[-2.16813,50.61397],[-2.16805,50.61402],[-2.16803,50.61417],[-2.16792,50.6142],[-2.16745,50.61413],[-2.16671,50.61426],[-2.16653,50.61433],[-2.16648,50.61451],[-2.16624,50.6145],[-2.16595,50.61468],[-2.16567,50.61474],[-2.16545,50.61468],[-2.16531,50.61457],[-2.16511,50.6145],[-2.1649,50.61448],[-2.16471,50.61453],[-2.16459,50.61468],[-2.16416,50.61475],[-2.16399,50.61466],[-2.16378,50.61471],[-2.16367,50.61458],[-2.16308,50.6145],[-2.16297,50.6145],[-2.16276,50.61459],[-2.16254,50.61464],[-2.16234,50.61473],[-2.1621,50.61492],[-2.162,50.61494],[-2.16177,50.61489],[-2.16162,50.61477],[-2.1612,50.61486],[-2.16078,50.61501],[-2.16026,50.61499],[-2.16001,50.615],[-2.15978,50.61506],[-2.15943,50.6152],[-2.1593,50.61521],[-2.15912,50.61513],[-2.15862,50.61515],[-2.15819,50.6152],[-2.15819,50.61514],[-2.15782,50.6151],[-2.15776,50.61501],[-2.15815,50.61498],[-2.15826,50.61489],[-2.15752,50.61496],[-2.15722,50.6149],[-2.15714,50.61484],[-2.1572,50.61468],[-2.1571,50.61462],[-2.15683,50.61461],[-2.15684,50.61456],[-2.15634,50.61462],[-2.15613,50.61468],[-2.15578,50.61453],[-2.15535,50.61431],[-2.15495,50.61405],[-2.1552,50.61399],[-2.15503,50.6139],[-2.15466,50.6139],[-2.15453,50.61386],[-2.15396,50.61352],[-2.1538,50.6134],[-2.15391,50.61336],[-2.15391,50.61322],[-2.15366,50.61324],[-2.15354,50.61322],[-2.15331,50.61308],[-2.1532,50.61288],[-2.15342,50.61289],[-2.15342,50.6127],[-2.15306,50.61267],[-2.15292,50.61257],[-2.15296,50.61237],[-2.1529,50.61225],[-2.15277,50.61219],[-2.15299,50.6121],[-2.15276,50.61202],[-2.15245,50.61212],[-2.15223,50.61205],[-2.15225,50.61189],[-2.15293,50.6116],[-2.15293,50.61147],[-2.15272,50.61152],[-2.15257,50.61146],[-2.15218,50.61154],[-2.15237,50.61134],[-2.15234,50.61126],[-2.15266,50.61106],[-2.15296,50.61105],[-2.15311,50.61095],[-2.15316,50.61081],[-2.1534,50.61073],[-2.15337,50.61068],[-2.15314,50.61078],[-2.15282,50.61083],[-2.15231,50.61101],[-2.15209,50.61102],[-2.15189,50.61096],[-2.15162,50.61101],[-2.15156,50.61095],[-2.15111,50.61108],[-2.15097,50.61098],[-2.15074,50.61106],[-2.15045,50.61111],[-2.15038,50.61105],[-2.15016,50.61112],[-2.14989,50.61109],[-2.14998,50.611],[-2.14987,50.61096],[-2.1496,50.61112],[-2.14911,50.61112],[-2.14922,50.61101],[-2.14894,50.61092],[-2.14885,50.61078],[-2.14874,50.61077],[-2.1484,50.61085],[-2.14827,50.61085],[-2.14804,50.61079],[-2.1479,50.61067],[-2.14778,50.61065],[-2.14736,50.61052],[-2.14715,50.61014],[-2.14718,50.6099],[-2.14714,50.60973],[-2.14721,50.6096],[-2.14721,50.60944],[-2.14712,50.60917],[-2.14712,50.60894],[-2.14708,50.6086],[-2.14711,50.60851],[-2.14735,50.60838],[-2.14745,50.60825],[-2.14757,50.60816],[-2.14772,50.60796],[-2.14765,50.60771],[-2.14755,50.60769],[-2.14683,50.60768],[-2.14661,50.60772],[-2.14682,50.60779],[-2.14681,50.60786],[-2.14642,50.60785],[-2.14564,50.60779],[-2.14548,50.60782],[-2.14557,50.60798],[-2.14566,50.60825],[-2.14563,50.60844],[-2.14558,50.60853],[-2.14542,50.60867],[-2.14521,50.60879],[-2.14488,50.60906],[-2.14462,50.60921],[-2.14441,50.60924],[-2.14438,50.60931],[-2.14442,50.60946],[-2.14426,50.60959],[-2.1442,50.60978],[-2.14409,50.6099],[-2.1439,50.60988],[-2.14388,50.60996],[-2.14374,50.61008],[-2.14376,50.61022],[-2.14368,50.61036],[-2.14353,50.61033],[-2.14345,50.61038],[-2.14346,50.61054],[-2.1433,50.61065],[-2.14302,50.61066],[-2.14277,50.61058],[-2.14284,50.61048],[-2.14257,50.61049],[-2.14245,50.6103],[-2.14209,50.6101],[-2.14178,50.61003],[-2.14117,50.60997],[-2.14065,50.60998],[-2.14028,50.60995],[-2.13992,50.60991],[-2.1395,50.60994],[-2.13922,50.60994],[-2.13892,50.60999],[-2.13863,50.61008],[-2.13871,50.61014],[-2.13893,50.61013],[-2.13887,50.61021],[-2.13895,50.61026],[-2.1388,50.6104],[-2.1386,50.61037],[-2.13865,50.61053],[-2.13844,50.61068],[-2.13847,50.61075],[-2.13829,50.61085],[-2.1383,50.6111],[-2.13819,50.61109],[-2.13808,50.61128],[-2.13792,50.61134],[-2.13792,50.61149],[-2.13776,50.61158],[-2.13783,50.61171],[-2.13775,50.61177],[-2.13739,50.61182],[-2.13718,50.61175],[-2.13656,50.6118],[-2.13632,50.61185],[-2.13546,50.61207],[-2.13517,50.61219],[-2.13494,50.61225],[-2.13487,50.61233],[-2.13438,50.61251],[-2.13449,50.61229],[-2.13422,50.61246],[-2.13411,50.61244],[-2.13421,50.61225],[-2.13396,50.61241],[-2.13356,50.61231],[-2.13312,50.61216],[-2.13302,50.61203],[-2.13316,50.61188],[-2.13311,50.61184],[-2.13284,50.61201],[-2.1328,50.61195],[-2.13302,50.61174],[-2.13295,50.61172],[-2.13276,50.61187],[-2.13266,50.61184],[-2.13301,50.61154],[-2.13312,50.6114],[-2.13305,50.61134],[-2.13262,50.61162],[-2.13244,50.61177],[-2.1324,50.61165],[-2.13217,50.61159],[-2.13251,50.61133],[-2.13236,50.61134],[-2.13198,50.61156],[-2.13176,50.61153],[-2.13166,50.61141],[-2.13151,50.61139],[-2.13129,50.61129],[-2.1311,50.61117],[-2.13076,50.61102],[-2.13061,50.6109],[-2.13049,50.61085],[-2.12998,50.61051],[-2.13002,50.61035],[-2.13016,50.61015],[-2.13006,50.61014],[-2.12991,50.61026],[-2.12987,50.61014],[-2.12969,50.61008],[-2.12966,50.61001],[-2.12977,50.60993],[-2.12955,50.60991],[-2.12944,50.6096],[-2.12944,50.60953],[-2.12972,50.60934],[-2.12978,50.60927],[-2.13009,50.60903],[-2.13032,50.60916],[-2.1306,50.6091],[-2.13075,50.60891],[-2.13081,50.60872],[-2.13103,50.60858],[-2.13126,50.60852],[-2.13151,50.60839],[-2.13177,50.6082],[-2.13188,50.60805],[-2.13177,50.60787],[-2.13184,50.60782],[-2.13173,50.60769],[-2.13187,50.60757],[-2.1319,50.60742],[-2.13154,50.6075],[-2.13141,50.60748],[-2.13117,50.60731],[-2.13097,50.60713],[-2.13092,50.60705],[-2.13124,50.6066],[-2.13116,50.60656],[-2.13091,50.60678],[-2.1308,50.60676],[-2.13094,50.6065],[-2.13067,50.60653],[-2.13073,50.60624],[-2.13057,50.60635],[-2.13043,50.60639],[-2.13038,50.60629],[-2.13018,50.60621],[-2.13011,50.60603],[-2.13003,50.60592],[-2.13003,50.60574],[-2.13012,50.60561],[-2.13013,50.60546],[-2.12984,50.60532],[-2.12974,50.60536],[-2.12933,50.60516],[-2.12929,50.60509],[-2.12931,50.60493],[-2.12914,50.60499],[-2.12887,50.60482],[-2.12848,50.6046],[-2.12843,50.60446],[-2.12825,50.60444],[-2.12818,50.6043],[-2.12796,50.60433],[-2.12797,50.60426],[-2.12777,50.60417],[-2.12771,50.60397],[-2.1275,50.60393],[-2.12737,50.60382],[-2.12719,50.6039],[-2.12714,50.60376],[-2.12691,50.60385],[-2.12682,50.60381],[-2.12685,50.60365],[-2.12675,50.60365],[-2.12667,50.60379],[-2.12656,50.60381],[-2.1264,50.60361],[-2.12623,50.60358],[-2.12616,50.60372],[-2.12601,50.60372],[-2.12598,50.60357],[-2.12587,50.60344],[-2.12572,50.6028],[-2.12564,50.60282],[-2.12559,50.60331],[-2.12551,50.60327],[-2.12545,50.60308],[-2.12535,50.60312],[-2.12541,50.6033],[-2.12533,50.60335],[-2.12518,50.60299],[-2.12501,50.603],[-2.12499,50.6031],[-2.12504,50.6033],[-2.12497,50.60336],[-2.12491,50.60309],[-2.12484,50.6029],[-2.12455,50.60305],[-2.12429,50.60289],[-2.12424,50.60296],[-2.12427,50.6031],[-2.12411,50.60339],[-2.12401,50.60342],[-2.12353,50.60331],[-2.12351,50.60319],[-2.12341,50.603],[-2.12335,50.60267],[-2.1232,50.60254],[-2.12327,50.60291],[-2.12328,50.60309],[-2.12311,50.60313],[-2.12301,50.60309],[-2.12301,50.60294],[-2.12289,50.60275],[-2.12281,50.60289],[-2.12268,50.60283],[-2.12251,50.60248],[-2.12228,50.60252],[-2.12219,50.60249],[-2.12203,50.60252],[-2.12192,50.60246],[-2.12176,50.60251],[-2.12159,50.60247],[-2.12157,50.60266],[-2.12102,50.6024],[-2.12055,50.60222],[-2.11996,50.60196],[-2.11953,50.60172],[-2.11914,50.60144],[-2.1189,50.60114],[-2.11881,50.60106],[-2.11884,50.60099],[-2.11873,50.6008],[-2.11863,50.60071],[-2.11857,50.60056],[-2.11844,50.60039],[-2.11827,50.60025],[-2.11809,50.6002],[-2.11803,50.6003],[-2.11792,50.60033],[-2.11759,50.60024],[-2.11741,50.60009],[-2.11711,50.6],[-2.11706,50.59994],[-2.11674,50.5998],[-2.1165,50.59982],[-2.11645,50.59989],[-2.11621,50.59983],[-2.11621,50.59952],[-2.11609,50.59938],[-2.11602,50.59923],[-2.11594,50.59916],[-2.11583,50.59929],[-2.1157,50.5993],[-2.11555,50.59923],[-2.11545,50.59923],[-2.11526,50.59904],[-2.11508,50.59917],[-2.11468,50.59874],[-2.11443,50.59854],[-2.11435,50.59856],[-2.11458,50.59877],[-2.11489,50.59909],[-2.11479,50.59911],[-2.11452,50.59902],[-2.11439,50.59902],[-2.1142,50.59893],[-2.1141,50.59896],[-2.11391,50.59887],[-2.11374,50.59896],[-2.11377,50.5991],[-2.11354,50.59916],[-2.11316,50.59909],[-2.11291,50.59899],[-2.11285,50.59904],[-2.11264,50.59899],[-2.11223,50.59863],[-2.11216,50.59875],[-2.11189,50.59848],[-2.11189,50.59866],[-2.11196,50.59874],[-2.11177,50.59882],[-2.11166,50.5987],[-2.1115,50.59859],[-2.11144,50.59865],[-2.11114,50.59836],[-2.1109,50.59818],[-2.11057,50.59825],[-2.11059,50.59838],[-2.11034,50.59817],[-2.11035,50.59829],[-2.11006,50.59823],[-2.10988,50.59813],[-2.10967,50.59822],[-2.10948,50.59815],[-2.10918,50.59794],[-2.10913,50.59785],[-2.10884,50.5976],[-2.10862,50.5976],[-2.10836,50.5974],[-2.10824,50.59726],[-2.10805,50.59717],[-2.10769,50.59686],[-2.10743,50.5964],[-2.10728,50.59641],[-2.10715,50.59657],[-2.10723,50.59682],[-2.1076,50.59739],[-2.10722,50.59707],[-2.10692,50.5967],[-2.10675,50.59641],[-2.10655,50.59616],[-2.10638,50.59605],[-2.10631,50.59611],[-2.10621,50.59631],[-2.106,50.59654],[-2.1059,50.59677],[-2.10582,50.59682],[-2.10565,50.5967],[-2.10544,50.59662],[-2.1054,50.59655],[-2.10499,50.59633],[-2.10497,50.59625],[-2.10503,50.5961],[-2.10495,50.59597],[-2.10484,50.59597],[-2.1044,50.59586],[-2.10411,50.59573],[-2.10409,50.59577],[-2.10423,50.59604],[-2.10456,50.59628],[-2.10475,50.59639],[-2.10473,50.59643],[-2.1041,50.59618],[-2.10368,50.59594],[-2.10318,50.59576],[-2.10261,50.59547],[-2.10271,50.59574],[-2.10302,50.59593],[-2.10317,50.59609],[-2.10305,50.59609],[-2.10302,50.59621],[-2.10309,50.59628],[-2.10351,50.59656],[-2.104,50.59686],[-2.10398,50.59697],[-2.10385,50.59698],[-2.10317,50.59674],[-2.10298,50.59675],[-2.10345,50.597],[-2.10315,50.59702],[-2.10309,50.59716],[-2.10287,50.5972],[-2.10263,50.59721],[-2.10239,50.59727],[-2.10214,50.59729],[-2.10173,50.59738],[-2.10151,50.59751],[-2.10116,50.59767],[-2.10058,50.59784],[-2.10007,50.59796],[-2.09937,50.59809],[-2.09881,50.59814],[-2.09838,50.59813],[-2.09789,50.59808],[-2.09765,50.59801],[-2.09718,50.59768],[-2.09708,50.59763],[-2.09699,50.59744],[-2.09659,50.59701],[-2.09644,50.59689],[-2.09631,50.59693],[-2.09654,50.59729],[-2.09672,50.5975],[-2.09688,50.59775],[-2.09676,50.59778],[-2.09658,50.59773],[-2.09614,50.59766],[-2.09572,50.59731],[-2.09567,50.59734],[-2.09588,50.59758],[-2.09579,50.59762],[-2.09517,50.59756],[-2.09499,50.59747],[-2.09479,50.59721],[-2.09436,50.5967],[-2.09431,50.59671],[-2.09453,50.59703],[-2.09471,50.59745],[-2.0946,50.5975],[-2.09426,50.59743],[-2.09405,50.59723],[-2.09365,50.5969],[-2.09368,50.59708],[-2.09364,50.59715],[-2.09377,50.59732],[-2.09365,50.59733],[-2.09347,50.59702],[-2.09332,50.59689],[-2.09315,50.59668],[-2.093,50.59637],[-2.09277,50.59609],[-2.09266,50.59611],[-2.09285,50.59635],[-2.09314,50.59687],[-2.09306,50.59698],[-2.09316,50.5972],[-2.09307,50.59726],[-2.09287,50.59719],[-2.09238,50.59709],[-2.09225,50.59693],[-2.092,50.59676],[-2.09189,50.59673],[-2.09168,50.59687],[-2.09131,50.59652],[-2.09114,50.59643],[-2.09106,50.59649],[-2.09109,50.59659],[-2.09105,50.59688],[-2.09094,50.59684],[-2.09071,50.59668],[-2.09073,50.59681],[-2.09052,50.59675],[-2.09029,50.59652],[-2.09005,50.59643],[-2.08989,50.59648],[-2.08972,50.59648],[-2.08952,50.59642],[-2.08937,50.59626],[-2.08921,50.59601],[-2.08913,50.59606],[-2.08938,50.5965],[-2.08934,50.59655],[-2.08896,50.59632],[-2.0888,50.59618],[-2.08869,50.59602],[-2.0886,50.59577],[-2.0885,50.59575],[-2.08831,50.59602],[-2.08817,50.59596],[-2.08801,50.59561],[-2.08796,50.59542],[-2.08784,50.59521],[-2.08765,50.59498],[-2.0877,50.59529],[-2.0878,50.59562],[-2.08773,50.59567],[-2.08756,50.59535],[-2.08749,50.59547],[-2.08762,50.59572],[-2.08752,50.5959],[-2.08728,50.59589],[-2.08708,50.5958],[-2.08689,50.59581],[-2.08664,50.5956],[-2.08661,50.59553],[-2.08637,50.59525],[-2.08617,50.59531],[-2.08627,50.59551],[-2.08623,50.59557],[-2.08602,50.59547],[-2.08584,50.59534],[-2.08566,50.59499],[-2.08554,50.59516],[-2.08542,50.59511],[-2.08527,50.59497],[-2.0853,50.59522],[-2.08514,50.59522],[-2.08502,50.59499],[-2.08492,50.59503],[-2.08502,50.59519],[-2.08435,50.59503],[-2.08397,50.59483],[-2.08386,50.59482],[-2.08369,50.59435],[-2.08368,50.59393],[-2.08356,50.59399],[-2.08358,50.59422],[-2.08371,50.59472],[-2.08359,50.59481],[-2.08337,50.59471],[-2.08325,50.59453],[-2.08317,50.59459],[-2.08321,50.59468],[-2.08307,50.59471],[-2.08217,50.59466],[-2.08175,50.59469],[-2.08141,50.59478],[-2.08101,50.59483],[-2.0808,50.59477],[-2.07982,50.59507],[-2.07921,50.59522],[-2.07898,50.59522],[-2.07877,50.59531],[-2.0785,50.59533],[-2.07823,50.59538],[-2.07779,50.59538],[-2.07737,50.59541],[-2.07702,50.59536],[-2.07665,50.59528],[-2.07639,50.5952],[-2.07592,50.59498],[-2.07576,50.5948],[-2.07593,50.59476],[-2.07619,50.59445],[-2.0762,50.59438],[-2.07594,50.59401],[-2.07583,50.59393],[-2.07569,50.59375],[-2.07561,50.59351],[-2.0758,50.59351],[-2.07593,50.59366],[-2.07602,50.5937],[-2.07605,50.59386],[-2.07616,50.59398],[-2.07627,50.59398],[-2.07623,50.59381],[-2.07596,50.59345],[-2.07541,50.59313],[-2.07521,50.59304],[-2.07502,50.59304],[-2.07498,50.59287],[-2.07489,50.59272],[-2.07477,50.5926],[-2.07453,50.59259],[-2.07434,50.5925],[-2.0741,50.59247],[-2.07406,50.59232],[-2.0739,50.59211],[-2.07365,50.59198],[-2.07365,50.59191],[-2.07351,50.59187],[-2.07346,50.59179],[-2.07286,50.59165],[-2.07258,50.59167],[-2.07239,50.59177],[-2.07243,50.59192],[-2.07255,50.59193],[-2.07277,50.59184],[-2.07287,50.59198],[-2.07249,50.59202],[-2.07235,50.59214],[-2.07224,50.59228],[-2.07243,50.59236],[-2.07236,50.59249],[-2.07213,50.59254],[-2.0719,50.59237],[-2.07155,50.59232],[-2.07114,50.59229],[-2.07094,50.59234],[-2.07091,50.59246],[-2.07116,50.59249],[-2.07124,50.59254],[-2.07101,50.59269],[-2.07081,50.59266],[-2.07053,50.59267],[-2.07018,50.59262],[-2.06992,50.59266],[-2.0698,50.59264],[-2.0696,50.59271],[-2.06951,50.59267],[-2.06979,50.59246],[-2.06953,50.59224],[-2.06947,50.59236],[-2.06951,50.5925],[-2.06917,50.59239],[-2.06907,50.59243],[-2.06887,50.59238],[-2.06878,50.59215],[-2.06859,50.59209],[-2.06822,50.59216],[-2.06812,50.59214],[-2.06792,50.5922],[-2.06747,50.59243],[-2.06744,50.59251],[-2.06723,50.59257],[-2.067,50.59275],[-2.0669,50.59278],[-2.06664,50.59271],[-2.06641,50.59274],[-2.06617,50.5929],[-2.06612,50.59298],[-2.06621,50.59316],[-2.06615,50.59324],[-2.06636,50.59333],[-2.06621,50.5935],[-2.06633,50.59362],[-2.06595,50.59368],[-2.06572,50.59374],[-2.06545,50.59376],[-2.06507,50.59376],[-2.06463,50.59371],[-2.06436,50.59365],[-2.06373,50.59336],[-2.06356,50.59313],[-2.06329,50.59291],[-2.06311,50.59261],[-2.0632,50.59239],[-2.06323,50.59221],[-2.06318,50.59196],[-2.06318,50.5918],[-2.06326,50.5915],[-2.06335,50.59137],[-2.06348,50.59137],[-2.06358,50.59131],[-2.06375,50.59142],[-2.06396,50.59149],[-2.06417,50.59143],[-2.0644,50.59147],[-2.06463,50.59143],[-2.0648,50.59131],[-2.0648,50.5912],[-2.06466,50.59109],[-2.06462,50.59096],[-2.06474,50.59083],[-2.06477,50.59063],[-2.0647,50.59044],[-2.0647,50.59023],[-2.06465,50.59],[-2.06466,50.58971],[-2.06462,50.58964],[-2.06466,50.58936],[-2.06464,50.58919],[-2.06457,50.58914],[-2.06469,50.58892],[-2.06459,50.58883],[-2.06467,50.58868],[-2.06466,50.58854],[-2.06452,50.58839],[-2.06451,50.58829],[-2.06432,50.58788],[-2.06444,50.58777],[-2.0644,50.58766],[-2.06425,50.58747],[-2.06421,50.58731],[-2.06408,50.58708],[-2.06388,50.58685],[-2.06381,50.58669],[-2.0638,50.58655],[-2.06398,50.58625],[-2.06383,50.58613],[-2.06381,50.58588],[-2.06364,50.58558],[-2.06355,50.58554],[-2.06307,50.58543],[-2.06286,50.58524],[-2.06279,50.58508],[-2.06264,50.58497],[-2.06244,50.58472],[-2.06243,50.5844],[-2.06228,50.58417],[-2.06226,50.58386],[-2.06215,50.58387],[-2.06215,50.58369],[-2.06185,50.58342],[-2.0617,50.58311],[-2.06165,50.58289],[-2.0618,50.58278],[-2.06202,50.58211],[-2.0621,50.58205],[-2.06217,50.58191],[-2.06215,50.58159],[-2.06203,50.58144],[-2.06189,50.58121],[-2.06192,50.58107],[-2.06172,50.58092],[-2.06171,50.58078],[-2.06147,50.58066],[-2.06124,50.58061],[-2.06101,50.58043],[-2.061,50.58029],[-2.06082,50.5802],[-2.06066,50.58007],[-2.06047,50.57987],[-2.06047,50.57979],[-2.06035,50.57962],[-2.06002,50.57935],[-2.05983,50.57927],[-2.05926,50.57876],[-2.05918,50.5786],[-2.05905,50.57847],[-2.05904,50.57834],[-2.05878,50.57803],[-2.0586,50.57775],[-2.05835,50.57753],[-2.05815,50.57748],[-2.05801,50.57731],[-2.05779,50.57721],[-2.05767,50.57709],[-2.05768,50.57702],[-2.05733,50.57684],[-2.05716,50.57682],[-2.05667,50.57682],[-2.05654,50.57678],[-2.05623,50.57658],[-2.05613,50.57644],[-2.05604,50.5764],[-2.05581,50.57646],[-2.05558,50.57641],[-2.05531,50.57648],[-2.05495,50.57649],[-2.05484,50.57646],[-2.0544,50.57654],[-2.05427,50.57659],[-2.05395,50.57675],[-2.05377,50.57693],[-2.05343,50.57717],[-2.05333,50.5772],[-2.05322,50.57735],[-2.05275,50.57748],[-2.05248,50.57758],[-2.05225,50.57757],[-2.05197,50.57763],[-2.05161,50.57756],[-2.05134,50.57763],[-2.05118,50.57772],[-2.05086,50.57776],[-2.05058,50.57775],[-2.05033,50.57784],[-2.05008,50.57784],[-2.04968,50.57773],[-2.0495,50.57786],[-2.04927,50.57798],[-2.04911,50.57802],[-2.04889,50.57813],[-2.04852,50.57823],[-2.04825,50.57832],[-2.04715,50.57862],[-2.04703,50.57862],[-2.04681,50.57857],[-2.04619,50.57855],[-2.04594,50.57857],[-2.04568,50.57867],[-2.04534,50.57872],[-2.04506,50.57873],[-2.04464,50.57882],[-2.04455,50.57886],[-2.04429,50.57889],[-2.04407,50.57886],[-2.04343,50.57905],[-2.04318,50.57906],[-2.043,50.57914],[-2.04268,50.57914],[-2.04224,50.57928],[-2.04203,50.57929],[-2.04183,50.57946],[-2.04162,50.57955],[-2.04156,50.57962],[-2.0414,50.57965],[-2.04121,50.57964],[-2.04083,50.57971],[-2.04049,50.57986],[-2.04023,50.58003],[-2.03999,50.58007],[-2.03981,50.58016],[-2.03956,50.58014],[-2.03942,50.58022],[-2.03925,50.58046],[-2.03906,50.58067],[-2.03885,50.58079],[-2.03867,50.58104],[-2.03864,50.58119],[-2.0387,50.58126],[-2.03862,50.58149],[-2.03825,50.58148],[-2.0381,50.58139],[-2.03789,50.58135],[-2.03774,50.58148],[-2.03737,50.58164],[-2.03726,50.58181],[-2.03704,50.58186],[-2.03692,50.58198],[-2.03677,50.58204],[-2.0367,50.58212],[-2.03635,50.58233],[-2.03615,50.58241],[-2.03587,50.58254],[-2.03573,50.58256],[-2.03571,50.58263],[-2.03547,50.5827],[-2.03499,50.58308],[-2.03495,50.58314],[-2.03462,50.58328],[-2.03408,50.58354],[-2.03387,50.5836],[-2.03377,50.58367],[-2.03356,50.58388],[-2.03345,50.58386],[-2.03343,50.58402],[-2.03349,50.58408],[-2.03322,50.58411],[-2.0331,50.58425],[-2.033,50.58414],[-2.03301,50.58404],[-2.03279,50.58402],[-2.03258,50.58412],[-2.03244,50.58426],[-2.03217,50.58438],[-2.032,50.58437],[-2.03193,50.58443],[-2.03178,50.58465],[-2.03172,50.58481],[-2.03144,50.58496],[-2.03105,50.5852],[-2.03094,50.58536],[-2.03087,50.58554],[-2.03074,50.58565],[-2.03041,50.586],[-2.0303,50.58624],[-2.03003,50.58646],[-2.02979,50.58658],[-2.02962,50.58681],[-2.02939,50.58699],[-2.02914,50.58705],[-2.02897,50.58716],[-2.02887,50.58731],[-2.02868,50.58747],[-2.02854,50.58763],[-2.02843,50.5877],[-2.0283,50.58787],[-2.02824,50.588],[-2.02791,50.58815],[-2.0276,50.5884],[-2.02732,50.58844],[-2.02709,50.58861],[-2.02676,50.5887],[-2.02672,50.58878],[-2.02675,50.58891],[-2.02635,50.589],[-2.02608,50.58899],[-2.02596,50.58893],[-2.02573,50.58899],[-2.02548,50.58898],[-2.02545,50.58874],[-2.02507,50.5887],[-2.02483,50.58882],[-2.02458,50.58879],[-2.02437,50.58884],[-2.02414,50.58877],[-2.02381,50.58882],[-2.02357,50.58913],[-2.02329,50.58901],[-2.0231,50.58903],[-2.023,50.58919],[-2.02274,50.58921],[-2.02261,50.58936],[-2.02254,50.5893],[-2.0226,50.58908],[-2.02257,50.589],[-2.02234,50.58894],[-2.02223,50.58894],[-2.02217,50.58902],[-2.02205,50.58905],[-2.02196,50.589],[-2.02169,50.58916],[-2.02159,50.58918],[-2.02134,50.58916],[-2.02097,50.589],[-2.02066,50.58925],[-2.02033,50.58921],[-2.01995,50.58933],[-2.0197,50.58935],[-2.01946,50.58959],[-2.01924,50.58952],[-2.01903,50.58958],[-2.01875,50.58963],[-2.01852,50.58958],[-2.01845,50.58965],[-2.01822,50.58958],[-2.01819,50.58968],[-2.01808,50.58977],[-2.01792,50.58978],[-2.01785,50.58984],[-2.01772,50.58983],[-2.01759,50.58995],[-2.01724,50.5899],[-2.01719,50.59003],[-2.01707,50.59002],[-2.01689,50.58993],[-2.01681,50.58998],[-2.01665,50.58995],[-2.01644,50.58999],[-2.01633,50.58994],[-2.01617,50.59002],[-2.01605,50.59012],[-2.01593,50.59015],[-2.01565,50.59015],[-2.01543,50.59019],[-2.01511,50.59017],[-2.01491,50.5901],[-2.01479,50.59015],[-2.01453,50.5902],[-2.01435,50.59028],[-2.01409,50.59046],[-2.01373,50.59047],[-2.01354,50.59064],[-2.01331,50.59067],[-2.01293,50.59063],[-2.01271,50.59079],[-2.01254,50.59069],[-2.01249,50.59055],[-2.01207,50.59073],[-2.01175,50.59067],[-2.01156,50.59078],[-2.0112,50.59073],[-2.01094,50.59088],[-2.0107,50.59097],[-2.01057,50.59098],[-2.01007,50.59089],[-2.00984,50.59089],[-2.00969,50.59092],[-2.00942,50.5909],[-2.00913,50.59084],[-2.00903,50.59087],[-2.00882,50.59106],[-2.00848,50.59108],[-2.0081,50.59108],[-2.00773,50.59116],[-2.0073,50.5912],[-2.00702,50.59128],[-2.0069,50.59144],[-2.00669,50.59148],[-2.00653,50.59161],[-2.0063,50.59168],[-2.00618,50.59164],[-2.00608,50.5915],[-2.00587,50.5915],[-2.00588,50.59161],[-2.00571,50.59171],[-2.00535,50.59162],[-2.00527,50.59156],[-2.005,50.59156],[-2.00477,50.5914],[-2.00455,50.59139],[-2.00431,50.59134],[-2.00405,50.5914],[-2.0036,50.59161],[-2.00327,50.59174],[-2.00299,50.59174],[-2.00284,50.59171],[-2.00247,50.59152],[-2.00235,50.5915],[-2.00209,50.59152],[-2.00185,50.59145],[-2.00171,50.59144],[-2.00124,50.59136],[-2.00096,50.59133],[-2.00022,50.59139],[-1.99934,50.59134],[-1.99892,50.59129],[-1.99864,50.59122],[-1.99825,50.59122],[-1.99802,50.59117],[-1.99776,50.59116],[-1.99764,50.59119],[-1.99696,50.59115],[-1.99661,50.59115],[-1.99645,50.5911],[-1.99606,50.59108],[-1.99593,50.59113],[-1.99561,50.59112],[-1.99545,50.59109],[-1.9949,50.59105],[-1.9943,50.59104],[-1.99406,50.59101],[-1.99386,50.59095],[-1.99365,50.591],[-1.99317,50.59094],[-1.99306,50.5909],[-1.99271,50.59096],[-1.99233,50.59094],[-1.99223,50.59097],[-1.99161,50.59102],[-1.99137,50.59099],[-1.99124,50.59084],[-1.99122,50.59074],[-1.99096,50.59067],[-1.9908,50.59055],[-1.99058,50.59052],[-1.99049,50.59057],[-1.99003,50.5905],[-1.98989,50.5906],[-1.98967,50.5906],[-1.98927,50.5907],[-1.98922,50.59075],[-1.98899,50.59075],[-1.98896,50.59082],[-1.98876,50.59087],[-1.98864,50.59085],[-1.98838,50.59091],[-1.98811,50.59091],[-1.98776,50.59103],[-1.98752,50.59104],[-1.98728,50.59108],[-1.98697,50.59106],[-1.98626,50.59094],[-1.98563,50.59085],[-1.98544,50.59077],[-1.98505,50.59072],[-1.98494,50.59061],[-1.98471,50.5906],[-1.98446,50.59052],[-1.98422,50.59051],[-1.98409,50.59056],[-1.98356,50.59059],[-1.98304,50.59071],[-1.98274,50.59067],[-1.98231,50.59075],[-1.98221,50.59071],[-1.98163,50.59067],[-1.98153,50.59071],[-1.98118,50.59074],[-1.98109,50.59069],[-1.98074,50.59073],[-1.98063,50.59072],[-1.98043,50.59079],[-1.98032,50.59077],[-1.98013,50.59083],[-1.97997,50.59095],[-1.97963,50.59102],[-1.97931,50.591],[-1.97927,50.59106],[-1.97904,50.59103],[-1.97847,50.591],[-1.97815,50.59104],[-1.9781,50.59099],[-1.97789,50.59095],[-1.9778,50.59099],[-1.97759,50.59092],[-1.97725,50.59085],[-1.97702,50.59084],[-1.97686,50.59093],[-1.97665,50.59087],[-1.97645,50.59093],[-1.97601,50.59091],[-1.9758,50.59085],[-1.97562,50.59093],[-1.97517,50.59098],[-1.97494,50.59095],[-1.97439,50.59109],[-1.97415,50.59112],[-1.97405,50.59103],[-1.97383,50.59108],[-1.97348,50.59109],[-1.97311,50.59116],[-1.97288,50.59112],[-1.97251,50.59111],[-1.97233,50.59118],[-1.97211,50.59116],[-1.97202,50.59112],[-1.97182,50.59119],[-1.97159,50.59116],[-1.97138,50.59119],[-1.97127,50.59116],[-1.97107,50.59124],[-1.97085,50.5912],[-1.97076,50.59125],[-1.97053,50.59123],[-1.97031,50.59126],[-1.96997,50.59138],[-1.96961,50.59138],[-1.9691,50.59141],[-1.96882,50.59153],[-1.96846,50.59153],[-1.96833,50.59142],[-1.96823,50.59146],[-1.96764,50.59144],[-1.96733,50.59152],[-1.96698,50.59153],[-1.96677,50.59148],[-1.96667,50.59151],[-1.96626,50.59149],[-1.96604,50.59147],[-1.96582,50.59153],[-1.96522,50.59152],[-1.96489,50.59147],[-1.96479,50.59149],[-1.96422,50.59144],[-1.96367,50.59136],[-1.96366,50.59129],[-1.96344,50.59132],[-1.9631,50.59129],[-1.96277,50.59123],[-1.96259,50.59117],[-1.96254,50.59122],[-1.96235,50.59115],[-1.96216,50.59119],[-1.96194,50.5911],[-1.9618,50.5911],[-1.96151,50.59098],[-1.96132,50.59097],[-1.96115,50.59106],[-1.96095,50.591],[-1.9609,50.59106],[-1.96064,50.59118],[-1.96054,50.59118],[-1.96043,50.5913],[-1.96009,50.59121],[-1.95975,50.59116],[-1.95938,50.59138],[-1.95926,50.59137],[-1.95908,50.59148],[-1.95894,50.59161],[-1.9587,50.59176],[-1.95859,50.59194],[-1.95829,50.59208],[-1.95795,50.59199],[-1.95777,50.59208],[-1.95756,50.59212],[-1.95733,50.59212],[-1.95706,50.59226],[-1.957,50.5924],[-1.95682,50.5926],[-1.95664,50.59267],[-1.95617,50.59296],[-1.95605,50.59299],[-1.95585,50.59323],[-1.95575,50.59326],[-1.95553,50.59341],[-1.95528,50.59346],[-1.95518,50.59352],[-1.95497,50.59357],[-1.95491,50.59364],[-1.95469,50.59365],[-1.95468,50.59373],[-1.95433,50.59371],[-1.95422,50.59375],[-1.95423,50.59383],[-1.95385,50.59403],[-1.95377,50.59416],[-1.95357,50.59425],[-1.95337,50.5942],[-1.95257,50.59435],[-1.95247,50.59431],[-1.95226,50.59435],[-1.95202,50.59431],[-1.95181,50.59438],[-1.95161,50.59432],[-1.95154,50.59437],[-1.95132,50.5944],[-1.95108,50.59458],[-1.95099,50.59473],[-1.9508,50.59492],[-1.95068,50.59521],[-1.95103,50.59548],[-1.95095,50.59561],[-1.95116,50.59565],[-1.9519,50.5961],[-1.9521,50.59637],[-1.95221,50.59659],[-1.95223,50.59688],[-1.95245,50.59706],[-1.95252,50.59735],[-1.95248,50.59772],[-1.95266,50.59807],[-1.95287,50.59834],[-1.95293,50.59856],[-1.95291,50.59863],[-1.95299,50.59878],[-1.95301,50.59892],[-1.95311,50.59913],[-1.95312,50.59934],[-1.95316,50.59947],[-1.95312,50.59977],[-1.95297,50.60006],[-1.9528,50.60025],[-1.9528,50.60047],[-1.95259,50.60074],[-1.95259,50.60088],[-1.95244,50.60102],[-1.95197,50.60139],[-1.95186,50.60152],[-1.95174,50.60181],[-1.95149,50.60213],[-1.95129,50.60242],[-1.95122,50.60258],[-1.9512,50.60281],[-1.95129,50.60302],[-1.95116,50.60313],[-1.9509,50.60347],[-1.95089,50.6037],[-1.9506,50.60399],[-1.95041,50.60429],[-1.9502,50.60449],[-1.95006,50.6047],[-1.94992,50.60482],[-1.94937,50.6051],[-1.94915,50.60516],[-1.94898,50.60525],[-1.94835,50.60548],[-1.9479,50.60556],[-1.9479,50.60569],[-1.94768,50.60573],[-1.94753,50.60584],[-1.9471,50.60592],[-1.94701,50.60597],[-1.9468,50.606],[-1.94663,50.60609],[-1.94652,50.60608],[-1.94646,50.60619],[-1.94623,50.60628],[-1.9459,50.60636],[-1.94566,50.60639],[-1.94522,50.6065],[-1.94513,50.60663],[-1.94482,50.60674],[-1.94466,50.60687],[-1.94425,50.60689],[-1.94373,50.60687],[-1.94334,50.60685],[-1.9434,50.60691],[-1.94372,50.60694],[-1.94413,50.60696],[-1.94399,50.60706],[-1.94386,50.60708],[-1.94369,50.60729],[-1.94366,50.60742],[-1.94305,50.60751],[-1.943,50.60762],[-1.94339,50.60765],[-1.94413,50.60766],[-1.94449,50.60769],[-1.94493,50.60767],[-1.94561,50.60761],[-1.94612,50.60752],[-1.94627,50.60752],[-1.94701,50.60761],[-1.94712,50.60759],[-1.94759,50.60767],[-1.9478,50.60773],[-1.94807,50.60775],[-1.94825,50.60769],[-1.9486,50.60763],[-1.94883,50.60762],[-1.94956,50.60755],[-1.94987,50.60756],[-1.95037,50.60781],[-1.95071,50.60806],[-1.95071,50.60815],[-1.95083,50.60823],[-1.95101,50.60812],[-1.95128,50.60791],[-1.95141,50.60777],[-1.95189,50.60754],[-1.95232,50.60745],[-1.95247,50.60745],[-1.95282,50.60753],[-1.95292,50.60757],[-1.95329,50.60781],[-1.95355,50.60787],[-1.95389,50.60814],[-1.95388,50.60829],[-1.95413,50.60829],[-1.95412,50.60812],[-1.95496,50.6082],[-1.95523,50.6082],[-1.95557,50.6083],[-1.95573,50.60842],[-1.95586,50.60861],[-1.95597,50.60863],[-1.9561,50.60873],[-1.95648,50.60925],[-1.95645,50.60932],[-1.95663,50.60977],[-1.95683,50.61029],[-1.95699,50.61069],[-1.9571,50.611],[-1.95722,50.61141],[-1.95733,50.61192],[-1.95746,50.61234],[-1.95752,50.61282],[-1.95754,50.61329],[-1.95749,50.61344],[-1.95752,50.61375],[-1.95747,50.61435],[-1.95733,50.61501],[-1.95723,50.61563],[-1.95719,50.61599],[-1.95709,50.61625],[-1.95673,50.617],[-1.95634,50.61759],[-1.95577,50.61833],[-1.95558,50.61862],[-1.9553,50.61899],[-1.95506,50.61921],[-1.95493,50.61954],[-1.95471,50.61991],[-1.95467,50.62006],[-1.95439,50.62044],[-1.95421,50.62078],[-1.95401,50.62103],[-1.95394,50.62121],[-1.95374,50.62151],[-1.95365,50.62169],[-1.95329,50.62219],[-1.95304,50.62248],[-1.95278,50.6228],[-1.95256,50.62301],[-1.95254,50.62315],[-1.9524,50.62335],[-1.95224,50.62352],[-1.95219,50.6237],[-1.95172,50.62419],[-1.95138,50.62448],[-1.95066,50.62505],[-1.94965,50.62587],[-1.94907,50.62632],[-1.9486,50.62666],[-1.94771,50.62723],[-1.94722,50.62752],[-1.94611,50.62808],[-1.94534,50.62842],[-1.94483,50.62866],[-1.94447,50.6288],[-1.94322,50.62914],[-1.94282,50.62921],[-1.94268,50.62927],[-1.94217,50.62941],[-1.94188,50.62947],[-1.94165,50.62957],[-1.94055,50.62974],[-1.94036,50.62979],[-1.93997,50.62982],[-1.93976,50.62986],[-1.93933,50.62991],[-1.93896,50.6299],[-1.93873,50.62986],[-1.93811,50.63002],[-1.93778,50.63017],[-1.93729,50.63022],[-1.93696,50.63035],[-1.93659,50.6304],[-1.93601,50.63057],[-1.93552,50.63059],[-1.93542,50.63064],[-1.93519,50.63065],[-1.9347,50.63071],[-1.93449,50.63075],[-1.93424,50.63075],[-1.93406,50.63084],[-1.93383,50.63084],[-1.9335,50.63088],[-1.93324,50.63086],[-1.93326,50.63095],[-1.93303,50.63127],[-1.93279,50.63128],[-1.93283,50.63139],[-1.93294,50.63143],[-1.93282,50.63183],[-1.93264,50.63199],[-1.93256,50.63216],[-1.93232,50.63219],[-1.93206,50.63215],[-1.93203,50.63222],[-1.93224,50.63228],[-1.93215,50.63249],[-1.93205,50.63252],[-1.93198,50.63267],[-1.93185,50.63279],[-1.93173,50.63301],[-1.93168,50.63324],[-1.93154,50.6335],[-1.93144,50.63353],[-1.93149,50.63368],[-1.93138,50.6338],[-1.93127,50.63376],[-1.9312,50.63397],[-1.93121,50.63413],[-1.93111,50.63428],[-1.93091,50.63438],[-1.93077,50.6345],[-1.93076,50.63466],[-1.9306,50.63485],[-1.93025,50.63518],[-1.92996,50.63556],[-1.92977,50.63576],[-1.92961,50.63609],[-1.92947,50.63625],[-1.92929,50.63653],[-1.92923,50.63658],[-1.92878,50.63667],[-1.92861,50.63675],[-1.92828,50.63698],[-1.92759,50.63741],[-1.92752,50.63751],[-1.92756,50.63772],[-1.92748,50.63787],[-1.92729,50.63796],[-1.92732,50.63812],[-1.92729,50.6382],[-1.92712,50.63838],[-1.92682,50.63857],[-1.92664,50.63881],[-1.92643,50.63894],[-1.92612,50.63907],[-1.92615,50.63923],[-1.92611,50.6394],[-1.92599,50.63961],[-1.92587,50.63966],[-1.92574,50.63965],[-1.92568,50.63973],[-1.92585,50.63982],[-1.92559,50.64008],[-1.92525,50.64016],[-1.92535,50.64023],[-1.92551,50.64044],[-1.92541,50.64063],[-1.92485,50.64099],[-1.92455,50.64104],[-1.92433,50.64138],[-1.92439,50.64159],[-1.92431,50.64172],[-1.92414,50.64187],[-1.92402,50.6419],[-1.92378,50.64208],[-1.92357,50.64215],[-1.92318,50.64231],[-1.9232,50.64245],[-1.92296,50.64254],[-1.92273,50.64254],[-1.92265,50.64269],[-1.92266,50.64276],[-1.92243,50.64274],[-1.9224,50.6429],[-1.92244,50.643],[-1.92281,50.64293],[-1.92319,50.64278],[-1.92341,50.64271],[-1.92356,50.64258],[-1.92376,50.6425],[-1.92398,50.64236],[-1.92428,50.64211],[-1.92476,50.64203],[-1.92488,50.64204],[-1.925,50.64215],[-1.92507,50.64207],[-1.92531,50.64213],[-1.92545,50.64223],[-1.92563,50.64216],[-1.92574,50.64227],[-1.92588,50.64224],[-1.92608,50.64214],[-1.92643,50.64199],[-1.92655,50.64191],[-1.92678,50.64189],[-1.92698,50.64182],[-1.92722,50.64181],[-1.92732,50.64178],[-1.92776,50.64177],[-1.92807,50.64188],[-1.92854,50.64196],[-1.9288,50.64205],[-1.92913,50.64198],[-1.92952,50.64204],[-1.9296,50.64212],[-1.9298,50.64209],[-1.93,50.64215],[-1.93012,50.64201],[-1.93031,50.64187],[-1.93077,50.64166],[-1.93089,50.64165],[-1.93122,50.64173],[-1.9313,50.64178],[-1.93162,50.64189],[-1.93181,50.64182],[-1.93213,50.64187],[-1.93216,50.64194],[-1.9325,50.64198],[-1.93297,50.64194],[-1.93321,50.64189],[-1.93346,50.64188],[-1.93379,50.64181],[-1.93439,50.64166],[-1.93497,50.64161],[-1.93543,50.64161],[-1.93585,50.6415],[-1.93665,50.64139],[-1.93698,50.64132],[-1.93732,50.64136],[-1.93749,50.64135],[-1.93783,50.64125],[-1.93836,50.64127],[-1.93859,50.6412],[-1.93895,50.64117],[-1.93918,50.64119],[-1.93939,50.64131],[-1.93958,50.64123],[-1.93969,50.64125],[-1.93985,50.64114],[-1.94014,50.64101],[-1.94046,50.64093],[-1.94061,50.64093],[-1.9409,50.64101],[-1.94116,50.64112],[-1.94179,50.64147],[-1.94194,50.64157],[-1.94213,50.64176],[-1.94228,50.64204],[-1.94293,50.64222],[-1.94332,50.64235],[-1.94376,50.6426],[-1.94429,50.64296],[-1.94462,50.64322],[-1.94513,50.64374],[-1.94539,50.64407],[-1.94553,50.6442],[-1.94602,50.64459],[-1.94615,50.64473],[-1.94679,50.64526],[-1.94725,50.6455],[-1.94731,50.64562],[-1.94753,50.64559],[-1.94758,50.64568],[-1.94778,50.64573],[-1.94799,50.64571],[-1.94825,50.64573],[-1.94849,50.6458],[-1.94857,50.64588],[-1.94874,50.6462],[-1.94878,50.64651],[-1.94888,50.64677],[-1.94906,50.64717],[-1.9492,50.64734],[-1.94942,50.64756],[-1.94949,50.64767],[-1.9495,50.64784],[-1.94931,50.64812],[-1.94933,50.64819],[-1.94953,50.64821],[-1.94967,50.64839],[-1.94996,50.64855],[-1.95023,50.64881],[-1.95093,50.64969],[-1.95103,50.64963],[-1.95108,50.64944],[-1.95091,50.64907],[-1.95116,50.64926],[-1.95127,50.64941],[-1.95127,50.64959],[-1.95146,50.64991],[-1.95157,50.64991],[-1.95177,50.65],[-1.95184,50.65007],[-1.952,50.65034],[-1.95224,50.65081],[-1.95236,50.65111],[-1.95241,50.6513],[-1.95247,50.65167],[-1.95249,50.65199],[-1.95247,50.6521],[-1.95225,50.65258],[-1.95217,50.65285],[-1.95223,50.65341],[-1.95228,50.65357],[-1.95227,50.65376],[-1.95201,50.65421],[-1.95196,50.65438],[-1.95196,50.65455],[-1.95201,50.65526],[-1.95201,50.65537],[-1.9519,50.65581],[-1.95184,50.65596],[-1.95165,50.65632],[-1.95159,50.65651],[-1.95141,50.65684],[-1.95117,50.6572],[-1.951,50.65761],[-1.95075,50.65814],[-1.95051,50.65859],[-1.9504,50.65873],[-1.95019,50.65913],[-1.95005,50.6595],[-1.94979,50.65991],[-1.94943,50.66064],[-1.94911,50.6612],[-1.94885,50.66153],[-1.94843,50.66195],[-1.94824,50.66217],[-1.94796,50.66246],[-1.94769,50.66277],[-1.94743,50.66303],[-1.94711,50.66354],[-1.94682,50.66395],[-1.94636,50.66448],[-1.94618,50.66473],[-1.946,50.66495],[-1.94572,50.66531],[-1.94539,50.66571],[-1.9449,50.66619],[-1.94421,50.66699],[-1.94397,50.66723],[-1.94371,50.66756],[-1.9431,50.66803],[-1.94234,50.66868],[-1.942,50.66892],[-1.94165,50.66924],[-1.94129,50.66964],[-1.94098,50.66997],[-1.94074,50.67026],[-1.94053,50.6706],[-1.94039,50.6709],[-1.94035,50.67106],[-1.94031,50.67161],[-1.94031,50.67183],[-1.94025,50.67233],[-1.9403,50.67276],[-1.94037,50.67357],[-1.94082,50.67389],[-1.9412,50.6741],[-1.94156,50.67432],[-1.94226,50.67481],[-1.94256,50.67497],[-1.94298,50.67514],[-1.94359,50.67535],[-1.94384,50.67547],[-1.94394,50.67544],[-1.94454,50.67567],[-1.94481,50.67565],[-1.94499,50.67577],[-1.94528,50.67586],[-1.94576,50.67604],[-1.94578,50.67593],[-1.94531,50.67554],[-1.94543,50.67551],[-1.94571,50.67568],[-1.94581,50.67577],[-1.94605,50.67588],[-1.94628,50.67594],[-1.9466,50.67617],[-1.94678,50.67639],[-1.94702,50.67681],[-1.94713,50.67704],[-1.94726,50.67718],[-1.94742,50.67747],[-1.94747,50.67763],[-1.94776,50.67778],[-1.94796,50.67793],[-1.94836,50.67831],[-1.94913,50.67911],[-1.94963,50.67974],[-1.94976,50.67992],[-1.9497,50.68016],[-1.94973,50.68022],[-1.94989,50.68027],[-1.94842,50.68146],[-1.94833,50.68155],[-1.94746,50.68225],[-1.9469,50.6827],[-1.94691,50.68276],[-1.94639,50.68284],[-1.94597,50.68289],[-1.94585,50.68288],[-1.94564,50.68269],[-1.94544,50.6827],[-1.94565,50.683],[-1.9456,50.68309],[-1.94542,50.68322],[-1.9451,50.68336],[-1.94503,50.68331],[-1.94488,50.68342],[-1.94462,50.68344],[-1.94461,50.68352],[-1.94451,50.6836],[-1.94411,50.6837],[-1.94387,50.68368],[-1.94354,50.68356],[-1.94356,50.68348],[-1.94368,50.68333],[-1.94364,50.68326],[-1.94343,50.68324],[-1.94299,50.68368],[-1.94294,50.68395],[-1.94275,50.68396],[-1.94279,50.68405],[-1.94256,50.68418],[-1.94199,50.68449],[-1.94157,50.68467],[-1.94125,50.68462],[-1.94116,50.68466],[-1.94128,50.6848],[-1.94126,50.68489],[-1.9409,50.6852],[-1.94045,50.68549],[-1.9402,50.6856],[-1.93997,50.68566],[-1.93986,50.68566],[-1.93971,50.68556],[-1.93949,50.68554],[-1.93947,50.68569],[-1.93965,50.68577],[-1.93952,50.68595],[-1.93927,50.68617],[-1.93905,50.68627],[-1.93876,50.6865],[-1.93852,50.68659],[-1.9383,50.68655],[-1.93819,50.68657],[-1.93817,50.68672],[-1.93845,50.68683],[-1.93849,50.68698],[-1.93839,50.68708],[-1.93819,50.68719],[-1.93805,50.6873],[-1.93767,50.68752],[-1.93727,50.6878],[-1.93718,50.68784],[-1.93696,50.68781],[-1.93687,50.68794],[-1.93698,50.68802],[-1.937,50.68814],[-1.9369,50.68834],[-1.93618,50.68878],[-1.93596,50.68885],[-1.93575,50.68901],[-1.93564,50.68903],[-1.93555,50.68922],[-1.93545,50.68934],[-1.93517,50.68957],[-1.93479,50.68993],[-1.93458,50.68998],[-1.93465,50.69012],[-1.93454,50.69029],[-1.93415,50.69055],[-1.9337,50.69089],[-1.93349,50.69094],[-1.9336,50.69114],[-1.93357,50.69121],[-1.93333,50.6914],[-1.93304,50.69159],[-1.93261,50.69192],[-1.93252,50.69196],[-1.9324,50.69209],[-1.93227,50.69216],[-1.93202,50.69241],[-1.93117,50.69293],[-1.9307,50.69324],[-1.93028,50.69355],[-1.92972,50.69387],[-1.92926,50.69423],[-1.92905,50.69435],[-1.92821,50.69496],[-1.928,50.69509],[-1.92724,50.69563],[-1.92694,50.69588],[-1.9263,50.69634],[-1.92572,50.69671],[-1.92518,50.69703],[-1.92477,50.6973],[-1.92448,50.69753],[-1.9242,50.69778],[-1.92378,50.69811],[-1.92348,50.69831],[-1.92174,50.69922],[-1.92113,50.69955],[-1.92061,50.69981],[-1.91893,50.70059],[-1.91758,50.70134],[-1.91671,50.7018],[-1.91581,50.70234],[-1.91462,50.70303],[-1.91394,50.70338],[-1.91328,50.7037],[-1.91258,50.70403],[-1.91182,50.70434],[-1.91045,50.70491],[-1.90931,50.70537],[-1.90888,50.70553],[-1.90833,50.70577],[-1.90784,50.70595],[-1.90614,50.70667],[-1.90541,50.70696],[-1.90496,50.70714],[-1.90401,50.70747],[-1.90303,50.70785],[-1.90222,50.7082],[-1.90198,50.70825],[-1.90199,50.70833],[-1.90111,50.70869],[-1.89981,50.70916],[-1.89918,50.70937],[-1.89658,50.71016],[-1.89589,50.7104],[-1.89212,50.71161],[-1.89112,50.71188],[-1.8902,50.7122],[-1.88952,50.71239],[-1.88665,50.71311],[-1.88527,50.71341],[-1.88482,50.71348],[-1.88392,50.71364],[-1.88322,50.71376],[-1.8822,50.7139],[-1.88091,50.71419],[-1.88023,50.71431],[-1.87969,50.7144],[-1.87921,50.71445],[-1.87771,50.71465],[-1.87688,50.71473],[-1.8766,50.71478],[-1.87602,50.71493],[-1.87572,50.71498],[-1.87541,50.71498],[-1.87512,50.71501],[-1.87488,50.715],[-1.87443,50.71519],[-1.87386,50.71531],[-1.8735,50.71534],[-1.8731,50.71541],[-1.87153,50.71582],[-1.87032,50.71609],[-1.86917,50.71633],[-1.86845,50.71652],[-1.86802,50.71659],[-1.86714,50.71668],[-1.86541,50.71683],[-1.86467,50.71694],[-1.86411,50.71703],[-1.8634,50.71713],[-1.86246,50.71722],[-1.86168,50.71732],[-1.86092,50.7174],[-1.85971,50.71753],[-1.85855,50.71768],[-1.85815,50.71771],[-1.85703,50.71786],[-1.85607,50.71796],[-1.85565,50.718],[-1.85534,50.71799],[-1.85481,50.71804],[-1.85464,50.71808],[-1.85424,50.71812],[-1.85304,50.71819],[-1.85228,50.71826],[-1.85216,50.71825],[-1.85205,50.71839],[-1.85178,50.71846],[-1.85141,50.71851],[-1.85088,50.71857],[-1.85038,50.71858],[-1.8496,50.71872],[-1.84867,50.71878],[-1.84819,50.71879],[-1.84767,50.71882],[-1.84691,50.7189],[-1.84641,50.71893],[-1.84564,50.71896],[-1.84536,50.71894],[-1.84497,50.71901],[-1.8433,50.7191],[-1.84269,50.71915],[-1.84194,50.71927],[-1.84157,50.7193],[-1.84091,50.71926],[-1.84055,50.71927],[-1.83999,50.7193],[-1.83871,50.71941],[-1.83794,50.71945],[-1.83772,50.71951],[-1.83734,50.71956],[-1.83702,50.71958],[-1.83621,50.71959],[-1.8356,50.71961],[-1.83406,50.71972],[-1.83374,50.71975],[-1.83328,50.71982],[-1.8329,50.71985],[-1.8311,50.7199],[-1.83059,50.71989],[-1.82992,50.7199],[-1.82827,50.72003],[-1.82731,50.72006],[-1.82666,50.72007],[-1.82575,50.72012],[-1.82545,50.72009],[-1.82533,50.72011],[-1.8249,50.72012],[-1.82428,50.72016],[-1.82352,50.72019],[-1.82318,50.72019],[-1.82275,50.72024],[-1.82233,50.72027],[-1.82119,50.72028],[-1.82115,50.72036],[-1.82079,50.72039],[-1.82038,50.7204],[-1.8193,50.72038],[-1.8193,50.72047],[-1.81899,50.72052],[-1.81819,50.72055],[-1.81766,50.72053],[-1.81716,50.72047],[-1.81703,50.72051],[-1.81615,50.72049],[-1.81574,50.7205],[-1.81525,50.72048],[-1.81525,50.7204],[-1.81477,50.72043],[-1.81443,50.72042],[-1.81379,50.72037],[-1.81293,50.72033],[-1.81272,50.72031],[-1.81273,50.72017],[-1.8125,50.72021],[-1.81161,50.72022],[-1.81118,50.7202],[-1.81064,50.72023],[-1.81056,50.72017],[-1.81032,50.7202],[-1.80995,50.72021],[-1.80929,50.72017],[-1.80824,50.72006],[-1.80801,50.72003],[-1.80751,50.72001],[-1.80672,50.72002],[-1.80628,50.72005],[-1.80526,50.72005],[-1.80403,50.72],[-1.8036,50.71995],[-1.80258,50.71988],[-1.80216,50.7198],[-1.80083,50.71962],[-1.80068,50.71959],[-1.79936,50.71949],[-1.79925,50.71944],[-1.79876,50.71942],[-1.79805,50.71935],[-1.79797,50.71929],[-1.79781,50.7193],[-1.79752,50.71925],[-1.79638,50.71913],[-1.79633,50.71907],[-1.79581,50.71905],[-1.79483,50.71891],[-1.79477,50.71885],[-1.7945,50.71883],[-1.79382,50.71875],[-1.79374,50.71871],[-1.7935,50.71872],[-1.79313,50.7187],[-1.7921,50.71857],[-1.79182,50.7186],[-1.79142,50.71856],[-1.79062,50.71846],[-1.79048,50.71841],[-1.79017,50.71843],[-1.78969,50.7184],[-1.78922,50.71836],[-1.78898,50.71829],[-1.78847,50.7183],[-1.78772,50.71821],[-1.78759,50.71814],[-1.78728,50.71814],[-1.78636,50.71804],[-1.78624,50.718],[-1.7857,50.71798],[-1.78497,50.71788],[-1.78485,50.71792],[-1.78452,50.71792],[-1.78386,50.71787],[-1.78363,50.71782],[-1.78359,50.71767],[-1.78349,50.71764],[-1.78337,50.71784],[-1.7831,50.71787],[-1.78293,50.71786],[-1.7823,50.71776],[-1.78175,50.71766],[-1.78112,50.71759],[-1.781,50.71757],[-1.78081,50.7174],[-1.78075,50.71754],[-1.78066,50.71758],[-1.78038,50.71761],[-1.77999,50.71758],[-1.77894,50.71742],[-1.7784,50.71736],[-1.77829,50.71728],[-1.77734,50.71724],[-1.77632,50.71708],[-1.77581,50.71704],[-1.77564,50.71705],[-1.77561,50.71713],[-1.77476,50.7171],[-1.77429,50.71704],[-1.77376,50.71694],[-1.77315,50.71692],[-1.77307,50.71686],[-1.77285,50.71689],[-1.77266,50.71689],[-1.77215,50.71682],[-1.77037,50.71652],[-1.77012,50.71653],[-1.76983,50.71649],[-1.76877,50.7163],[-1.76829,50.71624],[-1.76798,50.71621],[-1.76778,50.71616],[-1.76768,50.71619],[-1.76737,50.71619],[-1.76683,50.71611],[-1.766,50.71595],[-1.76488,50.71572],[-1.76387,50.71549],[-1.76296,50.71527],[-1.76272,50.7152],[-1.76184,50.715],[-1.76084,50.71476],[-1.76059,50.71472],[-1.75963,50.71452],[-1.75849,50.71427],[-1.75722,50.71396],[-1.75633,50.7138],[-1.75579,50.71367],[-1.75472,50.71342],[-1.75429,50.71331],[-1.75388,50.71318],[-1.75327,50.71294],[-1.75246,50.7127],[-1.75194,50.71258],[-1.75146,50.71243],[-1.75092,50.71228],[-1.75045,50.71214],[-1.74953,50.71176],[-1.74912,50.71165],[-1.74892,50.71154],[-1.74889,50.71111],[-1.7487,50.71113],[-1.74874,50.7113],[-1.74881,50.71213],[-1.74871,50.71222],[-1.74865,50.71236],[-1.74847,50.71245],[-1.74813,50.71255],[-1.74813,50.71271],[-1.74778,50.71285],[-1.74742,50.71294],[-1.74727,50.71295],[-1.74727,50.71309],[-1.74693,50.71322],[-1.74675,50.71325],[-1.74656,50.71342],[-1.74641,50.71348],[-1.74593,50.71361],[-1.74598,50.71375],[-1.74586,50.71383],[-1.74557,50.71393],[-1.74504,50.71406],[-1.74497,50.71419],[-1.74507,50.71426],[-1.74508,50.71445],[-1.74497,50.71464],[-1.74479,50.71476],[-1.74496,50.71488],[-1.74497,50.71505],[-1.74471,50.71528],[-1.74451,50.7154],[-1.74448,50.71549],[-1.74455,50.71559],[-1.74453,50.71568],[-1.74424,50.71591],[-1.74396,50.71606],[-1.74406,50.71619],[-1.74401,50.71633],[-1.74356,50.71662],[-1.74353,50.71669],[-1.74359,50.71686],[-1.74345,50.717],[-1.74306,50.71722],[-1.74307,50.71751],[-1.74294,50.71766],[-1.74237,50.71798],[-1.74251,50.7181],[-1.74245,50.71827],[-1.74229,50.71842],[-1.74211,50.71853],[-1.74177,50.71869],[-1.74199,50.71888],[-1.74194,50.71905],[-1.74178,50.71921],[-1.74132,50.71944],[-1.74136,50.71956],[-1.74147,50.7197],[-1.74144,50.71984],[-1.74112,50.72015],[-1.7411,50.72026],[-1.7412,50.72035],[-1.7412,50.72055],[-1.74105,50.72076],[-1.74085,50.72092],[-1.74062,50.72099],[-1.74083,50.72106],[-1.74086,50.72124],[-1.74073,50.7214],[-1.7404,50.72162],[-1.74054,50.72196],[-1.74052,50.72205],[-1.74038,50.72222],[-1.74008,50.72249],[-1.74019,50.72257],[-1.74022,50.72271],[-1.74019,50.72286],[-1.74005,50.72329],[-1.73989,50.72369],[-1.73952,50.72399],[-1.7393,50.72423],[-1.73928,50.72439],[-1.73941,50.72452],[-1.73962,50.72449],[-1.73978,50.72434],[-1.74004,50.72418],[-1.74037,50.72392],[-1.74075,50.72426],[-1.74076,50.72437],[-1.73928,50.72548],[-1.73892,50.72555],[-1.73894,50.72565],[-1.73821,50.72603],[-1.738,50.726],[-1.7379,50.72606],[-1.73757,50.72611],[-1.73758,50.72619],[-1.73737,50.72631],[-1.73685,50.72646],[-1.73584,50.72688],[-1.73571,50.72695],[-1.73544,50.72719],[-1.73548,50.72727],[-1.73537,50.72742],[-1.73489,50.72777],[-1.73481,50.72797],[-1.73465,50.72814],[-1.73425,50.72842],[-1.73386,50.72862],[-1.73404,50.72869],[-1.73403,50.72884],[-1.7339,50.72897],[-1.73345,50.72927],[-1.73326,50.72937],[-1.73309,50.72953],[-1.73278,50.7297],[-1.73265,50.72985],[-1.73235,50.73003],[-1.73227,50.73021],[-1.73213,50.73034],[-1.73176,50.7306],[-1.73153,50.73073],[-1.73133,50.73083],[-1.73109,50.731],[-1.73063,50.73121],[-1.73036,50.7314],[-1.72998,50.73164],[-1.72967,50.73179],[-1.72934,50.73202],[-1.72899,50.73221],[-1.72878,50.73227],[-1.72832,50.73251],[-1.72746,50.73284],[-1.72684,50.73306],[-1.72648,50.73317],[-1.72593,50.73337],[-1.7258,50.73345],[-1.72549,50.73354],[-1.7246,50.73387],[-1.72369,50.73412],[-1.72306,50.73427],[-1.72251,50.73438],[-1.72154,50.73458],[-1.72096,50.73469],[-1.71957,50.73493],[-1.71897,50.73502],[-1.71806,50.73517],[-1.71768,50.7352],[-1.71734,50.73526],[-1.71494,50.73557],[-1.71402,50.73568],[-1.71308,50.73576],[-1.71222,50.73585],[-1.71158,50.7359],[-1.71118,50.73597],[-1.7105,50.73611],[-1.71017,50.73614],[-1.70908,50.7362],[-1.70791,50.73631],[-1.70721,50.73636],[-1.70568,50.73636],[-1.70373,50.73637],[-1.70279,50.73634],[-1.70237,50.73631],[-1.70183,50.73631],[-1.70136,50.73633],[-1.70094,50.73639],[-1.70041,50.7364],[-1.69928,50.7364],[-1.69812,50.7364],[-1.69793,50.73633],[-1.69774,50.73638],[-1.69775,50.73659],[-1.69745,50.73668],[-1.69725,50.7367],[-1.69691,50.7367],[-1.69654,50.73667],[-1.69528,50.73659],[-1.69461,50.73653],[-1.69435,50.73647],[-1.69434,50.73627],[-1.69416,50.73622],[-1.69403,50.73634],[-1.69409,50.73665],[-1.69389,50.73677],[-1.69346,50.73686],[-1.69275,50.73694],[-1.69264,50.73694],[-1.69239,50.73678],[-1.69228,50.73687],[-1.69213,50.73693],[-1.69249,50.73724],[-1.69255,50.73735],[-1.69198,50.73941],[-1.69176,50.73961],[-1.69177,50.73968],[-1.69151,50.73978],[-1.69139,50.7399],[-1.69128,50.73992],[-1.69109,50.74027],[-1.69076,50.74051],[-1.69082,50.7406],[-1.69033,50.74089],[-1.69032,50.74097],[-1.68998,50.74101],[-1.68972,50.74112],[-1.68956,50.74128],[-1.68928,50.74131],[-1.68908,50.74155],[-1.68897,50.74157],[-1.68858,50.74141],[-1.68839,50.74172],[-1.68815,50.74186],[-1.68813,50.74194],[-1.68797,50.74195],[-1.68792,50.74212],[-1.6877,50.74219],[-1.68722,50.74244],[-1.68696,50.74259],[-1.68679,50.74266],[-1.68645,50.74285],[-1.68604,50.74301],[-1.68584,50.74314],[-1.68562,50.74345],[-1.68548,50.74334],[-1.68518,50.7437],[-1.68509,50.74374],[-1.68459,50.74384],[-1.68437,50.74404],[-1.68423,50.74431],[-1.68397,50.74451],[-1.68388,50.74468],[-1.68396,50.74483],[-1.68378,50.74498],[-1.68371,50.74523],[-1.68336,50.74549],[-1.6832,50.74576],[-1.68301,50.74626],[-1.6828,50.74661],[-1.68275,50.74694],[-1.6826,50.74731],[-1.68253,50.74754],[-1.68248,50.74784],[-1.68234,50.74797],[-1.68239,50.74816],[-1.6823,50.74835],[-1.68213,50.74906],[-1.68211,50.74921],[-1.68188,50.74978],[-1.68168,50.75012],[-1.68176,50.75033],[-1.68191,50.75079],[-1.68189,50.75089],[-1.68166,50.75153],[-1.68182,50.75185],[-1.68228,50.75188],[-1.68253,50.75188],[-1.6833,50.75182],[-1.68404,50.75179],[-1.68554,50.75168],[-1.68668,50.75162],[-1.68799,50.75159],[-1.68971,50.75159],[-1.69061,50.75161],[-1.69172,50.75165],[-1.69218,50.75168],[-1.69333,50.7518],[-1.69476,50.75186],[-1.69557,50.75189],[-1.69598,50.75192],[-1.69764,50.75206],[-1.69983,50.75223],[-1.69996,50.75227],[-1.70059,50.75228],[-1.7018,50.75236],[-1.70188,50.75241],[-1.7031,50.75252],[-1.70392,50.75256],[-1.70465,50.75256],[-1.70524,50.75253],[-1.70716,50.75249],[-1.70863,50.75247],[-1.70918,50.75244],[-1.70946,50.75245],[-1.70992,50.7525],[-1.7108,50.7525],[-1.7127,50.7525],[-1.7127,50.75225],[-1.71332,50.75225],[-1.71465,50.75223],[-1.71498,50.75203],[-1.71531,50.75205],[-1.71756,50.75216],[-1.71797,50.75217],[-1.71912,50.75204],[-1.72065,50.75183],[-1.72148,50.75173],[-1.72322,50.7515],[-1.72479,50.75132],[-1.72588,50.75116],[-1.72763,50.75094],[-1.72813,50.75091],[-1.72887,50.7507],[-1.72964,50.75051],[-1.73086,50.75024],[-1.73166,50.75005],[-1.73227,50.74992],[-1.73338,50.7497],[-1.73349,50.74962],[-1.73372,50.74957],[-1.73397,50.74955],[-1.73411,50.74948],[-1.73447,50.74945],[-1.73546,50.74924],[-1.73691,50.74896],[-1.73704,50.74893],[-1.73699,50.74885],[-1.73739,50.74878],[-1.73747,50.74886],[-1.74071,50.74816],[-1.74417,50.74746],[-1.74326,50.74829],[-1.74313,50.7485],[-1.74289,50.74873],[-1.74272,50.74882],[-1.74258,50.74904],[-1.74233,50.74925],[-1.74262,50.74963],[-1.74285,50.74973],[-1.74314,50.74977],[-1.74347,50.74993],[-1.74357,50.75001],[-1.74362,50.75027],[-1.74369,50.75075],[-1.74357,50.75132],[-1.74364,50.75163],[-1.74351,50.75182],[-1.74369,50.7523],[-1.74368,50.75254],[-1.7436,50.75272],[-1.74365,50.75295],[-1.74402,50.75322],[-1.74435,50.75361],[-1.74447,50.75412],[-1.7445,50.75522],[-1.74461,50.75561],[-1.74461,50.75577],[-1.74466,50.756],[-1.74463,50.75613],[-1.74449,50.75617],[-1.74374,50.75631],[-1.7434,50.75634],[-1.74317,50.75641],[-1.74261,50.75652],[-1.74235,50.75655],[-1.74202,50.75667],[-1.74195,50.75679],[-1.74191,50.75706],[-1.74178,50.75737],[-1.74187,50.75793],[-1.74185,50.75816],[-1.7418,50.75832],[-1.74147,50.75851],[-1.74141,50.75869],[-1.74152,50.75903],[-1.74156,50.75932],[-1.74158,50.75995],[-1.74169,50.76021],[-1.74168,50.76034],[-1.7415,50.76048],[-1.74082,50.76079],[-1.74047,50.76088],[-1.74018,50.76092],[-1.7401,50.76103],[-1.74015,50.76123],[-1.74002,50.76169],[-1.73988,50.76277],[-1.7395,50.76288],[-1.73895,50.76315],[-1.73903,50.76352],[-1.73909,50.76367],[-1.73922,50.76381],[-1.73945,50.76428],[-1.73964,50.76459],[-1.73967,50.76469],[-1.73962,50.76518],[-1.73968,50.76535],[-1.74006,50.76573],[-1.74027,50.76601],[-1.74039,50.76624],[-1.74052,50.76642],[-1.74116,50.7671],[-1.74124,50.76721],[-1.7413,50.76741],[-1.74149,50.76773],[-1.74159,50.76786],[-1.74176,50.76814],[-1.74207,50.76874],[-1.74233,50.76906],[-1.74244,50.76926],[-1.74261,50.76951],[-1.74278,50.76968],[-1.74281,50.76986],[-1.74294,50.77009],[-1.74298,50.77022],[-1.74313,50.7705],[-1.74324,50.77062],[-1.74336,50.77084],[-1.74352,50.77101],[-1.74353,50.77118],[-1.74364,50.77122],[-1.74375,50.77134],[-1.74393,50.77183],[-1.74407,50.77195],[-1.74408,50.77205],[-1.74448,50.77254],[-1.7447,50.77287],[-1.74479,50.77312],[-1.74542,50.77314],[-1.74579,50.77312],[-1.74605,50.77323],[-1.74639,50.7734],[-1.74652,50.77355],[-1.74696,50.77412],[-1.74732,50.77446],[-1.74763,50.7747],[-1.74829,50.77514],[-1.74827,50.77526],[-1.74785,50.77525],[-1.74727,50.77542],[-1.74643,50.77578],[-1.74603,50.77603],[-1.74569,50.77626],[-1.746,50.77644],[-1.74631,50.77687],[-1.74728,50.77801],[-1.74757,50.77829],[-1.74828,50.77902],[-1.74865,50.77938],[-1.74885,50.77949],[-1.74897,50.77952],[-1.74921,50.77952],[-1.74957,50.77944],[-1.7506,50.77917],[-1.75145,50.77896],[-1.75186,50.77888],[-1.75258,50.77879],[-1.75303,50.77878],[-1.75394,50.77871],[-1.75455,50.77862],[-1.75532,50.77855],[-1.756,50.77851],[-1.75634,50.77848],[-1.75675,50.77836],[-1.75709,50.77822],[-1.75779,50.77799],[-1.75777,50.77784],[-1.75815,50.77771],[-1.75869,50.77738],[-1.75996,50.77671],[-1.76026,50.77651],[-1.76148,50.7759],[-1.76268,50.77524],[-1.76345,50.77485],[-1.76424,50.77452],[-1.76483,50.77424],[-1.7656,50.77388],[-1.76725,50.7731],[-1.76758,50.77291],[-1.76799,50.7733],[-1.76802,50.77331],[-1.77014,50.77253],[-1.76995,50.77189],[-1.76994,50.77132],[-1.76961,50.77077],[-1.76888,50.76978],[-1.77022,50.76928],[-1.77207,50.76857],[-1.77316,50.76819],[-1.77442,50.76743],[-1.77456,50.76752],[-1.77547,50.76692],[-1.7756,50.76699],[-1.77586,50.76679],[-1.77595,50.76668],[-1.77606,50.76635],[-1.77642,50.76641],[-1.77696,50.76652],[-1.77749,50.76666],[-1.77794,50.76685],[-1.77905,50.76737],[-1.77938,50.76742],[-1.77984,50.76737],[-1.78013,50.7673],[-1.78042,50.76721],[-1.78077,50.76705],[-1.78099,50.76691],[-1.78128,50.76667],[-1.78165,50.76624],[-1.78177,50.76607],[-1.78182,50.76571],[-1.78187,50.76545],[-1.782,50.76525],[-1.78225,50.76502],[-1.78241,50.76492],[-1.78284,50.76472],[-1.78322,50.76465],[-1.78342,50.76465],[-1.78369,50.7647],[-1.78388,50.76485],[-1.78389,50.76494],[-1.78381,50.76527],[-1.78377,50.76563],[-1.7838,50.76573],[-1.78391,50.76581],[-1.78424,50.76596],[-1.78451,50.76598],[-1.78488,50.76595],[-1.78519,50.76584],[-1.78525,50.76575],[-1.78525,50.76562],[-1.78518,50.76546],[-1.78501,50.76519],[-1.78501,50.76495],[-1.78506,50.76485],[-1.78523,50.76477],[-1.7855,50.76475],[-1.78557,50.76487],[-1.78563,50.76507],[-1.78573,50.76527],[-1.78599,50.76549],[-1.7862,50.76561],[-1.78697,50.76596],[-1.78795,50.76657],[-1.78828,50.76687],[-1.78869,50.76733],[-1.78876,50.76753],[-1.78883,50.76783],[-1.78879,50.76797],[-1.78863,50.76826],[-1.7881,50.76881],[-1.78773,50.76929],[-1.78752,50.76977],[-1.78722,50.7704],[-1.78733,50.77058],[-1.78747,50.77062],[-1.78778,50.77057],[-1.78812,50.77033],[-1.78851,50.77014],[-1.78865,50.77011],[-1.78892,50.76999],[-1.78917,50.76992],[-1.78949,50.76993],[-1.78971,50.77004],[-1.78974,50.77017],[-1.78969,50.77029],[-1.78956,50.77041],[-1.78903,50.77068],[-1.78873,50.77077],[-1.78851,50.771],[-1.7885,50.77115],[-1.7886,50.7712],[-1.78901,50.77118],[-1.78972,50.77097],[-1.78988,50.77094],[-1.79017,50.77097],[-1.79045,50.77124],[-1.79049,50.77134],[-1.7905,50.77166],[-1.7903,50.77183],[-1.78992,50.77197],[-1.78971,50.77209],[-1.78949,50.77228],[-1.78939,50.77244],[-1.78929,50.77266],[-1.78921,50.77296],[-1.78904,50.77325],[-1.78888,50.77348],[-1.7888,50.77353],[-1.7884,50.77362],[-1.78812,50.77376],[-1.78787,50.77415],[-1.78791,50.77436],[-1.78817,50.77449],[-1.78832,50.77449],[-1.78885,50.77441],[-1.78939,50.77437],[-1.78981,50.77449],[-1.78996,50.77456],[-1.79021,50.7748],[-1.7903,50.77498],[-1.79074,50.77604],[-1.79075,50.77621],[-1.79068,50.77637],[-1.7905,50.77653],[-1.79007,50.77662],[-1.7896,50.77665],[-1.78906,50.77675],[-1.78877,50.77691],[-1.78867,50.77705],[-1.78865,50.77725],[-1.78866,50.77769],[-1.78857,50.77799],[-1.78848,50.77815],[-1.78834,50.77829],[-1.78786,50.77863],[-1.78783,50.77872],[-1.78791,50.77892],[-1.78818,50.77907],[-1.78833,50.77911],[-1.78874,50.77918],[-1.78901,50.77927],[-1.78985,50.77959],[-1.79027,50.77981],[-1.79073,50.78012],[-1.79098,50.78033],[-1.79124,50.78067],[-1.79147,50.78111],[-1.79155,50.78142],[-1.79174,50.78201],[-1.79179,50.78225],[-1.79188,50.78244],[-1.79212,50.78267],[-1.79248,50.78273],[-1.79269,50.7827],[-1.79346,50.78225],[-1.79389,50.78216],[-1.79434,50.78221],[-1.79457,50.7823],[-1.79479,50.78241],[-1.79547,50.78318],[-1.79572,50.78336],[-1.796,50.78346],[-1.79713,50.78367],[-1.79743,50.78376],[-1.79752,50.78384],[-1.79757,50.78408],[-1.79745,50.78435],[-1.79732,50.78452],[-1.79719,50.78463],[-1.79595,50.78538],[-1.79574,50.78555],[-1.79567,50.78568],[-1.79568,50.7859],[-1.79586,50.78615],[-1.79602,50.78627],[-1.79633,50.78626],[-1.79659,50.78617],[-1.79687,50.78599],[-1.79734,50.78583],[-1.79767,50.78575],[-1.79801,50.7857],[-1.79848,50.78575],[-1.79874,50.78584],[-1.7991,50.78606],[-1.79939,50.78631],[-1.79978,50.78659],[-1.80018,50.78686],[-1.80047,50.7871],[-1.8008,50.78742],[-1.80106,50.78776],[-1.80119,50.78809],[-1.80134,50.78868],[-1.80145,50.78899],[-1.80189,50.78975],[-1.80233,50.79043],[-1.80249,50.79061],[-1.80261,50.7907],[-1.80262,50.79081],[-1.80242,50.79095],[-1.80192,50.7909],[-1.8017,50.79093],[-1.80147,50.791],[-1.80117,50.79118],[-1.80093,50.79155],[-1.8009,50.79175],[-1.80094,50.79186],[-1.80109,50.79194],[-1.80136,50.79193],[-1.80159,50.79189],[-1.80205,50.79177],[-1.80281,50.79153],[-1.80342,50.79138],[-1.80427,50.79137],[-1.80456,50.79144],[-1.80478,50.79154],[-1.80542,50.7917],[-1.80575,50.79184],[-1.80597,50.79202],[-1.80606,50.79217],[-1.80607,50.79228],[-1.80592,50.79244],[-1.80573,50.79251],[-1.80543,50.7925],[-1.80386,50.79196],[-1.80351,50.79195],[-1.80342,50.79199],[-1.80334,50.79216],[-1.80342,50.7923],[-1.8037,50.79262],[-1.80373,50.79274],[-1.80368,50.79287],[-1.80356,50.79296],[-1.80301,50.79317],[-1.80262,50.79329],[-1.80238,50.79341],[-1.80192,50.79375],[-1.80137,50.79384],[-1.80105,50.79397],[-1.80087,50.79412],[-1.80084,50.79422],[-1.80098,50.79441],[-1.80117,50.79452],[-1.8015,50.79463],[-1.80202,50.79468],[-1.80241,50.79469],[-1.80297,50.79463],[-1.80338,50.79464],[-1.80367,50.7947],[-1.80396,50.79482],[-1.80415,50.79497],[-1.80458,50.79537],[-1.8048,50.79568],[-1.80478,50.79577],[-1.80458,50.79591],[-1.80424,50.79598],[-1.80355,50.79596],[-1.80325,50.79601],[-1.80302,50.79608],[-1.80273,50.79627],[-1.80233,50.79657],[-1.80219,50.79674],[-1.80216,50.7969],[-1.80223,50.79706],[-1.80236,50.79717],[-1.80266,50.79726],[-1.8031,50.79735],[-1.8033,50.79743],[-1.80344,50.79756],[-1.80358,50.79788],[-1.80362,50.79808],[-1.80361,50.79827],[-1.80349,50.79853],[-1.80318,50.79874],[-1.80289,50.7988],[-1.80257,50.79883],[-1.80224,50.79885],[-1.80193,50.79895],[-1.80165,50.79913],[-1.80143,50.79933],[-1.80133,50.79951],[-1.80137,50.79972],[-1.80164,50.80004],[-1.80197,50.80023],[-1.80235,50.80032],[-1.80265,50.80033],[-1.80303,50.80026],[-1.80331,50.80016],[-1.80381,50.8],[-1.80396,50.79999],[-1.80421,50.80002],[-1.80438,50.80014],[-1.80471,50.80054],[-1.80479,50.80074],[-1.80479,50.80099],[-1.80464,50.80136],[-1.80444,50.80178],[-1.80412,50.80231],[-1.80401,50.80259],[-1.80398,50.80292],[-1.80403,50.80318],[-1.80411,50.8034],[-1.80428,50.80358],[-1.80446,50.80364],[-1.80469,50.80368],[-1.80493,50.80363],[-1.80519,50.80355],[-1.80541,50.80344],[-1.80577,50.80337],[-1.80606,50.80336],[-1.80656,50.80343],[-1.80696,50.80351],[-1.80765,50.80369],[-1.80793,50.80382],[-1.80871,50.80436],[-1.80959,50.80486],[-1.80979,50.805],[-1.80993,50.80493],[-1.81032,50.80532],[-1.81043,50.80561],[-1.81045,50.80581],[-1.81058,50.8059],[-1.81102,50.80603],[-1.81116,50.80605],[-1.81166,50.80608],[-1.81175,50.80613],[-1.81185,50.80631],[-1.81207,50.80655],[-1.81206,50.80668],[-1.81214,50.80676],[-1.81211,50.80694],[-1.81201,50.80705],[-1.8119,50.80709],[-1.81165,50.80712],[-1.81138,50.80707],[-1.81112,50.80698],[-1.8107,50.80703],[-1.81059,50.80718],[-1.8107,50.80728],[-1.8112,50.80756],[-1.81144,50.80779],[-1.81181,50.80802],[-1.8119,50.80829],[-1.81187,50.80842],[-1.81189,50.80864],[-1.81183,50.80873],[-1.811,50.80876],[-1.81061,50.80885],[-1.8105,50.80893],[-1.81038,50.80909],[-1.81036,50.80921],[-1.81026,50.8094],[-1.81002,50.80972],[-1.80994,50.80977],[-1.80969,50.80984],[-1.80925,50.8099],[-1.80863,50.80995],[-1.80828,50.81004],[-1.80774,50.81013],[-1.80747,50.81019],[-1.80681,50.81044],[-1.8067,50.81051],[-1.8064,50.81077],[-1.806,50.81139],[-1.80573,50.81163],[-1.8051,50.81205],[-1.80493,50.81222],[-1.80478,50.81234],[-1.80449,50.81246],[-1.80397,50.81262],[-1.80372,50.81273],[-1.80327,50.81304],[-1.80293,50.81335],[-1.80286,50.8136],[-1.80293,50.81369],[-1.8031,50.81375],[-1.80336,50.81398],[-1.80413,50.81431],[-1.80581,50.81471],[-1.80613,50.81483],[-1.80642,50.81501],[-1.80659,50.81517],[-1.80686,50.81564],[-1.80723,50.81615],[-1.80727,50.8163],[-1.80714,50.81682],[-1.80698,50.81712],[-1.80676,50.81761],[-1.80659,50.81783],[-1.80619,50.81812],[-1.80578,50.81824],[-1.80564,50.81826],[-1.80533,50.81821],[-1.80519,50.81827],[-1.80497,50.81848],[-1.80475,50.81894],[-1.80468,50.81915],[-1.80459,50.81933],[-1.80438,50.8196],[-1.80403,50.81998],[-1.80372,50.82014],[-1.80349,50.8202],[-1.80317,50.82024],[-1.80289,50.8202],[-1.8025,50.82031],[-1.80225,50.82043],[-1.80183,50.82077],[-1.80176,50.82098],[-1.80171,50.82126],[-1.80172,50.82166],[-1.80166,50.82168],[-1.80159,50.82209],[-1.80167,50.82224],[-1.80192,50.8224],[-1.80214,50.82244],[-1.80284,50.82207],[-1.80322,50.82193],[-1.80375,50.82186],[-1.80404,50.82196],[-1.80432,50.82215],[-1.80453,50.82236],[-1.80427,50.82248],[-1.80432,50.82284],[-1.80444,50.82312],[-1.80471,50.82358],[-1.80484,50.82371],[-1.80488,50.8241],[-1.80484,50.82425],[-1.80474,50.82436],[-1.80465,50.82463],[-1.80458,50.82471],[-1.8043,50.82481],[-1.80425,50.82489],[-1.80383,50.82502],[-1.80336,50.82508],[-1.80324,50.82525],[-1.80328,50.82551],[-1.80373,50.82583],[-1.80437,50.82638],[-1.80451,50.82662],[-1.80462,50.82703],[-1.8046,50.82727],[-1.80452,50.82743],[-1.80439,50.82757],[-1.8043,50.82775],[-1.80408,50.82897],[-1.80383,50.82962],[-1.80363,50.83002],[-1.8034,50.83034],[-1.80324,50.83051],[-1.80305,50.83067],[-1.80268,50.83085],[-1.80215,50.83098],[-1.80186,50.83102],[-1.80174,50.83091],[-1.80153,50.83091],[-1.80137,50.83095],[-1.80114,50.83116],[-1.80101,50.83132],[-1.8009,50.83133],[-1.80073,50.83143],[-1.80056,50.8315],[-1.80015,50.83154],[-1.7997,50.83155],[-1.79952,50.83153],[-1.79927,50.83146],[-1.79895,50.83139],[-1.79879,50.83119],[-1.79864,50.83107],[-1.79833,50.83094],[-1.79802,50.83071],[-1.79816,50.83063],[-1.79815,50.83057],[-1.79798,50.83036],[-1.79778,50.83022],[-1.79743,50.83009],[-1.79714,50.83002],[-1.79663,50.83012],[-1.79644,50.83019],[-1.79566,50.83079],[-1.79526,50.83086],[-1.79498,50.83095],[-1.79475,50.83097],[-1.79444,50.83103],[-1.79433,50.83113],[-1.79411,50.83143],[-1.79412,50.83152],[-1.79435,50.83158],[-1.79478,50.83161],[-1.79505,50.83158],[-1.79543,50.83165],[-1.79577,50.83182],[-1.796,50.83205],[-1.79636,50.83266],[-1.79647,50.83266],[-1.79655,50.83278],[-1.79665,50.83306],[-1.79665,50.83322],[-1.79644,50.8335],[-1.79612,50.83373],[-1.79582,50.83383],[-1.7955,50.83388],[-1.79494,50.83387],[-1.79428,50.83374],[-1.79355,50.83366],[-1.793,50.83363],[-1.79256,50.83353],[-1.7923,50.83352],[-1.79207,50.83359],[-1.79182,50.83372],[-1.79164,50.83389],[-1.79153,50.8341],[-1.79151,50.8343],[-1.7916,50.83479],[-1.79163,50.83534],[-1.79133,50.83564],[-1.79094,50.83595],[-1.79069,50.83616],[-1.79061,50.83631],[-1.79067,50.83654],[-1.79089,50.83675],[-1.79118,50.83689],[-1.79139,50.83696],[-1.79176,50.83691],[-1.79244,50.83668],[-1.79294,50.83659],[-1.79336,50.83658],[-1.79417,50.83678],[-1.79441,50.8368],[-1.79452,50.83688],[-1.79454,50.83698],[-1.79446,50.83707],[-1.79433,50.8371],[-1.79427,50.83722],[-1.79431,50.83745],[-1.79437,50.8376],[-1.79454,50.83772],[-1.7949,50.83785],[-1.79579,50.83797],[-1.79623,50.83804],[-1.79679,50.83816],[-1.7971,50.83825],[-1.79744,50.83839],[-1.79777,50.83856],[-1.79807,50.83868],[-1.79856,50.83885],[-1.79895,50.83918],[-1.79922,50.83939],[-1.79956,50.83963],[-1.79981,50.83976],[-1.80001,50.83999],[-1.80015,50.84021],[-1.80018,50.84047],[-1.80048,50.84071],[-1.80032,50.84104],[-1.80002,50.84124],[-1.79964,50.84131],[-1.79943,50.84131],[-1.79895,50.84127],[-1.79884,50.84102],[-1.79867,50.84082],[-1.79832,50.8408],[-1.79796,50.84086],[-1.79774,50.8408],[-1.79735,50.84079],[-1.79698,50.84085],[-1.79691,50.84096],[-1.797,50.84109],[-1.79788,50.84187],[-1.79808,50.84199],[-1.79821,50.84202],[-1.79841,50.84196],[-1.79866,50.84175],[-1.7989,50.84163],[-1.7991,50.84157],[-1.79934,50.84153],[-1.79962,50.84154],[-1.79984,50.84166],[-1.79984,50.84177],[-1.79973,50.84198],[-1.79978,50.84214],[-1.79985,50.8422],[-1.80059,50.84237],[-1.80092,50.8424],[-1.80187,50.84242],[-1.80216,50.84261],[-1.80232,50.84275],[-1.80247,50.84296],[-1.80259,50.84345],[-1.80271,50.84366],[-1.80303,50.84403],[-1.80324,50.84434],[-1.8033,50.84437],[-1.80339,50.84459],[-1.80355,50.84479],[-1.80364,50.84495],[-1.80364,50.84521],[-1.80361,50.84528],[-1.80339,50.8455],[-1.80274,50.84542],[-1.80245,50.84583],[-1.80202,50.84603],[-1.80125,50.84651],[-1.80049,50.84704],[-1.80022,50.84724],[-1.80012,50.8474],[-1.80013,50.84757],[-1.80041,50.84786],[-1.80035,50.84801],[-1.79995,50.84822],[-1.79994,50.84845],[-1.80008,50.84854],[-1.80033,50.84859],[-1.80072,50.84873],[-1.80099,50.84896],[-1.80109,50.84918],[-1.80127,50.84928],[-1.80146,50.84932],[-1.80199,50.84937],[-1.80218,50.84943],[-1.80237,50.84954],[-1.80253,50.84974],[-1.80258,50.84988],[-1.80259,50.85033],[-1.80268,50.85049],[-1.80288,50.85066],[-1.80315,50.8508],[-1.80352,50.85089],[-1.80451,50.85107],[-1.8048,50.85115],[-1.80505,50.85134],[-1.80527,50.85165],[-1.8055,50.85199],[-1.80551,50.85218],[-1.80576,50.85258],[-1.80587,50.85293],[-1.80586,50.85305],[-1.80571,50.85314],[-1.80484,50.85332],[-1.80468,50.85334],[-1.8041,50.85324],[-1.80391,50.85325],[-1.80362,50.85334],[-1.80342,50.8535],[-1.80325,50.85376],[-1.8033,50.85402],[-1.80354,50.85411],[-1.80384,50.85412],[-1.80417,50.85416],[-1.80448,50.85435],[-1.80461,50.85461],[-1.80476,50.85478],[-1.80477,50.85498],[-1.80434,50.85527],[-1.80417,50.85542],[-1.80409,50.85554],[-1.804,50.85628],[-1.804,50.85648],[-1.80409,50.85656],[-1.80428,50.85662],[-1.80468,50.8567],[-1.80484,50.85679],[-1.80506,50.857],[-1.80518,50.85724],[-1.80543,50.85764],[-1.80547,50.8582],[-1.80519,50.85865],[-1.80509,50.85901],[-1.80533,50.85904],[-1.80557,50.85922],[-1.80608,50.85972],[-1.80645,50.85995],[-1.80679,50.86006],[-1.80717,50.86014],[-1.80696,50.8605],[-1.80713,50.86058],[-1.80662,50.86104],[-1.80643,50.8613],[-1.80641,50.8615],[-1.8068,50.8623],[-1.8071,50.86302],[-1.80715,50.86322],[-1.80711,50.86332],[-1.80729,50.86355],[-1.80792,50.86411],[-1.80803,50.86446],[-1.80853,50.86452],[-1.80889,50.86452],[-1.8094,50.86449],[-1.80996,50.86442],[-1.81096,50.86434],[-1.81104,50.8646],[-1.81279,50.86457],[-1.81321,50.86403],[-1.81375,50.86338],[-1.81292,50.86233],[-1.81328,50.86225],[-1.8139,50.86215],[-1.81453,50.86202],[-1.81474,50.86205],[-1.81477,50.86148],[-1.81475,50.86109],[-1.81475,50.86024],[-1.81478,50.85908],[-1.81483,50.8587],[-1.81522,50.85858],[-1.81619,50.85832],[-1.81717,50.85809],[-1.81853,50.85774],[-1.81908,50.85762],[-1.82124,50.85677],[-1.82565,50.85602],[-1.82757,50.85566],[-1.82805,50.85557],[-1.82862,50.85548],[-1.82952,50.85532],[-1.83001,50.85527],[-1.83123,50.85556],[-1.83178,50.8557],[-1.83321,50.85604],[-1.83383,50.85617],[-1.83514,50.85647],[-1.83577,50.85663],[-1.83717,50.85697],[-1.83944,50.85751],[-1.8398,50.85758],[-1.84163,50.85804],[-1.84248,50.85805],[-1.84296,50.85808],[-1.84362,50.85808],[-1.84454,50.8581],[-1.84505,50.85809],[-1.84602,50.85814],[-1.84677,50.85822],[-1.85048,50.85869],[-1.85094,50.85873],[-1.85082,50.85896],[-1.85069,50.85915],[-1.85065,50.85933],[-1.85049,50.85981],[-1.85045,50.86005],[-1.85056,50.8603],[-1.85094,50.86084],[-1.85108,50.86101],[-1.85159,50.86145],[-1.85217,50.86188],[-1.85252,50.86212],[-1.85285,50.86242],[-1.85321,50.86267],[-1.85337,50.86309],[-1.85352,50.86338],[-1.85352,50.86351],[-1.8527,50.86383],[-1.85191,50.86409],[-1.85166,50.86419],[-1.8517,50.86429],[-1.85195,50.86458],[-1.85251,50.8651],[-1.85259,50.86525],[-1.85303,50.86584],[-1.85321,50.86611],[-1.85353,50.86645],[-1.85346,50.86658],[-1.85269,50.86697],[-1.85156,50.86747],[-1.8507,50.8679],[-1.85041,50.86808],[-1.84928,50.86881],[-1.84831,50.86942],[-1.848,50.86962],[-1.84783,50.86969],[-1.84802,50.87112],[-1.84818,50.87113],[-1.84847,50.87337],[-1.84848,50.87378],[-1.84669,50.87618],[-1.84593,50.87717],[-1.84527,50.878],[-1.84569,50.87876],[-1.84603,50.8793],[-1.84622,50.87954],[-1.84647,50.87977],[-1.84729,50.88044],[-1.84768,50.88084],[-1.84777,50.88098],[-1.84783,50.8812],[-1.84791,50.88171],[-1.84798,50.88234],[-1.8479,50.88259],[-1.84756,50.88331],[-1.84749,50.88341],[-1.84662,50.88404],[-1.84629,50.88424],[-1.84592,50.88444],[-1.84507,50.88484],[-1.84489,50.88494],[-1.84449,50.8853],[-1.84432,50.88555],[-1.84418,50.88612],[-1.84404,50.88683],[-1.84405,50.88691],[-1.84467,50.88778],[-1.84483,50.88798],[-1.8451,50.88825],[-1.84543,50.88843],[-1.8469,50.88914],[-1.84856,50.88989],[-1.84829,50.89017],[-1.84788,50.89053],[-1.84728,50.8911],[-1.84683,50.89147],[-1.84579,50.89243],[-1.84489,50.89317],[-1.84349,50.89489],[-1.84171,50.89702],[-1.84029,50.89769],[-1.83987,50.89789],[-1.83951,50.89776],[-1.83843,50.8974],[-1.83796,50.89728],[-1.83765,50.89723],[-1.83709,50.89719],[-1.83671,50.89725],[-1.83583,50.89727],[-1.8349,50.89729],[-1.8337,50.89735],[-1.8335,50.89733],[-1.83323,50.89737],[-1.83308,50.89736],[-1.83249,50.8974],[-1.83226,50.89736],[-1.8319,50.89735],[-1.83162,50.8974],[-1.83142,50.89738],[-1.83127,50.89733],[-1.83107,50.89731],[-1.83084,50.89726],[-1.83041,50.89711],[-1.83011,50.89706],[-1.82975,50.89693],[-1.82931,50.89682],[-1.82906,50.89673],[-1.8288,50.8967],[-1.82861,50.89662],[-1.82853,50.89666],[-1.82823,50.89659],[-1.82805,50.8966],[-1.82778,50.89657],[-1.82737,50.89647],[-1.82712,50.89643],[-1.8268,50.89645],[-1.82664,50.89636],[-1.8264,50.8963],[-1.82558,50.89617],[-1.82546,50.89606],[-1.82519,50.89594],[-1.82495,50.89577],[-1.82477,50.89601],[-1.82442,50.89673],[-1.82428,50.89698],[-1.82428,50.89717],[-1.82435,50.89734],[-1.82436,50.89749],[-1.8242,50.89786],[-1.8239,50.89823],[-1.82373,50.89837],[-1.82297,50.89891],[-1.82233,50.89935],[-1.82203,50.89954],[-1.82175,50.8998],[-1.82124,50.90024],[-1.82034,50.90089],[-1.81975,50.90131],[-1.81917,50.9018],[-1.81843,50.90247],[-1.81777,50.90303],[-1.81737,50.90339],[-1.8168,50.90388],[-1.81654,50.90395],[-1.81659,50.90404],[-1.81669,50.90445],[-1.81672,50.90471],[-1.81689,50.9047],[-1.81727,50.90543],[-1.81748,50.90709],[-1.81757,50.90747],[-1.81814,50.90844],[-1.81852,50.90912],[-1.81938,50.91013],[-1.81992,50.91085],[-1.82013,50.91127],[-1.82026,50.91184],[-1.82041,50.91211],[-1.81925,50.91246],[-1.81916,50.9127],[-1.81902,50.91319],[-1.8188,50.91378],[-1.81866,50.91429],[-1.81861,50.91455],[-1.81865,50.91486],[-1.81876,50.91542],[-1.81883,50.91576],[-1.81888,50.91613],[-1.81887,50.91645],[-1.81874,50.91667],[-1.81855,50.91687],[-1.81827,50.91707],[-1.81786,50.91728],[-1.81775,50.91741],[-1.81748,50.91761],[-1.81725,50.91792],[-1.81705,50.91814],[-1.81657,50.91858],[-1.81618,50.91908],[-1.81609,50.9193],[-1.81567,50.91986],[-1.81541,50.9201],[-1.81503,50.92058],[-1.81515,50.92069],[-1.81494,50.921],[-1.8148,50.92127],[-1.8149,50.9218],[-1.8149,50.92191],[-1.8148,50.92218],[-1.81475,50.92238],[-1.81447,50.92288],[-1.81473,50.9229],[-1.8148,50.92303],[-1.81477,50.92313],[-1.81456,50.92332],[-1.81434,50.92363],[-1.81401,50.92393],[-1.81354,50.92422],[-1.81322,50.9246],[-1.81297,50.92484],[-1.81284,50.92511],[-1.8126,50.92538],[-1.81237,50.92552],[-1.81201,50.92568],[-1.81144,50.92605],[-1.81129,50.92613],[-1.81079,50.92653],[-1.81055,50.92681],[-1.81055,50.92687],[-1.81106,50.92704],[-1.81066,50.9272],[-1.81131,50.92727],[-1.81159,50.92737],[-1.81158,50.92744],[-1.81131,50.92762],[-1.81131,50.92776],[-1.81144,50.9278],[-1.81171,50.92772],[-1.81197,50.92778],[-1.81248,50.92755],[-1.81278,50.92752],[-1.81296,50.92756],[-1.81301,50.92762],[-1.81294,50.92778],[-1.8131,50.92784],[-1.81325,50.92782],[-1.81333,50.92767],[-1.8136,50.92757],[-1.81368,50.92747],[-1.81355,50.92735],[-1.81356,50.92725],[-1.81368,50.92715],[-1.81393,50.92705],[-1.81409,50.9272],[-1.81431,50.92723],[-1.81437,50.92712],[-1.81457,50.927],[-1.815,50.92689],[-1.81511,50.92693],[-1.81528,50.9271],[-1.81541,50.92712],[-1.8157,50.92699],[-1.81591,50.92712],[-1.816,50.92709],[-1.81624,50.9271],[-1.81642,50.92719],[-1.81663,50.92713],[-1.81689,50.92701],[-1.81702,50.92703],[-1.81712,50.92712],[-1.81727,50.92717],[-1.8176,50.92712],[-1.81768,50.92701],[-1.81776,50.92682],[-1.818,50.92674],[-1.81817,50.92675],[-1.81853,50.92686],[-1.81877,50.92671],[-1.81905,50.92672],[-1.81928,50.9266],[-1.81984,50.92656],[-1.81995,50.92651],[-1.82007,50.92659],[-1.82019,50.92649],[-1.8205,50.92632],[-1.82075,50.9263],[-1.82088,50.92632],[-1.82113,50.92642],[-1.82134,50.92646],[-1.82202,50.92651],[-1.82239,50.92659],[-1.82251,50.9269],[-1.82265,50.92693],[-1.82276,50.92688],[-1.82278,50.92673],[-1.82291,50.92664],[-1.82302,50.92663],[-1.82314,50.92672],[-1.82304,50.92686],[-1.82311,50.92694],[-1.82331,50.92696],[-1.82344,50.92678],[-1.8236,50.92676],[-1.82375,50.9268],[-1.82402,50.92704],[-1.82414,50.9271],[-1.82439,50.92712],[-1.8246,50.92705],[-1.82461,50.92694],[-1.8248,50.92683],[-1.82529,50.92679],[-1.82543,50.92681],[-1.82571,50.92694],[-1.8259,50.92686],[-1.8263,50.92687],[-1.82666,50.92706],[-1.82677,50.9271],[-1.8273,50.92711],[-1.82735,50.92717],[-1.82712,50.92738],[-1.82711,50.92744],[-1.82734,50.92753],[-1.82767,50.9275],[-1.82827,50.92777],[-1.82849,50.92761],[-1.82873,50.92753],[-1.82899,50.9275],[-1.82916,50.92752],[-1.82933,50.9276],[-1.82946,50.92762],[-1.82974,50.92757],[-1.82986,50.92761],[-1.83001,50.92778],[-1.83019,50.92789],[-1.831,50.92806],[-1.83118,50.92816],[-1.83123,50.92829],[-1.83119,50.92839],[-1.83131,50.92847],[-1.83156,50.92857],[-1.83161,50.92876],[-1.83183,50.92884],[-1.83228,50.92894],[-1.83262,50.9292],[-1.83296,50.92926],[-1.83362,50.92931],[-1.83445,50.92935],[-1.83495,50.92949],[-1.83534,50.92955],[-1.83545,50.92971],[-1.83529,50.92985],[-1.83528,50.92999],[-1.83539,50.93006],[-1.83575,50.93006],[-1.83606,50.93013],[-1.8365,50.93029],[-1.83715,50.93047],[-1.83774,50.93054],[-1.83804,50.93073],[-1.8382,50.93076],[-1.83843,50.93073],[-1.83875,50.9308],[-1.83898,50.93091],[-1.83939,50.93131],[-1.83959,50.93148],[-1.83969,50.93152],[-1.83994,50.93153],[-1.84004,50.93175],[-1.84018,50.93187],[-1.84044,50.93186],[-1.84072,50.93158],[-1.84087,50.93168],[-1.8411,50.93167],[-1.84134,50.9316],[-1.8415,50.93162],[-1.84171,50.93169],[-1.84201,50.93162],[-1.84229,50.93142],[-1.84232,50.93122],[-1.84266,50.93096],[-1.84294,50.931],[-1.84307,50.93096],[-1.84333,50.93094],[-1.84373,50.93077],[-1.84395,50.93077],[-1.84414,50.93073],[-1.84411,50.93059],[-1.84441,50.93048],[-1.84457,50.93034],[-1.84497,50.93019],[-1.84535,50.93011],[-1.84555,50.93018],[-1.84567,50.93027],[-1.84605,50.93028],[-1.84655,50.92989],[-1.84648,50.92975],[-1.84661,50.9297],[-1.84659,50.92956],[-1.84696,50.92959],[-1.8471,50.92966],[-1.8472,50.92965],[-1.84728,50.92953],[-1.84744,50.92952],[-1.84786,50.92955],[-1.84807,50.92933],[-1.84816,50.92929],[-1.84868,50.92924],[-1.8489,50.92926],[-1.84919,50.92915],[-1.84933,50.92914],[-1.84963,50.92918],[-1.84983,50.92911],[-1.85009,50.92905],[-1.85024,50.92893],[-1.85049,50.92892],[-1.85072,50.92885],[-1.85092,50.92886],[-1.85122,50.92876],[-1.8514,50.92855],[-1.85172,50.92831],[-1.85203,50.92819],[-1.85225,50.92828],[-1.85236,50.92821],[-1.85258,50.92822],[-1.85266,50.92806],[-1.85277,50.92802],[-1.85292,50.92806],[-1.85309,50.92798],[-1.85323,50.92781],[-1.85364,50.92775],[-1.85378,50.92767],[-1.85382,50.92754],[-1.85415,50.92753],[-1.85428,50.92744],[-1.85433,50.92728],[-1.85463,50.9272],[-1.85472,50.92707],[-1.85492,50.92708],[-1.85516,50.92691],[-1.85533,50.92686],[-1.85549,50.9267],[-1.85574,50.9266],[-1.85596,50.92646],[-1.85581,50.92638],[-1.85586,50.92631],[-1.85581,50.92612],[-1.85604,50.92611],[-1.85602,50.92592],[-1.85614,50.92586],[-1.85639,50.92583],[-1.85648,50.92568],[-1.85615,50.92565],[-1.85593,50.92549],[-1.85601,50.9254],[-1.85594,50.92533],[-1.85589,50.92514],[-1.85575,50.92498],[-1.8558,50.92492],[-1.85615,50.9248],[-1.85619,50.92459],[-1.85625,50.92445],[-1.85642,50.92438],[-1.85644,50.92426],[-1.85654,50.92417],[-1.85696,50.92395],[-1.8569,50.92388],[-1.85696,50.92381],[-1.85695,50.92368],[-1.85713,50.92366],[-1.85726,50.92338],[-1.85745,50.92328],[-1.85745,50.92317],[-1.85762,50.92311],[-1.85781,50.92286],[-1.85802,50.92284],[-1.85816,50.92289],[-1.8583,50.92277],[-1.85857,50.9226],[-1.85875,50.92245],[-1.85909,50.92237],[-1.85924,50.92225],[-1.85922,50.92214],[-1.85927,50.92195],[-1.85943,50.92179],[-1.85979,50.92155],[-1.85985,50.92136],[-1.86006,50.92126],[-1.86025,50.92127],[-1.86041,50.92134],[-1.86055,50.92121],[-1.86094,50.92113],[-1.86105,50.92091],[-1.86099,50.92072],[-1.86116,50.9206],[-1.86129,50.92059],[-1.86147,50.92065],[-1.86161,50.92058],[-1.86168,50.92047],[-1.862,50.92035],[-1.8625,50.9199],[-1.86272,50.91979],[-1.86331,50.91953],[-1.86349,50.91939],[-1.8638,50.9193],[-1.86449,50.91899],[-1.86463,50.91892],[-1.86751,50.91841],[-1.86944,50.91809],[-1.87058,50.9179],[-1.87189,50.91762],[-1.87364,50.91723],[-1.87379,50.91751],[-1.87367,50.91755],[-1.87373,50.91789],[-1.87398,50.91797],[-1.8743,50.9182],[-1.87441,50.91839],[-1.87458,50.9191],[-1.87479,50.91946],[-1.87501,50.9198],[-1.87521,50.91999],[-1.87565,50.92021],[-1.87578,50.92029],[-1.87612,50.92059],[-1.87644,50.92102],[-1.87664,50.92125],[-1.87695,50.92156],[-1.87721,50.92193],[-1.87748,50.92217],[-1.8776,50.92238],[-1.87771,50.92265],[-1.87777,50.92296],[-1.87796,50.92318],[-1.87825,50.92339],[-1.87862,50.92368],[-1.87891,50.92388],[-1.87923,50.92406],[-1.8788,50.92433],[-1.87924,50.92446],[-1.87959,50.92459],[-1.88018,50.92483],[-1.88038,50.92494],[-1.88046,50.92503],[-1.88066,50.92551],[-1.88088,50.92575],[-1.88107,50.92597],[-1.88129,50.92617],[-1.88158,50.92638],[-1.88202,50.92662],[-1.8826,50.92687],[-1.88318,50.92702],[-1.88369,50.9272],[-1.88406,50.92744],[-1.88472,50.92778],[-1.88536,50.92801],[-1.88585,50.92823],[-1.88609,50.92837],[-1.88649,50.92856],[-1.88689,50.92877],[-1.8875,50.92902],[-1.88803,50.92927],[-1.88842,50.92948],[-1.88906,50.92998],[-1.88927,50.93009],[-1.88967,50.93027],[-1.89045,50.93064],[-1.89255,50.93162],[-1.89273,50.93172],[-1.89306,50.93212],[-1.89341,50.93231],[-1.89378,50.93247],[-1.8943,50.93278],[-1.89469,50.93294],[-1.89486,50.93316],[-1.89507,50.93335],[-1.8954,50.93358],[-1.89595,50.9339],[-1.89614,50.93405],[-1.8969,50.9344],[-1.89713,50.93472],[-1.89756,50.93501],[-1.89774,50.93511],[-1.89805,50.93547],[-1.89851,50.93581],[-1.89878,50.9364],[-1.89877,50.93651],[-1.89868,50.93681],[-1.8987,50.93715],[-1.89877,50.93744],[-1.89904,50.93794],[-1.89897,50.93814],[-1.89909,50.93839],[-1.8997,50.93883],[-1.9,50.93906],[-1.90085,50.93962],[-1.90127,50.93998],[-1.90159,50.9402],[-1.90188,50.94035],[-1.90227,50.94052],[-1.9026,50.94073],[-1.90315,50.94117],[-1.90345,50.94137],[-1.90384,50.94167],[-1.90412,50.94187],[-1.90441,50.94212],[-1.90473,50.94247],[-1.90524,50.94298],[-1.90538,50.94308],[-1.90582,50.94335],[-1.90653,50.94371],[-1.90682,50.94393],[-1.90742,50.94428],[-1.90791,50.94461],[-1.90831,50.94481],[-1.90907,50.94529],[-1.90918,50.94533],[-1.90931,50.9457],[-1.90946,50.94584],[-1.90967,50.94615],[-1.90982,50.94644],[-1.90989,50.94685],[-1.90995,50.94739],[-1.91009,50.9479],[-1.91027,50.9484],[-1.91032,50.94863],[-1.91058,50.94922],[-1.91102,50.94964],[-1.91129,50.94986],[-1.91186,50.9504],[-1.91195,50.95056],[-1.91215,50.95071],[-1.91239,50.95093],[-1.91244,50.95102],[-1.91252,50.95138],[-1.91251,50.95164],[-1.91245,50.952],[-1.91246,50.95214],[-1.91262,50.95229],[-1.91289,50.95239],[-1.91343,50.95253],[-1.91403,50.95267],[-1.9151,50.95279],[-1.91526,50.95283],[-1.91558,50.95298],[-1.91588,50.953],[-1.91611,50.95313],[-1.91635,50.95346],[-1.91689,50.95414],[-1.9174,50.95481],[-1.91769,50.95526],[-1.91784,50.95544],[-1.91813,50.95573],[-1.91853,50.9561],[-1.91874,50.95637],[-1.91912,50.95715],[-1.91944,50.95765],[-1.91967,50.95809],[-1.91976,50.95841],[-1.91977,50.95904],[-1.91982,50.95921],[-1.92003,50.9595],[-1.9203,50.96013],[-1.92075,50.9608],[-1.92077,50.9609],[-1.92071,50.96116],[-1.92072,50.96125],[-1.92084,50.96141],[-1.92099,50.9615],[-1.92151,50.96171],[-1.92239,50.96199],[-1.9229,50.96218],[-1.9231,50.96227],[-1.92374,50.96266],[-1.92426,50.96281],[-1.92479,50.96286],[-1.92526,50.96293],[-1.92675,50.96342],[-1.92718,50.9636],[-1.92753,50.964],[-1.92796,50.96443],[-1.92834,50.9649],[-1.92851,50.96523],[-1.9286,50.96561],[-1.92865,50.96618],[-1.92872,50.96636],[-1.92913,50.967],[-1.92965,50.96764],[-1.92989,50.9678],[-1.9312,50.96814],[-1.93171,50.96825],[-1.93204,50.96831],[-1.93285,50.9684],[-1.93329,50.9685],[-1.93349,50.96856],[-1.93402,50.96882],[-1.93432,50.96895],[-1.93486,50.96909],[-1.93554,50.96918],[-1.93582,50.96919],[-1.93616,50.96918],[-1.93656,50.96919],[-1.93706,50.96926],[-1.93722,50.9693],[-1.93762,50.96947],[-1.93821,50.96951],[-1.93912,50.96961],[-1.93922,50.96966],[-1.93939,50.96983],[-1.93961,50.97017],[-1.94016,50.97067],[-1.94036,50.9709],[-1.94083,50.97141],[-1.94126,50.97183],[-1.94145,50.97212],[-1.94158,50.9724],[-1.9416,50.97263],[-1.94168,50.97291],[-1.94208,50.97336],[-1.94229,50.97358],[-1.94294,50.97397],[-1.94311,50.97407],[-1.94338,50.97428],[-1.9435,50.97443],[-1.94369,50.9747],[-1.94392,50.97495],[-1.94424,50.97537],[-1.94439,50.97549],[-1.94483,50.97575],[-1.94504,50.97584],[-1.94636,50.97607],[-1.94724,50.97624],[-1.94749,50.97632],[-1.94813,50.97648],[-1.94838,50.97658],[-1.94902,50.97703],[-1.94962,50.97743],[-1.95059,50.97803],[-1.95097,50.9782],[-1.95135,50.9783],[-1.95252,50.97858],[-1.9529,50.9786],[-1.95311,50.97858],[-1.95365,50.97844],[-1.95403,50.97836],[-1.95473,50.97812],[-1.95511,50.97809],[-1.95547,50.97827],[-1.95551,50.97855],[-1.95571,50.9794],[-1.95576,50.97976],[-1.9559,50.98029],[-1.95604,50.98052],[-1.95649,50.98121],[-1.95675,50.98156],[-1.95673,50.98165],[-1.95687,50.98196],[-1.95701,50.98234],[-1.95722,50.9832],[-1.95727,50.98373],[-1.95715,50.98423],[-1.95707,50.98466],[-1.95701,50.98526],[-1.95717,50.98618],[-1.95718,50.98661],[-1.95723,50.98716],[-1.95724,50.98744],[-1.95721,50.98771],[-1.95712,50.98821],[-1.9571,50.98844],[-1.95699,50.98899],[-1.95697,50.98923],[-1.95691,50.98954],[-1.95682,50.98983],[-1.95712,50.98995],[-1.9579,50.99033],[-1.95803,50.9904],[-1.95862,50.99064],[-1.95896,50.99072],[-1.95962,50.99091],[-1.96023,50.99107],[-1.96135,50.9914],[-1.96232,50.99175],[-1.96264,50.99185],[-1.96318,50.99199],[-1.96334,50.99202],[-1.96438,50.99203],[-1.96521,50.99205],[-1.96536,50.99204],[-1.96651,50.99145],[-1.96704,50.99114],[-1.9675,50.99091],[-1.96777,50.99071],[-1.96806,50.99057],[-1.96856,50.99041],[-1.96921,50.99015],[-1.96951,50.99007],[-1.97063,50.98984],[-1.97199,50.98952],[-1.97205,50.98942],[-1.97223,50.98897],[-1.9723,50.9887],[-1.97242,50.98847],[-1.97257,50.98801],[-1.97268,50.98791],[-1.97286,50.98765],[-1.97298,50.98753],[-1.97316,50.98743],[-1.97339,50.98735],[-1.97382,50.9873],[-1.97429,50.98719],[-1.97466,50.98714],[-1.97525,50.98691],[-1.9758,50.98659],[-1.97622,50.98639],[-1.97639,50.98628],[-1.97688,50.98609],[-1.97706,50.98598],[-1.97729,50.98581],[-1.97748,50.98574],[-1.97809,50.98566],[-1.97846,50.98553],[-1.97869,50.9855],[-1.97906,50.98556],[-1.97938,50.98558],[-1.97966,50.98553],[-1.97984,50.98547],[-1.9801,50.9853],[-1.98025,50.98502],[-1.98042,50.98492],[-1.98073,50.98485],[-1.98098,50.98488],[-1.98156,50.98488],[-1.98169,50.98487],[-1.982,50.98473],[-1.98233,50.98462],[-1.98267,50.9846],[-1.98294,50.98456],[-1.98327,50.98446],[-1.98354,50.98443],[-1.98369,50.98452],[-1.98395,50.98462],[-1.98415,50.98463],[-1.98463,50.98477],[-1.98495,50.98479],[-1.98521,50.98476],[-1.9853,50.9847],[-1.98551,50.98451],[-1.98595,50.98418],[-1.98608,50.98397],[-1.98608,50.98376],[-1.98591,50.98338],[-1.98588,50.98327],[-1.98626,50.98301],[-1.98654,50.98288],[-1.98677,50.9826],[-1.9869,50.98238],[-1.98715,50.98228],[-1.98762,50.98225],[-1.98794,50.9822],[-1.98811,50.98213],[-1.98837,50.98197],[-1.98857,50.98193],[-1.98894,50.98195],[-1.98907,50.98191],[-1.98938,50.98173],[-1.98979,50.98156],[-1.99,50.98109],[-1.9901,50.98092],[-1.99008,50.98088],[-1.98962,50.98051],[-1.98957,50.98031],[-1.98957,50.98006],[-1.98952,50.97976],[-1.98938,50.97947],[-1.98926,50.97931],[-1.98915,50.97898],[-1.98923,50.97886],[-1.9894,50.97877],[-1.99008,50.97865],[-1.99028,50.9785],[-1.99057,50.97809],[-1.99084,50.97772],[-1.99101,50.97739],[-1.99113,50.97722],[-1.99133,50.97709],[-1.99173,50.97697],[-1.99211,50.97691],[-1.99225,50.97686],[-1.9927,50.97651],[-1.99279,50.97627],[-1.99285,50.97616],[-1.99299,50.97606],[-1.9935,50.97587],[-1.99404,50.97573],[-1.99435,50.97568],[-1.99514,50.97568],[-1.99553,50.97564],[-1.99603,50.97543],[-1.99616,50.9754],[-1.99661,50.97546],[-1.99695,50.97544],[-1.99782,50.97533],[-1.99805,50.97528],[-1.99874,50.9753],[-1.99905,50.97527],[-1.99958,50.97513],[-1.99995,50.97499],[-2.00019,50.97488],[-2.00044,50.97481],[-2.00137,50.97472],[-2.00202,50.97484],[-2.00259,50.97485],[-2.00285,50.97482],[-2.00365,50.97463],[-2.00381,50.97451],[-2.00437,50.97452],[-2.00459,50.97454],[-2.00498,50.97463],[-2.00544,50.97481],[-2.00619,50.97518],[-2.00649,50.97531],[-2.00677,50.9754],[-2.00716,50.97545],[-2.00778,50.97538],[-2.00946,50.97529],[-2.00972,50.97526],[-2.01012,50.97518],[-2.01035,50.97507],[-2.0105,50.97497],[-2.01065,50.97479],[-2.01075,50.97473],[-2.01116,50.97461],[-2.01179,50.97447],[-2.01226,50.97418],[-2.01234,50.97415],[-2.01336,50.97398],[-2.01395,50.97391],[-2.01416,50.97379],[-2.0144,50.97353],[-2.01471,50.97332],[-2.01487,50.97315],[-2.01538,50.97292],[-2.01602,50.97279],[-2.01654,50.97248],[-2.01731,50.97217],[-2.01747,50.97216],[-2.01801,50.97224],[-2.01861,50.97229],[-2.01887,50.97227],[-2.01925,50.97228],[-2.01987,50.97222],[-2.02022,50.97222],[-2.02072,50.97232],[-2.02112,50.97243],[-2.0214,50.97245],[-2.02182,50.97261],[-2.02201,50.97262],[-2.02253,50.97259],[-2.02304,50.97249],[-2.02351,50.97252],[-2.02413,50.97247],[-2.02431,50.97236],[-2.02462,50.97227],[-2.02511,50.97223],[-2.02583,50.97214],[-2.02619,50.97193],[-2.0267,50.97179],[-2.02698,50.97164],[-2.0277,50.97133],[-2.02789,50.97132],[-2.02805,50.97127],[-2.02857,50.97126],[-2.02897,50.97118],[-2.02921,50.97122],[-2.0298,50.97141],[-2.03002,50.97142],[-2.0307,50.97157],[-2.03187,50.97169],[-2.03208,50.97175],[-2.03285,50.97185],[-2.03296,50.97188],[-2.03325,50.97205],[-2.03403,50.97232],[-2.03445,50.97243],[-2.03483,50.97237],[-2.03506,50.97229],[-2.03522,50.97229],[-2.0364,50.9722],[-2.03656,50.97218],[-2.03721,50.97197],[-2.0375,50.97184],[-2.03794,50.97157],[-2.03827,50.97145],[-2.03841,50.97131],[-2.03849,50.97084],[-2.03868,50.97062],[-2.03887,50.9705],[-2.03907,50.97027],[-2.03931,50.9701],[-2.03949,50.97002],[-2.03984,50.96973],[-2.03992,50.96964],[-2.04005,50.96907],[-2.04011,50.96897],[-2.04041,50.96873],[-2.04055,50.96845],[-2.04082,50.96828],[-2.04122,50.96807],[-2.04163,50.96796],[-2.04208,50.96786],[-2.04253,50.96787],[-2.0428,50.96784],[-2.04394,50.96749],[-2.04471,50.96731],[-2.04516,50.96722],[-2.04555,50.96717],[-2.04633,50.96711],[-2.04733,50.96693],[-2.04762,50.96687],[-2.04822,50.96682],[-2.04886,50.96673],[-2.04917,50.96663],[-2.04961,50.96654],[-2.05026,50.96643],[-2.05085,50.96621],[-2.05108,50.96615],[-2.05126,50.96615],[-2.05146,50.96626],[-2.05156,50.96636],[-2.05219,50.96622],[-2.05236,50.96621],[-2.0532,50.96625],[-2.05335,50.96622],[-2.05369,50.96601],[-2.05379,50.96598],[-2.05453,50.96583],[-2.05464,50.96576],[-2.05468,50.96564],[-2.05483,50.96556],[-2.05527,50.96525],[-2.05543,50.96509],[-2.05574,50.96485],[-2.05668,50.96427],[-2.05721,50.96404],[-2.05783,50.96382],[-2.05814,50.96374],[-2.05833,50.96364],[-2.05906,50.96307],[-2.05934,50.9629],[-2.0594,50.96281],[-2.0592,50.96259],[-2.0589,50.96209],[-2.0587,50.96184],[-2.05843,50.96134],[-2.05838,50.96115],[-2.05853,50.96074],[-2.05873,50.96048],[-2.05904,50.96023],[-2.05932,50.95979],[-2.05963,50.95986],[-2.06002,50.9599],[-2.0604,50.95983],[-2.06075,50.95971],[-2.06091,50.95971],[-2.06161,50.95987],[-2.06211,50.96004],[-2.06232,50.95993],[-2.06247,50.95975],[-2.06248,50.95964],[-2.06246,50.9592],[-2.06261,50.95895],[-2.0628,50.95871],[-2.06304,50.95847],[-2.0636,50.95787],[-2.0642,50.95728],[-2.06427,50.95719],[-2.0643,50.95704],[-2.06424,50.95642],[-2.06426,50.95623],[-2.06427,50.95565],[-2.06435,50.95529],[-2.06446,50.95492],[-2.06456,50.95472],[-2.06486,50.95396],[-2.06522,50.95373],[-2.06575,50.95323],[-2.06618,50.95281],[-2.06645,50.95252],[-2.06699,50.952],[-2.06709,50.95199],[-2.06728,50.95182],[-2.06751,50.9519],[-2.06831,50.95119],[-2.06929,50.9512],[-2.06962,50.95118],[-2.07015,50.95119],[-2.07254,50.95133],[-2.07349,50.95135],[-2.07398,50.95133],[-2.07432,50.95136],[-2.07512,50.95129],[-2.07682,50.95129],[-2.07748,50.95132],[-2.07835,50.95135],[-2.07878,50.95138],[-2.07995,50.95143],[-2.08115,50.95133],[-2.08217,50.95137],[-2.08276,50.95135],[-2.08328,50.95125],[-2.08356,50.95116],[-2.08388,50.95097],[-2.08396,50.95088],[-2.08419,50.95052],[-2.08437,50.95022],[-2.08501,50.94949],[-2.08527,50.94925],[-2.08543,50.94922],[-2.08619,50.94956],[-2.08653,50.94965],[-2.08686,50.94976],[-2.08718,50.9499],[-2.08737,50.94995],[-2.08801,50.95006],[-2.08861,50.95019],[-2.08887,50.9502],[-2.08922,50.95016],[-2.08953,50.95008],[-2.08983,50.94999],[-2.09042,50.94968],[-2.09092,50.94951],[-2.09153,50.94941],[-2.09196,50.94932],[-2.09242,50.94921],[-2.09287,50.94912],[-2.09369,50.94902],[-2.09398,50.94906],[-2.09414,50.94914],[-2.09447,50.94892],[-2.09543,50.94833],[-2.09604,50.94792],[-2.096,50.94787],[-2.0963,50.94768],[-2.09674,50.94746],[-2.09724,50.94716],[-2.09734,50.94718],[-2.09753,50.94705],[-2.09813,50.94666],[-2.09864,50.94632],[-2.0991,50.94602],[-2.10023,50.94527],[-2.10025,50.94507],[-2.10108,50.94511],[-2.10139,50.9451],[-2.10163,50.94498],[-2.10179,50.94499],[-2.10286,50.94561],[-2.10267,50.94631],[-2.10265,50.94657],[-2.10287,50.94695],[-2.10306,50.94739],[-2.1032,50.94765],[-2.10313,50.94768],[-2.10345,50.9482],[-2.10366,50.94848],[-2.10379,50.94869],[-2.10401,50.94895],[-2.10517,50.9497],[-2.10556,50.95001],[-2.10567,50.95014],[-2.10603,50.95064],[-2.10653,50.95136],[-2.10678,50.95163],[-2.10698,50.95188],[-2.10721,50.95212],[-2.10748,50.95236],[-2.10765,50.95255],[-2.10836,50.95315],[-2.10865,50.95346],[-2.10889,50.95383],[-2.10921,50.9541],[-2.10955,50.95434],[-2.10969,50.95448],[-2.10992,50.95479],[-2.11014,50.95504],[-2.11052,50.95549],[-2.11104,50.95592],[-2.11118,50.95602],[-2.11209,50.95638],[-2.11246,50.95657],[-2.11262,50.95662],[-2.1132,50.95672],[-2.11369,50.95687],[-2.11458,50.95718],[-2.11496,50.95725],[-2.11517,50.95731],[-2.11564,50.9575],[-2.11607,50.95772],[-2.11647,50.95796],[-2.11703,50.95838],[-2.11722,50.95857],[-2.11719,50.95862],[-2.11785,50.95887],[-2.11822,50.95903],[-2.11894,50.9593],[-2.11929,50.95947],[-2.11946,50.95968],[-2.11983,50.96022],[-2.11998,50.96046],[-2.12067,50.96154],[-2.12077,50.96178],[-2.1209,50.96224],[-2.12103,50.96276],[-2.1212,50.96331],[-2.12152,50.96402],[-2.1215,50.96451],[-2.12151,50.96504],[-2.12126,50.96515],[-2.12121,50.96527],[-2.12119,50.96553],[-2.12114,50.96569],[-2.12088,50.96572],[-2.12084,50.96685],[-2.12091,50.96761],[-2.12085,50.96793],[-2.12086,50.96835],[-2.12085,50.96855],[-2.12065,50.96941],[-2.12084,50.96944],[-2.12172,50.96946],[-2.12316,50.96947],[-2.12311,50.97023],[-2.12302,50.97054],[-2.12297,50.97163],[-2.12297,50.97187],[-2.12288,50.97263],[-2.12282,50.97287],[-2.12259,50.97347],[-2.12245,50.97376],[-2.12225,50.97408],[-2.12185,50.97466],[-2.12165,50.97492],[-2.12141,50.97519],[-2.12123,50.97535],[-2.12104,50.9756],[-2.12093,50.97587],[-2.12074,50.97617],[-2.12047,50.97672],[-2.12017,50.97737],[-2.12003,50.97762],[-2.11976,50.97819],[-2.12035,50.9782],[-2.12083,50.97817],[-2.12197,50.97817],[-2.12198,50.97828],[-2.12209,50.97849],[-2.12234,50.9786],[-2.12398,50.97858],[-2.1246,50.97858],[-2.12539,50.9786],[-2.12646,50.97869],[-2.12685,50.97874],[-2.12813,50.97896],[-2.12974,50.97927],[-2.13123,50.97964],[-2.13169,50.97977],[-2.13246,50.98004],[-2.13353,50.98044],[-2.13534,50.98109],[-2.13592,50.98131],[-2.13825,50.98224],[-2.1384,50.98229],[-2.13946,50.98277],[-2.14005,50.98305],[-2.14338,50.98486],[-2.14358,50.98497],[-2.14467,50.98527],[-2.14626,50.98567],[-2.14713,50.9859],[-2.14745,50.98601],[-2.14815,50.98628],[-2.149,50.98667],[-2.14961,50.98707],[-2.15067,50.98774],[-2.15173,50.98845],[-2.15234,50.98879],[-2.1524,50.98895],[-2.15252,50.98916],[-2.15308,50.98938],[-2.15362,50.98963],[-2.15379,50.98969],[-2.15438,50.98998],[-2.15503,50.99033],[-2.1552,50.99041],[-2.15628,50.99096],[-2.1563,50.99102],[-2.15655,50.99114],[-2.15742,50.99165],[-2.15787,50.9919],[-2.15904,50.9925],[-2.15964,50.99278],[-2.16014,50.99298],[-2.16079,50.99321],[-2.1612,50.99334],[-2.16154,50.99342],[-2.16184,50.99348],[-2.16167,50.99385],[-2.16153,50.99413],[-2.16204,50.99418],[-2.16254,50.99424],[-2.1628,50.99429],[-2.16361,50.99441],[-2.16355,50.99449],[-2.16351,50.99491],[-2.16352,50.99529],[-2.1636,50.9959],[-2.16358,50.99617],[-2.16444,50.99609],[-2.16494,50.99654],[-2.16581,50.99716],[-2.16614,50.99744],[-2.16671,50.99782],[-2.16708,50.99808],[-2.16751,50.99849],[-2.168,50.99898],[-2.1683,50.99926],[-2.16886,51],[-2.16931,51.00066],[-2.17011,51.0008],[-2.17077,51.00088],[-2.1718,51.001],[-2.17257,51.00107],[-2.17265,51.0015],[-2.17272,51.00178],[-2.17282,51.00197],[-2.17306,51.00226],[-2.1734,51.00262],[-2.17382,51.00299],[-2.17438,51.00344],[-2.17473,51.00385],[-2.17523,51.00439],[-2.17555,51.00468],[-2.17543,51.00476],[-2.17542,51.00487],[-2.17569,51.00515],[-2.17581,51.00534],[-2.17599,51.00533],[-2.17609,51.0054],[-2.17621,51.00559],[-2.17626,51.00584],[-2.17626,51.00612],[-2.17633,51.00631],[-2.17629,51.00643],[-2.17641,51.00666],[-2.17707,51.0073],[-2.17734,51.00761],[-2.17749,51.00776],[-2.17794,51.00811],[-2.1781,51.00826],[-2.17807,51.0084],[-2.17777,51.00897],[-2.17721,51.00993],[-2.17692,51.01048],[-2.17632,51.01152],[-2.17628,51.01169],[-2.17632,51.01225],[-2.17639,51.01282],[-2.17676,51.01301],[-2.17741,51.01338],[-2.17876,51.01413],[-2.17895,51.01419],[-2.18013,51.01433],[-2.18044,51.01441],[-2.18159,51.01472],[-2.18158,51.01477],[-2.18199,51.0149],[-2.18266,51.01513],[-2.183,51.01526],[-2.18364,51.01534],[-2.18408,51.01548],[-2.18518,51.01578],[-2.18512,51.01587],[-2.18446,51.01651],[-2.18411,51.01699],[-2.18395,51.01724],[-2.18373,51.01766],[-2.18598,51.01813],[-2.18599,51.01815],[-2.18707,51.01837],[-2.1878,51.01849],[-2.18819,51.01853],[-2.1886,51.01853],[-2.18869,51.01904],[-2.18874,51.01975],[-2.18874,51.02024],[-2.18876,51.02045],[-2.18879,51.02121],[-2.18873,51.02194],[-2.1887,51.02224],[-2.18863,51.02328],[-2.18871,51.02396],[-2.18871,51.02416],[-2.18866,51.02441],[-2.18866,51.02482],[-2.18871,51.02498],[-2.18884,51.02527],[-2.18907,51.02525],[-2.18914,51.02539],[-2.18947,51.02577],[-2.18999,51.02643],[-2.19014,51.02655],[-2.19007,51.02662],[-2.1902,51.02687],[-2.19029,51.02712],[-2.19032,51.0274],[-2.19033,51.028],[-2.19032,51.02836],[-2.19026,51.02857],[-2.1901,51.02884],[-2.18992,51.02906],[-2.18972,51.02921],[-2.18947,51.02937],[-2.18934,51.0295],[-2.18928,51.02964],[-2.18921,51.03004],[-2.18918,51.03052],[-2.18923,51.03066],[-2.18938,51.03087],[-2.18958,51.03108],[-2.18991,51.03155],[-2.19001,51.03164],[-2.19017,51.0317],[-2.1902,51.03177],[-2.19037,51.03191],[-2.19055,51.03212],[-2.19062,51.03225],[-2.19066,51.03245],[-2.19074,51.03299],[-2.19082,51.03326],[-2.19122,51.03383],[-2.19134,51.0342],[-2.19161,51.03496],[-2.19163,51.03513],[-2.19181,51.03565],[-2.19199,51.03596],[-2.192,51.03625],[-2.19219,51.03652],[-2.19241,51.03687],[-2.19265,51.03709],[-2.19284,51.03733],[-2.19321,51.03771],[-2.1937,51.03816],[-2.19409,51.03839],[-2.19442,51.03865],[-2.19472,51.03885],[-2.19502,51.03918],[-2.19497,51.03927],[-2.19513,51.03962],[-2.19534,51.03976],[-2.19587,51.03997],[-2.19605,51.04003],[-2.19625,51.04012],[-2.19642,51.0403],[-2.19672,51.04052],[-2.19704,51.04069],[-2.19723,51.04087],[-2.1975,51.04105],[-2.19787,51.04132],[-2.19812,51.04165],[-2.19844,51.04176],[-2.199,51.04197],[-2.19933,51.04217],[-2.19953,51.04221],[-2.20007,51.04237],[-2.2006,51.04252],[-2.20081,51.04256],[-2.20153,51.04277],[-2.20141,51.04292],[-2.20139,51.04306],[-2.20146,51.0431],[-2.20143,51.04325],[-2.20219,51.04318],[-2.20294,51.04301],[-2.20347,51.04293],[-2.20466,51.04269],[-2.20488,51.04267],[-2.20507,51.04269],[-2.20532,51.04279],[-2.20559,51.0431],[-2.20579,51.0434],[-2.20596,51.04372],[-2.20604,51.04383],[-2.20616,51.0439],[-2.20623,51.044],[-2.20624,51.04431],[-2.20637,51.0447],[-2.20656,51.04503],[-2.20703,51.0455],[-2.20714,51.04573],[-2.20722,51.04581],[-2.20744,51.04591],[-2.20781,51.04619],[-2.20823,51.04642],[-2.20852,51.04652],[-2.20896,51.04672],[-2.20927,51.0468],[-2.2097,51.04683],[-2.21013,51.04689],[-2.21029,51.04703],[-2.2105,51.04711],[-2.21075,51.04733],[-2.21108,51.04772],[-2.21124,51.04798],[-2.21155,51.04838],[-2.2118,51.04875],[-2.21199,51.04907],[-2.21215,51.04956],[-2.21224,51.04972],[-2.21245,51.04999],[-2.21244,51.05011],[-2.21286,51.05039],[-2.21316,51.05072],[-2.21335,51.05085],[-2.2138,51.05094],[-2.21406,51.05114],[-2.21446,51.05133],[-2.21511,51.05174],[-2.21537,51.05199],[-2.21557,51.05237],[-2.21596,51.05273],[-2.21633,51.053],[-2.21671,51.0534],[-2.21697,51.05352],[-2.21765,51.05435],[-2.21783,51.05468],[-2.21797,51.05504],[-2.21799,51.05518],[-2.21852,51.05536],[-2.21957,51.05566],[-2.22033,51.05585],[-2.22125,51.05611],[-2.22199,51.05626],[-2.22258,51.0564],[-2.22299,51.05648],[-2.22327,51.05656],[-2.22365,51.05672],[-2.22429,51.05704],[-2.22451,51.05712],[-2.2253,51.05734],[-2.22556,51.05745],[-2.22581,51.05758],[-2.22615,51.05782],[-2.22649,51.05816],[-2.22672,51.05843],[-2.22689,51.05869],[-2.2271,51.05897],[-2.22724,51.05924],[-2.22736,51.05965],[-2.22746,51.05991],[-2.22766,51.0602],[-2.22791,51.06039],[-2.22889,51.06079],[-2.22946,51.0612],[-2.22998,51.06156],[-2.23041,51.06183],[-2.23072,51.06206],[-2.23102,51.06232],[-2.23143,51.0626],[-2.23199,51.06302],[-2.2322,51.0632],[-2.23249,51.06341],[-2.23295,51.06371],[-2.23402,51.06443],[-2.23481,51.06503],[-2.23522,51.06533],[-2.23529,51.0653],[-2.23549,51.06545],[-2.23575,51.06568],[-2.23616,51.06596],[-2.23629,51.06614],[-2.23652,51.06637],[-2.23684,51.06673],[-2.23724,51.06696],[-2.23776,51.06715],[-2.2379,51.06722],[-2.23811,51.06742],[-2.23852,51.06766],[-2.23883,51.06787],[-2.23877,51.06804],[-2.23887,51.0682],[-2.23897,51.06828],[-2.23901,51.06856],[-2.23898,51.06865],[-2.23953,51.06919],[-2.23955,51.06936],[-2.23965,51.06951],[-2.23992,51.0697],[-2.24017,51.06991],[-2.24102,51.07036],[-2.24128,51.07052],[-2.24158,51.07072],[-2.24168,51.07082],[-2.24194,51.07095],[-2.24227,51.07118],[-2.24257,51.07129],[-2.24309,51.07155],[-2.24337,51.07171],[-2.24352,51.07164],[-2.24396,51.07193],[-2.24433,51.07211],[-2.24451,51.07213],[-2.24469,51.07231],[-2.24504,51.0723],[-2.2453,51.07221],[-2.24619,51.07224],[-2.24675,51.07225],[-2.24754,51.07223],[-2.24775,51.07218],[-2.24827,51.07203],[-2.24886,51.07178],[-2.24933,51.07157],[-2.24969,51.07145],[-2.25034,51.07107],[-2.25059,51.07098],[-2.25131,51.07084],[-2.25208,51.07086],[-2.25281,51.07078],[-2.25343,51.07069],[-2.25354,51.07064],[-2.25439,51.07054],[-2.25506,51.07044],[-2.25648,51.07025],[-2.25775,51.07006],[-2.25849,51.06997],[-2.25989,51.06976],[-2.2625,51.06939],[-2.2632,51.06932],[-2.26383,51.06924],[-2.26399,51.06928],[-2.26473,51.06919],[-2.26557,51.06918],[-2.26571,51.06917],[-2.26599,51.06909],[-2.26659,51.06906],[-2.26677,51.069],[-2.26695,51.06904],[-2.26731,51.06908],[-2.26748,51.06902],[-2.2676,51.06879],[-2.26807,51.06873],[-2.26838,51.06875],[-2.26862,51.06874],[-2.26893,51.06886],[-2.26909,51.06889],[-2.26957,51.06916],[-2.27003,51.06939],[-2.2707,51.06967],[-2.27099,51.06984],[-2.27162,51.07015],[-2.27175,51.07014],[-2.27219,51.07027],[-2.27245,51.07038],[-2.27249,51.07046],[-2.27349,51.07088],[-2.27414,51.07115],[-2.27565,51.07183],[-2.27666,51.07226],[-2.27759,51.07265],[-2.27795,51.07283],[-2.27887,51.07325],[-2.28036,51.07392],[-2.28098,51.0742],[-2.2819,51.07458],[-2.2824,51.07483],[-2.28311,51.07515],[-2.2836,51.07531],[-2.28391,51.07537],[-2.2849,51.07562],[-2.2854,51.07571],[-2.28838,51.07638],[-2.2896,51.07662],[-2.28995,51.07667],[-2.29105,51.07702],[-2.29127,51.07708],[-2.29172,51.07705],[-2.2927,51.07697],[-2.29326,51.07694],[-2.29417,51.07716],[-2.29451,51.07726],[-2.29544,51.0775],[-2.29656,51.07781],[-2.2977,51.07814],[-2.29822,51.07829],[-2.29826,51.07838],[-2.29868,51.07849],[-2.29874,51.07844],[-2.29904,51.07846],[-2.29956,51.07847],[-2.30021,51.07855],[-2.30055,51.07862],[-2.30072,51.07868],[-2.30105,51.07874],[-2.30137,51.07883],[-2.30144,51.0788],[-2.30237,51.0791],[-2.3027,51.07917],[-2.30335,51.07926],[-2.30387,51.07932],[-2.30441,51.07936],[-2.30505,51.07937],[-2.30559,51.0794],[-2.3062,51.07953],[-2.30643,51.07956],[-2.30666,51.07953],[-2.30732,51.0794],[-2.30799,51.07922],[-2.30826,51.07918],[-2.3086,51.07916],[-2.30899,51.07917],[-2.30941,51.07914],[-2.30965,51.0792],[-2.30993,51.07942],[-2.31006,51.07954],[-2.31025,51.07989],[-2.31035,51.08002],[-2.3103,51.08007],[-2.31051,51.08018],[-2.31088,51.08026],[-2.31124,51.08025],[-2.31165,51.08016],[-2.31197,51.08012],[-2.31228,51.0801],[-2.31267,51.08],[-2.3133,51.07988],[-2.31365,51.07988],[-2.31451,51.07985],[-2.31565,51.07988],[-2.3157,51.08004],[-2.31605,51.07979],[-2.31646,51.07982]]]},"properties":{"Name":"Dorset","Resp_Auth":"Dorset Council"}}
]}